pair,alt,seq,x,y,risk,conflict
DB02_to_DK05#alt0,0,0,2150.0,600.0,0.4076,0.0
DB02_to_DK05#alt0,0,1,2100.0,650.0,0.4346,0.0
DB02_to_DK05#alt0,0,2,2050.0,700.0,0.4346,0.0
DB02_to_DK05#alt0,0,3,2000.0,750.0,0.4346,0.0
DB02_to_DK05#alt0,0,4,1950.0,800.0,0.4076,0.0
DB02_to_DK05#alt0,0,5,1900.0,850.0,0.3784,0.0
DB02_to_DK05#alt0,0,6,1850.0,900.0,0.3679,0.0
DB02_to_DK05#alt0,0,7,1800.0,950.0,0.4346,0.0
DB02_to_DK05#alt0,0,8,1800.0,1000.0,0.4275,0.0
DB02_to_DK05#alt0,0,9,1800.0,1050.0,0.4076,0.0
DB02_to_DK05#alt0,0,10,1800.0,1100.0,0.3784,0.0
DB02_to_DK05#alt0,0,11,1800.0,1150.0,0.3679,0.0
DB02_to_DK05#alt0,0,12,1800.0,1200.0,0.3679,0.0
DB02_to_DK05#alt0,0,13,1750.0,1250.0,0.3784,0.0
DB02_to_DK05#alt0,0,14,1750.0,1300.0,0.344,0.0
DB02_to_DK05#alt0,0,15,1750.0,1350.0,0.3077,0.0
DB02_to_DK05#alt0,0,16,1800.0,1400.0,0.3269,0.0
DB02_to_DK05#alt0,0,17,1800.0,1450.0,0.3006,0.0
DB02_to_DK05#alt0,0,18,1850.0,1500.0,0.3114,0.0
DB02_to_DK05#alt0,0,19,1850.0,1550.0,0.3114,0.0
DB02_to_DK05#alt0,0,20,1900.0,1600.0,0.3628,0.0
DB02_to_DK05#alt0,0,21,1900.0,1650.0,0.3485,0.0
DB02_to_DK05#alt0,0,22,1950.0,1700.0,0.3784,0.0
DB02_to_DK05#alt0,0,23,1950.0,1750.0,0.344,0.0
DB02_to_DK05#alt0,0,24,1950.0,1800.0,0.3077,0.0
DB02_to_DK05#alt0,0,25,1950.0,1850.0,0.2721,0.0
DB02_to_DK05#alt0,0,26,1950.0,1900.0,0.2431,0.0
DB02_to_DK05#alt0,0,27,1950.0,1950.0,0.2407,0.0
DB02_to_DK05#alt0,0,28,1950.0,2000.0,0.253,0.0
DB02_to_DK05#alt0,0,29,1950.0,2050.0,0.2609,0.0
DB02_to_DK05#alt0,0,30,1950.0,2100.0,0.2636,0.0
DB02_to_DK05#alt0,0,31,1950.0,2150.0,0.2636,0.0
DB02_to_DK05#alt0,0,32,1950.0,2200.0,0.281,0.0
DB02_to_DK05#alt0,0,33,2000.0,2250.0,0.3485,0.0
DB02_to_DK05#alt0,0,34,2050.0,2300.0,0.4275,0.0
DB02_to_DK05#alt0,0,35,2100.0,2350.0,0.5134,0.0
DB02_to_DK05#alt0,0,36,2150.0,2400.0,0.6065,0.0
DB02_to_DK05#alt0,0,37,2200.0,2450.0,0.7165,0.0
DB02_to_DK05#alt0,0,38,2200.0,2500.0,0.6889,0.0
DB02_to_DK05#alt0,0,39,2250.0,2550.0,0.7165,0.0
DB02_to_DK05#alt0,0,40,2250.0,2600.0,0.6889,0.0
DB02_to_DK05#alt0,0,41,2250.0,2650.0,0.6241,0.0
DB02_to_DK05#alt0,0,42,2250.0,2700.0,0.5483,0.0
DB02_to_DK05#alt0,0,43,2250.0,2750.0,0.4931,0.0
DB02_to_DK05#alt1,1,0,2150.0,600.0,0.4076,0.0
DB02_to_DK05#alt1,1,1,2100.0,550.0,0.3269,0.0
DB02_to_DK05#alt1,1,2,2050.0,550.0,0.3006,0.0
DB02_to_DK05#alt1,1,3,2000.0,600.0,0.3077,0.0
DB02_to_DK05#alt1,1,4,1950.0,650.0,0.3077,0.0
DB02_to_DK05#alt1,1,5,1900.0,700.0,0.3077,0.0
DB02_to_DK05#alt1,1,6,1850.0,750.0,0.3679,0.0
DB02_to_DK05#alt1,1,7,1800.0,800.0,0.4346,0.0
DB02_to_DK05#alt1,1,8,1750.0,850.0,0.5134,0.0
DB02_to_DK05#alt1,1,9,1700.0,900.0,0.6065,0.0
DB02_to_DK05#alt1,1,10,1650.0,950.0,0.7165,0.0
DB02_to_DK05#alt1,1,11,1650.0,1000.0,0.6889,0.0
DB02_to_DK05#alt1,1,12,1650.0,1050.0,0.6241,0.0
DB02_to_DK05#alt1,1,13,1650.0,1100.0,0.6065,0.0
DB02_to_DK05#alt1,1,14,1650.0,1150.0,0.5903,0.0
DB02_to_DK05#alt1,1,15,1650.0,1200.0,0.5483,0.0
DB02_to_DK05#alt1,1,16,1650.0,1250.0,0.4931,0.0
DB02_to_DK05#alt1,1,17,1650.0,1300.0,0.4346,0.0
DB02_to_DK05#alt1,1,18,1650.0,1350.0,0.3895,0.0
DB02_to_DK05#alt1,1,19,1650.0,1400.0,0.344,0.0
DB02_to_DK05#alt1,1,20,1700.0,1450.0,0.2721,0.0
DB02_to_DK05#alt1,1,21,1700.0,1500.0,0.2431,0.0
DB02_to_DK05#alt1,1,22,1750.0,1550.0,0.2231,0.0
DB02_to_DK05#alt1,1,23,1750.0,1600.0,0.2211,0.0
DB02_to_DK05#alt1,1,24,1800.0,1650.0,0.253,0.0
DB02_to_DK05#alt1,1,25,1800.0,1700.0,0.2407,0.0
DB02_to_DK05#alt1,1,26,1850.0,1750.0,0.2609,0.0
DB02_to_DK05#alt1,1,27,1850.0,1800.0,0.2431,0.0
DB02_to_DK05#alt1,1,28,1850.0,1850.0,0.2721,0.0
DB02_to_DK05#alt1,1,29,1850.0,1900.0,0.3006,0.0
DB02_to_DK05#alt1,1,30,1850.0,1950.0,0.3269,0.0
DB02_to_DK05#alt1,1,31,1850.0,2000.0,0.3485,0.0
DB02_to_DK05#alt1,1,32,1850.0,2050.0,0.3628,0.0
DB02_to_DK05#alt1,1,33,1850.0,2100.0,0.3679,0.0
DB02_to_DK05#alt1,1,34,1850.0,2150.0,0.3679,0.0
DB02_to_DK05#alt1,1,35,1850.0,2200.0,0.3679,0.0
DB02_to_DK05#alt1,1,36,1850.0,2250.0,0.3679,0.0
DB02_to_DK05#alt1,1,37,1900.0,2300.0,0.3114,0.0
DB02_to_DK05#alt1,1,38,1950.0,2350.0,0.3114,0.0
DB02_to_DK05#alt1,1,39,2000.0,2400.0,0.3679,0.0
DB02_to_DK05#alt1,1,40,2050.0,2450.0,0.4346,0.0
DB02_to_DK05#alt1,1,41,2100.0,2500.0,0.503,0.0
DB02_to_DK05#alt1,1,42,2100.0,2550.0,0.4746,0.0
DB02_to_DK05#alt1,1,43,2150.0,2600.0,0.503,0.0
DB02_to_DK05#alt1,1,44,2150.0,2650.0,0.4746,0.0
DB02_to_DK05#alt1,1,45,2150.0,2700.0,0.4346,0.0
DB02_to_DK05#alt1,1,46,2200.0,2750.0,0.4346,0.0
DB02_to_DK05#alt1,1,47,2250.0,2750.0,0.4931,0.0
DB02_to_DK05#alt2,2,0,2150.0,600.0,0.4076,0.0
DB02_to_DK05#alt2,2,1,2200.0,550.0,0.3784,0.0
DB02_to_DK05#alt2,2,2,2250.0,500.0,0.3485,0.0
DB02_to_DK05#alt2,2,3,2300.0,500.0,0.3628,0.0
DB02_to_DK05#alt2,2,4,2350.0,550.0,0.4346,0.0
DB02_to_DK05#alt2,2,5,2400.0,600.0,0.5134,0.0
DB02_to_DK05#alt2,2,6,2450.0,650.0,0.6065,0.0
DB02_to_DK05#alt2,2,7,2500.0,700.0,0.6889,0.0
DB02_to_DK05#alt2,2,8,2550.0,750.0,0.7165,0.0
DB02_to_DK05#alt2,2,9,2600.0,750.0,0.6889,0.0
DB02_to_DK05#alt2,2,10,2650.0,800.0,0.6889,0.0
DB02_to_DK05#alt2,2,11,2700.0,850.0,0.6889,0.0
DB02_to_DK05#alt2,2,12,2750.0,900.0,0.6241,0.0
DB02_to_DK05#alt2,2,13,2800.0,950.0,0.5903,0.0
DB02_to_DK05#alt2,2,14,2850.0,1000.0,0.5134,0.0
DB02_to_DK05#alt2,2,15,2850.0,1050.0,0.5134,0.0
DB02_to_DK05#alt2,2,16,2850.0,1100.0,0.5134,0.0
DB02_to_DK05#alt2,2,17,2800.0,1150.0,0.5903,0.0
DB02_to_DK05#alt2,2,18,2800.0,1200.0,0.5483,0.0
DB02_to_DK05#alt2,2,19,2800.0,1250.0,0.503,0.0
DB02_to_DK05#alt2,2,20,2750.0,1300.0,0.5483,0.0
DB02_to_DK05#alt2,2,21,2750.0,1350.0,0.5134,0.0
DB02_to_DK05#alt2,2,22,2750.0,1400.0,0.5134,0.0
DB02_to_DK05#alt2,2,23,2750.0,1450.0,0.5134,0.0
DB02_to_DK05#alt2,2,24,2750.0,1500.0,0.5134,0.0
DB02_to_DK05#alt2,2,25,2700.0,1550.0,0.6065,0.0
DB02_to_DK05#alt2,2,26,2700.0,1600.0,0.5903,0.0
DB02_to_DK05#alt2,2,27,2700.0,1650.0,0.5483,0.0
DB02_to_DK05#alt2,2,28,2700.0,1700.0,0.5134,0.0
DB02_to_DK05#alt2,2,29,2700.0,1750.0,0.5134,0.0
DB02_to_DK05#alt2,2,30,2750.0,1800.0,0.6065,0.0
DB02_to_DK05#alt2,2,31,2800.0,1850.0,0.7165,0.0
DB02_to_DK05#alt2,2,32,2800.0,1900.0,0.7165,0.0
DB02_to_DK05#alt2,2,33,2800.0,1950.0,0.6889,0.0
DB02_to_DK05#alt2,2,34,2850.0,2000.0,0.6889,0.0
DB02_to_DK05#alt2,2,35,2900.0,2050.0,0.6889,0.0
DB02_to_DK05#alt2,2,36,2950.0,2100.0,0.6241,0.0
DB02_to_DK05#alt2,2,37,2950.0,2150.0,0.5483,0.0
DB02_to_DK05#alt2,2,38,2950.0,2200.0,0.4746,0.0
DB02_to_DK05#alt2,2,39,3000.0,2250.0,0.4275,0.0
DB02_to_DK05#alt2,2,40,3000.0,2300.0,0.3679,0.0
DB02_to_DK05#alt2,2,41,2950.0,2350.0,0.4346,0.0
DB02_to_DK05#alt2,2,42,2900.0,2400.0,0.5134,0.0
DB02_to_DK05#alt2,2,43,2850.0,2450.0,0.6065,0.0
DB02_to_DK05#alt2,2,44,2800.0,2500.0,0.7165,0.0
DB02_to_DK05#alt2,2,45,2800.0,2550.0,0.6889,0.0
DB02_to_DK05#alt2,2,46,2750.0,2600.0,0.6889,0.0
DB02_to_DK05#alt2,2,47,2700.0,2650.0,0.7165,0.0
DB02_to_DK05#alt2,2,48,2700.0,2700.0,0.6889,0.0
DB02_to_DK05#alt2,2,49,2650.0,2750.0,0.6889,0.0
DB02_to_DK05#alt2,2,50,2600.0,2800.0,0.6889,0.0
DB02_to_DK05#alt2,2,51,2550.0,2800.0,0.7165,0.0
DB02_to_DK05#alt2,2,52,2500.0,2800.0,0.6889,0.0
DB02_to_DK05#alt2,2,53,2450.0,2750.0,0.6889,0.0
DB02_to_DK05#alt2,2,54,2400.0,2750.0,0.6241,0.0
DB02_to_DK05#alt2,2,55,2350.0,2750.0,0.5903,0.0
DB02_to_DK05#alt2,2,56,2300.0,2750.0,0.5483,0.0
DB02_to_DK05#alt2,2,57,2250.0,2750.0,0.4931,0.0
DB02_to_DK05#alt3,3,0,2150.0,600.0,0.4076,0.0
DB02_to_DK05#alt3,3,1,2200.0,650.0,0.503,0.0
DB02_to_DK05#alt3,3,2,2200.0,700.0,0.5903,0.0
DB02_to_DK05#alt3,3,3,2150.0,750.0,0.6241,0.0
DB02_to_DK05#alt3,3,4,2100.0,800.0,0.6241,0.0
DB02_to_DK05#alt3,3,5,2050.0,850.0,0.5903,0.0
DB02_to_DK05#alt3,3,6,2000.0,900.0,0.5483,0.0
DB02_to_DK05#alt3,3,7,1950.0,950.0,0.503,0.0
DB02_to_DK05#alt3,3,8,1900.0,1000.0,0.4346,0.0
DB02_to_DK05#alt3,3,9,1900.0,1050.0,0.4746,0.0
DB02_to_DK05#alt3,3,10,1900.0,1100.0,0.503,0.0
DB02_to_DK05#alt3,3,11,1950.0,1150.0,0.6065,0.0
DB02_to_DK05#alt3,3,12,1950.0,1200.0,0.6065,0.0
DB02_to_DK05#alt3,3,13,2000.0,1250.0,0.7165,0.0
DB02_to_DK05#alt3,3,14,2000.0,1300.0,0.6889,0.0
DB02_to_DK05#alt3,3,15,2050.0,1350.0,0.6889,0.0
DB02_to_DK05#alt3,3,16,2050.0,1400.0,0.6065,0.0
DB02_to_DK05#alt3,3,17,2050.0,1450.0,0.6065,0.0
DB02_to_DK05#alt3,3,18,2050.0,1500.0,0.6065,0.0
DB02_to_DK05#alt3,3,19,2050.0,1550.0,0.6065,0.0
DB02_to_DK05#alt3,3,20,2050.0,1600.0,0.5903,0.0
DB02_to_DK05#alt3,3,21,2050.0,1650.0,0.5483,0.0
DB02_to_DK05#alt3,3,22,2050.0,1700.0,0.4931,0.0
DB02_to_DK05#alt3,3,23,2050.0,1750.0,0.4346,0.0
DB02_to_DK05#alt3,3,24,2050.0,1800.0,0.3895,0.0
DB02_to_DK05#alt3,3,25,2050.0,1850.0,0.344,0.0
DB02_to_DK05#alt3,3,26,2050.0,1900.0,0.3006,0.0
DB02_to_DK05#alt3,3,27,2050.0,1950.0,0.2609,0.0
DB02_to_DK05#alt3,3,28,2050.0,2000.0,0.2431,0.0
DB02_to_DK05#alt3,3,29,2050.0,2050.0,0.2721,0.0
DB02_to_DK05#alt3,3,30,2050.0,2100.0,0.3077,0.0
DB02_to_DK05#alt3,3,31,2050.0,2150.0,0.344,0.0
DB02_to_DK05#alt3,3,32,2000.0,2200.0,0.3269,0.0
DB02_to_DK05#alt3,3,33,1950.0,2250.0,0.2972,0.0
DB02_to_DK05#alt3,3,34,1900.0,2300.0,0.3114,0.0
DB02_to_DK05#alt3,3,35,1850.0,2350.0,0.3679,0.0
DB02_to_DK05#alt3,3,36,1850.0,2400.0,0.3628,0.0
DB02_to_DK05#alt3,3,37,1900.0,2450.0,0.2972,0.0
DB02_to_DK05#alt3,3,38,1950.0,2500.0,0.3077,0.0
DB02_to_DK05#alt3,3,39,2000.0,2550.0,0.3485,0.0
DB02_to_DK05#alt3,3,40,2000.0,2600.0,0.3269,0.0
DB02_to_DK05#alt3,3,41,2050.0,2650.0,0.3485,0.0
DB02_to_DK05#alt3,3,42,2050.0,2700.0,0.3269,0.0
DB02_to_DK05#alt3,3,43,2050.0,2750.0,0.3006,0.0
DB02_to_DK05#alt3,3,44,2100.0,2800.0,0.3077,0.0
DB02_to_DK05#alt3,3,45,2150.0,2850.0,0.3077,0.0
DB02_to_DK05#alt3,3,46,2200.0,2850.0,0.344,0.0
DB02_to_DK05#alt3,3,47,2250.0,2800.0,0.4346,0.0
DB02_to_DK05#alt3,3,48,2250.0,2750.0,0.4931,0.0
DB02_to_DK05#alt4,4,0,2150.0,600.0,0.4076,0.0
DB02_to_DK05#alt4,4,1,2150.0,550.0,0.3485,0.0
DB02_to_DK05#alt4,4,2,2100.0,500.0,0.281,0.0
DB02_to_DK05#alt4,4,3,2150.0,450.0,0.2609,0.0
DB02_to_DK05#alt4,4,4,2200.0,400.0,0.2407,0.0
DB02_to_DK05#alt4,4,5,2250.0,350.0,0.2151,0.0
DB02_to_DK05#alt4,4,6,2300.0,350.0,0.2211,0.0
DB02_to_DK05#alt4,4,7,2350.0,400.0,0.2636,0.0
DB02_to_DK05#alt4,4,8,2400.0,450.0,0.3114,0.0
DB02_to_DK05#alt4,4,9,2450.0,500.0,0.3679,0.0
DB02_to_DK05#alt4,4,10,2500.0,550.0,0.4275,0.0
DB02_to_DK05#alt4,4,11,2550.0,600.0,0.4746,0.0
DB02_to_DK05#alt4,4,12,2600.0,650.0,0.503,0.0
DB02_to_DK05#alt4,4,13,2650.0,650.0,0.4746,0.0
DB02_to_DK05#alt4,4,14,2700.0,700.0,0.4931,0.0
DB02_to_DK05#alt4,4,15,2750.0,750.0,0.4931,0.0
DB02_to_DK05#alt4,4,16,2800.0,800.0,0.4746,0.0
DB02_to_DK05#alt4,4,17,2850.0,850.0,0.4346,0.0
DB02_to_DK05#alt4,4,18,2900.0,900.0,0.4076,0.0
DB02_to_DK05#alt4,4,19,2950.0,950.0,0.3628,0.0
DB02_to_DK05#alt4,4,20,3000.0,1000.0,0.3114,0.0
DB02_to_DK05#alt4,4,21,3050.0,1050.0,0.2636,0.0
DB02_to_DK05#alt4,4,22,3100.0,1100.0,0.2231,0.0
DB02_to_DK05#alt4,4,23,3150.0,1150.0,0.2636,0.0
DB02_to_DK05#alt4,4,24,3200.0,1200.0,0.3114,0.0
DB02_to_DK05#alt4,4,25,3250.0,1250.0,0.3628,0.0
DB02_to_DK05#alt4,4,26,3300.0,1300.0,0.4076,0.0
DB02_to_DK05#alt4,4,27,3350.0,1350.0,0.4346,0.0
DB02_to_DK05#alt4,4,28,3400.0,1400.0,0.5134,0.0
DB02_to_DK05#alt4,4,29,3450.0,1450.0,0.5903,0.0
DB02_to_DK05#alt4,4,30,3500.0,1500.0,0.6241,0.0
DB02_to_DK05#alt4,4,31,3550.0,1550.0,0.5903,0.0
DB02_to_DK05#alt4,4,32,3600.0,1600.0,0.5483,0.0
DB02_to_DK05#alt4,4,33,3650.0,1650.0,0.503,0.0
DB02_to_DK05#alt4,4,34,3700.0,1700.0,0.4346,0.0
DB02_to_DK05#alt4,4,35,3700.0,1750.0,0.3679,0.0
DB02_to_DK05#alt4,4,36,3700.0,1800.0,0.3114,0.0
DB02_to_DK05#alt4,4,37,3650.0,1850.0,0.3628,0.0
DB02_to_DK05#alt4,4,38,3600.0,1900.0,0.4076,0.0
DB02_to_DK05#alt4,4,39,3550.0,1950.0,0.4346,0.0
DB02_to_DK05#alt4,4,40,3500.0,2000.0,0.4746,0.0
DB02_to_DK05#alt4,4,41,3450.0,2050.0,0.4931,0.0
DB02_to_DK05#alt4,4,42,3400.0,2100.0,0.4931,0.0
DB02_to_DK05#alt4,4,43,3350.0,2150.0,0.4931,0.0
DB02_to_DK05#alt4,4,44,3300.0,2200.0,0.4746,0.0
DB02_to_DK05#alt4,4,45,3250.0,2250.0,0.4275,0.0
DB02_to_DK05#alt4,4,46,3200.0,2300.0,0.3679,0.0
DB02_to_DK05#alt4,4,47,3150.0,2350.0,0.3114,0.0
DB02_to_DK05#alt4,4,48,3100.0,2400.0,0.2636,0.0
DB02_to_DK05#alt4,4,49,3050.0,2450.0,0.3114,0.0
DB02_to_DK05#alt4,4,50,3000.0,2500.0,0.3679,0.0
DB02_to_DK05#alt4,4,51,2950.0,2550.0,0.4275,0.0
DB02_to_DK05#alt4,4,52,2900.0,2600.0,0.4746,0.0
DB02_to_DK05#alt4,4,53,2850.0,2650.0,0.4931,0.0
DB02_to_DK05#alt4,4,54,2800.0,2700.0,0.503,0.0
DB02_to_DK05#alt4,4,55,2800.0,2750.0,0.4746,0.0
DB02_to_DK05#alt4,4,56,2750.0,2800.0,0.4931,0.0
DB02_to_DK05#alt4,4,57,2700.0,2850.0,0.4931,0.0
DB02_to_DK05#alt4,4,58,2650.0,2900.0,0.4746,0.0
DB02_to_DK05#alt4,4,59,2600.0,2900.0,0.503,0.0
DB02_to_DK05#alt4,4,60,2550.0,2900.0,0.5134,0.0
DB02_to_DK05#alt4,4,61,2500.0,2900.0,0.503,0.0
DB02_to_DK05#alt4,4,62,2450.0,2900.0,0.4746,0.0
DB02_to_DK05#alt4,4,63,2400.0,2850.0,0.4931,0.0
DB02_to_DK05#alt4,4,64,2350.0,2850.0,0.4346,0.0
DB02_to_DK05#alt4,4,65,2300.0,2850.0,0.4076,0.0
DB02_to_DK05#alt4,4,66,2250.0,2800.0,0.4346,0.0
DB02_to_DK05#alt4,4,67,2250.0,2750.0,0.4931,0.0
DB02_to_DK05#alt5,5,0,2150.0,600.0,0.4076,0.0
DB02_to_DK05#alt5,5,1,2100.0,600.0,0.3784,0.0
DB02_to_DK05#alt5,5,2,2050.0,550.0,0.3006,0.0
DB02_to_DK05#alt5,5,3,2000.0,500.0,0.2384,0.0
DB02_to_DK05#alt5,5,4,1950.0,500.0,0.2151,0.0
DB02_to_DK05#alt5,5,5,1900.0,550.0,0.2609,0.0
DB02_to_DK05#alt5,5,6,1850.0,600.0,0.3269,0.0
DB02_to_DK05#alt5,5,7,1800.0,650.0,0.4076,0.0
DB02_to_DK05#alt5,5,8,1750.0,700.0,0.503,0.0
DB02_to_DK05#alt5,5,9,1700.0,750.0,0.6065,0.0
DB02_to_DK05#alt5,5,10,1650.0,800.0,0.7165,0.0
DB02_to_DK05#alt5,5,11,1700.0,850.0,0.6065,0.0
DB02_to_DK05#alt5,5,12,1750.0,900.0,0.5134,0.0
DB02_to_DK05#alt5,5,13,1700.0,950.0,0.6065,0.0
DB02_to_DK05#alt5,5,14,1700.0,1000.0,0.5903,0.0
DB02_to_DK05#alt5,5,15,1650.0,1050.0,0.6241,0.0
DB02_to_DK05#alt5,5,16,1600.0,1100.0,0.7165,0.0
DB02_to_DK05#alt5,5,17,1600.0,1150.0,0.6889,0.0
DB02_to_DK05#alt5,5,18,1550.0,1200.0,0.6889,0.0
DB02_to_DK05#alt5,5,19,1550.0,1250.0,0.6241,0.0
DB02_to_DK05#alt5,5,20,1550.0,1300.0,0.5483,0.0
DB02_to_DK05#alt5,5,21,1550.0,1350.0,0.4931,0.0
DB02_to_DK05#alt5,5,22,1550.0,1400.0,0.4346,0.0
DB02_to_DK05#alt5,5,23,1550.0,1450.0,0.3895,0.0
DB02_to_DK05#alt5,5,24,1600.0,1500.0,0.3077,0.0
DB02_to_DK05#alt5,5,25,1600.0,1550.0,0.2721,0.0
DB02_to_DK05#alt5,5,26,1650.0,1600.0,0.2231,0.0
DB02_to_DK05#alt5,5,27,1650.0,1650.0,0.2407,0.0
DB02_to_DK05#alt5,5,28,1700.0,1700.0,0.2609,0.0
DB02_to_DK05#alt5,5,29,1700.0,1750.0,0.3006,0.0
DB02_to_DK05#alt5,5,30,1750.0,1800.0,0.3077,0.0
DB02_to_DK05#alt5,5,31,1750.0,1850.0,0.344,0.0
DB02_to_DK05#alt5,5,32,1750.0,1900.0,0.3895,0.0
DB02_to_DK05#alt5,5,33,1750.0,1950.0,0.4346,0.0
DB02_to_DK05#alt5,5,34,1750.0,2000.0,0.4746,0.0
DB02_to_DK05#alt5,5,35,1750.0,2050.0,0.503,0.0
DB02_to_DK05#alt5,5,36,1750.0,2100.0,0.5134,0.0
DB02_to_DK05#alt5,5,37,1750.0,2150.0,0.5134,0.0
DB02_to_DK05#alt5,5,38,1750.0,2200.0,0.5134,0.0
DB02_to_DK05#alt5,5,39,1750.0,2250.0,0.5134,0.0
DB02_to_DK05#alt5,5,40,1750.0,2300.0,0.5134,0.0
DB02_to_DK05#alt5,5,41,1750.0,2350.0,0.5134,0.0
DB02_to_DK05#alt5,5,42,1750.0,2400.0,0.503,0.0
DB02_to_DK05#alt5,5,43,1750.0,2450.0,0.4746,0.0
DB02_to_DK05#alt5,5,44,1800.0,2500.0,0.3784,0.0
DB02_to_DK05#alt5,5,45,1850.0,2550.0,0.3006,0.0
DB02_to_DK05#alt5,5,46,1900.0,2600.0,0.2407,0.0
DB02_to_DK05#alt5,5,47,1900.0,2650.0,0.2252,0.0
DB02_to_DK05#alt5,5,48,1950.0,2700.0,0.2407,0.0
DB02_to_DK05#alt5,5,49,2000.0,2750.0,0.2609,0.0
DB02_to_DK05#alt5,5,50,2050.0,2750.0,0.3006,0.0
DB02_to_DK05#alt5,5,51,2100.0,2750.0,0.344,0.0
DB02_to_DK05#alt5,5,52,2150.0,2750.0,0.3895,0.0
DB02_to_DK05#alt5,5,53,2200.0,2750.0,0.4346,0.0
DB02_to_DK05#alt5,5,54,2250.0,2750.0,0.4931,0.0
DB02_to_DK05#alt6,6,0,2150.0,600.0,0.4076,0.0
DB02_to_DK05#alt6,6,1,2200.0,550.0,0.3784,0.0
DB02_to_DK05#alt6,6,2,2150.0,500.0,0.3006,0.0
DB02_to_DK05#alt6,6,3,2100.0,450.0,0.2407,0.0
DB02_to_DK05#alt6,6,4,2050.0,400.0,0.1937,0.0
DB02_to_DK05#alt6,6,5,2000.0,350.0,0.1551,0.0
DB02_to_DK05#alt6,6,6,1950.0,300.0,0.1648,0.0
DB02_to_DK05#alt6,6,7,1900.0,250.0,0.17,0.0
DB02_to_DK05#alt6,6,8,1850.0,200.0,0.17,0.0
DB02_to_DK05#alt6,6,9,1800.0,150.0,0.17,0.0
DB02_to_DK05#alt6,6,10,1750.0,100.0,0.17,0.0
DB02_to_DK05#alt6,6,11,1700.0,50.0,0.17,0.0
DB02_to_DK05#alt6,6,12,1650.0,50.0,0.1921,0.0
DB02_to_DK05#alt6,6,13,1600.0,50.0,0.2151,0.0
DB02_to_DK05#alt6,6,14,1550.0,50.0,0.2384,0.0
DB02_to_DK05#alt6,6,15,1500.0,50.0,0.2609,0.0
DB02_to_DK05#alt6,6,16,1450.0,50.0,0.281,0.0
DB02_to_DK05#alt6,6,17,1400.0,50.0,0.2972,0.0
DB02_to_DK05#alt6,6,18,1350.0,50.0,0.3077,0.0
DB02_to_DK05#alt6,6,19,1300.0,50.0,0.344,0.0
DB02_to_DK05#alt6,6,20,1250.0,50.0,0.3895,0.0
DB02_to_DK05#alt6,6,21,1200.0,50.0,0.4346,0.0
DB02_to_DK05#alt6,6,22,1150.0,50.0,0.4746,0.0
DB02_to_DK05#alt6,6,23,1100.0,50.0,0.503,0.0
DB02_to_DK05#alt6,6,24,1050.0,50.0,0.5134,0.0
DB02_to_DK05#alt6,6,25,1000.0,50.0,0.5134,0.0
DB02_to_DK05#alt6,6,26,950.0,50.0,0.5134,0.0
DB02_to_DK05#alt6,6,27,900.0,50.0,0.5134,0.0
DB02_to_DK05#alt6,6,28,850.0,50.0,0.503,0.0
DB02_to_DK05#alt6,6,29,800.0,50.0,0.4746,0.0
DB02_to_DK05#alt6,6,30,750.0,100.0,0.4931,0.0
DB02_to_DK05#alt6,6,31,700.0,150.0,0.4931,0.0
DB02_to_DK05#alt6,6,32,650.0,200.0,0.4931,0.0
DB02_to_DK05#alt6,6,33,600.0,250.0,0.4746,0.0
DB02_to_DK05#alt6,6,34,550.0,300.0,0.4346,0.0
DB02_to_DK05#alt6,6,35,500.0,350.0,0.4346,0.0
DB02_to_DK05#alt6,6,36,450.0,400.0,0.4346,0.0
DB02_to_DK05#alt6,6,37,400.0,450.0,0.4746,0.0
DB02_to_DK05#alt6,6,38,350.0,500.0,0.503,0.0
DB02_to_DK05#alt6,6,39,300.0,550.0,0.5483,0.0
DB02_to_DK05#alt6,6,40,250.0,600.0,0.5483,0.0
DB02_to_DK05#alt6,6,41,200.0,650.0,0.503,0.0
DB02_to_DK05#alt6,6,42,150.0,700.0,0.4746,0.0
DB02_to_DK05#alt6,6,43,100.0,750.0,0.4275,0.0
DB02_to_DK05#alt6,6,44,50.0,800.0,0.3679,0.0
DB02_to_DK05#alt6,6,45,50.0,850.0,0.3679,0.0
DB02_to_DK05#alt6,6,46,50.0,900.0,0.3679,0.0
DB02_to_DK05#alt6,6,47,50.0,950.0,0.3628,0.0
DB02_to_DK05#alt6,6,48,50.0,1000.0,0.3485,0.0
DB02_to_DK05#alt6,6,49,50.0,1050.0,0.3269,0.0
DB02_to_DK05#alt6,6,50,50.0,1100.0,0.3006,0.0
DB02_to_DK05#alt6,6,51,50.0,1150.0,0.2721,0.0
DB02_to_DK05#alt6,6,52,100.0,1200.0,0.2721,0.0
DB02_to_DK05#alt6,6,53,150.0,1250.0,0.2721,0.0
DB02_to_DK05#alt6,6,54,200.0,1300.0,0.2721,0.0
DB02_to_DK05#alt6,6,55,250.0,1350.0,0.2609,0.0
DB02_to_DK05#alt6,6,56,300.0,1400.0,0.2431,0.0
DB02_to_DK05#alt6,6,57,350.0,1450.0,0.2431,0.0
DB02_to_DK05#alt6,6,58,400.0,1500.0,0.2431,0.0
DB02_to_DK05#alt6,6,59,450.0,1550.0,0.2431,0.0
DB02_to_DK05#alt6,6,60,450.0,1600.0,0.2151,0.0
DB02_to_DK05#alt6,6,61,500.0,1650.0,0.2231,0.0
DB02_to_DK05#alt6,6,62,550.0,1700.0,0.2609,0.0
DB02_to_DK05#alt6,6,63,600.0,1750.0,0.2972,0.0
DB02_to_DK05#alt6,6,64,650.0,1800.0,0.3269,0.0
DB02_to_DK05#alt6,6,65,700.0,1850.0,0.344,0.0
DB02_to_DK05#alt6,6,66,750.0,1900.0,0.344,0.0
DB02_to_DK05#alt6,6,67,800.0,1950.0,0.344,0.0
DB02_to_DK05#alt6,6,68,800.0,2000.0,0.3006,0.0
DB02_to_DK05#alt6,6,69,850.0,2050.0,0.3784,0.0
DB02_to_DK05#alt6,6,70,850.0,2100.0,0.4076,0.0
DB02_to_DK05#alt6,6,71,900.0,2150.0,0.503,0.0
DB02_to_DK05#alt6,6,72,950.0,2200.0,0.6065,0.0
DB02_to_DK05#alt6,6,73,1000.0,2250.0,0.7165,0.0
DB02_to_DK05#alt6,6,74,1000.0,2300.0,0.7165,0.0
DB02_to_DK05#alt6,6,75,1000.0,2350.0,0.6889,0.0
DB02_to_DK05#alt6,6,76,1050.0,2400.0,0.6889,0.0
DB02_to_DK05#alt6,6,77,1100.0,2450.0,0.6889,0.0
DB02_to_DK05#alt6,6,78,1150.0,2500.0,0.6889,0.0
DB02_to_DK05#alt6,6,79,1200.0,2550.0,0.6241,0.0
DB02_to_DK05#alt6,6,80,1250.0,2600.0,0.5903,0.0
DB02_to_DK05#alt6,6,81,1300.0,2650.0,0.5134,0.0
DB02_to_DK05#alt6,6,82,1350.0,2700.0,0.4346,0.0
DB02_to_DK05#alt6,6,83,1400.0,2750.0,0.3784,0.0
DB02_to_DK05#alt6,6,84,1450.0,2800.0,0.3485,0.0
DB02_to_DK05#alt6,6,85,1500.0,2850.0,0.3077,0.0
DB02_to_DK05#alt6,6,86,1550.0,2900.0,0.2636,0.0
DB02_to_DK05#alt6,6,87,1600.0,2950.0,0.2231,0.0
DB02_to_DK05#alt6,6,88,1650.0,2950.0,0.1889,0.0
DB02_to_DK05#alt6,6,89,1700.0,2950.0,0.1648,0.0
DB02_to_DK05#alt6,6,90,1750.0,2950.0,0.1495,0.0
DB02_to_DK05#alt6,6,91,1800.0,2950.0,0.1344,0.0
DB02_to_DK05#alt6,6,92,1850.0,2950.0,0.1199,0.0
DB02_to_DK05#alt6,6,93,1900.0,2950.0,0.1344,0.0
DB02_to_DK05#alt6,6,94,1950.0,2950.0,0.1517,0.0
DB02_to_DK05#alt6,6,95,2000.0,2950.0,0.17,0.0
DB02_to_DK05#alt6,6,96,2050.0,2950.0,0.1921,0.0
DB02_to_DK05#alt6,6,97,2100.0,2950.0,0.2151,0.0
DB02_to_DK05#alt6,6,98,2150.0,2950.0,0.2384,0.0
DB02_to_DK05#alt6,6,99,2200.0,2950.0,0.2609,0.0
DB02_to_DK05#alt6,6,100,2250.0,2900.0,0.3269,0.0
DB02_to_DK05#alt6,6,101,2250.0,2850.0,0.3784,0.0
DB02_to_DK05#alt6,6,102,2250.0,2800.0,0.4346,0.0
DB02_to_DK05#alt6,6,103,2250.0,2750.0,0.4931,0.0
DB02_to_DK05#alt7,7,0,2150.0,600.0,0.4076,0.0
DB02_to_DK05#alt7,7,1,2100.0,650.0,0.4346,0.0
DB02_to_DK05#alt7,7,2,2100.0,700.0,0.4931,0.0
DB02_to_DK05#alt7,7,3,2050.0,750.0,0.4931,0.0
DB02_to_DK05#alt7,7,4,2050.0,800.0,0.5483,0.0
DB02_to_DK05#alt7,7,5,2100.0,850.0,0.6889,0.0
DB02_to_DK05#alt7,7,6,2050.0,900.0,0.6241,0.0
DB02_to_DK05#alt7,7,7,2050.0,950.0,0.6889,0.0
DB02_to_DK05#alt7,7,8,2050.0,1000.0,0.7165,0.0
DB02_to_DK05#alt7,7,9,2000.0,1050.0,0.6241,0.0
DB02_to_DK05#alt7,7,10,1950.0,1100.0,0.5903,0.0
DB02_to_DK05#alt7,7,11,1900.0,1150.0,0.5134,0.0
DB02_to_DK05#alt7,7,12,1900.0,1200.0,0.5134,0.0
DB02_to_DK05#alt7,7,13,1900.0,1250.0,0.5134,0.0
DB02_to_DK05#alt7,7,14,1900.0,1300.0,0.503,0.0
DB02_to_DK05#alt7,7,15,1900.0,1350.0,0.4746,0.0
DB02_to_DK05#alt7,7,16,1950.0,1400.0,0.4931,0.0
DB02_to_DK05#alt7,7,17,1950.0,1450.0,0.4346,0.0
DB02_to_DK05#alt7,7,18,2000.0,1500.0,0.5134,0.0
DB02_to_DK05#alt7,7,19,2050.0,1550.0,0.6065,0.0
DB02_to_DK05#alt7,7,20,2100.0,1600.0,0.6889,0.0
DB02_to_DK05#alt7,7,21,2150.0,1650.0,0.6889,0.0
DB02_to_DK05#alt7,7,22,2150.0,1700.0,0.6241,0.0
DB02_to_DK05#alt7,7,23,2200.0,1750.0,0.5903,0.0
DB02_to_DK05#alt7,7,24,2200.0,1800.0,0.503,0.0
DB02_to_DK05#alt7,7,25,2200.0,1850.0,0.4346,0.0
DB02_to_DK05#alt7,7,26,2200.0,1900.0,0.3784,0.0
DB02_to_DK05#alt7,7,27,2200.0,1950.0,0.3269,0.0
DB02_to_DK05#alt7,7,28,2200.0,2000.0,0.344,0.0
DB02_to_DK05#alt7,7,29,2200.0,2050.0,0.3895,0.0
DB02_to_DK05#alt7,7,30,2200.0,2100.0,0.4346,0.0
DB02_to_DK05#alt7,7,31,2200.0,2150.0,0.4931,0.0
DB02_to_DK05#alt7,7,32,2200.0,2200.0,0.5483,0.0
DB02_to_DK05#alt7,7,33,2200.0,2250.0,0.6241,0.0
DB02_to_DK05#alt7,7,34,2200.0,2300.0,0.6889,0.0
DB02_to_DK05#alt7,7,35,2200.0,2350.0,0.7165,0.0
DB02_to_DK05#alt7,7,36,2200.0,2400.0,0.7165,0.0
DB02_to_DK05#alt7,7,37,2150.0,2450.0,0.6065,0.0
DB02_to_DK05#alt7,7,38,2200.0,2500.0,0.6889,0.0
DB02_to_DK05#alt7,7,39,2200.0,2550.0,0.6241,0.0
DB02_to_DK05#alt7,7,40,2250.0,2600.0,0.6889,0.0
DB02_to_DK05#alt7,7,41,2250.0,2650.0,0.6241,0.0
DB02_to_DK05#alt7,7,42,2250.0,2700.0,0.5483,0.0
DB02_to_DK05#alt7,7,43,2250.0,2750.0,0.4931,0.0
DB01_to_DK05#alt0,0,0,750.0,4200.0,0.7165,0.0
DB01_to_DK05#alt0,0,1,800.0,4250.0,0.5903,0.0
DB01_to_DK05#alt0,0,2,850.0,4300.0,0.6065,0.0
DB01_to_DK05#alt0,0,3,900.0,4350.0,0.7165,0.0
DB01_to_DK05#alt0,0,4,950.0,4350.0,0.7165,0.0
DB01_to_DK05#alt0,0,5,1000.0,4350.0,0.6889,0.0
DB01_to_DK05#alt0,0,6,1050.0,4400.0,0.6889,0.0
DB01_to_DK05#alt0,0,7,1100.0,4450.0,0.6889,0.0
DB01_to_DK05#alt0,0,8,1150.0,4500.0,0.6065,0.0
DB01_to_DK05#alt0,0,9,1200.0,4550.0,0.5134,0.0
DB01_to_DK05#alt0,0,10,1250.0,4600.0,0.5134,0.0
DB01_to_DK05#alt0,0,11,1300.0,4650.0,0.6065,0.0
DB01_to_DK05#alt0,0,12,1350.0,4700.0,0.6889,0.0
DB01_to_DK05#alt0,0,13,1400.0,4750.0,0.6889,0.0
DB01_to_DK05#alt0,0,14,1450.0,4800.0,0.6065,0.0
DB01_to_DK05#alt0,0,15,1500.0,4850.0,0.5134,0.0
DB01_to_DK05#alt0,0,16,1550.0,4900.0,0.4346,0.0
DB01_to_DK05#alt0,0,17,1600.0,4950.0,0.3895,0.0
DB01_to_DK05#alt0,0,18,1650.0,4950.0,0.4346,0.0
DB01_to_DK05#alt0,0,19,1700.0,4950.0,0.4931,0.0
DB01_to_DK05#alt0,0,20,1750.0,4950.0,0.5483,0.0
DB01_to_DK05#alt0,0,21,1800.0,4950.0,0.5903,0.0
DB01_to_DK05#alt0,0,22,1850.0,4950.0,0.6065,0.0
DB01_to_DK05#alt0,0,23,1900.0,4950.0,0.6065,0.0
DB01_to_DK05#alt0,0,24,1950.0,4900.0,0.7165,0.0
DB01_to_DK05#alt0,0,25,2000.0,4900.0,0.7165,0.0
DB01_to_DK05#alt0,0,26,2050.0,4900.0,0.6889,0.0
DB01_to_DK05#alt0,0,27,2100.0,4850.0,0.6889,0.0
DB01_to_DK05#alt0,0,28,2150.0,4800.0,0.6889,0.0
DB01_to_DK05#alt0,0,29,2200.0,4750.0,0.6889,0.0
DB01_to_DK05#alt0,0,30,2250.0,4700.0,0.6065,0.0
DB01_to_DK05#alt0,0,31,2300.0,4650.0,0.5134,0.0
DB01_to_DK05#alt0,0,32,2300.0,4600.0,0.5134,0.0
DB01_to_DK05#alt0,0,33,2300.0,4550.0,0.503,0.0
DB01_to_DK05#alt0,0,34,2300.0,4500.0,0.503,0.0
DB01_to_DK05#alt0,0,35,2250.0,4450.0,0.4931,0.0
DB01_to_DK05#alt0,0,36,2250.0,4400.0,0.4346,0.0
DB01_to_DK05#alt0,0,37,2300.0,4350.0,0.5134,0.0
DB01_to_DK05#alt0,0,38,2300.0,4300.0,0.503,0.0
DB01_to_DK05#alt0,0,39,2350.0,4250.0,0.5483,0.0
DB01_to_DK05#alt0,0,40,2350.0,4200.0,0.4931,0.0
DB01_to_DK05#alt0,0,41,2400.0,4150.0,0.4746,0.0
DB01_to_DK05#alt0,0,42,2400.0,4100.0,0.4076,0.0
DB01_to_DK05#alt0,0,43,2400.0,4050.0,0.3485,0.0
DB01_to_DK05#alt0,0,44,2400.0,4000.0,0.2972,0.0
DB01_to_DK05#alt0,0,45,2400.0,3950.0,0.253,0.0
DB01_to_DK05#alt0,0,46,2400.0,3900.0,0.2252,0.0
DB01_to_DK05#alt0,0,47,2400.0,3850.0,0.2076,0.0
DB01_to_DK05#alt0,0,48,2400.0,3800.0,0.1937,0.0
DB01_to_DK05#alt0,0,49,2400.0,3750.0,0.1798,0.0
DB01_to_DK05#alt0,0,50,2350.0,3700.0,0.1889,0.0
DB01_to_DK05#alt0,0,51,2350.0,3650.0,0.17,0.0
DB01_to_DK05#alt0,0,52,2350.0,3600.0,0.1517,0.0
DB01_to_DK05#alt0,0,53,2350.0,3550.0,0.1344,0.0
DB01_to_DK05#alt0,0,54,2350.0,3500.0,0.1183,0.0
DB01_to_DK05#alt0,0,55,2350.0,3450.0,0.1036,0.0
DB01_to_DK05#alt0,0,56,2350.0,3400.0,0.092,0.0
DB01_to_DK05#alt0,0,57,2350.0,3350.0,0.1036,0.0
DB01_to_DK05#alt0,0,58,2350.0,3300.0,0.1215,0.0
DB01_to_DK05#alt0,0,59,2350.0,3250.0,0.1422,0.0
DB01_to_DK05#alt0,0,60,2350.0,3200.0,0.1661,0.0
DB01_to_DK05#alt0,0,61,2350.0,3150.0,0.1937,0.0
DB01_to_DK05#alt0,0,62,2350.0,3100.0,0.2252,0.0
DB01_to_DK05#alt0,0,63,2350.0,3050.0,0.2609,0.0
DB01_to_DK05#alt0,0,64,2350.0,3000.0,0.3006,0.0
DB01_to_DK05#alt0,0,65,2350.0,2950.0,0.344,0.0
DB01_to_DK05#alt0,0,66,2350.0,2900.0,0.3895,0.0
DB01_to_DK05#alt0,0,67,2350.0,2850.0,0.4346,0.0
DB01_to_DK05#alt0,0,68,2350.0,2800.0,0.503,0.0
DB01_to_DK05#alt0,0,69,2300.0,2750.0,0.5483,0.0
DB01_to_DK05#alt0,0,70,2250.0,2750.0,0.4931,0.0
DB01_to_DK05#alt1,1,0,750.0,4200.0,0.7165,0.0
DB01_to_DK05#alt1,1,1,750.0,4250.0,0.6889,0.0
DB01_to_DK05#alt1,1,2,700.0,4300.0,0.6889,0.0
DB01_to_DK05#alt1,1,3,650.0,4350.0,0.6889,0.0
DB01_to_DK05#alt1,1,4,600.0,4400.0,0.6889,0.0
DB01_to_DK05#alt1,1,5,550.0,4450.0,0.6241,0.0
DB01_to_DK05#alt1,1,6,500.0,4500.0,0.5903,0.0
DB01_to_DK05#alt1,1,7,450.0,4450.0,0.7165,0.0
DB01_to_DK05#alt1,1,8,400.0,4450.0,0.6889,0.0
DB01_to_DK05#alt1,1,9,350.0,4400.0,0.7165,0.0
DB01_to_DK05#alt1,1,10,300.0,4400.0,0.6889,0.0
DB01_to_DK05#alt1,1,11,250.0,4350.0,0.6889,0.0
DB01_to_DK05#alt1,1,12,200.0,4300.0,0.6889,0.0
DB01_to_DK05#alt1,1,13,150.0,4250.0,0.6065,0.0
DB01_to_DK05#alt1,1,14,100.0,4200.0,0.5134,0.0
DB01_to_DK05#alt1,1,15,50.0,4150.0,0.4346,0.0
DB01_to_DK05#alt1,1,16,50.0,4100.0,0.4346,0.0
DB01_to_DK05#alt1,1,17,50.0,4050.0,0.4346,0.0
DB01_to_DK05#alt1,1,18,50.0,4000.0,0.4275,0.0
DB01_to_DK05#alt1,1,19,50.0,3950.0,0.4076,0.0
DB01_to_DK05#alt1,1,20,50.0,3900.0,0.3784,0.0
DB01_to_DK05#alt1,1,21,50.0,3850.0,0.344,0.0
DB01_to_DK05#alt1,1,22,50.0,3800.0,0.3077,0.0
DB01_to_DK05#alt1,1,23,50.0,3750.0,0.2721,0.0
DB01_to_DK05#alt1,1,24,50.0,3700.0,0.2431,0.0
DB01_to_DK05#alt1,1,25,100.0,3650.0,0.2384,0.0
DB01_to_DK05#alt1,1,26,150.0,3600.0,0.2252,0.0
DB01_to_DK05#alt1,1,27,200.0,3550.0,0.2076,0.0
DB01_to_DK05#alt1,1,28,200.0,3500.0,0.1798,0.0
DB01_to_DK05#alt1,1,29,250.0,3450.0,0.1661,0.0
DB01_to_DK05#alt1,1,30,250.0,3400.0,0.1551,0.0
DB01_to_DK05#alt1,1,31,300.0,3350.0,0.1937,0.0
DB01_to_DK05#alt1,1,32,300.0,3300.0,0.2076,0.0
DB01_to_DK05#alt1,1,33,350.0,3250.0,0.2609,0.0
DB01_to_DK05#alt1,1,34,400.0,3200.0,0.3269,0.0
DB01_to_DK05#alt1,1,35,450.0,3150.0,0.4076,0.0
DB01_to_DK05#alt1,1,36,500.0,3100.0,0.503,0.0
DB01_to_DK05#alt1,1,37,550.0,3050.0,0.6065,0.0
DB01_to_DK05#alt1,1,38,600.0,3000.0,0.7165,0.0
DB01_to_DK05#alt1,1,39,600.0,2950.0,0.7165,0.0
DB01_to_DK05#alt1,1,40,600.0,2900.0,0.6889,0.0
DB01_to_DK05#alt1,1,41,650.0,2850.0,0.7165,0.0
DB01_to_DK05#alt1,1,42,650.0,2800.0,0.6889,0.0
DB01_to_DK05#alt1,1,43,700.0,2750.0,0.6889,0.0
DB01_to_DK05#alt1,1,44,750.0,2700.0,0.6889,0.0
DB01_to_DK05#alt1,1,45,800.0,2650.0,0.6065,0.0
DB01_to_DK05#alt1,1,46,850.0,2650.0,0.6065,0.0
DB01_to_DK05#alt1,1,47,900.0,2700.0,0.7165,0.0
DB01_to_DK05#alt1,1,48,950.0,2700.0,0.7165,0.0
DB01_to_DK05#alt1,1,49,1000.0,2700.0,0.7165,0.0
DB01_to_DK05#alt1,1,50,1050.0,2700.0,0.7165,0.0
DB01_to_DK05#alt1,1,51,1100.0,2700.0,0.6889,0.0
DB01_to_DK05#alt1,1,52,1150.0,2750.0,0.6889,0.0
DB01_to_DK05#alt1,1,53,1200.0,2800.0,0.6889,0.0
DB01_to_DK05#alt1,1,54,1250.0,2850.0,0.6889,0.0
DB01_to_DK05#alt1,1,55,1300.0,2900.0,0.6065,0.0
DB01_to_DK05#alt1,1,56,1350.0,2950.0,0.5134,0.0
DB01_to_DK05#alt1,1,57,1400.0,3000.0,0.4346,0.0
DB01_to_DK05#alt1,1,58,1450.0,3050.0,0.3679,0.0
DB01_to_DK05#alt1,1,59,1500.0,3050.0,0.3114,0.0
DB01_to_DK05#alt1,1,60,1550.0,3050.0,0.281,0.0
DB01_to_DK05#alt1,1,61,1600.0,3050.0,0.2609,0.0
DB01_to_DK05#alt1,1,62,1650.0,3050.0,0.2384,0.0
DB01_to_DK05#alt1,1,63,1700.0,3050.0,0.2151,0.0
DB01_to_DK05#alt1,1,64,1750.0,3050.0,0.1921,0.0
DB01_to_DK05#alt1,1,65,1800.0,3050.0,0.17,0.0
DB01_to_DK05#alt1,1,66,1850.0,3050.0,0.1517,0.0
DB01_to_DK05#alt1,1,67,1900.0,3050.0,0.1344,0.0
DB01_to_DK05#alt1,1,68,1950.0,3050.0,0.1199,0.0
DB01_to_DK05#alt1,1,69,2000.0,3050.0,0.1344,0.0
DB01_to_DK05#alt1,1,70,2050.0,3050.0,0.1495,0.0
DB01_to_DK05#alt1,1,71,2100.0,3050.0,0.1648,0.0
DB01_to_DK05#alt1,1,72,2150.0,3050.0,0.1798,0.0
DB01_to_DK05#alt1,1,73,2200.0,3050.0,0.1937,0.0
DB01_to_DK05#alt1,1,74,2250.0,3000.0,0.2431,0.0
DB01_to_DK05#alt1,1,75,2250.0,2950.0,0.281,0.0
DB01_to_DK05#alt1,1,76,2200.0,2900.0,0.3006,0.0
DB01_to_DK05#alt1,1,77,2250.0,2850.0,0.3784,0.0
DB01_to_DK05#alt1,1,78,2250.0,2800.0,0.4346,0.0
DB01_to_DK05#alt1,1,79,2250.0,2750.0,0.4931,0.0
DB01_to_DK05#alt2,2,0,750.0,4200.0,0.7165,0.0
DB01_to_DK05#alt2,2,1,750.0,4250.0,0.6889,0.0
DB01_to_DK05#alt2,2,2,750.0,4300.0,0.6241,0.0
DB01_to_DK05#alt2,2,3,700.0,4350.0,0.6241,0.0
DB01_to_DK05#alt2,2,4,650.0,4400.0,0.6241,0.0
DB01_to_DK05#alt2,2,5,650.0,4450.0,0.6889,0.0
DB01_to_DK05#alt2,2,6,650.0,4500.0,0.7165,0.0
DB01_to_DK05#alt2,2,7,600.0,4550.0,0.6065,0.0
DB01_to_DK05#alt2,2,8,550.0,4600.0,0.503,0.0
DB01_to_DK05#alt2,2,9,500.0,4600.0,0.4275,0.0
DB01_to_DK05#alt2,2,10,450.0,4600.0,0.4346,0.0
DB01_to_DK05#alt2,2,11,400.0,4550.0,0.503,0.0
DB01_to_DK05#alt2,2,12,350.0,4550.0,0.4746,0.0
DB01_to_DK05#alt2,2,13,300.0,4500.0,0.503,0.0
DB01_to_DK05#alt2,2,14,250.0,4500.0,0.4746,0.0
DB01_to_DK05#alt2,2,15,200.0,4450.0,0.4931,0.0
DB01_to_DK05#alt2,2,16,150.0,4400.0,0.4931,0.0
DB01_to_DK05#alt2,2,17,100.0,4350.0,0.4746,0.0
DB01_to_DK05#alt2,2,18,150.0,4300.0,0.5903,0.0
DB01_to_DK05#alt2,2,19,200.0,4250.0,0.7165,0.0
DB01_to_DK05#alt2,2,20,200.0,4200.0,0.7165,0.0
DB01_to_DK05#alt2,2,21,200.0,4150.0,0.7165,0.0
DB01_to_DK05#alt2,2,22,150.0,4100.0,0.6065,0.0
DB01_to_DK05#alt2,2,23,150.0,4050.0,0.6065,0.0
DB01_to_DK05#alt2,2,24,150.0,4000.0,0.5903,0.0
DB01_to_DK05#alt2,2,25,150.0,3950.0,0.5483,0.0
DB01_to_DK05#alt2,2,26,150.0,3900.0,0.4931,0.0
DB01_to_DK05#alt2,2,27,150.0,3850.0,0.4346,0.0
DB01_to_DK05#alt2,2,28,150.0,3800.0,0.3895,0.0
DB01_to_DK05#alt2,2,29,150.0,3750.0,0.344,0.0
DB01_to_DK05#alt2,2,30,100.0,3700.0,0.2721,0.0
DB01_to_DK05#alt2,2,31,50.0,3650.0,0.2151,0.0
DB01_to_DK05#alt2,2,32,50.0,3600.0,0.1889,0.0
DB01_to_DK05#alt2,2,33,50.0,3550.0,0.1648,0.0
DB01_to_DK05#alt2,2,34,100.0,3500.0,0.1551,0.0
DB01_to_DK05#alt2,2,35,100.0,3450.0,0.1335,0.0
DB01_to_DK05#alt2,2,36,150.0,3400.0,0.1239,0.0
DB01_to_DK05#alt2,2,37,150.0,3350.0,0.1239,0.0
DB01_to_DK05#alt2,2,38,200.0,3300.0,0.1551,0.0
DB01_to_DK05#alt2,2,39,200.0,3250.0,0.1661,0.0
DB01_to_DK05#alt2,2,40,250.0,3200.0,0.2057,0.0
DB01_to_DK05#alt2,2,41,300.0,3150.0,0.253,0.0
DB01_to_DK05#alt2,2,42,350.0,3100.0,0.3077,0.0
DB01_to_DK05#alt2,2,43,400.0,3050.0,0.3679,0.0
DB01_to_DK05#alt2,2,44,450.0,3000.0,0.4346,0.0
DB01_to_DK05#alt2,2,45,500.0,2950.0,0.5134,0.0
DB01_to_DK05#alt2,2,46,500.0,2900.0,0.503,0.0
DB01_to_DK05#alt2,2,47,500.0,2850.0,0.4746,0.0
DB01_to_DK05#alt2,2,48,550.0,2800.0,0.503,0.0
DB01_to_DK05#alt2,2,49,550.0,2750.0,0.4746,0.0
DB01_to_DK05#alt2,2,50,600.0,2700.0,0.4931,0.0
DB01_to_DK05#alt2,2,51,650.0,2650.0,0.4931,0.0
DB01_to_DK05#alt2,2,52,700.0,2600.0,0.4746,0.0
DB01_to_DK05#alt2,2,53,750.0,2550.0,0.4275,0.0
DB01_to_DK05#alt2,2,54,800.0,2550.0,0.4346,0.0
DB01_to_DK05#alt2,2,55,850.0,2550.0,0.4346,0.0
DB01_to_DK05#alt2,2,56,900.0,2550.0,0.4346,0.0
DB01_to_DK05#alt2,2,57,950.0,2600.0,0.5134,0.0
DB01_to_DK05#alt2,2,58,1000.0,2600.0,0.5134,0.0
DB01_to_DK05#alt2,2,59,1050.0,2600.0,0.5134,0.0
DB01_to_DK05#alt2,2,60,1100.0,2600.0,0.503,0.0
DB01_to_DK05#alt2,2,61,1150.0,2600.0,0.503,0.0
DB01_to_DK05#alt2,2,62,1200.0,2600.0,0.5483,0.0
DB01_to_DK05#alt2,2,63,1250.0,2550.0,0.6889,0.0
DB01_to_DK05#alt2,2,64,1300.0,2550.0,0.7165,0.0
DB01_to_DK05#alt2,2,65,1350.0,2550.0,0.7165,0.0
DB01_to_DK05#alt2,2,66,1400.0,2600.0,0.6065,0.0
DB01_to_DK05#alt2,2,67,1450.0,2650.0,0.503,0.0
DB01_to_DK05#alt2,2,68,1500.0,2700.0,0.4076,0.0
DB01_to_DK05#alt2,2,69,1550.0,2750.0,0.3269,0.0
DB01_to_DK05#alt2,2,70,1600.0,2800.0,0.2609,0.0
DB01_to_DK05#alt2,2,71,1650.0,2850.0,0.2076,0.0
DB01_to_DK05#alt2,2,72,1700.0,2850.0,0.1937,0.0
DB01_to_DK05#alt2,2,73,1750.0,2850.0,0.1798,0.0
DB01_to_DK05#alt2,2,74,1800.0,2850.0,0.1648,0.0
DB01_to_DK05#alt2,2,75,1850.0,2850.0,0.1495,0.0
DB01_to_DK05#alt2,2,76,1900.0,2850.0,0.1648,0.0
DB01_to_DK05#alt2,2,77,1950.0,2850.0,0.1889,0.0
DB01_to_DK05#alt2,2,78,2000.0,2850.0,0.2151,0.0
DB01_to_DK05#alt2,2,79,2050.0,2800.0,0.2721,0.0
DB01_to_DK05#alt2,2,80,2100.0,2750.0,0.344,0.0
DB01_to_DK05#alt2,2,81,2150.0,2750.0,0.3895,0.0
DB01_to_DK05#alt2,2,82,2200.0,2750.0,0.4346,0.0
DB01_to_DK05#alt2,2,83,2250.0,2750.0,0.4931,0.0
DB01_to_DK05#alt3,3,0,750.0,4200.0,0.7165,0.0
DB01_to_DK05#alt3,3,1,800.0,4200.0,0.6241,0.0
DB01_to_DK05#alt3,3,2,850.0,4250.0,0.6241,0.0
DB01_to_DK05#alt3,3,3,900.0,4300.0,0.6241,0.0
DB01_to_DK05#alt3,3,4,950.0,4300.0,0.6889,0.0
DB01_to_DK05#alt3,3,5,1000.0,4300.0,0.7165,0.0
DB01_to_DK05#alt3,3,6,1050.0,4350.0,0.6241,0.0
DB01_to_DK05#alt3,3,7,1100.0,4400.0,0.6241,0.0
DB01_to_DK05#alt3,3,8,1150.0,4450.0,0.5903,0.0
DB01_to_DK05#alt3,3,9,1100.0,4500.0,0.7165,0.0
DB01_to_DK05#alt3,3,10,1100.0,4550.0,0.7165,0.0
DB01_to_DK05#alt3,3,11,1100.0,4600.0,0.7165,0.0
DB01_to_DK05#alt3,3,12,1150.0,4650.0,0.5903,0.0
DB01_to_DK05#alt3,3,13,1200.0,4700.0,0.4746,0.0
DB01_to_DK05#alt3,3,14,1250.0,4750.0,0.4746,0.0
DB01_to_DK05#alt3,3,15,1300.0,4800.0,0.4931,0.0
DB01_to_DK05#alt3,3,16,1350.0,4850.0,0.4746,0.0
DB01_to_DK05#alt3,3,17,1400.0,4900.0,0.4275,0.0
DB01_to_DK05#alt3,3,18,1450.0,4850.0,0.5134,0.0
DB01_to_DK05#alt3,3,19,1500.0,4800.0,0.6065,0.0
DB01_to_DK05#alt3,3,20,1550.0,4750.0,0.7165,0.0
DB01_to_DK05#alt3,3,21,1600.0,4800.0,0.5903,0.0
DB01_to_DK05#alt3,3,22,1650.0,4850.0,0.5483,0.0
DB01_to_DK05#alt3,3,23,1700.0,4850.0,0.6241,0.0
DB01_to_DK05#alt3,3,24,1750.0,4900.0,0.6241,0.0
DB01_to_DK05#alt3,3,25,1800.0,4900.0,0.6889,0.0
DB01_to_DK05#alt3,3,26,1850.0,4900.0,0.7165,0.0
DB01_to_DK05#alt3,3,27,1900.0,4950.0,0.6065,0.0
DB01_to_DK05#alt3,3,28,1950.0,4950.0,0.6065,0.0
DB01_to_DK05#alt3,3,29,2000.0,4950.0,0.6065,0.0
DB01_to_DK05#alt3,3,30,2050.0,4950.0,0.5903,0.0
DB01_to_DK05#alt3,3,31,2100.0,4950.0,0.5483,0.0
DB01_to_DK05#alt3,3,32,2150.0,4950.0,0.4931,0.0
DB01_to_DK05#alt3,3,33,2200.0,4900.0,0.4931,0.0
DB01_to_DK05#alt3,3,34,2250.0,4850.0,0.4931,0.0
DB01_to_DK05#alt3,3,35,2300.0,4800.0,0.4746,0.0
DB01_to_DK05#alt3,3,36,2350.0,4750.0,0.4275,0.0
DB01_to_DK05#alt3,3,37,2400.0,4700.0,0.4076,0.0
DB01_to_DK05#alt3,3,38,2450.0,4650.0,0.503,0.0
DB01_to_DK05#alt3,3,39,2500.0,4600.0,0.6065,0.0
DB01_to_DK05#alt3,3,40,2550.0,4550.0,0.7165,0.0
DB01_to_DK05#alt3,3,41,2600.0,4550.0,0.6889,0.0
DB01_to_DK05#alt3,3,42,2650.0,4500.0,0.6889,0.0
DB01_to_DK05#alt3,3,43,2700.0,4450.0,0.6065,0.0
DB01_to_DK05#alt3,3,44,2700.0,4400.0,0.6065,0.0
DB01_to_DK05#alt3,3,45,2650.0,4350.0,0.6889,0.0
DB01_to_DK05#alt3,3,46,2650.0,4300.0,0.6241,0.0
DB01_to_DK05#alt3,3,47,2600.0,4250.0,0.6241,0.0
DB01_to_DK05#alt3,3,48,2550.0,4200.0,0.5903,0.0
DB01_to_DK05#alt3,3,49,2500.0,4150.0,0.5134,0.0
DB01_to_DK05#alt3,3,50,2500.0,4100.0,0.4346,0.0
DB01_to_DK05#alt3,3,51,2500.0,4050.0,0.3679,0.0
DB01_to_DK05#alt3,3,52,2500.0,4000.0,0.3114,0.0
DB01_to_DK05#alt3,3,53,2500.0,3950.0,0.2636,0.0
DB01_to_DK05#alt3,3,54,2500.0,3900.0,0.2231,0.0
DB01_to_DK05#alt3,3,55,2500.0,3850.0,0.1889,0.0
DB01_to_DK05#alt3,3,56,2500.0,3800.0,0.1599,0.0
DB01_to_DK05#alt3,3,57,2500.0,3750.0,0.1432,0.0
DB01_to_DK05#alt3,3,58,2500.0,3700.0,0.1308,0.0
DB01_to_DK05#alt3,3,59,2450.0,3650.0,0.1308,0.0
DB01_to_DK05#alt3,3,60,2450.0,3600.0,0.1183,0.0
DB01_to_DK05#alt3,3,61,2450.0,3550.0,0.1069,0.0
DB01_to_DK05#alt3,3,62,2450.0,3500.0,0.1146,0.0
DB01_to_DK05#alt3,3,63,2450.0,3450.0,0.1215,0.0
DB01_to_DK05#alt3,3,64,2450.0,3400.0,0.1273,0.0
DB01_to_DK05#alt3,3,65,2450.0,3350.0,0.1317,0.0
DB01_to_DK05#alt3,3,66,2450.0,3300.0,0.1344,0.0
DB01_to_DK05#alt3,3,67,2450.0,3250.0,0.1551,0.0
DB01_to_DK05#alt3,3,68,2450.0,3200.0,0.1827,0.0
DB01_to_DK05#alt3,3,69,2450.0,3150.0,0.2151,0.0
DB01_to_DK05#alt3,3,70,2450.0,3100.0,0.253,0.0
DB01_to_DK05#alt3,3,71,2450.0,3050.0,0.2972,0.0
DB01_to_DK05#alt3,3,72,2450.0,3000.0,0.3485,0.0
DB01_to_DK05#alt3,3,73,2400.0,2950.0,0.3784,0.0
DB01_to_DK05#alt3,3,74,2400.0,2900.0,0.4346,0.0
DB01_to_DK05#alt3,3,75,2450.0,2850.0,0.5483,0.0
DB01_to_DK05#alt3,3,76,2400.0,2800.0,0.5483,0.0
DB01_to_DK05#alt3,3,77,2350.0,2750.0,0.5903,0.0
DB01_to_DK05#alt3,3,78,2300.0,2750.0,0.5483,0.0
DB01_to_DK05#alt3,3,79,2250.0,2750.0,0.4931,0.0
DB01_to_DK05#alt4,4,0,750.0,4200.0,0.7165,0.0
DB01_to_DK05#alt4,4,1,800.0,4250.0,0.5903,0.0
DB01_to_DK05#alt4,4,2,750.0,4300.0,0.6241,0.0
DB01_to_DK05#alt4,4,3,700.0,4350.0,0.6241,0.0
DB01_to_DK05#alt4,4,4,650.0,4400.0,0.6241,0.0
DB01_to_DK05#alt4,4,5,600.0,4450.0,0.5903,0.0
DB01_to_DK05#alt4,4,6,650.0,4500.0,0.7165,0.0
DB01_to_DK05#alt4,4,7,650.0,4550.0,0.7165,0.0
DB01_to_DK05#alt4,4,8,650.0,4600.0,0.6889,0.0
DB01_to_DK05#alt4,4,9,650.0,4650.0,0.6241,0.0
DB01_to_DK05#alt4,4,10,600.0,4700.0,0.503,0.0
DB01_to_DK05#alt4,4,11,550.0,4700.0,0.4346,0.0
DB01_to_DK05#alt4,4,12,500.0,4700.0,0.3784,0.0
DB01_to_DK05#alt4,4,13,450.0,4700.0,0.3269,0.0
DB01_to_DK05#alt4,4,14,400.0,4700.0,0.3077,0.0
DB01_to_DK05#alt4,4,15,350.0,4650.0,0.3485,0.0
DB01_to_DK05#alt4,4,16,300.0,4650.0,0.3269,0.0
DB01_to_DK05#alt4,4,17,250.0,4600.0,0.3485,0.0
DB01_to_DK05#alt4,4,18,200.0,4600.0,0.3269,0.0
DB01_to_DK05#alt4,4,19,150.0,4550.0,0.344,0.0
DB01_to_DK05#alt4,4,20,100.0,4500.0,0.344,0.0
DB01_to_DK05#alt4,4,21,50.0,4450.0,0.344,0.0
DB01_to_DK05#alt4,4,22,50.0,4400.0,0.3784,0.0
DB01_to_DK05#alt4,4,23,50.0,4350.0,0.4076,0.0
DB01_to_DK05#alt4,4,24,50.0,4300.0,0.4275,0.0
DB01_to_DK05#alt4,4,25,100.0,4250.0,0.5134,0.0
DB01_to_DK05#alt4,4,26,150.0,4200.0,0.6065,0.0
DB01_to_DK05#alt4,4,27,200.0,4150.0,0.7165,0.0
DB01_to_DK05#alt4,4,28,200.0,4100.0,0.7165,0.0
DB01_to_DK05#alt4,4,29,200.0,4050.0,0.7165,0.0
DB01_to_DK05#alt4,4,30,200.0,4000.0,0.6889,0.0
DB01_to_DK05#alt4,4,31,250.0,3950.0,0.6889,0.0
DB01_to_DK05#alt4,4,32,300.0,3900.0,0.6889,0.0
DB01_to_DK05#alt4,4,33,350.0,3850.0,0.6241,0.0
DB01_to_DK05#alt4,4,34,400.0,3800.0,0.5903,0.0
DB01_to_DK05#alt4,4,35,400.0,3750.0,0.503,0.0
DB01_to_DK05#alt4,4,36,400.0,3700.0,0.4275,0.0
DB01_to_DK05#alt4,4,37,400.0,3650.0,0.3628,0.0
DB01_to_DK05#alt4,4,38,400.0,3600.0,0.3077,0.0
DB01_to_DK05#alt4,4,39,400.0,3550.0,0.2609,0.0
DB01_to_DK05#alt4,4,40,400.0,3500.0,0.253,0.0
DB01_to_DK05#alt4,4,41,400.0,3450.0,0.2407,0.0
DB01_to_DK05#alt4,4,42,400.0,3400.0,0.2384,0.0
DB01_to_DK05#alt4,4,43,400.0,3350.0,0.2609,0.0
DB01_to_DK05#alt4,4,44,350.0,3300.0,0.2407,0.0
DB01_to_DK05#alt4,4,45,300.0,3250.0,0.2252,0.0
DB01_to_DK05#alt4,4,46,250.0,3200.0,0.2057,0.0
DB01_to_DK05#alt4,4,47,200.0,3150.0,0.1827,0.0
DB01_to_DK05#alt4,4,48,150.0,3100.0,0.1587,0.0
DB01_to_DK05#alt4,4,49,150.0,3050.0,0.1599,0.0
DB01_to_DK05#alt4,4,50,150.0,3000.0,0.1599,0.0
DB01_to_DK05#alt4,4,51,200.0,2950.0,0.1889,0.0
DB01_to_DK05#alt4,4,52,250.0,2900.0,0.2211,0.0
DB01_to_DK05#alt4,4,53,300.0,2850.0,0.253,0.0
DB01_to_DK05#alt4,4,54,350.0,2800.0,0.281,0.0
DB01_to_DK05#alt4,4,55,400.0,2750.0,0.3006,0.0
DB01_to_DK05#alt4,4,56,450.0,2700.0,0.3269,0.0
DB01_to_DK05#alt4,4,57,500.0,2650.0,0.344,0.0
DB01_to_DK05#alt4,4,58,550.0,2600.0,0.344,0.0
DB01_to_DK05#alt4,4,59,600.0,2550.0,0.344,0.0
DB01_to_DK05#alt4,4,60,650.0,2500.0,0.3269,0.0
DB01_to_DK05#alt4,4,61,700.0,2450.0,0.2972,0.0
DB01_to_DK05#alt4,4,62,750.0,2400.0,0.2972,0.0
DB01_to_DK05#alt4,4,63,800.0,2350.0,0.3628,0.0
DB01_to_DK05#alt4,4,64,850.0,2300.0,0.4346,0.0
DB01_to_DK05#alt4,4,65,900.0,2250.0,0.5134,0.0
DB01_to_DK05#alt4,4,66,950.0,2200.0,0.6065,0.0
DB01_to_DK05#alt4,4,67,1000.0,2150.0,0.6889,0.0
DB01_to_DK05#alt4,4,68,1050.0,2100.0,0.7165,0.0
DB01_to_DK05#alt4,4,69,1050.0,2050.0,0.6889,0.0
DB01_to_DK05#alt4,4,70,1100.0,2000.0,0.6889,0.0
DB01_to_DK05#alt4,4,71,1150.0,1950.0,0.6889,0.0
DB01_to_DK05#alt4,4,72,1200.0,1900.0,0.6241,0.0
DB01_to_DK05#alt4,4,73,1250.0,1850.0,0.5903,0.0
DB01_to_DK05#alt4,4,74,1300.0,1850.0,0.6065,0.0
DB01_to_DK05#alt4,4,75,1350.0,1900.0,0.7165,0.0
DB01_to_DK05#alt4,4,76,1400.0,1900.0,0.7165,0.0
DB01_to_DK05#alt4,4,77,1450.0,1900.0,0.6889,0.0
DB01_to_DK05#alt4,4,78,1500.0,1950.0,0.7165,0.0
DB01_to_DK05#alt4,4,79,1550.0,1950.0,0.6889,0.0
DB01_to_DK05#alt4,4,80,1600.0,2000.0,0.6889,0.0
DB01_to_DK05#alt4,4,81,1650.0,2050.0,0.6889,0.0
DB01_to_DK05#alt4,4,82,1650.0,2100.0,0.7165,0.0
DB01_to_DK05#alt4,4,83,1650.0,2150.0,0.7165,0.0
DB01_to_DK05#alt4,4,84,1650.0,2200.0,0.7165,0.0
DB01_to_DK05#alt4,4,85,1650.0,2250.0,0.7165,0.0
DB01_to_DK05#alt4,4,86,1650.0,2300.0,0.7165,0.0
DB01_to_DK05#alt4,4,87,1650.0,2350.0,0.7165,0.0
DB01_to_DK05#alt4,4,88,1650.0,2400.0,0.6889,0.0
DB01_to_DK05#alt4,4,89,1650.0,2450.0,0.6241,0.0
DB01_to_DK05#alt4,4,90,1650.0,2500.0,0.5483,0.0
DB01_to_DK05#alt4,4,91,1700.0,2550.0,0.4346,0.0
DB01_to_DK05#alt4,4,92,1750.0,2600.0,0.344,0.0
DB01_to_DK05#alt4,4,93,1800.0,2650.0,0.2721,0.0
DB01_to_DK05#alt4,4,94,1850.0,2700.0,0.2151,0.0
DB01_to_DK05#alt4,4,95,1900.0,2700.0,0.2076,0.0
DB01_to_DK05#alt4,4,96,1950.0,2650.0,0.2609,0.0
DB01_to_DK05#alt4,4,97,2000.0,2650.0,0.3006,0.0
DB01_to_DK05#alt4,4,98,2050.0,2650.0,0.3485,0.0
DB01_to_DK05#alt4,4,99,2100.0,2650.0,0.4076,0.0
DB01_to_DK05#alt4,4,100,2150.0,2700.0,0.4346,0.0
DB01_to_DK05#alt4,4,101,2200.0,2750.0,0.4346,0.0
DB01_to_DK05#alt4,4,102,2250.0,2750.0,0.4931,0.0
DB01_to_DK05#alt5,5,0,750.0,4200.0,0.7165,0.0
DB01_to_DK05#alt5,5,1,800.0,4250.0,0.5903,0.0
DB01_to_DK05#alt5,5,2,850.0,4300.0,0.6065,0.0
DB01_to_DK05#alt5,5,3,900.0,4350.0,0.7165,0.0
DB01_to_DK05#alt5,5,4,950.0,4350.0,0.7165,0.0
DB01_to_DK05#alt5,5,5,1000.0,4350.0,0.6889,0.0
DB01_to_DK05#alt5,5,6,1050.0,4350.0,0.6241,0.0
DB01_to_DK05#alt5,5,7,1100.0,4350.0,0.6889,0.0
DB01_to_DK05#alt5,5,8,1150.0,4350.0,0.7165,0.0
DB01_to_DK05#alt5,5,9,1200.0,4350.0,0.7165,0.0
DB01_to_DK05#alt5,5,10,1250.0,4400.0,0.6065,0.0
DB01_to_DK05#alt5,5,11,1300.0,4450.0,0.5483,0.0
DB01_to_DK05#alt5,5,12,1350.0,4500.0,0.6889,0.0
DB01_to_DK05#alt5,5,13,1350.0,4550.0,0.7165,0.0
DB01_to_DK05#alt5,5,14,1300.0,4600.0,0.6065,0.0
DB01_to_DK05#alt5,5,15,1250.0,4650.0,0.5134,0.0
DB01_to_DK05#alt5,5,16,1200.0,4700.0,0.4746,0.0
DB01_to_DK05#alt5,5,17,1150.0,4750.0,0.4931,0.0
DB01_to_DK05#alt5,5,18,1150.0,4800.0,0.4346,0.0
DB01_to_DK05#alt5,5,19,1200.0,4850.0,0.344,0.0
DB01_to_DK05#alt5,5,20,1250.0,4900.0,0.344,0.0
DB01_to_DK05#alt5,5,21,1300.0,4950.0,0.3269,0.0
DB01_to_DK05#alt5,5,22,1350.0,4950.0,0.3485,0.0
DB01_to_DK05#alt5,5,23,1400.0,4950.0,0.3628,0.0
DB01_to_DK05#alt5,5,24,1450.0,4950.0,0.3679,0.0
DB01_to_DK05#alt5,5,25,1500.0,4950.0,0.3679,0.0
DB01_to_DK05#alt5,5,26,1550.0,4900.0,0.4346,0.0
DB01_to_DK05#alt5,5,27,1600.0,4900.0,0.4346,0.0
DB01_to_DK05#alt5,5,28,1650.0,4900.0,0.4931,0.0
DB01_to_DK05#alt5,5,29,1700.0,4900.0,0.5483,0.0
DB01_to_DK05#alt5,5,30,1750.0,4900.0,0.6241,0.0
DB01_to_DK05#alt5,5,31,1800.0,4900.0,0.6889,0.0
DB01_to_DK05#alt5,5,32,1850.0,4900.0,0.7165,0.0
DB01_to_DK05#alt5,5,33,1900.0,4900.0,0.7165,0.0
DB01_to_DK05#alt5,5,34,1950.0,4900.0,0.7165,0.0
DB01_to_DK05#alt5,5,35,2000.0,4900.0,0.7165,0.0
DB01_to_DK05#alt5,5,36,2050.0,4900.0,0.6889,0.0
DB01_to_DK05#alt5,5,37,2100.0,4850.0,0.6889,0.0
DB01_to_DK05#alt5,5,38,2150.0,4800.0,0.6889,0.0
DB01_to_DK05#alt5,5,39,2200.0,4750.0,0.6889,0.0
DB01_to_DK05#alt5,5,40,2200.0,4700.0,0.7165,0.0
DB01_to_DK05#alt5,5,41,2200.0,4650.0,0.7165,0.0
DB01_to_DK05#alt5,5,42,2200.0,4600.0,0.7165,0.0
DB01_to_DK05#alt5,5,43,2200.0,4550.0,0.6889,0.0
DB01_to_DK05#alt5,5,44,2150.0,4500.0,0.6889,0.0
DB01_to_DK05#alt5,5,45,2150.0,4450.0,0.6241,0.0
DB01_to_DK05#alt5,5,46,2150.0,4400.0,0.5483,0.0
DB01_to_DK05#alt5,5,47,2150.0,4350.0,0.5903,0.0
DB01_to_DK05#alt5,5,48,2200.0,4300.0,0.5134,0.0
DB01_to_DK05#alt5,5,49,2200.0,4250.0,0.5134,0.0
DB01_to_DK05#alt5,5,50,2250.0,4200.0,0.4346,0.0
DB01_to_DK05#alt5,5,51,2250.0,4150.0,0.4346,0.0
DB01_to_DK05#alt5,5,52,2250.0,4100.0,0.4346,0.0
DB01_to_DK05#alt5,5,53,2250.0,4050.0,0.4275,0.0
DB01_to_DK05#alt5,5,54,2250.0,4000.0,0.4076,0.0
DB01_to_DK05#alt5,5,55,2250.0,3950.0,0.3784,0.0
DB01_to_DK05#alt5,5,56,2250.0,3900.0,0.3485,0.0
DB01_to_DK05#alt5,5,57,2250.0,3850.0,0.3269,0.0
DB01_to_DK05#alt5,5,58,2250.0,3800.0,0.3006,0.0
DB01_to_DK05#alt5,5,59,2250.0,3750.0,0.2721,0.0
DB01_to_DK05#alt5,5,60,2250.0,3700.0,0.2431,0.0
DB01_to_DK05#alt5,5,61,2250.0,3650.0,0.2151,0.0
DB01_to_DK05#alt5,5,62,2250.0,3600.0,0.1889,0.0
DB01_to_DK05#alt5,5,63,2250.0,3550.0,0.1648,0.0
DB01_to_DK05#alt5,5,64,2250.0,3500.0,0.1432,0.0
DB01_to_DK05#alt5,5,65,2250.0,3450.0,0.1239,0.0
DB01_to_DK05#alt5,5,66,2250.0,3400.0,0.1069,0.0
DB01_to_DK05#alt5,5,67,2250.0,3350.0,0.0981,0.0
DB01_to_DK05#alt5,5,68,2250.0,3300.0,0.1069,0.0
DB01_to_DK05#alt5,5,69,2250.0,3250.0,0.1239,0.0
DB01_to_DK05#alt5,5,70,2250.0,3200.0,0.1432,0.0
DB01_to_DK05#alt5,5,71,2250.0,3150.0,0.1648,0.0
DB01_to_DK05#alt5,5,72,2300.0,3100.0,0.2076,0.0
DB01_to_DK05#alt5,5,73,2300.0,3050.0,0.2384,0.0
DB01_to_DK05#alt5,5,74,2300.0,3000.0,0.2721,0.0
DB01_to_DK05#alt5,5,75,2300.0,2950.0,0.3077,0.0
DB01_to_DK05#alt5,5,76,2250.0,2900.0,0.3269,0.0
DB01_to_DK05#alt5,5,77,2250.0,2850.0,0.3784,0.0
DB01_to_DK05#alt5,5,78,2250.0,2800.0,0.4346,0.0
DB01_to_DK05#alt5,5,79,2250.0,2750.0,0.4931,0.0
DB01_to_DK05#alt6,6,0,750.0,4200.0,0.7165,0.0
DB01_to_DK05#alt6,6,1,750.0,4250.0,0.6889,0.0
DB01_to_DK05#alt6,6,2,700.0,4300.0,0.6889,0.0
DB01_to_DK05#alt6,6,3,650.0,4350.0,0.6889,0.0
DB01_to_DK05#alt6,6,4,600.0,4400.0,0.6889,0.0
DB01_to_DK05#alt6,6,5,550.0,4450.0,0.6241,0.0
DB01_to_DK05#alt6,6,6,500.0,4450.0,0.6889,0.0
DB01_to_DK05#alt6,6,7,450.0,4500.0,0.6065,0.0
DB01_to_DK05#alt6,6,8,400.0,4450.0,0.6889,0.0
DB01_to_DK05#alt6,6,9,350.0,4450.0,0.6241,0.0
DB01_to_DK05#alt6,6,10,300.0,4400.0,0.6889,0.0
DB01_to_DK05#alt6,6,11,250.0,4350.0,0.6889,0.0
DB01_to_DK05#alt6,6,12,200.0,4300.0,0.6889,0.0
DB01_to_DK05#alt6,6,13,150.0,4250.0,0.6065,0.0
DB01_to_DK05#alt6,6,14,100.0,4200.0,0.5134,0.0
DB01_to_DK05#alt6,6,15,100.0,4150.0,0.5134,0.0
DB01_to_DK05#alt6,6,16,100.0,4100.0,0.5134,0.0
DB01_to_DK05#alt6,6,17,100.0,4050.0,0.5134,0.0
DB01_to_DK05#alt6,6,18,100.0,4000.0,0.503,0.0
DB01_to_DK05#alt6,6,19,150.0,3950.0,0.5483,0.0
DB01_to_DK05#alt6,6,20,200.0,3900.0,0.5483,0.0
DB01_to_DK05#alt6,6,21,250.0,3850.0,0.5483,0.0
DB01_to_DK05#alt6,6,22,250.0,3800.0,0.4746,0.0
DB01_to_DK05#alt6,6,23,300.0,3750.0,0.4346,0.0
DB01_to_DK05#alt6,6,24,300.0,3700.0,0.3784,0.0
DB01_to_DK05#alt6,6,25,300.0,3650.0,0.3269,0.0
DB01_to_DK05#alt6,6,26,300.0,3600.0,0.281,0.0
DB01_to_DK05#alt6,6,27,250.0,3550.0,0.2252,0.0
DB01_to_DK05#alt6,6,28,200.0,3500.0,0.1798,0.0
DB01_to_DK05#alt6,6,29,150.0,3450.0,0.1432,0.0
DB01_to_DK05#alt6,6,30,100.0,3400.0,0.1146,0.0
DB01_to_DK05#alt6,6,31,50.0,3350.0,0.092,0.0
DB01_to_DK05#alt6,6,32,50.0,3300.0,0.0981,0.0
DB01_to_DK05#alt6,6,33,50.0,3250.0,0.1036,0.0
DB01_to_DK05#alt6,6,34,50.0,3200.0,0.1082,0.0
DB01_to_DK05#alt6,6,35,50.0,3150.0,0.1117,0.0
DB01_to_DK05#alt6,6,36,50.0,3100.0,0.1138,0.0
DB01_to_DK05#alt6,6,37,50.0,3050.0,0.1146,0.0
DB01_to_DK05#alt6,6,38,50.0,3000.0,0.1146,0.0
DB01_to_DK05#alt6,6,39,50.0,2950.0,0.1146,0.0
DB01_to_DK05#alt6,6,40,100.0,2900.0,0.1344,0.0
DB01_to_DK05#alt6,6,41,150.0,2850.0,0.1551,0.0
DB01_to_DK05#alt6,6,42,200.0,2800.0,0.1755,0.0
DB01_to_DK05#alt6,6,43,250.0,2750.0,0.1937,0.0
DB01_to_DK05#alt6,6,44,300.0,2700.0,0.2076,0.0
DB01_to_DK05#alt6,6,45,350.0,2650.0,0.2252,0.0
DB01_to_DK05#alt6,6,46,400.0,2600.0,0.2384,0.0
DB01_to_DK05#alt6,6,47,450.0,2550.0,0.2431,0.0
DB01_to_DK05#alt6,6,48,500.0,2500.0,0.2431,0.0
DB01_to_DK05#alt6,6,49,550.0,2450.0,0.2384,0.0
DB01_to_DK05#alt6,6,50,600.0,2400.0,0.2252,0.0
DB01_to_DK05#alt6,6,51,650.0,2350.0,0.2211,0.0
DB01_to_DK05#alt6,6,52,700.0,2400.0,0.253,0.0
DB01_to_DK05#alt6,6,53,750.0,2450.0,0.3077,0.0
DB01_to_DK05#alt6,6,54,800.0,2450.0,0.3269,0.0
DB01_to_DK05#alt6,6,55,850.0,2450.0,0.3784,0.0
DB01_to_DK05#alt6,6,56,900.0,2450.0,0.4346,0.0
DB01_to_DK05#alt6,6,57,950.0,2500.0,0.4346,0.0
DB01_to_DK05#alt6,6,58,1000.0,2550.0,0.4346,0.0
DB01_to_DK05#alt6,6,59,1050.0,2600.0,0.5134,0.0
DB01_to_DK05#alt6,6,60,1100.0,2650.0,0.5903,0.0
DB01_to_DK05#alt6,6,61,1150.0,2700.0,0.6241,0.0
DB01_to_DK05#alt6,6,62,1200.0,2750.0,0.6241,0.0
DB01_to_DK05#alt6,6,63,1250.0,2800.0,0.6241,0.0
DB01_to_DK05#alt6,6,64,1300.0,2850.0,0.5903,0.0
DB01_to_DK05#alt6,6,65,1250.0,2900.0,0.7165,0.0
DB01_to_DK05#alt6,6,66,1250.0,2950.0,0.7165,0.0
DB01_to_DK05#alt6,6,67,1250.0,3000.0,0.7165,0.0
DB01_to_DK05#alt6,6,68,1300.0,3050.0,0.6065,0.0
DB01_to_DK05#alt6,6,69,1350.0,3100.0,0.5134,0.0
DB01_to_DK05#alt6,6,70,1400.0,3150.0,0.4346,0.0
DB01_to_DK05#alt6,6,71,1450.0,3150.0,0.4275,0.0
DB01_to_DK05#alt6,6,72,1500.0,3150.0,0.4076,0.0
DB01_to_DK05#alt6,6,73,1550.0,3150.0,0.3784,0.0
DB01_to_DK05#alt6,6,74,1600.0,3150.0,0.344,0.0
DB01_to_DK05#alt6,6,75,1650.0,3150.0,0.3077,0.0
DB01_to_DK05#alt6,6,76,1700.0,3150.0,0.2721,0.0
DB01_to_DK05#alt6,6,77,1750.0,3150.0,0.2431,0.0
DB01_to_DK05#alt6,6,78,1800.0,3150.0,0.2151,0.0
DB01_to_DK05#alt6,6,79,1850.0,3150.0,0.1921,0.0
DB01_to_DK05#alt6,6,80,1900.0,3150.0,0.17,0.0
DB01_to_DK05#alt6,6,81,1950.0,3150.0,0.1517,0.0
DB01_to_DK05#alt6,6,82,2000.0,3150.0,0.1344,0.0
DB01_to_DK05#alt6,6,83,2050.0,3150.0,0.1199,0.0
DB01_to_DK05#alt6,6,84,2100.0,3100.0,0.1432,0.0
DB01_to_DK05#alt6,6,85,2100.0,3050.0,0.1648,0.0
DB01_to_DK05#alt6,6,86,2100.0,3000.0,0.1889,0.0
DB01_to_DK05#alt6,6,87,2100.0,2950.0,0.2151,0.0
DB01_to_DK05#alt6,6,88,2150.0,2900.0,0.2721,0.0
DB01_to_DK05#alt6,6,89,2200.0,2850.0,0.344,0.0
DB01_to_DK05#alt6,6,90,2250.0,2800.0,0.4346,0.0
DB01_to_DK05#alt6,6,91,2250.0,2750.0,0.4931,0.0
DB01_to_DK05#alt7,7,0,750.0,4200.0,0.7165,0.0
DB01_to_DK05#alt7,7,1,800.0,4250.0,0.5903,0.0
DB01_to_DK05#alt7,7,2,850.0,4300.0,0.6065,0.0
DB01_to_DK05#alt7,7,3,900.0,4300.0,0.6241,0.0
DB01_to_DK05#alt7,7,4,950.0,4300.0,0.6889,0.0
DB01_to_DK05#alt7,7,5,1000.0,4350.0,0.6889,0.0
DB01_to_DK05#alt7,7,6,1050.0,4400.0,0.6889,0.0
DB01_to_DK05#alt7,7,7,1100.0,4450.0,0.6889,0.0
DB01_to_DK05#alt7,7,8,1150.0,4500.0,0.6065,0.0
DB01_to_DK05#alt7,7,9,1200.0,4500.0,0.5134,0.0
DB01_to_DK05#alt7,7,10,1250.0,4550.0,0.5134,0.0
DB01_to_DK05#alt7,7,11,1300.0,4600.0,0.6065,0.0
DB01_to_DK05#alt7,7,12,1350.0,4650.0,0.7165,0.0
DB01_to_DK05#alt7,7,13,1350.0,4700.0,0.6889,0.0
DB01_to_DK05#alt7,7,14,1400.0,4750.0,0.6889,0.0
DB01_to_DK05#alt7,7,15,1450.0,4750.0,0.7165,0.0
DB01_to_DK05#alt7,7,16,1500.0,4750.0,0.7165,0.0
DB01_to_DK05#alt7,7,17,1550.0,4800.0,0.6065,0.0
DB01_to_DK05#alt7,7,18,1600.0,4750.0,0.6889,0.0
DB01_to_DK05#alt7,7,19,1650.0,4800.0,0.5903,0.0
DB01_to_DK05#alt7,7,20,1700.0,4850.0,0.6241,0.0
DB01_to_DK05#alt7,7,21,1750.0,4900.0,0.6241,0.0
DB01_to_DK05#alt7,7,22,1800.0,4950.0,0.5903,0.0
DB01_to_DK05#alt7,7,23,1850.0,4950.0,0.6065,0.0
DB01_to_DK05#alt7,7,24,1900.0,4950.0,0.6065,0.0
DB01_to_DK05#alt7,7,25,1950.0,4950.0,0.6065,0.0
DB01_to_DK05#alt7,7,26,2000.0,4950.0,0.6065,0.0
DB01_to_DK05#alt7,7,27,2050.0,4950.0,0.5903,0.0
DB01_to_DK05#alt7,7,28,2100.0,4900.0,0.6241,0.0
DB01_to_DK05#alt7,7,29,2150.0,4950.0,0.4931,0.0
DB01_to_DK05#alt7,7,30,2200.0,4950.0,0.4346,0.0
DB01_to_DK05#alt7,7,31,2250.0,4950.0,0.3895,0.0
DB01_to_DK05#alt7,7,32,2300.0,4950.0,0.344,0.0
DB01_to_DK05#alt7,7,33,2350.0,4900.0,0.344,0.0
DB01_to_DK05#alt7,7,34,2400.0,4850.0,0.3269,0.0
DB01_to_DK05#alt7,7,35,2450.0,4800.0,0.3077,0.0
DB01_to_DK05#alt7,7,36,2500.0,4750.0,0.3679,0.0
DB01_to_DK05#alt7,7,37,2550.0,4700.0,0.4346,0.0
DB01_to_DK05#alt7,7,38,2600.0,4650.0,0.503,0.0
DB01_to_DK05#alt7,7,39,2650.0,4650.0,0.4746,0.0
DB01_to_DK05#alt7,7,40,2700.0,4600.0,0.4931,0.0
DB01_to_DK05#alt7,7,41,2750.0,4550.0,0.4746,0.0
DB01_to_DK05#alt7,7,42,2800.0,4500.0,0.4275,0.0
DB01_to_DK05#alt7,7,43,2800.0,4450.0,0.4346,0.0
DB01_to_DK05#alt7,7,44,2800.0,4400.0,0.4346,0.0
DB01_to_DK05#alt7,7,45,2800.0,4350.0,0.4746,0.0
DB01_to_DK05#alt7,7,46,2750.0,4300.0,0.4746,0.0
DB01_to_DK05#alt7,7,47,2750.0,4250.0,0.4746,0.0
DB01_to_DK05#alt7,7,48,2700.0,4200.0,0.4346,0.0
DB01_to_DK05#alt7,7,49,2650.0,4150.0,0.4346,0.0
DB01_to_DK05#alt7,7,50,2600.0,4100.0,0.4076,0.0
DB01_to_DK05#alt7,7,51,2600.0,4050.0,0.3485,0.0
DB01_to_DK05#alt7,7,52,2600.0,4000.0,0.2972,0.0
DB01_to_DK05#alt7,7,53,2600.0,3950.0,0.2609,0.0
DB01_to_DK05#alt7,7,54,2600.0,3900.0,0.2407,0.0
DB01_to_DK05#alt7,7,55,2600.0,3850.0,0.2252,0.0
DB01_to_DK05#alt7,7,56,2600.0,3800.0,0.2076,0.0
DB01_to_DK05#alt7,7,57,2600.0,3750.0,0.1889,0.0
DB01_to_DK05#alt7,7,58,2600.0,3700.0,0.17,0.0
DB01_to_DK05#alt7,7,59,2600.0,3650.0,0.1517,0.0
DB01_to_DK05#alt7,7,60,2550.0,3600.0,0.1308,0.0
DB01_to_DK05#alt7,7,61,2550.0,3550.0,0.1432,0.0
DB01_to_DK05#alt7,7,62,2550.0,3500.0,0.1551,0.0
DB01_to_DK05#alt7,7,63,2550.0,3450.0,0.1661,0.0
DB01_to_DK05#alt7,7,64,2550.0,3400.0,0.1755,0.0
DB01_to_DK05#alt7,7,65,2550.0,3350.0,0.1827,0.0
DB01_to_DK05#alt7,7,66,2550.0,3300.0,0.1873,0.0
DB01_to_DK05#alt7,7,67,2550.0,3250.0,0.1889,0.0
DB01_to_DK05#alt7,7,68,2550.0,3200.0,0.1889,0.0
DB01_to_DK05#alt7,7,69,2550.0,3150.0,0.2231,0.0
DB01_to_DK05#alt7,7,70,2550.0,3100.0,0.2636,0.0
DB01_to_DK05#alt7,7,71,2550.0,3050.0,0.3114,0.0
DB01_to_DK05#alt7,7,72,2550.0,3000.0,0.3679,0.0
DB01_to_DK05#alt7,7,73,2500.0,2950.0,0.4275,0.0
DB01_to_DK05#alt7,7,74,2450.0,2900.0,0.4746,0.0
DB01_to_DK05#alt7,7,75,2400.0,2850.0,0.4931,0.0
DB01_to_DK05#alt7,7,76,2350.0,2800.0,0.503,0.0
DB01_to_DK05#alt7,7,77,2300.0,2750.0,0.5483,0.0
DB01_to_DK05#alt7,7,78,2250.0,2750.0,0.4931,0.0
DB01_to_DK01#alt0,0,0,750.0,4200.0,0.7165,0.0
DB01_to_DK01#alt0,0,1,750.0,4250.0,0.6889,0.0
DB01_to_DK01#alt0,0,2,700.0,4300.0,0.6889,0.0
DB01_to_DK01#alt0,0,3,650.0,4350.0,0.6889,0.0
DB01_to_DK01#alt0,0,4,600.0,4400.0,0.6889,0.0
DB01_to_DK01#alt0,0,5,550.0,4450.0,0.6241,0.0
DB01_to_DK01#alt0,0,6,550.0,4500.0,0.5483,0.0
DB01_to_DK01#alt0,0,7,500.0,4550.0,0.503,0.0
DB01_to_DK01#alt0,0,8,450.0,4600.0,0.4346,0.0
DB01_to_DK01#alt0,0,9,400.0,4650.0,0.3628,0.0
DB01_to_DK01#alt0,0,10,350.0,4700.0,0.2972,0.0
DB01_to_DK01#alt0,0,11,300.0,4750.0,0.2407,0.0
DB01_to_DK01#alt0,0,12,250.0,4750.0,0.2252,0.0
DB01_to_DK01#alt0,0,13,200.0,4700.0,0.2407,0.0
DB01_to_DK01#alt0,0,14,150.0,4700.0,0.2252,0.0
DB01_to_DK01#alt0,0,15,100.0,4650.0,0.2384,0.0
DB01_to_DK01#alt0,0,16,50.0,4600.0,0.2431,0.0
DB01_to_DK01#alt0,0,17,50.0,4550.0,0.2721,0.0
DB01_to_DK01#alt0,0,18,50.0,4500.0,0.3077,0.0
DB01_to_DK01#alt0,0,19,100.0,4450.0,0.3895,0.0
DB01_to_DK01#alt0,0,20,100.0,4400.0,0.4346,0.0
DB01_to_DK01#alt0,0,21,50.0,4350.0,0.4076,0.0
DB01_to_DK01#alt0,0,22,50.0,4300.0,0.4275,0.0
DB01_to_DK01#alt0,0,23,50.0,4250.0,0.4346,0.0
DB01_to_DK01#alt0,0,24,50.0,4200.0,0.4346,0.0
DB01_to_DK01#alt0,0,25,50.0,4150.0,0.4346,0.0
DB01_to_DK01#alt0,0,26,100.0,4100.0,0.5134,0.0
DB01_to_DK01#alt0,0,27,150.0,4050.0,0.6065,0.0
DB01_to_DK01#alt0,0,28,200.0,4000.0,0.6889,0.0
DB01_to_DK01#alt0,0,29,200.0,3950.0,0.6241,0.0
DB01_to_DK01#alt0,0,30,200.0,3900.0,0.5483,0.0
DB01_to_DK01#alt0,0,31,200.0,3850.0,0.4931,0.0
DB01_to_DK01#alt1,1,0,750.0,4200.0,0.7165,0.0
DB01_to_DK01#alt1,1,1,750.0,4250.0,0.6889,0.0
DB01_to_DK01#alt1,1,2,700.0,4300.0,0.6889,0.0
DB01_to_DK01#alt1,1,3,650.0,4350.0,0.6889,0.0
DB01_to_DK01#alt1,1,4,600.0,4400.0,0.6889,0.0
DB01_to_DK01#alt1,1,5,550.0,4450.0,0.6241,0.0
DB01_to_DK01#alt1,1,6,500.0,4500.0,0.5903,0.0
DB01_to_DK01#alt1,1,7,450.0,4500.0,0.6065,0.0
DB01_to_DK01#alt1,1,8,400.0,4500.0,0.5903,0.0
DB01_to_DK01#alt1,1,9,350.0,4450.0,0.6241,0.0
DB01_to_DK01#alt1,1,10,300.0,4450.0,0.5903,0.0
DB01_to_DK01#alt1,1,11,250.0,4400.0,0.6241,0.0
DB01_to_DK01#alt1,1,12,200.0,4350.0,0.6241,0.0
DB01_to_DK01#alt1,1,13,150.0,4300.0,0.5903,0.0
DB01_to_DK01#alt1,1,14,200.0,4250.0,0.7165,0.0
DB01_to_DK01#alt1,1,15,150.0,4200.0,0.6065,0.0
DB01_to_DK01#alt1,1,16,150.0,4150.0,0.6065,0.0
DB01_to_DK01#alt1,1,17,100.0,4100.0,0.5134,0.0
DB01_to_DK01#alt1,1,18,100.0,4050.0,0.5134,0.0
DB01_to_DK01#alt1,1,19,100.0,4000.0,0.503,0.0
DB01_to_DK01#alt1,1,20,100.0,3950.0,0.4746,0.0
DB01_to_DK01#alt1,1,21,100.0,3900.0,0.4346,0.0
DB01_to_DK01#alt1,1,22,150.0,3850.0,0.4346,0.0
DB01_to_DK01#alt1,1,23,200.0,3850.0,0.4931,0.0
DB01_to_DK01#alt2,2,0,750.0,4200.0,0.7165,0.0
DB01_to_DK01#alt2,2,1,800.0,4250.0,0.5903,0.0
DB01_to_DK01#alt2,2,2,750.0,4300.0,0.6241,0.0
DB01_to_DK01#alt2,2,3,700.0,4350.0,0.6241,0.0
DB01_to_DK01#alt2,2,4,650.0,4400.0,0.6241,0.0
DB01_to_DK01#alt2,2,5,600.0,4450.0,0.5903,0.0
DB01_to_DK01#alt2,2,6,600.0,4500.0,0.6065,0.0
DB01_to_DK01#alt2,2,7,550.0,4550.0,0.5134,0.0
DB01_to_DK01#alt2,2,8,500.0,4600.0,0.4275,0.0
DB01_to_DK01#alt2,2,9,450.0,4650.0,0.3679,0.0
DB01_to_DK01#alt2,2,10,400.0,4600.0,0.4275,0.0
DB01_to_DK01#alt2,2,11,350.0,4550.0,0.4746,0.0
DB01_to_DK01#alt2,2,12,300.0,4550.0,0.4346,0.0
DB01_to_DK01#alt2,2,13,250.0,4500.0,0.4746,0.0
DB01_to_DK01#alt2,2,14,200.0,4450.0,0.4931,0.0
DB01_to_DK01#alt2,2,15,200.0,4400.0,0.5483,0.0
DB01_to_DK01#alt2,2,16,200.0,4350.0,0.6241,0.0
DB01_to_DK01#alt2,2,17,200.0,4300.0,0.6889,0.0
DB01_to_DK01#alt2,2,18,200.0,4250.0,0.7165,0.0
DB01_to_DK01#alt2,2,19,200.0,4200.0,0.7165,0.0
DB01_to_DK01#alt2,2,20,200.0,4150.0,0.7165,0.0
DB01_to_DK01#alt2,2,21,200.0,4100.0,0.7165,0.0
DB01_to_DK01#alt2,2,22,200.0,4050.0,0.7165,0.0
DB01_to_DK01#alt2,2,23,200.0,4000.0,0.6889,0.0
DB01_to_DK01#alt2,2,24,250.0,3950.0,0.6889,0.0
DB01_to_DK01#alt2,2,25,200.0,3900.0,0.5483,0.0
DB01_to_DK01#alt2,2,26,200.0,3850.0,0.4931,0.0
DB01_to_DK01#alt3,3,0,750.0,4200.0,0.7165,0.0
DB01_to_DK01#alt3,3,1,800.0,4250.0,0.5903,0.0
DB01_to_DK01#alt3,3,2,800.0,4300.0,0.6065,0.0
DB01_to_DK01#alt3,3,3,750.0,4350.0,0.6889,0.0
DB01_to_DK01#alt3,3,4,700.0,4400.0,0.6889,0.0
DB01_to_DK01#alt3,3,5,650.0,4450.0,0.6889,0.0
DB01_to_DK01#alt3,3,6,650.0,4500.0,0.7165,0.0
DB01_to_DK01#alt3,3,7,600.0,4550.0,0.6065,0.0
DB01_to_DK01#alt3,3,8,600.0,4600.0,0.5903,0.0
DB01_to_DK01#alt3,3,9,650.0,4650.0,0.6241,0.0
DB01_to_DK01#alt3,3,10,700.0,4700.0,0.6889,0.0
DB01_to_DK01#alt3,3,11,700.0,4750.0,0.6241,0.0
DB01_to_DK01#alt3,3,12,650.0,4800.0,0.4931,0.0
DB01_to_DK01#alt3,3,13,600.0,4850.0,0.3895,0.0
DB01_to_DK01#alt3,3,14,550.0,4850.0,0.344,0.0
DB01_to_DK01#alt3,3,15,500.0,4850.0,0.3006,0.0
DB01_to_DK01#alt3,3,16,450.0,4850.0,0.2609,0.0
DB01_to_DK01#alt3,3,17,400.0,4850.0,0.2252,0.0
DB01_to_DK01#alt3,3,18,350.0,4850.0,0.1937,0.0
DB01_to_DK01#alt3,3,19,300.0,4850.0,0.1755,0.0
DB01_to_DK01#alt3,3,20,250.0,4850.0,0.1661,0.0
DB01_to_DK01#alt3,3,21,200.0,4850.0,0.1551,0.0
DB01_to_DK01#alt3,3,22,150.0,4800.0,0.1661,0.0
DB01_to_DK01#alt3,3,23,100.0,4800.0,0.1551,0.0
DB01_to_DK01#alt3,3,24,50.0,4750.0,0.1648,0.0
DB01_to_DK01#alt3,3,25,50.0,4700.0,0.1889,0.0
DB01_to_DK01#alt3,3,26,50.0,4650.0,0.2151,0.0
DB01_to_DK01#alt3,3,27,100.0,4600.0,0.2721,0.0
DB01_to_DK01#alt3,3,28,100.0,4550.0,0.3077,0.0
DB01_to_DK01#alt3,3,29,50.0,4500.0,0.3077,0.0
DB01_to_DK01#alt3,3,30,50.0,4450.0,0.344,0.0
DB01_to_DK01#alt3,3,31,50.0,4400.0,0.3784,0.0
DB01_to_DK01#alt3,3,32,50.0,4350.0,0.4076,0.0
DB01_to_DK01#alt3,3,33,50.0,4300.0,0.4275,0.0
DB01_to_DK01#alt3,3,34,50.0,4250.0,0.4346,0.0
DB01_to_DK01#alt3,3,35,50.0,4200.0,0.4346,0.0
DB01_to_DK01#alt3,3,36,50.0,4150.0,0.4346,0.0
DB01_to_DK01#alt3,3,37,50.0,4100.0,0.4346,0.0
DB01_to_DK01#alt3,3,38,50.0,4050.0,0.4346,0.0
DB01_to_DK01#alt3,3,39,50.0,4000.0,0.4275,0.0
DB01_to_DK01#alt3,3,40,100.0,3950.0,0.4746,0.0
DB01_to_DK01#alt3,3,41,150.0,3900.0,0.4931,0.0
DB01_to_DK01#alt3,3,42,200.0,3850.0,0.4931,0.0
DB01_to_DK01#alt4,4,0,750.0,4200.0,0.7165,0.0
DB01_to_DK01#alt4,4,1,800.0,4200.0,0.6241,0.0
DB01_to_DK01#alt4,4,2,850.0,4250.0,0.6241,0.0
DB01_to_DK01#alt4,4,3,900.0,4300.0,0.6241,0.0
DB01_to_DK01#alt4,4,4,950.0,4300.0,0.6889,0.0
DB01_to_DK01#alt4,4,5,1000.0,4300.0,0.7165,0.0
DB01_to_DK01#alt4,4,6,1050.0,4350.0,0.6241,0.0
DB01_to_DK01#alt4,4,7,1100.0,4400.0,0.6241,0.0
DB01_to_DK01#alt4,4,8,1150.0,4450.0,0.5903,0.0
DB01_to_DK01#alt4,4,9,1100.0,4500.0,0.7165,0.0
DB01_to_DK01#alt4,4,10,1150.0,4550.0,0.6065,0.0
DB01_to_DK01#alt4,4,11,1100.0,4600.0,0.7165,0.0
DB01_to_DK01#alt4,4,12,1100.0,4650.0,0.6889,0.0
DB01_to_DK01#alt4,4,13,1050.0,4700.0,0.6889,0.0
DB01_to_DK01#alt4,4,14,1000.0,4750.0,0.6889,0.0
DB01_to_DK01#alt4,4,15,950.0,4800.0,0.6065,0.0
DB01_to_DK01#alt4,4,16,900.0,4850.0,0.5134,0.0
DB01_to_DK01#alt4,4,17,850.0,4900.0,0.4346,0.0
DB01_to_DK01#alt4,4,18,800.0,4950.0,0.3679,0.0
DB01_to_DK01#alt4,4,19,750.0,4950.0,0.3628,0.0
DB01_to_DK01#alt4,4,20,700.0,4950.0,0.3485,0.0
DB01_to_DK01#alt4,4,21,650.0,4950.0,0.3269,0.0
DB01_to_DK01#alt4,4,22,600.0,4950.0,0.3006,0.0
DB01_to_DK01#alt4,4,23,550.0,4950.0,0.2721,0.0
DB01_to_DK01#alt4,4,24,500.0,4950.0,0.2431,0.0
DB01_to_DK01#alt4,4,25,450.0,4950.0,0.2151,0.0
DB01_to_DK01#alt4,4,26,400.0,4950.0,0.1889,0.0
DB01_to_DK01#alt4,4,27,350.0,4950.0,0.1648,0.0
DB01_to_DK01#alt4,4,28,300.0,4950.0,0.1432,0.0
DB01_to_DK01#alt4,4,29,250.0,4950.0,0.1239,0.0
DB01_to_DK01#alt4,4,30,200.0,4950.0,0.1146,0.0
DB01_to_DK01#alt4,4,31,150.0,4900.0,0.1239,0.0
DB01_to_DK01#alt4,4,32,150.0,4850.0,0.1432,0.0
DB01_to_DK01#alt4,4,33,200.0,4800.0,0.1798,0.0
DB01_to_DK01#alt4,4,34,150.0,4750.0,0.1937,0.0
DB01_to_DK01#alt4,4,35,150.0,4700.0,0.2252,0.0
DB01_to_DK01#alt4,4,36,150.0,4650.0,0.2609,0.0
DB01_to_DK01#alt4,4,37,150.0,4600.0,0.3006,0.0
DB01_to_DK01#alt4,4,38,150.0,4550.0,0.344,0.0
DB01_to_DK01#alt4,4,39,150.0,4500.0,0.3895,0.0
DB01_to_DK01#alt4,4,40,150.0,4450.0,0.4346,0.0
DB01_to_DK01#alt4,4,41,100.0,4400.0,0.4346,0.0
DB01_to_DK01#alt4,4,42,100.0,4350.0,0.4746,0.0
DB01_to_DK01#alt4,4,43,100.0,4300.0,0.503,0.0
DB01_to_DK01#alt4,4,44,150.0,4250.0,0.6065,0.0
DB01_to_DK01#alt4,4,45,150.0,4200.0,0.6065,0.0
DB01_to_DK01#alt4,4,46,150.0,4150.0,0.6065,0.0
DB01_to_DK01#alt4,4,47,200.0,4100.0,0.7165,0.0
DB01_to_DK01#alt4,4,48,200.0,4050.0,0.7165,0.0
DB01_to_DK01#alt4,4,49,200.0,4000.0,0.6889,0.0
DB01_to_DK01#alt4,4,50,200.0,3950.0,0.6241,0.0
DB01_to_DK01#alt4,4,51,250.0,3900.0,0.6241,0.0
DB01_to_DK01#alt4,4,52,200.0,3850.0,0.4931,0.0
DB01_to_DK01#alt5,5,0,750.0,4200.0,0.7165,0.0
DB01_to_DK01#alt5,5,1,750.0,4250.0,0.6889,0.0
DB01_to_DK01#alt5,5,2,700.0,4300.0,0.6889,0.0
DB01_to_DK01#alt5,5,3,650.0,4350.0,0.6889,0.0
DB01_to_DK01#alt5,5,4,600.0,4400.0,0.6889,0.0
DB01_to_DK01#alt5,5,5,550.0,4450.0,0.6241,0.0
DB01_to_DK01#alt5,5,6,500.0,4450.0,0.6889,0.0
DB01_to_DK01#alt5,5,7,450.0,4450.0,0.7165,0.0
DB01_to_DK01#alt5,5,8,400.0,4450.0,0.6889,0.0
DB01_to_DK01#alt5,5,9,350.0,4400.0,0.7165,0.0
DB01_to_DK01#alt5,5,10,300.0,4400.0,0.6889,0.0
DB01_to_DK01#alt5,5,11,250.0,4350.0,0.6889,0.0
DB01_to_DK01#alt5,5,12,200.0,4300.0,0.6889,0.0
DB01_to_DK01#alt5,5,13,150.0,4250.0,0.6065,0.0
DB01_to_DK01#alt5,5,14,100.0,4200.0,0.5134,0.0
DB01_to_DK01#alt5,5,15,50.0,4150.0,0.4346,0.0
DB01_to_DK01#alt5,5,16,50.0,4100.0,0.4346,0.0
DB01_to_DK01#alt5,5,17,50.0,4050.0,0.4346,0.0
DB01_to_DK01#alt5,5,18,50.0,4000.0,0.4275,0.0
DB01_to_DK01#alt5,5,19,50.0,3950.0,0.4076,0.0
DB01_to_DK01#alt5,5,20,100.0,3900.0,0.4346,0.0
DB01_to_DK01#alt5,5,21,150.0,3850.0,0.4346,0.0
DB01_to_DK01#alt5,5,22,200.0,3850.0,0.4931,0.0
DB01_to_DK01#alt6,6,0,750.0,4200.0,0.7165,0.0
DB01_to_DK01#alt6,6,1,750.0,4250.0,0.6889,0.0
DB01_to_DK01#alt6,6,2,700.0,4300.0,0.6889,0.0
DB01_to_DK01#alt6,6,3,650.0,4350.0,0.6889,0.0
DB01_to_DK01#alt6,6,4,600.0,4400.0,0.6889,0.0
DB01_to_DK01#alt6,6,5,550.0,4450.0,0.6241,0.0
DB01_to_DK01#alt6,6,6,500.0,4500.0,0.5903,0.0
DB01_to_DK01#alt6,6,7,450.0,4550.0,0.5134,0.0
DB01_to_DK01#alt6,6,8,400.0,4600.0,0.4275,0.0
DB01_to_DK01#alt6,6,9,350.0,4600.0,0.4076,0.0
DB01_to_DK01#alt6,6,10,300.0,4550.0,0.4346,0.0
DB01_to_DK01#alt6,6,11,250.0,4500.0,0.4746,0.0
DB01_to_DK01#alt6,6,12,200.0,4450.0,0.4931,0.0
DB01_to_DK01#alt6,6,13,150.0,4400.0,0.4931,0.0
DB01_to_DK01#alt6,6,14,100.0,4350.0,0.4746,0.0
DB01_to_DK01#alt6,6,15,100.0,4300.0,0.503,0.0
DB01_to_DK01#alt6,6,16,100.0,4250.0,0.5134,0.0
DB01_to_DK01#alt6,6,17,150.0,4200.0,0.6065,0.0
DB01_to_DK01#alt6,6,18,150.0,4150.0,0.6065,0.0
DB01_to_DK01#alt6,6,19,150.0,4100.0,0.6065,0.0
DB01_to_DK01#alt6,6,20,200.0,4050.0,0.7165,0.0
DB01_to_DK01#alt6,6,21,200.0,4000.0,0.6889,0.0
DB01_to_DK01#alt6,6,22,200.0,3950.0,0.6241,0.0
DB01_to_DK01#alt6,6,23,200.0,3900.0,0.5483,0.0
DB01_to_DK01#alt6,6,24,200.0,3850.0,0.4931,0.0
DB01_to_DK01#alt7,7,0,750.0,4200.0,0.7165,0.0
DB01_to_DK01#alt7,7,1,800.0,4250.0,0.5903,0.0
DB01_to_DK01#alt7,7,2,750.0,4300.0,0.6241,0.0
DB01_to_DK01#alt7,7,3,700.0,4350.0,0.6241,0.0
DB01_to_DK01#alt7,7,4,650.0,4400.0,0.6241,0.0
DB01_to_DK01#alt7,7,5,600.0,4450.0,0.5903,0.0
DB01_to_DK01#alt7,7,6,550.0,4500.0,0.5483,0.0
DB01_to_DK01#alt7,7,7,500.0,4550.0,0.503,0.0
DB01_to_DK01#alt7,7,8,450.0,4500.0,0.6065,0.0
DB01_to_DK01#alt7,7,9,400.0,4500.0,0.5903,0.0
DB01_to_DK01#alt7,7,10,350.0,4450.0,0.6241,0.0
DB01_to_DK01#alt7,7,11,300.0,4400.0,0.6889,0.0
DB01_to_DK01#alt7,7,12,250.0,4350.0,0.6889,0.0
DB01_to_DK01#alt7,7,13,200.0,4300.0,0.6889,0.0
DB01_to_DK01#alt7,7,14,200.0,4250.0,0.7165,0.0
DB01_to_DK01#alt7,7,15,200.0,4200.0,0.7165,0.0
DB01_to_DK01#alt7,7,16,150.0,4150.0,0.6065,0.0
DB01_to_DK01#alt7,7,17,150.0,4100.0,0.6065,0.0
DB01_to_DK01#alt7,7,18,150.0,4050.0,0.6065,0.0
DB01_to_DK01#alt7,7,19,150.0,4000.0,0.5903,0.0
DB01_to_DK01#alt7,7,20,200.0,3950.0,0.6241,0.0
DB01_to_DK01#alt7,7,21,200.0,3900.0,0.5483,0.0
DB01_to_DK01#alt7,7,22,200.0,3850.0,0.4931,0.0
DB02_to_DK03#alt0,0,0,2150.0,600.0,0.4076,0.0
DB02_to_DK03#alt0,0,1,2200.0,550.0,0.3784,0.0
DB02_to_DK03#alt0,0,2,2250.0,500.0,0.3485,0.0
DB02_to_DK03#alt0,0,3,2300.0,450.0,0.3077,0.0
DB02_to_DK03#alt0,0,4,2350.0,400.0,0.2636,0.0
DB02_to_DK03#alt0,0,5,2400.0,350.0,0.2231,0.0
DB02_to_DK03#alt0,0,6,2450.0,300.0,0.1889,0.0
DB02_to_DK03#alt0,0,7,2500.0,250.0,0.1587,0.0
DB02_to_DK03#alt0,0,8,2550.0,200.0,0.1317,0.0
DB02_to_DK03#alt0,0,9,2600.0,150.0,0.1082,0.0
DB02_to_DK03#alt0,0,10,2650.0,100.0,0.0883,0.0
DB02_to_DK03#alt0,0,11,2700.0,50.0,0.0717,0.0
DB02_to_DK03#alt0,0,12,2750.0,50.0,0.0677,0.0
DB02_to_DK03#alt0,0,13,2800.0,50.0,0.0634,0.0
DB02_to_DK03#alt0,0,14,2850.0,50.0,0.0588,0.0
DB02_to_DK03#alt0,0,15,2900.0,50.0,0.0544,0.0
DB02_to_DK03#alt0,0,16,2950.0,50.0,0.0507,0.0
DB02_to_DK03#alt0,0,17,3000.0,50.0,0.0588,0.0
DB02_to_DK03#alt0,0,18,3050.0,50.0,0.0681,0.0
DB02_to_DK03#alt0,0,19,3100.0,50.0,0.0785,0.0
DB02_to_DK03#alt0,0,20,3150.0,50.0,0.0904,0.0
DB02_to_DK03#alt0,0,21,3200.0,50.0,0.1036,0.0
DB02_to_DK03#alt0,0,22,3250.0,50.0,0.1183,0.0
DB02_to_DK03#alt0,0,23,3300.0,50.0,0.1344,0.0
DB02_to_DK03#alt0,0,24,3350.0,50.0,0.1517,0.0
DB02_to_DK03#alt0,0,25,3400.0,50.0,0.17,0.0
DB02_to_DK03#alt0,0,26,3450.0,50.0,0.1921,0.0
DB02_to_DK03#alt0,0,27,3500.0,50.0,0.2151,0.0
DB02_to_DK03#alt0,0,28,3550.0,50.0,0.2384,0.0
DB02_to_DK03#alt0,0,29,3600.0,50.0,0.2609,0.0
DB02_to_DK03#alt0,0,30,3650.0,50.0,0.281,0.0
DB02_to_DK03#alt0,0,31,3700.0,50.0,0.2972,0.0
DB02_to_DK03#alt0,0,32,3750.0,50.0,0.3077,0.0
DB02_to_DK03#alt0,0,33,3800.0,50.0,0.3114,0.0
DB02_to_DK03#alt0,0,34,3850.0,50.0,0.3114,0.0
DB02_to_DK03#alt0,0,35,3900.0,100.0,0.3679,0.0
DB02_to_DK03#alt0,0,36,3950.0,150.0,0.4346,0.0
DB02_to_DK03#alt0,0,37,4000.0,200.0,0.5134,0.0
DB02_to_DK03#alt0,0,38,4050.0,250.0,0.5903,0.0
DB02_to_DK03#alt0,0,39,4100.0,300.0,0.6241,0.0
DB02_to_DK03#alt0,0,40,4150.0,350.0,0.6241,0.0
DB02_to_DK03#alt0,0,41,4200.0,400.0,0.6241,0.0
DB02_to_DK03#alt0,0,42,4250.0,450.0,0.5903,0.0
DB02_to_DK03#alt0,0,43,4300.0,500.0,0.5134,0.0
DB02_to_DK03#alt0,0,44,4350.0,550.0,0.4346,0.0
DB02_to_DK03#alt0,0,45,4400.0,600.0,0.3679,0.0
DB02_to_DK03#alt0,0,46,4450.0,650.0,0.3114,0.0
DB02_to_DK03#alt0,0,47,4500.0,700.0,0.2609,0.0
DB02_to_DK03#alt0,0,48,4550.0,750.0,0.2151,0.0
DB02_to_DK03#alt0,0,49,4600.0,800.0,0.1755,0.0
DB02_to_DK03#alt0,0,50,4550.0,850.0,0.1937,0.0
DB02_to_DK03#alt0,0,51,4500.0,900.0,0.2076,0.0
DB02_to_DK03#alt0,0,52,4500.0,950.0,0.1889,0.0
DB02_to_DK03#alt0,0,53,4450.0,1000.0,0.2231,0.0
DB02_to_DK03#alt0,0,54,4400.0,1050.0,0.2609,0.0
DB02_to_DK03#alt0,0,55,4350.0,1100.0,0.2972,0.0
DB02_to_DK03#alt0,0,56,4300.0,1150.0,0.3269,0.0
DB02_to_DK03#alt0,0,57,4300.0,1200.0,0.3114,0.0
DB02_to_DK03#alt0,0,58,4250.0,1250.0,0.3628,0.0
DB02_to_DK03#alt0,0,59,4200.0,1300.0,0.4076,0.0
DB02_to_DK03#alt0,0,60,4150.0,1350.0,0.4346,0.0
DB02_to_DK03#alt0,0,61,4100.0,1400.0,0.4346,0.0
DB02_to_DK03#alt0,0,62,4050.0,1450.0,0.4346,0.0
DB02_to_DK03#alt0,0,63,4000.0,1500.0,0.4746,0.0
DB02_to_DK03#alt0,0,64,3950.0,1550.0,0.4931,0.0
DB02_to_DK03#alt0,0,65,3900.0,1600.0,0.4746,0.0
DB02_to_DK03#alt0,0,66,3850.0,1650.0,0.4346,0.0
DB02_to_DK03#alt0,0,67,3800.0,1700.0,0.4076,0.0
DB02_to_DK03#alt0,0,68,3800.0,1750.0,0.3485,0.0
DB02_to_DK03#alt0,0,69,3800.0,1800.0,0.2972,0.0
DB02_to_DK03#alt0,0,70,3800.0,1850.0,0.253,0.0
DB02_to_DK03#alt0,0,71,3750.0,1900.0,0.253,0.0
DB02_to_DK03#alt0,0,72,3700.0,1950.0,0.281,0.0
DB02_to_DK03#alt0,0,73,3650.0,2000.0,0.3006,0.0
DB02_to_DK03#alt0,0,74,3600.0,2050.0,0.3269,0.0
DB02_to_DK03#alt0,0,75,3550.0,2100.0,0.344,0.0
DB02_to_DK03#alt0,0,76,3500.0,2150.0,0.344,0.0
DB02_to_DK03#alt0,0,77,3450.0,2200.0,0.344,0.0
DB02_to_DK03#alt0,0,78,3400.0,2250.0,0.344,0.0
DB02_to_DK03#alt0,0,79,3350.0,2300.0,0.3269,0.0
DB02_to_DK03#alt0,0,80,3300.0,2350.0,0.2972,0.0
DB02_to_DK03#alt0,0,81,3250.0,2400.0,0.2609,0.0
DB02_to_DK03#alt0,0,82,3200.0,2450.0,0.2231,0.0
DB02_to_DK03#alt0,0,83,3150.0,2500.0,0.2231,0.0
DB02_to_DK03#alt0,0,84,3100.0,2550.0,0.2609,0.0
DB02_to_DK03#alt0,0,85,3050.0,2600.0,0.2972,0.0
DB02_to_DK03#alt0,0,86,3000.0,2650.0,0.3269,0.0
DB02_to_DK03#alt0,0,87,2950.0,2700.0,0.344,0.0
DB02_to_DK03#alt0,0,88,2900.0,2750.0,0.3485,0.0
DB02_to_DK03#alt0,0,89,2900.0,2800.0,0.3269,0.0
DB02_to_DK03#alt0,0,90,2850.0,2850.0,0.344,0.0
DB02_to_DK03#alt0,0,91,2800.0,2900.0,0.344,0.0
DB02_to_DK03#alt0,0,92,2750.0,2950.0,0.344,0.0
DB02_to_DK03#alt0,0,93,2700.0,3000.0,0.3269,0.0
DB02_to_DK03#alt0,0,94,2650.0,3050.0,0.2972,0.0
DB02_to_DK03#alt0,0,95,2650.0,3100.0,0.2609,0.0
DB02_to_DK03#alt0,0,96,2650.0,3150.0,0.2636,0.0
DB02_to_DK03#alt0,0,97,2700.0,3200.0,0.3114,0.0
DB02_to_DK03#alt0,0,98,2700.0,3250.0,0.3114,0.0
DB02_to_DK03#alt0,0,99,2700.0,3300.0,0.3077,0.0
DB02_to_DK03#alt0,0,100,2700.0,3350.0,0.2972,0.0
DB02_to_DK03#alt0,0,101,2700.0,3400.0,0.281,0.0
DB02_to_DK03#alt0,0,102,2700.0,3450.0,0.2609,0.0
DB02_to_DK03#alt0,0,103,2700.0,3500.0,0.2384,0.0
DB02_to_DK03#alt0,0,104,2700.0,3550.0,0.2151,0.0
DB02_to_DK03#alt0,0,105,2700.0,3600.0,0.1921,0.0
DB02_to_DK03#alt0,0,106,2700.0,3650.0,0.1889,0.0
DB02_to_DK03#alt0,0,107,2700.0,3700.0,0.2151,0.0
DB02_to_DK03#alt0,0,108,2700.0,3750.0,0.2431,0.0
DB02_to_DK03#alt0,0,109,2700.0,3800.0,0.2721,0.0
DB02_to_DK03#alt0,0,110,2700.0,3850.0,0.3006,0.0
DB02_to_DK03#alt0,0,111,2700.0,3900.0,0.3269,0.0
DB02_to_DK03#alt0,0,112,2700.0,3950.0,0.3485,0.0
DB02_to_DK03#alt0,0,113,2700.0,4000.0,0.3784,0.0
DB02_to_DK03#alt0,0,114,2650.0,4050.0,0.3485,0.0
DB02_to_DK03#alt0,0,115,2600.0,4050.0,0.3485,0.0
DB02_to_DK03#alt0,0,116,2550.0,4050.0,0.3628,0.0
DB02_to_DK03#alt1,1,0,2150.0,600.0,0.4076,0.0
DB02_to_DK03#alt1,1,1,2200.0,650.0,0.503,0.0
DB02_to_DK03#alt1,1,2,2250.0,650.0,0.5483,0.0
DB02_to_DK03#alt1,1,3,2300.0,600.0,0.503,0.0
DB02_to_DK03#alt1,1,4,2350.0,550.0,0.4346,0.0
DB02_to_DK03#alt1,1,5,2400.0,500.0,0.3679,0.0
DB02_to_DK03#alt1,1,6,2450.0,450.0,0.3114,0.0
DB02_to_DK03#alt1,1,7,2500.0,400.0,0.2609,0.0
DB02_to_DK03#alt1,1,8,2550.0,350.0,0.2151,0.0
DB02_to_DK03#alt1,1,9,2600.0,300.0,0.1755,0.0
DB02_to_DK03#alt1,1,10,2650.0,250.0,0.1422,0.0
DB02_to_DK03#alt1,1,11,2700.0,200.0,0.1146,0.0
DB02_to_DK03#alt1,1,12,2750.0,150.0,0.092,0.0
DB02_to_DK03#alt1,1,13,2800.0,150.0,0.0854,0.0
DB02_to_DK03#alt1,1,14,2850.0,150.0,0.079,0.0
DB02_to_DK03#alt1,1,15,2900.0,150.0,0.0736,0.0
DB02_to_DK03#alt1,1,16,2950.0,150.0,0.0681,0.0
DB02_to_DK03#alt1,1,17,3000.0,150.0,0.0677,0.0
DB02_to_DK03#alt1,1,18,3050.0,150.0,0.079,0.0
DB02_to_DK03#alt1,1,19,3100.0,150.0,0.092,0.0
DB02_to_DK03#alt1,1,20,3150.0,150.0,0.1069,0.0
DB02_to_DK03#alt1,1,21,3200.0,150.0,0.1239,0.0
DB02_to_DK03#alt1,1,22,3250.0,150.0,0.1432,0.0
DB02_to_DK03#alt1,1,23,3300.0,150.0,0.1648,0.0
DB02_to_DK03#alt1,1,24,3350.0,150.0,0.1889,0.0
DB02_to_DK03#alt1,1,25,3400.0,150.0,0.2151,0.0
DB02_to_DK03#alt1,1,26,3450.0,150.0,0.2431,0.0
DB02_to_DK03#alt1,1,27,3500.0,150.0,0.2721,0.0
DB02_to_DK03#alt1,1,28,3550.0,150.0,0.3077,0.0
DB02_to_DK03#alt1,1,29,3600.0,150.0,0.344,0.0
DB02_to_DK03#alt1,1,30,3650.0,150.0,0.3784,0.0
DB02_to_DK03#alt1,1,31,3700.0,150.0,0.4076,0.0
DB02_to_DK03#alt1,1,32,3750.0,150.0,0.4275,0.0
DB02_to_DK03#alt1,1,33,3800.0,150.0,0.4346,0.0
DB02_to_DK03#alt1,1,34,3850.0,100.0,0.3679,0.0
DB02_to_DK03#alt1,1,35,3900.0,50.0,0.3114,0.0
DB02_to_DK03#alt1,1,36,3950.0,50.0,0.3114,0.0
DB02_to_DK03#alt1,1,37,4000.0,50.0,0.3114,0.0
DB02_to_DK03#alt1,1,38,4050.0,100.0,0.3628,0.0
DB02_to_DK03#alt1,1,39,4100.0,150.0,0.4076,0.0
DB02_to_DK03#alt1,1,40,4150.0,200.0,0.4346,0.0
DB02_to_DK03#alt1,1,41,4200.0,250.0,0.4346,0.0
DB02_to_DK03#alt1,1,42,4250.0,300.0,0.4346,0.0
DB02_to_DK03#alt1,1,43,4300.0,350.0,0.4346,0.0
DB02_to_DK03#alt1,1,44,4350.0,400.0,0.4076,0.0
DB02_to_DK03#alt1,1,45,4400.0,450.0,0.3628,0.0
DB02_to_DK03#alt1,1,46,4450.0,500.0,0.3114,0.0
DB02_to_DK03#alt1,1,47,4500.0,550.0,0.2636,0.0
DB02_to_DK03#alt1,1,48,4550.0,600.0,0.2231,0.0
DB02_to_DK03#alt1,1,49,4600.0,650.0,0.1889,0.0
DB02_to_DK03#alt1,1,50,4650.0,700.0,0.1587,0.0
DB02_to_DK03#alt1,1,51,4700.0,750.0,0.1317,0.0
DB02_to_DK03#alt1,1,52,4750.0,800.0,0.1082,0.0
DB02_to_DK03#alt1,1,53,4800.0,850.0,0.0883,0.0
DB02_to_DK03#alt1,1,54,4850.0,900.0,0.0717,0.0
DB02_to_DK03#alt1,1,55,4900.0,950.0,0.058,0.0
DB02_to_DK03#alt1,1,56,4950.0,1000.0,0.0467,0.0
DB02_to_DK03#alt1,1,57,4950.0,1050.0,0.0437,0.0
DB02_to_DK03#alt1,1,58,4950.0,1100.0,0.0414,0.0
DB02_to_DK03#alt1,1,59,4950.0,1150.0,0.0405,0.0
DB02_to_DK03#alt1,1,60,4950.0,1200.0,0.0393,0.0
DB02_to_DK03#alt1,1,61,4950.0,1250.0,0.0378,0.0
DB02_to_DK03#alt1,1,62,4950.0,1300.0,0.0361,0.0
DB02_to_DK03#alt1,1,63,4950.0,1350.0,0.0357,0.0
DB02_to_DK03#alt1,1,64,4950.0,1400.0,0.0407,0.0
DB02_to_DK03#alt1,1,65,4950.0,1450.0,0.0463,0.0
DB02_to_DK03#alt1,1,66,4950.0,1500.0,0.0524,0.0
DB02_to_DK03#alt1,1,67,4950.0,1550.0,0.0591,0.0
DB02_to_DK03#alt1,1,68,4950.0,1600.0,0.0663,0.0
DB02_to_DK03#alt1,1,69,4950.0,1650.0,0.0748,0.0
DB02_to_DK03#alt1,1,70,4950.0,1700.0,0.0839,0.0
DB02_to_DK03#alt1,1,71,4950.0,1750.0,0.0947,0.0
DB02_to_DK03#alt1,1,72,4950.0,1800.0,0.1062,0.0
DB02_to_DK03#alt1,1,73,4950.0,1850.0,0.1183,0.0
DB02_to_DK03#alt1,1,74,4950.0,1900.0,0.1308,0.0
DB02_to_DK03#alt1,1,75,4950.0,1950.0,0.1432,0.0
DB02_to_DK03#alt1,1,76,4950.0,2000.0,0.1551,0.0
DB02_to_DK03#alt1,1,77,4950.0,2050.0,0.1661,0.0
DB02_to_DK03#alt1,1,78,4950.0,2100.0,0.1755,0.0
DB02_to_DK03#alt1,1,79,4950.0,2150.0,0.1827,0.0
DB02_to_DK03#alt1,1,80,4950.0,2200.0,0.1873,0.0
DB02_to_DK03#alt1,1,81,4900.0,2250.0,0.2231,0.0
DB02_to_DK03#alt1,1,82,4850.0,2300.0,0.2636,0.0
DB02_to_DK03#alt1,1,83,4800.0,2350.0,0.3114,0.0
DB02_to_DK03#alt1,1,84,4750.0,2400.0,0.3628,0.0
DB02_to_DK03#alt1,1,85,4700.0,2450.0,0.4076,0.0
DB02_to_DK03#alt1,1,86,4650.0,2500.0,0.4346,0.0
DB02_to_DK03#alt1,1,87,4600.0,2550.0,0.4346,0.0
DB02_to_DK03#alt1,1,88,4550.0,2600.0,0.4346,0.0
DB02_to_DK03#alt1,1,89,4500.0,2650.0,0.4076,0.0
DB02_to_DK03#alt1,1,90,4450.0,2700.0,0.3628,0.0
DB02_to_DK03#alt1,1,91,4400.0,2750.0,0.3114,0.0
DB02_to_DK03#alt1,1,92,4350.0,2800.0,0.2636,0.0
DB02_to_DK03#alt1,1,93,4300.0,2850.0,0.2231,0.0
DB02_to_DK03#alt1,1,94,4250.0,2900.0,0.1873,0.0
DB02_to_DK03#alt1,1,95,4200.0,2950.0,0.1551,0.0
DB02_to_DK03#alt1,1,96,4150.0,3000.0,0.1273,0.0
DB02_to_DK03#alt1,1,97,4100.0,3050.0,0.1036,0.0
DB02_to_DK03#alt1,1,98,4050.0,3100.0,0.0839,0.0
DB02_to_DK03#alt1,1,99,4000.0,3150.0,0.097,0.0
DB02_to_DK03#alt1,1,100,3950.0,3200.0,0.1146,0.0
DB02_to_DK03#alt1,1,101,3900.0,3250.0,0.1353,0.0
DB02_to_DK03#alt1,1,102,3850.0,3300.0,0.1587,0.0
DB02_to_DK03#alt1,1,103,3800.0,3350.0,0.1827,0.0
DB02_to_DK03#alt1,1,104,3750.0,3400.0,0.2057,0.0
DB02_to_DK03#alt1,1,105,3700.0,3450.0,0.2252,0.0
DB02_to_DK03#alt1,1,106,3650.0,3500.0,0.2384,0.0
DB02_to_DK03#alt1,1,107,3600.0,3550.0,0.2431,0.0
DB02_to_DK03#alt1,1,108,3550.0,3600.0,0.2636,0.0
DB02_to_DK03#alt1,1,109,3500.0,3650.0,0.3114,0.0
DB02_to_DK03#alt1,1,110,3450.0,3700.0,0.3628,0.0
DB02_to_DK03#alt1,1,111,3400.0,3700.0,0.3485,0.0
DB02_to_DK03#alt1,1,112,3350.0,3750.0,0.3784,0.0
DB02_to_DK03#alt1,1,113,3300.0,3800.0,0.3895,0.0
DB02_to_DK03#alt1,1,114,3250.0,3850.0,0.4346,0.0
DB02_to_DK03#alt1,1,115,3200.0,3850.0,0.4746,0.0
DB02_to_DK03#alt1,1,116,3150.0,3900.0,0.5903,0.0
DB02_to_DK03#alt1,1,117,3100.0,3950.0,0.7165,0.0
DB02_to_DK03#alt1,1,118,3050.0,3950.0,0.7165,0.0
DB02_to_DK03#alt1,1,119,3000.0,3950.0,0.7165,0.0
DB02_to_DK03#alt1,1,120,2950.0,3950.0,0.6889,0.0
DB02_to_DK03#alt1,1,121,2900.0,4000.0,0.6889,0.0
DB02_to_DK03#alt1,1,122,2850.0,4050.0,0.6241,0.0
DB02_to_DK03#alt1,1,123,2800.0,4100.0,0.5903,0.0
DB02_to_DK03#alt1,1,124,2750.0,4100.0,0.503,0.0
DB02_to_DK03#alt1,1,125,2700.0,4100.0,0.4275,0.0
DB02_to_DK03#alt1,1,126,2650.0,4100.0,0.3784,0.0
DB02_to_DK03#alt1,1,127,2600.0,4050.0,0.3485,0.0
DB02_to_DK03#alt1,1,128,2550.0,4050.0,0.3628,0.0
DB02_to_DK03#alt2,2,0,2150.0,600.0,0.4076,0.0
DB02_to_DK03#alt2,2,1,2200.0,650.0,0.503,0.0
DB02_to_DK03#alt2,2,2,2250.0,700.0,0.6241,0.0
DB02_to_DK03#alt2,2,3,2300.0,700.0,0.6889,0.0
DB02_to_DK03#alt2,2,4,2350.0,700.0,0.7165,0.0
DB02_to_DK03#alt2,2,5,2400.0,650.0,0.6065,0.0
DB02_to_DK03#alt2,2,6,2450.0,600.0,0.5134,0.0
DB02_to_DK03#alt2,2,7,2500.0,550.0,0.4275,0.0
DB02_to_DK03#alt2,2,8,2550.0,500.0,0.3485,0.0
DB02_to_DK03#alt2,2,9,2600.0,500.0,0.3269,0.0
DB02_to_DK03#alt2,2,10,2650.0,550.0,0.3485,0.0
DB02_to_DK03#alt2,2,11,2700.0,550.0,0.3269,0.0
DB02_to_DK03#alt2,2,12,2750.0,600.0,0.344,0.0
DB02_to_DK03#alt2,2,13,2800.0,650.0,0.344,0.0
DB02_to_DK03#alt2,2,14,2850.0,700.0,0.344,0.0
DB02_to_DK03#alt2,2,15,2900.0,750.0,0.3269,0.0
DB02_to_DK03#alt2,2,16,2950.0,800.0,0.3006,0.0
DB02_to_DK03#alt2,2,17,3000.0,850.0,0.281,0.0
DB02_to_DK03#alt2,2,18,3050.0,900.0,0.253,0.0
DB02_to_DK03#alt2,2,19,3100.0,950.0,0.2231,0.0
DB02_to_DK03#alt2,2,20,3150.0,1000.0,0.2636,0.0
DB02_to_DK03#alt2,2,21,3100.0,1050.0,0.2231,0.0
DB02_to_DK03#alt2,2,22,3050.0,1100.0,0.2636,0.0
DB02_to_DK03#alt2,2,23,3000.0,1150.0,0.3077,0.0
DB02_to_DK03#alt2,2,24,3050.0,1200.0,0.3114,0.0
DB02_to_DK03#alt2,2,25,3100.0,1250.0,0.3679,0.0
DB02_to_DK03#alt2,2,26,3150.0,1300.0,0.4346,0.0
DB02_to_DK03#alt2,2,27,3200.0,1350.0,0.503,0.0
DB02_to_DK03#alt2,2,28,3250.0,1400.0,0.5483,0.0
DB02_to_DK03#alt2,2,29,3300.0,1450.0,0.5903,0.0
DB02_to_DK03#alt2,2,30,3350.0,1500.0,0.6241,0.0
DB02_to_DK03#alt2,2,31,3400.0,1550.0,0.6241,0.0
DB02_to_DK03#alt2,2,32,3450.0,1600.0,0.5903,0.0
DB02_to_DK03#alt2,2,33,3500.0,1650.0,0.5483,0.0
DB02_to_DK03#alt2,2,34,3550.0,1700.0,0.503,0.0
DB02_to_DK03#alt2,2,35,3600.0,1750.0,0.4346,0.0
DB02_to_DK03#alt2,2,36,3650.0,1800.0,0.3679,0.0
DB02_to_DK03#alt2,2,37,3700.0,1850.0,0.3077,0.0
DB02_to_DK03#alt2,2,38,3750.0,1900.0,0.253,0.0
DB02_to_DK03#alt2,2,39,3800.0,1950.0,0.2057,0.0
DB02_to_DK03#alt2,2,40,3800.0,2000.0,0.1937,0.0
DB02_to_DK03#alt2,2,41,3750.0,2050.0,0.2076,0.0
DB02_to_DK03#alt2,2,42,3700.0,2100.0,0.2252,0.0
DB02_to_DK03#alt2,2,43,3700.0,2150.0,0.2076,0.0
DB02_to_DK03#alt2,2,44,3650.0,2200.0,0.2151,0.0
DB02_to_DK03#alt2,2,45,3600.0,2250.0,0.2151,0.0
DB02_to_DK03#alt2,2,46,3550.0,2300.0,0.2151,0.0
DB02_to_DK03#alt2,2,47,3500.0,2350.0,0.2151,0.0
DB02_to_DK03#alt2,2,48,3450.0,2400.0,0.2076,0.0
DB02_to_DK03#alt2,2,49,3400.0,2450.0,0.1937,0.0
DB02_to_DK03#alt2,2,50,3350.0,2500.0,0.1755,0.0
DB02_to_DK03#alt2,2,51,3300.0,2550.0,0.1827,0.0
DB02_to_DK03#alt2,2,52,3250.0,2600.0,0.2211,0.0
DB02_to_DK03#alt2,2,53,3200.0,2650.0,0.2636,0.0
DB02_to_DK03#alt2,2,54,3150.0,2700.0,0.3114,0.0
DB02_to_DK03#alt2,2,55,3100.0,2750.0,0.3628,0.0
DB02_to_DK03#alt2,2,56,3050.0,2800.0,0.4076,0.0
DB02_to_DK03#alt2,2,57,3000.0,2850.0,0.4346,0.0
DB02_to_DK03#alt2,2,58,2950.0,2900.0,0.4346,0.0
DB02_to_DK03#alt2,2,59,2900.0,2950.0,0.4346,0.0
DB02_to_DK03#alt2,2,60,2850.0,3000.0,0.4346,0.0
DB02_to_DK03#alt2,2,61,2800.0,3050.0,0.4076,0.0
DB02_to_DK03#alt2,2,62,2800.0,3100.0,0.4275,0.0
DB02_to_DK03#alt2,2,63,2800.0,3150.0,0.4346,0.0
DB02_to_DK03#alt2,2,64,2800.0,3200.0,0.4346,0.0
DB02_to_DK03#alt2,2,65,2800.0,3250.0,0.4346,0.0
DB02_to_DK03#alt2,2,66,2800.0,3300.0,0.4275,0.0
DB02_to_DK03#alt2,2,67,2800.0,3350.0,0.4076,0.0
DB02_to_DK03#alt2,2,68,2800.0,3400.0,0.3784,0.0
DB02_to_DK03#alt2,2,69,2800.0,3450.0,0.344,0.0
DB02_to_DK03#alt2,2,70,2800.0,3500.0,0.3077,0.0
DB02_to_DK03#alt2,2,71,2800.0,3550.0,0.2721,0.0
DB02_to_DK03#alt2,2,72,2800.0,3600.0,0.2431,0.0
DB02_to_DK03#alt2,2,73,2800.0,3650.0,0.2252,0.0
DB02_to_DK03#alt2,2,74,2800.0,3700.0,0.2609,0.0
DB02_to_DK03#alt2,2,75,2800.0,3750.0,0.3006,0.0
DB02_to_DK03#alt2,2,76,2800.0,3800.0,0.344,0.0
DB02_to_DK03#alt2,2,77,2800.0,3850.0,0.3895,0.0
DB02_to_DK03#alt2,2,78,2750.0,3900.0,0.3784,0.0
DB02_to_DK03#alt2,2,79,2700.0,3950.0,0.3485,0.0
DB02_to_DK03#alt2,2,80,2650.0,3950.0,0.3006,0.0
DB02_to_DK03#alt2,2,81,2600.0,4000.0,0.2972,0.0
DB02_to_DK03#alt2,2,82,2550.0,4050.0,0.3628,0.0
DB02_to_DK03#alt3,3,0,2150.0,600.0,0.4076,0.0
DB02_to_DK03#alt3,3,1,2100.0,550.0,0.3269,0.0
DB02_to_DK03#alt3,3,2,2050.0,500.0,0.2609,0.0
DB02_to_DK03#alt3,3,3,2000.0,450.0,0.2076,0.0
DB02_to_DK03#alt3,3,4,2050.0,400.0,0.1937,0.0
DB02_to_DK03#alt3,3,5,2100.0,350.0,0.1798,0.0
DB02_to_DK03#alt3,3,6,2150.0,300.0,0.1661,0.0
DB02_to_DK03#alt3,3,7,2200.0,250.0,0.1495,0.0
DB02_to_DK03#alt3,3,8,2250.0,200.0,0.1317,0.0
DB02_to_DK03#alt3,3,9,2300.0,150.0,0.1138,0.0
DB02_to_DK03#alt3,3,10,2350.0,150.0,0.1146,0.0
DB02_to_DK03#alt3,3,11,2400.0,150.0,0.1146,0.0
DB02_to_DK03#alt3,3,12,2450.0,150.0,0.1146,0.0
DB02_to_DK03#alt3,3,13,2500.0,200.0,0.1344,0.0
DB02_to_DK03#alt3,3,14,2550.0,250.0,0.1551,0.0
DB02_to_DK03#alt3,3,15,2600.0,300.0,0.1755,0.0
DB02_to_DK03#alt3,3,16,2650.0,350.0,0.1937,0.0
DB02_to_DK03#alt3,3,17,2700.0,400.0,0.2076,0.0
DB02_to_DK03#alt3,3,18,2750.0,450.0,0.2252,0.0
DB02_to_DK03#alt3,3,19,2800.0,500.0,0.2384,0.0
DB02_to_DK03#alt3,3,20,2850.0,550.0,0.2431,0.0
DB02_to_DK03#alt3,3,21,2900.0,600.0,0.2431,0.0
DB02_to_DK03#alt3,3,22,2950.0,650.0,0.2384,0.0
DB02_to_DK03#alt3,3,23,3000.0,700.0,0.2252,0.0
DB02_to_DK03#alt3,3,24,3050.0,750.0,0.2076,0.0
DB02_to_DK03#alt3,3,25,3100.0,800.0,0.2057,0.0
DB02_to_DK03#alt3,3,26,3150.0,850.0,0.253,0.0
DB02_to_DK03#alt3,3,27,3200.0,900.0,0.3077,0.0
DB02_to_DK03#alt3,3,28,3250.0,950.0,0.3679,0.0
DB02_to_DK03#alt3,3,29,3300.0,1000.0,0.4346,0.0
DB02_to_DK03#alt3,3,30,3350.0,1050.0,0.5134,0.0
DB02_to_DK03#alt3,3,31,3400.0,1100.0,0.6065,0.0
DB02_to_DK03#alt3,3,32,3450.0,1150.0,0.7165,0.0
DB02_to_DK03#alt3,3,33,3450.0,1200.0,0.7165,0.0
DB02_to_DK03#alt3,3,34,3450.0,1250.0,0.6889,0.0
DB02_to_DK03#alt3,3,35,3500.0,1300.0,0.7165,0.0
DB02_to_DK03#alt3,3,36,3500.0,1350.0,0.7165,0.0
DB02_to_DK03#alt3,3,37,3500.0,1400.0,0.7165,0.0
DB02_to_DK03#alt3,3,38,3500.0,1450.0,0.6889,0.0
DB02_to_DK03#alt3,3,39,3550.0,1500.0,0.6889,0.0
DB02_to_DK03#alt3,3,40,3600.0,1550.0,0.6241,0.0
DB02_to_DK03#alt3,3,41,3650.0,1550.0,0.6889,0.0
DB02_to_DK03#alt3,3,42,3700.0,1550.0,0.7165,0.0
DB02_to_DK03#alt3,3,43,3750.0,1600.0,0.5903,0.0
DB02_to_DK03#alt3,3,44,3800.0,1650.0,0.4746,0.0
DB02_to_DK03#alt3,3,45,3850.0,1700.0,0.3784,0.0
DB02_to_DK03#alt3,3,46,3900.0,1750.0,0.3006,0.0
DB02_to_DK03#alt3,3,47,3900.0,1800.0,0.2609,0.0
DB02_to_DK03#alt3,3,48,3900.0,1850.0,0.2252,0.0
DB02_to_DK03#alt3,3,49,3900.0,1900.0,0.1937,0.0
DB02_to_DK03#alt3,3,50,3900.0,1950.0,0.2151,0.0
DB02_to_DK03#alt3,3,51,3900.0,2000.0,0.2384,0.0
DB02_to_DK03#alt3,3,52,3900.0,2050.0,0.2609,0.0
DB02_to_DK03#alt3,3,53,3850.0,2100.0,0.2407,0.0
DB02_to_DK03#alt3,3,54,3800.0,2150.0,0.2151,0.0
DB02_to_DK03#alt3,3,55,3800.0,2200.0,0.2211,0.0
DB02_to_DK03#alt3,3,56,3750.0,2250.0,0.1889,0.0
DB02_to_DK03#alt3,3,57,3700.0,2300.0,0.1599,0.0
DB02_to_DK03#alt3,3,58,3650.0,2350.0,0.1517,0.0
DB02_to_DK03#alt3,3,59,3650.0,2400.0,0.1344,0.0
DB02_to_DK03#alt3,3,60,3650.0,2450.0,0.1317,0.0
DB02_to_DK03#alt3,3,61,3650.0,2500.0,0.1273,0.0
DB02_to_DK03#alt3,3,62,3650.0,2550.0,0.1215,0.0
DB02_to_DK03#alt3,3,63,3700.0,2600.0,0.1335,0.0
DB02_to_DK03#alt3,3,64,3700.0,2650.0,0.1239,0.0
DB02_to_DK03#alt3,3,65,3700.0,2700.0,0.1344,0.0
DB02_to_DK03#alt3,3,66,3700.0,2750.0,0.1517,0.0
DB02_to_DK03#alt3,3,67,3650.0,2800.0,0.1921,0.0
DB02_to_DK03#alt3,3,68,3650.0,2850.0,0.2151,0.0
DB02_to_DK03#alt3,3,69,3600.0,2900.0,0.2721,0.0
DB02_to_DK03#alt3,3,70,3600.0,2950.0,0.3006,0.0
DB02_to_DK03#alt3,3,71,3600.0,3000.0,0.3269,0.0
DB02_to_DK03#alt3,3,72,3550.0,3050.0,0.4076,0.0
DB02_to_DK03#alt3,3,73,3500.0,3100.0,0.503,0.0
DB02_to_DK03#alt3,3,74,3450.0,3150.0,0.6065,0.0
DB02_to_DK03#alt3,3,75,3400.0,3200.0,0.7165,0.0
DB02_to_DK03#alt3,3,76,3400.0,3250.0,0.7165,0.0
DB02_to_DK03#alt3,3,77,3400.0,3300.0,0.6889,0.0
DB02_to_DK03#alt3,3,78,3350.0,3350.0,0.6889,0.0
DB02_to_DK03#alt3,3,79,3300.0,3400.0,0.6889,0.0
DB02_to_DK03#alt3,3,80,3250.0,3450.0,0.6065,0.0
DB02_to_DK03#alt3,3,81,3200.0,3500.0,0.5134,0.0
DB02_to_DK03#alt3,3,82,3150.0,3550.0,0.4346,0.0
DB02_to_DK03#alt3,3,83,3100.0,3600.0,0.3679,0.0
DB02_to_DK03#alt3,3,84,3050.0,3650.0,0.3077,0.0
DB02_to_DK03#alt3,3,85,3000.0,3700.0,0.3114,0.0
DB02_to_DK03#alt3,3,86,2950.0,3750.0,0.3628,0.0
DB02_to_DK03#alt3,3,87,2900.0,3800.0,0.4076,0.0
DB02_to_DK03#alt3,3,88,2850.0,3850.0,0.4346,0.0
DB02_to_DK03#alt3,3,89,2800.0,3900.0,0.4346,0.0
DB02_to_DK03#alt3,3,90,2750.0,3850.0,0.344,0.0
DB02_to_DK03#alt3,3,91,2700.0,3900.0,0.3269,0.0
DB02_to_DK03#alt3,3,92,2650.0,3900.0,0.281,0.0
DB02_to_DK03#alt3,3,93,2600.0,3950.0,0.2609,0.0
DB02_to_DK03#alt3,3,94,2550.0,4000.0,0.3077,0.0
DB02_to_DK03#alt3,3,95,2550.0,4050.0,0.3628,0.0
DB02_to_DK03#alt4,4,0,2150.0,600.0,0.4076,0.0
DB02_to_DK03#alt4,4,1,2200.0,550.0,0.3784,0.0
DB02_to_DK03#alt4,4,2,2200.0,500.0,0.3269,0.0
DB02_to_DK03#alt4,4,3,2150.0,450.0,0.2609,0.0
DB02_to_DK03#alt4,4,4,2100.0,400.0,0.2076,0.0
DB02_to_DK03#alt4,4,5,2050.0,350.0,0.1661,0.0
DB02_to_DK03#alt4,4,6,2100.0,300.0,0.1551,0.0
DB02_to_DK03#alt4,4,7,2050.0,250.0,0.1239,0.0
DB02_to_DK03#alt4,4,8,2100.0,200.0,0.1146,0.0
DB02_to_DK03#alt4,4,9,2150.0,150.0,0.1036,0.0
DB02_to_DK03#alt4,4,10,2200.0,100.0,0.092,0.0
DB02_to_DK03#alt4,4,11,2250.0,50.0,0.0803,0.0
DB02_to_DK03#alt4,4,12,2300.0,50.0,0.0816,0.0
DB02_to_DK03#alt4,4,13,2350.0,50.0,0.0821,0.0
DB02_to_DK03#alt4,4,14,2400.0,50.0,0.0821,0.0
DB02_to_DK03#alt4,4,15,2450.0,50.0,0.0821,0.0
DB02_to_DK03#alt4,4,16,2500.0,50.0,0.0816,0.0
DB02_to_DK03#alt4,4,17,2550.0,50.0,0.0803,0.0
DB02_to_DK03#alt4,4,18,2600.0,100.0,0.092,0.0
DB02_to_DK03#alt4,4,19,2650.0,150.0,0.1036,0.0
DB02_to_DK03#alt4,4,20,2700.0,200.0,0.1146,0.0
DB02_to_DK03#alt4,4,21,2750.0,250.0,0.1239,0.0
DB02_to_DK03#alt4,4,22,2800.0,250.0,0.1146,0.0
DB02_to_DK03#alt4,4,23,2850.0,250.0,0.1069,0.0
DB02_to_DK03#alt4,4,24,2900.0,250.0,0.0987,0.0
DB02_to_DK03#alt4,4,25,2950.0,250.0,0.0904,0.0
DB02_to_DK03#alt4,4,26,3000.0,250.0,0.0821,0.0
DB02_to_DK03#alt4,4,27,3050.0,250.0,0.0883,0.0
DB02_to_DK03#alt4,4,28,3100.0,250.0,0.1036,0.0
DB02_to_DK03#alt4,4,29,3150.0,250.0,0.1215,0.0
DB02_to_DK03#alt4,4,30,3200.0,250.0,0.1422,0.0
DB02_to_DK03#alt4,4,31,3250.0,250.0,0.1661,0.0
DB02_to_DK03#alt4,4,32,3300.0,250.0,0.1937,0.0
DB02_to_DK03#alt4,4,33,3350.0,250.0,0.2252,0.0
DB02_to_DK03#alt4,4,34,3400.0,250.0,0.2609,0.0
DB02_to_DK03#alt4,4,35,3450.0,250.0,0.3006,0.0
DB02_to_DK03#alt4,4,36,3500.0,250.0,0.344,0.0
DB02_to_DK03#alt4,4,37,3550.0,250.0,0.3895,0.0
DB02_to_DK03#alt4,4,38,3600.0,250.0,0.4346,0.0
DB02_to_DK03#alt4,4,39,3650.0,250.0,0.4931,0.0
DB02_to_DK03#alt4,4,40,3700.0,250.0,0.5483,0.0
DB02_to_DK03#alt4,4,41,3750.0,250.0,0.5903,0.0
DB02_to_DK03#alt4,4,42,3800.0,250.0,0.6065,0.0
DB02_to_DK03#alt4,4,43,3850.0,250.0,0.6065,0.0
DB02_to_DK03#alt4,4,44,3900.0,250.0,0.6065,0.0
DB02_to_DK03#alt4,4,45,3950.0,200.0,0.5134,0.0
DB02_to_DK03#alt4,4,46,4000.0,150.0,0.4346,0.0
DB02_to_DK03#alt4,4,47,4050.0,100.0,0.3628,0.0
DB02_to_DK03#alt4,4,48,4100.0,50.0,0.2972,0.0
DB02_to_DK03#alt4,4,49,4150.0,50.0,0.281,0.0
DB02_to_DK03#alt4,4,50,4200.0,100.0,0.3006,0.0
DB02_to_DK03#alt4,4,51,4250.0,150.0,0.3077,0.0
DB02_to_DK03#alt4,4,52,4300.0,200.0,0.3077,0.0
DB02_to_DK03#alt4,4,53,4350.0,250.0,0.3077,0.0
DB02_to_DK03#alt4,4,54,4400.0,300.0,0.3006,0.0
DB02_to_DK03#alt4,4,55,4450.0,350.0,0.281,0.0
DB02_to_DK03#alt4,4,56,4500.0,400.0,0.253,0.0
DB02_to_DK03#alt4,4,57,4550.0,450.0,0.2211,0.0
DB02_to_DK03#alt4,4,58,4600.0,500.0,0.1889,0.0
DB02_to_DK03#alt4,4,59,4650.0,550.0,0.1599,0.0
DB02_to_DK03#alt4,4,60,4700.0,600.0,0.1353,0.0
DB02_to_DK03#alt4,4,61,4750.0,650.0,0.1146,0.0
DB02_to_DK03#alt4,4,62,4800.0,700.0,0.0964,0.0
DB02_to_DK03#alt4,4,63,4750.0,750.0,0.1117,0.0
DB02_to_DK03#alt4,4,64,4700.0,800.0,0.1273,0.0
DB02_to_DK03#alt4,4,65,4650.0,850.0,0.1422,0.0
DB02_to_DK03#alt4,4,66,4650.0,900.0,0.1335,0.0
DB02_to_DK03#alt4,4,67,4600.0,950.0,0.1432,0.0
DB02_to_DK03#alt4,4,68,4600.0,1000.0,0.1353,0.0
DB02_to_DK03#alt4,4,69,4550.0,1050.0,0.1587,0.0
DB02_to_DK03#alt4,4,70,4500.0,1100.0,0.1827,0.0
DB02_to_DK03#alt4,4,71,4450.0,1150.0,0.2057,0.0
DB02_to_DK03#alt4,4,72,4400.0,1200.0,0.2252,0.0
DB02_to_DK03#alt4,4,73,4400.0,1250.0,0.2211,0.0
DB02_to_DK03#alt4,4,74,4350.0,1300.0,0.253,0.0
DB02_to_DK03#alt4,4,75,4300.0,1350.0,0.281,0.0
DB02_to_DK03#alt4,4,76,4250.0,1400.0,0.3006,0.0
DB02_to_DK03#alt4,4,77,4200.0,1450.0,0.3077,0.0
DB02_to_DK03#alt4,4,78,4150.0,1500.0,0.3077,0.0
DB02_to_DK03#alt4,4,79,4100.0,1550.0,0.3269,0.0
DB02_to_DK03#alt4,4,80,4050.0,1600.0,0.344,0.0
DB02_to_DK03#alt4,4,81,4000.0,1650.0,0.344,0.0
DB02_to_DK03#alt4,4,82,4000.0,1700.0,0.3006,0.0
DB02_to_DK03#alt4,4,83,4000.0,1750.0,0.2609,0.0
DB02_to_DK03#alt4,4,84,4000.0,1800.0,0.2252,0.0
DB02_to_DK03#alt4,4,85,4000.0,1850.0,0.2151,0.0
DB02_to_DK03#alt4,4,86,4000.0,1900.0,0.2431,0.0
DB02_to_DK03#alt4,4,87,4000.0,1950.0,0.2721,0.0
DB02_to_DK03#alt4,4,88,4000.0,2000.0,0.3077,0.0
DB02_to_DK03#alt4,4,89,4000.0,2050.0,0.344,0.0
DB02_to_DK03#alt4,4,90,4000.0,2100.0,0.3784,0.0
DB02_to_DK03#alt4,4,91,3950.0,2150.0,0.3485,0.0
DB02_to_DK03#alt4,4,92,3900.0,2200.0,0.3077,0.0
DB02_to_DK03#alt4,4,93,3900.0,2250.0,0.3114,0.0
DB02_to_DK03#alt4,4,94,3850.0,2300.0,0.2636,0.0
DB02_to_DK03#alt4,4,95,3800.0,2350.0,0.2231,0.0
DB02_to_DK03#alt4,4,96,3800.0,2400.0,0.2211,0.0
DB02_to_DK03#alt4,4,97,3800.0,2450.0,0.2151,0.0
DB02_to_DK03#alt4,4,98,3800.0,2500.0,0.2057,0.0
DB02_to_DK03#alt4,4,99,3800.0,2550.0,0.1937,0.0
DB02_to_DK03#alt4,4,100,3800.0,2600.0,0.1798,0.0
DB02_to_DK03#alt4,4,101,3800.0,2650.0,0.1648,0.0
DB02_to_DK03#alt4,4,102,3800.0,2700.0,0.1495,0.0
DB02_to_DK03#alt4,4,103,3800.0,2750.0,0.1344,0.0
DB02_to_DK03#alt4,4,104,3800.0,2800.0,0.1308,0.0
DB02_to_DK03#alt4,4,105,3750.0,2850.0,0.1648,0.0
DB02_to_DK03#alt4,4,106,3750.0,2900.0,0.1798,0.0
DB02_to_DK03#alt4,4,107,3700.0,2950.0,0.2252,0.0
DB02_to_DK03#alt4,4,108,3700.0,3000.0,0.2407,0.0
DB02_to_DK03#alt4,4,109,3700.0,3050.0,0.253,0.0
DB02_to_DK03#alt4,4,110,3650.0,3100.0,0.3077,0.0
DB02_to_DK03#alt4,4,111,3600.0,3150.0,0.3679,0.0
DB02_to_DK03#alt4,4,112,3550.0,3200.0,0.4346,0.0
DB02_to_DK03#alt4,4,113,3500.0,3250.0,0.5134,0.0
DB02_to_DK03#alt4,4,114,3500.0,3300.0,0.503,0.0
DB02_to_DK03#alt4,4,115,3500.0,3350.0,0.4746,0.0
DB02_to_DK03#alt4,4,116,3450.0,3400.0,0.4931,0.0
DB02_to_DK03#alt4,4,117,3400.0,3450.0,0.4931,0.0
DB02_to_DK03#alt4,4,118,3350.0,3500.0,0.4746,0.0
DB02_to_DK03#alt4,4,119,3300.0,3550.0,0.4275,0.0
DB02_to_DK03#alt4,4,120,3250.0,3600.0,0.3679,0.0
DB02_to_DK03#alt4,4,121,3200.0,3650.0,0.3114,0.0
DB02_to_DK03#alt4,4,122,3150.0,3700.0,0.3077,0.0
DB02_to_DK03#alt4,4,123,3100.0,3750.0,0.3679,0.0
DB02_to_DK03#alt4,4,124,3050.0,3800.0,0.4346,0.0
DB02_to_DK03#alt4,4,125,3000.0,3850.0,0.5134,0.0
DB02_to_DK03#alt4,4,126,2950.0,3900.0,0.5903,0.0
DB02_to_DK03#alt4,4,127,2900.0,3950.0,0.6241,0.0
DB02_to_DK03#alt4,4,128,2850.0,4000.0,0.5903,0.0
DB02_to_DK03#alt4,4,129,2800.0,4050.0,0.5483,0.0
DB02_to_DK03#alt4,4,130,2750.0,4050.0,0.4746,0.0
DB02_to_DK03#alt4,4,131,2700.0,4050.0,0.4076,0.0
DB02_to_DK03#alt4,4,132,2650.0,4100.0,0.3784,0.0
DB02_to_DK03#alt4,4,133,2600.0,4150.0,0.4746,0.0
DB02_to_DK03#alt4,4,134,2550.0,4100.0,0.4275,0.0
DB02_to_DK03#alt4,4,135,2550.0,4050.0,0.3628,0.0
DB02_to_DK03#alt5,5,0,2150.0,600.0,0.4076,0.0
DB02_to_DK03#alt5,5,1,2100.0,650.0,0.4346,0.0
DB02_to_DK03#alt5,5,2,2050.0,700.0,0.4346,0.0
DB02_to_DK03#alt5,5,3,2000.0,750.0,0.4346,0.0
DB02_to_DK03#alt5,5,4,1950.0,800.0,0.4076,0.0
DB02_to_DK03#alt5,5,5,1900.0,850.0,0.3784,0.0
DB02_to_DK03#alt5,5,6,1850.0,900.0,0.3679,0.0
DB02_to_DK03#alt5,5,7,1800.0,950.0,0.4346,0.0
DB02_to_DK03#alt5,5,8,1750.0,1000.0,0.503,0.0
DB02_to_DK03#alt5,5,9,1750.0,1050.0,0.4746,0.0
DB02_to_DK03#alt5,5,10,1750.0,1100.0,0.4346,0.0
DB02_to_DK03#alt5,5,11,1700.0,1150.0,0.503,0.0
DB02_to_DK03#alt5,5,12,1650.0,1200.0,0.5483,0.0
DB02_to_DK03#alt5,5,13,1600.0,1250.0,0.5483,0.0
DB02_to_DK03#alt5,5,14,1550.0,1300.0,0.5483,0.0
DB02_to_DK03#alt5,5,15,1500.0,1350.0,0.5483,0.0
DB02_to_DK03#alt5,5,16,1450.0,1400.0,0.5483,0.0
DB02_to_DK03#alt5,5,17,1450.0,1450.0,0.4931,0.0
DB02_to_DK03#alt5,5,18,1450.0,1500.0,0.4346,0.0
DB02_to_DK03#alt5,5,19,1500.0,1550.0,0.3679,0.0
DB02_to_DK03#alt5,5,20,1500.0,1600.0,0.3679,0.0
DB02_to_DK03#alt5,5,21,1550.0,1650.0,0.3114,0.0
DB02_to_DK03#alt5,5,22,1550.0,1700.0,0.3269,0.0
DB02_to_DK03#alt5,5,23,1600.0,1750.0,0.3485,0.0
DB02_to_DK03#alt5,5,24,1600.0,1800.0,0.4076,0.0
DB02_to_DK03#alt5,5,25,1650.0,1850.0,0.4346,0.0
DB02_to_DK03#alt5,5,26,1700.0,1900.0,0.4346,0.0
DB02_to_DK03#alt5,5,27,1700.0,1950.0,0.4931,0.0
DB02_to_DK03#alt5,5,28,1700.0,2000.0,0.5483,0.0
DB02_to_DK03#alt5,5,29,1700.0,2050.0,0.5903,0.0
DB02_to_DK03#alt5,5,30,1700.0,2100.0,0.6065,0.0
DB02_to_DK03#alt5,5,31,1700.0,2150.0,0.6065,0.0
DB02_to_DK03#alt5,5,32,1700.0,2200.0,0.6065,0.0
DB02_to_DK03#alt5,5,33,1700.0,2250.0,0.6065,0.0
DB02_to_DK03#alt5,5,34,1700.0,2300.0,0.6065,0.0
DB02_to_DK03#alt5,5,35,1700.0,2350.0,0.6065,0.0
DB02_to_DK03#alt5,5,36,1700.0,2400.0,0.5903,0.0
DB02_to_DK03#alt5,5,37,1650.0,2450.0,0.6241,0.0
DB02_to_DK03#alt5,5,38,1600.0,2500.0,0.6241,0.0
DB02_to_DK03#alt5,5,39,1550.0,2550.0,0.5903,0.0
DB02_to_DK03#alt5,5,40,1600.0,2600.0,0.4746,0.0
DB02_to_DK03#alt5,5,41,1650.0,2650.0,0.3784,0.0
DB02_to_DK03#alt5,5,42,1700.0,2700.0,0.3006,0.0
DB02_to_DK03#alt5,5,43,1750.0,2750.0,0.2384,0.0
DB02_to_DK03#alt5,5,44,1800.0,2800.0,0.1889,0.0
DB02_to_DK03#alt5,5,45,1850.0,2850.0,0.1495,0.0
DB02_to_DK03#alt5,5,46,1900.0,2900.0,0.1495,0.0
DB02_to_DK03#alt5,5,47,1950.0,2950.0,0.1517,0.0
DB02_to_DK03#alt5,5,48,2000.0,3000.0,0.1517,0.0
DB02_to_DK03#alt5,5,49,2000.0,3050.0,0.1344,0.0
DB02_to_DK03#alt5,5,50,2050.0,3100.0,0.1308,0.0
DB02_to_DK03#alt5,5,51,2100.0,3150.0,0.1239,0.0
DB02_to_DK03#alt5,5,52,2150.0,3200.0,0.1183,0.0
DB02_to_DK03#alt5,5,53,2150.0,3250.0,0.1138,0.0
DB02_to_DK03#alt5,5,54,2150.0,3300.0,0.1239,0.0
DB02_to_DK03#alt5,5,55,2150.0,3350.0,0.1335,0.0
DB02_to_DK03#alt5,5,56,2150.0,3400.0,0.1422,0.0
DB02_to_DK03#alt5,5,57,2150.0,3450.0,0.1495,0.0
DB02_to_DK03#alt5,5,58,2150.0,3500.0,0.1661,0.0
DB02_to_DK03#alt5,5,59,2150.0,3550.0,0.1937,0.0
DB02_to_DK03#alt5,5,60,2150.0,3600.0,0.2252,0.0
DB02_to_DK03#alt5,5,61,2150.0,3650.0,0.2609,0.0
DB02_to_DK03#alt5,5,62,2150.0,3700.0,0.3006,0.0
DB02_to_DK03#alt5,5,63,2150.0,3750.0,0.344,0.0
DB02_to_DK03#alt5,5,64,2150.0,3800.0,0.3895,0.0
DB02_to_DK03#alt5,5,65,2150.0,3850.0,0.4346,0.0
DB02_to_DK03#alt5,5,66,2150.0,3900.0,0.4746,0.0
DB02_to_DK03#alt5,5,67,2200.0,3950.0,0.4346,0.0
DB02_to_DK03#alt5,5,68,2250.0,4000.0,0.4076,0.0
DB02_to_DK03#alt5,5,69,2300.0,4050.0,0.3628,0.0
DB02_to_DK03#alt5,5,70,2350.0,4050.0,0.3269,0.0
DB02_to_DK03#alt5,5,71,2400.0,4050.0,0.3485,0.0
DB02_to_DK03#alt5,5,72,2450.0,4050.0,0.3628,0.0
DB02_to_DK03#alt5,5,73,2500.0,4050.0,0.3679,0.0
DB02_to_DK03#alt5,5,74,2550.0,4050.0,0.3628,0.0
DB02_to_DK03#alt6,6,0,2150.0,600.0,0.4076,0.0
DB02_to_DK03#alt6,6,1,2200.0,600.0,0.4346,0.0
DB02_to_DK03#alt6,6,2,2250.0,650.0,0.5483,0.0
DB02_to_DK03#alt6,6,3,2300.0,650.0,0.5903,0.0
DB02_to_DK03#alt6,6,4,2350.0,700.0,0.7165,0.0
DB02_to_DK03#alt6,6,5,2400.0,700.0,0.7165,0.0
DB02_to_DK03#alt6,6,6,2450.0,700.0,0.7165,0.0
DB02_to_DK03#alt6,6,7,2500.0,700.0,0.6889,0.0
DB02_to_DK03#alt6,6,8,2550.0,700.0,0.6241,0.0
DB02_to_DK03#alt6,6,9,2600.0,750.0,0.6889,0.0
DB02_to_DK03#alt6,6,10,2650.0,800.0,0.6889,0.0
DB02_to_DK03#alt6,6,11,2700.0,850.0,0.6889,0.0
DB02_to_DK03#alt6,6,12,2750.0,900.0,0.6241,0.0
DB02_to_DK03#alt6,6,13,2750.0,950.0,0.6889,0.0
DB02_to_DK03#alt6,6,14,2750.0,1000.0,0.7165,0.0
DB02_to_DK03#alt6,6,15,2750.0,1050.0,0.7165,0.0
DB02_to_DK03#alt6,6,16,2750.0,1100.0,0.7165,0.0
DB02_to_DK03#alt6,6,17,2750.0,1150.0,0.6889,0.0
DB02_to_DK03#alt6,6,18,2700.0,1200.0,0.7165,0.0
DB02_to_DK03#alt6,6,19,2700.0,1250.0,0.6889,0.0
DB02_to_DK03#alt6,6,20,2650.0,1300.0,0.6889,0.0
DB02_to_DK03#alt6,6,21,2650.0,1350.0,0.7165,0.0
DB02_to_DK03#alt6,6,22,2650.0,1400.0,0.7165,0.0
DB02_to_DK03#alt6,6,23,2650.0,1450.0,0.7165,0.0
DB02_to_DK03#alt6,6,24,2650.0,1500.0,0.7165,0.0
DB02_to_DK03#alt6,6,25,2650.0,1550.0,0.7165,0.0
DB02_to_DK03#alt6,6,26,2650.0,1600.0,0.6889,0.0
DB02_to_DK03#alt6,6,27,2600.0,1650.0,0.6889,0.0
DB02_to_DK03#alt6,6,28,2600.0,1700.0,0.6241,0.0
DB02_to_DK03#alt6,6,29,2600.0,1750.0,0.5483,0.0
DB02_to_DK03#alt6,6,30,2600.0,1800.0,0.4746,0.0
DB02_to_DK03#alt6,6,31,2650.0,1850.0,0.4346,0.0
DB02_to_DK03#alt6,6,32,2700.0,1900.0,0.5134,0.0
DB02_to_DK03#alt6,6,33,2700.0,1950.0,0.503,0.0
DB02_to_DK03#alt6,6,34,2700.0,2000.0,0.4746,0.0
DB02_to_DK03#alt6,6,35,2750.0,2050.0,0.4931,0.0
DB02_to_DK03#alt6,6,36,2800.0,2100.0,0.4931,0.0
DB02_to_DK03#alt6,6,37,2850.0,2150.0,0.4931,0.0
DB02_to_DK03#alt6,6,38,2850.0,2200.0,0.5483,0.0
DB02_to_DK03#alt6,6,39,2850.0,2250.0,0.5903,0.0
DB02_to_DK03#alt6,6,40,2900.0,2300.0,0.5134,0.0
DB02_to_DK03#alt6,6,41,2950.0,2350.0,0.4346,0.0
DB02_to_DK03#alt6,6,42,3000.0,2400.0,0.3679,0.0
DB02_to_DK03#alt6,6,43,3050.0,2450.0,0.3114,0.0
DB02_to_DK03#alt6,6,44,3100.0,2500.0,0.2636,0.0
DB02_to_DK03#alt6,6,45,3150.0,2550.0,0.2211,0.0
DB02_to_DK03#alt6,6,46,3200.0,2600.0,0.2231,0.0
DB02_to_DK03#alt6,6,47,3250.0,2650.0,0.2609,0.0
DB02_to_DK03#alt6,6,48,3300.0,2700.0,0.2972,0.0
DB02_to_DK03#alt6,6,49,3250.0,2750.0,0.3628,0.0
DB02_to_DK03#alt6,6,50,3200.0,2800.0,0.4346,0.0
DB02_to_DK03#alt6,6,51,3150.0,2850.0,0.5134,0.0
DB02_to_DK03#alt6,6,52,3100.0,2900.0,0.5903,0.0
DB02_to_DK03#alt6,6,53,3050.0,2950.0,0.6241,0.0
DB02_to_DK03#alt6,6,54,3000.0,3000.0,0.6241,0.0
DB02_to_DK03#alt6,6,55,2950.0,3050.0,0.6241,0.0
DB02_to_DK03#alt6,6,56,2900.0,3100.0,0.5903,0.0
DB02_to_DK03#alt6,6,57,2900.0,3150.0,0.6065,0.0
DB02_to_DK03#alt6,6,58,2900.0,3200.0,0.6065,0.0
DB02_to_DK03#alt6,6,59,2900.0,3250.0,0.6065,0.0
DB02_to_DK03#alt6,6,60,2900.0,3300.0,0.5903,0.0
DB02_to_DK03#alt6,6,61,2900.0,3350.0,0.5483,0.0
DB02_to_DK03#alt6,6,62,2900.0,3400.0,0.4931,0.0
DB02_to_DK03#alt6,6,63,2900.0,3450.0,0.4346,0.0
DB02_to_DK03#alt6,6,64,2900.0,3500.0,0.3895,0.0
DB02_to_DK03#alt6,6,65,2900.0,3550.0,0.344,0.0
DB02_to_DK03#alt6,6,66,2900.0,3600.0,0.3006,0.0
DB02_to_DK03#alt6,6,67,2850.0,3650.0,0.2407,0.0
DB02_to_DK03#alt6,6,68,2800.0,3700.0,0.2609,0.0
DB02_to_DK03#alt6,6,69,2750.0,3750.0,0.2721,0.0
DB02_to_DK03#alt6,6,70,2700.0,3800.0,0.2721,0.0
DB02_to_DK03#alt6,6,71,2650.0,3850.0,0.2609,0.0
DB02_to_DK03#alt6,6,72,2600.0,3900.0,0.2407,0.0
DB02_to_DK03#alt6,6,73,2550.0,3950.0,0.2609,0.0
DB02_to_DK03#alt6,6,74,2550.0,4000.0,0.3077,0.0
DB02_to_DK03#alt6,6,75,2550.0,4050.0,0.3628,0.0
DB02_to_DK03#alt7,7,0,2150.0,600.0,0.4076,0.0
DB02_to_DK03#alt7,7,1,2200.0,550.0,0.3784,0.0
DB02_to_DK03#alt7,7,2,2250.0,500.0,0.3485,0.0
DB02_to_DK03#alt7,7,3,2300.0,450.0,0.3077,0.0
DB02_to_DK03#alt7,7,4,2350.0,400.0,0.2636,0.0
DB02_to_DK03#alt7,7,5,2400.0,400.0,0.2636,0.0
DB02_to_DK03#alt7,7,6,2450.0,400.0,0.2636,0.0
DB02_to_DK03#alt7,7,7,2500.0,400.0,0.2609,0.0
DB02_to_DK03#alt7,7,8,2550.0,400.0,0.253,0.0
DB02_to_DK03#alt7,7,9,2600.0,400.0,0.2407,0.0
DB02_to_DK03#alt7,7,10,2650.0,400.0,0.2252,0.0
DB02_to_DK03#alt7,7,11,2700.0,350.0,0.1798,0.0
DB02_to_DK03#alt7,7,12,2750.0,350.0,0.1661,0.0
DB02_to_DK03#alt7,7,13,2800.0,350.0,0.1551,0.0
DB02_to_DK03#alt7,7,14,2850.0,350.0,0.1432,0.0
DB02_to_DK03#alt7,7,15,2900.0,350.0,0.1308,0.0
DB02_to_DK03#alt7,7,16,2950.0,350.0,0.1183,0.0
DB02_to_DK03#alt7,7,17,3000.0,350.0,0.1062,0.0
DB02_to_DK03#alt7,7,18,3050.0,350.0,0.0947,0.0
DB02_to_DK03#alt7,7,19,3100.0,350.0,0.1117,0.0
DB02_to_DK03#alt7,7,20,3150.0,350.0,0.1317,0.0
DB02_to_DK03#alt7,7,21,3200.0,350.0,0.1551,0.0
DB02_to_DK03#alt7,7,22,3250.0,350.0,0.1827,0.0
DB02_to_DK03#alt7,7,23,3300.0,350.0,0.2151,0.0
DB02_to_DK03#alt7,7,24,3350.0,350.0,0.253,0.0
DB02_to_DK03#alt7,7,25,3400.0,350.0,0.2972,0.0
DB02_to_DK03#alt7,7,26,3450.0,350.0,0.3485,0.0
DB02_to_DK03#alt7,7,27,3500.0,350.0,0.4076,0.0
DB02_to_DK03#alt7,7,28,3550.0,350.0,0.4746,0.0
DB02_to_DK03#alt7,7,29,3600.0,350.0,0.5483,0.0
DB02_to_DK03#alt7,7,30,3650.0,350.0,0.6241,0.0
DB02_to_DK03#alt7,7,31,3700.0,300.0,0.6241,0.0
DB02_to_DK03#alt7,7,32,3750.0,300.0,0.6889,0.0
DB02_to_DK03#alt7,7,33,3800.0,300.0,0.7165,0.0
DB02_to_DK03#alt7,7,34,3850.0,300.0,0.7165,0.0
DB02_to_DK03#alt7,7,35,3900.0,300.0,0.7165,0.0
DB02_to_DK03#alt7,7,36,3950.0,300.0,0.7165,0.0
DB02_to_DK03#alt7,7,37,4000.0,300.0,0.7165,0.0
DB02_to_DK03#alt7,7,38,4050.0,250.0,0.5903,0.0
DB02_to_DK03#alt7,7,39,4100.0,200.0,0.4746,0.0
DB02_to_DK03#alt7,7,40,4150.0,150.0,0.3784,0.0
DB02_to_DK03#alt7,7,41,4200.0,100.0,0.3006,0.0
DB02_to_DK03#alt7,7,42,4250.0,50.0,0.2384,0.0
DB02_to_DK03#alt7,7,43,4300.0,50.0,0.2151,0.0
DB02_to_DK03#alt7,7,44,4350.0,100.0,0.2151,0.0
DB02_to_DK03#alt7,7,45,4400.0,150.0,0.2151,0.0
DB02_to_DK03#alt7,7,46,4450.0,200.0,0.2151,0.0
DB02_to_DK03#alt7,7,47,4500.0,250.0,0.2076,0.0
DB02_to_DK03#alt7,7,48,4550.0,300.0,0.1937,0.0
DB02_to_DK03#alt7,7,49,4600.0,350.0,0.1755,0.0
DB02_to_DK03#alt7,7,50,4650.0,400.0,0.1551,0.0
DB02_to_DK03#alt7,7,51,4700.0,450.0,0.1344,0.0
DB02_to_DK03#alt7,7,52,4750.0,500.0,0.1146,0.0
DB02_to_DK03#alt7,7,53,4800.0,550.0,0.097,0.0
DB02_to_DK03#alt7,7,54,4850.0,600.0,0.0821,0.0
DB02_to_DK03#alt7,7,55,4900.0,650.0,0.0695,0.0
DB02_to_DK03#alt7,7,56,4900.0,700.0,0.0691,0.0
DB02_to_DK03#alt7,7,57,4900.0,750.0,0.0681,0.0
DB02_to_DK03#alt7,7,58,4900.0,800.0,0.0663,0.0
DB02_to_DK03#alt7,7,59,4850.0,850.0,0.0752,0.0
DB02_to_DK03#alt7,7,60,4800.0,900.0,0.0839,0.0
DB02_to_DK03#alt7,7,61,4750.0,950.0,0.092,0.0
DB02_to_DK03#alt7,7,62,4800.0,1000.0,0.0736,0.0
DB02_to_DK03#alt7,7,63,4850.0,1050.0,0.0588,0.0
DB02_to_DK03#alt7,7,64,4850.0,1100.0,0.0577,0.0
DB02_to_DK03#alt7,7,65,4850.0,1150.0,0.0563,0.0
DB02_to_DK03#alt7,7,66,4850.0,1200.0,0.0544,0.0
DB02_to_DK03#alt7,7,67,4850.0,1250.0,0.0522,0.0
DB02_to_DK03#alt7,7,68,4850.0,1300.0,0.0496,0.0
DB02_to_DK03#alt7,7,69,4850.0,1350.0,0.0478,0.0
DB02_to_DK03#alt7,7,70,4850.0,1400.0,0.0496,0.0
DB02_to_DK03#alt7,7,71,4850.0,1450.0,0.0568,0.0
DB02_to_DK03#alt7,7,72,4850.0,1500.0,0.065,0.0
DB02_to_DK03#alt7,7,73,4850.0,1550.0,0.074,0.0
DB02_to_DK03#alt7,7,74,4850.0,1600.0,0.0839,0.0
DB02_to_DK03#alt7,7,75,4850.0,1650.0,0.0947,0.0
DB02_to_DK03#alt7,7,76,4850.0,1700.0,0.1062,0.0
DB02_to_DK03#alt7,7,77,4850.0,1750.0,0.1199,0.0
DB02_to_DK03#alt7,7,78,4850.0,1800.0,0.1344,0.0
DB02_to_DK03#alt7,7,79,4850.0,1850.0,0.1517,0.0
DB02_to_DK03#alt7,7,80,4850.0,1900.0,0.17,0.0
DB02_to_DK03#alt7,7,81,4850.0,1950.0,0.1889,0.0
DB02_to_DK03#alt7,7,82,4850.0,2000.0,0.2076,0.0
DB02_to_DK03#alt7,7,83,4800.0,2050.0,0.2609,0.0
DB02_to_DK03#alt7,7,84,4800.0,2100.0,0.281,0.0
DB02_to_DK03#alt7,7,85,4800.0,2150.0,0.2972,0.0
DB02_to_DK03#alt7,7,86,4800.0,2200.0,0.3077,0.0
DB02_to_DK03#alt7,7,87,4850.0,2250.0,0.2636,0.0
DB02_to_DK03#alt7,7,88,4900.0,2300.0,0.2231,0.0
DB02_to_DK03#alt7,7,89,4950.0,2350.0,0.1889,0.0
DB02_to_DK03#alt7,7,90,4900.0,2400.0,0.2211,0.0
DB02_to_DK03#alt7,7,91,4850.0,2450.0,0.253,0.0
DB02_to_DK03#alt7,7,92,4800.0,2500.0,0.281,0.0
DB02_to_DK03#alt7,7,93,4750.0,2550.0,0.3006,0.0
DB02_to_DK03#alt7,7,94,4700.0,2600.0,0.3077,0.0
DB02_to_DK03#alt7,7,95,4650.0,2650.0,0.3077,0.0
DB02_to_DK03#alt7,7,96,4600.0,2700.0,0.3006,0.0
DB02_to_DK03#alt7,7,97,4550.0,2750.0,0.281,0.0
DB02_to_DK03#alt7,7,98,4500.0,2800.0,0.253,0.0
DB02_to_DK03#alt7,7,99,4450.0,2850.0,0.2211,0.0
DB02_to_DK03#alt7,7,100,4400.0,2900.0,0.1889,0.0
DB02_to_DK03#alt7,7,101,4350.0,2950.0,0.1599,0.0
DB02_to_DK03#alt7,7,102,4300.0,3000.0,0.1353,0.0
DB02_to_DK03#alt7,7,103,4250.0,3050.0,0.1138,0.0
DB02_to_DK03#alt7,7,104,4200.0,3100.0,0.0947,0.0
DB02_to_DK03#alt7,7,105,4150.0,3150.0,0.0781,0.0
DB02_to_DK03#alt7,7,106,4100.0,3200.0,0.0695,0.0
DB02_to_DK03#alt7,7,107,4050.0,3250.0,0.0821,0.0
DB02_to_DK03#alt7,7,108,4000.0,3300.0,0.0964,0.0
DB02_to_DK03#alt7,7,109,3950.0,3350.0,0.1117,0.0
DB02_to_DK03#alt7,7,110,3900.0,3400.0,0.1273,0.0
DB02_to_DK03#alt7,7,111,3850.0,3450.0,0.1422,0.0
DB02_to_DK03#alt7,7,112,3800.0,3500.0,0.1755,0.0
DB02_to_DK03#alt7,7,113,3750.0,3550.0,0.2151,0.0
DB02_to_DK03#alt7,7,114,3700.0,3600.0,0.2609,0.0
DB02_to_DK03#alt7,7,115,3650.0,3650.0,0.3114,0.0
DB02_to_DK03#alt7,7,116,3600.0,3700.0,0.3679,0.0
DB02_to_DK03#alt7,7,117,3550.0,3750.0,0.4346,0.0
DB02_to_DK03#alt7,7,118,3500.0,3800.0,0.5134,0.0
DB02_to_DK03#alt7,7,119,3450.0,3850.0,0.5903,0.0
DB02_to_DK03#alt7,7,120,3400.0,3900.0,0.6241,0.0
DB02_to_DK03#alt7,7,121,3350.0,3950.0,0.6241,0.0
DB02_to_DK03#alt7,7,122,3300.0,4000.0,0.6241,0.0
DB02_to_DK03#alt7,7,123,3250.0,4050.0,0.6889,0.0
DB02_to_DK03#alt7,7,124,3250.0,4100.0,0.7165,0.0
DB02_to_DK03#alt7,7,125,3250.0,4150.0,0.7165,0.0
DB02_to_DK03#alt7,7,126,3250.0,4200.0,0.7165,0.0
DB02_to_DK03#alt7,7,127,3250.0,4250.0,0.6889,0.0
DB02_to_DK03#alt7,7,128,3200.0,4300.0,0.6889,0.0
DB02_to_DK03#alt7,7,129,3150.0,4350.0,0.6889,0.0
DB02_to_DK03#alt7,7,130,3100.0,4350.0,0.7165,0.0
DB02_to_DK03#alt7,7,131,3050.0,4350.0,0.7165,0.0
DB02_to_DK03#alt7,7,132,3000.0,4350.0,0.7165,0.0
DB02_to_DK03#alt7,7,133,2950.0,4350.0,0.6889,0.0
DB02_to_DK03#alt7,7,134,2900.0,4300.0,0.6889,0.0
DB02_to_DK03#alt7,7,135,2850.0,4250.0,0.6241,0.0
DB02_to_DK03#alt7,7,136,2800.0,4200.0,0.5903,0.0
DB02_to_DK03#alt7,7,137,2750.0,4200.0,0.503,0.0
DB02_to_DK03#alt7,7,138,2700.0,4250.0,0.4931,0.0
DB02_to_DK03#alt7,7,139,2650.0,4200.0,0.4931,0.0
DB02_to_DK03#alt7,7,140,2600.0,4150.0,0.4746,0.0
DB02_to_DK03#alt7,7,141,2550.0,4100.0,0.4275,0.0
DB02_to_DK03#alt7,7,142,2550.0,4050.0,0.3628,0.0
DB02_to_DK04#alt0,0,0,2150.0,600.0,0.4076,0.0
DB02_to_DK04#alt0,0,1,2100.0,550.0,0.3269,0.0
DB02_to_DK04#alt0,0,2,2050.0,500.0,0.2609,0.0
DB02_to_DK04#alt0,0,3,2000.0,450.0,0.2076,0.0
DB02_to_DK04#alt0,0,4,1950.0,400.0,0.1937,0.0
DB02_to_DK04#alt0,0,5,1900.0,400.0,0.2252,0.0
DB02_to_DK04#alt0,0,6,1850.0,350.0,0.2384,0.0
DB02_to_DK04#alt0,0,7,1800.0,300.0,0.2431,0.0
DB02_to_DK04#alt0,0,8,1750.0,250.0,0.2431,0.0
DB02_to_DK04#alt0,0,9,1700.0,200.0,0.2431,0.0
DB02_to_DK04#alt0,0,10,1650.0,150.0,0.2431,0.0
DB02_to_DK04#alt0,0,11,1600.0,150.0,0.2721,0.0
DB02_to_DK04#alt0,0,12,1550.0,150.0,0.3077,0.0
DB02_to_DK04#alt0,0,13,1500.0,150.0,0.344,0.0
DB02_to_DK04#alt0,0,14,1450.0,150.0,0.3784,0.0
DB02_to_DK04#alt0,0,15,1400.0,150.0,0.4076,0.0
DB02_to_DK04#alt0,0,16,1350.0,150.0,0.4275,0.0
DB02_to_DK04#alt0,0,17,1300.0,150.0,0.4346,0.0
DB02_to_DK04#alt0,0,18,1250.0,150.0,0.4931,0.0
DB02_to_DK04#alt0,0,19,1200.0,150.0,0.5483,0.0
DB02_to_DK04#alt0,0,20,1150.0,150.0,0.6241,0.0
DB02_to_DK04#alt0,0,21,1100.0,150.0,0.6889,0.0
DB02_to_DK04#alt0,0,22,1050.0,150.0,0.7165,0.0
DB02_to_DK04#alt0,0,23,1000.0,150.0,0.7165,0.0
DB02_to_DK04#alt0,0,24,950.0,150.0,0.7165,0.0
DB02_to_DK04#alt0,0,25,900.0,150.0,0.7165,0.0
DB02_to_DK04#alt0,0,26,850.0,150.0,0.6889,0.0
DB02_to_DK04#alt0,0,27,800.0,200.0,0.6889,0.0
DB02_to_DK04#alt0,0,28,750.0,250.0,0.6889,0.0
DB02_to_DK04#alt0,0,29,700.0,300.0,0.6889,0.0
DB02_to_DK04#alt0,0,30,650.0,350.0,0.6241,0.0
DB02_to_DK04#alt0,0,31,600.0,400.0,0.6241,0.0
DB02_to_DK04#alt0,0,32,550.0,450.0,0.6241,0.0
DB02_to_DK04#alt0,0,33,500.0,500.0,0.6241,0.0
DB02_to_DK04#alt0,0,34,450.0,550.0,0.6889,0.0
DB02_to_DK04#alt0,0,35,400.0,600.0,0.7165,0.0
DB02_to_DK04#alt0,0,36,350.0,600.0,0.6889,0.0
DB02_to_DK04#alt0,0,37,300.0,650.0,0.6889,0.0
DB02_to_DK04#alt0,0,38,250.0,700.0,0.6241,0.0
DB02_to_DK04#alt0,0,39,250.0,750.0,0.6889,0.0
DB02_to_DK04#alt0,0,40,200.0,800.0,0.6065,0.0
DB02_to_DK04#alt0,0,41,150.0,850.0,0.5134,0.0
DB02_to_DK04#alt0,0,42,150.0,900.0,0.5134,0.0
DB02_to_DK04#alt0,0,43,150.0,950.0,0.503,0.0
DB02_to_DK04#alt0,0,44,200.0,1000.0,0.5483,0.0
DB02_to_DK04#alt0,0,45,200.0,1050.0,0.4931,0.0
DB02_to_DK04#alt0,0,46,200.0,1100.0,0.4346,0.0
DB02_to_DK04#alt0,0,47,200.0,1150.0,0.3895,0.0
DB02_to_DK04#alt0,0,48,150.0,1200.0,0.3077,0.0
DB02_to_DK04#alt0,0,49,100.0,1250.0,0.2431,0.0
DB02_to_DK04#alt0,0,50,50.0,1300.0,0.1921,0.0
DB02_to_DK04#alt0,0,51,100.0,1350.0,0.1921,0.0
DB02_to_DK04#alt0,0,52,150.0,1400.0,0.1889,0.0
DB02_to_DK04#alt0,0,53,200.0,1450.0,0.1798,0.0
DB02_to_DK04#alt0,0,54,250.0,1500.0,0.17,0.0
DB02_to_DK04#alt0,0,55,300.0,1550.0,0.17,0.0
DB02_to_DK04#alt0,0,56,350.0,1600.0,0.17,0.0
DB02_to_DK04#alt0,0,57,350.0,1650.0,0.1517,0.0
DB02_to_DK04#alt0,0,58,400.0,1700.0,0.1587,0.0
DB02_to_DK04#alt0,0,59,450.0,1750.0,0.1827,0.0
DB02_to_DK04#alt0,0,60,500.0,1800.0,0.2057,0.0
DB02_to_DK04#alt0,0,61,550.0,1850.0,0.2252,0.0
DB02_to_DK04#alt0,0,62,600.0,1900.0,0.2384,0.0
DB02_to_DK04#alt0,0,63,650.0,1950.0,0.2431,0.0
DB02_to_DK04#alt0,0,64,700.0,2000.0,0.2431,0.0
DB02_to_DK04#alt0,0,65,700.0,2050.0,0.2407,0.0
DB02_to_DK04#alt0,0,66,750.0,2100.0,0.2972,0.0
DB02_to_DK04#alt0,0,67,750.0,2150.0,0.3077,0.0
DB02_to_DK04#alt0,0,68,800.0,2200.0,0.3679,0.0
DB02_to_DK04#alt0,0,69,850.0,2250.0,0.4346,0.0
DB02_to_DK04#alt0,0,70,900.0,2300.0,0.5134,0.0
DB02_to_DK04#alt0,0,71,950.0,2350.0,0.5903,0.0
DB02_to_DK04#alt0,0,72,1000.0,2400.0,0.6241,0.0
DB02_to_DK04#alt0,0,73,1050.0,2450.0,0.6241,0.0
DB02_to_DK04#alt0,0,74,1100.0,2500.0,0.6241,0.0
DB02_to_DK04#alt0,0,75,1150.0,2550.0,0.5903,0.0
DB02_to_DK04#alt0,0,76,1200.0,2600.0,0.5483,0.0
DB02_to_DK04#alt0,0,77,1250.0,2600.0,0.5903,0.0
DB02_to_DK04#alt0,0,78,1300.0,2600.0,0.6065,0.0
DB02_to_DK04#alt1,1,0,2150.0,600.0,0.4076,0.0
DB02_to_DK04#alt1,1,1,2100.0,650.0,0.4346,0.0
DB02_to_DK04#alt1,1,2,2050.0,700.0,0.4346,0.0
DB02_to_DK04#alt1,1,3,2000.0,750.0,0.4346,0.0
DB02_to_DK04#alt1,1,4,2000.0,800.0,0.4746,0.0
DB02_to_DK04#alt1,1,5,1950.0,850.0,0.4346,0.0
DB02_to_DK04#alt1,1,6,1900.0,900.0,0.4076,0.0
DB02_to_DK04#alt1,1,7,1850.0,950.0,0.3679,0.0
DB02_to_DK04#alt1,1,8,1850.0,1000.0,0.3784,0.0
DB02_to_DK04#alt1,1,9,1850.0,1050.0,0.4076,0.0
DB02_to_DK04#alt1,1,10,1850.0,1100.0,0.4275,0.0
DB02_to_DK04#alt1,1,11,1850.0,1150.0,0.4346,0.0
DB02_to_DK04#alt1,1,12,1850.0,1200.0,0.4346,0.0
DB02_to_DK04#alt1,1,13,1800.0,1250.0,0.3679,0.0
DB02_to_DK04#alt1,1,14,1850.0,1300.0,0.4275,0.0
DB02_to_DK04#alt1,1,15,1850.0,1350.0,0.4076,0.0
DB02_to_DK04#alt1,1,16,1900.0,1400.0,0.4346,0.0
DB02_to_DK04#alt1,1,17,1850.0,1450.0,0.344,0.0
DB02_to_DK04#alt1,1,18,1800.0,1500.0,0.2721,0.0
DB02_to_DK04#alt1,1,19,1800.0,1550.0,0.2636,0.0
DB02_to_DK04#alt1,1,20,1850.0,1600.0,0.3077,0.0
DB02_to_DK04#alt1,1,21,1850.0,1650.0,0.2972,0.0
DB02_to_DK04#alt1,1,22,1800.0,1700.0,0.2407,0.0
DB02_to_DK04#alt1,1,23,1800.0,1750.0,0.2431,0.0
DB02_to_DK04#alt1,1,24,1800.0,1800.0,0.2721,0.0
DB02_to_DK04#alt1,1,25,1800.0,1850.0,0.3077,0.0
DB02_to_DK04#alt1,1,26,1800.0,1900.0,0.344,0.0
DB02_to_DK04#alt1,1,27,1800.0,1950.0,0.3784,0.0
DB02_to_DK04#alt1,1,28,1800.0,2000.0,0.4076,0.0
DB02_to_DK04#alt1,1,29,1800.0,2050.0,0.4275,0.0
DB02_to_DK04#alt1,1,30,1800.0,2100.0,0.4346,0.0
DB02_to_DK04#alt1,1,31,1800.0,2150.0,0.4346,0.0
DB02_to_DK04#alt1,1,32,1800.0,2200.0,0.4346,0.0
DB02_to_DK04#alt1,1,33,1800.0,2250.0,0.4346,0.0
DB02_to_DK04#alt1,1,34,1800.0,2300.0,0.4346,0.0
DB02_to_DK04#alt1,1,35,1800.0,2350.0,0.4346,0.0
DB02_to_DK04#alt1,1,36,1800.0,2400.0,0.4275,0.0
DB02_to_DK04#alt1,1,37,1750.0,2450.0,0.4746,0.0
DB02_to_DK04#alt1,1,38,1700.0,2500.0,0.4931,0.0
DB02_to_DK04#alt1,1,39,1650.0,2550.0,0.4931,0.0
DB02_to_DK04#alt1,1,40,1600.0,2600.0,0.4746,0.0
DB02_to_DK04#alt1,1,41,1550.0,2600.0,0.503,0.0
DB02_to_DK04#alt1,1,42,1500.0,2600.0,0.5483,0.0
DB02_to_DK04#alt1,1,43,1450.0,2600.0,0.5903,0.0
DB02_to_DK04#alt1,1,44,1400.0,2600.0,0.6065,0.0
DB02_to_DK04#alt1,1,45,1350.0,2600.0,0.6065,0.0
DB02_to_DK04#alt1,1,46,1300.0,2600.0,0.6065,0.0
DB02_to_DK04#alt2,2,0,2150.0,600.0,0.4076,0.0
DB02_to_DK04#alt2,2,1,2150.0,650.0,0.4746,0.0
DB02_to_DK04#alt2,2,2,2100.0,700.0,0.4931,0.0
DB02_to_DK04#alt2,2,3,2100.0,750.0,0.5483,0.0
DB02_to_DK04#alt2,2,4,2100.0,800.0,0.6241,0.0
DB02_to_DK04#alt2,2,5,2050.0,850.0,0.5903,0.0
DB02_to_DK04#alt2,2,6,2000.0,900.0,0.5483,0.0
DB02_to_DK04#alt2,2,7,2000.0,950.0,0.5903,0.0
DB02_to_DK04#alt2,2,8,2000.0,1000.0,0.6065,0.0
DB02_to_DK04#alt2,2,9,2000.0,1050.0,0.6241,0.0
DB02_to_DK04#alt2,2,10,2000.0,1100.0,0.6889,0.0
DB02_to_DK04#alt2,2,11,2000.0,1150.0,0.7165,0.0
DB02_to_DK04#alt2,2,12,2000.0,1200.0,0.7165,0.0
DB02_to_DK04#alt2,2,13,1950.0,1250.0,0.6065,0.0
DB02_to_DK04#alt2,2,14,2000.0,1300.0,0.6889,0.0
DB02_to_DK04#alt2,2,15,2050.0,1350.0,0.6889,0.0
DB02_to_DK04#alt2,2,16,2100.0,1400.0,0.7165,0.0
DB02_to_DK04#alt2,2,17,2100.0,1450.0,0.7165,0.0
DB02_to_DK04#alt2,2,18,2100.0,1500.0,0.7165,0.0
DB02_to_DK04#alt2,2,19,2100.0,1550.0,0.7165,0.0
DB02_to_DK04#alt2,2,20,2100.0,1600.0,0.6889,0.0
DB02_to_DK04#alt2,2,21,2100.0,1650.0,0.6241,0.0
DB02_to_DK04#alt2,2,22,2100.0,1700.0,0.5483,0.0
DB02_to_DK04#alt2,2,23,2150.0,1750.0,0.5483,0.0
DB02_to_DK04#alt2,2,24,2100.0,1800.0,0.4346,0.0
DB02_to_DK04#alt2,2,25,2100.0,1850.0,0.3784,0.0
DB02_to_DK04#alt2,2,26,2100.0,1900.0,0.3269,0.0
DB02_to_DK04#alt2,2,27,2100.0,1950.0,0.281,0.0
DB02_to_DK04#alt2,2,28,2100.0,2000.0,0.2721,0.0
DB02_to_DK04#alt2,2,29,2100.0,2050.0,0.3077,0.0
DB02_to_DK04#alt2,2,30,2100.0,2100.0,0.344,0.0
DB02_to_DK04#alt2,2,31,2100.0,2150.0,0.3895,0.0
DB02_to_DK04#alt2,2,32,2100.0,2200.0,0.4346,0.0
DB02_to_DK04#alt2,2,33,2050.0,2250.0,0.4076,0.0
DB02_to_DK04#alt2,2,34,2000.0,2300.0,0.3628,0.0
DB02_to_DK04#alt2,2,35,1950.0,2350.0,0.3114,0.0
DB02_to_DK04#alt2,2,36,1900.0,2400.0,0.3077,0.0
DB02_to_DK04#alt2,2,37,1850.0,2450.0,0.3485,0.0
DB02_to_DK04#alt2,2,38,1800.0,2500.0,0.3784,0.0
DB02_to_DK04#alt2,2,39,1750.0,2550.0,0.3895,0.0
DB02_to_DK04#alt2,2,40,1700.0,2600.0,0.3895,0.0
DB02_to_DK04#alt2,2,41,1650.0,2650.0,0.3784,0.0
DB02_to_DK04#alt2,2,42,1600.0,2700.0,0.3485,0.0
DB02_to_DK04#alt2,2,43,1550.0,2700.0,0.3784,0.0
DB02_to_DK04#alt2,2,44,1500.0,2750.0,0.3485,0.0
DB02_to_DK04#alt2,2,45,1450.0,2700.0,0.4275,0.0
DB02_to_DK04#alt2,2,46,1400.0,2650.0,0.5134,0.0
DB02_to_DK04#alt2,2,47,1350.0,2600.0,0.6065,0.0
DB02_to_DK04#alt2,2,48,1300.0,2600.0,0.6065,0.0
DB02_to_DK04#alt3,3,0,2150.0,600.0,0.4076,0.0
DB02_to_DK04#alt3,3,1,2100.0,600.0,0.3784,0.0
DB02_to_DK04#alt3,3,2,2050.0,600.0,0.344,0.0
DB02_to_DK04#alt3,3,3,2000.0,550.0,0.2721,0.0
DB02_to_DK04#alt3,3,4,1950.0,550.0,0.2431,0.0
DB02_to_DK04#alt3,3,5,1900.0,500.0,0.253,0.0
DB02_to_DK04#alt3,3,6,1850.0,450.0,0.281,0.0
DB02_to_DK04#alt3,3,7,1800.0,450.0,0.3269,0.0
DB02_to_DK04#alt3,3,8,1750.0,400.0,0.344,0.0
DB02_to_DK04#alt3,3,9,1700.0,350.0,0.344,0.0
DB02_to_DK04#alt3,3,10,1650.0,300.0,0.344,0.0
DB02_to_DK04#alt3,3,11,1600.0,250.0,0.344,0.0
DB02_to_DK04#alt3,3,12,1550.0,250.0,0.3895,0.0
DB02_to_DK04#alt3,3,13,1500.0,250.0,0.4346,0.0
DB02_to_DK04#alt3,3,14,1450.0,250.0,0.4931,0.0
DB02_to_DK04#alt3,3,15,1400.0,250.0,0.5483,0.0
DB02_to_DK04#alt3,3,16,1350.0,250.0,0.5903,0.0
DB02_to_DK04#alt3,3,17,1300.0,250.0,0.6065,0.0
DB02_to_DK04#alt3,3,18,1250.0,250.0,0.6241,0.0
DB02_to_DK04#alt3,3,19,1200.0,200.0,0.6241,0.0
DB02_to_DK04#alt3,3,20,1150.0,150.0,0.6241,0.0
DB02_to_DK04#alt3,3,21,1100.0,100.0,0.5903,0.0
DB02_to_DK04#alt3,3,22,1050.0,100.0,0.6065,0.0
DB02_to_DK04#alt3,3,23,1000.0,100.0,0.6065,0.0
DB02_to_DK04#alt3,3,24,950.0,100.0,0.6065,0.0
DB02_to_DK04#alt3,3,25,900.0,100.0,0.6065,0.0
DB02_to_DK04#alt3,3,26,850.0,100.0,0.5903,0.0
DB02_to_DK04#alt3,3,27,800.0,50.0,0.4746,0.0
DB02_to_DK04#alt3,3,28,750.0,50.0,0.4346,0.0
DB02_to_DK04#alt3,3,29,700.0,50.0,0.3895,0.0
DB02_to_DK04#alt3,3,30,650.0,50.0,0.344,0.0
DB02_to_DK04#alt3,3,31,600.0,100.0,0.344,0.0
DB02_to_DK04#alt3,3,32,550.0,150.0,0.344,0.0
DB02_to_DK04#alt3,3,33,500.0,200.0,0.3269,0.0
DB02_to_DK04#alt3,3,34,450.0,250.0,0.3077,0.0
DB02_to_DK04#alt3,3,35,400.0,300.0,0.3077,0.0
DB02_to_DK04#alt3,3,36,350.0,350.0,0.3269,0.0
DB02_to_DK04#alt3,3,37,300.0,400.0,0.3485,0.0
DB02_to_DK04#alt3,3,38,250.0,450.0,0.3784,0.0
DB02_to_DK04#alt3,3,39,200.0,500.0,0.3895,0.0
DB02_to_DK04#alt3,3,40,150.0,550.0,0.3784,0.0
DB02_to_DK04#alt3,3,41,100.0,600.0,0.3485,0.0
DB02_to_DK04#alt3,3,42,150.0,650.0,0.4346,0.0
DB02_to_DK04#alt3,3,43,200.0,700.0,0.5483,0.0
DB02_to_DK04#alt3,3,44,250.0,750.0,0.6889,0.0
DB02_to_DK04#alt3,3,45,250.0,800.0,0.7165,0.0
DB02_to_DK04#alt3,3,46,250.0,850.0,0.7165,0.0
DB02_to_DK04#alt3,3,47,250.0,900.0,0.7165,0.0
DB02_to_DK04#alt3,3,48,250.0,950.0,0.6889,0.0
DB02_to_DK04#alt3,3,49,300.0,1000.0,0.6889,0.0
DB02_to_DK04#alt3,3,50,300.0,1050.0,0.6241,0.0
DB02_to_DK04#alt3,3,51,300.0,1100.0,0.5483,0.0
DB02_to_DK04#alt3,3,52,300.0,1150.0,0.4931,0.0
DB02_to_DK04#alt3,3,53,300.0,1200.0,0.4346,0.0
DB02_to_DK04#alt3,3,54,300.0,1250.0,0.3784,0.0
DB02_to_DK04#alt3,3,55,250.0,1300.0,0.3006,0.0
DB02_to_DK04#alt3,3,56,200.0,1350.0,0.2384,0.0
DB02_to_DK04#alt3,3,57,150.0,1400.0,0.1889,0.0
DB02_to_DK04#alt3,3,58,100.0,1450.0,0.1495,0.0
DB02_to_DK04#alt3,3,59,100.0,1500.0,0.1308,0.0
DB02_to_DK04#alt3,3,60,150.0,1550.0,0.1239,0.0
DB02_to_DK04#alt3,3,61,200.0,1600.0,0.1199,0.0
DB02_to_DK04#alt3,3,62,250.0,1650.0,0.1199,0.0
DB02_to_DK04#alt3,3,63,250.0,1700.0,0.1062,0.0
DB02_to_DK04#alt3,3,64,300.0,1750.0,0.1117,0.0
DB02_to_DK04#alt3,3,65,350.0,1800.0,0.1273,0.0
DB02_to_DK04#alt3,3,66,400.0,1850.0,0.1422,0.0
DB02_to_DK04#alt3,3,67,450.0,1900.0,0.1551,0.0
DB02_to_DK04#alt3,3,68,500.0,1950.0,0.1648,0.0
DB02_to_DK04#alt3,3,69,550.0,2000.0,0.17,0.0
DB02_to_DK04#alt3,3,70,600.0,2050.0,0.1755,0.0
DB02_to_DK04#alt3,3,71,600.0,2100.0,0.1827,0.0
DB02_to_DK04#alt3,3,72,650.0,2150.0,0.2211,0.0
DB02_to_DK04#alt3,3,73,650.0,2200.0,0.2231,0.0
DB02_to_DK04#alt3,3,74,700.0,2250.0,0.2636,0.0
DB02_to_DK04#alt3,3,75,750.0,2300.0,0.3114,0.0
DB02_to_DK04#alt3,3,76,800.0,2350.0,0.3628,0.0
DB02_to_DK04#alt3,3,77,850.0,2400.0,0.4076,0.0
DB02_to_DK04#alt3,3,78,900.0,2450.0,0.4346,0.0
DB02_to_DK04#alt3,3,79,950.0,2500.0,0.4346,0.0
DB02_to_DK04#alt3,3,80,1000.0,2500.0,0.4931,0.0
DB02_to_DK04#alt3,3,81,1050.0,2550.0,0.4931,0.0
DB02_to_DK04#alt3,3,82,1100.0,2600.0,0.503,0.0
DB02_to_DK04#alt3,3,83,1150.0,2650.0,0.5483,0.0
DB02_to_DK04#alt3,3,84,1200.0,2700.0,0.5483,0.0
DB02_to_DK04#alt3,3,85,1250.0,2700.0,0.4931,0.0
DB02_to_DK04#alt3,3,86,1300.0,2650.0,0.5134,0.0
DB02_to_DK04#alt3,3,87,1300.0,2600.0,0.6065,0.0
DB02_to_DK04#alt4,4,0,2150.0,600.0,0.4076,0.0
DB02_to_DK04#alt4,4,1,2100.0,650.0,0.4346,0.0
DB02_to_DK04#alt4,4,2,2050.0,650.0,0.3895,0.0
DB02_to_DK04#alt4,4,3,2000.0,650.0,0.344,0.0
DB02_to_DK04#alt4,4,4,1950.0,600.0,0.2721,0.0
DB02_to_DK04#alt4,4,5,1900.0,650.0,0.2972,0.0
DB02_to_DK04#alt4,4,6,1850.0,600.0,0.3269,0.0
DB02_to_DK04#alt4,4,7,1800.0,550.0,0.3628,0.0
DB02_to_DK04#alt4,4,8,1750.0,550.0,0.4275,0.0
DB02_to_DK04#alt4,4,9,1700.0,600.0,0.5134,0.0
DB02_to_DK04#alt4,4,10,1650.0,650.0,0.6241,0.0
DB02_to_DK04#alt4,4,11,1650.0,700.0,0.6889,0.0
DB02_to_DK04#alt4,4,12,1650.0,750.0,0.7165,0.0
DB02_to_DK04#alt4,4,13,1650.0,800.0,0.7165,0.0
DB02_to_DK04#alt4,4,14,1650.0,850.0,0.7165,0.0
DB02_to_DK04#alt4,4,15,1650.0,900.0,0.7165,0.0
DB02_to_DK04#alt4,4,16,1700.0,950.0,0.6065,0.0
DB02_to_DK04#alt4,4,17,1700.0,1000.0,0.5903,0.0
DB02_to_DK04#alt4,4,18,1700.0,1050.0,0.5483,0.0
DB02_to_DK04#alt4,4,19,1700.0,1100.0,0.5134,0.0
DB02_to_DK04#alt4,4,20,1750.0,1150.0,0.4275,0.0
DB02_to_DK04#alt4,4,21,1700.0,1200.0,0.4746,0.0
DB02_to_DK04#alt4,4,22,1650.0,1250.0,0.4931,0.0
DB02_to_DK04#alt4,4,23,1600.0,1300.0,0.4931,0.0
DB02_to_DK04#alt4,4,24,1550.0,1350.0,0.4931,0.0
DB02_to_DK04#alt4,4,25,1500.0,1400.0,0.4931,0.0
DB02_to_DK04#alt4,4,26,1450.0,1350.0,0.6241,0.0
DB02_to_DK04#alt4,4,27,1400.0,1400.0,0.6241,0.0
DB02_to_DK04#alt4,4,28,1350.0,1450.0,0.5903,0.0
DB02_to_DK04#alt4,4,29,1300.0,1500.0,0.7165,0.0
DB02_to_DK04#alt4,4,30,1300.0,1550.0,0.7165,0.0
DB02_to_DK04#alt4,4,31,1300.0,1600.0,0.7165,0.0
DB02_to_DK04#alt4,4,32,1300.0,1650.0,0.7165,0.0
DB02_to_DK04#alt4,4,33,1300.0,1700.0,0.6889,0.0
DB02_to_DK04#alt4,4,34,1250.0,1750.0,0.6889,0.0
DB02_to_DK04#alt4,4,35,1200.0,1800.0,0.6889,0.0
DB02_to_DK04#alt4,4,36,1150.0,1800.0,0.7165,0.0
DB02_to_DK04#alt4,4,37,1100.0,1850.0,0.6065,0.0
DB02_to_DK04#alt4,4,38,1050.0,1900.0,0.5134,0.0
DB02_to_DK04#alt4,4,39,1000.0,1950.0,0.4931,0.0
DB02_to_DK04#alt4,4,40,950.0,2000.0,0.4746,0.0
DB02_to_DK04#alt4,4,41,1000.0,2050.0,0.5903,0.0
DB02_to_DK04#alt4,4,42,1000.0,2100.0,0.6241,0.0
DB02_to_DK04#alt4,4,43,1000.0,2150.0,0.6889,0.0
DB02_to_DK04#alt4,4,44,1000.0,2200.0,0.7165,0.0
DB02_to_DK04#alt4,4,45,950.0,2250.0,0.6065,0.0
DB02_to_DK04#alt4,4,46,1000.0,2300.0,0.7165,0.0
DB02_to_DK04#alt4,4,47,1000.0,2350.0,0.6889,0.0
DB02_to_DK04#alt4,4,48,1050.0,2400.0,0.6889,0.0
DB02_to_DK04#alt4,4,49,1100.0,2450.0,0.6889,0.0
DB02_to_DK04#alt4,4,50,1150.0,2500.0,0.6889,0.0
DB02_to_DK04#alt4,4,51,1200.0,2550.0,0.6241,0.0
DB02_to_DK04#alt4,4,52,1250.0,2600.0,0.5903,0.0
DB02_to_DK04#alt4,4,53,1300.0,2600.0,0.6065,0.0
DB02_to_DK04#alt5,5,0,2150.0,600.0,0.4076,0.0
DB02_to_DK04#alt5,5,1,2200.0,600.0,0.4346,0.0
DB02_to_DK04#alt5,5,2,2250.0,550.0,0.4076,0.0
DB02_to_DK04#alt5,5,3,2300.0,600.0,0.503,0.0
DB02_to_DK04#alt5,5,4,2350.0,600.0,0.5134,0.0
DB02_to_DK04#alt5,5,5,2400.0,550.0,0.4346,0.0
DB02_to_DK04#alt5,5,6,2450.0,600.0,0.5134,0.0
DB02_to_DK04#alt5,5,7,2500.0,600.0,0.503,0.0
DB02_to_DK04#alt5,5,8,2550.0,550.0,0.4076,0.0
DB02_to_DK04#alt5,5,9,2600.0,600.0,0.4346,0.0
DB02_to_DK04#alt5,5,10,2650.0,650.0,0.4746,0.0
DB02_to_DK04#alt5,5,11,2700.0,700.0,0.4931,0.0
DB02_to_DK04#alt5,5,12,2750.0,750.0,0.4931,0.0
DB02_to_DK04#alt5,5,13,2800.0,800.0,0.4746,0.0
DB02_to_DK04#alt5,5,14,2850.0,850.0,0.4346,0.0
DB02_to_DK04#alt5,5,15,2900.0,900.0,0.4076,0.0
DB02_to_DK04#alt5,5,16,2900.0,950.0,0.4275,0.0
DB02_to_DK04#alt5,5,17,2950.0,1000.0,0.3679,0.0
DB02_to_DK04#alt5,5,18,2900.0,1050.0,0.4346,0.0
DB02_to_DK04#alt5,5,19,2900.0,1100.0,0.4346,0.0
DB02_to_DK04#alt5,5,20,2900.0,1150.0,0.4275,0.0
DB02_to_DK04#alt5,5,21,2900.0,1200.0,0.4076,0.0
DB02_to_DK04#alt5,5,22,2900.0,1250.0,0.3784,0.0
DB02_to_DK04#alt5,5,23,2900.0,1300.0,0.3784,0.0
DB02_to_DK04#alt5,5,24,2850.0,1350.0,0.4076,0.0
DB02_to_DK04#alt5,5,25,2850.0,1400.0,0.4746,0.0
DB02_to_DK04#alt5,5,26,2850.0,1450.0,0.5483,0.0
DB02_to_DK04#alt5,5,27,2850.0,1500.0,0.6241,0.0
DB02_to_DK04#alt5,5,28,2800.0,1550.0,0.6241,0.0
DB02_to_DK04#alt5,5,29,2800.0,1600.0,0.6889,0.0
DB02_to_DK04#alt5,5,30,2800.0,1650.0,0.7165,0.0
DB02_to_DK04#alt5,5,31,2750.0,1700.0,0.6065,0.0
DB02_to_DK04#alt5,5,32,2700.0,1750.0,0.5134,0.0
DB02_to_DK04#alt5,5,33,2650.0,1800.0,0.4346,0.0
DB02_to_DK04#alt5,5,34,2600.0,1850.0,0.4076,0.0
DB02_to_DK04#alt5,5,35,2550.0,1900.0,0.3784,0.0
DB02_to_DK04#alt5,5,36,2500.0,1950.0,0.4346,0.0
DB02_to_DK04#alt5,5,37,2450.0,2000.0,0.5134,0.0
DB02_to_DK04#alt5,5,38,2400.0,2050.0,0.5903,0.0
DB02_to_DK04#alt5,5,39,2350.0,2100.0,0.6241,0.0
DB02_to_DK04#alt5,5,40,2300.0,2150.0,0.6241,0.0
DB02_to_DK04#alt5,5,41,2250.0,2200.0,0.6241,0.0
DB02_to_DK04#alt5,5,42,2200.0,2250.0,0.6241,0.0
DB02_to_DK04#alt5,5,43,2150.0,2300.0,0.5903,0.0
DB02_to_DK04#alt5,5,44,2100.0,2350.0,0.5134,0.0
DB02_to_DK04#alt5,5,45,2050.0,2400.0,0.4346,0.0
DB02_to_DK04#alt5,5,46,2000.0,2450.0,0.3679,0.0
DB02_to_DK04#alt5,5,47,1950.0,2500.0,0.3077,0.0
DB02_to_DK04#alt5,5,48,1900.0,2550.0,0.2609,0.0
DB02_to_DK04#alt5,5,49,1850.0,2600.0,0.2721,0.0
DB02_to_DK04#alt5,5,50,1800.0,2650.0,0.2721,0.0
DB02_to_DK04#alt5,5,51,1750.0,2700.0,0.2721,0.0
DB02_to_DK04#alt5,5,52,1700.0,2750.0,0.2609,0.0
DB02_to_DK04#alt5,5,53,1650.0,2800.0,0.2407,0.0
DB02_to_DK04#alt5,5,54,1600.0,2850.0,0.2252,0.0
DB02_to_DK04#alt5,5,55,1550.0,2850.0,0.2609,0.0
DB02_to_DK04#alt5,5,56,1500.0,2900.0,0.3114,0.0
DB02_to_DK04#alt5,5,57,1450.0,2850.0,0.3628,0.0
DB02_to_DK04#alt5,5,58,1400.0,2800.0,0.4076,0.0
DB02_to_DK04#alt5,5,59,1350.0,2750.0,0.4346,0.0
DB02_to_DK04#alt5,5,60,1300.0,2700.0,0.4346,0.0
DB02_to_DK04#alt5,5,61,1300.0,2650.0,0.5134,0.0
DB02_to_DK04#alt5,5,62,1300.0,2600.0,0.6065,0.0
DB02_to_DK04#alt6,6,0,2150.0,600.0,0.4076,0.0
DB02_to_DK04#alt6,6,1,2150.0,650.0,0.4746,0.0
DB02_to_DK04#alt6,6,2,2150.0,700.0,0.5483,0.0
DB02_to_DK04#alt6,6,3,2100.0,750.0,0.5483,0.0
DB02_to_DK04#alt6,6,4,2050.0,800.0,0.5483,0.0
DB02_to_DK04#alt6,6,5,2000.0,850.0,0.503,0.0
DB02_to_DK04#alt6,6,6,1950.0,900.0,0.4746,0.0
DB02_to_DK04#alt6,6,7,1900.0,950.0,0.4275,0.0
DB02_to_DK04#alt6,6,8,1950.0,1000.0,0.5134,0.0
DB02_to_DK04#alt6,6,9,1950.0,1050.0,0.5483,0.0
DB02_to_DK04#alt6,6,10,1900.0,1100.0,0.503,0.0
DB02_to_DK04#alt6,6,11,1850.0,1150.0,0.4346,0.0
DB02_to_DK04#alt6,6,12,1800.0,1200.0,0.3679,0.0
DB02_to_DK04#alt6,6,13,1750.0,1250.0,0.3784,0.0
DB02_to_DK04#alt6,6,14,1700.0,1300.0,0.3895,0.0
DB02_to_DK04#alt6,6,15,1700.0,1350.0,0.344,0.0
DB02_to_DK04#alt6,6,16,1650.0,1400.0,0.344,0.0
DB02_to_DK04#alt6,6,17,1600.0,1450.0,0.344,0.0
DB02_to_DK04#alt6,6,18,1550.0,1500.0,0.344,0.0
DB02_to_DK04#alt6,6,19,1500.0,1550.0,0.3679,0.0
DB02_to_DK04#alt6,6,20,1450.0,1600.0,0.4346,0.0
DB02_to_DK04#alt6,6,21,1400.0,1650.0,0.5134,0.0
DB02_to_DK04#alt6,6,22,1450.0,1700.0,0.4275,0.0
DB02_to_DK04#alt6,6,23,1450.0,1750.0,0.4275,0.0
DB02_to_DK04#alt6,6,24,1500.0,1800.0,0.4746,0.0
DB02_to_DK04#alt6,6,25,1550.0,1850.0,0.503,0.0
DB02_to_DK04#alt6,6,26,1600.0,1900.0,0.5483,0.0
DB02_to_DK04#alt6,6,27,1650.0,1950.0,0.5483,0.0
DB02_to_DK04#alt6,6,28,1650.0,2000.0,0.6241,0.0
DB02_to_DK04#alt6,6,29,1650.0,2050.0,0.6889,0.0
DB02_to_DK04#alt6,6,30,1650.0,2100.0,0.7165,0.0
DB02_to_DK04#alt6,6,31,1650.0,2150.0,0.7165,0.0
DB02_to_DK04#alt6,6,32,1650.0,2200.0,0.7165,0.0
DB02_to_DK04#alt6,6,33,1650.0,2250.0,0.7165,0.0
DB02_to_DK04#alt6,6,34,1650.0,2300.0,0.7165,0.0
DB02_to_DK04#alt6,6,35,1650.0,2350.0,0.7165,0.0
DB02_to_DK04#alt6,6,36,1650.0,2400.0,0.6889,0.0
DB02_to_DK04#alt6,6,37,1600.0,2450.0,0.6889,0.0
DB02_to_DK04#alt6,6,38,1550.0,2500.0,0.6889,0.0
DB02_to_DK04#alt6,6,39,1500.0,2550.0,0.6241,0.0
DB02_to_DK04#alt6,6,40,1450.0,2550.0,0.6889,0.0
DB02_to_DK04#alt6,6,41,1400.0,2600.0,0.6065,0.0
DB02_to_DK04#alt6,6,42,1350.0,2600.0,0.6065,0.0
DB02_to_DK04#alt6,6,43,1300.0,2600.0,0.6065,0.0
DB02_to_DK04#alt7,7,0,2150.0,600.0,0.4076,0.0
DB02_to_DK04#alt7,7,1,2200.0,650.0,0.503,0.0
DB02_to_DK04#alt7,7,2,2200.0,700.0,0.5903,0.0
DB02_to_DK04#alt7,7,3,2150.0,750.0,0.6241,0.0
DB02_to_DK04#alt7,7,4,2100.0,800.0,0.6241,0.0
DB02_to_DK04#alt7,7,5,2100.0,850.0,0.6889,0.0
DB02_to_DK04#alt7,7,6,2050.0,900.0,0.6241,0.0
DB02_to_DK04#alt7,7,7,2000.0,950.0,0.5903,0.0
DB02_to_DK04#alt7,7,8,1950.0,1000.0,0.5134,0.0
DB02_to_DK04#alt7,7,9,1950.0,1050.0,0.5483,0.0
DB02_to_DK04#alt7,7,10,2000.0,1100.0,0.6889,0.0
DB02_to_DK04#alt7,7,11,2000.0,1150.0,0.7165,0.0
DB02_to_DK04#alt7,7,12,1950.0,1200.0,0.6065,0.0
DB02_to_DK04#alt7,7,13,1950.0,1250.0,0.6065,0.0
DB02_to_DK04#alt7,7,14,1950.0,1300.0,0.5903,0.0
DB02_to_DK04#alt7,7,15,2000.0,1350.0,0.6241,0.0
DB02_to_DK04#alt7,7,16,2000.0,1400.0,0.5483,0.0
DB02_to_DK04#alt7,7,17,1950.0,1450.0,0.4346,0.0
DB02_to_DK04#alt7,7,18,1950.0,1500.0,0.4346,0.0
DB02_to_DK04#alt7,7,19,1950.0,1550.0,0.4346,0.0
DB02_to_DK04#alt7,7,20,1950.0,1600.0,0.4275,0.0
DB02_to_DK04#alt7,7,21,1950.0,1650.0,0.4076,0.0
DB02_to_DK04#alt7,7,22,1900.0,1700.0,0.3269,0.0
DB02_to_DK04#alt7,7,23,1900.0,1750.0,0.3006,0.0
DB02_to_DK04#alt7,7,24,1900.0,1800.0,0.2721,0.0
DB02_to_DK04#alt7,7,25,1900.0,1850.0,0.2431,0.0
DB02_to_DK04#alt7,7,26,1900.0,1900.0,0.2609,0.0
DB02_to_DK04#alt7,7,27,1900.0,1950.0,0.281,0.0
DB02_to_DK04#alt7,7,28,1900.0,2000.0,0.2972,0.0
DB02_to_DK04#alt7,7,29,1900.0,2050.0,0.3077,0.0
DB02_to_DK04#alt7,7,30,1900.0,2100.0,0.3114,0.0
DB02_to_DK04#alt7,7,31,1900.0,2150.0,0.3114,0.0
DB02_to_DK04#alt7,7,32,1850.0,2200.0,0.3679,0.0
DB02_to_DK04#alt7,7,33,1800.0,2250.0,0.4346,0.0
DB02_to_DK04#alt7,7,34,1750.0,2300.0,0.5134,0.0
DB02_to_DK04#alt7,7,35,1700.0,2350.0,0.6065,0.0
DB02_to_DK04#alt7,7,36,1650.0,2400.0,0.6889,0.0
DB02_to_DK04#alt7,7,37,1600.0,2450.0,0.6889,0.0
DB02_to_DK04#alt7,7,38,1550.0,2500.0,0.6889,0.0
DB02_to_DK04#alt7,7,39,1500.0,2550.0,0.6241,0.0
DB02_to_DK04#alt7,7,40,1450.0,2550.0,0.6889,0.0
DB02_to_DK04#alt7,7,41,1400.0,2550.0,0.7165,0.0
DB02_to_DK04#alt7,7,42,1350.0,2600.0,0.6065,0.0
DB02_to_DK04#alt7,7,43,1300.0,2600.0,0.6065,0.0
DB01_to_DK04#alt0,0,0,750.0,4200.0,0.7165,0.0
DB01_to_DK04#alt0,0,1,800.0,4250.0,0.5903,0.0
DB01_to_DK04#alt0,0,2,850.0,4300.0,0.6065,0.0
DB01_to_DK04#alt0,0,3,900.0,4350.0,0.7165,0.0
DB01_to_DK04#alt0,0,4,950.0,4350.0,0.7165,0.0
DB01_to_DK04#alt0,0,5,1000.0,4350.0,0.6889,0.0
DB01_to_DK04#alt0,0,6,1050.0,4400.0,0.6889,0.0
DB01_to_DK04#alt0,0,7,1100.0,4450.0,0.6889,0.0
DB01_to_DK04#alt0,0,8,1150.0,4500.0,0.6065,0.0
DB01_to_DK04#alt0,0,9,1200.0,4550.0,0.5134,0.0
DB01_to_DK04#alt0,0,10,1200.0,4600.0,0.5134,0.0
DB01_to_DK04#alt0,0,11,1250.0,4650.0,0.5134,0.0
DB01_to_DK04#alt0,0,12,1300.0,4700.0,0.5903,0.0
DB01_to_DK04#alt0,0,13,1350.0,4750.0,0.6241,0.0
DB01_to_DK04#alt0,0,14,1400.0,4800.0,0.5903,0.0
DB01_to_DK04#alt0,0,15,1450.0,4850.0,0.5134,0.0
DB01_to_DK04#alt0,0,16,1500.0,4900.0,0.4346,0.0
DB01_to_DK04#alt0,0,17,1550.0,4950.0,0.3679,0.0
DB01_to_DK04#alt0,0,18,1600.0,4950.0,0.3895,0.0
DB01_to_DK04#alt0,0,19,1650.0,4950.0,0.4346,0.0
DB01_to_DK04#alt0,0,20,1700.0,4950.0,0.4931,0.0
DB01_to_DK04#alt0,0,21,1750.0,4950.0,0.5483,0.0
DB01_to_DK04#alt0,0,22,1800.0,4900.0,0.6889,0.0
DB01_to_DK04#alt0,0,23,1850.0,4900.0,0.7165,0.0
DB01_to_DK04#alt0,0,24,1900.0,4900.0,0.7165,0.0
DB01_to_DK04#alt0,0,25,1950.0,4900.0,0.7165,0.0
DB01_to_DK04#alt0,0,26,2000.0,4900.0,0.7165,0.0
DB01_to_DK04#alt0,0,27,2050.0,4900.0,0.6889,0.0
DB01_to_DK04#alt0,0,28,2100.0,4850.0,0.6889,0.0
DB01_to_DK04#alt0,0,29,2150.0,4850.0,0.6241,0.0
DB01_to_DK04#alt0,0,30,2200.0,4800.0,0.6241,0.0
DB01_to_DK04#alt0,0,31,2250.0,4750.0,0.5903,0.0
DB01_to_DK04#alt0,0,32,2300.0,4700.0,0.5134,0.0
DB01_to_DK04#alt0,0,33,2350.0,4650.0,0.4346,0.0
DB01_to_DK04#alt0,0,34,2400.0,4600.0,0.5483,0.0
DB01_to_DK04#alt0,0,35,2400.0,4550.0,0.6241,0.0
DB01_to_DK04#alt0,0,36,2400.0,4500.0,0.6889,0.0
DB01_to_DK04#alt0,0,37,2400.0,4450.0,0.7165,0.0
DB01_to_DK04#alt0,0,38,2350.0,4400.0,0.6065,0.0
DB01_to_DK04#alt0,0,39,2300.0,4350.0,0.5134,0.0
DB01_to_DK04#alt0,0,40,2250.0,4300.0,0.4346,0.0
DB01_to_DK04#alt0,0,41,2200.0,4250.0,0.5134,0.0
DB01_to_DK04#alt0,0,42,2150.0,4200.0,0.6065,0.0
DB01_to_DK04#alt0,0,43,2100.0,4150.0,0.7165,0.0
DB01_to_DK04#alt0,0,44,2100.0,4100.0,0.7165,0.0
DB01_to_DK04#alt0,0,45,2100.0,4050.0,0.6889,0.0
DB01_to_DK04#alt0,0,46,2050.0,4000.0,0.7165,0.0
DB01_to_DK04#alt0,0,47,2050.0,3950.0,0.6889,0.0
DB01_to_DK04#alt0,0,48,2000.0,3900.0,0.6889,0.0
DB01_to_DK04#alt0,0,49,1950.0,3850.0,0.6065,0.0
DB01_to_DK04#alt0,0,50,1900.0,3800.0,0.5134,0.0
DB01_to_DK04#alt0,0,51,1850.0,3750.0,0.5134,0.0
DB01_to_DK04#alt0,0,52,1800.0,3700.0,0.5903,0.0
DB01_to_DK04#alt0,0,53,1750.0,3650.0,0.6241,0.0
DB01_to_DK04#alt0,0,54,1700.0,3600.0,0.7165,0.0
DB01_to_DK04#alt0,0,55,1700.0,3550.0,0.6889,0.0
DB01_to_DK04#alt0,0,56,1650.0,3500.0,0.6889,0.0
DB01_to_DK04#alt0,0,57,1600.0,3450.0,0.6889,0.0
DB01_to_DK04#alt0,0,58,1550.0,3400.0,0.6889,0.0
DB01_to_DK04#alt0,0,59,1500.0,3350.0,0.6889,0.0
DB01_to_DK04#alt0,0,60,1450.0,3300.0,0.6889,0.0
DB01_to_DK04#alt0,0,61,1400.0,3250.0,0.6065,0.0
DB01_to_DK04#alt0,0,62,1350.0,3200.0,0.5483,0.0
DB01_to_DK04#alt0,0,63,1300.0,3150.0,0.5903,0.0
DB01_to_DK04#alt0,0,64,1300.0,3100.0,0.6065,0.0
DB01_to_DK04#alt0,0,65,1350.0,3050.0,0.5134,0.0
DB01_to_DK04#alt0,0,66,1350.0,3000.0,0.5134,0.0
DB01_to_DK04#alt0,0,67,1400.0,2950.0,0.4346,0.0
DB01_to_DK04#alt0,0,68,1350.0,2900.0,0.5134,0.0
DB01_to_DK04#alt0,0,69,1300.0,2850.0,0.5903,0.0
DB01_to_DK04#alt0,0,70,1300.0,2800.0,0.5483,0.0
DB01_to_DK04#alt0,0,71,1300.0,2750.0,0.4931,0.0
DB01_to_DK04#alt0,0,72,1300.0,2700.0,0.4346,0.0
DB01_to_DK04#alt0,0,73,1300.0,2650.0,0.5134,0.0
DB01_to_DK04#alt0,0,74,1300.0,2600.0,0.6065,0.0
DB01_to_DK04#alt1,1,0,750.0,4200.0,0.7165,0.0
DB01_to_DK04#alt1,1,1,800.0,4250.0,0.5903,0.0
DB01_to_DK04#alt1,1,2,850.0,4300.0,0.6065,0.0
DB01_to_DK04#alt1,1,3,900.0,4350.0,0.7165,0.0
DB01_to_DK04#alt1,1,4,950.0,4350.0,0.7165,0.0
DB01_to_DK04#alt1,1,5,1000.0,4350.0,0.6889,0.0
DB01_to_DK04#alt1,1,6,1050.0,4350.0,0.6241,0.0
DB01_to_DK04#alt1,1,7,1100.0,4350.0,0.6889,0.0
DB01_to_DK04#alt1,1,8,1150.0,4350.0,0.7165,0.0
DB01_to_DK04#alt1,1,9,1200.0,4350.0,0.7165,0.0
DB01_to_DK04#alt1,1,10,1250.0,4350.0,0.7165,0.0
DB01_to_DK04#alt1,1,11,1300.0,4400.0,0.5903,0.0
DB01_to_DK04#alt1,1,12,1350.0,4450.0,0.6241,0.0
DB01_to_DK04#alt1,1,13,1350.0,4500.0,0.6889,0.0
DB01_to_DK04#alt1,1,14,1350.0,4550.0,0.7165,0.0
DB01_to_DK04#alt1,1,15,1350.0,4600.0,0.7165,0.0
DB01_to_DK04#alt1,1,16,1350.0,4650.0,0.7165,0.0
DB01_to_DK04#alt1,1,17,1350.0,4700.0,0.6889,0.0
DB01_to_DK04#alt1,1,18,1400.0,4750.0,0.6889,0.0
DB01_to_DK04#alt1,1,19,1450.0,4750.0,0.7165,0.0
DB01_to_DK04#alt1,1,20,1500.0,4750.0,0.7165,0.0
DB01_to_DK04#alt1,1,21,1550.0,4750.0,0.7165,0.0
DB01_to_DK04#alt1,1,22,1600.0,4750.0,0.6889,0.0
DB01_to_DK04#alt1,1,23,1650.0,4700.0,0.6889,0.0
DB01_to_DK04#alt1,1,24,1700.0,4750.0,0.7165,0.0
DB01_to_DK04#alt1,1,25,1700.0,4800.0,0.6889,0.0
DB01_to_DK04#alt1,1,26,1750.0,4850.0,0.6889,0.0
DB01_to_DK04#alt1,1,27,1800.0,4900.0,0.6889,0.0
DB01_to_DK04#alt1,1,28,1850.0,4950.0,0.6065,0.0
DB01_to_DK04#alt1,1,29,1900.0,4950.0,0.6065,0.0
DB01_to_DK04#alt1,1,30,1950.0,4950.0,0.6065,0.0
DB01_to_DK04#alt1,1,31,2000.0,4950.0,0.6065,0.0
DB01_to_DK04#alt1,1,32,2050.0,4900.0,0.6889,0.0
DB01_to_DK04#alt1,1,33,2100.0,4900.0,0.6241,0.0
DB01_to_DK04#alt1,1,34,2150.0,4850.0,0.6241,0.0
DB01_to_DK04#alt1,1,35,2200.0,4800.0,0.6241,0.0
DB01_to_DK04#alt1,1,36,2250.0,4750.0,0.5903,0.0
DB01_to_DK04#alt1,1,37,2250.0,4700.0,0.6065,0.0
DB01_to_DK04#alt1,1,38,2250.0,4650.0,0.6065,0.0
DB01_to_DK04#alt1,1,39,2250.0,4600.0,0.6065,0.0
DB01_to_DK04#alt1,1,40,2200.0,4550.0,0.6889,0.0
DB01_to_DK04#alt1,1,41,2200.0,4500.0,0.6241,0.0
DB01_to_DK04#alt1,1,42,2150.0,4450.0,0.6241,0.0
DB01_to_DK04#alt1,1,43,2100.0,4400.0,0.6241,0.0
DB01_to_DK04#alt1,1,44,2100.0,4350.0,0.6889,0.0
DB01_to_DK04#alt1,1,45,2100.0,4300.0,0.7165,0.0
DB01_to_DK04#alt1,1,46,2100.0,4250.0,0.7165,0.0
DB01_to_DK04#alt1,1,47,2150.0,4200.0,0.6065,0.0
DB01_to_DK04#alt1,1,48,2150.0,4150.0,0.6065,0.0
DB01_to_DK04#alt1,1,49,2150.0,4100.0,0.6065,0.0
DB01_to_DK04#alt1,1,50,2150.0,4050.0,0.5903,0.0
DB01_to_DK04#alt1,1,51,2100.0,4000.0,0.6241,0.0
DB01_to_DK04#alt1,1,52,2100.0,3950.0,0.5903,0.0
DB01_to_DK04#alt1,1,53,2050.0,3900.0,0.6241,0.0
DB01_to_DK04#alt1,1,54,2050.0,3850.0,0.5483,0.0
DB01_to_DK04#alt1,1,55,2050.0,3800.0,0.4746,0.0
DB01_to_DK04#alt1,1,56,2000.0,3750.0,0.4275,0.0
DB01_to_DK04#alt1,1,57,1950.0,3700.0,0.3679,0.0
DB01_to_DK04#alt1,1,58,1900.0,3650.0,0.4076,0.0
DB01_to_DK04#alt1,1,59,1850.0,3600.0,0.4346,0.0
DB01_to_DK04#alt1,1,60,1800.0,3550.0,0.503,0.0
DB01_to_DK04#alt1,1,61,1800.0,3500.0,0.4746,0.0
DB01_to_DK04#alt1,1,62,1750.0,3450.0,0.4931,0.0
DB01_to_DK04#alt1,1,63,1700.0,3400.0,0.4931,0.0
DB01_to_DK04#alt1,1,64,1650.0,3350.0,0.4931,0.0
DB01_to_DK04#alt1,1,65,1600.0,3300.0,0.4931,0.0
DB01_to_DK04#alt1,1,66,1550.0,3250.0,0.4931,0.0
DB01_to_DK04#alt1,1,67,1500.0,3200.0,0.4746,0.0
DB01_to_DK04#alt1,1,68,1450.0,3150.0,0.4275,0.0
DB01_to_DK04#alt1,1,69,1450.0,3100.0,0.3679,0.0
DB01_to_DK04#alt1,1,70,1450.0,3050.0,0.3679,0.0
DB01_to_DK04#alt1,1,71,1450.0,3000.0,0.3679,0.0
DB01_to_DK04#alt1,1,72,1400.0,2950.0,0.4346,0.0
DB01_to_DK04#alt1,1,73,1400.0,2900.0,0.4346,0.0
DB01_to_DK04#alt1,1,74,1350.0,2850.0,0.503,0.0
DB01_to_DK04#alt1,1,75,1350.0,2800.0,0.4746,0.0
DB01_to_DK04#alt1,1,76,1300.0,2750.0,0.4931,0.0
DB01_to_DK04#alt1,1,77,1300.0,2700.0,0.4346,0.0
DB01_to_DK04#alt1,1,78,1300.0,2650.0,0.5134,0.0
DB01_to_DK04#alt1,1,79,1300.0,2600.0,0.6065,0.0
DB01_to_DK04#alt2,2,0,750.0,4200.0,0.7165,0.0
DB01_to_DK04#alt2,2,1,750.0,4250.0,0.6889,0.0
DB01_to_DK04#alt2,2,2,700.0,4300.0,0.6889,0.0
DB01_to_DK04#alt2,2,3,650.0,4350.0,0.6889,0.0
DB01_to_DK04#alt2,2,4,650.0,4400.0,0.6241,0.0
DB01_to_DK04#alt2,2,5,650.0,4450.0,0.6889,0.0
DB01_to_DK04#alt2,2,6,650.0,4500.0,0.7165,0.0
DB01_to_DK04#alt2,2,7,650.0,4550.0,0.7165,0.0
DB01_to_DK04#alt2,2,8,600.0,4600.0,0.5903,0.0
DB01_to_DK04#alt2,2,9,550.0,4650.0,0.4746,0.0
DB01_to_DK04#alt2,2,10,500.0,4700.0,0.3784,0.0
DB01_to_DK04#alt2,2,11,450.0,4750.0,0.3006,0.0
DB01_to_DK04#alt2,2,12,400.0,4750.0,0.2609,0.0
DB01_to_DK04#alt2,2,13,350.0,4700.0,0.2972,0.0
DB01_to_DK04#alt2,2,14,300.0,4700.0,0.281,0.0
DB01_to_DK04#alt2,2,15,250.0,4650.0,0.3006,0.0
DB01_to_DK04#alt2,2,16,200.0,4600.0,0.3269,0.0
DB01_to_DK04#alt2,2,17,150.0,4550.0,0.344,0.0
DB01_to_DK04#alt2,2,18,100.0,4500.0,0.344,0.0
DB01_to_DK04#alt2,2,19,50.0,4450.0,0.344,0.0
DB01_to_DK04#alt2,2,20,50.0,4400.0,0.3784,0.0
DB01_to_DK04#alt2,2,21,50.0,4350.0,0.4076,0.0
DB01_to_DK04#alt2,2,22,50.0,4300.0,0.4275,0.0
DB01_to_DK04#alt2,2,23,50.0,4250.0,0.4346,0.0
DB01_to_DK04#alt2,2,24,50.0,4200.0,0.4346,0.0
DB01_to_DK04#alt2,2,25,50.0,4150.0,0.4346,0.0
DB01_to_DK04#alt2,2,26,50.0,4100.0,0.4346,0.0
DB01_to_DK04#alt2,2,27,50.0,4050.0,0.4346,0.0
DB01_to_DK04#alt2,2,28,50.0,4000.0,0.4275,0.0
DB01_to_DK04#alt2,2,29,50.0,3950.0,0.4076,0.0
DB01_to_DK04#alt2,2,30,50.0,3900.0,0.3784,0.0
DB01_to_DK04#alt2,2,31,100.0,3850.0,0.3895,0.0
DB01_to_DK04#alt2,2,32,100.0,3800.0,0.344,0.0
DB01_to_DK04#alt2,2,33,150.0,3750.0,0.344,0.0
DB01_to_DK04#alt2,2,34,200.0,3700.0,0.3269,0.0
DB01_to_DK04#alt2,2,35,250.0,3650.0,0.3006,0.0
DB01_to_DK04#alt2,2,36,300.0,3600.0,0.281,0.0
DB01_to_DK04#alt2,2,37,350.0,3550.0,0.253,0.0
DB01_to_DK04#alt2,2,38,400.0,3500.0,0.253,0.0
DB01_to_DK04#alt2,2,39,450.0,3450.0,0.281,0.0
DB01_to_DK04#alt2,2,40,500.0,3400.0,0.3077,0.0
DB01_to_DK04#alt2,2,41,550.0,3350.0,0.3895,0.0
DB01_to_DK04#alt2,2,42,600.0,3300.0,0.4931,0.0
DB01_to_DK04#alt2,2,43,600.0,3250.0,0.5483,0.0
DB01_to_DK04#alt2,2,44,600.0,3200.0,0.5903,0.0
DB01_to_DK04#alt2,2,45,600.0,3150.0,0.6241,0.0
DB01_to_DK04#alt2,2,46,600.0,3100.0,0.6889,0.0
DB01_to_DK04#alt2,2,47,600.0,3050.0,0.7165,0.0
DB01_to_DK04#alt2,2,48,550.0,3000.0,0.6065,0.0
DB01_to_DK04#alt2,2,49,550.0,2950.0,0.6065,0.0
DB01_to_DK04#alt2,2,50,600.0,2900.0,0.6889,0.0
DB01_to_DK04#alt2,2,51,600.0,2850.0,0.6241,0.0
DB01_to_DK04#alt2,2,52,650.0,2800.0,0.6889,0.0
DB01_to_DK04#alt2,2,53,700.0,2750.0,0.6889,0.0
DB01_to_DK04#alt2,2,54,750.0,2700.0,0.6889,0.0
DB01_to_DK04#alt2,2,55,800.0,2700.0,0.7165,0.0
DB01_to_DK04#alt2,2,56,850.0,2650.0,0.6065,0.0
DB01_to_DK04#alt2,2,57,900.0,2650.0,0.6065,0.0
DB01_to_DK04#alt2,2,58,950.0,2650.0,0.6065,0.0
DB01_to_DK04#alt2,2,59,1000.0,2650.0,0.6065,0.0
DB01_to_DK04#alt2,2,60,1050.0,2650.0,0.6065,0.0
DB01_to_DK04#alt2,2,61,1100.0,2650.0,0.5903,0.0
DB01_to_DK04#alt2,2,62,1150.0,2600.0,0.503,0.0
DB01_to_DK04#alt2,2,63,1200.0,2600.0,0.5483,0.0
DB01_to_DK04#alt2,2,64,1250.0,2600.0,0.5903,0.0
DB01_to_DK04#alt2,2,65,1300.0,2600.0,0.6065,0.0
DB01_to_DK04#alt3,3,0,750.0,4200.0,0.7165,0.0
DB01_to_DK04#alt3,3,1,800.0,4200.0,0.6241,0.0
DB01_to_DK04#alt3,3,2,850.0,4250.0,0.6241,0.0
DB01_to_DK04#alt3,3,3,900.0,4300.0,0.6241,0.0
DB01_to_DK04#alt3,3,4,950.0,4300.0,0.6889,0.0
DB01_to_DK04#alt3,3,5,1000.0,4300.0,0.7165,0.0
DB01_to_DK04#alt3,3,6,1050.0,4350.0,0.6241,0.0
DB01_to_DK04#alt3,3,7,1100.0,4400.0,0.6241,0.0
DB01_to_DK04#alt3,3,8,1150.0,4450.0,0.5903,0.0
DB01_to_DK04#alt3,3,9,1100.0,4500.0,0.7165,0.0
DB01_to_DK04#alt3,3,10,1150.0,4550.0,0.6065,0.0
DB01_to_DK04#alt3,3,11,1150.0,4600.0,0.6065,0.0
DB01_to_DK04#alt3,3,12,1100.0,4650.0,0.6889,0.0
DB01_to_DK04#alt3,3,13,1050.0,4700.0,0.6889,0.0
DB01_to_DK04#alt3,3,14,1050.0,4750.0,0.6241,0.0
DB01_to_DK04#alt3,3,15,1050.0,4800.0,0.5483,0.0
DB01_to_DK04#alt3,3,16,1050.0,4850.0,0.4746,0.0
DB01_to_DK04#alt3,3,17,1100.0,4900.0,0.3784,0.0
DB01_to_DK04#alt3,3,18,1150.0,4950.0,0.3006,0.0
DB01_to_DK04#alt3,3,19,1200.0,4950.0,0.2721,0.0
DB01_to_DK04#alt3,3,20,1250.0,4950.0,0.3006,0.0
DB01_to_DK04#alt3,3,21,1300.0,4900.0,0.3784,0.0
DB01_to_DK04#alt3,3,22,1350.0,4900.0,0.4076,0.0
DB01_to_DK04#alt3,3,23,1400.0,4950.0,0.3628,0.0
DB01_to_DK04#alt3,3,24,1450.0,4950.0,0.3679,0.0
DB01_to_DK04#alt3,3,25,1500.0,4950.0,0.3679,0.0
DB01_to_DK04#alt3,3,26,1550.0,4950.0,0.3679,0.0
DB01_to_DK04#alt3,3,27,1600.0,4950.0,0.3895,0.0
DB01_to_DK04#alt3,3,28,1650.0,4950.0,0.4346,0.0
DB01_to_DK04#alt3,3,29,1700.0,4950.0,0.4931,0.0
DB01_to_DK04#alt3,3,30,1750.0,4950.0,0.5483,0.0
DB01_to_DK04#alt3,3,31,1800.0,4950.0,0.5903,0.0
DB01_to_DK04#alt3,3,32,1850.0,4900.0,0.7165,0.0
DB01_to_DK04#alt3,3,33,1900.0,4900.0,0.7165,0.0
DB01_to_DK04#alt3,3,34,1950.0,4950.0,0.6065,0.0
DB01_to_DK04#alt3,3,35,2000.0,4950.0,0.6065,0.0
DB01_to_DK04#alt3,3,36,2050.0,4950.0,0.5903,0.0
DB01_to_DK04#alt3,3,37,2100.0,4900.0,0.6241,0.0
DB01_to_DK04#alt3,3,38,2150.0,4900.0,0.5483,0.0
DB01_to_DK04#alt3,3,39,2200.0,4850.0,0.5483,0.0
DB01_to_DK04#alt3,3,40,2250.0,4900.0,0.4346,0.0
DB01_to_DK04#alt3,3,41,2300.0,4850.0,0.4346,0.0
DB01_to_DK04#alt3,3,42,2350.0,4800.0,0.4076,0.0
DB01_to_DK04#alt3,3,43,2400.0,4750.0,0.3628,0.0
DB01_to_DK04#alt3,3,44,2350.0,4700.0,0.4346,0.0
DB01_to_DK04#alt3,3,45,2400.0,4650.0,0.4746,0.0
DB01_to_DK04#alt3,3,46,2350.0,4600.0,0.4931,0.0
DB01_to_DK04#alt3,3,47,2350.0,4550.0,0.5483,0.0
DB01_to_DK04#alt3,3,48,2350.0,4500.0,0.5903,0.0
DB01_to_DK04#alt3,3,49,2400.0,4450.0,0.7165,0.0
DB01_to_DK04#alt3,3,50,2400.0,4400.0,0.7165,0.0
DB01_to_DK04#alt3,3,51,2400.0,4350.0,0.7165,0.0
DB01_to_DK04#alt3,3,52,2400.0,4300.0,0.6889,0.0
DB01_to_DK04#alt3,3,53,2400.0,4250.0,0.6241,0.0
DB01_to_DK04#alt3,3,54,2350.0,4200.0,0.4931,0.0
DB01_to_DK04#alt3,3,55,2350.0,4150.0,0.4346,0.0
DB01_to_DK04#alt3,3,56,2350.0,4100.0,0.3784,0.0
DB01_to_DK04#alt3,3,57,2350.0,4050.0,0.3269,0.0
DB01_to_DK04#alt3,3,58,2350.0,4000.0,0.2972,0.0
DB01_to_DK04#alt3,3,59,2350.0,3950.0,0.281,0.0
DB01_to_DK04#alt3,3,60,2300.0,3900.0,0.3006,0.0
DB01_to_DK04#alt3,3,61,2250.0,3850.0,0.3269,0.0
DB01_to_DK04#alt3,3,62,2200.0,3800.0,0.344,0.0
DB01_to_DK04#alt3,3,63,2150.0,3750.0,0.344,0.0
DB01_to_DK04#alt3,3,64,2100.0,3700.0,0.3269,0.0
DB01_to_DK04#alt3,3,65,2050.0,3650.0,0.2972,0.0
DB01_to_DK04#alt3,3,66,2000.0,3600.0,0.281,0.0
DB01_to_DK04#alt3,3,67,1950.0,3550.0,0.3077,0.0
DB01_to_DK04#alt3,3,68,1900.0,3500.0,0.3485,0.0
DB01_to_DK04#alt3,3,69,1900.0,3450.0,0.3269,0.0
DB01_to_DK04#alt3,3,70,1850.0,3400.0,0.344,0.0
DB01_to_DK04#alt3,3,71,1800.0,3350.0,0.344,0.0
DB01_to_DK04#alt3,3,72,1750.0,3300.0,0.344,0.0
DB01_to_DK04#alt3,3,73,1700.0,3250.0,0.344,0.0
DB01_to_DK04#alt3,3,74,1650.0,3200.0,0.344,0.0
DB01_to_DK04#alt3,3,75,1600.0,3150.0,0.344,0.0
DB01_to_DK04#alt3,3,76,1550.0,3100.0,0.3269,0.0
DB01_to_DK04#alt3,3,77,1500.0,3050.0,0.3114,0.0
DB01_to_DK04#alt3,3,78,1500.0,3000.0,0.3114,0.0
DB01_to_DK04#alt3,3,79,1450.0,2950.0,0.3679,0.0
DB01_to_DK04#alt3,3,80,1400.0,2900.0,0.4346,0.0
DB01_to_DK04#alt3,3,81,1400.0,2850.0,0.4275,0.0
DB01_to_DK04#alt3,3,82,1350.0,2800.0,0.4746,0.0
DB01_to_DK04#alt3,3,83,1350.0,2750.0,0.4346,0.0
DB01_to_DK04#alt3,3,84,1300.0,2700.0,0.4346,0.0
DB01_to_DK04#alt3,3,85,1300.0,2650.0,0.5134,0.0
DB01_to_DK04#alt3,3,86,1300.0,2600.0,0.6065,0.0
DB01_to_DK04#alt4,4,0,750.0,4200.0,0.7165,0.0
DB01_to_DK04#alt4,4,1,750.0,4250.0,0.6889,0.0
DB01_to_DK04#alt4,4,2,700.0,4300.0,0.6889,0.0
DB01_to_DK04#alt4,4,3,650.0,4350.0,0.6889,0.0
DB01_to_DK04#alt4,4,4,600.0,4400.0,0.6889,0.0
DB01_to_DK04#alt4,4,5,550.0,4450.0,0.6241,0.0
DB01_to_DK04#alt4,4,6,500.0,4450.0,0.6889,0.0
DB01_to_DK04#alt4,4,7,450.0,4450.0,0.7165,0.0
DB01_to_DK04#alt4,4,8,400.0,4500.0,0.5903,0.0
DB01_to_DK04#alt4,4,9,350.0,4500.0,0.5483,0.0
DB01_to_DK04#alt4,4,10,300.0,4450.0,0.5903,0.0
DB01_to_DK04#alt4,4,11,250.0,4400.0,0.6241,0.0
DB01_to_DK04#alt4,4,12,200.0,4350.0,0.6241,0.0
DB01_to_DK04#alt4,4,13,150.0,4300.0,0.5903,0.0
DB01_to_DK04#alt4,4,14,100.0,4250.0,0.5134,0.0
DB01_to_DK04#alt4,4,15,100.0,4200.0,0.5134,0.0
DB01_to_DK04#alt4,4,16,100.0,4150.0,0.5134,0.0
DB01_to_DK04#alt4,4,17,100.0,4100.0,0.5134,0.0
DB01_to_DK04#alt4,4,18,100.0,4050.0,0.5134,0.0
DB01_to_DK04#alt4,4,19,100.0,4000.0,0.503,0.0
DB01_to_DK04#alt4,4,20,50.0,3950.0,0.4076,0.0
DB01_to_DK04#alt4,4,21,50.0,3900.0,0.3784,0.0
DB01_to_DK04#alt4,4,22,50.0,3850.0,0.344,0.0
DB01_to_DK04#alt4,4,23,50.0,3800.0,0.3077,0.0
DB01_to_DK04#alt4,4,24,100.0,3750.0,0.3077,0.0
DB01_to_DK04#alt4,4,25,150.0,3700.0,0.3006,0.0
DB01_to_DK04#alt4,4,26,100.0,3650.0,0.2384,0.0
DB01_to_DK04#alt4,4,27,100.0,3600.0,0.2076,0.0
DB01_to_DK04#alt4,4,28,50.0,3550.0,0.1648,0.0
DB01_to_DK04#alt4,4,29,50.0,3500.0,0.1432,0.0
DB01_to_DK04#alt4,4,30,50.0,3450.0,0.1239,0.0
DB01_to_DK04#alt4,4,31,100.0,3400.0,0.1146,0.0
DB01_to_DK04#alt4,4,32,100.0,3350.0,0.1069,0.0
DB01_to_DK04#alt4,4,33,100.0,3300.0,0.1146,0.0
DB01_to_DK04#alt4,4,34,100.0,3250.0,0.1215,0.0
DB01_to_DK04#alt4,4,35,100.0,3200.0,0.1273,0.0
DB01_to_DK04#alt4,4,36,100.0,3150.0,0.1317,0.0
DB01_to_DK04#alt4,4,37,100.0,3100.0,0.1344,0.0
DB01_to_DK04#alt4,4,38,100.0,3050.0,0.1353,0.0
DB01_to_DK04#alt4,4,39,100.0,3000.0,0.1353,0.0
DB01_to_DK04#alt4,4,40,50.0,2950.0,0.1146,0.0
DB01_to_DK04#alt4,4,41,50.0,2900.0,0.1138,0.0
DB01_to_DK04#alt4,4,42,50.0,2850.0,0.1117,0.0
DB01_to_DK04#alt4,4,43,50.0,2800.0,0.1082,0.0
DB01_to_DK04#alt4,4,44,100.0,2750.0,0.1215,0.0
DB01_to_DK04#alt4,4,45,150.0,2700.0,0.1335,0.0
DB01_to_DK04#alt4,4,46,200.0,2650.0,0.1432,0.0
DB01_to_DK04#alt4,4,47,250.0,2600.0,0.1551,0.0
DB01_to_DK04#alt4,4,48,300.0,2550.0,0.1648,0.0
DB01_to_DK04#alt4,4,49,350.0,2500.0,0.17,0.0
DB01_to_DK04#alt4,4,50,400.0,2450.0,0.17,0.0
DB01_to_DK04#alt4,4,51,450.0,2400.0,0.17,0.0
DB01_to_DK04#alt4,4,52,500.0,2450.0,0.2151,0.0
DB01_to_DK04#alt4,4,53,550.0,2500.0,0.2721,0.0
DB01_to_DK04#alt4,4,54,600.0,2500.0,0.3006,0.0
DB01_to_DK04#alt4,4,55,650.0,2550.0,0.3784,0.0
DB01_to_DK04#alt4,4,56,700.0,2500.0,0.3485,0.0
DB01_to_DK04#alt4,4,57,750.0,2500.0,0.3628,0.0
DB01_to_DK04#alt4,4,58,800.0,2500.0,0.3679,0.0
DB01_to_DK04#alt4,4,59,850.0,2550.0,0.4346,0.0
DB01_to_DK04#alt4,4,60,900.0,2550.0,0.4346,0.0
DB01_to_DK04#alt4,4,61,950.0,2550.0,0.4346,0.0
DB01_to_DK04#alt4,4,62,1000.0,2550.0,0.4346,0.0
DB01_to_DK04#alt4,4,63,1050.0,2550.0,0.4931,0.0
DB01_to_DK04#alt4,4,64,1100.0,2550.0,0.5483,0.0
DB01_to_DK04#alt4,4,65,1150.0,2550.0,0.5903,0.0
DB01_to_DK04#alt4,4,66,1200.0,2600.0,0.5483,0.0
DB01_to_DK04#alt4,4,67,1250.0,2600.0,0.5903,0.0
DB01_to_DK04#alt4,4,68,1300.0,2600.0,0.6065,0.0
DB01_to_DK04#alt5,5,0,750.0,4200.0,0.7165,0.0
DB01_to_DK04#alt5,5,1,800.0,4250.0,0.5903,0.0
DB01_to_DK04#alt5,5,2,850.0,4300.0,0.6065,0.0
DB01_to_DK04#alt5,5,3,900.0,4350.0,0.7165,0.0
DB01_to_DK04#alt5,5,4,950.0,4350.0,0.7165,0.0
DB01_to_DK04#alt5,5,5,1000.0,4350.0,0.6889,0.0
DB01_to_DK04#alt5,5,6,1050.0,4400.0,0.6889,0.0
DB01_to_DK04#alt5,5,7,1100.0,4450.0,0.6889,0.0
DB01_to_DK04#alt5,5,8,1150.0,4500.0,0.6065,0.0
DB01_to_DK04#alt5,5,9,1200.0,4550.0,0.5134,0.0
DB01_to_DK04#alt5,5,10,1250.0,4600.0,0.5134,0.0
DB01_to_DK04#alt5,5,11,1200.0,4650.0,0.503,0.0
DB01_to_DK04#alt5,5,12,1250.0,4700.0,0.503,0.0
DB01_to_DK04#alt5,5,13,1300.0,4750.0,0.5483,0.0
DB01_to_DK04#alt5,5,14,1350.0,4800.0,0.5483,0.0
DB01_to_DK04#alt5,5,15,1400.0,4850.0,0.503,0.0
DB01_to_DK04#alt5,5,16,1450.0,4900.0,0.4346,0.0
DB01_to_DK04#alt5,5,17,1500.0,4850.0,0.5134,0.0
DB01_to_DK04#alt5,5,18,1550.0,4850.0,0.5134,0.0
DB01_to_DK04#alt5,5,19,1600.0,4850.0,0.503,0.0
DB01_to_DK04#alt5,5,20,1650.0,4900.0,0.4931,0.0
DB01_to_DK04#alt5,5,21,1700.0,4900.0,0.5483,0.0
DB01_to_DK04#alt5,5,22,1750.0,4950.0,0.5483,0.0
DB01_to_DK04#alt5,5,23,1800.0,4950.0,0.5903,0.0
DB01_to_DK04#alt5,5,24,1850.0,4950.0,0.6065,0.0
DB01_to_DK04#alt5,5,25,1900.0,4900.0,0.7165,0.0
DB01_to_DK04#alt5,5,26,1950.0,4950.0,0.6065,0.0
DB01_to_DK04#alt5,5,27,2000.0,4950.0,0.6065,0.0
DB01_to_DK04#alt5,5,28,2050.0,4950.0,0.5903,0.0
DB01_to_DK04#alt5,5,29,2100.0,4950.0,0.5483,0.0
DB01_to_DK04#alt5,5,30,2150.0,4950.0,0.4931,0.0
DB01_to_DK04#alt5,5,31,2200.0,4950.0,0.4346,0.0
DB01_to_DK04#alt5,5,32,2250.0,4950.0,0.3895,0.0
DB01_to_DK04#alt5,5,33,2300.0,4950.0,0.344,0.0
DB01_to_DK04#alt5,5,34,2350.0,4950.0,0.3077,0.0
DB01_to_DK04#alt5,5,35,2400.0,4950.0,0.2721,0.0
DB01_to_DK04#alt5,5,36,2450.0,4950.0,0.2384,0.0
DB01_to_DK04#alt5,5,37,2500.0,4900.0,0.2252,0.0
DB01_to_DK04#alt5,5,38,2550.0,4850.0,0.2636,0.0
DB01_to_DK04#alt5,5,39,2600.0,4800.0,0.3077,0.0
DB01_to_DK04#alt5,5,40,2650.0,4750.0,0.3485,0.0
DB01_to_DK04#alt5,5,41,2700.0,4750.0,0.3269,0.0
DB01_to_DK04#alt5,5,42,2750.0,4700.0,0.344,0.0
DB01_to_DK04#alt5,5,43,2800.0,4650.0,0.344,0.0
DB01_to_DK04#alt5,5,44,2850.0,4600.0,0.3269,0.0
DB01_to_DK04#alt5,5,45,2900.0,4550.0,0.3485,0.0
DB01_to_DK04#alt5,5,46,2900.0,4500.0,0.4076,0.0
DB01_to_DK04#alt5,5,47,2850.0,4450.0,0.4346,0.0
DB01_to_DK04#alt5,5,48,2800.0,4400.0,0.4346,0.0
DB01_to_DK04#alt5,5,49,2750.0,4350.0,0.503,0.0
DB01_to_DK04#alt5,5,50,2700.0,4300.0,0.5483,0.0
DB01_to_DK04#alt5,5,51,2650.0,4250.0,0.5483,0.0
DB01_to_DK04#alt5,5,52,2600.0,4250.0,0.6241,0.0
DB01_to_DK04#alt5,5,53,2550.0,4250.0,0.6889,0.0
DB01_to_DK04#alt5,5,54,2500.0,4200.0,0.6065,0.0
DB01_to_DK04#alt5,5,55,2450.0,4150.0,0.503,0.0
DB01_to_DK04#alt5,5,56,2450.0,4100.0,0.4275,0.0
DB01_to_DK04#alt5,5,57,2450.0,4050.0,0.3628,0.0
DB01_to_DK04#alt5,5,58,2450.0,4000.0,0.3077,0.0
DB01_to_DK04#alt5,5,59,2450.0,3950.0,0.2609,0.0
DB01_to_DK04#alt5,5,60,2400.0,3900.0,0.2252,0.0
DB01_to_DK04#alt5,5,61,2350.0,3850.0,0.2407,0.0
DB01_to_DK04#alt5,5,62,2300.0,3800.0,0.2609,0.0
DB01_to_DK04#alt5,5,63,2300.0,3750.0,0.2384,0.0
DB01_to_DK04#alt5,5,64,2250.0,3700.0,0.2431,0.0
DB01_to_DK04#alt5,5,65,2200.0,3650.0,0.2384,0.0
DB01_to_DK04#alt5,5,66,2150.0,3600.0,0.2252,0.0
DB01_to_DK04#alt5,5,67,2100.0,3550.0,0.2057,0.0
DB01_to_DK04#alt5,5,68,2050.0,3500.0,0.2151,0.0
DB01_to_DK04#alt5,5,69,2000.0,3450.0,0.2407,0.0
DB01_to_DK04#alt5,5,70,2000.0,3400.0,0.2252,0.0
DB01_to_DK04#alt5,5,71,1950.0,3350.0,0.2384,0.0
DB01_to_DK04#alt5,5,72,1900.0,3300.0,0.2431,0.0
DB01_to_DK04#alt5,5,73,1850.0,3250.0,0.2431,0.0
DB01_to_DK04#alt5,5,74,1800.0,3200.0,0.2431,0.0
DB01_to_DK04#alt5,5,75,1750.0,3150.0,0.2431,0.0
DB01_to_DK04#alt5,5,76,1700.0,3100.0,0.2431,0.0
DB01_to_DK04#alt5,5,77,1650.0,3050.0,0.2384,0.0
DB01_to_DK04#alt5,5,78,1600.0,3000.0,0.2252,0.0
DB01_to_DK04#alt5,5,79,1550.0,2950.0,0.2636,0.0
DB01_to_DK04#alt5,5,80,1500.0,2900.0,0.3114,0.0
DB01_to_DK04#alt5,5,81,1500.0,2850.0,0.3077,0.0
DB01_to_DK04#alt5,5,82,1450.0,2800.0,0.3485,0.0
DB01_to_DK04#alt5,5,83,1400.0,2750.0,0.3784,0.0
DB01_to_DK04#alt5,5,84,1350.0,2700.0,0.4346,0.0
DB01_to_DK04#alt5,5,85,1300.0,2650.0,0.5134,0.0
DB01_to_DK04#alt5,5,86,1300.0,2600.0,0.6065,0.0
DB01_to_DK04#alt6,6,0,750.0,4200.0,0.7165,0.0
DB01_to_DK04#alt6,6,1,750.0,4250.0,0.6889,0.0
DB01_to_DK04#alt6,6,2,700.0,4300.0,0.6889,0.0
DB01_to_DK04#alt6,6,3,650.0,4350.0,0.6889,0.0
DB01_to_DK04#alt6,6,4,600.0,4400.0,0.6889,0.0
DB01_to_DK04#alt6,6,5,550.0,4450.0,0.6241,0.0
DB01_to_DK04#alt6,6,6,500.0,4450.0,0.6889,0.0
DB01_to_DK04#alt6,6,7,450.0,4450.0,0.7165,0.0
DB01_to_DK04#alt6,6,8,400.0,4450.0,0.6889,0.0
DB01_to_DK04#alt6,6,9,350.0,4400.0,0.7165,0.0
DB01_to_DK04#alt6,6,10,300.0,4400.0,0.6889,0.0
DB01_to_DK04#alt6,6,11,250.0,4350.0,0.6889,0.0
DB01_to_DK04#alt6,6,12,200.0,4300.0,0.6889,0.0
DB01_to_DK04#alt6,6,13,200.0,4250.0,0.7165,0.0
DB01_to_DK04#alt6,6,14,200.0,4200.0,0.7165,0.0
DB01_to_DK04#alt6,6,15,200.0,4150.0,0.7165,0.0
DB01_to_DK04#alt6,6,16,200.0,4100.0,0.7165,0.0
DB01_to_DK04#alt6,6,17,200.0,4050.0,0.7165,0.0
DB01_to_DK04#alt6,6,18,200.0,4000.0,0.6889,0.0
DB01_to_DK04#alt6,6,19,250.0,3950.0,0.6889,0.0
DB01_to_DK04#alt6,6,20,300.0,3900.0,0.6889,0.0
DB01_to_DK04#alt6,6,21,350.0,3850.0,0.6241,0.0
DB01_to_DK04#alt6,6,22,400.0,3850.0,0.6889,0.0
DB01_to_DK04#alt6,6,23,450.0,3800.0,0.6065,0.0
DB01_to_DK04#alt6,6,24,500.0,3750.0,0.5134,0.0
DB01_to_DK04#alt6,6,25,550.0,3700.0,0.503,0.0
DB01_to_DK04#alt6,6,26,550.0,3650.0,0.4746,0.0
DB01_to_DK04#alt6,6,27,550.0,3600.0,0.4346,0.0
DB01_to_DK04#alt6,6,28,550.0,3550.0,0.4275,0.0
DB01_to_DK04#alt6,6,29,550.0,3500.0,0.4076,0.0
DB01_to_DK04#alt6,6,30,500.0,3450.0,0.3269,0.0
DB01_to_DK04#alt6,6,31,450.0,3400.0,0.2721,0.0
DB01_to_DK04#alt6,6,32,500.0,3350.0,0.344,0.0
DB01_to_DK04#alt6,6,33,500.0,3300.0,0.3784,0.0
DB01_to_DK04#alt6,6,34,500.0,3250.0,0.4076,0.0
DB01_to_DK04#alt6,6,35,450.0,3200.0,0.3784,0.0
DB01_to_DK04#alt6,6,36,400.0,3150.0,0.3485,0.0
DB01_to_DK04#alt6,6,37,350.0,3100.0,0.3077,0.0
DB01_to_DK04#alt6,6,38,350.0,3050.0,0.3114,0.0
DB01_to_DK04#alt6,6,39,400.0,3000.0,0.3679,0.0
DB01_to_DK04#alt6,6,40,400.0,2950.0,0.3679,0.0
DB01_to_DK04#alt6,6,41,400.0,2900.0,0.3628,0.0
DB01_to_DK04#alt6,6,42,450.0,2850.0,0.4076,0.0
DB01_to_DK04#alt6,6,43,500.0,2800.0,0.4346,0.0
DB01_to_DK04#alt6,6,44,550.0,2750.0,0.4746,0.0
DB01_to_DK04#alt6,6,45,600.0,2700.0,0.4931,0.0
DB01_to_DK04#alt6,6,46,650.0,2700.0,0.5483,0.0
DB01_to_DK04#alt6,6,47,700.0,2650.0,0.5483,0.0
DB01_to_DK04#alt6,6,48,750.0,2650.0,0.5903,0.0
DB01_to_DK04#alt6,6,49,800.0,2700.0,0.7165,0.0
DB01_to_DK04#alt6,6,50,850.0,2700.0,0.7165,0.0
DB01_to_DK04#alt6,6,51,900.0,2700.0,0.7165,0.0
DB01_to_DK04#alt6,6,52,950.0,2700.0,0.7165,0.0
DB01_to_DK04#alt6,6,53,1000.0,2700.0,0.7165,0.0
DB01_to_DK04#alt6,6,54,1050.0,2700.0,0.7165,0.0
DB01_to_DK04#alt6,6,55,1100.0,2700.0,0.6889,0.0
DB01_to_DK04#alt6,6,56,1150.0,2650.0,0.5483,0.0
DB01_to_DK04#alt6,6,57,1200.0,2600.0,0.5483,0.0
DB01_to_DK04#alt6,6,58,1250.0,2600.0,0.5903,0.0
DB01_to_DK04#alt6,6,59,1300.0,2600.0,0.6065,0.0
DB01_to_DK04#alt7,7,0,750.0,4200.0,0.7165,0.0
DB01_to_DK04#alt7,7,1,800.0,4250.0,0.5903,0.0
DB01_to_DK04#alt7,7,2,750.0,4300.0,0.6241,0.0
DB01_to_DK04#alt7,7,3,700.0,4350.0,0.6241,0.0
DB01_to_DK04#alt7,7,4,650.0,4400.0,0.6241,0.0
DB01_to_DK04#alt7,7,5,600.0,4450.0,0.5903,0.0
DB01_to_DK04#alt7,7,6,550.0,4500.0,0.5483,0.0
DB01_to_DK04#alt7,7,7,500.0,4550.0,0.503,0.0
DB01_to_DK04#alt7,7,8,450.0,4600.0,0.4346,0.0
DB01_to_DK04#alt7,7,9,400.0,4600.0,0.4275,0.0
DB01_to_DK04#alt7,7,10,350.0,4600.0,0.4076,0.0
DB01_to_DK04#alt7,7,11,300.0,4550.0,0.4346,0.0
DB01_to_DK04#alt7,7,12,250.0,4550.0,0.4076,0.0
DB01_to_DK04#alt7,7,13,200.0,4500.0,0.4346,0.0
DB01_to_DK04#alt7,7,14,150.0,4450.0,0.4346,0.0
DB01_to_DK04#alt7,7,15,100.0,4400.0,0.4346,0.0
DB01_to_DK04#alt7,7,16,50.0,4350.0,0.4076,0.0
DB01_to_DK04#alt7,7,17,50.0,4300.0,0.4275,0.0
DB01_to_DK04#alt7,7,18,50.0,4250.0,0.4346,0.0
DB01_to_DK04#alt7,7,19,50.0,4200.0,0.4346,0.0
DB01_to_DK04#alt7,7,20,100.0,4150.0,0.5134,0.0
DB01_to_DK04#alt7,7,21,100.0,4100.0,0.5134,0.0
DB01_to_DK04#alt7,7,22,100.0,4050.0,0.5134,0.0
DB01_to_DK04#alt7,7,23,100.0,4000.0,0.503,0.0
DB01_to_DK04#alt7,7,24,100.0,3950.0,0.4746,0.0
DB01_to_DK04#alt7,7,25,100.0,3900.0,0.4346,0.0
DB01_to_DK04#alt7,7,26,100.0,3850.0,0.3895,0.0
DB01_to_DK04#alt7,7,27,150.0,3800.0,0.3895,0.0
DB01_to_DK04#alt7,7,28,200.0,3750.0,0.3784,0.0
DB01_to_DK04#alt7,7,29,250.0,3700.0,0.3485,0.0
DB01_to_DK04#alt7,7,30,200.0,3650.0,0.281,0.0
DB01_to_DK04#alt7,7,31,250.0,3600.0,0.2609,0.0
DB01_to_DK04#alt7,7,32,300.0,3550.0,0.2407,0.0
DB01_to_DK04#alt7,7,33,300.0,3500.0,0.2057,0.0
DB01_to_DK04#alt7,7,34,300.0,3450.0,0.1755,0.0
DB01_to_DK04#alt7,7,35,250.0,3400.0,0.1551,0.0
DB01_to_DK04#alt7,7,36,200.0,3350.0,0.1432,0.0
DB01_to_DK04#alt7,7,37,150.0,3300.0,0.1335,0.0
DB01_to_DK04#alt7,7,38,150.0,3250.0,0.1422,0.0
DB01_to_DK04#alt7,7,39,200.0,3200.0,0.1755,0.0
DB01_to_DK04#alt7,7,40,250.0,3150.0,0.2151,0.0
DB01_to_DK04#alt7,7,41,200.0,3100.0,0.1873,0.0
DB01_to_DK04#alt7,7,42,250.0,3050.0,0.2231,0.0
DB01_to_DK04#alt7,7,43,200.0,3000.0,0.1889,0.0
DB01_to_DK04#alt7,7,44,150.0,2950.0,0.1599,0.0
DB01_to_DK04#alt7,7,45,150.0,2900.0,0.1587,0.0
DB01_to_DK04#alt7,7,46,100.0,2850.0,0.1317,0.0
DB01_to_DK04#alt7,7,47,50.0,2800.0,0.1082,0.0
DB01_to_DK04#alt7,7,48,50.0,2750.0,0.1036,0.0
DB01_to_DK04#alt7,7,49,50.0,2700.0,0.0981,0.0
DB01_to_DK04#alt7,7,50,50.0,2650.0,0.092,0.0
DB01_to_DK04#alt7,7,51,100.0,2600.0,0.0987,0.0
DB01_to_DK04#alt7,7,52,150.0,2550.0,0.1069,0.0
DB01_to_DK04#alt7,7,53,200.0,2500.0,0.1138,0.0
DB01_to_DK04#alt7,7,54,250.0,2450.0,0.1183,0.0
DB01_to_DK04#alt7,7,55,300.0,2400.0,0.1199,0.0
DB01_to_DK04#alt7,7,56,350.0,2350.0,0.1199,0.0
DB01_to_DK04#alt7,7,57,400.0,2300.0,0.1183,0.0
DB01_to_DK04#alt7,7,58,450.0,2300.0,0.1308,0.0
DB01_to_DK04#alt7,7,59,500.0,2300.0,0.1432,0.0
DB01_to_DK04#alt7,7,60,550.0,2300.0,0.1599,0.0
DB01_to_DK04#alt7,7,61,600.0,2300.0,0.1889,0.0
DB01_to_DK04#alt7,7,62,650.0,2300.0,0.2231,0.0
DB01_to_DK04#alt7,7,63,700.0,2350.0,0.2609,0.0
DB01_to_DK04#alt7,7,64,750.0,2400.0,0.2972,0.0
DB01_to_DK04#alt7,7,65,800.0,2400.0,0.3485,0.0
DB01_to_DK04#alt7,7,66,850.0,2450.0,0.3784,0.0
DB01_to_DK04#alt7,7,67,900.0,2500.0,0.3895,0.0
DB01_to_DK04#alt7,7,68,950.0,2450.0,0.4931,0.0
DB01_to_DK04#alt7,7,69,1000.0,2500.0,0.4931,0.0
DB01_to_DK04#alt7,7,70,1050.0,2500.0,0.5483,0.0
DB01_to_DK04#alt7,7,71,1100.0,2500.0,0.6241,0.0
DB01_to_DK04#alt7,7,72,1150.0,2550.0,0.5903,0.0
DB01_to_DK04#alt7,7,73,1200.0,2550.0,0.6241,0.0
DB01_to_DK04#alt7,7,74,1250.0,2600.0,0.5903,0.0
DB01_to_DK04#alt7,7,75,1300.0,2600.0,0.6065,0.0
DB01_to_DK06#alt0,0,0,750.0,4200.0,0.7165,0.0
DB01_to_DK06#alt0,0,1,800.0,4250.0,0.5903,0.0
DB01_to_DK06#alt0,0,2,850.0,4300.0,0.6065,0.0
DB01_to_DK06#alt0,0,3,900.0,4300.0,0.6241,0.0
DB01_to_DK06#alt0,0,4,950.0,4300.0,0.6889,0.0
DB01_to_DK06#alt0,0,5,1000.0,4350.0,0.6889,0.0
DB01_to_DK06#alt0,0,6,1050.0,4400.0,0.6889,0.0
DB01_to_DK06#alt0,0,7,1100.0,4450.0,0.6889,0.0
DB01_to_DK06#alt0,0,8,1100.0,4500.0,0.7165,0.0
DB01_to_DK06#alt0,0,9,1100.0,4550.0,0.7165,0.0
DB01_to_DK06#alt0,0,10,1150.0,4600.0,0.6065,0.0
DB01_to_DK06#alt0,0,11,1150.0,4650.0,0.5903,0.0
DB01_to_DK06#alt0,0,12,1150.0,4700.0,0.5483,0.0
DB01_to_DK06#alt0,0,13,1200.0,4750.0,0.4346,0.0
DB01_to_DK06#alt0,0,14,1250.0,4800.0,0.4346,0.0
DB01_to_DK06#alt0,0,15,1300.0,4850.0,0.4346,0.0
DB01_to_DK06#alt0,0,16,1350.0,4900.0,0.4076,0.0
DB01_to_DK06#alt0,0,17,1400.0,4900.0,0.4275,0.0
DB01_to_DK06#alt0,0,18,1450.0,4900.0,0.4346,0.0
DB01_to_DK06#alt0,0,19,1500.0,4900.0,0.4346,0.0
DB01_to_DK06#alt0,0,20,1550.0,4850.0,0.5134,0.0
DB01_to_DK06#alt0,0,21,1600.0,4850.0,0.503,0.0
DB01_to_DK06#alt0,0,22,1650.0,4900.0,0.4931,0.0
DB01_to_DK06#alt0,0,23,1700.0,4900.0,0.5483,0.0
DB01_to_DK06#alt0,0,24,1750.0,4900.0,0.6241,0.0
DB01_to_DK06#alt0,0,25,1800.0,4900.0,0.6889,0.0
DB01_to_DK06#alt0,0,26,1850.0,4900.0,0.7165,0.0
DB01_to_DK06#alt0,0,27,1900.0,4900.0,0.7165,0.0
DB01_to_DK06#alt0,0,28,1950.0,4900.0,0.7165,0.0
DB01_to_DK06#alt0,0,29,2000.0,4900.0,0.7165,0.0
DB01_to_DK06#alt0,0,30,2050.0,4900.0,0.6889,0.0
DB01_to_DK06#alt0,0,31,2100.0,4900.0,0.6241,0.0
DB01_to_DK06#alt0,0,32,2150.0,4900.0,0.5483,0.0
DB01_to_DK06#alt0,0,33,2200.0,4900.0,0.4931,0.0
DB01_to_DK06#alt0,0,34,2250.0,4900.0,0.4346,0.0
DB01_to_DK06#alt0,0,35,2300.0,4900.0,0.3895,0.0
DB01_to_DK06#alt0,0,36,2350.0,4900.0,0.344,0.0
DB01_to_DK06#alt0,0,37,2400.0,4900.0,0.3006,0.0
DB01_to_DK06#alt0,0,38,2450.0,4950.0,0.2384,0.0
DB01_to_DK06#alt0,0,39,2500.0,4950.0,0.2076,0.0
DB01_to_DK06#alt0,0,40,2550.0,4950.0,0.1889,0.0
DB01_to_DK06#alt0,0,41,2600.0,4950.0,0.1873,0.0
DB01_to_DK06#alt0,0,42,2650.0,4900.0,0.2151,0.0
DB01_to_DK06#alt0,0,43,2700.0,4850.0,0.2407,0.0
DB01_to_DK06#alt0,0,44,2750.0,4850.0,0.2252,0.0
DB01_to_DK06#alt0,0,45,2800.0,4800.0,0.2384,0.0
DB01_to_DK06#alt0,0,46,2850.0,4750.0,0.2431,0.0
DB01_to_DK06#alt0,0,47,2900.0,4700.0,0.2384,0.0
DB01_to_DK06#alt0,0,48,2950.0,4650.0,0.2609,0.0
DB01_to_DK06#alt0,0,49,3000.0,4650.0,0.2636,0.0
DB01_to_DK06#alt0,0,50,3050.0,4650.0,0.2636,0.0
DB01_to_DK06#alt0,0,51,3100.0,4600.0,0.3114,0.0
DB01_to_DK06#alt0,0,52,3150.0,4600.0,0.3077,0.0
DB01_to_DK06#alt0,0,53,3200.0,4600.0,0.2972,0.0
DB01_to_DK06#alt0,0,54,3250.0,4600.0,0.3077,0.0
DB01_to_DK06#alt0,0,55,3300.0,4600.0,0.344,0.0
DB01_to_DK06#alt0,0,56,3350.0,4550.0,0.4346,0.0
DB01_to_DK06#alt0,0,57,3400.0,4550.0,0.4746,0.0
DB01_to_DK06#alt0,0,58,3450.0,4550.0,0.503,0.0
DB01_to_DK06#alt0,0,59,3500.0,4550.0,0.5483,0.0
DB01_to_DK06#alt0,0,60,3550.0,4500.0,0.6889,0.0
DB01_to_DK06#alt0,0,61,3600.0,4500.0,0.7165,0.0
DB01_to_DK06#alt0,0,62,3650.0,4500.0,0.7165,0.0
DB01_to_DK06#alt0,0,63,3700.0,4500.0,0.6889,0.0
DB01_to_DK06#alt0,0,64,3750.0,4450.0,0.6889,0.0
DB01_to_DK06#alt0,0,65,3800.0,4400.0,0.6889,0.0
DB01_to_DK06#alt0,0,66,3850.0,4350.0,0.6889,0.0
DB01_to_DK06#alt0,0,67,3900.0,4300.0,0.6065,0.0
DB01_to_DK06#alt0,0,68,3950.0,4250.0,0.5134,0.0
DB01_to_DK06#alt0,0,69,3950.0,4200.0,0.5134,0.0
DB01_to_DK06#alt0,0,70,3950.0,4150.0,0.5483,0.0
DB01_to_DK06#alt0,0,71,3900.0,4100.0,0.6065,0.0
DB01_to_DK06#alt0,0,72,3900.0,4050.0,0.5903,0.0
DB01_to_DK06#alt0,0,73,3900.0,4000.0,0.5483,0.0
DB01_to_DK06#alt0,0,74,3900.0,3950.0,0.4931,0.0
DB01_to_DK06#alt0,0,75,3950.0,3900.0,0.4931,0.0
DB01_to_DK06#alt0,0,76,4000.0,3850.0,0.4931,0.0
DB01_to_DK06#alt0,0,77,4050.0,3800.0,0.4746,0.0
DB01_to_DK06#alt0,0,78,4100.0,3750.0,0.4275,0.0
DB01_to_DK06#alt0,0,79,4100.0,3700.0,0.3628,0.0
DB01_to_DK06#alt0,0,80,4100.0,3650.0,0.3077,0.0
DB01_to_DK06#alt0,0,81,4100.0,3600.0,0.2609,0.0
DB01_to_DK06#alt0,0,82,4100.0,3550.0,0.2211,0.0
DB01_to_DK06#alt0,0,83,4100.0,3500.0,0.1873,0.0
DB01_to_DK06#alt0,0,84,4100.0,3450.0,0.1587,0.0
DB01_to_DK06#alt0,0,85,4100.0,3400.0,0.1344,0.0
DB01_to_DK06#alt0,0,86,4100.0,3350.0,0.1138,0.0
DB01_to_DK06#alt0,0,87,4050.0,3300.0,0.0947,0.0
DB01_to_DK06#alt0,0,88,4000.0,3250.0,0.097,0.0
DB01_to_DK06#alt0,0,89,3950.0,3200.0,0.1146,0.0
DB01_to_DK06#alt0,0,90,3900.0,3150.0,0.1353,0.0
DB01_to_DK06#alt0,0,91,3900.0,3100.0,0.1344,0.0
DB01_to_DK06#alt0,0,92,3900.0,3050.0,0.1317,0.0
DB01_to_DK06#alt0,0,93,3900.0,3000.0,0.1273,0.0
DB01_to_DK06#alt0,0,94,3900.0,2950.0,0.1215,0.0
DB01_to_DK06#alt0,0,95,3900.0,2900.0,0.1183,0.0
DB01_to_DK06#alt0,0,96,3900.0,2850.0,0.1344,0.0
DB01_to_DK06#alt0,0,97,3900.0,2800.0,0.1517,0.0
DB01_to_DK06#alt0,0,98,3900.0,2750.0,0.17,0.0
DB01_to_DK06#alt0,0,99,3900.0,2700.0,0.1921,0.0
DB01_to_DK06#alt0,0,100,3900.0,2650.0,0.2151,0.0
DB01_to_DK06#alt0,0,101,3900.0,2600.0,0.2384,0.0
DB01_to_DK06#alt0,0,102,3900.0,2550.0,0.2609,0.0
DB01_to_DK06#alt0,0,103,3900.0,2500.0,0.281,0.0
DB01_to_DK06#alt0,0,104,3900.0,2450.0,0.2972,0.0
DB01_to_DK06#alt0,0,105,3850.0,2400.0,0.2609,0.0
DB01_to_DK06#alt0,0,106,3800.0,2350.0,0.2231,0.0
DB01_to_DK06#alt0,0,107,3750.0,2300.0,0.1889,0.0
DB01_to_DK06#alt0,0,108,3700.0,2250.0,0.17,0.0
DB01_to_DK06#alt0,0,109,3650.0,2200.0,0.2151,0.0
DB01_to_DK06#alt0,0,110,3600.0,2150.0,0.2721,0.0
DB01_to_DK06#alt0,0,111,3550.0,2100.0,0.344,0.0
DB01_to_DK06#alt0,0,112,3500.0,2050.0,0.4346,0.0
DB01_to_DK06#alt0,0,113,3450.0,2000.0,0.5483,0.0
DB01_to_DK06#alt0,0,114,3400.0,1950.0,0.6889,0.0
DB01_to_DK06#alt0,0,115,3450.0,1900.0,0.6241,0.0
DB01_to_DK06#alt0,0,116,3450.0,1850.0,0.6889,0.0
DB01_to_DK06#alt0,0,117,3450.0,1800.0,0.7165,0.0
DB01_to_DK06#alt0,0,118,3450.0,1750.0,0.7165,0.0
DB01_to_DK06#alt0,0,119,3450.0,1700.0,0.6889,0.0
DB01_to_DK06#alt0,0,120,3400.0,1650.0,0.7165,0.0
DB01_to_DK06#alt0,0,121,3400.0,1600.0,0.6889,0.0
DB01_to_DK06#alt0,0,122,3350.0,1550.0,0.6889,0.0
DB01_to_DK06#alt0,0,123,3400.0,1500.0,0.5483,0.0
DB01_to_DK06#alt0,0,124,3350.0,1450.0,0.5483,0.0
DB01_to_DK06#alt0,0,125,3350.0,1400.0,0.4746,0.0
DB01_to_DK06#alt0,0,126,3400.0,1350.0,0.5134,0.0
DB01_to_DK06#alt0,0,127,3350.0,1300.0,0.4746,0.0
DB01_to_DK06#alt0,0,128,3300.0,1250.0,0.4275,0.0
DB01_to_DK06#alt0,0,129,3300.0,1200.0,0.4346,0.0
DB01_to_DK06#alt0,0,130,3300.0,1150.0,0.4346,0.0
DB01_to_DK06#alt0,0,131,3300.0,1100.0,0.4346,0.0
DB01_to_DK06#alt0,0,132,3300.0,1050.0,0.4346,0.0
DB01_to_DK06#alt1,1,0,750.0,4200.0,0.7165,0.0
DB01_to_DK06#alt1,1,1,800.0,4250.0,0.5903,0.0
DB01_to_DK06#alt1,1,2,850.0,4300.0,0.6065,0.0
DB01_to_DK06#alt1,1,3,900.0,4300.0,0.6241,0.0
DB01_to_DK06#alt1,1,4,950.0,4300.0,0.6889,0.0
DB01_to_DK06#alt1,1,5,1000.0,4300.0,0.7165,0.0
DB01_to_DK06#alt1,1,6,1050.0,4350.0,0.6241,0.0
DB01_to_DK06#alt1,1,7,1100.0,4400.0,0.6241,0.0
DB01_to_DK06#alt1,1,8,1150.0,4400.0,0.6065,0.0
DB01_to_DK06#alt1,1,9,1200.0,4450.0,0.5134,0.0
DB01_to_DK06#alt1,1,10,1250.0,4500.0,0.503,0.0
DB01_to_DK06#alt1,1,11,1300.0,4550.0,0.6065,0.0
DB01_to_DK06#alt1,1,12,1350.0,4600.0,0.7165,0.0
DB01_to_DK06#alt1,1,13,1350.0,4650.0,0.7165,0.0
DB01_to_DK06#alt1,1,14,1350.0,4700.0,0.6889,0.0
DB01_to_DK06#alt1,1,15,1400.0,4750.0,0.6889,0.0
DB01_to_DK06#alt1,1,16,1450.0,4800.0,0.6065,0.0
DB01_to_DK06#alt1,1,17,1500.0,4800.0,0.6065,0.0
DB01_to_DK06#alt1,1,18,1550.0,4800.0,0.6065,0.0
DB01_to_DK06#alt1,1,19,1600.0,4850.0,0.503,0.0
DB01_to_DK06#alt1,1,20,1650.0,4850.0,0.5483,0.0
DB01_to_DK06#alt1,1,21,1700.0,4900.0,0.5483,0.0
DB01_to_DK06#alt1,1,22,1750.0,4950.0,0.5483,0.0
DB01_to_DK06#alt1,1,23,1800.0,4950.0,0.5903,0.0
DB01_to_DK06#alt1,1,24,1850.0,4950.0,0.6065,0.0
DB01_to_DK06#alt1,1,25,1900.0,4900.0,0.7165,0.0
DB01_to_DK06#alt1,1,26,1950.0,4900.0,0.7165,0.0
DB01_to_DK06#alt1,1,27,2000.0,4900.0,0.7165,0.0
DB01_to_DK06#alt1,1,28,2050.0,4950.0,0.5903,0.0
DB01_to_DK06#alt1,1,29,2100.0,4900.0,0.6241,0.0
DB01_to_DK06#alt1,1,30,2150.0,4850.0,0.6241,0.0
DB01_to_DK06#alt1,1,31,2200.0,4850.0,0.5483,0.0
DB01_to_DK06#alt1,1,32,2250.0,4800.0,0.5483,0.0
DB01_to_DK06#alt1,1,33,2300.0,4850.0,0.4346,0.0
DB01_to_DK06#alt1,1,34,2350.0,4850.0,0.3784,0.0
DB01_to_DK06#alt1,1,35,2400.0,4800.0,0.3485,0.0
DB01_to_DK06#alt1,1,36,2450.0,4850.0,0.281,0.0
DB01_to_DK06#alt1,1,37,2500.0,4850.0,0.2636,0.0
DB01_to_DK06#alt1,1,38,2550.0,4900.0,0.2231,0.0
DB01_to_DK06#alt1,1,39,2600.0,4950.0,0.1873,0.0
DB01_to_DK06#alt1,1,40,2650.0,4950.0,0.1827,0.0
DB01_to_DK06#alt1,1,41,2700.0,4950.0,0.1755,0.0
DB01_to_DK06#alt1,1,42,2750.0,4950.0,0.1661,0.0
DB01_to_DK06#alt1,1,43,2800.0,4950.0,0.1551,0.0
DB01_to_DK06#alt1,1,44,2850.0,4900.0,0.1648,0.0
DB01_to_DK06#alt1,1,45,2900.0,4850.0,0.17,0.0
DB01_to_DK06#alt1,1,46,2950.0,4800.0,0.17,0.0
DB01_to_DK06#alt1,1,47,3000.0,4750.0,0.1889,0.0
DB01_to_DK06#alt1,1,48,3050.0,4750.0,0.1889,0.0
DB01_to_DK06#alt1,1,49,3100.0,4750.0,0.1889,0.0
DB01_to_DK06#alt1,1,50,3150.0,4700.0,0.2211,0.0
DB01_to_DK06#alt1,1,51,3200.0,4700.0,0.2211,0.0
DB01_to_DK06#alt1,1,52,3250.0,4700.0,0.2609,0.0
DB01_to_DK06#alt1,1,53,3300.0,4700.0,0.3077,0.0
DB01_to_DK06#alt1,1,54,3350.0,4700.0,0.3628,0.0
DB01_to_DK06#alt1,1,55,3400.0,4650.0,0.4076,0.0
DB01_to_DK06#alt1,1,56,3450.0,4650.0,0.4746,0.0
DB01_to_DK06#alt1,1,57,3500.0,4650.0,0.5483,0.0
DB01_to_DK06#alt1,1,58,3550.0,4650.0,0.6241,0.0
DB01_to_DK06#alt1,1,59,3600.0,4600.0,0.5903,0.0
DB01_to_DK06#alt1,1,60,3650.0,4600.0,0.6065,0.0
DB01_to_DK06#alt1,1,61,3700.0,4600.0,0.6065,0.0
DB01_to_DK06#alt1,1,62,3750.0,4600.0,0.5903,0.0
DB01_to_DK06#alt1,1,63,3800.0,4550.0,0.4931,0.0
DB01_to_DK06#alt1,1,64,3850.0,4500.0,0.4931,0.0
DB01_to_DK06#alt1,1,65,3900.0,4450.0,0.4931,0.0
DB01_to_DK06#alt1,1,66,3950.0,4400.0,0.4746,0.0
DB01_to_DK06#alt1,1,67,4000.0,4350.0,0.4275,0.0
DB01_to_DK06#alt1,1,68,4050.0,4300.0,0.4746,0.0
DB01_to_DK06#alt1,1,69,4100.0,4250.0,0.5903,0.0
DB01_to_DK06#alt1,1,70,4150.0,4200.0,0.7165,0.0
DB01_to_DK06#alt1,1,71,4200.0,4200.0,0.7165,0.0
DB01_to_DK06#alt1,1,72,4250.0,4200.0,0.6889,0.0
DB01_to_DK06#alt1,1,73,4300.0,4150.0,0.6889,0.0
DB01_to_DK06#alt1,1,74,4350.0,4100.0,0.6889,0.0
DB01_to_DK06#alt1,1,75,4400.0,4050.0,0.6065,0.0
DB01_to_DK06#alt1,1,76,4450.0,4000.0,0.503,0.0
DB01_to_DK06#alt1,1,77,4500.0,3950.0,0.4076,0.0
DB01_to_DK06#alt1,1,78,4550.0,3900.0,0.3269,0.0
DB01_to_DK06#alt1,1,79,4550.0,3850.0,0.3006,0.0
DB01_to_DK06#alt1,1,80,4500.0,3800.0,0.3077,0.0
DB01_to_DK06#alt1,1,81,4450.0,3750.0,0.3077,0.0
DB01_to_DK06#alt1,1,82,4400.0,3700.0,0.3006,0.0
DB01_to_DK06#alt1,1,83,4350.0,3650.0,0.281,0.0
DB01_to_DK06#alt1,1,84,4300.0,3600.0,0.253,0.0
DB01_to_DK06#alt1,1,85,4250.0,3550.0,0.2211,0.0
DB01_to_DK06#alt1,1,86,4250.0,3500.0,0.1873,0.0
DB01_to_DK06#alt1,1,87,4250.0,3450.0,0.1587,0.0
DB01_to_DK06#alt1,1,88,4250.0,3400.0,0.1344,0.0
DB01_to_DK06#alt1,1,89,4250.0,3350.0,0.1138,0.0
DB01_to_DK06#alt1,1,90,4250.0,3300.0,0.0964,0.0
DB01_to_DK06#alt1,1,91,4250.0,3250.0,0.0816,0.0
DB01_to_DK06#alt1,1,92,4250.0,3200.0,0.0691,0.0
DB01_to_DK06#alt1,1,93,4200.0,3150.0,0.0803,0.0
DB01_to_DK06#alt1,1,94,4150.0,3100.0,0.092,0.0
DB01_to_DK06#alt1,1,95,4100.0,3050.0,0.1036,0.0
DB01_to_DK06#alt1,1,96,4050.0,3000.0,0.1146,0.0
DB01_to_DK06#alt1,1,97,4000.0,2950.0,0.1239,0.0
DB01_to_DK06#alt1,1,98,4000.0,2900.0,0.1432,0.0
DB01_to_DK06#alt1,1,99,4000.0,2850.0,0.1648,0.0
DB01_to_DK06#alt1,1,100,4000.0,2800.0,0.1889,0.0
DB01_to_DK06#alt1,1,101,4000.0,2750.0,0.2151,0.0
DB01_to_DK06#alt1,1,102,4050.0,2700.0,0.2721,0.0
DB01_to_DK06#alt1,1,103,4050.0,2650.0,0.3077,0.0
DB01_to_DK06#alt1,1,104,4050.0,2600.0,0.344,0.0
DB01_to_DK06#alt1,1,105,4050.0,2550.0,0.3895,0.0
DB01_to_DK06#alt1,1,106,4100.0,2500.0,0.4931,0.0
DB01_to_DK06#alt1,1,107,4100.0,2450.0,0.5483,0.0
DB01_to_DK06#alt1,1,108,4100.0,2400.0,0.5903,0.0
DB01_to_DK06#alt1,1,109,4100.0,2350.0,0.6065,0.0
DB01_to_DK06#alt1,1,110,4100.0,2300.0,0.6065,0.0
DB01_to_DK06#alt1,1,111,4100.0,2250.0,0.6065,0.0
DB01_to_DK06#alt1,1,112,4100.0,2200.0,0.5903,0.0
DB01_to_DK06#alt1,1,113,4100.0,2150.0,0.5483,0.0
DB01_to_DK06#alt1,1,114,4100.0,2100.0,0.4931,0.0
DB01_to_DK06#alt1,1,115,4100.0,2050.0,0.4346,0.0
DB01_to_DK06#alt1,1,116,4100.0,2000.0,0.3895,0.0
DB01_to_DK06#alt1,1,117,4100.0,1950.0,0.344,0.0
DB01_to_DK06#alt1,1,118,4100.0,1900.0,0.3077,0.0
DB01_to_DK06#alt1,1,119,4100.0,1850.0,0.2721,0.0
DB01_to_DK06#alt1,1,120,4100.0,1800.0,0.2384,0.0
DB01_to_DK06#alt1,1,121,4100.0,1750.0,0.2151,0.0
DB01_to_DK06#alt1,1,122,4050.0,1700.0,0.2721,0.0
DB01_to_DK06#alt1,1,123,4000.0,1650.0,0.344,0.0
DB01_to_DK06#alt1,1,124,3950.0,1600.0,0.4346,0.0
DB01_to_DK06#alt1,1,125,3900.0,1550.0,0.5483,0.0
DB01_to_DK06#alt1,1,126,3850.0,1500.0,0.6889,0.0
DB01_to_DK06#alt1,1,127,3800.0,1550.0,0.6241,0.0
DB01_to_DK06#alt1,1,128,3750.0,1550.0,0.6889,0.0
DB01_to_DK06#alt1,1,129,3700.0,1600.0,0.6065,0.0
DB01_to_DK06#alt1,1,130,3650.0,1600.0,0.5903,0.0
DB01_to_DK06#alt1,1,131,3600.0,1550.0,0.6241,0.0
DB01_to_DK06#alt1,1,132,3550.0,1500.0,0.6889,0.0
DB01_to_DK06#alt1,1,133,3500.0,1450.0,0.6889,0.0
DB01_to_DK06#alt1,1,134,3450.0,1400.0,0.6065,0.0
DB01_to_DK06#alt1,1,135,3400.0,1350.0,0.5134,0.0
DB01_to_DK06#alt1,1,136,3400.0,1300.0,0.5483,0.0
DB01_to_DK06#alt1,1,137,3350.0,1250.0,0.503,0.0
DB01_to_DK06#alt1,1,138,3350.0,1200.0,0.5134,0.0
DB01_to_DK06#alt1,1,139,3300.0,1150.0,0.4346,0.0
DB01_to_DK06#alt1,1,140,3250.0,1100.0,0.3679,0.0
DB01_to_DK06#alt1,1,141,3300.0,1050.0,0.4346,0.0
DB01_to_DK06#alt2,2,0,750.0,4200.0,0.7165,0.0
DB01_to_DK06#alt2,2,1,750.0,4250.0,0.6889,0.0
DB01_to_DK06#alt2,2,2,700.0,4300.0,0.6889,0.0
DB01_to_DK06#alt2,2,3,650.0,4350.0,0.6889,0.0
DB01_to_DK06#alt2,2,4,650.0,4400.0,0.6241,0.0
DB01_to_DK06#alt2,2,5,650.0,4450.0,0.6889,0.0
DB01_to_DK06#alt2,2,6,650.0,4500.0,0.7165,0.0
DB01_to_DK06#alt2,2,7,650.0,4550.0,0.7165,0.0
DB01_to_DK06#alt2,2,8,650.0,4600.0,0.6889,0.0
DB01_to_DK06#alt2,2,9,700.0,4650.0,0.7165,0.0
DB01_to_DK06#alt2,2,10,650.0,4700.0,0.5903,0.0
DB01_to_DK06#alt2,2,11,700.0,4750.0,0.6241,0.0
DB01_to_DK06#alt2,2,12,750.0,4800.0,0.5903,0.0
DB01_to_DK06#alt2,2,13,800.0,4850.0,0.5134,0.0
DB01_to_DK06#alt2,2,14,850.0,4900.0,0.4346,0.0
DB01_to_DK06#alt2,2,15,900.0,4950.0,0.3679,0.0
DB01_to_DK06#alt2,2,16,950.0,4950.0,0.3679,0.0
DB01_to_DK06#alt2,2,17,1000.0,4950.0,0.3628,0.0
DB01_to_DK06#alt2,2,18,1050.0,4950.0,0.3485,0.0
DB01_to_DK06#alt2,2,19,1100.0,4950.0,0.3269,0.0
DB01_to_DK06#alt2,2,20,1150.0,4900.0,0.344,0.0
DB01_to_DK06#alt2,2,21,1200.0,4950.0,0.2721,0.0
DB01_to_DK06#alt2,2,22,1250.0,4950.0,0.3006,0.0
DB01_to_DK06#alt2,2,23,1300.0,4950.0,0.3269,0.0
DB01_to_DK06#alt2,2,24,1350.0,4950.0,0.3485,0.0
DB01_to_DK06#alt2,2,25,1400.0,4950.0,0.3628,0.0
DB01_to_DK06#alt2,2,26,1450.0,4950.0,0.3679,0.0
DB01_to_DK06#alt2,2,27,1500.0,4950.0,0.3679,0.0
DB01_to_DK06#alt2,2,28,1550.0,4950.0,0.3679,0.0
DB01_to_DK06#alt2,2,29,1600.0,4950.0,0.3895,0.0
DB01_to_DK06#alt2,2,30,1650.0,4950.0,0.4346,0.0
DB01_to_DK06#alt2,2,31,1700.0,4950.0,0.4931,0.0
DB01_to_DK06#alt2,2,32,1750.0,4950.0,0.5483,0.0
DB01_to_DK06#alt2,2,33,1800.0,4950.0,0.5903,0.0
DB01_to_DK06#alt2,2,34,1850.0,4950.0,0.6065,0.0
DB01_to_DK06#alt2,2,35,1900.0,4950.0,0.6065,0.0
DB01_to_DK06#alt2,2,36,1950.0,4950.0,0.6065,0.0
DB01_to_DK06#alt2,2,37,2000.0,4950.0,0.6065,0.0
DB01_to_DK06#alt2,2,38,2050.0,4950.0,0.5903,0.0
DB01_to_DK06#alt2,2,39,2100.0,4950.0,0.5483,0.0
DB01_to_DK06#alt2,2,40,2150.0,4950.0,0.4931,0.0
DB01_to_DK06#alt2,2,41,2200.0,4950.0,0.4346,0.0
DB01_to_DK06#alt2,2,42,2250.0,4950.0,0.3895,0.0
DB01_to_DK06#alt2,2,43,2300.0,4950.0,0.344,0.0
DB01_to_DK06#alt2,2,44,2350.0,4950.0,0.3077,0.0
DB01_to_DK06#alt2,2,45,2400.0,4900.0,0.3006,0.0
DB01_to_DK06#alt2,2,46,2450.0,4900.0,0.2609,0.0
DB01_to_DK06#alt2,2,47,2500.0,4850.0,0.2636,0.0
DB01_to_DK06#alt2,2,48,2550.0,4800.0,0.3114,0.0
DB01_to_DK06#alt2,2,49,2600.0,4850.0,0.2609,0.0
DB01_to_DK06#alt2,2,50,2650.0,4900.0,0.2151,0.0
DB01_to_DK06#alt2,2,51,2700.0,4900.0,0.2057,0.0
DB01_to_DK06#alt2,2,52,2750.0,4900.0,0.1937,0.0
DB01_to_DK06#alt2,2,53,2800.0,4950.0,0.1551,0.0
DB01_to_DK06#alt2,2,54,2850.0,4950.0,0.1432,0.0
DB01_to_DK06#alt2,2,55,2900.0,4950.0,0.1308,0.0
DB01_to_DK06#alt2,2,56,2950.0,4950.0,0.1183,0.0
DB01_to_DK06#alt2,2,57,3000.0,4950.0,0.1117,0.0
DB01_to_DK06#alt2,2,58,3050.0,4950.0,0.1317,0.0
DB01_to_DK06#alt2,2,59,3100.0,4950.0,0.1551,0.0
DB01_to_DK06#alt2,2,60,3150.0,4950.0,0.1827,0.0
DB01_to_DK06#alt2,2,61,3200.0,4950.0,0.2151,0.0
DB01_to_DK06#alt2,2,62,3250.0,4950.0,0.253,0.0
DB01_to_DK06#alt2,2,63,3300.0,4950.0,0.2972,0.0
DB01_to_DK06#alt2,2,64,3350.0,4950.0,0.3485,0.0
DB01_to_DK06#alt2,2,65,3400.0,4950.0,0.4076,0.0
DB01_to_DK06#alt2,2,66,3450.0,4950.0,0.4746,0.0
DB01_to_DK06#alt2,2,67,3500.0,4950.0,0.5483,0.0
DB01_to_DK06#alt2,2,68,3550.0,4950.0,0.6241,0.0
DB01_to_DK06#alt2,2,69,3600.0,4950.0,0.6889,0.0
DB01_to_DK06#alt2,2,70,3650.0,4950.0,0.7165,0.0
DB01_to_DK06#alt2,2,71,3700.0,4950.0,0.7165,0.0
DB01_to_DK06#alt2,2,72,3750.0,4950.0,0.6889,0.0
DB01_to_DK06#alt2,2,73,3800.0,4900.0,0.6889,0.0
DB01_to_DK06#alt2,2,74,3850.0,4850.0,0.6065,0.0
DB01_to_DK06#alt2,2,75,3900.0,4800.0,0.5134,0.0
DB01_to_DK06#alt2,2,76,3950.0,4750.0,0.4346,0.0
DB01_to_DK06#alt2,2,77,4000.0,4700.0,0.3628,0.0
DB01_to_DK06#alt2,2,78,4050.0,4650.0,0.2972,0.0
DB01_to_DK06#alt2,2,79,4100.0,4600.0,0.2407,0.0
DB01_to_DK06#alt2,2,80,4150.0,4550.0,0.2231,0.0
DB01_to_DK06#alt2,2,81,4200.0,4500.0,0.2636,0.0
DB01_to_DK06#alt2,2,82,4250.0,4450.0,0.3077,0.0
DB01_to_DK06#alt2,2,83,4300.0,4400.0,0.3485,0.0
DB01_to_DK06#alt2,2,84,4350.0,4350.0,0.3784,0.0
DB01_to_DK06#alt2,2,85,4400.0,4300.0,0.3895,0.0
DB01_to_DK06#alt2,2,86,4450.0,4250.0,0.3895,0.0
DB01_to_DK06#alt2,2,87,4500.0,4200.0,0.3784,0.0
DB01_to_DK06#alt2,2,88,4550.0,4150.0,0.3485,0.0
DB01_to_DK06#alt2,2,89,4600.0,4100.0,0.3077,0.0
DB01_to_DK06#alt2,2,90,4650.0,4050.0,0.2636,0.0
DB01_to_DK06#alt2,2,91,4700.0,4000.0,0.2211,0.0
DB01_to_DK06#alt2,2,92,4750.0,3950.0,0.1827,0.0
DB01_to_DK06#alt2,2,93,4800.0,3900.0,0.1495,0.0
DB01_to_DK06#alt2,2,94,4850.0,3850.0,0.1215,0.0
DB01_to_DK06#alt2,2,95,4900.0,3800.0,0.0981,0.0
DB01_to_DK06#alt2,2,96,4950.0,3750.0,0.079,0.0
DB01_to_DK06#alt2,2,97,4950.0,3700.0,0.0736,0.0
DB01_to_DK06#alt2,2,98,4950.0,3650.0,0.0681,0.0
DB01_to_DK06#alt2,2,99,4900.0,3600.0,0.0717,0.0
DB01_to_DK06#alt2,2,100,4900.0,3550.0,0.065,0.0
DB01_to_DK06#alt2,2,101,4900.0,3500.0,0.0585,0.0
DB01_to_DK06#alt2,2,102,4850.0,3450.0,0.0591,0.0
DB01_to_DK06#alt2,2,103,4850.0,3400.0,0.0524,0.0
DB01_to_DK06#alt2,2,104,4850.0,3350.0,0.0467,0.0
DB01_to_DK06#alt2,2,105,4850.0,3300.0,0.0414,0.0
DB01_to_DK06#alt2,2,106,4850.0,3250.0,0.0405,0.0
DB01_to_DK06#alt2,2,107,4850.0,3200.0,0.0469,0.0
DB01_to_DK06#alt2,2,108,4850.0,3150.0,0.0542,0.0
DB01_to_DK06#alt2,2,109,4850.0,3100.0,0.0624,0.0
DB01_to_DK06#alt2,2,110,4850.0,3050.0,0.0717,0.0
DB01_to_DK06#alt2,2,111,4850.0,3000.0,0.0821,0.0
DB01_to_DK06#alt2,2,112,4850.0,2950.0,0.0936,0.0
DB01_to_DK06#alt2,2,113,4850.0,2900.0,0.1062,0.0
DB01_to_DK06#alt2,2,114,4850.0,2850.0,0.1199,0.0
DB01_to_DK06#alt2,2,115,4850.0,2800.0,0.1344,0.0
DB01_to_DK06#alt2,2,116,4850.0,2750.0,0.1517,0.0
DB01_to_DK06#alt2,2,117,4850.0,2700.0,0.17,0.0
DB01_to_DK06#alt2,2,118,4850.0,2650.0,0.1889,0.0
DB01_to_DK06#alt2,2,119,4850.0,2600.0,0.2076,0.0
DB01_to_DK06#alt2,2,120,4800.0,2550.0,0.2609,0.0
DB01_to_DK06#alt2,2,121,4750.0,2500.0,0.3269,0.0
DB01_to_DK06#alt2,2,122,4700.0,2450.0,0.4076,0.0
DB01_to_DK06#alt2,2,123,4650.0,2400.0,0.503,0.0
DB01_to_DK06#alt2,2,124,4650.0,2350.0,0.5134,0.0
DB01_to_DK06#alt2,2,125,4700.0,2300.0,0.4346,0.0
DB01_to_DK06#alt2,2,126,4700.0,2250.0,0.4346,0.0
DB01_to_DK06#alt2,2,127,4700.0,2200.0,0.4275,0.0
DB01_to_DK06#alt2,2,128,4700.0,2150.0,0.4076,0.0
DB01_to_DK06#alt2,2,129,4700.0,2100.0,0.3784,0.0
DB01_to_DK06#alt2,2,130,4700.0,2050.0,0.344,0.0
DB01_to_DK06#alt2,2,131,4700.0,2000.0,0.3077,0.0
DB01_to_DK06#alt2,2,132,4700.0,1950.0,0.2721,0.0
DB01_to_DK06#alt2,2,133,4650.0,1900.0,0.2721,0.0
DB01_to_DK06#alt2,2,134,4600.0,1850.0,0.2721,0.0
DB01_to_DK06#alt2,2,135,4550.0,1800.0,0.2609,0.0
DB01_to_DK06#alt2,2,136,4550.0,1750.0,0.2252,0.0
DB01_to_DK06#alt2,2,137,4500.0,1700.0,0.2057,0.0
DB01_to_DK06#alt2,2,138,4500.0,1650.0,0.1755,0.0
DB01_to_DK06#alt2,2,139,4500.0,1600.0,0.1495,0.0
DB01_to_DK06#alt2,2,140,4500.0,1550.0,0.1273,0.0
DB01_to_DK06#alt2,2,141,4500.0,1500.0,0.1239,0.0
DB01_to_DK06#alt2,2,142,4500.0,1450.0,0.1335,0.0
DB01_to_DK06#alt2,2,143,4500.0,1400.0,0.1422,0.0
DB01_to_DK06#alt2,2,144,4500.0,1350.0,0.1495,0.0
DB01_to_DK06#alt2,2,145,4500.0,1300.0,0.1551,0.0
DB01_to_DK06#alt2,2,146,4500.0,1250.0,0.1587,0.0
DB01_to_DK06#alt2,2,147,4450.0,1200.0,0.1937,0.0
DB01_to_DK06#alt2,2,148,4400.0,1150.0,0.2407,0.0
DB01_to_DK06#alt2,2,149,4350.0,1100.0,0.2972,0.0
DB01_to_DK06#alt2,2,150,4300.0,1050.0,0.3628,0.0
DB01_to_DK06#alt2,2,151,4250.0,1000.0,0.4346,0.0
DB01_to_DK06#alt2,2,152,4250.0,950.0,0.4346,0.0
DB01_to_DK06#alt2,2,153,4200.0,900.0,0.5134,0.0
DB01_to_DK06#alt2,2,154,4200.0,850.0,0.5134,0.0
DB01_to_DK06#alt2,2,155,4200.0,800.0,0.5483,0.0
DB01_to_DK06#alt2,2,156,4200.0,750.0,0.6241,0.0
DB01_to_DK06#alt2,2,157,4200.0,700.0,0.6889,0.0
DB01_to_DK06#alt2,2,158,4200.0,650.0,0.7165,0.0
DB01_to_DK06#alt2,2,159,4200.0,600.0,0.7165,0.0
DB01_to_DK06#alt2,2,160,4200.0,550.0,0.7165,0.0
DB01_to_DK06#alt2,2,161,4200.0,500.0,0.7165,0.0
DB01_to_DK06#alt2,2,162,4200.0,450.0,0.6889,0.0
DB01_to_DK06#alt2,2,163,4150.0,400.0,0.6889,0.0
DB01_to_DK06#alt2,2,164,4100.0,350.0,0.6889,0.0
DB01_to_DK06#alt2,2,165,4050.0,300.0,0.6889,0.0
DB01_to_DK06#alt2,2,166,4000.0,250.0,0.6065,0.0
DB01_to_DK06#alt2,2,167,3950.0,200.0,0.5134,0.0
DB01_to_DK06#alt2,2,168,3900.0,200.0,0.5134,0.0
DB01_to_DK06#alt2,2,169,3850.0,200.0,0.5134,0.0
DB01_to_DK06#alt2,2,170,3800.0,200.0,0.5134,0.0
DB01_to_DK06#alt2,2,171,3750.0,200.0,0.503,0.0
DB01_to_DK06#alt2,2,172,3700.0,250.0,0.5483,0.0
DB01_to_DK06#alt2,2,173,3650.0,300.0,0.5483,0.0
DB01_to_DK06#alt2,2,174,3600.0,350.0,0.5483,0.0
DB01_to_DK06#alt2,2,175,3550.0,400.0,0.503,0.0
DB01_to_DK06#alt2,2,176,3500.0,450.0,0.4346,0.0
DB01_to_DK06#alt2,2,177,3450.0,500.0,0.3679,0.0
DB01_to_DK06#alt2,2,178,3400.0,550.0,0.3114,0.0
DB01_to_DK06#alt2,2,179,3350.0,600.0,0.2721,0.0
DB01_to_DK06#alt2,2,180,3300.0,650.0,0.2721,0.0
DB01_to_DK06#alt2,2,181,3300.0,700.0,0.3077,0.0
DB01_to_DK06#alt2,2,182,3300.0,750.0,0.344,0.0
DB01_to_DK06#alt2,2,183,3300.0,800.0,0.3784,0.0
DB01_to_DK06#alt2,2,184,3300.0,850.0,0.4076,0.0
DB01_to_DK06#alt2,2,185,3300.0,900.0,0.4275,0.0
DB01_to_DK06#alt2,2,186,3300.0,950.0,0.4346,0.0
DB01_to_DK06#alt2,2,187,3300.0,1000.0,0.4346,0.0
DB01_to_DK06#alt2,2,188,3300.0,1050.0,0.4346,0.0
DB01_to_DK06#alt3,3,0,750.0,4200.0,0.7165,0.0
DB01_to_DK06#alt3,3,1,750.0,4250.0,0.6889,0.0
DB01_to_DK06#alt3,3,2,700.0,4300.0,0.6889,0.0
DB01_to_DK06#alt3,3,3,650.0,4350.0,0.6889,0.0
DB01_to_DK06#alt3,3,4,600.0,4400.0,0.6889,0.0
DB01_to_DK06#alt3,3,5,550.0,4450.0,0.6241,0.0
DB01_to_DK06#alt3,3,6,500.0,4500.0,0.5903,0.0
DB01_to_DK06#alt3,3,7,450.0,4550.0,0.5134,0.0
DB01_to_DK06#alt3,3,8,400.0,4550.0,0.503,0.0
DB01_to_DK06#alt3,3,9,350.0,4500.0,0.5483,0.0
DB01_to_DK06#alt3,3,10,300.0,4450.0,0.5903,0.0
DB01_to_DK06#alt3,3,11,250.0,4400.0,0.6241,0.0
DB01_to_DK06#alt3,3,12,200.0,4350.0,0.6241,0.0
DB01_to_DK06#alt3,3,13,150.0,4300.0,0.5903,0.0
DB01_to_DK06#alt3,3,14,200.0,4250.0,0.7165,0.0
DB01_to_DK06#alt3,3,15,200.0,4200.0,0.7165,0.0
DB01_to_DK06#alt3,3,16,200.0,4150.0,0.7165,0.0
DB01_to_DK06#alt3,3,17,200.0,4100.0,0.7165,0.0
DB01_to_DK06#alt3,3,18,200.0,4050.0,0.7165,0.0
DB01_to_DK06#alt3,3,19,200.0,4000.0,0.6889,0.0
DB01_to_DK06#alt3,3,20,250.0,3950.0,0.6889,0.0
DB01_to_DK06#alt3,3,21,300.0,3900.0,0.6889,0.0
DB01_to_DK06#alt3,3,22,350.0,3850.0,0.6241,0.0
DB01_to_DK06#alt3,3,23,400.0,3850.0,0.6889,0.0
DB01_to_DK06#alt3,3,24,450.0,3850.0,0.7165,0.0
DB01_to_DK06#alt3,3,25,500.0,3850.0,0.7165,0.0
DB01_to_DK06#alt3,3,26,550.0,3850.0,0.6889,0.0
DB01_to_DK06#alt3,3,27,600.0,3800.0,0.6065,0.0
DB01_to_DK06#alt3,3,28,650.0,3750.0,0.7165,0.0
DB01_to_DK06#alt3,3,29,650.0,3700.0,0.6889,0.0
DB01_to_DK06#alt3,3,30,700.0,3650.0,0.7165,0.0
DB01_to_DK06#alt3,3,31,700.0,3600.0,0.7165,0.0
DB01_to_DK06#alt3,3,32,700.0,3550.0,0.6889,0.0
DB01_to_DK06#alt3,3,33,700.0,3500.0,0.6241,0.0
DB01_to_DK06#alt3,3,34,700.0,3450.0,0.5483,0.0
DB01_to_DK06#alt3,3,35,700.0,3400.0,0.4931,0.0
DB01_to_DK06#alt3,3,36,700.0,3350.0,0.5483,0.0
DB01_to_DK06#alt3,3,37,700.0,3300.0,0.6241,0.0
DB01_to_DK06#alt3,3,38,650.0,3250.0,0.6241,0.0
DB01_to_DK06#alt3,3,39,600.0,3200.0,0.5903,0.0
DB01_to_DK06#alt3,3,40,550.0,3150.0,0.5483,0.0
DB01_to_DK06#alt3,3,41,500.0,3100.0,0.503,0.0
DB01_to_DK06#alt3,3,42,450.0,3050.0,0.4346,0.0
DB01_to_DK06#alt3,3,43,400.0,3000.0,0.3679,0.0
DB01_to_DK06#alt3,3,44,350.0,2950.0,0.3114,0.0
DB01_to_DK06#alt3,3,45,300.0,2900.0,0.2609,0.0
DB01_to_DK06#alt3,3,46,250.0,2850.0,0.2151,0.0
DB01_to_DK06#alt3,3,47,200.0,2800.0,0.1755,0.0
DB01_to_DK06#alt3,3,48,150.0,2750.0,0.1422,0.0
DB01_to_DK06#alt3,3,49,100.0,2700.0,0.1146,0.0
DB01_to_DK06#alt3,3,50,50.0,2650.0,0.092,0.0
DB01_to_DK06#alt3,3,51,50.0,2600.0,0.0854,0.0
DB01_to_DK06#alt3,3,52,50.0,2550.0,0.079,0.0
DB01_to_DK06#alt3,3,53,50.0,2500.0,0.0736,0.0
DB01_to_DK06#alt3,3,54,100.0,2450.0,0.0785,0.0
DB01_to_DK06#alt3,3,55,150.0,2400.0,0.0821,0.0
DB01_to_DK06#alt3,3,56,200.0,2350.0,0.0839,0.0
DB01_to_DK06#alt3,3,57,250.0,2300.0,0.0839,0.0
DB01_to_DK06#alt3,3,58,300.0,2250.0,0.0839,0.0
DB01_to_DK06#alt3,3,59,350.0,2200.0,0.0821,0.0
DB01_to_DK06#alt3,3,60,400.0,2150.0,0.0964,0.0
DB01_to_DK06#alt3,3,61,450.0,2100.0,0.1117,0.0
DB01_to_DK06#alt3,3,62,500.0,2050.0,0.1344,0.0
DB01_to_DK06#alt3,3,63,550.0,2000.0,0.17,0.0
DB01_to_DK06#alt3,3,64,600.0,1950.0,0.2151,0.0
DB01_to_DK06#alt3,3,65,650.0,1900.0,0.2721,0.0
DB01_to_DK06#alt3,3,66,700.0,1850.0,0.344,0.0
DB01_to_DK06#alt3,3,67,750.0,1800.0,0.4346,0.0
DB01_to_DK06#alt3,3,68,800.0,1800.0,0.4931,0.0
DB01_to_DK06#alt3,3,69,850.0,1800.0,0.5483,0.0
DB01_to_DK06#alt3,3,70,900.0,1800.0,0.6241,0.0
DB01_to_DK06#alt3,3,71,950.0,1800.0,0.6889,0.0
DB01_to_DK06#alt3,3,72,1000.0,1800.0,0.7165,0.0
DB01_to_DK06#alt3,3,73,1050.0,1800.0,0.7165,0.0
DB01_to_DK06#alt3,3,74,1100.0,1800.0,0.7165,0.0
DB01_to_DK06#alt3,3,75,1150.0,1850.0,0.6065,0.0
DB01_to_DK06#alt3,3,76,1200.0,1800.0,0.6889,0.0
DB01_to_DK06#alt3,3,77,1250.0,1800.0,0.6241,0.0
DB01_to_DK06#alt3,3,78,1300.0,1750.0,0.6241,0.0
DB01_to_DK06#alt3,3,79,1350.0,1800.0,0.5134,0.0
DB01_to_DK06#alt3,3,80,1400.0,1800.0,0.5134,0.0
DB01_to_DK06#alt3,3,81,1450.0,1800.0,0.503,0.0
DB01_to_DK06#alt3,3,82,1500.0,1750.0,0.4076,0.0
DB01_to_DK06#alt3,3,83,1550.0,1750.0,0.3784,0.0
DB01_to_DK06#alt3,3,84,1600.0,1700.0,0.3006,0.0
DB01_to_DK06#alt3,3,85,1650.0,1750.0,0.3269,0.0
DB01_to_DK06#alt3,3,86,1700.0,1800.0,0.344,0.0
DB01_to_DK06#alt3,3,87,1750.0,1750.0,0.2721,0.0
DB01_to_DK06#alt3,3,88,1800.0,1800.0,0.2721,0.0
DB01_to_DK06#alt3,3,89,1850.0,1850.0,0.2721,0.0
DB01_to_DK06#alt3,3,90,1900.0,1850.0,0.2431,0.0
DB01_to_DK06#alt3,3,91,1950.0,1850.0,0.2721,0.0
DB01_to_DK06#alt3,3,92,2000.0,1850.0,0.3077,0.0
DB01_to_DK06#alt3,3,93,2050.0,1850.0,0.344,0.0
DB01_to_DK06#alt3,3,94,2100.0,1850.0,0.3784,0.0
DB01_to_DK06#alt3,3,95,2150.0,1850.0,0.4076,0.0
DB01_to_DK06#alt3,3,96,2200.0,1850.0,0.4346,0.0
DB01_to_DK06#alt3,3,97,2250.0,1800.0,0.5483,0.0
DB01_to_DK06#alt3,3,98,2300.0,1750.0,0.6889,0.0
DB01_to_DK06#alt3,3,99,2350.0,1750.0,0.7165,0.0
DB01_to_DK06#alt3,3,100,2400.0,1750.0,0.7165,0.0
DB01_to_DK06#alt3,3,101,2450.0,1750.0,0.6889,0.0
DB01_to_DK06#alt3,3,102,2500.0,1700.0,0.7165,0.0
DB01_to_DK06#alt3,3,103,2550.0,1700.0,0.6889,0.0
DB01_to_DK06#alt3,3,104,2600.0,1650.0,0.6889,0.0
DB01_to_DK06#alt3,3,105,2650.0,1600.0,0.6889,0.0
DB01_to_DK06#alt3,3,106,2700.0,1550.0,0.6065,0.0
DB01_to_DK06#alt3,3,107,2750.0,1500.0,0.5134,0.0
DB01_to_DK06#alt3,3,108,2800.0,1450.0,0.4931,0.0
DB01_to_DK06#alt3,3,109,2850.0,1400.0,0.4746,0.0
DB01_to_DK06#alt3,3,110,2900.0,1400.0,0.503,0.0
DB01_to_DK06#alt3,3,111,2950.0,1400.0,0.5483,0.0
DB01_to_DK06#alt3,3,112,3000.0,1350.0,0.503,0.0
DB01_to_DK06#alt3,3,113,3050.0,1300.0,0.4346,0.0
DB01_to_DK06#alt3,3,114,3100.0,1250.0,0.3679,0.0
DB01_to_DK06#alt3,3,115,3150.0,1200.0,0.3114,0.0
DB01_to_DK06#alt3,3,116,3200.0,1150.0,0.3114,0.0
DB01_to_DK06#alt3,3,117,3200.0,1100.0,0.3114,0.0
DB01_to_DK06#alt3,3,118,3250.0,1050.0,0.3679,0.0
DB01_to_DK06#alt3,3,119,3300.0,1050.0,0.4346,0.0
DB01_to_DK06#alt4,4,0,750.0,4200.0,0.7165,0.0
DB01_to_DK06#alt4,4,1,800.0,4250.0,0.5903,0.0
DB01_to_DK06#alt4,4,2,850.0,4300.0,0.6065,0.0
DB01_to_DK06#alt4,4,3,900.0,4350.0,0.7165,0.0
DB01_to_DK06#alt4,4,4,950.0,4350.0,0.7165,0.0
DB01_to_DK06#alt4,4,5,1000.0,4350.0,0.6889,0.0
DB01_to_DK06#alt4,4,6,1050.0,4400.0,0.6889,0.0
DB01_to_DK06#alt4,4,7,1100.0,4450.0,0.6889,0.0
DB01_to_DK06#alt4,4,8,1150.0,4500.0,0.6065,0.0
DB01_to_DK06#alt4,4,9,1200.0,4550.0,0.5134,0.0
DB01_to_DK06#alt4,4,10,1250.0,4600.0,0.5134,0.0
DB01_to_DK06#alt4,4,11,1300.0,4650.0,0.6065,0.0
DB01_to_DK06#alt4,4,12,1350.0,4700.0,0.6889,0.0
DB01_to_DK06#alt4,4,13,1400.0,4750.0,0.6889,0.0
DB01_to_DK06#alt4,4,14,1450.0,4750.0,0.7165,0.0
DB01_to_DK06#alt4,4,15,1500.0,4750.0,0.7165,0.0
DB01_to_DK06#alt4,4,16,1550.0,4750.0,0.7165,0.0
DB01_to_DK06#alt4,4,17,1600.0,4800.0,0.5903,0.0
DB01_to_DK06#alt4,4,18,1650.0,4850.0,0.5483,0.0
DB01_to_DK06#alt4,4,19,1700.0,4900.0,0.5483,0.0
DB01_to_DK06#alt4,4,20,1750.0,4900.0,0.6241,0.0
DB01_to_DK06#alt4,4,21,1800.0,4900.0,0.6889,0.0
DB01_to_DK06#alt4,4,22,1850.0,4900.0,0.7165,0.0
DB01_to_DK06#alt4,4,23,1900.0,4900.0,0.7165,0.0
DB01_to_DK06#alt4,4,24,1950.0,4900.0,0.7165,0.0
DB01_to_DK06#alt4,4,25,2000.0,4900.0,0.7165,0.0
DB01_to_DK06#alt4,4,26,2050.0,4900.0,0.6889,0.0
DB01_to_DK06#alt4,4,27,2100.0,4850.0,0.6889,0.0
DB01_to_DK06#alt4,4,28,2150.0,4800.0,0.6889,0.0
DB01_to_DK06#alt4,4,29,2200.0,4750.0,0.6889,0.0
DB01_to_DK06#alt4,4,30,2250.0,4700.0,0.6065,0.0
DB01_to_DK06#alt4,4,31,2300.0,4650.0,0.5134,0.0
DB01_to_DK06#alt4,4,32,2350.0,4600.0,0.4931,0.0
DB01_to_DK06#alt4,4,33,2400.0,4550.0,0.6241,0.0
DB01_to_DK06#alt4,4,34,2450.0,4550.0,0.6889,0.0
DB01_to_DK06#alt4,4,35,2500.0,4550.0,0.7165,0.0
DB01_to_DK06#alt4,4,36,2550.0,4600.0,0.6065,0.0
DB01_to_DK06#alt4,4,37,2600.0,4600.0,0.5903,0.0
DB01_to_DK06#alt4,4,38,2650.0,4550.0,0.6241,0.0
DB01_to_DK06#alt4,4,39,2700.0,4550.0,0.5483,0.0
DB01_to_DK06#alt4,4,40,2750.0,4600.0,0.4346,0.0
DB01_to_DK06#alt4,4,41,2800.0,4550.0,0.4076,0.0
DB01_to_DK06#alt4,4,42,2850.0,4500.0,0.3784,0.0
DB01_to_DK06#alt4,4,43,2900.0,4450.0,0.4746,0.0
DB01_to_DK06#alt4,4,44,2950.0,4450.0,0.503,0.0
DB01_to_DK06#alt4,4,45,3000.0,4450.0,0.5134,0.0
DB01_to_DK06#alt4,4,46,3050.0,4450.0,0.5134,0.0
DB01_to_DK06#alt4,4,47,3100.0,4450.0,0.5134,0.0
DB01_to_DK06#alt4,4,48,3150.0,4450.0,0.503,0.0
DB01_to_DK06#alt4,4,49,3200.0,4450.0,0.4746,0.0
DB01_to_DK06#alt4,4,50,3250.0,4400.0,0.4931,0.0
DB01_to_DK06#alt4,4,51,3300.0,4350.0,0.5903,0.0
DB01_to_DK06#alt4,4,52,3300.0,4300.0,0.6241,0.0
DB01_to_DK06#alt4,4,53,3300.0,4250.0,0.6889,0.0
DB01_to_DK06#alt4,4,54,3300.0,4200.0,0.7165,0.0
DB01_to_DK06#alt4,4,55,3300.0,4150.0,0.7165,0.0
DB01_to_DK06#alt4,4,56,3300.0,4100.0,0.7165,0.0
DB01_to_DK06#alt4,4,57,3300.0,4050.0,0.6889,0.0
DB01_to_DK06#alt4,4,58,3250.0,4000.0,0.6241,0.0
DB01_to_DK06#alt4,4,59,3300.0,3950.0,0.5483,0.0
DB01_to_DK06#alt4,4,60,3350.0,3900.0,0.5483,0.0
DB01_to_DK06#alt4,4,61,3400.0,3850.0,0.5483,0.0
DB01_to_DK06#alt4,4,62,3450.0,3800.0,0.503,0.0
DB01_to_DK06#alt4,4,63,3400.0,3750.0,0.4076,0.0
DB01_to_DK06#alt4,4,64,3350.0,3700.0,0.3269,0.0
DB01_to_DK06#alt4,4,65,3400.0,3650.0,0.2972,0.0
DB01_to_DK06#alt4,4,66,3450.0,3600.0,0.3006,0.0
DB01_to_DK06#alt4,4,67,3500.0,3550.0,0.3077,0.0
DB01_to_DK06#alt4,4,68,3550.0,3500.0,0.3077,0.0
DB01_to_DK06#alt4,4,69,3600.0,3450.0,0.3006,0.0
DB01_to_DK06#alt4,4,70,3600.0,3400.0,0.3269,0.0
DB01_to_DK06#alt4,4,71,3650.0,3350.0,0.2972,0.0
DB01_to_DK06#alt4,4,72,3650.0,3300.0,0.3077,0.0
DB01_to_DK06#alt4,4,73,3650.0,3250.0,0.3114,0.0
DB01_to_DK06#alt4,4,74,3600.0,3200.0,0.3679,0.0
DB01_to_DK06#alt4,4,75,3550.0,3150.0,0.4346,0.0
DB01_to_DK06#alt4,4,76,3500.0,3100.0,0.503,0.0
DB01_to_DK06#alt4,4,77,3450.0,3050.0,0.5483,0.0
DB01_to_DK06#alt4,4,78,3450.0,3000.0,0.4931,0.0
DB01_to_DK06#alt4,4,79,3500.0,2950.0,0.3895,0.0
DB01_to_DK06#alt4,4,80,3500.0,2900.0,0.344,0.0
DB01_to_DK06#alt4,4,81,3500.0,2850.0,0.3077,0.0
DB01_to_DK06#alt4,4,82,3550.0,2800.0,0.2431,0.0
DB01_to_DK06#alt4,4,83,3550.0,2750.0,0.2151,0.0
DB01_to_DK06#alt4,4,84,3550.0,2700.0,0.1921,0.0
DB01_to_DK06#alt4,4,85,3550.0,2650.0,0.17,0.0
DB01_to_DK06#alt4,4,86,3550.0,2600.0,0.1495,0.0
DB01_to_DK06#alt4,4,87,3550.0,2550.0,0.1308,0.0
DB01_to_DK06#alt4,4,88,3550.0,2500.0,0.1308,0.0
DB01_to_DK06#alt4,4,89,3550.0,2450.0,0.1495,0.0
DB01_to_DK06#alt4,4,90,3550.0,2400.0,0.17,0.0
DB01_to_DK06#alt4,4,91,3550.0,2350.0,0.1921,0.0
DB01_to_DK06#alt4,4,92,3500.0,2300.0,0.2431,0.0
DB01_to_DK06#alt4,4,93,3550.0,2250.0,0.2431,0.0
DB01_to_DK06#alt4,4,94,3600.0,2200.0,0.2431,0.0
DB01_to_DK06#alt4,4,95,3650.0,2150.0,0.2384,0.0
DB01_to_DK06#alt4,4,96,3600.0,2100.0,0.3006,0.0
DB01_to_DK06#alt4,4,97,3550.0,2050.0,0.3784,0.0
DB01_to_DK06#alt4,4,98,3550.0,2000.0,0.4076,0.0
DB01_to_DK06#alt4,4,99,3500.0,1950.0,0.503,0.0
DB01_to_DK06#alt4,4,100,3550.0,1900.0,0.4746,0.0
DB01_to_DK06#alt4,4,101,3500.0,1850.0,0.5903,0.0
DB01_to_DK06#alt4,4,102,3500.0,1800.0,0.6065,0.0
DB01_to_DK06#alt4,4,103,3500.0,1750.0,0.6065,0.0
DB01_to_DK06#alt4,4,104,3500.0,1700.0,0.5903,0.0
DB01_to_DK06#alt4,4,105,3450.0,1650.0,0.6241,0.0
DB01_to_DK06#alt4,4,106,3400.0,1600.0,0.6889,0.0
DB01_to_DK06#alt4,4,107,3350.0,1550.0,0.6889,0.0
DB01_to_DK06#alt4,4,108,3300.0,1500.0,0.6889,0.0
DB01_to_DK06#alt4,4,109,3250.0,1450.0,0.6241,0.0
DB01_to_DK06#alt4,4,110,3200.0,1400.0,0.5903,0.0
DB01_to_DK06#alt4,4,111,3250.0,1350.0,0.4746,0.0
DB01_to_DK06#alt4,4,112,3250.0,1300.0,0.4076,0.0
DB01_to_DK06#alt4,4,113,3250.0,1250.0,0.3628,0.0
DB01_to_DK06#alt4,4,114,3250.0,1200.0,0.3679,0.0
DB01_to_DK06#alt4,4,115,3300.0,1150.0,0.4346,0.0
DB01_to_DK06#alt4,4,116,3300.0,1100.0,0.4346,0.0
DB01_to_DK06#alt4,4,117,3300.0,1050.0,0.4346,0.0
DB01_to_DK06#alt5,5,0,750.0,4200.0,0.7165,0.0
DB01_to_DK06#alt5,5,1,800.0,4250.0,0.5903,0.0
DB01_to_DK06#alt5,5,2,750.0,4300.0,0.6241,0.0
DB01_to_DK06#alt5,5,3,700.0,4350.0,0.6241,0.0
DB01_to_DK06#alt5,5,4,650.0,4400.0,0.6241,0.0
DB01_to_DK06#alt5,5,5,600.0,4450.0,0.5903,0.0
DB01_to_DK06#alt5,5,6,550.0,4500.0,0.5483,0.0
DB01_to_DK06#alt5,5,7,550.0,4550.0,0.5134,0.0
DB01_to_DK06#alt5,5,8,550.0,4600.0,0.503,0.0
DB01_to_DK06#alt5,5,9,500.0,4650.0,0.4076,0.0
DB01_to_DK06#alt5,5,10,450.0,4700.0,0.3269,0.0
DB01_to_DK06#alt5,5,11,400.0,4750.0,0.2609,0.0
DB01_to_DK06#alt5,5,12,350.0,4800.0,0.2151,0.0
DB01_to_DK06#alt5,5,13,300.0,4800.0,0.2057,0.0
DB01_to_DK06#alt5,5,14,250.0,4750.0,0.2252,0.0
DB01_to_DK06#alt5,5,15,200.0,4700.0,0.2407,0.0
DB01_to_DK06#alt5,5,16,150.0,4650.0,0.2609,0.0
DB01_to_DK06#alt5,5,17,100.0,4600.0,0.2721,0.0
DB01_to_DK06#alt5,5,18,50.0,4550.0,0.2721,0.0
DB01_to_DK06#alt5,5,19,100.0,4500.0,0.344,0.0
DB01_to_DK06#alt5,5,20,100.0,4450.0,0.3895,0.0
DB01_to_DK06#alt5,5,21,50.0,4400.0,0.3784,0.0
DB01_to_DK06#alt5,5,22,50.0,4350.0,0.4076,0.0
DB01_to_DK06#alt5,5,23,50.0,4300.0,0.4275,0.0
DB01_to_DK06#alt5,5,24,50.0,4250.0,0.4346,0.0
DB01_to_DK06#alt5,5,25,50.0,4200.0,0.4346,0.0
DB01_to_DK06#alt5,5,26,50.0,4150.0,0.4346,0.0
DB01_to_DK06#alt5,5,27,50.0,4100.0,0.4346,0.0
DB01_to_DK06#alt5,5,28,50.0,4050.0,0.4346,0.0
DB01_to_DK06#alt5,5,29,50.0,4000.0,0.4275,0.0
DB01_to_DK06#alt5,5,30,50.0,3950.0,0.4076,0.0
DB01_to_DK06#alt5,5,31,50.0,3900.0,0.3784,0.0
DB01_to_DK06#alt5,5,32,50.0,3850.0,0.344,0.0
DB01_to_DK06#alt5,5,33,100.0,3800.0,0.344,0.0
DB01_to_DK06#alt5,5,34,150.0,3750.0,0.344,0.0
DB01_to_DK06#alt5,5,35,200.0,3700.0,0.3269,0.0
DB01_to_DK06#alt5,5,36,250.0,3650.0,0.3006,0.0
DB01_to_DK06#alt5,5,37,300.0,3600.0,0.281,0.0
DB01_to_DK06#alt5,5,38,350.0,3550.0,0.253,0.0
DB01_to_DK06#alt5,5,39,350.0,3500.0,0.2151,0.0
DB01_to_DK06#alt5,5,40,350.0,3450.0,0.2057,0.0
DB01_to_DK06#alt5,5,41,350.0,3400.0,0.2076,0.0
DB01_to_DK06#alt5,5,42,350.0,3350.0,0.2252,0.0
DB01_to_DK06#alt5,5,43,400.0,3300.0,0.281,0.0
DB01_to_DK06#alt5,5,44,350.0,3250.0,0.2609,0.0
DB01_to_DK06#alt5,5,45,300.0,3200.0,0.2407,0.0
DB01_to_DK06#alt5,5,46,300.0,3150.0,0.253,0.0
DB01_to_DK06#alt5,5,47,300.0,3100.0,0.2609,0.0
DB01_to_DK06#alt5,5,48,300.0,3050.0,0.2636,0.0
DB01_to_DK06#alt5,5,49,300.0,3000.0,0.2636,0.0
DB01_to_DK06#alt5,5,50,300.0,2950.0,0.2636,0.0
DB01_to_DK06#alt5,5,51,350.0,2900.0,0.3077,0.0
DB01_to_DK06#alt5,5,52,400.0,2850.0,0.3485,0.0
DB01_to_DK06#alt5,5,53,350.0,2800.0,0.281,0.0
DB01_to_DK06#alt5,5,54,300.0,2750.0,0.2252,0.0
DB01_to_DK06#alt5,5,55,250.0,2700.0,0.1798,0.0
DB01_to_DK06#alt5,5,56,200.0,2650.0,0.1432,0.0
DB01_to_DK06#alt5,5,57,150.0,2600.0,0.1146,0.0
DB01_to_DK06#alt5,5,58,100.0,2550.0,0.092,0.0
DB01_to_DK06#alt5,5,59,50.0,2500.0,0.0736,0.0
DB01_to_DK06#alt5,5,60,50.0,2450.0,0.0681,0.0
DB01_to_DK06#alt5,5,61,50.0,2400.0,0.0624,0.0
DB01_to_DK06#alt5,5,62,50.0,2350.0,0.0568,0.0
DB01_to_DK06#alt5,5,63,50.0,2300.0,0.0514,0.0
DB01_to_DK06#alt5,5,64,50.0,2250.0,0.0463,0.0
DB01_to_DK06#alt5,5,65,50.0,2200.0,0.0414,0.0
DB01_to_DK06#alt5,5,66,50.0,2150.0,0.0369,0.0
DB01_to_DK06#alt5,5,67,50.0,2100.0,0.0349,0.0
DB01_to_DK06#alt5,5,68,50.0,2050.0,0.0375,0.0
DB01_to_DK06#alt5,5,69,50.0,2000.0,0.04,0.0
DB01_to_DK06#alt5,5,70,50.0,1950.0,0.0423,0.0
DB01_to_DK06#alt5,5,71,50.0,1900.0,0.0444,0.0
DB01_to_DK06#alt5,5,72,50.0,1850.0,0.0467,0.0
DB01_to_DK06#alt5,5,73,50.0,1800.0,0.0524,0.0
DB01_to_DK06#alt5,5,74,50.0,1750.0,0.0591,0.0
DB01_to_DK06#alt5,5,75,50.0,1700.0,0.0681,0.0
DB01_to_DK06#alt5,5,76,50.0,1650.0,0.0785,0.0
DB01_to_DK06#alt5,5,77,50.0,1600.0,0.0904,0.0
DB01_to_DK06#alt5,5,78,50.0,1550.0,0.1036,0.0
DB01_to_DK06#alt5,5,79,50.0,1500.0,0.1183,0.0
DB01_to_DK06#alt5,5,80,50.0,1450.0,0.1344,0.0
DB01_to_DK06#alt5,5,81,50.0,1400.0,0.1517,0.0
DB01_to_DK06#alt5,5,82,50.0,1350.0,0.17,0.0
DB01_to_DK06#alt5,5,83,100.0,1300.0,0.2151,0.0
DB01_to_DK06#alt5,5,84,50.0,1250.0,0.2151,0.0
DB01_to_DK06#alt5,5,85,100.0,1200.0,0.2721,0.0
DB01_to_DK06#alt5,5,86,100.0,1150.0,0.3077,0.0
DB01_to_DK06#alt5,5,87,100.0,1100.0,0.344,0.0
DB01_to_DK06#alt5,5,88,100.0,1050.0,0.3784,0.0
DB01_to_DK06#alt5,5,89,100.0,1000.0,0.4076,0.0
DB01_to_DK06#alt5,5,90,100.0,950.0,0.4275,0.0
DB01_to_DK06#alt5,5,91,100.0,900.0,0.4346,0.0
DB01_to_DK06#alt5,5,92,100.0,850.0,0.4346,0.0
DB01_to_DK06#alt5,5,93,50.0,800.0,0.3679,0.0
DB01_to_DK06#alt5,5,94,50.0,750.0,0.3628,0.0
DB01_to_DK06#alt5,5,95,50.0,700.0,0.3485,0.0
DB01_to_DK06#alt5,5,96,50.0,650.0,0.3269,0.0
DB01_to_DK06#alt5,5,97,50.0,600.0,0.3006,0.0
DB01_to_DK06#alt5,5,98,50.0,550.0,0.281,0.0
DB01_to_DK06#alt5,5,99,50.0,500.0,0.2609,0.0
DB01_to_DK06#alt5,5,100,100.0,450.0,0.2721,0.0
DB01_to_DK06#alt5,5,101,150.0,400.0,0.2721,0.0
DB01_to_DK06#alt5,5,102,200.0,350.0,0.2609,0.0
DB01_to_DK06#alt5,5,103,250.0,300.0,0.2407,0.0
DB01_to_DK06#alt5,5,104,300.0,250.0,0.2252,0.0
DB01_to_DK06#alt5,5,105,350.0,200.0,0.2151,0.0
DB01_to_DK06#alt5,5,106,400.0,150.0,0.2252,0.0
DB01_to_DK06#alt5,5,107,450.0,100.0,0.2384,0.0
DB01_to_DK06#alt5,5,108,500.0,50.0,0.2431,0.0
DB01_to_DK06#alt5,5,109,550.0,100.0,0.3077,0.0
DB01_to_DK06#alt5,5,110,600.0,150.0,0.3895,0.0
DB01_to_DK06#alt5,5,111,650.0,150.0,0.4346,0.0
DB01_to_DK06#alt5,5,112,700.0,150.0,0.4931,0.0
DB01_to_DK06#alt5,5,113,750.0,150.0,0.5483,0.0
DB01_to_DK06#alt5,5,114,800.0,150.0,0.6241,0.0
DB01_to_DK06#alt5,5,115,850.0,150.0,0.6889,0.0
DB01_to_DK06#alt5,5,116,900.0,150.0,0.7165,0.0
DB01_to_DK06#alt5,5,117,950.0,100.0,0.6065,0.0
DB01_to_DK06#alt5,5,118,1000.0,100.0,0.6065,0.0
DB01_to_DK06#alt5,5,119,1050.0,100.0,0.6065,0.0
DB01_to_DK06#alt5,5,120,1100.0,100.0,0.5903,0.0
DB01_to_DK06#alt5,5,121,1150.0,100.0,0.5483,0.0
DB01_to_DK06#alt5,5,122,1200.0,100.0,0.4931,0.0
DB01_to_DK06#alt5,5,123,1250.0,100.0,0.4346,0.0
DB01_to_DK06#alt5,5,124,1300.0,100.0,0.3895,0.0
DB01_to_DK06#alt5,5,125,1350.0,100.0,0.3628,0.0
DB01_to_DK06#alt5,5,126,1400.0,100.0,0.3485,0.0
DB01_to_DK06#alt5,5,127,1450.0,100.0,0.3269,0.0
DB01_to_DK06#alt5,5,128,1500.0,100.0,0.3006,0.0
DB01_to_DK06#alt5,5,129,1550.0,100.0,0.2721,0.0
DB01_to_DK06#alt5,5,130,1600.0,100.0,0.2431,0.0
DB01_to_DK06#alt5,5,131,1650.0,100.0,0.2151,0.0
DB01_to_DK06#alt5,5,132,1700.0,50.0,0.17,0.0
DB01_to_DK06#alt5,5,133,1750.0,50.0,0.1517,0.0
DB01_to_DK06#alt5,5,134,1800.0,50.0,0.1344,0.0
DB01_to_DK06#alt5,5,135,1850.0,50.0,0.1199,0.0
DB01_to_DK06#alt5,5,136,1900.0,100.0,0.1199,0.0
DB01_to_DK06#alt5,5,137,1950.0,100.0,0.1062,0.0
DB01_to_DK06#alt5,5,138,2000.0,100.0,0.0947,0.0
DB01_to_DK06#alt5,5,139,2050.0,100.0,0.0839,0.0
DB01_to_DK06#alt5,5,140,2100.0,150.0,0.0981,0.0
DB01_to_DK06#alt5,5,141,2150.0,200.0,0.1215,0.0
DB01_to_DK06#alt5,5,142,2200.0,250.0,0.1495,0.0
DB01_to_DK06#alt5,5,143,2250.0,250.0,0.1551,0.0
DB01_to_DK06#alt5,5,144,2300.0,250.0,0.1587,0.0
DB01_to_DK06#alt5,5,145,2350.0,250.0,0.1599,0.0
DB01_to_DK06#alt5,5,146,2400.0,300.0,0.1889,0.0
DB01_to_DK06#alt5,5,147,2450.0,350.0,0.2231,0.0
DB01_to_DK06#alt5,5,148,2500.0,400.0,0.2609,0.0
DB01_to_DK06#alt5,5,149,2550.0,450.0,0.2972,0.0
DB01_to_DK06#alt5,5,150,2600.0,450.0,0.281,0.0
DB01_to_DK06#alt5,5,151,2650.0,500.0,0.3006,0.0
DB01_to_DK06#alt5,5,152,2700.0,450.0,0.2407,0.0
DB01_to_DK06#alt5,5,153,2750.0,400.0,0.1937,0.0
DB01_to_DK06#alt5,5,154,2800.0,450.0,0.2076,0.0
DB01_to_DK06#alt5,5,155,2850.0,450.0,0.1889,0.0
DB01_to_DK06#alt5,5,156,2900.0,450.0,0.17,0.0
DB01_to_DK06#alt5,5,157,2950.0,500.0,0.17,0.0
DB01_to_DK06#alt5,5,158,3000.0,550.0,0.17,0.0
DB01_to_DK06#alt5,5,159,3050.0,600.0,0.1648,0.0
DB01_to_DK06#alt5,5,160,3100.0,650.0,0.1648,0.0
DB01_to_DK06#alt5,5,161,3150.0,700.0,0.2076,0.0
DB01_to_DK06#alt5,5,162,3200.0,750.0,0.2609,0.0
DB01_to_DK06#alt5,5,163,3250.0,800.0,0.3269,0.0
DB01_to_DK06#alt5,5,164,3300.0,850.0,0.4076,0.0
DB01_to_DK06#alt5,5,165,3350.0,900.0,0.503,0.0
DB01_to_DK06#alt5,5,166,3400.0,950.0,0.6065,0.0
DB01_to_DK06#alt5,5,167,3400.0,1000.0,0.6065,0.0
DB01_to_DK06#alt5,5,168,3350.0,1050.0,0.5134,0.0
DB01_to_DK06#alt5,5,169,3300.0,1050.0,0.4346,0.0
DB01_to_DK06#alt6,6,0,750.0,4200.0,0.7165,0.0
DB01_to_DK06#alt6,6,1,800.0,4200.0,0.6241,0.0
DB01_to_DK06#alt6,6,2,850.0,4250.0,0.6241,0.0
DB01_to_DK06#alt6,6,3,900.0,4300.0,0.6241,0.0
DB01_to_DK06#alt6,6,4,950.0,4350.0,0.7165,0.0
DB01_to_DK06#alt6,6,5,1000.0,4350.0,0.6889,0.0
DB01_to_DK06#alt6,6,6,1050.0,4350.0,0.6241,0.0
DB01_to_DK06#alt6,6,7,1100.0,4350.0,0.6889,0.0
DB01_to_DK06#alt6,6,8,1150.0,4400.0,0.6065,0.0
DB01_to_DK06#alt6,6,9,1200.0,4450.0,0.5134,0.0
DB01_to_DK06#alt6,6,10,1250.0,4500.0,0.503,0.0
DB01_to_DK06#alt6,6,11,1300.0,4550.0,0.6065,0.0
DB01_to_DK06#alt6,6,12,1300.0,4600.0,0.6065,0.0
DB01_to_DK06#alt6,6,13,1300.0,4650.0,0.6065,0.0
DB01_to_DK06#alt6,6,14,1300.0,4700.0,0.5903,0.0
DB01_to_DK06#alt6,6,15,1350.0,4750.0,0.6241,0.0
DB01_to_DK06#alt6,6,16,1400.0,4800.0,0.5903,0.0
DB01_to_DK06#alt6,6,17,1450.0,4850.0,0.5134,0.0
DB01_to_DK06#alt6,6,18,1500.0,4800.0,0.6065,0.0
DB01_to_DK06#alt6,6,19,1550.0,4750.0,0.7165,0.0
DB01_to_DK06#alt6,6,20,1600.0,4750.0,0.6889,0.0
DB01_to_DK06#alt6,6,21,1650.0,4750.0,0.6241,0.0
DB01_to_DK06#alt6,6,22,1700.0,4800.0,0.6889,0.0
DB01_to_DK06#alt6,6,23,1750.0,4850.0,0.6889,0.0
DB01_to_DK06#alt6,6,24,1800.0,4900.0,0.6889,0.0
DB01_to_DK06#alt6,6,25,1850.0,4950.0,0.6065,0.0
DB01_to_DK06#alt6,6,26,1900.0,4950.0,0.6065,0.0
DB01_to_DK06#alt6,6,27,1950.0,4900.0,0.7165,0.0
DB01_to_DK06#alt6,6,28,2000.0,4900.0,0.7165,0.0
DB01_to_DK06#alt6,6,29,2050.0,4900.0,0.6889,0.0
DB01_to_DK06#alt6,6,30,2100.0,4850.0,0.6889,0.0
DB01_to_DK06#alt6,6,31,2150.0,4800.0,0.6889,0.0
DB01_to_DK06#alt6,6,32,2200.0,4750.0,0.6889,0.0
DB01_to_DK06#alt6,6,33,2250.0,4750.0,0.5903,0.0
DB01_to_DK06#alt6,6,34,2300.0,4750.0,0.503,0.0
DB01_to_DK06#alt6,6,35,2350.0,4700.0,0.4346,0.0
DB01_to_DK06#alt6,6,36,2400.0,4700.0,0.4076,0.0
DB01_to_DK06#alt6,6,37,2450.0,4700.0,0.4275,0.0
DB01_to_DK06#alt6,6,38,2500.0,4700.0,0.4346,0.0
DB01_to_DK06#alt6,6,39,2550.0,4750.0,0.3679,0.0
DB01_to_DK06#alt6,6,40,2600.0,4700.0,0.4275,0.0
DB01_to_DK06#alt6,6,41,2650.0,4700.0,0.4076,0.0
DB01_to_DK06#alt6,6,42,2700.0,4750.0,0.3269,0.0
DB01_to_DK06#alt6,6,43,2750.0,4800.0,0.2609,0.0
DB01_to_DK06#alt6,6,44,2800.0,4850.0,0.2076,0.0
DB01_to_DK06#alt6,6,45,2850.0,4850.0,0.1889,0.0
DB01_to_DK06#alt6,6,46,2900.0,4900.0,0.1495,0.0
DB01_to_DK06#alt6,6,47,2950.0,4850.0,0.1517,0.0
DB01_to_DK06#alt6,6,48,3000.0,4850.0,0.1353,0.0
DB01_to_DK06#alt6,6,49,3050.0,4850.0,0.1353,0.0
DB01_to_DK06#alt6,6,50,3100.0,4850.0,0.1599,0.0
DB01_to_DK06#alt6,6,51,3150.0,4850.0,0.1889,0.0
DB01_to_DK06#alt6,6,52,3200.0,4800.0,0.2231,0.0
DB01_to_DK06#alt6,6,53,3250.0,4800.0,0.2636,0.0
DB01_to_DK06#alt6,6,54,3300.0,4800.0,0.3114,0.0
DB01_to_DK06#alt6,6,55,3350.0,4800.0,0.3679,0.0
DB01_to_DK06#alt6,6,56,3400.0,4800.0,0.4346,0.0
DB01_to_DK06#alt6,6,57,3450.0,4750.0,0.5134,0.0
DB01_to_DK06#alt6,6,58,3500.0,4750.0,0.6065,0.0
DB01_to_DK06#alt6,6,59,3550.0,4700.0,0.6889,0.0
DB01_to_DK06#alt6,6,60,3600.0,4650.0,0.6889,0.0
DB01_to_DK06#alt6,6,61,3650.0,4650.0,0.7165,0.0
DB01_to_DK06#alt6,6,62,3700.0,4650.0,0.7165,0.0
DB01_to_DK06#alt6,6,63,3750.0,4650.0,0.6889,0.0
DB01_to_DK06#alt6,6,64,3800.0,4700.0,0.6889,0.0
DB01_to_DK06#alt6,6,65,3850.0,4650.0,0.5483,0.0
DB01_to_DK06#alt6,6,66,3900.0,4600.0,0.4346,0.0
DB01_to_DK06#alt6,6,67,3950.0,4550.0,0.344,0.0
DB01_to_DK06#alt6,6,68,4000.0,4500.0,0.344,0.0
DB01_to_DK06#alt6,6,69,4050.0,4500.0,0.3006,0.0
DB01_to_DK06#alt6,6,70,4100.0,4550.0,0.2384,0.0
DB01_to_DK06#alt6,6,71,4150.0,4600.0,0.2057,0.0
DB01_to_DK06#alt6,6,72,4200.0,4650.0,0.1827,0.0
DB01_to_DK06#alt6,6,73,4250.0,4600.0,0.1873,0.0
DB01_to_DK06#alt6,6,74,4300.0,4550.0,0.2151,0.0
DB01_to_DK06#alt6,6,75,4350.0,4500.0,0.2407,0.0
DB01_to_DK06#alt6,6,76,4400.0,4450.0,0.2609,0.0
DB01_to_DK06#alt6,6,77,4450.0,4400.0,0.2721,0.0
DB01_to_DK06#alt6,6,78,4500.0,4350.0,0.2721,0.0
DB01_to_DK06#alt6,6,79,4550.0,4300.0,0.2721,0.0
DB01_to_DK06#alt6,6,80,4600.0,4250.0,0.2609,0.0
DB01_to_DK06#alt6,6,81,4650.0,4200.0,0.2407,0.0
DB01_to_DK06#alt6,6,82,4700.0,4150.0,0.2151,0.0
DB01_to_DK06#alt6,6,83,4750.0,4100.0,0.1873,0.0
DB01_to_DK06#alt6,6,84,4700.0,4050.0,0.2231,0.0
DB01_to_DK06#alt6,6,85,4650.0,4000.0,0.2609,0.0
DB01_to_DK06#alt6,6,86,4650.0,3950.0,0.253,0.0
DB01_to_DK06#alt6,6,87,4650.0,3900.0,0.2407,0.0
DB01_to_DK06#alt6,6,88,4700.0,3850.0,0.1937,0.0
DB01_to_DK06#alt6,6,89,4750.0,3800.0,0.1551,0.0
DB01_to_DK06#alt6,6,90,4750.0,3750.0,0.1432,0.0
DB01_to_DK06#alt6,6,91,4750.0,3700.0,0.1308,0.0
DB01_to_DK06#alt6,6,92,4750.0,3650.0,0.1183,0.0
DB01_to_DK06#alt6,6,93,4700.0,3600.0,0.1199,0.0
DB01_to_DK06#alt6,6,94,4700.0,3550.0,0.1062,0.0
DB01_to_DK06#alt6,6,95,4700.0,3500.0,0.0947,0.0
DB01_to_DK06#alt6,6,96,4650.0,3450.0,0.0936,0.0
DB01_to_DK06#alt6,6,97,4650.0,3400.0,0.0821,0.0
DB01_to_DK06#alt6,6,98,4650.0,3350.0,0.0717,0.0
DB01_to_DK06#alt6,6,99,4650.0,3300.0,0.0624,0.0
DB01_to_DK06#alt6,6,100,4650.0,3250.0,0.0542,0.0
DB01_to_DK06#alt6,6,101,4650.0,3200.0,0.0612,0.0
DB01_to_DK06#alt6,6,102,4650.0,3150.0,0.0717,0.0
DB01_to_DK06#alt6,6,103,4650.0,3100.0,0.0839,0.0
DB01_to_DK06#alt6,6,104,4650.0,3050.0,0.0981,0.0
DB01_to_DK06#alt6,6,105,4650.0,3000.0,0.1146,0.0
DB01_to_DK06#alt6,6,106,4650.0,2950.0,0.1335,0.0
DB01_to_DK06#alt6,6,107,4650.0,2900.0,0.1551,0.0
DB01_to_DK06#alt6,6,108,4650.0,2850.0,0.1798,0.0
DB01_to_DK06#alt6,6,109,4650.0,2800.0,0.2076,0.0
DB01_to_DK06#alt6,6,110,4600.0,2750.0,0.2609,0.0
DB01_to_DK06#alt6,6,111,4550.0,2700.0,0.3269,0.0
DB01_to_DK06#alt6,6,112,4500.0,2650.0,0.4076,0.0
DB01_to_DK06#alt6,6,113,4450.0,2600.0,0.503,0.0
DB01_to_DK06#alt6,6,114,4450.0,2550.0,0.5903,0.0
DB01_to_DK06#alt6,6,115,4500.0,2500.0,0.6241,0.0
DB01_to_DK06#alt6,6,116,4550.0,2450.0,0.6241,0.0
DB01_to_DK06#alt6,6,117,4550.0,2400.0,0.6889,0.0
DB01_to_DK06#alt6,6,118,4550.0,2350.0,0.7165,0.0
DB01_to_DK06#alt6,6,119,4550.0,2300.0,0.7165,0.0
DB01_to_DK06#alt6,6,120,4550.0,2250.0,0.7165,0.0
DB01_to_DK06#alt6,6,121,4550.0,2200.0,0.6889,0.0
DB01_to_DK06#alt6,6,122,4500.0,2150.0,0.6889,0.0
DB01_to_DK06#alt6,6,123,4450.0,2100.0,0.6889,0.0
DB01_to_DK06#alt6,6,124,4400.0,2050.0,0.6889,0.0
DB01_to_DK06#alt6,6,125,4350.0,2000.0,0.6065,0.0
DB01_to_DK06#alt6,6,126,4300.0,1950.0,0.503,0.0
DB01_to_DK06#alt6,6,127,4250.0,1900.0,0.4076,0.0
DB01_to_DK06#alt6,6,128,4200.0,1850.0,0.3269,0.0
DB01_to_DK06#alt6,6,129,4150.0,1800.0,0.2609,0.0
DB01_to_DK06#alt6,6,130,4100.0,1800.0,0.2384,0.0
DB01_to_DK06#alt6,6,131,4050.0,1800.0,0.2151,0.0
DB01_to_DK06#alt6,6,132,4000.0,1800.0,0.2252,0.0
DB01_to_DK06#alt6,6,133,3950.0,1750.0,0.281,0.0
DB01_to_DK06#alt6,6,134,3900.0,1700.0,0.3485,0.0
DB01_to_DK06#alt6,6,135,3850.0,1750.0,0.3269,0.0
DB01_to_DK06#alt6,6,136,3800.0,1700.0,0.4076,0.0
DB01_to_DK06#alt6,6,137,3750.0,1700.0,0.4275,0.0
DB01_to_DK06#alt6,6,138,3700.0,1650.0,0.5134,0.0
DB01_to_DK06#alt6,6,139,3650.0,1700.0,0.4275,0.0
DB01_to_DK06#alt6,6,140,3600.0,1650.0,0.4746,0.0
DB01_to_DK06#alt6,6,141,3550.0,1600.0,0.503,0.0
DB01_to_DK06#alt6,6,142,3500.0,1550.0,0.5483,0.0
DB01_to_DK06#alt6,6,143,3450.0,1500.0,0.5483,0.0
DB01_to_DK06#alt6,6,144,3400.0,1450.0,0.503,0.0
DB01_to_DK06#alt6,6,145,3450.0,1400.0,0.6065,0.0
DB01_to_DK06#alt6,6,146,3450.0,1350.0,0.6065,0.0
DB01_to_DK06#alt6,6,147,3450.0,1300.0,0.6241,0.0
DB01_to_DK06#alt6,6,148,3400.0,1250.0,0.5903,0.0
DB01_to_DK06#alt6,6,149,3400.0,1200.0,0.6065,0.0
DB01_to_DK06#alt6,6,150,3350.0,1150.0,0.5134,0.0
DB01_to_DK06#alt6,6,151,3300.0,1100.0,0.4346,0.0
DB01_to_DK06#alt6,6,152,3300.0,1050.0,0.4346,0.0
DB01_to_DK06#alt7,7,0,750.0,4200.0,0.7165,0.0
DB01_to_DK06#alt7,7,1,750.0,4250.0,0.6889,0.0
DB01_to_DK06#alt7,7,2,700.0,4300.0,0.6889,0.0
DB01_to_DK06#alt7,7,3,650.0,4350.0,0.6889,0.0
DB01_to_DK06#alt7,7,4,600.0,4400.0,0.6889,0.0
DB01_to_DK06#alt7,7,5,550.0,4450.0,0.6241,0.0
DB01_to_DK06#alt7,7,6,500.0,4450.0,0.6889,0.0
DB01_to_DK06#alt7,7,7,450.0,4450.0,0.7165,0.0
DB01_to_DK06#alt7,7,8,400.0,4450.0,0.6889,0.0
DB01_to_DK06#alt7,7,9,350.0,4400.0,0.7165,0.0
DB01_to_DK06#alt7,7,10,300.0,4400.0,0.6889,0.0
DB01_to_DK06#alt7,7,11,250.0,4350.0,0.6889,0.0
DB01_to_DK06#alt7,7,12,200.0,4300.0,0.6889,0.0
DB01_to_DK06#alt7,7,13,150.0,4250.0,0.6065,0.0
DB01_to_DK06#alt7,7,14,150.0,4200.0,0.6065,0.0
DB01_to_DK06#alt7,7,15,150.0,4150.0,0.6065,0.0
DB01_to_DK06#alt7,7,16,150.0,4100.0,0.6065,0.0
DB01_to_DK06#alt7,7,17,150.0,4050.0,0.6065,0.0
DB01_to_DK06#alt7,7,18,200.0,4000.0,0.6889,0.0
DB01_to_DK06#alt7,7,19,250.0,3950.0,0.6889,0.0
DB01_to_DK06#alt7,7,20,300.0,3900.0,0.6889,0.0
DB01_to_DK06#alt7,7,21,300.0,3850.0,0.5903,0.0
DB01_to_DK06#alt7,7,22,350.0,3800.0,0.5483,0.0
DB01_to_DK06#alt7,7,23,400.0,3750.0,0.503,0.0
DB01_to_DK06#alt7,7,24,450.0,3700.0,0.4346,0.0
DB01_to_DK06#alt7,7,25,500.0,3650.0,0.4076,0.0
DB01_to_DK06#alt7,7,26,550.0,3600.0,0.4346,0.0
DB01_to_DK06#alt7,7,27,600.0,3550.0,0.503,0.0
DB01_to_DK06#alt7,7,28,600.0,3500.0,0.4746,0.0
DB01_to_DK06#alt7,7,29,600.0,3450.0,0.4346,0.0
DB01_to_DK06#alt7,7,30,600.0,3400.0,0.3895,0.0
DB01_to_DK06#alt7,7,31,550.0,3350.0,0.3895,0.0
DB01_to_DK06#alt7,7,32,550.0,3300.0,0.4346,0.0
DB01_to_DK06#alt7,7,33,500.0,3250.0,0.4076,0.0
DB01_to_DK06#alt7,7,34,500.0,3200.0,0.4346,0.0
DB01_to_DK06#alt7,7,35,500.0,3150.0,0.4746,0.0
DB01_to_DK06#alt7,7,36,450.0,3100.0,0.4275,0.0
DB01_to_DK06#alt7,7,37,500.0,3050.0,0.5134,0.0
DB01_to_DK06#alt7,7,38,450.0,3000.0,0.4346,0.0
DB01_to_DK06#alt7,7,39,450.0,2950.0,0.4346,0.0
DB01_to_DK06#alt7,7,40,450.0,2900.0,0.4275,0.0
DB01_to_DK06#alt7,7,41,450.0,2850.0,0.4076,0.0
DB01_to_DK06#alt7,7,42,450.0,2800.0,0.3784,0.0
DB01_to_DK06#alt7,7,43,450.0,2750.0,0.3485,0.0
DB01_to_DK06#alt7,7,44,400.0,2700.0,0.281,0.0
DB01_to_DK06#alt7,7,45,450.0,2650.0,0.3006,0.0
DB01_to_DK06#alt7,7,46,450.0,2600.0,0.2721,0.0
DB01_to_DK06#alt7,7,47,400.0,2550.0,0.2151,0.0
DB01_to_DK06#alt7,7,48,450.0,2500.0,0.2151,0.0
DB01_to_DK06#alt7,7,49,450.0,2450.0,0.1921,0.0
DB01_to_DK06#alt7,7,50,500.0,2400.0,0.1889,0.0
DB01_to_DK06#alt7,7,51,550.0,2350.0,0.1798,0.0
DB01_to_DK06#alt7,7,52,550.0,2300.0,0.1599,0.0
DB01_to_DK06#alt7,7,53,550.0,2250.0,0.1599,0.0
DB01_to_DK06#alt7,7,54,600.0,2200.0,0.1889,0.0
DB01_to_DK06#alt7,7,55,650.0,2150.0,0.2211,0.0
DB01_to_DK06#alt7,7,56,700.0,2100.0,0.253,0.0
DB01_to_DK06#alt7,7,57,750.0,2050.0,0.281,0.0
DB01_to_DK06#alt7,7,58,800.0,2000.0,0.3006,0.0
DB01_to_DK06#alt7,7,59,850.0,1950.0,0.3784,0.0
DB01_to_DK06#alt7,7,60,900.0,1900.0,0.4746,0.0
DB01_to_DK06#alt7,7,61,950.0,1900.0,0.503,0.0
DB01_to_DK06#alt7,7,62,1000.0,1900.0,0.5134,0.0
DB01_to_DK06#alt7,7,63,1050.0,1950.0,0.5483,0.0
DB01_to_DK06#alt7,7,64,1100.0,1900.0,0.5483,0.0
DB01_to_DK06#alt7,7,65,1150.0,1900.0,0.5903,0.0
DB01_to_DK06#alt7,7,66,1200.0,1900.0,0.6241,0.0
DB01_to_DK06#alt7,7,67,1250.0,1900.0,0.6889,0.0
DB01_to_DK06#alt7,7,68,1300.0,1900.0,0.7165,0.0
DB01_to_DK06#alt7,7,69,1350.0,1850.0,0.6065,0.0
DB01_to_DK06#alt7,7,70,1400.0,1850.0,0.6065,0.0
DB01_to_DK06#alt7,7,71,1450.0,1900.0,0.6889,0.0
DB01_to_DK06#alt7,7,72,1500.0,1900.0,0.6241,0.0
DB01_to_DK06#alt7,7,73,1550.0,1900.0,0.5903,0.0
DB01_to_DK06#alt7,7,74,1600.0,1950.0,0.6241,0.0
DB01_to_DK06#alt7,7,75,1650.0,1900.0,0.4931,0.0
DB01_to_DK06#alt7,7,76,1700.0,1950.0,0.4931,0.0
DB01_to_DK06#alt7,7,77,1750.0,1950.0,0.4346,0.0
DB01_to_DK06#alt7,7,78,1800.0,1950.0,0.3784,0.0
DB01_to_DK06#alt7,7,79,1850.0,1950.0,0.3269,0.0
DB01_to_DK06#alt7,7,80,1900.0,1950.0,0.281,0.0
DB01_to_DK06#alt7,7,81,1950.0,1950.0,0.2407,0.0
DB01_to_DK06#alt7,7,82,2000.0,1950.0,0.2384,0.0
DB01_to_DK06#alt7,7,83,2050.0,1950.0,0.2609,0.0
DB01_to_DK06#alt7,7,84,2100.0,1950.0,0.281,0.0
DB01_to_DK06#alt7,7,85,2150.0,1950.0,0.3006,0.0
DB01_to_DK06#alt7,7,86,2200.0,1950.0,0.3269,0.0
DB01_to_DK06#alt7,7,87,2250.0,1950.0,0.3485,0.0
DB01_to_DK06#alt7,7,88,2300.0,1900.0,0.4275,0.0
DB01_to_DK06#alt7,7,89,2350.0,1850.0,0.5134,0.0
DB01_to_DK06#alt7,7,90,2400.0,1850.0,0.5134,0.0
DB01_to_DK06#alt7,7,91,2450.0,1800.0,0.5903,0.0
DB01_to_DK06#alt7,7,92,2500.0,1750.0,0.6241,0.0
DB01_to_DK06#alt7,7,93,2550.0,1750.0,0.5903,0.0
DB01_to_DK06#alt7,7,94,2600.0,1700.0,0.6241,0.0
DB01_to_DK06#alt7,7,95,2650.0,1650.0,0.6241,0.0
DB01_to_DK06#alt7,7,96,2700.0,1600.0,0.5903,0.0
DB01_to_DK06#alt7,7,97,2750.0,1550.0,0.5483,0.0
DB01_to_DK06#alt7,7,98,2800.0,1500.0,0.5483,0.0
DB01_to_DK06#alt7,7,99,2850.0,1500.0,0.6241,0.0
DB01_to_DK06#alt7,7,100,2900.0,1500.0,0.6889,0.0
DB01_to_DK06#alt7,7,101,2950.0,1450.0,0.6241,0.0
DB01_to_DK06#alt7,7,102,3000.0,1400.0,0.5903,0.0
DB01_to_DK06#alt7,7,103,2950.0,1350.0,0.4746,0.0
DB01_to_DK06#alt7,7,104,3000.0,1300.0,0.4275,0.0
DB01_to_DK06#alt7,7,105,3050.0,1250.0,0.3679,0.0
DB01_to_DK06#alt7,7,106,3100.0,1200.0,0.3114,0.0
DB01_to_DK06#alt7,7,107,3150.0,1150.0,0.2636,0.0
DB01_to_DK06#alt7,7,108,3200.0,1100.0,0.3114,0.0
DB01_to_DK06#alt7,7,109,3250.0,1050.0,0.3679,0.0
DB01_to_DK06#alt7,7,110,3300.0,1050.0,0.4346,0.0
DB01_to_DK03#alt0,0,0,750.0,4200.0,0.7165,0.0
DB01_to_DK03#alt0,0,1,800.0,4250.0,0.5903,0.0
DB01_to_DK03#alt0,0,2,750.0,4300.0,0.6241,0.0
DB01_to_DK03#alt0,0,3,700.0,4350.0,0.6241,0.0
DB01_to_DK03#alt0,0,4,650.0,4400.0,0.6241,0.0
DB01_to_DK03#alt0,0,5,650.0,4450.0,0.6889,0.0
DB01_to_DK03#alt0,0,6,650.0,4500.0,0.7165,0.0
DB01_to_DK03#alt0,0,7,650.0,4550.0,0.7165,0.0
DB01_to_DK03#alt0,0,8,650.0,4600.0,0.6889,0.0
DB01_to_DK03#alt0,0,9,700.0,4650.0,0.7165,0.0
DB01_to_DK03#alt0,0,10,700.0,4700.0,0.6889,0.0
DB01_to_DK03#alt0,0,11,750.0,4750.0,0.6889,0.0
DB01_to_DK03#alt0,0,12,800.0,4750.0,0.7165,0.0
DB01_to_DK03#alt0,0,13,850.0,4750.0,0.7165,0.0
DB01_to_DK03#alt0,0,14,900.0,4800.0,0.6065,0.0
DB01_to_DK03#alt0,0,15,950.0,4850.0,0.5134,0.0
DB01_to_DK03#alt0,0,16,1000.0,4850.0,0.503,0.0
DB01_to_DK03#alt0,0,17,1050.0,4850.0,0.4746,0.0
DB01_to_DK03#alt0,0,18,1100.0,4850.0,0.4346,0.0
DB01_to_DK03#alt0,0,19,1150.0,4850.0,0.3895,0.0
DB01_to_DK03#alt0,0,20,1200.0,4900.0,0.3077,0.0
DB01_to_DK03#alt0,0,21,1250.0,4850.0,0.3895,0.0
DB01_to_DK03#alt0,0,22,1300.0,4850.0,0.4346,0.0
DB01_to_DK03#alt0,0,23,1350.0,4850.0,0.4746,0.0
DB01_to_DK03#alt0,0,24,1400.0,4900.0,0.4275,0.0
DB01_to_DK03#alt0,0,25,1450.0,4900.0,0.4346,0.0
DB01_to_DK03#alt0,0,26,1500.0,4900.0,0.4346,0.0
DB01_to_DK03#alt0,0,27,1550.0,4900.0,0.4346,0.0
DB01_to_DK03#alt0,0,28,1600.0,4900.0,0.4346,0.0
DB01_to_DK03#alt0,0,29,1650.0,4950.0,0.4346,0.0
DB01_to_DK03#alt0,0,30,1700.0,4950.0,0.4931,0.0
DB01_to_DK03#alt0,0,31,1750.0,4950.0,0.5483,0.0
DB01_to_DK03#alt0,0,32,1800.0,4950.0,0.5903,0.0
DB01_to_DK03#alt0,0,33,1850.0,4950.0,0.6065,0.0
DB01_to_DK03#alt0,0,34,1900.0,4950.0,0.6065,0.0
DB01_to_DK03#alt0,0,35,1950.0,4950.0,0.6065,0.0
DB01_to_DK03#alt0,0,36,2000.0,4900.0,0.7165,0.0
DB01_to_DK03#alt0,0,37,2050.0,4900.0,0.6889,0.0
DB01_to_DK03#alt0,0,38,2100.0,4850.0,0.6889,0.0
DB01_to_DK03#alt0,0,39,2150.0,4800.0,0.6889,0.0
DB01_to_DK03#alt0,0,40,2200.0,4750.0,0.6889,0.0
DB01_to_DK03#alt0,0,41,2200.0,4700.0,0.7165,0.0
DB01_to_DK03#alt0,0,42,2250.0,4650.0,0.6065,0.0
DB01_to_DK03#alt0,0,43,2250.0,4600.0,0.6065,0.0
DB01_to_DK03#alt0,0,44,2250.0,4550.0,0.5903,0.0
DB01_to_DK03#alt0,0,45,2300.0,4500.0,0.503,0.0
DB01_to_DK03#alt0,0,46,2350.0,4450.0,0.6065,0.0
DB01_to_DK03#alt0,0,47,2400.0,4400.0,0.7165,0.0
DB01_to_DK03#alt0,0,48,2400.0,4350.0,0.7165,0.0
DB01_to_DK03#alt0,0,49,2400.0,4300.0,0.6889,0.0
DB01_to_DK03#alt0,0,50,2450.0,4250.0,0.6889,0.0
DB01_to_DK03#alt0,0,51,2500.0,4200.0,0.6065,0.0
DB01_to_DK03#alt0,0,52,2550.0,4150.0,0.503,0.0
DB01_to_DK03#alt0,0,53,2550.0,4100.0,0.4275,0.0
DB01_to_DK03#alt0,0,54,2550.0,4050.0,0.3628,0.0
DB01_to_DK03#alt1,1,0,750.0,4200.0,0.7165,0.0
DB01_to_DK03#alt1,1,1,800.0,4250.0,0.5903,0.0
DB01_to_DK03#alt1,1,2,850.0,4300.0,0.6065,0.0
DB01_to_DK03#alt1,1,3,900.0,4300.0,0.6241,0.0
DB01_to_DK03#alt1,1,4,950.0,4300.0,0.6889,0.0
DB01_to_DK03#alt1,1,5,1000.0,4300.0,0.7165,0.0
DB01_to_DK03#alt1,1,6,1050.0,4350.0,0.6241,0.0
DB01_to_DK03#alt1,1,7,1100.0,4400.0,0.6241,0.0
DB01_to_DK03#alt1,1,8,1150.0,4450.0,0.5903,0.0
DB01_to_DK03#alt1,1,9,1200.0,4500.0,0.5134,0.0
DB01_to_DK03#alt1,1,10,1250.0,4550.0,0.5134,0.0
DB01_to_DK03#alt1,1,11,1200.0,4600.0,0.5134,0.0
DB01_to_DK03#alt1,1,12,1250.0,4650.0,0.5134,0.0
DB01_to_DK03#alt1,1,13,1300.0,4700.0,0.5903,0.0
DB01_to_DK03#alt1,1,14,1350.0,4750.0,0.6241,0.0
DB01_to_DK03#alt1,1,15,1400.0,4800.0,0.5903,0.0
DB01_to_DK03#alt1,1,16,1450.0,4800.0,0.6065,0.0
DB01_to_DK03#alt1,1,17,1500.0,4850.0,0.5134,0.0
DB01_to_DK03#alt1,1,18,1550.0,4800.0,0.6065,0.0
DB01_to_DK03#alt1,1,19,1600.0,4850.0,0.503,0.0
DB01_to_DK03#alt1,1,20,1650.0,4900.0,0.4931,0.0
DB01_to_DK03#alt1,1,21,1700.0,4900.0,0.5483,0.0
DB01_to_DK03#alt1,1,22,1750.0,4900.0,0.6241,0.0
DB01_to_DK03#alt1,1,23,1800.0,4950.0,0.5903,0.0
DB01_to_DK03#alt1,1,24,1850.0,4950.0,0.6065,0.0
DB01_to_DK03#alt1,1,25,1900.0,4950.0,0.6065,0.0
DB01_to_DK03#alt1,1,26,1950.0,4950.0,0.6065,0.0
DB01_to_DK03#alt1,1,27,2000.0,4950.0,0.6065,0.0
DB01_to_DK03#alt1,1,28,2050.0,4950.0,0.5903,0.0
DB01_to_DK03#alt1,1,29,2100.0,4900.0,0.6241,0.0
DB01_to_DK03#alt1,1,30,2150.0,4850.0,0.6241,0.0
DB01_to_DK03#alt1,1,31,2200.0,4800.0,0.6241,0.0
DB01_to_DK03#alt1,1,32,2250.0,4750.0,0.5903,0.0
DB01_to_DK03#alt1,1,33,2200.0,4700.0,0.7165,0.0
DB01_to_DK03#alt1,1,34,2200.0,4650.0,0.7165,0.0
DB01_to_DK03#alt1,1,35,2200.0,4600.0,0.7165,0.0
DB01_to_DK03#alt1,1,36,2250.0,4550.0,0.5903,0.0
DB01_to_DK03#alt1,1,37,2250.0,4500.0,0.5483,0.0
DB01_to_DK03#alt1,1,38,2300.0,4450.0,0.5134,0.0
DB01_to_DK03#alt1,1,39,2350.0,4400.0,0.6065,0.0
DB01_to_DK03#alt1,1,40,2350.0,4350.0,0.6065,0.0
DB01_to_DK03#alt1,1,41,2400.0,4300.0,0.6889,0.0
DB01_to_DK03#alt1,1,42,2450.0,4250.0,0.6889,0.0
DB01_to_DK03#alt1,1,43,2500.0,4200.0,0.6065,0.0
DB01_to_DK03#alt1,1,44,2550.0,4150.0,0.503,0.0
DB01_to_DK03#alt1,1,45,2550.0,4100.0,0.4275,0.0
DB01_to_DK03#alt1,1,46,2550.0,4050.0,0.3628,0.0
DB01_to_DK03#alt2,2,0,750.0,4200.0,0.7165,0.0
DB01_to_DK03#alt2,2,1,800.0,4250.0,0.5903,0.0
DB01_to_DK03#alt2,2,2,850.0,4300.0,0.6065,0.0
DB01_to_DK03#alt2,2,3,900.0,4350.0,0.7165,0.0
DB01_to_DK03#alt2,2,4,950.0,4350.0,0.7165,0.0
DB01_to_DK03#alt2,2,5,1000.0,4350.0,0.6889,0.0
DB01_to_DK03#alt2,2,6,1050.0,4400.0,0.6889,0.0
DB01_to_DK03#alt2,2,7,1100.0,4450.0,0.6889,0.0
DB01_to_DK03#alt2,2,8,1100.0,4500.0,0.7165,0.0
DB01_to_DK03#alt2,2,9,1100.0,4550.0,0.7165,0.0
DB01_to_DK03#alt2,2,10,1100.0,4600.0,0.7165,0.0
DB01_to_DK03#alt2,2,11,1100.0,4650.0,0.6889,0.0
DB01_to_DK03#alt2,2,12,1100.0,4700.0,0.6241,0.0
DB01_to_DK03#alt2,2,13,1150.0,4750.0,0.4931,0.0
DB01_to_DK03#alt2,2,14,1200.0,4800.0,0.3895,0.0
DB01_to_DK03#alt2,2,15,1250.0,4850.0,0.3895,0.0
DB01_to_DK03#alt2,2,16,1300.0,4850.0,0.4346,0.0
DB01_to_DK03#alt2,2,17,1350.0,4850.0,0.4746,0.0
DB01_to_DK03#alt2,2,18,1400.0,4850.0,0.503,0.0
DB01_to_DK03#alt2,2,19,1450.0,4800.0,0.6065,0.0
DB01_to_DK03#alt2,2,20,1500.0,4800.0,0.6065,0.0
DB01_to_DK03#alt2,2,21,1550.0,4800.0,0.6065,0.0
DB01_to_DK03#alt2,2,22,1600.0,4800.0,0.5903,0.0
DB01_to_DK03#alt2,2,23,1650.0,4850.0,0.5483,0.0
DB01_to_DK03#alt2,2,24,1700.0,4900.0,0.5483,0.0
DB01_to_DK03#alt2,2,25,1750.0,4900.0,0.6241,0.0
DB01_to_DK03#alt2,2,26,1800.0,4900.0,0.6889,0.0
DB01_to_DK03#alt2,2,27,1850.0,4900.0,0.7165,0.0
DB01_to_DK03#alt2,2,28,1900.0,4950.0,0.6065,0.0
DB01_to_DK03#alt2,2,29,1950.0,4950.0,0.6065,0.0
DB01_to_DK03#alt2,2,30,2000.0,4950.0,0.6065,0.0
DB01_to_DK03#alt2,2,31,2050.0,4950.0,0.5903,0.0
DB01_to_DK03#alt2,2,32,2100.0,4950.0,0.5483,0.0
DB01_to_DK03#alt2,2,33,2150.0,4900.0,0.5483,0.0
DB01_to_DK03#alt2,2,34,2200.0,4850.0,0.5483,0.0
DB01_to_DK03#alt2,2,35,2250.0,4800.0,0.5483,0.0
DB01_to_DK03#alt2,2,36,2300.0,4750.0,0.503,0.0
DB01_to_DK03#alt2,2,37,2350.0,4700.0,0.4346,0.0
DB01_to_DK03#alt2,2,38,2400.0,4650.0,0.4746,0.0
DB01_to_DK03#alt2,2,39,2450.0,4600.0,0.5903,0.0
DB01_to_DK03#alt2,2,40,2500.0,4550.0,0.7165,0.0
DB01_to_DK03#alt2,2,41,2550.0,4550.0,0.7165,0.0
DB01_to_DK03#alt2,2,42,2600.0,4550.0,0.6889,0.0
DB01_to_DK03#alt2,2,43,2650.0,4500.0,0.6889,0.0
DB01_to_DK03#alt2,2,44,2650.0,4450.0,0.7165,0.0
DB01_to_DK03#alt2,2,45,2650.0,4400.0,0.7165,0.0
DB01_to_DK03#alt2,2,46,2700.0,4350.0,0.5903,0.0
DB01_to_DK03#alt2,2,47,2750.0,4300.0,0.4746,0.0
DB01_to_DK03#alt2,2,48,2800.0,4250.0,0.5483,0.0
DB01_to_DK03#alt2,2,49,2750.0,4200.0,0.503,0.0
DB01_to_DK03#alt2,2,50,2700.0,4150.0,0.4346,0.0
DB01_to_DK03#alt2,2,51,2650.0,4100.0,0.3784,0.0
DB01_to_DK03#alt2,2,52,2600.0,4050.0,0.3485,0.0
DB01_to_DK03#alt2,2,53,2550.0,4050.0,0.3628,0.0
DB01_to_DK03#alt3,3,0,750.0,4200.0,0.7165,0.0
DB01_to_DK03#alt3,3,1,800.0,4250.0,0.5903,0.0
DB01_to_DK03#alt3,3,2,850.0,4300.0,0.6065,0.0
DB01_to_DK03#alt3,3,3,900.0,4350.0,0.7165,0.0
DB01_to_DK03#alt3,3,4,950.0,4300.0,0.6889,0.0
DB01_to_DK03#alt3,3,5,1000.0,4350.0,0.6889,0.0
DB01_to_DK03#alt3,3,6,1050.0,4350.0,0.6241,0.0
DB01_to_DK03#alt3,3,7,1100.0,4350.0,0.6889,0.0
DB01_to_DK03#alt3,3,8,1150.0,4350.0,0.7165,0.0
DB01_to_DK03#alt3,3,9,1200.0,4400.0,0.6065,0.0
DB01_to_DK03#alt3,3,10,1250.0,4450.0,0.5134,0.0
DB01_to_DK03#alt3,3,11,1300.0,4500.0,0.5903,0.0
DB01_to_DK03#alt3,3,12,1350.0,4550.0,0.7165,0.0
DB01_to_DK03#alt3,3,13,1350.0,4600.0,0.7165,0.0
DB01_to_DK03#alt3,3,14,1350.0,4650.0,0.7165,0.0
DB01_to_DK03#alt3,3,15,1350.0,4700.0,0.6889,0.0
DB01_to_DK03#alt3,3,16,1400.0,4750.0,0.6889,0.0
DB01_to_DK03#alt3,3,17,1450.0,4750.0,0.7165,0.0
DB01_to_DK03#alt3,3,18,1500.0,4750.0,0.7165,0.0
DB01_to_DK03#alt3,3,19,1550.0,4750.0,0.7165,0.0
DB01_to_DK03#alt3,3,20,1600.0,4800.0,0.5903,0.0
DB01_to_DK03#alt3,3,21,1650.0,4850.0,0.5483,0.0
DB01_to_DK03#alt3,3,22,1700.0,4850.0,0.6241,0.0
DB01_to_DK03#alt3,3,23,1750.0,4900.0,0.6241,0.0
DB01_to_DK03#alt3,3,24,1800.0,4900.0,0.6889,0.0
DB01_to_DK03#alt3,3,25,1850.0,4900.0,0.7165,0.0
DB01_to_DK03#alt3,3,26,1900.0,4900.0,0.7165,0.0
DB01_to_DK03#alt3,3,27,1950.0,4900.0,0.7165,0.0
DB01_to_DK03#alt3,3,28,2000.0,4950.0,0.6065,0.0
DB01_to_DK03#alt3,3,29,2050.0,4950.0,0.5903,0.0
DB01_to_DK03#alt3,3,30,2100.0,4950.0,0.5483,0.0
DB01_to_DK03#alt3,3,31,2150.0,4900.0,0.5483,0.0
DB01_to_DK03#alt3,3,32,2200.0,4850.0,0.5483,0.0
DB01_to_DK03#alt3,3,33,2250.0,4800.0,0.5483,0.0
DB01_to_DK03#alt3,3,34,2300.0,4750.0,0.503,0.0
DB01_to_DK03#alt3,3,35,2300.0,4700.0,0.5134,0.0
DB01_to_DK03#alt3,3,36,2250.0,4650.0,0.6065,0.0
DB01_to_DK03#alt3,3,37,2200.0,4600.0,0.7165,0.0
DB01_to_DK03#alt3,3,38,2200.0,4550.0,0.6889,0.0
DB01_to_DK03#alt3,3,39,2200.0,4500.0,0.6241,0.0
DB01_to_DK03#alt3,3,40,2200.0,4450.0,0.5483,0.0
DB01_to_DK03#alt3,3,41,2200.0,4400.0,0.4931,0.0
DB01_to_DK03#alt3,3,42,2250.0,4350.0,0.4346,0.0
DB01_to_DK03#alt3,3,43,2300.0,4300.0,0.503,0.0
DB01_to_DK03#alt3,3,44,2300.0,4250.0,0.4746,0.0
DB01_to_DK03#alt3,3,45,2300.0,4200.0,0.4346,0.0
DB01_to_DK03#alt3,3,46,2350.0,4150.0,0.4346,0.0
DB01_to_DK03#alt3,3,47,2400.0,4100.0,0.4076,0.0
DB01_to_DK03#alt3,3,48,2450.0,4050.0,0.3628,0.0
DB01_to_DK03#alt3,3,49,2500.0,4050.0,0.3679,0.0
DB01_to_DK03#alt3,3,50,2550.0,4050.0,0.3628,0.0
DB01_to_DK03#alt4,4,0,750.0,4200.0,0.7165,0.0
DB01_to_DK03#alt4,4,1,750.0,4250.0,0.6889,0.0
DB01_to_DK03#alt4,4,2,700.0,4300.0,0.6889,0.0
DB01_to_DK03#alt4,4,3,650.0,4350.0,0.6889,0.0
DB01_to_DK03#alt4,4,4,600.0,4400.0,0.6889,0.0
DB01_to_DK03#alt4,4,5,550.0,4450.0,0.6241,0.0
DB01_to_DK03#alt4,4,6,500.0,4500.0,0.5903,0.0
DB01_to_DK03#alt4,4,7,450.0,4550.0,0.5134,0.0
DB01_to_DK03#alt4,4,8,400.0,4600.0,0.4275,0.0
DB01_to_DK03#alt4,4,9,350.0,4600.0,0.4076,0.0
DB01_to_DK03#alt4,4,10,300.0,4600.0,0.3784,0.0
DB01_to_DK03#alt4,4,11,250.0,4550.0,0.4076,0.0
DB01_to_DK03#alt4,4,12,200.0,4500.0,0.4346,0.0
DB01_to_DK03#alt4,4,13,150.0,4450.0,0.4346,0.0
DB01_to_DK03#alt4,4,14,150.0,4400.0,0.4931,0.0
DB01_to_DK03#alt4,4,15,100.0,4350.0,0.4746,0.0
DB01_to_DK03#alt4,4,16,100.0,4300.0,0.503,0.0
DB01_to_DK03#alt4,4,17,100.0,4250.0,0.5134,0.0
DB01_to_DK03#alt4,4,18,150.0,4200.0,0.6065,0.0
DB01_to_DK03#alt4,4,19,200.0,4150.0,0.7165,0.0
DB01_to_DK03#alt4,4,20,150.0,4100.0,0.6065,0.0
DB01_to_DK03#alt4,4,21,150.0,4050.0,0.6065,0.0
DB01_to_DK03#alt4,4,22,150.0,4000.0,0.5903,0.0
DB01_to_DK03#alt4,4,23,200.0,3950.0,0.6241,0.0
DB01_to_DK03#alt4,4,24,250.0,3900.0,0.6241,0.0
DB01_to_DK03#alt4,4,25,300.0,3850.0,0.5903,0.0
DB01_to_DK03#alt4,4,26,350.0,3800.0,0.5483,0.0
DB01_to_DK03#alt4,4,27,400.0,3750.0,0.503,0.0
DB01_to_DK03#alt4,4,28,450.0,3700.0,0.4346,0.0
DB01_to_DK03#alt4,4,29,500.0,3650.0,0.4076,0.0
DB01_to_DK03#alt4,4,30,500.0,3600.0,0.3784,0.0
DB01_to_DK03#alt4,4,31,550.0,3550.0,0.4275,0.0
DB01_to_DK03#alt4,4,32,600.0,3500.0,0.4746,0.0
DB01_to_DK03#alt4,4,33,650.0,3450.0,0.4931,0.0
DB01_to_DK03#alt4,4,34,650.0,3400.0,0.4346,0.0
DB01_to_DK03#alt4,4,35,650.0,3350.0,0.4931,0.0
DB01_to_DK03#alt4,4,36,650.0,3300.0,0.5483,0.0
DB01_to_DK03#alt4,4,37,650.0,3250.0,0.6241,0.0
DB01_to_DK03#alt4,4,38,650.0,3200.0,0.6889,0.0
DB01_to_DK03#alt4,4,39,600.0,3150.0,0.6241,0.0
DB01_to_DK03#alt4,4,40,550.0,3100.0,0.5903,0.0
DB01_to_DK03#alt4,4,41,600.0,3050.0,0.7165,0.0
DB01_to_DK03#alt4,4,42,600.0,3000.0,0.7165,0.0
DB01_to_DK03#alt4,4,43,550.0,2950.0,0.6065,0.0
DB01_to_DK03#alt4,4,44,550.0,2900.0,0.5903,0.0
DB01_to_DK03#alt4,4,45,600.0,2850.0,0.6241,0.0
DB01_to_DK03#alt4,4,46,600.0,2800.0,0.5903,0.0
DB01_to_DK03#alt4,4,47,650.0,2750.0,0.6241,0.0
DB01_to_DK03#alt4,4,48,700.0,2700.0,0.6241,0.0
DB01_to_DK03#alt4,4,49,750.0,2650.0,0.5903,0.0
DB01_to_DK03#alt4,4,50,800.0,2600.0,0.5134,0.0
DB01_to_DK03#alt4,4,51,850.0,2600.0,0.5134,0.0
DB01_to_DK03#alt4,4,52,900.0,2650.0,0.6065,0.0
DB01_to_DK03#alt4,4,53,950.0,2700.0,0.7165,0.0
DB01_to_DK03#alt4,4,54,1000.0,2700.0,0.7165,0.0
DB01_to_DK03#alt4,4,55,1050.0,2700.0,0.7165,0.0
DB01_to_DK03#alt4,4,56,1100.0,2700.0,0.6889,0.0
DB01_to_DK03#alt4,4,57,1150.0,2750.0,0.6889,0.0
DB01_to_DK03#alt4,4,58,1200.0,2800.0,0.6889,0.0
DB01_to_DK03#alt4,4,59,1250.0,2850.0,0.6889,0.0
DB01_to_DK03#alt4,4,60,1250.0,2900.0,0.7165,0.0
DB01_to_DK03#alt4,4,61,1250.0,2950.0,0.7165,0.0
DB01_to_DK03#alt4,4,62,1250.0,3000.0,0.7165,0.0
DB01_to_DK03#alt4,4,63,1250.0,3050.0,0.7165,0.0
DB01_to_DK03#alt4,4,64,1250.0,3100.0,0.7165,0.0
DB01_to_DK03#alt4,4,65,1250.0,3150.0,0.6889,0.0
DB01_to_DK03#alt4,4,66,1300.0,3200.0,0.5903,0.0
DB01_to_DK03#alt4,4,67,1350.0,3250.0,0.6241,0.0
DB01_to_DK03#alt4,4,68,1400.0,3300.0,0.7165,0.0
DB01_to_DK03#alt4,4,69,1450.0,3250.0,0.5903,0.0
DB01_to_DK03#alt4,4,70,1500.0,3300.0,0.6241,0.0
DB01_to_DK03#alt4,4,71,1550.0,3300.0,0.5483,0.0
DB01_to_DK03#alt4,4,72,1600.0,3250.0,0.4346,0.0
DB01_to_DK03#alt4,4,73,1650.0,3250.0,0.3895,0.0
DB01_to_DK03#alt4,4,74,1700.0,3250.0,0.344,0.0
DB01_to_DK03#alt4,4,75,1750.0,3250.0,0.3077,0.0
DB01_to_DK03#alt4,4,76,1800.0,3250.0,0.2721,0.0
DB01_to_DK03#alt4,4,77,1850.0,3200.0,0.2151,0.0
DB01_to_DK03#alt4,4,78,1900.0,3250.0,0.2151,0.0
DB01_to_DK03#alt4,4,79,1950.0,3250.0,0.1921,0.0
DB01_to_DK03#alt4,4,80,2000.0,3250.0,0.17,0.0
DB01_to_DK03#alt4,4,81,2050.0,3300.0,0.1648,0.0
DB01_to_DK03#alt4,4,82,2100.0,3350.0,0.1551,0.0
DB01_to_DK03#alt4,4,83,2150.0,3400.0,0.1422,0.0
DB01_to_DK03#alt4,4,84,2200.0,3450.0,0.1335,0.0
DB01_to_DK03#alt4,4,85,2250.0,3500.0,0.1432,0.0
DB01_to_DK03#alt4,4,86,2300.0,3550.0,0.1495,0.0
DB01_to_DK03#alt4,4,87,2350.0,3600.0,0.1517,0.0
DB01_to_DK03#alt4,4,88,2400.0,3650.0,0.1495,0.0
DB01_to_DK03#alt4,4,89,2450.0,3700.0,0.1432,0.0
DB01_to_DK03#alt4,4,90,2500.0,3750.0,0.1432,0.0
DB01_to_DK03#alt4,4,91,2550.0,3800.0,0.1798,0.0
DB01_to_DK03#alt4,4,92,2550.0,3850.0,0.1937,0.0
DB01_to_DK03#alt4,4,93,2550.0,3900.0,0.2211,0.0
DB01_to_DK03#alt4,4,94,2550.0,3950.0,0.2609,0.0
DB01_to_DK03#alt4,4,95,2550.0,4000.0,0.3077,0.0
DB01_to_DK03#alt4,4,96,2550.0,4050.0,0.3628,0.0
DB01_to_DK03#alt5,5,0,750.0,4200.0,0.7165,0.0
DB01_to_DK03#alt5,5,1,750.0,4250.0,0.6889,0.0
DB01_to_DK03#alt5,5,2,700.0,4300.0,0.6889,0.0
DB01_to_DK03#alt5,5,3,650.0,4350.0,0.6889,0.0
DB01_to_DK03#alt5,5,4,600.0,4400.0,0.6889,0.0
DB01_to_DK03#alt5,5,5,600.0,4450.0,0.5903,0.0
DB01_to_DK03#alt5,5,6,600.0,4500.0,0.6065,0.0
DB01_to_DK03#alt5,5,7,600.0,4550.0,0.6065,0.0
DB01_to_DK03#alt5,5,8,600.0,4600.0,0.5903,0.0
DB01_to_DK03#alt5,5,9,600.0,4650.0,0.5483,0.0
DB01_to_DK03#alt5,5,10,550.0,4700.0,0.4346,0.0
DB01_to_DK03#alt5,5,11,600.0,4750.0,0.4746,0.0
DB01_to_DK03#alt5,5,12,650.0,4800.0,0.4931,0.0
DB01_to_DK03#alt5,5,13,700.0,4850.0,0.4746,0.0
DB01_to_DK03#alt5,5,14,750.0,4900.0,0.4275,0.0
DB01_to_DK03#alt5,5,15,800.0,4950.0,0.3679,0.0
DB01_to_DK03#alt5,5,16,850.0,4950.0,0.3679,0.0
DB01_to_DK03#alt5,5,17,900.0,4900.0,0.4346,0.0
DB01_to_DK03#alt5,5,18,950.0,4900.0,0.4346,0.0
DB01_to_DK03#alt5,5,19,1000.0,4900.0,0.4275,0.0
DB01_to_DK03#alt5,5,20,1050.0,4950.0,0.3485,0.0
DB01_to_DK03#alt5,5,21,1100.0,4950.0,0.3269,0.0
DB01_to_DK03#alt5,5,22,1150.0,4950.0,0.3006,0.0
DB01_to_DK03#alt5,5,23,1200.0,4950.0,0.2721,0.0
DB01_to_DK03#alt5,5,24,1250.0,4950.0,0.3006,0.0
DB01_to_DK03#alt5,5,25,1300.0,4950.0,0.3269,0.0
DB01_to_DK03#alt5,5,26,1350.0,4950.0,0.3485,0.0
DB01_to_DK03#alt5,5,27,1400.0,4950.0,0.3628,0.0
DB01_to_DK03#alt5,5,28,1450.0,4950.0,0.3679,0.0
DB01_to_DK03#alt5,5,29,1500.0,4950.0,0.3679,0.0
DB01_to_DK03#alt5,5,30,1550.0,4950.0,0.3679,0.0
DB01_to_DK03#alt5,5,31,1600.0,4950.0,0.3895,0.0
DB01_to_DK03#alt5,5,32,1650.0,4950.0,0.4346,0.0
DB01_to_DK03#alt5,5,33,1700.0,4950.0,0.4931,0.0
DB01_to_DK03#alt5,5,34,1750.0,4900.0,0.6241,0.0
DB01_to_DK03#alt5,5,35,1800.0,4900.0,0.6889,0.0
DB01_to_DK03#alt5,5,36,1850.0,4900.0,0.7165,0.0
DB01_to_DK03#alt5,5,37,1900.0,4900.0,0.7165,0.0
DB01_to_DK03#alt5,5,38,1950.0,4900.0,0.7165,0.0
DB01_to_DK03#alt5,5,39,2000.0,4900.0,0.7165,0.0
DB01_to_DK03#alt5,5,40,2050.0,4950.0,0.5903,0.0
DB01_to_DK03#alt5,5,41,2100.0,4950.0,0.5483,0.0
DB01_to_DK03#alt5,5,42,2150.0,4950.0,0.4931,0.0
DB01_to_DK03#alt5,5,43,2200.0,4900.0,0.4931,0.0
DB01_to_DK03#alt5,5,44,2250.0,4850.0,0.4931,0.0
DB01_to_DK03#alt5,5,45,2300.0,4800.0,0.4746,0.0
DB01_to_DK03#alt5,5,46,2350.0,4750.0,0.4275,0.0
DB01_to_DK03#alt5,5,47,2400.0,4750.0,0.3628,0.0
DB01_to_DK03#alt5,5,48,2450.0,4700.0,0.4275,0.0
DB01_to_DK03#alt5,5,49,2500.0,4650.0,0.5134,0.0
DB01_to_DK03#alt5,5,50,2550.0,4600.0,0.6065,0.0
DB01_to_DK03#alt5,5,51,2600.0,4550.0,0.6889,0.0
DB01_to_DK03#alt5,5,52,2650.0,4500.0,0.6889,0.0
DB01_to_DK03#alt5,5,53,2650.0,4450.0,0.7165,0.0
DB01_to_DK03#alt5,5,54,2650.0,4400.0,0.7165,0.0
DB01_to_DK03#alt5,5,55,2650.0,4350.0,0.6889,0.0
DB01_to_DK03#alt5,5,56,2600.0,4300.0,0.6889,0.0
DB01_to_DK03#alt5,5,57,2550.0,4250.0,0.6889,0.0
DB01_to_DK03#alt5,5,58,2550.0,4200.0,0.5903,0.0
DB01_to_DK03#alt5,5,59,2550.0,4150.0,0.503,0.0
DB01_to_DK03#alt5,5,60,2550.0,4100.0,0.4275,0.0
DB01_to_DK03#alt5,5,61,2550.0,4050.0,0.3628,0.0
DB01_to_DK03#alt6,6,0,750.0,4200.0,0.7165,0.0
DB01_to_DK03#alt6,6,1,800.0,4250.0,0.5903,0.0
DB01_to_DK03#alt6,6,2,850.0,4300.0,0.6065,0.0
DB01_to_DK03#alt6,6,3,900.0,4300.0,0.6241,0.0
DB01_to_DK03#alt6,6,4,950.0,4300.0,0.6889,0.0
DB01_to_DK03#alt6,6,5,1000.0,4300.0,0.7165,0.0
DB01_to_DK03#alt6,6,6,1050.0,4350.0,0.6241,0.0
DB01_to_DK03#alt6,6,7,1100.0,4400.0,0.6241,0.0
DB01_to_DK03#alt6,6,8,1150.0,4450.0,0.5903,0.0
DB01_to_DK03#alt6,6,9,1200.0,4500.0,0.5134,0.0
DB01_to_DK03#alt6,6,10,1250.0,4550.0,0.5134,0.0
DB01_to_DK03#alt6,6,11,1200.0,4600.0,0.5134,0.0
DB01_to_DK03#alt6,6,12,1200.0,4650.0,0.503,0.0
DB01_to_DK03#alt6,6,13,1250.0,4700.0,0.503,0.0
DB01_to_DK03#alt6,6,14,1300.0,4750.0,0.5483,0.0
DB01_to_DK03#alt6,6,15,1350.0,4800.0,0.5483,0.0
DB01_to_DK03#alt6,6,16,1400.0,4850.0,0.503,0.0
DB01_to_DK03#alt6,6,17,1450.0,4900.0,0.4346,0.0
DB01_to_DK03#alt6,6,18,1500.0,4950.0,0.3679,0.0
DB01_to_DK03#alt6,6,19,1550.0,4950.0,0.3679,0.0
DB01_to_DK03#alt6,6,20,1600.0,4950.0,0.3895,0.0
DB01_to_DK03#alt6,6,21,1650.0,4950.0,0.4346,0.0
DB01_to_DK03#alt6,6,22,1700.0,4950.0,0.4931,0.0
DB01_to_DK03#alt6,6,23,1750.0,4950.0,0.5483,0.0
DB01_to_DK03#alt6,6,24,1800.0,4950.0,0.5903,0.0
DB01_to_DK03#alt6,6,25,1850.0,4900.0,0.7165,0.0
DB01_to_DK03#alt6,6,26,1900.0,4900.0,0.7165,0.0
DB01_to_DK03#alt6,6,27,1950.0,4900.0,0.7165,0.0
DB01_to_DK03#alt6,6,28,2000.0,4900.0,0.7165,0.0
DB01_to_DK03#alt6,6,29,2050.0,4900.0,0.6889,0.0
DB01_to_DK03#alt6,6,30,2100.0,4850.0,0.6889,0.0
DB01_to_DK03#alt6,6,31,2150.0,4800.0,0.6889,0.0
DB01_to_DK03#alt6,6,32,2200.0,4750.0,0.6889,0.0
DB01_to_DK03#alt6,6,33,2250.0,4700.0,0.6065,0.0
DB01_to_DK03#alt6,6,34,2300.0,4650.0,0.5134,0.0
DB01_to_DK03#alt6,6,35,2350.0,4600.0,0.4931,0.0
DB01_to_DK03#alt6,6,36,2350.0,4550.0,0.5483,0.0
DB01_to_DK03#alt6,6,37,2350.0,4500.0,0.5903,0.0
DB01_to_DK03#alt6,6,38,2300.0,4450.0,0.5134,0.0
DB01_to_DK03#alt6,6,39,2300.0,4400.0,0.5134,0.0
DB01_to_DK03#alt6,6,40,2350.0,4350.0,0.6065,0.0
DB01_to_DK03#alt6,6,41,2350.0,4300.0,0.5903,0.0
DB01_to_DK03#alt6,6,42,2400.0,4250.0,0.6241,0.0
DB01_to_DK03#alt6,6,43,2450.0,4200.0,0.5903,0.0
DB01_to_DK03#alt6,6,44,2500.0,4150.0,0.5134,0.0
DB01_to_DK03#alt6,6,45,2550.0,4100.0,0.4275,0.0
DB01_to_DK03#alt6,6,46,2550.0,4050.0,0.3628,0.0
DB01_to_DK03#alt7,7,0,750.0,4200.0,0.7165,0.0
DB01_to_DK03#alt7,7,1,750.0,4250.0,0.6889,0.0
DB01_to_DK03#alt7,7,2,700.0,4300.0,0.6889,0.0
DB01_to_DK03#alt7,7,3,650.0,4350.0,0.6889,0.0
DB01_to_DK03#alt7,7,4,600.0,4400.0,0.6889,0.0
DB01_to_DK03#alt7,7,5,550.0,4450.0,0.6241,0.0
DB01_to_DK03#alt7,7,6,500.0,4500.0,0.5903,0.0
DB01_to_DK03#alt7,7,7,450.0,4550.0,0.5134,0.0
DB01_to_DK03#alt7,7,8,400.0,4550.0,0.503,0.0
DB01_to_DK03#alt7,7,9,350.0,4500.0,0.5483,0.0
DB01_to_DK03#alt7,7,10,300.0,4450.0,0.5903,0.0
DB01_to_DK03#alt7,7,11,250.0,4400.0,0.6241,0.0
DB01_to_DK03#alt7,7,12,200.0,4350.0,0.6241,0.0
DB01_to_DK03#alt7,7,13,150.0,4300.0,0.5903,0.0
DB01_to_DK03#alt7,7,14,100.0,4250.0,0.5134,0.0
DB01_to_DK03#alt7,7,15,50.0,4200.0,0.4346,0.0
DB01_to_DK03#alt7,7,16,50.0,4150.0,0.4346,0.0
DB01_to_DK03#alt7,7,17,50.0,4100.0,0.4346,0.0
DB01_to_DK03#alt7,7,18,50.0,4050.0,0.4346,0.0
DB01_to_DK03#alt7,7,19,50.0,4000.0,0.4275,0.0
DB01_to_DK03#alt7,7,20,100.0,3950.0,0.4746,0.0
DB01_to_DK03#alt7,7,21,50.0,3900.0,0.3784,0.0
DB01_to_DK03#alt7,7,22,50.0,3850.0,0.344,0.0
DB01_to_DK03#alt7,7,23,50.0,3800.0,0.3077,0.0
DB01_to_DK03#alt7,7,24,50.0,3750.0,0.2721,0.0
DB01_to_DK03#alt7,7,25,50.0,3700.0,0.2431,0.0
DB01_to_DK03#alt7,7,26,100.0,3650.0,0.2384,0.0
DB01_to_DK03#alt7,7,27,150.0,3600.0,0.2252,0.0
DB01_to_DK03#alt7,7,28,150.0,3550.0,0.1937,0.0
DB01_to_DK03#alt7,7,29,150.0,3500.0,0.1661,0.0
DB01_to_DK03#alt7,7,30,200.0,3450.0,0.1551,0.0
DB01_to_DK03#alt7,7,31,200.0,3400.0,0.1335,0.0
DB01_to_DK03#alt7,7,32,250.0,3350.0,0.1661,0.0
DB01_to_DK03#alt7,7,33,200.0,3300.0,0.1551,0.0
DB01_to_DK03#alt7,7,34,150.0,3250.0,0.1422,0.0
DB01_to_DK03#alt7,7,35,150.0,3200.0,0.1495,0.0
DB01_to_DK03#alt7,7,36,200.0,3150.0,0.1827,0.0
DB01_to_DK03#alt7,7,37,200.0,3100.0,0.1873,0.0
DB01_to_DK03#alt7,7,38,200.0,3050.0,0.1889,0.0
DB01_to_DK03#alt7,7,39,250.0,3000.0,0.2231,0.0
DB01_to_DK03#alt7,7,40,200.0,2950.0,0.1889,0.0
DB01_to_DK03#alt7,7,41,200.0,2900.0,0.1873,0.0
DB01_to_DK03#alt7,7,42,250.0,2850.0,0.2151,0.0
DB01_to_DK03#alt7,7,43,300.0,2800.0,0.2407,0.0
DB01_to_DK03#alt7,7,44,350.0,2750.0,0.2609,0.0
DB01_to_DK03#alt7,7,45,300.0,2700.0,0.2076,0.0
DB01_to_DK03#alt7,7,46,300.0,2650.0,0.1937,0.0
DB01_to_DK03#alt7,7,47,300.0,2600.0,0.1798,0.0
DB01_to_DK03#alt7,7,48,250.0,2550.0,0.1432,0.0
DB01_to_DK03#alt7,7,49,200.0,2500.0,0.1138,0.0
DB01_to_DK03#alt7,7,50,150.0,2450.0,0.0904,0.0
DB01_to_DK03#alt7,7,51,100.0,2400.0,0.0717,0.0
DB01_to_DK03#alt7,7,52,150.0,2350.0,0.074,0.0
DB01_to_DK03#alt7,7,53,150.0,2300.0,0.0663,0.0
DB01_to_DK03#alt7,7,54,150.0,2250.0,0.0591,0.0
DB01_to_DK03#alt7,7,55,200.0,2200.0,0.0591,0.0
DB01_to_DK03#alt7,7,56,250.0,2150.0,0.0585,0.0
DB01_to_DK03#alt7,7,57,300.0,2100.0,0.0717,0.0
DB01_to_DK03#alt7,7,58,350.0,2050.0,0.0904,0.0
DB01_to_DK03#alt7,7,59,400.0,2000.0,0.1138,0.0
DB01_to_DK03#alt7,7,60,450.0,1950.0,0.1432,0.0
DB01_to_DK03#alt7,7,61,500.0,1900.0,0.1798,0.0
DB01_to_DK03#alt7,7,62,550.0,1850.0,0.2252,0.0
DB01_to_DK03#alt7,7,63,600.0,1800.0,0.281,0.0
DB01_to_DK03#alt7,7,64,650.0,1750.0,0.3485,0.0
DB01_to_DK03#alt7,7,65,700.0,1700.0,0.4275,0.0
DB01_to_DK03#alt7,7,66,750.0,1700.0,0.503,0.0
DB01_to_DK03#alt7,7,67,800.0,1700.0,0.5903,0.0
DB01_to_DK03#alt7,7,68,850.0,1750.0,0.6241,0.0
DB01_to_DK03#alt7,7,69,900.0,1800.0,0.6241,0.0
DB01_to_DK03#alt7,7,70,950.0,1850.0,0.5903,0.0
DB01_to_DK03#alt7,7,71,1000.0,1850.0,0.6065,0.0
DB01_to_DK03#alt7,7,72,1050.0,1800.0,0.7165,0.0
DB01_to_DK03#alt7,7,73,1100.0,1800.0,0.7165,0.0
DB01_to_DK03#alt7,7,74,1150.0,1800.0,0.7165,0.0
DB01_to_DK03#alt7,7,75,1200.0,1800.0,0.6889,0.0
DB01_to_DK03#alt7,7,76,1250.0,1750.0,0.6889,0.0
DB01_to_DK03#alt7,7,77,1300.0,1700.0,0.6889,0.0
DB01_to_DK03#alt7,7,78,1350.0,1650.0,0.6065,0.0
DB01_to_DK03#alt7,7,79,1400.0,1600.0,0.5134,0.0
DB01_to_DK03#alt7,7,80,1450.0,1650.0,0.4346,0.0
DB01_to_DK03#alt7,7,81,1500.0,1650.0,0.3679,0.0
DB01_to_DK03#alt7,7,82,1550.0,1600.0,0.3114,0.0
DB01_to_DK03#alt7,7,83,1600.0,1600.0,0.2636,0.0
DB01_to_DK03#alt7,7,84,1650.0,1650.0,0.2407,0.0
DB01_to_DK03#alt7,7,85,1700.0,1650.0,0.2252,0.0
DB01_to_DK03#alt7,7,86,1750.0,1650.0,0.2151,0.0
DB01_to_DK03#alt7,7,87,1800.0,1700.0,0.2407,0.0
DB01_to_DK03#alt7,7,88,1850.0,1700.0,0.281,0.0
DB01_to_DK03#alt7,7,89,1900.0,1750.0,0.3006,0.0
DB01_to_DK03#alt7,7,90,1950.0,1750.0,0.344,0.0
DB01_to_DK03#alt7,7,91,2000.0,1750.0,0.3895,0.0
DB01_to_DK03#alt7,7,92,2050.0,1750.0,0.4346,0.0
DB01_to_DK03#alt7,7,93,2100.0,1800.0,0.4346,0.0
DB01_to_DK03#alt7,7,94,2150.0,1850.0,0.4076,0.0
DB01_to_DK03#alt7,7,95,2200.0,1900.0,0.3784,0.0
DB01_to_DK03#alt7,7,96,2250.0,1950.0,0.3485,0.0
DB01_to_DK03#alt7,7,97,2300.0,2000.0,0.4346,0.0
DB01_to_DK03#alt7,7,98,2350.0,2050.0,0.5483,0.0
DB01_to_DK03#alt7,7,99,2400.0,2100.0,0.6889,0.0
DB01_to_DK03#alt7,7,100,2450.0,2100.0,0.7165,0.0
DB01_to_DK03#alt7,7,101,2500.0,2100.0,0.7165,0.0
DB01_to_DK03#alt7,7,102,2550.0,2100.0,0.7165,0.0
DB01_to_DK03#alt7,7,103,2600.0,2100.0,0.6889,0.0
DB01_to_DK03#alt7,7,104,2650.0,2150.0,0.7165,0.0
DB01_to_DK03#alt7,7,105,2700.0,2150.0,0.6889,0.0
DB01_to_DK03#alt7,7,106,2750.0,2200.0,0.6889,0.0
DB01_to_DK03#alt7,7,107,2800.0,2250.0,0.6889,0.0
DB01_to_DK03#alt7,7,108,2800.0,2300.0,0.7165,0.0
DB01_to_DK03#alt7,7,109,2800.0,2350.0,0.7165,0.0
DB01_to_DK03#alt7,7,110,2850.0,2400.0,0.6065,0.0
DB01_to_DK03#alt7,7,111,2900.0,2450.0,0.5134,0.0
DB01_to_DK03#alt7,7,112,2850.0,2500.0,0.6065,0.0
DB01_to_DK03#alt7,7,113,2850.0,2550.0,0.5903,0.0
DB01_to_DK03#alt7,7,114,2800.0,2600.0,0.6241,0.0
DB01_to_DK03#alt7,7,115,2750.0,2650.0,0.6241,0.0
DB01_to_DK03#alt7,7,116,2750.0,2700.0,0.5903,0.0
DB01_to_DK03#alt7,7,117,2700.0,2750.0,0.6241,0.0
DB01_to_DK03#alt7,7,118,2650.0,2800.0,0.6241,0.0
DB01_to_DK03#alt7,7,119,2600.0,2850.0,0.5903,0.0
DB01_to_DK03#alt7,7,120,2600.0,2900.0,0.503,0.0
DB01_to_DK03#alt7,7,121,2600.0,2950.0,0.4275,0.0
DB01_to_DK03#alt7,7,122,2600.0,3000.0,0.3628,0.0
DB01_to_DK03#alt7,7,123,2600.0,3050.0,0.3077,0.0
DB01_to_DK03#alt7,7,124,2600.0,3100.0,0.2609,0.0
DB01_to_DK03#alt7,7,125,2600.0,3150.0,0.2231,0.0
DB01_to_DK03#alt7,7,126,2650.0,3200.0,0.2636,0.0
DB01_to_DK03#alt7,7,127,2600.0,3250.0,0.2231,0.0
DB01_to_DK03#alt7,7,128,2600.0,3300.0,0.2211,0.0
DB01_to_DK03#alt7,7,129,2600.0,3350.0,0.2151,0.0
DB01_to_DK03#alt7,7,130,2600.0,3400.0,0.2057,0.0
DB01_to_DK03#alt7,7,131,2600.0,3450.0,0.1937,0.0
DB01_to_DK03#alt7,7,132,2600.0,3500.0,0.1798,0.0
DB01_to_DK03#alt7,7,133,2600.0,3550.0,0.1648,0.0
DB01_to_DK03#alt7,7,134,2550.0,3600.0,0.1308,0.0
DB01_to_DK03#alt7,7,135,2550.0,3650.0,0.1344,0.0
DB01_to_DK03#alt7,7,136,2550.0,3700.0,0.1495,0.0
DB01_to_DK03#alt7,7,137,2550.0,3750.0,0.1648,0.0
DB01_to_DK03#alt7,7,138,2550.0,3800.0,0.1798,0.0
DB01_to_DK03#alt7,7,139,2550.0,3850.0,0.1937,0.0
DB01_to_DK03#alt7,7,140,2550.0,3900.0,0.2211,0.0
DB01_to_DK03#alt7,7,141,2550.0,3950.0,0.2609,0.0
DB01_to_DK03#alt7,7,142,2550.0,4000.0,0.3077,0.0
DB01_to_DK03#alt7,7,143,2550.0,4050.0,0.3628,0.0
DB02_to_DK06#alt0,0,0,2150.0,600.0,0.4076,0.0
DB02_to_DK06#alt0,0,1,2200.0,550.0,0.3784,0.0
DB02_to_DK06#alt0,0,2,2250.0,500.0,0.3485,0.0
DB02_to_DK06#alt0,0,3,2250.0,450.0,0.2972,0.0
DB02_to_DK06#alt0,0,4,2300.0,400.0,0.2609,0.0
DB02_to_DK06#alt0,0,5,2350.0,350.0,0.2231,0.0
DB02_to_DK06#alt0,0,6,2400.0,300.0,0.1889,0.0
DB02_to_DK06#alt0,0,7,2450.0,300.0,0.1889,0.0
DB02_to_DK06#alt0,0,8,2500.0,300.0,0.1873,0.0
DB02_to_DK06#alt0,0,9,2550.0,300.0,0.1827,0.0
DB02_to_DK06#alt0,0,10,2600.0,250.0,0.1495,0.0
DB02_to_DK06#alt0,0,11,2650.0,300.0,0.1661,0.0
DB02_to_DK06#alt0,0,12,2700.0,300.0,0.1551,0.0
DB02_to_DK06#alt0,0,13,2750.0,300.0,0.1432,0.0
DB02_to_DK06#alt0,0,14,2800.0,300.0,0.1335,0.0
DB02_to_DK06#alt0,0,15,2850.0,350.0,0.1432,0.0
DB02_to_DK06#alt0,0,16,2900.0,400.0,0.1495,0.0
DB02_to_DK06#alt0,0,17,2950.0,450.0,0.1517,0.0
DB02_to_DK06#alt0,0,18,3000.0,450.0,0.1344,0.0
DB02_to_DK06#alt0,0,19,3050.0,450.0,0.1199,0.0
DB02_to_DK06#alt0,0,20,3100.0,500.0,0.1199,0.0
DB02_to_DK06#alt0,0,21,3150.0,550.0,0.1517,0.0
DB02_to_DK06#alt0,0,22,3200.0,550.0,0.17,0.0
DB02_to_DK06#alt0,0,23,3250.0,550.0,0.1921,0.0
DB02_to_DK06#alt0,0,24,3300.0,600.0,0.2431,0.0
DB02_to_DK06#alt0,0,25,3350.0,650.0,0.3077,0.0
DB02_to_DK06#alt0,0,26,3400.0,700.0,0.3895,0.0
DB02_to_DK06#alt0,0,27,3450.0,750.0,0.4931,0.0
DB02_to_DK06#alt0,0,28,3450.0,800.0,0.5483,0.0
DB02_to_DK06#alt0,0,29,3450.0,850.0,0.6241,0.0
DB02_to_DK06#alt0,0,30,3450.0,900.0,0.6889,0.0
DB02_to_DK06#alt0,0,31,3450.0,950.0,0.7165,0.0
DB02_to_DK06#alt0,0,32,3450.0,1000.0,0.7165,0.0
DB02_to_DK06#alt0,0,33,3400.0,1050.0,0.6065,0.0
DB02_to_DK06#alt0,0,34,3350.0,1050.0,0.5134,0.0
DB02_to_DK06#alt0,0,35,3300.0,1050.0,0.4346,0.0
DB02_to_DK06#alt1,1,0,2150.0,600.0,0.4076,0.0
DB02_to_DK06#alt1,1,1,2200.0,650.0,0.503,0.0
DB02_to_DK06#alt1,1,2,2250.0,700.0,0.6241,0.0
DB02_to_DK06#alt1,1,3,2300.0,650.0,0.5903,0.0
DB02_to_DK06#alt1,1,4,2350.0,650.0,0.6065,0.0
DB02_to_DK06#alt1,1,5,2400.0,650.0,0.6065,0.0
DB02_to_DK06#alt1,1,6,2450.0,650.0,0.6065,0.0
DB02_to_DK06#alt1,1,7,2500.0,650.0,0.5903,0.0
DB02_to_DK06#alt1,1,8,2550.0,600.0,0.4746,0.0
DB02_to_DK06#alt1,1,9,2600.0,600.0,0.4346,0.0
DB02_to_DK06#alt1,1,10,2650.0,600.0,0.4076,0.0
DB02_to_DK06#alt1,1,11,2700.0,650.0,0.4346,0.0
DB02_to_DK06#alt1,1,12,2750.0,700.0,0.4346,0.0
DB02_to_DK06#alt1,1,13,2800.0,750.0,0.4346,0.0
DB02_to_DK06#alt1,1,14,2850.0,800.0,0.4076,0.0
DB02_to_DK06#alt1,1,15,2900.0,850.0,0.3784,0.0
DB02_to_DK06#alt1,1,16,2950.0,900.0,0.3485,0.0
DB02_to_DK06#alt1,1,17,3000.0,950.0,0.3077,0.0
DB02_to_DK06#alt1,1,18,3050.0,1000.0,0.2636,0.0
DB02_to_DK06#alt1,1,19,3100.0,1050.0,0.2231,0.0
DB02_to_DK06#alt1,1,20,3150.0,1050.0,0.2636,0.0
DB02_to_DK06#alt1,1,21,3200.0,1050.0,0.3114,0.0
DB02_to_DK06#alt1,1,22,3250.0,1050.0,0.3679,0.0
DB02_to_DK06#alt1,1,23,3300.0,1050.0,0.4346,0.0
DB02_to_DK06#alt2,2,0,2150.0,600.0,0.4076,0.0
DB02_to_DK06#alt2,2,1,2200.0,550.0,0.3784,0.0
DB02_to_DK06#alt2,2,2,2250.0,550.0,0.4076,0.0
DB02_to_DK06#alt2,2,3,2300.0,500.0,0.3628,0.0
DB02_to_DK06#alt2,2,4,2350.0,500.0,0.3679,0.0
DB02_to_DK06#alt2,2,5,2400.0,500.0,0.3679,0.0
DB02_to_DK06#alt2,2,6,2450.0,500.0,0.3679,0.0
DB02_to_DK06#alt2,2,7,2500.0,500.0,0.3628,0.0
DB02_to_DK06#alt2,2,8,2550.0,500.0,0.3485,0.0
DB02_to_DK06#alt2,2,9,2600.0,500.0,0.3269,0.0
DB02_to_DK06#alt2,2,10,2650.0,500.0,0.3006,0.0
DB02_to_DK06#alt2,2,11,2700.0,550.0,0.3269,0.0
DB02_to_DK06#alt2,2,12,2750.0,550.0,0.3006,0.0
DB02_to_DK06#alt2,2,13,2800.0,600.0,0.3077,0.0
DB02_to_DK06#alt2,2,14,2850.0,650.0,0.3077,0.0
DB02_to_DK06#alt2,2,15,2900.0,700.0,0.3006,0.0
DB02_to_DK06#alt2,2,16,2950.0,750.0,0.281,0.0
DB02_to_DK06#alt2,2,17,3000.0,800.0,0.2609,0.0
DB02_to_DK06#alt2,2,18,3050.0,850.0,0.2407,0.0
DB02_to_DK06#alt2,2,19,3100.0,900.0,0.2211,0.0
DB02_to_DK06#alt2,2,20,3150.0,950.0,0.2636,0.0
DB02_to_DK06#alt2,2,21,3200.0,950.0,0.3114,0.0
DB02_to_DK06#alt2,2,22,3250.0,1000.0,0.3679,0.0
DB02_to_DK06#alt2,2,23,3300.0,1050.0,0.4346,0.0
DB02_to_DK06#alt3,3,0,2150.0,600.0,0.4076,0.0
DB02_to_DK06#alt3,3,1,2150.0,550.0,0.3485,0.0
DB02_to_DK06#alt3,3,2,2200.0,500.0,0.3269,0.0
DB02_to_DK06#alt3,3,3,2200.0,450.0,0.281,0.0
DB02_to_DK06#alt3,3,4,2250.0,400.0,0.253,0.0
DB02_to_DK06#alt3,3,5,2300.0,350.0,0.2211,0.0
DB02_to_DK06#alt3,3,6,2350.0,300.0,0.1889,0.0
DB02_to_DK06#alt3,3,7,2400.0,250.0,0.1599,0.0
DB02_to_DK06#alt3,3,8,2450.0,200.0,0.1353,0.0
DB02_to_DK06#alt3,3,9,2500.0,150.0,0.1138,0.0
DB02_to_DK06#alt3,3,10,2550.0,100.0,0.0947,0.0
DB02_to_DK06#alt3,3,11,2600.0,50.0,0.0781,0.0
DB02_to_DK06#alt3,3,12,2650.0,100.0,0.0883,0.0
DB02_to_DK06#alt3,3,13,2700.0,150.0,0.0981,0.0
DB02_to_DK06#alt3,3,14,2750.0,200.0,0.1069,0.0
DB02_to_DK06#alt3,3,15,2800.0,200.0,0.0987,0.0
DB02_to_DK06#alt3,3,16,2850.0,200.0,0.092,0.0
DB02_to_DK06#alt3,3,17,2900.0,250.0,0.0987,0.0
DB02_to_DK06#alt3,3,18,2950.0,300.0,0.1036,0.0
DB02_to_DK06#alt3,3,19,3000.0,350.0,0.1062,0.0
DB02_to_DK06#alt3,3,20,3050.0,400.0,0.1062,0.0
DB02_to_DK06#alt3,3,21,3100.0,450.0,0.1146,0.0
DB02_to_DK06#alt3,3,22,3150.0,500.0,0.1353,0.0
DB02_to_DK06#alt3,3,23,3200.0,550.0,0.17,0.0
DB02_to_DK06#alt3,3,24,3200.0,600.0,0.1921,0.0
DB02_to_DK06#alt3,3,25,3200.0,650.0,0.2151,0.0
DB02_to_DK06#alt3,3,26,3250.0,700.0,0.2721,0.0
DB02_to_DK06#alt3,3,27,3300.0,750.0,0.344,0.0
DB02_to_DK06#alt3,3,28,3350.0,800.0,0.4346,0.0
DB02_to_DK06#alt3,3,29,3350.0,850.0,0.4746,0.0
DB02_to_DK06#alt3,3,30,3300.0,900.0,0.4275,0.0
DB02_to_DK06#alt3,3,31,3300.0,950.0,0.4346,0.0
DB02_to_DK06#alt3,3,32,3300.0,1000.0,0.4346,0.0
DB02_to_DK06#alt3,3,33,3300.0,1050.0,0.4346,0.0
DB02_to_DK06#alt4,4,0,2150.0,600.0,0.4076,0.0
DB02_to_DK06#alt4,4,1,2200.0,650.0,0.503,0.0
DB02_to_DK06#alt4,4,2,2250.0,700.0,0.6241,0.0
DB02_to_DK06#alt4,4,3,2300.0,700.0,0.6889,0.0
DB02_to_DK06#alt4,4,4,2350.0,700.0,0.7165,0.0
DB02_to_DK06#alt4,4,5,2400.0,700.0,0.7165,0.0
DB02_to_DK06#alt4,4,6,2450.0,700.0,0.7165,0.0
DB02_to_DK06#alt4,4,7,2500.0,700.0,0.6889,0.0
DB02_to_DK06#alt4,4,8,2550.0,700.0,0.6241,0.0
DB02_to_DK06#alt4,4,9,2600.0,700.0,0.5903,0.0
DB02_to_DK06#alt4,4,10,2650.0,750.0,0.6241,0.0
DB02_to_DK06#alt4,4,11,2700.0,800.0,0.6241,0.0
DB02_to_DK06#alt4,4,12,2750.0,850.0,0.5903,0.0
DB02_to_DK06#alt4,4,13,2800.0,900.0,0.5483,0.0
DB02_to_DK06#alt4,4,14,2850.0,950.0,0.503,0.0
DB02_to_DK06#alt4,4,15,2900.0,1000.0,0.4346,0.0
DB02_to_DK06#alt4,4,16,2950.0,1050.0,0.3679,0.0
DB02_to_DK06#alt4,4,17,3000.0,1100.0,0.3114,0.0
DB02_to_DK06#alt4,4,18,3050.0,1050.0,0.2636,0.0
DB02_to_DK06#alt4,4,19,3100.0,1000.0,0.2231,0.0
DB02_to_DK06#alt4,4,20,3150.0,1050.0,0.2636,0.0
DB02_to_DK06#alt4,4,21,3200.0,1050.0,0.3114,0.0
DB02_to_DK06#alt4,4,22,3250.0,1050.0,0.3679,0.0
DB02_to_DK06#alt4,4,23,3300.0,1050.0,0.4346,0.0
DB02_to_DK06#alt5,5,0,2150.0,600.0,0.4076,0.0
DB02_to_DK06#alt5,5,1,2200.0,600.0,0.4346,0.0
DB02_to_DK06#alt5,5,2,2250.0,550.0,0.4076,0.0
DB02_to_DK06#alt5,5,3,2300.0,550.0,0.4275,0.0
DB02_to_DK06#alt5,5,4,2350.0,500.0,0.3679,0.0
DB02_to_DK06#alt5,5,5,2400.0,450.0,0.3114,0.0
DB02_to_DK06#alt5,5,6,2450.0,450.0,0.3114,0.0
DB02_to_DK06#alt5,5,7,2500.0,450.0,0.3077,0.0
DB02_to_DK06#alt5,5,8,2550.0,450.0,0.2972,0.0
DB02_to_DK06#alt5,5,9,2600.0,450.0,0.281,0.0
DB02_to_DK06#alt5,5,10,2650.0,500.0,0.3006,0.0
DB02_to_DK06#alt5,5,11,2700.0,500.0,0.281,0.0
DB02_to_DK06#alt5,5,12,2750.0,550.0,0.3006,0.0
DB02_to_DK06#alt5,5,13,2800.0,550.0,0.2721,0.0
DB02_to_DK06#alt5,5,14,2850.0,600.0,0.2721,0.0
DB02_to_DK06#alt5,5,15,2900.0,650.0,0.2721,0.0
DB02_to_DK06#alt5,5,16,2950.0,700.0,0.2609,0.0
DB02_to_DK06#alt5,5,17,3000.0,750.0,0.2407,0.0
DB02_to_DK06#alt5,5,18,3050.0,800.0,0.2252,0.0
DB02_to_DK06#alt5,5,19,3100.0,850.0,0.2151,0.0
DB02_to_DK06#alt5,5,20,3150.0,900.0,0.2609,0.0
DB02_to_DK06#alt5,5,21,3200.0,950.0,0.3114,0.0
DB02_to_DK06#alt5,5,22,3250.0,1000.0,0.3679,0.0
DB02_to_DK06#alt5,5,23,3300.0,1050.0,0.4346,0.0
DB02_to_DK06#alt6,6,0,2150.0,600.0,0.4076,0.0
DB02_to_DK06#alt6,6,1,2100.0,550.0,0.3269,0.0
DB02_to_DK06#alt6,6,2,2100.0,500.0,0.281,0.0
DB02_to_DK06#alt6,6,3,2150.0,450.0,0.2609,0.0
DB02_to_DK06#alt6,6,4,2200.0,400.0,0.2407,0.0
DB02_to_DK06#alt6,6,5,2200.0,350.0,0.2057,0.0
DB02_to_DK06#alt6,6,6,2250.0,300.0,0.1827,0.0
DB02_to_DK06#alt6,6,7,2300.0,250.0,0.1587,0.0
DB02_to_DK06#alt6,6,8,2350.0,200.0,0.1353,0.0
DB02_to_DK06#alt6,6,9,2400.0,150.0,0.1146,0.0
DB02_to_DK06#alt6,6,10,2450.0,100.0,0.097,0.0
DB02_to_DK06#alt6,6,11,2500.0,50.0,0.0816,0.0
DB02_to_DK06#alt6,6,12,2550.0,50.0,0.0803,0.0
DB02_to_DK06#alt6,6,13,2600.0,50.0,0.0781,0.0
DB02_to_DK06#alt6,6,14,2650.0,50.0,0.0752,0.0
DB02_to_DK06#alt6,6,15,2700.0,100.0,0.0839,0.0
DB02_to_DK06#alt6,6,16,2750.0,100.0,0.079,0.0
DB02_to_DK06#alt6,6,17,2800.0,100.0,0.0736,0.0
DB02_to_DK06#alt6,6,18,2850.0,100.0,0.0681,0.0
DB02_to_DK06#alt6,6,19,2900.0,100.0,0.0634,0.0
DB02_to_DK06#alt6,6,20,2950.0,150.0,0.0681,0.0
DB02_to_DK06#alt6,6,21,3000.0,200.0,0.0717,0.0
DB02_to_DK06#alt6,6,22,3050.0,250.0,0.0883,0.0
DB02_to_DK06#alt6,6,23,3100.0,300.0,0.1082,0.0
DB02_to_DK06#alt6,6,24,3150.0,350.0,0.1317,0.0
DB02_to_DK06#alt6,6,25,3200.0,400.0,0.1587,0.0
DB02_to_DK06#alt6,6,26,3250.0,450.0,0.1889,0.0
DB02_to_DK06#alt6,6,27,3300.0,450.0,0.2231,0.0
DB02_to_DK06#alt6,6,28,3350.0,500.0,0.2636,0.0
DB02_to_DK06#alt6,6,29,3400.0,550.0,0.3114,0.0
DB02_to_DK06#alt6,6,30,3450.0,600.0,0.3679,0.0
DB02_to_DK06#alt6,6,31,3500.0,650.0,0.4346,0.0
DB02_to_DK06#alt6,6,32,3550.0,700.0,0.503,0.0
DB02_to_DK06#alt6,6,33,3550.0,750.0,0.5903,0.0
DB02_to_DK06#alt6,6,34,3500.0,800.0,0.6241,0.0
DB02_to_DK06#alt6,6,35,3450.0,850.0,0.6241,0.0
DB02_to_DK06#alt6,6,36,3400.0,900.0,0.5903,0.0
DB02_to_DK06#alt6,6,37,3350.0,950.0,0.5134,0.0
DB02_to_DK06#alt6,6,38,3300.0,1000.0,0.4346,0.0
DB02_to_DK06#alt6,6,39,3300.0,1050.0,0.4346,0.0
DB02_to_DK06#alt7,7,0,2150.0,600.0,0.4076,0.0
DB02_to_DK06#alt7,7,1,2200.0,600.0,0.4346,0.0
DB02_to_DK06#alt7,7,2,2250.0,600.0,0.4746,0.0
DB02_to_DK06#alt7,7,3,2300.0,550.0,0.4275,0.0
DB02_to_DK06#alt7,7,4,2350.0,600.0,0.5134,0.0
DB02_to_DK06#alt7,7,5,2400.0,550.0,0.4346,0.0
DB02_to_DK06#alt7,7,6,2450.0,550.0,0.4346,0.0
DB02_to_DK06#alt7,7,7,2500.0,600.0,0.503,0.0
DB02_to_DK06#alt7,7,8,2550.0,650.0,0.5483,0.0
DB02_to_DK06#alt7,7,9,2600.0,600.0,0.4346,0.0
DB02_to_DK06#alt7,7,10,2650.0,600.0,0.4076,0.0
DB02_to_DK06#alt7,7,11,2700.0,600.0,0.3784,0.0
DB02_to_DK06#alt7,7,12,2750.0,600.0,0.344,0.0
DB02_to_DK06#alt7,7,13,2800.0,550.0,0.2721,0.0
DB02_to_DK06#alt7,7,14,2850.0,500.0,0.2151,0.0
DB02_to_DK06#alt7,7,15,2900.0,550.0,0.2151,0.0
DB02_to_DK06#alt7,7,16,2950.0,600.0,0.2151,0.0
DB02_to_DK06#alt7,7,17,3000.0,650.0,0.2076,0.0
DB02_to_DK06#alt7,7,18,3050.0,700.0,0.1937,0.0
DB02_to_DK06#alt7,7,19,3100.0,750.0,0.1937,0.0
DB02_to_DK06#alt7,7,20,3150.0,800.0,0.2407,0.0
DB02_to_DK06#alt7,7,21,3200.0,850.0,0.2972,0.0
DB02_to_DK06#alt7,7,22,3250.0,900.0,0.3628,0.0
DB02_to_DK06#alt7,7,23,3300.0,950.0,0.4346,0.0
DB02_to_DK06#alt7,7,24,3300.0,1000.0,0.4346,0.0
DB02_to_DK06#alt7,7,25,3300.0,1050.0,0.4346,0.0
DB01_to_DK02#alt0,0,0,750.0,4200.0,0.7165,0.0
DB01_to_DK02#alt0,0,1,800.0,4250.0,0.5903,0.0
DB01_to_DK02#alt0,0,2,750.0,4300.0,0.6241,0.0
DB01_to_DK02#alt0,0,3,700.0,4350.0,0.6241,0.0
DB01_to_DK02#alt0,0,4,650.0,4400.0,0.6241,0.0
DB01_to_DK02#alt0,0,5,650.0,4450.0,0.6889,0.0
DB01_to_DK02#alt0,0,6,650.0,4500.0,0.7165,0.0
DB01_to_DK02#alt0,0,7,650.0,4550.0,0.7165,0.0
DB01_to_DK02#alt0,0,8,650.0,4600.0,0.6889,0.0
DB01_to_DK02#alt0,0,9,700.0,4650.0,0.7165,0.0
DB01_to_DK02#alt0,0,10,700.0,4700.0,0.6889,0.0
DB01_to_DK02#alt0,0,11,750.0,4750.0,0.6889,0.0
DB01_to_DK02#alt0,0,12,800.0,4800.0,0.6065,0.0
DB01_to_DK02#alt0,0,13,850.0,4750.0,0.7165,0.0
DB01_to_DK02#alt0,0,14,900.0,4750.0,0.7165,0.0
DB01_to_DK02#alt0,0,15,950.0,4800.0,0.6065,0.0
DB01_to_DK02#alt0,0,16,1000.0,4800.0,0.5903,0.0
DB01_to_DK02#alt0,0,17,1050.0,4800.0,0.5483,0.0
DB01_to_DK02#alt0,0,18,1100.0,4850.0,0.4346,0.0
DB01_to_DK02#alt0,0,19,1150.0,4900.0,0.344,0.0
DB01_to_DK02#alt0,0,20,1200.0,4900.0,0.3077,0.0
DB01_to_DK02#alt0,0,21,1250.0,4900.0,0.344,0.0
DB01_to_DK02#alt0,0,22,1300.0,4900.0,0.3784,0.0
DB01_to_DK02#alt0,0,23,1350.0,4900.0,0.4076,0.0
DB01_to_DK02#alt0,0,24,1400.0,4850.0,0.503,0.0
DB01_to_DK02#alt0,0,25,1450.0,4850.0,0.5134,0.0
DB01_to_DK02#alt0,0,26,1500.0,4900.0,0.4346,0.0
DB01_to_DK02#alt0,0,27,1550.0,4900.0,0.4346,0.0
DB01_to_DK02#alt0,0,28,1600.0,4900.0,0.4346,0.0
DB01_to_DK02#alt0,0,29,1650.0,4950.0,0.4346,0.0
DB01_to_DK02#alt0,0,30,1700.0,4950.0,0.4931,0.0
DB01_to_DK02#alt0,0,31,1750.0,4950.0,0.5483,0.0
DB01_to_DK02#alt0,0,32,1800.0,4950.0,0.5903,0.0
DB01_to_DK02#alt0,0,33,1850.0,4950.0,0.6065,0.0
DB01_to_DK02#alt0,0,34,1900.0,4950.0,0.6065,0.0
DB01_to_DK02#alt0,0,35,1950.0,4950.0,0.6065,0.0
DB01_to_DK02#alt0,0,36,2000.0,4950.0,0.6065,0.0
DB01_to_DK02#alt0,0,37,2050.0,4950.0,0.5903,0.0
DB01_to_DK02#alt0,0,38,2100.0,4950.0,0.5483,0.0
DB01_to_DK02#alt0,0,39,2150.0,4950.0,0.4931,0.0
DB01_to_DK02#alt0,0,40,2200.0,4950.0,0.4346,0.0
DB01_to_DK02#alt0,0,41,2250.0,4900.0,0.4346,0.0
DB01_to_DK02#alt0,0,42,2300.0,4850.0,0.4346,0.0
DB01_to_DK02#alt0,0,43,2350.0,4800.0,0.4076,0.0
DB01_to_DK02#alt0,0,44,2400.0,4800.0,0.3485,0.0
DB01_to_DK02#alt0,0,45,2450.0,4750.0,0.3628,0.0
DB01_to_DK02#alt0,0,46,2500.0,4700.0,0.4346,0.0
DB01_to_DK02#alt0,0,47,2550.0,4700.0,0.4346,0.0
DB01_to_DK02#alt0,0,48,2600.0,4700.0,0.4275,0.0
DB01_to_DK02#alt0,0,49,2650.0,4650.0,0.4746,0.0
DB01_to_DK02#alt0,0,50,2700.0,4650.0,0.4346,0.0
DB01_to_DK02#alt0,0,51,2750.0,4650.0,0.3895,0.0
DB01_to_DK02#alt0,0,52,2800.0,4600.0,0.3784,0.0
DB01_to_DK02#alt0,0,53,2850.0,4550.0,0.3485,0.0
DB01_to_DK02#alt0,0,54,2900.0,4600.0,0.2972,0.0
DB01_to_DK02#alt0,0,55,2950.0,4550.0,0.3628,0.0
DB01_to_DK02#alt0,0,56,3000.0,4550.0,0.3679,0.0
DB01_to_DK02#alt0,0,57,3050.0,4500.0,0.4346,0.0
DB01_to_DK02#alt0,0,58,3100.0,4500.0,0.4346,0.0
DB01_to_DK02#alt0,0,59,3150.0,4500.0,0.4275,0.0
DB01_to_DK02#alt0,0,60,3200.0,4500.0,0.4076,0.0
DB01_to_DK02#alt0,0,61,3250.0,4450.0,0.4346,0.0
DB01_to_DK02#alt0,0,62,3300.0,4450.0,0.4931,0.0
DB01_to_DK02#alt0,0,63,3350.0,4450.0,0.5483,0.0
DB01_to_DK02#alt0,0,64,3400.0,4450.0,0.6241,0.0
DB01_to_DK02#alt0,0,65,3450.0,4500.0,0.5903,0.0
DB01_to_DK02#alt0,0,66,3500.0,4550.0,0.5483,0.0
DB01_to_DK02#alt0,0,67,3550.0,4550.0,0.5903,0.0
DB01_to_DK02#alt0,0,68,3600.0,4550.0,0.6065,0.0
DB01_to_DK02#alt0,0,69,3650.0,4550.0,0.6065,0.0
DB01_to_DK02#alt0,0,70,3700.0,4550.0,0.5903,0.0
DB01_to_DK02#alt0,0,71,3750.0,4500.0,0.6241,0.0
DB01_to_DK02#alt0,0,72,3800.0,4450.0,0.6241,0.0
DB01_to_DK02#alt0,0,73,3850.0,4400.0,0.6241,0.0
DB01_to_DK02#alt0,0,74,3900.0,4350.0,0.5903,0.0
DB01_to_DK02#alt0,0,75,3950.0,4300.0,0.5134,0.0
DB01_to_DK02#alt0,0,76,4000.0,4250.0,0.4931,0.0
DB01_to_DK02#alt0,0,77,4000.0,4200.0,0.5483,0.0
DB01_to_DK02#alt0,0,78,4000.0,4150.0,0.6241,0.0
DB01_to_DK02#alt0,0,79,4000.0,4100.0,0.6889,0.0
DB01_to_DK02#alt0,0,80,4000.0,4050.0,0.7165,0.0
DB01_to_DK02#alt0,0,81,4000.0,4000.0,0.6889,0.0
DB01_to_DK02#alt0,0,82,4050.0,3950.0,0.6889,0.0
DB01_to_DK02#alt0,0,83,4100.0,3900.0,0.6889,0.0
DB01_to_DK02#alt0,0,84,4150.0,3850.0,0.6065,0.0
DB01_to_DK02#alt0,0,85,4200.0,3800.0,0.5134,0.0
DB01_to_DK02#alt0,0,86,4250.0,3750.0,0.4275,0.0
DB01_to_DK02#alt0,0,87,4300.0,3700.0,0.3485,0.0
DB01_to_DK02#alt0,0,88,4350.0,3650.0,0.281,0.0
DB01_to_DK02#alt0,0,89,4400.0,3600.0,0.2252,0.0
DB01_to_DK02#alt0,0,90,4400.0,3550.0,0.1937,0.0
DB01_to_DK02#alt0,0,91,4350.0,3500.0,0.1755,0.0
DB01_to_DK02#alt0,0,92,4350.0,3450.0,0.1495,0.0
DB01_to_DK02#alt0,0,93,4350.0,3400.0,0.1273,0.0
DB01_to_DK02#alt0,0,94,4350.0,3350.0,0.1082,0.0
DB01_to_DK02#alt0,0,95,4350.0,3300.0,0.092,0.0
DB01_to_DK02#alt0,0,96,4350.0,3250.0,0.0781,0.0
DB01_to_DK02#alt0,0,97,4350.0,3200.0,0.0695,0.0
DB01_to_DK02#alt0,0,98,4350.0,3150.0,0.0821,0.0
DB01_to_DK02#alt0,0,99,4300.0,3100.0,0.097,0.0
DB01_to_DK02#alt0,0,100,4250.0,3050.0,0.1138,0.0
DB01_to_DK02#alt0,0,101,4200.0,3000.0,0.1317,0.0
DB01_to_DK02#alt0,0,102,4150.0,3000.0,0.1273,0.0
DB01_to_DK02#alt1,1,0,750.0,4200.0,0.7165,0.0
DB01_to_DK02#alt1,1,1,800.0,4250.0,0.5903,0.0
DB01_to_DK02#alt1,1,2,750.0,4300.0,0.6241,0.0
DB01_to_DK02#alt1,1,3,700.0,4350.0,0.6241,0.0
DB01_to_DK02#alt1,1,4,650.0,4400.0,0.6241,0.0
DB01_to_DK02#alt1,1,5,600.0,4450.0,0.5903,0.0
DB01_to_DK02#alt1,1,6,550.0,4500.0,0.5483,0.0
DB01_to_DK02#alt1,1,7,500.0,4550.0,0.503,0.0
DB01_to_DK02#alt1,1,8,450.0,4600.0,0.4346,0.0
DB01_to_DK02#alt1,1,9,400.0,4650.0,0.3628,0.0
DB01_to_DK02#alt1,1,10,350.0,4650.0,0.3485,0.0
DB01_to_DK02#alt1,1,11,300.0,4600.0,0.3784,0.0
DB01_to_DK02#alt1,1,12,250.0,4550.0,0.4076,0.0
DB01_to_DK02#alt1,1,13,200.0,4500.0,0.4346,0.0
DB01_to_DK02#alt1,1,14,150.0,4450.0,0.4346,0.0
DB01_to_DK02#alt1,1,15,100.0,4400.0,0.4346,0.0
DB01_to_DK02#alt1,1,16,100.0,4350.0,0.4746,0.0
DB01_to_DK02#alt1,1,17,100.0,4300.0,0.503,0.0
DB01_to_DK02#alt1,1,18,100.0,4250.0,0.5134,0.0
DB01_to_DK02#alt1,1,19,100.0,4200.0,0.5134,0.0
DB01_to_DK02#alt1,1,20,100.0,4150.0,0.5134,0.0
DB01_to_DK02#alt1,1,21,100.0,4100.0,0.5134,0.0
DB01_to_DK02#alt1,1,22,100.0,4050.0,0.5134,0.0
DB01_to_DK02#alt1,1,23,100.0,4000.0,0.503,0.0
DB01_to_DK02#alt1,1,24,100.0,3950.0,0.4746,0.0
DB01_to_DK02#alt1,1,25,100.0,3900.0,0.4346,0.0
DB01_to_DK02#alt1,1,26,100.0,3850.0,0.3895,0.0
DB01_to_DK02#alt1,1,27,50.0,3800.0,0.3077,0.0
DB01_to_DK02#alt1,1,28,50.0,3750.0,0.2721,0.0
DB01_to_DK02#alt1,1,29,50.0,3700.0,0.2431,0.0
DB01_to_DK02#alt1,1,30,50.0,3650.0,0.2151,0.0
DB01_to_DK02#alt1,1,31,50.0,3600.0,0.1889,0.0
DB01_to_DK02#alt1,1,32,50.0,3550.0,0.1648,0.0
DB01_to_DK02#alt1,1,33,50.0,3500.0,0.1432,0.0
DB01_to_DK02#alt1,1,34,50.0,3450.0,0.1239,0.0
DB01_to_DK02#alt1,1,35,50.0,3400.0,0.1069,0.0
DB01_to_DK02#alt1,1,36,50.0,3350.0,0.092,0.0
DB01_to_DK02#alt1,1,37,50.0,3300.0,0.0981,0.0
DB01_to_DK02#alt1,1,38,50.0,3250.0,0.1036,0.0
DB01_to_DK02#alt1,1,39,50.0,3200.0,0.1082,0.0
DB01_to_DK02#alt1,1,40,50.0,3150.0,0.1117,0.0
DB01_to_DK02#alt1,1,41,100.0,3100.0,0.1344,0.0
DB01_to_DK02#alt1,1,42,100.0,3050.0,0.1353,0.0
DB01_to_DK02#alt1,1,43,100.0,3000.0,0.1353,0.0
DB01_to_DK02#alt1,1,44,100.0,2950.0,0.1353,0.0
DB01_to_DK02#alt1,1,45,150.0,2900.0,0.1587,0.0
DB01_to_DK02#alt1,1,46,200.0,2850.0,0.1827,0.0
DB01_to_DK02#alt1,1,47,250.0,2800.0,0.2057,0.0
DB01_to_DK02#alt1,1,48,200.0,2750.0,0.1661,0.0
DB01_to_DK02#alt1,1,49,250.0,2700.0,0.1798,0.0
DB01_to_DK02#alt1,1,50,300.0,2650.0,0.1937,0.0
DB01_to_DK02#alt1,1,51,350.0,2600.0,0.2076,0.0
DB01_to_DK02#alt1,1,52,350.0,2550.0,0.1889,0.0
DB01_to_DK02#alt1,1,53,300.0,2500.0,0.1495,0.0
DB01_to_DK02#alt1,1,54,350.0,2450.0,0.1517,0.0
DB01_to_DK02#alt1,1,55,400.0,2400.0,0.1517,0.0
DB01_to_DK02#alt1,1,56,450.0,2350.0,0.1495,0.0
DB01_to_DK02#alt1,1,57,450.0,2300.0,0.1308,0.0
DB01_to_DK02#alt1,1,58,500.0,2250.0,0.1353,0.0
DB01_to_DK02#alt1,1,59,550.0,2200.0,0.1599,0.0
DB01_to_DK02#alt1,1,60,600.0,2150.0,0.1873,0.0
DB01_to_DK02#alt1,1,61,650.0,2100.0,0.2151,0.0
DB01_to_DK02#alt1,1,62,700.0,2150.0,0.2609,0.0
DB01_to_DK02#alt1,1,63,750.0,2100.0,0.2972,0.0
DB01_to_DK02#alt1,1,64,800.0,2050.0,0.3269,0.0
DB01_to_DK02#alt1,1,65,850.0,2000.0,0.3485,0.0
DB01_to_DK02#alt1,1,66,900.0,1950.0,0.4076,0.0
DB01_to_DK02#alt1,1,67,950.0,1950.0,0.4346,0.0
DB01_to_DK02#alt1,1,68,1000.0,1950.0,0.4931,0.0
DB01_to_DK02#alt1,1,69,1050.0,1950.0,0.5483,0.0
DB01_to_DK02#alt1,1,70,1100.0,1950.0,0.6241,0.0
DB01_to_DK02#alt1,1,71,1150.0,1900.0,0.5903,0.0
DB01_to_DK02#alt1,1,72,1200.0,1850.0,0.5903,0.0
DB01_to_DK02#alt1,1,73,1250.0,1900.0,0.6889,0.0
DB01_to_DK02#alt1,1,74,1300.0,1900.0,0.7165,0.0
DB01_to_DK02#alt1,1,75,1350.0,1850.0,0.6065,0.0
DB01_to_DK02#alt1,1,76,1400.0,1850.0,0.6065,0.0
DB01_to_DK02#alt1,1,77,1450.0,1850.0,0.5903,0.0
DB01_to_DK02#alt1,1,78,1500.0,1900.0,0.6241,0.0
DB01_to_DK02#alt1,1,79,1550.0,1950.0,0.6889,0.0
DB01_to_DK02#alt1,1,80,1600.0,2000.0,0.6889,0.0
DB01_to_DK02#alt1,1,81,1650.0,2050.0,0.6889,0.0
DB01_to_DK02#alt1,1,82,1700.0,2050.0,0.5903,0.0
DB01_to_DK02#alt1,1,83,1750.0,2050.0,0.503,0.0
DB01_to_DK02#alt1,1,84,1800.0,2050.0,0.4275,0.0
DB01_to_DK02#alt1,1,85,1850.0,2050.0,0.3628,0.0
DB01_to_DK02#alt1,1,86,1900.0,2050.0,0.3077,0.0
DB01_to_DK02#alt1,1,87,1950.0,2050.0,0.2609,0.0
DB01_to_DK02#alt1,1,88,2000.0,2050.0,0.2431,0.0
DB01_to_DK02#alt1,1,89,2050.0,2050.0,0.2721,0.0
DB01_to_DK02#alt1,1,90,2100.0,2050.0,0.3077,0.0
DB01_to_DK02#alt1,1,91,2150.0,2050.0,0.344,0.0
DB01_to_DK02#alt1,1,92,2200.0,2050.0,0.3895,0.0
DB01_to_DK02#alt1,1,93,2250.0,2000.0,0.3895,0.0
DB01_to_DK02#alt1,1,94,2300.0,1950.0,0.3784,0.0
DB01_to_DK02#alt1,1,95,2350.0,1950.0,0.4076,0.0
DB01_to_DK02#alt1,1,96,2400.0,1950.0,0.4275,0.0
DB01_to_DK02#alt1,1,97,2450.0,1950.0,0.4346,0.0
DB01_to_DK02#alt1,1,98,2500.0,2000.0,0.5134,0.0
DB01_to_DK02#alt1,1,99,2550.0,2050.0,0.6065,0.0
DB01_to_DK02#alt1,1,100,2600.0,2050.0,0.5903,0.0
DB01_to_DK02#alt1,1,101,2650.0,2100.0,0.6241,0.0
DB01_to_DK02#alt1,1,102,2700.0,2100.0,0.5903,0.0
DB01_to_DK02#alt1,1,103,2750.0,2150.0,0.6241,0.0
DB01_to_DK02#alt1,1,104,2800.0,2150.0,0.5483,0.0
DB01_to_DK02#alt1,1,105,2850.0,2100.0,0.5483,0.0
DB01_to_DK02#alt1,1,106,2900.0,2150.0,0.503,0.0
DB01_to_DK02#alt1,1,107,2950.0,2150.0,0.5483,0.0
DB01_to_DK02#alt1,1,108,3000.0,2150.0,0.5903,0.0
DB01_to_DK02#alt1,1,109,3050.0,2150.0,0.6065,0.0
DB01_to_DK02#alt1,1,110,3100.0,2200.0,0.5134,0.0
DB01_to_DK02#alt1,1,111,3150.0,2250.0,0.4346,0.0
DB01_to_DK02#alt1,1,112,3200.0,2300.0,0.3679,0.0
DB01_to_DK02#alt1,1,113,3250.0,2350.0,0.3077,0.0
DB01_to_DK02#alt1,1,114,3300.0,2400.0,0.253,0.0
DB01_to_DK02#alt1,1,115,3350.0,2450.0,0.2057,0.0
DB01_to_DK02#alt1,1,116,3400.0,2500.0,0.1661,0.0
DB01_to_DK02#alt1,1,117,3450.0,2550.0,0.1551,0.0
DB01_to_DK02#alt1,1,118,3450.0,2600.0,0.1798,0.0
DB01_to_DK02#alt1,1,119,3500.0,2650.0,0.1889,0.0
DB01_to_DK02#alt1,1,120,3550.0,2700.0,0.1921,0.0
DB01_to_DK02#alt1,1,121,3600.0,2700.0,0.17,0.0
DB01_to_DK02#alt1,1,122,3650.0,2750.0,0.17,0.0
DB01_to_DK02#alt1,1,123,3700.0,2800.0,0.17,0.0
DB01_to_DK02#alt1,1,124,3750.0,2850.0,0.1648,0.0
DB01_to_DK02#alt1,1,125,3800.0,2900.0,0.1551,0.0
DB01_to_DK02#alt1,1,126,3850.0,2900.0,0.1335,0.0
DB01_to_DK02#alt1,1,127,3900.0,2900.0,0.1183,0.0
DB01_to_DK02#alt1,1,128,3950.0,2900.0,0.1308,0.0
DB01_to_DK02#alt1,1,129,4000.0,2900.0,0.1432,0.0
DB01_to_DK02#alt1,1,130,4050.0,2900.0,0.1551,0.0
DB01_to_DK02#alt1,1,131,4100.0,2900.0,0.1661,0.0
DB01_to_DK02#alt1,1,132,4150.0,2950.0,0.1495,0.0
DB01_to_DK02#alt1,1,133,4150.0,3000.0,0.1273,0.0
DB01_to_DK02#alt2,2,0,750.0,4200.0,0.7165,0.0
DB01_to_DK02#alt2,2,1,800.0,4200.0,0.6241,0.0
DB01_to_DK02#alt2,2,2,850.0,4250.0,0.6241,0.0
DB01_to_DK02#alt2,2,3,900.0,4300.0,0.6241,0.0
DB01_to_DK02#alt2,2,4,950.0,4350.0,0.7165,0.0
DB01_to_DK02#alt2,2,5,1000.0,4350.0,0.6889,0.0
DB01_to_DK02#alt2,2,6,1050.0,4350.0,0.6241,0.0
DB01_to_DK02#alt2,2,7,1100.0,4350.0,0.6889,0.0
DB01_to_DK02#alt2,2,8,1150.0,4350.0,0.7165,0.0
DB01_to_DK02#alt2,2,9,1200.0,4350.0,0.7165,0.0
DB01_to_DK02#alt2,2,10,1250.0,4350.0,0.7165,0.0
DB01_to_DK02#alt2,2,11,1300.0,4350.0,0.6889,0.0
DB01_to_DK02#alt2,2,12,1350.0,4400.0,0.5483,0.0
DB01_to_DK02#alt2,2,13,1350.0,4450.0,0.6241,0.0
DB01_to_DK02#alt2,2,14,1350.0,4500.0,0.6889,0.0
DB01_to_DK02#alt2,2,15,1350.0,4550.0,0.7165,0.0
DB01_to_DK02#alt2,2,16,1350.0,4600.0,0.7165,0.0
DB01_to_DK02#alt2,2,17,1350.0,4650.0,0.7165,0.0
DB01_to_DK02#alt2,2,18,1350.0,4700.0,0.6889,0.0
DB01_to_DK02#alt2,2,19,1400.0,4750.0,0.6889,0.0
DB01_to_DK02#alt2,2,20,1450.0,4750.0,0.7165,0.0
DB01_to_DK02#alt2,2,21,1500.0,4750.0,0.7165,0.0
DB01_to_DK02#alt2,2,22,1550.0,4750.0,0.7165,0.0
DB01_to_DK02#alt2,2,23,1600.0,4750.0,0.6889,0.0
DB01_to_DK02#alt2,2,24,1650.0,4800.0,0.5903,0.0
DB01_to_DK02#alt2,2,25,1700.0,4850.0,0.6241,0.0
DB01_to_DK02#alt2,2,26,1750.0,4900.0,0.6241,0.0
DB01_to_DK02#alt2,2,27,1800.0,4900.0,0.6889,0.0
DB01_to_DK02#alt2,2,28,1850.0,4900.0,0.7165,0.0
DB01_to_DK02#alt2,2,29,1900.0,4900.0,0.7165,0.0
DB01_to_DK02#alt2,2,30,1950.0,4900.0,0.7165,0.0
DB01_to_DK02#alt2,2,31,2000.0,4900.0,0.7165,0.0
DB01_to_DK02#alt2,2,32,2050.0,4900.0,0.6889,0.0
DB01_to_DK02#alt2,2,33,2100.0,4950.0,0.5483,0.0
DB01_to_DK02#alt2,2,34,2150.0,4950.0,0.4931,0.0
DB01_to_DK02#alt2,2,35,2200.0,4950.0,0.4346,0.0
DB01_to_DK02#alt2,2,36,2250.0,4950.0,0.3895,0.0
DB01_to_DK02#alt2,2,37,2300.0,4950.0,0.344,0.0
DB01_to_DK02#alt2,2,38,2350.0,4950.0,0.3077,0.0
DB01_to_DK02#alt2,2,39,2400.0,4950.0,0.2721,0.0
DB01_to_DK02#alt2,2,40,2450.0,4900.0,0.2609,0.0
DB01_to_DK02#alt2,2,41,2500.0,4850.0,0.2636,0.0
DB01_to_DK02#alt2,2,42,2550.0,4800.0,0.3114,0.0
DB01_to_DK02#alt2,2,43,2600.0,4800.0,0.3077,0.0
DB01_to_DK02#alt2,2,44,2650.0,4800.0,0.2972,0.0
DB01_to_DK02#alt2,2,45,2700.0,4800.0,0.281,0.0
DB01_to_DK02#alt2,2,46,2750.0,4750.0,0.3006,0.0
DB01_to_DK02#alt2,2,47,2800.0,4750.0,0.2721,0.0
DB01_to_DK02#alt2,2,48,2850.0,4800.0,0.2151,0.0
DB01_to_DK02#alt2,2,49,2900.0,4750.0,0.2151,0.0
DB01_to_DK02#alt2,2,50,2950.0,4800.0,0.17,0.0
DB01_to_DK02#alt2,2,51,3000.0,4800.0,0.1599,0.0
DB01_to_DK02#alt2,2,52,3050.0,4800.0,0.1599,0.0
DB01_to_DK02#alt2,2,53,3100.0,4850.0,0.1599,0.0
DB01_to_DK02#alt2,2,54,3150.0,4900.0,0.1873,0.0
DB01_to_DK02#alt2,2,55,3200.0,4850.0,0.2231,0.0
DB01_to_DK02#alt2,2,56,3250.0,4850.0,0.2636,0.0
DB01_to_DK02#alt2,2,57,3300.0,4850.0,0.3114,0.0
DB01_to_DK02#alt2,2,58,3350.0,4850.0,0.3679,0.0
DB01_to_DK02#alt2,2,59,3400.0,4850.0,0.4346,0.0
DB01_to_DK02#alt2,2,60,3450.0,4850.0,0.5134,0.0
DB01_to_DK02#alt2,2,61,3500.0,4850.0,0.6065,0.0
DB01_to_DK02#alt2,2,62,3550.0,4900.0,0.6889,0.0
DB01_to_DK02#alt2,2,63,3600.0,4950.0,0.6889,0.0
DB01_to_DK02#alt2,2,64,3650.0,4950.0,0.7165,0.0
DB01_to_DK02#alt2,2,65,3700.0,4950.0,0.7165,0.0
DB01_to_DK02#alt2,2,66,3750.0,4950.0,0.6889,0.0
DB01_to_DK02#alt2,2,67,3800.0,4950.0,0.6241,0.0
DB01_to_DK02#alt2,2,68,3850.0,4950.0,0.5483,0.0
DB01_to_DK02#alt2,2,69,3900.0,4950.0,0.4746,0.0
DB01_to_DK02#alt2,2,70,3950.0,4900.0,0.4275,0.0
DB01_to_DK02#alt2,2,71,4000.0,4850.0,0.3679,0.0
DB01_to_DK02#alt2,2,72,4050.0,4800.0,0.3114,0.0
DB01_to_DK02#alt2,2,73,4100.0,4750.0,0.2636,0.0
DB01_to_DK02#alt2,2,74,4150.0,4750.0,0.2231,0.0
DB01_to_DK02#alt2,2,75,4200.0,4750.0,0.1889,0.0
DB01_to_DK02#alt2,2,76,4250.0,4750.0,0.1599,0.0
DB01_to_DK02#alt2,2,77,4300.0,4700.0,0.1344,0.0
DB01_to_DK02#alt2,2,78,4350.0,4650.0,0.1495,0.0
DB01_to_DK02#alt2,2,79,4400.0,4600.0,0.1661,0.0
DB01_to_DK02#alt2,2,80,4450.0,4550.0,0.1798,0.0
DB01_to_DK02#alt2,2,81,4500.0,4500.0,0.1889,0.0
DB01_to_DK02#alt2,2,82,4550.0,4450.0,0.1921,0.0
DB01_to_DK02#alt2,2,83,4600.0,4400.0,0.1921,0.0
DB01_to_DK02#alt2,2,84,4650.0,4350.0,0.1889,0.0
DB01_to_DK02#alt2,2,85,4700.0,4300.0,0.1798,0.0
DB01_to_DK02#alt2,2,86,4750.0,4250.0,0.1661,0.0
DB01_to_DK02#alt2,2,87,4800.0,4200.0,0.1495,0.0
DB01_to_DK02#alt2,2,88,4850.0,4150.0,0.1317,0.0
DB01_to_DK02#alt2,2,89,4850.0,4100.0,0.1344,0.0
DB01_to_DK02#alt2,2,90,4850.0,4050.0,0.1353,0.0
DB01_to_DK02#alt2,2,91,4850.0,4000.0,0.1344,0.0
DB01_to_DK02#alt2,2,92,4800.0,3950.0,0.1551,0.0
DB01_to_DK02#alt2,2,93,4750.0,3900.0,0.1755,0.0
DB01_to_DK02#alt2,2,94,4700.0,3850.0,0.1937,0.0
DB01_to_DK02#alt2,2,95,4650.0,3800.0,0.2076,0.0
DB01_to_DK02#alt2,2,96,4600.0,3750.0,0.2151,0.0
DB01_to_DK02#alt2,2,97,4550.0,3700.0,0.2151,0.0
DB01_to_DK02#alt2,2,98,4500.0,3650.0,0.2151,0.0
DB01_to_DK02#alt2,2,99,4500.0,3600.0,0.1889,0.0
DB01_to_DK02#alt2,2,100,4500.0,3550.0,0.1648,0.0
DB01_to_DK02#alt2,2,101,4500.0,3500.0,0.1432,0.0
DB01_to_DK02#alt2,2,102,4450.0,3450.0,0.1335,0.0
DB01_to_DK02#alt2,2,103,4450.0,3400.0,0.1146,0.0
DB01_to_DK02#alt2,2,104,4450.0,3350.0,0.0981,0.0
DB01_to_DK02#alt2,2,105,4450.0,3300.0,0.0839,0.0
DB01_to_DK02#alt2,2,106,4450.0,3250.0,0.0717,0.0
DB01_to_DK02#alt2,2,107,4450.0,3200.0,0.0691,0.0
DB01_to_DK02#alt2,2,108,4450.0,3150.0,0.0816,0.0
DB01_to_DK02#alt2,2,109,4450.0,3100.0,0.0964,0.0
DB01_to_DK02#alt2,2,110,4400.0,3050.0,0.1146,0.0
DB01_to_DK02#alt2,2,111,4350.0,3000.0,0.1353,0.0
DB01_to_DK02#alt2,2,112,4300.0,2950.0,0.1599,0.0
DB01_to_DK02#alt2,2,113,4250.0,3000.0,0.1344,0.0
DB01_to_DK02#alt2,2,114,4200.0,3000.0,0.1317,0.0
DB01_to_DK02#alt2,2,115,4150.0,3000.0,0.1273,0.0
DB01_to_DK02#alt3,3,0,750.0,4200.0,0.7165,0.0
DB01_to_DK02#alt3,3,1,750.0,4250.0,0.6889,0.0
DB01_to_DK02#alt3,3,2,700.0,4300.0,0.6889,0.0
DB01_to_DK02#alt3,3,3,650.0,4350.0,0.6889,0.0
DB01_to_DK02#alt3,3,4,600.0,4400.0,0.6889,0.0
DB01_to_DK02#alt3,3,5,550.0,4450.0,0.6241,0.0
DB01_to_DK02#alt3,3,6,500.0,4450.0,0.6889,0.0
DB01_to_DK02#alt3,3,7,450.0,4450.0,0.7165,0.0
DB01_to_DK02#alt3,3,8,400.0,4450.0,0.6889,0.0
DB01_to_DK02#alt3,3,9,350.0,4400.0,0.7165,0.0
DB01_to_DK02#alt3,3,10,300.0,4400.0,0.6889,0.0
DB01_to_DK02#alt3,3,11,250.0,4350.0,0.6889,0.0
DB01_to_DK02#alt3,3,12,200.0,4300.0,0.6889,0.0
DB01_to_DK02#alt3,3,13,200.0,4250.0,0.7165,0.0
DB01_to_DK02#alt3,3,14,200.0,4200.0,0.7165,0.0
DB01_to_DK02#alt3,3,15,200.0,4150.0,0.7165,0.0
DB01_to_DK02#alt3,3,16,200.0,4100.0,0.7165,0.0
DB01_to_DK02#alt3,3,17,200.0,4050.0,0.7165,0.0
DB01_to_DK02#alt3,3,18,200.0,4000.0,0.6889,0.0
DB01_to_DK02#alt3,3,19,250.0,3950.0,0.6889,0.0
DB01_to_DK02#alt3,3,20,300.0,3900.0,0.6889,0.0
DB01_to_DK02#alt3,3,21,350.0,3850.0,0.6241,0.0
DB01_to_DK02#alt3,3,22,400.0,3800.0,0.5903,0.0
DB01_to_DK02#alt3,3,23,450.0,3750.0,0.5134,0.0
DB01_to_DK02#alt3,3,24,500.0,3700.0,0.4346,0.0
DB01_to_DK02#alt3,3,25,450.0,3650.0,0.3679,0.0
DB01_to_DK02#alt3,3,26,450.0,3600.0,0.3269,0.0
DB01_to_DK02#alt3,3,27,450.0,3550.0,0.3077,0.0
DB01_to_DK02#alt3,3,28,450.0,3500.0,0.2972,0.0
DB01_to_DK02#alt3,3,29,450.0,3450.0,0.281,0.0
DB01_to_DK02#alt3,3,30,450.0,3400.0,0.2721,0.0
DB01_to_DK02#alt3,3,31,450.0,3350.0,0.3006,0.0
DB01_to_DK02#alt3,3,32,450.0,3300.0,0.3269,0.0
DB01_to_DK02#alt3,3,33,400.0,3250.0,0.3006,0.0
DB01_to_DK02#alt3,3,34,350.0,3200.0,0.281,0.0
DB01_to_DK02#alt3,3,35,350.0,3150.0,0.2972,0.0
DB01_to_DK02#alt3,3,36,400.0,3100.0,0.3628,0.0
DB01_to_DK02#alt3,3,37,450.0,3050.0,0.4346,0.0
DB01_to_DK02#alt3,3,38,500.0,3000.0,0.5134,0.0
DB01_to_DK02#alt3,3,39,500.0,2950.0,0.5134,0.0
DB01_to_DK02#alt3,3,40,550.0,2900.0,0.5903,0.0
DB01_to_DK02#alt3,3,41,500.0,2850.0,0.4746,0.0
DB01_to_DK02#alt3,3,42,500.0,2800.0,0.4346,0.0
DB01_to_DK02#alt3,3,43,500.0,2750.0,0.4076,0.0
DB01_to_DK02#alt3,3,44,550.0,2700.0,0.4346,0.0
DB01_to_DK02#alt3,3,45,600.0,2650.0,0.4346,0.0
DB01_to_DK02#alt3,3,46,650.0,2600.0,0.4346,0.0
DB01_to_DK02#alt3,3,47,700.0,2600.0,0.4746,0.0
DB01_to_DK02#alt3,3,48,750.0,2600.0,0.503,0.0
DB01_to_DK02#alt3,3,49,800.0,2600.0,0.5134,0.0
DB01_to_DK02#alt3,3,50,850.0,2600.0,0.5134,0.0
DB01_to_DK02#alt3,3,51,900.0,2600.0,0.5134,0.0
DB01_to_DK02#alt3,3,52,950.0,2650.0,0.6065,0.0
DB01_to_DK02#alt3,3,53,1000.0,2650.0,0.6065,0.0
DB01_to_DK02#alt3,3,54,1050.0,2700.0,0.7165,0.0
DB01_to_DK02#alt3,3,55,1100.0,2700.0,0.6889,0.0
DB01_to_DK02#alt3,3,56,1150.0,2750.0,0.6889,0.0
DB01_to_DK02#alt3,3,57,1200.0,2800.0,0.6889,0.0
DB01_to_DK02#alt3,3,58,1250.0,2850.0,0.6889,0.0
DB01_to_DK02#alt3,3,59,1300.0,2900.0,0.6065,0.0
DB01_to_DK02#alt3,3,60,1350.0,2950.0,0.5134,0.0
DB01_to_DK02#alt3,3,61,1400.0,3000.0,0.4346,0.0
DB01_to_DK02#alt3,3,62,1450.0,3000.0,0.3679,0.0
DB01_to_DK02#alt3,3,63,1500.0,3000.0,0.3114,0.0
DB01_to_DK02#alt3,3,64,1550.0,3000.0,0.2636,0.0
DB01_to_DK02#alt3,3,65,1600.0,3000.0,0.2252,0.0
DB01_to_DK02#alt3,3,66,1650.0,3000.0,0.2076,0.0
DB01_to_DK02#alt3,3,67,1700.0,3000.0,0.1889,0.0
DB01_to_DK02#alt3,3,68,1750.0,3000.0,0.17,0.0
DB01_to_DK02#alt3,3,69,1800.0,3050.0,0.17,0.0
DB01_to_DK02#alt3,3,70,1850.0,3100.0,0.17,0.0
DB01_to_DK02#alt3,3,71,1900.0,3150.0,0.17,0.0
DB01_to_DK02#alt3,3,72,1950.0,3200.0,0.17,0.0
DB01_to_DK02#alt3,3,73,2000.0,3250.0,0.17,0.0
DB01_to_DK02#alt3,3,74,2050.0,3250.0,0.1495,0.0
DB01_to_DK02#alt3,3,75,2100.0,3250.0,0.1308,0.0
DB01_to_DK02#alt3,3,76,2150.0,3250.0,0.1138,0.0
DB01_to_DK02#alt3,3,77,2200.0,3300.0,0.1069,0.0
DB01_to_DK02#alt3,3,78,2250.0,3350.0,0.0981,0.0
DB01_to_DK02#alt3,3,79,2300.0,3400.0,0.0987,0.0
DB01_to_DK02#alt3,3,80,2350.0,3400.0,0.092,0.0
DB01_to_DK02#alt3,3,81,2400.0,3400.0,0.1082,0.0
DB01_to_DK02#alt3,3,82,2450.0,3400.0,0.1273,0.0
DB01_to_DK02#alt3,3,83,2500.0,3400.0,0.1495,0.0
DB01_to_DK02#alt3,3,84,2550.0,3400.0,0.1755,0.0
DB01_to_DK02#alt3,3,85,2600.0,3400.0,0.2057,0.0
DB01_to_DK02#alt3,3,86,2650.0,3400.0,0.2407,0.0
DB01_to_DK02#alt3,3,87,2700.0,3400.0,0.281,0.0
DB01_to_DK02#alt3,3,88,2750.0,3400.0,0.3269,0.0
DB01_to_DK02#alt3,3,89,2800.0,3400.0,0.3784,0.0
DB01_to_DK02#alt3,3,90,2850.0,3400.0,0.4346,0.0
DB01_to_DK02#alt3,3,91,2900.0,3400.0,0.4931,0.0
DB01_to_DK02#alt3,3,92,2950.0,3400.0,0.5483,0.0
DB01_to_DK02#alt3,3,93,3000.0,3400.0,0.6241,0.0
DB01_to_DK02#alt3,3,94,3050.0,3400.0,0.6889,0.0
DB01_to_DK02#alt3,3,95,3100.0,3400.0,0.7165,0.0
DB01_to_DK02#alt3,3,96,3150.0,3400.0,0.7165,0.0
DB01_to_DK02#alt3,3,97,3200.0,3400.0,0.7165,0.0
DB01_to_DK02#alt3,3,98,3250.0,3400.0,0.7165,0.0
DB01_to_DK02#alt3,3,99,3300.0,3450.0,0.5903,0.0
DB01_to_DK02#alt3,3,100,3350.0,3400.0,0.6241,0.0
DB01_to_DK02#alt3,3,101,3400.0,3350.0,0.6241,0.0
DB01_to_DK02#alt3,3,102,3450.0,3300.0,0.5903,0.0
DB01_to_DK02#alt3,3,103,3500.0,3300.0,0.503,0.0
DB01_to_DK02#alt3,3,104,3550.0,3300.0,0.4275,0.0
DB01_to_DK02#alt3,3,105,3600.0,3250.0,0.3679,0.0
DB01_to_DK02#alt3,3,106,3650.0,3200.0,0.3114,0.0
DB01_to_DK02#alt3,3,107,3700.0,3150.0,0.2636,0.0
DB01_to_DK02#alt3,3,108,3750.0,3150.0,0.2231,0.0
DB01_to_DK02#alt3,3,109,3800.0,3100.0,0.1873,0.0
DB01_to_DK02#alt3,3,110,3850.0,3050.0,0.1551,0.0
DB01_to_DK02#alt3,3,111,3900.0,3000.0,0.1273,0.0
DB01_to_DK02#alt3,3,112,3950.0,3000.0,0.1082,0.0
DB01_to_DK02#alt3,3,113,4000.0,3000.0,0.1069,0.0
DB01_to_DK02#alt3,3,114,4050.0,3000.0,0.1146,0.0
DB01_to_DK02#alt3,3,115,4100.0,3000.0,0.1215,0.0
DB01_to_DK02#alt3,3,116,4150.0,3000.0,0.1273,0.0
DB01_to_DK02#alt4,4,0,750.0,4200.0,0.7165,0.0
DB01_to_DK02#alt4,4,1,800.0,4250.0,0.5903,0.0
DB01_to_DK02#alt4,4,2,850.0,4300.0,0.6065,0.0
DB01_to_DK02#alt4,4,3,900.0,4350.0,0.7165,0.0
DB01_to_DK02#alt4,4,4,950.0,4350.0,0.7165,0.0
DB01_to_DK02#alt4,4,5,1000.0,4350.0,0.6889,0.0
DB01_to_DK02#alt4,4,6,1050.0,4400.0,0.6889,0.0
DB01_to_DK02#alt4,4,7,1100.0,4450.0,0.6889,0.0
DB01_to_DK02#alt4,4,8,1100.0,4500.0,0.7165,0.0
DB01_to_DK02#alt4,4,9,1100.0,4550.0,0.7165,0.0
DB01_to_DK02#alt4,4,10,1100.0,4600.0,0.7165,0.0
DB01_to_DK02#alt4,4,11,1150.0,4650.0,0.5903,0.0
DB01_to_DK02#alt4,4,12,1200.0,4700.0,0.4746,0.0
DB01_to_DK02#alt4,4,13,1250.0,4750.0,0.4746,0.0
DB01_to_DK02#alt4,4,14,1300.0,4800.0,0.4931,0.0
DB01_to_DK02#alt4,4,15,1350.0,4850.0,0.4746,0.0
DB01_to_DK02#alt4,4,16,1400.0,4850.0,0.503,0.0
DB01_to_DK02#alt4,4,17,1450.0,4850.0,0.5134,0.0
DB01_to_DK02#alt4,4,18,1500.0,4850.0,0.5134,0.0
DB01_to_DK02#alt4,4,19,1550.0,4850.0,0.5134,0.0
DB01_to_DK02#alt4,4,20,1600.0,4900.0,0.4346,0.0
DB01_to_DK02#alt4,4,21,1650.0,4900.0,0.4931,0.0
DB01_to_DK02#alt4,4,22,1700.0,4950.0,0.4931,0.0
DB01_to_DK02#alt4,4,23,1750.0,4950.0,0.5483,0.0
DB01_to_DK02#alt4,4,24,1800.0,4950.0,0.5903,0.0
DB01_to_DK02#alt4,4,25,1850.0,4950.0,0.6065,0.0
DB01_to_DK02#alt4,4,26,1900.0,4900.0,0.7165,0.0
DB01_to_DK02#alt4,4,27,1950.0,4900.0,0.7165,0.0
DB01_to_DK02#alt4,4,28,2000.0,4900.0,0.7165,0.0
DB01_to_DK02#alt4,4,29,2050.0,4900.0,0.6889,0.0
DB01_to_DK02#alt4,4,30,2100.0,4850.0,0.6889,0.0
DB01_to_DK02#alt4,4,31,2150.0,4850.0,0.6241,0.0
DB01_to_DK02#alt4,4,32,2200.0,4900.0,0.4931,0.0
DB01_to_DK02#alt4,4,33,2250.0,4850.0,0.4931,0.0
DB01_to_DK02#alt4,4,34,2300.0,4850.0,0.4346,0.0
DB01_to_DK02#alt4,4,35,2350.0,4850.0,0.3784,0.0
DB01_to_DK02#alt4,4,36,2400.0,4800.0,0.3485,0.0
DB01_to_DK02#alt4,4,37,2450.0,4750.0,0.3628,0.0
DB01_to_DK02#alt4,4,38,2500.0,4700.0,0.4346,0.0
DB01_to_DK02#alt4,4,39,2550.0,4650.0,0.5134,0.0
DB01_to_DK02#alt4,4,40,2600.0,4600.0,0.5903,0.0
DB01_to_DK02#alt4,4,41,2650.0,4550.0,0.6241,0.0
DB01_to_DK02#alt4,4,42,2700.0,4500.0,0.5903,0.0
DB01_to_DK02#alt4,4,43,2750.0,4450.0,0.5134,0.0
DB01_to_DK02#alt4,4,44,2800.0,4400.0,0.4346,0.0
DB01_to_DK02#alt4,4,45,2850.0,4350.0,0.5483,0.0
DB01_to_DK02#alt4,4,46,2850.0,4300.0,0.5903,0.0
DB01_to_DK02#alt4,4,47,2850.0,4250.0,0.6241,0.0
DB01_to_DK02#alt4,4,48,2850.0,4200.0,0.6889,0.0
DB01_to_DK02#alt4,4,49,2850.0,4150.0,0.7165,0.0
DB01_to_DK02#alt4,4,50,2850.0,4100.0,0.6889,0.0
DB01_to_DK02#alt4,4,51,2900.0,4050.0,0.7165,0.0
DB01_to_DK02#alt4,4,52,2900.0,4000.0,0.6889,0.0
DB01_to_DK02#alt4,4,53,2950.0,3950.0,0.6889,0.0
DB01_to_DK02#alt4,4,54,3000.0,3900.0,0.6065,0.0
DB01_to_DK02#alt4,4,55,3050.0,3850.0,0.5134,0.0
DB01_to_DK02#alt4,4,56,3100.0,3800.0,0.4346,0.0
DB01_to_DK02#alt4,4,57,3150.0,3750.0,0.3628,0.0
DB01_to_DK02#alt4,4,58,3200.0,3800.0,0.4076,0.0
DB01_to_DK02#alt4,4,59,3250.0,3800.0,0.3784,0.0
DB01_to_DK02#alt4,4,60,3300.0,3850.0,0.4346,0.0
DB01_to_DK02#alt4,4,61,3350.0,3900.0,0.5483,0.0
DB01_to_DK02#alt4,4,62,3400.0,3900.0,0.6241,0.0
DB01_to_DK02#alt4,4,63,3450.0,3900.0,0.6889,0.0
DB01_to_DK02#alt4,4,64,3500.0,3900.0,0.7165,0.0
DB01_to_DK02#alt4,4,65,3550.0,3900.0,0.7165,0.0
DB01_to_DK02#alt4,4,66,3600.0,3850.0,0.6065,0.0
DB01_to_DK02#alt4,4,67,3650.0,3800.0,0.5134,0.0
DB01_to_DK02#alt4,4,68,3700.0,3750.0,0.4275,0.0
DB01_to_DK02#alt4,4,69,3750.0,3700.0,0.3485,0.0
DB01_to_DK02#alt4,4,70,3800.0,3650.0,0.281,0.0
DB01_to_DK02#alt4,4,71,3850.0,3600.0,0.2252,0.0
DB01_to_DK02#alt4,4,72,3900.0,3550.0,0.1798,0.0
DB01_to_DK02#alt4,4,73,3950.0,3500.0,0.1661,0.0
DB01_to_DK02#alt4,4,74,4000.0,3450.0,0.1495,0.0
DB01_to_DK02#alt4,4,75,4050.0,3400.0,0.1317,0.0
DB01_to_DK02#alt4,4,76,4100.0,3350.0,0.1138,0.0
DB01_to_DK02#alt4,4,77,4150.0,3300.0,0.097,0.0
DB01_to_DK02#alt4,4,78,4150.0,3250.0,0.0821,0.0
DB01_to_DK02#alt4,4,79,4150.0,3200.0,0.0695,0.0
DB01_to_DK02#alt4,4,80,4150.0,3150.0,0.0781,0.0
DB01_to_DK02#alt4,4,81,4150.0,3100.0,0.092,0.0
DB01_to_DK02#alt4,4,82,4150.0,3050.0,0.1082,0.0
DB01_to_DK02#alt4,4,83,4150.0,3000.0,0.1273,0.0
DB01_to_DK02#alt5,5,0,750.0,4200.0,0.7165,0.0
DB01_to_DK02#alt5,5,1,750.0,4250.0,0.6889,0.0
DB01_to_DK02#alt5,5,2,700.0,4300.0,0.6889,0.0
DB01_to_DK02#alt5,5,3,650.0,4350.0,0.6889,0.0
DB01_to_DK02#alt5,5,4,600.0,4400.0,0.6889,0.0
DB01_to_DK02#alt5,5,5,550.0,4450.0,0.6241,0.0
DB01_to_DK02#alt5,5,6,500.0,4500.0,0.5903,0.0
DB01_to_DK02#alt5,5,7,450.0,4500.0,0.6065,0.0
DB01_to_DK02#alt5,5,8,400.0,4450.0,0.6889,0.0
DB01_to_DK02#alt5,5,9,350.0,4450.0,0.6241,0.0
DB01_to_DK02#alt5,5,10,300.0,4400.0,0.6889,0.0
DB01_to_DK02#alt5,5,11,250.0,4350.0,0.6889,0.0
DB01_to_DK02#alt5,5,12,200.0,4300.0,0.6889,0.0
DB01_to_DK02#alt5,5,13,150.0,4250.0,0.6065,0.0
DB01_to_DK02#alt5,5,14,150.0,4200.0,0.6065,0.0
DB01_to_DK02#alt5,5,15,150.0,4150.0,0.6065,0.0
DB01_to_DK02#alt5,5,16,150.0,4100.0,0.6065,0.0
DB01_to_DK02#alt5,5,17,150.0,4050.0,0.6065,0.0
DB01_to_DK02#alt5,5,18,150.0,4000.0,0.5903,0.0
DB01_to_DK02#alt5,5,19,200.0,3950.0,0.6241,0.0
DB01_to_DK02#alt5,5,20,250.0,3900.0,0.6241,0.0
DB01_to_DK02#alt5,5,21,300.0,3850.0,0.5903,0.0
DB01_to_DK02#alt5,5,22,350.0,3800.0,0.5483,0.0
DB01_to_DK02#alt5,5,23,350.0,3750.0,0.4746,0.0
DB01_to_DK02#alt5,5,24,350.0,3700.0,0.4076,0.0
DB01_to_DK02#alt5,5,25,350.0,3650.0,0.3485,0.0
DB01_to_DK02#alt5,5,26,400.0,3600.0,0.3077,0.0
DB01_to_DK02#alt5,5,27,450.0,3550.0,0.3077,0.0
DB01_to_DK02#alt5,5,28,500.0,3500.0,0.3485,0.0
DB01_to_DK02#alt5,5,29,550.0,3450.0,0.3784,0.0
DB01_to_DK02#alt5,5,30,550.0,3400.0,0.344,0.0
DB01_to_DK02#alt5,5,31,600.0,3350.0,0.4346,0.0
DB01_to_DK02#alt5,5,32,550.0,3300.0,0.4346,0.0
DB01_to_DK02#alt5,5,33,550.0,3250.0,0.4746,0.0
DB01_to_DK02#alt5,5,34,550.0,3200.0,0.503,0.0
DB01_to_DK02#alt5,5,35,600.0,3150.0,0.6241,0.0
DB01_to_DK02#alt5,5,36,600.0,3100.0,0.6889,0.0
DB01_to_DK02#alt5,5,37,600.0,3050.0,0.7165,0.0
DB01_to_DK02#alt5,5,38,600.0,3000.0,0.7165,0.0
DB01_to_DK02#alt5,5,39,600.0,2950.0,0.7165,0.0
DB01_to_DK02#alt5,5,40,600.0,2900.0,0.6889,0.0
DB01_to_DK02#alt5,5,41,650.0,2850.0,0.7165,0.0
DB01_to_DK02#alt5,5,42,650.0,2800.0,0.6889,0.0
DB01_to_DK02#alt5,5,43,700.0,2750.0,0.6889,0.0
DB01_to_DK02#alt5,5,44,750.0,2700.0,0.6889,0.0
DB01_to_DK02#alt5,5,45,800.0,2650.0,0.6065,0.0
DB01_to_DK02#alt5,5,46,850.0,2700.0,0.7165,0.0
DB01_to_DK02#alt5,5,47,900.0,2650.0,0.6065,0.0
DB01_to_DK02#alt5,5,48,950.0,2650.0,0.6065,0.0
DB01_to_DK02#alt5,5,49,1000.0,2650.0,0.6065,0.0
DB01_to_DK02#alt5,5,50,1050.0,2650.0,0.6065,0.0
DB01_to_DK02#alt5,5,51,1100.0,2700.0,0.6889,0.0
DB01_to_DK02#alt5,5,52,1150.0,2700.0,0.6241,0.0
DB01_to_DK02#alt5,5,53,1200.0,2750.0,0.6241,0.0
DB01_to_DK02#alt5,5,54,1250.0,2800.0,0.6241,0.0
DB01_to_DK02#alt5,5,55,1300.0,2850.0,0.5903,0.0
DB01_to_DK02#alt5,5,56,1350.0,2900.0,0.5134,0.0
DB01_to_DK02#alt5,5,57,1400.0,2900.0,0.4346,0.0
DB01_to_DK02#alt5,5,58,1450.0,2900.0,0.3679,0.0
DB01_to_DK02#alt5,5,59,1500.0,2900.0,0.3114,0.0
DB01_to_DK02#alt5,5,60,1550.0,2900.0,0.2636,0.0
DB01_to_DK02#alt5,5,61,1600.0,2900.0,0.2231,0.0
DB01_to_DK02#alt5,5,62,1650.0,2900.0,0.1889,0.0
DB01_to_DK02#alt5,5,63,1700.0,2900.0,0.1661,0.0
DB01_to_DK02#alt5,5,64,1750.0,2900.0,0.1551,0.0
DB01_to_DK02#alt5,5,65,1800.0,2950.0,0.1344,0.0
DB01_to_DK02#alt5,5,66,1850.0,3000.0,0.1344,0.0
DB01_to_DK02#alt5,5,67,1900.0,3000.0,0.1199,0.0
DB01_to_DK02#alt5,5,68,1950.0,3000.0,0.1344,0.0
DB01_to_DK02#alt5,5,69,2000.0,3000.0,0.1517,0.0
DB01_to_DK02#alt5,5,70,2050.0,3000.0,0.17,0.0
DB01_to_DK02#alt5,5,71,2100.0,3000.0,0.1889,0.0
DB01_to_DK02#alt5,5,72,2150.0,3050.0,0.1798,0.0
DB01_to_DK02#alt5,5,73,2200.0,3100.0,0.17,0.0
DB01_to_DK02#alt5,5,74,2250.0,3100.0,0.1889,0.0
DB01_to_DK02#alt5,5,75,2300.0,3150.0,0.1798,0.0
DB01_to_DK02#alt5,5,76,2350.0,3100.0,0.2252,0.0
DB01_to_DK02#alt5,5,77,2400.0,3050.0,0.281,0.0
DB01_to_DK02#alt5,5,78,2450.0,3000.0,0.3485,0.0
DB01_to_DK02#alt5,5,79,2500.0,3000.0,0.3628,0.0
DB01_to_DK02#alt5,5,80,2550.0,2950.0,0.4346,0.0
DB01_to_DK02#alt5,5,81,2600.0,2950.0,0.4275,0.0
DB01_to_DK02#alt5,5,82,2650.0,2950.0,0.4076,0.0
DB01_to_DK02#alt5,5,83,2700.0,2900.0,0.4346,0.0
DB01_to_DK02#alt5,5,84,2750.0,2900.0,0.3895,0.0
DB01_to_DK02#alt5,5,85,2800.0,2950.0,0.344,0.0
DB01_to_DK02#alt5,5,86,2850.0,2900.0,0.344,0.0
DB01_to_DK02#alt5,5,87,2900.0,2900.0,0.3895,0.0
DB01_to_DK02#alt5,5,88,2950.0,2950.0,0.4931,0.0
DB01_to_DK02#alt5,5,89,3000.0,2950.0,0.5483,0.0
DB01_to_DK02#alt5,5,90,3050.0,2950.0,0.6241,0.0
DB01_to_DK02#alt5,5,91,3100.0,2950.0,0.6889,0.0
DB01_to_DK02#alt5,5,92,3150.0,2950.0,0.7165,0.0
DB01_to_DK02#alt5,5,93,3200.0,2950.0,0.7165,0.0
DB01_to_DK02#alt5,5,94,3250.0,2900.0,0.5903,0.0
DB01_to_DK02#alt5,5,95,3300.0,2850.0,0.4746,0.0
DB01_to_DK02#alt5,5,96,3350.0,2800.0,0.3784,0.0
DB01_to_DK02#alt5,5,97,3400.0,2750.0,0.3006,0.0
DB01_to_DK02#alt5,5,98,3450.0,2700.0,0.2384,0.0
DB01_to_DK02#alt5,5,99,3500.0,2650.0,0.1889,0.0
DB01_to_DK02#alt5,5,100,3550.0,2600.0,0.1495,0.0
DB01_to_DK02#alt5,5,101,3600.0,2600.0,0.1344,0.0
DB01_to_DK02#alt5,5,102,3650.0,2600.0,0.1199,0.0
DB01_to_DK02#alt5,5,103,3700.0,2550.0,0.1422,0.0
DB01_to_DK02#alt5,5,104,3750.0,2600.0,0.1551,0.0
DB01_to_DK02#alt5,5,105,3800.0,2650.0,0.1648,0.0
DB01_to_DK02#alt5,5,106,3850.0,2700.0,0.17,0.0
DB01_to_DK02#alt5,5,107,3900.0,2750.0,0.17,0.0
DB01_to_DK02#alt5,5,108,3950.0,2800.0,0.17,0.0
DB01_to_DK02#alt5,5,109,4000.0,2800.0,0.1889,0.0
DB01_to_DK02#alt5,5,110,4050.0,2800.0,0.2076,0.0
DB01_to_DK02#alt5,5,111,4100.0,2800.0,0.2252,0.0
DB01_to_DK02#alt5,5,112,4150.0,2850.0,0.2057,0.0
DB01_to_DK02#alt5,5,113,4150.0,2900.0,0.1755,0.0
DB01_to_DK02#alt5,5,114,4150.0,2950.0,0.1495,0.0
DB01_to_DK02#alt5,5,115,4150.0,3000.0,0.1273,0.0
DB01_to_DK02#alt6,6,0,750.0,4200.0,0.7165,0.0
DB01_to_DK02#alt6,6,1,750.0,4250.0,0.6889,0.0
DB01_to_DK02#alt6,6,2,700.0,4300.0,0.6889,0.0
DB01_to_DK02#alt6,6,3,650.0,4350.0,0.6889,0.0
DB01_to_DK02#alt6,6,4,600.0,4400.0,0.6889,0.0
DB01_to_DK02#alt6,6,5,600.0,4450.0,0.5903,0.0
DB01_to_DK02#alt6,6,6,550.0,4500.0,0.5483,0.0
DB01_to_DK02#alt6,6,7,550.0,4550.0,0.5134,0.0
DB01_to_DK02#alt6,6,8,550.0,4600.0,0.503,0.0
DB01_to_DK02#alt6,6,9,550.0,4650.0,0.4746,0.0
DB01_to_DK02#alt6,6,10,550.0,4700.0,0.4346,0.0
DB01_to_DK02#alt6,6,11,500.0,4750.0,0.3485,0.0
DB01_to_DK02#alt6,6,12,450.0,4800.0,0.281,0.0
DB01_to_DK02#alt6,6,13,400.0,4850.0,0.2252,0.0
DB01_to_DK02#alt6,6,14,350.0,4900.0,0.1798,0.0
DB01_to_DK02#alt6,6,15,300.0,4900.0,0.1551,0.0
DB01_to_DK02#alt6,6,16,250.0,4900.0,0.1422,0.0
DB01_to_DK02#alt6,6,17,200.0,4950.0,0.1146,0.0
DB01_to_DK02#alt6,6,18,150.0,4950.0,0.1069,0.0
DB01_to_DK02#alt6,6,19,100.0,4900.0,0.1146,0.0
DB01_to_DK02#alt6,6,20,50.0,4850.0,0.1239,0.0
DB01_to_DK02#alt6,6,21,50.0,4800.0,0.1432,0.0
DB01_to_DK02#alt6,6,22,50.0,4750.0,0.1648,0.0
DB01_to_DK02#alt6,6,23,50.0,4700.0,0.1889,0.0
DB01_to_DK02#alt6,6,24,50.0,4650.0,0.2151,0.0
DB01_to_DK02#alt6,6,25,50.0,4600.0,0.2431,0.0
DB01_to_DK02#alt6,6,26,50.0,4550.0,0.2721,0.0
DB01_to_DK02#alt6,6,27,50.0,4500.0,0.3077,0.0
DB01_to_DK02#alt6,6,28,50.0,4450.0,0.344,0.0
DB01_to_DK02#alt6,6,29,50.0,4400.0,0.3784,0.0
DB01_to_DK02#alt6,6,30,50.0,4350.0,0.4076,0.0
DB01_to_DK02#alt6,6,31,50.0,4300.0,0.4275,0.0
DB01_to_DK02#alt6,6,32,50.0,4250.0,0.4346,0.0
DB01_to_DK02#alt6,6,33,50.0,4200.0,0.4346,0.0
DB01_to_DK02#alt6,6,34,50.0,4150.0,0.4346,0.0
DB01_to_DK02#alt6,6,35,50.0,4100.0,0.4346,0.0
DB01_to_DK02#alt6,6,36,50.0,4050.0,0.4346,0.0
DB01_to_DK02#alt6,6,37,100.0,4000.0,0.503,0.0
DB01_to_DK02#alt6,6,38,150.0,3950.0,0.5483,0.0
DB01_to_DK02#alt6,6,39,150.0,3900.0,0.4931,0.0
DB01_to_DK02#alt6,6,40,200.0,3850.0,0.4931,0.0
DB01_to_DK02#alt6,6,41,250.0,3800.0,0.4746,0.0
DB01_to_DK02#alt6,6,42,250.0,3750.0,0.4076,0.0
DB01_to_DK02#alt6,6,43,250.0,3700.0,0.3485,0.0
DB01_to_DK02#alt6,6,44,250.0,3650.0,0.3006,0.0
DB01_to_DK02#alt6,6,45,250.0,3600.0,0.2609,0.0
DB01_to_DK02#alt6,6,46,250.0,3550.0,0.2252,0.0
DB01_to_DK02#alt6,6,47,250.0,3500.0,0.1937,0.0
DB01_to_DK02#alt6,6,48,300.0,3450.0,0.1755,0.0
DB01_to_DK02#alt6,6,49,300.0,3400.0,0.1798,0.0
DB01_to_DK02#alt6,6,50,250.0,3350.0,0.1661,0.0
DB01_to_DK02#alt6,6,51,250.0,3300.0,0.1798,0.0
DB01_to_DK02#alt6,6,52,250.0,3250.0,0.1937,0.0
DB01_to_DK02#alt6,6,53,200.0,3200.0,0.1755,0.0
DB01_to_DK02#alt6,6,54,150.0,3150.0,0.1551,0.0
DB01_to_DK02#alt6,6,55,100.0,3100.0,0.1344,0.0
DB01_to_DK02#alt6,6,56,50.0,3050.0,0.1146,0.0
DB01_to_DK02#alt6,6,57,50.0,3000.0,0.1146,0.0
DB01_to_DK02#alt6,6,58,100.0,2950.0,0.1353,0.0
DB01_to_DK02#alt6,6,59,100.0,2900.0,0.1344,0.0
DB01_to_DK02#alt6,6,60,100.0,2850.0,0.1317,0.0
DB01_to_DK02#alt6,6,61,100.0,2800.0,0.1273,0.0
DB01_to_DK02#alt6,6,62,100.0,2750.0,0.1215,0.0
DB01_to_DK02#alt6,6,63,100.0,2700.0,0.1146,0.0
DB01_to_DK02#alt6,6,64,150.0,2650.0,0.1239,0.0
DB01_to_DK02#alt6,6,65,200.0,2600.0,0.1335,0.0
DB01_to_DK02#alt6,6,66,200.0,2550.0,0.1239,0.0
DB01_to_DK02#alt6,6,67,250.0,2500.0,0.1308,0.0
DB01_to_DK02#alt6,6,68,200.0,2450.0,0.1036,0.0
DB01_to_DK02#alt6,6,69,250.0,2400.0,0.1062,0.0
DB01_to_DK02#alt6,6,70,250.0,2350.0,0.0947,0.0
DB01_to_DK02#alt6,6,71,200.0,2300.0,0.0748,0.0
DB01_to_DK02#alt6,6,72,150.0,2250.0,0.0591,0.0
DB01_to_DK02#alt6,6,73,150.0,2200.0,0.0524,0.0
DB01_to_DK02#alt6,6,74,150.0,2150.0,0.0467,0.0
DB01_to_DK02#alt6,6,75,150.0,2100.0,0.0469,0.0
DB01_to_DK02#alt6,6,76,200.0,2050.0,0.0588,0.0
DB01_to_DK02#alt6,6,77,250.0,2000.0,0.0736,0.0
DB01_to_DK02#alt6,6,78,300.0,1950.0,0.092,0.0
DB01_to_DK02#alt6,6,79,300.0,1900.0,0.0981,0.0
DB01_to_DK02#alt6,6,80,350.0,1850.0,0.1215,0.0
DB01_to_DK02#alt6,6,81,400.0,1800.0,0.1495,0.0
DB01_to_DK02#alt6,6,82,450.0,1750.0,0.1827,0.0
DB01_to_DK02#alt6,6,83,500.0,1700.0,0.2211,0.0
DB01_to_DK02#alt6,6,84,550.0,1650.0,0.2636,0.0
DB01_to_DK02#alt6,6,85,600.0,1600.0,0.3114,0.0
DB01_to_DK02#alt6,6,86,650.0,1600.0,0.3679,0.0
DB01_to_DK02#alt6,6,87,700.0,1600.0,0.4346,0.0
DB01_to_DK02#alt6,6,88,750.0,1600.0,0.5134,0.0
DB01_to_DK02#alt6,6,89,800.0,1600.0,0.6065,0.0
DB01_to_DK02#alt6,6,90,850.0,1650.0,0.7165,0.0
DB01_to_DK02#alt6,6,91,850.0,1700.0,0.6889,0.0
DB01_to_DK02#alt6,6,92,900.0,1750.0,0.6889,0.0
DB01_to_DK02#alt6,6,93,950.0,1800.0,0.6889,0.0
DB01_to_DK02#alt6,6,94,1000.0,1850.0,0.6065,0.0
DB01_to_DK02#alt6,6,95,1050.0,1850.0,0.6065,0.0
DB01_to_DK02#alt6,6,96,1100.0,1850.0,0.6065,0.0
DB01_to_DK02#alt6,6,97,1150.0,1800.0,0.7165,0.0
DB01_to_DK02#alt6,6,98,1200.0,1800.0,0.6889,0.0
DB01_to_DK02#alt6,6,99,1250.0,1750.0,0.6889,0.0
DB01_to_DK02#alt6,6,100,1300.0,1750.0,0.6241,0.0
DB01_to_DK02#alt6,6,101,1350.0,1700.0,0.5903,0.0
DB01_to_DK02#alt6,6,102,1400.0,1700.0,0.503,0.0
DB01_to_DK02#alt6,6,103,1450.0,1650.0,0.4346,0.0
DB01_to_DK02#alt6,6,104,1500.0,1600.0,0.3679,0.0
DB01_to_DK02#alt6,6,105,1550.0,1550.0,0.3114,0.0
DB01_to_DK02#alt6,6,106,1600.0,1550.0,0.2721,0.0
DB01_to_DK02#alt6,6,107,1650.0,1550.0,0.2431,0.0
DB01_to_DK02#alt6,6,108,1700.0,1550.0,0.2151,0.0
DB01_to_DK02#alt6,6,109,1750.0,1600.0,0.2211,0.0
DB01_to_DK02#alt6,6,110,1800.0,1600.0,0.2609,0.0
DB01_to_DK02#alt6,6,111,1850.0,1600.0,0.3077,0.0
DB01_to_DK02#alt6,6,112,1900.0,1650.0,0.3485,0.0
DB01_to_DK02#alt6,6,113,1950.0,1700.0,0.3784,0.0
DB01_to_DK02#alt6,6,114,2000.0,1700.0,0.4346,0.0
DB01_to_DK02#alt6,6,115,2050.0,1700.0,0.4931,0.0
DB01_to_DK02#alt6,6,116,2100.0,1750.0,0.4931,0.0
DB01_to_DK02#alt6,6,117,2150.0,1800.0,0.4746,0.0
DB01_to_DK02#alt6,6,118,2200.0,1800.0,0.503,0.0
DB01_to_DK02#alt6,6,119,2250.0,1850.0,0.4746,0.0
DB01_to_DK02#alt6,6,120,2300.0,1850.0,0.503,0.0
DB01_to_DK02#alt6,6,121,2350.0,1900.0,0.4346,0.0
DB01_to_DK02#alt6,6,122,2400.0,1900.0,0.4346,0.0
DB01_to_DK02#alt6,6,123,2450.0,1850.0,0.503,0.0
DB01_to_DK02#alt6,6,124,2500.0,1900.0,0.4076,0.0
DB01_to_DK02#alt6,6,125,2550.0,1950.0,0.4346,0.0
DB01_to_DK02#alt6,6,126,2600.0,2000.0,0.503,0.0
DB01_to_DK02#alt6,6,127,2650.0,2050.0,0.5483,0.0
DB01_to_DK02#alt6,6,128,2700.0,2050.0,0.503,0.0
DB01_to_DK02#alt6,6,129,2750.0,2000.0,0.5483,0.0
DB01_to_DK02#alt6,6,130,2800.0,2050.0,0.5483,0.0
DB01_to_DK02#alt6,6,131,2850.0,2050.0,0.6241,0.0
DB01_to_DK02#alt6,6,132,2900.0,2100.0,0.5903,0.0
DB01_to_DK02#alt6,6,133,2950.0,2100.0,0.6241,0.0
DB01_to_DK02#alt6,6,134,3000.0,2100.0,0.6889,0.0
DB01_to_DK02#alt6,6,135,3050.0,2100.0,0.7165,0.0
DB01_to_DK02#alt6,6,136,3100.0,2100.0,0.7165,0.0
DB01_to_DK02#alt6,6,137,3150.0,2100.0,0.7165,0.0
DB01_to_DK02#alt6,6,138,3200.0,2150.0,0.6065,0.0
DB01_to_DK02#alt6,6,139,3250.0,2200.0,0.503,0.0
DB01_to_DK02#alt6,6,140,3300.0,2250.0,0.4076,0.0
DB01_to_DK02#alt6,6,141,3350.0,2300.0,0.3269,0.0
DB01_to_DK02#alt6,6,142,3400.0,2350.0,0.2609,0.0
DB01_to_DK02#alt6,6,143,3450.0,2400.0,0.2076,0.0
DB01_to_DK02#alt6,6,144,3500.0,2450.0,0.1648,0.0
DB01_to_DK02#alt6,6,145,3550.0,2450.0,0.1495,0.0
DB01_to_DK02#alt6,6,146,3600.0,2450.0,0.1344,0.0
DB01_to_DK02#alt6,6,147,3650.0,2450.0,0.1317,0.0
DB01_to_DK02#alt6,6,148,3700.0,2450.0,0.1551,0.0
DB01_to_DK02#alt6,6,149,3750.0,2450.0,0.1827,0.0
DB01_to_DK02#alt6,6,150,3800.0,2500.0,0.2057,0.0
DB01_to_DK02#alt6,6,151,3850.0,2550.0,0.2252,0.0
DB01_to_DK02#alt6,6,152,3900.0,2600.0,0.2384,0.0
DB01_to_DK02#alt6,6,153,3950.0,2650.0,0.2431,0.0
DB01_to_DK02#alt6,6,154,4000.0,2700.0,0.2431,0.0
DB01_to_DK02#alt6,6,155,4050.0,2750.0,0.2384,0.0
DB01_to_DK02#alt6,6,156,4100.0,2800.0,0.2252,0.0
DB01_to_DK02#alt6,6,157,4100.0,2850.0,0.1937,0.0
DB01_to_DK02#alt6,6,158,4150.0,2900.0,0.1755,0.0
DB01_to_DK02#alt6,6,159,4150.0,2950.0,0.1495,0.0
DB01_to_DK02#alt6,6,160,4150.0,3000.0,0.1273,0.0
DB01_to_DK02#alt7,7,0,750.0,4200.0,0.7165,0.0
DB01_to_DK02#alt7,7,1,800.0,4200.0,0.6241,0.0
DB01_to_DK02#alt7,7,2,850.0,4250.0,0.6241,0.0
DB01_to_DK02#alt7,7,3,900.0,4300.0,0.6241,0.0
DB01_to_DK02#alt7,7,4,950.0,4300.0,0.6889,0.0
DB01_to_DK02#alt7,7,5,1000.0,4300.0,0.7165,0.0
DB01_to_DK02#alt7,7,6,1050.0,4350.0,0.6241,0.0
DB01_to_DK02#alt7,7,7,1100.0,4400.0,0.6241,0.0
DB01_to_DK02#alt7,7,8,1150.0,4450.0,0.5903,0.0
DB01_to_DK02#alt7,7,9,1200.0,4500.0,0.5134,0.0
DB01_to_DK02#alt7,7,10,1250.0,4550.0,0.5134,0.0
DB01_to_DK02#alt7,7,11,1300.0,4600.0,0.6065,0.0
DB01_to_DK02#alt7,7,12,1350.0,4650.0,0.7165,0.0
DB01_to_DK02#alt7,7,13,1350.0,4700.0,0.6889,0.0
DB01_to_DK02#alt7,7,14,1400.0,4750.0,0.6889,0.0
DB01_to_DK02#alt7,7,15,1450.0,4750.0,0.7165,0.0
DB01_to_DK02#alt7,7,16,1500.0,4750.0,0.7165,0.0
DB01_to_DK02#alt7,7,17,1550.0,4800.0,0.6065,0.0
DB01_to_DK02#alt7,7,18,1600.0,4750.0,0.6889,0.0
DB01_to_DK02#alt7,7,19,1650.0,4700.0,0.6889,0.0
DB01_to_DK02#alt7,7,20,1700.0,4750.0,0.7165,0.0
DB01_to_DK02#alt7,7,21,1700.0,4800.0,0.6889,0.0
DB01_to_DK02#alt7,7,22,1750.0,4850.0,0.6889,0.0
DB01_to_DK02#alt7,7,23,1800.0,4900.0,0.6889,0.0
DB01_to_DK02#alt7,7,24,1850.0,4950.0,0.6065,0.0
DB01_to_DK02#alt7,7,25,1900.0,4950.0,0.6065,0.0
DB01_to_DK02#alt7,7,26,1950.0,4950.0,0.6065,0.0
DB01_to_DK02#alt7,7,27,2000.0,4900.0,0.7165,0.0
DB01_to_DK02#alt7,7,28,2050.0,4900.0,0.6889,0.0
DB01_to_DK02#alt7,7,29,2100.0,4900.0,0.6241,0.0
DB01_to_DK02#alt7,7,30,2150.0,4900.0,0.5483,0.0
DB01_to_DK02#alt7,7,31,2200.0,4900.0,0.4931,0.0
DB01_to_DK02#alt7,7,32,2250.0,4900.0,0.4346,0.0
DB01_to_DK02#alt7,7,33,2300.0,4900.0,0.3895,0.0
DB01_to_DK02#alt7,7,34,2350.0,4950.0,0.3077,0.0
DB01_to_DK02#alt7,7,35,2400.0,4950.0,0.2721,0.0
DB01_to_DK02#alt7,7,36,2450.0,4900.0,0.2609,0.0
DB01_to_DK02#alt7,7,37,2500.0,4900.0,0.2252,0.0
DB01_to_DK02#alt7,7,38,2550.0,4850.0,0.2636,0.0
DB01_to_DK02#alt7,7,39,2600.0,4800.0,0.3077,0.0
DB01_to_DK02#alt7,7,40,2650.0,4750.0,0.3485,0.0
DB01_to_DK02#alt7,7,41,2700.0,4700.0,0.3784,0.0
DB01_to_DK02#alt7,7,42,2750.0,4700.0,0.344,0.0
DB01_to_DK02#alt7,7,43,2800.0,4700.0,0.3077,0.0
DB01_to_DK02#alt7,7,44,2850.0,4700.0,0.2721,0.0
DB01_to_DK02#alt7,7,45,2900.0,4700.0,0.2384,0.0
DB01_to_DK02#alt7,7,46,2950.0,4700.0,0.2211,0.0
DB01_to_DK02#alt7,7,47,3000.0,4700.0,0.2231,0.0
DB01_to_DK02#alt7,7,48,3050.0,4650.0,0.2636,0.0
DB01_to_DK02#alt7,7,49,3100.0,4650.0,0.2636,0.0
DB01_to_DK02#alt7,7,50,3150.0,4650.0,0.2609,0.0
DB01_to_DK02#alt7,7,51,3200.0,4650.0,0.253,0.0
DB01_to_DK02#alt7,7,52,3250.0,4650.0,0.2721,0.0
DB01_to_DK02#alt7,7,53,3300.0,4650.0,0.3006,0.0
DB01_to_DK02#alt7,7,54,3350.0,4600.0,0.3784,0.0
DB01_to_DK02#alt7,7,55,3400.0,4600.0,0.4076,0.0
DB01_to_DK02#alt7,7,56,3450.0,4600.0,0.4346,0.0
DB01_to_DK02#alt7,7,57,3500.0,4600.0,0.4931,0.0
DB01_to_DK02#alt7,7,58,3550.0,4650.0,0.6241,0.0
DB01_to_DK02#alt7,7,59,3600.0,4650.0,0.6889,0.0
DB01_to_DK02#alt7,7,60,3650.0,4650.0,0.7165,0.0
DB01_to_DK02#alt7,7,61,3700.0,4650.0,0.7165,0.0
DB01_to_DK02#alt7,7,62,3750.0,4650.0,0.6889,0.0
DB01_to_DK02#alt7,7,63,3800.0,4700.0,0.6889,0.0
DB01_to_DK02#alt7,7,64,3850.0,4750.0,0.6065,0.0
DB01_to_DK02#alt7,7,65,3900.0,4800.0,0.5134,0.0
DB01_to_DK02#alt7,7,66,3950.0,4850.0,0.4346,0.0
DB01_to_DK02#alt7,7,67,4000.0,4900.0,0.3628,0.0
DB01_to_DK02#alt7,7,68,4050.0,4950.0,0.2972,0.0
DB01_to_DK02#alt7,7,69,4100.0,4900.0,0.2609,0.0
DB01_to_DK02#alt7,7,70,4150.0,4850.0,0.2231,0.0
DB01_to_DK02#alt7,7,71,4200.0,4850.0,0.1889,0.0
DB01_to_DK02#alt7,7,72,4250.0,4850.0,0.1599,0.0
DB01_to_DK02#alt7,7,73,4300.0,4850.0,0.1353,0.0
DB01_to_DK02#alt7,7,74,4350.0,4800.0,0.1146,0.0
DB01_to_DK02#alt7,7,75,4400.0,4750.0,0.1036,0.0
DB01_to_DK02#alt7,7,76,4450.0,4700.0,0.1146,0.0
DB01_to_DK02#alt7,7,77,4500.0,4650.0,0.1239,0.0
DB01_to_DK02#alt7,7,78,4550.0,4600.0,0.1308,0.0
DB01_to_DK02#alt7,7,79,4600.0,4550.0,0.1344,0.0
DB01_to_DK02#alt7,7,80,4650.0,4500.0,0.1344,0.0
DB01_to_DK02#alt7,7,81,4700.0,4450.0,0.1344,0.0
DB01_to_DK02#alt7,7,82,4750.0,4400.0,0.1308,0.0
DB01_to_DK02#alt7,7,83,4800.0,4350.0,0.1239,0.0
DB01_to_DK02#alt7,7,84,4850.0,4300.0,0.1146,0.0
DB01_to_DK02#alt7,7,85,4900.0,4250.0,0.1036,0.0
DB01_to_DK02#alt7,7,86,4950.0,4200.0,0.092,0.0
DB01_to_DK02#alt7,7,87,4950.0,4150.0,0.0947,0.0
DB01_to_DK02#alt7,7,88,4950.0,4100.0,0.0964,0.0
DB01_to_DK02#alt7,7,89,4950.0,4050.0,0.097,0.0
DB01_to_DK02#alt7,7,90,4950.0,4000.0,0.0964,0.0
DB01_to_DK02#alt7,7,91,4950.0,3950.0,0.0947,0.0
DB01_to_DK02#alt7,7,92,4950.0,3900.0,0.092,0.0
DB01_to_DK02#alt7,7,93,4900.0,3850.0,0.1036,0.0
DB01_to_DK02#alt7,7,94,4850.0,3800.0,0.1146,0.0
DB01_to_DK02#alt7,7,95,4800.0,3750.0,0.1239,0.0
DB01_to_DK02#alt7,7,96,4750.0,3700.0,0.1308,0.0
DB01_to_DK02#alt7,7,97,4700.0,3650.0,0.1344,0.0
DB01_to_DK02#alt7,7,98,4650.0,3600.0,0.1344,0.0
DB01_to_DK02#alt7,7,99,4600.0,3550.0,0.1344,0.0
DB01_to_DK02#alt7,7,100,4550.0,3500.0,0.1308,0.0
DB01_to_DK02#alt7,7,101,4550.0,3450.0,0.1138,0.0
DB01_to_DK02#alt7,7,102,4550.0,3400.0,0.0987,0.0
DB01_to_DK02#alt7,7,103,4550.0,3350.0,0.0854,0.0
DB01_to_DK02#alt7,7,104,4550.0,3300.0,0.0736,0.0
DB01_to_DK02#alt7,7,105,4550.0,3250.0,0.0634,0.0
DB01_to_DK02#alt7,7,106,4550.0,3200.0,0.0663,0.0
DB01_to_DK02#alt7,7,107,4550.0,3150.0,0.0781,0.0
DB01_to_DK02#alt7,7,108,4550.0,3100.0,0.092,0.0
DB01_to_DK02#alt7,7,109,4550.0,3050.0,0.1082,0.0
DB01_to_DK02#alt7,7,110,4500.0,3000.0,0.1317,0.0
DB01_to_DK02#alt7,7,111,4450.0,3000.0,0.1344,0.0
DB01_to_DK02#alt7,7,112,4400.0,3000.0,0.1353,0.0
DB01_to_DK02#alt7,7,113,4350.0,3000.0,0.1353,0.0
DB01_to_DK02#alt7,7,114,4300.0,3000.0,0.1353,0.0
DB01_to_DK02#alt7,7,115,4250.0,3000.0,0.1344,0.0
DB01_to_DK02#alt7,7,116,4200.0,3000.0,0.1317,0.0
DB01_to_DK02#alt7,7,117,4150.0,3000.0,0.1273,0.0
DB02_to_DK02#alt0,0,0,2150.0,600.0,0.4076,0.0
DB02_to_DK02#alt0,0,1,2100.0,550.0,0.3269,0.0
DB02_to_DK02#alt0,0,2,2050.0,500.0,0.2609,0.0
DB02_to_DK02#alt0,0,3,2000.0,450.0,0.2076,0.0
DB02_to_DK02#alt0,0,4,1950.0,400.0,0.1937,0.0
DB02_to_DK02#alt0,0,5,1950.0,350.0,0.1798,0.0
DB02_to_DK02#alt0,0,6,2000.0,300.0,0.1432,0.0
DB02_to_DK02#alt0,0,7,1950.0,250.0,0.1495,0.0
DB02_to_DK02#alt0,0,8,2000.0,200.0,0.1183,0.0
DB02_to_DK02#alt0,0,9,2050.0,150.0,0.0936,0.0
DB02_to_DK02#alt0,0,10,2100.0,100.0,0.0839,0.0
DB02_to_DK02#alt0,0,11,2150.0,50.0,0.0752,0.0
DB02_to_DK02#alt0,0,12,2200.0,100.0,0.092,0.0
DB02_to_DK02#alt0,0,13,2250.0,100.0,0.0947,0.0
DB02_to_DK02#alt0,0,14,2300.0,100.0,0.0964,0.0
DB02_to_DK02#alt0,0,15,2350.0,100.0,0.097,0.0
DB02_to_DK02#alt0,0,16,2400.0,100.0,0.097,0.0
DB02_to_DK02#alt0,0,17,2450.0,100.0,0.097,0.0
DB02_to_DK02#alt0,0,18,2500.0,100.0,0.0964,0.0
DB02_to_DK02#alt0,0,19,2550.0,150.0,0.1117,0.0
DB02_to_DK02#alt0,0,20,2600.0,200.0,0.1273,0.0
DB02_to_DK02#alt0,0,21,2650.0,200.0,0.1215,0.0
DB02_to_DK02#alt0,0,22,2700.0,150.0,0.0981,0.0
DB02_to_DK02#alt0,0,23,2750.0,100.0,0.079,0.0
DB02_to_DK02#alt0,0,24,2800.0,100.0,0.0736,0.0
DB02_to_DK02#alt0,0,25,2850.0,100.0,0.0681,0.0
DB02_to_DK02#alt0,0,26,2900.0,100.0,0.0634,0.0
DB02_to_DK02#alt0,0,27,2950.0,100.0,0.0588,0.0
DB02_to_DK02#alt0,0,28,3000.0,100.0,0.0634,0.0
DB02_to_DK02#alt0,0,29,3050.0,100.0,0.0736,0.0
DB02_to_DK02#alt0,0,30,3100.0,100.0,0.0854,0.0
DB02_to_DK02#alt0,0,31,3150.0,100.0,0.0987,0.0
DB02_to_DK02#alt0,0,32,3200.0,100.0,0.1138,0.0
DB02_to_DK02#alt0,0,33,3250.0,100.0,0.1308,0.0
DB02_to_DK02#alt0,0,34,3300.0,100.0,0.1495,0.0
DB02_to_DK02#alt0,0,35,3350.0,100.0,0.17,0.0
DB02_to_DK02#alt0,0,36,3400.0,100.0,0.1921,0.0
DB02_to_DK02#alt0,0,37,3450.0,100.0,0.2151,0.0
DB02_to_DK02#alt0,0,38,3500.0,100.0,0.2431,0.0
DB02_to_DK02#alt0,0,39,3550.0,100.0,0.2721,0.0
DB02_to_DK02#alt0,0,40,3600.0,100.0,0.3006,0.0
DB02_to_DK02#alt0,0,41,3650.0,100.0,0.3269,0.0
DB02_to_DK02#alt0,0,42,3700.0,100.0,0.3485,0.0
DB02_to_DK02#alt0,0,43,3750.0,100.0,0.3628,0.0
DB02_to_DK02#alt0,0,44,3800.0,100.0,0.3679,0.0
DB02_to_DK02#alt0,0,45,3850.0,100.0,0.3679,0.0
DB02_to_DK02#alt0,0,46,3900.0,100.0,0.3679,0.0
DB02_to_DK02#alt0,0,47,3950.0,100.0,0.3679,0.0
DB02_to_DK02#alt0,0,48,4000.0,50.0,0.3114,0.0
DB02_to_DK02#alt0,0,49,4050.0,50.0,0.3077,0.0
DB02_to_DK02#alt0,0,50,4100.0,100.0,0.3485,0.0
DB02_to_DK02#alt0,0,51,4150.0,50.0,0.281,0.0
DB02_to_DK02#alt0,0,52,4200.0,50.0,0.2609,0.0
DB02_to_DK02#alt0,0,53,4250.0,100.0,0.2721,0.0
DB02_to_DK02#alt0,0,54,4300.0,50.0,0.2151,0.0
DB02_to_DK02#alt0,0,55,4350.0,50.0,0.1921,0.0
DB02_to_DK02#alt0,0,56,4400.0,50.0,0.17,0.0
DB02_to_DK02#alt0,0,57,4450.0,50.0,0.1517,0.0
DB02_to_DK02#alt0,0,58,4500.0,100.0,0.1517,0.0
DB02_to_DK02#alt0,0,59,4550.0,150.0,0.1495,0.0
DB02_to_DK02#alt0,0,60,4600.0,200.0,0.1432,0.0
DB02_to_DK02#alt0,0,61,4650.0,250.0,0.1335,0.0
DB02_to_DK02#alt0,0,62,4700.0,300.0,0.1215,0.0
DB02_to_DK02#alt0,0,63,4750.0,350.0,0.1082,0.0
DB02_to_DK02#alt0,0,64,4800.0,400.0,0.0947,0.0
DB02_to_DK02#alt0,0,65,4850.0,450.0,0.0816,0.0
DB02_to_DK02#alt0,0,66,4900.0,500.0,0.0695,0.0
DB02_to_DK02#alt0,0,67,4950.0,550.0,0.0588,0.0
DB02_to_DK02#alt0,0,68,4950.0,600.0,0.0588,0.0
DB02_to_DK02#alt0,0,69,4950.0,650.0,0.0588,0.0
DB02_to_DK02#alt0,0,70,4950.0,700.0,0.0585,0.0
DB02_to_DK02#alt0,0,71,4950.0,750.0,0.0577,0.0
DB02_to_DK02#alt0,0,72,4950.0,800.0,0.0563,0.0
DB02_to_DK02#alt0,0,73,4950.0,850.0,0.0544,0.0
DB02_to_DK02#alt0,0,74,4900.0,900.0,0.0612,0.0
DB02_to_DK02#alt0,0,75,4850.0,950.0,0.0677,0.0
DB02_to_DK02#alt0,0,76,4800.0,1000.0,0.0736,0.0
DB02_to_DK02#alt0,0,77,4750.0,1050.0,0.0816,0.0
DB02_to_DK02#alt0,0,78,4700.0,1100.0,0.0947,0.0
DB02_to_DK02#alt0,0,79,4650.0,1150.0,0.1082,0.0
DB02_to_DK02#alt0,0,80,4600.0,1200.0,0.1215,0.0
DB02_to_DK02#alt0,0,81,4600.0,1250.0,0.1146,0.0
DB02_to_DK02#alt0,0,82,4600.0,1300.0,0.1117,0.0
DB02_to_DK02#alt0,0,83,4600.0,1350.0,0.1082,0.0
DB02_to_DK02#alt0,0,84,4600.0,1400.0,0.1036,0.0
DB02_to_DK02#alt0,0,85,4600.0,1450.0,0.0981,0.0
DB02_to_DK02#alt0,0,86,4550.0,1500.0,0.1069,0.0
DB02_to_DK02#alt0,0,87,4500.0,1550.0,0.1273,0.0
DB02_to_DK02#alt0,0,88,4450.0,1600.0,0.1551,0.0
DB02_to_DK02#alt0,0,89,4400.0,1650.0,0.1873,0.0
DB02_to_DK02#alt0,0,90,4350.0,1700.0,0.2231,0.0
DB02_to_DK02#alt0,0,91,4300.0,1750.0,0.2609,0.0
DB02_to_DK02#alt0,0,92,4300.0,1800.0,0.3077,0.0
DB02_to_DK02#alt0,0,93,4250.0,1850.0,0.3485,0.0
DB02_to_DK02#alt0,0,94,4200.0,1900.0,0.3784,0.0
DB02_to_DK02#alt0,0,95,4200.0,1950.0,0.4346,0.0
DB02_to_DK02#alt0,0,96,4200.0,2000.0,0.4931,0.0
DB02_to_DK02#alt0,0,97,4200.0,2050.0,0.5483,0.0
DB02_to_DK02#alt0,0,98,4200.0,2100.0,0.6241,0.0
DB02_to_DK02#alt0,0,99,4150.0,2150.0,0.6241,0.0
DB02_to_DK02#alt0,0,100,4150.0,2200.0,0.6889,0.0
DB02_to_DK02#alt0,0,101,4150.0,2250.0,0.7165,0.0
DB02_to_DK02#alt0,0,102,4150.0,2300.0,0.7165,0.0
DB02_to_DK02#alt0,0,103,4150.0,2350.0,0.7165,0.0
DB02_to_DK02#alt0,0,104,4150.0,2400.0,0.6889,0.0
DB02_to_DK02#alt0,0,105,4200.0,2450.0,0.6889,0.0
DB02_to_DK02#alt0,0,106,4200.0,2500.0,0.6241,0.0
DB02_to_DK02#alt0,0,107,4200.0,2550.0,0.5483,0.0
DB02_to_DK02#alt0,0,108,4200.0,2600.0,0.4746,0.0
DB02_to_DK02#alt0,0,109,4200.0,2650.0,0.4076,0.0
DB02_to_DK02#alt0,0,110,4200.0,2700.0,0.3485,0.0
DB02_to_DK02#alt0,0,111,4200.0,2750.0,0.2972,0.0
DB02_to_DK02#alt0,0,112,4200.0,2800.0,0.253,0.0
DB02_to_DK02#alt0,0,113,4200.0,2850.0,0.2151,0.0
DB02_to_DK02#alt0,0,114,4150.0,2900.0,0.1755,0.0
DB02_to_DK02#alt0,0,115,4150.0,2950.0,0.1495,0.0
DB02_to_DK02#alt0,0,116,4150.0,3000.0,0.1273,0.0
DB02_to_DK02#alt1,1,0,2150.0,600.0,0.4076,0.0
DB02_to_DK02#alt1,1,1,2200.0,650.0,0.503,0.0
DB02_to_DK02#alt1,1,2,2250.0,700.0,0.6241,0.0
DB02_to_DK02#alt1,1,3,2300.0,700.0,0.6889,0.0
DB02_to_DK02#alt1,1,4,2350.0,700.0,0.7165,0.0
DB02_to_DK02#alt1,1,5,2400.0,700.0,0.7165,0.0
DB02_to_DK02#alt1,1,6,2450.0,700.0,0.7165,0.0
DB02_to_DK02#alt1,1,7,2500.0,700.0,0.6889,0.0
DB02_to_DK02#alt1,1,8,2550.0,750.0,0.7165,0.0
DB02_to_DK02#alt1,1,9,2600.0,750.0,0.6889,0.0
DB02_to_DK02#alt1,1,10,2650.0,800.0,0.6889,0.0
DB02_to_DK02#alt1,1,11,2700.0,850.0,0.6889,0.0
DB02_to_DK02#alt1,1,12,2750.0,900.0,0.6241,0.0
DB02_to_DK02#alt1,1,13,2800.0,950.0,0.5903,0.0
DB02_to_DK02#alt1,1,14,2800.0,1000.0,0.6065,0.0
DB02_to_DK02#alt1,1,15,2800.0,1050.0,0.6065,0.0
DB02_to_DK02#alt1,1,16,2850.0,1100.0,0.5134,0.0
DB02_to_DK02#alt1,1,17,2900.0,1150.0,0.4275,0.0
DB02_to_DK02#alt1,1,18,2950.0,1200.0,0.3485,0.0
DB02_to_DK02#alt1,1,19,3000.0,1250.0,0.3628,0.0
DB02_to_DK02#alt1,1,20,3050.0,1300.0,0.4346,0.0
DB02_to_DK02#alt1,1,21,3100.0,1350.0,0.5134,0.0
DB02_to_DK02#alt1,1,22,3100.0,1400.0,0.6065,0.0
DB02_to_DK02#alt1,1,23,3150.0,1450.0,0.7165,0.0
DB02_to_DK02#alt1,1,24,3200.0,1450.0,0.6889,0.0
DB02_to_DK02#alt1,1,25,3250.0,1500.0,0.7165,0.0
DB02_to_DK02#alt1,1,26,3300.0,1500.0,0.6889,0.0
DB02_to_DK02#alt1,1,27,3350.0,1550.0,0.6889,0.0
DB02_to_DK02#alt1,1,28,3400.0,1600.0,0.6889,0.0
DB02_to_DK02#alt1,1,29,3450.0,1650.0,0.6241,0.0
DB02_to_DK02#alt1,1,30,3500.0,1700.0,0.5903,0.0
DB02_to_DK02#alt1,1,31,3550.0,1750.0,0.5134,0.0
DB02_to_DK02#alt1,1,32,3600.0,1800.0,0.4346,0.0
DB02_to_DK02#alt1,1,33,3650.0,1850.0,0.3628,0.0
DB02_to_DK02#alt1,1,34,3700.0,1900.0,0.2972,0.0
DB02_to_DK02#alt1,1,35,3750.0,1950.0,0.2407,0.0
DB02_to_DK02#alt1,1,36,3800.0,2000.0,0.1937,0.0
DB02_to_DK02#alt1,1,37,3850.0,2050.0,0.2252,0.0
DB02_to_DK02#alt1,1,38,3900.0,2100.0,0.281,0.0
DB02_to_DK02#alt1,1,39,3950.0,2150.0,0.3485,0.0
DB02_to_DK02#alt1,1,40,4000.0,2200.0,0.4275,0.0
DB02_to_DK02#alt1,1,41,4000.0,2250.0,0.4346,0.0
DB02_to_DK02#alt1,1,42,4000.0,2300.0,0.4346,0.0
DB02_to_DK02#alt1,1,43,4000.0,2350.0,0.4346,0.0
DB02_to_DK02#alt1,1,44,4000.0,2400.0,0.4275,0.0
DB02_to_DK02#alt1,1,45,4050.0,2450.0,0.4746,0.0
DB02_to_DK02#alt1,1,46,4100.0,2500.0,0.4931,0.0
DB02_to_DK02#alt1,1,47,4100.0,2550.0,0.4346,0.0
DB02_to_DK02#alt1,1,48,4150.0,2600.0,0.4346,0.0
DB02_to_DK02#alt1,1,49,4150.0,2650.0,0.3784,0.0
DB02_to_DK02#alt1,1,50,4150.0,2700.0,0.3269,0.0
DB02_to_DK02#alt1,1,51,4150.0,2750.0,0.281,0.0
DB02_to_DK02#alt1,1,52,4150.0,2800.0,0.2407,0.0
DB02_to_DK02#alt1,1,53,4100.0,2850.0,0.1937,0.0
DB02_to_DK02#alt1,1,54,4100.0,2900.0,0.1661,0.0
DB02_to_DK02#alt1,1,55,4150.0,2950.0,0.1495,0.0
DB02_to_DK02#alt1,1,56,4150.0,3000.0,0.1273,0.0
DB02_to_DK02#alt2,2,0,2150.0,600.0,0.4076,0.0
DB02_to_DK02#alt2,2,1,2100.0,650.0,0.4346,0.0
DB02_to_DK02#alt2,2,2,2050.0,700.0,0.4346,0.0
DB02_to_DK02#alt2,2,3,2000.0,700.0,0.3895,0.0
DB02_to_DK02#alt2,2,4,1950.0,750.0,0.3784,0.0
DB02_to_DK02#alt2,2,5,1900.0,800.0,0.3485,0.0
DB02_to_DK02#alt2,2,6,1850.0,850.0,0.3679,0.0
DB02_to_DK02#alt2,2,7,1800.0,900.0,0.4346,0.0
DB02_to_DK02#alt2,2,8,1750.0,950.0,0.5134,0.0
DB02_to_DK02#alt2,2,9,1800.0,1000.0,0.4275,0.0
DB02_to_DK02#alt2,2,10,1750.0,1050.0,0.4746,0.0
DB02_to_DK02#alt2,2,11,1750.0,1100.0,0.4346,0.0
DB02_to_DK02#alt2,2,12,1800.0,1150.0,0.3679,0.0
DB02_to_DK02#alt2,2,13,1850.0,1200.0,0.4346,0.0
DB02_to_DK02#alt2,2,14,1850.0,1250.0,0.4346,0.0
DB02_to_DK02#alt2,2,15,1800.0,1300.0,0.3628,0.0
DB02_to_DK02#alt2,2,16,1850.0,1350.0,0.4076,0.0
DB02_to_DK02#alt2,2,17,1900.0,1400.0,0.4346,0.0
DB02_to_DK02#alt2,2,18,1950.0,1450.0,0.4346,0.0
DB02_to_DK02#alt2,2,19,2000.0,1500.0,0.5134,0.0
DB02_to_DK02#alt2,2,20,2000.0,1550.0,0.5134,0.0
DB02_to_DK02#alt2,2,21,2050.0,1600.0,0.5903,0.0
DB02_to_DK02#alt2,2,22,2100.0,1650.0,0.6241,0.0
DB02_to_DK02#alt2,2,23,2150.0,1700.0,0.6241,0.0
DB02_to_DK02#alt2,2,24,2200.0,1700.0,0.6889,0.0
DB02_to_DK02#alt2,2,25,2250.0,1750.0,0.6241,0.0
DB02_to_DK02#alt2,2,26,2300.0,1800.0,0.5903,0.0
DB02_to_DK02#alt2,2,27,2350.0,1800.0,0.6065,0.0
DB02_to_DK02#alt2,2,28,2400.0,1850.0,0.5134,0.0
DB02_to_DK02#alt2,2,29,2450.0,1900.0,0.4275,0.0
DB02_to_DK02#alt2,2,30,2500.0,1950.0,0.4346,0.0
DB02_to_DK02#alt2,2,31,2550.0,2000.0,0.5134,0.0
DB02_to_DK02#alt2,2,32,2600.0,2050.0,0.5903,0.0
DB02_to_DK02#alt2,2,33,2650.0,2100.0,0.6241,0.0
DB02_to_DK02#alt2,2,34,2700.0,2150.0,0.6889,0.0
DB02_to_DK02#alt2,2,35,2750.0,2200.0,0.6889,0.0
DB02_to_DK02#alt2,2,36,2800.0,2250.0,0.6889,0.0
DB02_to_DK02#alt2,2,37,2850.0,2300.0,0.6065,0.0
DB02_to_DK02#alt2,2,38,2900.0,2350.0,0.5134,0.0
DB02_to_DK02#alt2,2,39,2950.0,2400.0,0.4346,0.0
DB02_to_DK02#alt2,2,40,3000.0,2450.0,0.3679,0.0
DB02_to_DK02#alt2,2,41,3050.0,2500.0,0.3114,0.0
DB02_to_DK02#alt2,2,42,3100.0,2550.0,0.2609,0.0
DB02_to_DK02#alt2,2,43,3150.0,2600.0,0.2231,0.0
DB02_to_DK02#alt2,2,44,3200.0,2650.0,0.2636,0.0
DB02_to_DK02#alt2,2,45,3250.0,2700.0,0.3077,0.0
DB02_to_DK02#alt2,2,46,3300.0,2750.0,0.3485,0.0
DB02_to_DK02#alt2,2,47,3350.0,2800.0,0.3784,0.0
DB02_to_DK02#alt2,2,48,3400.0,2850.0,0.3895,0.0
DB02_to_DK02#alt2,2,49,3450.0,2900.0,0.3895,0.0
DB02_to_DK02#alt2,2,50,3500.0,2950.0,0.3895,0.0
DB02_to_DK02#alt2,2,51,3550.0,3000.0,0.3784,0.0
DB02_to_DK02#alt2,2,52,3600.0,3050.0,0.3485,0.0
DB02_to_DK02#alt2,2,53,3650.0,3000.0,0.281,0.0
DB02_to_DK02#alt2,2,54,3700.0,3000.0,0.2407,0.0
DB02_to_DK02#alt2,2,55,3750.0,3000.0,0.2057,0.0
DB02_to_DK02#alt2,2,56,3800.0,3050.0,0.1827,0.0
DB02_to_DK02#alt2,2,57,3850.0,3100.0,0.1587,0.0
DB02_to_DK02#alt2,2,58,3900.0,3050.0,0.1317,0.0
DB02_to_DK02#alt2,2,59,3950.0,3050.0,0.1117,0.0
DB02_to_DK02#alt2,2,60,4000.0,3000.0,0.1069,0.0
DB02_to_DK02#alt2,2,61,4050.0,3000.0,0.1146,0.0
DB02_to_DK02#alt2,2,62,4100.0,3000.0,0.1215,0.0
DB02_to_DK02#alt2,2,63,4150.0,3000.0,0.1273,0.0
DB02_to_DK02#alt3,3,0,2150.0,600.0,0.4076,0.0
DB02_to_DK02#alt3,3,1,2200.0,550.0,0.3784,0.0
DB02_to_DK02#alt3,3,2,2250.0,500.0,0.3485,0.0
DB02_to_DK02#alt3,3,3,2300.0,450.0,0.3077,0.0
DB02_to_DK02#alt3,3,4,2350.0,400.0,0.2636,0.0
DB02_to_DK02#alt3,3,5,2400.0,350.0,0.2231,0.0
DB02_to_DK02#alt3,3,6,2450.0,350.0,0.2231,0.0
DB02_to_DK02#alt3,3,7,2500.0,350.0,0.2211,0.0
DB02_to_DK02#alt3,3,8,2550.0,350.0,0.2151,0.0
DB02_to_DK02#alt3,3,9,2600.0,350.0,0.2057,0.0
DB02_to_DK02#alt3,3,10,2650.0,300.0,0.1661,0.0
DB02_to_DK02#alt3,3,11,2700.0,250.0,0.1335,0.0
DB02_to_DK02#alt3,3,12,2750.0,200.0,0.1069,0.0
DB02_to_DK02#alt3,3,13,2800.0,200.0,0.0987,0.0
DB02_to_DK02#alt3,3,14,2850.0,200.0,0.092,0.0
DB02_to_DK02#alt3,3,15,2900.0,200.0,0.0854,0.0
DB02_to_DK02#alt3,3,16,2950.0,200.0,0.0785,0.0
DB02_to_DK02#alt3,3,17,3000.0,200.0,0.0717,0.0
DB02_to_DK02#alt3,3,18,3050.0,200.0,0.0839,0.0
DB02_to_DK02#alt3,3,19,3100.0,200.0,0.0981,0.0
DB02_to_DK02#alt3,3,20,3150.0,200.0,0.1146,0.0
DB02_to_DK02#alt3,3,21,3200.0,200.0,0.1335,0.0
DB02_to_DK02#alt3,3,22,3250.0,200.0,0.1551,0.0
DB02_to_DK02#alt3,3,23,3300.0,200.0,0.1798,0.0
DB02_to_DK02#alt3,3,24,3350.0,200.0,0.2076,0.0
DB02_to_DK02#alt3,3,25,3400.0,200.0,0.2384,0.0
DB02_to_DK02#alt3,3,26,3450.0,200.0,0.2721,0.0
DB02_to_DK02#alt3,3,27,3500.0,200.0,0.3077,0.0
DB02_to_DK02#alt3,3,28,3550.0,200.0,0.344,0.0
DB02_to_DK02#alt3,3,29,3600.0,200.0,0.3895,0.0
DB02_to_DK02#alt3,3,30,3650.0,200.0,0.4346,0.0
DB02_to_DK02#alt3,3,31,3700.0,200.0,0.4746,0.0
DB02_to_DK02#alt3,3,32,3750.0,250.0,0.5903,0.0
DB02_to_DK02#alt3,3,33,3800.0,300.0,0.7165,0.0
DB02_to_DK02#alt3,3,34,3850.0,300.0,0.7165,0.0
DB02_to_DK02#alt3,3,35,3900.0,300.0,0.7165,0.0
DB02_to_DK02#alt3,3,36,3950.0,300.0,0.7165,0.0
DB02_to_DK02#alt3,3,37,4000.0,300.0,0.7165,0.0
DB02_to_DK02#alt3,3,38,4050.0,300.0,0.6889,0.0
DB02_to_DK02#alt3,3,39,4100.0,350.0,0.6889,0.0
DB02_to_DK02#alt3,3,40,4150.0,400.0,0.6889,0.0
DB02_to_DK02#alt3,3,41,4200.0,450.0,0.6889,0.0
DB02_to_DK02#alt3,3,42,4250.0,500.0,0.6065,0.0
DB02_to_DK02#alt3,3,43,4300.0,550.0,0.5134,0.0
DB02_to_DK02#alt3,3,44,4300.0,600.0,0.5134,0.0
DB02_to_DK02#alt3,3,45,4300.0,650.0,0.5134,0.0
DB02_to_DK02#alt3,3,46,4350.0,700.0,0.4275,0.0
DB02_to_DK02#alt3,3,47,4400.0,750.0,0.3485,0.0
DB02_to_DK02#alt3,3,48,4400.0,800.0,0.3269,0.0
DB02_to_DK02#alt3,3,49,4400.0,850.0,0.3006,0.0
DB02_to_DK02#alt3,3,50,4450.0,900.0,0.2384,0.0
DB02_to_DK02#alt3,3,51,4500.0,950.0,0.1889,0.0
DB02_to_DK02#alt3,3,52,4550.0,1000.0,0.1599,0.0
DB02_to_DK02#alt3,3,53,4600.0,1050.0,0.1344,0.0
DB02_to_DK02#alt3,3,54,4650.0,1100.0,0.1117,0.0
DB02_to_DK02#alt3,3,55,4700.0,1150.0,0.092,0.0
DB02_to_DK02#alt3,3,56,4750.0,1200.0,0.0752,0.0
DB02_to_DK02#alt3,3,57,4700.0,1250.0,0.0839,0.0
DB02_to_DK02#alt3,3,58,4700.0,1300.0,0.0803,0.0
DB02_to_DK02#alt3,3,59,4700.0,1350.0,0.0781,0.0
DB02_to_DK02#alt3,3,60,4700.0,1400.0,0.0752,0.0
DB02_to_DK02#alt3,3,61,4700.0,1450.0,0.0736,0.0
DB02_to_DK02#alt3,3,62,4700.0,1500.0,0.0854,0.0
DB02_to_DK02#alt3,3,63,4650.0,1550.0,0.1069,0.0
DB02_to_DK02#alt3,3,64,4650.0,1600.0,0.1239,0.0
DB02_to_DK02#alt3,3,65,4650.0,1650.0,0.1432,0.0
DB02_to_DK02#alt3,3,66,4650.0,1700.0,0.1648,0.0
DB02_to_DK02#alt3,3,67,4650.0,1750.0,0.1889,0.0
DB02_to_DK02#alt3,3,68,4600.0,1800.0,0.2384,0.0
DB02_to_DK02#alt3,3,69,4550.0,1850.0,0.3006,0.0
DB02_to_DK02#alt3,3,70,4500.0,1900.0,0.3784,0.0
DB02_to_DK02#alt3,3,71,4550.0,1950.0,0.3895,0.0
DB02_to_DK02#alt3,3,72,4600.0,2000.0,0.3895,0.0
DB02_to_DK02#alt3,3,73,4600.0,2050.0,0.4346,0.0
DB02_to_DK02#alt3,3,74,4600.0,2100.0,0.4931,0.0
DB02_to_DK02#alt3,3,75,4600.0,2150.0,0.5483,0.0
DB02_to_DK02#alt3,3,76,4600.0,2200.0,0.5903,0.0
DB02_to_DK02#alt3,3,77,4600.0,2250.0,0.6065,0.0
DB02_to_DK02#alt3,3,78,4600.0,2300.0,0.6065,0.0
DB02_to_DK02#alt3,3,79,4600.0,2350.0,0.6065,0.0
DB02_to_DK02#alt3,3,80,4550.0,2400.0,0.6889,0.0
DB02_to_DK02#alt3,3,81,4500.0,2450.0,0.6889,0.0
DB02_to_DK02#alt3,3,82,4450.0,2500.0,0.6889,0.0
DB02_to_DK02#alt3,3,83,4400.0,2550.0,0.6065,0.0
DB02_to_DK02#alt3,3,84,4350.0,2600.0,0.5134,0.0
DB02_to_DK02#alt3,3,85,4300.0,2650.0,0.4346,0.0
DB02_to_DK02#alt3,3,86,4300.0,2700.0,0.3679,0.0
DB02_to_DK02#alt3,3,87,4250.0,2750.0,0.3077,0.0
DB02_to_DK02#alt3,3,88,4250.0,2800.0,0.2609,0.0
DB02_to_DK02#alt3,3,89,4250.0,2850.0,0.2211,0.0
DB02_to_DK02#alt3,3,90,4200.0,2900.0,0.1827,0.0
DB02_to_DK02#alt3,3,91,4150.0,2950.0,0.1495,0.0
DB02_to_DK02#alt3,3,92,4150.0,3000.0,0.1273,0.0
DB02_to_DK02#alt4,4,0,2150.0,600.0,0.4076,0.0
DB02_to_DK02#alt4,4,1,2200.0,650.0,0.503,0.0
DB02_to_DK02#alt4,4,2,2250.0,650.0,0.5483,0.0
DB02_to_DK02#alt4,4,3,2300.0,650.0,0.5903,0.0
DB02_to_DK02#alt4,4,4,2350.0,650.0,0.6065,0.0
DB02_to_DK02#alt4,4,5,2400.0,600.0,0.5134,0.0
DB02_to_DK02#alt4,4,6,2450.0,650.0,0.6065,0.0
DB02_to_DK02#alt4,4,7,2500.0,650.0,0.5903,0.0
DB02_to_DK02#alt4,4,8,2550.0,700.0,0.6241,0.0
DB02_to_DK02#alt4,4,9,2600.0,750.0,0.6889,0.0
DB02_to_DK02#alt4,4,10,2650.0,800.0,0.6889,0.0
DB02_to_DK02#alt4,4,11,2700.0,850.0,0.6889,0.0
DB02_to_DK02#alt4,4,12,2750.0,900.0,0.6241,0.0
DB02_to_DK02#alt4,4,13,2750.0,950.0,0.6889,0.0
DB02_to_DK02#alt4,4,14,2750.0,1000.0,0.7165,0.0
DB02_to_DK02#alt4,4,15,2800.0,1050.0,0.6065,0.0
DB02_to_DK02#alt4,4,16,2800.0,1100.0,0.6065,0.0
DB02_to_DK02#alt4,4,17,2850.0,1150.0,0.503,0.0
DB02_to_DK02#alt4,4,18,2850.0,1200.0,0.4746,0.0
DB02_to_DK02#alt4,4,19,2800.0,1250.0,0.503,0.0
DB02_to_DK02#alt4,4,20,2800.0,1300.0,0.4746,0.0
DB02_to_DK02#alt4,4,21,2800.0,1350.0,0.4346,0.0
DB02_to_DK02#alt4,4,22,2800.0,1400.0,0.4346,0.0
DB02_to_DK02#alt4,4,23,2800.0,1450.0,0.4931,0.0
DB02_to_DK02#alt4,4,24,2800.0,1500.0,0.5483,0.0
DB02_to_DK02#alt4,4,25,2800.0,1550.0,0.6241,0.0
DB02_to_DK02#alt4,4,26,2800.0,1600.0,0.6889,0.0
DB02_to_DK02#alt4,4,27,2800.0,1650.0,0.7165,0.0
DB02_to_DK02#alt4,4,28,2800.0,1700.0,0.7165,0.0
DB02_to_DK02#alt4,4,29,2800.0,1750.0,0.7165,0.0
DB02_to_DK02#alt4,4,30,2800.0,1800.0,0.7165,0.0
DB02_to_DK02#alt4,4,31,2750.0,1850.0,0.6065,0.0
DB02_to_DK02#alt4,4,32,2800.0,1900.0,0.7165,0.0
DB02_to_DK02#alt4,4,33,2800.0,1950.0,0.6889,0.0
DB02_to_DK02#alt4,4,34,2850.0,2000.0,0.6889,0.0
DB02_to_DK02#alt4,4,35,2900.0,2050.0,0.6889,0.0
DB02_to_DK02#alt4,4,36,2950.0,2100.0,0.6241,0.0
DB02_to_DK02#alt4,4,37,3000.0,2150.0,0.5903,0.0
DB02_to_DK02#alt4,4,38,3050.0,2200.0,0.5134,0.0
DB02_to_DK02#alt4,4,39,3100.0,2250.0,0.4346,0.0
DB02_to_DK02#alt4,4,40,3150.0,2300.0,0.3679,0.0
DB02_to_DK02#alt4,4,41,3200.0,2350.0,0.3114,0.0
DB02_to_DK02#alt4,4,42,3250.0,2400.0,0.2609,0.0
DB02_to_DK02#alt4,4,43,3300.0,2450.0,0.2151,0.0
DB02_to_DK02#alt4,4,44,3350.0,2500.0,0.1755,0.0
DB02_to_DK02#alt4,4,45,3400.0,2550.0,0.1661,0.0
DB02_to_DK02#alt4,4,46,3400.0,2600.0,0.1937,0.0
DB02_to_DK02#alt4,4,47,3450.0,2650.0,0.2076,0.0
DB02_to_DK02#alt4,4,48,3500.0,2700.0,0.2151,0.0
DB02_to_DK02#alt4,4,49,3550.0,2750.0,0.2151,0.0
DB02_to_DK02#alt4,4,50,3600.0,2800.0,0.2151,0.0
DB02_to_DK02#alt4,4,51,3650.0,2850.0,0.2151,0.0
DB02_to_DK02#alt4,4,52,3700.0,2900.0,0.2076,0.0
DB02_to_DK02#alt4,4,53,3750.0,2950.0,0.1937,0.0
DB02_to_DK02#alt4,4,54,3800.0,2950.0,0.1661,0.0
DB02_to_DK02#alt4,4,55,3850.0,2950.0,0.1422,0.0
DB02_to_DK02#alt4,4,56,3900.0,2950.0,0.1215,0.0
DB02_to_DK02#alt4,4,57,3950.0,3000.0,0.1082,0.0
DB02_to_DK02#alt4,4,58,4000.0,3050.0,0.0947,0.0
DB02_to_DK02#alt4,4,59,4050.0,3000.0,0.1146,0.0
DB02_to_DK02#alt4,4,60,4100.0,3000.0,0.1215,0.0
DB02_to_DK02#alt4,4,61,4150.0,3000.0,0.1273,0.0
DB02_to_DK02#alt5,5,0,2150.0,600.0,0.4076,0.0
DB02_to_DK02#alt5,5,1,2200.0,550.0,0.3784,0.0
DB02_to_DK02#alt5,5,2,2250.0,500.0,0.3485,0.0
DB02_to_DK02#alt5,5,3,2300.0,450.0,0.3077,0.0
DB02_to_DK02#alt5,5,4,2350.0,450.0,0.3114,0.0
DB02_to_DK02#alt5,5,5,2400.0,400.0,0.2636,0.0
DB02_to_DK02#alt5,5,6,2450.0,400.0,0.2636,0.0
DB02_to_DK02#alt5,5,7,2500.0,400.0,0.2609,0.0
DB02_to_DK02#alt5,5,8,2550.0,400.0,0.253,0.0
DB02_to_DK02#alt5,5,9,2600.0,400.0,0.2407,0.0
DB02_to_DK02#alt5,5,10,2650.0,400.0,0.2252,0.0
DB02_to_DK02#alt5,5,11,2700.0,400.0,0.2076,0.0
DB02_to_DK02#alt5,5,12,2750.0,400.0,0.1937,0.0
DB02_to_DK02#alt5,5,13,2800.0,400.0,0.1798,0.0
DB02_to_DK02#alt5,5,14,2850.0,400.0,0.1648,0.0
DB02_to_DK02#alt5,5,15,2900.0,400.0,0.1495,0.0
DB02_to_DK02#alt5,5,16,2950.0,400.0,0.1344,0.0
DB02_to_DK02#alt5,5,17,3000.0,400.0,0.1199,0.0
DB02_to_DK02#alt5,5,18,3050.0,450.0,0.1199,0.0
DB02_to_DK02#alt5,5,19,3100.0,400.0,0.1138,0.0
DB02_to_DK02#alt5,5,20,3150.0,450.0,0.1353,0.0
DB02_to_DK02#alt5,5,21,3200.0,450.0,0.1599,0.0
DB02_to_DK02#alt5,5,22,3250.0,400.0,0.1873,0.0
DB02_to_DK02#alt5,5,23,3300.0,400.0,0.2211,0.0
DB02_to_DK02#alt5,5,24,3350.0,450.0,0.2636,0.0
DB02_to_DK02#alt5,5,25,3400.0,450.0,0.3114,0.0
DB02_to_DK02#alt5,5,26,3450.0,450.0,0.3679,0.0
DB02_to_DK02#alt5,5,27,3500.0,500.0,0.4346,0.0
DB02_to_DK02#alt5,5,28,3550.0,550.0,0.5134,0.0
DB02_to_DK02#alt5,5,29,3600.0,500.0,0.6065,0.0
DB02_to_DK02#alt5,5,30,3650.0,450.0,0.7165,0.0
DB02_to_DK02#alt5,5,31,3650.0,400.0,0.6889,0.0
DB02_to_DK02#alt5,5,32,3700.0,350.0,0.6889,0.0
DB02_to_DK02#alt5,5,33,3750.0,300.0,0.6889,0.0
DB02_to_DK02#alt5,5,34,3800.0,250.0,0.6065,0.0
DB02_to_DK02#alt5,5,35,3850.0,200.0,0.5134,0.0
DB02_to_DK02#alt5,5,36,3900.0,250.0,0.6065,0.0
DB02_to_DK02#alt5,5,37,3950.0,250.0,0.6065,0.0
DB02_to_DK02#alt5,5,38,4000.0,200.0,0.5134,0.0
DB02_to_DK02#alt5,5,39,4050.0,200.0,0.503,0.0
DB02_to_DK02#alt5,5,40,4100.0,250.0,0.5483,0.0
DB02_to_DK02#alt5,5,41,4150.0,300.0,0.5483,0.0
DB02_to_DK02#alt5,5,42,4200.0,350.0,0.5483,0.0
DB02_to_DK02#alt5,5,43,4250.0,400.0,0.5483,0.0
DB02_to_DK02#alt5,5,44,4300.0,450.0,0.503,0.0
DB02_to_DK02#alt5,5,45,4350.0,500.0,0.4346,0.0
DB02_to_DK02#alt5,5,46,4400.0,550.0,0.3679,0.0
DB02_to_DK02#alt5,5,47,4450.0,600.0,0.3114,0.0
DB02_to_DK02#alt5,5,48,4500.0,650.0,0.2636,0.0
DB02_to_DK02#alt5,5,49,4550.0,700.0,0.2211,0.0
DB02_to_DK02#alt5,5,50,4600.0,750.0,0.1827,0.0
DB02_to_DK02#alt5,5,51,4650.0,800.0,0.1495,0.0
DB02_to_DK02#alt5,5,52,4700.0,850.0,0.1215,0.0
DB02_to_DK02#alt5,5,53,4700.0,900.0,0.1146,0.0
DB02_to_DK02#alt5,5,54,4700.0,950.0,0.1069,0.0
DB02_to_DK02#alt5,5,55,4750.0,1000.0,0.0854,0.0
DB02_to_DK02#alt5,5,56,4800.0,1050.0,0.0691,0.0
DB02_to_DK02#alt5,5,57,4800.0,1100.0,0.0681,0.0
DB02_to_DK02#alt5,5,58,4800.0,1150.0,0.0663,0.0
DB02_to_DK02#alt5,5,59,4800.0,1200.0,0.064,0.0
DB02_to_DK02#alt5,5,60,4750.0,1250.0,0.0717,0.0
DB02_to_DK02#alt5,5,61,4750.0,1300.0,0.0681,0.0
DB02_to_DK02#alt5,5,62,4750.0,1350.0,0.0663,0.0
DB02_to_DK02#alt5,5,63,4750.0,1400.0,0.064,0.0
DB02_to_DK02#alt5,5,64,4750.0,1450.0,0.0681,0.0
DB02_to_DK02#alt5,5,65,4750.0,1500.0,0.0785,0.0
DB02_to_DK02#alt5,5,66,4750.0,1550.0,0.0904,0.0
DB02_to_DK02#alt5,5,67,4750.0,1600.0,0.1036,0.0
DB02_to_DK02#alt5,5,68,4750.0,1650.0,0.1183,0.0
DB02_to_DK02#alt5,5,69,4750.0,1700.0,0.1344,0.0
DB02_to_DK02#alt5,5,70,4750.0,1750.0,0.1517,0.0
DB02_to_DK02#alt5,5,71,4750.0,1800.0,0.17,0.0
DB02_to_DK02#alt5,5,72,4750.0,1850.0,0.1921,0.0
DB02_to_DK02#alt5,5,73,4800.0,1900.0,0.1921,0.0
DB02_to_DK02#alt5,5,74,4800.0,1950.0,0.2151,0.0
DB02_to_DK02#alt5,5,75,4850.0,2000.0,0.2076,0.0
DB02_to_DK02#alt5,5,76,4850.0,2050.0,0.2252,0.0
DB02_to_DK02#alt5,5,77,4900.0,2100.0,0.2057,0.0
DB02_to_DK02#alt5,5,78,4900.0,2150.0,0.2151,0.0
DB02_to_DK02#alt5,5,79,4950.0,2200.0,0.1873,0.0
DB02_to_DK02#alt5,5,80,4950.0,2250.0,0.1889,0.0
DB02_to_DK02#alt5,5,81,4950.0,2300.0,0.1889,0.0
DB02_to_DK02#alt5,5,82,4950.0,2350.0,0.1889,0.0
DB02_to_DK02#alt5,5,83,4950.0,2400.0,0.1873,0.0
DB02_to_DK02#alt5,5,84,4950.0,2450.0,0.1827,0.0
DB02_to_DK02#alt5,5,85,4950.0,2500.0,0.1755,0.0
DB02_to_DK02#alt5,5,86,4950.0,2550.0,0.1661,0.0
DB02_to_DK02#alt5,5,87,4950.0,2600.0,0.1551,0.0
DB02_to_DK02#alt5,5,88,4950.0,2650.0,0.1432,0.0
DB02_to_DK02#alt5,5,89,4950.0,2700.0,0.1308,0.0
DB02_to_DK02#alt5,5,90,4950.0,2750.0,0.1183,0.0
DB02_to_DK02#alt5,5,91,4900.0,2800.0,0.1199,0.0
DB02_to_DK02#alt5,5,92,4850.0,2850.0,0.1199,0.0
DB02_to_DK02#alt5,5,93,4800.0,2900.0,0.1183,0.0
DB02_to_DK02#alt5,5,94,4750.0,2950.0,0.1138,0.0
DB02_to_DK02#alt5,5,95,4750.0,3000.0,0.0987,0.0
DB02_to_DK02#alt5,5,96,4750.0,3050.0,0.0854,0.0
DB02_to_DK02#alt5,5,97,4700.0,3100.0,0.079,0.0
DB02_to_DK02#alt5,5,98,4650.0,3100.0,0.0839,0.0
DB02_to_DK02#alt5,5,99,4600.0,3100.0,0.0883,0.0
DB02_to_DK02#alt5,5,100,4550.0,3100.0,0.092,0.0
DB02_to_DK02#alt5,5,101,4500.0,3100.0,0.0947,0.0
DB02_to_DK02#alt5,5,102,4450.0,3100.0,0.0964,0.0
DB02_to_DK02#alt5,5,103,4400.0,3100.0,0.097,0.0
DB02_to_DK02#alt5,5,104,4350.0,3100.0,0.097,0.0
DB02_to_DK02#alt5,5,105,4300.0,3100.0,0.097,0.0
DB02_to_DK02#alt5,5,106,4250.0,3100.0,0.0964,0.0
DB02_to_DK02#alt5,5,107,4200.0,3050.0,0.1117,0.0
DB02_to_DK02#alt5,5,108,4150.0,3000.0,0.1273,0.0
DB02_to_DK02#alt6,6,0,2150.0,600.0,0.4076,0.0
DB02_to_DK02#alt6,6,1,2100.0,650.0,0.4346,0.0
DB02_to_DK02#alt6,6,2,2050.0,700.0,0.4346,0.0
DB02_to_DK02#alt6,6,3,2000.0,750.0,0.4346,0.0
DB02_to_DK02#alt6,6,4,1950.0,800.0,0.4076,0.0
DB02_to_DK02#alt6,6,5,1950.0,850.0,0.4346,0.0
DB02_to_DK02#alt6,6,6,1900.0,900.0,0.4076,0.0
DB02_to_DK02#alt6,6,7,1950.0,950.0,0.503,0.0
DB02_to_DK02#alt6,6,8,2000.0,1000.0,0.6065,0.0
DB02_to_DK02#alt6,6,9,2000.0,1050.0,0.6241,0.0
DB02_to_DK02#alt6,6,10,2000.0,1100.0,0.6889,0.0
DB02_to_DK02#alt6,6,11,2000.0,1150.0,0.7165,0.0
DB02_to_DK02#alt6,6,12,2000.0,1200.0,0.7165,0.0
DB02_to_DK02#alt6,6,13,2000.0,1250.0,0.7165,0.0
DB02_to_DK02#alt6,6,14,2000.0,1300.0,0.6889,0.0
DB02_to_DK02#alt6,6,15,2050.0,1350.0,0.6889,0.0
DB02_to_DK02#alt6,6,16,2100.0,1400.0,0.7165,0.0
DB02_to_DK02#alt6,6,17,2100.0,1450.0,0.7165,0.0
DB02_to_DK02#alt6,6,18,2100.0,1500.0,0.7165,0.0
DB02_to_DK02#alt6,6,19,2100.0,1550.0,0.7165,0.0
DB02_to_DK02#alt6,6,20,2100.0,1600.0,0.6889,0.0
DB02_to_DK02#alt6,6,21,2150.0,1650.0,0.6889,0.0
DB02_to_DK02#alt6,6,22,2200.0,1700.0,0.6889,0.0
DB02_to_DK02#alt6,6,23,2250.0,1750.0,0.6241,0.0
DB02_to_DK02#alt6,6,24,2300.0,1750.0,0.6889,0.0
DB02_to_DK02#alt6,6,25,2350.0,1800.0,0.6065,0.0
DB02_to_DK02#alt6,6,26,2400.0,1800.0,0.6065,0.0
DB02_to_DK02#alt6,6,27,2450.0,1850.0,0.503,0.0
DB02_to_DK02#alt6,6,28,2500.0,1850.0,0.4746,0.0
DB02_to_DK02#alt6,6,29,2550.0,1900.0,0.3784,0.0
DB02_to_DK02#alt6,6,30,2600.0,1950.0,0.4275,0.0
DB02_to_DK02#alt6,6,31,2650.0,2000.0,0.4746,0.0
DB02_to_DK02#alt6,6,32,2700.0,2050.0,0.503,0.0
DB02_to_DK02#alt6,6,33,2750.0,2100.0,0.5483,0.0
DB02_to_DK02#alt6,6,34,2800.0,2150.0,0.5483,0.0
DB02_to_DK02#alt6,6,35,2850.0,2200.0,0.5483,0.0
DB02_to_DK02#alt6,6,36,2900.0,2250.0,0.503,0.0
DB02_to_DK02#alt6,6,37,2950.0,2300.0,0.4346,0.0
DB02_to_DK02#alt6,6,38,3000.0,2350.0,0.3679,0.0
DB02_to_DK02#alt6,6,39,2950.0,2400.0,0.4346,0.0
DB02_to_DK02#alt6,6,40,2950.0,2450.0,0.4346,0.0
DB02_to_DK02#alt6,6,41,2950.0,2500.0,0.4346,0.0
DB02_to_DK02#alt6,6,42,3000.0,2550.0,0.3628,0.0
DB02_to_DK02#alt6,6,43,3050.0,2600.0,0.2972,0.0
DB02_to_DK02#alt6,6,44,3050.0,2650.0,0.281,0.0
DB02_to_DK02#alt6,6,45,3100.0,2700.0,0.3077,0.0
DB02_to_DK02#alt6,6,46,3150.0,2750.0,0.3679,0.0
DB02_to_DK02#alt6,6,47,3200.0,2800.0,0.4346,0.0
DB02_to_DK02#alt6,6,48,3250.0,2850.0,0.503,0.0
DB02_to_DK02#alt6,6,49,3300.0,2900.0,0.5483,0.0
DB02_to_DK02#alt6,6,50,3350.0,2950.0,0.5483,0.0
DB02_to_DK02#alt6,6,51,3350.0,3000.0,0.6241,0.0
DB02_to_DK02#alt6,6,52,3400.0,3050.0,0.6241,0.0
DB02_to_DK02#alt6,6,53,3450.0,3100.0,0.5903,0.0
DB02_to_DK02#alt6,6,54,3500.0,3150.0,0.5134,0.0
DB02_to_DK02#alt6,6,55,3550.0,3200.0,0.4346,0.0
DB02_to_DK02#alt6,6,56,3600.0,3250.0,0.3679,0.0
DB02_to_DK02#alt6,6,57,3650.0,3250.0,0.3114,0.0
DB02_to_DK02#alt6,6,58,3700.0,3250.0,0.2636,0.0
DB02_to_DK02#alt6,6,59,3750.0,3250.0,0.2231,0.0
DB02_to_DK02#alt6,6,60,3800.0,3200.0,0.1889,0.0
DB02_to_DK02#alt6,6,61,3850.0,3150.0,0.1599,0.0
DB02_to_DK02#alt6,6,62,3900.0,3150.0,0.1353,0.0
DB02_to_DK02#alt6,6,63,3950.0,3150.0,0.1146,0.0
DB02_to_DK02#alt6,6,64,4000.0,3100.0,0.0964,0.0
DB02_to_DK02#alt6,6,65,4050.0,3100.0,0.0839,0.0
DB02_to_DK02#alt6,6,66,4100.0,3100.0,0.0883,0.0
DB02_to_DK02#alt6,6,67,4150.0,3050.0,0.1082,0.0
DB02_to_DK02#alt6,6,68,4150.0,3000.0,0.1273,0.0
DB02_to_DK02#alt7,7,0,2150.0,600.0,0.4076,0.0
DB02_to_DK02#alt7,7,1,2200.0,600.0,0.4346,0.0
DB02_to_DK02#alt7,7,2,2250.0,550.0,0.4076,0.0
DB02_to_DK02#alt7,7,3,2300.0,550.0,0.4275,0.0
DB02_to_DK02#alt7,7,4,2350.0,550.0,0.4346,0.0
DB02_to_DK02#alt7,7,5,2400.0,550.0,0.4346,0.0
DB02_to_DK02#alt7,7,6,2450.0,550.0,0.4346,0.0
DB02_to_DK02#alt7,7,7,2500.0,550.0,0.4275,0.0
DB02_to_DK02#alt7,7,8,2550.0,550.0,0.4076,0.0
DB02_to_DK02#alt7,7,9,2600.0,500.0,0.3269,0.0
DB02_to_DK02#alt7,7,10,2650.0,450.0,0.2609,0.0
DB02_to_DK02#alt7,7,11,2700.0,500.0,0.281,0.0
DB02_to_DK02#alt7,7,12,2750.0,500.0,0.2609,0.0
DB02_to_DK02#alt7,7,13,2800.0,500.0,0.2384,0.0
DB02_to_DK02#alt7,7,14,2850.0,550.0,0.2431,0.0
DB02_to_DK02#alt7,7,15,2900.0,550.0,0.2151,0.0
DB02_to_DK02#alt7,7,16,2950.0,550.0,0.1921,0.0
DB02_to_DK02#alt7,7,17,3000.0,600.0,0.1889,0.0
DB02_to_DK02#alt7,7,18,3050.0,650.0,0.1798,0.0
DB02_to_DK02#alt7,7,19,3100.0,700.0,0.1798,0.0
DB02_to_DK02#alt7,7,20,3150.0,750.0,0.2252,0.0
DB02_to_DK02#alt7,7,21,3200.0,800.0,0.281,0.0
DB02_to_DK02#alt7,7,22,3250.0,750.0,0.3006,0.0
DB02_to_DK02#alt7,7,23,3300.0,800.0,0.3784,0.0
DB02_to_DK02#alt7,7,24,3350.0,850.0,0.4746,0.0
DB02_to_DK02#alt7,7,25,3400.0,900.0,0.5903,0.0
DB02_to_DK02#alt7,7,26,3450.0,950.0,0.7165,0.0
DB02_to_DK02#alt7,7,27,3450.0,1000.0,0.7165,0.0
DB02_to_DK02#alt7,7,28,3450.0,1050.0,0.7165,0.0
DB02_to_DK02#alt7,7,29,3450.0,1100.0,0.7165,0.0
DB02_to_DK02#alt7,7,30,3450.0,1150.0,0.7165,0.0
DB02_to_DK02#alt7,7,31,3450.0,1200.0,0.7165,0.0
DB02_to_DK02#alt7,7,32,3450.0,1250.0,0.6889,0.0
DB02_to_DK02#alt7,7,33,3500.0,1300.0,0.7165,0.0
DB02_to_DK02#alt7,7,34,3500.0,1350.0,0.7165,0.0
DB02_to_DK02#alt7,7,35,3500.0,1400.0,0.7165,0.0
DB02_to_DK02#alt7,7,36,3500.0,1450.0,0.6889,0.0
DB02_to_DK02#alt7,7,37,3550.0,1500.0,0.6889,0.0
DB02_to_DK02#alt7,7,38,3600.0,1550.0,0.6241,0.0
DB02_to_DK02#alt7,7,39,3650.0,1600.0,0.5903,0.0
DB02_to_DK02#alt7,7,40,3700.0,1650.0,0.5134,0.0
DB02_to_DK02#alt7,7,41,3750.0,1700.0,0.4275,0.0
DB02_to_DK02#alt7,7,42,3800.0,1750.0,0.3485,0.0
DB02_to_DK02#alt7,7,43,3850.0,1800.0,0.281,0.0
DB02_to_DK02#alt7,7,44,3900.0,1850.0,0.2252,0.0
DB02_to_DK02#alt7,7,45,3950.0,1900.0,0.2151,0.0
DB02_to_DK02#alt7,7,46,3950.0,1950.0,0.2431,0.0
DB02_to_DK02#alt7,7,47,3950.0,2000.0,0.2721,0.0
DB02_to_DK02#alt7,7,48,4000.0,2050.0,0.344,0.0
DB02_to_DK02#alt7,7,49,4050.0,2100.0,0.4346,0.0
DB02_to_DK02#alt7,7,50,4000.0,2150.0,0.4076,0.0
DB02_to_DK02#alt7,7,51,3950.0,2200.0,0.3628,0.0
DB02_to_DK02#alt7,7,52,3950.0,2250.0,0.3679,0.0
DB02_to_DK02#alt7,7,53,3950.0,2300.0,0.3679,0.0
DB02_to_DK02#alt7,7,54,3950.0,2350.0,0.3679,0.0
DB02_to_DK02#alt7,7,55,3950.0,2400.0,0.3628,0.0
DB02_to_DK02#alt7,7,56,4000.0,2450.0,0.4076,0.0
DB02_to_DK02#alt7,7,57,4000.0,2500.0,0.3784,0.0
DB02_to_DK02#alt7,7,58,4000.0,2550.0,0.344,0.0
DB02_to_DK02#alt7,7,59,4000.0,2600.0,0.3077,0.0
DB02_to_DK02#alt7,7,60,4050.0,2650.0,0.3077,0.0
DB02_to_DK02#alt7,7,61,4050.0,2700.0,0.2721,0.0
DB02_to_DK02#alt7,7,62,4050.0,2750.0,0.2384,0.0
DB02_to_DK02#alt7,7,63,4050.0,2800.0,0.2076,0.0
DB02_to_DK02#alt7,7,64,4050.0,2850.0,0.1798,0.0
DB02_to_DK02#alt7,7,65,4100.0,2900.0,0.1661,0.0
DB02_to_DK02#alt7,7,66,4150.0,2950.0,0.1495,0.0
DB02_to_DK02#alt7,7,67,4150.0,3000.0,0.1273,0.0
DB02_to_DK01#alt0,0,0,2150.0,600.0,0.4076,0.0
DB02_to_DK01#alt0,0,1,2100.0,550.0,0.3269,0.0
DB02_to_DK01#alt0,0,2,2050.0,550.0,0.3006,0.0
DB02_to_DK01#alt0,0,3,2000.0,500.0,0.2384,0.0
DB02_to_DK01#alt0,0,4,1950.0,450.0,0.2057,0.0
DB02_to_DK01#alt0,0,5,1900.0,500.0,0.253,0.0
DB02_to_DK01#alt0,0,6,1850.0,500.0,0.2972,0.0
DB02_to_DK01#alt0,0,7,1800.0,500.0,0.3485,0.0
DB02_to_DK01#alt0,0,8,1750.0,450.0,0.3784,0.0
DB02_to_DK01#alt0,0,9,1700.0,450.0,0.4346,0.0
DB02_to_DK01#alt0,0,10,1650.0,450.0,0.4931,0.0
DB02_to_DK01#alt0,0,11,1600.0,400.0,0.4931,0.0
DB02_to_DK01#alt0,0,12,1550.0,350.0,0.4931,0.0
DB02_to_DK01#alt0,0,13,1500.0,350.0,0.5483,0.0
DB02_to_DK01#alt0,0,14,1450.0,350.0,0.6241,0.0
DB02_to_DK01#alt0,0,15,1400.0,300.0,0.6241,0.0
DB02_to_DK01#alt0,0,16,1350.0,300.0,0.6889,0.0
DB02_to_DK01#alt0,0,17,1300.0,250.0,0.6065,0.0
DB02_to_DK01#alt0,0,18,1250.0,200.0,0.5483,0.0
DB02_to_DK01#alt0,0,19,1200.0,150.0,0.5483,0.0
DB02_to_DK01#alt0,0,20,1150.0,100.0,0.5483,0.0
DB02_to_DK01#alt0,0,21,1100.0,50.0,0.503,0.0
DB02_to_DK01#alt0,0,22,1050.0,50.0,0.5134,0.0
DB02_to_DK01#alt0,0,23,1000.0,50.0,0.5134,0.0
DB02_to_DK01#alt0,0,24,950.0,50.0,0.5134,0.0
DB02_to_DK01#alt0,0,25,900.0,50.0,0.5134,0.0
DB02_to_DK01#alt0,0,26,850.0,100.0,0.5903,0.0
DB02_to_DK01#alt0,0,27,800.0,100.0,0.5483,0.0
DB02_to_DK01#alt0,0,28,750.0,50.0,0.4346,0.0
DB02_to_DK01#alt0,0,29,700.0,50.0,0.3895,0.0
DB02_to_DK01#alt0,0,30,650.0,50.0,0.344,0.0
DB02_to_DK01#alt0,0,31,600.0,50.0,0.3077,0.0
DB02_to_DK01#alt0,0,32,550.0,50.0,0.2721,0.0
DB02_to_DK01#alt0,0,33,500.0,50.0,0.2431,0.0
DB02_to_DK01#alt0,0,34,450.0,50.0,0.2151,0.0
DB02_to_DK01#alt0,0,35,400.0,50.0,0.1889,0.0
DB02_to_DK01#alt0,0,36,350.0,50.0,0.1648,0.0
DB02_to_DK01#alt0,0,37,300.0,100.0,0.1551,0.0
DB02_to_DK01#alt0,0,38,250.0,150.0,0.1551,0.0
DB02_to_DK01#alt0,0,39,200.0,200.0,0.1661,0.0
DB02_to_DK01#alt0,0,40,150.0,250.0,0.1798,0.0
DB02_to_DK01#alt0,0,41,100.0,300.0,0.1889,0.0
DB02_to_DK01#alt0,0,42,50.0,350.0,0.1921,0.0
DB02_to_DK01#alt0,0,43,100.0,400.0,0.2431,0.0
DB02_to_DK01#alt0,0,44,150.0,450.0,0.3077,0.0
DB02_to_DK01#alt0,0,45,150.0,500.0,0.344,0.0
DB02_to_DK01#alt0,0,46,200.0,550.0,0.4346,0.0
DB02_to_DK01#alt0,0,47,150.0,600.0,0.4076,0.0
DB02_to_DK01#alt0,0,48,100.0,650.0,0.3784,0.0
DB02_to_DK01#alt0,0,49,150.0,700.0,0.4746,0.0
DB02_to_DK01#alt0,0,50,200.0,750.0,0.5903,0.0
DB02_to_DK01#alt0,0,51,200.0,800.0,0.6065,0.0
DB02_to_DK01#alt0,0,52,200.0,850.0,0.6065,0.0
DB02_to_DK01#alt0,0,53,200.0,900.0,0.6065,0.0
DB02_to_DK01#alt0,0,54,250.0,950.0,0.6889,0.0
DB02_to_DK01#alt0,0,55,300.0,1000.0,0.6889,0.0
DB02_to_DK01#alt0,0,56,350.0,1050.0,0.6889,0.0
DB02_to_DK01#alt0,0,57,400.0,1100.0,0.6889,0.0
DB02_to_DK01#alt0,0,58,400.0,1150.0,0.5903,0.0
DB02_to_DK01#alt0,0,59,400.0,1200.0,0.503,0.0
DB02_to_DK01#alt0,0,60,400.0,1250.0,0.4346,0.0
DB02_to_DK01#alt0,0,61,400.0,1300.0,0.3895,0.0
DB02_to_DK01#alt0,0,62,400.0,1350.0,0.344,0.0
DB02_to_DK01#alt0,0,63,350.0,1400.0,0.2721,0.0
DB02_to_DK01#alt0,0,64,300.0,1450.0,0.2151,0.0
DB02_to_DK01#alt0,0,65,250.0,1500.0,0.17,0.0
DB02_to_DK01#alt0,0,66,200.0,1550.0,0.1344,0.0
DB02_to_DK01#alt0,0,67,150.0,1600.0,0.1069,0.0
DB02_to_DK01#alt0,0,68,150.0,1650.0,0.0947,0.0
DB02_to_DK01#alt0,0,69,150.0,1700.0,0.0839,0.0
DB02_to_DK01#alt0,0,70,150.0,1750.0,0.0748,0.0
DB02_to_DK01#alt0,0,71,150.0,1800.0,0.0663,0.0
DB02_to_DK01#alt0,0,72,150.0,1850.0,0.064,0.0
DB02_to_DK01#alt0,0,73,150.0,1900.0,0.0612,0.0
DB02_to_DK01#alt0,0,74,150.0,1950.0,0.058,0.0
DB02_to_DK01#alt0,0,75,200.0,2000.0,0.0634,0.0
DB02_to_DK01#alt0,0,76,250.0,2050.0,0.0681,0.0
DB02_to_DK01#alt0,0,77,300.0,2100.0,0.0717,0.0
DB02_to_DK01#alt0,0,78,350.0,2150.0,0.0816,0.0
DB02_to_DK01#alt0,0,79,400.0,2200.0,0.097,0.0
DB02_to_DK01#alt0,0,80,350.0,2250.0,0.0936,0.0
DB02_to_DK01#alt0,0,81,350.0,2300.0,0.1062,0.0
DB02_to_DK01#alt0,0,82,400.0,2350.0,0.1344,0.0
DB02_to_DK01#alt0,0,83,350.0,2400.0,0.1344,0.0
DB02_to_DK01#alt0,0,84,400.0,2450.0,0.17,0.0
DB02_to_DK01#alt0,0,85,400.0,2500.0,0.1921,0.0
DB02_to_DK01#alt0,0,86,400.0,2550.0,0.2151,0.0
DB02_to_DK01#alt0,0,87,400.0,2600.0,0.2384,0.0
DB02_to_DK01#alt0,0,88,400.0,2650.0,0.2609,0.0
DB02_to_DK01#alt0,0,89,350.0,2700.0,0.2407,0.0
DB02_to_DK01#alt0,0,90,400.0,2750.0,0.3006,0.0
DB02_to_DK01#alt0,0,91,350.0,2800.0,0.281,0.0
DB02_to_DK01#alt0,0,92,350.0,2850.0,0.2972,0.0
DB02_to_DK01#alt0,0,93,300.0,2900.0,0.2609,0.0
DB02_to_DK01#alt0,0,94,250.0,2950.0,0.2231,0.0
DB02_to_DK01#alt0,0,95,250.0,3000.0,0.2231,0.0
DB02_to_DK01#alt0,0,96,250.0,3050.0,0.2231,0.0
DB02_to_DK01#alt0,0,97,250.0,3100.0,0.2211,0.0
DB02_to_DK01#alt0,0,98,200.0,3150.0,0.1827,0.0
DB02_to_DK01#alt0,0,99,150.0,3200.0,0.1495,0.0
DB02_to_DK01#alt0,0,100,150.0,3250.0,0.1422,0.0
DB02_to_DK01#alt0,0,101,150.0,3300.0,0.1335,0.0
DB02_to_DK01#alt0,0,102,150.0,3350.0,0.1239,0.0
DB02_to_DK01#alt0,0,103,150.0,3400.0,0.1239,0.0
DB02_to_DK01#alt0,0,104,200.0,3450.0,0.1551,0.0
DB02_to_DK01#alt0,0,105,200.0,3500.0,0.1798,0.0
DB02_to_DK01#alt0,0,106,200.0,3550.0,0.2076,0.0
DB02_to_DK01#alt0,0,107,200.0,3600.0,0.2407,0.0
DB02_to_DK01#alt0,0,108,200.0,3650.0,0.281,0.0
DB02_to_DK01#alt0,0,109,200.0,3700.0,0.3269,0.0
DB02_to_DK01#alt0,0,110,200.0,3750.0,0.3784,0.0
DB02_to_DK01#alt0,0,111,200.0,3800.0,0.4346,0.0
DB02_to_DK01#alt0,0,112,200.0,3850.0,0.4931,0.0
DB02_to_DK01#alt1,1,0,2150.0,600.0,0.4076,0.0
DB02_to_DK01#alt1,1,1,2100.0,600.0,0.3784,0.0
DB02_to_DK01#alt1,1,2,2050.0,650.0,0.3895,0.0
DB02_to_DK01#alt1,1,3,2000.0,700.0,0.3895,0.0
DB02_to_DK01#alt1,1,4,1950.0,700.0,0.344,0.0
DB02_to_DK01#alt1,1,5,1900.0,750.0,0.3269,0.0
DB02_to_DK01#alt1,1,6,1850.0,800.0,0.3679,0.0
DB02_to_DK01#alt1,1,7,1800.0,750.0,0.4346,0.0
DB02_to_DK01#alt1,1,8,1750.0,800.0,0.5134,0.0
DB02_to_DK01#alt1,1,9,1700.0,850.0,0.6065,0.0
DB02_to_DK01#alt1,1,10,1650.0,900.0,0.7165,0.0
DB02_to_DK01#alt1,1,11,1650.0,950.0,0.7165,0.0
DB02_to_DK01#alt1,1,12,1650.0,1000.0,0.6889,0.0
DB02_to_DK01#alt1,1,13,1600.0,1050.0,0.7165,0.0
DB02_to_DK01#alt1,1,14,1600.0,1100.0,0.7165,0.0
DB02_to_DK01#alt1,1,15,1600.0,1150.0,0.6889,0.0
DB02_to_DK01#alt1,1,16,1550.0,1200.0,0.6889,0.0
DB02_to_DK01#alt1,1,17,1500.0,1250.0,0.6889,0.0
DB02_to_DK01#alt1,1,18,1450.0,1300.0,0.6889,0.0
DB02_to_DK01#alt1,1,19,1400.0,1350.0,0.6889,0.0
DB02_to_DK01#alt1,1,20,1350.0,1400.0,0.6889,0.0
DB02_to_DK01#alt1,1,21,1350.0,1450.0,0.5903,0.0
DB02_to_DK01#alt1,1,22,1350.0,1500.0,0.6065,0.0
DB02_to_DK01#alt1,1,23,1350.0,1550.0,0.6065,0.0
DB02_to_DK01#alt1,1,24,1350.0,1600.0,0.6065,0.0
DB02_to_DK01#alt1,1,25,1350.0,1650.0,0.6065,0.0
DB02_to_DK01#alt1,1,26,1350.0,1700.0,0.5903,0.0
DB02_to_DK01#alt1,1,27,1300.0,1750.0,0.6241,0.0
DB02_to_DK01#alt1,1,28,1250.0,1800.0,0.6241,0.0
DB02_to_DK01#alt1,1,29,1200.0,1850.0,0.5903,0.0
DB02_to_DK01#alt1,1,30,1150.0,1900.0,0.5903,0.0
DB02_to_DK01#alt1,1,31,1100.0,1950.0,0.6241,0.0
DB02_to_DK01#alt1,1,32,1050.0,2000.0,0.6241,0.0
DB02_to_DK01#alt1,1,33,1000.0,2050.0,0.5903,0.0
DB02_to_DK01#alt1,1,34,950.0,2100.0,0.5483,0.0
DB02_to_DK01#alt1,1,35,900.0,2150.0,0.503,0.0
DB02_to_DK01#alt1,1,36,850.0,2200.0,0.4346,0.0
DB02_to_DK01#alt1,1,37,800.0,2250.0,0.3679,0.0
DB02_to_DK01#alt1,1,38,750.0,2300.0,0.3114,0.0
DB02_to_DK01#alt1,1,39,700.0,2350.0,0.2609,0.0
DB02_to_DK01#alt1,1,40,650.0,2400.0,0.2407,0.0
DB02_to_DK01#alt1,1,41,600.0,2450.0,0.2609,0.0
DB02_to_DK01#alt1,1,42,550.0,2500.0,0.2721,0.0
DB02_to_DK01#alt1,1,43,500.0,2550.0,0.2721,0.0
DB02_to_DK01#alt1,1,44,500.0,2600.0,0.3077,0.0
DB02_to_DK01#alt1,1,45,450.0,2650.0,0.3006,0.0
DB02_to_DK01#alt1,1,46,400.0,2700.0,0.281,0.0
DB02_to_DK01#alt1,1,47,400.0,2750.0,0.3006,0.0
DB02_to_DK01#alt1,1,48,400.0,2800.0,0.3269,0.0
DB02_to_DK01#alt1,1,49,350.0,2850.0,0.2972,0.0
DB02_to_DK01#alt1,1,50,350.0,2900.0,0.3077,0.0
DB02_to_DK01#alt1,1,51,350.0,2950.0,0.3114,0.0
DB02_to_DK01#alt1,1,52,350.0,3000.0,0.3114,0.0
DB02_to_DK01#alt1,1,53,400.0,3050.0,0.3679,0.0
DB02_to_DK01#alt1,1,54,400.0,3100.0,0.3628,0.0
DB02_to_DK01#alt1,1,55,400.0,3150.0,0.3485,0.0
DB02_to_DK01#alt1,1,56,400.0,3200.0,0.3269,0.0
DB02_to_DK01#alt1,1,57,350.0,3250.0,0.2609,0.0
DB02_to_DK01#alt1,1,58,350.0,3300.0,0.2407,0.0
DB02_to_DK01#alt1,1,59,350.0,3350.0,0.2252,0.0
DB02_to_DK01#alt1,1,60,350.0,3400.0,0.2076,0.0
DB02_to_DK01#alt1,1,61,350.0,3450.0,0.2057,0.0
DB02_to_DK01#alt1,1,62,350.0,3500.0,0.2151,0.0
DB02_to_DK01#alt1,1,63,350.0,3550.0,0.253,0.0
DB02_to_DK01#alt1,1,64,350.0,3600.0,0.2972,0.0
DB02_to_DK01#alt1,1,65,300.0,3650.0,0.3269,0.0
DB02_to_DK01#alt1,1,66,250.0,3700.0,0.3485,0.0
DB02_to_DK01#alt1,1,67,200.0,3750.0,0.3784,0.0
DB02_to_DK01#alt1,1,68,200.0,3800.0,0.4346,0.0
DB02_to_DK01#alt1,1,69,200.0,3850.0,0.4931,0.0
DB02_to_DK01#alt2,2,0,2150.0,600.0,0.4076,0.0
DB02_to_DK01#alt2,2,1,2100.0,550.0,0.3269,0.0
DB02_to_DK01#alt2,2,2,2050.0,500.0,0.2609,0.0
DB02_to_DK01#alt2,2,3,2000.0,450.0,0.2076,0.0
DB02_to_DK01#alt2,2,4,1950.0,400.0,0.1937,0.0
DB02_to_DK01#alt2,2,5,1900.0,350.0,0.2076,0.0
DB02_to_DK01#alt2,2,6,1850.0,300.0,0.2151,0.0
DB02_to_DK01#alt2,2,7,1800.0,250.0,0.2151,0.0
DB02_to_DK01#alt2,2,8,1750.0,200.0,0.2151,0.0
DB02_to_DK01#alt2,2,9,1700.0,200.0,0.2431,0.0
DB02_to_DK01#alt2,2,10,1650.0,200.0,0.2721,0.0
DB02_to_DK01#alt2,2,11,1600.0,200.0,0.3077,0.0
DB02_to_DK01#alt2,2,12,1550.0,200.0,0.344,0.0
DB02_to_DK01#alt2,2,13,1500.0,200.0,0.3895,0.0
DB02_to_DK01#alt2,2,14,1450.0,200.0,0.4346,0.0
DB02_to_DK01#alt2,2,15,1400.0,200.0,0.4746,0.0
DB02_to_DK01#alt2,2,16,1350.0,200.0,0.503,0.0
DB02_to_DK01#alt2,2,17,1300.0,200.0,0.5134,0.0
DB02_to_DK01#alt2,2,18,1250.0,200.0,0.5483,0.0
DB02_to_DK01#alt2,2,19,1200.0,200.0,0.6241,0.0
DB02_to_DK01#alt2,2,20,1150.0,150.0,0.6241,0.0
DB02_to_DK01#alt2,2,21,1100.0,150.0,0.6889,0.0
DB02_to_DK01#alt2,2,22,1050.0,150.0,0.7165,0.0
DB02_to_DK01#alt2,2,23,1000.0,150.0,0.7165,0.0
DB02_to_DK01#alt2,2,24,950.0,150.0,0.7165,0.0
DB02_to_DK01#alt2,2,25,900.0,150.0,0.7165,0.0
DB02_to_DK01#alt2,2,26,850.0,150.0,0.6889,0.0
DB02_to_DK01#alt2,2,27,800.0,200.0,0.6889,0.0
DB02_to_DK01#alt2,2,28,750.0,250.0,0.6889,0.0
DB02_to_DK01#alt2,2,29,700.0,300.0,0.6889,0.0
DB02_to_DK01#alt2,2,30,650.0,350.0,0.6241,0.0
DB02_to_DK01#alt2,2,31,600.0,400.0,0.6241,0.0
DB02_to_DK01#alt2,2,32,550.0,450.0,0.6241,0.0
DB02_to_DK01#alt2,2,33,500.0,500.0,0.6241,0.0
DB02_to_DK01#alt2,2,34,450.0,550.0,0.6889,0.0
DB02_to_DK01#alt2,2,35,400.0,550.0,0.6241,0.0
DB02_to_DK01#alt2,2,36,350.0,600.0,0.6889,0.0
DB02_to_DK01#alt2,2,37,300.0,650.0,0.6889,0.0
DB02_to_DK01#alt2,2,38,250.0,700.0,0.6241,0.0
DB02_to_DK01#alt2,2,39,200.0,750.0,0.5903,0.0
DB02_to_DK01#alt2,2,40,150.0,800.0,0.5134,0.0
DB02_to_DK01#alt2,2,41,200.0,850.0,0.6065,0.0
DB02_to_DK01#alt2,2,42,200.0,900.0,0.6065,0.0
DB02_to_DK01#alt2,2,43,200.0,950.0,0.5903,0.0
DB02_to_DK01#alt2,2,44,250.0,1000.0,0.6241,0.0
DB02_to_DK01#alt2,2,45,300.0,1050.0,0.6241,0.0
DB02_to_DK01#alt2,2,46,350.0,1100.0,0.6241,0.0
DB02_to_DK01#alt2,2,47,400.0,1150.0,0.5903,0.0
DB02_to_DK01#alt2,2,48,450.0,1200.0,0.5483,0.0
DB02_to_DK01#alt2,2,49,500.0,1250.0,0.5483,0.0
DB02_to_DK01#alt2,2,50,500.0,1300.0,0.4931,0.0
DB02_to_DK01#alt2,2,51,500.0,1350.0,0.4346,0.0
DB02_to_DK01#alt2,2,52,500.0,1400.0,0.3895,0.0
DB02_to_DK01#alt2,2,53,450.0,1450.0,0.3077,0.0
DB02_to_DK01#alt2,2,54,400.0,1500.0,0.2431,0.0
DB02_to_DK01#alt2,2,55,350.0,1550.0,0.1921,0.0
DB02_to_DK01#alt2,2,56,300.0,1600.0,0.1517,0.0
DB02_to_DK01#alt2,2,57,250.0,1650.0,0.1199,0.0
DB02_to_DK01#alt2,2,58,200.0,1700.0,0.0947,0.0
DB02_to_DK01#alt2,2,59,250.0,1750.0,0.0947,0.0
DB02_to_DK01#alt2,2,60,200.0,1800.0,0.0781,0.0
DB02_to_DK01#alt2,2,61,200.0,1850.0,0.0752,0.0
DB02_to_DK01#alt2,2,62,150.0,1900.0,0.0612,0.0
DB02_to_DK01#alt2,2,63,100.0,1950.0,0.0496,0.0
DB02_to_DK01#alt2,2,64,100.0,2000.0,0.0467,0.0
DB02_to_DK01#alt2,2,65,100.0,2050.0,0.0437,0.0
DB02_to_DK01#alt2,2,66,100.0,2100.0,0.0405,0.0
DB02_to_DK01#alt2,2,67,100.0,2150.0,0.0414,0.0
DB02_to_DK01#alt2,2,68,100.0,2200.0,0.0467,0.0
DB02_to_DK01#alt2,2,69,100.0,2250.0,0.0524,0.0
DB02_to_DK01#alt2,2,70,100.0,2300.0,0.0585,0.0
DB02_to_DK01#alt2,2,71,100.0,2350.0,0.065,0.0
DB02_to_DK01#alt2,2,72,100.0,2400.0,0.0717,0.0
DB02_to_DK01#alt2,2,73,100.0,2450.0,0.0785,0.0
DB02_to_DK01#alt2,2,74,100.0,2500.0,0.0854,0.0
DB02_to_DK01#alt2,2,75,50.0,2550.0,0.079,0.0
DB02_to_DK01#alt2,2,76,50.0,2600.0,0.0854,0.0
DB02_to_DK01#alt2,2,77,50.0,2650.0,0.092,0.0
DB02_to_DK01#alt2,2,78,50.0,2700.0,0.0981,0.0
DB02_to_DK01#alt2,2,79,50.0,2750.0,0.1036,0.0
DB02_to_DK01#alt2,2,80,50.0,2800.0,0.1082,0.0
DB02_to_DK01#alt2,2,81,50.0,2850.0,0.1117,0.0
DB02_to_DK01#alt2,2,82,50.0,2900.0,0.1138,0.0
DB02_to_DK01#alt2,2,83,50.0,2950.0,0.1146,0.0
DB02_to_DK01#alt2,2,84,50.0,3000.0,0.1146,0.0
DB02_to_DK01#alt2,2,85,50.0,3050.0,0.1146,0.0
DB02_to_DK01#alt2,2,86,50.0,3100.0,0.1138,0.0
DB02_to_DK01#alt2,2,87,50.0,3150.0,0.1117,0.0
DB02_to_DK01#alt2,2,88,50.0,3200.0,0.1082,0.0
DB02_to_DK01#alt2,2,89,100.0,3250.0,0.1215,0.0
DB02_to_DK01#alt2,2,90,100.0,3300.0,0.1146,0.0
DB02_to_DK01#alt2,2,91,100.0,3350.0,0.1069,0.0
DB02_to_DK01#alt2,2,92,100.0,3400.0,0.1146,0.0
DB02_to_DK01#alt2,2,93,150.0,3450.0,0.1432,0.0
DB02_to_DK01#alt2,2,94,150.0,3500.0,0.1661,0.0
DB02_to_DK01#alt2,2,95,150.0,3550.0,0.1937,0.0
DB02_to_DK01#alt2,2,96,150.0,3600.0,0.2252,0.0
DB02_to_DK01#alt2,2,97,150.0,3650.0,0.2609,0.0
DB02_to_DK01#alt2,2,98,200.0,3700.0,0.3269,0.0
DB02_to_DK01#alt2,2,99,200.0,3750.0,0.3784,0.0
DB02_to_DK01#alt2,2,100,200.0,3800.0,0.4346,0.0
DB02_to_DK01#alt2,2,101,200.0,3850.0,0.4931,0.0
DB02_to_DK01#alt3,3,0,2150.0,600.0,0.4076,0.0
DB02_to_DK01#alt3,3,1,2100.0,650.0,0.4346,0.0
DB02_to_DK01#alt3,3,2,2050.0,650.0,0.3895,0.0
DB02_to_DK01#alt3,3,3,2000.0,600.0,0.3077,0.0
DB02_to_DK01#alt3,3,4,1950.0,650.0,0.3077,0.0
DB02_to_DK01#alt3,3,5,1900.0,700.0,0.3077,0.0
DB02_to_DK01#alt3,3,6,1850.0,750.0,0.3679,0.0
DB02_to_DK01#alt3,3,7,1800.0,800.0,0.4346,0.0
DB02_to_DK01#alt3,3,8,1750.0,850.0,0.5134,0.0
DB02_to_DK01#alt3,3,9,1700.0,900.0,0.6065,0.0
DB02_to_DK01#alt3,3,10,1650.0,950.0,0.7165,0.0
DB02_to_DK01#alt3,3,11,1650.0,1000.0,0.6889,0.0
DB02_to_DK01#alt3,3,12,1600.0,1050.0,0.7165,0.0
DB02_to_DK01#alt3,3,13,1600.0,1100.0,0.7165,0.0
DB02_to_DK01#alt3,3,14,1600.0,1150.0,0.6889,0.0
DB02_to_DK01#alt3,3,15,1550.0,1200.0,0.6889,0.0
DB02_to_DK01#alt3,3,16,1500.0,1250.0,0.6889,0.0
DB02_to_DK01#alt3,3,17,1450.0,1300.0,0.6889,0.0
DB02_to_DK01#alt3,3,18,1400.0,1350.0,0.6889,0.0
DB02_to_DK01#alt3,3,19,1400.0,1400.0,0.6241,0.0
DB02_to_DK01#alt3,3,20,1400.0,1450.0,0.5483,0.0
DB02_to_DK01#alt3,3,21,1400.0,1500.0,0.5134,0.0
DB02_to_DK01#alt3,3,22,1400.0,1550.0,0.5134,0.0
DB02_to_DK01#alt3,3,23,1400.0,1600.0,0.5134,0.0
DB02_to_DK01#alt3,3,24,1400.0,1650.0,0.5134,0.0
DB02_to_DK01#alt3,3,25,1400.0,1700.0,0.503,0.0
DB02_to_DK01#alt3,3,26,1350.0,1750.0,0.5483,0.0
DB02_to_DK01#alt3,3,27,1300.0,1800.0,0.5483,0.0
DB02_to_DK01#alt3,3,28,1250.0,1850.0,0.5903,0.0
DB02_to_DK01#alt3,3,29,1200.0,1900.0,0.6241,0.0
DB02_to_DK01#alt3,3,30,1150.0,1950.0,0.6889,0.0
DB02_to_DK01#alt3,3,31,1100.0,2000.0,0.6889,0.0
DB02_to_DK01#alt3,3,32,1050.0,2050.0,0.6889,0.0
DB02_to_DK01#alt3,3,33,1000.0,2100.0,0.6241,0.0
DB02_to_DK01#alt3,3,34,950.0,2150.0,0.5903,0.0
DB02_to_DK01#alt3,3,35,900.0,2200.0,0.5134,0.0
DB02_to_DK01#alt3,3,36,850.0,2250.0,0.4346,0.0
DB02_to_DK01#alt3,3,37,800.0,2300.0,0.3679,0.0
DB02_to_DK01#alt3,3,38,750.0,2350.0,0.3077,0.0
DB02_to_DK01#alt3,3,39,700.0,2400.0,0.253,0.0
DB02_to_DK01#alt3,3,40,650.0,2450.0,0.281,0.0
DB02_to_DK01#alt3,3,41,600.0,2500.0,0.3006,0.0
DB02_to_DK01#alt3,3,42,550.0,2550.0,0.3077,0.0
DB02_to_DK01#alt3,3,43,550.0,2600.0,0.344,0.0
DB02_to_DK01#alt3,3,44,550.0,2650.0,0.3895,0.0
DB02_to_DK01#alt3,3,45,550.0,2700.0,0.4346,0.0
DB02_to_DK01#alt3,3,46,550.0,2750.0,0.4746,0.0
DB02_to_DK01#alt3,3,47,550.0,2800.0,0.503,0.0
DB02_to_DK01#alt3,3,48,550.0,2850.0,0.5483,0.0
DB02_to_DK01#alt3,3,49,500.0,2900.0,0.503,0.0
DB02_to_DK01#alt3,3,50,550.0,2950.0,0.6065,0.0
DB02_to_DK01#alt3,3,51,550.0,3000.0,0.6065,0.0
DB02_to_DK01#alt3,3,52,600.0,3050.0,0.7165,0.0
DB02_to_DK01#alt3,3,53,600.0,3100.0,0.6889,0.0
DB02_to_DK01#alt3,3,54,650.0,3150.0,0.7165,0.0
DB02_to_DK01#alt3,3,55,650.0,3200.0,0.6889,0.0
DB02_to_DK01#alt3,3,56,700.0,3250.0,0.6889,0.0
DB02_to_DK01#alt3,3,57,750.0,3300.0,0.6889,0.0
DB02_to_DK01#alt3,3,58,800.0,3350.0,0.6065,0.0
DB02_to_DK01#alt3,3,59,800.0,3400.0,0.6241,0.0
DB02_to_DK01#alt3,3,60,750.0,3450.0,0.6241,0.0
DB02_to_DK01#alt3,3,61,700.0,3500.0,0.6241,0.0
DB02_to_DK01#alt3,3,62,650.0,3550.0,0.5903,0.0
DB02_to_DK01#alt3,3,63,600.0,3600.0,0.5134,0.0
DB02_to_DK01#alt3,3,64,600.0,3650.0,0.5483,0.0
DB02_to_DK01#alt3,3,65,600.0,3700.0,0.5903,0.0
DB02_to_DK01#alt3,3,66,550.0,3750.0,0.5134,0.0
DB02_to_DK01#alt3,3,67,500.0,3800.0,0.6065,0.0
DB02_to_DK01#alt3,3,68,450.0,3850.0,0.7165,0.0
DB02_to_DK01#alt3,3,69,400.0,3850.0,0.6889,0.0
DB02_to_DK01#alt3,3,70,350.0,3850.0,0.6241,0.0
DB02_to_DK01#alt3,3,71,300.0,3850.0,0.5903,0.0
DB02_to_DK01#alt3,3,72,250.0,3850.0,0.5483,0.0
DB02_to_DK01#alt3,3,73,200.0,3850.0,0.4931,0.0
DB02_to_DK01#alt4,4,0,2150.0,600.0,0.4076,0.0
DB02_to_DK01#alt4,4,1,2100.0,650.0,0.4346,0.0
DB02_to_DK01#alt4,4,2,2050.0,700.0,0.4346,0.0
DB02_to_DK01#alt4,4,3,2000.0,750.0,0.4346,0.0
DB02_to_DK01#alt4,4,4,1950.0,800.0,0.4076,0.0
DB02_to_DK01#alt4,4,5,1900.0,850.0,0.3784,0.0
DB02_to_DK01#alt4,4,6,1850.0,900.0,0.3679,0.0
DB02_to_DK01#alt4,4,7,1800.0,950.0,0.4346,0.0
DB02_to_DK01#alt4,4,8,1750.0,1000.0,0.503,0.0
DB02_to_DK01#alt4,4,9,1700.0,1050.0,0.5483,0.0
DB02_to_DK01#alt4,4,10,1700.0,1100.0,0.5134,0.0
DB02_to_DK01#alt4,4,11,1700.0,1150.0,0.503,0.0
DB02_to_DK01#alt4,4,12,1700.0,1200.0,0.4746,0.0
DB02_to_DK01#alt4,4,13,1700.0,1250.0,0.4346,0.0
DB02_to_DK01#alt4,4,14,1700.0,1300.0,0.3895,0.0
DB02_to_DK01#alt4,4,15,1700.0,1350.0,0.344,0.0
DB02_to_DK01#alt4,4,16,1700.0,1400.0,0.3077,0.0
DB02_to_DK01#alt4,4,17,1650.0,1450.0,0.3077,0.0
DB02_to_DK01#alt4,4,18,1650.0,1500.0,0.2721,0.0
DB02_to_DK01#alt4,4,19,1600.0,1550.0,0.2721,0.0
DB02_to_DK01#alt4,4,20,1550.0,1600.0,0.3114,0.0
DB02_to_DK01#alt4,4,21,1500.0,1650.0,0.3679,0.0
DB02_to_DK01#alt4,4,22,1450.0,1700.0,0.4275,0.0
DB02_to_DK01#alt4,4,23,1400.0,1750.0,0.4746,0.0
DB02_to_DK01#alt4,4,24,1350.0,1800.0,0.5134,0.0
DB02_to_DK01#alt4,4,25,1300.0,1850.0,0.6065,0.0
DB02_to_DK01#alt4,4,26,1250.0,1900.0,0.6889,0.0
DB02_to_DK01#alt4,4,27,1200.0,1950.0,0.7165,0.0
DB02_to_DK01#alt4,4,28,1150.0,1950.0,0.6889,0.0
DB02_to_DK01#alt4,4,29,1100.0,2000.0,0.6889,0.0
DB02_to_DK01#alt4,4,30,1050.0,2000.0,0.6241,0.0
DB02_to_DK01#alt4,4,31,1000.0,2050.0,0.5903,0.0
DB02_to_DK01#alt4,4,32,950.0,2050.0,0.503,0.0
DB02_to_DK01#alt4,4,33,900.0,2100.0,0.4746,0.0
DB02_to_DK01#alt4,4,34,850.0,2150.0,0.4275,0.0
DB02_to_DK01#alt4,4,35,800.0,2200.0,0.3679,0.0
DB02_to_DK01#alt4,4,36,750.0,2250.0,0.3114,0.0
DB02_to_DK01#alt4,4,37,700.0,2300.0,0.2636,0.0
DB02_to_DK01#alt4,4,38,650.0,2350.0,0.2211,0.0
DB02_to_DK01#alt4,4,39,600.0,2400.0,0.2252,0.0
DB02_to_DK01#alt4,4,40,550.0,2450.0,0.2384,0.0
DB02_to_DK01#alt4,4,41,500.0,2500.0,0.2431,0.0
DB02_to_DK01#alt4,4,42,450.0,2550.0,0.2431,0.0
DB02_to_DK01#alt4,4,43,500.0,2600.0,0.3077,0.0
DB02_to_DK01#alt4,4,44,500.0,2650.0,0.344,0.0
DB02_to_DK01#alt4,4,45,450.0,2700.0,0.3269,0.0
DB02_to_DK01#alt4,4,46,450.0,2750.0,0.3485,0.0
DB02_to_DK01#alt4,4,47,400.0,2800.0,0.3269,0.0
DB02_to_DK01#alt4,4,48,400.0,2850.0,0.3485,0.0
DB02_to_DK01#alt4,4,49,450.0,2900.0,0.4275,0.0
DB02_to_DK01#alt4,4,50,450.0,2950.0,0.4346,0.0
DB02_to_DK01#alt4,4,51,500.0,3000.0,0.5134,0.0
DB02_to_DK01#alt4,4,52,450.0,3050.0,0.4346,0.0
DB02_to_DK01#alt4,4,53,450.0,3100.0,0.4275,0.0
DB02_to_DK01#alt4,4,54,450.0,3150.0,0.4076,0.0
DB02_to_DK01#alt4,4,55,450.0,3200.0,0.3784,0.0
DB02_to_DK01#alt4,4,56,450.0,3250.0,0.3485,0.0
DB02_to_DK01#alt4,4,57,400.0,3300.0,0.281,0.0
DB02_to_DK01#alt4,4,58,400.0,3350.0,0.2609,0.0
DB02_to_DK01#alt4,4,59,400.0,3400.0,0.2384,0.0
DB02_to_DK01#alt4,4,60,400.0,3450.0,0.2407,0.0
DB02_to_DK01#alt4,4,61,350.0,3500.0,0.2151,0.0
DB02_to_DK01#alt4,4,62,300.0,3550.0,0.2407,0.0
DB02_to_DK01#alt4,4,63,350.0,3600.0,0.2972,0.0
DB02_to_DK01#alt4,4,64,300.0,3650.0,0.3269,0.0
DB02_to_DK01#alt4,4,65,250.0,3700.0,0.3485,0.0
DB02_to_DK01#alt4,4,66,200.0,3750.0,0.3784,0.0
DB02_to_DK01#alt4,4,67,200.0,3800.0,0.4346,0.0
DB02_to_DK01#alt4,4,68,200.0,3850.0,0.4931,0.0
DB02_to_DK01#alt5,5,0,2150.0,600.0,0.4076,0.0
DB02_to_DK01#alt5,5,1,2100.0,550.0,0.3269,0.0
DB02_to_DK01#alt5,5,2,2050.0,600.0,0.344,0.0
DB02_to_DK01#alt5,5,3,2000.0,600.0,0.3077,0.0
DB02_to_DK01#alt5,5,4,1950.0,600.0,0.2721,0.0
DB02_to_DK01#alt5,5,5,1900.0,600.0,0.281,0.0
DB02_to_DK01#alt5,5,6,1850.0,550.0,0.3077,0.0
DB02_to_DK01#alt5,5,7,1800.0,600.0,0.3784,0.0
DB02_to_DK01#alt5,5,8,1750.0,550.0,0.4275,0.0
DB02_to_DK01#alt5,5,9,1700.0,550.0,0.503,0.0
DB02_to_DK01#alt5,5,10,1650.0,500.0,0.5483,0.0
DB02_to_DK01#alt5,5,11,1600.0,450.0,0.5483,0.0
DB02_to_DK01#alt5,5,12,1550.0,400.0,0.5483,0.0
DB02_to_DK01#alt5,5,13,1500.0,350.0,0.5483,0.0
DB02_to_DK01#alt5,5,14,1450.0,300.0,0.5483,0.0
DB02_to_DK01#alt5,5,15,1400.0,250.0,0.5483,0.0
DB02_to_DK01#alt5,5,16,1350.0,200.0,0.503,0.0
DB02_to_DK01#alt5,5,17,1300.0,150.0,0.4346,0.0
DB02_to_DK01#alt5,5,18,1250.0,100.0,0.4346,0.0
DB02_to_DK01#alt5,5,19,1200.0,50.0,0.4346,0.0
DB02_to_DK01#alt5,5,20,1150.0,50.0,0.4746,0.0
DB02_to_DK01#alt5,5,21,1100.0,50.0,0.503,0.0
DB02_to_DK01#alt5,5,22,1050.0,50.0,0.5134,0.0
DB02_to_DK01#alt5,5,23,1000.0,50.0,0.5134,0.0
DB02_to_DK01#alt5,5,24,950.0,50.0,0.5134,0.0
DB02_to_DK01#alt5,5,25,900.0,100.0,0.6065,0.0
DB02_to_DK01#alt5,5,26,850.0,150.0,0.6889,0.0
DB02_to_DK01#alt5,5,27,800.0,200.0,0.6889,0.0
DB02_to_DK01#alt5,5,28,750.0,200.0,0.6241,0.0
DB02_to_DK01#alt5,5,29,700.0,250.0,0.6241,0.0
DB02_to_DK01#alt5,5,30,650.0,300.0,0.5903,0.0
DB02_to_DK01#alt5,5,31,600.0,350.0,0.5483,0.0
DB02_to_DK01#alt5,5,32,550.0,400.0,0.5483,0.0
DB02_to_DK01#alt5,5,33,500.0,450.0,0.5483,0.0
DB02_to_DK01#alt5,5,34,450.0,500.0,0.5903,0.0
DB02_to_DK01#alt5,5,35,400.0,500.0,0.5483,0.0
DB02_to_DK01#alt5,5,36,350.0,550.0,0.5903,0.0
DB02_to_DK01#alt5,5,37,300.0,600.0,0.6241,0.0
DB02_to_DK01#alt5,5,38,250.0,650.0,0.5903,0.0
DB02_to_DK01#alt5,5,39,200.0,700.0,0.5483,0.0
DB02_to_DK01#alt5,5,40,150.0,750.0,0.503,0.0
DB02_to_DK01#alt5,5,41,100.0,800.0,0.4346,0.0
DB02_to_DK01#alt5,5,42,150.0,850.0,0.5134,0.0
DB02_to_DK01#alt5,5,43,150.0,900.0,0.5134,0.0
DB02_to_DK01#alt5,5,44,150.0,950.0,0.503,0.0
DB02_to_DK01#alt5,5,45,150.0,1000.0,0.4746,0.0
DB02_to_DK01#alt5,5,46,150.0,1050.0,0.4346,0.0
DB02_to_DK01#alt5,5,47,200.0,1100.0,0.4346,0.0
DB02_to_DK01#alt5,5,48,250.0,1150.0,0.4346,0.0
DB02_to_DK01#alt5,5,49,300.0,1200.0,0.4346,0.0
DB02_to_DK01#alt5,5,50,350.0,1250.0,0.4076,0.0
DB02_to_DK01#alt5,5,51,400.0,1300.0,0.3895,0.0
DB02_to_DK01#alt5,5,52,450.0,1350.0,0.3895,0.0
DB02_to_DK01#alt5,5,53,500.0,1400.0,0.3895,0.0
DB02_to_DK01#alt5,5,54,550.0,1450.0,0.3895,0.0
DB02_to_DK01#alt5,5,55,550.0,1500.0,0.344,0.0
DB02_to_DK01#alt5,5,56,500.0,1550.0,0.2721,0.0
DB02_to_DK01#alt5,5,57,450.0,1600.0,0.2151,0.0
DB02_to_DK01#alt5,5,58,400.0,1650.0,0.17,0.0
DB02_to_DK01#alt5,5,59,350.0,1700.0,0.1344,0.0
DB02_to_DK01#alt5,5,60,300.0,1750.0,0.1117,0.0
DB02_to_DK01#alt5,5,61,250.0,1800.0,0.092,0.0
DB02_to_DK01#alt5,5,62,250.0,1850.0,0.0883,0.0
DB02_to_DK01#alt5,5,63,200.0,1900.0,0.0717,0.0
DB02_to_DK01#alt5,5,64,200.0,1950.0,0.0677,0.0
DB02_to_DK01#alt5,5,65,150.0,2000.0,0.0544,0.0
DB02_to_DK01#alt5,5,66,200.0,2050.0,0.0588,0.0
DB02_to_DK01#alt5,5,67,200.0,2100.0,0.0542,0.0
DB02_to_DK01#alt5,5,68,200.0,2150.0,0.0524,0.0
DB02_to_DK01#alt5,5,69,250.0,2200.0,0.0663,0.0
DB02_to_DK01#alt5,5,70,200.0,2250.0,0.0663,0.0
DB02_to_DK01#alt5,5,71,200.0,2300.0,0.0748,0.0
DB02_to_DK01#alt5,5,72,200.0,2350.0,0.0839,0.0
DB02_to_DK01#alt5,5,73,200.0,2400.0,0.0936,0.0
DB02_to_DK01#alt5,5,74,150.0,2450.0,0.0904,0.0
DB02_to_DK01#alt5,5,75,150.0,2500.0,0.0987,0.0
DB02_to_DK01#alt5,5,76,150.0,2550.0,0.1069,0.0
DB02_to_DK01#alt5,5,77,150.0,2600.0,0.1146,0.0
DB02_to_DK01#alt5,5,78,150.0,2650.0,0.1239,0.0
DB02_to_DK01#alt5,5,79,150.0,2700.0,0.1335,0.0
DB02_to_DK01#alt5,5,80,150.0,2750.0,0.1422,0.0
DB02_to_DK01#alt5,5,81,150.0,2800.0,0.1495,0.0
DB02_to_DK01#alt5,5,82,200.0,2850.0,0.1827,0.0
DB02_to_DK01#alt5,5,83,250.0,2900.0,0.2211,0.0
DB02_to_DK01#alt5,5,84,200.0,2950.0,0.1889,0.0
DB02_to_DK01#alt5,5,85,200.0,3000.0,0.1889,0.0
DB02_to_DK01#alt5,5,86,150.0,3050.0,0.1599,0.0
DB02_to_DK01#alt5,5,87,100.0,3100.0,0.1344,0.0
DB02_to_DK01#alt5,5,88,50.0,3150.0,0.1117,0.0
DB02_to_DK01#alt5,5,89,50.0,3200.0,0.1082,0.0
DB02_to_DK01#alt5,5,90,50.0,3250.0,0.1036,0.0
DB02_to_DK01#alt5,5,91,50.0,3300.0,0.0981,0.0
DB02_to_DK01#alt5,5,92,50.0,3350.0,0.092,0.0
DB02_to_DK01#alt5,5,93,50.0,3400.0,0.1069,0.0
DB02_to_DK01#alt5,5,94,100.0,3450.0,0.1335,0.0
DB02_to_DK01#alt5,5,95,100.0,3500.0,0.1551,0.0
DB02_to_DK01#alt5,5,96,100.0,3550.0,0.1798,0.0
DB02_to_DK01#alt5,5,97,100.0,3600.0,0.2076,0.0
DB02_to_DK01#alt5,5,98,150.0,3650.0,0.2609,0.0
DB02_to_DK01#alt5,5,99,150.0,3700.0,0.3006,0.0
DB02_to_DK01#alt5,5,100,200.0,3750.0,0.3784,0.0
DB02_to_DK01#alt5,5,101,200.0,3800.0,0.4346,0.0
DB02_to_DK01#alt5,5,102,200.0,3850.0,0.4931,0.0
DB02_to_DK01#alt6,6,0,2150.0,600.0,0.4076,0.0
DB02_to_DK01#alt6,6,1,2150.0,650.0,0.4746,0.0
DB02_to_DK01#alt6,6,2,2100.0,700.0,0.4931,0.0
DB02_to_DK01#alt6,6,3,2050.0,750.0,0.4931,0.0
DB02_to_DK01#alt6,6,4,2000.0,800.0,0.4746,0.0
DB02_to_DK01#alt6,6,5,1950.0,850.0,0.4346,0.0
DB02_to_DK01#alt6,6,6,1900.0,900.0,0.4076,0.0
DB02_to_DK01#alt6,6,7,1850.0,950.0,0.3679,0.0
DB02_to_DK01#alt6,6,8,1800.0,1000.0,0.4275,0.0
DB02_to_DK01#alt6,6,9,1800.0,1050.0,0.4076,0.0
DB02_to_DK01#alt6,6,10,1750.0,1100.0,0.4346,0.0
DB02_to_DK01#alt6,6,11,1750.0,1150.0,0.4275,0.0
DB02_to_DK01#alt6,6,12,1800.0,1200.0,0.3679,0.0
DB02_to_DK01#alt6,6,13,1800.0,1250.0,0.3679,0.0
DB02_to_DK01#alt6,6,14,1800.0,1300.0,0.3628,0.0
DB02_to_DK01#alt6,6,15,1750.0,1350.0,0.3077,0.0
DB02_to_DK01#alt6,6,16,1750.0,1400.0,0.281,0.0
DB02_to_DK01#alt6,6,17,1700.0,1450.0,0.2721,0.0
DB02_to_DK01#alt6,6,18,1700.0,1500.0,0.2431,0.0
DB02_to_DK01#alt6,6,19,1700.0,1550.0,0.2151,0.0
DB02_to_DK01#alt6,6,20,1650.0,1600.0,0.2231,0.0
DB02_to_DK01#alt6,6,21,1600.0,1650.0,0.2636,0.0
DB02_to_DK01#alt6,6,22,1550.0,1700.0,0.3269,0.0
DB02_to_DK01#alt6,6,23,1500.0,1750.0,0.4076,0.0
DB02_to_DK01#alt6,6,24,1450.0,1800.0,0.503,0.0
DB02_to_DK01#alt6,6,25,1400.0,1850.0,0.6065,0.0
DB02_to_DK01#alt6,6,26,1350.0,1900.0,0.7165,0.0
DB02_to_DK01#alt6,6,27,1300.0,1850.0,0.6065,0.0
DB02_to_DK01#alt6,6,28,1250.0,1850.0,0.5903,0.0
DB02_to_DK01#alt6,6,29,1200.0,1850.0,0.5903,0.0
DB02_to_DK01#alt6,6,30,1150.0,1850.0,0.6065,0.0
DB02_to_DK01#alt6,6,31,1100.0,1900.0,0.5483,0.0
DB02_to_DK01#alt6,6,32,1050.0,1900.0,0.5134,0.0
DB02_to_DK01#alt6,6,33,1000.0,1900.0,0.5134,0.0
DB02_to_DK01#alt6,6,34,950.0,1850.0,0.5903,0.0
DB02_to_DK01#alt6,6,35,900.0,1850.0,0.5483,0.0
DB02_to_DK01#alt6,6,36,850.0,1900.0,0.4346,0.0
DB02_to_DK01#alt6,6,37,800.0,1900.0,0.3895,0.0
DB02_to_DK01#alt6,6,38,750.0,1950.0,0.3077,0.0
DB02_to_DK01#alt6,6,39,700.0,2000.0,0.2431,0.0
DB02_to_DK01#alt6,6,40,650.0,2050.0,0.2057,0.0
DB02_to_DK01#alt6,6,41,600.0,2100.0,0.1827,0.0
DB02_to_DK01#alt6,6,42,550.0,2150.0,0.1587,0.0
DB02_to_DK01#alt6,6,43,500.0,2200.0,0.1353,0.0
DB02_to_DK01#alt6,6,44,450.0,2250.0,0.1146,0.0
DB02_to_DK01#alt6,6,45,400.0,2300.0,0.1183,0.0
DB02_to_DK01#alt6,6,46,350.0,2350.0,0.1199,0.0
DB02_to_DK01#alt6,6,47,300.0,2400.0,0.1199,0.0
DB02_to_DK01#alt6,6,48,300.0,2450.0,0.1344,0.0
DB02_to_DK01#alt6,6,49,250.0,2500.0,0.1308,0.0
DB02_to_DK01#alt6,6,50,250.0,2550.0,0.1432,0.0
DB02_to_DK01#alt6,6,51,250.0,2600.0,0.1551,0.0
DB02_to_DK01#alt6,6,52,250.0,2650.0,0.1661,0.0
DB02_to_DK01#alt6,6,53,300.0,2700.0,0.2076,0.0
DB02_to_DK01#alt6,6,54,300.0,2750.0,0.2252,0.0
DB02_to_DK01#alt6,6,55,300.0,2800.0,0.2407,0.0
DB02_to_DK01#alt6,6,56,300.0,2850.0,0.253,0.0
DB02_to_DK01#alt6,6,57,300.0,2900.0,0.2609,0.0
DB02_to_DK01#alt6,6,58,300.0,2950.0,0.2636,0.0
DB02_to_DK01#alt6,6,59,300.0,3000.0,0.2636,0.0
DB02_to_DK01#alt6,6,60,300.0,3050.0,0.2636,0.0
DB02_to_DK01#alt6,6,61,300.0,3100.0,0.2609,0.0
DB02_to_DK01#alt6,6,62,300.0,3150.0,0.253,0.0
DB02_to_DK01#alt6,6,63,300.0,3200.0,0.2407,0.0
DB02_to_DK01#alt6,6,64,300.0,3250.0,0.2252,0.0
DB02_to_DK01#alt6,6,65,300.0,3300.0,0.2076,0.0
DB02_to_DK01#alt6,6,66,300.0,3350.0,0.1937,0.0
DB02_to_DK01#alt6,6,67,300.0,3400.0,0.1798,0.0
DB02_to_DK01#alt6,6,68,250.0,3450.0,0.1661,0.0
DB02_to_DK01#alt6,6,69,300.0,3500.0,0.2057,0.0
DB02_to_DK01#alt6,6,70,300.0,3550.0,0.2407,0.0
DB02_to_DK01#alt6,6,71,350.0,3600.0,0.2972,0.0
DB02_to_DK01#alt6,6,72,350.0,3650.0,0.3485,0.0
DB02_to_DK01#alt6,6,73,300.0,3700.0,0.3784,0.0
DB02_to_DK01#alt6,6,74,250.0,3750.0,0.4076,0.0
DB02_to_DK01#alt6,6,75,200.0,3800.0,0.4346,0.0
DB02_to_DK01#alt6,6,76,200.0,3850.0,0.4931,0.0
DB02_to_DK01#alt7,7,0,2150.0,600.0,0.4076,0.0
DB02_to_DK01#alt7,7,1,2150.0,650.0,0.4746,0.0
DB02_to_DK01#alt7,7,2,2150.0,700.0,0.5483,0.0
DB02_to_DK01#alt7,7,3,2150.0,750.0,0.6241,0.0
DB02_to_DK01#alt7,7,4,2100.0,800.0,0.6241,0.0
DB02_to_DK01#alt7,7,5,2050.0,850.0,0.5903,0.0
DB02_to_DK01#alt7,7,6,2050.0,900.0,0.6241,0.0
DB02_to_DK01#alt7,7,7,2000.0,950.0,0.5903,0.0
DB02_to_DK01#alt7,7,8,1950.0,1000.0,0.5134,0.0
DB02_to_DK01#alt7,7,9,1900.0,1050.0,0.4746,0.0
DB02_to_DK01#alt7,7,10,1900.0,1100.0,0.503,0.0
DB02_to_DK01#alt7,7,11,1900.0,1150.0,0.5134,0.0
DB02_to_DK01#alt7,7,12,1850.0,1200.0,0.4346,0.0
DB02_to_DK01#alt7,7,13,1800.0,1250.0,0.3679,0.0
DB02_to_DK01#alt7,7,14,1750.0,1300.0,0.344,0.0
DB02_to_DK01#alt7,7,15,1700.0,1350.0,0.344,0.0
DB02_to_DK01#alt7,7,16,1650.0,1400.0,0.344,0.0
DB02_to_DK01#alt7,7,17,1600.0,1450.0,0.344,0.0
DB02_to_DK01#alt7,7,18,1550.0,1500.0,0.344,0.0
DB02_to_DK01#alt7,7,19,1500.0,1500.0,0.3895,0.0
DB02_to_DK01#alt7,7,20,1450.0,1550.0,0.4346,0.0
DB02_to_DK01#alt7,7,21,1400.0,1600.0,0.5134,0.0
DB02_to_DK01#alt7,7,22,1350.0,1650.0,0.6065,0.0
DB02_to_DK01#alt7,7,23,1300.0,1700.0,0.6889,0.0
DB02_to_DK01#alt7,7,24,1250.0,1750.0,0.6889,0.0
DB02_to_DK01#alt7,7,25,1200.0,1800.0,0.6889,0.0
DB02_to_DK01#alt7,7,26,1150.0,1850.0,0.6065,0.0
DB02_to_DK01#alt7,7,27,1100.0,1900.0,0.5483,0.0
DB02_to_DK01#alt7,7,28,1050.0,1950.0,0.5483,0.0
DB02_to_DK01#alt7,7,29,1000.0,2000.0,0.5483,0.0
DB02_to_DK01#alt7,7,30,950.0,2050.0,0.503,0.0
DB02_to_DK01#alt7,7,31,900.0,2100.0,0.4746,0.0
DB02_to_DK01#alt7,7,32,850.0,2150.0,0.4275,0.0
DB02_to_DK01#alt7,7,33,800.0,2200.0,0.3679,0.0
DB02_to_DK01#alt7,7,34,750.0,2250.0,0.3114,0.0
DB02_to_DK01#alt7,7,35,700.0,2300.0,0.2636,0.0
DB02_to_DK01#alt7,7,36,650.0,2350.0,0.2211,0.0
DB02_to_DK01#alt7,7,37,650.0,2400.0,0.2407,0.0
DB02_to_DK01#alt7,7,38,650.0,2450.0,0.281,0.0
DB02_to_DK01#alt7,7,39,650.0,2500.0,0.3269,0.0
DB02_to_DK01#alt7,7,40,600.0,2550.0,0.344,0.0
DB02_to_DK01#alt7,7,41,600.0,2600.0,0.3895,0.0
DB02_to_DK01#alt7,7,42,600.0,2650.0,0.4346,0.0
DB02_to_DK01#alt7,7,43,600.0,2700.0,0.4931,0.0
DB02_to_DK01#alt7,7,44,600.0,2750.0,0.5483,0.0
DB02_to_DK01#alt7,7,45,550.0,2800.0,0.503,0.0
DB02_to_DK01#alt7,7,46,500.0,2850.0,0.4746,0.0
DB02_to_DK01#alt7,7,47,500.0,2900.0,0.503,0.0
DB02_to_DK01#alt7,7,48,500.0,2950.0,0.5134,0.0
DB02_to_DK01#alt7,7,49,550.0,3000.0,0.6065,0.0
DB02_to_DK01#alt7,7,50,550.0,3050.0,0.6065,0.0
DB02_to_DK01#alt7,7,51,550.0,3100.0,0.5903,0.0
DB02_to_DK01#alt7,7,52,500.0,3150.0,0.4746,0.0
DB02_to_DK01#alt7,7,53,500.0,3200.0,0.4346,0.0
DB02_to_DK01#alt7,7,54,500.0,3250.0,0.4076,0.0
DB02_to_DK01#alt7,7,55,500.0,3300.0,0.3784,0.0
DB02_to_DK01#alt7,7,56,500.0,3350.0,0.344,0.0
DB02_to_DK01#alt7,7,57,500.0,3400.0,0.3077,0.0
DB02_to_DK01#alt7,7,58,500.0,3450.0,0.3269,0.0
DB02_to_DK01#alt7,7,59,500.0,3500.0,0.3485,0.0
DB02_to_DK01#alt7,7,60,500.0,3550.0,0.3628,0.0
DB02_to_DK01#alt7,7,61,450.0,3600.0,0.3269,0.0
DB02_to_DK01#alt7,7,62,400.0,3650.0,0.3628,0.0
DB02_to_DK01#alt7,7,63,350.0,3700.0,0.4076,0.0
DB02_to_DK01#alt7,7,64,300.0,3750.0,0.4346,0.0
DB02_to_DK01#alt7,7,65,250.0,3800.0,0.4746,0.0
DB02_to_DK01#alt7,7,66,200.0,3850.0,0.4931,0.0
