pair,alt,direction,seq,x,y,risk,conflict
DB01_to_DK03#alt0,0,fwd,0,1000.0,3900.0,0.7165,0.0
DB01_to_DK03#alt0,0,fwd,1,950.0,3883.33,0.6889,0.0
DB01_to_DK03#alt0,0,fwd,2,900.0,3850.0,0.6889,0.0
DB01_to_DK03#alt0,0,fwd,3,850.0,3800.0,0.6889,0.0
DB01_to_DK03#alt0,0,fwd,4,800.0,3750.0,0.6241,0.0
DB01_to_DK03#alt0,0,fwd,5,750.0,3700.0,0.5903,0.0
DB01_to_DK03#alt0,0,fwd,6,700.0,3650.0,0.5134,0.0
DB01_to_DK03#alt0,0,fwd,7,666.67,3600.0,0.4746,0.0
DB01_to_DK03#alt0,0,fwd,8,650.0,3550.0,0.503,0.0
DB01_to_DK03#alt0,0,fwd,9,633.33,3500.0,0.5134,0.0
DB01_to_DK03#alt0,0,fwd,10,616.67,3450.0,0.4275,0.0
DB01_to_DK03#alt0,0,fwd,11,600.0,3400.0,0.4076,0.0
DB01_to_DK03#alt0,0,fwd,12,600.0,3350.0,0.3784,0.0
DB01_to_DK03#alt0,0,fwd,13,583.33,3300.0,0.3628,0.0
DB01_to_DK03#alt0,0,fwd,14,566.67,3250.0,0.2972,0.0
DB01_to_DK03#alt0,0,fwd,15,550.0,3200.0,0.281,0.0
DB01_to_DK03#alt0,0,fwd,16,550.0,3150.0,0.2609,0.0
DB01_to_DK03#alt0,0,fwd,17,533.33,3100.0,0.2407,0.0
DB01_to_DK03#alt0,0,fwd,18,516.67,3050.0,0.1937,0.0
DB01_to_DK03#alt0,0,fwd,19,500.0,3000.0,0.1798,0.0
DB01_to_DK03#alt0,0,fwd,20,500.0,2950.0,0.1648,0.0
DB01_to_DK03#alt0,0,fwd,21,483.33,2900.0,0.1495,0.0
DB01_to_DK03#alt0,0,fwd,22,483.33,2850.0,0.1344,0.0
DB01_to_DK03#alt0,0,fwd,23,483.33,2800.0,0.1199,0.0
DB01_to_DK03#alt0,0,fwd,24,516.67,2750.0,0.1062,0.0
DB01_to_DK03#alt0,0,fwd,25,533.33,2700.0,0.1062,0.0
DB01_to_DK03#alt0,0,fwd,26,566.67,2650.0,0.0936,0.0
DB01_to_DK03#alt0,0,fwd,27,583.33,2600.0,0.0904,0.0
DB01_to_DK03#alt0,0,fwd,28,616.67,2550.0,0.0785,0.0
DB01_to_DK03#alt0,0,fwd,29,633.33,2500.0,0.0821,0.0
DB01_to_DK03#alt0,0,fwd,30,650.0,2450.0,0.0821,0.0
DB01_to_DK03#alt0,0,fwd,31,666.67,2400.0,0.0854,0.0
DB01_to_DK03#alt0,0,fwd,32,683.33,2350.0,0.1069,0.0
DB01_to_DK03#alt0,0,fwd,33,700.0,2300.0,0.1239,0.0
DB01_to_DK03#alt0,0,fwd,34,700.0,2250.0,0.1432,0.0
DB01_to_DK03#alt0,0,fwd,35,700.0,2200.0,0.1648,0.0
DB01_to_DK03#alt0,0,fwd,36,700.0,2150.0,0.1889,0.0
DB01_to_DK03#alt0,0,fwd,37,700.0,2100.0,0.2151,0.0
DB01_to_DK03#alt0,0,fwd,38,700.0,2050.0,0.2431,0.0
DB01_to_DK03#alt0,0,fwd,39,700.0,2000.0,0.2721,0.0
DB01_to_DK03#alt0,0,fwd,40,700.0,1950.0,0.3077,0.0
DB01_to_DK03#alt0,0,fwd,41,700.0,1900.0,0.344,0.0
DB01_to_DK03#alt0,0,fwd,42,700.0,1850.0,0.3895,0.0
DB01_to_DK03#alt0,0,fwd,43,683.33,1800.0,0.4346,0.0
DB01_to_DK03#alt0,0,fwd,44,666.67,1750.0,0.4076,0.0
DB01_to_DK03#alt0,0,fwd,45,666.67,1700.0,0.4275,0.0
DB01_to_DK03#alt0,0,fwd,46,700.0,1650.0,0.5134,0.0
DB01_to_DK03#alt0,0,fwd,47,750.0,1600.0,0.5903,0.0
DB01_to_DK03#alt0,0,fwd,48,800.0,1550.0,0.6241,0.0
DB01_to_DK03#alt0,0,fwd,49,850.0,1500.0,0.6889,0.0
DB01_to_DK03#alt0,0,fwd,50,900.0,1450.0,0.6889,0.0
DB01_to_DK03#alt0,0,fwd,51,950.0,1400.0,0.6065,0.0
DB01_to_DK03#alt0,0,fwd,52,1000.0,1350.0,0.5134,0.0
DB01_to_DK03#alt0,0,fwd,53,1033.33,1300.0,0.4346,0.0
DB01_to_DK03#alt0,0,fwd,54,1050.0,1250.0,0.3679,0.0
DK03_to_DB01#alt0,0,bwd,0,1050.0,1250.0,0.3679,0.0
DK03_to_DB01#alt0,0,bwd,1,1000.0,1266.67,0.3679,0.0
DK03_to_DB01#alt0,0,bwd,2,950.0,1300.0,0.4346,0.0
DK03_to_DB01#alt0,0,bwd,3,900.0,1350.0,0.503,0.0
DK03_to_DB01#alt0,0,bwd,4,850.0,1400.0,0.5483,0.0
DK03_to_DB01#alt0,0,bwd,5,800.0,1450.0,0.5483,0.0
DK03_to_DB01#alt0,0,bwd,6,750.0,1500.0,0.503,0.0
DK03_to_DB01#alt0,0,bwd,7,700.0,1550.0,0.4746,0.0
DK03_to_DB01#alt0,0,bwd,8,650.0,1600.0,0.4275,0.0
DK03_to_DB01#alt0,0,bwd,9,600.0,1650.0,0.3679,0.0
DK03_to_DB01#alt0,0,bwd,10,550.0,1700.0,0.3077,0.0
DK03_to_DB01#alt0,0,bwd,11,500.0,1750.0,0.253,0.0
DK03_to_DB01#alt0,0,bwd,12,450.0,1800.0,0.2057,0.0
DK03_to_DB01#alt0,0,bwd,13,400.0,1833.33,0.1661,0.0
DK03_to_DB01#alt0,0,bwd,14,350.0,1850.0,0.1422,0.0
DK03_to_DB01#alt0,0,bwd,15,300.0,1866.67,0.1215,0.0
DK03_to_DB01#alt0,0,bwd,16,250.0,1900.0,0.0981,0.0
DK03_to_DB01#alt0,0,bwd,17,200.0,1950.0,0.079,0.0
DK03_to_DB01#alt0,0,bwd,18,166.67,2000.0,0.0634,0.0
DK03_to_DB01#alt0,0,bwd,19,150.0,2050.0,0.0588,0.0
DK03_to_DB01#alt0,0,bwd,20,150.0,2100.0,0.0542,0.0
DK03_to_DB01#alt0,0,bwd,21,150.0,2150.0,0.0496,0.0
DK03_to_DB01#alt0,0,bwd,22,150.0,2200.0,0.045,0.0
DK03_to_DB01#alt0,0,bwd,23,150.0,2250.0,0.0407,0.0
DK03_to_DB01#alt0,0,bwd,24,150.0,2300.0,0.0366,0.0
DK03_to_DB01#alt0,0,bwd,25,150.0,2350.0,0.0327,0.0
DK03_to_DB01#alt0,0,bwd,26,150.0,2400.0,0.0291,0.0
DK03_to_DB01#alt0,0,bwd,27,150.0,2450.0,0.0259,0.0
DK03_to_DB01#alt0,0,bwd,28,150.0,2500.0,0.0259,0.0
DK03_to_DB01#alt0,0,bwd,29,150.0,2550.0,0.0289,0.0
DK03_to_DB01#alt0,0,bwd,30,150.0,2600.0,0.0322,0.0
DK03_to_DB01#alt0,0,bwd,31,150.0,2650.0,0.0357,0.0
DK03_to_DB01#alt0,0,bwd,32,150.0,2700.0,0.0393,0.0
DK03_to_DB01#alt0,0,bwd,33,150.0,2750.0,0.0431,0.0
DK03_to_DB01#alt0,0,bwd,34,150.0,2800.0,0.0469,0.0
DK03_to_DB01#alt0,0,bwd,35,150.0,2850.0,0.0507,0.0
DK03_to_DB01#alt0,0,bwd,36,150.0,2900.0,0.0544,0.0
DK03_to_DB01#alt0,0,bwd,37,150.0,2950.0,0.0588,0.0
DK03_to_DB01#alt0,0,bwd,38,150.0,3000.0,0.0634,0.0
DK03_to_DB01#alt0,0,bwd,39,150.0,3050.0,0.0677,0.0
DK03_to_DB01#alt0,0,bwd,40,150.0,3100.0,0.0717,0.0
DK03_to_DB01#alt0,0,bwd,41,150.0,3150.0,0.0752,0.0
DK03_to_DB01#alt0,0,bwd,42,150.0,3200.0,0.079,0.0
DK03_to_DB01#alt0,0,bwd,43,150.0,3250.0,0.0839,0.0
DK03_to_DB01#alt0,0,bwd,44,150.0,3300.0,0.0883,0.0
DK03_to_DB01#alt0,0,bwd,45,150.0,3350.0,0.092,0.0
DK03_to_DB01#alt0,0,bwd,46,150.0,3400.0,0.0947,0.0
DK03_to_DB01#alt0,0,bwd,47,150.0,3450.0,0.0964,0.0
DK03_to_DB01#alt0,0,bwd,48,150.0,3500.0,0.097,0.0
DK03_to_DB01#alt0,0,bwd,49,150.0,3550.0,0.0964,0.0
DK03_to_DB01#alt0,0,bwd,50,166.67,3600.0,0.0947,0.0
DK03_to_DB01#alt0,0,bwd,51,200.0,3650.0,0.1082,0.0
DK03_to_DB01#alt0,0,bwd,52,250.0,3700.0,0.1215,0.0
DK03_to_DB01#alt0,0,bwd,53,300.0,3750.0,0.1495,0.0
DK03_to_DB01#alt0,0,bwd,54,350.0,3800.0,0.1827,0.0
DK03_to_DB01#alt0,0,bwd,55,400.0,3850.0,0.2211,0.0
DK03_to_DB01#alt0,0,bwd,56,450.0,3900.0,0.2636,0.0
DK03_to_DB01#alt0,0,bwd,57,500.0,3916.67,0.2636,0.0
DK03_to_DB01#alt0,0,bwd,58,550.0,3900.0,0.2636,0.0
DK03_to_DB01#alt0,0,bwd,59,600.0,3883.33,0.281,0.0
DK03_to_DB01#alt0,0,bwd,60,650.0,3900.0,0.3269,0.0
DK03_to_DB01#alt0,0,bwd,61,700.0,3933.33,0.344,0.0
DK03_to_DB01#alt0,0,bwd,62,750.0,3950.0,0.3895,0.0
DK03_to_DB01#alt0,0,bwd,63,800.0,3950.0,0.4346,0.0
DK03_to_DB01#alt0,0,bwd,64,850.0,3933.33,0.4931,0.0
DK03_to_DB01#alt0,0,bwd,65,900.0,3916.67,0.6241,0.0
DK03_to_DB01#alt0,0,bwd,66,950.0,3900.0,0.6889,0.0
DK03_to_DB01#alt0,0,bwd,67,1000.0,3900.0,0.7165,0.0
DB01_to_DK03#alt1,1,fwd,0,1000.0,3900.0,0.7165,0.0
DB01_to_DK03#alt1,1,fwd,1,950.0,3916.67,0.6889,0.0
DB01_to_DK03#alt1,1,fwd,2,900.0,3900.0,0.6241,0.0
DB01_to_DK03#alt1,1,fwd,3,850.0,3850.0,0.6241,0.0
DB01_to_DK03#alt1,1,fwd,4,800.0,3800.0,0.5903,0.0
DB01_to_DK03#alt1,1,fwd,5,750.0,3750.0,0.5483,0.0
DB01_to_DK03#alt1,1,fwd,6,733.33,3700.0,0.5903,0.0
DB01_to_DK03#alt1,1,fwd,7,733.33,3650.0,0.6065,0.0
DB01_to_DK03#alt1,1,fwd,8,750.0,3600.0,0.6241,0.0
DB01_to_DK03#alt1,1,fwd,9,750.0,3550.0,0.6889,0.0
DB01_to_DK03#alt1,1,fwd,10,750.0,3500.0,0.7165,0.0
DB01_to_DK03#alt1,1,fwd,11,733.33,3450.0,0.6889,0.0
DB01_to_DK03#alt1,1,fwd,12,733.33,3400.0,0.6241,0.0
DB01_to_DK03#alt1,1,fwd,13,733.33,3350.0,0.6065,0.0
DB01_to_DK03#alt1,1,fwd,14,766.67,3300.0,0.5903,0.0
DB01_to_DK03#alt1,1,fwd,15,800.0,3250.0,0.6241,0.0
DB01_to_DK03#alt1,1,fwd,16,833.33,3200.0,0.6889,0.0
DB01_to_DK03#alt1,1,fwd,17,866.67,3150.0,0.6241,0.0
DB01_to_DK03#alt1,1,fwd,18,883.33,3100.0,0.6241,0.0
DB01_to_DK03#alt1,1,fwd,19,900.0,3050.0,0.5483,0.0
DB01_to_DK03#alt1,1,fwd,20,900.0,3000.0,0.4746,0.0
DB01_to_DK03#alt1,1,fwd,21,883.33,2950.0,0.4076,0.0
DB01_to_DK03#alt1,1,fwd,22,883.33,2900.0,0.3485,0.0
DB01_to_DK03#alt1,1,fwd,23,866.67,2850.0,0.281,0.0
DB01_to_DK03#alt1,1,fwd,24,866.67,2800.0,0.2407,0.0
DB01_to_DK03#alt1,1,fwd,25,850.0,2750.0,0.2076,0.0
DB01_to_DK03#alt1,1,fwd,26,833.33,2700.0,0.1798,0.0
DB01_to_DK03#alt1,1,fwd,27,816.67,2650.0,0.1432,0.0
DB01_to_DK03#alt1,1,fwd,28,800.0,2600.0,0.1344,0.0
DB01_to_DK03#alt1,1,fwd,29,800.0,2550.0,0.1353,0.0
DB01_to_DK03#alt1,1,fwd,30,800.0,2500.0,0.1353,0.0
DB01_to_DK03#alt1,1,fwd,31,800.0,2450.0,0.1353,0.0
DB01_to_DK03#alt1,1,fwd,32,816.67,2400.0,0.1353,0.0
DB01_to_DK03#alt1,1,fwd,33,850.0,2350.0,0.1587,0.0
DB01_to_DK03#alt1,1,fwd,34,900.0,2300.0,0.1921,0.0
DB01_to_DK03#alt1,1,fwd,35,950.0,2266.67,0.2431,0.0
DB01_to_DK03#alt1,1,fwd,36,1000.0,2250.0,0.2721,0.0
DB01_to_DK03#alt1,1,fwd,37,1050.0,2233.33,0.3006,0.0
DB01_to_DK03#alt1,1,fwd,38,1100.0,2216.67,0.3784,0.0
DB01_to_DK03#alt1,1,fwd,39,1150.0,2200.0,0.4076,0.0
DB01_to_DK03#alt1,1,fwd,40,1200.0,2183.33,0.4275,0.0
DB01_to_DK03#alt1,1,fwd,41,1250.0,2150.0,0.5134,0.0
DB01_to_DK03#alt1,1,fwd,42,1300.0,2116.67,0.6065,0.0
DB01_to_DK03#alt1,1,fwd,43,1350.0,2100.0,0.6065,0.0
DB01_to_DK03#alt1,1,fwd,44,1400.0,2083.33,0.6065,0.0
DB01_to_DK03#alt1,1,fwd,45,1450.0,2050.0,0.6889,0.0
DB01_to_DK03#alt1,1,fwd,46,1500.0,2000.0,0.6889,0.0
DB01_to_DK03#alt1,1,fwd,47,1550.0,1950.0,0.6889,0.0
DB01_to_DK03#alt1,1,fwd,48,1600.0,1900.0,0.6241,0.0
DB01_to_DK03#alt1,1,fwd,49,1650.0,1850.0,0.5903,0.0
DB01_to_DK03#alt1,1,fwd,50,1666.67,1800.0,0.6065,0.0
DB01_to_DK03#alt1,1,fwd,51,1650.0,1750.0,0.6065,0.0
DB01_to_DK03#alt1,1,fwd,52,1616.67,1700.0,0.7165,0.0
DB01_to_DK03#alt1,1,fwd,53,1583.33,1650.0,0.6889,0.0
DB01_to_DK03#alt1,1,fwd,54,1550.0,1600.0,0.6889,0.0
DB01_to_DK03#alt1,1,fwd,55,1500.0,1550.0,0.6889,0.0
DB01_to_DK03#alt1,1,fwd,56,1450.0,1500.0,0.6889,0.0
DB01_to_DK03#alt1,1,fwd,57,1400.0,1450.0,0.6065,0.0
DB01_to_DK03#alt1,1,fwd,58,1350.0,1400.0,0.5134,0.0
DB01_to_DK03#alt1,1,fwd,59,1300.0,1350.0,0.4346,0.0
DB01_to_DK03#alt1,1,fwd,60,1250.0,1300.0,0.3679,0.0
DB01_to_DK03#alt1,1,fwd,61,1200.0,1266.67,0.3269,0.0
DB01_to_DK03#alt1,1,fwd,62,1150.0,1250.0,0.3485,0.0
DB01_to_DK03#alt1,1,fwd,63,1100.0,1250.0,0.3628,0.0
DB01_to_DK03#alt1,1,fwd,64,1050.0,1250.0,0.3679,0.0
DK03_to_DB01#alt1,1,bwd,0,1050.0,1250.0,0.3679,0.0
DK03_to_DB01#alt1,1,bwd,1,1000.0,1200.0,0.3114,0.0
DK03_to_DB01#alt1,1,bwd,2,950.0,1183.33,0.3114,0.0
DK03_to_DB01#alt1,1,bwd,3,900.0,1200.0,0.3077,0.0
DK03_to_DB01#alt1,1,bwd,4,850.0,1250.0,0.3485,0.0
DK03_to_DB01#alt1,1,bwd,5,800.0,1300.0,0.3784,0.0
DK03_to_DB01#alt1,1,bwd,6,750.0,1350.0,0.3895,0.0
DK03_to_DB01#alt1,1,bwd,7,700.0,1400.0,0.3784,0.0
DK03_to_DB01#alt1,1,bwd,8,650.0,1450.0,0.3485,0.0
DK03_to_DB01#alt1,1,bwd,9,600.0,1500.0,0.3269,0.0
DK03_to_DB01#alt1,1,bwd,10,550.0,1550.0,0.2972,0.0
DK03_to_DB01#alt1,1,bwd,11,500.0,1566.67,0.253,0.0
DK03_to_DB01#alt1,1,bwd,12,450.0,1566.67,0.2151,0.0
DK03_to_DB01#alt1,1,bwd,13,400.0,1533.33,0.1827,0.0
DK03_to_DB01#alt1,1,bwd,14,350.0,1500.0,0.1495,0.0
DK03_to_DB01#alt1,1,bwd,15,300.0,1466.67,0.1215,0.0
DK03_to_DB01#alt1,1,bwd,16,250.0,1450.0,0.1036,0.0
DK03_to_DB01#alt1,1,bwd,17,200.0,1466.67,0.0883,0.0
DK03_to_DB01#alt1,1,bwd,18,166.67,1500.0,0.0781,0.0
DK03_to_DB01#alt1,1,bwd,19,150.0,1550.0,0.0803,0.0
DK03_to_DB01#alt1,1,bwd,20,150.0,1600.0,0.0816,0.0
DK03_to_DB01#alt1,1,bwd,21,150.0,1650.0,0.0821,0.0
DK03_to_DB01#alt1,1,bwd,22,150.0,1700.0,0.0816,0.0
DK03_to_DB01#alt1,1,bwd,23,150.0,1750.0,0.0803,0.0
DK03_to_DB01#alt1,1,bwd,24,150.0,1800.0,0.0781,0.0
DK03_to_DB01#alt1,1,bwd,25,166.67,1850.0,0.0752,0.0
DK03_to_DB01#alt1,1,bwd,26,200.0,1900.0,0.0839,0.0
DK03_to_DB01#alt1,1,bwd,27,250.0,1950.0,0.092,0.0
DK03_to_DB01#alt1,1,bwd,28,300.0,2000.0,0.0987,0.0
DK03_to_DB01#alt1,1,bwd,29,350.0,2050.0,0.1036,0.0
DK03_to_DB01#alt1,1,bwd,30,400.0,2100.0,0.1062,0.0
DK03_to_DB01#alt1,1,bwd,31,450.0,2150.0,0.1062,0.0
DK03_to_DB01#alt1,1,bwd,32,466.67,2200.0,0.0947,0.0
DK03_to_DB01#alt1,1,bwd,33,450.0,2250.0,0.0839,0.0
DK03_to_DB01#alt1,1,bwd,34,400.0,2300.0,0.0663,0.0
DK03_to_DB01#alt1,1,bwd,35,350.0,2350.0,0.0524,0.0
DK03_to_DB01#alt1,1,bwd,36,300.0,2400.0,0.0414,0.0
DK03_to_DB01#alt1,1,bwd,37,266.67,2450.0,0.0327,0.0
DK03_to_DB01#alt1,1,bwd,38,266.67,2500.0,0.0327,0.0
DK03_to_DB01#alt1,1,bwd,39,300.0,2550.0,0.0414,0.0
DK03_to_DB01#alt1,1,bwd,40,333.33,2600.0,0.0524,0.0
DK03_to_DB01#alt1,1,bwd,41,350.0,2650.0,0.0591,0.0
DK03_to_DB01#alt1,1,bwd,42,350.0,2700.0,0.0663,0.0
DK03_to_DB01#alt1,1,bwd,43,350.0,2750.0,0.074,0.0
DK03_to_DB01#alt1,1,bwd,44,350.0,2800.0,0.0821,0.0
DK03_to_DB01#alt1,1,bwd,45,350.0,2850.0,0.0904,0.0
DK03_to_DB01#alt1,1,bwd,46,333.33,2900.0,0.0987,0.0
DK03_to_DB01#alt1,1,bwd,47,300.0,2950.0,0.092,0.0
DK03_to_DB01#alt1,1,bwd,48,266.67,3000.0,0.0854,0.0
DK03_to_DB01#alt1,1,bwd,49,250.0,3050.0,0.092,0.0
DK03_to_DB01#alt1,1,bwd,50,266.67,3100.0,0.0981,0.0
DK03_to_DB01#alt1,1,bwd,51,283.33,3150.0,0.1215,0.0
DK03_to_DB01#alt1,1,bwd,52,316.67,3200.0,0.1273,0.0
DK03_to_DB01#alt1,1,bwd,53,350.0,3250.0,0.1551,0.0
DK03_to_DB01#alt1,1,bwd,54,400.0,3300.0,0.1937,0.0
DK03_to_DB01#alt1,1,bwd,55,450.0,3350.0,0.2407,0.0
DK03_to_DB01#alt1,1,bwd,56,483.33,3400.0,0.2972,0.0
DK03_to_DB01#alt1,1,bwd,57,500.0,3450.0,0.3077,0.0
DK03_to_DB01#alt1,1,bwd,58,516.67,3500.0,0.3114,0.0
DK03_to_DB01#alt1,1,bwd,59,550.0,3550.0,0.3628,0.0
DK03_to_DB01#alt1,1,bwd,60,583.33,3600.0,0.4076,0.0
DK03_to_DB01#alt1,1,bwd,61,600.0,3650.0,0.3784,0.0
DK03_to_DB01#alt1,1,bwd,62,600.0,3700.0,0.3628,0.0
DK03_to_DB01#alt1,1,bwd,63,600.0,3750.0,0.3485,0.0
DK03_to_DB01#alt1,1,bwd,64,616.67,3800.0,0.3269,0.0
DK03_to_DB01#alt1,1,bwd,65,616.67,3850.0,0.3006,0.0
DK03_to_DB01#alt1,1,bwd,66,633.33,3900.0,0.3269,0.0
DK03_to_DB01#alt1,1,bwd,67,650.0,3950.0,0.3114,0.0
DK03_to_DB01#alt1,1,bwd,68,700.0,4000.0,0.3628,0.0
DK03_to_DB01#alt1,1,bwd,69,750.0,4033.33,0.4346,0.0
DK03_to_DB01#alt1,1,bwd,70,800.0,4050.0,0.4746,0.0
DK03_to_DB01#alt1,1,bwd,71,850.0,4050.0,0.503,0.0
DK03_to_DB01#alt1,1,bwd,72,900.0,4033.33,0.5134,0.0
DK03_to_DB01#alt1,1,bwd,73,950.0,4000.0,0.503,0.0
DK03_to_DB01#alt1,1,bwd,74,983.33,3950.0,0.6241,0.0
DK03_to_DB01#alt1,1,bwd,75,1000.0,3900.0,0.7165,0.0
DB01_to_DK03#alt2,2,fwd,0,1000.0,3900.0,0.7165,0.0
DB01_to_DK03#alt2,2,fwd,1,1050.0,3950.0,0.6889,0.0
DB01_to_DK03#alt2,2,fwd,2,1100.0,3983.33,0.6065,0.0
DB01_to_DK03#alt2,2,fwd,3,1150.0,4000.0,0.6241,0.0
DB01_to_DK03#alt2,2,fwd,4,1200.0,4000.0,0.6889,0.0
DB01_to_DK03#alt2,2,fwd,5,1250.0,4000.0,0.7165,0.0
DB01_to_DK03#alt2,2,fwd,6,1300.0,3983.33,0.6889,0.0
DB01_to_DK03#alt2,2,fwd,7,1350.0,3966.67,0.7165,0.0
DB01_to_DK03#alt2,2,fwd,8,1400.0,3950.0,0.7165,0.0
DB01_to_DK03#alt2,2,fwd,9,1450.0,3933.33,0.6889,0.0
DB01_to_DK03#alt2,2,fwd,10,1500.0,3916.67,0.7165,0.0
DB01_to_DK03#alt2,2,fwd,11,1550.0,3883.33,0.6889,0.0
DB01_to_DK03#alt2,2,fwd,12,1600.0,3850.0,0.6889,0.0
DB01_to_DK03#alt2,2,fwd,13,1650.0,3800.0,0.6889,0.0
DB01_to_DK03#alt2,2,fwd,14,1700.0,3766.67,0.6241,0.0
DB01_to_DK03#alt2,2,fwd,15,1750.0,3733.33,0.5483,0.0
DB01_to_DK03#alt2,2,fwd,16,1800.0,3716.67,0.6889,0.0
DB01_to_DK03#alt2,2,fwd,17,1850.0,3700.0,0.7165,0.0
DB01_to_DK03#alt2,2,fwd,18,1900.0,3700.0,0.7165,0.0
DB01_to_DK03#alt2,2,fwd,19,1950.0,3700.0,0.7165,0.0
DB01_to_DK03#alt2,2,fwd,20,2000.0,3700.0,0.7165,0.0
DB01_to_DK03#alt2,2,fwd,21,2050.0,3700.0,0.7165,0.0
DB01_to_DK03#alt2,2,fwd,22,2100.0,3700.0,0.6889,0.0
DB01_to_DK03#alt2,2,fwd,23,2150.0,3650.0,0.6889,0.0
DB01_to_DK03#alt2,2,fwd,24,2200.0,3600.0,0.6889,0.0
DB01_to_DK03#alt2,2,fwd,25,2250.0,3550.0,0.6889,0.0
DB01_to_DK03#alt2,2,fwd,26,2283.33,3500.0,0.6065,0.0
DB01_to_DK03#alt2,2,fwd,27,2300.0,3450.0,0.6065,0.0
DB01_to_DK03#alt2,2,fwd,28,2300.0,3400.0,0.6065,0.0
DB01_to_DK03#alt2,2,fwd,29,2300.0,3350.0,0.6065,0.0
DB01_to_DK03#alt2,2,fwd,30,2300.0,3300.0,0.6065,0.0
DB01_to_DK03#alt2,2,fwd,31,2300.0,3250.0,0.5903,0.0
DB01_to_DK03#alt2,2,fwd,32,2300.0,3200.0,0.5483,0.0
DB01_to_DK03#alt2,2,fwd,33,2316.67,3150.0,0.6241,0.0
DB01_to_DK03#alt2,2,fwd,34,2350.0,3100.0,0.5903,0.0
DB01_to_DK03#alt2,2,fwd,35,2400.0,3050.0,0.5483,0.0
DB01_to_DK03#alt2,2,fwd,36,2450.0,3000.0,0.503,0.0
DB01_to_DK03#alt2,2,fwd,37,2500.0,2950.0,0.503,0.0
DB01_to_DK03#alt2,2,fwd,38,2550.0,2900.0,0.5483,0.0
DB01_to_DK03#alt2,2,fwd,39,2600.0,2850.0,0.5483,0.0
DB01_to_DK03#alt2,2,fwd,40,2650.0,2800.0,0.5483,0.0
DB01_to_DK03#alt2,2,fwd,41,2700.0,2750.0,0.503,0.0
DB01_to_DK03#alt2,2,fwd,42,2750.0,2700.0,0.4346,0.0
DB01_to_DK03#alt2,2,fwd,43,2800.0,2650.0,0.4346,0.0
DB01_to_DK03#alt2,2,fwd,44,2850.0,2600.0,0.4346,0.0
DB01_to_DK03#alt2,2,fwd,45,2900.0,2550.0,0.4346,0.0
DB01_to_DK03#alt2,2,fwd,46,2950.0,2500.0,0.4346,0.0
DB01_to_DK03#alt2,2,fwd,47,3000.0,2450.0,0.4076,0.0
DB01_to_DK03#alt2,2,fwd,48,3016.67,2400.0,0.4346,0.0
DB01_to_DK03#alt2,2,fwd,49,3016.67,2350.0,0.4746,0.0
DB01_to_DK03#alt2,2,fwd,50,3000.0,2300.0,0.503,0.0
DB01_to_DK03#alt2,2,fwd,51,2983.33,2250.0,0.5134,0.0
DB01_to_DK03#alt2,2,fwd,52,2966.67,2200.0,0.6065,0.0
DB01_to_DK03#alt2,2,fwd,53,2950.0,2150.0,0.6065,0.0
DB01_to_DK03#alt2,2,fwd,54,2950.0,2100.0,0.6065,0.0
DB01_to_DK03#alt2,2,fwd,55,2933.33,2050.0,0.6065,0.0
DB01_to_DK03#alt2,2,fwd,56,2916.67,2000.0,0.7165,0.0
DB01_to_DK03#alt2,2,fwd,57,2900.0,1950.0,0.7165,0.0
DB01_to_DK03#alt2,2,fwd,58,2900.0,1900.0,0.6889,0.0
DB01_to_DK03#alt2,2,fwd,59,2883.33,1850.0,0.6241,0.0
DB01_to_DK03#alt2,2,fwd,60,2866.67,1800.0,0.6889,0.0
DB01_to_DK03#alt2,2,fwd,61,2850.0,1750.0,0.6241,0.0
DB01_to_DK03#alt2,2,fwd,62,2833.33,1700.0,0.5483,0.0
DB01_to_DK03#alt2,2,fwd,63,2800.0,1650.0,0.5483,0.0
DB01_to_DK03#alt2,2,fwd,64,2750.0,1600.0,0.5903,0.0
DB01_to_DK03#alt2,2,fwd,65,2700.0,1566.67,0.6241,0.0
DB01_to_DK03#alt2,2,fwd,66,2650.0,1550.0,0.5483,0.0
DB01_to_DK03#alt2,2,fwd,67,2600.0,1533.33,0.5903,0.0
DB01_to_DK03#alt2,2,fwd,68,2550.0,1516.67,0.5134,0.0
DB01_to_DK03#alt2,2,fwd,69,2500.0,1500.0,0.5134,0.0
DB01_to_DK03#alt2,2,fwd,70,2450.0,1483.33,0.5134,0.0
DB01_to_DK03#alt2,2,fwd,71,2400.0,1483.33,0.5134,0.0
DB01_to_DK03#alt2,2,fwd,72,2350.0,1483.33,0.5134,0.0
DB01_to_DK03#alt2,2,fwd,73,2300.0,1516.67,0.5134,0.0
DB01_to_DK03#alt2,2,fwd,74,2250.0,1550.0,0.6065,0.0
DB01_to_DK03#alt2,2,fwd,75,2200.0,1583.33,0.6889,0.0
DB01_to_DK03#alt2,2,fwd,76,2150.0,1616.67,0.6241,0.0
DB01_to_DK03#alt2,2,fwd,77,2100.0,1633.33,0.6889,0.0
DB01_to_DK03#alt2,2,fwd,78,2050.0,1650.0,0.6241,0.0
DB01_to_DK03#alt2,2,fwd,79,2000.0,1666.67,0.5483,0.0
DB01_to_DK03#alt2,2,fwd,80,1950.0,1700.0,0.5483,0.0
DB01_to_DK03#alt2,2,fwd,81,1900.0,1716.67,0.4931,0.0
DB01_to_DK03#alt2,2,fwd,82,1850.0,1700.0,0.4346,0.0
DB01_to_DK03#alt2,2,fwd,83,1800.0,1650.0,0.3628,0.0
DB01_to_DK03#alt2,2,fwd,84,1750.0,1600.0,0.4076,0.0
DB01_to_DK03#alt2,2,fwd,85,1700.0,1550.0,0.4346,0.0
DB01_to_DK03#alt2,2,fwd,86,1650.0,1500.0,0.4346,0.0
DB01_to_DK03#alt2,2,fwd,87,1600.0,1450.0,0.4346,0.0
DB01_to_DK03#alt2,2,fwd,88,1550.0,1400.0,0.4346,0.0
DB01_to_DK03#alt2,2,fwd,89,1500.0,1350.0,0.4076,0.0
DB01_to_DK03#alt2,2,fwd,90,1450.0,1300.0,0.3628,0.0
DB01_to_DK03#alt2,2,fwd,91,1400.0,1250.0,0.3114,0.0
DB01_to_DK03#alt2,2,fwd,92,1350.0,1200.0,0.2636,0.0
DB01_to_DK03#alt2,2,fwd,93,1300.0,1166.67,0.2231,0.0
DB01_to_DK03#alt2,2,fwd,94,1250.0,1150.0,0.2252,0.0
DB01_to_DK03#alt2,2,fwd,95,1200.0,1150.0,0.2407,0.0
DB01_to_DK03#alt2,2,fwd,96,1150.0,1150.0,0.253,0.0
DB01_to_DK03#alt2,2,fwd,97,1100.0,1166.67,0.2609,0.0
DB01_to_DK03#alt2,2,fwd,98,1066.67,1200.0,0.3114,0.0
DB01_to_DK03#alt2,2,fwd,99,1050.0,1250.0,0.3679,0.0
DK03_to_DB01#alt2,2,bwd,0,1050.0,1250.0,0.3679,0.0
DK03_to_DB01#alt2,2,bwd,1,1000.0,1200.0,0.3114,0.0
DK03_to_DB01#alt2,2,bwd,2,950.0,1150.0,0.2636,0.0
DK03_to_DB01#alt2,2,bwd,3,900.0,1100.0,0.2407,0.0
DK03_to_DB01#alt2,2,bwd,4,850.0,1083.33,0.253,0.0
DK03_to_DB01#alt2,2,bwd,5,800.0,1100.0,0.2609,0.0
DK03_to_DB01#alt2,2,bwd,6,750.0,1150.0,0.2252,0.0
DK03_to_DB01#alt2,2,bwd,7,700.0,1200.0,0.2384,0.0
DK03_to_DB01#alt2,2,bwd,8,650.0,1250.0,0.2431,0.0
DK03_to_DB01#alt2,2,bwd,9,600.0,1300.0,0.2384,0.0
DK03_to_DB01#alt2,2,bwd,10,550.0,1333.33,0.2252,0.0
DK03_to_DB01#alt2,2,bwd,11,500.0,1350.0,0.1937,0.0
DK03_to_DB01#alt2,2,bwd,12,450.0,1350.0,0.1661,0.0
DK03_to_DB01#alt2,2,bwd,13,400.0,1350.0,0.1432,0.0
DK03_to_DB01#alt2,2,bwd,14,350.0,1350.0,0.1239,0.0
DK03_to_DB01#alt2,2,bwd,15,300.0,1350.0,0.1069,0.0
DK03_to_DB01#alt2,2,bwd,16,250.0,1350.0,0.0964,0.0
DK03_to_DB01#alt2,2,bwd,17,200.0,1366.67,0.0947,0.0
DK03_to_DB01#alt2,2,bwd,18,150.0,1400.0,0.0781,0.0
DK03_to_DB01#alt2,2,bwd,19,100.0,1450.0,0.064,0.0
DK03_to_DB01#alt2,2,bwd,20,66.67,1500.0,0.0563,0.0
DK03_to_DB01#alt2,2,bwd,21,50.0,1550.0,0.0577,0.0
DK03_to_DB01#alt2,2,bwd,22,50.0,1600.0,0.0585,0.0
DK03_to_DB01#alt2,2,bwd,23,50.0,1650.0,0.0588,0.0
DK03_to_DB01#alt2,2,bwd,24,50.0,1700.0,0.0585,0.0
DK03_to_DB01#alt2,2,bwd,25,50.0,1750.0,0.0577,0.0
DK03_to_DB01#alt2,2,bwd,26,50.0,1800.0,0.0563,0.0
DK03_to_DB01#alt2,2,bwd,27,50.0,1850.0,0.0544,0.0
DK03_to_DB01#alt2,2,bwd,28,50.0,1900.0,0.0522,0.0
DK03_to_DB01#alt2,2,bwd,29,50.0,1950.0,0.0496,0.0
DK03_to_DB01#alt2,2,bwd,30,50.0,2000.0,0.0467,0.0
DK03_to_DB01#alt2,2,bwd,31,50.0,2050.0,0.0437,0.0
DK03_to_DB01#alt2,2,bwd,32,50.0,2100.0,0.0405,0.0
DK03_to_DB01#alt2,2,bwd,33,50.0,2150.0,0.0374,0.0
DK03_to_DB01#alt2,2,bwd,34,50.0,2200.0,0.0342,0.0
DK03_to_DB01#alt2,2,bwd,35,50.0,2250.0,0.0312,0.0
DK03_to_DB01#alt2,2,bwd,36,50.0,2300.0,0.0282,0.0
DK03_to_DB01#alt2,2,bwd,37,50.0,2350.0,0.0255,0.0
DK03_to_DB01#alt2,2,bwd,38,50.0,2400.0,0.0229,0.0
DK03_to_DB01#alt2,2,bwd,39,50.0,2450.0,0.0204,0.0
DK03_to_DB01#alt2,2,bwd,40,50.0,2500.0,0.0201,0.0
DK03_to_DB01#alt2,2,bwd,41,50.0,2550.0,0.0224,0.0
DK03_to_DB01#alt2,2,bwd,42,50.0,2600.0,0.0247,0.0
DK03_to_DB01#alt2,2,bwd,43,50.0,2650.0,0.0272,0.0
DK03_to_DB01#alt2,2,bwd,44,50.0,2700.0,0.0297,0.0
DK03_to_DB01#alt2,2,bwd,45,50.0,2750.0,0.0323,0.0
DK03_to_DB01#alt2,2,bwd,46,50.0,2800.0,0.0349,0.0
DK03_to_DB01#alt2,2,bwd,47,50.0,2850.0,0.0375,0.0
DK03_to_DB01#alt2,2,bwd,48,50.0,2900.0,0.0405,0.0
DK03_to_DB01#alt2,2,bwd,49,50.0,2950.0,0.0437,0.0
DK03_to_DB01#alt2,2,bwd,50,50.0,3000.0,0.0467,0.0
DK03_to_DB01#alt2,2,bwd,51,50.0,3050.0,0.0496,0.0
DK03_to_DB01#alt2,2,bwd,52,50.0,3100.0,0.0522,0.0
DK03_to_DB01#alt2,2,bwd,53,50.0,3150.0,0.0544,0.0
DK03_to_DB01#alt2,2,bwd,54,50.0,3200.0,0.058,0.0
DK03_to_DB01#alt2,2,bwd,55,50.0,3250.0,0.0612,0.0
DK03_to_DB01#alt2,2,bwd,56,50.0,3300.0,0.064,0.0
DK03_to_DB01#alt2,2,bwd,57,50.0,3350.0,0.0663,0.0
DK03_to_DB01#alt2,2,bwd,58,50.0,3400.0,0.0681,0.0
DK03_to_DB01#alt2,2,bwd,59,50.0,3450.0,0.0691,0.0
DK03_to_DB01#alt2,2,bwd,60,50.0,3500.0,0.0695,0.0
DK03_to_DB01#alt2,2,bwd,61,50.0,3550.0,0.0691,0.0
DK03_to_DB01#alt2,2,bwd,62,66.67,3600.0,0.0681,0.0
DK03_to_DB01#alt2,2,bwd,63,100.0,3650.0,0.0854,0.0
DK03_to_DB01#alt2,2,bwd,64,150.0,3700.0,0.1069,0.0
DK03_to_DB01#alt2,2,bwd,65,183.33,3750.0,0.1335,0.0
DK03_to_DB01#alt2,2,bwd,66,216.67,3800.0,0.1551,0.0
DK03_to_DB01#alt2,2,bwd,67,250.0,3850.0,0.1937,0.0
DK03_to_DB01#alt2,2,bwd,68,300.0,3900.0,0.2407,0.0
DK03_to_DB01#alt2,2,bwd,69,350.0,3950.0,0.2972,0.0
DK03_to_DB01#alt2,2,bwd,70,400.0,4000.0,0.3628,0.0
DK03_to_DB01#alt2,2,bwd,71,450.0,4050.0,0.4346,0.0
DK03_to_DB01#alt2,2,bwd,72,500.0,4100.0,0.5134,0.0
DK03_to_DB01#alt2,2,bwd,73,550.0,4133.33,0.6065,0.0
DK03_to_DB01#alt2,2,bwd,74,600.0,4150.0,0.6065,0.0
DK03_to_DB01#alt2,2,bwd,75,650.0,4150.0,0.6065,0.0
DK03_to_DB01#alt2,2,bwd,76,700.0,4150.0,0.5903,0.0
DK03_to_DB01#alt2,2,bwd,77,750.0,4150.0,0.5483,0.0
DK03_to_DB01#alt2,2,bwd,78,800.0,4150.0,0.6241,0.0
DK03_to_DB01#alt2,2,bwd,79,850.0,4150.0,0.6889,0.0
DK03_to_DB01#alt2,2,bwd,80,900.0,4133.33,0.7165,0.0
DK03_to_DB01#alt2,2,bwd,81,950.0,4100.0,0.5903,0.0
DK03_to_DB01#alt2,2,bwd,82,983.33,4050.0,0.4746,0.0
DK03_to_DB01#alt2,2,bwd,83,1000.0,4000.0,0.5483,0.0
DK03_to_DB01#alt2,2,bwd,84,1000.0,3950.0,0.6241,0.0
DK03_to_DB01#alt2,2,bwd,85,1000.0,3900.0,0.7165,0.0
DB01_to_DK03#alt3,3,fwd,0,1000.0,3900.0,0.7165,0.0
DB01_to_DK03#alt3,3,fwd,1,1050.0,3950.0,0.6889,0.0
DB01_to_DK03#alt3,3,fwd,2,1083.33,4000.0,0.6065,0.0
DB01_to_DK03#alt3,3,fwd,3,1100.0,4050.0,0.5134,0.0
DB01_to_DK03#alt3,3,fwd,4,1083.33,4100.0,0.5483,0.0
DB01_to_DK03#alt3,3,fwd,5,1066.67,4150.0,0.5483,0.0
DB01_to_DK03#alt3,3,fwd,6,1050.0,4200.0,0.6241,0.0
DB01_to_DK03#alt3,3,fwd,7,1050.0,4250.0,0.6889,0.0
DB01_to_DK03#alt3,3,fwd,8,1050.0,4300.0,0.7165,0.0
DB01_to_DK03#alt3,3,fwd,9,1066.67,4350.0,0.7165,0.0
DB01_to_DK03#alt3,3,fwd,10,1083.33,4400.0,0.6889,0.0
DB01_to_DK03#alt3,3,fwd,11,1100.0,4450.0,0.6241,0.0
DB01_to_DK03#alt3,3,fwd,12,1100.0,4500.0,0.5903,0.0
DB01_to_DK03#alt3,3,fwd,13,1116.67,4550.0,0.5483,0.0
DB01_to_DK03#alt3,3,fwd,14,1133.33,4600.0,0.5483,0.0
DB01_to_DK03#alt3,3,fwd,15,1150.0,4650.0,0.4746,0.0
DB01_to_DK03#alt3,3,fwd,16,1166.67,4700.0,0.4076,0.0
DB01_to_DK03#alt3,3,fwd,17,1183.33,4750.0,0.3628,0.0
DB01_to_DK03#alt3,3,fwd,18,1216.67,4800.0,0.3077,0.0
DB01_to_DK03#alt3,3,fwd,19,1250.0,4833.33,0.2636,0.0
DB01_to_DK03#alt3,3,fwd,20,1300.0,4850.0,0.2636,0.0
DB01_to_DK03#alt3,3,fwd,21,1350.0,4850.0,0.2636,0.0
DB01_to_DK03#alt3,3,fwd,22,1400.0,4850.0,0.2636,0.0
DB01_to_DK03#alt3,3,fwd,23,1450.0,4850.0,0.2636,0.0
DB01_to_DK03#alt3,3,fwd,24,1500.0,4850.0,0.281,0.0
DB01_to_DK03#alt3,3,fwd,25,1550.0,4850.0,0.3269,0.0
DB01_to_DK03#alt3,3,fwd,26,1600.0,4850.0,0.3784,0.0
DB01_to_DK03#alt3,3,fwd,27,1650.0,4866.67,0.4346,0.0
DB01_to_DK03#alt3,3,fwd,28,1700.0,4900.0,0.4346,0.0
DB01_to_DK03#alt3,3,fwd,29,1750.0,4933.33,0.4346,0.0
DB01_to_DK03#alt3,3,fwd,30,1800.0,4950.0,0.4931,0.0
DB01_to_DK03#alt3,3,fwd,31,1850.0,4950.0,0.5483,0.0
DB01_to_DK03#alt3,3,fwd,32,1900.0,4950.0,0.6241,0.0
DB01_to_DK03#alt3,3,fwd,33,1950.0,4950.0,0.6889,0.0
DB01_to_DK03#alt3,3,fwd,34,2000.0,4950.0,0.7165,0.0
DB01_to_DK03#alt3,3,fwd,35,2050.0,4950.0,0.7165,0.0
DB01_to_DK03#alt3,3,fwd,36,2100.0,4950.0,0.6889,0.0
DB01_to_DK03#alt3,3,fwd,37,2150.0,4900.0,0.7165,0.0
DB01_to_DK03#alt3,3,fwd,38,2200.0,4900.0,0.6889,0.0
DB01_to_DK03#alt3,3,fwd,39,2250.0,4850.0,0.6889,0.0
DB01_to_DK03#alt3,3,fwd,40,2300.0,4800.0,0.6889,0.0
DB01_to_DK03#alt3,3,fwd,41,2316.67,4750.0,0.7165,0.0
DB01_to_DK03#alt3,3,fwd,42,2333.33,4700.0,0.6065,0.0
DB01_to_DK03#alt3,3,fwd,43,2350.0,4650.0,0.6065,0.0
DB01_to_DK03#alt3,3,fwd,44,2366.67,4600.0,0.6065,0.0
DB01_to_DK03#alt3,3,fwd,45,2383.33,4550.0,0.503,0.0
DB01_to_DK03#alt3,3,fwd,46,2416.67,4500.0,0.4746,0.0
DB01_to_DK03#alt3,3,fwd,47,2433.33,4450.0,0.3784,0.0
DB01_to_DK03#alt3,3,fwd,48,2466.67,4400.0,0.344,0.0
DB01_to_DK03#alt3,3,fwd,49,2500.0,4350.0,0.4076,0.0
DB01_to_DK03#alt3,3,fwd,50,2550.0,4300.0,0.503,0.0
DB01_to_DK03#alt3,3,fwd,51,2600.0,4250.0,0.6065,0.0
DB01_to_DK03#alt3,3,fwd,52,2633.33,4200.0,0.7165,0.0
DB01_to_DK03#alt3,3,fwd,53,2650.0,4150.0,0.7165,0.0
DB01_to_DK03#alt3,3,fwd,54,2650.0,4100.0,0.6889,0.0
DB01_to_DK03#alt3,3,fwd,55,2700.0,4050.0,0.7165,0.0
DB01_to_DK03#alt3,3,fwd,56,2716.67,4000.0,0.6889,0.0
DB01_to_DK03#alt3,3,fwd,57,2733.33,3950.0,0.6889,0.0
DB01_to_DK03#alt3,3,fwd,58,2750.0,3900.0,0.6241,0.0
DB01_to_DK03#alt3,3,fwd,59,2750.0,3850.0,0.5483,0.0
DB01_to_DK03#alt3,3,fwd,60,2750.0,3800.0,0.4746,0.0
DB01_to_DK03#alt3,3,fwd,61,2750.0,3750.0,0.4346,0.0
DB01_to_DK03#alt3,3,fwd,62,2733.33,3700.0,0.4346,0.0
DB01_to_DK03#alt3,3,fwd,63,2733.33,3650.0,0.4931,0.0
DB01_to_DK03#alt3,3,fwd,64,2750.0,3600.0,0.5483,0.0
DB01_to_DK03#alt3,3,fwd,65,2783.33,3550.0,0.6889,0.0
DB01_to_DK03#alt3,3,fwd,66,2800.0,3500.0,0.7165,0.0
DB01_to_DK03#alt3,3,fwd,67,2800.0,3450.0,0.7165,0.0
DB01_to_DK03#alt3,3,fwd,68,2800.0,3400.0,0.7165,0.0
DB01_to_DK03#alt3,3,fwd,69,2800.0,3350.0,0.7165,0.0
DB01_to_DK03#alt3,3,fwd,70,2800.0,3300.0,0.6889,0.0
DB01_to_DK03#alt3,3,fwd,71,2850.0,3250.0,0.6889,0.0
DB01_to_DK03#alt3,3,fwd,72,2900.0,3200.0,0.6889,0.0
DB01_to_DK03#alt3,3,fwd,73,2950.0,3150.0,0.6065,0.0
DB01_to_DK03#alt3,3,fwd,74,3000.0,3100.0,0.6065,0.0
DB01_to_DK03#alt3,3,fwd,75,3050.0,3050.0,0.6889,0.0
DB01_to_DK03#alt3,3,fwd,76,3100.0,3000.0,0.6889,0.0
DB01_to_DK03#alt3,3,fwd,77,3150.0,2950.0,0.6889,0.0
DB01_to_DK03#alt3,3,fwd,78,3183.33,2900.0,0.6889,0.0
DB01_to_DK03#alt3,3,fwd,79,3200.0,2850.0,0.5903,0.0
DB01_to_DK03#alt3,3,fwd,80,3200.0,2800.0,0.503,0.0
DB01_to_DK03#alt3,3,fwd,81,3183.33,2750.0,0.4275,0.0
DB01_to_DK03#alt3,3,fwd,82,3166.67,2700.0,0.3485,0.0
DB01_to_DK03#alt3,3,fwd,83,3150.0,2650.0,0.2972,0.0
DB01_to_DK03#alt3,3,fwd,84,3133.33,2600.0,0.253,0.0
DB01_to_DK03#alt3,3,fwd,85,3133.33,2550.0,0.2252,0.0
DB01_to_DK03#alt3,3,fwd,86,3133.33,2500.0,0.2407,0.0
DB01_to_DK03#alt3,3,fwd,87,3150.0,2450.0,0.2609,0.0
DB01_to_DK03#alt3,3,fwd,88,3150.0,2400.0,0.281,0.0
DB01_to_DK03#alt3,3,fwd,89,3133.33,2350.0,0.2972,0.0
DB01_to_DK03#alt3,3,fwd,90,3116.67,2300.0,0.3628,0.0
DB01_to_DK03#alt3,3,fwd,91,3100.0,2250.0,0.3679,0.0
DB01_to_DK03#alt3,3,fwd,92,3083.33,2200.0,0.3679,0.0
DB01_to_DK03#alt3,3,fwd,93,3066.67,2150.0,0.4346,0.0
DB01_to_DK03#alt3,3,fwd,94,3050.0,2100.0,0.4346,0.0
DB01_to_DK03#alt3,3,fwd,95,3050.0,2050.0,0.4346,0.0
DB01_to_DK03#alt3,3,fwd,96,3033.33,2000.0,0.4346,0.0
DB01_to_DK03#alt3,3,fwd,97,3016.67,1950.0,0.5134,0.0
DB01_to_DK03#alt3,3,fwd,98,3000.0,1900.0,0.503,0.0
DB01_to_DK03#alt3,3,fwd,99,3000.0,1850.0,0.4746,0.0
DB01_to_DK03#alt3,3,fwd,100,2983.33,1800.0,0.4346,0.0
DB01_to_DK03#alt3,3,fwd,101,2966.67,1750.0,0.4746,0.0
DB01_to_DK03#alt3,3,fwd,102,2950.0,1700.0,0.4346,0.0
DB01_to_DK03#alt3,3,fwd,103,2933.33,1650.0,0.5134,0.0
DB01_to_DK03#alt3,3,fwd,104,2900.0,1600.0,0.6065,0.0
DB01_to_DK03#alt3,3,fwd,105,2850.0,1566.67,0.7165,0.0
DB01_to_DK03#alt3,3,fwd,106,2800.0,1550.0,0.7165,0.0
DB01_to_DK03#alt3,3,fwd,107,2750.0,1533.33,0.6889,0.0
DB01_to_DK03#alt3,3,fwd,108,2700.0,1500.0,0.6889,0.0
DB01_to_DK03#alt3,3,fwd,109,2650.0,1450.0,0.6065,0.0
DB01_to_DK03#alt3,3,fwd,110,2600.0,1400.0,0.5134,0.0
DB01_to_DK03#alt3,3,fwd,111,2550.0,1366.67,0.4346,0.0
DB01_to_DK03#alt3,3,fwd,112,2500.0,1350.0,0.3679,0.0
DB01_to_DK03#alt3,3,fwd,113,2450.0,1350.0,0.3114,0.0
DB01_to_DK03#alt3,3,fwd,114,2400.0,1350.0,0.3114,0.0
DB01_to_DK03#alt3,3,fwd,115,2350.0,1333.33,0.3114,0.0
DB01_to_DK03#alt3,3,fwd,116,2300.0,1300.0,0.2636,0.0
DB01_to_DK03#alt3,3,fwd,117,2250.0,1250.0,0.2231,0.0
DB01_to_DK03#alt3,3,fwd,118,2200.0,1200.0,0.1873,0.0
DB01_to_DK03#alt3,3,fwd,119,2150.0,1150.0,0.1551,0.0
DB01_to_DK03#alt3,3,fwd,120,2100.0,1100.0,0.1273,0.0
DB01_to_DK03#alt3,3,fwd,121,2050.0,1066.67,0.1036,0.0
DB01_to_DK03#alt3,3,fwd,122,2000.0,1050.0,0.0981,0.0
DB01_to_DK03#alt3,3,fwd,123,1950.0,1050.0,0.092,0.0
DB01_to_DK03#alt3,3,fwd,124,1900.0,1050.0,0.0854,0.0
DB01_to_DK03#alt3,3,fwd,125,1850.0,1050.0,0.0936,0.0
DB01_to_DK03#alt3,3,fwd,126,1800.0,1050.0,0.1036,0.0
DB01_to_DK03#alt3,3,fwd,127,1750.0,1050.0,0.1138,0.0
DB01_to_DK03#alt3,3,fwd,128,1700.0,1050.0,0.1239,0.0
DB01_to_DK03#alt3,3,fwd,129,1650.0,1050.0,0.1335,0.0
DB01_to_DK03#alt3,3,fwd,130,1600.0,1050.0,0.1422,0.0
DB01_to_DK03#alt3,3,fwd,131,1550.0,1050.0,0.1495,0.0
DB01_to_DK03#alt3,3,fwd,132,1500.0,1050.0,0.1551,0.0
DB01_to_DK03#alt3,3,fwd,133,1450.0,1050.0,0.1587,0.0
DB01_to_DK03#alt3,3,fwd,134,1400.0,1050.0,0.1599,0.0
DB01_to_DK03#alt3,3,fwd,135,1350.0,1050.0,0.1599,0.0
DB01_to_DK03#alt3,3,fwd,136,1300.0,1050.0,0.1599,0.0
DB01_to_DK03#alt3,3,fwd,137,1250.0,1066.67,0.1661,0.0
DB01_to_DK03#alt3,3,fwd,138,1200.0,1100.0,0.2057,0.0
DB01_to_DK03#alt3,3,fwd,139,1166.67,1150.0,0.253,0.0
DB01_to_DK03#alt3,3,fwd,140,1133.33,1200.0,0.2972,0.0
DB01_to_DK03#alt3,3,fwd,141,1100.0,1233.33,0.3628,0.0
DB01_to_DK03#alt3,3,fwd,142,1050.0,1250.0,0.3679,0.0
DK03_to_DB01#alt3,3,bwd,0,1050.0,1250.0,0.3679,0.0
DK03_to_DB01#alt3,3,bwd,1,1100.0,1200.0,0.3077,0.0
DK03_to_DB01#alt3,3,bwd,2,1133.33,1150.0,0.253,0.0
DK03_to_DB01#alt3,3,bwd,3,1166.67,1100.0,0.2151,0.0
DK03_to_DB01#alt3,3,bwd,4,1200.0,1050.0,0.1755,0.0
DK03_to_DB01#alt3,3,bwd,5,1250.0,1000.0,0.1432,0.0
DK03_to_DB01#alt3,3,bwd,6,1300.0,950.0,0.1335,0.0
DK03_to_DB01#alt3,3,bwd,7,1350.0,900.0,0.1215,0.0
DK03_to_DB01#alt3,3,bwd,8,1400.0,850.0,0.1082,0.0
DK03_to_DB01#alt3,3,bwd,9,1450.0,800.0,0.0947,0.0
DK03_to_DB01#alt3,3,bwd,10,1500.0,750.0,0.0816,0.0
DK03_to_DB01#alt3,3,bwd,11,1550.0,700.0,0.0695,0.0
DK03_to_DB01#alt3,3,bwd,12,1600.0,666.67,0.0588,0.0
DK03_to_DB01#alt3,3,bwd,13,1650.0,650.0,0.0498,0.0
DK03_to_DB01#alt3,3,bwd,14,1700.0,650.0,0.0421,0.0
DK03_to_DB01#alt3,3,bwd,15,1750.0,650.0,0.0357,0.0
DK03_to_DB01#alt3,3,bwd,16,1800.0,650.0,0.0322,0.0
DK03_to_DB01#alt3,3,bwd,17,1850.0,650.0,0.0301,0.0
DK03_to_DB01#alt3,3,bwd,18,1900.0,650.0,0.0279,0.0
DK03_to_DB01#alt3,3,bwd,19,1950.0,650.0,0.0282,0.0
DK03_to_DB01#alt3,3,bwd,20,2000.0,650.0,0.0322,0.0
DK03_to_DB01#alt3,3,bwd,21,2050.0,650.0,0.0366,0.0
DK03_to_DB01#alt3,3,bwd,22,2100.0,633.33,0.0414,0.0
DK03_to_DB01#alt3,3,bwd,23,2150.0,616.67,0.0414,0.0
DK03_to_DB01#alt3,3,bwd,24,2200.0,583.33,0.0467,0.0
DK03_to_DB01#alt3,3,bwd,25,2250.0,550.0,0.0463,0.0
DK03_to_DB01#alt3,3,bwd,26,2300.0,516.67,0.045,0.0
DK03_to_DB01#alt3,3,bwd,27,2350.0,483.33,0.0496,0.0
DK03_to_DB01#alt3,3,bwd,28,2400.0,466.67,0.0585,0.0
DK03_to_DB01#alt3,3,bwd,29,2450.0,433.33,0.0691,0.0
DK03_to_DB01#alt3,3,bwd,30,2500.0,400.0,0.0821,0.0
DK03_to_DB01#alt3,3,bwd,31,2550.0,366.67,0.097,0.0
DK03_to_DB01#alt3,3,bwd,32,2600.0,350.0,0.1146,0.0
DK03_to_DB01#alt3,3,bwd,33,2650.0,333.33,0.1353,0.0
DK03_to_DB01#alt3,3,bwd,34,2700.0,333.33,0.1599,0.0
DK03_to_DB01#alt3,3,bwd,35,2750.0,350.0,0.1889,0.0
DK03_to_DB01#alt3,3,bwd,36,2800.0,383.33,0.2231,0.0
DK03_to_DB01#alt3,3,bwd,37,2850.0,416.67,0.2636,0.0
DK03_to_DB01#alt3,3,bwd,38,2900.0,433.33,0.3077,0.0
DK03_to_DB01#alt3,3,bwd,39,2950.0,466.67,0.3628,0.0
DK03_to_DB01#alt3,3,bwd,40,3000.0,483.33,0.4076,0.0
DK03_to_DB01#alt3,3,bwd,41,3050.0,516.67,0.4746,0.0
DK03_to_DB01#alt3,3,bwd,42,3100.0,550.0,0.4931,0.0
DK03_to_DB01#alt3,3,bwd,43,3150.0,600.0,0.4931,0.0
DK03_to_DB01#alt3,3,bwd,44,3166.67,650.0,0.4346,0.0
DK03_to_DB01#alt3,3,bwd,45,3166.67,700.0,0.3895,0.0
DK03_to_DB01#alt3,3,bwd,46,3133.33,750.0,0.344,0.0
DK03_to_DB01#alt3,3,bwd,47,3116.67,800.0,0.2721,0.0
DK03_to_DB01#alt3,3,bwd,48,3083.33,850.0,0.2431,0.0
DK03_to_DB01#alt3,3,bwd,49,3066.67,900.0,0.281,0.0
DK03_to_DB01#alt3,3,bwd,50,3050.0,950.0,0.3269,0.0
DK03_to_DB01#alt3,3,bwd,51,3033.33,1000.0,0.3784,0.0
DK03_to_DB01#alt3,3,bwd,52,3033.33,1050.0,0.4346,0.0
DK03_to_DB01#alt3,3,bwd,53,3050.0,1100.0,0.4931,0.0
DK03_to_DB01#alt3,3,bwd,54,3100.0,1150.0,0.4931,0.0
DK03_to_DB01#alt3,3,bwd,55,3150.0,1200.0,0.4746,0.0
DK03_to_DB01#alt3,3,bwd,56,3200.0,1250.0,0.4275,0.0
DK03_to_DB01#alt3,3,bwd,57,3233.33,1300.0,0.3679,0.0
DK03_to_DB01#alt3,3,bwd,58,3250.0,1350.0,0.3679,0.0
DK03_to_DB01#alt3,3,bwd,59,3250.0,1400.0,0.3679,0.0
DK03_to_DB01#alt3,3,bwd,60,3250.0,1450.0,0.3679,0.0
DK03_to_DB01#alt3,3,bwd,61,3250.0,1500.0,0.3628,0.0
DK03_to_DB01#alt3,3,bwd,62,3250.0,1550.0,0.3485,0.0
DK03_to_DB01#alt3,3,bwd,63,3250.0,1600.0,0.3269,0.0
DK03_to_DB01#alt3,3,bwd,64,3250.0,1650.0,0.3006,0.0
DK03_to_DB01#alt3,3,bwd,65,3250.0,1700.0,0.2721,0.0
DK03_to_DB01#alt3,3,bwd,66,3250.0,1750.0,0.2431,0.0
DK03_to_DB01#alt3,3,bwd,67,3250.0,1800.0,0.2151,0.0
DK03_to_DB01#alt3,3,bwd,68,3250.0,1850.0,0.2151,0.0
DK03_to_DB01#alt3,3,bwd,69,3250.0,1900.0,0.2211,0.0
DK03_to_DB01#alt3,3,bwd,70,3250.0,1950.0,0.2231,0.0
DK03_to_DB01#alt3,3,bwd,71,3250.0,2000.0,0.2231,0.0
DK03_to_DB01#alt3,3,bwd,72,3250.0,2050.0,0.2231,0.0
DK03_to_DB01#alt3,3,bwd,73,3250.0,2100.0,0.2231,0.0
DK03_to_DB01#alt3,3,bwd,74,3250.0,2150.0,0.2231,0.0
DK03_to_DB01#alt3,3,bwd,75,3250.0,2200.0,0.2231,0.0
DK03_to_DB01#alt3,3,bwd,76,3250.0,2250.0,0.2231,0.0
DK03_to_DB01#alt3,3,bwd,77,3250.0,2300.0,0.2211,0.0
DK03_to_DB01#alt3,3,bwd,78,3250.0,2350.0,0.2151,0.0
DK03_to_DB01#alt3,3,bwd,79,3250.0,2400.0,0.2057,0.0
DK03_to_DB01#alt3,3,bwd,80,3250.0,2450.0,0.1937,0.0
DK03_to_DB01#alt3,3,bwd,81,3233.33,2500.0,0.1889,0.0
DK03_to_DB01#alt3,3,bwd,82,3200.0,2550.0,0.2211,0.0
DK03_to_DB01#alt3,3,bwd,83,3150.0,2600.0,0.253,0.0
DK03_to_DB01#alt3,3,bwd,84,3100.0,2650.0,0.281,0.0
DK03_to_DB01#alt3,3,bwd,85,3050.0,2700.0,0.3006,0.0
DK03_to_DB01#alt3,3,bwd,86,3000.0,2750.0,0.3077,0.0
DK03_to_DB01#alt3,3,bwd,87,2950.0,2800.0,0.3077,0.0
DK03_to_DB01#alt3,3,bwd,88,2900.0,2850.0,0.3077,0.0
DK03_to_DB01#alt3,3,bwd,89,2850.0,2900.0,0.3006,0.0
DK03_to_DB01#alt3,3,bwd,90,2800.0,2950.0,0.281,0.0
DK03_to_DB01#alt3,3,bwd,91,2750.0,3000.0,0.3006,0.0
DK03_to_DB01#alt3,3,bwd,92,2700.0,3050.0,0.3077,0.0
DK03_to_DB01#alt3,3,bwd,93,2650.0,3100.0,0.3077,0.0
DK03_to_DB01#alt3,3,bwd,94,2600.0,3150.0,0.3006,0.0
DK03_to_DB01#alt3,3,bwd,95,2550.0,3200.0,0.281,0.0
DK03_to_DB01#alt3,3,bwd,96,2500.0,3250.0,0.3077,0.0
DK03_to_DB01#alt3,3,bwd,97,2450.0,3300.0,0.3679,0.0
DK03_to_DB01#alt3,3,bwd,98,2416.67,3350.0,0.4346,0.0
DK03_to_DB01#alt3,3,bwd,99,2400.0,3400.0,0.4346,0.0
DK03_to_DB01#alt3,3,bwd,100,2400.0,3450.0,0.4346,0.0
DK03_to_DB01#alt3,3,bwd,101,2400.0,3500.0,0.4346,0.0
DK03_to_DB01#alt3,3,bwd,102,2383.33,3550.0,0.5134,0.0
DK03_to_DB01#alt3,3,bwd,103,2350.0,3600.0,0.5903,0.0
DK03_to_DB01#alt3,3,bwd,104,2300.0,3650.0,0.6241,0.0
DK03_to_DB01#alt3,3,bwd,105,2250.0,3700.0,0.5903,0.0
DK03_to_DB01#alt3,3,bwd,106,2200.0,3750.0,0.5134,0.0
DK03_to_DB01#alt3,3,bwd,107,2150.0,3800.0,0.4746,0.0
DK03_to_DB01#alt3,3,bwd,108,2100.0,3833.33,0.4275,0.0
DK03_to_DB01#alt3,3,bwd,109,2050.0,3850.0,0.4346,0.0
DK03_to_DB01#alt3,3,bwd,110,2000.0,3866.67,0.4346,0.0
DK03_to_DB01#alt3,3,bwd,111,1950.0,3883.33,0.5483,0.0
DK03_to_DB01#alt3,3,bwd,112,1900.0,3900.0,0.5903,0.0
DK03_to_DB01#alt3,3,bwd,113,1850.0,3900.0,0.6241,0.0
DK03_to_DB01#alt3,3,bwd,114,1800.0,3900.0,0.6889,0.0
DK03_to_DB01#alt3,3,bwd,115,1750.0,3900.0,0.7165,0.0
DK03_to_DB01#alt3,3,bwd,116,1700.0,3900.0,0.7165,0.0
DK03_to_DB01#alt3,3,bwd,117,1650.0,3900.0,0.7165,0.0
DK03_to_DB01#alt3,3,bwd,118,1600.0,3900.0,0.6889,0.0
DK03_to_DB01#alt3,3,bwd,119,1550.0,3950.0,0.6889,0.0
DK03_to_DB01#alt3,3,bwd,120,1500.0,4000.0,0.6889,0.0
DK03_to_DB01#alt3,3,bwd,121,1450.0,4033.33,0.7165,0.0
DK03_to_DB01#alt3,3,bwd,122,1400.0,4050.0,0.7165,0.0
DK03_to_DB01#alt3,3,bwd,123,1350.0,4050.0,0.7165,0.0
DK03_to_DB01#alt3,3,bwd,124,1300.0,4050.0,0.7165,0.0
DK03_to_DB01#alt3,3,bwd,125,1250.0,4066.67,0.6889,0.0
DK03_to_DB01#alt3,3,bwd,126,1200.0,4066.67,0.6241,0.0
DK03_to_DB01#alt3,3,bwd,127,1150.0,4050.0,0.5483,0.0
DK03_to_DB01#alt3,3,bwd,128,1100.0,4000.0,0.6065,0.0
DK03_to_DB01#alt3,3,bwd,129,1050.0,3950.0,0.6889,0.0
DK03_to_DB01#alt3,3,bwd,130,1000.0,3900.0,0.7165,0.0
DB01_to_DK03#alt4,4,fwd,0,1000.0,3900.0,0.7165,0.0
DB01_to_DK03#alt4,4,fwd,1,1050.0,3950.0,0.6889,0.0
DB01_to_DK03#alt4,4,fwd,2,1083.33,4000.0,0.6065,0.0
DB01_to_DK03#alt4,4,fwd,3,1100.0,4050.0,0.5134,0.0
DB01_to_DK03#alt4,4,fwd,4,1100.0,4100.0,0.5483,0.0
DB01_to_DK03#alt4,4,fwd,5,1100.0,4150.0,0.6241,0.0
DB01_to_DK03#alt4,4,fwd,6,1100.0,4200.0,0.6889,0.0
DB01_to_DK03#alt4,4,fwd,7,1100.0,4250.0,0.7165,0.0
DB01_to_DK03#alt4,4,fwd,8,1100.0,4300.0,0.7165,0.0
DB01_to_DK03#alt4,4,fwd,9,1083.33,4350.0,0.7165,0.0
DB01_to_DK03#alt4,4,fwd,10,1050.0,4400.0,0.6889,0.0
DB01_to_DK03#alt4,4,fwd,11,1016.67,4450.0,0.6889,0.0
DB01_to_DK03#alt4,4,fwd,12,1016.67,4500.0,0.5903,0.0
DB01_to_DK03#alt4,4,fwd,13,1050.0,4550.0,0.4746,0.0
DB01_to_DK03#alt4,4,fwd,14,1100.0,4600.0,0.4931,0.0
DB01_to_DK03#alt4,4,fwd,15,1150.0,4633.33,0.4746,0.0
DB01_to_DK03#alt4,4,fwd,16,1200.0,4650.0,0.503,0.0
DB01_to_DK03#alt4,4,fwd,17,1250.0,4666.67,0.5134,0.0
DB01_to_DK03#alt4,4,fwd,18,1300.0,4700.0,0.4346,0.0
DB01_to_DK03#alt4,4,fwd,19,1350.0,4733.33,0.3679,0.0
DB01_to_DK03#alt4,4,fwd,20,1400.0,4750.0,0.3679,0.0
DB01_to_DK03#alt4,4,fwd,21,1450.0,4750.0,0.3679,0.0
DB01_to_DK03#alt4,4,fwd,22,1500.0,4750.0,0.3679,0.0
DB01_to_DK03#alt4,4,fwd,23,1550.0,4750.0,0.3628,0.0
DB01_to_DK03#alt4,4,fwd,24,1600.0,4750.0,0.4275,0.0
DB01_to_DK03#alt4,4,fwd,25,1650.0,4750.0,0.503,0.0
DB01_to_DK03#alt4,4,fwd,26,1700.0,4766.67,0.5903,0.0
DB01_to_DK03#alt4,4,fwd,27,1750.0,4800.0,0.6241,0.0
DB01_to_DK03#alt4,4,fwd,28,1800.0,4850.0,0.6241,0.0
DB01_to_DK03#alt4,4,fwd,29,1850.0,4900.0,0.6241,0.0
DB01_to_DK03#alt4,4,fwd,30,1900.0,4933.33,0.6241,0.0
DB01_to_DK03#alt4,4,fwd,31,1950.0,4950.0,0.6889,0.0
DB01_to_DK03#alt4,4,fwd,32,2000.0,4950.0,0.7165,0.0
DB01_to_DK03#alt4,4,fwd,33,2050.0,4950.0,0.7165,0.0
DB01_to_DK03#alt4,4,fwd,34,2100.0,4950.0,0.6889,0.0
DB01_to_DK03#alt4,4,fwd,35,2150.0,4950.0,0.6241,0.0
DB01_to_DK03#alt4,4,fwd,36,2200.0,4950.0,0.5903,0.0
DB01_to_DK03#alt4,4,fwd,37,2250.0,4950.0,0.5483,0.0
DB01_to_DK03#alt4,4,fwd,38,2300.0,4933.33,0.4931,0.0
DB01_to_DK03#alt4,4,fwd,39,2350.0,4900.0,0.4931,0.0
DB01_to_DK03#alt4,4,fwd,40,2400.0,4850.0,0.4746,0.0
DB01_to_DK03#alt4,4,fwd,41,2450.0,4800.0,0.4275,0.0
DB01_to_DK03#alt4,4,fwd,42,2500.0,4750.0,0.3679,0.0
DB01_to_DK03#alt4,4,fwd,43,2550.0,4700.0,0.3114,0.0
DB01_to_DK03#alt4,4,fwd,44,2600.0,4650.0,0.3077,0.0
DB01_to_DK03#alt4,4,fwd,45,2650.0,4600.0,0.3895,0.0
DB01_to_DK03#alt4,4,fwd,46,2700.0,4550.0,0.4931,0.0
DB01_to_DK03#alt4,4,fwd,47,2750.0,4516.67,0.6241,0.0
DB01_to_DK03#alt4,4,fwd,48,2800.0,4516.67,0.6889,0.0
DB01_to_DK03#alt4,4,fwd,49,2850.0,4533.33,0.6241,0.0
DB01_to_DK03#alt4,4,fwd,50,2900.0,4550.0,0.6889,0.0
DB01_to_DK03#alt4,4,fwd,51,2950.0,4566.67,0.7165,0.0
DB01_to_DK03#alt4,4,fwd,52,3000.0,4583.33,0.6065,0.0
DB01_to_DK03#alt4,4,fwd,53,3050.0,4600.0,0.6065,0.0
DB01_to_DK03#alt4,4,fwd,54,3100.0,4583.33,0.5903,0.0
DB01_to_DK03#alt4,4,fwd,55,3150.0,4566.67,0.6241,0.0
DB01_to_DK03#alt4,4,fwd,56,3200.0,4550.0,0.5903,0.0
DB01_to_DK03#alt4,4,fwd,57,3250.0,4533.33,0.5483,0.0
DB01_to_DK03#alt4,4,fwd,58,3300.0,4516.67,0.5483,0.0
DB01_to_DK03#alt4,4,fwd,59,3350.0,4500.0,0.4931,0.0
DB01_to_DK03#alt4,4,fwd,60,3400.0,4500.0,0.4346,0.0
DB01_to_DK03#alt4,4,fwd,61,3450.0,4483.33,0.3784,0.0
DB01_to_DK03#alt4,4,fwd,62,3500.0,4466.67,0.3784,0.0
DB01_to_DK03#alt4,4,fwd,63,3550.0,4450.0,0.4076,0.0
DB01_to_DK03#alt4,4,fwd,64,3600.0,4433.33,0.4275,0.0
DB01_to_DK03#alt4,4,fwd,65,3650.0,4416.67,0.5134,0.0
DB01_to_DK03#alt4,4,fwd,66,3700.0,4383.33,0.5134,0.0
DB01_to_DK03#alt4,4,fwd,67,3750.0,4350.0,0.6065,0.0
DB01_to_DK03#alt4,4,fwd,68,3800.0,4300.0,0.6889,0.0
DB01_to_DK03#alt4,4,fwd,69,3850.0,4250.0,0.6889,0.0
DB01_to_DK03#alt4,4,fwd,70,3900.0,4200.0,0.6889,0.0
DB01_to_DK03#alt4,4,fwd,71,3950.0,4166.67,0.6065,0.0
DB01_to_DK03#alt4,4,fwd,72,4000.0,4133.33,0.5134,0.0
DB01_to_DK03#alt4,4,fwd,73,4050.0,4100.0,0.4346,0.0
DB01_to_DK03#alt4,4,fwd,74,4100.0,4050.0,0.4346,0.0
DB01_to_DK03#alt4,4,fwd,75,4150.0,4000.0,0.4346,0.0
DB01_to_DK03#alt4,4,fwd,76,4200.0,3966.67,0.4076,0.0
DB01_to_DK03#alt4,4,fwd,77,4250.0,3950.0,0.3485,0.0
DB01_to_DK03#alt4,4,fwd,78,4300.0,3950.0,0.2972,0.0
DB01_to_DK03#alt4,4,fwd,79,4350.0,3950.0,0.253,0.0
DB01_to_DK03#alt4,4,fwd,80,4400.0,3933.33,0.2151,0.0
DB01_to_DK03#alt4,4,fwd,81,4450.0,3916.67,0.1873,0.0
DB01_to_DK03#alt4,4,fwd,82,4500.0,3900.0,0.1587,0.0
DB01_to_DK03#alt4,4,fwd,83,4550.0,3900.0,0.1344,0.0
DB01_to_DK03#alt4,4,fwd,84,4600.0,3900.0,0.1138,0.0
DB01_to_DK03#alt4,4,fwd,85,4650.0,3883.33,0.0964,0.0
DB01_to_DK03#alt4,4,fwd,86,4700.0,3850.0,0.0821,0.0
DB01_to_DK03#alt4,4,fwd,87,4733.33,3800.0,0.0736,0.0
DB01_to_DK03#alt4,4,fwd,88,4766.67,3750.0,0.079,0.0
DB01_to_DK03#alt4,4,fwd,89,4783.33,3700.0,0.0717,0.0
DB01_to_DK03#alt4,4,fwd,90,4800.0,3650.0,0.0752,0.0
DB01_to_DK03#alt4,4,fwd,91,4800.0,3600.0,0.0781,0.0
DB01_to_DK03#alt4,4,fwd,92,4800.0,3550.0,0.0803,0.0
DB01_to_DK03#alt4,4,fwd,93,4800.0,3500.0,0.0816,0.0
DB01_to_DK03#alt4,4,fwd,94,4800.0,3450.0,0.0821,0.0
DB01_to_DK03#alt4,4,fwd,95,4800.0,3400.0,0.0839,0.0
DB01_to_DK03#alt4,4,fwd,96,4800.0,3350.0,0.0936,0.0
DB01_to_DK03#alt4,4,fwd,97,4800.0,3300.0,0.1036,0.0
DB01_to_DK03#alt4,4,fwd,98,4800.0,3250.0,0.1138,0.0
DB01_to_DK03#alt4,4,fwd,99,4783.33,3200.0,0.1239,0.0
DB01_to_DK03#alt4,4,fwd,100,4766.67,3150.0,0.1551,0.0
DB01_to_DK03#alt4,4,fwd,101,4750.0,3100.0,0.1661,0.0
DB01_to_DK03#alt4,4,fwd,102,4750.0,3050.0,0.1798,0.0
DB01_to_DK03#alt4,4,fwd,103,4733.33,3000.0,0.1937,0.0
DB01_to_DK03#alt4,4,fwd,104,4716.67,2950.0,0.2407,0.0
DB01_to_DK03#alt4,4,fwd,105,4700.0,2900.0,0.253,0.0
DB01_to_DK03#alt4,4,fwd,106,4683.33,2850.0,0.2609,0.0
DB01_to_DK03#alt4,4,fwd,107,4650.0,2800.0,0.3114,0.0
DB01_to_DK03#alt4,4,fwd,108,4600.0,2750.0,0.3628,0.0
DB01_to_DK03#alt4,4,fwd,109,4550.0,2700.0,0.4076,0.0
DB01_to_DK03#alt4,4,fwd,110,4500.0,2650.0,0.4346,0.0
DB01_to_DK03#alt4,4,fwd,111,4450.0,2600.0,0.4746,0.0
DB01_to_DK03#alt4,4,fwd,112,4400.0,2550.0,0.4931,0.0
DB01_to_DK03#alt4,4,fwd,113,4350.0,2500.0,0.4931,0.0
DB01_to_DK03#alt4,4,fwd,114,4300.0,2450.0,0.4746,0.0
DB01_to_DK03#alt4,4,fwd,115,4250.0,2400.0,0.4275,0.0
DB01_to_DK03#alt4,4,fwd,116,4200.0,2350.0,0.3679,0.0
DB01_to_DK03#alt4,4,fwd,117,4150.0,2300.0,0.3114,0.0
DB01_to_DK03#alt4,4,fwd,118,4100.0,2250.0,0.2636,0.0
DB01_to_DK03#alt4,4,fwd,119,4050.0,2200.0,0.2384,0.0
DB01_to_DK03#alt4,4,fwd,120,4000.0,2150.0,0.2431,0.0
DB01_to_DK03#alt4,4,fwd,121,3950.0,2100.0,0.2431,0.0
DB01_to_DK03#alt4,4,fwd,122,3900.0,2050.0,0.2384,0.0
DB01_to_DK03#alt4,4,fwd,123,3850.0,2000.0,0.2252,0.0
DB01_to_DK03#alt4,4,fwd,124,3800.0,1950.0,0.2057,0.0
DB01_to_DK03#alt4,4,fwd,125,3750.0,1900.0,0.1827,0.0
DB01_to_DK03#alt4,4,fwd,126,3700.0,1850.0,0.1587,0.0
DB01_to_DK03#alt4,4,fwd,127,3650.0,1800.0,0.1353,0.0
DB01_to_DK03#alt4,4,fwd,128,3600.0,1750.0,0.1146,0.0
DB01_to_DK03#alt4,4,fwd,129,3550.0,1700.0,0.1146,0.0
DB01_to_DK03#alt4,4,fwd,130,3500.0,1650.0,0.1422,0.0
DB01_to_DK03#alt4,4,fwd,131,3450.0,1600.0,0.1755,0.0
DB01_to_DK03#alt4,4,fwd,132,3400.0,1550.0,0.2151,0.0
DB01_to_DK03#alt4,4,fwd,133,3366.67,1500.0,0.2609,0.0
DB01_to_DK03#alt4,4,fwd,134,3350.0,1450.0,0.2636,0.0
DB01_to_DK03#alt4,4,fwd,135,3350.0,1400.0,0.2636,0.0
DB01_to_DK03#alt4,4,fwd,136,3350.0,1350.0,0.2636,0.0
DB01_to_DK03#alt4,4,fwd,137,3350.0,1300.0,0.2636,0.0
DB01_to_DK03#alt4,4,fwd,138,3333.33,1250.0,0.2609,0.0
DB01_to_DK03#alt4,4,fwd,139,3300.0,1200.0,0.2972,0.0
DB01_to_DK03#alt4,4,fwd,140,3250.0,1150.0,0.3269,0.0
DB01_to_DK03#alt4,4,fwd,141,3200.0,1100.0,0.344,0.0
DB01_to_DK03#alt4,4,fwd,142,3150.0,1083.33,0.3895,0.0
DB01_to_DK03#alt4,4,fwd,143,3100.0,1100.0,0.4346,0.0
DB01_to_DK03#alt4,4,fwd,144,3050.0,1133.33,0.5483,0.0
DB01_to_DK03#alt4,4,fwd,145,3000.0,1150.0,0.6241,0.0
DB01_to_DK03#alt4,4,fwd,146,2950.0,1150.0,0.6889,0.0
DB01_to_DK03#alt4,4,fwd,147,2900.0,1150.0,0.7165,0.0
DB01_to_DK03#alt4,4,fwd,148,2850.0,1150.0,0.7165,0.0
DB01_to_DK03#alt4,4,fwd,149,2800.0,1150.0,0.6889,0.0
DB01_to_DK03#alt4,4,fwd,150,2750.0,1200.0,0.6889,0.0
DB01_to_DK03#alt4,4,fwd,151,2700.0,1233.33,0.6889,0.0
DB01_to_DK03#alt4,4,fwd,152,2650.0,1233.33,0.5903,0.0
DB01_to_DK03#alt4,4,fwd,153,2600.0,1200.0,0.4746,0.0
DB01_to_DK03#alt4,4,fwd,154,2550.0,1150.0,0.3784,0.0
DB01_to_DK03#alt4,4,fwd,155,2500.0,1100.0,0.3006,0.0
DB01_to_DK03#alt4,4,fwd,156,2450.0,1050.0,0.2384,0.0
DB01_to_DK03#alt4,4,fwd,157,2400.0,1000.0,0.1889,0.0
DB01_to_DK03#alt4,4,fwd,158,2350.0,950.0,0.1495,0.0
DB01_to_DK03#alt4,4,fwd,159,2300.0,900.0,0.1183,0.0
DB01_to_DK03#alt4,4,fwd,160,2250.0,850.0,0.0936,0.0
DB01_to_DK03#alt4,4,fwd,161,2200.0,800.0,0.074,0.0
DB01_to_DK03#alt4,4,fwd,162,2150.0,783.33,0.065,0.0
DB01_to_DK03#alt4,4,fwd,163,2100.0,800.0,0.0568,0.0
DB01_to_DK03#alt4,4,fwd,164,2050.0,850.0,0.0544,0.0
DB01_to_DK03#alt4,4,fwd,165,2000.0,900.0,0.0612,0.0
DB01_to_DK03#alt4,4,fwd,166,1950.0,933.33,0.0677,0.0
DB01_to_DK03#alt4,4,fwd,167,1900.0,950.0,0.065,0.0
DB01_to_DK03#alt4,4,fwd,168,1850.0,950.0,0.0717,0.0
DB01_to_DK03#alt4,4,fwd,169,1800.0,950.0,0.0785,0.0
DB01_to_DK03#alt4,4,fwd,170,1750.0,950.0,0.0854,0.0
DB01_to_DK03#alt4,4,fwd,171,1700.0,950.0,0.092,0.0
DB01_to_DK03#alt4,4,fwd,172,1650.0,950.0,0.0981,0.0
DB01_to_DK03#alt4,4,fwd,173,1600.0,950.0,0.1036,0.0
DB01_to_DK03#alt4,4,fwd,174,1550.0,950.0,0.1082,0.0
DB01_to_DK03#alt4,4,fwd,175,1500.0,950.0,0.1117,0.0
DB01_to_DK03#alt4,4,fwd,176,1450.0,933.33,0.1138,0.0
DB01_to_DK03#alt4,4,fwd,177,1400.0,900.0,0.1036,0.0
DB01_to_DK03#alt4,4,fwd,178,1350.0,850.0,0.1273,0.0
DB01_to_DK03#alt4,4,fwd,179,1300.0,833.33,0.1495,0.0
DB01_to_DK03#alt4,4,fwd,180,1250.0,850.0,0.1755,0.0
DB01_to_DK03#alt4,4,fwd,181,1200.0,900.0,0.1937,0.0
DB01_to_DK03#alt4,4,fwd,182,1150.0,950.0,0.2076,0.0
DB01_to_DK03#alt4,4,fwd,183,1100.0,1000.0,0.2151,0.0
DB01_to_DK03#alt4,4,fwd,184,1066.67,1050.0,0.2151,0.0
DB01_to_DK03#alt4,4,fwd,185,1050.0,1100.0,0.2231,0.0
DB01_to_DK03#alt4,4,fwd,186,1050.0,1150.0,0.2636,0.0
DB01_to_DK03#alt4,4,fwd,187,1050.0,1200.0,0.3114,0.0
DB01_to_DK03#alt4,4,fwd,188,1050.0,1250.0,0.3679,0.0
DB01_to_DK03#alt5,5,fwd,0,1000.0,3900.0,0.7165,0.0
DB01_to_DK03#alt5,5,fwd,1,950.0,3950.0,0.5903,0.0
DB01_to_DK03#alt5,5,fwd,2,900.0,3983.33,0.4746,0.0
DB01_to_DK03#alt5,5,fwd,3,850.0,3983.33,0.4346,0.0
DB01_to_DK03#alt5,5,fwd,4,800.0,3950.0,0.4346,0.0
DB01_to_DK03#alt5,5,fwd,5,750.0,3900.0,0.4346,0.0
DB01_to_DK03#alt5,5,fwd,6,700.0,3850.0,0.4076,0.0
DB01_to_DK03#alt5,5,fwd,7,650.0,3800.0,0.3784,0.0
DB01_to_DK03#alt5,5,fwd,8,600.0,3750.0,0.3485,0.0
DB01_to_DK03#alt5,5,fwd,9,550.0,3700.0,0.3077,0.0
DB01_to_DK03#alt5,5,fwd,10,500.0,3650.0,0.281,0.0
DB01_to_DK03#alt5,5,fwd,11,450.0,3600.0,0.253,0.0
DB01_to_DK03#alt5,5,fwd,12,416.67,3550.0,0.2211,0.0
DB01_to_DK03#alt5,5,fwd,13,416.67,3500.0,0.2231,0.0
DB01_to_DK03#alt5,5,fwd,14,450.0,3450.0,0.2609,0.0
DB01_to_DK03#alt5,5,fwd,15,500.0,3400.0,0.2972,0.0
DB01_to_DK03#alt5,5,fwd,16,550.0,3350.0,0.3269,0.0
DB01_to_DK03#alt5,5,fwd,17,600.0,3300.0,0.3628,0.0
DB01_to_DK03#alt5,5,fwd,18,633.33,3250.0,0.4076,0.0
DB01_to_DK03#alt5,5,fwd,19,650.0,3200.0,0.3784,0.0
DB01_to_DK03#alt5,5,fwd,20,650.0,3150.0,0.3485,0.0
DB01_to_DK03#alt5,5,fwd,21,666.67,3100.0,0.3269,0.0
DB01_to_DK03#alt5,5,fwd,22,700.0,3050.0,0.344,0.0
DB01_to_DK03#alt5,5,fwd,23,733.33,3000.0,0.344,0.0
DB01_to_DK03#alt5,5,fwd,24,766.67,2950.0,0.3077,0.0
DB01_to_DK03#alt5,5,fwd,25,783.33,2900.0,0.3006,0.0
DB01_to_DK03#alt5,5,fwd,26,800.0,2850.0,0.2609,0.0
DB01_to_DK03#alt5,5,fwd,27,816.67,2800.0,0.2252,0.0
DB01_to_DK03#alt5,5,fwd,28,850.0,2750.0,0.2076,0.0
DB01_to_DK03#alt5,5,fwd,29,900.0,2700.0,0.1937,0.0
DB01_to_DK03#alt5,5,fwd,30,950.0,2650.0,0.2151,0.0
DB01_to_DK03#alt5,5,fwd,31,1000.0,2600.0,0.2609,0.0
DB01_to_DK03#alt5,5,fwd,32,1050.0,2550.0,0.3114,0.0
DB01_to_DK03#alt5,5,fwd,33,1083.33,2500.0,0.3679,0.0
DB01_to_DK03#alt5,5,fwd,34,1100.0,2450.0,0.3679,0.0
DB01_to_DK03#alt5,5,fwd,35,1116.67,2400.0,0.3679,0.0
DB01_to_DK03#alt5,5,fwd,36,1150.0,2350.0,0.4275,0.0
DB01_to_DK03#alt5,5,fwd,37,1200.0,2300.0,0.4746,0.0
DB01_to_DK03#alt5,5,fwd,38,1250.0,2250.0,0.4931,0.0
DB01_to_DK03#alt5,5,fwd,39,1300.0,2216.67,0.4931,0.0
DB01_to_DK03#alt5,5,fwd,40,1350.0,2200.0,0.5483,0.0
DB01_to_DK03#alt5,5,fwd,41,1400.0,2200.0,0.6241,0.0
DB01_to_DK03#alt5,5,fwd,42,1450.0,2183.33,0.6889,0.0
DB01_to_DK03#alt5,5,fwd,43,1500.0,2150.0,0.6065,0.0
DB01_to_DK03#alt5,5,fwd,44,1550.0,2100.0,0.5134,0.0
DB01_to_DK03#alt5,5,fwd,45,1600.0,2050.0,0.4931,0.0
DB01_to_DK03#alt5,5,fwd,46,1650.0,2000.0,0.4746,0.0
DB01_to_DK03#alt5,5,fwd,47,1700.0,1950.0,0.4346,0.0
DB01_to_DK03#alt5,5,fwd,48,1733.33,1900.0,0.4275,0.0
DB01_to_DK03#alt5,5,fwd,49,1750.0,1850.0,0.4275,0.0
DB01_to_DK03#alt5,5,fwd,50,1733.33,1800.0,0.4346,0.0
DB01_to_DK03#alt5,5,fwd,51,1716.67,1750.0,0.5134,0.0
DB01_to_DK03#alt5,5,fwd,52,1700.0,1700.0,0.5134,0.0
DB01_to_DK03#alt5,5,fwd,53,1683.33,1650.0,0.503,0.0
DB01_to_DK03#alt5,5,fwd,54,1650.0,1600.0,0.5483,0.0
DB01_to_DK03#alt5,5,fwd,55,1600.0,1550.0,0.5483,0.0
DB01_to_DK03#alt5,5,fwd,56,1550.0,1500.0,0.5483,0.0
DB01_to_DK03#alt5,5,fwd,57,1500.0,1450.0,0.5483,0.0
DB01_to_DK03#alt5,5,fwd,58,1450.0,1400.0,0.503,0.0
DB01_to_DK03#alt5,5,fwd,59,1400.0,1350.0,0.4346,0.0
DB01_to_DK03#alt5,5,fwd,60,1350.0,1300.0,0.3679,0.0
DB01_to_DK03#alt5,5,fwd,61,1300.0,1266.67,0.3114,0.0
DB01_to_DK03#alt5,5,fwd,62,1250.0,1250.0,0.3114,0.0
DB01_to_DK03#alt5,5,fwd,63,1200.0,1250.0,0.3269,0.0
DB01_to_DK03#alt5,5,fwd,64,1150.0,1250.0,0.3485,0.0
DB01_to_DK03#alt5,5,fwd,65,1100.0,1250.0,0.3628,0.0
DB01_to_DK03#alt5,5,fwd,66,1050.0,1250.0,0.3679,0.0
DB01_to_DK03#alt6,6,fwd,0,1000.0,3900.0,0.7165,0.0
DB01_to_DK03#alt6,6,fwd,1,1050.0,3950.0,0.6889,0.0
DB01_to_DK03#alt6,6,fwd,2,1100.0,3983.33,0.6065,0.0
DB01_to_DK03#alt6,6,fwd,3,1150.0,4000.0,0.6241,0.0
DB01_to_DK03#alt6,6,fwd,4,1200.0,4000.0,0.6889,0.0
DB01_to_DK03#alt6,6,fwd,5,1250.0,4000.0,0.7165,0.0
DB01_to_DK03#alt6,6,fwd,6,1300.0,3983.33,0.6889,0.0
DB01_to_DK03#alt6,6,fwd,7,1350.0,3966.67,0.7165,0.0
DB01_to_DK03#alt6,6,fwd,8,1400.0,3950.0,0.7165,0.0
DB01_to_DK03#alt6,6,fwd,9,1450.0,3933.33,0.6889,0.0
DB01_to_DK03#alt6,6,fwd,10,1500.0,3916.67,0.7165,0.0
DB01_to_DK03#alt6,6,fwd,11,1550.0,3900.0,0.6889,0.0
DB01_to_DK03#alt6,6,fwd,12,1600.0,3900.0,0.6889,0.0
DB01_to_DK03#alt6,6,fwd,13,1650.0,3900.0,0.7165,0.0
DB01_to_DK03#alt6,6,fwd,14,1700.0,3900.0,0.7165,0.0
DB01_to_DK03#alt6,6,fwd,15,1750.0,3900.0,0.7165,0.0
DB01_to_DK03#alt6,6,fwd,16,1800.0,3916.67,0.6889,0.0
DB01_to_DK03#alt6,6,fwd,17,1850.0,3933.33,0.7165,0.0
DB01_to_DK03#alt6,6,fwd,18,1900.0,3950.0,0.6889,0.0
DB01_to_DK03#alt6,6,fwd,19,1950.0,4000.0,0.6889,0.0
DB01_to_DK03#alt6,6,fwd,20,2000.0,4050.0,0.6889,0.0
DB01_to_DK03#alt6,6,fwd,21,2050.0,4100.0,0.6065,0.0
DB01_to_DK03#alt6,6,fwd,22,2100.0,4150.0,0.5134,0.0
DB01_to_DK03#alt6,6,fwd,23,2150.0,4200.0,0.4346,0.0
DB01_to_DK03#alt6,6,fwd,24,2200.0,4250.0,0.4076,0.0
DB01_to_DK03#alt6,6,fwd,25,2250.0,4300.0,0.4346,0.0
DB01_to_DK03#alt6,6,fwd,26,2300.0,4350.0,0.4346,0.0
DB01_to_DK03#alt6,6,fwd,27,2350.0,4400.0,0.4346,0.0
DB01_to_DK03#alt6,6,fwd,28,2400.0,4450.0,0.4346,0.0
DB01_to_DK03#alt6,6,fwd,29,2450.0,4500.0,0.4076,0.0
DB01_to_DK03#alt6,6,fwd,30,2500.0,4550.0,0.3628,0.0
DB01_to_DK03#alt6,6,fwd,31,2550.0,4600.0,0.3114,0.0
DB01_to_DK03#alt6,6,fwd,32,2600.0,4650.0,0.3077,0.0
DB01_to_DK03#alt6,6,fwd,33,2650.0,4683.33,0.3006,0.0
DB01_to_DK03#alt6,6,fwd,34,2700.0,4700.0,0.3269,0.0
DB01_to_DK03#alt6,6,fwd,35,2750.0,4700.0,0.3485,0.0
DB01_to_DK03#alt6,6,fwd,36,2800.0,4700.0,0.3784,0.0
DB01_to_DK03#alt6,6,fwd,37,2850.0,4700.0,0.4076,0.0
DB01_to_DK03#alt6,6,fwd,38,2900.0,4700.0,0.4275,0.0
DB01_to_DK03#alt6,6,fwd,39,2950.0,4700.0,0.4346,0.0
DB01_to_DK03#alt6,6,fwd,40,3000.0,4700.0,0.4346,0.0
DB01_to_DK03#alt6,6,fwd,41,3050.0,4716.67,0.4346,0.0
DB01_to_DK03#alt6,6,fwd,42,3100.0,4750.0,0.3628,0.0
DB01_to_DK03#alt6,6,fwd,43,3150.0,4800.0,0.2972,0.0
DB01_to_DK03#alt6,6,fwd,44,3200.0,4816.67,0.281,0.0
DB01_to_DK03#alt6,6,fwd,45,3250.0,4816.67,0.2609,0.0
DB01_to_DK03#alt6,6,fwd,46,3300.0,4800.0,0.2407,0.0
DB01_to_DK03#alt6,6,fwd,47,3350.0,4800.0,0.2252,0.0
DB01_to_DK03#alt6,6,fwd,48,3400.0,4800.0,0.2076,0.0
DB01_to_DK03#alt6,6,fwd,49,3450.0,4800.0,0.1889,0.0
DB01_to_DK03#alt6,6,fwd,50,3500.0,4783.33,0.2231,0.0
DB01_to_DK03#alt6,6,fwd,51,3550.0,4766.67,0.2636,0.0
DB01_to_DK03#alt6,6,fwd,52,3600.0,4733.33,0.3114,0.0
DB01_to_DK03#alt6,6,fwd,53,3650.0,4716.67,0.3628,0.0
DB01_to_DK03#alt6,6,fwd,54,3700.0,4700.0,0.4275,0.0
DB01_to_DK03#alt6,6,fwd,55,3750.0,4683.33,0.503,0.0
DB01_to_DK03#alt6,6,fwd,56,3800.0,4650.0,0.5483,0.0
DB01_to_DK03#alt6,6,fwd,57,3850.0,4600.0,0.5483,0.0
DB01_to_DK03#alt6,6,fwd,58,3900.0,4550.0,0.503,0.0
DB01_to_DK03#alt6,6,fwd,59,3950.0,4500.0,0.4346,0.0
DB01_to_DK03#alt6,6,fwd,60,4000.0,4450.0,0.3679,0.0
DB01_to_DK03#alt6,6,fwd,61,4050.0,4400.0,0.3077,0.0
DB01_to_DK03#alt6,6,fwd,62,4100.0,4350.0,0.3006,0.0
DB01_to_DK03#alt6,6,fwd,63,4150.0,4300.0,0.281,0.0
DB01_to_DK03#alt6,6,fwd,64,4200.0,4250.0,0.253,0.0
DB01_to_DK03#alt6,6,fwd,65,4250.0,4200.0,0.2211,0.0
DB01_to_DK03#alt6,6,fwd,66,4300.0,4150.0,0.2151,0.0
DB01_to_DK03#alt6,6,fwd,67,4350.0,4100.0,0.2076,0.0
DB01_to_DK03#alt6,6,fwd,68,4400.0,4066.67,0.1937,0.0
DB01_to_DK03#alt6,6,fwd,69,4450.0,4033.33,0.1661,0.0
DB01_to_DK03#alt6,6,fwd,70,4500.0,4016.67,0.1495,0.0
DB01_to_DK03#alt6,6,fwd,71,4550.0,4000.0,0.1273,0.0
DB01_to_DK03#alt6,6,fwd,72,4600.0,4016.67,0.1082,0.0
DB01_to_DK03#alt6,6,fwd,73,4650.0,4016.67,0.092,0.0
DB01_to_DK03#alt6,6,fwd,74,4700.0,4000.0,0.0781,0.0
DB01_to_DK03#alt6,6,fwd,75,4750.0,3950.0,0.0681,0.0
DB01_to_DK03#alt6,6,fwd,76,4800.0,3900.0,0.0585,0.0
DB01_to_DK03#alt6,6,fwd,77,4850.0,3850.0,0.0507,0.0
DB01_to_DK03#alt6,6,fwd,78,4883.33,3800.0,0.0467,0.0
DB01_to_DK03#alt6,6,fwd,79,4900.0,3750.0,0.0496,0.0
DB01_to_DK03#alt6,6,fwd,80,4900.0,3700.0,0.0522,0.0
DB01_to_DK03#alt6,6,fwd,81,4900.0,3650.0,0.0544,0.0
DB01_to_DK03#alt6,6,fwd,82,4900.0,3600.0,0.0563,0.0
DB01_to_DK03#alt6,6,fwd,83,4900.0,3550.0,0.0577,0.0
DB01_to_DK03#alt6,6,fwd,84,4900.0,3500.0,0.0585,0.0
DB01_to_DK03#alt6,6,fwd,85,4900.0,3450.0,0.0588,0.0
DB01_to_DK03#alt6,6,fwd,86,4900.0,3400.0,0.065,0.0
DB01_to_DK03#alt6,6,fwd,87,4900.0,3350.0,0.0717,0.0
DB01_to_DK03#alt6,6,fwd,88,4900.0,3300.0,0.0785,0.0
DB01_to_DK03#alt6,6,fwd,89,4900.0,3250.0,0.0854,0.0
DB01_to_DK03#alt6,6,fwd,90,4900.0,3200.0,0.092,0.0
DB01_to_DK03#alt6,6,fwd,91,4883.33,3150.0,0.0987,0.0
DB01_to_DK03#alt6,6,fwd,92,4866.67,3100.0,0.1239,0.0
DB01_to_DK03#alt6,6,fwd,93,4850.0,3050.0,0.1335,0.0
DB01_to_DK03#alt6,6,fwd,94,4850.0,3000.0,0.1422,0.0
DB01_to_DK03#alt6,6,fwd,95,4833.33,2950.0,0.1495,0.0
DB01_to_DK03#alt6,6,fwd,96,4816.67,2900.0,0.1827,0.0
DB01_to_DK03#alt6,6,fwd,97,4800.0,2850.0,0.1873,0.0
DB01_to_DK03#alt6,6,fwd,98,4783.33,2800.0,0.1889,0.0
DB01_to_DK03#alt6,6,fwd,99,4766.67,2750.0,0.2211,0.0
DB01_to_DK03#alt6,6,fwd,100,4750.0,2700.0,0.2151,0.0
DB01_to_DK03#alt6,6,fwd,101,4750.0,2650.0,0.2057,0.0
DB01_to_DK03#alt6,6,fwd,102,4750.0,2600.0,0.1937,0.0
DB01_to_DK03#alt6,6,fwd,103,4750.0,2550.0,0.1798,0.0
DB01_to_DK03#alt6,6,fwd,104,4750.0,2500.0,0.1661,0.0
DB01_to_DK03#alt6,6,fwd,105,4750.0,2450.0,0.1551,0.0
DB01_to_DK03#alt6,6,fwd,106,4750.0,2400.0,0.1432,0.0
DB01_to_DK03#alt6,6,fwd,107,4750.0,2350.0,0.1308,0.0
DB01_to_DK03#alt6,6,fwd,108,4750.0,2300.0,0.1495,0.0
DB01_to_DK03#alt6,6,fwd,109,4750.0,2250.0,0.17,0.0
DB01_to_DK03#alt6,6,fwd,110,4750.0,2200.0,0.1921,0.0
DB01_to_DK03#alt6,6,fwd,111,4750.0,2150.0,0.2151,0.0
DB01_to_DK03#alt6,6,fwd,112,4750.0,2100.0,0.2431,0.0
DB01_to_DK03#alt6,6,fwd,113,4750.0,2050.0,0.2721,0.0
DB01_to_DK03#alt6,6,fwd,114,4750.0,2000.0,0.3006,0.0
DB01_to_DK03#alt6,6,fwd,115,4750.0,1950.0,0.3269,0.0
DB01_to_DK03#alt6,6,fwd,116,4750.0,1900.0,0.3485,0.0
DB01_to_DK03#alt6,6,fwd,117,4750.0,1850.0,0.3628,0.0
DB01_to_DK03#alt6,6,fwd,118,4750.0,1800.0,0.3679,0.0
DB01_to_DK03#alt6,6,fwd,119,4750.0,1750.0,0.3679,0.0
DB01_to_DK03#alt6,6,fwd,120,4733.33,1700.0,0.3628,0.0
DB01_to_DK03#alt6,6,fwd,121,4700.0,1650.0,0.4076,0.0
DB01_to_DK03#alt6,6,fwd,122,4650.0,1600.0,0.4346,0.0
DB01_to_DK03#alt6,6,fwd,123,4600.0,1550.0,0.4346,0.0
DB01_to_DK03#alt6,6,fwd,124,4550.0,1500.0,0.4346,0.0
DB01_to_DK03#alt6,6,fwd,125,4500.0,1450.0,0.4076,0.0
DB01_to_DK03#alt6,6,fwd,126,4450.0,1400.0,0.3628,0.0
DB01_to_DK03#alt6,6,fwd,127,4400.0,1350.0,0.3114,0.0
DB01_to_DK03#alt6,6,fwd,128,4350.0,1300.0,0.2636,0.0
DB01_to_DK03#alt6,6,fwd,129,4300.0,1250.0,0.2231,0.0
DB01_to_DK03#alt6,6,fwd,130,4250.0,1200.0,0.1873,0.0
DB01_to_DK03#alt6,6,fwd,131,4200.0,1150.0,0.1599,0.0
DB01_to_DK03#alt6,6,fwd,132,4150.0,1100.0,0.1873,0.0
DB01_to_DK03#alt6,6,fwd,133,4100.0,1050.0,0.2151,0.0
DB01_to_DK03#alt6,6,fwd,134,4050.0,1000.0,0.2431,0.0
DB01_to_DK03#alt6,6,fwd,135,4000.0,950.0,0.3077,0.0
DB01_to_DK03#alt6,6,fwd,136,3966.67,900.0,0.3895,0.0
DB01_to_DK03#alt6,6,fwd,137,3950.0,850.0,0.4346,0.0
DB01_to_DK03#alt6,6,fwd,138,3950.0,800.0,0.4931,0.0
DB01_to_DK03#alt6,6,fwd,139,3950.0,750.0,0.5483,0.0
DB01_to_DK03#alt6,6,fwd,140,3950.0,700.0,0.5903,0.0
DB01_to_DK03#alt6,6,fwd,141,3950.0,650.0,0.6241,0.0
DB01_to_DK03#alt6,6,fwd,142,3950.0,600.0,0.6889,0.0
DB01_to_DK03#alt6,6,fwd,143,3950.0,550.0,0.7165,0.0
DB01_to_DK03#alt6,6,fwd,144,3950.0,500.0,0.6889,0.0
DB01_to_DK03#alt6,6,fwd,145,3900.0,450.0,0.7165,0.0
DB01_to_DK03#alt6,6,fwd,146,3900.0,400.0,0.6889,0.0
DB01_to_DK03#alt6,6,fwd,147,3850.0,350.0,0.6889,0.0
DB01_to_DK03#alt6,6,fwd,148,3816.67,300.0,0.6241,0.0
DB01_to_DK03#alt6,6,fwd,149,3783.33,250.0,0.5483,0.0
DB01_to_DK03#alt6,6,fwd,150,3750.0,200.0,0.5483,0.0
DB01_to_DK03#alt6,6,fwd,151,3700.0,150.0,0.5483,0.0
DB01_to_DK03#alt6,6,fwd,152,3650.0,116.67,0.503,0.0
DB01_to_DK03#alt6,6,fwd,153,3600.0,83.33,0.5134,0.0
DB01_to_DK03#alt6,6,fwd,154,3550.0,66.67,0.4346,0.0
DB01_to_DK03#alt6,6,fwd,155,3500.0,50.0,0.4346,0.0
DB01_to_DK03#alt6,6,fwd,156,3450.0,50.0,0.4346,0.0
DB01_to_DK03#alt6,6,fwd,157,3400.0,66.67,0.4346,0.0
DB01_to_DK03#alt6,6,fwd,158,3350.0,83.33,0.5134,0.0
DB01_to_DK03#alt6,6,fwd,159,3300.0,100.0,0.5134,0.0
DB01_to_DK03#alt6,6,fwd,160,3250.0,116.67,0.5134,0.0
DB01_to_DK03#alt6,6,fwd,161,3200.0,133.33,0.5903,0.0
DB01_to_DK03#alt6,6,fwd,162,3150.0,150.0,0.5483,0.0
DB01_to_DK03#alt6,6,fwd,163,3100.0,150.0,0.4931,0.0
DB01_to_DK03#alt6,6,fwd,164,3050.0,133.33,0.4346,0.0
DB01_to_DK03#alt6,6,fwd,165,3000.0,116.67,0.344,0.0
DB01_to_DK03#alt6,6,fwd,166,2950.0,100.0,0.3006,0.0
DB01_to_DK03#alt6,6,fwd,167,2900.0,100.0,0.2609,0.0
DB01_to_DK03#alt6,6,fwd,168,2850.0,100.0,0.2252,0.0
DB01_to_DK03#alt6,6,fwd,169,2800.0,100.0,0.1937,0.0
DB01_to_DK03#alt6,6,fwd,170,2750.0,100.0,0.1661,0.0
DB01_to_DK03#alt6,6,fwd,171,2700.0,100.0,0.1422,0.0
DB01_to_DK03#alt6,6,fwd,172,2650.0,100.0,0.1215,0.0
DB01_to_DK03#alt6,6,fwd,173,2600.0,100.0,0.1036,0.0
DB01_to_DK03#alt6,6,fwd,174,2550.0,100.0,0.0883,0.0
DB01_to_DK03#alt6,6,fwd,175,2500.0,100.0,0.0752,0.0
DB01_to_DK03#alt6,6,fwd,176,2450.0,100.0,0.064,0.0
DB01_to_DK03#alt6,6,fwd,177,2400.0,100.0,0.0544,0.0
DB01_to_DK03#alt6,6,fwd,178,2350.0,100.0,0.0463,0.0
DB01_to_DK03#alt6,6,fwd,179,2300.0,100.0,0.0393,0.0
DB01_to_DK03#alt6,6,fwd,180,2250.0,100.0,0.0334,0.0
DB01_to_DK03#alt6,6,fwd,181,2200.0,100.0,0.0284,0.0
DB01_to_DK03#alt6,6,fwd,182,2150.0,100.0,0.0241,0.0
DB01_to_DK03#alt6,6,fwd,183,2100.0,100.0,0.0204,0.0
DB01_to_DK03#alt6,6,fwd,184,2050.0,100.0,0.0173,0.0
DB01_to_DK03#alt6,6,fwd,185,2000.0,100.0,0.0147,0.0
DB01_to_DK03#alt6,6,fwd,186,1950.0,100.0,0.0125,0.0
DB01_to_DK03#alt6,6,fwd,187,1900.0,100.0,0.0143,0.0
DB01_to_DK03#alt6,6,fwd,188,1850.0,100.0,0.0166,0.0
DB01_to_DK03#alt6,6,fwd,189,1800.0,100.0,0.0192,0.0
DB01_to_DK03#alt6,6,fwd,190,1750.0,100.0,0.0223,0.0
DB01_to_DK03#alt6,6,fwd,191,1700.0,116.67,0.0258,0.0
DB01_to_DK03#alt6,6,fwd,192,1650.0,133.33,0.0323,0.0
DB01_to_DK03#alt6,6,fwd,193,1600.0,150.0,0.0374,0.0
DB01_to_DK03#alt6,6,fwd,194,1550.0,150.0,0.0431,0.0
DB01_to_DK03#alt6,6,fwd,195,1500.0,166.67,0.0496,0.0
DB01_to_DK03#alt6,6,fwd,196,1450.0,200.0,0.0624,0.0
DB01_to_DK03#alt6,6,fwd,197,1400.0,250.0,0.0785,0.0
DB01_to_DK03#alt6,6,fwd,198,1350.0,300.0,0.0987,0.0
DB01_to_DK03#alt6,6,fwd,199,1300.0,350.0,0.1239,0.0
DB01_to_DK03#alt6,6,fwd,200,1250.0,400.0,0.1551,0.0
DB01_to_DK03#alt6,6,fwd,201,1200.0,450.0,0.1937,0.0
DB01_to_DK03#alt6,6,fwd,202,1150.0,500.0,0.2407,0.0
DB01_to_DK03#alt6,6,fwd,203,1100.0,550.0,0.2972,0.0
DB01_to_DK03#alt6,6,fwd,204,1050.0,600.0,0.3628,0.0
DB01_to_DK03#alt6,6,fwd,205,1000.0,650.0,0.4346,0.0
DB01_to_DK03#alt6,6,fwd,206,966.67,700.0,0.5134,0.0
DB01_to_DK03#alt6,6,fwd,207,950.0,750.0,0.503,0.0
DB01_to_DK03#alt6,6,fwd,208,950.0,800.0,0.4746,0.0
DB01_to_DK03#alt6,6,fwd,209,950.0,850.0,0.4346,0.0
DB01_to_DK03#alt6,6,fwd,210,966.67,900.0,0.3895,0.0
DB01_to_DK03#alt6,6,fwd,211,1000.0,950.0,0.3077,0.0
DB01_to_DK03#alt6,6,fwd,212,1033.33,1000.0,0.2431,0.0
DB01_to_DK03#alt6,6,fwd,213,1050.0,1050.0,0.2151,0.0
DB01_to_DK03#alt6,6,fwd,214,1050.0,1100.0,0.2231,0.0
DB01_to_DK03#alt6,6,fwd,215,1050.0,1150.0,0.2636,0.0
DB01_to_DK03#alt6,6,fwd,216,1050.0,1200.0,0.3114,0.0
DB01_to_DK03#alt6,6,fwd,217,1050.0,1250.0,0.3679,0.0
DB02_to_DK03#alt0,0,fwd,0,1800.0,1100.0,0.1183,0.0
DB02_to_DK03#alt0,0,fwd,1,1750.0,1133.33,0.1495,0.0
DB02_to_DK03#alt0,0,fwd,2,1700.0,1150.0,0.1648,0.0
DB02_to_DK03#alt0,0,fwd,3,1650.0,1150.0,0.1798,0.0
DB02_to_DK03#alt0,0,fwd,4,1600.0,1166.67,0.1937,0.0
DB02_to_DK03#alt0,0,fwd,5,1550.0,1200.0,0.2407,0.0
DB02_to_DK03#alt0,0,fwd,6,1500.0,1233.33,0.2972,0.0
DB02_to_DK03#alt0,0,fwd,7,1450.0,1250.0,0.3077,0.0
DB02_to_DK03#alt0,0,fwd,8,1400.0,1250.0,0.3114,0.0
DB02_to_DK03#alt0,0,fwd,9,1350.0,1250.0,0.3114,0.0
DB02_to_DK03#alt0,0,fwd,10,1300.0,1250.0,0.3114,0.0
DB02_to_DK03#alt0,0,fwd,11,1250.0,1250.0,0.3114,0.0
DB02_to_DK03#alt0,0,fwd,12,1200.0,1250.0,0.3269,0.0
DB02_to_DK03#alt0,0,fwd,13,1150.0,1250.0,0.3485,0.0
DB02_to_DK03#alt0,0,fwd,14,1100.0,1250.0,0.3628,0.0
DB02_to_DK03#alt0,0,fwd,15,1050.0,1250.0,0.3679,0.0
DK03_to_DB02#alt0,0,bwd,0,1050.0,1250.0,0.3679,0.0
DK03_to_DB02#alt0,0,bwd,1,1100.0,1200.0,0.3077,0.0
DK03_to_DB02#alt0,0,bwd,2,1150.0,1150.0,0.253,0.0
DK03_to_DB02#alt0,0,bwd,3,1200.0,1116.67,0.2057,0.0
DK03_to_DB02#alt0,0,bwd,4,1250.0,1100.0,0.1937,0.0
DK03_to_DB02#alt0,0,bwd,5,1300.0,1100.0,0.1889,0.0
DK03_to_DB02#alt0,0,bwd,6,1350.0,1100.0,0.1889,0.0
DK03_to_DB02#alt0,0,bwd,7,1400.0,1100.0,0.1889,0.0
DK03_to_DB02#alt0,0,bwd,8,1450.0,1100.0,0.1873,0.0
DK03_to_DB02#alt0,0,bwd,9,1500.0,1100.0,0.1827,0.0
DK03_to_DB02#alt0,0,bwd,10,1550.0,1100.0,0.1755,0.0
DK03_to_DB02#alt0,0,bwd,11,1600.0,1100.0,0.1661,0.0
DK03_to_DB02#alt0,0,bwd,12,1650.0,1100.0,0.1551,0.0
DK03_to_DB02#alt0,0,bwd,13,1700.0,1100.0,0.1432,0.0
DK03_to_DB02#alt0,0,bwd,14,1750.0,1100.0,0.1308,0.0
DK03_to_DB02#alt0,0,bwd,15,1800.0,1100.0,0.1183,0.0
DB02_to_DK03#alt1,1,fwd,0,1800.0,1100.0,0.1183,0.0
DB02_to_DK03#alt1,1,fwd,1,1783.33,1150.0,0.1344,0.0
DB02_to_DK03#alt1,1,fwd,2,1750.0,1200.0,0.17,0.0
DB02_to_DK03#alt1,1,fwd,3,1700.0,1250.0,0.2151,0.0
DB02_to_DK03#alt1,1,fwd,4,1650.0,1300.0,0.2721,0.0
DB02_to_DK03#alt1,1,fwd,5,1600.0,1333.33,0.344,0.0
DB02_to_DK03#alt1,1,fwd,6,1550.0,1366.67,0.3784,0.0
DB02_to_DK03#alt1,1,fwd,7,1500.0,1366.67,0.4076,0.0
DB02_to_DK03#alt1,1,fwd,8,1450.0,1383.33,0.503,0.0
DB02_to_DK03#alt1,1,fwd,9,1400.0,1366.67,0.4346,0.0
DB02_to_DK03#alt1,1,fwd,10,1350.0,1366.67,0.4346,0.0
DB02_to_DK03#alt1,1,fwd,11,1300.0,1350.0,0.4346,0.0
DB02_to_DK03#alt1,1,fwd,12,1250.0,1350.0,0.4346,0.0
DB02_to_DK03#alt1,1,fwd,13,1200.0,1350.0,0.4346,0.0
DB02_to_DK03#alt1,1,fwd,14,1150.0,1350.0,0.4746,0.0
DB02_to_DK03#alt1,1,fwd,15,1100.0,1333.33,0.503,0.0
DB02_to_DK03#alt1,1,fwd,16,1066.67,1300.0,0.4346,0.0
DB02_to_DK03#alt1,1,fwd,17,1050.0,1250.0,0.3679,0.0
DK03_to_DB02#alt1,1,bwd,0,1050.0,1250.0,0.3679,0.0
DK03_to_DB02#alt1,1,bwd,1,1100.0,1200.0,0.3077,0.0
DK03_to_DB02#alt1,1,bwd,2,1150.0,1150.0,0.253,0.0
DK03_to_DB02#alt1,1,bwd,3,1200.0,1100.0,0.2057,0.0
DK03_to_DB02#alt1,1,bwd,4,1250.0,1050.0,0.1661,0.0
DK03_to_DB02#alt1,1,bwd,5,1300.0,1016.67,0.1353,0.0
DK03_to_DB02#alt1,1,bwd,6,1350.0,1000.0,0.1353,0.0
DK03_to_DB02#alt1,1,bwd,7,1400.0,1000.0,0.1353,0.0
DK03_to_DB02#alt1,1,bwd,8,1450.0,1000.0,0.1344,0.0
DK03_to_DB02#alt1,1,bwd,9,1500.0,1000.0,0.1317,0.0
DK03_to_DB02#alt1,1,bwd,10,1550.0,1000.0,0.1273,0.0
DK03_to_DB02#alt1,1,bwd,11,1600.0,1000.0,0.1215,0.0
DK03_to_DB02#alt1,1,bwd,12,1650.0,1016.67,0.1146,0.0
DK03_to_DB02#alt1,1,bwd,13,1700.0,1050.0,0.1239,0.0
DK03_to_DB02#alt1,1,bwd,14,1750.0,1083.33,0.1308,0.0
DK03_to_DB02#alt1,1,bwd,15,1800.0,1100.0,0.1183,0.0
DB02_to_DK03#alt2,2,fwd,0,1800.0,1100.0,0.1183,0.0
DB02_to_DK03#alt2,2,fwd,1,1833.33,1150.0,0.1199,0.0
DB02_to_DK03#alt2,2,fwd,2,1833.33,1200.0,0.1344,0.0
DB02_to_DK03#alt2,2,fwd,3,1800.0,1250.0,0.17,0.0
DB02_to_DK03#alt2,2,fwd,4,1750.0,1300.0,0.2151,0.0
DB02_to_DK03#alt2,2,fwd,5,1700.0,1350.0,0.2721,0.0
DB02_to_DK03#alt2,2,fwd,6,1650.0,1400.0,0.344,0.0
DB02_to_DK03#alt2,2,fwd,7,1600.0,1450.0,0.4346,0.0
DB02_to_DK03#alt2,2,fwd,8,1550.0,1483.33,0.5483,0.0
DB02_to_DK03#alt2,2,fwd,9,1500.0,1500.0,0.6241,0.0
DB02_to_DK03#alt2,2,fwd,10,1450.0,1500.0,0.6889,0.0
DB02_to_DK03#alt2,2,fwd,11,1400.0,1500.0,0.7165,0.0
DB02_to_DK03#alt2,2,fwd,12,1350.0,1500.0,0.7165,0.0
DB02_to_DK03#alt2,2,fwd,13,1300.0,1500.0,0.7165,0.0
DB02_to_DK03#alt2,2,fwd,14,1250.0,1483.33,0.7165,0.0
DB02_to_DK03#alt2,2,fwd,15,1200.0,1466.67,0.5903,0.0
DB02_to_DK03#alt2,2,fwd,16,1150.0,1450.0,0.6241,0.0
DB02_to_DK03#alt2,2,fwd,17,1100.0,1433.33,0.6889,0.0
DB02_to_DK03#alt2,2,fwd,18,1066.67,1400.0,0.6065,0.0
DB02_to_DK03#alt2,2,fwd,19,1050.0,1350.0,0.5134,0.0
DB02_to_DK03#alt2,2,fwd,20,1050.0,1300.0,0.4346,0.0
DB02_to_DK03#alt2,2,fwd,21,1050.0,1250.0,0.3679,0.0
DK03_to_DB02#alt2,2,bwd,0,1050.0,1250.0,0.3679,0.0
DK03_to_DB02#alt2,2,bwd,1,1000.0,1200.0,0.3114,0.0
DK03_to_DB02#alt2,2,bwd,2,966.67,1150.0,0.2636,0.0
DK03_to_DB02#alt2,2,bwd,3,950.0,1100.0,0.2252,0.0
DK03_to_DB02#alt2,2,bwd,4,950.0,1050.0,0.2609,0.0
DK03_to_DB02#alt2,2,bwd,5,966.67,1000.0,0.3006,0.0
DK03_to_DB02#alt2,2,bwd,6,1000.0,950.0,0.3077,0.0
DK03_to_DB02#alt2,2,bwd,7,1050.0,900.0,0.3006,0.0
DK03_to_DB02#alt2,2,bwd,8,1100.0,850.0,0.281,0.0
DK03_to_DB02#alt2,2,bwd,9,1150.0,800.0,0.253,0.0
DK03_to_DB02#alt2,2,bwd,10,1200.0,750.0,0.2211,0.0
DK03_to_DB02#alt2,2,bwd,11,1250.0,716.67,0.1889,0.0
DK03_to_DB02#alt2,2,bwd,12,1300.0,716.67,0.1599,0.0
DK03_to_DB02#alt2,2,bwd,13,1350.0,733.33,0.1344,0.0
DK03_to_DB02#alt2,2,bwd,14,1400.0,766.67,0.1138,0.0
DK03_to_DB02#alt2,2,bwd,15,1450.0,800.0,0.0947,0.0
DK03_to_DB02#alt2,2,bwd,16,1500.0,833.33,0.0803,0.0
DK03_to_DB02#alt2,2,bwd,17,1550.0,850.0,0.0781,0.0
DK03_to_DB02#alt2,2,bwd,18,1600.0,866.67,0.0752,0.0
DK03_to_DB02#alt2,2,bwd,19,1650.0,900.0,0.0839,0.0
DK03_to_DB02#alt2,2,bwd,20,1700.0,950.0,0.092,0.0
DK03_to_DB02#alt2,2,bwd,21,1750.0,1000.0,0.0987,0.0
DK03_to_DB02#alt2,2,bwd,22,1783.33,1050.0,0.1036,0.0
DK03_to_DB02#alt2,2,bwd,23,1800.0,1100.0,0.1183,0.0
DK03_to_DB02#alt3,3,bwd,0,1050.0,1250.0,0.3679,0.0
DK03_to_DB02#alt3,3,bwd,1,1000.0,1200.0,0.3114,0.0
DK03_to_DB02#alt3,3,bwd,2,950.0,1150.0,0.2636,0.0
DK03_to_DB02#alt3,3,bwd,3,900.0,1100.0,0.2407,0.0
DK03_to_DB02#alt3,3,bwd,4,866.67,1050.0,0.2972,0.0
DK03_to_DB02#alt3,3,bwd,5,850.0,1000.0,0.3485,0.0
DK03_to_DB02#alt3,3,bwd,6,850.0,950.0,0.4076,0.0
DK03_to_DB02#alt3,3,bwd,7,850.0,900.0,0.4746,0.0
DK03_to_DB02#alt3,3,bwd,8,850.0,850.0,0.5483,0.0
DK03_to_DB02#alt3,3,bwd,9,850.0,800.0,0.6241,0.0
DK03_to_DB02#alt3,3,bwd,10,850.0,750.0,0.6889,0.0
DK03_to_DB02#alt3,3,bwd,11,850.0,700.0,0.7165,0.0
DK03_to_DB02#alt3,3,bwd,12,866.67,650.0,0.7165,0.0
DK03_to_DB02#alt3,3,bwd,13,900.0,600.0,0.5903,0.0
DK03_to_DB02#alt3,3,bwd,14,950.0,550.0,0.4746,0.0
DK03_to_DB02#alt3,3,bwd,15,1000.0,500.0,0.3784,0.0
DK03_to_DB02#alt3,3,bwd,16,1050.0,450.0,0.3006,0.0
DK03_to_DB02#alt3,3,bwd,17,1100.0,400.0,0.2384,0.0
DK03_to_DB02#alt3,3,bwd,18,1150.0,350.0,0.1889,0.0
DK03_to_DB02#alt3,3,bwd,19,1200.0,300.0,0.1495,0.0
DK03_to_DB02#alt3,3,bwd,20,1250.0,250.0,0.1183,0.0
DK03_to_DB02#alt3,3,bwd,21,1300.0,233.33,0.1036,0.0
DK03_to_DB02#alt3,3,bwd,22,1350.0,250.0,0.0904,0.0
DK03_to_DB02#alt3,3,bwd,23,1400.0,283.33,0.0854,0.0
DK03_to_DB02#alt3,3,bwd,24,1450.0,300.0,0.0736,0.0
DK03_to_DB02#alt3,3,bwd,25,1500.0,316.67,0.0634,0.0
DK03_to_DB02#alt3,3,bwd,26,1550.0,350.0,0.058,0.0
DK03_to_DB02#alt3,3,bwd,27,1600.0,400.0,0.0522,0.0
DK03_to_DB02#alt3,3,bwd,28,1650.0,450.0,0.0463,0.0
DK03_to_DB02#alt3,3,bwd,29,1700.0,500.0,0.0405,0.0
DK03_to_DB02#alt3,3,bwd,30,1750.0,550.0,0.0351,0.0
DK03_to_DB02#alt3,3,bwd,31,1783.33,600.0,0.0301,0.0
DK03_to_DB02#alt3,3,bwd,32,1800.0,650.0,0.0322,0.0
DK03_to_DB02#alt3,3,bwd,33,1800.0,700.0,0.0375,0.0
DK03_to_DB02#alt3,3,bwd,34,1800.0,750.0,0.0437,0.0
DK03_to_DB02#alt3,3,bwd,35,1800.0,800.0,0.0507,0.0
DK03_to_DB02#alt3,3,bwd,36,1800.0,850.0,0.0588,0.0
DK03_to_DB02#alt3,3,bwd,37,1800.0,900.0,0.0681,0.0
DK03_to_DB02#alt3,3,bwd,38,1800.0,950.0,0.0785,0.0
DK03_to_DB02#alt3,3,bwd,39,1800.0,1000.0,0.0904,0.0
DK03_to_DB02#alt3,3,bwd,40,1800.0,1050.0,0.1036,0.0
DK03_to_DB02#alt3,3,bwd,41,1800.0,1100.0,0.1183,0.0
DB01_to_DK01#alt0,0,fwd,0,1000.0,3900.0,0.7165,0.0
DB01_to_DK01#alt0,0,fwd,1,950.0,3950.0,0.5903,0.0
DB01_to_DK01#alt0,0,fwd,2,900.0,3983.33,0.4746,0.0
DB01_to_DK01#alt0,0,fwd,3,850.0,4000.0,0.4346,0.0
DB01_to_DK01#alt0,0,fwd,4,800.0,3983.33,0.4076,0.0
DB01_to_DK01#alt0,0,fwd,5,750.0,3950.0,0.3895,0.0
DB01_to_DK01#alt0,0,fwd,6,700.0,3900.0,0.3784,0.0
DB01_to_DK01#alt0,0,fwd,7,650.0,3850.0,0.3485,0.0
DB01_to_DK01#alt0,0,fwd,8,600.0,3800.0,0.3269,0.0
DB01_to_DK01#alt0,0,fwd,9,550.0,3750.0,0.2972,0.0
DB01_to_DK01#alt0,0,fwd,10,500.0,3700.0,0.2609,0.0
DB01_to_DK01#alt0,0,fwd,11,450.0,3650.0,0.2407,0.0
DB01_to_DK01#alt0,0,fwd,12,400.0,3600.0,0.2151,0.0
DB01_to_DK01#alt0,0,fwd,13,366.67,3550.0,0.1873,0.0
DB01_to_DK01#alt0,0,fwd,14,350.0,3500.0,0.1889,0.0
DB01_to_DK01#alt0,0,fwd,15,350.0,3450.0,0.1873,0.0
DB01_to_DK01#alt0,0,fwd,16,350.0,3400.0,0.1827,0.0
DB01_to_DK01#alt0,0,fwd,17,350.0,3350.0,0.1755,0.0
DB01_to_DK01#alt0,0,fwd,18,366.67,3300.0,0.1661,0.0
DB01_to_DK01#alt0,0,fwd,19,383.33,3250.0,0.1827,0.0
DB01_to_DK01#alt0,0,fwd,20,400.0,3200.0,0.1755,0.0
DB01_to_DK01#alt0,0,fwd,21,400.0,3150.0,0.1661,0.0
DB01_to_DK01#alt0,0,fwd,22,400.0,3100.0,0.1551,0.0
DB01_to_DK01#alt0,0,fwd,23,400.0,3050.0,0.1432,0.0
DB01_to_DK01#alt0,0,fwd,24,400.0,3000.0,0.1335,0.0
DB01_to_DK01#alt0,0,fwd,25,400.0,2950.0,0.1239,0.0
DB01_to_DK01#alt0,0,fwd,26,400.0,2900.0,0.1138,0.0
DB01_to_DK01#alt0,0,fwd,27,416.67,2850.0,0.1036,0.0
DB01_to_DK01#alt0,0,fwd,28,433.33,2800.0,0.1062,0.0
DB01_to_DK01#alt0,0,fwd,29,466.67,2750.0,0.0947,0.0
DB01_to_DK01#alt0,0,fwd,30,500.0,2700.0,0.0947,0.0
DB01_to_DK01#alt0,0,fwd,31,533.33,2650.0,0.0936,0.0
DB01_to_DK01#alt0,0,fwd,32,550.0,2600.0,0.0821,0.0
DB01_to_DK01#alt0,0,fwd,33,550.0,2550.0,0.0717,0.0
DB01_to_DK01#alt0,0,fwd,34,550.0,2500.0,0.0624,0.0
DB01_to_DK01#alt0,0,fwd,35,533.33,2450.0,0.0624,0.0
DB01_to_DK01#alt0,0,fwd,36,516.67,2400.0,0.065,0.0
DB01_to_DK01#alt0,0,fwd,37,500.0,2350.0,0.074,0.0
DB01_to_DK01#alt0,0,fwd,38,500.0,2300.0,0.0839,0.0
DB01_to_DK01#alt0,0,fwd,39,500.0,2250.0,0.0947,0.0
DB01_to_DK01#alt0,0,fwd,40,500.0,2200.0,0.1062,0.0
DB01_to_DK01#alt0,0,fwd,41,500.0,2150.0,0.1199,0.0
DB01_to_DK01#alt0,0,fwd,42,483.33,2100.0,0.1344,0.0
DB01_to_DK01#alt0,0,fwd,43,466.67,2050.0,0.1344,0.0
DB01_to_DK01#alt0,0,fwd,44,433.33,2000.0,0.1495,0.0
DB01_to_DK01#alt0,0,fwd,45,416.67,1950.0,0.1432,0.0
DB01_to_DK01#alt0,0,fwd,46,416.67,1900.0,0.1551,0.0
DB01_to_DK01#alt0,0,fwd,47,416.67,1850.0,0.1661,0.0
DB01_to_DK01#alt0,0,fwd,48,416.67,1800.0,0.1755,0.0
DB01_to_DK01#alt0,0,fwd,49,400.0,1750.0,0.1827,0.0
DB01_to_DK01#alt0,0,fwd,50,400.0,1700.0,0.1873,0.0
DB01_to_DK01#alt0,0,fwd,51,383.33,1650.0,0.1889,0.0
DB01_to_DK01#alt0,0,fwd,52,350.0,1600.0,0.1587,0.0
DB01_to_DK01#alt0,0,fwd,53,300.0,1550.0,0.1317,0.0
DB01_to_DK01#alt0,0,fwd,54,283.33,1500.0,0.1273,0.0
DB01_to_DK01#alt0,0,fwd,55,300.0,1450.0,0.1215,0.0
DB01_to_DK01#alt0,0,fwd,56,350.0,1400.0,0.1335,0.0
DB01_to_DK01#alt0,0,fwd,57,400.0,1350.0,0.1432,0.0
DB01_to_DK01#alt0,0,fwd,58,450.0,1300.0,0.1551,0.0
DB01_to_DK01#alt0,0,fwd,59,500.0,1250.0,0.1648,0.0
DB01_to_DK01#alt0,0,fwd,60,550.0,1200.0,0.1755,0.0
DB01_to_DK01#alt0,0,fwd,61,600.0,1150.0,0.2151,0.0
DB01_to_DK01#alt0,0,fwd,62,650.0,1100.0,0.2609,0.0
DB01_to_DK01#alt0,0,fwd,63,683.33,1050.0,0.3114,0.0
DB01_to_DK01#alt0,0,fwd,64,700.0,1000.0,0.3679,0.0
DB01_to_DK01#alt0,0,fwd,65,716.67,950.0,0.4346,0.0
DB01_to_DK01#alt0,0,fwd,66,750.0,900.0,0.5134,0.0
DB01_to_DK01#alt0,0,fwd,67,800.0,850.0,0.5903,0.0
DB01_to_DK01#alt0,0,fwd,68,850.0,800.0,0.6241,0.0
DB01_to_DK01#alt0,0,fwd,69,900.0,750.0,0.5903,0.0
DB01_to_DK01#alt0,0,fwd,70,950.0,700.0,0.5134,0.0
DB01_to_DK01#alt0,0,fwd,71,1000.0,650.0,0.4346,0.0
DB01_to_DK01#alt0,0,fwd,72,1050.0,600.0,0.3628,0.0
DB01_to_DK01#alt0,0,fwd,73,1100.0,566.67,0.2972,0.0
DB01_to_DK01#alt0,0,fwd,74,1150.0,550.0,0.253,0.0
DB01_to_DK01#alt0,0,fwd,75,1200.0,550.0,0.2151,0.0
DK01_to_DB01#alt0,0,bwd,0,1200.0,550.0,0.2151,0.0
DK01_to_DB01#alt0,0,bwd,1,1250.0,500.0,0.1755,0.0
DK01_to_DB01#alt0,0,bwd,2,1300.0,450.0,0.1422,0.0
DK01_to_DB01#alt0,0,bwd,3,1350.0,416.67,0.1146,0.0
DK01_to_DB01#alt0,0,bwd,4,1400.0,400.0,0.0981,0.0
DK01_to_DB01#alt0,0,bwd,5,1450.0,400.0,0.0839,0.0
DK01_to_DB01#alt0,0,bwd,6,1500.0,400.0,0.0717,0.0
DK01_to_DB01#alt0,0,bwd,7,1550.0,383.33,0.0612,0.0
DK01_to_DB01#alt0,0,bwd,8,1600.0,383.33,0.0522,0.0
DK01_to_DB01#alt0,0,bwd,9,1650.0,400.0,0.0444,0.0
DK01_to_DB01#alt0,0,bwd,10,1700.0,433.33,0.0393,0.0
DK01_to_DB01#alt0,0,bwd,11,1750.0,450.0,0.0334,0.0
DK01_to_DB01#alt0,0,bwd,12,1800.0,450.0,0.0284,0.0
DK01_to_DB01#alt0,0,bwd,13,1850.0,450.0,0.0241,0.0
DK01_to_DB01#alt0,0,bwd,14,1900.0,450.0,0.0204,0.0
DK01_to_DB01#alt0,0,bwd,15,1950.0,466.67,0.0182,0.0
DK01_to_DB01#alt0,0,bwd,16,2000.0,500.0,0.023,0.0
DK01_to_DB01#alt0,0,bwd,17,2050.0,550.0,0.0291,0.0
DK01_to_DB01#alt0,0,bwd,18,2100.0,600.0,0.0369,0.0
DK01_to_DB01#alt0,0,bwd,19,2150.0,650.0,0.0467,0.0
DK01_to_DB01#alt0,0,bwd,20,2183.33,700.0,0.0591,0.0
DK01_to_DB01#alt0,0,bwd,21,2200.0,750.0,0.0663,0.0
DK01_to_DB01#alt0,0,bwd,22,2200.0,800.0,0.074,0.0
DK01_to_DB01#alt0,0,bwd,23,2183.33,850.0,0.0821,0.0
DK01_to_DB01#alt0,0,bwd,24,2166.67,900.0,0.0785,0.0
DK01_to_DB01#alt0,0,bwd,25,2150.0,950.0,0.0854,0.0
DK01_to_DB01#alt0,0,bwd,26,2150.0,1000.0,0.0947,0.0
DK01_to_DB01#alt0,0,bwd,27,2150.0,1050.0,0.1117,0.0
DK01_to_DB01#alt0,0,bwd,28,2150.0,1100.0,0.1317,0.0
DK01_to_DB01#alt0,0,bwd,29,2150.0,1150.0,0.1551,0.0
DK01_to_DB01#alt0,0,bwd,30,2150.0,1200.0,0.1827,0.0
DK01_to_DB01#alt0,0,bwd,31,2150.0,1250.0,0.2151,0.0
DK01_to_DB01#alt0,0,bwd,32,2133.33,1300.0,0.253,0.0
DK01_to_DB01#alt0,0,bwd,33,2116.67,1350.0,0.281,0.0
DK01_to_DB01#alt0,0,bwd,34,2083.33,1400.0,0.3269,0.0
DK01_to_DB01#alt0,0,bwd,35,2050.0,1450.0,0.3485,0.0
DK01_to_DB01#alt0,0,bwd,36,2016.67,1500.0,0.3784,0.0
DK01_to_DB01#alt0,0,bwd,37,2000.0,1550.0,0.4346,0.0
DK01_to_DB01#alt0,0,bwd,38,2000.0,1600.0,0.4931,0.0
DK01_to_DB01#alt0,0,bwd,39,2000.0,1650.0,0.5483,0.0
DK01_to_DB01#alt0,0,bwd,40,1983.33,1700.0,0.6241,0.0
DK01_to_DB01#alt0,0,bwd,41,1950.0,1750.0,0.6241,0.0
DK01_to_DB01#alt0,0,bwd,42,1900.0,1800.0,0.5903,0.0
DK01_to_DB01#alt0,0,bwd,43,1850.0,1850.0,0.5483,0.0
DK01_to_DB01#alt0,0,bwd,44,1800.0,1900.0,0.503,0.0
DK01_to_DB01#alt0,0,bwd,45,1750.0,1950.0,0.4346,0.0
DK01_to_DB01#alt0,0,bwd,46,1700.0,2000.0,0.4076,0.0
DK01_to_DB01#alt0,0,bwd,47,1650.0,2050.0,0.4346,0.0
DK01_to_DB01#alt0,0,bwd,48,1600.0,2100.0,0.503,0.0
DK01_to_DB01#alt0,0,bwd,49,1550.0,2150.0,0.6065,0.0
DK01_to_DB01#alt0,0,bwd,50,1500.0,2183.33,0.7165,0.0
DK01_to_DB01#alt0,0,bwd,51,1450.0,2216.67,0.6889,0.0
DK01_to_DB01#alt0,0,bwd,52,1400.0,2250.0,0.6889,0.0
DK01_to_DB01#alt0,0,bwd,53,1350.0,2300.0,0.6889,0.0
DK01_to_DB01#alt0,0,bwd,54,1300.0,2350.0,0.6889,0.0
DK01_to_DB01#alt0,0,bwd,55,1266.67,2400.0,0.6065,0.0
DK01_to_DB01#alt0,0,bwd,56,1250.0,2450.0,0.6065,0.0
DK01_to_DB01#alt0,0,bwd,57,1250.0,2500.0,0.6065,0.0
DK01_to_DB01#alt0,0,bwd,58,1233.33,2550.0,0.6065,0.0
DK01_to_DB01#alt0,0,bwd,59,1200.0,2600.0,0.503,0.0
DK01_to_DB01#alt0,0,bwd,60,1150.0,2650.0,0.4076,0.0
DK01_to_DB01#alt0,0,bwd,61,1116.67,2700.0,0.3269,0.0
DK01_to_DB01#alt0,0,bwd,62,1083.33,2750.0,0.3006,0.0
DK01_to_DB01#alt0,0,bwd,63,1050.0,2800.0,0.3077,0.0
DK01_to_DB01#alt0,0,bwd,64,1000.0,2850.0,0.3485,0.0
DK01_to_DB01#alt0,0,bwd,65,950.0,2900.0,0.3784,0.0
DK01_to_DB01#alt0,0,bwd,66,900.0,2950.0,0.4076,0.0
DK01_to_DB01#alt0,0,bwd,67,850.0,3000.0,0.4346,0.0
DK01_to_DB01#alt0,0,bwd,68,800.0,3050.0,0.4346,0.0
DK01_to_DB01#alt0,0,bwd,69,750.0,3100.0,0.4346,0.0
DK01_to_DB01#alt0,0,bwd,70,700.0,3150.0,0.4076,0.0
DK01_to_DB01#alt0,0,bwd,71,666.67,3200.0,0.3784,0.0
DK01_to_DB01#alt0,0,bwd,72,650.0,3250.0,0.4076,0.0
DK01_to_DB01#alt0,0,bwd,73,650.0,3300.0,0.4275,0.0
DK01_to_DB01#alt0,0,bwd,74,650.0,3350.0,0.4346,0.0
DK01_to_DB01#alt0,0,bwd,75,650.0,3400.0,0.4746,0.0
DK01_to_DB01#alt0,0,bwd,76,650.0,3450.0,0.503,0.0
DK01_to_DB01#alt0,0,bwd,77,650.0,3500.0,0.5134,0.0
DK01_to_DB01#alt0,0,bwd,78,666.67,3550.0,0.503,0.0
DK01_to_DB01#alt0,0,bwd,79,683.33,3600.0,0.5483,0.0
DK01_to_DB01#alt0,0,bwd,80,700.0,3650.0,0.5134,0.0
DK01_to_DB01#alt0,0,bwd,81,716.67,3700.0,0.503,0.0
DK01_to_DB01#alt0,0,bwd,82,750.0,3750.0,0.5483,0.0
DK01_to_DB01#alt0,0,bwd,83,800.0,3800.0,0.5903,0.0
DK01_to_DB01#alt0,0,bwd,84,850.0,3850.0,0.6241,0.0
DK01_to_DB01#alt0,0,bwd,85,900.0,3883.33,0.6241,0.0
DK01_to_DB01#alt0,0,bwd,86,950.0,3900.0,0.6889,0.0
DK01_to_DB01#alt0,0,bwd,87,1000.0,3900.0,0.7165,0.0
DB01_to_DK01#alt1,1,fwd,0,1000.0,3900.0,0.7165,0.0
DB01_to_DK01#alt1,1,fwd,1,950.0,3950.0,0.5903,0.0
DB01_to_DK01#alt1,1,fwd,2,900.0,4000.0,0.4746,0.0
DB01_to_DK01#alt1,1,fwd,3,850.0,4050.0,0.503,0.0
DB01_to_DK01#alt1,1,fwd,4,800.0,4066.67,0.4746,0.0
DB01_to_DK01#alt1,1,fwd,5,750.0,4066.67,0.4346,0.0
DB01_to_DK01#alt1,1,fwd,6,700.0,4050.0,0.4275,0.0
DB01_to_DK01#alt1,1,fwd,7,650.0,4066.67,0.4346,0.0
DB01_to_DK01#alt1,1,fwd,8,600.0,4083.33,0.5134,0.0
DB01_to_DK01#alt1,1,fwd,9,550.0,4083.33,0.5134,0.0
DB01_to_DK01#alt1,1,fwd,10,500.0,4050.0,0.4346,0.0
DB01_to_DK01#alt1,1,fwd,11,450.0,4000.0,0.3679,0.0
DB01_to_DK01#alt1,1,fwd,12,400.0,3950.0,0.3077,0.0
DB01_to_DK01#alt1,1,fwd,13,350.0,3900.0,0.253,0.0
DB01_to_DK01#alt1,1,fwd,14,300.0,3850.0,0.2057,0.0
DB01_to_DK01#alt1,1,fwd,15,250.0,3800.0,0.1661,0.0
DB01_to_DK01#alt1,1,fwd,16,200.0,3750.0,0.1335,0.0
DB01_to_DK01#alt1,1,fwd,17,150.0,3700.0,0.1069,0.0
DB01_to_DK01#alt1,1,fwd,18,116.67,3650.0,0.0854,0.0
DB01_to_DK01#alt1,1,fwd,19,100.0,3600.0,0.0803,0.0
DB01_to_DK01#alt1,1,fwd,20,100.0,3550.0,0.0816,0.0
DB01_to_DK01#alt1,1,fwd,21,100.0,3500.0,0.0821,0.0
DB01_to_DK01#alt1,1,fwd,22,100.0,3450.0,0.0816,0.0
DB01_to_DK01#alt1,1,fwd,23,100.0,3400.0,0.0803,0.0
DB01_to_DK01#alt1,1,fwd,24,100.0,3350.0,0.0781,0.0
DB01_to_DK01#alt1,1,fwd,25,100.0,3300.0,0.0752,0.0
DB01_to_DK01#alt1,1,fwd,26,100.0,3250.0,0.0717,0.0
DB01_to_DK01#alt1,1,fwd,27,100.0,3200.0,0.0677,0.0
DB01_to_DK01#alt1,1,fwd,28,100.0,3150.0,0.064,0.0
DB01_to_DK01#alt1,1,fwd,29,100.0,3100.0,0.0612,0.0
DB01_to_DK01#alt1,1,fwd,30,100.0,3050.0,0.058,0.0
DB01_to_DK01#alt1,1,fwd,31,100.0,3000.0,0.0544,0.0
DB01_to_DK01#alt1,1,fwd,32,100.0,2950.0,0.0507,0.0
DB01_to_DK01#alt1,1,fwd,33,100.0,2900.0,0.0469,0.0
DB01_to_DK01#alt1,1,fwd,34,100.0,2850.0,0.0437,0.0
DB01_to_DK01#alt1,1,fwd,35,100.0,2800.0,0.0405,0.0
DB01_to_DK01#alt1,1,fwd,36,100.0,2750.0,0.0374,0.0
DB01_to_DK01#alt1,1,fwd,37,100.0,2700.0,0.0342,0.0
DB01_to_DK01#alt1,1,fwd,38,100.0,2650.0,0.0312,0.0
DB01_to_DK01#alt1,1,fwd,39,100.0,2600.0,0.0282,0.0
DB01_to_DK01#alt1,1,fwd,40,100.0,2550.0,0.0255,0.0
DB01_to_DK01#alt1,1,fwd,41,100.0,2500.0,0.0229,0.0
DB01_to_DK01#alt1,1,fwd,42,100.0,2450.0,0.023,0.0
DB01_to_DK01#alt1,1,fwd,43,100.0,2400.0,0.0259,0.0
DB01_to_DK01#alt1,1,fwd,44,100.0,2350.0,0.0289,0.0
DB01_to_DK01#alt1,1,fwd,45,100.0,2300.0,0.0322,0.0
DB01_to_DK01#alt1,1,fwd,46,100.0,2250.0,0.0357,0.0
DB01_to_DK01#alt1,1,fwd,47,100.0,2200.0,0.0393,0.0
DB01_to_DK01#alt1,1,fwd,48,100.0,2150.0,0.0431,0.0
DB01_to_DK01#alt1,1,fwd,49,100.0,2100.0,0.0469,0.0
DB01_to_DK01#alt1,1,fwd,50,100.0,2050.0,0.0507,0.0
DB01_to_DK01#alt1,1,fwd,51,100.0,2000.0,0.0544,0.0
DB01_to_DK01#alt1,1,fwd,52,100.0,1950.0,0.058,0.0
DB01_to_DK01#alt1,1,fwd,53,100.0,1900.0,0.0612,0.0
DB01_to_DK01#alt1,1,fwd,54,100.0,1850.0,0.064,0.0
DB01_to_DK01#alt1,1,fwd,55,100.0,1800.0,0.0663,0.0
DB01_to_DK01#alt1,1,fwd,56,100.0,1750.0,0.0681,0.0
DB01_to_DK01#alt1,1,fwd,57,100.0,1700.0,0.0691,0.0
DB01_to_DK01#alt1,1,fwd,58,100.0,1650.0,0.0695,0.0
DB01_to_DK01#alt1,1,fwd,59,100.0,1600.0,0.0691,0.0
DB01_to_DK01#alt1,1,fwd,60,83.33,1550.0,0.0681,0.0
DB01_to_DK01#alt1,1,fwd,61,66.67,1500.0,0.0563,0.0
DB01_to_DK01#alt1,1,fwd,62,50.0,1450.0,0.0612,0.0
DB01_to_DK01#alt1,1,fwd,63,50.0,1400.0,0.0717,0.0
DB01_to_DK01#alt1,1,fwd,64,50.0,1350.0,0.0839,0.0
DB01_to_DK01#alt1,1,fwd,65,50.0,1300.0,0.0981,0.0
DB01_to_DK01#alt1,1,fwd,66,66.67,1250.0,0.1146,0.0
DB01_to_DK01#alt1,1,fwd,67,100.0,1200.0,0.1422,0.0
DB01_to_DK01#alt1,1,fwd,68,150.0,1150.0,0.1755,0.0
DB01_to_DK01#alt1,1,fwd,69,200.0,1100.0,0.2151,0.0
DB01_to_DK01#alt1,1,fwd,70,250.0,1050.0,0.2609,0.0
DB01_to_DK01#alt1,1,fwd,71,300.0,1000.0,0.3114,0.0
DB01_to_DK01#alt1,1,fwd,72,350.0,950.0,0.3679,0.0
DB01_to_DK01#alt1,1,fwd,73,400.0,900.0,0.4346,0.0
DB01_to_DK01#alt1,1,fwd,74,450.0,850.0,0.5134,0.0
DB01_to_DK01#alt1,1,fwd,75,500.0,816.67,0.5903,0.0
DB01_to_DK01#alt1,1,fwd,76,550.0,800.0,0.5483,0.0
DB01_to_DK01#alt1,1,fwd,77,600.0,800.0,0.6241,0.0
DB01_to_DK01#alt1,1,fwd,78,650.0,800.0,0.6889,0.0
DB01_to_DK01#alt1,1,fwd,79,700.0,800.0,0.7165,0.0
DB01_to_DK01#alt1,1,fwd,80,750.0,800.0,0.7165,0.0
DB01_to_DK01#alt1,1,fwd,81,800.0,800.0,0.6889,0.0
DB01_to_DK01#alt1,1,fwd,82,850.0,750.0,0.6889,0.0
DB01_to_DK01#alt1,1,fwd,83,900.0,700.0,0.6065,0.0
DB01_to_DK01#alt1,1,fwd,84,950.0,650.0,0.5134,0.0
DB01_to_DK01#alt1,1,fwd,85,1000.0,600.0,0.4275,0.0
DB01_to_DK01#alt1,1,fwd,86,1050.0,550.0,0.3485,0.0
DB01_to_DK01#alt1,1,fwd,87,1100.0,533.33,0.2972,0.0
DB01_to_DK01#alt1,1,fwd,88,1150.0,533.33,0.253,0.0
DB01_to_DK01#alt1,1,fwd,89,1200.0,550.0,0.2151,0.0
DK01_to_DB01#alt1,1,bwd,0,1200.0,550.0,0.2151,0.0
DK01_to_DB01#alt1,1,bwd,1,1150.0,600.0,0.2609,0.0
DK01_to_DB01#alt1,1,bwd,2,1100.0,650.0,0.3114,0.0
DK01_to_DB01#alt1,1,bwd,3,1050.0,700.0,0.3679,0.0
DK01_to_DB01#alt1,1,bwd,4,1000.0,750.0,0.4275,0.0
DK01_to_DB01#alt1,1,bwd,5,950.0,800.0,0.4746,0.0
DK01_to_DB01#alt1,1,bwd,6,900.0,850.0,0.4931,0.0
DK01_to_DB01#alt1,1,bwd,7,850.0,900.0,0.4746,0.0
DK01_to_DB01#alt1,1,bwd,8,800.0,950.0,0.4275,0.0
DK01_to_DB01#alt1,1,bwd,9,750.0,1000.0,0.3679,0.0
DK01_to_DB01#alt1,1,bwd,10,700.0,1050.0,0.3114,0.0
DK01_to_DB01#alt1,1,bwd,11,650.0,1100.0,0.2609,0.0
DK01_to_DB01#alt1,1,bwd,12,616.67,1150.0,0.2151,0.0
DK01_to_DB01#alt1,1,bwd,13,600.0,1200.0,0.1921,0.0
DK01_to_DB01#alt1,1,bwd,14,600.0,1250.0,0.2151,0.0
DK01_to_DB01#alt1,1,bwd,15,600.0,1300.0,0.2384,0.0
DK01_to_DB01#alt1,1,bwd,16,600.0,1350.0,0.2609,0.0
DK01_to_DB01#alt1,1,bwd,17,600.0,1400.0,0.281,0.0
DK01_to_DB01#alt1,1,bwd,18,583.33,1450.0,0.3006,0.0
DK01_to_DB01#alt1,1,bwd,19,583.33,1500.0,0.3269,0.0
DK01_to_DB01#alt1,1,bwd,20,583.33,1550.0,0.3485,0.0
DK01_to_DB01#alt1,1,bwd,21,600.0,1600.0,0.3628,0.0
DK01_to_DB01#alt1,1,bwd,22,600.0,1650.0,0.3679,0.0
DK01_to_DB01#alt1,1,bwd,23,600.0,1700.0,0.3628,0.0
DK01_to_DB01#alt1,1,bwd,24,600.0,1750.0,0.3485,0.0
DK01_to_DB01#alt1,1,bwd,25,600.0,1800.0,0.3269,0.0
DK01_to_DB01#alt1,1,bwd,26,600.0,1850.0,0.3006,0.0
DK01_to_DB01#alt1,1,bwd,27,600.0,1900.0,0.2721,0.0
DK01_to_DB01#alt1,1,bwd,28,600.0,1950.0,0.2431,0.0
DK01_to_DB01#alt1,1,bwd,29,600.0,2000.0,0.2151,0.0
DK01_to_DB01#alt1,1,bwd,30,600.0,2050.0,0.1921,0.0
DK01_to_DB01#alt1,1,bwd,31,600.0,2100.0,0.17,0.0
DK01_to_DB01#alt1,1,bwd,32,616.67,2150.0,0.1517,0.0
DK01_to_DB01#alt1,1,bwd,33,633.33,2200.0,0.1495,0.0
DK01_to_DB01#alt1,1,bwd,34,650.0,2250.0,0.1308,0.0
DK01_to_DB01#alt1,1,bwd,35,666.67,2300.0,0.1138,0.0
DK01_to_DB01#alt1,1,bwd,36,700.0,2350.0,0.1069,0.0
DK01_to_DB01#alt1,1,bwd,37,716.67,2400.0,0.097,0.0
DK01_to_DB01#alt1,1,bwd,38,716.67,2450.0,0.097,0.0
DK01_to_DB01#alt1,1,bwd,39,700.0,2500.0,0.097,0.0
DK01_to_DB01#alt1,1,bwd,40,700.0,2550.0,0.097,0.0
DK01_to_DB01#alt1,1,bwd,41,700.0,2600.0,0.1069,0.0
DK01_to_DB01#alt1,1,bwd,42,700.0,2650.0,0.1239,0.0
DK01_to_DB01#alt1,1,bwd,43,683.33,2700.0,0.1432,0.0
DK01_to_DB01#alt1,1,bwd,44,650.0,2750.0,0.1495,0.0
DK01_to_DB01#alt1,1,bwd,45,616.67,2800.0,0.1517,0.0
DK01_to_DB01#alt1,1,bwd,46,583.33,2850.0,0.17,0.0
DK01_to_DB01#alt1,1,bwd,47,566.67,2900.0,0.17,0.0
DK01_to_DB01#alt1,1,bwd,48,550.0,2950.0,0.1889,0.0
DK01_to_DB01#alt1,1,bwd,49,550.0,3000.0,0.2076,0.0
DK01_to_DB01#alt1,1,bwd,50,550.0,3050.0,0.2252,0.0
DK01_to_DB01#alt1,1,bwd,51,550.0,3100.0,0.2407,0.0
DK01_to_DB01#alt1,1,bwd,52,550.0,3150.0,0.2609,0.0
DK01_to_DB01#alt1,1,bwd,53,550.0,3200.0,0.281,0.0
DK01_to_DB01#alt1,1,bwd,54,550.0,3250.0,0.2972,0.0
DK01_to_DB01#alt1,1,bwd,55,550.0,3300.0,0.3077,0.0
DK01_to_DB01#alt1,1,bwd,56,550.0,3350.0,0.3269,0.0
DK01_to_DB01#alt1,1,bwd,57,550.0,3400.0,0.3485,0.0
DK01_to_DB01#alt1,1,bwd,58,550.0,3450.0,0.3628,0.0
DK01_to_DB01#alt1,1,bwd,59,566.67,3500.0,0.3679,0.0
DK01_to_DB01#alt1,1,bwd,60,600.0,3550.0,0.4275,0.0
DK01_to_DB01#alt1,1,bwd,61,633.33,3600.0,0.4746,0.0
DK01_to_DB01#alt1,1,bwd,62,666.67,3650.0,0.4346,0.0
DK01_to_DB01#alt1,1,bwd,63,683.33,3700.0,0.503,0.0
DK01_to_DB01#alt1,1,bwd,64,716.67,3750.0,0.4746,0.0
DK01_to_DB01#alt1,1,bwd,65,750.0,3800.0,0.503,0.0
DK01_to_DB01#alt1,1,bwd,66,800.0,3850.0,0.5483,0.0
DK01_to_DB01#alt1,1,bwd,67,850.0,3883.33,0.5483,0.0
DK01_to_DB01#alt1,1,bwd,68,900.0,3900.0,0.6241,0.0
DK01_to_DB01#alt1,1,bwd,69,950.0,3900.0,0.6889,0.0
DK01_to_DB01#alt1,1,bwd,70,1000.0,3900.0,0.7165,0.0
DB01_to_DK01#alt2,2,fwd,0,1000.0,3900.0,0.7165,0.0
DB01_to_DK01#alt2,2,fwd,1,950.0,3950.0,0.5903,0.0
DB01_to_DK01#alt2,2,fwd,2,900.0,4000.0,0.4746,0.0
DB01_to_DK01#alt2,2,fwd,3,850.0,4050.0,0.503,0.0
DB01_to_DK01#alt2,2,fwd,4,800.0,4100.0,0.5483,0.0
DB01_to_DK01#alt2,2,fwd,5,750.0,4150.0,0.5483,0.0
DB01_to_DK01#alt2,2,fwd,6,700.0,4183.33,0.6889,0.0
DB01_to_DK01#alt2,2,fwd,7,650.0,4200.0,0.7165,0.0
DB01_to_DK01#alt2,2,fwd,8,600.0,4200.0,0.7165,0.0
DB01_to_DK01#alt2,2,fwd,9,550.0,4183.33,0.7165,0.0
DB01_to_DK01#alt2,2,fwd,10,500.0,4150.0,0.6065,0.0
DB01_to_DK01#alt2,2,fwd,11,450.0,4100.0,0.5134,0.0
DB01_to_DK01#alt2,2,fwd,12,400.0,4050.0,0.4275,0.0
DB01_to_DK01#alt2,2,fwd,13,350.0,4000.0,0.3485,0.0
DB01_to_DK01#alt2,2,fwd,14,300.0,3950.0,0.281,0.0
DB01_to_DK01#alt2,2,fwd,15,250.0,3900.0,0.2252,0.0
DB01_to_DK01#alt2,2,fwd,16,200.0,3850.0,0.1798,0.0
DB01_to_DK01#alt2,2,fwd,17,183.33,3800.0,0.1551,0.0
DB01_to_DK01#alt2,2,fwd,18,183.33,3750.0,0.1335,0.0
DB01_to_DK01#alt2,2,fwd,19,200.0,3700.0,0.1146,0.0
DB01_to_DK01#alt2,2,fwd,20,200.0,3650.0,0.1082,0.0
DB01_to_DK01#alt2,2,fwd,21,200.0,3600.0,0.1117,0.0
DB01_to_DK01#alt2,2,fwd,22,200.0,3550.0,0.1138,0.0
DB01_to_DK01#alt2,2,fwd,23,200.0,3500.0,0.1146,0.0
DB01_to_DK01#alt2,2,fwd,24,216.67,3450.0,0.1138,0.0
DB01_to_DK01#alt2,2,fwd,25,233.33,3400.0,0.1317,0.0
DB01_to_DK01#alt2,2,fwd,26,250.0,3350.0,0.1273,0.0
DB01_to_DK01#alt2,2,fwd,27,266.67,3300.0,0.1215,0.0
DB01_to_DK01#alt2,2,fwd,28,283.33,3250.0,0.1335,0.0
DB01_to_DK01#alt2,2,fwd,29,300.0,3200.0,0.1273,0.0
DB01_to_DK01#alt2,2,fwd,30,300.0,3150.0,0.1215,0.0
DB01_to_DK01#alt2,2,fwd,31,300.0,3100.0,0.1146,0.0
DB01_to_DK01#alt2,2,fwd,32,300.0,3050.0,0.1069,0.0
DB01_to_DK01#alt2,2,fwd,33,300.0,3000.0,0.0987,0.0
DB01_to_DK01#alt2,2,fwd,34,300.0,2950.0,0.092,0.0
DB01_to_DK01#alt2,2,fwd,35,300.0,2900.0,0.0854,0.0
DB01_to_DK01#alt2,2,fwd,36,300.0,2850.0,0.0785,0.0
DB01_to_DK01#alt2,2,fwd,37,300.0,2800.0,0.0717,0.0
DB01_to_DK01#alt2,2,fwd,38,300.0,2750.0,0.065,0.0
DB01_to_DK01#alt2,2,fwd,39,300.0,2700.0,0.0585,0.0
DB01_to_DK01#alt2,2,fwd,40,300.0,2650.0,0.0524,0.0
DB01_to_DK01#alt2,2,fwd,41,316.67,2600.0,0.0467,0.0
DB01_to_DK01#alt2,2,fwd,42,333.33,2550.0,0.0467,0.0
DB01_to_DK01#alt2,2,fwd,43,350.0,2500.0,0.0414,0.0
DB01_to_DK01#alt2,2,fwd,44,350.0,2450.0,0.0414,0.0
DB01_to_DK01#alt2,2,fwd,45,350.0,2400.0,0.0467,0.0
DB01_to_DK01#alt2,2,fwd,46,350.0,2350.0,0.0524,0.0
DB01_to_DK01#alt2,2,fwd,47,350.0,2300.0,0.0591,0.0
DB01_to_DK01#alt2,2,fwd,48,350.0,2250.0,0.0663,0.0
DB01_to_DK01#alt2,2,fwd,49,333.33,2200.0,0.0748,0.0
DB01_to_DK01#alt2,2,fwd,50,300.0,2150.0,0.074,0.0
DB01_to_DK01#alt2,2,fwd,51,250.0,2100.0,0.0717,0.0
DB01_to_DK01#alt2,2,fwd,52,216.67,2050.0,0.0681,0.0
DB01_to_DK01#alt2,2,fwd,53,200.0,2000.0,0.0736,0.0
DB01_to_DK01#alt2,2,fwd,54,200.0,1950.0,0.079,0.0
DB01_to_DK01#alt2,2,fwd,55,200.0,1900.0,0.0839,0.0
DB01_to_DK01#alt2,2,fwd,56,200.0,1850.0,0.0883,0.0
DB01_to_DK01#alt2,2,fwd,57,200.0,1800.0,0.092,0.0
DB01_to_DK01#alt2,2,fwd,58,200.0,1750.0,0.0947,0.0
DB01_to_DK01#alt2,2,fwd,59,200.0,1700.0,0.0964,0.0
DB01_to_DK01#alt2,2,fwd,60,200.0,1650.0,0.097,0.0
DB01_to_DK01#alt2,2,fwd,61,200.0,1600.0,0.0964,0.0
DB01_to_DK01#alt2,2,fwd,62,183.33,1550.0,0.0947,0.0
DB01_to_DK01#alt2,2,fwd,63,166.67,1500.0,0.0781,0.0
DB01_to_DK01#alt2,2,fwd,64,133.33,1450.0,0.0752,0.0
DB01_to_DK01#alt2,2,fwd,65,116.67,1400.0,0.0752,0.0
DB01_to_DK01#alt2,2,fwd,66,100.0,1350.0,0.0883,0.0
DB01_to_DK01#alt2,2,fwd,67,83.33,1300.0,0.1036,0.0
DB01_to_DK01#alt2,2,fwd,68,66.67,1250.0,0.1146,0.0
DB01_to_DK01#alt2,2,fwd,69,50.0,1200.0,0.1335,0.0
DB01_to_DK01#alt2,2,fwd,70,50.0,1150.0,0.1551,0.0
DB01_to_DK01#alt2,2,fwd,71,50.0,1100.0,0.1798,0.0
DB01_to_DK01#alt2,2,fwd,72,50.0,1050.0,0.2076,0.0
DB01_to_DK01#alt2,2,fwd,73,50.0,1000.0,0.2384,0.0
DB01_to_DK01#alt2,2,fwd,74,50.0,950.0,0.2721,0.0
DB01_to_DK01#alt2,2,fwd,75,50.0,900.0,0.3077,0.0
DB01_to_DK01#alt2,2,fwd,76,50.0,850.0,0.344,0.0
DB01_to_DK01#alt2,2,fwd,77,50.0,800.0,0.3895,0.0
DB01_to_DK01#alt2,2,fwd,78,50.0,750.0,0.4346,0.0
DB01_to_DK01#alt2,2,fwd,79,50.0,700.0,0.4931,0.0
DB01_to_DK01#alt2,2,fwd,80,50.0,650.0,0.5483,0.0
DB01_to_DK01#alt2,2,fwd,81,50.0,600.0,0.6241,0.0
DB01_to_DK01#alt2,2,fwd,82,50.0,550.0,0.6889,0.0
DB01_to_DK01#alt2,2,fwd,83,50.0,500.0,0.7165,0.0
DB01_to_DK01#alt2,2,fwd,84,50.0,450.0,0.7165,0.0
DB01_to_DK01#alt2,2,fwd,85,50.0,400.0,0.7165,0.0
DB01_to_DK01#alt2,2,fwd,86,66.67,350.0,0.6889,0.0
DB01_to_DK01#alt2,2,fwd,87,83.33,300.0,0.7165,0.0
DB01_to_DK01#alt2,2,fwd,88,116.67,250.0,0.6889,0.0
DB01_to_DK01#alt2,2,fwd,89,150.0,200.0,0.6889,0.0
DB01_to_DK01#alt2,2,fwd,90,200.0,150.0,0.6889,0.0
DB01_to_DK01#alt2,2,fwd,91,250.0,150.0,0.7165,0.0
DB01_to_DK01#alt2,2,fwd,92,300.0,150.0,0.7165,0.0
DB01_to_DK01#alt2,2,fwd,93,350.0,150.0,0.7165,0.0
DB01_to_DK01#alt2,2,fwd,94,400.0,150.0,0.7165,0.0
DB01_to_DK01#alt2,2,fwd,95,450.0,150.0,0.7165,0.0
DB01_to_DK01#alt2,2,fwd,96,500.0,150.0,0.7165,0.0
DB01_to_DK01#alt2,2,fwd,97,550.0,166.67,0.6889,0.0
DB01_to_DK01#alt2,2,fwd,98,600.0,200.0,0.6889,0.0
DB01_to_DK01#alt2,2,fwd,99,650.0,250.0,0.6889,0.0
DB01_to_DK01#alt2,2,fwd,100,700.0,283.33,0.6241,0.0
DB01_to_DK01#alt2,2,fwd,101,750.0,316.67,0.5483,0.0
DB01_to_DK01#alt2,2,fwd,102,800.0,350.0,0.503,0.0
DB01_to_DK01#alt2,2,fwd,103,850.0,400.0,0.4346,0.0
DB01_to_DK01#alt2,2,fwd,104,900.0,416.67,0.3784,0.0
DB01_to_DK01#alt2,2,fwd,105,950.0,433.33,0.3895,0.0
DB01_to_DK01#alt2,2,fwd,106,1000.0,433.33,0.344,0.0
DB01_to_DK01#alt2,2,fwd,107,1050.0,450.0,0.3006,0.0
DB01_to_DK01#alt2,2,fwd,108,1100.0,466.67,0.2609,0.0
DB01_to_DK01#alt2,2,fwd,109,1150.0,500.0,0.2407,0.0
DB01_to_DK01#alt2,2,fwd,110,1200.0,550.0,0.2151,0.0
DK01_to_DB01#alt2,2,bwd,0,1200.0,550.0,0.2151,0.0
DK01_to_DB01#alt2,2,bwd,1,1250.0,500.0,0.1755,0.0
DK01_to_DB01#alt2,2,bwd,2,1300.0,450.0,0.1422,0.0
DK01_to_DB01#alt2,2,bwd,3,1350.0,400.0,0.1146,0.0
DK01_to_DB01#alt2,2,bwd,4,1400.0,350.0,0.092,0.0
DK01_to_DB01#alt2,2,bwd,5,1450.0,300.0,0.0736,0.0
DK01_to_DB01#alt2,2,bwd,6,1500.0,266.67,0.0588,0.0
DK01_to_DB01#alt2,2,bwd,7,1550.0,250.0,0.0507,0.0
DK01_to_DB01#alt2,2,bwd,8,1600.0,250.0,0.0437,0.0
DK01_to_DB01#alt2,2,bwd,9,1650.0,250.0,0.0375,0.0
DK01_to_DB01#alt2,2,bwd,10,1700.0,233.33,0.0322,0.0
DK01_to_DB01#alt2,2,bwd,11,1750.0,233.33,0.0276,0.0
DK01_to_DB01#alt2,2,bwd,12,1800.0,250.0,0.0236,0.0
DK01_to_DB01#alt2,2,bwd,13,1850.0,300.0,0.0213,0.0
DK01_to_DB01#alt2,2,bwd,14,1900.0,333.33,0.019,0.0
DK01_to_DB01#alt2,2,bwd,15,1950.0,350.0,0.0162,0.0
DK01_to_DB01#alt2,2,bwd,16,2000.0,366.67,0.0161,0.0
DK01_to_DB01#alt2,2,bwd,17,2050.0,400.0,0.0204,0.0
DK01_to_DB01#alt2,2,bwd,18,2100.0,450.0,0.0259,0.0
DK01_to_DB01#alt2,2,bwd,19,2150.0,500.0,0.0327,0.0
DK01_to_DB01#alt2,2,bwd,20,2200.0,550.0,0.0414,0.0
DK01_to_DB01#alt2,2,bwd,21,2250.0,600.0,0.0524,0.0
DK01_to_DB01#alt2,2,bwd,22,2300.0,650.0,0.0663,0.0
DK01_to_DB01#alt2,2,bwd,23,2350.0,683.33,0.0839,0.0
DK01_to_DB01#alt2,2,bwd,24,2400.0,716.67,0.0936,0.0
DK01_to_DB01#alt2,2,bwd,25,2450.0,750.0,0.1183,0.0
DK01_to_DB01#alt2,2,bwd,26,2500.0,800.0,0.1495,0.0
DK01_to_DB01#alt2,2,bwd,27,2550.0,833.33,0.1889,0.0
DK01_to_DB01#alt2,2,bwd,28,2600.0,850.0,0.2076,0.0
DK01_to_DB01#alt2,2,bwd,29,2650.0,850.0,0.2252,0.0
DK01_to_DB01#alt2,2,bwd,30,2700.0,850.0,0.2407,0.0
DK01_to_DB01#alt2,2,bwd,31,2750.0,866.67,0.253,0.0
DK01_to_DB01#alt2,2,bwd,32,2800.0,900.0,0.3077,0.0
DK01_to_DB01#alt2,2,bwd,33,2850.0,950.0,0.3679,0.0
DK01_to_DB01#alt2,2,bwd,34,2900.0,1000.0,0.4346,0.0
DK01_to_DB01#alt2,2,bwd,35,2950.0,1050.0,0.503,0.0
DK01_to_DB01#alt2,2,bwd,36,3000.0,1100.0,0.5483,0.0
DK01_to_DB01#alt2,2,bwd,37,3050.0,1150.0,0.5483,0.0
DK01_to_DB01#alt2,2,bwd,38,3100.0,1200.0,0.5483,0.0
DK01_to_DB01#alt2,2,bwd,39,3133.33,1250.0,0.503,0.0
DK01_to_DB01#alt2,2,bwd,40,3150.0,1300.0,0.5134,0.0
DK01_to_DB01#alt2,2,bwd,41,3150.0,1350.0,0.5134,0.0
DK01_to_DB01#alt2,2,bwd,42,3150.0,1400.0,0.5134,0.0
DK01_to_DB01#alt2,2,bwd,43,3150.0,1450.0,0.5134,0.0
DK01_to_DB01#alt2,2,bwd,44,3150.0,1500.0,0.503,0.0
DK01_to_DB01#alt2,2,bwd,45,3150.0,1550.0,0.4746,0.0
DK01_to_DB01#alt2,2,bwd,46,3150.0,1600.0,0.4346,0.0
DK01_to_DB01#alt2,2,bwd,47,3150.0,1650.0,0.3895,0.0
DK01_to_DB01#alt2,2,bwd,48,3150.0,1700.0,0.344,0.0
DK01_to_DB01#alt2,2,bwd,49,3150.0,1750.0,0.3006,0.0
DK01_to_DB01#alt2,2,bwd,50,3150.0,1800.0,0.281,0.0
DK01_to_DB01#alt2,2,bwd,51,3150.0,1850.0,0.2972,0.0
DK01_to_DB01#alt2,2,bwd,52,3150.0,1900.0,0.3077,0.0
DK01_to_DB01#alt2,2,bwd,53,3150.0,1950.0,0.3114,0.0
DK01_to_DB01#alt2,2,bwd,54,3150.0,2000.0,0.3114,0.0
DK01_to_DB01#alt2,2,bwd,55,3150.0,2050.0,0.3114,0.0
DK01_to_DB01#alt2,2,bwd,56,3150.0,2100.0,0.3114,0.0
DK01_to_DB01#alt2,2,bwd,57,3150.0,2150.0,0.3114,0.0
DK01_to_DB01#alt2,2,bwd,58,3150.0,2200.0,0.3114,0.0
DK01_to_DB01#alt2,2,bwd,59,3133.33,2250.0,0.3114,0.0
DK01_to_DB01#alt2,2,bwd,60,3100.0,2300.0,0.3628,0.0
DK01_to_DB01#alt2,2,bwd,61,3066.67,2350.0,0.4076,0.0
DK01_to_DB01#alt2,2,bwd,62,3050.0,2400.0,0.3784,0.0
DK01_to_DB01#alt2,2,bwd,63,3033.33,2450.0,0.3485,0.0
DK01_to_DB01#alt2,2,bwd,64,3000.0,2500.0,0.3784,0.0
DK01_to_DB01#alt2,2,bwd,65,2950.0,2550.0,0.3895,0.0
DK01_to_DB01#alt2,2,bwd,66,2900.0,2600.0,0.3895,0.0
DK01_to_DB01#alt2,2,bwd,67,2850.0,2650.0,0.3895,0.0
DK01_to_DB01#alt2,2,bwd,68,2800.0,2700.0,0.3784,0.0
DK01_to_DB01#alt2,2,bwd,69,2750.0,2750.0,0.4275,0.0
DK01_to_DB01#alt2,2,bwd,70,2700.0,2800.0,0.4746,0.0
DK01_to_DB01#alt2,2,bwd,71,2650.0,2850.0,0.4931,0.0
DK01_to_DB01#alt2,2,bwd,72,2600.0,2900.0,0.4931,0.0
DK01_to_DB01#alt2,2,bwd,73,2550.0,2950.0,0.4746,0.0
DK01_to_DB01#alt2,2,bwd,74,2500.0,3000.0,0.4275,0.0
DK01_to_DB01#alt2,2,bwd,75,2483.33,3050.0,0.4076,0.0
DK01_to_DB01#alt2,2,bwd,76,2466.67,3100.0,0.4346,0.0
DK01_to_DB01#alt2,2,bwd,77,2483.33,3150.0,0.3485,0.0
DK01_to_DB01#alt2,2,bwd,78,2500.0,3200.0,0.3269,0.0
DK01_to_DB01#alt2,2,bwd,79,2516.67,3250.0,0.3077,0.0
DK01_to_DB01#alt2,2,bwd,80,2516.67,3300.0,0.3114,0.0
DK01_to_DB01#alt2,2,bwd,81,2500.0,3350.0,0.3114,0.0
DK01_to_DB01#alt2,2,bwd,82,2500.0,3400.0,0.3114,0.0
DK01_to_DB01#alt2,2,bwd,83,2500.0,3450.0,0.3679,0.0
DK01_to_DB01#alt2,2,bwd,84,2500.0,3500.0,0.4346,0.0
DK01_to_DB01#alt2,2,bwd,85,2483.33,3550.0,0.5134,0.0
DK01_to_DB01#alt2,2,bwd,86,2450.0,3600.0,0.6065,0.0
DK01_to_DB01#alt2,2,bwd,87,2400.0,3633.33,0.7165,0.0
DK01_to_DB01#alt2,2,bwd,88,2350.0,3666.67,0.6889,0.0
DK01_to_DB01#alt2,2,bwd,89,2300.0,3700.0,0.6889,0.0
DK01_to_DB01#alt2,2,bwd,90,2250.0,3750.0,0.6065,0.0
DK01_to_DB01#alt2,2,bwd,91,2200.0,3783.33,0.5134,0.0
DK01_to_DB01#alt2,2,bwd,92,2150.0,3800.0,0.4746,0.0
DK01_to_DB01#alt2,2,bwd,93,2100.0,3800.0,0.503,0.0
DK01_to_DB01#alt2,2,bwd,94,2050.0,3800.0,0.5134,0.0
DK01_to_DB01#alt2,2,bwd,95,2000.0,3800.0,0.5134,0.0
DK01_to_DB01#alt2,2,bwd,96,1950.0,3800.0,0.5134,0.0
DK01_to_DB01#alt2,2,bwd,97,1900.0,3800.0,0.5134,0.0
DK01_to_DB01#alt2,2,bwd,98,1850.0,3800.0,0.5134,0.0
DK01_to_DB01#alt2,2,bwd,99,1800.0,3816.67,0.503,0.0
DK01_to_DB01#alt2,2,bwd,100,1750.0,3850.0,0.6065,0.0
DK01_to_DB01#alt2,2,bwd,101,1700.0,3883.33,0.7165,0.0
DK01_to_DB01#alt2,2,bwd,102,1650.0,3900.0,0.7165,0.0
DK01_to_DB01#alt2,2,bwd,103,1600.0,3900.0,0.6889,0.0
DK01_to_DB01#alt2,2,bwd,104,1550.0,3950.0,0.6889,0.0
DK01_to_DB01#alt2,2,bwd,105,1500.0,4000.0,0.6889,0.0
DK01_to_DB01#alt2,2,bwd,106,1450.0,4033.33,0.7165,0.0
DK01_to_DB01#alt2,2,bwd,107,1400.0,4050.0,0.7165,0.0
DK01_to_DB01#alt2,2,bwd,108,1350.0,4050.0,0.7165,0.0
DK01_to_DB01#alt2,2,bwd,109,1300.0,4050.0,0.7165,0.0
DK01_to_DB01#alt2,2,bwd,110,1250.0,4066.67,0.6889,0.0
DK01_to_DB01#alt2,2,bwd,111,1200.0,4083.33,0.6889,0.0
DK01_to_DB01#alt2,2,bwd,112,1150.0,4100.0,0.6241,0.0
DK01_to_DB01#alt2,2,bwd,113,1100.0,4083.33,0.5483,0.0
DK01_to_DB01#alt2,2,bwd,114,1050.0,4050.0,0.503,0.0
DK01_to_DB01#alt2,2,bwd,115,1016.67,4000.0,0.5483,0.0
DK01_to_DB01#alt2,2,bwd,116,1000.0,3950.0,0.6241,0.0
DK01_to_DB01#alt2,2,bwd,117,1000.0,3900.0,0.7165,0.0
DB01_to_DK01#alt3,3,fwd,0,1000.0,3900.0,0.7165,0.0
DB01_to_DK01#alt3,3,fwd,1,1050.0,3950.0,0.6889,0.0
DB01_to_DK01#alt3,3,fwd,2,1100.0,3983.33,0.6065,0.0
DB01_to_DK01#alt3,3,fwd,3,1150.0,4000.0,0.6241,0.0
DB01_to_DK01#alt3,3,fwd,4,1200.0,4000.0,0.6889,0.0
DB01_to_DK01#alt3,3,fwd,5,1250.0,4000.0,0.7165,0.0
DB01_to_DK01#alt3,3,fwd,6,1300.0,3983.33,0.6889,0.0
DB01_to_DK01#alt3,3,fwd,7,1350.0,3966.67,0.7165,0.0
DB01_to_DK01#alt3,3,fwd,8,1400.0,3950.0,0.7165,0.0
DB01_to_DK01#alt3,3,fwd,9,1450.0,3933.33,0.6889,0.0
DB01_to_DK01#alt3,3,fwd,10,1500.0,3916.67,0.7165,0.0
DB01_to_DK01#alt3,3,fwd,11,1550.0,3883.33,0.6889,0.0
DB01_to_DK01#alt3,3,fwd,12,1600.0,3850.0,0.6889,0.0
DB01_to_DK01#alt3,3,fwd,13,1650.0,3800.0,0.6889,0.0
DB01_to_DK01#alt3,3,fwd,14,1700.0,3750.0,0.6241,0.0
DB01_to_DK01#alt3,3,fwd,15,1750.0,3716.67,0.6241,0.0
DB01_to_DK01#alt3,3,fwd,16,1800.0,3700.0,0.6889,0.0
DB01_to_DK01#alt3,3,fwd,17,1850.0,3700.0,0.7165,0.0
DB01_to_DK01#alt3,3,fwd,18,1900.0,3700.0,0.7165,0.0
DB01_to_DK01#alt3,3,fwd,19,1950.0,3700.0,0.7165,0.0
DB01_to_DK01#alt3,3,fwd,20,2000.0,3700.0,0.7165,0.0
DB01_to_DK01#alt3,3,fwd,21,2050.0,3700.0,0.7165,0.0
DB01_to_DK01#alt3,3,fwd,22,2100.0,3700.0,0.6889,0.0
DB01_to_DK01#alt3,3,fwd,23,2150.0,3650.0,0.6889,0.0
DB01_to_DK01#alt3,3,fwd,24,2200.0,3600.0,0.6889,0.0
DB01_to_DK01#alt3,3,fwd,25,2250.0,3550.0,0.6889,0.0
DB01_to_DK01#alt3,3,fwd,26,2300.0,3500.0,0.6065,0.0
DB01_to_DK01#alt3,3,fwd,27,2350.0,3450.0,0.5134,0.0
DB01_to_DK01#alt3,3,fwd,28,2400.0,3400.0,0.4346,0.0
DB01_to_DK01#alt3,3,fwd,29,2450.0,3350.0,0.3679,0.0
DB01_to_DK01#alt3,3,fwd,30,2500.0,3300.0,0.3114,0.0
DB01_to_DK01#alt3,3,fwd,31,2550.0,3250.0,0.2972,0.0
DB01_to_DK01#alt3,3,fwd,32,2600.0,3200.0,0.3269,0.0
DB01_to_DK01#alt3,3,fwd,33,2650.0,3150.0,0.344,0.0
DB01_to_DK01#alt3,3,fwd,34,2700.0,3100.0,0.344,0.0
DB01_to_DK01#alt3,3,fwd,35,2750.0,3050.0,0.344,0.0
DB01_to_DK01#alt3,3,fwd,36,2800.0,3000.0,0.3269,0.0
DB01_to_DK01#alt3,3,fwd,37,2850.0,2950.0,0.3269,0.0
DB01_to_DK01#alt3,3,fwd,38,2900.0,2900.0,0.344,0.0
DB01_to_DK01#alt3,3,fwd,39,2950.0,2850.0,0.344,0.0
DB01_to_DK01#alt3,3,fwd,40,3000.0,2800.0,0.344,0.0
DB01_to_DK01#alt3,3,fwd,41,3050.0,2750.0,0.344,0.0
DB01_to_DK01#alt3,3,fwd,42,3100.0,2700.0,0.3269,0.0
DB01_to_DK01#alt3,3,fwd,43,3150.0,2650.0,0.2972,0.0
DB01_to_DK01#alt3,3,fwd,44,3200.0,2600.0,0.2609,0.0
DB01_to_DK01#alt3,3,fwd,45,3250.0,2550.0,0.2231,0.0
DB01_to_DK01#alt3,3,fwd,46,3300.0,2500.0,0.1889,0.0
DB01_to_DK01#alt3,3,fwd,47,3333.33,2450.0,0.1599,0.0
DB01_to_DK01#alt3,3,fwd,48,3350.0,2400.0,0.1495,0.0
DB01_to_DK01#alt3,3,fwd,49,3366.67,2350.0,0.1551,0.0
DB01_to_DK01#alt3,3,fwd,50,3383.33,2300.0,0.1344,0.0
DB01_to_DK01#alt3,3,fwd,51,3400.0,2250.0,0.1353,0.0
DB01_to_DK01#alt3,3,fwd,52,3400.0,2200.0,0.1353,0.0
DB01_to_DK01#alt3,3,fwd,53,3400.0,2150.0,0.1353,0.0
DB01_to_DK01#alt3,3,fwd,54,3400.0,2100.0,0.1353,0.0
DB01_to_DK01#alt3,3,fwd,55,3400.0,2050.0,0.1353,0.0
DB01_to_DK01#alt3,3,fwd,56,3400.0,2000.0,0.1353,0.0
DB01_to_DK01#alt3,3,fwd,57,3400.0,1950.0,0.1353,0.0
DB01_to_DK01#alt3,3,fwd,58,3383.33,1900.0,0.1344,0.0
DB01_to_DK01#alt3,3,fwd,59,3366.67,1850.0,0.1551,0.0
DB01_to_DK01#alt3,3,fwd,60,3350.0,1800.0,0.17,0.0
DB01_to_DK01#alt3,3,fwd,61,3350.0,1750.0,0.1889,0.0
DB01_to_DK01#alt3,3,fwd,62,3350.0,1700.0,0.2076,0.0
DB01_to_DK01#alt3,3,fwd,63,3333.33,1650.0,0.2252,0.0
DB01_to_DK01#alt3,3,fwd,64,3316.67,1600.0,0.281,0.0
DB01_to_DK01#alt3,3,fwd,65,3300.0,1550.0,0.2972,0.0
DB01_to_DK01#alt3,3,fwd,66,3300.0,1500.0,0.3077,0.0
DB01_to_DK01#alt3,3,fwd,67,3300.0,1450.0,0.3114,0.0
DB01_to_DK01#alt3,3,fwd,68,3283.33,1400.0,0.3114,0.0
DB01_to_DK01#alt3,3,fwd,69,3266.67,1350.0,0.3679,0.0
DB01_to_DK01#alt3,3,fwd,70,3250.0,1300.0,0.3679,0.0
DB01_to_DK01#alt3,3,fwd,71,3233.33,1250.0,0.3628,0.0
DB01_to_DK01#alt3,3,fwd,72,3200.0,1200.0,0.4076,0.0
DB01_to_DK01#alt3,3,fwd,73,3150.0,1150.0,0.4346,0.0
DB01_to_DK01#alt3,3,fwd,74,3100.0,1100.0,0.4346,0.0
DB01_to_DK01#alt3,3,fwd,75,3050.0,1050.0,0.4346,0.0
DB01_to_DK01#alt3,3,fwd,76,3000.0,1000.0,0.4076,0.0
DB01_to_DK01#alt3,3,fwd,77,2950.0,950.0,0.3628,0.0
DB01_to_DK01#alt3,3,fwd,78,2900.0,900.0,0.3114,0.0
DB01_to_DK01#alt3,3,fwd,79,2850.0,850.0,0.2636,0.0
DB01_to_DK01#alt3,3,fwd,80,2800.0,800.0,0.2211,0.0
DB01_to_DK01#alt3,3,fwd,81,2750.0,750.0,0.1827,0.0
DB01_to_DK01#alt3,3,fwd,82,2700.0,700.0,0.1495,0.0
DB01_to_DK01#alt3,3,fwd,83,2650.0,650.0,0.1215,0.0
DB01_to_DK01#alt3,3,fwd,84,2600.0,600.0,0.1036,0.0
DB01_to_DK01#alt3,3,fwd,85,2550.0,550.0,0.092,0.0
DB01_to_DK01#alt3,3,fwd,86,2500.0,500.0,0.0803,0.0
DB01_to_DK01#alt3,3,fwd,87,2450.0,450.0,0.0691,0.0
DB01_to_DK01#alt3,3,fwd,88,2400.0,400.0,0.0588,0.0
DB01_to_DK01#alt3,3,fwd,89,2350.0,350.0,0.0498,0.0
DB01_to_DK01#alt3,3,fwd,90,2300.0,300.0,0.0421,0.0
DB01_to_DK01#alt3,3,fwd,91,2250.0,250.0,0.0355,0.0
DB01_to_DK01#alt3,3,fwd,92,2200.0,200.0,0.0297,0.0
DB01_to_DK01#alt3,3,fwd,93,2150.0,150.0,0.0247,0.0
DB01_to_DK01#alt3,3,fwd,94,2100.0,100.0,0.0204,0.0
DB01_to_DK01#alt3,3,fwd,95,2050.0,66.67,0.0168,0.0
DB01_to_DK01#alt3,3,fwd,96,2000.0,50.0,0.0143,0.0
DB01_to_DK01#alt3,3,fwd,97,1950.0,50.0,0.0121,0.0
DB01_to_DK01#alt3,3,fwd,98,1900.0,50.0,0.0133,0.0
DB01_to_DK01#alt3,3,fwd,99,1850.0,50.0,0.0153,0.0
DB01_to_DK01#alt3,3,fwd,100,1800.0,50.0,0.0178,0.0
DB01_to_DK01#alt3,3,fwd,101,1750.0,50.0,0.0205,0.0
DB01_to_DK01#alt3,3,fwd,102,1700.0,50.0,0.0236,0.0
DB01_to_DK01#alt3,3,fwd,103,1650.0,50.0,0.0272,0.0
DB01_to_DK01#alt3,3,fwd,104,1600.0,66.67,0.0312,0.0
DB01_to_DK01#alt3,3,fwd,105,1550.0,100.0,0.0393,0.0
DB01_to_DK01#alt3,3,fwd,106,1500.0,150.0,0.0496,0.0
DB01_to_DK01#alt3,3,fwd,107,1450.0,183.33,0.0624,0.0
DB01_to_DK01#alt3,3,fwd,108,1400.0,216.67,0.0717,0.0
DB01_to_DK01#alt3,3,fwd,109,1350.0,250.0,0.0904,0.0
DB01_to_DK01#alt3,3,fwd,110,1300.0,300.0,0.1138,0.0
DB01_to_DK01#alt3,3,fwd,111,1250.0,350.0,0.1432,0.0
DB01_to_DK01#alt3,3,fwd,112,1216.67,400.0,0.1798,0.0
DB01_to_DK01#alt3,3,fwd,113,1200.0,450.0,0.1937,0.0
DB01_to_DK01#alt3,3,fwd,114,1200.0,500.0,0.2057,0.0
DB01_to_DK01#alt3,3,fwd,115,1200.0,550.0,0.2151,0.0
DK01_to_DB01#alt3,3,bwd,0,1200.0,550.0,0.2151,0.0
DK01_to_DB01#alt3,3,bwd,1,1250.0,533.33,0.1827,0.0
DK01_to_DB01#alt3,3,bwd,2,1300.0,516.67,0.1495,0.0
DK01_to_DB01#alt3,3,bwd,3,1350.0,500.0,0.1273,0.0
DK01_to_DB01#alt3,3,bwd,4,1400.0,516.67,0.1082,0.0
DK01_to_DB01#alt3,3,bwd,5,1450.0,533.33,0.0947,0.0
DK01_to_DB01#alt3,3,bwd,6,1500.0,550.0,0.0803,0.0
DK01_to_DB01#alt3,3,bwd,7,1550.0,566.67,0.0681,0.0
DK01_to_DB01#alt3,3,bwd,8,1600.0,600.0,0.0585,0.0
DK01_to_DB01#alt3,3,bwd,9,1650.0,650.0,0.0498,0.0
DK01_to_DB01#alt3,3,bwd,10,1700.0,700.0,0.0423,0.0
DK01_to_DB01#alt3,3,bwd,11,1750.0,750.0,0.0467,0.0
DK01_to_DB01#alt3,3,bwd,12,1800.0,800.0,0.0507,0.0
DK01_to_DB01#alt3,3,bwd,13,1850.0,850.0,0.0542,0.0
DK01_to_DB01#alt3,3,bwd,14,1900.0,900.0,0.0568,0.0
DK01_to_DB01#alt3,3,bwd,15,1950.0,950.0,0.0677,0.0
DK01_to_DB01#alt3,3,bwd,16,2000.0,1000.0,0.0839,0.0
DK01_to_DB01#alt3,3,bwd,17,2033.33,1050.0,0.1036,0.0
DK01_to_DB01#alt3,3,bwd,18,2050.0,1100.0,0.1215,0.0
DK01_to_DB01#alt3,3,bwd,19,2050.0,1150.0,0.1422,0.0
DK01_to_DB01#alt3,3,bwd,20,2050.0,1200.0,0.1661,0.0
DK01_to_DB01#alt3,3,bwd,21,2033.33,1250.0,0.1937,0.0
DK01_to_DB01#alt3,3,bwd,22,2000.0,1300.0,0.2076,0.0
DK01_to_DB01#alt3,3,bwd,23,1966.67,1350.0,0.2252,0.0
DK01_to_DB01#alt3,3,bwd,24,1933.33,1400.0,0.2609,0.0
DK01_to_DB01#alt3,3,bwd,25,1916.67,1450.0,0.2721,0.0
DK01_to_DB01#alt3,3,bwd,26,1900.0,1500.0,0.3077,0.0
DK01_to_DB01#alt3,3,bwd,27,1900.0,1550.0,0.344,0.0
DK01_to_DB01#alt3,3,bwd,28,1883.33,1600.0,0.3895,0.0
DK01_to_DB01#alt3,3,bwd,29,1850.0,1650.0,0.3895,0.0
DK01_to_DB01#alt3,3,bwd,30,1833.33,1700.0,0.4346,0.0
DK01_to_DB01#alt3,3,bwd,31,1816.67,1750.0,0.4076,0.0
DK01_to_DB01#alt3,3,bwd,32,1816.67,1800.0,0.4346,0.0
DK01_to_DB01#alt3,3,bwd,33,1816.67,1850.0,0.4746,0.0
DK01_to_DB01#alt3,3,bwd,34,1816.67,1900.0,0.503,0.0
DK01_to_DB01#alt3,3,bwd,35,1800.0,1950.0,0.5134,0.0
DK01_to_DB01#alt3,3,bwd,36,1766.67,2000.0,0.4346,0.0
DK01_to_DB01#alt3,3,bwd,37,1750.0,2050.0,0.4346,0.0
DK01_to_DB01#alt3,3,bwd,38,1750.0,2100.0,0.4346,0.0
DK01_to_DB01#alt3,3,bwd,39,1766.67,2150.0,0.4746,0.0
DK01_to_DB01#alt3,3,bwd,40,1783.33,2200.0,0.5134,0.0
DK01_to_DB01#alt3,3,bwd,41,1800.0,2250.0,0.5483,0.0
DK01_to_DB01#alt3,3,bwd,42,1800.0,2300.0,0.5903,0.0
DK01_to_DB01#alt3,3,bwd,43,1800.0,2350.0,0.6241,0.0
DK01_to_DB01#alt3,3,bwd,44,1800.0,2400.0,0.6889,0.0
DK01_to_DB01#alt3,3,bwd,45,1800.0,2450.0,0.7165,0.0
DK01_to_DB01#alt3,3,bwd,46,1800.0,2500.0,0.7165,0.0
DK01_to_DB01#alt3,3,bwd,47,1783.33,2550.0,0.6889,0.0
DK01_to_DB01#alt3,3,bwd,48,1750.0,2600.0,0.6889,0.0
DK01_to_DB01#alt3,3,bwd,49,1700.0,2650.0,0.6889,0.0
DK01_to_DB01#alt3,3,bwd,50,1650.0,2700.0,0.6889,0.0
DK01_to_DB01#alt3,3,bwd,51,1600.0,2750.0,0.6065,0.0
DK01_to_DB01#alt3,3,bwd,52,1550.0,2783.33,0.5134,0.0
DK01_to_DB01#alt3,3,bwd,53,1500.0,2816.67,0.5134,0.0
DK01_to_DB01#alt3,3,bwd,54,1450.0,2850.0,0.4346,0.0
DK01_to_DB01#alt3,3,bwd,55,1400.0,2883.33,0.4346,0.0
DK01_to_DB01#alt3,3,bwd,56,1350.0,2900.0,0.4746,0.0
DK01_to_DB01#alt3,3,bwd,57,1300.0,2900.0,0.503,0.0
DK01_to_DB01#alt3,3,bwd,58,1250.0,2900.0,0.5134,0.0
DK01_to_DB01#alt3,3,bwd,59,1200.0,2916.67,0.503,0.0
DK01_to_DB01#alt3,3,bwd,60,1150.0,2950.0,0.5483,0.0
DK01_to_DB01#alt3,3,bwd,61,1100.0,3000.0,0.6065,0.0
DK01_to_DB01#alt3,3,bwd,62,1050.0,3050.0,0.6889,0.0
DK01_to_DB01#alt3,3,bwd,63,1000.0,3083.33,0.7165,0.0
DK01_to_DB01#alt3,3,bwd,64,950.0,3116.67,0.6889,0.0
DK01_to_DB01#alt3,3,bwd,65,900.0,3150.0,0.6889,0.0
DK01_to_DB01#alt3,3,bwd,66,850.0,3200.0,0.6889,0.0
DK01_to_DB01#alt3,3,bwd,67,800.0,3250.0,0.6241,0.0
DK01_to_DB01#alt3,3,bwd,68,766.67,3300.0,0.5903,0.0
DK01_to_DB01#alt3,3,bwd,69,750.0,3350.0,0.6065,0.0
DK01_to_DB01#alt3,3,bwd,70,750.0,3400.0,0.6241,0.0
DK01_to_DB01#alt3,3,bwd,71,750.0,3450.0,0.6889,0.0
DK01_to_DB01#alt3,3,bwd,72,750.0,3500.0,0.7165,0.0
DK01_to_DB01#alt3,3,bwd,73,766.67,3550.0,0.6889,0.0
DK01_to_DB01#alt3,3,bwd,74,783.33,3600.0,0.7165,0.0
DK01_to_DB01#alt3,3,bwd,75,800.0,3650.0,0.7165,0.0
DK01_to_DB01#alt3,3,bwd,76,816.67,3700.0,0.6889,0.0
DK01_to_DB01#alt3,3,bwd,77,833.33,3750.0,0.7165,0.0
DK01_to_DB01#alt3,3,bwd,78,850.0,3800.0,0.6889,0.0
DK01_to_DB01#alt3,3,bwd,79,900.0,3850.0,0.6889,0.0
DK01_to_DB01#alt3,3,bwd,80,950.0,3883.33,0.6889,0.0
DK01_to_DB01#alt3,3,bwd,81,1000.0,3900.0,0.7165,0.0
DB01_to_DK01#alt4,4,fwd,0,1000.0,3900.0,0.7165,0.0
DB01_to_DK01#alt4,4,fwd,1,1050.0,3950.0,0.6889,0.0
DB01_to_DK01#alt4,4,fwd,2,1083.33,4000.0,0.6065,0.0
DB01_to_DK01#alt4,4,fwd,3,1083.33,4050.0,0.5134,0.0
DB01_to_DK01#alt4,4,fwd,4,1083.33,4100.0,0.5483,0.0
DB01_to_DK01#alt4,4,fwd,5,1083.33,4150.0,0.6241,0.0
DB01_to_DK01#alt4,4,fwd,6,1100.0,4200.0,0.6889,0.0
DB01_to_DK01#alt4,4,fwd,7,1100.0,4250.0,0.7165,0.0
DB01_to_DK01#alt4,4,fwd,8,1100.0,4300.0,0.7165,0.0
DB01_to_DK01#alt4,4,fwd,9,1100.0,4350.0,0.7165,0.0
DB01_to_DK01#alt4,4,fwd,10,1116.67,4400.0,0.6889,0.0
DB01_to_DK01#alt4,4,fwd,11,1133.33,4450.0,0.7165,0.0
DB01_to_DK01#alt4,4,fwd,12,1150.0,4500.0,0.6889,0.0
DB01_to_DK01#alt4,4,fwd,13,1200.0,4550.0,0.6889,0.0
DB01_to_DK01#alt4,4,fwd,14,1250.0,4600.0,0.6065,0.0
DB01_to_DK01#alt4,4,fwd,15,1300.0,4650.0,0.5134,0.0
DB01_to_DK01#alt4,4,fwd,16,1350.0,4700.0,0.4346,0.0
DB01_to_DK01#alt4,4,fwd,17,1400.0,4750.0,0.3679,0.0
DB01_to_DK01#alt4,4,fwd,18,1450.0,4800.0,0.3114,0.0
DB01_to_DK01#alt4,4,fwd,19,1500.0,4850.0,0.281,0.0
DB01_to_DK01#alt4,4,fwd,20,1550.0,4900.0,0.3006,0.0
DB01_to_DK01#alt4,4,fwd,21,1600.0,4933.33,0.3077,0.0
DB01_to_DK01#alt4,4,fwd,22,1650.0,4950.0,0.344,0.0
DB01_to_DK01#alt4,4,fwd,23,1700.0,4950.0,0.3895,0.0
DB01_to_DK01#alt4,4,fwd,24,1750.0,4950.0,0.4346,0.0
DB01_to_DK01#alt4,4,fwd,25,1800.0,4950.0,0.4931,0.0
DB01_to_DK01#alt4,4,fwd,26,1850.0,4950.0,0.5483,0.0
DB01_to_DK01#alt4,4,fwd,27,1900.0,4950.0,0.6241,0.0
DB01_to_DK01#alt4,4,fwd,28,1950.0,4950.0,0.6889,0.0
DB01_to_DK01#alt4,4,fwd,29,2000.0,4950.0,0.7165,0.0
DB01_to_DK01#alt4,4,fwd,30,2050.0,4950.0,0.7165,0.0
DB01_to_DK01#alt4,4,fwd,31,2100.0,4950.0,0.6889,0.0
DB01_to_DK01#alt4,4,fwd,32,2150.0,4900.0,0.7165,0.0
DB01_to_DK01#alt4,4,fwd,33,2200.0,4900.0,0.6889,0.0
DB01_to_DK01#alt4,4,fwd,34,2250.0,4850.0,0.6889,0.0
DB01_to_DK01#alt4,4,fwd,35,2300.0,4800.0,0.6889,0.0
DB01_to_DK01#alt4,4,fwd,36,2350.0,4750.0,0.6065,0.0
DB01_to_DK01#alt4,4,fwd,37,2400.0,4700.0,0.5134,0.0
DB01_to_DK01#alt4,4,fwd,38,2450.0,4650.0,0.4346,0.0
DB01_to_DK01#alt4,4,fwd,39,2500.0,4600.0,0.3679,0.0
DB01_to_DK01#alt4,4,fwd,40,2550.0,4550.0,0.344,0.0
DB01_to_DK01#alt4,4,fwd,41,2600.0,4533.33,0.3895,0.0
DB01_to_DK01#alt4,4,fwd,42,2650.0,4550.0,0.4346,0.0
DB01_to_DK01#alt4,4,fwd,43,2700.0,4583.33,0.4346,0.0
DB01_to_DK01#alt4,4,fwd,44,2750.0,4600.0,0.4746,0.0
DB01_to_DK01#alt4,4,fwd,45,2800.0,4600.0,0.503,0.0
DB01_to_DK01#alt4,4,fwd,46,2850.0,4600.0,0.5483,0.0
DB01_to_DK01#alt4,4,fwd,47,2900.0,4583.33,0.5903,0.0
DB01_to_DK01#alt4,4,fwd,48,2950.0,4566.67,0.7165,0.0
DB01_to_DK01#alt4,4,fwd,49,3000.0,4566.67,0.7165,0.0
DB01_to_DK01#alt4,4,fwd,50,3050.0,4583.33,0.6065,0.0
DB01_to_DK01#alt4,4,fwd,51,3100.0,4600.0,0.5903,0.0
DB01_to_DK01#alt4,4,fwd,52,3150.0,4600.0,0.5483,0.0
DB01_to_DK01#alt4,4,fwd,53,3200.0,4600.0,0.503,0.0
DB01_to_DK01#alt4,4,fwd,54,3250.0,4583.33,0.4746,0.0
DB01_to_DK01#alt4,4,fwd,55,3300.0,4583.33,0.4346,0.0
DB01_to_DK01#alt4,4,fwd,56,3350.0,4566.67,0.4346,0.0
DB01_to_DK01#alt4,4,fwd,57,3400.0,4550.0,0.3895,0.0
DB01_to_DK01#alt4,4,fwd,58,3450.0,4516.67,0.3784,0.0
DB01_to_DK01#alt4,4,fwd,59,3500.0,4500.0,0.3269,0.0
DB01_to_DK01#alt4,4,fwd,60,3550.0,4483.33,0.3485,0.0
DB01_to_DK01#alt4,4,fwd,61,3600.0,4466.67,0.4275,0.0
DB01_to_DK01#alt4,4,fwd,62,3650.0,4433.33,0.4346,0.0
DB01_to_DK01#alt4,4,fwd,63,3700.0,4416.67,0.5134,0.0
DB01_to_DK01#alt4,4,fwd,64,3750.0,4383.33,0.5134,0.0
DB01_to_DK01#alt4,4,fwd,65,3800.0,4350.0,0.5903,0.0
DB01_to_DK01#alt4,4,fwd,66,3850.0,4300.0,0.6241,0.0
DB01_to_DK01#alt4,4,fwd,67,3900.0,4250.0,0.6241,0.0
DB01_to_DK01#alt4,4,fwd,68,3950.0,4200.0,0.5903,0.0
DB01_to_DK01#alt4,4,fwd,69,4000.0,4150.0,0.5134,0.0
DB01_to_DK01#alt4,4,fwd,70,4050.0,4100.0,0.4346,0.0
DB01_to_DK01#alt4,4,fwd,71,4100.0,4050.0,0.4346,0.0
DB01_to_DK01#alt4,4,fwd,72,4133.33,4000.0,0.4346,0.0
DB01_to_DK01#alt4,4,fwd,73,4166.67,3950.0,0.4746,0.0
DB01_to_DK01#alt4,4,fwd,74,4200.0,3900.0,0.4275,0.0
DB01_to_DK01#alt4,4,fwd,75,4250.0,3850.0,0.3679,0.0
DB01_to_DK01#alt4,4,fwd,76,4300.0,3800.0,0.3114,0.0
DB01_to_DK01#alt4,4,fwd,77,4350.0,3750.0,0.2636,0.0
DB01_to_DK01#alt4,4,fwd,78,4400.0,3700.0,0.2384,0.0
DB01_to_DK01#alt4,4,fwd,79,4433.33,3650.0,0.2252,0.0
DB01_to_DK01#alt4,4,fwd,80,4466.67,3600.0,0.2407,0.0
DB01_to_DK01#alt4,4,fwd,81,4483.33,3550.0,0.2151,0.0
DB01_to_DK01#alt4,4,fwd,82,4516.67,3500.0,0.2211,0.0
DB01_to_DK01#alt4,4,fwd,83,4550.0,3450.0,0.1889,0.0
DB01_to_DK01#alt4,4,fwd,84,4600.0,3400.0,0.1599,0.0
DB01_to_DK01#alt4,4,fwd,85,4650.0,3350.0,0.1344,0.0
DB01_to_DK01#alt4,4,fwd,86,4700.0,3300.0,0.1344,0.0
DB01_to_DK01#alt4,4,fwd,87,4750.0,3250.0,0.1308,0.0
DB01_to_DK01#alt4,4,fwd,88,4800.0,3200.0,0.1239,0.0
DB01_to_DK01#alt4,4,fwd,89,4850.0,3150.0,0.1146,0.0
DB01_to_DK01#alt4,4,fwd,90,4900.0,3100.0,0.1069,0.0
DB01_to_DK01#alt4,4,fwd,91,4933.33,3050.0,0.0981,0.0
DB01_to_DK01#alt4,4,fwd,92,4950.0,3000.0,0.1036,0.0
DB01_to_DK01#alt4,4,fwd,93,4950.0,2950.0,0.1082,0.0
DB01_to_DK01#alt4,4,fwd,94,4933.33,2900.0,0.1117,0.0
DB01_to_DK01#alt4,4,fwd,95,4916.67,2850.0,0.1344,0.0
DB01_to_DK01#alt4,4,fwd,96,4900.0,2800.0,0.1353,0.0
DB01_to_DK01#alt4,4,fwd,97,4883.33,2750.0,0.1344,0.0
DB01_to_DK01#alt4,4,fwd,98,4866.67,2700.0,0.1551,0.0
DB01_to_DK01#alt4,4,fwd,99,4850.0,2650.0,0.1495,0.0
DB01_to_DK01#alt4,4,fwd,100,4850.0,2600.0,0.1422,0.0
DB01_to_DK01#alt4,4,fwd,101,4850.0,2550.0,0.1335,0.0
DB01_to_DK01#alt4,4,fwd,102,4850.0,2500.0,0.1239,0.0
DB01_to_DK01#alt4,4,fwd,103,4850.0,2450.0,0.1146,0.0
DB01_to_DK01#alt4,4,fwd,104,4850.0,2400.0,0.1069,0.0
DB01_to_DK01#alt4,4,fwd,105,4850.0,2350.0,0.1062,0.0
DB01_to_DK01#alt4,4,fwd,106,4850.0,2300.0,0.1199,0.0
DB01_to_DK01#alt4,4,fwd,107,4850.0,2250.0,0.1344,0.0
DB01_to_DK01#alt4,4,fwd,108,4850.0,2200.0,0.1517,0.0
DB01_to_DK01#alt4,4,fwd,109,4850.0,2150.0,0.17,0.0
DB01_to_DK01#alt4,4,fwd,110,4850.0,2100.0,0.1889,0.0
DB01_to_DK01#alt4,4,fwd,111,4850.0,2050.0,0.2076,0.0
DB01_to_DK01#alt4,4,fwd,112,4850.0,2000.0,0.2252,0.0
DB01_to_DK01#alt4,4,fwd,113,4850.0,1950.0,0.2407,0.0
DB01_to_DK01#alt4,4,fwd,114,4850.0,1900.0,0.253,0.0
DB01_to_DK01#alt4,4,fwd,115,4850.0,1850.0,0.2609,0.0
DB01_to_DK01#alt4,4,fwd,116,4850.0,1800.0,0.2636,0.0
DB01_to_DK01#alt4,4,fwd,117,4850.0,1750.0,0.2636,0.0
DB01_to_DK01#alt4,4,fwd,118,4850.0,1700.0,0.2609,0.0
DB01_to_DK01#alt4,4,fwd,119,4833.33,1650.0,0.253,0.0
DB01_to_DK01#alt4,4,fwd,120,4800.0,1600.0,0.281,0.0
DB01_to_DK01#alt4,4,fwd,121,4750.0,1550.0,0.3006,0.0
DB01_to_DK01#alt4,4,fwd,122,4700.0,1500.0,0.3077,0.0
DB01_to_DK01#alt4,4,fwd,123,4666.67,1450.0,0.3077,0.0
DB01_to_DK01#alt4,4,fwd,124,4650.0,1400.0,0.2721,0.0
DB01_to_DK01#alt4,4,fwd,125,4650.0,1350.0,0.2384,0.0
DB01_to_DK01#alt4,4,fwd,126,4650.0,1300.0,0.2076,0.0
DB01_to_DK01#alt4,4,fwd,127,4650.0,1250.0,0.1798,0.0
DB01_to_DK01#alt4,4,fwd,128,4650.0,1200.0,0.1551,0.0
DB01_to_DK01#alt4,4,fwd,129,4650.0,1150.0,0.1335,0.0
DB01_to_DK01#alt4,4,fwd,130,4650.0,1100.0,0.1308,0.0
DB01_to_DK01#alt4,4,fwd,131,4650.0,1050.0,0.1495,0.0
DB01_to_DK01#alt4,4,fwd,132,4650.0,1000.0,0.17,0.0
DB01_to_DK01#alt4,4,fwd,133,4650.0,950.0,0.1921,0.0
DB01_to_DK01#alt4,4,fwd,134,4650.0,900.0,0.2151,0.0
DB01_to_DK01#alt4,4,fwd,135,4650.0,850.0,0.2431,0.0
DB01_to_DK01#alt4,4,fwd,136,4650.0,800.0,0.2721,0.0
DB01_to_DK01#alt4,4,fwd,137,4650.0,750.0,0.3077,0.0
DB01_to_DK01#alt4,4,fwd,138,4650.0,700.0,0.344,0.0
DB01_to_DK01#alt4,4,fwd,139,4650.0,650.0,0.3784,0.0
DB01_to_DK01#alt4,4,fwd,140,4650.0,600.0,0.4076,0.0
DB01_to_DK01#alt4,4,fwd,141,4650.0,550.0,0.4275,0.0
DB01_to_DK01#alt4,4,fwd,142,4650.0,500.0,0.4346,0.0
DB01_to_DK01#alt4,4,fwd,143,4633.33,450.0,0.4346,0.0
DB01_to_DK01#alt4,4,fwd,144,4600.0,400.0,0.5134,0.0
DB01_to_DK01#alt4,4,fwd,145,4550.0,350.0,0.6065,0.0
DB01_to_DK01#alt4,4,fwd,146,4516.67,300.0,0.7165,0.0
DB01_to_DK01#alt4,4,fwd,147,4483.33,250.0,0.6889,0.0
DB01_to_DK01#alt4,4,fwd,148,4450.0,200.0,0.6889,0.0
DB01_to_DK01#alt4,4,fwd,149,4400.0,150.0,0.6889,0.0
DB01_to_DK01#alt4,4,fwd,150,4350.0,150.0,0.7165,0.0
DB01_to_DK01#alt4,4,fwd,151,4300.0,150.0,0.7165,0.0
DB01_to_DK01#alt4,4,fwd,152,4250.0,150.0,0.7165,0.0
DB01_to_DK01#alt4,4,fwd,153,4200.0,150.0,0.7165,0.0
DB01_to_DK01#alt4,4,fwd,154,4150.0,150.0,0.7165,0.0
DB01_to_DK01#alt4,4,fwd,155,4100.0,150.0,0.6889,0.0
DB01_to_DK01#alt4,4,fwd,156,4050.0,150.0,0.6241,0.0
DB01_to_DK01#alt4,4,fwd,157,4000.0,150.0,0.5483,0.0
DB01_to_DK01#alt4,4,fwd,158,3950.0,150.0,0.4931,0.0
DB01_to_DK01#alt4,4,fwd,159,3900.0,133.33,0.4346,0.0
DB01_to_DK01#alt4,4,fwd,160,3850.0,116.67,0.344,0.0
DB01_to_DK01#alt4,4,fwd,161,3800.0,100.0,0.3895,0.0
DB01_to_DK01#alt4,4,fwd,162,3750.0,116.67,0.4346,0.0
DB01_to_DK01#alt4,4,fwd,163,3700.0,150.0,0.5483,0.0
DB01_to_DK01#alt4,4,fwd,164,3650.0,183.33,0.6889,0.0
DB01_to_DK01#alt4,4,fwd,165,3600.0,200.0,0.7165,0.0
DB01_to_DK01#alt4,4,fwd,166,3550.0,200.0,0.7165,0.0
DB01_to_DK01#alt4,4,fwd,167,3500.0,200.0,0.7165,0.0
DB01_to_DK01#alt4,4,fwd,168,3450.0,200.0,0.7165,0.0
DB01_to_DK01#alt4,4,fwd,169,3400.0,200.0,0.7165,0.0
DB01_to_DK01#alt4,4,fwd,170,3350.0,200.0,0.7165,0.0
DB01_to_DK01#alt4,4,fwd,171,3300.0,200.0,0.7165,0.0
DB01_to_DK01#alt4,4,fwd,172,3250.0,200.0,0.7165,0.0
DB01_to_DK01#alt4,4,fwd,173,3200.0,216.67,0.6889,0.0
DB01_to_DK01#alt4,4,fwd,174,3150.0,233.33,0.6889,0.0
DB01_to_DK01#alt4,4,fwd,175,3100.0,250.0,0.5903,0.0
DB01_to_DK01#alt4,4,fwd,176,3050.0,233.33,0.503,0.0
DB01_to_DK01#alt4,4,fwd,177,3000.0,216.67,0.4076,0.0
DB01_to_DK01#alt4,4,fwd,178,2950.0,216.67,0.3485,0.0
DB01_to_DK01#alt4,4,fwd,179,2900.0,216.67,0.2972,0.0
DB01_to_DK01#alt4,4,fwd,180,2850.0,216.67,0.253,0.0
DB01_to_DK01#alt4,4,fwd,181,2800.0,200.0,0.2151,0.0
DB01_to_DK01#alt4,4,fwd,182,2750.0,200.0,0.1827,0.0
DB01_to_DK01#alt4,4,fwd,183,2700.0,200.0,0.1551,0.0
DB01_to_DK01#alt4,4,fwd,184,2650.0,216.67,0.1317,0.0
DB01_to_DK01#alt4,4,fwd,185,2600.0,250.0,0.1138,0.0
DB01_to_DK01#alt4,4,fwd,186,2550.0,283.33,0.097,0.0
DB01_to_DK01#alt4,4,fwd,187,2500.0,300.0,0.0821,0.0
DB01_to_DK01#alt4,4,fwd,188,2450.0,283.33,0.0695,0.0
DB01_to_DK01#alt4,4,fwd,189,2400.0,250.0,0.0585,0.0
DB01_to_DK01#alt4,4,fwd,190,2350.0,233.33,0.0496,0.0
DB01_to_DK01#alt4,4,fwd,191,2300.0,250.0,0.042,0.0
DB01_to_DK01#alt4,4,fwd,192,2250.0,266.67,0.0355,0.0
DB01_to_DK01#alt4,4,fwd,193,2200.0,266.67,0.0301,0.0
DB01_to_DK01#alt4,4,fwd,194,2150.0,250.0,0.0255,0.0
DB01_to_DK01#alt4,4,fwd,195,2100.0,250.0,0.0216,0.0
DB01_to_DK01#alt4,4,fwd,196,2050.0,250.0,0.0183,0.0
DB01_to_DK01#alt4,4,fwd,197,2000.0,250.0,0.0155,0.0
DB01_to_DK01#alt4,4,fwd,198,1950.0,266.67,0.0148,0.0
DB01_to_DK01#alt4,4,fwd,199,1900.0,300.0,0.0182,0.0
DB01_to_DK01#alt4,4,fwd,200,1850.0,350.0,0.0224,0.0
DB01_to_DK01#alt4,4,fwd,201,1800.0,400.0,0.0274,0.0
DB01_to_DK01#alt4,4,fwd,202,1750.0,450.0,0.0334,0.0
DB01_to_DK01#alt4,4,fwd,203,1700.0,500.0,0.0405,0.0
DB01_to_DK01#alt4,4,fwd,204,1650.0,516.67,0.0478,0.0
DB01_to_DK01#alt4,4,fwd,205,1600.0,516.67,0.0563,0.0
DB01_to_DK01#alt4,4,fwd,206,1550.0,500.0,0.0663,0.0
DB01_to_DK01#alt4,4,fwd,207,1500.0,516.67,0.0781,0.0
DB01_to_DK01#alt4,4,fwd,208,1450.0,533.33,0.0947,0.0
DB01_to_DK01#alt4,4,fwd,209,1400.0,550.0,0.1117,0.0
DB01_to_DK01#alt4,4,fwd,210,1350.0,550.0,0.1317,0.0
DB01_to_DK01#alt4,4,fwd,211,1300.0,550.0,0.1551,0.0
DB01_to_DK01#alt4,4,fwd,212,1250.0,550.0,0.1827,0.0
DB01_to_DK01#alt4,4,fwd,213,1200.0,550.0,0.2151,0.0
DK01_to_DB01#alt4,4,bwd,0,1200.0,550.0,0.2151,0.0
DK01_to_DB01#alt4,4,bwd,1,1250.0,500.0,0.1755,0.0
DK01_to_DB01#alt4,4,bwd,2,1300.0,450.0,0.1422,0.0
DK01_to_DB01#alt4,4,bwd,3,1350.0,400.0,0.1146,0.0
DK01_to_DB01#alt4,4,bwd,4,1400.0,350.0,0.092,0.0
DK01_to_DB01#alt4,4,bwd,5,1450.0,300.0,0.0736,0.0
DK01_to_DB01#alt4,4,bwd,6,1500.0,250.0,0.0588,0.0
DK01_to_DB01#alt4,4,bwd,7,1550.0,200.0,0.0469,0.0
DK01_to_DB01#alt4,4,bwd,8,1600.0,150.0,0.0374,0.0
DK01_to_DB01#alt4,4,bwd,9,1650.0,100.0,0.0297,0.0
DK01_to_DB01#alt4,4,bwd,10,1700.0,66.67,0.0236,0.0
DK01_to_DB01#alt4,4,bwd,11,1750.0,50.0,0.0205,0.0
DK01_to_DB01#alt4,4,bwd,12,1800.0,50.0,0.0178,0.0
DK01_to_DB01#alt4,4,bwd,13,1850.0,50.0,0.0153,0.0
DK01_to_DB01#alt4,4,bwd,14,1900.0,50.0,0.0133,0.0
DK01_to_DB01#alt4,4,bwd,15,1950.0,50.0,0.0121,0.0
DK01_to_DB01#alt4,4,bwd,16,2000.0,50.0,0.0143,0.0
DK01_to_DB01#alt4,4,bwd,17,2050.0,50.0,0.0168,0.0
DK01_to_DB01#alt4,4,bwd,18,2100.0,50.0,0.0198,0.0
DK01_to_DB01#alt4,4,bwd,19,2150.0,50.0,0.0233,0.0
DK01_to_DB01#alt4,4,bwd,20,2200.0,50.0,0.0274,0.0
DK01_to_DB01#alt4,4,bwd,21,2250.0,50.0,0.0322,0.0
DK01_to_DB01#alt4,4,bwd,22,2300.0,50.0,0.0378,0.0
DK01_to_DB01#alt4,4,bwd,23,2350.0,50.0,0.0444,0.0
DK01_to_DB01#alt4,4,bwd,24,2400.0,50.0,0.0522,0.0
DK01_to_DB01#alt4,4,bwd,25,2450.0,50.0,0.0612,0.0
DK01_to_DB01#alt4,4,bwd,26,2500.0,50.0,0.0717,0.0
DK01_to_DB01#alt4,4,bwd,27,2550.0,50.0,0.0839,0.0
DK01_to_DB01#alt4,4,bwd,28,2600.0,50.0,0.0981,0.0
DK01_to_DB01#alt4,4,bwd,29,2650.0,50.0,0.1146,0.0
DK01_to_DB01#alt4,4,bwd,30,2700.0,50.0,0.1335,0.0
DK01_to_DB01#alt4,4,bwd,31,2750.0,50.0,0.1551,0.0
DK01_to_DB01#alt4,4,bwd,32,2800.0,50.0,0.1798,0.0
DK01_to_DB01#alt4,4,bwd,33,2850.0,50.0,0.2076,0.0
DK01_to_DB01#alt4,4,bwd,34,2900.0,50.0,0.2384,0.0
DK01_to_DB01#alt4,4,bwd,35,2950.0,50.0,0.2721,0.0
DK01_to_DB01#alt4,4,bwd,36,3000.0,50.0,0.3077,0.0
DK01_to_DB01#alt4,4,bwd,37,3050.0,50.0,0.344,0.0
DK01_to_DB01#alt4,4,bwd,38,3100.0,50.0,0.3784,0.0
DK01_to_DB01#alt4,4,bwd,39,3150.0,50.0,0.4076,0.0
DK01_to_DB01#alt4,4,bwd,40,3200.0,50.0,0.4275,0.0
DK01_to_DB01#alt4,4,bwd,41,3250.0,50.0,0.4346,0.0
DK01_to_DB01#alt4,4,bwd,42,3300.0,50.0,0.4346,0.0
DK01_to_DB01#alt4,4,bwd,43,3350.0,66.67,0.4346,0.0
DK01_to_DB01#alt4,4,bwd,44,3400.0,83.33,0.5134,0.0
DK01_to_DB01#alt4,4,bwd,45,3450.0,83.33,0.5134,0.0
DK01_to_DB01#alt4,4,bwd,46,3500.0,66.67,0.4346,0.0
DK01_to_DB01#alt4,4,bwd,47,3550.0,50.0,0.4346,0.0
DK01_to_DB01#alt4,4,bwd,48,3600.0,50.0,0.4346,0.0
DK01_to_DB01#alt4,4,bwd,49,3650.0,50.0,0.4275,0.0
DK01_to_DB01#alt4,4,bwd,50,3700.0,50.0,0.4076,0.0
DK01_to_DB01#alt4,4,bwd,51,3750.0,50.0,0.3784,0.0
DK01_to_DB01#alt4,4,bwd,52,3800.0,50.0,0.344,0.0
DK01_to_DB01#alt4,4,bwd,53,3850.0,50.0,0.3077,0.0
DK01_to_DB01#alt4,4,bwd,54,3900.0,50.0,0.344,0.0
DK01_to_DB01#alt4,4,bwd,55,3950.0,50.0,0.3895,0.0
DK01_to_DB01#alt4,4,bwd,56,4000.0,50.0,0.4346,0.0
DK01_to_DB01#alt4,4,bwd,57,4050.0,50.0,0.4746,0.0
DK01_to_DB01#alt4,4,bwd,58,4100.0,50.0,0.503,0.0
DK01_to_DB01#alt4,4,bwd,59,4150.0,50.0,0.5134,0.0
DK01_to_DB01#alt4,4,bwd,60,4200.0,50.0,0.5134,0.0
DK01_to_DB01#alt4,4,bwd,61,4250.0,50.0,0.5134,0.0
DK01_to_DB01#alt4,4,bwd,62,4300.0,50.0,0.5134,0.0
DK01_to_DB01#alt4,4,bwd,63,4350.0,50.0,0.5134,0.0
DK01_to_DB01#alt4,4,bwd,64,4400.0,50.0,0.503,0.0
DK01_to_DB01#alt4,4,bwd,65,4450.0,66.67,0.4746,0.0
DK01_to_DB01#alt4,4,bwd,66,4500.0,100.0,0.4931,0.0
DK01_to_DB01#alt4,4,bwd,67,4550.0,150.0,0.4931,0.0
DK01_to_DB01#alt4,4,bwd,68,4600.0,200.0,0.4746,0.0
DK01_to_DB01#alt4,4,bwd,69,4650.0,250.0,0.4275,0.0
DK01_to_DB01#alt4,4,bwd,70,4700.0,300.0,0.3679,0.0
DK01_to_DB01#alt4,4,bwd,71,4733.33,350.0,0.3114,0.0
DK01_to_DB01#alt4,4,bwd,72,4766.67,400.0,0.3114,0.0
DK01_to_DB01#alt4,4,bwd,73,4800.0,450.0,0.2636,0.0
DK01_to_DB01#alt4,4,bwd,74,4850.0,500.0,0.2231,0.0
DK01_to_DB01#alt4,4,bwd,75,4900.0,550.0,0.1873,0.0
DK01_to_DB01#alt4,4,bwd,76,4933.33,600.0,0.1551,0.0
DK01_to_DB01#alt4,4,bwd,77,4950.0,650.0,0.1495,0.0
DK01_to_DB01#alt4,4,bwd,78,4950.0,700.0,0.1422,0.0
DK01_to_DB01#alt4,4,bwd,79,4950.0,750.0,0.1335,0.0
DK01_to_DB01#alt4,4,bwd,80,4950.0,800.0,0.1239,0.0
DK01_to_DB01#alt4,4,bwd,81,4950.0,850.0,0.1138,0.0
DK01_to_DB01#alt4,4,bwd,82,4950.0,900.0,0.1036,0.0
DK01_to_DB01#alt4,4,bwd,83,4950.0,950.0,0.0936,0.0
DK01_to_DB01#alt4,4,bwd,84,4950.0,1000.0,0.0839,0.0
DK01_to_DB01#alt4,4,bwd,85,4950.0,1050.0,0.0748,0.0
DK01_to_DB01#alt4,4,bwd,86,4950.0,1100.0,0.0663,0.0
DK01_to_DB01#alt4,4,bwd,87,4950.0,1150.0,0.0748,0.0
DK01_to_DB01#alt4,4,bwd,88,4950.0,1200.0,0.0839,0.0
DK01_to_DB01#alt4,4,bwd,89,4950.0,1250.0,0.0947,0.0
DK01_to_DB01#alt4,4,bwd,90,4950.0,1300.0,0.1062,0.0
DK01_to_DB01#alt4,4,bwd,91,4950.0,1350.0,0.1183,0.0
DK01_to_DB01#alt4,4,bwd,92,4950.0,1400.0,0.1308,0.0
DK01_to_DB01#alt4,4,bwd,93,4950.0,1450.0,0.1432,0.0
DK01_to_DB01#alt4,4,bwd,94,4950.0,1500.0,0.1551,0.0
DK01_to_DB01#alt4,4,bwd,95,4950.0,1550.0,0.1661,0.0
DK01_to_DB01#alt4,4,bwd,96,4950.0,1600.0,0.1755,0.0
DK01_to_DB01#alt4,4,bwd,97,4950.0,1650.0,0.1827,0.0
DK01_to_DB01#alt4,4,bwd,98,4950.0,1700.0,0.1873,0.0
DK01_to_DB01#alt4,4,bwd,99,4950.0,1750.0,0.1889,0.0
DK01_to_DB01#alt4,4,bwd,100,4950.0,1800.0,0.1889,0.0
DK01_to_DB01#alt4,4,bwd,101,4950.0,1850.0,0.1873,0.0
DK01_to_DB01#alt4,4,bwd,102,4950.0,1900.0,0.1827,0.0
DK01_to_DB01#alt4,4,bwd,103,4950.0,1950.0,0.1755,0.0
DK01_to_DB01#alt4,4,bwd,104,4950.0,2000.0,0.1661,0.0
DK01_to_DB01#alt4,4,bwd,105,4950.0,2050.0,0.1551,0.0
DK01_to_DB01#alt4,4,bwd,106,4950.0,2100.0,0.1432,0.0
DK01_to_DB01#alt4,4,bwd,107,4950.0,2150.0,0.1308,0.0
DK01_to_DB01#alt4,4,bwd,108,4950.0,2200.0,0.1183,0.0
DK01_to_DB01#alt4,4,bwd,109,4950.0,2250.0,0.1062,0.0
DK01_to_DB01#alt4,4,bwd,110,4950.0,2300.0,0.0947,0.0
DK01_to_DB01#alt4,4,bwd,111,4950.0,2350.0,0.0839,0.0
DK01_to_DB01#alt4,4,bwd,112,4950.0,2400.0,0.079,0.0
DK01_to_DB01#alt4,4,bwd,113,4950.0,2450.0,0.0854,0.0
DK01_to_DB01#alt4,4,bwd,114,4950.0,2500.0,0.092,0.0
DK01_to_DB01#alt4,4,bwd,115,4950.0,2550.0,0.0981,0.0
DK01_to_DB01#alt4,4,bwd,116,4950.0,2600.0,0.1036,0.0
DK01_to_DB01#alt4,4,bwd,117,4950.0,2650.0,0.1082,0.0
DK01_to_DB01#alt4,4,bwd,118,4950.0,2700.0,0.1117,0.0
DK01_to_DB01#alt4,4,bwd,119,4950.0,2750.0,0.1138,0.0
DK01_to_DB01#alt4,4,bwd,120,4950.0,2800.0,0.1146,0.0
DK01_to_DB01#alt4,4,bwd,121,4950.0,2850.0,0.1138,0.0
DK01_to_DB01#alt4,4,bwd,122,4950.0,2900.0,0.1117,0.0
DK01_to_DB01#alt4,4,bwd,123,4950.0,2950.0,0.1082,0.0
DK01_to_DB01#alt4,4,bwd,124,4950.0,3000.0,0.1036,0.0
DK01_to_DB01#alt4,4,bwd,125,4950.0,3050.0,0.0981,0.0
DK01_to_DB01#alt4,4,bwd,126,4950.0,3100.0,0.092,0.0
DK01_to_DB01#alt4,4,bwd,127,4950.0,3150.0,0.0854,0.0
DK01_to_DB01#alt4,4,bwd,128,4950.0,3200.0,0.079,0.0
DK01_to_DB01#alt4,4,bwd,129,4950.0,3250.0,0.0736,0.0
DK01_to_DB01#alt4,4,bwd,130,4950.0,3300.0,0.0681,0.0
DK01_to_DB01#alt4,4,bwd,131,4950.0,3350.0,0.0624,0.0
DK01_to_DB01#alt4,4,bwd,132,4950.0,3400.0,0.0568,0.0
DK01_to_DB01#alt4,4,bwd,133,4950.0,3450.0,0.0514,0.0
DK01_to_DB01#alt4,4,bwd,134,4950.0,3500.0,0.0496,0.0
DK01_to_DB01#alt4,4,bwd,135,4950.0,3550.0,0.0489,0.0
DK01_to_DB01#alt4,4,bwd,136,4950.0,3600.0,0.0478,0.0
DK01_to_DB01#alt4,4,bwd,137,4950.0,3650.0,0.0463,0.0
DK01_to_DB01#alt4,4,bwd,138,4950.0,3700.0,0.0444,0.0
DK01_to_DB01#alt4,4,bwd,139,4950.0,3750.0,0.0423,0.0
DK01_to_DB01#alt4,4,bwd,140,4950.0,3800.0,0.04,0.0
DK01_to_DB01#alt4,4,bwd,141,4950.0,3850.0,0.0375,0.0
DK01_to_DB01#alt4,4,bwd,142,4933.33,3900.0,0.0355,0.0
DK01_to_DB01#alt4,4,bwd,143,4916.67,3950.0,0.0414,0.0
DK01_to_DB01#alt4,4,bwd,144,4900.0,4000.0,0.0405,0.0
DK01_to_DB01#alt4,4,bwd,145,4900.0,4050.0,0.0393,0.0
DK01_to_DB01#alt4,4,bwd,146,4883.33,4100.0,0.0378,0.0
DK01_to_DB01#alt4,4,bwd,147,4850.0,4150.0,0.0423,0.0
DK01_to_DB01#alt4,4,bwd,148,4800.0,4200.0,0.0467,0.0
DK01_to_DB01#alt4,4,bwd,149,4750.0,4250.0,0.0507,0.0
DK01_to_DB01#alt4,4,bwd,150,4700.0,4300.0,0.0624,0.0
DK01_to_DB01#alt4,4,bwd,151,4650.0,4333.33,0.0785,0.0
DK01_to_DB01#alt4,4,bwd,152,4600.0,4366.67,0.0904,0.0
DK01_to_DB01#alt4,4,bwd,153,4550.0,4400.0,0.1138,0.0
DK01_to_DB01#alt4,4,bwd,154,4500.0,4450.0,0.1432,0.0
DK01_to_DB01#alt4,4,bwd,155,4450.0,4500.0,0.1798,0.0
DK01_to_DB01#alt4,4,bwd,156,4400.0,4550.0,0.2252,0.0
DK01_to_DB01#alt4,4,bwd,157,4350.0,4600.0,0.281,0.0
DK01_to_DB01#alt4,4,bwd,158,4300.0,4633.33,0.3485,0.0
DK01_to_DB01#alt4,4,bwd,159,4250.0,4650.0,0.4076,0.0
DK01_to_DB01#alt4,4,bwd,160,4200.0,4650.0,0.4746,0.0
DK01_to_DB01#alt4,4,bwd,161,4150.0,4650.0,0.5483,0.0
DK01_to_DB01#alt4,4,bwd,162,4100.0,4650.0,0.6241,0.0
DK01_to_DB01#alt4,4,bwd,163,4050.0,4650.0,0.6889,0.0
DK01_to_DB01#alt4,4,bwd,164,4000.0,4650.0,0.7165,0.0
DK01_to_DB01#alt4,4,bwd,165,3950.0,4650.0,0.7165,0.0
DK01_to_DB01#alt4,4,bwd,166,3900.0,4650.0,0.6889,0.0
DK01_to_DB01#alt4,4,bwd,167,3850.0,4700.0,0.6889,0.0
DK01_to_DB01#alt4,4,bwd,168,3833.33,4750.0,0.7165,0.0
DK01_to_DB01#alt4,4,bwd,169,3800.0,4800.0,0.6065,0.0
DK01_to_DB01#alt4,4,bwd,170,3750.0,4833.33,0.503,0.0
DK01_to_DB01#alt4,4,bwd,171,3700.0,4850.0,0.4275,0.0
DK01_to_DB01#alt4,4,bwd,172,3650.0,4850.0,0.3628,0.0
DK01_to_DB01#alt4,4,bwd,173,3600.0,4866.67,0.3077,0.0
DK01_to_DB01#alt4,4,bwd,174,3550.0,4900.0,0.253,0.0
DK01_to_DB01#alt4,4,bwd,175,3500.0,4933.33,0.2057,0.0
DK01_to_DB01#alt4,4,bwd,176,3450.0,4950.0,0.1755,0.0
DK01_to_DB01#alt4,4,bwd,177,3400.0,4950.0,0.1495,0.0
DK01_to_DB01#alt4,4,bwd,178,3350.0,4950.0,0.1432,0.0
DK01_to_DB01#alt4,4,bwd,179,3300.0,4950.0,0.1551,0.0
DK01_to_DB01#alt4,4,bwd,180,3250.0,4950.0,0.1661,0.0
DK01_to_DB01#alt4,4,bwd,181,3200.0,4950.0,0.1755,0.0
DK01_to_DB01#alt4,4,bwd,182,3150.0,4950.0,0.1827,0.0
DK01_to_DB01#alt4,4,bwd,183,3100.0,4950.0,0.1873,0.0
DK01_to_DB01#alt4,4,bwd,184,3050.0,4950.0,0.1889,0.0
DK01_to_DB01#alt4,4,bwd,185,3000.0,4950.0,0.1889,0.0
DK01_to_DB01#alt4,4,bwd,186,2950.0,4950.0,0.1889,0.0
DK01_to_DB01#alt4,4,bwd,187,2900.0,4950.0,0.1873,0.0
DK01_to_DB01#alt4,4,bwd,188,2850.0,4950.0,0.1827,0.0
DK01_to_DB01#alt4,4,bwd,189,2800.0,4950.0,0.1755,0.0
DK01_to_DB01#alt4,4,bwd,190,2750.0,4950.0,0.1661,0.0
DK01_to_DB01#alt4,4,bwd,191,2700.0,4950.0,0.1661,0.0
DK01_to_DB01#alt4,4,bwd,192,2650.0,4950.0,0.1937,0.0
DK01_to_DB01#alt4,4,bwd,193,2600.0,4950.0,0.2252,0.0
DK01_to_DB01#alt4,4,bwd,194,2550.0,4950.0,0.2609,0.0
DK01_to_DB01#alt4,4,bwd,195,2500.0,4950.0,0.3006,0.0
DK01_to_DB01#alt4,4,bwd,196,2450.0,4950.0,0.344,0.0
DK01_to_DB01#alt4,4,bwd,197,2400.0,4950.0,0.3895,0.0
DK01_to_DB01#alt4,4,bwd,198,2350.0,4950.0,0.4346,0.0
DK01_to_DB01#alt4,4,bwd,199,2300.0,4950.0,0.4931,0.0
DK01_to_DB01#alt4,4,bwd,200,2250.0,4950.0,0.5483,0.0
DK01_to_DB01#alt4,4,bwd,201,2200.0,4950.0,0.5903,0.0
DK01_to_DB01#alt4,4,bwd,202,2150.0,4950.0,0.6241,0.0
DK01_to_DB01#alt4,4,bwd,203,2100.0,4950.0,0.6889,0.0
DK01_to_DB01#alt4,4,bwd,204,2050.0,4950.0,0.7165,0.0
DK01_to_DB01#alt4,4,bwd,205,2000.0,4950.0,0.7165,0.0
DK01_to_DB01#alt4,4,bwd,206,1950.0,4933.33,0.6889,0.0
DK01_to_DB01#alt4,4,bwd,207,1900.0,4900.0,0.6889,0.0
DK01_to_DB01#alt4,4,bwd,208,1850.0,4866.67,0.6889,0.0
DK01_to_DB01#alt4,4,bwd,209,1800.0,4850.0,0.6241,0.0
DK01_to_DB01#alt4,4,bwd,210,1750.0,4850.0,0.5483,0.0
DK01_to_DB01#alt4,4,bwd,211,1700.0,4850.0,0.4931,0.0
DK01_to_DB01#alt4,4,bwd,212,1650.0,4866.67,0.4346,0.0
DK01_to_DB01#alt4,4,bwd,213,1600.0,4900.0,0.344,0.0
DK01_to_DB01#alt4,4,bwd,214,1550.0,4933.33,0.2721,0.0
DK01_to_DB01#alt4,4,bwd,215,1500.0,4950.0,0.2384,0.0
DK01_to_DB01#alt4,4,bwd,216,1450.0,4950.0,0.2076,0.0
DK01_to_DB01#alt4,4,bwd,217,1400.0,4950.0,0.1889,0.0
DK01_to_DB01#alt4,4,bwd,218,1350.0,4950.0,0.1889,0.0
DK01_to_DB01#alt4,4,bwd,219,1300.0,4950.0,0.1889,0.0
DK01_to_DB01#alt4,4,bwd,220,1250.0,4933.33,0.1889,0.0
DK01_to_DB01#alt4,4,bwd,221,1200.0,4900.0,0.2211,0.0
DK01_to_DB01#alt4,4,bwd,222,1150.0,4850.0,0.253,0.0
DK01_to_DB01#alt4,4,bwd,223,1100.0,4800.0,0.281,0.0
DK01_to_DB01#alt4,4,bwd,224,1066.67,4750.0,0.3006,0.0
DK01_to_DB01#alt4,4,bwd,225,1050.0,4700.0,0.344,0.0
DK01_to_DB01#alt4,4,bwd,226,1050.0,4650.0,0.3895,0.0
DK01_to_DB01#alt4,4,bwd,227,1050.0,4600.0,0.4346,0.0
DK01_to_DB01#alt4,4,bwd,228,1050.0,4550.0,0.4746,0.0
DK01_to_DB01#alt4,4,bwd,229,1050.0,4500.0,0.5483,0.0
DK01_to_DB01#alt4,4,bwd,230,1050.0,4450.0,0.6241,0.0
DK01_to_DB01#alt4,4,bwd,231,1050.0,4400.0,0.6889,0.0
DK01_to_DB01#alt4,4,bwd,232,1050.0,4350.0,0.7165,0.0
DK01_to_DB01#alt4,4,bwd,233,1050.0,4300.0,0.7165,0.0
DK01_to_DB01#alt4,4,bwd,234,1033.33,4250.0,0.6889,0.0
DK01_to_DB01#alt4,4,bwd,235,1016.67,4200.0,0.6889,0.0
DK01_to_DB01#alt4,4,bwd,236,1000.0,4150.0,0.6241,0.0
DK01_to_DB01#alt4,4,bwd,237,1000.0,4100.0,0.5483,0.0
DK01_to_DB01#alt4,4,bwd,238,1000.0,4050.0,0.4746,0.0
DK01_to_DB01#alt4,4,bwd,239,1000.0,4000.0,0.5483,0.0
DK01_to_DB01#alt4,4,bwd,240,1000.0,3950.0,0.6241,0.0
DK01_to_DB01#alt4,4,bwd,241,1000.0,3900.0,0.7165,0.0
DB01_to_DK01#alt5,5,fwd,0,1000.0,3900.0,0.7165,0.0
DB01_to_DK01#alt5,5,fwd,1,1050.0,3950.0,0.6889,0.0
DB01_to_DK01#alt5,5,fwd,2,1100.0,3983.33,0.6065,0.0
DB01_to_DK01#alt5,5,fwd,3,1150.0,4016.67,0.6241,0.0
DB01_to_DK01#alt5,5,fwd,4,1200.0,4016.67,0.6889,0.0
DB01_to_DK01#alt5,5,fwd,5,1250.0,4016.67,0.7165,0.0
DB01_to_DK01#alt5,5,fwd,6,1300.0,3983.33,0.6889,0.0
DB01_to_DK01#alt5,5,fwd,7,1350.0,3966.67,0.7165,0.0
DB01_to_DK01#alt5,5,fwd,8,1400.0,3950.0,0.7165,0.0
DB01_to_DK01#alt5,5,fwd,9,1450.0,3933.33,0.6889,0.0
DB01_to_DK01#alt5,5,fwd,10,1500.0,3916.67,0.7165,0.0
DB01_to_DK01#alt5,5,fwd,11,1550.0,3900.0,0.6889,0.0
DB01_to_DK01#alt5,5,fwd,12,1600.0,3900.0,0.6889,0.0
DB01_to_DK01#alt5,5,fwd,13,1650.0,3900.0,0.7165,0.0
DB01_to_DK01#alt5,5,fwd,14,1700.0,3900.0,0.7165,0.0
DB01_to_DK01#alt5,5,fwd,15,1750.0,3900.0,0.7165,0.0
DB01_to_DK01#alt5,5,fwd,16,1800.0,3916.67,0.6889,0.0
DB01_to_DK01#alt5,5,fwd,17,1850.0,3933.33,0.7165,0.0
DB01_to_DK01#alt5,5,fwd,18,1900.0,3950.0,0.6889,0.0
DB01_to_DK01#alt5,5,fwd,19,1950.0,4000.0,0.6889,0.0
DB01_to_DK01#alt5,5,fwd,20,2000.0,4050.0,0.6889,0.0
DB01_to_DK01#alt5,5,fwd,21,2050.0,4100.0,0.6065,0.0
DB01_to_DK01#alt5,5,fwd,22,2100.0,4133.33,0.5134,0.0
DB01_to_DK01#alt5,5,fwd,23,2150.0,4150.0,0.4346,0.0
DB01_to_DK01#alt5,5,fwd,24,2200.0,4150.0,0.3679,0.0
DB01_to_DK01#alt5,5,fwd,25,2250.0,4166.67,0.3269,0.0
DB01_to_DK01#alt5,5,fwd,26,2300.0,4183.33,0.3006,0.0
DB01_to_DK01#alt5,5,fwd,27,2350.0,4200.0,0.3077,0.0
DB01_to_DK01#alt5,5,fwd,28,2400.0,4200.0,0.3114,0.0
DB01_to_DK01#alt5,5,fwd,29,2450.0,4183.33,0.3679,0.0
DB01_to_DK01#alt5,5,fwd,30,2500.0,4150.0,0.4346,0.0
DB01_to_DK01#alt5,5,fwd,31,2550.0,4100.0,0.503,0.0
DB01_to_DK01#alt5,5,fwd,32,2600.0,4050.0,0.5483,0.0
DB01_to_DK01#alt5,5,fwd,33,2650.0,4000.0,0.5903,0.0
DB01_to_DK01#alt5,5,fwd,34,2683.33,3950.0,0.6241,0.0
DB01_to_DK01#alt5,5,fwd,35,2700.0,3900.0,0.5483,0.0
DB01_to_DK01#alt5,5,fwd,36,2700.0,3850.0,0.5134,0.0
DB01_to_DK01#alt5,5,fwd,37,2700.0,3800.0,0.5134,0.0
DB01_to_DK01#alt5,5,fwd,38,2700.0,3750.0,0.5134,0.0
DB01_to_DK01#alt5,5,fwd,39,2700.0,3700.0,0.503,0.0
DB01_to_DK01#alt5,5,fwd,40,2700.0,3650.0,0.4746,0.0
DB01_to_DK01#alt5,5,fwd,41,2700.0,3600.0,0.4746,0.0
DB01_to_DK01#alt5,5,fwd,42,2700.0,3550.0,0.503,0.0
DB01_to_DK01#alt5,5,fwd,43,2716.67,3500.0,0.5134,0.0
DB01_to_DK01#alt5,5,fwd,44,2750.0,3450.0,0.6065,0.0
DB01_to_DK01#alt5,5,fwd,45,2783.33,3400.0,0.7165,0.0
DB01_to_DK01#alt5,5,fwd,46,2800.0,3350.0,0.7165,0.0
DB01_to_DK01#alt5,5,fwd,47,2800.0,3300.0,0.6889,0.0
DB01_to_DK01#alt5,5,fwd,48,2850.0,3250.0,0.6889,0.0
DB01_to_DK01#alt5,5,fwd,49,2900.0,3200.0,0.6889,0.0
DB01_to_DK01#alt5,5,fwd,50,2950.0,3150.0,0.6065,0.0
DB01_to_DK01#alt5,5,fwd,51,3000.0,3100.0,0.6065,0.0
DB01_to_DK01#alt5,5,fwd,52,3050.0,3050.0,0.6889,0.0
DB01_to_DK01#alt5,5,fwd,53,3100.0,3000.0,0.6889,0.0
DB01_to_DK01#alt5,5,fwd,54,3150.0,2950.0,0.6889,0.0
DB01_to_DK01#alt5,5,fwd,55,3200.0,2900.0,0.6889,0.0
DB01_to_DK01#alt5,5,fwd,56,3250.0,2900.0,0.7165,0.0
DB01_to_DK01#alt5,5,fwd,57,3300.0,2900.0,0.7165,0.0
DB01_to_DK01#alt5,5,fwd,58,3350.0,2900.0,0.7165,0.0
DB01_to_DK01#alt5,5,fwd,59,3400.0,2900.0,0.7165,0.0
DB01_to_DK01#alt5,5,fwd,60,3450.0,2900.0,0.7165,0.0
DB01_to_DK01#alt5,5,fwd,61,3500.0,2883.33,0.7165,0.0
DB01_to_DK01#alt5,5,fwd,62,3550.0,2850.0,0.5903,0.0
DB01_to_DK01#alt5,5,fwd,63,3600.0,2800.0,0.4746,0.0
DB01_to_DK01#alt5,5,fwd,64,3650.0,2750.0,0.3784,0.0
DB01_to_DK01#alt5,5,fwd,65,3700.0,2700.0,0.4076,0.0
DB01_to_DK01#alt5,5,fwd,66,3750.0,2650.0,0.4346,0.0
DB01_to_DK01#alt5,5,fwd,67,3783.33,2600.0,0.4746,0.0
DB01_to_DK01#alt5,5,fwd,68,3800.0,2550.0,0.4346,0.0
DB01_to_DK01#alt5,5,fwd,69,3800.0,2500.0,0.3895,0.0
DB01_to_DK01#alt5,5,fwd,70,3800.0,2450.0,0.344,0.0
DB01_to_DK01#alt5,5,fwd,71,3800.0,2400.0,0.3077,0.0
DB01_to_DK01#alt5,5,fwd,72,3800.0,2350.0,0.2721,0.0
DB01_to_DK01#alt5,5,fwd,73,3800.0,2300.0,0.2384,0.0
DB01_to_DK01#alt5,5,fwd,74,3800.0,2250.0,0.2076,0.0
DB01_to_DK01#alt5,5,fwd,75,3800.0,2200.0,0.1798,0.0
DB01_to_DK01#alt5,5,fwd,76,3800.0,2150.0,0.1551,0.0
DB01_to_DK01#alt5,5,fwd,77,3816.67,2100.0,0.1648,0.0
DB01_to_DK01#alt5,5,fwd,78,3850.0,2050.0,0.2076,0.0
DB01_to_DK01#alt5,5,fwd,79,3900.0,2000.0,0.2609,0.0
DB01_to_DK01#alt5,5,fwd,80,3916.67,1950.0,0.281,0.0
DB01_to_DK01#alt5,5,fwd,81,3900.0,1900.0,0.2972,0.0
DB01_to_DK01#alt5,5,fwd,82,3883.33,1850.0,0.3077,0.0
DB01_to_DK01#alt5,5,fwd,83,3900.0,1800.0,0.3114,0.0
DB01_to_DK01#alt5,5,fwd,84,3950.0,1750.0,0.3679,0.0
DB01_to_DK01#alt5,5,fwd,85,4000.0,1700.0,0.4275,0.0
DB01_to_DK01#alt5,5,fwd,86,4033.33,1650.0,0.4746,0.0
DB01_to_DK01#alt5,5,fwd,87,4033.33,1600.0,0.4346,0.0
DB01_to_DK01#alt5,5,fwd,88,4000.0,1550.0,0.344,0.0
DB01_to_DK01#alt5,5,fwd,89,3950.0,1500.0,0.2721,0.0
DB01_to_DK01#alt5,5,fwd,90,3900.0,1450.0,0.2151,0.0
DB01_to_DK01#alt5,5,fwd,91,3866.67,1400.0,0.17,0.0
DB01_to_DK01#alt5,5,fwd,92,3850.0,1350.0,0.1517,0.0
DB01_to_DK01#alt5,5,fwd,93,3833.33,1300.0,0.1495,0.0
DB01_to_DK01#alt5,5,fwd,94,3800.0,1250.0,0.1827,0.0
DB01_to_DK01#alt5,5,fwd,95,3750.0,1200.0,0.2211,0.0
DB01_to_DK01#alt5,5,fwd,96,3700.0,1150.0,0.2636,0.0
DB01_to_DK01#alt5,5,fwd,97,3650.0,1100.0,0.3114,0.0
DB01_to_DK01#alt5,5,fwd,98,3600.0,1050.0,0.3628,0.0
DB01_to_DK01#alt5,5,fwd,99,3550.0,1000.0,0.4076,0.0
DB01_to_DK01#alt5,5,fwd,100,3500.0,950.0,0.4346,0.0
DB01_to_DK01#alt5,5,fwd,101,3450.0,900.0,0.4746,0.0
DB01_to_DK01#alt5,5,fwd,102,3400.0,850.0,0.4931,0.0
DB01_to_DK01#alt5,5,fwd,103,3350.0,800.0,0.4931,0.0
DB01_to_DK01#alt5,5,fwd,104,3300.0,750.0,0.4931,0.0
DB01_to_DK01#alt5,5,fwd,105,3250.0,700.0,0.4931,0.0
DB01_to_DK01#alt5,5,fwd,106,3200.0,650.0,0.4931,0.0
DB01_to_DK01#alt5,5,fwd,107,3150.0,600.0,0.4931,0.0
DB01_to_DK01#alt5,5,fwd,108,3100.0,550.0,0.4931,0.0
DB01_to_DK01#alt5,5,fwd,109,3050.0,500.0,0.4746,0.0
DB01_to_DK01#alt5,5,fwd,110,3000.0,450.0,0.4275,0.0
DB01_to_DK01#alt5,5,fwd,111,2950.0,400.0,0.3679,0.0
DB01_to_DK01#alt5,5,fwd,112,2900.0,366.67,0.3114,0.0
DB01_to_DK01#alt5,5,fwd,113,2850.0,350.0,0.2636,0.0
DB01_to_DK01#alt5,5,fwd,114,2800.0,350.0,0.2231,0.0
DB01_to_DK01#alt5,5,fwd,115,2750.0,350.0,0.1889,0.0
DB01_to_DK01#alt5,5,fwd,116,2700.0,333.33,0.1599,0.0
DB01_to_DK01#alt5,5,fwd,117,2650.0,300.0,0.1353,0.0
DB01_to_DK01#alt5,5,fwd,118,2600.0,250.0,0.1138,0.0
DB01_to_DK01#alt5,5,fwd,119,2550.0,216.67,0.0947,0.0
DB01_to_DK01#alt5,5,fwd,120,2500.0,200.0,0.0803,0.0
DB01_to_DK01#alt5,5,fwd,121,2450.0,200.0,0.0681,0.0
DB01_to_DK01#alt5,5,fwd,122,2400.0,200.0,0.0577,0.0
DB01_to_DK01#alt5,5,fwd,123,2350.0,200.0,0.0489,0.0
DB01_to_DK01#alt5,5,fwd,124,2300.0,200.0,0.0414,0.0
DB01_to_DK01#alt5,5,fwd,125,2250.0,200.0,0.0351,0.0
DB01_to_DK01#alt5,5,fwd,126,2200.0,200.0,0.0297,0.0
DB01_to_DK01#alt5,5,fwd,127,2150.0,200.0,0.0252,0.0
DB01_to_DK01#alt5,5,fwd,128,2100.0,200.0,0.0213,0.0
DB01_to_DK01#alt5,5,fwd,129,2050.0,216.67,0.0181,0.0
DB01_to_DK01#alt5,5,fwd,130,2000.0,233.33,0.0155,0.0
DB01_to_DK01#alt5,5,fwd,131,1950.0,250.0,0.0148,0.0
DB01_to_DK01#alt5,5,fwd,132,1900.0,266.67,0.0173,0.0
DB01_to_DK01#alt5,5,fwd,133,1850.0,300.0,0.0213,0.0
DB01_to_DK01#alt5,5,fwd,134,1800.0,333.33,0.0263,0.0
DB01_to_DK01#alt5,5,fwd,135,1750.0,366.67,0.0308,0.0
DB01_to_DK01#alt5,5,fwd,136,1700.0,383.33,0.0378,0.0
DB01_to_DK01#alt5,5,fwd,137,1650.0,400.0,0.0444,0.0
DB01_to_DK01#alt5,5,fwd,138,1600.0,400.0,0.0522,0.0
DB01_to_DK01#alt5,5,fwd,139,1550.0,416.67,0.0612,0.0
DB01_to_DK01#alt5,5,fwd,140,1500.0,450.0,0.0752,0.0
DB01_to_DK01#alt5,5,fwd,141,1450.0,500.0,0.092,0.0
DB01_to_DK01#alt5,5,fwd,142,1400.0,533.33,0.1117,0.0
DB01_to_DK01#alt5,5,fwd,143,1350.0,550.0,0.1317,0.0
DB01_to_DK01#alt5,5,fwd,144,1300.0,550.0,0.1551,0.0
DB01_to_DK01#alt5,5,fwd,145,1250.0,550.0,0.1827,0.0
DB01_to_DK01#alt5,5,fwd,146,1200.0,550.0,0.2151,0.0
DB01_to_DK04#alt0,0,fwd,0,1000.0,3900.0,0.7165,0.0
DB01_to_DK04#alt0,0,fwd,1,950.0,3950.0,0.5903,0.0
DB01_to_DK04#alt0,0,fwd,2,900.0,3983.33,0.4746,0.0
DB01_to_DK04#alt0,0,fwd,3,850.0,3983.33,0.4346,0.0
DB01_to_DK04#alt0,0,fwd,4,800.0,3950.0,0.4346,0.0
DB01_to_DK04#alt0,0,fwd,5,750.0,3900.0,0.4346,0.0
DB01_to_DK04#alt0,0,fwd,6,700.0,3850.0,0.4076,0.0
DB01_to_DK04#alt0,0,fwd,7,650.0,3800.0,0.3784,0.0
DB01_to_DK04#alt0,0,fwd,8,600.0,3750.0,0.3485,0.0
DB01_to_DK04#alt0,0,fwd,9,566.67,3700.0,0.3077,0.0
DB01_to_DK04#alt0,0,fwd,10,550.0,3650.0,0.3269,0.0
DB01_to_DK04#alt0,0,fwd,11,566.67,3600.0,0.3485,0.0
DB01_to_DK04#alt0,0,fwd,12,600.0,3550.0,0.4275,0.0
DB01_to_DK04#alt0,0,fwd,13,633.33,3500.0,0.5134,0.0
DB01_to_DK04#alt0,0,fwd,14,666.67,3450.0,0.503,0.0
DB01_to_DK04#alt0,0,fwd,15,700.0,3400.0,0.5483,0.0
DB01_to_DK04#alt0,0,fwd,16,750.0,3350.0,0.6065,0.0
DB01_to_DK04#alt0,0,fwd,17,800.0,3300.0,0.6889,0.0
DB01_to_DK04#alt0,0,fwd,18,833.33,3250.0,0.7165,0.0
DB01_to_DK04#alt0,0,fwd,19,850.0,3200.0,0.6889,0.0
DB01_to_DK04#alt0,0,fwd,20,900.0,3150.0,0.6889,0.0
DB01_to_DK04#alt0,0,fwd,21,950.0,3100.0,0.6889,0.0
DB01_to_DK04#alt0,0,fwd,22,1000.0,3050.0,0.6241,0.0
DB01_to_DK04#alt0,0,fwd,23,1050.0,3000.0,0.5903,0.0
DB01_to_DK04#alt0,0,fwd,24,1100.0,2950.0,0.5134,0.0
DB01_to_DK04#alt0,0,fwd,25,1150.0,2900.0,0.4746,0.0
DB01_to_DK04#alt0,0,fwd,26,1200.0,2850.0,0.4275,0.0
DB01_to_DK04#alt0,0,fwd,27,1250.0,2816.67,0.3895,0.0
DB01_to_DK04#alt0,0,fwd,28,1300.0,2800.0,0.4346,0.0
DB01_to_DK04#alt0,0,fwd,29,1350.0,2800.0,0.4746,0.0
DB01_to_DK04#alt0,0,fwd,30,1400.0,2800.0,0.503,0.0
DB01_to_DK04#alt0,0,fwd,31,1450.0,2800.0,0.5134,0.0
DB01_to_DK04#alt0,0,fwd,32,1500.0,2800.0,0.5134,0.0
DK04_to_DB01#alt0,0,bwd,0,1500.0,2800.0,0.5134,0.0
DK04_to_DB01#alt0,0,bwd,1,1450.0,2750.0,0.6065,0.0
DK04_to_DB01#alt0,0,bwd,2,1400.0,2716.67,0.6889,0.0
DK04_to_DB01#alt0,0,bwd,3,1350.0,2716.67,0.6241,0.0
DK04_to_DB01#alt0,0,bwd,4,1300.0,2750.0,0.4931,0.0
DK04_to_DB01#alt0,0,bwd,5,1250.0,2783.33,0.3895,0.0
DK04_to_DB01#alt0,0,bwd,6,1200.0,2800.0,0.3628,0.0
DK04_to_DB01#alt0,0,bwd,7,1150.0,2800.0,0.3485,0.0
DK04_to_DB01#alt0,0,bwd,8,1100.0,2816.67,0.3269,0.0
DK04_to_DB01#alt0,0,bwd,9,1050.0,2850.0,0.3628,0.0
DK04_to_DB01#alt0,0,bwd,10,1000.0,2900.0,0.4076,0.0
DK04_to_DB01#alt0,0,bwd,11,950.0,2950.0,0.4346,0.0
DK04_to_DB01#alt0,0,bwd,12,900.0,3000.0,0.4746,0.0
DK04_to_DB01#alt0,0,bwd,13,850.0,3050.0,0.4931,0.0
DK04_to_DB01#alt0,0,bwd,14,800.0,3100.0,0.4931,0.0
DK04_to_DB01#alt0,0,bwd,15,750.0,3150.0,0.4746,0.0
DK04_to_DB01#alt0,0,bwd,16,700.0,3200.0,0.4346,0.0
DK04_to_DB01#alt0,0,bwd,17,650.0,3250.0,0.4076,0.0
DK04_to_DB01#alt0,0,bwd,18,600.0,3300.0,0.3628,0.0
DK04_to_DB01#alt0,0,bwd,19,550.0,3350.0,0.3269,0.0
DK04_to_DB01#alt0,0,bwd,20,500.0,3400.0,0.2972,0.0
DK04_to_DB01#alt0,0,bwd,21,466.67,3450.0,0.2609,0.0
DK04_to_DB01#alt0,0,bwd,22,433.33,3500.0,0.2636,0.0
DK04_to_DB01#alt0,0,bwd,23,400.0,3550.0,0.2211,0.0
DK04_to_DB01#alt0,0,bwd,24,350.0,3600.0,0.1827,0.0
DK04_to_DB01#alt0,0,bwd,25,316.67,3650.0,0.1495,0.0
DK04_to_DB01#alt0,0,bwd,26,316.67,3700.0,0.1422,0.0
DK04_to_DB01#alt0,0,bwd,27,350.0,3750.0,0.1551,0.0
DK04_to_DB01#alt0,0,bwd,28,383.33,3800.0,0.1873,0.0
DK04_to_DB01#alt0,0,bwd,29,416.67,3850.0,0.2211,0.0
DK04_to_DB01#alt0,0,bwd,30,450.0,3900.0,0.2636,0.0
DK04_to_DB01#alt0,0,bwd,31,500.0,3950.0,0.3114,0.0
DK04_to_DB01#alt0,0,bwd,32,550.0,4000.0,0.3679,0.0
DK04_to_DB01#alt0,0,bwd,33,600.0,4050.0,0.4346,0.0
DK04_to_DB01#alt0,0,bwd,34,650.0,4100.0,0.5134,0.0
DK04_to_DB01#alt0,0,bwd,35,700.0,4133.33,0.5903,0.0
DK04_to_DB01#alt0,0,bwd,36,750.0,4150.0,0.5483,0.0
DK04_to_DB01#alt0,0,bwd,37,800.0,4150.0,0.6241,0.0
DK04_to_DB01#alt0,0,bwd,38,850.0,4133.33,0.6889,0.0
DK04_to_DB01#alt0,0,bwd,39,900.0,4100.0,0.6065,0.0
DK04_to_DB01#alt0,0,bwd,40,950.0,4050.0,0.503,0.0
DK04_to_DB01#alt0,0,bwd,41,983.33,4000.0,0.5483,0.0
DK04_to_DB01#alt0,0,bwd,42,1000.0,3950.0,0.6241,0.0
DK04_to_DB01#alt0,0,bwd,43,1000.0,3900.0,0.7165,0.0
DB01_to_DK04#alt1,1,fwd,0,1000.0,3900.0,0.7165,0.0
DB01_to_DK04#alt1,1,fwd,1,950.0,3950.0,0.5903,0.0
DB01_to_DK04#alt1,1,fwd,2,900.0,4000.0,0.4746,0.0
DB01_to_DK04#alt1,1,fwd,3,850.0,4050.0,0.503,0.0
DB01_to_DK04#alt1,1,fwd,4,800.0,4083.33,0.5483,0.0
DB01_to_DK04#alt1,1,fwd,5,750.0,4083.33,0.4931,0.0
DB01_to_DK04#alt1,1,fwd,6,700.0,4066.67,0.4275,0.0
DB01_to_DK04#alt1,1,fwd,7,650.0,4066.67,0.4346,0.0
DB01_to_DK04#alt1,1,fwd,8,600.0,4083.33,0.5134,0.0
DB01_to_DK04#alt1,1,fwd,9,550.0,4100.0,0.5134,0.0
DB01_to_DK04#alt1,1,fwd,10,500.0,4083.33,0.5134,0.0
DB01_to_DK04#alt1,1,fwd,11,450.0,4050.0,0.4346,0.0
DB01_to_DK04#alt1,1,fwd,12,400.0,4000.0,0.3628,0.0
DB01_to_DK04#alt1,1,fwd,13,350.0,3950.0,0.2972,0.0
DB01_to_DK04#alt1,1,fwd,14,300.0,3900.0,0.2407,0.0
DB01_to_DK04#alt1,1,fwd,15,250.0,3850.0,0.1937,0.0
DB01_to_DK04#alt1,1,fwd,16,200.0,3800.0,0.1551,0.0
DB01_to_DK04#alt1,1,fwd,17,166.67,3750.0,0.1239,0.0
DB01_to_DK04#alt1,1,fwd,18,150.0,3700.0,0.1069,0.0
DB01_to_DK04#alt1,1,fwd,19,166.67,3650.0,0.092,0.0
DB01_to_DK04#alt1,1,fwd,20,183.33,3600.0,0.1117,0.0
DB01_to_DK04#alt1,1,fwd,21,200.0,3550.0,0.1138,0.0
DB01_to_DK04#alt1,1,fwd,22,200.0,3500.0,0.1146,0.0
DB01_to_DK04#alt1,1,fwd,23,216.67,3450.0,0.1138,0.0
DB01_to_DK04#alt1,1,fwd,24,250.0,3400.0,0.1317,0.0
DB01_to_DK04#alt1,1,fwd,25,300.0,3350.0,0.1495,0.0
DB01_to_DK04#alt1,1,fwd,26,350.0,3300.0,0.1661,0.0
DB01_to_DK04#alt1,1,fwd,27,400.0,3250.0,0.1827,0.0
DB01_to_DK04#alt1,1,fwd,28,450.0,3200.0,0.2057,0.0
DB01_to_DK04#alt1,1,fwd,29,500.0,3150.0,0.2252,0.0
DB01_to_DK04#alt1,1,fwd,30,550.0,3100.0,0.2407,0.0
DB01_to_DK04#alt1,1,fwd,31,600.0,3050.0,0.2609,0.0
DB01_to_DK04#alt1,1,fwd,32,650.0,3000.0,0.2721,0.0
DB01_to_DK04#alt1,1,fwd,33,700.0,2950.0,0.2721,0.0
DB01_to_DK04#alt1,1,fwd,34,750.0,2900.0,0.2721,0.0
DB01_to_DK04#alt1,1,fwd,35,800.0,2850.0,0.2609,0.0
DB01_to_DK04#alt1,1,fwd,36,850.0,2800.0,0.2407,0.0
DB01_to_DK04#alt1,1,fwd,37,900.0,2750.0,0.2252,0.0
DB01_to_DK04#alt1,1,fwd,38,950.0,2700.0,0.2057,0.0
DB01_to_DK04#alt1,1,fwd,39,1000.0,2650.0,0.253,0.0
DB01_to_DK04#alt1,1,fwd,40,1050.0,2616.67,0.3077,0.0
DB01_to_DK04#alt1,1,fwd,41,1100.0,2600.0,0.3628,0.0
DB01_to_DK04#alt1,1,fwd,42,1150.0,2616.67,0.4275,0.0
DB01_to_DK04#alt1,1,fwd,43,1200.0,2650.0,0.4746,0.0
DB01_to_DK04#alt1,1,fwd,44,1250.0,2683.33,0.4931,0.0
DB01_to_DK04#alt1,1,fwd,45,1300.0,2716.67,0.5483,0.0
DB01_to_DK04#alt1,1,fwd,46,1350.0,2750.0,0.5483,0.0
DB01_to_DK04#alt1,1,fwd,47,1400.0,2783.33,0.503,0.0
DB01_to_DK04#alt1,1,fwd,48,1450.0,2800.0,0.5134,0.0
DB01_to_DK04#alt1,1,fwd,49,1500.0,2800.0,0.5134,0.0
DK04_to_DB01#alt2,2,bwd,0,1500.0,2800.0,0.5134,0.0
DK04_to_DB01#alt2,2,bwd,1,1450.0,2750.0,0.6065,0.0
DK04_to_DB01#alt2,2,bwd,2,1400.0,2700.0,0.6889,0.0
DK04_to_DB01#alt2,2,bwd,3,1350.0,2650.0,0.6889,0.0
DK04_to_DB01#alt2,2,bwd,4,1300.0,2600.0,0.6889,0.0
DK04_to_DB01#alt2,2,bwd,5,1250.0,2550.0,0.6065,0.0
DK04_to_DB01#alt2,2,bwd,6,1200.0,2500.0,0.5134,0.0
DK04_to_DB01#alt2,2,bwd,7,1150.0,2450.0,0.4346,0.0
DK04_to_DB01#alt2,2,bwd,8,1100.0,2433.33,0.3679,0.0
DK04_to_DB01#alt2,2,bwd,9,1050.0,2433.33,0.3114,0.0
DK04_to_DB01#alt2,2,bwd,10,1000.0,2466.67,0.2636,0.0
DK04_to_DB01#alt2,2,bwd,11,950.0,2500.0,0.2231,0.0
DK04_to_DB01#alt2,2,bwd,12,900.0,2533.33,0.1889,0.0
DK04_to_DB01#alt2,2,bwd,13,850.0,2550.0,0.1599,0.0
DK04_to_DB01#alt2,2,bwd,14,800.0,2566.67,0.1353,0.0
DK04_to_DB01#alt2,2,bwd,15,750.0,2600.0,0.1146,0.0
DK04_to_DB01#alt2,2,bwd,16,700.0,2650.0,0.1239,0.0
DK04_to_DB01#alt2,2,bwd,17,650.0,2700.0,0.1308,0.0
DK04_to_DB01#alt2,2,bwd,18,600.0,2750.0,0.1344,0.0
DK04_to_DB01#alt2,2,bwd,19,550.0,2800.0,0.1344,0.0
DK04_to_DB01#alt2,2,bwd,20,500.0,2850.0,0.1344,0.0
DK04_to_DB01#alt2,2,bwd,21,450.0,2900.0,0.1308,0.0
DK04_to_DB01#alt2,2,bwd,22,400.0,2950.0,0.1239,0.0
DK04_to_DB01#alt2,2,bwd,23,350.0,3000.0,0.1146,0.0
DK04_to_DB01#alt2,2,bwd,24,300.0,3050.0,0.1069,0.0
DK04_to_DB01#alt2,2,bwd,25,250.0,3100.0,0.0981,0.0
DK04_to_DB01#alt2,2,bwd,26,200.0,3150.0,0.0883,0.0
DK04_to_DB01#alt2,2,bwd,27,150.0,3200.0,0.079,0.0
DK04_to_DB01#alt2,2,bwd,28,100.0,3250.0,0.0717,0.0
DK04_to_DB01#alt2,2,bwd,29,66.67,3300.0,0.064,0.0
DK04_to_DB01#alt2,2,bwd,30,50.0,3350.0,0.0663,0.0
DK04_to_DB01#alt2,2,bwd,31,50.0,3400.0,0.0681,0.0
DK04_to_DB01#alt2,2,bwd,32,50.0,3450.0,0.0691,0.0
DK04_to_DB01#alt2,2,bwd,33,50.0,3500.0,0.0695,0.0
DK04_to_DB01#alt2,2,bwd,34,50.0,3550.0,0.0691,0.0
DK04_to_DB01#alt2,2,bwd,35,50.0,3600.0,0.0681,0.0
DK04_to_DB01#alt2,2,bwd,36,50.0,3650.0,0.0785,0.0
DK04_to_DB01#alt2,2,bwd,37,50.0,3700.0,0.0904,0.0
DK04_to_DB01#alt2,2,bwd,38,50.0,3750.0,0.1036,0.0
DK04_to_DB01#alt2,2,bwd,39,50.0,3800.0,0.1183,0.0
DK04_to_DB01#alt2,2,bwd,40,50.0,3850.0,0.1344,0.0
DK04_to_DB01#alt2,2,bwd,41,50.0,3900.0,0.1517,0.0
DK04_to_DB01#alt2,2,bwd,42,66.67,3950.0,0.17,0.0
DK04_to_DB01#alt2,2,bwd,43,100.0,4000.0,0.2151,0.0
DK04_to_DB01#alt2,2,bwd,44,133.33,4050.0,0.2721,0.0
DK04_to_DB01#alt2,2,bwd,45,150.0,4100.0,0.3077,0.0
DK04_to_DB01#alt2,2,bwd,46,150.0,4150.0,0.344,0.0
DK04_to_DB01#alt2,2,bwd,47,150.0,4200.0,0.3784,0.0
DK04_to_DB01#alt2,2,bwd,48,133.33,4250.0,0.4076,0.0
DK04_to_DB01#alt2,2,bwd,49,100.0,4300.0,0.3784,0.0
DK04_to_DB01#alt2,2,bwd,50,66.67,4350.0,0.3485,0.0
DK04_to_DB01#alt2,2,bwd,51,50.0,4400.0,0.3628,0.0
DK04_to_DB01#alt2,2,bwd,52,50.0,4450.0,0.3679,0.0
DK04_to_DB01#alt2,2,bwd,53,50.0,4500.0,0.3679,0.0
DK04_to_DB01#alt2,2,bwd,54,50.0,4550.0,0.3628,0.0
DK04_to_DB01#alt2,2,bwd,55,50.0,4600.0,0.3485,0.0
DK04_to_DB01#alt2,2,bwd,56,66.67,4650.0,0.3269,0.0
DK04_to_DB01#alt2,2,bwd,57,100.0,4700.0,0.344,0.0
DK04_to_DB01#alt2,2,bwd,58,150.0,4750.0,0.344,0.0
DK04_to_DB01#alt2,2,bwd,59,200.0,4800.0,0.344,0.0
DK04_to_DB01#alt2,2,bwd,60,250.0,4850.0,0.344,0.0
DK04_to_DB01#alt2,2,bwd,61,300.0,4900.0,0.3269,0.0
DK04_to_DB01#alt2,2,bwd,62,350.0,4933.33,0.3006,0.0
DK04_to_DB01#alt2,2,bwd,63,400.0,4950.0,0.3269,0.0
DK04_to_DB01#alt2,2,bwd,64,450.0,4950.0,0.3485,0.0
DK04_to_DB01#alt2,2,bwd,65,500.0,4950.0,0.3628,0.0
DK04_to_DB01#alt2,2,bwd,66,550.0,4950.0,0.3679,0.0
DK04_to_DB01#alt2,2,bwd,67,600.0,4950.0,0.3628,0.0
DK04_to_DB01#alt2,2,bwd,68,650.0,4950.0,0.3485,0.0
DK04_to_DB01#alt2,2,bwd,69,700.0,4933.33,0.3269,0.0
DK04_to_DB01#alt2,2,bwd,70,750.0,4916.67,0.3485,0.0
DK04_to_DB01#alt2,2,bwd,71,800.0,4883.33,0.3269,0.0
DK04_to_DB01#alt2,2,bwd,72,850.0,4850.0,0.344,0.0
DK04_to_DB01#alt2,2,bwd,73,900.0,4800.0,0.344,0.0
DK04_to_DB01#alt2,2,bwd,74,933.33,4750.0,0.344,0.0
DK04_to_DB01#alt2,2,bwd,75,950.0,4700.0,0.3784,0.0
DK04_to_DB01#alt2,2,bwd,76,966.67,4650.0,0.4076,0.0
DK04_to_DB01#alt2,2,bwd,77,1000.0,4600.0,0.4275,0.0
DK04_to_DB01#alt2,2,bwd,78,1033.33,4550.0,0.4746,0.0
DK04_to_DB01#alt2,2,bwd,79,1050.0,4500.0,0.5483,0.0
DK04_to_DB01#alt2,2,bwd,80,1050.0,4450.0,0.6241,0.0
DK04_to_DB01#alt2,2,bwd,81,1050.0,4400.0,0.6889,0.0
DK04_to_DB01#alt2,2,bwd,82,1050.0,4350.0,0.7165,0.0
DK04_to_DB01#alt2,2,bwd,83,1050.0,4300.0,0.7165,0.0
DK04_to_DB01#alt2,2,bwd,84,1033.33,4250.0,0.6889,0.0
DK04_to_DB01#alt2,2,bwd,85,1016.67,4200.0,0.6889,0.0
DK04_to_DB01#alt2,2,bwd,86,1000.0,4150.0,0.6241,0.0
DK04_to_DB01#alt2,2,bwd,87,1000.0,4100.0,0.5483,0.0
DK04_to_DB01#alt2,2,bwd,88,1000.0,4050.0,0.4746,0.0
DK04_to_DB01#alt2,2,bwd,89,1000.0,4000.0,0.5483,0.0
DK04_to_DB01#alt2,2,bwd,90,1000.0,3950.0,0.6241,0.0
DK04_to_DB01#alt2,2,bwd,91,1000.0,3900.0,0.7165,0.0
DB01_to_DK04#alt4,4,fwd,0,1000.0,3900.0,0.7165,0.0
DB01_to_DK04#alt4,4,fwd,1,1050.0,3950.0,0.6889,0.0
DB01_to_DK04#alt4,4,fwd,2,1100.0,4000.0,0.6065,0.0
DB01_to_DK04#alt4,4,fwd,3,1150.0,4033.33,0.5483,0.0
DB01_to_DK04#alt4,4,fwd,4,1200.0,4050.0,0.6241,0.0
DB01_to_DK04#alt4,4,fwd,5,1250.0,4050.0,0.6889,0.0
DB01_to_DK04#alt4,4,fwd,6,1300.0,4033.33,0.7165,0.0
DB01_to_DK04#alt4,4,fwd,7,1350.0,4000.0,0.6241,0.0
DB01_to_DK04#alt4,4,fwd,8,1400.0,3966.67,0.7165,0.0
DB01_to_DK04#alt4,4,fwd,9,1450.0,3933.33,0.6889,0.0
DB01_to_DK04#alt4,4,fwd,10,1500.0,3916.67,0.7165,0.0
DB01_to_DK04#alt4,4,fwd,11,1550.0,3883.33,0.6889,0.0
DB01_to_DK04#alt4,4,fwd,12,1600.0,3850.0,0.6889,0.0
DB01_to_DK04#alt4,4,fwd,13,1650.0,3816.67,0.6889,0.0
DB01_to_DK04#alt4,4,fwd,14,1700.0,3800.0,0.5903,0.0
DB01_to_DK04#alt4,4,fwd,15,1750.0,3800.0,0.5134,0.0
DB01_to_DK04#alt4,4,fwd,16,1800.0,3800.0,0.503,0.0
DB01_to_DK04#alt4,4,fwd,17,1850.0,3800.0,0.5134,0.0
DB01_to_DK04#alt4,4,fwd,18,1900.0,3800.0,0.5134,0.0
DB01_to_DK04#alt4,4,fwd,19,1950.0,3800.0,0.5134,0.0
DB01_to_DK04#alt4,4,fwd,20,2000.0,3800.0,0.5134,0.0
DB01_to_DK04#alt4,4,fwd,21,2050.0,3800.0,0.5134,0.0
DB01_to_DK04#alt4,4,fwd,22,2100.0,3783.33,0.503,0.0
DB01_to_DK04#alt4,4,fwd,23,2150.0,3750.0,0.5483,0.0
DB01_to_DK04#alt4,4,fwd,24,2200.0,3700.0,0.5483,0.0
DB01_to_DK04#alt4,4,fwd,25,2250.0,3650.0,0.5483,0.0
DB01_to_DK04#alt4,4,fwd,26,2300.0,3600.0,0.5483,0.0
DB01_to_DK04#alt4,4,fwd,27,2350.0,3550.0,0.503,0.0
DB01_to_DK04#alt4,4,fwd,28,2400.0,3500.0,0.4346,0.0
DB01_to_DK04#alt4,4,fwd,29,2450.0,3450.0,0.3679,0.0
DB01_to_DK04#alt4,4,fwd,30,2500.0,3400.0,0.3114,0.0
DB01_to_DK04#alt4,4,fwd,31,2550.0,3350.0,0.3114,0.0
DB01_to_DK04#alt4,4,fwd,32,2600.0,3300.0,0.3628,0.0
DB01_to_DK04#alt4,4,fwd,33,2650.0,3250.0,0.4076,0.0
DB01_to_DK04#alt4,4,fwd,34,2700.0,3200.0,0.4346,0.0
DB01_to_DK04#alt4,4,fwd,35,2750.0,3150.0,0.4346,0.0
DB01_to_DK04#alt4,4,fwd,36,2800.0,3100.0,0.4346,0.0
DB01_to_DK04#alt4,4,fwd,37,2850.0,3050.0,0.4076,0.0
DB01_to_DK04#alt4,4,fwd,38,2883.33,3000.0,0.4076,0.0
DB01_to_DK04#alt4,4,fwd,39,2900.0,2950.0,0.3784,0.0
DB01_to_DK04#alt4,4,fwd,40,2883.33,2900.0,0.344,0.0
DB01_to_DK04#alt4,4,fwd,41,2883.33,2850.0,0.3077,0.0
DB01_to_DK04#alt4,4,fwd,42,2883.33,2800.0,0.2721,0.0
DB01_to_DK04#alt4,4,fwd,43,2900.0,2750.0,0.2721,0.0
DB01_to_DK04#alt4,4,fwd,44,2900.0,2700.0,0.3077,0.0
DB01_to_DK04#alt4,4,fwd,45,2900.0,2650.0,0.344,0.0
DB01_to_DK04#alt4,4,fwd,46,2900.0,2600.0,0.3895,0.0
DB01_to_DK04#alt4,4,fwd,47,2900.0,2550.0,0.4346,0.0
DB01_to_DK04#alt4,4,fwd,48,2900.0,2500.0,0.4931,0.0
DB01_to_DK04#alt4,4,fwd,49,2900.0,2450.0,0.5483,0.0
DB01_to_DK04#alt4,4,fwd,50,2900.0,2400.0,0.5903,0.0
DB01_to_DK04#alt4,4,fwd,51,2900.0,2350.0,0.6241,0.0
DB01_to_DK04#alt4,4,fwd,52,2900.0,2300.0,0.6889,0.0
DB01_to_DK04#alt4,4,fwd,53,2900.0,2250.0,0.7165,0.0
DB01_to_DK04#alt4,4,fwd,54,2900.0,2200.0,0.7165,0.0
DB01_to_DK04#alt4,4,fwd,55,2900.0,2150.0,0.7165,0.0
DB01_to_DK04#alt4,4,fwd,56,2900.0,2100.0,0.7165,0.0
DB01_to_DK04#alt4,4,fwd,57,2900.0,2050.0,0.7165,0.0
DB01_to_DK04#alt4,4,fwd,58,2900.0,2000.0,0.7165,0.0
DB01_to_DK04#alt4,4,fwd,59,2900.0,1950.0,0.7165,0.0
DB01_to_DK04#alt4,4,fwd,60,2883.33,1900.0,0.6889,0.0
DB01_to_DK04#alt4,4,fwd,61,2866.67,1850.0,0.7165,0.0
DB01_to_DK04#alt4,4,fwd,62,2850.0,1800.0,0.6889,0.0
DB01_to_DK04#alt4,4,fwd,63,2800.0,1750.0,0.6889,0.0
DB01_to_DK04#alt4,4,fwd,64,2750.0,1700.0,0.6889,0.0
DB01_to_DK04#alt4,4,fwd,65,2700.0,1650.0,0.6889,0.0
DB01_to_DK04#alt4,4,fwd,66,2650.0,1616.67,0.6241,0.0
DB01_to_DK04#alt4,4,fwd,67,2600.0,1600.0,0.6889,0.0
DB01_to_DK04#alt4,4,fwd,68,2550.0,1600.0,0.7165,0.0
DB01_to_DK04#alt4,4,fwd,69,2500.0,1600.0,0.7165,0.0
DB01_to_DK04#alt4,4,fwd,70,2450.0,1600.0,0.7165,0.0
DB01_to_DK04#alt4,4,fwd,71,2400.0,1600.0,0.7165,0.0
DB01_to_DK04#alt4,4,fwd,72,2350.0,1600.0,0.7165,0.0
DB01_to_DK04#alt4,4,fwd,73,2300.0,1600.0,0.7165,0.0
DB01_to_DK04#alt4,4,fwd,74,2250.0,1600.0,0.7165,0.0
DB01_to_DK04#alt4,4,fwd,75,2200.0,1616.67,0.6889,0.0
DB01_to_DK04#alt4,4,fwd,76,2150.0,1633.33,0.7165,0.0
DB01_to_DK04#alt4,4,fwd,77,2100.0,1650.0,0.6889,0.0
DB01_to_DK04#alt4,4,fwd,78,2050.0,1700.0,0.6889,0.0
DB01_to_DK04#alt4,4,fwd,79,2000.0,1750.0,0.6889,0.0
DB01_to_DK04#alt4,4,fwd,80,1950.0,1800.0,0.6889,0.0
DB01_to_DK04#alt4,4,fwd,81,1900.0,1850.0,0.6241,0.0
DB01_to_DK04#alt4,4,fwd,82,1850.0,1900.0,0.5903,0.0
DB01_to_DK04#alt4,4,fwd,83,1816.67,1950.0,0.5134,0.0
DB01_to_DK04#alt4,4,fwd,84,1783.33,2000.0,0.5134,0.0
DB01_to_DK04#alt4,4,fwd,85,1766.67,2050.0,0.4346,0.0
DB01_to_DK04#alt4,4,fwd,86,1750.0,2100.0,0.4346,0.0
DB01_to_DK04#alt4,4,fwd,87,1750.0,2150.0,0.4746,0.0
DB01_to_DK04#alt4,4,fwd,88,1750.0,2200.0,0.5483,0.0
DB01_to_DK04#alt4,4,fwd,89,1766.67,2250.0,0.6241,0.0
DB01_to_DK04#alt4,4,fwd,90,1783.33,2300.0,0.5903,0.0
DB01_to_DK04#alt4,4,fwd,91,1800.0,2350.0,0.6241,0.0
DB01_to_DK04#alt4,4,fwd,92,1800.0,2400.0,0.6889,0.0
DB01_to_DK04#alt4,4,fwd,93,1800.0,2450.0,0.7165,0.0
DB01_to_DK04#alt4,4,fwd,94,1800.0,2500.0,0.7165,0.0
DB01_to_DK04#alt4,4,fwd,95,1783.33,2550.0,0.6889,0.0
DB01_to_DK04#alt4,4,fwd,96,1750.0,2600.0,0.6889,0.0
DB01_to_DK04#alt4,4,fwd,97,1700.0,2650.0,0.6889,0.0
DB01_to_DK04#alt4,4,fwd,98,1650.0,2700.0,0.6889,0.0
DB01_to_DK04#alt4,4,fwd,99,1600.0,2750.0,0.6065,0.0
DB01_to_DK04#alt4,4,fwd,100,1550.0,2783.33,0.5134,0.0
DB01_to_DK04#alt4,4,fwd,101,1500.0,2800.0,0.5134,0.0
DB02_to_DK01#alt0,0,fwd,0,1800.0,1100.0,0.1183,0.0
DB02_to_DK01#alt0,0,fwd,1,1750.0,1050.0,0.1138,0.0
DB02_to_DK01#alt0,0,fwd,2,1700.0,1000.0,0.1069,0.0
DB02_to_DK01#alt0,0,fwd,3,1650.0,950.0,0.0981,0.0
DB02_to_DK01#alt0,0,fwd,4,1600.0,900.0,0.0883,0.0
DB02_to_DK01#alt0,0,fwd,5,1550.0,850.0,0.0781,0.0
DB02_to_DK01#alt0,0,fwd,6,1500.0,800.0,0.0803,0.0
DB02_to_DK01#alt0,0,fwd,7,1450.0,750.0,0.0964,0.0
DB02_to_DK01#alt0,0,fwd,8,1400.0,700.0,0.1146,0.0
DB02_to_DK01#alt0,0,fwd,9,1350.0,650.0,0.1353,0.0
DB02_to_DK01#alt0,0,fwd,10,1300.0,600.0,0.1587,0.0
DB02_to_DK01#alt0,0,fwd,11,1250.0,566.67,0.1827,0.0
DB02_to_DK01#alt0,0,fwd,12,1200.0,550.0,0.2151,0.0
DK01_to_DB02#alt0,0,bwd,0,1200.0,550.0,0.2151,0.0
DK01_to_DB02#alt0,0,bwd,1,1250.0,600.0,0.1873,0.0
DK01_to_DB02#alt0,0,bwd,2,1300.0,633.33,0.1599,0.0
DK01_to_DB02#alt0,0,bwd,3,1350.0,650.0,0.1353,0.0
DK01_to_DB02#alt0,0,bwd,4,1400.0,650.0,0.1146,0.0
DK01_to_DB02#alt0,0,bwd,5,1450.0,666.67,0.097,0.0
DK01_to_DB02#alt0,0,bwd,6,1500.0,700.0,0.0821,0.0
DK01_to_DB02#alt0,0,bwd,7,1550.0,750.0,0.0691,0.0
DK01_to_DB02#alt0,0,bwd,8,1600.0,800.0,0.064,0.0
DK01_to_DB02#alt0,0,bwd,9,1650.0,850.0,0.0717,0.0
DK01_to_DB02#alt0,0,bwd,10,1700.0,900.0,0.079,0.0
DK01_to_DB02#alt0,0,bwd,11,1750.0,950.0,0.0854,0.0
DK01_to_DB02#alt0,0,bwd,12,1783.33,1000.0,0.0904,0.0
DK01_to_DB02#alt0,0,bwd,13,1800.0,1050.0,0.1036,0.0
DK01_to_DB02#alt0,0,bwd,14,1800.0,1100.0,0.1183,0.0
DB02_to_DK01#alt1,1,fwd,0,1800.0,1100.0,0.1183,0.0
DB02_to_DK01#alt1,1,fwd,1,1850.0,1050.0,0.0936,0.0
DB02_to_DK01#alt1,1,fwd,2,1883.33,1000.0,0.074,0.0
DB02_to_DK01#alt1,1,fwd,3,1900.0,950.0,0.065,0.0
DB02_to_DK01#alt1,1,fwd,4,1883.33,900.0,0.0568,0.0
DB02_to_DK01#alt1,1,fwd,5,1850.0,850.0,0.0542,0.0
DB02_to_DK01#alt1,1,fwd,6,1800.0,800.0,0.0507,0.0
DB02_to_DK01#alt1,1,fwd,7,1750.0,750.0,0.0467,0.0
DB02_to_DK01#alt1,1,fwd,8,1700.0,700.0,0.0423,0.0
DB02_to_DK01#alt1,1,fwd,9,1650.0,650.0,0.0498,0.0
DB02_to_DK01#alt1,1,fwd,10,1600.0,600.0,0.0585,0.0
DB02_to_DK01#alt1,1,fwd,11,1550.0,566.67,0.0681,0.0
DB02_to_DK01#alt1,1,fwd,12,1500.0,550.0,0.0803,0.0
DB02_to_DK01#alt1,1,fwd,13,1450.0,550.0,0.0947,0.0
DB02_to_DK01#alt1,1,fwd,14,1400.0,550.0,0.1117,0.0
DB02_to_DK01#alt1,1,fwd,15,1350.0,550.0,0.1317,0.0
DB02_to_DK01#alt1,1,fwd,16,1300.0,550.0,0.1551,0.0
DB02_to_DK01#alt1,1,fwd,17,1250.0,550.0,0.1827,0.0
DB02_to_DK01#alt1,1,fwd,18,1200.0,550.0,0.2151,0.0
DB02_to_DK01#alt2,2,fwd,0,1800.0,1100.0,0.1183,0.0
DB02_to_DK01#alt2,2,fwd,1,1750.0,1050.0,0.1138,0.0
DB02_to_DK01#alt2,2,fwd,2,1700.0,1000.0,0.1069,0.0
DB02_to_DK01#alt2,2,fwd,3,1650.0,966.67,0.0981,0.0
DB02_to_DK01#alt2,2,fwd,4,1600.0,950.0,0.1036,0.0
DB02_to_DK01#alt2,2,fwd,5,1550.0,950.0,0.1082,0.0
DB02_to_DK01#alt2,2,fwd,6,1500.0,950.0,0.1117,0.0
DB02_to_DK01#alt2,2,fwd,7,1450.0,933.33,0.1138,0.0
DB02_to_DK01#alt2,2,fwd,8,1400.0,900.0,0.1036,0.0
DB02_to_DK01#alt2,2,fwd,9,1350.0,850.0,0.1273,0.0
DB02_to_DK01#alt2,2,fwd,10,1300.0,800.0,0.1551,0.0
DB02_to_DK01#alt2,2,fwd,11,1250.0,750.0,0.1873,0.0
DB02_to_DK01#alt2,2,fwd,12,1216.67,700.0,0.2231,0.0
DB02_to_DK01#alt2,2,fwd,13,1200.0,650.0,0.2231,0.0
DB02_to_DK01#alt2,2,fwd,14,1200.0,600.0,0.2211,0.0
DB02_to_DK01#alt2,2,fwd,15,1200.0,550.0,0.2151,0.0
DK01_to_DB02#alt2,2,bwd,0,1200.0,550.0,0.2151,0.0
DK01_to_DB02#alt2,2,bwd,1,1250.0,500.0,0.1755,0.0
DK01_to_DB02#alt2,2,bwd,2,1300.0,466.67,0.1422,0.0
DK01_to_DB02#alt2,2,bwd,3,1350.0,433.33,0.1215,0.0
DK01_to_DB02#alt2,2,bwd,4,1400.0,400.0,0.0981,0.0
DK01_to_DB02#alt2,2,bwd,5,1450.0,350.0,0.079,0.0
DK01_to_DB02#alt2,2,bwd,6,1500.0,333.33,0.0677,0.0
DK01_to_DB02#alt2,2,bwd,7,1550.0,350.0,0.058,0.0
DK01_to_DB02#alt2,2,bwd,8,1600.0,400.0,0.0522,0.0
DK01_to_DB02#alt2,2,bwd,9,1650.0,450.0,0.0463,0.0
DK01_to_DB02#alt2,2,bwd,10,1700.0,500.0,0.0405,0.0
DK01_to_DB02#alt2,2,bwd,11,1750.0,550.0,0.0351,0.0
DK01_to_DB02#alt2,2,bwd,12,1800.0,600.0,0.0301,0.0
DK01_to_DB02#alt2,2,bwd,13,1850.0,650.0,0.0301,0.0
DK01_to_DB02#alt2,2,bwd,14,1900.0,700.0,0.0323,0.0
DK01_to_DB02#alt2,2,bwd,15,1950.0,750.0,0.0361,0.0
DK01_to_DB02#alt2,2,bwd,16,1983.33,800.0,0.0444,0.0
DK01_to_DB02#alt2,2,bwd,17,2016.67,850.0,0.0522,0.0
DK01_to_DB02#alt2,2,bwd,18,2016.67,900.0,0.0612,0.0
DK01_to_DB02#alt2,2,bwd,19,2000.0,950.0,0.0717,0.0
DK01_to_DB02#alt2,2,bwd,20,1950.0,1000.0,0.079,0.0
DK01_to_DB02#alt2,2,bwd,21,1900.0,1050.0,0.0854,0.0
DK01_to_DB02#alt2,2,bwd,22,1850.0,1083.33,0.1062,0.0
DK01_to_DB02#alt2,2,bwd,23,1800.0,1100.0,0.1183,0.0
DK01_to_DB02#alt3,3,bwd,0,1200.0,550.0,0.2151,0.0
DK01_to_DB02#alt3,3,bwd,1,1150.0,500.0,0.2407,0.0
DK01_to_DB02#alt3,3,bwd,2,1116.67,450.0,0.2609,0.0
DK01_to_DB02#alt3,3,bwd,3,1100.0,400.0,0.2384,0.0
DK01_to_DB02#alt3,3,bwd,4,1100.0,350.0,0.2151,0.0
DK01_to_DB02#alt3,3,bwd,5,1116.67,300.0,0.1921,0.0
DK01_to_DB02#alt3,3,bwd,6,1150.0,250.0,0.1517,0.0
DK01_to_DB02#alt3,3,bwd,7,1200.0,200.0,0.1215,0.0
DK01_to_DB02#alt3,3,bwd,8,1250.0,150.0,0.0981,0.0
DK01_to_DB02#alt3,3,bwd,9,1300.0,100.0,0.079,0.0
DK01_to_DB02#alt3,3,bwd,10,1350.0,66.67,0.0634,0.0
DK01_to_DB02#alt3,3,bwd,11,1400.0,50.0,0.0544,0.0
DK01_to_DB02#alt3,3,bwd,12,1450.0,50.0,0.0467,0.0
DK01_to_DB02#alt3,3,bwd,13,1500.0,50.0,0.0407,0.0
DK01_to_DB02#alt3,3,bwd,14,1550.0,66.67,0.0357,0.0
DK01_to_DB02#alt3,3,bwd,15,1600.0,100.0,0.0342,0.0
DK01_to_DB02#alt3,3,bwd,16,1650.0,150.0,0.0323,0.0
DK01_to_DB02#alt3,3,bwd,17,1700.0,200.0,0.0301,0.0
DK01_to_DB02#alt3,3,bwd,18,1750.0,250.0,0.0276,0.0
DK01_to_DB02#alt3,3,bwd,19,1800.0,300.0,0.025,0.0
DK01_to_DB02#alt3,3,bwd,20,1850.0,350.0,0.0224,0.0
DK01_to_DB02#alt3,3,bwd,21,1900.0,400.0,0.0198,0.0
DK01_to_DB02#alt3,3,bwd,22,1950.0,450.0,0.0182,0.0
DK01_to_DB02#alt3,3,bwd,23,2000.0,500.0,0.023,0.0
DK01_to_DB02#alt3,3,bwd,24,2050.0,550.0,0.0291,0.0
DK01_to_DB02#alt3,3,bwd,25,2100.0,600.0,0.0369,0.0
DK01_to_DB02#alt3,3,bwd,26,2150.0,650.0,0.0467,0.0
DK01_to_DB02#alt3,3,bwd,27,2200.0,700.0,0.0591,0.0
DK01_to_DB02#alt3,3,bwd,28,2250.0,750.0,0.0748,0.0
DK01_to_DB02#alt3,3,bwd,29,2266.67,800.0,0.0839,0.0
DK01_to_DB02#alt3,3,bwd,30,2250.0,850.0,0.0936,0.0
DK01_to_DB02#alt3,3,bwd,31,2200.0,900.0,0.0904,0.0
DK01_to_DB02#alt3,3,bwd,32,2150.0,950.0,0.0854,0.0
DK01_to_DB02#alt3,3,bwd,33,2100.0,1000.0,0.092,0.0
DK01_to_DB02#alt3,3,bwd,34,2050.0,1050.0,0.1036,0.0
DK01_to_DB02#alt3,3,bwd,35,2000.0,1083.33,0.1146,0.0
DK01_to_DB02#alt3,3,bwd,36,1950.0,1100.0,0.1069,0.0
DK01_to_DB02#alt3,3,bwd,37,1900.0,1100.0,0.0987,0.0
DK01_to_DB02#alt3,3,bwd,38,1850.0,1100.0,0.1062,0.0
DK01_to_DB02#alt3,3,bwd,39,1800.0,1100.0,0.1183,0.0
DK01_to_DB02#alt4,4,bwd,0,1200.0,550.0,0.2151,0.0
DK01_to_DB02#alt4,4,bwd,1,1150.0,600.0,0.2609,0.0
DK01_to_DB02#alt4,4,bwd,2,1116.67,650.0,0.3114,0.0
DK01_to_DB02#alt4,4,bwd,3,1116.67,700.0,0.3114,0.0
DK01_to_DB02#alt4,4,bwd,4,1150.0,750.0,0.2609,0.0
DK01_to_DB02#alt4,4,bwd,5,1200.0,800.0,0.2151,0.0
DK01_to_DB02#alt4,4,bwd,6,1250.0,850.0,0.1755,0.0
DK01_to_DB02#alt4,4,bwd,7,1300.0,900.0,0.1422,0.0
DK01_to_DB02#alt4,4,bwd,8,1350.0,950.0,0.1146,0.0
DK01_to_DB02#alt4,4,bwd,9,1400.0,1000.0,0.1353,0.0
DK01_to_DB02#alt4,4,bwd,10,1450.0,1050.0,0.1587,0.0
DK01_to_DB02#alt4,4,bwd,11,1500.0,1083.33,0.1827,0.0
DK01_to_DB02#alt4,4,bwd,12,1550.0,1100.0,0.1755,0.0
DK01_to_DB02#alt4,4,bwd,13,1600.0,1100.0,0.1661,0.0
DK01_to_DB02#alt4,4,bwd,14,1650.0,1100.0,0.1551,0.0
DK01_to_DB02#alt4,4,bwd,15,1700.0,1100.0,0.1432,0.0
DK01_to_DB02#alt4,4,bwd,16,1750.0,1100.0,0.1308,0.0
DK01_to_DB02#alt4,4,bwd,17,1800.0,1100.0,0.1183,0.0
DK01_to_DB02#alt7,7,bwd,0,1200.0,550.0,0.2151,0.0
DK01_to_DB02#alt7,7,bwd,1,1150.0,600.0,0.2609,0.0
DK01_to_DB02#alt7,7,bwd,2,1116.67,650.0,0.3114,0.0
DK01_to_DB02#alt7,7,bwd,3,1100.0,700.0,0.3114,0.0
DK01_to_DB02#alt7,7,bwd,4,1100.0,750.0,0.3077,0.0
DK01_to_DB02#alt7,7,bwd,5,1116.67,800.0,0.2972,0.0
DK01_to_DB02#alt7,7,bwd,6,1150.0,850.0,0.2407,0.0
DK01_to_DB02#alt7,7,bwd,7,1200.0,900.0,0.1937,0.0
DK01_to_DB02#alt7,7,bwd,8,1250.0,950.0,0.1551,0.0
DK01_to_DB02#alt7,7,bwd,9,1300.0,1000.0,0.1353,0.0
DK01_to_DB02#alt7,7,bwd,10,1350.0,1050.0,0.1599,0.0
DK01_to_DB02#alt7,7,bwd,11,1400.0,1100.0,0.1889,0.0
DK01_to_DB02#alt7,7,bwd,12,1450.0,1150.0,0.2211,0.0
DK01_to_DB02#alt7,7,bwd,13,1500.0,1200.0,0.253,0.0
DK01_to_DB02#alt7,7,bwd,14,1550.0,1250.0,0.281,0.0
DK01_to_DB02#alt7,7,bwd,15,1600.0,1300.0,0.3006,0.0
DK01_to_DB02#alt7,7,bwd,16,1650.0,1316.67,0.2721,0.0
DK01_to_DB02#alt7,7,bwd,17,1700.0,1300.0,0.2431,0.0
DK01_to_DB02#alt7,7,bwd,18,1750.0,1250.0,0.1921,0.0
DK01_to_DB02#alt7,7,bwd,19,1783.33,1200.0,0.1517,0.0
DK01_to_DB02#alt7,7,bwd,20,1800.0,1150.0,0.1344,0.0
DK01_to_DB02#alt7,7,bwd,21,1800.0,1100.0,0.1183,0.0
DB02_to_DK02#alt0,0,fwd,0,1800.0,1100.0,0.1183,0.0
DB02_to_DK02#alt0,0,fwd,1,1850.0,1150.0,0.1199,0.0
DB02_to_DK02#alt0,0,fwd,2,1900.0,1200.0,0.1335,0.0
DB02_to_DK02#alt0,0,fwd,3,1950.0,1250.0,0.1661,0.0
DB02_to_DK02#alt0,0,fwd,4,2000.0,1300.0,0.2076,0.0
DB02_to_DK02#alt0,0,fwd,5,2050.0,1350.0,0.2609,0.0
DB02_to_DK02#alt0,0,fwd,6,2100.0,1383.33,0.3269,0.0
DB02_to_DK02#alt0,0,fwd,7,2150.0,1400.0,0.3485,0.0
DB02_to_DK02#alt0,0,fwd,8,2200.0,1400.0,0.3628,0.0
DB02_to_DK02#alt0,0,fwd,9,2250.0,1400.0,0.3679,0.0
DB02_to_DK02#alt0,0,fwd,10,2300.0,1400.0,0.3679,0.0
DB02_to_DK02#alt0,0,fwd,11,2350.0,1400.0,0.3679,0.0
DB02_to_DK02#alt0,0,fwd,12,2400.0,1400.0,0.3679,0.0
DB02_to_DK02#alt0,0,fwd,13,2450.0,1416.67,0.3679,0.0
DB02_to_DK02#alt0,0,fwd,14,2500.0,1450.0,0.4346,0.0
DB02_to_DK02#alt0,0,fwd,15,2550.0,1500.0,0.5134,0.0
DB02_to_DK02#alt0,0,fwd,16,2600.0,1550.0,0.5903,0.0
DB02_to_DK02#alt0,0,fwd,17,2650.0,1600.0,0.6241,0.0
DB02_to_DK02#alt0,0,fwd,18,2700.0,1633.33,0.6889,0.0
DB02_to_DK02#alt0,0,fwd,19,2750.0,1633.33,0.6241,0.0
DB02_to_DK02#alt0,0,fwd,20,2800.0,1633.33,0.5483,0.0
DB02_to_DK02#alt0,0,fwd,21,2850.0,1650.0,0.5134,0.0
DB02_to_DK02#alt0,0,fwd,22,2900.0,1700.0,0.4931,0.0
DB02_to_DK02#alt0,0,fwd,23,2950.0,1750.0,0.4746,0.0
DB02_to_DK02#alt0,0,fwd,24,3000.0,1800.0,0.4346,0.0
DB02_to_DK02#alt0,0,fwd,25,3050.0,1850.0,0.4076,0.0
DB02_to_DK02#alt0,0,fwd,26,3100.0,1900.0,0.3628,0.0
DB02_to_DK02#alt0,0,fwd,27,3150.0,1950.0,0.3114,0.0
DB02_to_DK02#alt0,0,fwd,28,3200.0,2000.0,0.2636,0.0
DB02_to_DK02#alt0,0,fwd,29,3250.0,2050.0,0.2231,0.0
DB02_to_DK02#alt0,0,fwd,30,3300.0,2100.0,0.1889,0.0
DB02_to_DK02#alt0,0,fwd,31,3350.0,2133.33,0.1599,0.0
DB02_to_DK02#alt0,0,fwd,32,3400.0,2150.0,0.1353,0.0
DB02_to_DK02#alt0,0,fwd,33,3450.0,2150.0,0.1146,0.0
DB02_to_DK02#alt0,0,fwd,34,3500.0,2150.0,0.097,0.0
DB02_to_DK02#alt0,0,fwd,35,3550.0,2150.0,0.0947,0.0
DB02_to_DK02#alt0,0,fwd,36,3600.0,2150.0,0.1062,0.0
DB02_to_DK02#alt0,0,fwd,37,3650.0,2150.0,0.1183,0.0
DB02_to_DK02#alt0,0,fwd,38,3700.0,2150.0,0.1308,0.0
DB02_to_DK02#alt0,0,fwd,39,3750.0,2150.0,0.1432,0.0
DK02_to_DB02#alt0,0,bwd,0,3750.0,2150.0,0.1432,0.0
DK02_to_DB02#alt0,0,bwd,1,3716.67,2100.0,0.1239,0.0
DK02_to_DB02#alt0,0,bwd,2,3716.67,2050.0,0.1335,0.0
DK02_to_DB02#alt0,0,bwd,3,3733.33,2000.0,0.1661,0.0
DK02_to_DB02#alt0,0,bwd,4,3766.67,1950.0,0.1755,0.0
DK02_to_DB02#alt0,0,bwd,5,3766.67,1900.0,0.1827,0.0
DK02_to_DB02#alt0,0,bwd,6,3766.67,1850.0,0.1873,0.0
DK02_to_DB02#alt0,0,bwd,7,3750.0,1800.0,0.1889,0.0
DK02_to_DB02#alt0,0,bwd,8,3733.33,1750.0,0.1889,0.0
DK02_to_DB02#alt0,0,bwd,9,3700.0,1700.0,0.1587,0.0
DK02_to_DB02#alt0,0,bwd,10,3650.0,1650.0,0.1317,0.0
DK02_to_DB02#alt0,0,bwd,11,3600.0,1600.0,0.1082,0.0
DK02_to_DB02#alt0,0,bwd,12,3550.0,1550.0,0.1317,0.0
DK02_to_DB02#alt0,0,bwd,13,3500.0,1500.0,0.1587,0.0
DK02_to_DB02#alt0,0,bwd,14,3450.0,1450.0,0.1889,0.0
DK02_to_DB02#alt0,0,bwd,15,3400.0,1400.0,0.2231,0.0
DK02_to_DB02#alt0,0,bwd,16,3350.0,1350.0,0.2636,0.0
DK02_to_DB02#alt0,0,bwd,17,3300.0,1300.0,0.3114,0.0
DK02_to_DB02#alt0,0,bwd,18,3250.0,1250.0,0.3628,0.0
DK02_to_DB02#alt0,0,bwd,19,3200.0,1200.0,0.4076,0.0
DK02_to_DB02#alt0,0,bwd,20,3150.0,1150.0,0.4346,0.0
DK02_to_DB02#alt0,0,bwd,21,3100.0,1100.0,0.4346,0.0
DK02_to_DB02#alt0,0,bwd,22,3050.0,1066.67,0.4346,0.0
DK02_to_DB02#alt0,0,bwd,23,3000.0,1066.67,0.4746,0.0
DK02_to_DB02#alt0,0,bwd,24,2950.0,1083.33,0.5903,0.0
DK02_to_DB02#alt0,0,bwd,25,2900.0,1116.67,0.6065,0.0
DK02_to_DB02#alt0,0,bwd,26,2850.0,1133.33,0.7165,0.0
DK02_to_DB02#alt0,0,bwd,27,2800.0,1150.0,0.6889,0.0
DK02_to_DB02#alt0,0,bwd,28,2750.0,1166.67,0.6241,0.0
DK02_to_DB02#alt0,0,bwd,29,2700.0,1183.33,0.6241,0.0
DK02_to_DB02#alt0,0,bwd,30,2650.0,1216.67,0.5483,0.0
DK02_to_DB02#alt0,0,bwd,31,2600.0,1216.67,0.4746,0.0
DK02_to_DB02#alt0,0,bwd,32,2550.0,1200.0,0.4076,0.0
DK02_to_DB02#alt0,0,bwd,33,2500.0,1166.67,0.3269,0.0
DK02_to_DB02#alt0,0,bwd,34,2450.0,1150.0,0.281,0.0
DK02_to_DB02#alt0,0,bwd,35,2400.0,1150.0,0.2407,0.0
DK02_to_DB02#alt0,0,bwd,36,2350.0,1150.0,0.2057,0.0
DK02_to_DB02#alt0,0,bwd,37,2300.0,1133.33,0.1755,0.0
DK02_to_DB02#alt0,0,bwd,38,2250.0,1116.67,0.1422,0.0
DK02_to_DB02#alt0,0,bwd,39,2200.0,1100.0,0.1344,0.0
DK02_to_DB02#alt0,0,bwd,40,2150.0,1100.0,0.1317,0.0
DK02_to_DB02#alt0,0,bwd,41,2100.0,1100.0,0.1273,0.0
DK02_to_DB02#alt0,0,bwd,42,2050.0,1100.0,0.1215,0.0
DK02_to_DB02#alt0,0,bwd,43,2000.0,1100.0,0.1146,0.0
DK02_to_DB02#alt0,0,bwd,44,1950.0,1100.0,0.1069,0.0
DK02_to_DB02#alt0,0,bwd,45,1900.0,1100.0,0.0987,0.0
DK02_to_DB02#alt0,0,bwd,46,1850.0,1100.0,0.1062,0.0
DK02_to_DB02#alt0,0,bwd,47,1800.0,1100.0,0.1183,0.0
DB02_to_DK02#alt1,1,fwd,0,1800.0,1100.0,0.1183,0.0
DB02_to_DK02#alt1,1,fwd,1,1850.0,1150.0,0.1199,0.0
DB02_to_DK02#alt1,1,fwd,2,1900.0,1200.0,0.1335,0.0
DB02_to_DK02#alt1,1,fwd,3,1950.0,1250.0,0.1661,0.0
DB02_to_DK02#alt1,1,fwd,4,2000.0,1283.33,0.2076,0.0
DB02_to_DK02#alt1,1,fwd,5,2050.0,1300.0,0.2252,0.0
DB02_to_DK02#alt1,1,fwd,6,2100.0,1300.0,0.2407,0.0
DB02_to_DK02#alt1,1,fwd,7,2150.0,1300.0,0.253,0.0
DB02_to_DK02#alt1,1,fwd,8,2200.0,1300.0,0.2609,0.0
DB02_to_DK02#alt1,1,fwd,9,2250.0,1300.0,0.2636,0.0
DB02_to_DK02#alt1,1,fwd,10,2300.0,1300.0,0.2636,0.0
DB02_to_DK02#alt1,1,fwd,11,2350.0,1300.0,0.2636,0.0
DB02_to_DK02#alt1,1,fwd,12,2400.0,1300.0,0.2636,0.0
DB02_to_DK02#alt1,1,fwd,13,2450.0,1300.0,0.3114,0.0
DB02_to_DK02#alt1,1,fwd,14,2500.0,1316.67,0.3679,0.0
DB02_to_DK02#alt1,1,fwd,15,2550.0,1333.33,0.4346,0.0
DB02_to_DK02#alt1,1,fwd,16,2600.0,1366.67,0.5134,0.0
DB02_to_DK02#alt1,1,fwd,17,2650.0,1400.0,0.6065,0.0
DB02_to_DK02#alt1,1,fwd,18,2683.33,1450.0,0.7165,0.0
DB02_to_DK02#alt1,1,fwd,19,2700.0,1500.0,0.6889,0.0
DB02_to_DK02#alt1,1,fwd,20,2750.0,1550.0,0.6889,0.0
DB02_to_DK02#alt1,1,fwd,21,2800.0,1550.0,0.7165,0.0
DB02_to_DK02#alt1,1,fwd,22,2850.0,1550.0,0.7165,0.0
DB02_to_DK02#alt1,1,fwd,23,2900.0,1566.67,0.7165,0.0
DB02_to_DK02#alt1,1,fwd,24,2950.0,1600.0,0.6065,0.0
DB02_to_DK02#alt1,1,fwd,25,3000.0,1650.0,0.503,0.0
DB02_to_DK02#alt1,1,fwd,26,3050.0,1700.0,0.4076,0.0
DB02_to_DK02#alt1,1,fwd,27,3100.0,1750.0,0.3269,0.0
DB02_to_DK02#alt1,1,fwd,28,3150.0,1800.0,0.281,0.0
DB02_to_DK02#alt1,1,fwd,29,3200.0,1850.0,0.253,0.0
DB02_to_DK02#alt1,1,fwd,30,3250.0,1900.0,0.2211,0.0
DB02_to_DK02#alt1,1,fwd,31,3300.0,1950.0,0.1889,0.0
DB02_to_DK02#alt1,1,fwd,32,3350.0,2000.0,0.1599,0.0
DB02_to_DK02#alt1,1,fwd,33,3400.0,2033.33,0.1353,0.0
DB02_to_DK02#alt1,1,fwd,34,3450.0,2066.67,0.1146,0.0
DB02_to_DK02#alt1,1,fwd,35,3500.0,2083.33,0.097,0.0
DB02_to_DK02#alt1,1,fwd,36,3550.0,2116.67,0.0839,0.0
DB02_to_DK02#alt1,1,fwd,37,3600.0,2150.0,0.1062,0.0
DB02_to_DK02#alt1,1,fwd,38,3650.0,2166.67,0.1183,0.0
DB02_to_DK02#alt1,1,fwd,39,3700.0,2166.67,0.1308,0.0
DB02_to_DK02#alt1,1,fwd,40,3750.0,2150.0,0.1432,0.0
DK02_to_DB02#alt1,1,bwd,0,3750.0,2150.0,0.1432,0.0
DK02_to_DB02#alt1,1,bwd,1,3800.0,2100.0,0.1648,0.0
DK02_to_DB02#alt1,1,bwd,2,3850.0,2050.0,0.2076,0.0
DK02_to_DB02#alt1,1,bwd,3,3900.0,2000.0,0.2609,0.0
DK02_to_DB02#alt1,1,bwd,4,3933.33,1950.0,0.3269,0.0
DK02_to_DB02#alt1,1,bwd,5,3950.0,1900.0,0.3485,0.0
DK02_to_DB02#alt1,1,bwd,6,3950.0,1850.0,0.3628,0.0
DK02_to_DB02#alt1,1,bwd,7,3966.67,1800.0,0.3679,0.0
DK02_to_DB02#alt1,1,bwd,8,3966.67,1750.0,0.3679,0.0
DK02_to_DB02#alt1,1,bwd,9,3950.0,1700.0,0.3628,0.0
DK02_to_DB02#alt1,1,bwd,10,3916.67,1650.0,0.2972,0.0
DK02_to_DB02#alt1,1,bwd,11,3916.67,1600.0,0.281,0.0
DK02_to_DB02#alt1,1,bwd,12,3933.33,1550.0,0.3006,0.0
DK02_to_DB02#alt1,1,bwd,13,3950.0,1500.0,0.2721,0.0
DK02_to_DB02#alt1,1,bwd,14,3950.0,1450.0,0.2431,0.0
DK02_to_DB02#alt1,1,bwd,15,3950.0,1400.0,0.2151,0.0
DK02_to_DB02#alt1,1,bwd,16,3950.0,1350.0,0.1921,0.0
DK02_to_DB02#alt1,1,bwd,17,3933.33,1300.0,0.17,0.0
DK02_to_DB02#alt1,1,bwd,18,3900.0,1250.0,0.1661,0.0
DK02_to_DB02#alt1,1,bwd,19,3850.0,1200.0,0.2057,0.0
DK02_to_DB02#alt1,1,bwd,20,3800.0,1150.0,0.253,0.0
DK02_to_DB02#alt1,1,bwd,21,3750.0,1100.0,0.3077,0.0
DK02_to_DB02#alt1,1,bwd,22,3700.0,1050.0,0.3679,0.0
DK02_to_DB02#alt1,1,bwd,23,3650.0,1000.0,0.4346,0.0
DK02_to_DB02#alt1,1,bwd,24,3600.0,966.67,0.503,0.0
DK02_to_DB02#alt1,1,bwd,25,3550.0,950.0,0.4746,0.0
DK02_to_DB02#alt1,1,bwd,26,3500.0,950.0,0.4346,0.0
DK02_to_DB02#alt1,1,bwd,27,3450.0,933.33,0.4076,0.0
DK02_to_DB02#alt1,1,bwd,28,3400.0,900.0,0.4346,0.0
DK02_to_DB02#alt1,1,bwd,29,3350.0,850.0,0.4346,0.0
DK02_to_DB02#alt1,1,bwd,30,3300.0,833.33,0.3895,0.0
DK02_to_DB02#alt1,1,bwd,31,3250.0,833.33,0.344,0.0
DK02_to_DB02#alt1,1,bwd,32,3200.0,833.33,0.3077,0.0
DK02_to_DB02#alt1,1,bwd,33,3150.0,816.67,0.3077,0.0
DK02_to_DB02#alt1,1,bwd,34,3100.0,800.0,0.2721,0.0
DK02_to_DB02#alt1,1,bwd,35,3050.0,800.0,0.2431,0.0
DK02_to_DB02#alt1,1,bwd,36,3000.0,800.0,0.2151,0.0
DK02_to_DB02#alt1,1,bwd,37,2950.0,816.67,0.2211,0.0
DK02_to_DB02#alt1,1,bwd,38,2900.0,833.33,0.2636,0.0
DK02_to_DB02#alt1,1,bwd,39,2850.0,850.0,0.2636,0.0
DK02_to_DB02#alt1,1,bwd,40,2800.0,850.0,0.2609,0.0
DK02_to_DB02#alt1,1,bwd,41,2750.0,866.67,0.253,0.0
DK02_to_DB02#alt1,1,bwd,42,2700.0,900.0,0.281,0.0
DK02_to_DB02#alt1,1,bwd,43,2650.0,933.33,0.3006,0.0
DK02_to_DB02#alt1,1,bwd,44,2600.0,950.0,0.2721,0.0
DK02_to_DB02#alt1,1,bwd,45,2550.0,950.0,0.2431,0.0
DK02_to_DB02#alt1,1,bwd,46,2500.0,966.67,0.2151,0.0
DK02_to_DB02#alt1,1,bwd,47,2450.0,1000.0,0.2151,0.0
DK02_to_DB02#alt1,1,bwd,48,2400.0,1033.33,0.2076,0.0
DK02_to_DB02#alt1,1,bwd,49,2350.0,1050.0,0.1798,0.0
DK02_to_DB02#alt1,1,bwd,50,2300.0,1066.67,0.1551,0.0
DK02_to_DB02#alt1,1,bwd,51,2250.0,1083.33,0.1422,0.0
DK02_to_DB02#alt1,1,bwd,52,2200.0,1100.0,0.1344,0.0
DK02_to_DB02#alt1,1,bwd,53,2150.0,1100.0,0.1317,0.0
DK02_to_DB02#alt1,1,bwd,54,2100.0,1100.0,0.1273,0.0
DK02_to_DB02#alt1,1,bwd,55,2050.0,1100.0,0.1215,0.0
DK02_to_DB02#alt1,1,bwd,56,2000.0,1100.0,0.1146,0.0
DK02_to_DB02#alt1,1,bwd,57,1950.0,1100.0,0.1069,0.0
DK02_to_DB02#alt1,1,bwd,58,1900.0,1100.0,0.0987,0.0
DK02_to_DB02#alt1,1,bwd,59,1850.0,1100.0,0.1062,0.0
DK02_to_DB02#alt1,1,bwd,60,1800.0,1100.0,0.1183,0.0
DB02_to_DK02#alt2,2,fwd,0,1800.0,1100.0,0.1183,0.0
DB02_to_DK02#alt2,2,fwd,1,1850.0,1050.0,0.0936,0.0
DB02_to_DK02#alt2,2,fwd,2,1900.0,1000.0,0.074,0.0
DB02_to_DK02#alt2,2,fwd,3,1950.0,950.0,0.0677,0.0
DB02_to_DK02#alt2,2,fwd,4,2000.0,900.0,0.0612,0.0
DB02_to_DK02#alt2,2,fwd,5,2050.0,850.0,0.0544,0.0
DB02_to_DK02#alt2,2,fwd,6,2100.0,800.0,0.0568,0.0
DB02_to_DK02#alt2,2,fwd,7,2150.0,750.0,0.0585,0.0
DB02_to_DK02#alt2,2,fwd,8,2200.0,716.67,0.0591,0.0
DB02_to_DK02#alt2,2,fwd,9,2250.0,700.0,0.0663,0.0
DB02_to_DK02#alt2,2,fwd,10,2300.0,683.33,0.0748,0.0
DB02_to_DK02#alt2,2,fwd,11,2350.0,650.0,0.074,0.0
DB02_to_DK02#alt2,2,fwd,12,2400.0,616.67,0.0717,0.0
DB02_to_DK02#alt2,2,fwd,13,2450.0,600.0,0.0785,0.0
DB02_to_DK02#alt2,2,fwd,14,2500.0,600.0,0.0854,0.0
DB02_to_DK02#alt2,2,fwd,15,2550.0,600.0,0.092,0.0
DB02_to_DK02#alt2,2,fwd,16,2600.0,600.0,0.1036,0.0
DB02_to_DK02#alt2,2,fwd,17,2650.0,600.0,0.1215,0.0
DB02_to_DK02#alt2,2,fwd,18,2700.0,600.0,0.1422,0.0
DB02_to_DK02#alt2,2,fwd,19,2750.0,600.0,0.1661,0.0
DB02_to_DK02#alt2,2,fwd,20,2800.0,600.0,0.1937,0.0
DB02_to_DK02#alt2,2,fwd,21,2850.0,600.0,0.2252,0.0
DB02_to_DK02#alt2,2,fwd,22,2900.0,600.0,0.2609,0.0
DB02_to_DK02#alt2,2,fwd,23,2950.0,616.67,0.3006,0.0
DB02_to_DK02#alt2,2,fwd,24,3000.0,650.0,0.3077,0.0
DB02_to_DK02#alt2,2,fwd,25,3050.0,683.33,0.3077,0.0
DB02_to_DK02#alt2,2,fwd,26,3100.0,700.0,0.344,0.0
DB02_to_DK02#alt2,2,fwd,27,3150.0,700.0,0.3895,0.0
DB02_to_DK02#alt2,2,fwd,28,3200.0,716.67,0.4346,0.0
DB02_to_DK02#alt2,2,fwd,29,3250.0,750.0,0.4346,0.0
DB02_to_DK02#alt2,2,fwd,30,3300.0,800.0,0.4346,0.0
DB02_to_DK02#alt2,2,fwd,31,3350.0,833.33,0.4346,0.0
DB02_to_DK02#alt2,2,fwd,32,3400.0,850.0,0.4931,0.0
DB02_to_DK02#alt2,2,fwd,33,3450.0,850.0,0.5483,0.0
DB02_to_DK02#alt2,2,fwd,34,3500.0,850.0,0.5903,0.0
DB02_to_DK02#alt2,2,fwd,35,3550.0,850.0,0.6241,0.0
DB02_to_DK02#alt2,2,fwd,36,3600.0,850.0,0.6889,0.0
DB02_to_DK02#alt2,2,fwd,37,3650.0,866.67,0.7165,0.0
DB02_to_DK02#alt2,2,fwd,38,3700.0,900.0,0.6065,0.0
DB02_to_DK02#alt2,2,fwd,39,3750.0,950.0,0.503,0.0
DB02_to_DK02#alt2,2,fwd,40,3800.0,1000.0,0.4076,0.0
DB02_to_DK02#alt2,2,fwd,41,3850.0,1050.0,0.3269,0.0
DB02_to_DK02#alt2,2,fwd,42,3900.0,1100.0,0.2609,0.0
DB02_to_DK02#alt2,2,fwd,43,3950.0,1150.0,0.2076,0.0
DB02_to_DK02#alt2,2,fwd,44,4000.0,1200.0,0.1648,0.0
DB02_to_DK02#alt2,2,fwd,45,4050.0,1250.0,0.1798,0.0
DB02_to_DK02#alt2,2,fwd,46,4100.0,1300.0,0.2252,0.0
DB02_to_DK02#alt2,2,fwd,47,4133.33,1350.0,0.281,0.0
DB02_to_DK02#alt2,2,fwd,48,4150.0,1400.0,0.3269,0.0
DB02_to_DK02#alt2,2,fwd,49,4150.0,1450.0,0.3784,0.0
DB02_to_DK02#alt2,2,fwd,50,4150.0,1500.0,0.4346,0.0
DB02_to_DK02#alt2,2,fwd,51,4150.0,1550.0,0.4931,0.0
DB02_to_DK02#alt2,2,fwd,52,4150.0,1600.0,0.5483,0.0
DB02_to_DK02#alt2,2,fwd,53,4150.0,1650.0,0.6241,0.0
DB02_to_DK02#alt2,2,fwd,54,4150.0,1700.0,0.6889,0.0
DB02_to_DK02#alt2,2,fwd,55,4150.0,1750.0,0.7165,0.0
DB02_to_DK02#alt2,2,fwd,56,4150.0,1800.0,0.7165,0.0
DB02_to_DK02#alt2,2,fwd,57,4133.33,1850.0,0.6889,0.0
DB02_to_DK02#alt2,2,fwd,58,4100.0,1900.0,0.5483,0.0
DB02_to_DK02#alt2,2,fwd,59,4066.67,1950.0,0.4346,0.0
DB02_to_DK02#alt2,2,fwd,60,4033.33,2000.0,0.3895,0.0
DB02_to_DK02#alt2,2,fwd,61,4000.0,2050.0,0.3077,0.0
DB02_to_DK02#alt2,2,fwd,62,3950.0,2100.0,0.2431,0.0
DB02_to_DK02#alt2,2,fwd,63,3900.0,2133.33,0.1921,0.0
DB02_to_DK02#alt2,2,fwd,64,3850.0,2150.0,0.17,0.0
DB02_to_DK02#alt2,2,fwd,65,3800.0,2150.0,0.1551,0.0
DB02_to_DK02#alt2,2,fwd,66,3750.0,2150.0,0.1432,0.0
DB02_to_DK02#alt3,3,fwd,0,1800.0,1100.0,0.1183,0.0
DB02_to_DK02#alt3,3,fwd,1,1850.0,1050.0,0.0936,0.0
DB02_to_DK02#alt3,3,fwd,2,1900.0,1000.0,0.074,0.0
DB02_to_DK02#alt3,3,fwd,3,1950.0,950.0,0.0677,0.0
DB02_to_DK02#alt3,3,fwd,4,2000.0,900.0,0.0612,0.0
DB02_to_DK02#alt3,3,fwd,5,2050.0,850.0,0.0544,0.0
DB02_to_DK02#alt3,3,fwd,6,2100.0,800.0,0.0568,0.0
DB02_to_DK02#alt3,3,fwd,7,2150.0,750.0,0.0585,0.0
DB02_to_DK02#alt3,3,fwd,8,2200.0,700.0,0.0591,0.0
DB02_to_DK02#alt3,3,fwd,9,2250.0,650.0,0.0591,0.0
DB02_to_DK02#alt3,3,fwd,10,2300.0,600.0,0.0585,0.0
DB02_to_DK02#alt3,3,fwd,11,2350.0,550.0,0.0568,0.0
DB02_to_DK02#alt3,3,fwd,12,2400.0,500.0,0.0577,0.0
DB02_to_DK02#alt3,3,fwd,13,2450.0,450.0,0.0691,0.0
DB02_to_DK02#alt3,3,fwd,14,2500.0,400.0,0.0821,0.0
DB02_to_DK02#alt3,3,fwd,15,2550.0,350.0,0.097,0.0
DB02_to_DK02#alt3,3,fwd,16,2600.0,300.0,0.1146,0.0
DB02_to_DK02#alt3,3,fwd,17,2650.0,266.67,0.1344,0.0
DB02_to_DK02#alt3,3,fwd,18,2700.0,250.0,0.1587,0.0
DB02_to_DK02#alt3,3,fwd,19,2750.0,250.0,0.1873,0.0
DB02_to_DK02#alt3,3,fwd,20,2800.0,233.33,0.2211,0.0
DB02_to_DK02#alt3,3,fwd,21,2850.0,200.0,0.253,0.0
DB02_to_DK02#alt3,3,fwd,22,2900.0,166.67,0.281,0.0
DB02_to_DK02#alt3,3,fwd,23,2950.0,150.0,0.3269,0.0
DB02_to_DK02#alt3,3,fwd,24,3000.0,166.67,0.3784,0.0
DB02_to_DK02#alt3,3,fwd,25,3050.0,183.33,0.4746,0.0
DB02_to_DK02#alt3,3,fwd,26,3100.0,200.0,0.5483,0.0
DB02_to_DK02#alt3,3,fwd,27,3150.0,183.33,0.6241,0.0
DB02_to_DK02#alt3,3,fwd,28,3200.0,166.67,0.5903,0.0
DB02_to_DK02#alt3,3,fwd,29,3250.0,166.67,0.6065,0.0
DB02_to_DK02#alt3,3,fwd,30,3300.0,183.33,0.7165,0.0
DB02_to_DK02#alt3,3,fwd,31,3350.0,200.0,0.7165,0.0
DB02_to_DK02#alt3,3,fwd,32,3400.0,200.0,0.7165,0.0
DB02_to_DK02#alt3,3,fwd,33,3450.0,200.0,0.7165,0.0
DB02_to_DK02#alt3,3,fwd,34,3500.0,200.0,0.7165,0.0
DB02_to_DK02#alt3,3,fwd,35,3550.0,200.0,0.7165,0.0
DB02_to_DK02#alt3,3,fwd,36,3600.0,200.0,0.7165,0.0
DB02_to_DK02#alt3,3,fwd,37,3650.0,216.67,0.6889,0.0
DB02_to_DK02#alt3,3,fwd,38,3700.0,233.33,0.6889,0.0
DB02_to_DK02#alt3,3,fwd,39,3750.0,250.0,0.6241,0.0
DB02_to_DK02#alt3,3,fwd,40,3800.0,250.0,0.5483,0.0
DB02_to_DK02#alt3,3,fwd,41,3850.0,250.0,0.503,0.0
DB02_to_DK02#alt3,3,fwd,42,3900.0,266.67,0.5483,0.0
DB02_to_DK02#alt3,3,fwd,43,3933.33,300.0,0.6889,0.0
DB02_to_DK02#alt3,3,fwd,44,3950.0,350.0,0.7165,0.0
DB02_to_DK02#alt3,3,fwd,45,3950.0,400.0,0.7165,0.0
DB02_to_DK02#alt3,3,fwd,46,3950.0,450.0,0.7165,0.0
DB02_to_DK02#alt3,3,fwd,47,3966.67,500.0,0.6889,0.0
DB02_to_DK02#alt3,3,fwd,48,3983.33,550.0,0.7165,0.0
DB02_to_DK02#alt3,3,fwd,49,4000.0,600.0,0.6889,0.0
DB02_to_DK02#alt3,3,fwd,50,4050.0,650.0,0.6889,0.0
DB02_to_DK02#alt3,3,fwd,51,4100.0,700.0,0.6241,0.0
DB02_to_DK02#alt3,3,fwd,52,4150.0,750.0,0.5903,0.0
DB02_to_DK02#alt3,3,fwd,53,4200.0,800.0,0.5134,0.0
DB02_to_DK02#alt3,3,fwd,54,4250.0,850.0,0.4346,0.0
DB02_to_DK02#alt3,3,fwd,55,4300.0,900.0,0.3679,0.0
DB02_to_DK02#alt3,3,fwd,56,4350.0,950.0,0.3077,0.0
DB02_to_DK02#alt3,3,fwd,57,4400.0,1000.0,0.253,0.0
DB02_to_DK02#alt3,3,fwd,58,4450.0,1050.0,0.2057,0.0
DB02_to_DK02#alt3,3,fwd,59,4500.0,1100.0,0.1661,0.0
DB02_to_DK02#alt3,3,fwd,60,4550.0,1150.0,0.1495,0.0
DB02_to_DK02#alt3,3,fwd,61,4600.0,1200.0,0.1661,0.0
DB02_to_DK02#alt3,3,fwd,62,4650.0,1250.0,0.1798,0.0
DB02_to_DK02#alt3,3,fwd,63,4700.0,1300.0,0.1889,0.0
DB02_to_DK02#alt3,3,fwd,64,4750.0,1350.0,0.1921,0.0
DB02_to_DK02#alt3,3,fwd,65,4783.33,1400.0,0.1921,0.0
DB02_to_DK02#alt3,3,fwd,66,4783.33,1450.0,0.2151,0.0
DB02_to_DK02#alt3,3,fwd,67,4750.0,1500.0,0.2721,0.0
DB02_to_DK02#alt3,3,fwd,68,4700.0,1550.0,0.344,0.0
DB02_to_DK02#alt3,3,fwd,69,4666.67,1600.0,0.4346,0.0
DB02_to_DK02#alt3,3,fwd,70,4650.0,1650.0,0.4746,0.0
DB02_to_DK02#alt3,3,fwd,71,4650.0,1700.0,0.503,0.0
DB02_to_DK02#alt3,3,fwd,72,4633.33,1750.0,0.5134,0.0
DB02_to_DK02#alt3,3,fwd,73,4600.0,1800.0,0.6065,0.0
DB02_to_DK02#alt3,3,fwd,74,4550.0,1850.0,0.6889,0.0
DB02_to_DK02#alt3,3,fwd,75,4500.0,1900.0,0.6889,0.0
DB02_to_DK02#alt3,3,fwd,76,4450.0,1950.0,0.6889,0.0
DB02_to_DK02#alt3,3,fwd,77,4400.0,2000.0,0.6065,0.0
DB02_to_DK02#alt3,3,fwd,78,4350.0,2050.0,0.5134,0.0
DB02_to_DK02#alt3,3,fwd,79,4300.0,2100.0,0.4346,0.0
DB02_to_DK02#alt3,3,fwd,80,4250.0,2150.0,0.3628,0.0
DB02_to_DK02#alt3,3,fwd,81,4200.0,2200.0,0.2972,0.0
DB02_to_DK02#alt3,3,fwd,82,4150.0,2250.0,0.2636,0.0
DB02_to_DK02#alt3,3,fwd,83,4100.0,2300.0,0.3114,0.0
DB02_to_DK02#alt3,3,fwd,84,4050.0,2316.67,0.3114,0.0
DB02_to_DK02#alt3,3,fwd,85,4000.0,2300.0,0.3077,0.0
DB02_to_DK02#alt3,3,fwd,86,3950.0,2266.67,0.253,0.0
DB02_to_DK02#alt3,3,fwd,87,3900.0,2250.0,0.2407,0.0
DB02_to_DK02#alt3,3,fwd,88,3850.0,2250.0,0.2252,0.0
DB02_to_DK02#alt3,3,fwd,89,3800.0,2233.33,0.2076,0.0
DB02_to_DK02#alt3,3,fwd,90,3766.67,2200.0,0.1648,0.0
DB02_to_DK02#alt3,3,fwd,91,3750.0,2150.0,0.1432,0.0
DB02_to_DK02#alt6,6,fwd,0,1800.0,1100.0,0.1183,0.0
DB02_to_DK02#alt6,6,fwd,1,1850.0,1050.0,0.0936,0.0
DB02_to_DK02#alt6,6,fwd,2,1900.0,1000.0,0.074,0.0
DB02_to_DK02#alt6,6,fwd,3,1950.0,950.0,0.0677,0.0
DB02_to_DK02#alt6,6,fwd,4,1983.33,900.0,0.0612,0.0
DB02_to_DK02#alt6,6,fwd,5,2000.0,850.0,0.0522,0.0
DB02_to_DK02#alt6,6,fwd,6,2016.67,800.0,0.0444,0.0
DB02_to_DK02#alt6,6,fwd,7,2050.0,750.0,0.045,0.0
DB02_to_DK02#alt6,6,fwd,8,2100.0,700.0,0.0463,0.0
DB02_to_DK02#alt6,6,fwd,9,2150.0,650.0,0.0467,0.0
DB02_to_DK02#alt6,6,fwd,10,2200.0,600.0,0.0467,0.0
DB02_to_DK02#alt6,6,fwd,11,2233.33,550.0,0.0463,0.0
DB02_to_DK02#alt6,6,fwd,12,2266.67,500.0,0.0407,0.0
DB02_to_DK02#alt6,6,fwd,13,2300.0,450.0,0.042,0.0
DB02_to_DK02#alt6,6,fwd,14,2350.0,400.0,0.0498,0.0
DB02_to_DK02#alt6,6,fwd,15,2400.0,350.0,0.0588,0.0
DB02_to_DK02#alt6,6,fwd,16,2450.0,300.0,0.0695,0.0
DB02_to_DK02#alt6,6,fwd,17,2500.0,250.0,0.0816,0.0
DB02_to_DK02#alt6,6,fwd,18,2550.0,200.0,0.0947,0.0
DB02_to_DK02#alt6,6,fwd,19,2600.0,150.0,0.1082,0.0
DB02_to_DK02#alt6,6,fwd,20,2650.0,100.0,0.1215,0.0
DB02_to_DK02#alt6,6,fwd,21,2700.0,66.67,0.1335,0.0
DB02_to_DK02#alt6,6,fwd,22,2750.0,50.0,0.1551,0.0
DB02_to_DK02#alt6,6,fwd,23,2800.0,50.0,0.1798,0.0
DB02_to_DK02#alt6,6,fwd,24,2850.0,50.0,0.2076,0.0
DB02_to_DK02#alt6,6,fwd,25,2900.0,50.0,0.2384,0.0
DB02_to_DK02#alt6,6,fwd,26,2950.0,50.0,0.2721,0.0
DB02_to_DK02#alt6,6,fwd,27,3000.0,50.0,0.3077,0.0
DB02_to_DK02#alt6,6,fwd,28,3050.0,50.0,0.344,0.0
DB02_to_DK02#alt6,6,fwd,29,3100.0,50.0,0.3784,0.0
DB02_to_DK02#alt6,6,fwd,30,3150.0,50.0,0.4076,0.0
DB02_to_DK02#alt6,6,fwd,31,3200.0,50.0,0.4275,0.0
DB02_to_DK02#alt6,6,fwd,32,3250.0,50.0,0.4346,0.0
DB02_to_DK02#alt6,6,fwd,33,3300.0,50.0,0.4346,0.0
DB02_to_DK02#alt6,6,fwd,34,3350.0,50.0,0.4346,0.0
DB02_to_DK02#alt6,6,fwd,35,3400.0,50.0,0.4346,0.0
DB02_to_DK02#alt6,6,fwd,36,3450.0,50.0,0.4346,0.0
DB02_to_DK02#alt6,6,fwd,37,3500.0,50.0,0.4346,0.0
DB02_to_DK02#alt6,6,fwd,38,3550.0,50.0,0.4346,0.0
DB02_to_DK02#alt6,6,fwd,39,3600.0,50.0,0.4346,0.0
DB02_to_DK02#alt6,6,fwd,40,3650.0,66.67,0.4275,0.0
DB02_to_DK02#alt6,6,fwd,41,3700.0,100.0,0.4746,0.0
DB02_to_DK02#alt6,6,fwd,42,3750.0,133.33,0.4931,0.0
DB02_to_DK02#alt6,6,fwd,43,3800.0,150.0,0.4346,0.0
DB02_to_DK02#alt6,6,fwd,44,3850.0,150.0,0.3895,0.0
DB02_to_DK02#alt6,6,fwd,45,3900.0,150.0,0.4346,0.0
DB02_to_DK02#alt6,6,fwd,46,3950.0,166.67,0.4931,0.0
DB02_to_DK02#alt6,6,fwd,47,4000.0,166.67,0.5483,0.0
DB02_to_DK02#alt6,6,fwd,48,4050.0,166.67,0.6241,0.0
DB02_to_DK02#alt6,6,fwd,49,4100.0,150.0,0.6889,0.0
DB02_to_DK02#alt6,6,fwd,50,4150.0,150.0,0.7165,0.0
DB02_to_DK02#alt6,6,fwd,51,4200.0,150.0,0.7165,0.0
DB02_to_DK02#alt6,6,fwd,52,4250.0,150.0,0.7165,0.0
DB02_to_DK02#alt6,6,fwd,53,4300.0,150.0,0.7165,0.0
DB02_to_DK02#alt6,6,fwd,54,4350.0,150.0,0.7165,0.0
DB02_to_DK02#alt6,6,fwd,55,4400.0,150.0,0.6889,0.0
DB02_to_DK02#alt6,6,fwd,56,4450.0,200.0,0.6889,0.0
DB02_to_DK02#alt6,6,fwd,57,4483.33,250.0,0.6889,0.0
DB02_to_DK02#alt6,6,fwd,58,4500.0,300.0,0.7165,0.0
DB02_to_DK02#alt6,6,fwd,59,4500.0,350.0,0.7165,0.0
DB02_to_DK02#alt6,6,fwd,60,4500.0,400.0,0.7165,0.0
DB02_to_DK02#alt6,6,fwd,61,4516.67,450.0,0.7165,0.0
DB02_to_DK02#alt6,6,fwd,62,4533.33,500.0,0.6065,0.0
DB02_to_DK02#alt6,6,fwd,63,4550.0,550.0,0.5903,0.0
DB02_to_DK02#alt6,6,fwd,64,4566.67,600.0,0.5483,0.0
DB02_to_DK02#alt6,6,fwd,65,4600.0,650.0,0.4346,0.0
DB02_to_DK02#alt6,6,fwd,66,4650.0,700.0,0.344,0.0
DB02_to_DK02#alt6,6,fwd,67,4700.0,750.0,0.2721,0.0
DB02_to_DK02#alt6,6,fwd,68,4733.33,800.0,0.2151,0.0
DB02_to_DK02#alt6,6,fwd,69,4750.0,850.0,0.1921,0.0
DB02_to_DK02#alt6,6,fwd,70,4750.0,900.0,0.17,0.0
DB02_to_DK02#alt6,6,fwd,71,4750.0,950.0,0.1517,0.0
DB02_to_DK02#alt6,6,fwd,72,4750.0,1000.0,0.1344,0.0
DB02_to_DK02#alt6,6,fwd,73,4750.0,1050.0,0.1199,0.0
DB02_to_DK02#alt6,6,fwd,74,4750.0,1100.0,0.1062,0.0
DB02_to_DK02#alt6,6,fwd,75,4766.67,1150.0,0.1138,0.0
DB02_to_DK02#alt6,6,fwd,76,4800.0,1200.0,0.1183,0.0
DB02_to_DK02#alt6,6,fwd,77,4833.33,1250.0,0.1199,0.0
DB02_to_DK02#alt6,6,fwd,78,4850.0,1300.0,0.1344,0.0
DB02_to_DK02#alt6,6,fwd,79,4850.0,1350.0,0.1517,0.0
DB02_to_DK02#alt6,6,fwd,80,4850.0,1400.0,0.17,0.0
DB02_to_DK02#alt6,6,fwd,81,4850.0,1450.0,0.1889,0.0
DB02_to_DK02#alt6,6,fwd,82,4850.0,1500.0,0.2076,0.0
DB02_to_DK02#alt6,6,fwd,83,4850.0,1550.0,0.2252,0.0
DB02_to_DK02#alt6,6,fwd,84,4850.0,1600.0,0.2407,0.0
DB02_to_DK02#alt6,6,fwd,85,4850.0,1650.0,0.253,0.0
DB02_to_DK02#alt6,6,fwd,86,4850.0,1700.0,0.2609,0.0
DB02_to_DK02#alt6,6,fwd,87,4850.0,1750.0,0.2636,0.0
DB02_to_DK02#alt6,6,fwd,88,4833.33,1800.0,0.2636,0.0
DB02_to_DK02#alt6,6,fwd,89,4800.0,1850.0,0.3077,0.0
DB02_to_DK02#alt6,6,fwd,90,4750.0,1900.0,0.3485,0.0
DB02_to_DK02#alt6,6,fwd,91,4716.67,1950.0,0.3784,0.0
DB02_to_DK02#alt6,6,fwd,92,4683.33,2000.0,0.344,0.0
DB02_to_DK02#alt6,6,fwd,93,4650.0,2050.0,0.344,0.0
DB02_to_DK02#alt6,6,fwd,94,4600.0,2100.0,0.344,0.0
DB02_to_DK02#alt6,6,fwd,95,4550.0,2150.0,0.3269,0.0
DB02_to_DK02#alt6,6,fwd,96,4500.0,2200.0,0.2972,0.0
DB02_to_DK02#alt6,6,fwd,97,4450.0,2250.0,0.2609,0.0
DB02_to_DK02#alt6,6,fwd,98,4400.0,2300.0,0.2609,0.0
DB02_to_DK02#alt6,6,fwd,99,4350.0,2350.0,0.3269,0.0
DB02_to_DK02#alt6,6,fwd,100,4300.0,2400.0,0.4076,0.0
DB02_to_DK02#alt6,6,fwd,101,4250.0,2450.0,0.503,0.0
DB02_to_DK02#alt6,6,fwd,102,4200.0,2500.0,0.6065,0.0
DB02_to_DK02#alt6,6,fwd,103,4150.0,2533.33,0.7165,0.0
DB02_to_DK02#alt6,6,fwd,104,4100.0,2550.0,0.7165,0.0
DB02_to_DK02#alt6,6,fwd,105,4050.0,2550.0,0.7165,0.0
DB02_to_DK02#alt6,6,fwd,106,4000.0,2550.0,0.6889,0.0
DB02_to_DK02#alt6,6,fwd,107,3950.0,2533.33,0.6241,0.0
DB02_to_DK02#alt6,6,fwd,108,3900.0,2500.0,0.4931,0.0
DB02_to_DK02#alt6,6,fwd,109,3850.0,2450.0,0.3895,0.0
DB02_to_DK02#alt6,6,fwd,110,3800.0,2400.0,0.3077,0.0
DB02_to_DK02#alt6,6,fwd,111,3766.67,2350.0,0.2431,0.0
DB02_to_DK02#alt6,6,fwd,112,3750.0,2300.0,0.2151,0.0
DB02_to_DK02#alt6,6,fwd,113,3750.0,2250.0,0.1889,0.0
DB02_to_DK02#alt6,6,fwd,114,3750.0,2200.0,0.1648,0.0
DB02_to_DK02#alt6,6,fwd,115,3750.0,2150.0,0.1432,0.0
DB01_to_DK06#alt0,0,fwd,0,1000.0,3900.0,0.7165,0.0
DB01_to_DK06#alt0,0,fwd,1,1050.0,3950.0,0.6889,0.0
DB01_to_DK06#alt0,0,fwd,2,1100.0,4000.0,0.6065,0.0
DB01_to_DK06#alt0,0,fwd,3,1150.0,4033.33,0.5483,0.0
DB01_to_DK06#alt0,0,fwd,4,1200.0,4033.33,0.6241,0.0
DB01_to_DK06#alt0,0,fwd,5,1250.0,4016.67,0.7165,0.0
DB01_to_DK06#alt0,0,fwd,6,1300.0,4000.0,0.6889,0.0
DB01_to_DK06#alt0,0,fwd,7,1350.0,4000.0,0.6241,0.0
DB01_to_DK06#alt0,0,fwd,8,1400.0,3983.33,0.6065,0.0
DB01_to_DK06#alt0,0,fwd,9,1450.0,3950.0,0.6889,0.0
DB01_to_DK06#alt0,0,fwd,10,1500.0,3916.67,0.7165,0.0
DB01_to_DK06#alt0,0,fwd,11,1550.0,3883.33,0.6889,0.0
DB01_to_DK06#alt0,0,fwd,12,1600.0,3866.67,0.6889,0.0
DB01_to_DK06#alt0,0,fwd,13,1650.0,3850.0,0.6241,0.0
DB01_to_DK06#alt0,0,fwd,14,1700.0,3850.0,0.6065,0.0
DB01_to_DK06#alt0,0,fwd,15,1750.0,3850.0,0.6065,0.0
DB01_to_DK06#alt0,0,fwd,16,1800.0,3866.67,0.5903,0.0
DB01_to_DK06#alt0,0,fwd,17,1850.0,3866.67,0.5483,0.0
DB01_to_DK06#alt0,0,fwd,18,1900.0,3883.33,0.5903,0.0
DB01_to_DK06#alt0,0,fwd,19,1950.0,3883.33,0.5483,0.0
DB01_to_DK06#alt0,0,fwd,20,2000.0,3916.67,0.4931,0.0
DB01_to_DK06#alt0,0,fwd,21,2050.0,3916.67,0.4346,0.0
DB01_to_DK06#alt0,0,fwd,22,2100.0,3900.0,0.3895,0.0
DB01_to_DK06#alt0,0,fwd,23,2150.0,3866.67,0.4346,0.0
DB01_to_DK06#alt0,0,fwd,24,2200.0,3833.33,0.5134,0.0
DB01_to_DK06#alt0,0,fwd,25,2250.0,3800.0,0.6065,0.0
DB01_to_DK06#alt0,0,fwd,26,2283.33,3750.0,0.7165,0.0
DB01_to_DK06#alt0,0,fwd,27,2300.0,3700.0,0.6889,0.0
DB01_to_DK06#alt0,0,fwd,28,2350.0,3650.0,0.6889,0.0
DB01_to_DK06#alt0,0,fwd,29,2400.0,3600.0,0.6065,0.0
DB01_to_DK06#alt0,0,fwd,30,2450.0,3550.0,0.5134,0.0
DB01_to_DK06#alt0,0,fwd,31,2500.0,3500.0,0.4346,0.0
DB01_to_DK06#alt0,0,fwd,32,2550.0,3450.0,0.3628,0.0
DB01_to_DK06#alt0,0,fwd,33,2600.0,3400.0,0.3679,0.0
DB01_to_DK06#alt0,0,fwd,34,2650.0,3350.0,0.4346,0.0
DB01_to_DK06#alt0,0,fwd,35,2700.0,3300.0,0.503,0.0
DB01_to_DK06#alt0,0,fwd,36,2750.0,3250.0,0.5483,0.0
DB01_to_DK06#alt0,0,fwd,37,2800.0,3200.0,0.5483,0.0
DB01_to_DK06#alt0,0,fwd,38,2850.0,3150.0,0.5483,0.0
DB01_to_DK06#alt0,0,fwd,39,2900.0,3100.0,0.503,0.0
DB01_to_DK06#alt0,0,fwd,40,2950.0,3050.0,0.503,0.0
DB01_to_DK06#alt0,0,fwd,41,3000.0,3000.0,0.5483,0.0
DB01_to_DK06#alt0,0,fwd,42,3050.0,2950.0,0.5483,0.0
DB01_to_DK06#alt0,0,fwd,43,3100.0,2900.0,0.5483,0.0
DB01_to_DK06#alt0,0,fwd,44,3150.0,2850.0,0.5483,0.0
DB01_to_DK06#alt0,0,fwd,45,3200.0,2800.0,0.503,0.0
DB01_to_DK06#alt0,0,fwd,46,3250.0,2783.33,0.5134,0.0
DB01_to_DK06#alt0,0,fwd,47,3300.0,2766.67,0.4346,0.0
DB01_to_DK06#alt0,0,fwd,48,3350.0,2750.0,0.4346,0.0
DB01_to_DK06#alt0,0,fwd,49,3400.0,2700.0,0.3679,0.0
DB01_to_DK06#alt0,0,fwd,50,3450.0,2650.0,0.3114,0.0
DB01_to_DK06#alt0,0,fwd,51,3500.0,2600.0,0.2636,0.0
DB01_to_DK06#alt0,0,fwd,52,3550.0,2550.0,0.2211,0.0
DB01_to_DK06#alt0,0,fwd,53,3600.0,2516.67,0.2252,0.0
DB01_to_DK06#alt0,0,fwd,54,3650.0,2483.33,0.2609,0.0
DB01_to_DK06#alt0,0,fwd,55,3700.0,2450.0,0.2721,0.0
DB01_to_DK06#alt0,0,fwd,56,3750.0,2400.0,0.2721,0.0
DB01_to_DK06#alt0,0,fwd,57,3800.0,2350.0,0.2721,0.0
DB01_to_DK06#alt0,0,fwd,58,3850.0,2300.0,0.2609,0.0
DB01_to_DK06#alt0,0,fwd,59,3900.0,2250.0,0.2407,0.0
DB01_to_DK06#alt0,0,fwd,60,3950.0,2200.0,0.2151,0.0
DB01_to_DK06#alt0,0,fwd,61,4000.0,2150.0,0.2431,0.0
DB01_to_DK06#alt0,0,fwd,62,4033.33,2100.0,0.3077,0.0
DB01_to_DK06#alt0,0,fwd,63,4050.0,2050.0,0.344,0.0
DB01_to_DK06#alt0,0,fwd,64,4050.0,2000.0,0.3895,0.0
DB01_to_DK06#alt0,0,fwd,65,4050.0,1950.0,0.4346,0.0
DB01_to_DK06#alt0,0,fwd,66,4033.33,1900.0,0.4746,0.0
DB01_to_DK06#alt0,0,fwd,67,4000.0,1850.0,0.4275,0.0
DB01_to_DK06#alt0,0,fwd,68,3950.0,1800.0,0.3679,0.0
DB01_to_DK06#alt0,0,fwd,69,3900.0,1750.0,0.3114,0.0
DB01_to_DK06#alt0,0,fwd,70,3850.0,1700.0,0.2609,0.0
DB01_to_DK06#alt0,0,fwd,71,3800.0,1650.0,0.2151,0.0
DB01_to_DK06#alt0,0,fwd,72,3750.0,1600.0,0.1755,0.0
DB01_to_DK06#alt0,0,fwd,73,3700.0,1550.0,0.1422,0.0
DB01_to_DK06#alt0,0,fwd,74,3650.0,1500.0,0.1146,0.0
DB01_to_DK06#alt0,0,fwd,75,3616.67,1450.0,0.1146,0.0
DB01_to_DK06#alt0,0,fwd,76,3600.0,1400.0,0.1146,0.0
DB01_to_DK06#alt0,0,fwd,77,3600.0,1350.0,0.1344,0.0
DB01_to_DK06#alt0,0,fwd,78,3600.0,1300.0,0.1587,0.0
DB01_to_DK06#alt0,0,fwd,79,3600.0,1250.0,0.1873,0.0
DB01_to_DK06#alt0,0,fwd,80,3600.0,1200.0,0.2211,0.0
DK06_to_DB01#alt0,0,bwd,0,3600.0,1200.0,0.2211,0.0
DK06_to_DB01#alt0,0,bwd,1,3650.0,1250.0,0.1889,0.0
DK06_to_DB01#alt0,0,bwd,2,3700.0,1300.0,0.1599,0.0
DK06_to_DB01#alt0,0,bwd,3,3750.0,1350.0,0.1344,0.0
DK06_to_DB01#alt0,0,bwd,4,3800.0,1400.0,0.1495,0.0
DK06_to_DB01#alt0,0,bwd,5,3850.0,1450.0,0.1889,0.0
DK06_to_DB01#alt0,0,bwd,6,3900.0,1500.0,0.2384,0.0
DK06_to_DB01#alt0,0,bwd,7,3950.0,1550.0,0.3006,0.0
DK06_to_DB01#alt0,0,bwd,8,4000.0,1600.0,0.3784,0.0
DK06_to_DB01#alt0,0,bwd,9,4050.0,1650.0,0.4746,0.0
DK06_to_DB01#alt0,0,bwd,10,4100.0,1700.0,0.5903,0.0
DK06_to_DB01#alt0,0,bwd,11,4133.33,1750.0,0.7165,0.0
DK06_to_DB01#alt0,0,bwd,12,4150.0,1800.0,0.7165,0.0
DK06_to_DB01#alt0,0,bwd,13,4166.67,1850.0,0.6889,0.0
DK06_to_DB01#alt0,0,bwd,14,4200.0,1900.0,0.6889,0.0
DK06_to_DB01#alt0,0,bwd,15,4250.0,1950.0,0.6889,0.0
DK06_to_DB01#alt0,0,bwd,16,4300.0,2000.0,0.6065,0.0
DK06_to_DB01#alt0,0,bwd,17,4350.0,2050.0,0.5134,0.0
DK06_to_DB01#alt0,0,bwd,18,4400.0,2100.0,0.4346,0.0
DK06_to_DB01#alt0,0,bwd,19,4450.0,2150.0,0.3628,0.0
DK06_to_DB01#alt0,0,bwd,20,4500.0,2200.0,0.2972,0.0
DK06_to_DB01#alt0,0,bwd,21,4533.33,2250.0,0.2407,0.0
DK06_to_DB01#alt0,0,bwd,22,4550.0,2300.0,0.2057,0.0
DK06_to_DB01#alt0,0,bwd,23,4550.0,2350.0,0.2151,0.0
DK06_to_DB01#alt0,0,bwd,24,4550.0,2400.0,0.2431,0.0
DK06_to_DB01#alt0,0,bwd,25,4550.0,2450.0,0.2721,0.0
DK06_to_DB01#alt0,0,bwd,26,4550.0,2500.0,0.3006,0.0
DK06_to_DB01#alt0,0,bwd,27,4550.0,2550.0,0.3269,0.0
DK06_to_DB01#alt0,0,bwd,28,4550.0,2600.0,0.3485,0.0
DK06_to_DB01#alt0,0,bwd,29,4533.33,2650.0,0.3784,0.0
DK06_to_DB01#alt0,0,bwd,30,4533.33,2700.0,0.4076,0.0
DK06_to_DB01#alt0,0,bwd,31,4533.33,2750.0,0.4275,0.0
DK06_to_DB01#alt0,0,bwd,32,4550.0,2800.0,0.4346,0.0
DK06_to_DB01#alt0,0,bwd,33,4566.67,2850.0,0.4275,0.0
DK06_to_DB01#alt0,0,bwd,34,4583.33,2900.0,0.3485,0.0
DK06_to_DB01#alt0,0,bwd,35,4600.0,2950.0,0.3269,0.0
DK06_to_DB01#alt0,0,bwd,36,4583.33,3000.0,0.3006,0.0
DK06_to_DB01#alt0,0,bwd,37,4566.67,3050.0,0.3269,0.0
DK06_to_DB01#alt0,0,bwd,38,4533.33,3100.0,0.3006,0.0
DK06_to_DB01#alt0,0,bwd,39,4500.0,3150.0,0.3077,0.0
DK06_to_DB01#alt0,0,bwd,40,4450.0,3200.0,0.3077,0.0
DK06_to_DB01#alt0,0,bwd,41,4416.67,3250.0,0.3006,0.0
DK06_to_DB01#alt0,0,bwd,42,4383.33,3300.0,0.2972,0.0
DK06_to_DB01#alt0,0,bwd,43,4350.0,3350.0,0.3628,0.0
DK06_to_DB01#alt0,0,bwd,44,4316.67,3400.0,0.4346,0.0
DK06_to_DB01#alt0,0,bwd,45,4300.0,3450.0,0.4346,0.0
DK06_to_DB01#alt0,0,bwd,46,4300.0,3500.0,0.4275,0.0
DK06_to_DB01#alt0,0,bwd,47,4300.0,3550.0,0.4076,0.0
DK06_to_DB01#alt0,0,bwd,48,4300.0,3600.0,0.3784,0.0
DK06_to_DB01#alt0,0,bwd,49,4283.33,3650.0,0.344,0.0
DK06_to_DB01#alt0,0,bwd,50,4250.0,3700.0,0.3679,0.0
DK06_to_DB01#alt0,0,bwd,51,4200.0,3750.0,0.4346,0.0
DK06_to_DB01#alt0,0,bwd,52,4150.0,3800.0,0.5134,0.0
DK06_to_DB01#alt0,0,bwd,53,4100.0,3850.0,0.6065,0.0
DK06_to_DB01#alt0,0,bwd,54,4050.0,3900.0,0.6889,0.0
DK06_to_DB01#alt0,0,bwd,55,4016.67,3950.0,0.6889,0.0
DK06_to_DB01#alt0,0,bwd,56,4000.0,4000.0,0.6241,0.0
DK06_to_DB01#alt0,0,bwd,57,4000.0,4050.0,0.5483,0.0
DK06_to_DB01#alt0,0,bwd,58,4016.67,4100.0,0.5134,0.0
DK06_to_DB01#alt0,0,bwd,59,4016.67,4150.0,0.5134,0.0
DK06_to_DB01#alt0,0,bwd,60,4016.67,4200.0,0.503,0.0
DK06_to_DB01#alt0,0,bwd,61,3983.33,4250.0,0.4746,0.0
DK06_to_DB01#alt0,0,bwd,62,3950.0,4300.0,0.4931,0.0
DK06_to_DB01#alt0,0,bwd,63,3900.0,4350.0,0.4931,0.0
DK06_to_DB01#alt0,0,bwd,64,3850.0,4400.0,0.4746,0.0
DK06_to_DB01#alt0,0,bwd,65,3800.0,4450.0,0.4275,0.0
DK06_to_DB01#alt0,0,bwd,66,3750.0,4500.0,0.3679,0.0
DK06_to_DB01#alt0,0,bwd,67,3700.0,4550.0,0.344,0.0
DK06_to_DB01#alt0,0,bwd,68,3650.0,4600.0,0.3269,0.0
DK06_to_DB01#alt0,0,bwd,69,3600.0,4650.0,0.2972,0.0
DK06_to_DB01#alt0,0,bwd,70,3550.0,4683.33,0.2609,0.0
DK06_to_DB01#alt0,0,bwd,71,3500.0,4700.0,0.2211,0.0
DK06_to_DB01#alt0,0,bwd,72,3450.0,4700.0,0.2431,0.0
DK06_to_DB01#alt0,0,bwd,73,3400.0,4700.0,0.2721,0.0
DK06_to_DB01#alt0,0,bwd,74,3350.0,4700.0,0.3006,0.0
DK06_to_DB01#alt0,0,bwd,75,3300.0,4700.0,0.3269,0.0
DK06_to_DB01#alt0,0,bwd,76,3250.0,4700.0,0.3485,0.0
DK06_to_DB01#alt0,0,bwd,77,3200.0,4716.67,0.3784,0.0
DK06_to_DB01#alt0,0,bwd,78,3150.0,4750.0,0.3485,0.0
DK06_to_DB01#alt0,0,bwd,79,3100.0,4800.0,0.3077,0.0
DK06_to_DB01#alt0,0,bwd,80,3050.0,4833.33,0.2636,0.0
DK06_to_DB01#alt0,0,bwd,81,3000.0,4850.0,0.2636,0.0
DK06_to_DB01#alt0,0,bwd,82,2950.0,4850.0,0.2636,0.0
DK06_to_DB01#alt0,0,bwd,83,2900.0,4850.0,0.2609,0.0
DK06_to_DB01#alt0,0,bwd,84,2850.0,4850.0,0.253,0.0
DK06_to_DB01#alt0,0,bwd,85,2800.0,4850.0,0.2407,0.0
DK06_to_DB01#alt0,0,bwd,86,2750.0,4850.0,0.2252,0.0
DK06_to_DB01#alt0,0,bwd,87,2700.0,4850.0,0.2076,0.0
DK06_to_DB01#alt0,0,bwd,88,2650.0,4850.0,0.2151,0.0
DK06_to_DB01#alt0,0,bwd,89,2600.0,4850.0,0.253,0.0
DK06_to_DB01#alt0,0,bwd,90,2550.0,4850.0,0.2972,0.0
DK06_to_DB01#alt0,0,bwd,91,2500.0,4850.0,0.3485,0.0
DK06_to_DB01#alt0,0,bwd,92,2450.0,4850.0,0.4076,0.0
DK06_to_DB01#alt0,0,bwd,93,2400.0,4866.67,0.4746,0.0
DK06_to_DB01#alt0,0,bwd,94,2350.0,4900.0,0.4931,0.0
DK06_to_DB01#alt0,0,bwd,95,2300.0,4933.33,0.4931,0.0
DK06_to_DB01#alt0,0,bwd,96,2250.0,4950.0,0.5483,0.0
DK06_to_DB01#alt0,0,bwd,97,2200.0,4950.0,0.5903,0.0
DK06_to_DB01#alt0,0,bwd,98,2150.0,4950.0,0.6241,0.0
DK06_to_DB01#alt0,0,bwd,99,2100.0,4950.0,0.6889,0.0
DK06_to_DB01#alt0,0,bwd,100,2050.0,4950.0,0.7165,0.0
DK06_to_DB01#alt0,0,bwd,101,2000.0,4950.0,0.7165,0.0
DK06_to_DB01#alt0,0,bwd,102,1950.0,4933.33,0.6889,0.0
DK06_to_DB01#alt0,0,bwd,103,1900.0,4900.0,0.6889,0.0
DK06_to_DB01#alt0,0,bwd,104,1850.0,4850.0,0.6889,0.0
DK06_to_DB01#alt0,0,bwd,105,1800.0,4800.0,0.6889,0.0
DK06_to_DB01#alt0,0,bwd,106,1750.0,4750.0,0.6889,0.0
DK06_to_DB01#alt0,0,bwd,107,1700.0,4700.0,0.6065,0.0
DK06_to_DB01#alt0,0,bwd,108,1650.0,4650.0,0.5134,0.0
DK06_to_DB01#alt0,0,bwd,109,1600.0,4600.0,0.5483,0.0
DK06_to_DB01#alt0,0,bwd,110,1550.0,4566.67,0.6889,0.0
DK06_to_DB01#alt0,0,bwd,111,1500.0,4550.0,0.7165,0.0
DK06_to_DB01#alt0,0,bwd,112,1450.0,4550.0,0.7165,0.0
DK06_to_DB01#alt0,0,bwd,113,1400.0,4550.0,0.7165,0.0
DK06_to_DB01#alt0,0,bwd,114,1350.0,4550.0,0.7165,0.0
DK06_to_DB01#alt0,0,bwd,115,1300.0,4550.0,0.7165,0.0
DK06_to_DB01#alt0,0,bwd,116,1250.0,4550.0,0.7165,0.0
DK06_to_DB01#alt0,0,bwd,117,1200.0,4550.0,0.6889,0.0
DK06_to_DB01#alt0,0,bwd,118,1150.0,4500.0,0.6889,0.0
DK06_to_DB01#alt0,0,bwd,119,1100.0,4450.0,0.6241,0.0
DK06_to_DB01#alt0,0,bwd,120,1066.67,4400.0,0.6889,0.0
DK06_to_DB01#alt0,0,bwd,121,1050.0,4350.0,0.7165,0.0
DK06_to_DB01#alt0,0,bwd,122,1050.0,4300.0,0.7165,0.0
DK06_to_DB01#alt0,0,bwd,123,1033.33,4250.0,0.6889,0.0
DK06_to_DB01#alt0,0,bwd,124,1016.67,4200.0,0.6889,0.0
DK06_to_DB01#alt0,0,bwd,125,1000.0,4150.0,0.6241,0.0
DK06_to_DB01#alt0,0,bwd,126,1000.0,4100.0,0.5483,0.0
DK06_to_DB01#alt0,0,bwd,127,1000.0,4050.0,0.4746,0.0
DK06_to_DB01#alt0,0,bwd,128,1000.0,4000.0,0.5483,0.0
DK06_to_DB01#alt0,0,bwd,129,1000.0,3950.0,0.6241,0.0
DK06_to_DB01#alt0,0,bwd,130,1000.0,3900.0,0.7165,0.0
DB01_to_DK06#alt1,1,fwd,0,1000.0,3900.0,0.7165,0.0
DB01_to_DK06#alt1,1,fwd,1,1050.0,3950.0,0.6889,0.0
DB01_to_DK06#alt1,1,fwd,2,1100.0,4000.0,0.6065,0.0
DB01_to_DK06#alt1,1,fwd,3,1150.0,4033.33,0.5483,0.0
DB01_to_DK06#alt1,1,fwd,4,1200.0,4050.0,0.6241,0.0
DB01_to_DK06#alt1,1,fwd,5,1250.0,4050.0,0.6889,0.0
DB01_to_DK06#alt1,1,fwd,6,1300.0,4033.33,0.7165,0.0
DB01_to_DK06#alt1,1,fwd,7,1350.0,4000.0,0.6241,0.0
DB01_to_DK06#alt1,1,fwd,8,1400.0,3966.67,0.7165,0.0
DB01_to_DK06#alt1,1,fwd,9,1450.0,3933.33,0.6889,0.0
DB01_to_DK06#alt1,1,fwd,10,1500.0,3916.67,0.7165,0.0
DB01_to_DK06#alt1,1,fwd,11,1550.0,3900.0,0.6889,0.0
DB01_to_DK06#alt1,1,fwd,12,1600.0,3900.0,0.6889,0.0
DB01_to_DK06#alt1,1,fwd,13,1650.0,3900.0,0.7165,0.0
DB01_to_DK06#alt1,1,fwd,14,1700.0,3900.0,0.7165,0.0
DB01_to_DK06#alt1,1,fwd,15,1750.0,3900.0,0.7165,0.0
DB01_to_DK06#alt1,1,fwd,16,1800.0,3916.67,0.6889,0.0
DB01_to_DK06#alt1,1,fwd,17,1850.0,3933.33,0.7165,0.0
DB01_to_DK06#alt1,1,fwd,18,1900.0,3950.0,0.6889,0.0
DB01_to_DK06#alt1,1,fwd,19,1950.0,4000.0,0.6889,0.0
DB01_to_DK06#alt1,1,fwd,20,2000.0,4033.33,0.6889,0.0
DB01_to_DK06#alt1,1,fwd,21,2050.0,4050.0,0.5903,0.0
DB01_to_DK06#alt1,1,fwd,22,2100.0,4050.0,0.503,0.0
DB01_to_DK06#alt1,1,fwd,23,2150.0,4050.0,0.4275,0.0
DB01_to_DK06#alt1,1,fwd,24,2200.0,4066.67,0.3895,0.0
DB01_to_DK06#alt1,1,fwd,25,2250.0,4100.0,0.3784,0.0
DB01_to_DK06#alt1,1,fwd,26,2300.0,4150.0,0.3485,0.0
DB01_to_DK06#alt1,1,fwd,27,2350.0,4200.0,0.3077,0.0
DB01_to_DK06#alt1,1,fwd,28,2400.0,4250.0,0.3114,0.0
DB01_to_DK06#alt1,1,fwd,29,2450.0,4300.0,0.3628,0.0
DB01_to_DK06#alt1,1,fwd,30,2500.0,4350.0,0.4076,0.0
DB01_to_DK06#alt1,1,fwd,31,2550.0,4383.33,0.4346,0.0
DB01_to_DK06#alt1,1,fwd,32,2600.0,4416.67,0.503,0.0
DB01_to_DK06#alt1,1,fwd,33,2650.0,4450.0,0.5483,0.0
DB01_to_DK06#alt1,1,fwd,34,2700.0,4500.0,0.5483,0.0
DB01_to_DK06#alt1,1,fwd,35,2750.0,4533.33,0.5483,0.0
DB01_to_DK06#alt1,1,fwd,36,2800.0,4550.0,0.5903,0.0
DB01_to_DK06#alt1,1,fwd,37,2850.0,4550.0,0.6241,0.0
DB01_to_DK06#alt1,1,fwd,38,2900.0,4550.0,0.6889,0.0
DB01_to_DK06#alt1,1,fwd,39,2950.0,4550.0,0.7165,0.0
DB01_to_DK06#alt1,1,fwd,40,3000.0,4550.0,0.7165,0.0
DB01_to_DK06#alt1,1,fwd,41,3050.0,4550.0,0.7165,0.0
DB01_to_DK06#alt1,1,fwd,42,3100.0,4550.0,0.6889,0.0
DB01_to_DK06#alt1,1,fwd,43,3150.0,4500.0,0.7165,0.0
DB01_to_DK06#alt1,1,fwd,44,3200.0,4500.0,0.6889,0.0
DB01_to_DK06#alt1,1,fwd,45,3250.0,4450.0,0.6889,0.0
DB01_to_DK06#alt1,1,fwd,46,3300.0,4416.67,0.6889,0.0
DB01_to_DK06#alt1,1,fwd,47,3350.0,4400.0,0.5903,0.0
DB01_to_DK06#alt1,1,fwd,48,3400.0,4400.0,0.503,0.0
DB01_to_DK06#alt1,1,fwd,49,3450.0,4400.0,0.4346,0.0
DB01_to_DK06#alt1,1,fwd,50,3500.0,4400.0,0.4346,0.0
DB01_to_DK06#alt1,1,fwd,51,3550.0,4400.0,0.4746,0.0
DB01_to_DK06#alt1,1,fwd,52,3600.0,4400.0,0.503,0.0
DB01_to_DK06#alt1,1,fwd,53,3650.0,4400.0,0.5134,0.0
DB01_to_DK06#alt1,1,fwd,54,3700.0,4400.0,0.5134,0.0
DB01_to_DK06#alt1,1,fwd,55,3750.0,4400.0,0.5134,0.0
DB01_to_DK06#alt1,1,fwd,56,3800.0,4400.0,0.503,0.0
DB01_to_DK06#alt1,1,fwd,57,3850.0,4383.33,0.4746,0.0
DB01_to_DK06#alt1,1,fwd,58,3900.0,4350.0,0.4931,0.0
DB01_to_DK06#alt1,1,fwd,59,3950.0,4300.0,0.4931,0.0
DB01_to_DK06#alt1,1,fwd,60,4000.0,4250.0,0.4746,0.0
DB01_to_DK06#alt1,1,fwd,61,4050.0,4200.0,0.4275,0.0
DB01_to_DK06#alt1,1,fwd,62,4100.0,4150.0,0.3679,0.0
DB01_to_DK06#alt1,1,fwd,63,4150.0,4100.0,0.344,0.0
DB01_to_DK06#alt1,1,fwd,64,4200.0,4050.0,0.344,0.0
DB01_to_DK06#alt1,1,fwd,65,4250.0,4000.0,0.3269,0.0
DB01_to_DK06#alt1,1,fwd,66,4300.0,3950.0,0.2972,0.0
DB01_to_DK06#alt1,1,fwd,67,4350.0,3900.0,0.2609,0.0
DB01_to_DK06#alt1,1,fwd,68,4400.0,3850.0,0.2231,0.0
DB01_to_DK06#alt1,1,fwd,69,4450.0,3800.0,0.1889,0.0
DB01_to_DK06#alt1,1,fwd,70,4483.33,3750.0,0.1648,0.0
DB01_to_DK06#alt1,1,fwd,71,4500.0,3700.0,0.1798,0.0
DB01_to_DK06#alt1,1,fwd,72,4500.0,3650.0,0.1937,0.0
DB01_to_DK06#alt1,1,fwd,73,4500.0,3600.0,0.2057,0.0
DB01_to_DK06#alt1,1,fwd,74,4500.0,3550.0,0.2151,0.0
DB01_to_DK06#alt1,1,fwd,75,4500.0,3500.0,0.2211,0.0
DB01_to_DK06#alt1,1,fwd,76,4516.67,3450.0,0.2231,0.0
DB01_to_DK06#alt1,1,fwd,77,4550.0,3400.0,0.1889,0.0
DB01_to_DK06#alt1,1,fwd,78,4583.33,3350.0,0.1587,0.0
DB01_to_DK06#alt1,1,fwd,79,4600.0,3300.0,0.17,0.0
DB01_to_DK06#alt1,1,fwd,80,4616.67,3250.0,0.1921,0.0
DB01_to_DK06#alt1,1,fwd,81,4650.0,3200.0,0.1889,0.0
DB01_to_DK06#alt1,1,fwd,82,4683.33,3150.0,0.1798,0.0
DB01_to_DK06#alt1,1,fwd,83,4716.67,3100.0,0.1937,0.0
DB01_to_DK06#alt1,1,fwd,84,4750.0,3050.0,0.1798,0.0
DB01_to_DK06#alt1,1,fwd,85,4783.33,3000.0,0.1661,0.0
DB01_to_DK06#alt1,1,fwd,86,4783.33,2950.0,0.1755,0.0
DB01_to_DK06#alt1,1,fwd,87,4766.67,2900.0,0.2151,0.0
DB01_to_DK06#alt1,1,fwd,88,4766.67,2850.0,0.2211,0.0
DB01_to_DK06#alt1,1,fwd,89,4783.33,2800.0,0.1889,0.0
DB01_to_DK06#alt1,1,fwd,90,4800.0,2750.0,0.1873,0.0
DB01_to_DK06#alt1,1,fwd,91,4800.0,2700.0,0.1827,0.0
DB01_to_DK06#alt1,1,fwd,92,4800.0,2650.0,0.1755,0.0
DB01_to_DK06#alt1,1,fwd,93,4800.0,2600.0,0.1661,0.0
DB01_to_DK06#alt1,1,fwd,94,4800.0,2550.0,0.1551,0.0
DB01_to_DK06#alt1,1,fwd,95,4800.0,2500.0,0.1432,0.0
DB01_to_DK06#alt1,1,fwd,96,4800.0,2450.0,0.1335,0.0
DB01_to_DK06#alt1,1,fwd,97,4800.0,2400.0,0.1239,0.0
DB01_to_DK06#alt1,1,fwd,98,4783.33,2350.0,0.1183,0.0
DB01_to_DK06#alt1,1,fwd,99,4750.0,2300.0,0.1495,0.0
DB01_to_DK06#alt1,1,fwd,100,4716.67,2250.0,0.1889,0.0
DB01_to_DK06#alt1,1,fwd,101,4700.0,2200.0,0.2151,0.0
DB01_to_DK06#alt1,1,fwd,102,4683.33,2150.0,0.2431,0.0
DB01_to_DK06#alt1,1,fwd,103,4666.67,2100.0,0.3077,0.0
DB01_to_DK06#alt1,1,fwd,104,4650.0,2050.0,0.344,0.0
DB01_to_DK06#alt1,1,fwd,105,4650.0,2000.0,0.3895,0.0
DB01_to_DK06#alt1,1,fwd,106,4650.0,1950.0,0.4346,0.0
DB01_to_DK06#alt1,1,fwd,107,4650.0,1900.0,0.4746,0.0
DB01_to_DK06#alt1,1,fwd,108,4650.0,1850.0,0.503,0.0
DB01_to_DK06#alt1,1,fwd,109,4633.33,1800.0,0.5134,0.0
DB01_to_DK06#alt1,1,fwd,110,4600.0,1750.0,0.6065,0.0
DB01_to_DK06#alt1,1,fwd,111,4550.0,1700.0,0.6889,0.0
DB01_to_DK06#alt1,1,fwd,112,4500.0,1650.0,0.6889,0.0
DB01_to_DK06#alt1,1,fwd,113,4450.0,1600.0,0.6889,0.0
DB01_to_DK06#alt1,1,fwd,114,4400.0,1550.0,0.6065,0.0
DB01_to_DK06#alt1,1,fwd,115,4350.0,1500.0,0.5134,0.0
DB01_to_DK06#alt1,1,fwd,116,4300.0,1450.0,0.4346,0.0
DB01_to_DK06#alt1,1,fwd,117,4250.0,1400.0,0.3628,0.0
DB01_to_DK06#alt1,1,fwd,118,4200.0,1350.0,0.2972,0.0
DB01_to_DK06#alt1,1,fwd,119,4150.0,1300.0,0.2407,0.0
DB01_to_DK06#alt1,1,fwd,120,4100.0,1250.0,0.1937,0.0
DB01_to_DK06#alt1,1,fwd,121,4050.0,1216.67,0.1551,0.0
DB01_to_DK06#alt1,1,fwd,122,4000.0,1200.0,0.1648,0.0
DB01_to_DK06#alt1,1,fwd,123,3950.0,1200.0,0.1798,0.0
DB01_to_DK06#alt1,1,fwd,124,3900.0,1200.0,0.1937,0.0
DB01_to_DK06#alt1,1,fwd,125,3850.0,1200.0,0.2057,0.0
DB01_to_DK06#alt1,1,fwd,126,3800.0,1200.0,0.2151,0.0
DB01_to_DK06#alt1,1,fwd,127,3750.0,1200.0,0.2211,0.0
DB01_to_DK06#alt1,1,fwd,128,3700.0,1200.0,0.2231,0.0
DB01_to_DK06#alt1,1,fwd,129,3650.0,1200.0,0.2231,0.0
DB01_to_DK06#alt1,1,fwd,130,3600.0,1200.0,0.2211,0.0
DK06_to_DB01#alt1,1,bwd,0,3600.0,1200.0,0.2211,0.0
DK06_to_DB01#alt1,1,bwd,1,3650.0,1150.0,0.2636,0.0
DK06_to_DB01#alt1,1,bwd,2,3700.0,1100.0,0.3114,0.0
DK06_to_DB01#alt1,1,bwd,3,3750.0,1050.0,0.3628,0.0
DK06_to_DB01#alt1,1,bwd,4,3800.0,1000.0,0.4076,0.0
DK06_to_DB01#alt1,1,bwd,5,3850.0,950.0,0.4346,0.0
DK06_to_DB01#alt1,1,bwd,6,3900.0,900.0,0.4346,0.0
DK06_to_DB01#alt1,1,bwd,7,3950.0,866.67,0.4346,0.0
DK06_to_DB01#alt1,1,bwd,8,4000.0,850.0,0.3895,0.0
DK06_to_DB01#alt1,1,bwd,9,4050.0,850.0,0.3784,0.0
DK06_to_DB01#alt1,1,bwd,10,4100.0,833.33,0.4076,0.0
DK06_to_DB01#alt1,1,bwd,11,4150.0,800.0,0.503,0.0
DK06_to_DB01#alt1,1,bwd,12,4200.0,750.0,0.6065,0.0
DK06_to_DB01#alt1,1,bwd,13,4250.0,716.67,0.7165,0.0
DK06_to_DB01#alt1,1,bwd,14,4300.0,700.0,0.7165,0.0
DK06_to_DB01#alt1,1,bwd,15,4350.0,700.0,0.6889,0.0
DK06_to_DB01#alt1,1,bwd,16,4400.0,716.67,0.6241,0.0
DK06_to_DB01#alt1,1,bwd,17,4450.0,750.0,0.4931,0.0
DK06_to_DB01#alt1,1,bwd,18,4500.0,800.0,0.3895,0.0
DK06_to_DB01#alt1,1,bwd,19,4550.0,850.0,0.3077,0.0
DK06_to_DB01#alt1,1,bwd,20,4600.0,900.0,0.2431,0.0
DK06_to_DB01#alt1,1,bwd,21,4650.0,950.0,0.1921,0.0
DK06_to_DB01#alt1,1,bwd,22,4700.0,1000.0,0.1517,0.0
DK06_to_DB01#alt1,1,bwd,23,4733.33,1050.0,0.1199,0.0
DK06_to_DB01#alt1,1,bwd,24,4750.0,1100.0,0.1062,0.0
DK06_to_DB01#alt1,1,bwd,25,4750.0,1150.0,0.1138,0.0
DK06_to_DB01#alt1,1,bwd,26,4750.0,1200.0,0.1308,0.0
DK06_to_DB01#alt1,1,bwd,27,4750.0,1250.0,0.1495,0.0
DK06_to_DB01#alt1,1,bwd,28,4750.0,1300.0,0.17,0.0
DK06_to_DB01#alt1,1,bwd,29,4750.0,1350.0,0.1921,0.0
DK06_to_DB01#alt1,1,bwd,30,4750.0,1400.0,0.2151,0.0
DK06_to_DB01#alt1,1,bwd,31,4750.0,1450.0,0.2431,0.0
DK06_to_DB01#alt1,1,bwd,32,4750.0,1500.0,0.2721,0.0
DK06_to_DB01#alt1,1,bwd,33,4750.0,1550.0,0.3006,0.0
DK06_to_DB01#alt1,1,bwd,34,4750.0,1600.0,0.3269,0.0
DK06_to_DB01#alt1,1,bwd,35,4750.0,1650.0,0.3485,0.0
DK06_to_DB01#alt1,1,bwd,36,4750.0,1700.0,0.3628,0.0
DK06_to_DB01#alt1,1,bwd,37,4766.67,1750.0,0.3679,0.0
DK06_to_DB01#alt1,1,bwd,38,4783.33,1800.0,0.3114,0.0
DK06_to_DB01#alt1,1,bwd,39,4800.0,1850.0,0.3077,0.0
DK06_to_DB01#alt1,1,bwd,40,4800.0,1900.0,0.2972,0.0
DK06_to_DB01#alt1,1,bwd,41,4800.0,1950.0,0.281,0.0
DK06_to_DB01#alt1,1,bwd,42,4800.0,2000.0,0.2609,0.0
DK06_to_DB01#alt1,1,bwd,43,4800.0,2050.0,0.2384,0.0
DK06_to_DB01#alt1,1,bwd,44,4800.0,2100.0,0.2151,0.0
DK06_to_DB01#alt1,1,bwd,45,4783.33,2150.0,0.1921,0.0
DK06_to_DB01#alt1,1,bwd,46,4750.0,2200.0,0.1921,0.0
DK06_to_DB01#alt1,1,bwd,47,4700.0,2250.0,0.1889,0.0
DK06_to_DB01#alt1,1,bwd,48,4666.67,2300.0,0.1798,0.0
DK06_to_DB01#alt1,1,bwd,49,4650.0,2350.0,0.17,0.0
DK06_to_DB01#alt1,1,bwd,50,4650.0,2400.0,0.1889,0.0
DK06_to_DB01#alt1,1,bwd,51,4650.0,2450.0,0.2076,0.0
DK06_to_DB01#alt1,1,bwd,52,4650.0,2500.0,0.2252,0.0
DK06_to_DB01#alt1,1,bwd,53,4650.0,2550.0,0.2407,0.0
DK06_to_DB01#alt1,1,bwd,54,4650.0,2600.0,0.2609,0.0
DK06_to_DB01#alt1,1,bwd,55,4666.67,2650.0,0.281,0.0
DK06_to_DB01#alt1,1,bwd,56,4700.0,2700.0,0.253,0.0
DK06_to_DB01#alt1,1,bwd,57,4733.33,2750.0,0.2211,0.0
DK06_to_DB01#alt1,1,bwd,58,4766.67,2800.0,0.2231,0.0
DK06_to_DB01#alt1,1,bwd,59,4800.0,2850.0,0.1873,0.0
DK06_to_DB01#alt1,1,bwd,60,4833.33,2900.0,0.1551,0.0
DK06_to_DB01#alt1,1,bwd,61,4850.0,2950.0,0.1495,0.0
DK06_to_DB01#alt1,1,bwd,62,4850.0,3000.0,0.1422,0.0
DK06_to_DB01#alt1,1,bwd,63,4850.0,3050.0,0.1335,0.0
DK06_to_DB01#alt1,1,bwd,64,4850.0,3100.0,0.1239,0.0
DK06_to_DB01#alt1,1,bwd,65,4850.0,3150.0,0.1146,0.0
DK06_to_DB01#alt1,1,bwd,66,4850.0,3200.0,0.1069,0.0
DK06_to_DB01#alt1,1,bwd,67,4850.0,3250.0,0.0987,0.0
DK06_to_DB01#alt1,1,bwd,68,4850.0,3300.0,0.0904,0.0
DK06_to_DB01#alt1,1,bwd,69,4850.0,3350.0,0.0821,0.0
DK06_to_DB01#alt1,1,bwd,70,4850.0,3400.0,0.074,0.0
DK06_to_DB01#alt1,1,bwd,71,4850.0,3450.0,0.0695,0.0
DK06_to_DB01#alt1,1,bwd,72,4850.0,3500.0,0.0691,0.0
DK06_to_DB01#alt1,1,bwd,73,4850.0,3550.0,0.0681,0.0
DK06_to_DB01#alt1,1,bwd,74,4850.0,3600.0,0.0663,0.0
DK06_to_DB01#alt1,1,bwd,75,4866.67,3650.0,0.064,0.0
DK06_to_DB01#alt1,1,bwd,76,4900.0,3700.0,0.0522,0.0
DK06_to_DB01#alt1,1,bwd,77,4933.33,3750.0,0.0423,0.0
DK06_to_DB01#alt1,1,bwd,78,4950.0,3800.0,0.04,0.0
DK06_to_DB01#alt1,1,bwd,79,4950.0,3850.0,0.0375,0.0
DK06_to_DB01#alt1,1,bwd,80,4950.0,3900.0,0.0355,0.0
DK06_to_DB01#alt1,1,bwd,81,4950.0,3950.0,0.0351,0.0
DK06_to_DB01#alt1,1,bwd,82,4950.0,4000.0,0.0344,0.0
DK06_to_DB01#alt1,1,bwd,83,4950.0,4050.0,0.0334,0.0
DK06_to_DB01#alt1,1,bwd,84,4950.0,4100.0,0.0322,0.0
DK06_to_DB01#alt1,1,bwd,85,4950.0,4150.0,0.0308,0.0
DK06_to_DB01#alt1,1,bwd,86,4933.33,4200.0,0.0293,0.0
DK06_to_DB01#alt1,1,bwd,87,4900.0,4250.0,0.0323,0.0
DK06_to_DB01#alt1,1,bwd,88,4850.0,4300.0,0.0405,0.0
DK06_to_DB01#alt1,1,bwd,89,4816.67,4350.0,0.0507,0.0
DK06_to_DB01#alt1,1,bwd,90,4800.0,4400.0,0.0544,0.0
DK06_to_DB01#alt1,1,bwd,91,4783.33,4450.0,0.058,0.0
DK06_to_DB01#alt1,1,bwd,92,4766.67,4500.0,0.0717,0.0
DK06_to_DB01#alt1,1,bwd,93,4750.0,4550.0,0.0752,0.0
DK06_to_DB01#alt1,1,bwd,94,4750.0,4600.0,0.0781,0.0
DK06_to_DB01#alt1,1,bwd,95,4733.33,4650.0,0.0803,0.0
DK06_to_DB01#alt1,1,bwd,96,4700.0,4700.0,0.0964,0.0
DK06_to_DB01#alt1,1,bwd,97,4650.0,4750.0,0.1146,0.0
DK06_to_DB01#alt1,1,bwd,98,4600.0,4800.0,0.1353,0.0
DK06_to_DB01#alt1,1,bwd,99,4550.0,4850.0,0.1587,0.0
DK06_to_DB01#alt1,1,bwd,100,4500.0,4900.0,0.1827,0.0
DK06_to_DB01#alt1,1,bwd,101,4450.0,4933.33,0.2057,0.0
DK06_to_DB01#alt1,1,bwd,102,4400.0,4950.0,0.2407,0.0
DK06_to_DB01#alt1,1,bwd,103,4350.0,4950.0,0.281,0.0
DK06_to_DB01#alt1,1,bwd,104,4300.0,4950.0,0.3269,0.0
DK06_to_DB01#alt1,1,bwd,105,4250.0,4950.0,0.3784,0.0
DK06_to_DB01#alt1,1,bwd,106,4200.0,4950.0,0.4346,0.0
DK06_to_DB01#alt1,1,bwd,107,4150.0,4950.0,0.4931,0.0
DK06_to_DB01#alt1,1,bwd,108,4100.0,4950.0,0.5483,0.0
DK06_to_DB01#alt1,1,bwd,109,4050.0,4950.0,0.5903,0.0
DK06_to_DB01#alt1,1,bwd,110,4000.0,4950.0,0.6065,0.0
DK06_to_DB01#alt1,1,bwd,111,3950.0,4950.0,0.6065,0.0
DK06_to_DB01#alt1,1,bwd,112,3900.0,4950.0,0.5903,0.0
DK06_to_DB01#alt1,1,bwd,113,3850.0,4950.0,0.5483,0.0
DK06_to_DB01#alt1,1,bwd,114,3800.0,4950.0,0.4931,0.0
DK06_to_DB01#alt1,1,bwd,115,3750.0,4950.0,0.4346,0.0
DK06_to_DB01#alt1,1,bwd,116,3700.0,4950.0,0.3784,0.0
DK06_to_DB01#alt1,1,bwd,117,3650.0,4950.0,0.3269,0.0
DK06_to_DB01#alt1,1,bwd,118,3600.0,4950.0,0.281,0.0
DK06_to_DB01#alt1,1,bwd,119,3550.0,4950.0,0.2407,0.0
DK06_to_DB01#alt1,1,bwd,120,3500.0,4950.0,0.2057,0.0
DK06_to_DB01#alt1,1,bwd,121,3450.0,4950.0,0.1755,0.0
DK06_to_DB01#alt1,1,bwd,122,3400.0,4950.0,0.1495,0.0
DK06_to_DB01#alt1,1,bwd,123,3350.0,4950.0,0.1432,0.0
DK06_to_DB01#alt1,1,bwd,124,3300.0,4950.0,0.1551,0.0
DK06_to_DB01#alt1,1,bwd,125,3250.0,4950.0,0.1661,0.0
DK06_to_DB01#alt1,1,bwd,126,3200.0,4950.0,0.1755,0.0
DK06_to_DB01#alt1,1,bwd,127,3150.0,4950.0,0.1827,0.0
DK06_to_DB01#alt1,1,bwd,128,3100.0,4950.0,0.1873,0.0
DK06_to_DB01#alt1,1,bwd,129,3050.0,4950.0,0.1889,0.0
DK06_to_DB01#alt1,1,bwd,130,3000.0,4950.0,0.1889,0.0
DK06_to_DB01#alt1,1,bwd,131,2950.0,4950.0,0.1889,0.0
DK06_to_DB01#alt1,1,bwd,132,2900.0,4950.0,0.1873,0.0
DK06_to_DB01#alt1,1,bwd,133,2850.0,4950.0,0.1827,0.0
DK06_to_DB01#alt1,1,bwd,134,2800.0,4950.0,0.1755,0.0
DK06_to_DB01#alt1,1,bwd,135,2750.0,4950.0,0.1661,0.0
DK06_to_DB01#alt1,1,bwd,136,2700.0,4950.0,0.1661,0.0
DK06_to_DB01#alt1,1,bwd,137,2650.0,4950.0,0.1937,0.0
DK06_to_DB01#alt1,1,bwd,138,2600.0,4950.0,0.2252,0.0
DK06_to_DB01#alt1,1,bwd,139,2550.0,4950.0,0.2609,0.0
DK06_to_DB01#alt1,1,bwd,140,2500.0,4950.0,0.3006,0.0
DK06_to_DB01#alt1,1,bwd,141,2450.0,4950.0,0.344,0.0
DK06_to_DB01#alt1,1,bwd,142,2400.0,4950.0,0.3895,0.0
DK06_to_DB01#alt1,1,bwd,143,2350.0,4950.0,0.4346,0.0
DK06_to_DB01#alt1,1,bwd,144,2300.0,4950.0,0.4931,0.0
DK06_to_DB01#alt1,1,bwd,145,2250.0,4950.0,0.5483,0.0
DK06_to_DB01#alt1,1,bwd,146,2200.0,4950.0,0.5903,0.0
DK06_to_DB01#alt1,1,bwd,147,2150.0,4950.0,0.6241,0.0
DK06_to_DB01#alt1,1,bwd,148,2100.0,4950.0,0.6889,0.0
DK06_to_DB01#alt1,1,bwd,149,2050.0,4950.0,0.7165,0.0
DK06_to_DB01#alt1,1,bwd,150,2000.0,4950.0,0.7165,0.0
DK06_to_DB01#alt1,1,bwd,151,1950.0,4950.0,0.6889,0.0
DK06_to_DB01#alt1,1,bwd,152,1900.0,4950.0,0.6241,0.0
DK06_to_DB01#alt1,1,bwd,153,1850.0,4950.0,0.5483,0.0
DK06_to_DB01#alt1,1,bwd,154,1800.0,4950.0,0.4931,0.0
DK06_to_DB01#alt1,1,bwd,155,1750.0,4950.0,0.4346,0.0
DK06_to_DB01#alt1,1,bwd,156,1700.0,4950.0,0.3895,0.0
DK06_to_DB01#alt1,1,bwd,157,1650.0,4950.0,0.344,0.0
DK06_to_DB01#alt1,1,bwd,158,1600.0,4933.33,0.3077,0.0
DK06_to_DB01#alt1,1,bwd,159,1550.0,4900.0,0.3006,0.0
DK06_to_DB01#alt1,1,bwd,160,1500.0,4866.67,0.281,0.0
DK06_to_DB01#alt1,1,bwd,161,1450.0,4833.33,0.2636,0.0
DK06_to_DB01#alt1,1,bwd,162,1400.0,4800.0,0.3114,0.0
DK06_to_DB01#alt1,1,bwd,163,1350.0,4766.67,0.3679,0.0
DK06_to_DB01#alt1,1,bwd,164,1300.0,4750.0,0.3679,0.0
DK06_to_DB01#alt1,1,bwd,165,1250.0,4733.33,0.3679,0.0
DK06_to_DB01#alt1,1,bwd,166,1200.0,4700.0,0.4275,0.0
DK06_to_DB01#alt1,1,bwd,167,1150.0,4650.0,0.4746,0.0
DK06_to_DB01#alt1,1,bwd,168,1100.0,4600.0,0.4931,0.0
DK06_to_DB01#alt1,1,bwd,169,1083.33,4550.0,0.5483,0.0
DK06_to_DB01#alt1,1,bwd,170,1066.67,4500.0,0.5483,0.0
DK06_to_DB01#alt1,1,bwd,171,1066.67,4450.0,0.6241,0.0
DK06_to_DB01#alt1,1,bwd,172,1050.0,4400.0,0.6889,0.0
DK06_to_DB01#alt1,1,bwd,173,1050.0,4350.0,0.7165,0.0
DK06_to_DB01#alt1,1,bwd,174,1050.0,4300.0,0.7165,0.0
DK06_to_DB01#alt1,1,bwd,175,1033.33,4250.0,0.6889,0.0
DK06_to_DB01#alt1,1,bwd,176,1016.67,4200.0,0.6889,0.0
DK06_to_DB01#alt1,1,bwd,177,1000.0,4150.0,0.6241,0.0
DK06_to_DB01#alt1,1,bwd,178,1000.0,4100.0,0.5483,0.0
DK06_to_DB01#alt1,1,bwd,179,1000.0,4050.0,0.4746,0.0
DK06_to_DB01#alt1,1,bwd,180,1000.0,4000.0,0.5483,0.0
DK06_to_DB01#alt1,1,bwd,181,1000.0,3950.0,0.6241,0.0
DK06_to_DB01#alt1,1,bwd,182,1000.0,3900.0,0.7165,0.0
DK06_to_DB01#alt3,3,bwd,0,3600.0,1200.0,0.2211,0.0
DK06_to_DB01#alt3,3,bwd,1,3550.0,1150.0,0.253,0.0
DK06_to_DB01#alt3,3,bwd,2,3500.0,1100.0,0.281,0.0
DK06_to_DB01#alt3,3,bwd,3,3450.0,1066.67,0.3006,0.0
DK06_to_DB01#alt3,3,bwd,4,3400.0,1050.0,0.281,0.0
DK06_to_DB01#alt3,3,bwd,5,3350.0,1050.0,0.2609,0.0
DK06_to_DB01#alt3,3,bwd,6,3300.0,1050.0,0.2384,0.0
DK06_to_DB01#alt3,3,bwd,7,3250.0,1050.0,0.2721,0.0
DK06_to_DB01#alt3,3,bwd,8,3200.0,1050.0,0.3077,0.0
DK06_to_DB01#alt3,3,bwd,9,3150.0,1050.0,0.344,0.0
DK06_to_DB01#alt3,3,bwd,10,3100.0,1050.0,0.3895,0.0
DK06_to_DB01#alt3,3,bwd,11,3050.0,1050.0,0.4346,0.0
DK06_to_DB01#alt3,3,bwd,12,3000.0,1050.0,0.4746,0.0
DK06_to_DB01#alt3,3,bwd,13,2950.0,1066.67,0.503,0.0
DK06_to_DB01#alt3,3,bwd,14,2900.0,1100.0,0.6065,0.0
DK06_to_DB01#alt3,3,bwd,15,2850.0,1133.33,0.7165,0.0
DK06_to_DB01#alt3,3,bwd,16,2800.0,1150.0,0.6889,0.0
DK06_to_DB01#alt3,3,bwd,17,2750.0,1200.0,0.6889,0.0
DK06_to_DB01#alt3,3,bwd,18,2700.0,1250.0,0.6889,0.0
DK06_to_DB01#alt3,3,bwd,19,2650.0,1300.0,0.6065,0.0
DK06_to_DB01#alt3,3,bwd,20,2600.0,1350.0,0.5134,0.0
DK06_to_DB01#alt3,3,bwd,21,2550.0,1400.0,0.4346,0.0
DK06_to_DB01#alt3,3,bwd,22,2500.0,1450.0,0.4346,0.0
DK06_to_DB01#alt3,3,bwd,23,2450.0,1483.33,0.5134,0.0
DK06_to_DB01#alt3,3,bwd,24,2400.0,1516.67,0.5134,0.0
DK06_to_DB01#alt3,3,bwd,25,2350.0,1550.0,0.6065,0.0
DK06_to_DB01#alt3,3,bwd,26,2300.0,1583.33,0.7165,0.0
DK06_to_DB01#alt3,3,bwd,27,2250.0,1600.0,0.7165,0.0
DK06_to_DB01#alt3,3,bwd,28,2200.0,1616.67,0.6889,0.0
DK06_to_DB01#alt3,3,bwd,29,2150.0,1616.67,0.6241,0.0
DK06_to_DB01#alt3,3,bwd,30,2100.0,1633.33,0.6889,0.0
DK06_to_DB01#alt3,3,bwd,31,2050.0,1650.0,0.6241,0.0
DK06_to_DB01#alt3,3,bwd,32,2000.0,1666.67,0.5483,0.0
DK06_to_DB01#alt3,3,bwd,33,1950.0,1683.33,0.5483,0.0
DK06_to_DB01#alt3,3,bwd,34,1900.0,1700.0,0.4931,0.0
DK06_to_DB01#alt3,3,bwd,35,1850.0,1750.0,0.4746,0.0
DK06_to_DB01#alt3,3,bwd,36,1800.0,1800.0,0.4346,0.0
DK06_to_DB01#alt3,3,bwd,37,1750.0,1850.0,0.4275,0.0
DK06_to_DB01#alt3,3,bwd,38,1700.0,1900.0,0.4746,0.0
DK06_to_DB01#alt3,3,bwd,39,1650.0,1950.0,0.503,0.0
DK06_to_DB01#alt3,3,bwd,40,1600.0,2000.0,0.5483,0.0
DK06_to_DB01#alt3,3,bwd,41,1550.0,2033.33,0.5483,0.0
DK06_to_DB01#alt3,3,bwd,42,1500.0,2050.0,0.6241,0.0
DK06_to_DB01#alt3,3,bwd,43,1450.0,2050.0,0.6889,0.0
DK06_to_DB01#alt3,3,bwd,44,1400.0,2050.0,0.7165,0.0
DK06_to_DB01#alt3,3,bwd,45,1350.0,2050.0,0.7165,0.0
DK06_to_DB01#alt3,3,bwd,46,1300.0,2066.67,0.7165,0.0
DK06_to_DB01#alt3,3,bwd,47,1250.0,2066.67,0.7165,0.0
DK06_to_DB01#alt3,3,bwd,48,1200.0,2066.67,0.6889,0.0
DK06_to_DB01#alt3,3,bwd,49,1150.0,2050.0,0.6241,0.0
DK06_to_DB01#alt3,3,bwd,50,1100.0,2066.67,0.5483,0.0
DK06_to_DB01#alt3,3,bwd,51,1050.0,2100.0,0.4346,0.0
DK06_to_DB01#alt3,3,bwd,52,1000.0,2133.33,0.344,0.0
DK06_to_DB01#alt3,3,bwd,53,950.0,2166.67,0.3077,0.0
DK06_to_DB01#alt3,3,bwd,54,900.0,2200.0,0.2431,0.0
DK06_to_DB01#alt3,3,bwd,55,850.0,2250.0,0.1921,0.0
DK06_to_DB01#alt3,3,bwd,56,800.0,2300.0,0.1517,0.0
DK06_to_DB01#alt3,3,bwd,57,750.0,2350.0,0.1199,0.0
DK06_to_DB01#alt3,3,bwd,58,700.0,2400.0,0.097,0.0
DK06_to_DB01#alt3,3,bwd,59,650.0,2450.0,0.0821,0.0
DK06_to_DB01#alt3,3,bwd,60,600.0,2500.0,0.0695,0.0
DK06_to_DB01#alt3,3,bwd,61,550.0,2550.0,0.0717,0.0
DK06_to_DB01#alt3,3,bwd,62,500.0,2600.0,0.074,0.0
DK06_to_DB01#alt3,3,bwd,63,450.0,2650.0,0.0748,0.0
DK06_to_DB01#alt3,3,bwd,64,433.33,2700.0,0.0839,0.0
DK06_to_DB01#alt3,3,bwd,65,433.33,2750.0,0.0947,0.0
DK06_to_DB01#alt3,3,bwd,66,450.0,2800.0,0.1062,0.0
DK06_to_DB01#alt3,3,bwd,67,450.0,2850.0,0.1183,0.0
DK06_to_DB01#alt3,3,bwd,68,450.0,2900.0,0.1308,0.0
DK06_to_DB01#alt3,3,bwd,69,450.0,2950.0,0.1432,0.0
DK06_to_DB01#alt3,3,bwd,70,450.0,3000.0,0.1551,0.0
DK06_to_DB01#alt3,3,bwd,71,450.0,3050.0,0.1661,0.0
DK06_to_DB01#alt3,3,bwd,72,450.0,3100.0,0.1798,0.0
DK06_to_DB01#alt3,3,bwd,73,450.0,3150.0,0.1937,0.0
DK06_to_DB01#alt3,3,bwd,74,450.0,3200.0,0.2057,0.0
DK06_to_DB01#alt3,3,bwd,75,450.0,3250.0,0.2151,0.0
DK06_to_DB01#alt3,3,bwd,76,450.0,3300.0,0.2252,0.0
DK06_to_DB01#alt3,3,bwd,77,450.0,3350.0,0.2407,0.0
DK06_to_DB01#alt3,3,bwd,78,450.0,3400.0,0.253,0.0
DK06_to_DB01#alt3,3,bwd,79,450.0,3450.0,0.2609,0.0
DK06_to_DB01#alt3,3,bwd,80,450.0,3500.0,0.2636,0.0
DK06_to_DB01#alt3,3,bwd,81,466.67,3550.0,0.2609,0.0
DK06_to_DB01#alt3,3,bwd,82,500.0,3600.0,0.2972,0.0
DK06_to_DB01#alt3,3,bwd,83,550.0,3650.0,0.3269,0.0
DK06_to_DB01#alt3,3,bwd,84,600.0,3700.0,0.3628,0.0
DK06_to_DB01#alt3,3,bwd,85,650.0,3750.0,0.4076,0.0
DK06_to_DB01#alt3,3,bwd,86,700.0,3800.0,0.4346,0.0
DK06_to_DB01#alt3,3,bwd,87,750.0,3850.0,0.4746,0.0
DK06_to_DB01#alt3,3,bwd,88,800.0,3883.33,0.4931,0.0
DK06_to_DB01#alt3,3,bwd,89,850.0,3900.0,0.5483,0.0
DK06_to_DB01#alt3,3,bwd,90,900.0,3900.0,0.6241,0.0
DK06_to_DB01#alt3,3,bwd,91,950.0,3900.0,0.6889,0.0
DK06_to_DB01#alt3,3,bwd,92,1000.0,3900.0,0.7165,0.0
DB01_to_DK06#alt6,6,fwd,0,1000.0,3900.0,0.7165,0.0
DB01_to_DK06#alt6,6,fwd,1,950.0,3950.0,0.5903,0.0
DB01_to_DK06#alt6,6,fwd,2,900.0,4000.0,0.4746,0.0
DB01_to_DK06#alt6,6,fwd,3,850.0,4050.0,0.503,0.0
DB01_to_DK06#alt6,6,fwd,4,800.0,4100.0,0.5483,0.0
DB01_to_DK06#alt6,6,fwd,5,750.0,4150.0,0.5483,0.0
DB01_to_DK06#alt6,6,fwd,6,700.0,4183.33,0.6889,0.0
DB01_to_DK06#alt6,6,fwd,7,650.0,4200.0,0.7165,0.0
DB01_to_DK06#alt6,6,fwd,8,600.0,4200.0,0.7165,0.0
DB01_to_DK06#alt6,6,fwd,9,550.0,4200.0,0.7165,0.0
DB01_to_DK06#alt6,6,fwd,10,500.0,4183.33,0.7165,0.0
DB01_to_DK06#alt6,6,fwd,11,450.0,4150.0,0.6065,0.0
DB01_to_DK06#alt6,6,fwd,12,400.0,4100.0,0.503,0.0
DB01_to_DK06#alt6,6,fwd,13,350.0,4050.0,0.4076,0.0
DB01_to_DK06#alt6,6,fwd,14,300.0,4000.0,0.3269,0.0
DB01_to_DK06#alt6,6,fwd,15,250.0,3950.0,0.2609,0.0
DB01_to_DK06#alt6,6,fwd,16,200.0,3900.0,0.2076,0.0
DB01_to_DK06#alt6,6,fwd,17,150.0,3850.0,0.1648,0.0
DB01_to_DK06#alt6,6,fwd,18,100.0,3800.0,0.1308,0.0
DB01_to_DK06#alt6,6,fwd,19,66.67,3750.0,0.1036,0.0
DB01_to_DK06#alt6,6,fwd,20,50.0,3700.0,0.0904,0.0
DB01_to_DK06#alt6,6,fwd,21,50.0,3650.0,0.0785,0.0
DB01_to_DK06#alt6,6,fwd,22,50.0,3600.0,0.0681,0.0
DB01_to_DK06#alt6,6,fwd,23,50.0,3550.0,0.0691,0.0
DB01_to_DK06#alt6,6,fwd,24,50.0,3500.0,0.0695,0.0
DB01_to_DK06#alt6,6,fwd,25,50.0,3450.0,0.0691,0.0
DB01_to_DK06#alt6,6,fwd,26,50.0,3400.0,0.0681,0.0
DB01_to_DK06#alt6,6,fwd,27,50.0,3350.0,0.0663,0.0
DB01_to_DK06#alt6,6,fwd,28,50.0,3300.0,0.064,0.0
DB01_to_DK06#alt6,6,fwd,29,50.0,3250.0,0.0612,0.0
DB01_to_DK06#alt6,6,fwd,30,50.0,3200.0,0.058,0.0
DB01_to_DK06#alt6,6,fwd,31,50.0,3150.0,0.0544,0.0
DB01_to_DK06#alt6,6,fwd,32,50.0,3100.0,0.0522,0.0
DB01_to_DK06#alt6,6,fwd,33,50.0,3050.0,0.0496,0.0
DB01_to_DK06#alt6,6,fwd,34,50.0,3000.0,0.0467,0.0
DB01_to_DK06#alt6,6,fwd,35,50.0,2950.0,0.0437,0.0
DB01_to_DK06#alt6,6,fwd,36,50.0,2900.0,0.0405,0.0
DB01_to_DK06#alt6,6,fwd,37,50.0,2850.0,0.0375,0.0
DB01_to_DK06#alt6,6,fwd,38,50.0,2800.0,0.0349,0.0
DB01_to_DK06#alt6,6,fwd,39,50.0,2750.0,0.0323,0.0
DB01_to_DK06#alt6,6,fwd,40,50.0,2700.0,0.0297,0.0
DB01_to_DK06#alt6,6,fwd,41,50.0,2650.0,0.0272,0.0
DB01_to_DK06#alt6,6,fwd,42,50.0,2600.0,0.0247,0.0
DB01_to_DK06#alt6,6,fwd,43,50.0,2550.0,0.0224,0.0
DB01_to_DK06#alt6,6,fwd,44,50.0,2500.0,0.0201,0.0
DB01_to_DK06#alt6,6,fwd,45,50.0,2450.0,0.0204,0.0
DB01_to_DK06#alt6,6,fwd,46,50.0,2400.0,0.0229,0.0
DB01_to_DK06#alt6,6,fwd,47,50.0,2350.0,0.0255,0.0
DB01_to_DK06#alt6,6,fwd,48,50.0,2300.0,0.0282,0.0
DB01_to_DK06#alt6,6,fwd,49,50.0,2250.0,0.0312,0.0
DB01_to_DK06#alt6,6,fwd,50,50.0,2200.0,0.0342,0.0
DB01_to_DK06#alt6,6,fwd,51,66.67,2150.0,0.0374,0.0
DB01_to_DK06#alt6,6,fwd,52,100.0,2100.0,0.0469,0.0
DB01_to_DK06#alt6,6,fwd,53,150.0,2050.0,0.0588,0.0
DB01_to_DK06#alt6,6,fwd,54,183.33,2000.0,0.0736,0.0
DB01_to_DK06#alt6,6,fwd,55,200.0,1950.0,0.079,0.0
DB01_to_DK06#alt6,6,fwd,56,200.0,1900.0,0.0839,0.0
DB01_to_DK06#alt6,6,fwd,57,200.0,1850.0,0.0883,0.0
DB01_to_DK06#alt6,6,fwd,58,200.0,1800.0,0.092,0.0
DB01_to_DK06#alt6,6,fwd,59,200.0,1750.0,0.0947,0.0
DB01_to_DK06#alt6,6,fwd,60,183.33,1700.0,0.0964,0.0
DB01_to_DK06#alt6,6,fwd,61,166.67,1650.0,0.0821,0.0
DB01_to_DK06#alt6,6,fwd,62,150.0,1600.0,0.0816,0.0
DB01_to_DK06#alt6,6,fwd,63,150.0,1550.0,0.0803,0.0
DB01_to_DK06#alt6,6,fwd,64,150.0,1500.0,0.0781,0.0
DB01_to_DK06#alt6,6,fwd,65,150.0,1450.0,0.0752,0.0
DB01_to_DK06#alt6,6,fwd,66,150.0,1400.0,0.0781,0.0
DB01_to_DK06#alt6,6,fwd,67,150.0,1350.0,0.092,0.0
DB01_to_DK06#alt6,6,fwd,68,150.0,1300.0,0.1082,0.0
DB01_to_DK06#alt6,6,fwd,69,150.0,1250.0,0.1273,0.0
DB01_to_DK06#alt6,6,fwd,70,150.0,1200.0,0.1495,0.0
DB01_to_DK06#alt6,6,fwd,71,150.0,1150.0,0.1755,0.0
DB01_to_DK06#alt6,6,fwd,72,150.0,1100.0,0.2057,0.0
DB01_to_DK06#alt6,6,fwd,73,150.0,1050.0,0.2407,0.0
DB01_to_DK06#alt6,6,fwd,74,150.0,1000.0,0.281,0.0
DB01_to_DK06#alt6,6,fwd,75,150.0,950.0,0.3269,0.0
DB01_to_DK06#alt6,6,fwd,76,150.0,900.0,0.3784,0.0
DB01_to_DK06#alt6,6,fwd,77,133.33,850.0,0.4346,0.0
DB01_to_DK06#alt6,6,fwd,78,100.0,800.0,0.4346,0.0
DB01_to_DK06#alt6,6,fwd,79,66.67,750.0,0.4346,0.0
DB01_to_DK06#alt6,6,fwd,80,50.0,700.0,0.4931,0.0
DB01_to_DK06#alt6,6,fwd,81,50.0,650.0,0.5483,0.0
DB01_to_DK06#alt6,6,fwd,82,50.0,600.0,0.6241,0.0
DB01_to_DK06#alt6,6,fwd,83,50.0,550.0,0.6889,0.0
DB01_to_DK06#alt6,6,fwd,84,50.0,500.0,0.7165,0.0
DB01_to_DK06#alt6,6,fwd,85,50.0,450.0,0.7165,0.0
DB01_to_DK06#alt6,6,fwd,86,50.0,400.0,0.7165,0.0
DB01_to_DK06#alt6,6,fwd,87,50.0,350.0,0.6889,0.0
DB01_to_DK06#alt6,6,fwd,88,66.67,300.0,0.6241,0.0
DB01_to_DK06#alt6,6,fwd,89,100.0,250.0,0.6889,0.0
DB01_to_DK06#alt6,6,fwd,90,150.0,200.0,0.6889,0.0
DB01_to_DK06#alt6,6,fwd,91,200.0,150.0,0.6889,0.0
DB01_to_DK06#alt6,6,fwd,92,250.0,150.0,0.7165,0.0
DB01_to_DK06#alt6,6,fwd,93,300.0,150.0,0.7165,0.0
DB01_to_DK06#alt6,6,fwd,94,350.0,150.0,0.7165,0.0
DB01_to_DK06#alt6,6,fwd,95,400.0,150.0,0.7165,0.0
DB01_to_DK06#alt6,6,fwd,96,450.0,150.0,0.7165,0.0
DB01_to_DK06#alt6,6,fwd,97,500.0,150.0,0.7165,0.0
DB01_to_DK06#alt6,6,fwd,98,550.0,150.0,0.6889,0.0
DB01_to_DK06#alt6,6,fwd,99,600.0,133.33,0.6241,0.0
DB01_to_DK06#alt6,6,fwd,100,650.0,100.0,0.4931,0.0
DB01_to_DK06#alt6,6,fwd,101,700.0,66.67,0.3895,0.0
DB01_to_DK06#alt6,6,fwd,102,750.0,50.0,0.344,0.0
DB01_to_DK06#alt6,6,fwd,103,800.0,50.0,0.3077,0.0
DB01_to_DK06#alt6,6,fwd,104,850.0,50.0,0.2721,0.0
DB01_to_DK06#alt6,6,fwd,105,900.0,50.0,0.2384,0.0
DB01_to_DK06#alt6,6,fwd,106,950.0,50.0,0.2076,0.0
DB01_to_DK06#alt6,6,fwd,107,1000.0,50.0,0.1798,0.0
DB01_to_DK06#alt6,6,fwd,108,1050.0,50.0,0.1551,0.0
DB01_to_DK06#alt6,6,fwd,109,1100.0,50.0,0.1335,0.0
DB01_to_DK06#alt6,6,fwd,110,1150.0,50.0,0.1146,0.0
DB01_to_DK06#alt6,6,fwd,111,1200.0,50.0,0.0987,0.0
DB01_to_DK06#alt6,6,fwd,112,1250.0,50.0,0.0854,0.0
DB01_to_DK06#alt6,6,fwd,113,1300.0,50.0,0.0736,0.0
DB01_to_DK06#alt6,6,fwd,114,1350.0,50.0,0.0634,0.0
DB01_to_DK06#alt6,6,fwd,115,1400.0,50.0,0.0544,0.0
DB01_to_DK06#alt6,6,fwd,116,1450.0,50.0,0.0467,0.0
DB01_to_DK06#alt6,6,fwd,117,1500.0,50.0,0.0407,0.0
DB01_to_DK06#alt6,6,fwd,118,1550.0,50.0,0.0357,0.0
DB01_to_DK06#alt6,6,fwd,119,1600.0,50.0,0.0312,0.0
DB01_to_DK06#alt6,6,fwd,120,1650.0,50.0,0.0272,0.0
DB01_to_DK06#alt6,6,fwd,121,1700.0,50.0,0.0236,0.0
DB01_to_DK06#alt6,6,fwd,122,1750.0,50.0,0.0205,0.0
DB01_to_DK06#alt6,6,fwd,123,1800.0,50.0,0.0178,0.0
DB01_to_DK06#alt6,6,fwd,124,1850.0,50.0,0.0153,0.0
DB01_to_DK06#alt6,6,fwd,125,1900.0,50.0,0.0133,0.0
DB01_to_DK06#alt6,6,fwd,126,1950.0,50.0,0.0121,0.0
DB01_to_DK06#alt6,6,fwd,127,2000.0,50.0,0.0143,0.0
DB01_to_DK06#alt6,6,fwd,128,2050.0,50.0,0.0168,0.0
DB01_to_DK06#alt6,6,fwd,129,2100.0,50.0,0.0198,0.0
DB01_to_DK06#alt6,6,fwd,130,2150.0,50.0,0.0233,0.0
DB01_to_DK06#alt6,6,fwd,131,2200.0,66.67,0.0274,0.0
DB01_to_DK06#alt6,6,fwd,132,2250.0,100.0,0.0334,0.0
DB01_to_DK06#alt6,6,fwd,133,2300.0,133.33,0.0405,0.0
DB01_to_DK06#alt6,6,fwd,134,2350.0,150.0,0.0478,0.0
DB01_to_DK06#alt6,6,fwd,135,2400.0,150.0,0.0563,0.0
DB01_to_DK06#alt6,6,fwd,136,2450.0,150.0,0.0663,0.0
DB01_to_DK06#alt6,6,fwd,137,2500.0,150.0,0.0781,0.0
DB01_to_DK06#alt6,6,fwd,138,2550.0,166.67,0.092,0.0
DB01_to_DK06#alt6,6,fwd,139,2600.0,200.0,0.1117,0.0
DB01_to_DK06#alt6,6,fwd,140,2650.0,250.0,0.1344,0.0
DB01_to_DK06#alt6,6,fwd,141,2700.0,300.0,0.1599,0.0
DB01_to_DK06#alt6,6,fwd,142,2750.0,350.0,0.1889,0.0
DB01_to_DK06#alt6,6,fwd,143,2800.0,383.33,0.2231,0.0
DB01_to_DK06#alt6,6,fwd,144,2850.0,400.0,0.2636,0.0
DB01_to_DK06#alt6,6,fwd,145,2900.0,400.0,0.3114,0.0
DB01_to_DK06#alt6,6,fwd,146,2950.0,400.0,0.3679,0.0
DB01_to_DK06#alt6,6,fwd,147,3000.0,400.0,0.4346,0.0
DB01_to_DK06#alt6,6,fwd,148,3050.0,416.67,0.5134,0.0
DB01_to_DK06#alt6,6,fwd,149,3100.0,450.0,0.5903,0.0
DB01_to_DK06#alt6,6,fwd,150,3150.0,500.0,0.6241,0.0
DB01_to_DK06#alt6,6,fwd,151,3200.0,550.0,0.6241,0.0
DB01_to_DK06#alt6,6,fwd,152,3250.0,600.0,0.6241,0.0
DB01_to_DK06#alt6,6,fwd,153,3300.0,650.0,0.6241,0.0
DB01_to_DK06#alt6,6,fwd,154,3350.0,700.0,0.6241,0.0
DB01_to_DK06#alt6,6,fwd,155,3400.0,750.0,0.6241,0.0
DB01_to_DK06#alt6,6,fwd,156,3450.0,800.0,0.6241,0.0
DB01_to_DK06#alt6,6,fwd,157,3500.0,850.0,0.5903,0.0
DB01_to_DK06#alt6,6,fwd,158,3550.0,900.0,0.5483,0.0
DB01_to_DK06#alt6,6,fwd,159,3583.33,950.0,0.503,0.0
DB01_to_DK06#alt6,6,fwd,160,3600.0,1000.0,0.4275,0.0
DB01_to_DK06#alt6,6,fwd,161,3600.0,1050.0,0.3628,0.0
DB01_to_DK06#alt6,6,fwd,162,3600.0,1100.0,0.3077,0.0
DB01_to_DK06#alt6,6,fwd,163,3600.0,1150.0,0.2609,0.0
DB01_to_DK06#alt6,6,fwd,164,3600.0,1200.0,0.2211,0.0
DK06_to_DB01#alt6,6,bwd,0,3600.0,1200.0,0.2211,0.0
DK06_to_DB01#alt6,6,bwd,1,3550.0,1150.0,0.253,0.0
DK06_to_DB01#alt6,6,bwd,2,3500.0,1100.0,0.281,0.0
DK06_to_DB01#alt6,6,bwd,3,3450.0,1050.0,0.3006,0.0
DK06_to_DB01#alt6,6,bwd,4,3400.0,1000.0,0.3269,0.0
DK06_to_DB01#alt6,6,bwd,5,3350.0,950.0,0.344,0.0
DK06_to_DB01#alt6,6,bwd,6,3300.0,900.0,0.344,0.0
DK06_to_DB01#alt6,6,bwd,7,3250.0,866.67,0.344,0.0
DK06_to_DB01#alt6,6,bwd,8,3200.0,850.0,0.3077,0.0
DK06_to_DB01#alt6,6,bwd,9,3150.0,850.0,0.2721,0.0
DK06_to_DB01#alt6,6,bwd,10,3100.0,850.0,0.2431,0.0
DK06_to_DB01#alt6,6,bwd,11,3050.0,850.0,0.2407,0.0
DK06_to_DB01#alt6,6,bwd,12,3000.0,850.0,0.253,0.0
DK06_to_DB01#alt6,6,bwd,13,2950.0,850.0,0.2609,0.0
DK06_to_DB01#alt6,6,bwd,14,2900.0,866.67,0.2636,0.0
DK06_to_DB01#alt6,6,bwd,15,2850.0,900.0,0.3114,0.0
DK06_to_DB01#alt6,6,bwd,16,2800.0,950.0,0.3628,0.0
DK06_to_DB01#alt6,6,bwd,17,2750.0,1000.0,0.4076,0.0
DK06_to_DB01#alt6,6,bwd,18,2700.0,1050.0,0.4346,0.0
DK06_to_DB01#alt6,6,bwd,19,2650.0,1100.0,0.4346,0.0
DK06_to_DB01#alt6,6,bwd,20,2600.0,1150.0,0.4346,0.0
DK06_to_DB01#alt6,6,bwd,21,2550.0,1200.0,0.4076,0.0
DK06_to_DB01#alt6,6,bwd,22,2500.0,1250.0,0.3628,0.0
DK06_to_DB01#alt6,6,bwd,23,2450.0,1300.0,0.3114,0.0
DK06_to_DB01#alt6,6,bwd,24,2400.0,1350.0,0.3114,0.0
DK06_to_DB01#alt6,6,bwd,25,2350.0,1383.33,0.3679,0.0
DK06_to_DB01#alt6,6,bwd,26,2300.0,1400.0,0.3679,0.0
DK06_to_DB01#alt6,6,bwd,27,2250.0,1416.67,0.3679,0.0
DK06_to_DB01#alt6,6,bwd,28,2200.0,1450.0,0.4275,0.0
DK06_to_DB01#alt6,6,bwd,29,2150.0,1500.0,0.4746,0.0
DK06_to_DB01#alt6,6,bwd,30,2100.0,1550.0,0.503,0.0
DK06_to_DB01#alt6,6,bwd,31,2050.0,1583.33,0.5483,0.0
DK06_to_DB01#alt6,6,bwd,32,2000.0,1600.0,0.4931,0.0
DK06_to_DB01#alt6,6,bwd,33,1950.0,1600.0,0.4346,0.0
DK06_to_DB01#alt6,6,bwd,34,1900.0,1616.67,0.3895,0.0
DK06_to_DB01#alt6,6,bwd,35,1850.0,1650.0,0.3895,0.0
DK06_to_DB01#alt6,6,bwd,36,1800.0,1700.0,0.3784,0.0
DK06_to_DB01#alt6,6,bwd,37,1750.0,1750.0,0.4346,0.0
DK06_to_DB01#alt6,6,bwd,38,1700.0,1800.0,0.5134,0.0
DK06_to_DB01#alt6,6,bwd,39,1650.0,1850.0,0.5903,0.0
DK06_to_DB01#alt6,6,bwd,40,1600.0,1900.0,0.6241,0.0
DK06_to_DB01#alt6,6,bwd,41,1550.0,1950.0,0.6889,0.0
DK06_to_DB01#alt6,6,bwd,42,1500.0,2000.0,0.6889,0.0
DK06_to_DB01#alt6,6,bwd,43,1450.0,2033.33,0.6889,0.0
DK06_to_DB01#alt6,6,bwd,44,1400.0,2050.0,0.7165,0.0
DK06_to_DB01#alt6,6,bwd,45,1350.0,2050.0,0.7165,0.0
DK06_to_DB01#alt6,6,bwd,46,1300.0,2050.0,0.7165,0.0
DK06_to_DB01#alt6,6,bwd,47,1250.0,2050.0,0.7165,0.0
DK06_to_DB01#alt6,6,bwd,48,1200.0,2050.0,0.6889,0.0
DK06_to_DB01#alt6,6,bwd,49,1150.0,2000.0,0.6889,0.0
DK06_to_DB01#alt6,6,bwd,50,1100.0,1966.67,0.6889,0.0
DK06_to_DB01#alt6,6,bwd,51,1050.0,1966.67,0.6241,0.0
DK06_to_DB01#alt6,6,bwd,52,1000.0,2000.0,0.4931,0.0
DK06_to_DB01#alt6,6,bwd,53,950.0,2033.33,0.3895,0.0
DK06_to_DB01#alt6,6,bwd,54,900.0,2050.0,0.3485,0.0
DK06_to_DB01#alt6,6,bwd,55,850.0,2066.67,0.3269,0.0
DK06_to_DB01#alt6,6,bwd,56,800.0,2100.0,0.2609,0.0
DK06_to_DB01#alt6,6,bwd,57,750.0,2150.0,0.2076,0.0
DK06_to_DB01#alt6,6,bwd,58,700.0,2200.0,0.1648,0.0
DK06_to_DB01#alt6,6,bwd,59,650.0,2250.0,0.1308,0.0
DK06_to_DB01#alt6,6,bwd,60,600.0,2300.0,0.1036,0.0
DK06_to_DB01#alt6,6,bwd,61,550.0,2350.0,0.0821,0.0
DK06_to_DB01#alt6,6,bwd,62,500.0,2400.0,0.065,0.0
DK06_to_DB01#alt6,6,bwd,63,450.0,2450.0,0.0514,0.0
DK06_to_DB01#alt6,6,bwd,64,400.0,2500.0,0.0463,0.0
DK06_to_DB01#alt6,6,bwd,65,350.0,2550.0,0.0467,0.0
DK06_to_DB01#alt6,6,bwd,66,300.0,2600.0,0.0467,0.0
DK06_to_DB01#alt6,6,bwd,67,250.0,2650.0,0.0463,0.0
DK06_to_DB01#alt6,6,bwd,68,216.67,2700.0,0.045,0.0
DK06_to_DB01#alt6,6,bwd,69,200.0,2750.0,0.0496,0.0
DK06_to_DB01#alt6,6,bwd,70,200.0,2800.0,0.0542,0.0
DK06_to_DB01#alt6,6,bwd,71,200.0,2850.0,0.0588,0.0
DK06_to_DB01#alt6,6,bwd,72,200.0,2900.0,0.0634,0.0
DK06_to_DB01#alt6,6,bwd,73,200.0,2950.0,0.0681,0.0
DK06_to_DB01#alt6,6,bwd,74,200.0,3000.0,0.0736,0.0
DK06_to_DB01#alt6,6,bwd,75,200.0,3050.0,0.079,0.0
DK06_to_DB01#alt6,6,bwd,76,200.0,3100.0,0.0839,0.0
DK06_to_DB01#alt6,6,bwd,77,200.0,3150.0,0.0883,0.0
DK06_to_DB01#alt6,6,bwd,78,183.33,3200.0,0.092,0.0
DK06_to_DB01#alt6,6,bwd,79,166.67,3250.0,0.0839,0.0
DK06_to_DB01#alt6,6,bwd,80,150.0,3300.0,0.0883,0.0
DK06_to_DB01#alt6,6,bwd,81,150.0,3350.0,0.092,0.0
DK06_to_DB01#alt6,6,bwd,82,150.0,3400.0,0.0947,0.0
DK06_to_DB01#alt6,6,bwd,83,166.67,3450.0,0.0964,0.0
DK06_to_DB01#alt6,6,bwd,84,183.33,3500.0,0.1146,0.0
DK06_to_DB01#alt6,6,bwd,85,200.0,3550.0,0.1138,0.0
DK06_to_DB01#alt6,6,bwd,86,216.67,3600.0,0.1117,0.0
DK06_to_DB01#alt6,6,bwd,87,250.0,3650.0,0.1273,0.0
DK06_to_DB01#alt6,6,bwd,88,300.0,3700.0,0.1422,0.0
DK06_to_DB01#alt6,6,bwd,89,350.0,3750.0,0.1551,0.0
DK06_to_DB01#alt6,6,bwd,90,400.0,3800.0,0.1873,0.0
DK06_to_DB01#alt6,6,bwd,91,450.0,3850.0,0.2231,0.0
DK06_to_DB01#alt6,6,bwd,92,500.0,3883.33,0.2636,0.0
DK06_to_DB01#alt6,6,bwd,93,550.0,3900.0,0.2636,0.0
DK06_to_DB01#alt6,6,bwd,94,600.0,3900.0,0.281,0.0
DK06_to_DB01#alt6,6,bwd,95,650.0,3900.0,0.3269,0.0
DK06_to_DB01#alt6,6,bwd,96,700.0,3900.0,0.3784,0.0
DK06_to_DB01#alt6,6,bwd,97,750.0,3900.0,0.4346,0.0
DK06_to_DB01#alt6,6,bwd,98,800.0,3900.0,0.4931,0.0
DK06_to_DB01#alt6,6,bwd,99,850.0,3900.0,0.5483,0.0
DK06_to_DB01#alt6,6,bwd,100,900.0,3900.0,0.6241,0.0
DK06_to_DB01#alt6,6,bwd,101,950.0,3900.0,0.6889,0.0
DK06_to_DB01#alt6,6,bwd,102,1000.0,3900.0,0.7165,0.0
DB01_to_DK06#alt7,7,fwd,0,1000.0,3900.0,0.7165,0.0
DB01_to_DK06#alt7,7,fwd,1,950.0,3950.0,0.5903,0.0
DB01_to_DK06#alt7,7,fwd,2,900.0,4000.0,0.4746,0.0
DB01_to_DK06#alt7,7,fwd,3,850.0,4050.0,0.503,0.0
DB01_to_DK06#alt7,7,fwd,4,800.0,4100.0,0.5483,0.0
DB01_to_DK06#alt7,7,fwd,5,750.0,4150.0,0.5483,0.0
DB01_to_DK06#alt7,7,fwd,6,700.0,4183.33,0.6889,0.0
DB01_to_DK06#alt7,7,fwd,7,650.0,4200.0,0.7165,0.0
DB01_to_DK06#alt7,7,fwd,8,600.0,4200.0,0.7165,0.0
DB01_to_DK06#alt7,7,fwd,9,550.0,4200.0,0.7165,0.0
DB01_to_DK06#alt7,7,fwd,10,500.0,4200.0,0.7165,0.0
DB01_to_DK06#alt7,7,fwd,11,450.0,4200.0,0.7165,0.0
DB01_to_DK06#alt7,7,fwd,12,400.0,4200.0,0.6889,0.0
DB01_to_DK06#alt7,7,fwd,13,350.0,4250.0,0.6889,0.0
DB01_to_DK06#alt7,7,fwd,14,300.0,4300.0,0.6889,0.0
DB01_to_DK06#alt7,7,fwd,15,266.67,4350.0,0.6241,0.0
DB01_to_DK06#alt7,7,fwd,16,250.0,4400.0,0.6889,0.0
DB01_to_DK06#alt7,7,fwd,17,250.0,4450.0,0.7165,0.0
DB01_to_DK06#alt7,7,fwd,18,250.0,4500.0,0.7165,0.0
DB01_to_DK06#alt7,7,fwd,19,266.67,4550.0,0.6889,0.0
DB01_to_DK06#alt7,7,fwd,20,300.0,4600.0,0.6889,0.0
DB01_to_DK06#alt7,7,fwd,21,350.0,4650.0,0.6889,0.0
DB01_to_DK06#alt7,7,fwd,22,400.0,4700.0,0.6889,0.0
DB01_to_DK06#alt7,7,fwd,23,450.0,4750.0,0.6241,0.0
DB01_to_DK06#alt7,7,fwd,24,500.0,4800.0,0.5903,0.0
DB01_to_DK06#alt7,7,fwd,25,550.0,4833.33,0.5134,0.0
DB01_to_DK06#alt7,7,fwd,26,600.0,4866.67,0.503,0.0
DB01_to_DK06#alt7,7,fwd,27,650.0,4900.0,0.4076,0.0
DB01_to_DK06#alt7,7,fwd,28,700.0,4933.33,0.3269,0.0
DB01_to_DK06#alt7,7,fwd,29,750.0,4950.0,0.3006,0.0
DB01_to_DK06#alt7,7,fwd,30,800.0,4950.0,0.281,0.0
DB01_to_DK06#alt7,7,fwd,31,850.0,4950.0,0.2609,0.0
DB01_to_DK06#alt7,7,fwd,32,900.0,4950.0,0.2384,0.0
DB01_to_DK06#alt7,7,fwd,33,950.0,4950.0,0.2151,0.0
DB01_to_DK06#alt7,7,fwd,34,1000.0,4950.0,0.1921,0.0
DB01_to_DK06#alt7,7,fwd,35,1050.0,4950.0,0.17,0.0
DB01_to_DK06#alt7,7,fwd,36,1100.0,4950.0,0.1755,0.0
DB01_to_DK06#alt7,7,fwd,37,1150.0,4950.0,0.1827,0.0
DB01_to_DK06#alt7,7,fwd,38,1200.0,4950.0,0.1873,0.0
DB01_to_DK06#alt7,7,fwd,39,1250.0,4950.0,0.1889,0.0
DB01_to_DK06#alt7,7,fwd,40,1300.0,4950.0,0.1889,0.0
DB01_to_DK06#alt7,7,fwd,41,1350.0,4950.0,0.1889,0.0
DB01_to_DK06#alt7,7,fwd,42,1400.0,4950.0,0.1889,0.0
DB01_to_DK06#alt7,7,fwd,43,1450.0,4950.0,0.2076,0.0
DB01_to_DK06#alt7,7,fwd,44,1500.0,4950.0,0.2384,0.0
DB01_to_DK06#alt7,7,fwd,45,1550.0,4950.0,0.2721,0.0
DB01_to_DK06#alt7,7,fwd,46,1600.0,4950.0,0.3077,0.0
DB01_to_DK06#alt7,7,fwd,47,1650.0,4950.0,0.344,0.0
DB01_to_DK06#alt7,7,fwd,48,1700.0,4950.0,0.3895,0.0
DB01_to_DK06#alt7,7,fwd,49,1750.0,4950.0,0.4346,0.0
DB01_to_DK06#alt7,7,fwd,50,1800.0,4950.0,0.4931,0.0
DB01_to_DK06#alt7,7,fwd,51,1850.0,4950.0,0.5483,0.0
DB01_to_DK06#alt7,7,fwd,52,1900.0,4950.0,0.6241,0.0
DB01_to_DK06#alt7,7,fwd,53,1950.0,4950.0,0.6889,0.0
DB01_to_DK06#alt7,7,fwd,54,2000.0,4950.0,0.7165,0.0
DB01_to_DK06#alt7,7,fwd,55,2050.0,4950.0,0.7165,0.0
DB01_to_DK06#alt7,7,fwd,56,2100.0,4950.0,0.6889,0.0
DB01_to_DK06#alt7,7,fwd,57,2150.0,4900.0,0.7165,0.0
DB01_to_DK06#alt7,7,fwd,58,2200.0,4900.0,0.6889,0.0
DB01_to_DK06#alt7,7,fwd,59,2250.0,4850.0,0.6889,0.0
DB01_to_DK06#alt7,7,fwd,60,2300.0,4800.0,0.6889,0.0
DB01_to_DK06#alt7,7,fwd,61,2300.0,4750.0,0.7165,0.0
DB01_to_DK06#alt7,7,fwd,62,2300.0,4700.0,0.7165,0.0
DB01_to_DK06#alt7,7,fwd,63,2316.67,4650.0,0.7165,0.0
DB01_to_DK06#alt7,7,fwd,64,2350.0,4600.0,0.6065,0.0
DB01_to_DK06#alt7,7,fwd,65,2400.0,4550.0,0.503,0.0
DB01_to_DK06#alt7,7,fwd,66,2450.0,4500.0,0.4076,0.0
DB01_to_DK06#alt7,7,fwd,67,2500.0,4450.0,0.3485,0.0
DB01_to_DK06#alt7,7,fwd,68,2550.0,4400.0,0.4346,0.0
DB01_to_DK06#alt7,7,fwd,69,2600.0,4350.0,0.5483,0.0
DB01_to_DK06#alt7,7,fwd,70,2633.33,4300.0,0.6889,0.0
DB01_to_DK06#alt7,7,fwd,71,2650.0,4250.0,0.7165,0.0
DB01_to_DK06#alt7,7,fwd,72,2650.0,4200.0,0.7165,0.0
DB01_to_DK06#alt7,7,fwd,73,2650.0,4150.0,0.7165,0.0
DB01_to_DK06#alt7,7,fwd,74,2650.0,4100.0,0.6889,0.0
DB01_to_DK06#alt7,7,fwd,75,2700.0,4050.0,0.7165,0.0
DB01_to_DK06#alt7,7,fwd,76,2700.0,4000.0,0.6889,0.0
DB01_to_DK06#alt7,7,fwd,77,2750.0,3950.0,0.6889,0.0
DB01_to_DK06#alt7,7,fwd,78,2800.0,3900.0,0.6889,0.0
DB01_to_DK06#alt7,7,fwd,79,2850.0,3850.0,0.6241,0.0
DB01_to_DK06#alt7,7,fwd,80,2883.33,3800.0,0.5903,0.0
DB01_to_DK06#alt7,7,fwd,81,2883.33,3750.0,0.503,0.0
DB01_to_DK06#alt7,7,fwd,82,2850.0,3700.0,0.5483,0.0
DB01_to_DK06#alt7,7,fwd,83,2816.67,3650.0,0.5483,0.0
DB01_to_DK06#alt7,7,fwd,84,2800.0,3600.0,0.6241,0.0
DB01_to_DK06#alt7,7,fwd,85,2800.0,3550.0,0.6889,0.0
DB01_to_DK06#alt7,7,fwd,86,2800.0,3500.0,0.7165,0.0
DB01_to_DK06#alt7,7,fwd,87,2800.0,3450.0,0.7165,0.0
DB01_to_DK06#alt7,7,fwd,88,2800.0,3400.0,0.7165,0.0
DB01_to_DK06#alt7,7,fwd,89,2800.0,3350.0,0.7165,0.0
DB01_to_DK06#alt7,7,fwd,90,2800.0,3300.0,0.6889,0.0
DB01_to_DK06#alt7,7,fwd,91,2850.0,3250.0,0.6889,0.0
DB01_to_DK06#alt7,7,fwd,92,2900.0,3200.0,0.6889,0.0
DB01_to_DK06#alt7,7,fwd,93,2950.0,3183.33,0.7165,0.0
DB01_to_DK06#alt7,7,fwd,94,3000.0,3150.0,0.6065,0.0
DB01_to_DK06#alt7,7,fwd,95,3033.33,3100.0,0.7165,0.0
DB01_to_DK06#alt7,7,fwd,96,3066.67,3050.0,0.6889,0.0
DB01_to_DK06#alt7,7,fwd,97,3100.0,3000.0,0.6889,0.0
DB01_to_DK06#alt7,7,fwd,98,3150.0,2950.0,0.6889,0.0
DB01_to_DK06#alt7,7,fwd,99,3200.0,2900.0,0.6889,0.0
DB01_to_DK06#alt7,7,fwd,100,3250.0,2900.0,0.7165,0.0
DB01_to_DK06#alt7,7,fwd,101,3300.0,2883.33,0.7165,0.0
DB01_to_DK06#alt7,7,fwd,102,3350.0,2866.67,0.6065,0.0
DB01_to_DK06#alt7,7,fwd,103,3400.0,2850.0,0.6065,0.0
DB01_to_DK06#alt7,7,fwd,104,3450.0,2866.67,0.6065,0.0
DB01_to_DK06#alt7,7,fwd,105,3500.0,2866.67,0.6065,0.0
DB01_to_DK06#alt7,7,fwd,106,3550.0,2850.0,0.5903,0.0
DB01_to_DK06#alt7,7,fwd,107,3600.0,2800.0,0.4746,0.0
DB01_to_DK06#alt7,7,fwd,108,3650.0,2750.0,0.3784,0.0
DB01_to_DK06#alt7,7,fwd,109,3700.0,2700.0,0.4076,0.0
DB01_to_DK06#alt7,7,fwd,110,3750.0,2650.0,0.4346,0.0
DB01_to_DK06#alt7,7,fwd,111,3800.0,2600.0,0.4746,0.0
DB01_to_DK06#alt7,7,fwd,112,3850.0,2550.0,0.4931,0.0
DB01_to_DK06#alt7,7,fwd,113,3900.0,2500.0,0.4931,0.0
DB01_to_DK06#alt7,7,fwd,114,3950.0,2450.0,0.4746,0.0
DB01_to_DK06#alt7,7,fwd,115,4000.0,2400.0,0.4275,0.0
DB01_to_DK06#alt7,7,fwd,116,4033.33,2350.0,0.3679,0.0
DB01_to_DK06#alt7,7,fwd,117,4050.0,2300.0,0.3114,0.0
DB01_to_DK06#alt7,7,fwd,118,4050.0,2250.0,0.2636,0.0
DB01_to_DK06#alt7,7,fwd,119,4050.0,2200.0,0.2384,0.0
DB01_to_DK06#alt7,7,fwd,120,4033.33,2150.0,0.2721,0.0
DB01_to_DK06#alt7,7,fwd,121,4000.0,2100.0,0.2721,0.0
DB01_to_DK06#alt7,7,fwd,122,3966.67,2050.0,0.2721,0.0
DB01_to_DK06#alt7,7,fwd,123,3950.0,2000.0,0.3006,0.0
DB01_to_DK06#alt7,7,fwd,124,3950.0,1950.0,0.3269,0.0
DB01_to_DK06#alt7,7,fwd,125,3950.0,1900.0,0.3485,0.0
DB01_to_DK06#alt7,7,fwd,126,3950.0,1850.0,0.3628,0.0
DB01_to_DK06#alt7,7,fwd,127,3950.0,1800.0,0.3679,0.0
DB01_to_DK06#alt7,7,fwd,128,3950.0,1750.0,0.3679,0.0
DB01_to_DK06#alt7,7,fwd,129,3933.33,1700.0,0.3628,0.0
DB01_to_DK06#alt7,7,fwd,130,3900.0,1650.0,0.2972,0.0
DB01_to_DK06#alt7,7,fwd,131,3850.0,1600.0,0.2407,0.0
DB01_to_DK06#alt7,7,fwd,132,3800.0,1550.0,0.1937,0.0
DB01_to_DK06#alt7,7,fwd,133,3766.67,1500.0,0.1551,0.0
DB01_to_DK06#alt7,7,fwd,134,3733.33,1450.0,0.1432,0.0
DB01_to_DK06#alt7,7,fwd,135,3700.0,1400.0,0.1146,0.0
DB01_to_DK06#alt7,7,fwd,136,3650.0,1350.0,0.1353,0.0
DB01_to_DK06#alt7,7,fwd,137,3616.67,1300.0,0.1587,0.0
DB01_to_DK06#alt7,7,fwd,138,3600.0,1250.0,0.1873,0.0
DB01_to_DK06#alt7,7,fwd,139,3600.0,1200.0,0.2211,0.0
DK06_to_DB01#alt7,7,bwd,0,3600.0,1200.0,0.2211,0.0
DK06_to_DB01#alt7,7,bwd,1,3550.0,1150.0,0.253,0.0
DK06_to_DB01#alt7,7,bwd,2,3516.67,1100.0,0.281,0.0
DK06_to_DB01#alt7,7,bwd,3,3483.33,1050.0,0.3269,0.0
DK06_to_DB01#alt7,7,bwd,4,3450.0,1000.0,0.3485,0.0
DK06_to_DB01#alt7,7,bwd,5,3400.0,950.0,0.3784,0.0
DK06_to_DB01#alt7,7,bwd,6,3350.0,900.0,0.3895,0.0
DK06_to_DB01#alt7,7,bwd,7,3300.0,850.0,0.3895,0.0
DK06_to_DB01#alt7,7,bwd,8,3250.0,800.0,0.3895,0.0
DK06_to_DB01#alt7,7,bwd,9,3200.0,750.0,0.3895,0.0
DK06_to_DB01#alt7,7,bwd,10,3150.0,700.0,0.3895,0.0
DK06_to_DB01#alt7,7,bwd,11,3100.0,650.0,0.3895,0.0
DK06_to_DB01#alt7,7,bwd,12,3050.0,600.0,0.3895,0.0
DK06_to_DB01#alt7,7,bwd,13,3000.0,550.0,0.3784,0.0
DK06_to_DB01#alt7,7,bwd,14,2950.0,500.0,0.3485,0.0
DK06_to_DB01#alt7,7,bwd,15,2900.0,450.0,0.3077,0.0
DK06_to_DB01#alt7,7,bwd,16,2850.0,400.0,0.2636,0.0
DK06_to_DB01#alt7,7,bwd,17,2800.0,350.0,0.2231,0.0
DK06_to_DB01#alt7,7,bwd,18,2750.0,300.0,0.1889,0.0
DK06_to_DB01#alt7,7,bwd,19,2700.0,250.0,0.1587,0.0
DK06_to_DB01#alt7,7,bwd,20,2650.0,200.0,0.1317,0.0
DK06_to_DB01#alt7,7,bwd,21,2600.0,150.0,0.1082,0.0
DK06_to_DB01#alt7,7,bwd,22,2550.0,100.0,0.0883,0.0
DK06_to_DB01#alt7,7,bwd,23,2500.0,66.67,0.0717,0.0
DK06_to_DB01#alt7,7,bwd,24,2450.0,50.0,0.0612,0.0
DK06_to_DB01#alt7,7,bwd,25,2400.0,66.67,0.0522,0.0
DK06_to_DB01#alt7,7,bwd,26,2350.0,100.0,0.0463,0.0
DK06_to_DB01#alt7,7,bwd,27,2300.0,133.33,0.0405,0.0
DK06_to_DB01#alt7,7,bwd,28,2250.0,150.0,0.0344,0.0
DK06_to_DB01#alt7,7,bwd,29,2200.0,150.0,0.0291,0.0
DK06_to_DB01#alt7,7,bwd,30,2150.0,150.0,0.0247,0.0
DK06_to_DB01#alt7,7,bwd,31,2100.0,150.0,0.0209,0.0
DK06_to_DB01#alt7,7,bwd,32,2050.0,150.0,0.0178,0.0
DK06_to_DB01#alt7,7,bwd,33,2000.0,150.0,0.015,0.0
DK06_to_DB01#alt7,7,bwd,34,1950.0,150.0,0.0131,0.0
DK06_to_DB01#alt7,7,bwd,35,1900.0,150.0,0.0153,0.0
DK06_to_DB01#alt7,7,bwd,36,1850.0,150.0,0.0178,0.0
DK06_to_DB01#alt7,7,bwd,37,1800.0,150.0,0.0207,0.0
DK06_to_DB01#alt7,7,bwd,38,1750.0,150.0,0.0241,0.0
DK06_to_DB01#alt7,7,bwd,39,1700.0,150.0,0.0279,0.0
DK06_to_DB01#alt7,7,bwd,40,1650.0,150.0,0.0323,0.0
DK06_to_DB01#alt7,7,bwd,41,1600.0,150.0,0.0374,0.0
DK06_to_DB01#alt7,7,bwd,42,1550.0,150.0,0.0431,0.0
DK06_to_DB01#alt7,7,bwd,43,1500.0,150.0,0.0496,0.0
DK06_to_DB01#alt7,7,bwd,44,1450.0,150.0,0.0568,0.0
DK06_to_DB01#alt7,7,bwd,45,1400.0,150.0,0.065,0.0
DK06_to_DB01#alt7,7,bwd,46,1350.0,150.0,0.074,0.0
DK06_to_DB01#alt7,7,bwd,47,1300.0,150.0,0.0839,0.0
DK06_to_DB01#alt7,7,bwd,48,1250.0,150.0,0.0981,0.0
DK06_to_DB01#alt7,7,bwd,49,1200.0,150.0,0.1146,0.0
DK06_to_DB01#alt7,7,bwd,50,1150.0,150.0,0.1335,0.0
DK06_to_DB01#alt7,7,bwd,51,1100.0,166.67,0.1551,0.0
DK06_to_DB01#alt7,7,bwd,52,1050.0,200.0,0.1937,0.0
DK06_to_DB01#alt7,7,bwd,53,1000.0,250.0,0.2407,0.0
DK06_to_DB01#alt7,7,bwd,54,950.0,300.0,0.2972,0.0
DK06_to_DB01#alt7,7,bwd,55,900.0,350.0,0.3628,0.0
DK06_to_DB01#alt7,7,bwd,56,866.67,400.0,0.4346,0.0
DK06_to_DB01#alt7,7,bwd,57,850.0,450.0,0.4746,0.0
DK06_to_DB01#alt7,7,bwd,58,850.0,500.0,0.5483,0.0
DK06_to_DB01#alt7,7,bwd,59,850.0,550.0,0.6241,0.0
DK06_to_DB01#alt7,7,bwd,60,850.0,600.0,0.6889,0.0
DK06_to_DB01#alt7,7,bwd,61,850.0,650.0,0.7165,0.0
DK06_to_DB01#alt7,7,bwd,62,850.0,700.0,0.7165,0.0
DK06_to_DB01#alt7,7,bwd,63,833.33,750.0,0.6889,0.0
DK06_to_DB01#alt7,7,bwd,64,800.0,800.0,0.6889,0.0
DK06_to_DB01#alt7,7,bwd,65,750.0,850.0,0.6065,0.0
DK06_to_DB01#alt7,7,bwd,66,700.0,900.0,0.5134,0.0
DK06_to_DB01#alt7,7,bwd,67,650.0,950.0,0.4275,0.0
DK06_to_DB01#alt7,7,bwd,68,600.0,1000.0,0.3485,0.0
DK06_to_DB01#alt7,7,bwd,69,550.0,1050.0,0.281,0.0
DK06_to_DB01#alt7,7,bwd,70,500.0,1100.0,0.2252,0.0
DK06_to_DB01#alt7,7,bwd,71,450.0,1150.0,0.1889,0.0
DK06_to_DB01#alt7,7,bwd,72,416.67,1200.0,0.1599,0.0
DK06_to_DB01#alt7,7,bwd,73,400.0,1250.0,0.1353,0.0
DK06_to_DB01#alt7,7,bwd,74,400.0,1300.0,0.1335,0.0
DK06_to_DB01#alt7,7,bwd,75,400.0,1350.0,0.1432,0.0
DK06_to_DB01#alt7,7,bwd,76,400.0,1400.0,0.1551,0.0
DK06_to_DB01#alt7,7,bwd,77,400.0,1450.0,0.1661,0.0
DK06_to_DB01#alt7,7,bwd,78,400.0,1500.0,0.1755,0.0
DK06_to_DB01#alt7,7,bwd,79,400.0,1550.0,0.1827,0.0
DK06_to_DB01#alt7,7,bwd,80,400.0,1600.0,0.1873,0.0
DK06_to_DB01#alt7,7,bwd,81,400.0,1650.0,0.1889,0.0
DK06_to_DB01#alt7,7,bwd,82,400.0,1700.0,0.1873,0.0
DK06_to_DB01#alt7,7,bwd,83,400.0,1750.0,0.1827,0.0
DK06_to_DB01#alt7,7,bwd,84,400.0,1800.0,0.1755,0.0
DK06_to_DB01#alt7,7,bwd,85,400.0,1850.0,0.1661,0.0
DK06_to_DB01#alt7,7,bwd,86,400.0,1900.0,0.1551,0.0
DK06_to_DB01#alt7,7,bwd,87,400.0,1950.0,0.1432,0.0
DK06_to_DB01#alt7,7,bwd,88,400.0,2000.0,0.1308,0.0
DK06_to_DB01#alt7,7,bwd,89,400.0,2050.0,0.1183,0.0
DK06_to_DB01#alt7,7,bwd,90,400.0,2100.0,0.1062,0.0
DK06_to_DB01#alt7,7,bwd,91,400.0,2150.0,0.0947,0.0
DK06_to_DB01#alt7,7,bwd,92,400.0,2200.0,0.0839,0.0
DK06_to_DB01#alt7,7,bwd,93,383.33,2250.0,0.0748,0.0
DK06_to_DB01#alt7,7,bwd,94,350.0,2300.0,0.0591,0.0
DK06_to_DB01#alt7,7,bwd,95,316.67,2350.0,0.0467,0.0
DK06_to_DB01#alt7,7,bwd,96,300.0,2400.0,0.0414,0.0
DK06_to_DB01#alt7,7,bwd,97,300.0,2450.0,0.0369,0.0
DK06_to_DB01#alt7,7,bwd,98,300.0,2500.0,0.0369,0.0
DK06_to_DB01#alt7,7,bwd,99,300.0,2550.0,0.0414,0.0
DK06_to_DB01#alt7,7,bwd,100,300.0,2600.0,0.0467,0.0
DK06_to_DB01#alt7,7,bwd,101,300.0,2650.0,0.0524,0.0
DK06_to_DB01#alt7,7,bwd,102,300.0,2700.0,0.0585,0.0
DK06_to_DB01#alt7,7,bwd,103,316.67,2750.0,0.065,0.0
DK06_to_DB01#alt7,7,bwd,104,316.67,2800.0,0.0717,0.0
DK06_to_DB01#alt7,7,bwd,105,316.67,2850.0,0.0785,0.0
DK06_to_DB01#alt7,7,bwd,106,300.0,2900.0,0.0854,0.0
DK06_to_DB01#alt7,7,bwd,107,316.67,2950.0,0.092,0.0
DK06_to_DB01#alt7,7,bwd,108,333.33,3000.0,0.1146,0.0
DK06_to_DB01#alt7,7,bwd,109,350.0,3050.0,0.1239,0.0
DK06_to_DB01#alt7,7,bwd,110,350.0,3100.0,0.1335,0.0
DK06_to_DB01#alt7,7,bwd,111,350.0,3150.0,0.1422,0.0
DK06_to_DB01#alt7,7,bwd,112,350.0,3200.0,0.1495,0.0
DK06_to_DB01#alt7,7,bwd,113,350.0,3250.0,0.1551,0.0
DK06_to_DB01#alt7,7,bwd,114,350.0,3300.0,0.1661,0.0
DK06_to_DB01#alt7,7,bwd,115,350.0,3350.0,0.1755,0.0
DK06_to_DB01#alt7,7,bwd,116,350.0,3400.0,0.1827,0.0
DK06_to_DB01#alt7,7,bwd,117,366.67,3450.0,0.1873,0.0
DK06_to_DB01#alt7,7,bwd,118,400.0,3500.0,0.2231,0.0
DK06_to_DB01#alt7,7,bwd,119,433.33,3550.0,0.2609,0.0
DK06_to_DB01#alt7,7,bwd,120,466.67,3600.0,0.253,0.0
DK06_to_DB01#alt7,7,bwd,121,500.0,3650.0,0.281,0.0
DK06_to_DB01#alt7,7,bwd,122,550.0,3700.0,0.3077,0.0
DK06_to_DB01#alt7,7,bwd,123,600.0,3750.0,0.3485,0.0
DK06_to_DB01#alt7,7,bwd,124,650.0,3800.0,0.3784,0.0
DK06_to_DB01#alt7,7,bwd,125,700.0,3850.0,0.4076,0.0
DK06_to_DB01#alt7,7,bwd,126,750.0,3883.33,0.4346,0.0
DK06_to_DB01#alt7,7,bwd,127,800.0,3900.0,0.4931,0.0
DK06_to_DB01#alt7,7,bwd,128,850.0,3900.0,0.5483,0.0
DK06_to_DB01#alt7,7,bwd,129,900.0,3900.0,0.6241,0.0
DK06_to_DB01#alt7,7,bwd,130,950.0,3900.0,0.6889,0.0
DK06_to_DB01#alt7,7,bwd,131,1000.0,3900.0,0.7165,0.0
DB02_to_DK05#alt0,0,fwd,0,1800.0,1100.0,0.1183,0.0
DB02_to_DK05#alt0,0,fwd,1,1850.0,1050.0,0.0936,0.0
DB02_to_DK05#alt0,0,fwd,2,1900.0,1016.67,0.074,0.0
DB02_to_DK05#alt0,0,fwd,3,1950.0,983.33,0.079,0.0
DB02_to_DK05#alt0,0,fwd,4,2000.0,950.0,0.0717,0.0
DB02_to_DK05#alt0,0,fwd,5,2050.0,900.0,0.064,0.0
DB02_to_DK05#alt0,0,fwd,6,2100.0,850.0,0.0624,0.0
DB02_to_DK05#alt0,0,fwd,7,2150.0,816.67,0.065,0.0
DB02_to_DK05#alt0,0,fwd,8,2200.0,800.0,0.074,0.0
DB02_to_DK05#alt0,0,fwd,9,2250.0,800.0,0.0839,0.0
DB02_to_DK05#alt0,0,fwd,10,2300.0,800.0,0.0947,0.0
DB02_to_DK05#alt0,0,fwd,11,2350.0,800.0,0.1062,0.0
DB02_to_DK05#alt0,0,fwd,12,2400.0,800.0,0.1199,0.0
DB02_to_DK05#alt0,0,fwd,13,2450.0,783.33,0.1344,0.0
DB02_to_DK05#alt0,0,fwd,14,2500.0,750.0,0.1308,0.0
DB02_to_DK05#alt0,0,fwd,15,2550.0,716.67,0.1239,0.0
DB02_to_DK05#alt0,0,fwd,16,2600.0,700.0,0.1335,0.0
DB02_to_DK05#alt0,0,fwd,17,2650.0,716.67,0.1422,0.0
DB02_to_DK05#alt0,0,fwd,18,2700.0,716.67,0.1495,0.0
DB02_to_DK05#alt0,0,fwd,19,2750.0,733.33,0.1827,0.0
DB02_to_DK05#alt0,0,fwd,20,2800.0,733.33,0.1873,0.0
DB02_to_DK05#alt0,0,fwd,21,2850.0,750.0,0.1889,0.0
DB02_to_DK05#alt0,0,fwd,22,2900.0,750.0,0.1921,0.0
DB02_to_DK05#alt0,0,fwd,23,2950.0,750.0,0.2151,0.0
DB02_to_DK05#alt0,0,fwd,24,3000.0,750.0,0.2431,0.0
DB02_to_DK05#alt0,0,fwd,25,3050.0,750.0,0.2721,0.0
DB02_to_DK05#alt0,0,fwd,26,3100.0,750.0,0.3077,0.0
DB02_to_DK05#alt0,0,fwd,27,3150.0,750.0,0.344,0.0
DB02_to_DK05#alt0,0,fwd,28,3200.0,750.0,0.3895,0.0
DB02_to_DK05#alt0,0,fwd,29,3250.0,750.0,0.4346,0.0
DB02_to_DK05#alt0,0,fwd,30,3300.0,766.67,0.4931,0.0
DB02_to_DK05#alt0,0,fwd,31,3350.0,783.33,0.4931,0.0
DB02_to_DK05#alt0,0,fwd,32,3400.0,800.0,0.5483,0.0
DB02_to_DK05#alt0,0,fwd,33,3450.0,816.67,0.6241,0.0
DB02_to_DK05#alt0,0,fwd,34,3500.0,833.33,0.5903,0.0
DB02_to_DK05#alt0,0,fwd,35,3550.0,850.0,0.6241,0.0
DB02_to_DK05#alt0,0,fwd,36,3600.0,850.0,0.6889,0.0
DB02_to_DK05#alt0,0,fwd,37,3650.0,850.0,0.7165,0.0
DB02_to_DK05#alt0,0,fwd,38,3700.0,850.0,0.7165,0.0
DB02_to_DK05#alt0,0,fwd,39,3750.0,833.33,0.6889,0.0
DB02_to_DK05#alt0,0,fwd,40,3800.0,800.0,0.6889,0.0
DB02_to_DK05#alt0,0,fwd,41,3850.0,766.67,0.6889,0.0
DB02_to_DK05#alt0,0,fwd,42,3900.0,750.0,0.6241,0.0
DB02_to_DK05#alt0,0,fwd,43,3950.0,766.67,0.5483,0.0
DB02_to_DK05#alt0,0,fwd,44,4000.0,800.0,0.4346,0.0
DB02_to_DK05#alt0,0,fwd,45,4050.0,850.0,0.3784,0.0
DB02_to_DK05#alt0,0,fwd,46,4100.0,900.0,0.3485,0.0
DB02_to_DK05#alt0,0,fwd,47,4150.0,950.0,0.3077,0.0
DB02_to_DK05#alt0,0,fwd,48,4200.0,1000.0,0.2636,0.0
DB02_to_DK05#alt0,0,fwd,49,4250.0,1050.0,0.2231,0.0
DB02_to_DK05#alt0,0,fwd,50,4300.0,1100.0,0.1889,0.0
DB02_to_DK05#alt0,0,fwd,51,4350.0,1150.0,0.1599,0.0
DB02_to_DK05#alt0,0,fwd,52,4400.0,1200.0,0.1889,0.0
DB02_to_DK05#alt0,0,fwd,53,4450.0,1250.0,0.2211,0.0
DB02_to_DK05#alt0,0,fwd,54,4500.0,1300.0,0.253,0.0
DB02_to_DK05#alt0,0,fwd,55,4550.0,1350.0,0.281,0.0
DB02_to_DK05#alt0,0,fwd,56,4600.0,1400.0,0.3006,0.0
DB02_to_DK05#alt0,0,fwd,57,4650.0,1450.0,0.3077,0.0
DB02_to_DK05#alt0,0,fwd,58,4700.0,1500.0,0.3077,0.0
DB02_to_DK05#alt0,0,fwd,59,4750.0,1550.0,0.3006,0.0
DB02_to_DK05#alt0,0,fwd,60,4783.33,1600.0,0.281,0.0
DB02_to_DK05#alt0,0,fwd,61,4816.67,1650.0,0.2972,0.0
DB02_to_DK05#alt0,0,fwd,62,4850.0,1700.0,0.2609,0.0
DB02_to_DK05#alt0,0,fwd,63,4883.33,1750.0,0.2231,0.0
DB02_to_DK05#alt0,0,fwd,64,4900.0,1800.0,0.2231,0.0
DB02_to_DK05#alt0,0,fwd,65,4900.0,1850.0,0.2211,0.0
DB02_to_DK05#alt0,0,fwd,66,4916.67,1900.0,0.2151,0.0
DB02_to_DK05#alt0,0,fwd,67,4933.33,1950.0,0.1755,0.0
DB02_to_DK05#alt0,0,fwd,68,4950.0,2000.0,0.1661,0.0
DB02_to_DK05#alt0,0,fwd,69,4950.0,2050.0,0.1551,0.0
DB02_to_DK05#alt0,0,fwd,70,4950.0,2100.0,0.1432,0.0
DB02_to_DK05#alt0,0,fwd,71,4950.0,2150.0,0.1308,0.0
DB02_to_DK05#alt0,0,fwd,72,4950.0,2200.0,0.1183,0.0
DB02_to_DK05#alt0,0,fwd,73,4950.0,2250.0,0.1062,0.0
DK05_to_DB02#alt0,0,bwd,0,4950.0,2250.0,0.1062,0.0
DK05_to_DB02#alt0,0,bwd,1,4900.0,2200.0,0.1344,0.0
DK05_to_DB02#alt0,0,bwd,2,4866.67,2150.0,0.17,0.0
DK05_to_DB02#alt0,0,bwd,3,4866.67,2100.0,0.1889,0.0
DK05_to_DB02#alt0,0,bwd,4,4883.33,2050.0,0.1798,0.0
DK05_to_DB02#alt0,0,bwd,5,4916.67,2000.0,0.1937,0.0
DK05_to_DB02#alt0,0,bwd,6,4933.33,1950.0,0.1755,0.0
DK05_to_DB02#alt0,0,bwd,7,4950.0,1900.0,0.1827,0.0
DK05_to_DB02#alt0,0,bwd,8,4950.0,1850.0,0.1873,0.0
DK05_to_DB02#alt0,0,bwd,9,4950.0,1800.0,0.1889,0.0
DK05_to_DB02#alt0,0,bwd,10,4933.33,1750.0,0.1889,0.0
DK05_to_DB02#alt0,0,bwd,11,4916.67,1700.0,0.2211,0.0
DK05_to_DB02#alt0,0,bwd,12,4900.0,1650.0,0.2151,0.0
DK05_to_DB02#alt0,0,bwd,13,4900.0,1600.0,0.2057,0.0
DK05_to_DB02#alt0,0,bwd,14,4900.0,1550.0,0.1937,0.0
DK05_to_DB02#alt0,0,bwd,15,4900.0,1500.0,0.1798,0.0
DK05_to_DB02#alt0,0,bwd,16,4900.0,1450.0,0.1648,0.0
DK05_to_DB02#alt0,0,bwd,17,4900.0,1400.0,0.1495,0.0
DK05_to_DB02#alt0,0,bwd,18,4900.0,1350.0,0.1344,0.0
DK05_to_DB02#alt0,0,bwd,19,4883.33,1300.0,0.1199,0.0
DK05_to_DB02#alt0,0,bwd,20,4866.67,1250.0,0.1199,0.0
DK05_to_DB02#alt0,0,bwd,21,4850.0,1200.0,0.1062,0.0
DK05_to_DB02#alt0,0,bwd,22,4850.0,1150.0,0.0936,0.0
DK05_to_DB02#alt0,0,bwd,23,4850.0,1100.0,0.0839,0.0
DK05_to_DB02#alt0,0,bwd,24,4850.0,1050.0,0.0947,0.0
DK05_to_DB02#alt0,0,bwd,25,4850.0,1000.0,0.1062,0.0
DK05_to_DB02#alt0,0,bwd,26,4850.0,950.0,0.1199,0.0
DK05_to_DB02#alt0,0,bwd,27,4833.33,900.0,0.1344,0.0
DK05_to_DB02#alt0,0,bwd,28,4800.0,850.0,0.17,0.0
DK05_to_DB02#alt0,0,bwd,29,4766.67,800.0,0.2151,0.0
DK05_to_DB02#alt0,0,bwd,30,4750.0,750.0,0.2384,0.0
DK05_to_DB02#alt0,0,bwd,31,4750.0,700.0,0.2609,0.0
DK05_to_DB02#alt0,0,bwd,32,4733.33,650.0,0.281,0.0
DK05_to_DB02#alt0,0,bwd,33,4716.67,600.0,0.3485,0.0
DK05_to_DB02#alt0,0,bwd,34,4683.33,550.0,0.3628,0.0
DK05_to_DB02#alt0,0,bwd,35,4650.0,500.0,0.4346,0.0
DK05_to_DB02#alt0,0,bwd,36,4633.33,450.0,0.4346,0.0
DK05_to_DB02#alt0,0,bwd,37,4616.67,400.0,0.5134,0.0
DK05_to_DB02#alt0,0,bwd,38,4600.0,350.0,0.5134,0.0
DK05_to_DB02#alt0,0,bwd,39,4566.67,300.0,0.6065,0.0
DK05_to_DB02#alt0,0,bwd,40,4533.33,250.0,0.5903,0.0
DK05_to_DB02#alt0,0,bwd,41,4500.0,200.0,0.6241,0.0
DK05_to_DB02#alt0,0,bwd,42,4450.0,150.0,0.6241,0.0
DK05_to_DB02#alt0,0,bwd,43,4400.0,116.67,0.5903,0.0
DK05_to_DB02#alt0,0,bwd,44,4350.0,100.0,0.6065,0.0
DK05_to_DB02#alt0,0,bwd,45,4300.0,100.0,0.6065,0.0
DK05_to_DB02#alt0,0,bwd,46,4250.0,100.0,0.6065,0.0
DK05_to_DB02#alt0,0,bwd,47,4200.0,100.0,0.6065,0.0
DK05_to_DB02#alt0,0,bwd,48,4150.0,100.0,0.6065,0.0
DK05_to_DB02#alt0,0,bwd,49,4100.0,100.0,0.5903,0.0
DK05_to_DB02#alt0,0,bwd,50,4050.0,100.0,0.5483,0.0
DK05_to_DB02#alt0,0,bwd,51,4000.0,100.0,0.4931,0.0
DK05_to_DB02#alt0,0,bwd,52,3950.0,100.0,0.4346,0.0
DK05_to_DB02#alt0,0,bwd,53,3900.0,116.67,0.3895,0.0
DK05_to_DB02#alt0,0,bwd,54,3850.0,116.67,0.344,0.0
DK05_to_DB02#alt0,0,bwd,55,3800.0,116.67,0.3895,0.0
DK05_to_DB02#alt0,0,bwd,56,3750.0,100.0,0.4346,0.0
DK05_to_DB02#alt0,0,bwd,57,3700.0,100.0,0.4746,0.0
DK05_to_DB02#alt0,0,bwd,58,3650.0,100.0,0.503,0.0
DK05_to_DB02#alt0,0,bwd,59,3600.0,100.0,0.5134,0.0
DK05_to_DB02#alt0,0,bwd,60,3550.0,100.0,0.5134,0.0
DK05_to_DB02#alt0,0,bwd,61,3500.0,100.0,0.5134,0.0
DK05_to_DB02#alt0,0,bwd,62,3450.0,100.0,0.5134,0.0
DK05_to_DB02#alt0,0,bwd,63,3400.0,100.0,0.5134,0.0
DK05_to_DB02#alt0,0,bwd,64,3350.0,100.0,0.5134,0.0
DK05_to_DB02#alt0,0,bwd,65,3300.0,100.0,0.5134,0.0
DK05_to_DB02#alt0,0,bwd,66,3250.0,100.0,0.5134,0.0
DK05_to_DB02#alt0,0,bwd,67,3200.0,100.0,0.503,0.0
DK05_to_DB02#alt0,0,bwd,68,3150.0,100.0,0.4746,0.0
DK05_to_DB02#alt0,0,bwd,69,3100.0,116.67,0.4346,0.0
DK05_to_DB02#alt0,0,bwd,70,3050.0,133.33,0.4346,0.0
DK05_to_DB02#alt0,0,bwd,71,3000.0,150.0,0.3784,0.0
DK05_to_DB02#alt0,0,bwd,72,2950.0,150.0,0.3269,0.0
DK05_to_DB02#alt0,0,bwd,73,2900.0,150.0,0.281,0.0
DK05_to_DB02#alt0,0,bwd,74,2850.0,150.0,0.2407,0.0
DK05_to_DB02#alt0,0,bwd,75,2800.0,150.0,0.2057,0.0
DK05_to_DB02#alt0,0,bwd,76,2750.0,150.0,0.1755,0.0
DK05_to_DB02#alt0,0,bwd,77,2700.0,166.67,0.1495,0.0
DK05_to_DB02#alt0,0,bwd,78,2650.0,200.0,0.1317,0.0
DK05_to_DB02#alt0,0,bwd,79,2600.0,233.33,0.1138,0.0
DK05_to_DB02#alt0,0,bwd,80,2550.0,266.67,0.0964,0.0
DK05_to_DB02#alt0,0,bwd,81,2500.0,300.0,0.0821,0.0
DK05_to_DB02#alt0,0,bwd,82,2450.0,333.33,0.0695,0.0
DK05_to_DB02#alt0,0,bwd,83,2400.0,366.67,0.0588,0.0
DK05_to_DB02#alt0,0,bwd,84,2350.0,383.33,0.0498,0.0
DK05_to_DB02#alt0,0,bwd,85,2300.0,416.67,0.0421,0.0
DK05_to_DB02#alt0,0,bwd,86,2250.0,450.0,0.0357,0.0
DK05_to_DB02#alt0,0,bwd,87,2200.0,500.0,0.0366,0.0
DK05_to_DB02#alt0,0,bwd,88,2150.0,550.0,0.0369,0.0
DK05_to_DB02#alt0,0,bwd,89,2100.0,600.0,0.0369,0.0
DK05_to_DB02#alt0,0,bwd,90,2050.0,650.0,0.0366,0.0
DK05_to_DB02#alt0,0,bwd,91,2000.0,700.0,0.0357,0.0
DK05_to_DB02#alt0,0,bwd,92,1950.0,750.0,0.0361,0.0
DK05_to_DB02#alt0,0,bwd,93,1900.0,800.0,0.0431,0.0
DK05_to_DB02#alt0,0,bwd,94,1850.0,850.0,0.0542,0.0
DK05_to_DB02#alt0,0,bwd,95,1816.67,900.0,0.0681,0.0
DK05_to_DB02#alt0,0,bwd,96,1800.0,950.0,0.0785,0.0
DK05_to_DB02#alt0,0,bwd,97,1800.0,1000.0,0.0904,0.0
DK05_to_DB02#alt0,0,bwd,98,1800.0,1050.0,0.1036,0.0
DK05_to_DB02#alt0,0,bwd,99,1800.0,1100.0,0.1183,0.0
DB02_to_DK05#alt1,1,fwd,0,1800.0,1100.0,0.1183,0.0
DB02_to_DK05#alt1,1,fwd,1,1850.0,1050.0,0.0936,0.0
DB02_to_DK05#alt1,1,fwd,2,1900.0,1000.0,0.074,0.0
DB02_to_DK05#alt1,1,fwd,3,1950.0,950.0,0.0677,0.0
DB02_to_DK05#alt1,1,fwd,4,2000.0,900.0,0.0612,0.0
DB02_to_DK05#alt1,1,fwd,5,2050.0,850.0,0.0544,0.0
DB02_to_DK05#alt1,1,fwd,6,2100.0,800.0,0.0568,0.0
DB02_to_DK05#alt1,1,fwd,7,2150.0,750.0,0.0585,0.0
DB02_to_DK05#alt1,1,fwd,8,2200.0,700.0,0.0591,0.0
DB02_to_DK05#alt1,1,fwd,9,2250.0,650.0,0.0591,0.0
DB02_to_DK05#alt1,1,fwd,10,2300.0,600.0,0.0585,0.0
DB02_to_DK05#alt1,1,fwd,11,2350.0,550.0,0.0568,0.0
DB02_to_DK05#alt1,1,fwd,12,2400.0,500.0,0.0577,0.0
DB02_to_DK05#alt1,1,fwd,13,2450.0,450.0,0.0691,0.0
DB02_to_DK05#alt1,1,fwd,14,2500.0,400.0,0.0821,0.0
DB02_to_DK05#alt1,1,fwd,15,2550.0,366.67,0.097,0.0
DB02_to_DK05#alt1,1,fwd,16,2600.0,333.33,0.1146,0.0
DB02_to_DK05#alt1,1,fwd,17,2650.0,300.0,0.1353,0.0
DB02_to_DK05#alt1,1,fwd,18,2700.0,266.67,0.1587,0.0
DB02_to_DK05#alt1,1,fwd,19,2750.0,250.0,0.1873,0.0
DB02_to_DK05#alt1,1,fwd,20,2800.0,250.0,0.2211,0.0
DB02_to_DK05#alt1,1,fwd,21,2850.0,250.0,0.2609,0.0
DB02_to_DK05#alt1,1,fwd,22,2900.0,266.67,0.3077,0.0
DB02_to_DK05#alt1,1,fwd,23,2950.0,283.33,0.3679,0.0
DB02_to_DK05#alt1,1,fwd,24,3000.0,283.33,0.4346,0.0
DB02_to_DK05#alt1,1,fwd,25,3050.0,250.0,0.503,0.0
DB02_to_DK05#alt1,1,fwd,26,3100.0,216.67,0.5483,0.0
DB02_to_DK05#alt1,1,fwd,27,3150.0,200.0,0.6241,0.0
DB02_to_DK05#alt1,1,fwd,28,3200.0,200.0,0.6889,0.0
DB02_to_DK05#alt1,1,fwd,29,3250.0,200.0,0.7165,0.0
DB02_to_DK05#alt1,1,fwd,30,3300.0,200.0,0.7165,0.0
DB02_to_DK05#alt1,1,fwd,31,3350.0,200.0,0.7165,0.0
DB02_to_DK05#alt1,1,fwd,32,3400.0,200.0,0.7165,0.0
DB02_to_DK05#alt1,1,fwd,33,3450.0,200.0,0.7165,0.0
DB02_to_DK05#alt1,1,fwd,34,3500.0,200.0,0.7165,0.0
DB02_to_DK05#alt1,1,fwd,35,3550.0,200.0,0.7165,0.0
DB02_to_DK05#alt1,1,fwd,36,3600.0,200.0,0.7165,0.0
DB02_to_DK05#alt1,1,fwd,37,3650.0,216.67,0.6889,0.0
DB02_to_DK05#alt1,1,fwd,38,3700.0,250.0,0.6889,0.0
DB02_to_DK05#alt1,1,fwd,39,3750.0,300.0,0.6889,0.0
DB02_to_DK05#alt1,1,fwd,40,3800.0,333.33,0.7165,0.0
DB02_to_DK05#alt1,1,fwd,41,3850.0,366.67,0.6889,0.0
DB02_to_DK05#alt1,1,fwd,42,3900.0,400.0,0.6889,0.0
DB02_to_DK05#alt1,1,fwd,43,3933.33,450.0,0.7165,0.0
DB02_to_DK05#alt1,1,fwd,44,3966.67,500.0,0.6889,0.0
DB02_to_DK05#alt1,1,fwd,45,3983.33,550.0,0.7165,0.0
DB02_to_DK05#alt1,1,fwd,46,4000.0,600.0,0.6889,0.0
DB02_to_DK05#alt1,1,fwd,47,4050.0,650.0,0.6889,0.0
DB02_to_DK05#alt1,1,fwd,48,4100.0,683.33,0.6241,0.0
DB02_to_DK05#alt1,1,fwd,49,4150.0,700.0,0.6889,0.0
DB02_to_DK05#alt1,1,fwd,50,4200.0,716.67,0.7165,0.0
DB02_to_DK05#alt1,1,fwd,51,4250.0,733.33,0.6065,0.0
DB02_to_DK05#alt1,1,fwd,52,4300.0,766.67,0.6065,0.0
DB02_to_DK05#alt1,1,fwd,53,4350.0,800.0,0.503,0.0
DB02_to_DK05#alt1,1,fwd,54,4400.0,850.0,0.4076,0.0
DB02_to_DK05#alt1,1,fwd,55,4450.0,900.0,0.3269,0.0
DB02_to_DK05#alt1,1,fwd,56,4500.0,950.0,0.2609,0.0
DB02_to_DK05#alt1,1,fwd,57,4550.0,1000.0,0.2076,0.0
DB02_to_DK05#alt1,1,fwd,58,4600.0,1050.0,0.1648,0.0
DB02_to_DK05#alt1,1,fwd,59,4650.0,1100.0,0.1308,0.0
DB02_to_DK05#alt1,1,fwd,60,4700.0,1150.0,0.1239,0.0
DB02_to_DK05#alt1,1,fwd,61,4733.33,1200.0,0.1308,0.0
DB02_to_DK05#alt1,1,fwd,62,4750.0,1250.0,0.1495,0.0
DB02_to_DK05#alt1,1,fwd,63,4766.67,1300.0,0.17,0.0
DB02_to_DK05#alt1,1,fwd,64,4766.67,1350.0,0.1921,0.0
DB02_to_DK05#alt1,1,fwd,65,4783.33,1400.0,0.1921,0.0
DB02_to_DK05#alt1,1,fwd,66,4783.33,1450.0,0.2151,0.0
DB02_to_DK05#alt1,1,fwd,67,4800.0,1500.0,0.2384,0.0
DB02_to_DK05#alt1,1,fwd,68,4783.33,1550.0,0.2609,0.0
DB02_to_DK05#alt1,1,fwd,69,4766.67,1600.0,0.3269,0.0
DB02_to_DK05#alt1,1,fwd,70,4750.0,1650.0,0.3485,0.0
DB02_to_DK05#alt1,1,fwd,71,4750.0,1700.0,0.3628,0.0
DB02_to_DK05#alt1,1,fwd,72,4750.0,1750.0,0.3679,0.0
DB02_to_DK05#alt1,1,fwd,73,4750.0,1800.0,0.3679,0.0
DB02_to_DK05#alt1,1,fwd,74,4766.67,1850.0,0.3628,0.0
DB02_to_DK05#alt1,1,fwd,75,4800.0,1900.0,0.2972,0.0
DB02_to_DK05#alt1,1,fwd,76,4833.33,1950.0,0.2407,0.0
DB02_to_DK05#alt1,1,fwd,77,4866.67,2000.0,0.2252,0.0
DB02_to_DK05#alt1,1,fwd,78,4900.0,2050.0,0.1798,0.0
DB02_to_DK05#alt1,1,fwd,79,4933.33,2100.0,0.1432,0.0
DB02_to_DK05#alt1,1,fwd,80,4950.0,2150.0,0.1308,0.0
DB02_to_DK05#alt1,1,fwd,81,4950.0,2200.0,0.1183,0.0
DB02_to_DK05#alt1,1,fwd,82,4950.0,2250.0,0.1062,0.0
DK05_to_DB02#alt1,1,bwd,0,4950.0,2250.0,0.1062,0.0
DK05_to_DB02#alt1,1,bwd,1,4900.0,2300.0,0.1062,0.0
DK05_to_DB02#alt1,1,bwd,2,4850.0,2350.0,0.1062,0.0
DK05_to_DB02#alt1,1,bwd,3,4800.0,2400.0,0.1239,0.0
DK05_to_DB02#alt1,1,bwd,4,4750.0,2450.0,0.1551,0.0
DK05_to_DB02#alt1,1,bwd,5,4700.0,2500.0,0.1937,0.0
DK05_to_DB02#alt1,1,bwd,6,4650.0,2533.33,0.2407,0.0
DK05_to_DB02#alt1,1,bwd,7,4600.0,2550.0,0.281,0.0
DK05_to_DB02#alt1,1,bwd,8,4550.0,2550.0,0.3269,0.0
DK05_to_DB02#alt1,1,bwd,9,4500.0,2550.0,0.3784,0.0
DK05_to_DB02#alt1,1,bwd,10,4450.0,2550.0,0.4346,0.0
DK05_to_DB02#alt1,1,bwd,11,4400.0,2550.0,0.4931,0.0
DK05_to_DB02#alt1,1,bwd,12,4350.0,2550.0,0.5483,0.0
DK05_to_DB02#alt1,1,bwd,13,4300.0,2550.0,0.6241,0.0
DK05_to_DB02#alt1,1,bwd,14,4250.0,2550.0,0.6889,0.0
DK05_to_DB02#alt1,1,bwd,15,4200.0,2533.33,0.7165,0.0
DK05_to_DB02#alt1,1,bwd,16,4150.0,2516.67,0.6065,0.0
DK05_to_DB02#alt1,1,bwd,17,4100.0,2516.67,0.6065,0.0
DK05_to_DB02#alt1,1,bwd,18,4050.0,2533.33,0.7165,0.0
DK05_to_DB02#alt1,1,bwd,19,4000.0,2550.0,0.6889,0.0
DK05_to_DB02#alt1,1,bwd,20,3950.0,2600.0,0.6889,0.0
DK05_to_DB02#alt1,1,bwd,21,3900.0,2616.67,0.6241,0.0
DK05_to_DB02#alt1,1,bwd,22,3850.0,2600.0,0.5483,0.0
DK05_to_DB02#alt1,1,bwd,23,3800.0,2566.67,0.4346,0.0
DK05_to_DB02#alt1,1,bwd,24,3750.0,2550.0,0.3784,0.0
DK05_to_DB02#alt1,1,bwd,25,3700.0,2550.0,0.3269,0.0
DK05_to_DB02#alt1,1,bwd,26,3650.0,2533.33,0.281,0.0
DK05_to_DB02#alt1,1,bwd,27,3600.0,2516.67,0.2252,0.0
DK05_to_DB02#alt1,1,bwd,28,3550.0,2500.0,0.1937,0.0
DK05_to_DB02#alt1,1,bwd,29,3500.0,2500.0,0.1889,0.0
DK05_to_DB02#alt1,1,bwd,30,3450.0,2483.33,0.1889,0.0
DK05_to_DB02#alt1,1,bwd,31,3400.0,2450.0,0.1599,0.0
DK05_to_DB02#alt1,1,bwd,32,3350.0,2400.0,0.1495,0.0
DK05_to_DB02#alt1,1,bwd,33,3300.0,2350.0,0.1827,0.0
DK05_to_DB02#alt1,1,bwd,34,3250.0,2300.0,0.2211,0.0
DK05_to_DB02#alt1,1,bwd,35,3200.0,2250.0,0.2636,0.0
DK05_to_DB02#alt1,1,bwd,36,3150.0,2200.0,0.3114,0.0
DK05_to_DB02#alt1,1,bwd,37,3100.0,2150.0,0.3679,0.0
DK05_to_DB02#alt1,1,bwd,38,3050.0,2100.0,0.4346,0.0
DK05_to_DB02#alt1,1,bwd,39,3000.0,2050.0,0.5134,0.0
DK05_to_DB02#alt1,1,bwd,40,2950.0,2000.0,0.6065,0.0
DK05_to_DB02#alt1,1,bwd,41,2916.67,1950.0,0.7165,0.0
DK05_to_DB02#alt1,1,bwd,42,2883.33,1900.0,0.6889,0.0
DK05_to_DB02#alt1,1,bwd,43,2866.67,1850.0,0.7165,0.0
DK05_to_DB02#alt1,1,bwd,44,2850.0,1800.0,0.6889,0.0
DK05_to_DB02#alt1,1,bwd,45,2800.0,1750.0,0.6889,0.0
DK05_to_DB02#alt1,1,bwd,46,2750.0,1700.0,0.6889,0.0
DK05_to_DB02#alt1,1,bwd,47,2700.0,1650.0,0.6889,0.0
DK05_to_DB02#alt1,1,bwd,48,2650.0,1600.0,0.6241,0.0
DK05_to_DB02#alt1,1,bwd,49,2600.0,1550.0,0.5903,0.0
DK05_to_DB02#alt1,1,bwd,50,2550.0,1516.67,0.5134,0.0
DK05_to_DB02#alt1,1,bwd,51,2500.0,1500.0,0.5134,0.0
DK05_to_DB02#alt1,1,bwd,52,2450.0,1500.0,0.5134,0.0
DK05_to_DB02#alt1,1,bwd,53,2400.0,1500.0,0.5134,0.0
DK05_to_DB02#alt1,1,bwd,54,2350.0,1500.0,0.5134,0.0
DK05_to_DB02#alt1,1,bwd,55,2300.0,1500.0,0.5134,0.0
DK05_to_DB02#alt1,1,bwd,56,2250.0,1500.0,0.5134,0.0
DK05_to_DB02#alt1,1,bwd,57,2200.0,1500.0,0.503,0.0
DK05_to_DB02#alt1,1,bwd,58,2150.0,1500.0,0.4746,0.0
DK05_to_DB02#alt1,1,bwd,59,2100.0,1500.0,0.4346,0.0
DK05_to_DB02#alt1,1,bwd,60,2050.0,1500.0,0.4076,0.0
DK05_to_DB02#alt1,1,bwd,61,2000.0,1483.33,0.3784,0.0
DK05_to_DB02#alt1,1,bwd,62,1950.0,1450.0,0.3006,0.0
DK05_to_DB02#alt1,1,bwd,63,1900.0,1400.0,0.2384,0.0
DK05_to_DB02#alt1,1,bwd,64,1850.0,1350.0,0.1921,0.0
DK05_to_DB02#alt1,1,bwd,65,1816.67,1300.0,0.1921,0.0
DK05_to_DB02#alt1,1,bwd,66,1800.0,1250.0,0.17,0.0
DK05_to_DB02#alt1,1,bwd,67,1800.0,1200.0,0.1517,0.0
DK05_to_DB02#alt1,1,bwd,68,1800.0,1150.0,0.1344,0.0
DK05_to_DB02#alt1,1,bwd,69,1800.0,1100.0,0.1183,0.0
DB02_to_DK05#alt2,2,fwd,0,1800.0,1100.0,0.1183,0.0
DB02_to_DK05#alt2,2,fwd,1,1850.0,1150.0,0.1199,0.0
DB02_to_DK05#alt2,2,fwd,2,1900.0,1183.33,0.1335,0.0
DB02_to_DK05#alt2,2,fwd,3,1950.0,1200.0,0.1432,0.0
DB02_to_DK05#alt2,2,fwd,4,2000.0,1200.0,0.1551,0.0
DB02_to_DK05#alt2,2,fwd,5,2050.0,1200.0,0.1661,0.0
DB02_to_DK05#alt2,2,fwd,6,2100.0,1200.0,0.1755,0.0
DB02_to_DK05#alt2,2,fwd,7,2150.0,1183.33,0.1827,0.0
DB02_to_DK05#alt2,2,fwd,8,2200.0,1150.0,0.1587,0.0
DB02_to_DK05#alt2,2,fwd,9,2250.0,1100.0,0.1422,0.0
DB02_to_DK05#alt2,2,fwd,10,2300.0,1050.0,0.1551,0.0
DB02_to_DK05#alt2,2,fwd,11,2350.0,1000.0,0.1648,0.0
DB02_to_DK05#alt2,2,fwd,12,2400.0,966.67,0.17,0.0
DB02_to_DK05#alt2,2,fwd,13,2450.0,950.0,0.1921,0.0
DB02_to_DK05#alt2,2,fwd,14,2500.0,950.0,0.2151,0.0
DB02_to_DK05#alt2,2,fwd,15,2550.0,950.0,0.2431,0.0
DB02_to_DK05#alt2,2,fwd,16,2600.0,950.0,0.2721,0.0
DB02_to_DK05#alt2,2,fwd,17,2650.0,950.0,0.3006,0.0
DB02_to_DK05#alt2,2,fwd,18,2700.0,950.0,0.3269,0.0
DB02_to_DK05#alt2,2,fwd,19,2750.0,950.0,0.3485,0.0
DB02_to_DK05#alt2,2,fwd,20,2800.0,950.0,0.3628,0.0
DB02_to_DK05#alt2,2,fwd,21,2850.0,950.0,0.3679,0.0
DB02_to_DK05#alt2,2,fwd,22,2900.0,950.0,0.3679,0.0
DB02_to_DK05#alt2,2,fwd,23,2950.0,950.0,0.3628,0.0
DB02_to_DK05#alt2,2,fwd,24,3000.0,950.0,0.3485,0.0
DB02_to_DK05#alt2,2,fwd,25,3050.0,950.0,0.3269,0.0
DB02_to_DK05#alt2,2,fwd,26,3100.0,950.0,0.3006,0.0
DB02_to_DK05#alt2,2,fwd,27,3150.0,950.0,0.2721,0.0
DB02_to_DK05#alt2,2,fwd,28,3200.0,950.0,0.2431,0.0
DB02_to_DK05#alt2,2,fwd,29,3250.0,950.0,0.2721,0.0
DB02_to_DK05#alt2,2,fwd,30,3300.0,950.0,0.3077,0.0
DB02_to_DK05#alt2,2,fwd,31,3350.0,950.0,0.344,0.0
DB02_to_DK05#alt2,2,fwd,32,3400.0,950.0,0.3784,0.0
DB02_to_DK05#alt2,2,fwd,33,3450.0,950.0,0.4076,0.0
DB02_to_DK05#alt2,2,fwd,34,3500.0,950.0,0.4346,0.0
DB02_to_DK05#alt2,2,fwd,35,3550.0,950.0,0.4746,0.0
DB02_to_DK05#alt2,2,fwd,36,3600.0,950.0,0.503,0.0
DB02_to_DK05#alt2,2,fwd,37,3650.0,950.0,0.5134,0.0
DB02_to_DK05#alt2,2,fwd,38,3700.0,966.67,0.5134,0.0
DB02_to_DK05#alt2,2,fwd,39,3750.0,1000.0,0.4275,0.0
DB02_to_DK05#alt2,2,fwd,40,3800.0,1050.0,0.3485,0.0
DB02_to_DK05#alt2,2,fwd,41,3850.0,1100.0,0.281,0.0
DB02_to_DK05#alt2,2,fwd,42,3900.0,1150.0,0.2252,0.0
DB02_to_DK05#alt2,2,fwd,43,3950.0,1200.0,0.1798,0.0
DB02_to_DK05#alt2,2,fwd,44,4000.0,1250.0,0.1648,0.0
DB02_to_DK05#alt2,2,fwd,45,4050.0,1300.0,0.2076,0.0
DB02_to_DK05#alt2,2,fwd,46,4100.0,1350.0,0.2609,0.0
DB02_to_DK05#alt2,2,fwd,47,4150.0,1400.0,0.3269,0.0
DB02_to_DK05#alt2,2,fwd,48,4200.0,1450.0,0.4076,0.0
DB02_to_DK05#alt2,2,fwd,49,4250.0,1500.0,0.503,0.0
DB02_to_DK05#alt2,2,fwd,50,4300.0,1550.0,0.6065,0.0
DB02_to_DK05#alt2,2,fwd,51,4350.0,1583.33,0.7165,0.0
DB02_to_DK05#alt2,2,fwd,52,4400.0,1600.0,0.7165,0.0
DB02_to_DK05#alt2,2,fwd,53,4450.0,1616.67,0.6889,0.0
DB02_to_DK05#alt2,2,fwd,54,4500.0,1650.0,0.6889,0.0
DB02_to_DK05#alt2,2,fwd,55,4550.0,1700.0,0.6889,0.0
DB02_to_DK05#alt2,2,fwd,56,4550.0,1750.0,0.7165,0.0
DB02_to_DK05#alt2,2,fwd,57,4566.67,1800.0,0.7165,0.0
DB02_to_DK05#alt2,2,fwd,58,4600.0,1850.0,0.5903,0.0
DB02_to_DK05#alt2,2,fwd,59,4650.0,1900.0,0.4746,0.0
DB02_to_DK05#alt2,2,fwd,60,4700.0,1950.0,0.3784,0.0
DB02_to_DK05#alt2,2,fwd,61,4750.0,2000.0,0.3006,0.0
DB02_to_DK05#alt2,2,fwd,62,4800.0,2050.0,0.2384,0.0
DB02_to_DK05#alt2,2,fwd,63,4850.0,2100.0,0.1889,0.0
DB02_to_DK05#alt2,2,fwd,64,4900.0,2150.0,0.1495,0.0
DB02_to_DK05#alt2,2,fwd,65,4933.33,2200.0,0.1183,0.0
DB02_to_DK05#alt2,2,fwd,66,4950.0,2250.0,0.1062,0.0
DK05_to_DB02#alt3,3,bwd,0,4950.0,2250.0,0.1062,0.0
DK05_to_DB02#alt3,3,bwd,1,4900.0,2200.0,0.1344,0.0
DK05_to_DB02#alt3,3,bwd,2,4850.0,2150.0,0.17,0.0
DK05_to_DB02#alt3,3,bwd,3,4800.0,2100.0,0.2151,0.0
DK05_to_DB02#alt3,3,bwd,4,4750.0,2050.0,0.2721,0.0
DK05_to_DB02#alt3,3,bwd,5,4700.0,2016.67,0.344,0.0
DK05_to_DB02#alt3,3,bwd,6,4650.0,2000.0,0.3895,0.0
DK05_to_DB02#alt3,3,bwd,7,4600.0,2000.0,0.4346,0.0
DK05_to_DB02#alt3,3,bwd,8,4550.0,1983.33,0.4931,0.0
DK05_to_DB02#alt3,3,bwd,9,4500.0,1966.67,0.6241,0.0
DK05_to_DB02#alt3,3,bwd,10,4450.0,1950.0,0.6889,0.0
DK05_to_DB02#alt3,3,bwd,11,4400.0,1950.0,0.7165,0.0
DK05_to_DB02#alt3,3,bwd,12,4350.0,1950.0,0.7165,0.0
DK05_to_DB02#alt3,3,bwd,13,4300.0,1950.0,0.7165,0.0
DK05_to_DB02#alt3,3,bwd,14,4250.0,1933.33,0.6889,0.0
DK05_to_DB02#alt3,3,bwd,15,4200.0,1900.0,0.6889,0.0
DK05_to_DB02#alt3,3,bwd,16,4150.0,1850.0,0.6889,0.0
DK05_to_DB02#alt3,3,bwd,17,4100.0,1800.0,0.6065,0.0
DK05_to_DB02#alt3,3,bwd,18,4050.0,1750.0,0.5134,0.0
DK05_to_DB02#alt3,3,bwd,19,4000.0,1700.0,0.4275,0.0
DK05_to_DB02#alt3,3,bwd,20,3950.0,1650.0,0.3485,0.0
DK05_to_DB02#alt3,3,bwd,21,3900.0,1600.0,0.281,0.0
DK05_to_DB02#alt3,3,bwd,22,3850.0,1550.0,0.2252,0.0
DK05_to_DB02#alt3,3,bwd,23,3800.0,1500.0,0.1798,0.0
DK05_to_DB02#alt3,3,bwd,24,3750.0,1466.67,0.1432,0.0
DK05_to_DB02#alt3,3,bwd,25,3700.0,1433.33,0.1239,0.0
DK05_to_DB02#alt3,3,bwd,26,3650.0,1400.0,0.1146,0.0
DK05_to_DB02#alt3,3,bwd,27,3600.0,1350.0,0.1344,0.0
DK05_to_DB02#alt3,3,bwd,28,3550.0,1300.0,0.1551,0.0
DK05_to_DB02#alt3,3,bwd,29,3500.0,1250.0,0.1755,0.0
DK05_to_DB02#alt3,3,bwd,30,3450.0,1200.0,0.1937,0.0
DK05_to_DB02#alt3,3,bwd,31,3400.0,1150.0,0.2076,0.0
DK05_to_DB02#alt3,3,bwd,32,3350.0,1100.0,0.2252,0.0
DK05_to_DB02#alt3,3,bwd,33,3300.0,1066.67,0.2384,0.0
DK05_to_DB02#alt3,3,bwd,34,3250.0,1050.0,0.2721,0.0
DK05_to_DB02#alt3,3,bwd,35,3200.0,1050.0,0.3077,0.0
DK05_to_DB02#alt3,3,bwd,36,3150.0,1050.0,0.344,0.0
DK05_to_DB02#alt3,3,bwd,37,3100.0,1050.0,0.3895,0.0
DK05_to_DB02#alt3,3,bwd,38,3050.0,1050.0,0.4346,0.0
DK05_to_DB02#alt3,3,bwd,39,3000.0,1050.0,0.4746,0.0
DK05_to_DB02#alt3,3,bwd,40,2950.0,1050.0,0.503,0.0
DK05_to_DB02#alt3,3,bwd,41,2900.0,1050.0,0.5134,0.0
DK05_to_DB02#alt3,3,bwd,42,2850.0,1050.0,0.5134,0.0
DK05_to_DB02#alt3,3,bwd,43,2800.0,1050.0,0.503,0.0
DK05_to_DB02#alt3,3,bwd,44,2750.0,1050.0,0.4746,0.0
DK05_to_DB02#alt3,3,bwd,45,2700.0,1050.0,0.4346,0.0
DK05_to_DB02#alt3,3,bwd,46,2650.0,1050.0,0.3895,0.0
DK05_to_DB02#alt3,3,bwd,47,2600.0,1066.67,0.344,0.0
DK05_to_DB02#alt3,3,bwd,48,2550.0,1100.0,0.344,0.0
DK05_to_DB02#alt3,3,bwd,49,2500.0,1150.0,0.3269,0.0
DK05_to_DB02#alt3,3,bwd,50,2450.0,1183.33,0.2972,0.0
DK05_to_DB02#alt3,3,bwd,51,2400.0,1200.0,0.253,0.0
DK05_to_DB02#alt3,3,bwd,52,2350.0,1200.0,0.2151,0.0
DK05_to_DB02#alt3,3,bwd,53,2300.0,1200.0,0.1889,0.0
DK05_to_DB02#alt3,3,bwd,54,2250.0,1200.0,0.1889,0.0
DK05_to_DB02#alt3,3,bwd,55,2200.0,1200.0,0.1873,0.0
DK05_to_DB02#alt3,3,bwd,56,2150.0,1200.0,0.1827,0.0
DK05_to_DB02#alt3,3,bwd,57,2100.0,1183.33,0.1755,0.0
DK05_to_DB02#alt3,3,bwd,58,2050.0,1150.0,0.1422,0.0
DK05_to_DB02#alt3,3,bwd,59,2000.0,1116.67,0.1146,0.0
DK05_to_DB02#alt3,3,bwd,60,1950.0,1100.0,0.1069,0.0
DK05_to_DB02#alt3,3,bwd,61,1900.0,1100.0,0.0987,0.0
DK05_to_DB02#alt3,3,bwd,62,1850.0,1100.0,0.1062,0.0
DK05_to_DB02#alt3,3,bwd,63,1800.0,1100.0,0.1183,0.0
DB02_to_DK05#alt5,5,fwd,0,1800.0,1100.0,0.1183,0.0
DB02_to_DK05#alt5,5,fwd,1,1850.0,1150.0,0.1199,0.0
DB02_to_DK05#alt5,5,fwd,2,1900.0,1200.0,0.1335,0.0
DB02_to_DK05#alt5,5,fwd,3,1950.0,1250.0,0.1661,0.0
DB02_to_DK05#alt5,5,fwd,4,2000.0,1283.33,0.2076,0.0
DB02_to_DK05#alt5,5,fwd,5,2050.0,1300.0,0.2252,0.0
DB02_to_DK05#alt5,5,fwd,6,2100.0,1300.0,0.2407,0.0
DB02_to_DK05#alt5,5,fwd,7,2150.0,1300.0,0.253,0.0
DB02_to_DK05#alt5,5,fwd,8,2200.0,1300.0,0.2609,0.0
DB02_to_DK05#alt5,5,fwd,9,2250.0,1300.0,0.2636,0.0
DB02_to_DK05#alt5,5,fwd,10,2300.0,1300.0,0.2636,0.0
DB02_to_DK05#alt5,5,fwd,11,2350.0,1300.0,0.2636,0.0
DB02_to_DK05#alt5,5,fwd,12,2400.0,1316.67,0.2636,0.0
DB02_to_DK05#alt5,5,fwd,13,2450.0,1350.0,0.3114,0.0
DB02_to_DK05#alt5,5,fwd,14,2500.0,1400.0,0.3679,0.0
DB02_to_DK05#alt5,5,fwd,15,2550.0,1450.0,0.4346,0.0
DB02_to_DK05#alt5,5,fwd,16,2600.0,1500.0,0.503,0.0
DB02_to_DK05#alt5,5,fwd,17,2650.0,1533.33,0.5483,0.0
DB02_to_DK05#alt5,5,fwd,18,2700.0,1550.0,0.6241,0.0
DB02_to_DK05#alt5,5,fwd,19,2750.0,1566.67,0.6889,0.0
DB02_to_DK05#alt5,5,fwd,20,2800.0,1600.0,0.6065,0.0
DB02_to_DK05#alt5,5,fwd,21,2850.0,1650.0,0.5134,0.0
DB02_to_DK05#alt5,5,fwd,22,2900.0,1700.0,0.4931,0.0
DB02_to_DK05#alt5,5,fwd,23,2950.0,1750.0,0.4746,0.0
DB02_to_DK05#alt5,5,fwd,24,3000.0,1800.0,0.4346,0.0
DB02_to_DK05#alt5,5,fwd,25,3050.0,1850.0,0.4076,0.0
DB02_to_DK05#alt5,5,fwd,26,3100.0,1900.0,0.3628,0.0
DB02_to_DK05#alt5,5,fwd,27,3150.0,1950.0,0.3114,0.0
DB02_to_DK05#alt5,5,fwd,28,3200.0,2000.0,0.2636,0.0
DB02_to_DK05#alt5,5,fwd,29,3250.0,2050.0,0.2231,0.0
DB02_to_DK05#alt5,5,fwd,30,3300.0,2100.0,0.1889,0.0
DB02_to_DK05#alt5,5,fwd,31,3350.0,2150.0,0.1599,0.0
DB02_to_DK05#alt5,5,fwd,32,3400.0,2200.0,0.1353,0.0
DB02_to_DK05#alt5,5,fwd,33,3450.0,2250.0,0.1146,0.0
DB02_to_DK05#alt5,5,fwd,34,3500.0,2300.0,0.1183,0.0
DB02_to_DK05#alt5,5,fwd,35,3550.0,2350.0,0.1495,0.0
DB02_to_DK05#alt5,5,fwd,36,3600.0,2366.67,0.17,0.0
DB02_to_DK05#alt5,5,fwd,37,3650.0,2366.67,0.1921,0.0
DB02_to_DK05#alt5,5,fwd,38,3700.0,2350.0,0.2151,0.0
DB02_to_DK05#alt5,5,fwd,39,3750.0,2333.33,0.2431,0.0
DB02_to_DK05#alt5,5,fwd,40,3800.0,2333.33,0.2721,0.0
DB02_to_DK05#alt5,5,fwd,41,3850.0,2333.33,0.3006,0.0
DB02_to_DK05#alt5,5,fwd,42,3900.0,2350.0,0.3269,0.0
DB02_to_DK05#alt5,5,fwd,43,3950.0,2333.33,0.3485,0.0
DB02_to_DK05#alt5,5,fwd,44,4000.0,2316.67,0.3077,0.0
DB02_to_DK05#alt5,5,fwd,45,4050.0,2300.0,0.3114,0.0
DB02_to_DK05#alt5,5,fwd,46,4100.0,2300.0,0.3114,0.0
DB02_to_DK05#alt5,5,fwd,47,4150.0,2300.0,0.3114,0.0
DB02_to_DK05#alt5,5,fwd,48,4200.0,2283.33,0.3114,0.0
DB02_to_DK05#alt5,5,fwd,49,4250.0,2266.67,0.2609,0.0
DB02_to_DK05#alt5,5,fwd,50,4300.0,2250.0,0.2636,0.0
DB02_to_DK05#alt5,5,fwd,51,4350.0,2250.0,0.2636,0.0
DB02_to_DK05#alt5,5,fwd,52,4400.0,2250.0,0.2636,0.0
DB02_to_DK05#alt5,5,fwd,53,4450.0,2250.0,0.2609,0.0
DB02_to_DK05#alt5,5,fwd,54,4500.0,2250.0,0.253,0.0
DB02_to_DK05#alt5,5,fwd,55,4550.0,2250.0,0.2407,0.0
DB02_to_DK05#alt5,5,fwd,56,4600.0,2250.0,0.2252,0.0
DB02_to_DK05#alt5,5,fwd,57,4650.0,2250.0,0.2076,0.0
DB02_to_DK05#alt5,5,fwd,58,4700.0,2250.0,0.1889,0.0
DB02_to_DK05#alt5,5,fwd,59,4750.0,2250.0,0.17,0.0
DB02_to_DK05#alt5,5,fwd,60,4800.0,2250.0,0.1517,0.0
DB02_to_DK05#alt5,5,fwd,61,4850.0,2250.0,0.1344,0.0
DB02_to_DK05#alt5,5,fwd,62,4900.0,2250.0,0.1199,0.0
DB02_to_DK05#alt5,5,fwd,63,4950.0,2250.0,0.1062,0.0
DK05_to_DB02#alt5,5,bwd,0,4950.0,2250.0,0.1062,0.0
DK05_to_DB02#alt5,5,bwd,1,4900.0,2200.0,0.1344,0.0
DK05_to_DB02#alt5,5,bwd,2,4850.0,2150.0,0.17,0.0
DK05_to_DB02#alt5,5,bwd,3,4800.0,2100.0,0.2151,0.0
DK05_to_DB02#alt5,5,bwd,4,4766.67,2050.0,0.2721,0.0
DK05_to_DB02#alt5,5,bwd,5,4750.0,2000.0,0.3006,0.0
DK05_to_DB02#alt5,5,bwd,6,4750.0,1950.0,0.3269,0.0
DK05_to_DB02#alt5,5,bwd,7,4733.33,1900.0,0.3485,0.0
DK05_to_DB02#alt5,5,bwd,8,4700.0,1850.0,0.4275,0.0
DK05_to_DB02#alt5,5,bwd,9,4666.67,1800.0,0.5134,0.0
DK05_to_DB02#alt5,5,bwd,10,4650.0,1750.0,0.5134,0.0
DK05_to_DB02#alt5,5,bwd,11,4650.0,1700.0,0.503,0.0
DK05_to_DB02#alt5,5,bwd,12,4633.33,1650.0,0.4746,0.0
DK05_to_DB02#alt5,5,bwd,13,4600.0,1600.0,0.4931,0.0
DK05_to_DB02#alt5,5,bwd,14,4550.0,1550.0,0.4931,0.0
DK05_to_DB02#alt5,5,bwd,15,4500.0,1500.0,0.4746,0.0
DK05_to_DB02#alt5,5,bwd,16,4450.0,1450.0,0.4275,0.0
DK05_to_DB02#alt5,5,bwd,17,4400.0,1400.0,0.3679,0.0
DK05_to_DB02#alt5,5,bwd,18,4350.0,1350.0,0.3114,0.0
DK05_to_DB02#alt5,5,bwd,19,4300.0,1300.0,0.2636,0.0
DK05_to_DB02#alt5,5,bwd,20,4250.0,1250.0,0.2211,0.0
DK05_to_DB02#alt5,5,bwd,21,4200.0,1200.0,0.1827,0.0
DK05_to_DB02#alt5,5,bwd,22,4150.0,1150.0,0.1587,0.0
DK05_to_DB02#alt5,5,bwd,23,4100.0,1100.0,0.1827,0.0
DK05_to_DB02#alt5,5,bwd,24,4050.0,1050.0,0.2151,0.0
DK05_to_DB02#alt5,5,bwd,25,4000.0,1000.0,0.2721,0.0
DK05_to_DB02#alt5,5,bwd,26,3950.0,950.0,0.344,0.0
DK05_to_DB02#alt5,5,bwd,27,3900.0,900.0,0.4346,0.0
DK05_to_DB02#alt5,5,bwd,28,3850.0,866.67,0.5483,0.0
DK05_to_DB02#alt5,5,bwd,29,3800.0,850.0,0.6241,0.0
DK05_to_DB02#alt5,5,bwd,30,3750.0,850.0,0.6889,0.0
DK05_to_DB02#alt5,5,bwd,31,3700.0,850.0,0.7165,0.0
DK05_to_DB02#alt5,5,bwd,32,3650.0,850.0,0.7165,0.0
DK05_to_DB02#alt5,5,bwd,33,3600.0,850.0,0.6889,0.0
DK05_to_DB02#alt5,5,bwd,34,3550.0,800.0,0.7165,0.0
DK05_to_DB02#alt5,5,bwd,35,3500.0,800.0,0.6889,0.0
DK05_to_DB02#alt5,5,bwd,36,3450.0,750.0,0.6889,0.0
DK05_to_DB02#alt5,5,bwd,37,3400.0,700.0,0.6889,0.0
DK05_to_DB02#alt5,5,bwd,38,3350.0,650.0,0.6889,0.0
DK05_to_DB02#alt5,5,bwd,39,3300.0,600.0,0.6889,0.0
DK05_to_DB02#alt5,5,bwd,40,3250.0,550.0,0.6889,0.0
DK05_to_DB02#alt5,5,bwd,41,3200.0,500.0,0.6889,0.0
DK05_to_DB02#alt5,5,bwd,42,3150.0,450.0,0.6889,0.0
DK05_to_DB02#alt5,5,bwd,43,3100.0,416.67,0.6065,0.0
DK05_to_DB02#alt5,5,bwd,44,3050.0,383.33,0.5134,0.0
DK05_to_DB02#alt5,5,bwd,45,3000.0,366.67,0.4346,0.0
DK05_to_DB02#alt5,5,bwd,46,2950.0,350.0,0.3679,0.0
DK05_to_DB02#alt5,5,bwd,47,2900.0,350.0,0.3114,0.0
DK05_to_DB02#alt5,5,bwd,48,2850.0,350.0,0.2636,0.0
DK05_to_DB02#alt5,5,bwd,49,2800.0,350.0,0.2231,0.0
DK05_to_DB02#alt5,5,bwd,50,2750.0,350.0,0.1889,0.0
DK05_to_DB02#alt5,5,bwd,51,2700.0,350.0,0.1599,0.0
DK05_to_DB02#alt5,5,bwd,52,2650.0,333.33,0.1353,0.0
DK05_to_DB02#alt5,5,bwd,53,2600.0,300.0,0.1146,0.0
DK05_to_DB02#alt5,5,bwd,54,2550.0,266.67,0.0964,0.0
DK05_to_DB02#alt5,5,bwd,55,2500.0,250.0,0.0816,0.0
DK05_to_DB02#alt5,5,bwd,56,2450.0,250.0,0.0691,0.0
DK05_to_DB02#alt5,5,bwd,57,2400.0,250.0,0.0585,0.0
DK05_to_DB02#alt5,5,bwd,58,2350.0,250.0,0.0496,0.0
DK05_to_DB02#alt5,5,bwd,59,2300.0,266.67,0.042,0.0
DK05_to_DB02#alt5,5,bwd,60,2250.0,300.0,0.0357,0.0
DK05_to_DB02#alt5,5,bwd,61,2200.0,333.33,0.0302,0.0
DK05_to_DB02#alt5,5,bwd,62,2150.0,366.67,0.0256,0.0
DK05_to_DB02#alt5,5,bwd,63,2100.0,400.0,0.0229,0.0
DK05_to_DB02#alt5,5,bwd,64,2050.0,450.0,0.023,0.0
DK05_to_DB02#alt5,5,bwd,65,2000.0,500.0,0.023,0.0
DK05_to_DB02#alt5,5,bwd,66,1950.0,550.0,0.0229,0.0
DK05_to_DB02#alt5,5,bwd,67,1900.0,600.0,0.0241,0.0
DK05_to_DB02#alt5,5,bwd,68,1850.0,650.0,0.0301,0.0
DK05_to_DB02#alt5,5,bwd,69,1816.67,700.0,0.0375,0.0
DK05_to_DB02#alt5,5,bwd,70,1800.0,750.0,0.0437,0.0
DK05_to_DB02#alt5,5,bwd,71,1800.0,800.0,0.0507,0.0
DK05_to_DB02#alt5,5,bwd,72,1800.0,850.0,0.0588,0.0
DK05_to_DB02#alt5,5,bwd,73,1800.0,900.0,0.0681,0.0
DK05_to_DB02#alt5,5,bwd,74,1800.0,950.0,0.0785,0.0
DK05_to_DB02#alt5,5,bwd,75,1800.0,1000.0,0.0904,0.0
DK05_to_DB02#alt5,5,bwd,76,1800.0,1050.0,0.1036,0.0
DK05_to_DB02#alt5,5,bwd,77,1800.0,1100.0,0.1183,0.0
DB01_to_DK02#alt0,0,fwd,0,1000.0,3900.0,0.7165,0.0
DB01_to_DK02#alt0,0,fwd,1,1050.0,3950.0,0.6889,0.0
DB01_to_DK02#alt0,0,fwd,2,1100.0,4000.0,0.6065,0.0
DB01_to_DK02#alt0,0,fwd,3,1150.0,4033.33,0.5483,0.0
DB01_to_DK02#alt0,0,fwd,4,1200.0,4050.0,0.6241,0.0
DB01_to_DK02#alt0,0,fwd,5,1250.0,4050.0,0.6889,0.0
DB01_to_DK02#alt0,0,fwd,6,1300.0,4050.0,0.7165,0.0
DB01_to_DK02#alt0,0,fwd,7,1350.0,4033.33,0.7165,0.0
DB01_to_DK02#alt0,0,fwd,8,1400.0,4000.0,0.6065,0.0
DB01_to_DK02#alt0,0,fwd,9,1450.0,3950.0,0.6889,0.0
DB01_to_DK02#alt0,0,fwd,10,1500.0,3916.67,0.7165,0.0
DB01_to_DK02#alt0,0,fwd,11,1550.0,3883.33,0.6889,0.0
DB01_to_DK02#alt0,0,fwd,12,1600.0,3850.0,0.6889,0.0
DB01_to_DK02#alt0,0,fwd,13,1650.0,3800.0,0.6889,0.0
DB01_to_DK02#alt0,0,fwd,14,1700.0,3750.0,0.6241,0.0
DB01_to_DK02#alt0,0,fwd,15,1750.0,3716.67,0.6241,0.0
DB01_to_DK02#alt0,0,fwd,16,1800.0,3700.0,0.6889,0.0
DB01_to_DK02#alt0,0,fwd,17,1850.0,3700.0,0.7165,0.0
DB01_to_DK02#alt0,0,fwd,18,1900.0,3700.0,0.7165,0.0
DB01_to_DK02#alt0,0,fwd,19,1950.0,3700.0,0.7165,0.0
DB01_to_DK02#alt0,0,fwd,20,2000.0,3700.0,0.7165,0.0
DB01_to_DK02#alt0,0,fwd,21,2050.0,3700.0,0.7165,0.0
DB01_to_DK02#alt0,0,fwd,22,2100.0,3700.0,0.6889,0.0
DB01_to_DK02#alt0,0,fwd,23,2150.0,3650.0,0.6889,0.0
DB01_to_DK02#alt0,0,fwd,24,2200.0,3600.0,0.6889,0.0
DB01_to_DK02#alt0,0,fwd,25,2250.0,3550.0,0.6889,0.0
DB01_to_DK02#alt0,0,fwd,26,2300.0,3500.0,0.6065,0.0
DB01_to_DK02#alt0,0,fwd,27,2350.0,3450.0,0.5134,0.0
DB01_to_DK02#alt0,0,fwd,28,2400.0,3400.0,0.4346,0.0
DB01_to_DK02#alt0,0,fwd,29,2450.0,3350.0,0.3679,0.0
DB01_to_DK02#alt0,0,fwd,30,2483.33,3300.0,0.3114,0.0
DB01_to_DK02#alt0,0,fwd,31,2516.67,3250.0,0.3077,0.0
DB01_to_DK02#alt0,0,fwd,32,2550.0,3200.0,0.281,0.0
DB01_to_DK02#alt0,0,fwd,33,2600.0,3150.0,0.3006,0.0
DB01_to_DK02#alt0,0,fwd,34,2650.0,3100.0,0.3077,0.0
DB01_to_DK02#alt0,0,fwd,35,2700.0,3050.0,0.3077,0.0
DB01_to_DK02#alt0,0,fwd,36,2750.0,3000.0,0.3006,0.0
DB01_to_DK02#alt0,0,fwd,37,2800.0,2950.0,0.281,0.0
DB01_to_DK02#alt0,0,fwd,38,2850.0,2900.0,0.3006,0.0
DB01_to_DK02#alt0,0,fwd,39,2900.0,2850.0,0.3077,0.0
DB01_to_DK02#alt0,0,fwd,40,2950.0,2800.0,0.3077,0.0
DB01_to_DK02#alt0,0,fwd,41,3000.0,2750.0,0.3077,0.0
DB01_to_DK02#alt0,0,fwd,42,3050.0,2700.0,0.3006,0.0
DB01_to_DK02#alt0,0,fwd,43,3100.0,2666.67,0.281,0.0
DB01_to_DK02#alt0,0,fwd,44,3150.0,2650.0,0.2972,0.0
DB01_to_DK02#alt0,0,fwd,45,3200.0,2650.0,0.3077,0.0
DB01_to_DK02#alt0,0,fwd,46,3250.0,2633.33,0.3114,0.0
DB01_to_DK02#alt0,0,fwd,47,3300.0,2600.0,0.2636,0.0
DB01_to_DK02#alt0,0,fwd,48,3350.0,2550.0,0.2231,0.0
DB01_to_DK02#alt0,0,fwd,49,3400.0,2500.0,0.1889,0.0
DB01_to_DK02#alt0,0,fwd,50,3450.0,2450.0,0.1599,0.0
DB01_to_DK02#alt0,0,fwd,51,3500.0,2400.0,0.1432,0.0
DB01_to_DK02#alt0,0,fwd,52,3550.0,2350.0,0.1495,0.0
DB01_to_DK02#alt0,0,fwd,53,3600.0,2300.0,0.1517,0.0
DB01_to_DK02#alt0,0,fwd,54,3650.0,2266.67,0.1517,0.0
DB01_to_DK02#alt0,0,fwd,55,3700.0,2233.33,0.17,0.0
DB01_to_DK02#alt0,0,fwd,56,3733.33,2200.0,0.1648,0.0
DB01_to_DK02#alt0,0,fwd,57,3750.0,2150.0,0.1432,0.0
DK02_to_DB01#alt0,0,bwd,0,3750.0,2150.0,0.1432,0.0
DK02_to_DB01#alt0,0,bwd,1,3700.0,2200.0,0.1495,0.0
DK02_to_DB01#alt0,0,bwd,2,3650.0,2250.0,0.1517,0.0
DK02_to_DB01#alt0,0,bwd,3,3616.67,2300.0,0.1517,0.0
DK02_to_DB01#alt0,0,bwd,4,3583.33,2350.0,0.17,0.0
DK02_to_DB01#alt0,0,bwd,5,3550.0,2400.0,0.1648,0.0
DK02_to_DB01#alt0,0,bwd,6,3500.0,2450.0,0.1599,0.0
DK02_to_DB01#alt0,0,bwd,7,3450.0,2500.0,0.1889,0.0
DK02_to_DB01#alt0,0,bwd,8,3400.0,2550.0,0.2231,0.0
DK02_to_DB01#alt0,0,bwd,9,3350.0,2600.0,0.2636,0.0
DK02_to_DB01#alt0,0,bwd,10,3300.0,2650.0,0.3114,0.0
DK02_to_DB01#alt0,0,bwd,11,3250.0,2700.0,0.3679,0.0
DK02_to_DB01#alt0,0,bwd,12,3200.0,2750.0,0.4275,0.0
DK02_to_DB01#alt0,0,bwd,13,3150.0,2800.0,0.4746,0.0
DK02_to_DB01#alt0,0,bwd,14,3100.0,2850.0,0.4931,0.0
DK02_to_DB01#alt0,0,bwd,15,3050.0,2900.0,0.4931,0.0
DK02_to_DB01#alt0,0,bwd,16,3000.0,2950.0,0.4931,0.0
DK02_to_DB01#alt0,0,bwd,17,2950.0,3000.0,0.4746,0.0
DK02_to_DB01#alt0,0,bwd,18,2900.0,3050.0,0.4275,0.0
DK02_to_DB01#alt0,0,bwd,19,2850.0,3100.0,0.4746,0.0
DK02_to_DB01#alt0,0,bwd,20,2800.0,3150.0,0.4931,0.0
DK02_to_DB01#alt0,0,bwd,21,2750.0,3200.0,0.4931,0.0
DK02_to_DB01#alt0,0,bwd,22,2716.67,3250.0,0.4746,0.0
DK02_to_DB01#alt0,0,bwd,23,2700.0,3300.0,0.503,0.0
DK02_to_DB01#alt0,0,bwd,24,2700.0,3350.0,0.5134,0.0
DK02_to_DB01#alt0,0,bwd,25,2700.0,3400.0,0.5134,0.0
DK02_to_DB01#alt0,0,bwd,26,2700.0,3450.0,0.5134,0.0
DK02_to_DB01#alt0,0,bwd,27,2700.0,3500.0,0.5134,0.0
DK02_to_DB01#alt0,0,bwd,28,2700.0,3550.0,0.503,0.0
DK02_to_DB01#alt0,0,bwd,29,2700.0,3600.0,0.4746,0.0
DK02_to_DB01#alt0,0,bwd,30,2700.0,3650.0,0.4746,0.0
DK02_to_DB01#alt0,0,bwd,31,2700.0,3700.0,0.503,0.0
DK02_to_DB01#alt0,0,bwd,32,2700.0,3750.0,0.5134,0.0
DK02_to_DB01#alt0,0,bwd,33,2700.0,3800.0,0.5134,0.0
DK02_to_DB01#alt0,0,bwd,34,2683.33,3850.0,0.5134,0.0
DK02_to_DB01#alt0,0,bwd,35,2650.0,3900.0,0.5903,0.0
DK02_to_DB01#alt0,0,bwd,36,2600.0,3950.0,0.6241,0.0
DK02_to_DB01#alt0,0,bwd,37,2550.0,4000.0,0.5903,0.0
DK02_to_DB01#alt0,0,bwd,38,2500.0,4050.0,0.5134,0.0
DK02_to_DB01#alt0,0,bwd,39,2450.0,4100.0,0.4346,0.0
DK02_to_DB01#alt0,0,bwd,40,2400.0,4150.0,0.3679,0.0
DK02_to_DB01#alt0,0,bwd,41,2350.0,4200.0,0.3077,0.0
DK02_to_DB01#alt0,0,bwd,42,2316.67,4250.0,0.344,0.0
DK02_to_DB01#alt0,0,bwd,43,2300.0,4300.0,0.3895,0.0
DK02_to_DB01#alt0,0,bwd,44,2300.0,4350.0,0.4346,0.0
DK02_to_DB01#alt0,0,bwd,45,2300.0,4400.0,0.4931,0.0
DK02_to_DB01#alt0,0,bwd,46,2300.0,4450.0,0.5483,0.0
DK02_to_DB01#alt0,0,bwd,47,2300.0,4500.0,0.6241,0.0
DK02_to_DB01#alt0,0,bwd,48,2300.0,4550.0,0.6889,0.0
DK02_to_DB01#alt0,0,bwd,49,2300.0,4600.0,0.7165,0.0
DK02_to_DB01#alt0,0,bwd,50,2300.0,4650.0,0.7165,0.0
DK02_to_DB01#alt0,0,bwd,51,2300.0,4700.0,0.7165,0.0
DK02_to_DB01#alt0,0,bwd,52,2300.0,4750.0,0.7165,0.0
DK02_to_DB01#alt0,0,bwd,53,2300.0,4800.0,0.6889,0.0
DK02_to_DB01#alt0,0,bwd,54,2250.0,4850.0,0.6889,0.0
DK02_to_DB01#alt0,0,bwd,55,2200.0,4900.0,0.6889,0.0
DK02_to_DB01#alt0,0,bwd,56,2150.0,4933.33,0.6241,0.0
DK02_to_DB01#alt0,0,bwd,57,2100.0,4950.0,0.6889,0.0
DK02_to_DB01#alt0,0,bwd,58,2050.0,4950.0,0.7165,0.0
DK02_to_DB01#alt0,0,bwd,59,2000.0,4950.0,0.7165,0.0
DK02_to_DB01#alt0,0,bwd,60,1950.0,4933.33,0.6889,0.0
DK02_to_DB01#alt0,0,bwd,61,1900.0,4900.0,0.6889,0.0
DK02_to_DB01#alt0,0,bwd,62,1850.0,4850.0,0.6889,0.0
DK02_to_DB01#alt0,0,bwd,63,1800.0,4800.0,0.6889,0.0
DK02_to_DB01#alt0,0,bwd,64,1766.67,4750.0,0.6889,0.0
DK02_to_DB01#alt0,0,bwd,65,1750.0,4700.0,0.7165,0.0
DK02_to_DB01#alt0,0,bwd,66,1750.0,4650.0,0.7165,0.0
DK02_to_DB01#alt0,0,bwd,67,1733.33,4600.0,0.6889,0.0
DK02_to_DB01#alt0,0,bwd,68,1700.0,4566.67,0.6065,0.0
DK02_to_DB01#alt0,0,bwd,69,1650.0,4550.0,0.6065,0.0
DK02_to_DB01#alt0,0,bwd,70,1600.0,4550.0,0.6241,0.0
DK02_to_DB01#alt0,0,bwd,71,1550.0,4550.0,0.6889,0.0
DK02_to_DB01#alt0,0,bwd,72,1500.0,4550.0,0.7165,0.0
DK02_to_DB01#alt0,0,bwd,73,1450.0,4550.0,0.7165,0.0
DK02_to_DB01#alt0,0,bwd,74,1400.0,4550.0,0.7165,0.0
DK02_to_DB01#alt0,0,bwd,75,1350.0,4550.0,0.7165,0.0
DK02_to_DB01#alt0,0,bwd,76,1300.0,4550.0,0.7165,0.0
DK02_to_DB01#alt0,0,bwd,77,1250.0,4550.0,0.7165,0.0
DK02_to_DB01#alt0,0,bwd,78,1200.0,4550.0,0.6889,0.0
DK02_to_DB01#alt0,0,bwd,79,1150.0,4500.0,0.6889,0.0
DK02_to_DB01#alt0,0,bwd,80,1116.67,4450.0,0.6241,0.0
DK02_to_DB01#alt0,0,bwd,81,1083.33,4400.0,0.6889,0.0
DK02_to_DB01#alt0,0,bwd,82,1066.67,4350.0,0.7165,0.0
DK02_to_DB01#alt0,0,bwd,83,1050.0,4300.0,0.7165,0.0
DK02_to_DB01#alt0,0,bwd,84,1033.33,4250.0,0.6889,0.0
DK02_to_DB01#alt0,0,bwd,85,1016.67,4200.0,0.6889,0.0
DK02_to_DB01#alt0,0,bwd,86,1000.0,4150.0,0.6241,0.0
DK02_to_DB01#alt0,0,bwd,87,1000.0,4100.0,0.5483,0.0
DK02_to_DB01#alt0,0,bwd,88,1000.0,4050.0,0.4746,0.0
DK02_to_DB01#alt0,0,bwd,89,1000.0,4000.0,0.5483,0.0
DK02_to_DB01#alt0,0,bwd,90,1000.0,3950.0,0.6241,0.0
DK02_to_DB01#alt0,0,bwd,91,1000.0,3900.0,0.7165,0.0
DB01_to_DK02#alt1,1,fwd,0,1000.0,3900.0,0.7165,0.0
DB01_to_DK02#alt1,1,fwd,1,1050.0,3950.0,0.6889,0.0
DB01_to_DK02#alt1,1,fwd,2,1100.0,3983.33,0.6065,0.0
DB01_to_DK02#alt1,1,fwd,3,1150.0,4000.0,0.6241,0.0
DB01_to_DK02#alt1,1,fwd,4,1200.0,4000.0,0.6889,0.0
DB01_to_DK02#alt1,1,fwd,5,1250.0,4000.0,0.7165,0.0
DB01_to_DK02#alt1,1,fwd,6,1300.0,3983.33,0.6889,0.0
DB01_to_DK02#alt1,1,fwd,7,1350.0,3966.67,0.7165,0.0
DB01_to_DK02#alt1,1,fwd,8,1400.0,3950.0,0.7165,0.0
DB01_to_DK02#alt1,1,fwd,9,1450.0,3933.33,0.6889,0.0
DB01_to_DK02#alt1,1,fwd,10,1500.0,3916.67,0.7165,0.0
DB01_to_DK02#alt1,1,fwd,11,1550.0,3900.0,0.6889,0.0
DB01_to_DK02#alt1,1,fwd,12,1600.0,3900.0,0.6889,0.0
DB01_to_DK02#alt1,1,fwd,13,1650.0,3900.0,0.7165,0.0
DB01_to_DK02#alt1,1,fwd,14,1700.0,3900.0,0.7165,0.0
DB01_to_DK02#alt1,1,fwd,15,1750.0,3900.0,0.7165,0.0
DB01_to_DK02#alt1,1,fwd,16,1800.0,3916.67,0.6889,0.0
DB01_to_DK02#alt1,1,fwd,17,1850.0,3933.33,0.7165,0.0
DB01_to_DK02#alt1,1,fwd,18,1900.0,3950.0,0.6889,0.0
DB01_to_DK02#alt1,1,fwd,19,1950.0,4000.0,0.6889,0.0
DB01_to_DK02#alt1,1,fwd,20,2000.0,4050.0,0.6889,0.0
DB01_to_DK02#alt1,1,fwd,21,2050.0,4100.0,0.6065,0.0
DB01_to_DK02#alt1,1,fwd,22,2100.0,4133.33,0.5134,0.0
DB01_to_DK02#alt1,1,fwd,23,2150.0,4150.0,0.4346,0.0
DB01_to_DK02#alt1,1,fwd,24,2200.0,4150.0,0.3679,0.0
DB01_to_DK02#alt1,1,fwd,25,2250.0,4150.0,0.3269,0.0
DB01_to_DK02#alt1,1,fwd,26,2300.0,4150.0,0.3485,0.0
DB01_to_DK02#alt1,1,fwd,27,2350.0,4150.0,0.3628,0.0
DB01_to_DK02#alt1,1,fwd,28,2400.0,4150.0,0.3679,0.0
DB01_to_DK02#alt1,1,fwd,29,2450.0,4150.0,0.3679,0.0
DB01_to_DK02#alt1,1,fwd,30,2500.0,4133.33,0.4346,0.0
DB01_to_DK02#alt1,1,fwd,31,2550.0,4100.0,0.503,0.0
DB01_to_DK02#alt1,1,fwd,32,2600.0,4050.0,0.5483,0.0
DB01_to_DK02#alt1,1,fwd,33,2650.0,4000.0,0.5903,0.0
DB01_to_DK02#alt1,1,fwd,34,2700.0,3950.0,0.6241,0.0
DB01_to_DK02#alt1,1,fwd,35,2750.0,3900.0,0.6241,0.0
DB01_to_DK02#alt1,1,fwd,36,2800.0,3850.0,0.5903,0.0
DB01_to_DK02#alt1,1,fwd,37,2816.67,3800.0,0.503,0.0
DB01_to_DK02#alt1,1,fwd,38,2816.67,3750.0,0.4346,0.0
DB01_to_DK02#alt1,1,fwd,39,2800.0,3700.0,0.4931,0.0
DB01_to_DK02#alt1,1,fwd,40,2800.0,3650.0,0.5483,0.0
DB01_to_DK02#alt1,1,fwd,41,2800.0,3600.0,0.6241,0.0
DB01_to_DK02#alt1,1,fwd,42,2800.0,3550.0,0.6889,0.0
DB01_to_DK02#alt1,1,fwd,43,2800.0,3500.0,0.7165,0.0
DB01_to_DK02#alt1,1,fwd,44,2800.0,3450.0,0.7165,0.0
DB01_to_DK02#alt1,1,fwd,45,2800.0,3400.0,0.7165,0.0
DB01_to_DK02#alt1,1,fwd,46,2800.0,3350.0,0.7165,0.0
DB01_to_DK02#alt1,1,fwd,47,2800.0,3300.0,0.6889,0.0
DB01_to_DK02#alt1,1,fwd,48,2850.0,3250.0,0.6889,0.0
DB01_to_DK02#alt1,1,fwd,49,2900.0,3200.0,0.6889,0.0
DB01_to_DK02#alt1,1,fwd,50,2950.0,3150.0,0.6065,0.0
DB01_to_DK02#alt1,1,fwd,51,3000.0,3100.0,0.6065,0.0
DB01_to_DK02#alt1,1,fwd,52,3050.0,3050.0,0.6889,0.0
DB01_to_DK02#alt1,1,fwd,53,3100.0,3000.0,0.6889,0.0
DB01_to_DK02#alt1,1,fwd,54,3150.0,2950.0,0.6889,0.0
DB01_to_DK02#alt1,1,fwd,55,3200.0,2900.0,0.6889,0.0
DB01_to_DK02#alt1,1,fwd,56,3250.0,2900.0,0.7165,0.0
DB01_to_DK02#alt1,1,fwd,57,3300.0,2900.0,0.7165,0.0
DB01_to_DK02#alt1,1,fwd,58,3350.0,2883.33,0.7165,0.0
DB01_to_DK02#alt1,1,fwd,59,3400.0,2850.0,0.6065,0.0
DB01_to_DK02#alt1,1,fwd,60,3450.0,2800.0,0.5134,0.0
DB01_to_DK02#alt1,1,fwd,61,3500.0,2750.0,0.4346,0.0
DB01_to_DK02#alt1,1,fwd,62,3550.0,2700.0,0.3628,0.0
DB01_to_DK02#alt1,1,fwd,63,3600.0,2650.0,0.2972,0.0
DB01_to_DK02#alt1,1,fwd,64,3650.0,2600.0,0.3006,0.0
DB01_to_DK02#alt1,1,fwd,65,3700.0,2550.0,0.3269,0.0
DB01_to_DK02#alt1,1,fwd,66,3733.33,2500.0,0.344,0.0
DB01_to_DK02#alt1,1,fwd,67,3750.0,2450.0,0.3077,0.0
DB01_to_DK02#alt1,1,fwd,68,3750.0,2400.0,0.2721,0.0
DB01_to_DK02#alt1,1,fwd,69,3750.0,2350.0,0.2431,0.0
DB01_to_DK02#alt1,1,fwd,70,3750.0,2300.0,0.2151,0.0
DB01_to_DK02#alt1,1,fwd,71,3750.0,2250.0,0.1889,0.0
DB01_to_DK02#alt1,1,fwd,72,3750.0,2200.0,0.1648,0.0
DB01_to_DK02#alt1,1,fwd,73,3750.0,2150.0,0.1432,0.0
DK02_to_DB01#alt1,1,bwd,0,3750.0,2150.0,0.1432,0.0
DK02_to_DB01#alt1,1,bwd,1,3800.0,2200.0,0.1798,0.0
DK02_to_DB01#alt1,1,bwd,2,3850.0,2250.0,0.2252,0.0
DK02_to_DB01#alt1,1,bwd,3,3900.0,2300.0,0.281,0.0
DK02_to_DB01#alt1,1,bwd,4,3950.0,2350.0,0.3485,0.0
DK02_to_DB01#alt1,1,bwd,5,4000.0,2400.0,0.4275,0.0
DK02_to_DB01#alt1,1,bwd,6,4050.0,2450.0,0.5134,0.0
DK02_to_DB01#alt1,1,bwd,7,4100.0,2500.0,0.6065,0.0
DK02_to_DB01#alt1,1,bwd,8,4150.0,2533.33,0.7165,0.0
DK02_to_DB01#alt1,1,bwd,9,4200.0,2550.0,0.7165,0.0
DK02_to_DB01#alt1,1,bwd,10,4250.0,2566.67,0.6889,0.0
DK02_to_DB01#alt1,1,bwd,11,4300.0,2600.0,0.6889,0.0
DK02_to_DB01#alt1,1,bwd,12,4350.0,2650.0,0.6889,0.0
DK02_to_DB01#alt1,1,bwd,13,4383.33,2700.0,0.6241,0.0
DK02_to_DB01#alt1,1,bwd,14,4400.0,2750.0,0.6889,0.0
DK02_to_DB01#alt1,1,bwd,15,4400.0,2800.0,0.7165,0.0
DK02_to_DB01#alt1,1,bwd,16,4383.33,2850.0,0.6889,0.0
DK02_to_DB01#alt1,1,bwd,17,4366.67,2900.0,0.7165,0.0
DK02_to_DB01#alt1,1,bwd,18,4333.33,2950.0,0.6889,0.0
DK02_to_DB01#alt1,1,bwd,19,4300.0,3000.0,0.6889,0.0
DK02_to_DB01#alt1,1,bwd,20,4250.0,3050.0,0.6889,0.0
DK02_to_DB01#alt1,1,bwd,21,4200.0,3100.0,0.6065,0.0
DK02_to_DB01#alt1,1,bwd,22,4183.33,3150.0,0.5134,0.0
DK02_to_DB01#alt1,1,bwd,23,4166.67,3200.0,0.6065,0.0
DK02_to_DB01#alt1,1,bwd,24,4166.67,3250.0,0.6065,0.0
DK02_to_DB01#alt1,1,bwd,25,4150.0,3300.0,0.6241,0.0
DK02_to_DB01#alt1,1,bwd,26,4150.0,3350.0,0.6889,0.0
DK02_to_DB01#alt1,1,bwd,27,4150.0,3400.0,0.7165,0.0
DK02_to_DB01#alt1,1,bwd,28,4150.0,3450.0,0.7165,0.0
DK02_to_DB01#alt1,1,bwd,29,4150.0,3500.0,0.6889,0.0
DK02_to_DB01#alt1,1,bwd,30,4100.0,3550.0,0.6889,0.0
DK02_to_DB01#alt1,1,bwd,31,4066.67,3600.0,0.6889,0.0
DK02_to_DB01#alt1,1,bwd,32,4050.0,3650.0,0.7165,0.0
DK02_to_DB01#alt1,1,bwd,33,4050.0,3700.0,0.7165,0.0
DK02_to_DB01#alt1,1,bwd,34,4050.0,3750.0,0.7165,0.0
DK02_to_DB01#alt1,1,bwd,35,4050.0,3800.0,0.7165,0.0
DK02_to_DB01#alt1,1,bwd,36,4050.0,3850.0,0.7165,0.0
DK02_to_DB01#alt1,1,bwd,37,4050.0,3900.0,0.6889,0.0
DK02_to_DB01#alt1,1,bwd,38,4000.0,3950.0,0.6889,0.0
DK02_to_DB01#alt1,1,bwd,39,3950.0,4000.0,0.6889,0.0
DK02_to_DB01#alt1,1,bwd,40,3916.67,4050.0,0.6889,0.0
DK02_to_DB01#alt1,1,bwd,41,3900.0,4100.0,0.7165,0.0
DK02_to_DB01#alt1,1,bwd,42,3900.0,4150.0,0.7165,0.0
DK02_to_DB01#alt1,1,bwd,43,3900.0,4200.0,0.6889,0.0
DK02_to_DB01#alt1,1,bwd,44,3850.0,4250.0,0.6889,0.0
DK02_to_DB01#alt1,1,bwd,45,3800.0,4300.0,0.6889,0.0
DK02_to_DB01#alt1,1,bwd,46,3750.0,4350.0,0.6065,0.0
DK02_to_DB01#alt1,1,bwd,47,3700.0,4400.0,0.5134,0.0
DK02_to_DB01#alt1,1,bwd,48,3650.0,4450.0,0.4346,0.0
DK02_to_DB01#alt1,1,bwd,49,3600.0,4483.33,0.3628,0.0
DK02_to_DB01#alt1,1,bwd,50,3550.0,4500.0,0.3485,0.0
DK02_to_DB01#alt1,1,bwd,51,3500.0,4500.0,0.3269,0.0
DK02_to_DB01#alt1,1,bwd,52,3450.0,4500.0,0.3784,0.0
DK02_to_DB01#alt1,1,bwd,53,3400.0,4516.67,0.4346,0.0
DK02_to_DB01#alt1,1,bwd,54,3350.0,4533.33,0.4346,0.0
DK02_to_DB01#alt1,1,bwd,55,3300.0,4550.0,0.4931,0.0
DK02_to_DB01#alt1,1,bwd,56,3250.0,4550.0,0.5483,0.0
DK02_to_DB01#alt1,1,bwd,57,3200.0,4550.0,0.5903,0.0
DK02_to_DB01#alt1,1,bwd,58,3150.0,4550.0,0.6241,0.0
DK02_to_DB01#alt1,1,bwd,59,3100.0,4550.0,0.6889,0.0
DK02_to_DB01#alt1,1,bwd,60,3050.0,4550.0,0.7165,0.0
DK02_to_DB01#alt1,1,bwd,61,3000.0,4550.0,0.7165,0.0
DK02_to_DB01#alt1,1,bwd,62,2950.0,4550.0,0.7165,0.0
DK02_to_DB01#alt1,1,bwd,63,2900.0,4550.0,0.6889,0.0
DK02_to_DB01#alt1,1,bwd,64,2850.0,4500.0,0.7165,0.0
DK02_to_DB01#alt1,1,bwd,65,2800.0,4516.67,0.6889,0.0
DK02_to_DB01#alt1,1,bwd,66,2750.0,4550.0,0.5483,0.0
DK02_to_DB01#alt1,1,bwd,67,2700.0,4600.0,0.4346,0.0
DK02_to_DB01#alt1,1,bwd,68,2650.0,4650.0,0.344,0.0
DK02_to_DB01#alt1,1,bwd,69,2600.0,4700.0,0.2721,0.0
DK02_to_DB01#alt1,1,bwd,70,2550.0,4750.0,0.3114,0.0
DK02_to_DB01#alt1,1,bwd,71,2500.0,4800.0,0.3628,0.0
DK02_to_DB01#alt1,1,bwd,72,2450.0,4850.0,0.4076,0.0
DK02_to_DB01#alt1,1,bwd,73,2400.0,4900.0,0.4346,0.0
DK02_to_DB01#alt1,1,bwd,74,2350.0,4933.33,0.4346,0.0
DK02_to_DB01#alt1,1,bwd,75,2300.0,4950.0,0.4931,0.0
DK02_to_DB01#alt1,1,bwd,76,2250.0,4950.0,0.5483,0.0
DK02_to_DB01#alt1,1,bwd,77,2200.0,4950.0,0.5903,0.0
DK02_to_DB01#alt1,1,bwd,78,2150.0,4950.0,0.6241,0.0
DK02_to_DB01#alt1,1,bwd,79,2100.0,4950.0,0.6889,0.0
DK02_to_DB01#alt1,1,bwd,80,2050.0,4950.0,0.7165,0.0
DK02_to_DB01#alt1,1,bwd,81,2000.0,4950.0,0.7165,0.0
DK02_to_DB01#alt1,1,bwd,82,1950.0,4950.0,0.6889,0.0
DK02_to_DB01#alt1,1,bwd,83,1900.0,4950.0,0.6241,0.0
DK02_to_DB01#alt1,1,bwd,84,1850.0,4950.0,0.5483,0.0
DK02_to_DB01#alt1,1,bwd,85,1800.0,4950.0,0.4931,0.0
DK02_to_DB01#alt1,1,bwd,86,1750.0,4950.0,0.4346,0.0
DK02_to_DB01#alt1,1,bwd,87,1700.0,4950.0,0.3895,0.0
DK02_to_DB01#alt1,1,bwd,88,1650.0,4950.0,0.344,0.0
DK02_to_DB01#alt1,1,bwd,89,1600.0,4950.0,0.3077,0.0
DK02_to_DB01#alt1,1,bwd,90,1550.0,4950.0,0.2721,0.0
DK02_to_DB01#alt1,1,bwd,91,1500.0,4950.0,0.2384,0.0
DK02_to_DB01#alt1,1,bwd,92,1450.0,4950.0,0.2076,0.0
DK02_to_DB01#alt1,1,bwd,93,1400.0,4950.0,0.1889,0.0
DK02_to_DB01#alt1,1,bwd,94,1350.0,4950.0,0.1889,0.0
DK02_to_DB01#alt1,1,bwd,95,1300.0,4950.0,0.1889,0.0
DK02_to_DB01#alt1,1,bwd,96,1250.0,4950.0,0.1889,0.0
DK02_to_DB01#alt1,1,bwd,97,1200.0,4933.33,0.1873,0.0
DK02_to_DB01#alt1,1,bwd,98,1150.0,4900.0,0.2151,0.0
DK02_to_DB01#alt1,1,bwd,99,1100.0,4866.67,0.2407,0.0
DK02_to_DB01#alt1,1,bwd,100,1050.0,4850.0,0.2252,0.0
DK02_to_DB01#alt1,1,bwd,101,1000.0,4833.33,0.2431,0.0
DK02_to_DB01#alt1,1,bwd,102,950.0,4800.0,0.3077,0.0
DK02_to_DB01#alt1,1,bwd,103,900.0,4750.0,0.3895,0.0
DK02_to_DB01#alt1,1,bwd,104,850.0,4700.0,0.4931,0.0
DK02_to_DB01#alt1,1,bwd,105,816.67,4650.0,0.6241,0.0
DK02_to_DB01#alt1,1,bwd,106,800.0,4600.0,0.6889,0.0
DK02_to_DB01#alt1,1,bwd,107,800.0,4550.0,0.7165,0.0
DK02_to_DB01#alt1,1,bwd,108,816.67,4500.0,0.7165,0.0
DK02_to_DB01#alt1,1,bwd,109,850.0,4466.67,0.7165,0.0
DK02_to_DB01#alt1,1,bwd,110,900.0,4450.0,0.7165,0.0
DK02_to_DB01#alt1,1,bwd,111,950.0,4450.0,0.7165,0.0
DK02_to_DB01#alt1,1,bwd,112,1000.0,4450.0,0.6889,0.0
DK02_to_DB01#alt1,1,bwd,113,1050.0,4400.0,0.6889,0.0
DK02_to_DB01#alt1,1,bwd,114,1050.0,4350.0,0.7165,0.0
DK02_to_DB01#alt1,1,bwd,115,1050.0,4300.0,0.7165,0.0
DK02_to_DB01#alt1,1,bwd,116,1033.33,4250.0,0.6889,0.0
DK02_to_DB01#alt1,1,bwd,117,1016.67,4200.0,0.6889,0.0
DK02_to_DB01#alt1,1,bwd,118,1000.0,4150.0,0.6241,0.0
DK02_to_DB01#alt1,1,bwd,119,1000.0,4100.0,0.5483,0.0
DK02_to_DB01#alt1,1,bwd,120,1000.0,4050.0,0.4746,0.0
DK02_to_DB01#alt1,1,bwd,121,1000.0,4000.0,0.5483,0.0
DK02_to_DB01#alt1,1,bwd,122,1000.0,3950.0,0.6241,0.0
DK02_to_DB01#alt1,1,bwd,123,1000.0,3900.0,0.7165,0.0
DK02_to_DB01#alt3,3,bwd,0,3750.0,2150.0,0.1432,0.0
DK02_to_DB01#alt3,3,bwd,1,3700.0,2100.0,0.1239,0.0
DK02_to_DB01#alt3,3,bwd,2,3650.0,2050.0,0.1146,0.0
DK02_to_DB01#alt3,3,bwd,3,3600.0,2000.0,0.1036,0.0
DK02_to_DB01#alt3,3,bwd,4,3550.0,1950.0,0.092,0.0
DK02_to_DB01#alt3,3,bwd,5,3500.0,1900.0,0.0964,0.0
DK02_to_DB01#alt3,3,bwd,6,3450.0,1850.0,0.1183,0.0
DK02_to_DB01#alt3,3,bwd,7,3400.0,1800.0,0.1495,0.0
DK02_to_DB01#alt3,3,bwd,8,3350.0,1750.0,0.1889,0.0
DK02_to_DB01#alt3,3,bwd,9,3300.0,1700.0,0.2384,0.0
DK02_to_DB01#alt3,3,bwd,10,3250.0,1666.67,0.3006,0.0
DK02_to_DB01#alt3,3,bwd,11,3200.0,1650.0,0.344,0.0
DK02_to_DB01#alt3,3,bwd,12,3150.0,1650.0,0.3895,0.0
DK02_to_DB01#alt3,3,bwd,13,3100.0,1650.0,0.4346,0.0
DK02_to_DB01#alt3,3,bwd,14,3050.0,1650.0,0.4746,0.0
DK02_to_DB01#alt3,3,bwd,15,3000.0,1650.0,0.503,0.0
DK02_to_DB01#alt3,3,bwd,16,2950.0,1650.0,0.5134,0.0
DK02_to_DB01#alt3,3,bwd,17,2900.0,1650.0,0.5134,0.0
DK02_to_DB01#alt3,3,bwd,18,2850.0,1650.0,0.5134,0.0
DK02_to_DB01#alt3,3,bwd,19,2800.0,1650.0,0.5483,0.0
DK02_to_DB01#alt3,3,bwd,20,2750.0,1633.33,0.6241,0.0
DK02_to_DB01#alt3,3,bwd,21,2700.0,1616.67,0.5903,0.0
DK02_to_DB01#alt3,3,bwd,22,2650.0,1600.0,0.6241,0.0
DK02_to_DB01#alt3,3,bwd,23,2600.0,1600.0,0.6889,0.0
DK02_to_DB01#alt3,3,bwd,24,2550.0,1600.0,0.7165,0.0
DK02_to_DB01#alt3,3,bwd,25,2500.0,1600.0,0.7165,0.0
DK02_to_DB01#alt3,3,bwd,26,2450.0,1600.0,0.7165,0.0
DK02_to_DB01#alt3,3,bwd,27,2400.0,1600.0,0.7165,0.0
DK02_to_DB01#alt3,3,bwd,28,2350.0,1600.0,0.7165,0.0
DK02_to_DB01#alt3,3,bwd,29,2300.0,1600.0,0.7165,0.0
DK02_to_DB01#alt3,3,bwd,30,2250.0,1600.0,0.7165,0.0
DK02_to_DB01#alt3,3,bwd,31,2200.0,1616.67,0.6889,0.0
DK02_to_DB01#alt3,3,bwd,32,2150.0,1633.33,0.7165,0.0
DK02_to_DB01#alt3,3,bwd,33,2100.0,1650.0,0.6889,0.0
DK02_to_DB01#alt3,3,bwd,34,2050.0,1700.0,0.6889,0.0
DK02_to_DB01#alt3,3,bwd,35,2000.0,1750.0,0.6889,0.0
DK02_to_DB01#alt3,3,bwd,36,1950.0,1800.0,0.6889,0.0
DK02_to_DB01#alt3,3,bwd,37,1916.67,1850.0,0.6241,0.0
DK02_to_DB01#alt3,3,bwd,38,1883.33,1900.0,0.6889,0.0
DK02_to_DB01#alt3,3,bwd,39,1850.0,1950.0,0.6065,0.0
DK02_to_DB01#alt3,3,bwd,40,1800.0,2000.0,0.5134,0.0
DK02_to_DB01#alt3,3,bwd,41,1750.0,2050.0,0.4346,0.0
DK02_to_DB01#alt3,3,bwd,42,1700.0,2100.0,0.4346,0.0
DK02_to_DB01#alt3,3,bwd,43,1650.0,2150.0,0.5483,0.0
DK02_to_DB01#alt3,3,bwd,44,1600.0,2183.33,0.6889,0.0
DK02_to_DB01#alt3,3,bwd,45,1550.0,2183.33,0.7165,0.0
DK02_to_DB01#alt3,3,bwd,46,1500.0,2166.67,0.6065,0.0
DK02_to_DB01#alt3,3,bwd,47,1450.0,2150.0,0.5903,0.0
DK02_to_DB01#alt3,3,bwd,48,1400.0,2150.0,0.5483,0.0
DK02_to_DB01#alt3,3,bwd,49,1350.0,2166.67,0.5134,0.0
DK02_to_DB01#alt3,3,bwd,50,1300.0,2200.0,0.4931,0.0
DK02_to_DB01#alt3,3,bwd,51,1250.0,2233.33,0.4931,0.0
DK02_to_DB01#alt3,3,bwd,52,1200.0,2266.67,0.4346,0.0
DK02_to_DB01#alt3,3,bwd,53,1150.0,2300.0,0.4076,0.0
DK02_to_DB01#alt3,3,bwd,54,1100.0,2350.0,0.3628,0.0
DK02_to_DB01#alt3,3,bwd,55,1050.0,2400.0,0.3114,0.0
DK02_to_DB01#alt3,3,bwd,56,1000.0,2450.0,0.2636,0.0
DK02_to_DB01#alt3,3,bwd,57,950.0,2500.0,0.2231,0.0
DK02_to_DB01#alt3,3,bwd,58,900.0,2550.0,0.1889,0.0
DK02_to_DB01#alt3,3,bwd,59,850.0,2600.0,0.1587,0.0
DK02_to_DB01#alt3,3,bwd,60,800.0,2650.0,0.1432,0.0
DK02_to_DB01#alt3,3,bwd,61,750.0,2700.0,0.1551,0.0
DK02_to_DB01#alt3,3,bwd,62,700.0,2750.0,0.1648,0.0
DK02_to_DB01#alt3,3,bwd,63,666.67,2800.0,0.17,0.0
DK02_to_DB01#alt3,3,bwd,64,650.0,2850.0,0.1921,0.0
DK02_to_DB01#alt3,3,bwd,65,650.0,2900.0,0.2151,0.0
DK02_to_DB01#alt3,3,bwd,66,650.0,2950.0,0.2431,0.0
DK02_to_DB01#alt3,3,bwd,67,650.0,3000.0,0.2721,0.0
DK02_to_DB01#alt3,3,bwd,68,650.0,3050.0,0.3006,0.0
DK02_to_DB01#alt3,3,bwd,69,650.0,3100.0,0.3269,0.0
DK02_to_DB01#alt3,3,bwd,70,650.0,3150.0,0.3485,0.0
DK02_to_DB01#alt3,3,bwd,71,650.0,3200.0,0.3784,0.0
DK02_to_DB01#alt3,3,bwd,72,650.0,3250.0,0.4076,0.0
DK02_to_DB01#alt3,3,bwd,73,650.0,3300.0,0.4275,0.0
DK02_to_DB01#alt3,3,bwd,74,650.0,3350.0,0.4346,0.0
DK02_to_DB01#alt3,3,bwd,75,666.67,3400.0,0.4746,0.0
DK02_to_DB01#alt3,3,bwd,76,700.0,3450.0,0.5903,0.0
DK02_to_DB01#alt3,3,bwd,77,733.33,3500.0,0.7165,0.0
DK02_to_DB01#alt3,3,bwd,78,766.67,3550.0,0.6889,0.0
DK02_to_DB01#alt3,3,bwd,79,783.33,3600.0,0.7165,0.0
DK02_to_DB01#alt3,3,bwd,80,800.0,3650.0,0.7165,0.0
DK02_to_DB01#alt3,3,bwd,81,816.67,3700.0,0.6889,0.0
DK02_to_DB01#alt3,3,bwd,82,833.33,3750.0,0.7165,0.0
DK02_to_DB01#alt3,3,bwd,83,850.0,3800.0,0.6889,0.0
DK02_to_DB01#alt3,3,bwd,84,900.0,3850.0,0.6889,0.0
DK02_to_DB01#alt3,3,bwd,85,950.0,3883.33,0.6889,0.0
DK02_to_DB01#alt3,3,bwd,86,1000.0,3900.0,0.7165,0.0
DK02_to_DB01#alt7,7,bwd,0,3750.0,2150.0,0.1432,0.0
DK02_to_DB01#alt7,7,bwd,1,3700.0,2100.0,0.1239,0.0
DK02_to_DB01#alt7,7,bwd,2,3650.0,2050.0,0.1146,0.0
DK02_to_DB01#alt7,7,bwd,3,3600.0,2000.0,0.1036,0.0
DK02_to_DB01#alt7,7,bwd,4,3550.0,1950.0,0.092,0.0
DK02_to_DB01#alt7,7,bwd,5,3500.0,1900.0,0.0964,0.0
DK02_to_DB01#alt7,7,bwd,6,3450.0,1850.0,0.1183,0.0
DK02_to_DB01#alt7,7,bwd,7,3400.0,1800.0,0.1495,0.0
DK02_to_DB01#alt7,7,bwd,8,3350.0,1750.0,0.1889,0.0
DK02_to_DB01#alt7,7,bwd,9,3300.0,1700.0,0.2384,0.0
DK02_to_DB01#alt7,7,bwd,10,3250.0,1650.0,0.3006,0.0
DK02_to_DB01#alt7,7,bwd,11,3200.0,1600.0,0.3784,0.0
DK02_to_DB01#alt7,7,bwd,12,3150.0,1550.0,0.4746,0.0
DK02_to_DB01#alt7,7,bwd,13,3100.0,1500.0,0.5903,0.0
DK02_to_DB01#alt7,7,bwd,14,3066.67,1450.0,0.7165,0.0
DK02_to_DB01#alt7,7,bwd,15,3050.0,1400.0,0.7165,0.0
DK02_to_DB01#alt7,7,bwd,16,3050.0,1350.0,0.7165,0.0
DK02_to_DB01#alt7,7,bwd,17,3050.0,1300.0,0.7165,0.0
DK02_to_DB01#alt7,7,bwd,18,3033.33,1250.0,0.6889,0.0
DK02_to_DB01#alt7,7,bwd,19,3000.0,1200.0,0.6889,0.0
DK02_to_DB01#alt7,7,bwd,20,2950.0,1166.67,0.6889,0.0
DK02_to_DB01#alt7,7,bwd,21,2900.0,1150.0,0.7165,0.0
DK02_to_DB01#alt7,7,bwd,22,2850.0,1150.0,0.7165,0.0
DK02_to_DB01#alt7,7,bwd,23,2800.0,1150.0,0.6889,0.0
DK02_to_DB01#alt7,7,bwd,24,2750.0,1200.0,0.6889,0.0
DK02_to_DB01#alt7,7,bwd,25,2700.0,1250.0,0.6889,0.0
DK02_to_DB01#alt7,7,bwd,26,2650.0,1283.33,0.6065,0.0
DK02_to_DB01#alt7,7,bwd,27,2600.0,1300.0,0.5134,0.0
DK02_to_DB01#alt7,7,bwd,28,2550.0,1300.0,0.4346,0.0
DK02_to_DB01#alt7,7,bwd,29,2500.0,1300.0,0.3679,0.0
DK02_to_DB01#alt7,7,bwd,30,2450.0,1300.0,0.3114,0.0
DK02_to_DB01#alt7,7,bwd,31,2400.0,1316.67,0.2636,0.0
DK02_to_DB01#alt7,7,bwd,32,2350.0,1350.0,0.3114,0.0
DK02_to_DB01#alt7,7,bwd,33,2300.0,1383.33,0.3679,0.0
DK02_to_DB01#alt7,7,bwd,34,2250.0,1400.0,0.3679,0.0
DK02_to_DB01#alt7,7,bwd,35,2200.0,1400.0,0.3628,0.0
DK02_to_DB01#alt7,7,bwd,36,2150.0,1416.67,0.3485,0.0
DK02_to_DB01#alt7,7,bwd,37,2100.0,1450.0,0.3784,0.0
DK02_to_DB01#alt7,7,bwd,38,2050.0,1483.33,0.4076,0.0
DK02_to_DB01#alt7,7,bwd,39,2000.0,1500.0,0.3784,0.0
DK02_to_DB01#alt7,7,bwd,40,1950.0,1500.0,0.344,0.0
DK02_to_DB01#alt7,7,bwd,41,1900.0,1500.0,0.3077,0.0
DK02_to_DB01#alt7,7,bwd,42,1850.0,1500.0,0.2721,0.0
DK02_to_DB01#alt7,7,bwd,43,1800.0,1500.0,0.3006,0.0
DK02_to_DB01#alt7,7,bwd,44,1750.0,1500.0,0.344,0.0
DK02_to_DB01#alt7,7,bwd,45,1700.0,1500.0,0.3895,0.0
DK02_to_DB01#alt7,7,bwd,46,1650.0,1500.0,0.4346,0.0
DK02_to_DB01#alt7,7,bwd,47,1600.0,1500.0,0.4931,0.0
DK02_to_DB01#alt7,7,bwd,48,1550.0,1500.0,0.5483,0.0
DK02_to_DB01#alt7,7,bwd,49,1500.0,1500.0,0.6241,0.0
DK02_to_DB01#alt7,7,bwd,50,1450.0,1500.0,0.6889,0.0
DK02_to_DB01#alt7,7,bwd,51,1400.0,1500.0,0.7165,0.0
DK02_to_DB01#alt7,7,bwd,52,1350.0,1500.0,0.7165,0.0
DK02_to_DB01#alt7,7,bwd,53,1300.0,1500.0,0.7165,0.0
DK02_to_DB01#alt7,7,bwd,54,1250.0,1500.0,0.7165,0.0
DK02_to_DB01#alt7,7,bwd,55,1200.0,1483.33,0.6889,0.0
DK02_to_DB01#alt7,7,bwd,56,1150.0,1466.67,0.6241,0.0
DK02_to_DB01#alt7,7,bwd,57,1100.0,1450.0,0.6889,0.0
DK02_to_DB01#alt7,7,bwd,58,1050.0,1450.0,0.7165,0.0
DK02_to_DB01#alt7,7,bwd,59,1000.0,1450.0,0.7165,0.0
DK02_to_DB01#alt7,7,bwd,60,950.0,1450.0,0.7165,0.0
DK02_to_DB01#alt7,7,bwd,61,900.0,1450.0,0.6889,0.0
DK02_to_DB01#alt7,7,bwd,62,850.0,1500.0,0.6889,0.0
DK02_to_DB01#alt7,7,bwd,63,800.0,1550.0,0.6241,0.0
DK02_to_DB01#alt7,7,bwd,64,750.0,1600.0,0.5903,0.0
DK02_to_DB01#alt7,7,bwd,65,700.0,1650.0,0.5134,0.0
DK02_to_DB01#alt7,7,bwd,66,650.0,1700.0,0.4275,0.0
DK02_to_DB01#alt7,7,bwd,67,600.0,1750.0,0.3485,0.0
DK02_to_DB01#alt7,7,bwd,68,550.0,1800.0,0.281,0.0
DK02_to_DB01#alt7,7,bwd,69,516.67,1850.0,0.2252,0.0
DK02_to_DB01#alt7,7,bwd,70,500.0,1900.0,0.2076,0.0
DK02_to_DB01#alt7,7,bwd,71,500.0,1950.0,0.1889,0.0
DK02_to_DB01#alt7,7,bwd,72,500.0,2000.0,0.17,0.0
DK02_to_DB01#alt7,7,bwd,73,483.33,2050.0,0.1517,0.0
DK02_to_DB01#alt7,7,bwd,74,450.0,2100.0,0.1199,0.0
DK02_to_DB01#alt7,7,bwd,75,400.0,2150.0,0.0947,0.0
DK02_to_DB01#alt7,7,bwd,76,350.0,2200.0,0.0748,0.0
DK02_to_DB01#alt7,7,bwd,77,300.0,2250.0,0.0591,0.0
DK02_to_DB01#alt7,7,bwd,78,250.0,2300.0,0.0467,0.0
DK02_to_DB01#alt7,7,bwd,79,200.0,2350.0,0.0369,0.0
DK02_to_DB01#alt7,7,bwd,80,150.0,2400.0,0.0291,0.0
DK02_to_DB01#alt7,7,bwd,81,100.0,2450.0,0.023,0.0
DK02_to_DB01#alt7,7,bwd,82,66.67,2500.0,0.0201,0.0
DK02_to_DB01#alt7,7,bwd,83,50.0,2550.0,0.0224,0.0
DK02_to_DB01#alt7,7,bwd,84,50.0,2600.0,0.0247,0.0
DK02_to_DB01#alt7,7,bwd,85,50.0,2650.0,0.0272,0.0
DK02_to_DB01#alt7,7,bwd,86,50.0,2700.0,0.0297,0.0
DK02_to_DB01#alt7,7,bwd,87,50.0,2750.0,0.0323,0.0
DK02_to_DB01#alt7,7,bwd,88,50.0,2800.0,0.0349,0.0
DK02_to_DB01#alt7,7,bwd,89,50.0,2850.0,0.0375,0.0
DK02_to_DB01#alt7,7,bwd,90,50.0,2900.0,0.0405,0.0
DK02_to_DB01#alt7,7,bwd,91,50.0,2950.0,0.0437,0.0
DK02_to_DB01#alt7,7,bwd,92,50.0,3000.0,0.0467,0.0
DK02_to_DB01#alt7,7,bwd,93,50.0,3050.0,0.0496,0.0
DK02_to_DB01#alt7,7,bwd,94,50.0,3100.0,0.0522,0.0
DK02_to_DB01#alt7,7,bwd,95,50.0,3150.0,0.0544,0.0
DK02_to_DB01#alt7,7,bwd,96,66.67,3200.0,0.058,0.0
DK02_to_DB01#alt7,7,bwd,97,100.0,3250.0,0.0717,0.0
DK02_to_DB01#alt7,7,bwd,98,133.33,3300.0,0.0883,0.0
DK02_to_DB01#alt7,7,bwd,99,150.0,3350.0,0.092,0.0
DK02_to_DB01#alt7,7,bwd,100,150.0,3400.0,0.0947,0.0
DK02_to_DB01#alt7,7,bwd,101,150.0,3450.0,0.0964,0.0
DK02_to_DB01#alt7,7,bwd,102,166.67,3500.0,0.097,0.0
DK02_to_DB01#alt7,7,bwd,103,183.33,3550.0,0.1138,0.0
DK02_to_DB01#alt7,7,bwd,104,216.67,3600.0,0.1117,0.0
DK02_to_DB01#alt7,7,bwd,105,250.0,3650.0,0.1273,0.0
DK02_to_DB01#alt7,7,bwd,106,300.0,3700.0,0.1422,0.0
DK02_to_DB01#alt7,7,bwd,107,350.0,3750.0,0.1551,0.0
DK02_to_DB01#alt7,7,bwd,108,400.0,3800.0,0.1873,0.0
DK02_to_DB01#alt7,7,bwd,109,450.0,3850.0,0.2231,0.0
DK02_to_DB01#alt7,7,bwd,110,500.0,3883.33,0.2636,0.0
DK02_to_DB01#alt7,7,bwd,111,550.0,3900.0,0.2636,0.0
DK02_to_DB01#alt7,7,bwd,112,600.0,3900.0,0.281,0.0
DK02_to_DB01#alt7,7,bwd,113,650.0,3900.0,0.3269,0.0
DK02_to_DB01#alt7,7,bwd,114,700.0,3900.0,0.3784,0.0
DK02_to_DB01#alt7,7,bwd,115,750.0,3900.0,0.4346,0.0
DK02_to_DB01#alt7,7,bwd,116,800.0,3900.0,0.4931,0.0
DK02_to_DB01#alt7,7,bwd,117,850.0,3900.0,0.5483,0.0
DK02_to_DB01#alt7,7,bwd,118,900.0,3900.0,0.6241,0.0
DK02_to_DB01#alt7,7,bwd,119,950.0,3900.0,0.6889,0.0
DK02_to_DB01#alt7,7,bwd,120,1000.0,3900.0,0.7165,0.0
DB02_to_DK06#alt0,0,fwd,0,1800.0,1100.0,0.1183,0.0
DB02_to_DK06#alt0,0,fwd,1,1850.0,1050.0,0.0936,0.0
DB02_to_DK06#alt0,0,fwd,2,1900.0,1016.67,0.074,0.0
DB02_to_DK06#alt0,0,fwd,3,1950.0,1000.0,0.079,0.0
DB02_to_DK06#alt0,0,fwd,4,2000.0,1000.0,0.0839,0.0
DB02_to_DK06#alt0,0,fwd,5,2050.0,983.33,0.0883,0.0
DB02_to_DK06#alt0,0,fwd,6,2100.0,950.0,0.0781,0.0
DB02_to_DK06#alt0,0,fwd,7,2150.0,916.67,0.0785,0.0
DB02_to_DK06#alt0,0,fwd,8,2200.0,900.0,0.0904,0.0
DB02_to_DK06#alt0,0,fwd,9,2250.0,883.33,0.1036,0.0
DB02_to_DK06#alt0,0,fwd,10,2300.0,850.0,0.1062,0.0
DB02_to_DK06#alt0,0,fwd,11,2350.0,800.0,0.1062,0.0
DB02_to_DK06#alt0,0,fwd,12,2400.0,750.0,0.1062,0.0
DB02_to_DK06#alt0,0,fwd,13,2450.0,716.67,0.1036,0.0
DB02_to_DK06#alt0,0,fwd,14,2500.0,700.0,0.1138,0.0
DB02_to_DK06#alt0,0,fwd,15,2550.0,700.0,0.1239,0.0
DB02_to_DK06#alt0,0,fwd,16,2600.0,700.0,0.1335,0.0
DB02_to_DK06#alt0,0,fwd,17,2650.0,700.0,0.1422,0.0
DB02_to_DK06#alt0,0,fwd,18,2700.0,700.0,0.1495,0.0
DB02_to_DK06#alt0,0,fwd,19,2750.0,700.0,0.1551,0.0
DB02_to_DK06#alt0,0,fwd,20,2800.0,716.67,0.1648,0.0
DB02_to_DK06#alt0,0,fwd,21,2850.0,750.0,0.1889,0.0
DB02_to_DK06#alt0,0,fwd,22,2900.0,800.0,0.2231,0.0
DB02_to_DK06#alt0,0,fwd,23,2950.0,850.0,0.2609,0.0
DB02_to_DK06#alt0,0,fwd,24,3000.0,900.0,0.2972,0.0
DB02_to_DK06#alt0,0,fwd,25,3050.0,950.0,0.3269,0.0
DB02_to_DK06#alt0,0,fwd,26,3100.0,1000.0,0.344,0.0
DB02_to_DK06#alt0,0,fwd,27,3150.0,1050.0,0.344,0.0
DB02_to_DK06#alt0,0,fwd,28,3200.0,1100.0,0.344,0.0
DB02_to_DK06#alt0,0,fwd,29,3250.0,1150.0,0.3269,0.0
DB02_to_DK06#alt0,0,fwd,30,3300.0,1183.33,0.2972,0.0
DB02_to_DK06#alt0,0,fwd,31,3350.0,1200.0,0.253,0.0
DB02_to_DK06#alt0,0,fwd,32,3400.0,1200.0,0.2151,0.0
DB02_to_DK06#alt0,0,fwd,33,3450.0,1200.0,0.1937,0.0
DB02_to_DK06#alt0,0,fwd,34,3500.0,1200.0,0.2057,0.0
DB02_to_DK06#alt0,0,fwd,35,3550.0,1200.0,0.2151,0.0
DB02_to_DK06#alt0,0,fwd,36,3600.0,1200.0,0.2211,0.0
DK06_to_DB02#alt0,0,bwd,0,3600.0,1200.0,0.2211,0.0
DK06_to_DB02#alt0,0,bwd,1,3550.0,1150.0,0.253,0.0
DK06_to_DB02#alt0,0,bwd,2,3500.0,1100.0,0.281,0.0
DK06_to_DB02#alt0,0,bwd,3,3450.0,1050.0,0.3006,0.0
DK06_to_DB02#alt0,0,bwd,4,3400.0,1000.0,0.3269,0.0
DK06_to_DB02#alt0,0,bwd,5,3350.0,950.0,0.344,0.0
DK06_to_DB02#alt0,0,bwd,6,3300.0,900.0,0.344,0.0
DK06_to_DB02#alt0,0,bwd,7,3250.0,850.0,0.344,0.0
DK06_to_DB02#alt0,0,bwd,8,3200.0,800.0,0.344,0.0
DK06_to_DB02#alt0,0,bwd,9,3150.0,750.0,0.344,0.0
DK06_to_DB02#alt0,0,bwd,10,3100.0,700.0,0.344,0.0
DK06_to_DB02#alt0,0,bwd,11,3050.0,650.0,0.344,0.0
DK06_to_DB02#alt0,0,bwd,12,3000.0,600.0,0.344,0.0
DK06_to_DB02#alt0,0,bwd,13,2950.0,550.0,0.3269,0.0
DK06_to_DB02#alt0,0,bwd,14,2900.0,516.67,0.2972,0.0
DK06_to_DB02#alt0,0,bwd,15,2850.0,516.67,0.253,0.0
DK06_to_DB02#alt0,0,bwd,16,2800.0,533.33,0.2057,0.0
DK06_to_DB02#alt0,0,bwd,17,2750.0,550.0,0.1755,0.0
DK06_to_DB02#alt0,0,bwd,18,2700.0,550.0,0.1495,0.0
DK06_to_DB02#alt0,0,bwd,19,2650.0,550.0,0.1273,0.0
DK06_to_DB02#alt0,0,bwd,20,2600.0,566.67,0.1082,0.0
DK06_to_DB02#alt0,0,bwd,21,2550.0,583.33,0.092,0.0
DK06_to_DB02#alt0,0,bwd,22,2500.0,600.0,0.0854,0.0
DK06_to_DB02#alt0,0,bwd,23,2450.0,600.0,0.0785,0.0
DK06_to_DB02#alt0,0,bwd,24,2400.0,600.0,0.0717,0.0
DK06_to_DB02#alt0,0,bwd,25,2350.0,616.67,0.065,0.0
DK06_to_DB02#alt0,0,bwd,26,2300.0,633.33,0.0663,0.0
DK06_to_DB02#alt0,0,bwd,27,2250.0,650.0,0.0591,0.0
DK06_to_DB02#alt0,0,bwd,28,2200.0,666.67,0.0524,0.0
DK06_to_DB02#alt0,0,bwd,29,2150.0,700.0,0.0524,0.0
DK06_to_DB02#alt0,0,bwd,30,2100.0,733.33,0.0514,0.0
DK06_to_DB02#alt0,0,bwd,31,2050.0,766.67,0.045,0.0
DK06_to_DB02#alt0,0,bwd,32,2000.0,800.0,0.0444,0.0
DK06_to_DB02#alt0,0,bwd,33,1950.0,850.0,0.0496,0.0
DK06_to_DB02#alt0,0,bwd,34,1900.0,900.0,0.0568,0.0
DK06_to_DB02#alt0,0,bwd,35,1850.0,950.0,0.0717,0.0
DK06_to_DB02#alt0,0,bwd,36,1816.67,1000.0,0.0904,0.0
DK06_to_DB02#alt0,0,bwd,37,1800.0,1050.0,0.1036,0.0
DK06_to_DB02#alt0,0,bwd,38,1800.0,1100.0,0.1183,0.0
DB02_to_DK06#alt1,1,fwd,0,1800.0,1100.0,0.1183,0.0
DB02_to_DK06#alt1,1,fwd,1,1850.0,1150.0,0.1199,0.0
DB02_to_DK06#alt1,1,fwd,2,1900.0,1183.33,0.1335,0.0
DB02_to_DK06#alt1,1,fwd,3,1950.0,1200.0,0.1432,0.0
DB02_to_DK06#alt1,1,fwd,4,2000.0,1200.0,0.1551,0.0
DB02_to_DK06#alt1,1,fwd,5,2050.0,1200.0,0.1661,0.0
DB02_to_DK06#alt1,1,fwd,6,2100.0,1200.0,0.1755,0.0
DB02_to_DK06#alt1,1,fwd,7,2150.0,1200.0,0.1827,0.0
DB02_to_DK06#alt1,1,fwd,8,2200.0,1200.0,0.1873,0.0
DB02_to_DK06#alt1,1,fwd,9,2250.0,1200.0,0.1889,0.0
DB02_to_DK06#alt1,1,fwd,10,2300.0,1200.0,0.1889,0.0
DB02_to_DK06#alt1,1,fwd,11,2350.0,1200.0,0.2151,0.0
DB02_to_DK06#alt1,1,fwd,12,2400.0,1200.0,0.253,0.0
DB02_to_DK06#alt1,1,fwd,13,2450.0,1200.0,0.2972,0.0
DB02_to_DK06#alt1,1,fwd,14,2500.0,1183.33,0.3485,0.0
DB02_to_DK06#alt1,1,fwd,15,2550.0,1166.67,0.3784,0.0
DB02_to_DK06#alt1,1,fwd,16,2600.0,1150.0,0.4346,0.0
DB02_to_DK06#alt1,1,fwd,17,2650.0,1150.0,0.4931,0.0
DB02_to_DK06#alt1,1,fwd,18,2700.0,1150.0,0.5483,0.0
DB02_to_DK06#alt1,1,fwd,19,2750.0,1150.0,0.6241,0.0
DB02_to_DK06#alt1,1,fwd,20,2800.0,1150.0,0.6889,0.0
DB02_to_DK06#alt1,1,fwd,21,2850.0,1150.0,0.7165,0.0
DB02_to_DK06#alt1,1,fwd,22,2900.0,1150.0,0.7165,0.0
DB02_to_DK06#alt1,1,fwd,23,2950.0,1166.67,0.6889,0.0
DB02_to_DK06#alt1,1,fwd,24,3000.0,1200.0,0.6889,0.0
DB02_to_DK06#alt1,1,fwd,25,3050.0,1233.33,0.6889,0.0
DB02_to_DK06#alt1,1,fwd,26,3100.0,1250.0,0.5903,0.0
DB02_to_DK06#alt1,1,fwd,27,3150.0,1250.0,0.503,0.0
DB02_to_DK06#alt1,1,fwd,28,3200.0,1250.0,0.4275,0.0
DB02_to_DK06#alt1,1,fwd,29,3250.0,1250.0,0.3628,0.0
DB02_to_DK06#alt1,1,fwd,30,3300.0,1233.33,0.3077,0.0
DB02_to_DK06#alt1,1,fwd,31,3350.0,1216.67,0.253,0.0
DB02_to_DK06#alt1,1,fwd,32,3400.0,1200.0,0.2151,0.0
DB02_to_DK06#alt1,1,fwd,33,3450.0,1200.0,0.1937,0.0
DB02_to_DK06#alt1,1,fwd,34,3500.0,1200.0,0.2057,0.0
DB02_to_DK06#alt1,1,fwd,35,3550.0,1200.0,0.2151,0.0
DB02_to_DK06#alt1,1,fwd,36,3600.0,1200.0,0.2211,0.0
DK06_to_DB02#alt3,3,bwd,0,3600.0,1200.0,0.2211,0.0
DK06_to_DB02#alt3,3,bwd,1,3633.33,1150.0,0.2636,0.0
DK06_to_DB02#alt3,3,bwd,2,3633.33,1100.0,0.3114,0.0
DK06_to_DB02#alt3,3,bwd,3,3600.0,1050.0,0.3628,0.0
DK06_to_DB02#alt3,3,bwd,4,3550.0,1000.0,0.4076,0.0
DK06_to_DB02#alt3,3,bwd,5,3500.0,950.0,0.4346,0.0
DK06_to_DB02#alt3,3,bwd,6,3450.0,900.0,0.4746,0.0
DK06_to_DB02#alt3,3,bwd,7,3400.0,850.0,0.4931,0.0
DK06_to_DB02#alt3,3,bwd,8,3350.0,800.0,0.4931,0.0
DK06_to_DB02#alt3,3,bwd,9,3300.0,750.0,0.4931,0.0
DK06_to_DB02#alt3,3,bwd,10,3250.0,700.0,0.4931,0.0
DK06_to_DB02#alt3,3,bwd,11,3200.0,650.0,0.4931,0.0
DK06_to_DB02#alt3,3,bwd,12,3150.0,600.0,0.4931,0.0
DK06_to_DB02#alt3,3,bwd,13,3100.0,550.0,0.4931,0.0
DK06_to_DB02#alt3,3,bwd,14,3050.0,500.0,0.4746,0.0
DK06_to_DB02#alt3,3,bwd,15,3000.0,450.0,0.4275,0.0
DK06_to_DB02#alt3,3,bwd,16,2950.0,400.0,0.3679,0.0
DK06_to_DB02#alt3,3,bwd,17,2900.0,350.0,0.3114,0.0
DK06_to_DB02#alt3,3,bwd,18,2850.0,300.0,0.2636,0.0
DK06_to_DB02#alt3,3,bwd,19,2800.0,250.0,0.2211,0.0
DK06_to_DB02#alt3,3,bwd,20,2750.0,200.0,0.1827,0.0
DK06_to_DB02#alt3,3,bwd,21,2700.0,150.0,0.1495,0.0
DK06_to_DB02#alt3,3,bwd,22,2650.0,100.0,0.1215,0.0
DK06_to_DB02#alt3,3,bwd,23,2600.0,66.67,0.0981,0.0
DK06_to_DB02#alt3,3,bwd,24,2550.0,50.0,0.0839,0.0
DK06_to_DB02#alt3,3,bwd,25,2500.0,50.0,0.0717,0.0
DK06_to_DB02#alt3,3,bwd,26,2450.0,50.0,0.0612,0.0
DK06_to_DB02#alt3,3,bwd,27,2400.0,50.0,0.0522,0.0
DK06_to_DB02#alt3,3,bwd,28,2350.0,66.67,0.0444,0.0
DK06_to_DB02#alt3,3,bwd,29,2300.0,100.0,0.0393,0.0
DK06_to_DB02#alt3,3,bwd,30,2250.0,150.0,0.0344,0.0
DK06_to_DB02#alt3,3,bwd,31,2200.0,200.0,0.0297,0.0
DK06_to_DB02#alt3,3,bwd,32,2150.0,250.0,0.0255,0.0
DK06_to_DB02#alt3,3,bwd,33,2100.0,300.0,0.0216,0.0
DK06_to_DB02#alt3,3,bwd,34,2050.0,350.0,0.0183,0.0
DK06_to_DB02#alt3,3,bwd,35,2000.0,400.0,0.0182,0.0
DK06_to_DB02#alt3,3,bwd,36,1950.0,450.0,0.0182,0.0
DK06_to_DB02#alt3,3,bwd,37,1900.0,500.0,0.0209,0.0
DK06_to_DB02#alt3,3,bwd,38,1850.0,550.0,0.0252,0.0
DK06_to_DB02#alt3,3,bwd,39,1800.0,600.0,0.0301,0.0
DK06_to_DB02#alt3,3,bwd,40,1750.0,650.0,0.0357,0.0
DK06_to_DB02#alt3,3,bwd,41,1716.67,700.0,0.0423,0.0
DK06_to_DB02#alt3,3,bwd,42,1700.0,750.0,0.0496,0.0
DK06_to_DB02#alt3,3,bwd,43,1700.0,800.0,0.058,0.0
DK06_to_DB02#alt3,3,bwd,44,1716.67,850.0,0.0677,0.0
DK06_to_DB02#alt3,3,bwd,45,1750.0,900.0,0.0736,0.0
DK06_to_DB02#alt3,3,bwd,46,1783.33,950.0,0.0785,0.0
DK06_to_DB02#alt3,3,bwd,47,1800.0,1000.0,0.0904,0.0
DK06_to_DB02#alt3,3,bwd,48,1800.0,1050.0,0.1036,0.0
DK06_to_DB02#alt3,3,bwd,49,1800.0,1100.0,0.1183,0.0
DK06_to_DB02#alt4,4,bwd,0,3600.0,1200.0,0.2211,0.0
DK06_to_DB02#alt4,4,bwd,1,3550.0,1250.0,0.1827,0.0
DK06_to_DB02#alt4,4,bwd,2,3500.0,1300.0,0.1599,0.0
DK06_to_DB02#alt4,4,bwd,3,3450.0,1350.0,0.1889,0.0
DK06_to_DB02#alt4,4,bwd,4,3400.0,1383.33,0.2231,0.0
DK06_to_DB02#alt4,4,bwd,5,3350.0,1416.67,0.2636,0.0
DK06_to_DB02#alt4,4,bwd,6,3300.0,1433.33,0.3114,0.0
DK06_to_DB02#alt4,4,bwd,7,3250.0,1450.0,0.3679,0.0
DK06_to_DB02#alt4,4,bwd,8,3200.0,1466.67,0.4346,0.0
DK06_to_DB02#alt4,4,bwd,9,3150.0,1500.0,0.503,0.0
DK06_to_DB02#alt4,4,bwd,10,3100.0,1533.33,0.5483,0.0
DK06_to_DB02#alt4,4,bwd,11,3050.0,1550.0,0.6241,0.0
DK06_to_DB02#alt4,4,bwd,12,3000.0,1550.0,0.6889,0.0
DK06_to_DB02#alt4,4,bwd,13,2950.0,1550.0,0.7165,0.0
DK06_to_DB02#alt4,4,bwd,14,2900.0,1550.0,0.7165,0.0
DK06_to_DB02#alt4,4,bwd,15,2850.0,1550.0,0.7165,0.0
DK06_to_DB02#alt4,4,bwd,16,2800.0,1550.0,0.7165,0.0
DK06_to_DB02#alt4,4,bwd,17,2750.0,1533.33,0.6889,0.0
DK06_to_DB02#alt4,4,bwd,18,2700.0,1500.0,0.6889,0.0
DK06_to_DB02#alt4,4,bwd,19,2650.0,1450.0,0.6065,0.0
DK06_to_DB02#alt4,4,bwd,20,2600.0,1416.67,0.5134,0.0
DK06_to_DB02#alt4,4,bwd,21,2550.0,1400.0,0.4346,0.0
DK06_to_DB02#alt4,4,bwd,22,2500.0,1400.0,0.3679,0.0
DK06_to_DB02#alt4,4,bwd,23,2450.0,1400.0,0.3679,0.0
DK06_to_DB02#alt4,4,bwd,24,2400.0,1400.0,0.3679,0.0
DK06_to_DB02#alt4,4,bwd,25,2350.0,1400.0,0.3679,0.0
DK06_to_DB02#alt4,4,bwd,26,2300.0,1400.0,0.3679,0.0
DK06_to_DB02#alt4,4,bwd,27,2250.0,1400.0,0.3679,0.0
DK06_to_DB02#alt4,4,bwd,28,2200.0,1400.0,0.3628,0.0
DK06_to_DB02#alt4,4,bwd,29,2150.0,1400.0,0.3485,0.0
DK06_to_DB02#alt4,4,bwd,30,2100.0,1400.0,0.3269,0.0
DK06_to_DB02#alt4,4,bwd,31,2050.0,1400.0,0.3006,0.0
DK06_to_DB02#alt4,4,bwd,32,2000.0,1400.0,0.281,0.0
DK06_to_DB02#alt4,4,bwd,33,1950.0,1383.33,0.2609,0.0
DK06_to_DB02#alt4,4,bwd,34,1900.0,1350.0,0.2076,0.0
DK06_to_DB02#alt4,4,bwd,35,1850.0,1300.0,0.17,0.0
DK06_to_DB02#alt4,4,bwd,36,1816.67,1250.0,0.17,0.0
DK06_to_DB02#alt4,4,bwd,37,1800.0,1200.0,0.1517,0.0
DK06_to_DB02#alt4,4,bwd,38,1800.0,1150.0,0.1344,0.0
DK06_to_DB02#alt4,4,bwd,39,1800.0,1100.0,0.1183,0.0
DB01_to_DK05#alt0,0,fwd,0,1000.0,3900.0,0.7165,0.0
DB01_to_DK05#alt0,0,fwd,1,1050.0,3950.0,0.6889,0.0
DB01_to_DK05#alt0,0,fwd,2,1100.0,4000.0,0.6065,0.0
DB01_to_DK05#alt0,0,fwd,3,1150.0,4033.33,0.5483,0.0
DB01_to_DK05#alt0,0,fwd,4,1200.0,4050.0,0.6241,0.0
DB01_to_DK05#alt0,0,fwd,5,1250.0,4050.0,0.6889,0.0
DB01_to_DK05#alt0,0,fwd,6,1300.0,4033.33,0.7165,0.0
DB01_to_DK05#alt0,0,fwd,7,1350.0,4000.0,0.6241,0.0
DB01_to_DK05#alt0,0,fwd,8,1400.0,3966.67,0.7165,0.0
DB01_to_DK05#alt0,0,fwd,9,1450.0,3933.33,0.6889,0.0
DB01_to_DK05#alt0,0,fwd,10,1500.0,3916.67,0.7165,0.0
DB01_to_DK05#alt0,0,fwd,11,1550.0,3900.0,0.6889,0.0
DB01_to_DK05#alt0,0,fwd,12,1600.0,3900.0,0.6889,0.0
DB01_to_DK05#alt0,0,fwd,13,1650.0,3900.0,0.7165,0.0
DB01_to_DK05#alt0,0,fwd,14,1700.0,3900.0,0.7165,0.0
DB01_to_DK05#alt0,0,fwd,15,1750.0,3900.0,0.7165,0.0
DB01_to_DK05#alt0,0,fwd,16,1800.0,3916.67,0.6889,0.0
DB01_to_DK05#alt0,0,fwd,17,1850.0,3933.33,0.7165,0.0
DB01_to_DK05#alt0,0,fwd,18,1900.0,3950.0,0.6889,0.0
DB01_to_DK05#alt0,0,fwd,19,1950.0,4000.0,0.6889,0.0
DB01_to_DK05#alt0,0,fwd,20,1983.33,4050.0,0.6889,0.0
DB01_to_DK05#alt0,0,fwd,21,2000.0,4100.0,0.7165,0.0
DB01_to_DK05#alt0,0,fwd,22,2000.0,4150.0,0.7165,0.0
DB01_to_DK05#alt0,0,fwd,23,2016.67,4200.0,0.7165,0.0
DB01_to_DK05#alt0,0,fwd,24,2050.0,4250.0,0.6065,0.0
DB01_to_DK05#alt0,0,fwd,25,2100.0,4300.0,0.5134,0.0
DB01_to_DK05#alt0,0,fwd,26,2150.0,4350.0,0.5903,0.0
DB01_to_DK05#alt0,0,fwd,27,2200.0,4400.0,0.6241,0.0
DB01_to_DK05#alt0,0,fwd,28,2250.0,4433.33,0.6241,0.0
DB01_to_DK05#alt0,0,fwd,29,2300.0,4450.0,0.5483,0.0
DB01_to_DK05#alt0,0,fwd,30,2350.0,4433.33,0.4931,0.0
DB01_to_DK05#alt0,0,fwd,31,2400.0,4416.67,0.3895,0.0
DB01_to_DK05#alt0,0,fwd,32,2450.0,4400.0,0.344,0.0
DB01_to_DK05#alt0,0,fwd,33,2500.0,4416.67,0.3784,0.0
DB01_to_DK05#alt0,0,fwd,34,2550.0,4433.33,0.4076,0.0
DB01_to_DK05#alt0,0,fwd,35,2600.0,4450.0,0.4746,0.0
DB01_to_DK05#alt0,0,fwd,36,2650.0,4450.0,0.5483,0.0
DB01_to_DK05#alt0,0,fwd,37,2700.0,4466.67,0.6241,0.0
DB01_to_DK05#alt0,0,fwd,38,2750.0,4500.0,0.6241,0.0
DB01_to_DK05#alt0,0,fwd,39,2800.0,4550.0,0.5903,0.0
DB01_to_DK05#alt0,0,fwd,40,2850.0,4600.0,0.5483,0.0
DB01_to_DK05#alt0,0,fwd,41,2900.0,4633.33,0.503,0.0
DB01_to_DK05#alt0,0,fwd,42,2950.0,4650.0,0.5134,0.0
DB01_to_DK05#alt0,0,fwd,43,3000.0,4650.0,0.5134,0.0
DB01_to_DK05#alt0,0,fwd,44,3050.0,4650.0,0.5134,0.0
DB01_to_DK05#alt0,0,fwd,45,3100.0,4650.0,0.503,0.0
DB01_to_DK05#alt0,0,fwd,46,3150.0,4633.33,0.4746,0.0
DB01_to_DK05#alt0,0,fwd,47,3200.0,4616.67,0.503,0.0
DB01_to_DK05#alt0,0,fwd,48,3250.0,4600.0,0.4746,0.0
DB01_to_DK05#alt0,0,fwd,49,3300.0,4600.0,0.4346,0.0
DB01_to_DK05#alt0,0,fwd,50,3350.0,4600.0,0.3895,0.0
DB01_to_DK05#alt0,0,fwd,51,3400.0,4583.33,0.344,0.0
DB01_to_DK05#alt0,0,fwd,52,3450.0,4566.67,0.344,0.0
DB01_to_DK05#alt0,0,fwd,53,3500.0,4550.0,0.3006,0.0
DB01_to_DK05#alt0,0,fwd,54,3550.0,4550.0,0.2972,0.0
DB01_to_DK05#alt0,0,fwd,55,3600.0,4550.0,0.3077,0.0
DB01_to_DK05#alt0,0,fwd,56,3650.0,4550.0,0.3114,0.0
DB01_to_DK05#alt0,0,fwd,57,3700.0,4550.0,0.344,0.0
DB01_to_DK05#alt0,0,fwd,58,3750.0,4550.0,0.3895,0.0
DB01_to_DK05#alt0,0,fwd,59,3800.0,4550.0,0.4346,0.0
DB01_to_DK05#alt0,0,fwd,60,3850.0,4550.0,0.4746,0.0
DB01_to_DK05#alt0,0,fwd,61,3900.0,4550.0,0.503,0.0
DB01_to_DK05#alt0,0,fwd,62,3950.0,4550.0,0.5134,0.0
DB01_to_DK05#alt0,0,fwd,63,4000.0,4550.0,0.5134,0.0
DB01_to_DK05#alt0,0,fwd,64,4050.0,4533.33,0.503,0.0
DB01_to_DK05#alt0,0,fwd,65,4100.0,4500.0,0.4076,0.0
DB01_to_DK05#alt0,0,fwd,66,4150.0,4450.0,0.3269,0.0
DB01_to_DK05#alt0,0,fwd,67,4200.0,4400.0,0.2609,0.0
DB01_to_DK05#alt0,0,fwd,68,4250.0,4350.0,0.2076,0.0
DB01_to_DK05#alt0,0,fwd,69,4300.0,4300.0,0.1755,0.0
DB01_to_DK05#alt0,0,fwd,70,4350.0,4250.0,0.1551,0.0
DB01_to_DK05#alt0,0,fwd,71,4400.0,4200.0,0.1495,0.0
DB01_to_DK05#alt0,0,fwd,72,4450.0,4150.0,0.1432,0.0
DB01_to_DK05#alt0,0,fwd,73,4500.0,4100.0,0.1335,0.0
DB01_to_DK05#alt0,0,fwd,74,4550.0,4050.0,0.1215,0.0
DB01_to_DK05#alt0,0,fwd,75,4600.0,4000.0,0.1082,0.0
DB01_to_DK05#alt0,0,fwd,76,4650.0,3950.0,0.0947,0.0
DB01_to_DK05#alt0,0,fwd,77,4683.33,3900.0,0.0816,0.0
DB01_to_DK05#alt0,0,fwd,78,4700.0,3850.0,0.0821,0.0
DB01_to_DK05#alt0,0,fwd,79,4700.0,3800.0,0.0854,0.0
DB01_to_DK05#alt0,0,fwd,80,4716.67,3750.0,0.092,0.0
DB01_to_DK05#alt0,0,fwd,81,4716.67,3700.0,0.0981,0.0
DB01_to_DK05#alt0,0,fwd,82,4733.33,3650.0,0.0883,0.0
DB01_to_DK05#alt0,0,fwd,83,4733.33,3600.0,0.092,0.0
DB01_to_DK05#alt0,0,fwd,84,4750.0,3550.0,0.0947,0.0
DB01_to_DK05#alt0,0,fwd,85,4750.0,3500.0,0.0964,0.0
DB01_to_DK05#alt0,0,fwd,86,4750.0,3450.0,0.097,0.0
DB01_to_DK05#alt0,0,fwd,87,4750.0,3400.0,0.097,0.0
DB01_to_DK05#alt0,0,fwd,88,4750.0,3350.0,0.1062,0.0
DB01_to_DK05#alt0,0,fwd,89,4766.67,3300.0,0.1183,0.0
DB01_to_DK05#alt0,0,fwd,90,4783.33,3250.0,0.1138,0.0
DB01_to_DK05#alt0,0,fwd,91,4800.0,3200.0,0.1239,0.0
DB01_to_DK05#alt0,0,fwd,92,4800.0,3150.0,0.1335,0.0
DB01_to_DK05#alt0,0,fwd,93,4800.0,3100.0,0.1432,0.0
DB01_to_DK05#alt0,0,fwd,94,4816.67,3050.0,0.1551,0.0
DB01_to_DK05#alt0,0,fwd,95,4850.0,3000.0,0.1422,0.0
DB01_to_DK05#alt0,0,fwd,96,4866.67,2950.0,0.1495,0.0
DB01_to_DK05#alt0,0,fwd,97,4866.67,2900.0,0.1551,0.0
DB01_to_DK05#alt0,0,fwd,98,4850.0,2850.0,0.1587,0.0
DB01_to_DK05#alt0,0,fwd,99,4866.67,2800.0,0.1599,0.0
DB01_to_DK05#alt0,0,fwd,100,4883.33,2750.0,0.1344,0.0
DB01_to_DK05#alt0,0,fwd,101,4900.0,2700.0,0.1317,0.0
DB01_to_DK05#alt0,0,fwd,102,4916.67,2650.0,0.1273,0.0
DB01_to_DK05#alt0,0,fwd,103,4933.33,2600.0,0.1036,0.0
DB01_to_DK05#alt0,0,fwd,104,4950.0,2550.0,0.0981,0.0
DB01_to_DK05#alt0,0,fwd,105,4950.0,2500.0,0.092,0.0
DB01_to_DK05#alt0,0,fwd,106,4950.0,2450.0,0.0854,0.0
DB01_to_DK05#alt0,0,fwd,107,4950.0,2400.0,0.079,0.0
DB01_to_DK05#alt0,0,fwd,108,4950.0,2350.0,0.0839,0.0
DB01_to_DK05#alt0,0,fwd,109,4950.0,2300.0,0.0947,0.0
DB01_to_DK05#alt0,0,fwd,110,4950.0,2250.0,0.1062,0.0
DK05_to_DB01#alt0,0,bwd,0,4950.0,2250.0,0.1062,0.0
DK05_to_DB01#alt0,0,bwd,1,4916.67,2300.0,0.1062,0.0
DK05_to_DB01#alt0,0,bwd,2,4883.33,2350.0,0.0947,0.0
DK05_to_DB01#alt0,0,bwd,3,4866.67,2400.0,0.1069,0.0
DK05_to_DB01#alt0,0,bwd,4,4850.0,2450.0,0.1146,0.0
DK05_to_DB01#alt0,0,bwd,5,4833.33,2500.0,0.1239,0.0
DK05_to_DB01#alt0,0,bwd,6,4800.0,2550.0,0.1551,0.0
DK05_to_DB01#alt0,0,bwd,7,4750.0,2600.0,0.1937,0.0
DK05_to_DB01#alt0,0,bwd,8,4700.0,2650.0,0.2407,0.0
DK05_to_DB01#alt0,0,bwd,9,4666.67,2700.0,0.2972,0.0
DK05_to_DB01#alt0,0,bwd,10,4633.33,2750.0,0.3077,0.0
DK05_to_DB01#alt0,0,bwd,11,4616.67,2800.0,0.3679,0.0
DK05_to_DB01#alt0,0,bwd,12,4583.33,2850.0,0.3628,0.0
DK05_to_DB01#alt0,0,bwd,13,4550.0,2900.0,0.4076,0.0
DK05_to_DB01#alt0,0,bwd,14,4500.0,2950.0,0.4346,0.0
DK05_to_DB01#alt0,0,bwd,15,4450.0,3000.0,0.4746,0.0
DK05_to_DB01#alt0,0,bwd,16,4416.67,3050.0,0.4931,0.0
DK05_to_DB01#alt0,0,bwd,17,4400.0,3100.0,0.4346,0.0
DK05_to_DB01#alt0,0,bwd,18,4400.0,3150.0,0.3895,0.0
DK05_to_DB01#alt0,0,bwd,19,4400.0,3200.0,0.344,0.0
DK05_to_DB01#alt0,0,bwd,20,4400.0,3250.0,0.3006,0.0
DK05_to_DB01#alt0,0,bwd,21,4400.0,3300.0,0.2972,0.0
DK05_to_DB01#alt0,0,bwd,22,4400.0,3350.0,0.3077,0.0
DK05_to_DB01#alt0,0,bwd,23,4400.0,3400.0,0.3114,0.0
DK05_to_DB01#alt0,0,bwd,24,4400.0,3450.0,0.3114,0.0
DK05_to_DB01#alt0,0,bwd,25,4400.0,3500.0,0.3077,0.0
DK05_to_DB01#alt0,0,bwd,26,4400.0,3550.0,0.2972,0.0
DK05_to_DB01#alt0,0,bwd,27,4400.0,3600.0,0.281,0.0
DK05_to_DB01#alt0,0,bwd,28,4400.0,3650.0,0.2609,0.0
DK05_to_DB01#alt0,0,bwd,29,4400.0,3700.0,0.2384,0.0
DK05_to_DB01#alt0,0,bwd,30,4400.0,3750.0,0.2231,0.0
DK05_to_DB01#alt0,0,bwd,31,4383.33,3800.0,0.2231,0.0
DK05_to_DB01#alt0,0,bwd,32,4350.0,3850.0,0.2636,0.0
DK05_to_DB01#alt0,0,bwd,33,4300.0,3900.0,0.3077,0.0
DK05_to_DB01#alt0,0,bwd,34,4250.0,3950.0,0.3485,0.0
DK05_to_DB01#alt0,0,bwd,35,4200.0,4000.0,0.3784,0.0
DK05_to_DB01#alt0,0,bwd,36,4150.0,4050.0,0.3895,0.0
DK05_to_DB01#alt0,0,bwd,37,4100.0,4100.0,0.3895,0.0
DK05_to_DB01#alt0,0,bwd,38,4050.0,4150.0,0.4346,0.0
DK05_to_DB01#alt0,0,bwd,39,4000.0,4200.0,0.503,0.0
DK05_to_DB01#alt0,0,bwd,40,3950.0,4250.0,0.5483,0.0
DK05_to_DB01#alt0,0,bwd,41,3900.0,4283.33,0.5483,0.0
DK05_to_DB01#alt0,0,bwd,42,3850.0,4300.0,0.6241,0.0
DK05_to_DB01#alt0,0,bwd,43,3800.0,4300.0,0.6889,0.0
DK05_to_DB01#alt0,0,bwd,44,3750.0,4300.0,0.7165,0.0
DK05_to_DB01#alt0,0,bwd,45,3700.0,4300.0,0.7165,0.0
DK05_to_DB01#alt0,0,bwd,46,3650.0,4316.67,0.7165,0.0
DK05_to_DB01#alt0,0,bwd,47,3600.0,4350.0,0.5903,0.0
DK05_to_DB01#alt0,0,bwd,48,3550.0,4400.0,0.4746,0.0
DK05_to_DB01#alt0,0,bwd,49,3500.0,4450.0,0.3784,0.0
DK05_to_DB01#alt0,0,bwd,50,3450.0,4500.0,0.3784,0.0
DK05_to_DB01#alt0,0,bwd,51,3400.0,4550.0,0.3895,0.0
DK05_to_DB01#alt0,0,bwd,52,3350.0,4600.0,0.3895,0.0
DK05_to_DB01#alt0,0,bwd,53,3300.0,4650.0,0.3784,0.0
DK05_to_DB01#alt0,0,bwd,54,3250.0,4700.0,0.3485,0.0
DK05_to_DB01#alt0,0,bwd,55,3200.0,4733.33,0.3269,0.0
DK05_to_DB01#alt0,0,bwd,56,3150.0,4750.0,0.3485,0.0
DK05_to_DB01#alt0,0,bwd,57,3100.0,4750.0,0.3628,0.0
DK05_to_DB01#alt0,0,bwd,58,3050.0,4750.0,0.3679,0.0
DK05_to_DB01#alt0,0,bwd,59,3000.0,4750.0,0.3679,0.0
DK05_to_DB01#alt0,0,bwd,60,2950.0,4750.0,0.3679,0.0
DK05_to_DB01#alt0,0,bwd,61,2900.0,4750.0,0.3628,0.0
DK05_to_DB01#alt0,0,bwd,62,2850.0,4750.0,0.3485,0.0
DK05_to_DB01#alt0,0,bwd,63,2800.0,4750.0,0.3269,0.0
DK05_to_DB01#alt0,0,bwd,64,2750.0,4750.0,0.3006,0.0
DK05_to_DB01#alt0,0,bwd,65,2700.0,4750.0,0.281,0.0
DK05_to_DB01#alt0,0,bwd,66,2650.0,4750.0,0.2609,0.0
DK05_to_DB01#alt0,0,bwd,67,2600.0,4766.67,0.2636,0.0
DK05_to_DB01#alt0,0,bwd,68,2550.0,4800.0,0.3077,0.0
DK05_to_DB01#alt0,0,bwd,69,2500.0,4850.0,0.3485,0.0
DK05_to_DB01#alt0,0,bwd,70,2450.0,4900.0,0.3784,0.0
DK05_to_DB01#alt0,0,bwd,71,2400.0,4933.33,0.3895,0.0
DK05_to_DB01#alt0,0,bwd,72,2350.0,4950.0,0.4346,0.0
DK05_to_DB01#alt0,0,bwd,73,2300.0,4950.0,0.4931,0.0
DK05_to_DB01#alt0,0,bwd,74,2250.0,4950.0,0.5483,0.0
DK05_to_DB01#alt0,0,bwd,75,2200.0,4950.0,0.5903,0.0
DK05_to_DB01#alt0,0,bwd,76,2150.0,4950.0,0.6241,0.0
DK05_to_DB01#alt0,0,bwd,77,2100.0,4950.0,0.6889,0.0
DK05_to_DB01#alt0,0,bwd,78,2050.0,4950.0,0.7165,0.0
DK05_to_DB01#alt0,0,bwd,79,2000.0,4950.0,0.7165,0.0
DK05_to_DB01#alt0,0,bwd,80,1950.0,4933.33,0.6889,0.0
DK05_to_DB01#alt0,0,bwd,81,1900.0,4900.0,0.6889,0.0
DK05_to_DB01#alt0,0,bwd,82,1850.0,4850.0,0.6889,0.0
DK05_to_DB01#alt0,0,bwd,83,1800.0,4800.0,0.6889,0.0
DK05_to_DB01#alt0,0,bwd,84,1750.0,4750.0,0.6889,0.0
DK05_to_DB01#alt0,0,bwd,85,1700.0,4700.0,0.6065,0.0
DK05_to_DB01#alt0,0,bwd,86,1650.0,4666.67,0.5134,0.0
DK05_to_DB01#alt0,0,bwd,87,1600.0,4650.0,0.4746,0.0
DK05_to_DB01#alt0,0,bwd,88,1550.0,4650.0,0.503,0.0
DK05_to_DB01#alt0,0,bwd,89,1500.0,4650.0,0.5134,0.0
DK05_to_DB01#alt0,0,bwd,90,1450.0,4650.0,0.5134,0.0
DK05_to_DB01#alt0,0,bwd,91,1400.0,4650.0,0.5134,0.0
DK05_to_DB01#alt0,0,bwd,92,1350.0,4633.33,0.5134,0.0
DK05_to_DB01#alt0,0,bwd,93,1300.0,4600.0,0.6065,0.0
DK05_to_DB01#alt0,0,bwd,94,1250.0,4566.67,0.7165,0.0
DK05_to_DB01#alt0,0,bwd,95,1200.0,4550.0,0.6889,0.0
DK05_to_DB01#alt0,0,bwd,96,1150.0,4500.0,0.6889,0.0
DK05_to_DB01#alt0,0,bwd,97,1116.67,4450.0,0.6241,0.0
DK05_to_DB01#alt0,0,bwd,98,1100.0,4400.0,0.6889,0.0
DK05_to_DB01#alt0,0,bwd,99,1100.0,4350.0,0.7165,0.0
DK05_to_DB01#alt0,0,bwd,100,1083.33,4300.0,0.7165,0.0
DK05_to_DB01#alt0,0,bwd,101,1050.0,4250.0,0.6889,0.0
DK05_to_DB01#alt0,0,bwd,102,1016.67,4200.0,0.6889,0.0
DK05_to_DB01#alt0,0,bwd,103,1000.0,4150.0,0.6241,0.0
DK05_to_DB01#alt0,0,bwd,104,1000.0,4100.0,0.5483,0.0
DK05_to_DB01#alt0,0,bwd,105,1000.0,4050.0,0.4746,0.0
DK05_to_DB01#alt0,0,bwd,106,1000.0,4000.0,0.5483,0.0
DK05_to_DB01#alt0,0,bwd,107,1000.0,3950.0,0.6241,0.0
DK05_to_DB01#alt0,0,bwd,108,1000.0,3900.0,0.7165,0.0
DB01_to_DK05#alt1,1,fwd,0,1000.0,3900.0,0.7165,0.0
DB01_to_DK05#alt1,1,fwd,1,950.0,3950.0,0.5903,0.0
DB01_to_DK05#alt1,1,fwd,2,900.0,4000.0,0.4746,0.0
DB01_to_DK05#alt1,1,fwd,3,850.0,4050.0,0.503,0.0
DB01_to_DK05#alt1,1,fwd,4,800.0,4083.33,0.5483,0.0
DB01_to_DK05#alt1,1,fwd,5,750.0,4083.33,0.4931,0.0
DB01_to_DK05#alt1,1,fwd,6,700.0,4083.33,0.503,0.0
DB01_to_DK05#alt1,1,fwd,7,650.0,4083.33,0.5134,0.0
DB01_to_DK05#alt1,1,fwd,8,600.0,4100.0,0.5134,0.0
DB01_to_DK05#alt1,1,fwd,9,550.0,4100.0,0.5134,0.0
DB01_to_DK05#alt1,1,fwd,10,500.0,4100.0,0.5134,0.0
DB01_to_DK05#alt1,1,fwd,11,450.0,4100.0,0.5134,0.0
DB01_to_DK05#alt1,1,fwd,12,400.0,4100.0,0.503,0.0
DB01_to_DK05#alt1,1,fwd,13,350.0,4116.67,0.4746,0.0
DB01_to_DK05#alt1,1,fwd,14,300.0,4150.0,0.4931,0.0
DB01_to_DK05#alt1,1,fwd,15,250.0,4200.0,0.4931,0.0
DB01_to_DK05#alt1,1,fwd,16,200.0,4250.0,0.4746,0.0
DB01_to_DK05#alt1,1,fwd,17,166.67,4300.0,0.4346,0.0
DB01_to_DK05#alt1,1,fwd,18,150.0,4350.0,0.4746,0.0
DB01_to_DK05#alt1,1,fwd,19,150.0,4400.0,0.503,0.0
DB01_to_DK05#alt1,1,fwd,20,150.0,4450.0,0.5134,0.0
DB01_to_DK05#alt1,1,fwd,21,150.0,4500.0,0.5134,0.0
DB01_to_DK05#alt1,1,fwd,22,150.0,4550.0,0.503,0.0
DB01_to_DK05#alt1,1,fwd,23,166.67,4600.0,0.4746,0.0
DB01_to_DK05#alt1,1,fwd,24,200.0,4650.0,0.4931,0.0
DB01_to_DK05#alt1,1,fwd,25,250.0,4700.0,0.4931,0.0
DB01_to_DK05#alt1,1,fwd,26,300.0,4750.0,0.4931,0.0
DB01_to_DK05#alt1,1,fwd,27,350.0,4800.0,0.4746,0.0
DB01_to_DK05#alt1,1,fwd,28,400.0,4833.33,0.4346,0.0
DB01_to_DK05#alt1,1,fwd,29,450.0,4850.0,0.4746,0.0
DB01_to_DK05#alt1,1,fwd,30,500.0,4850.0,0.503,0.0
DB01_to_DK05#alt1,1,fwd,31,550.0,4850.0,0.5134,0.0
DB01_to_DK05#alt1,1,fwd,32,600.0,4850.0,0.503,0.0
DB01_to_DK05#alt1,1,fwd,33,650.0,4850.0,0.4746,0.0
DB01_to_DK05#alt1,1,fwd,34,700.0,4850.0,0.4346,0.0
DB01_to_DK05#alt1,1,fwd,35,750.0,4850.0,0.4076,0.0
DB01_to_DK05#alt1,1,fwd,36,800.0,4850.0,0.3784,0.0
DB01_to_DK05#alt1,1,fwd,37,850.0,4850.0,0.344,0.0
DB01_to_DK05#alt1,1,fwd,38,900.0,4850.0,0.3077,0.0
DB01_to_DK05#alt1,1,fwd,39,950.0,4850.0,0.2721,0.0
DB01_to_DK05#alt1,1,fwd,40,1000.0,4850.0,0.2431,0.0
DB01_to_DK05#alt1,1,fwd,41,1050.0,4850.0,0.2252,0.0
DB01_to_DK05#alt1,1,fwd,42,1100.0,4850.0,0.2407,0.0
DB01_to_DK05#alt1,1,fwd,43,1150.0,4850.0,0.253,0.0
DB01_to_DK05#alt1,1,fwd,44,1200.0,4850.0,0.2609,0.0
DB01_to_DK05#alt1,1,fwd,45,1250.0,4850.0,0.2636,0.0
DB01_to_DK05#alt1,1,fwd,46,1300.0,4850.0,0.2636,0.0
DB01_to_DK05#alt1,1,fwd,47,1350.0,4850.0,0.2636,0.0
DB01_to_DK05#alt1,1,fwd,48,1400.0,4850.0,0.2636,0.0
DB01_to_DK05#alt1,1,fwd,49,1450.0,4850.0,0.2636,0.0
DB01_to_DK05#alt1,1,fwd,50,1500.0,4850.0,0.281,0.0
DB01_to_DK05#alt1,1,fwd,51,1550.0,4866.67,0.3269,0.0
DB01_to_DK05#alt1,1,fwd,52,1600.0,4900.0,0.344,0.0
DB01_to_DK05#alt1,1,fwd,53,1650.0,4933.33,0.344,0.0
DB01_to_DK05#alt1,1,fwd,54,1700.0,4950.0,0.3895,0.0
DB01_to_DK05#alt1,1,fwd,55,1750.0,4950.0,0.4346,0.0
DB01_to_DK05#alt1,1,fwd,56,1800.0,4950.0,0.4931,0.0
DB01_to_DK05#alt1,1,fwd,57,1850.0,4950.0,0.5483,0.0
DB01_to_DK05#alt1,1,fwd,58,1900.0,4950.0,0.6241,0.0
DB01_to_DK05#alt1,1,fwd,59,1950.0,4950.0,0.6889,0.0
DB01_to_DK05#alt1,1,fwd,60,2000.0,4950.0,0.7165,0.0
DB01_to_DK05#alt1,1,fwd,61,2050.0,4950.0,0.7165,0.0
DB01_to_DK05#alt1,1,fwd,62,2100.0,4950.0,0.6889,0.0
DB01_to_DK05#alt1,1,fwd,63,2150.0,4900.0,0.7165,0.0
DB01_to_DK05#alt1,1,fwd,64,2200.0,4900.0,0.6889,0.0
DB01_to_DK05#alt1,1,fwd,65,2250.0,4850.0,0.6889,0.0
DB01_to_DK05#alt1,1,fwd,66,2300.0,4800.0,0.6889,0.0
DB01_to_DK05#alt1,1,fwd,67,2350.0,4750.0,0.6065,0.0
DB01_to_DK05#alt1,1,fwd,68,2400.0,4700.0,0.5134,0.0
DB01_to_DK05#alt1,1,fwd,69,2450.0,4666.67,0.4346,0.0
DB01_to_DK05#alt1,1,fwd,70,2500.0,4650.0,0.3679,0.0
DB01_to_DK05#alt1,1,fwd,71,2550.0,4650.0,0.3114,0.0
DB01_to_DK05#alt1,1,fwd,72,2600.0,4650.0,0.3077,0.0
DB01_to_DK05#alt1,1,fwd,73,2650.0,4650.0,0.344,0.0
DB01_to_DK05#alt1,1,fwd,74,2700.0,4650.0,0.3784,0.0
DB01_to_DK05#alt1,1,fwd,75,2750.0,4650.0,0.4076,0.0
DB01_to_DK05#alt1,1,fwd,76,2800.0,4650.0,0.4346,0.0
DB01_to_DK05#alt1,1,fwd,77,2850.0,4650.0,0.4746,0.0
DB01_to_DK05#alt1,1,fwd,78,2900.0,4650.0,0.503,0.0
DB01_to_DK05#alt1,1,fwd,79,2950.0,4650.0,0.5134,0.0
DB01_to_DK05#alt1,1,fwd,80,3000.0,4650.0,0.5134,0.0
DB01_to_DK05#alt1,1,fwd,81,3050.0,4666.67,0.5134,0.0
DB01_to_DK05#alt1,1,fwd,82,3100.0,4700.0,0.4275,0.0
DB01_to_DK05#alt1,1,fwd,83,3150.0,4733.33,0.3485,0.0
DB01_to_DK05#alt1,1,fwd,84,3200.0,4750.0,0.3269,0.0
DB01_to_DK05#alt1,1,fwd,85,3250.0,4750.0,0.3006,0.0
DB01_to_DK05#alt1,1,fwd,86,3300.0,4750.0,0.281,0.0
DB01_to_DK05#alt1,1,fwd,87,3350.0,4750.0,0.2609,0.0
DB01_to_DK05#alt1,1,fwd,88,3400.0,4750.0,0.2384,0.0
DB01_to_DK05#alt1,1,fwd,89,3450.0,4750.0,0.2151,0.0
DB01_to_DK05#alt1,1,fwd,90,3500.0,4750.0,0.2231,0.0
DB01_to_DK05#alt1,1,fwd,91,3550.0,4750.0,0.2636,0.0
DB01_to_DK05#alt1,1,fwd,92,3600.0,4750.0,0.3114,0.0
DB01_to_DK05#alt1,1,fwd,93,3650.0,4733.33,0.3679,0.0
DB01_to_DK05#alt1,1,fwd,94,3700.0,4700.0,0.4275,0.0
DB01_to_DK05#alt1,1,fwd,95,3750.0,4666.67,0.4746,0.0
DB01_to_DK05#alt1,1,fwd,96,3800.0,4650.0,0.5483,0.0
DB01_to_DK05#alt1,1,fwd,97,3850.0,4650.0,0.6241,0.0
DB01_to_DK05#alt1,1,fwd,98,3900.0,4650.0,0.6889,0.0
DB01_to_DK05#alt1,1,fwd,99,3950.0,4633.33,0.7165,0.0
DB01_to_DK05#alt1,1,fwd,100,4000.0,4600.0,0.6065,0.0
DB01_to_DK05#alt1,1,fwd,101,4050.0,4566.67,0.503,0.0
DB01_to_DK05#alt1,1,fwd,102,4100.0,4550.0,0.4746,0.0
DB01_to_DK05#alt1,1,fwd,103,4150.0,4533.33,0.4346,0.0
DB01_to_DK05#alt1,1,fwd,104,4200.0,4500.0,0.344,0.0
DB01_to_DK05#alt1,1,fwd,105,4250.0,4450.0,0.2721,0.0
DB01_to_DK05#alt1,1,fwd,106,4300.0,4400.0,0.2151,0.0
DB01_to_DK05#alt1,1,fwd,107,4350.0,4350.0,0.17,0.0
DB01_to_DK05#alt1,1,fwd,108,4400.0,4316.67,0.1344,0.0
DB01_to_DK05#alt1,1,fwd,109,4450.0,4283.33,0.1199,0.0
DB01_to_DK05#alt1,1,fwd,110,4500.0,4250.0,0.1036,0.0
DB01_to_DK05#alt1,1,fwd,111,4550.0,4200.0,0.0987,0.0
DB01_to_DK05#alt1,1,fwd,112,4600.0,4150.0,0.092,0.0
DB01_to_DK05#alt1,1,fwd,113,4650.0,4100.0,0.0839,0.0
DB01_to_DK05#alt1,1,fwd,114,4700.0,4050.0,0.0752,0.0
DB01_to_DK05#alt1,1,fwd,115,4750.0,4000.0,0.0663,0.0
DB01_to_DK05#alt1,1,fwd,116,4800.0,3950.0,0.0577,0.0
DB01_to_DK05#alt1,1,fwd,117,4833.33,3900.0,0.0496,0.0
DB01_to_DK05#alt1,1,fwd,118,4850.0,3850.0,0.0507,0.0
DB01_to_DK05#alt1,1,fwd,119,4850.0,3800.0,0.0544,0.0
DB01_to_DK05#alt1,1,fwd,120,4850.0,3750.0,0.058,0.0
DB01_to_DK05#alt1,1,fwd,121,4866.67,3700.0,0.0612,0.0
DB01_to_DK05#alt1,1,fwd,122,4900.0,3650.0,0.0544,0.0
DB01_to_DK05#alt1,1,fwd,123,4933.33,3600.0,0.0478,0.0
DB01_to_DK05#alt1,1,fwd,124,4950.0,3550.0,0.0489,0.0
DB01_to_DK05#alt1,1,fwd,125,4950.0,3500.0,0.0496,0.0
DB01_to_DK05#alt1,1,fwd,126,4950.0,3450.0,0.0514,0.0
DB01_to_DK05#alt1,1,fwd,127,4950.0,3400.0,0.0568,0.0
DB01_to_DK05#alt1,1,fwd,128,4950.0,3350.0,0.0624,0.0
DB01_to_DK05#alt1,1,fwd,129,4950.0,3300.0,0.0681,0.0
DB01_to_DK05#alt1,1,fwd,130,4950.0,3250.0,0.0736,0.0
DB01_to_DK05#alt1,1,fwd,131,4950.0,3200.0,0.079,0.0
DB01_to_DK05#alt1,1,fwd,132,4950.0,3150.0,0.0854,0.0
DB01_to_DK05#alt1,1,fwd,133,4950.0,3100.0,0.092,0.0
DB01_to_DK05#alt1,1,fwd,134,4950.0,3050.0,0.0981,0.0
DB01_to_DK05#alt1,1,fwd,135,4950.0,3000.0,0.1036,0.0
DB01_to_DK05#alt1,1,fwd,136,4950.0,2950.0,0.1082,0.0
DB01_to_DK05#alt1,1,fwd,137,4950.0,2900.0,0.1117,0.0
DB01_to_DK05#alt1,1,fwd,138,4950.0,2850.0,0.1138,0.0
DB01_to_DK05#alt1,1,fwd,139,4950.0,2800.0,0.1146,0.0
DB01_to_DK05#alt1,1,fwd,140,4950.0,2750.0,0.1138,0.0
DB01_to_DK05#alt1,1,fwd,141,4950.0,2700.0,0.1117,0.0
DB01_to_DK05#alt1,1,fwd,142,4950.0,2650.0,0.1082,0.0
DB01_to_DK05#alt1,1,fwd,143,4950.0,2600.0,0.1036,0.0
DB01_to_DK05#alt1,1,fwd,144,4950.0,2550.0,0.0981,0.0
DB01_to_DK05#alt1,1,fwd,145,4950.0,2500.0,0.092,0.0
DB01_to_DK05#alt1,1,fwd,146,4950.0,2450.0,0.0854,0.0
DB01_to_DK05#alt1,1,fwd,147,4950.0,2400.0,0.079,0.0
DB01_to_DK05#alt1,1,fwd,148,4950.0,2350.0,0.0839,0.0
DB01_to_DK05#alt1,1,fwd,149,4950.0,2300.0,0.0947,0.0
DB01_to_DK05#alt1,1,fwd,150,4950.0,2250.0,0.1062,0.0
DK05_to_DB01#alt2,2,bwd,0,4950.0,2250.0,0.1062,0.0
DK05_to_DB01#alt2,2,bwd,1,4900.0,2200.0,0.1344,0.0
DK05_to_DB01#alt2,2,bwd,2,4866.67,2150.0,0.17,0.0
DK05_to_DB01#alt2,2,bwd,3,4850.0,2100.0,0.1889,0.0
DK05_to_DB01#alt2,2,bwd,4,4850.0,2050.0,0.2076,0.0
DK05_to_DB01#alt2,2,bwd,5,4850.0,2000.0,0.2252,0.0
DK05_to_DB01#alt2,2,bwd,6,4850.0,1950.0,0.2407,0.0
DK05_to_DB01#alt2,2,bwd,7,4850.0,1900.0,0.253,0.0
DK05_to_DB01#alt2,2,bwd,8,4850.0,1850.0,0.2609,0.0
DK05_to_DB01#alt2,2,bwd,9,4850.0,1800.0,0.2636,0.0
DK05_to_DB01#alt2,2,bwd,10,4850.0,1750.0,0.2636,0.0
DK05_to_DB01#alt2,2,bwd,11,4850.0,1700.0,0.2609,0.0
DK05_to_DB01#alt2,2,bwd,12,4850.0,1650.0,0.253,0.0
DK05_to_DB01#alt2,2,bwd,13,4850.0,1600.0,0.2407,0.0
DK05_to_DB01#alt2,2,bwd,14,4850.0,1550.0,0.2252,0.0
DK05_to_DB01#alt2,2,bwd,15,4850.0,1500.0,0.2076,0.0
DK05_to_DB01#alt2,2,bwd,16,4850.0,1450.0,0.1889,0.0
DK05_to_DB01#alt2,2,bwd,17,4850.0,1400.0,0.17,0.0
DK05_to_DB01#alt2,2,bwd,18,4850.0,1350.0,0.1517,0.0
DK05_to_DB01#alt2,2,bwd,19,4850.0,1300.0,0.1344,0.0
DK05_to_DB01#alt2,2,bwd,20,4850.0,1250.0,0.1199,0.0
DK05_to_DB01#alt2,2,bwd,21,4850.0,1200.0,0.1062,0.0
DK05_to_DB01#alt2,2,bwd,22,4850.0,1150.0,0.0936,0.0
DK05_to_DB01#alt2,2,bwd,23,4850.0,1100.0,0.0839,0.0
DK05_to_DB01#alt2,2,bwd,24,4850.0,1050.0,0.0947,0.0
DK05_to_DB01#alt2,2,bwd,25,4850.0,1000.0,0.1062,0.0
DK05_to_DB01#alt2,2,bwd,26,4850.0,950.0,0.1199,0.0
DK05_to_DB01#alt2,2,bwd,27,4850.0,900.0,0.1344,0.0
DK05_to_DB01#alt2,2,bwd,28,4850.0,850.0,0.1495,0.0
DK05_to_DB01#alt2,2,bwd,29,4850.0,800.0,0.1648,0.0
DK05_to_DB01#alt2,2,bwd,30,4850.0,750.0,0.1798,0.0
DK05_to_DB01#alt2,2,bwd,31,4850.0,700.0,0.1937,0.0
DK05_to_DB01#alt2,2,bwd,32,4850.0,650.0,0.2057,0.0
DK05_to_DB01#alt2,2,bwd,33,4850.0,600.0,0.2151,0.0
DK05_to_DB01#alt2,2,bwd,34,4833.33,550.0,0.2211,0.0
DK05_to_DB01#alt2,2,bwd,35,4800.0,500.0,0.2636,0.0
DK05_to_DB01#alt2,2,bwd,36,4750.0,450.0,0.3114,0.0
DK05_to_DB01#alt2,2,bwd,37,4716.67,400.0,0.3679,0.0
DK05_to_DB01#alt2,2,bwd,38,4700.0,350.0,0.3679,0.0
DK05_to_DB01#alt2,2,bwd,39,4683.33,300.0,0.3679,0.0
DK05_to_DB01#alt2,2,bwd,40,4650.0,250.0,0.4275,0.0
DK05_to_DB01#alt2,2,bwd,41,4600.0,200.0,0.4746,0.0
DK05_to_DB01#alt2,2,bwd,42,4550.0,150.0,0.4931,0.0
DK05_to_DB01#alt2,2,bwd,43,4500.0,100.0,0.4931,0.0
DK05_to_DB01#alt2,2,bwd,44,4450.0,66.67,0.4746,0.0
DK05_to_DB01#alt2,2,bwd,45,4400.0,50.0,0.503,0.0
DK05_to_DB01#alt2,2,bwd,46,4350.0,50.0,0.5134,0.0
DK05_to_DB01#alt2,2,bwd,47,4300.0,50.0,0.5134,0.0
DK05_to_DB01#alt2,2,bwd,48,4250.0,50.0,0.5134,0.0
DK05_to_DB01#alt2,2,bwd,49,4200.0,50.0,0.5134,0.0
DK05_to_DB01#alt2,2,bwd,50,4150.0,50.0,0.5134,0.0
DK05_to_DB01#alt2,2,bwd,51,4100.0,50.0,0.503,0.0
DK05_to_DB01#alt2,2,bwd,52,4050.0,50.0,0.4746,0.0
DK05_to_DB01#alt2,2,bwd,53,4000.0,50.0,0.4346,0.0
DK05_to_DB01#alt2,2,bwd,54,3950.0,50.0,0.3895,0.0
DK05_to_DB01#alt2,2,bwd,55,3900.0,50.0,0.344,0.0
DK05_to_DB01#alt2,2,bwd,56,3850.0,50.0,0.3077,0.0
DK05_to_DB01#alt2,2,bwd,57,3800.0,50.0,0.344,0.0
DK05_to_DB01#alt2,2,bwd,58,3750.0,50.0,0.3784,0.0
DK05_to_DB01#alt2,2,bwd,59,3700.0,50.0,0.4076,0.0
DK05_to_DB01#alt2,2,bwd,60,3650.0,50.0,0.4275,0.0
DK05_to_DB01#alt2,2,bwd,61,3600.0,50.0,0.4346,0.0
DK05_to_DB01#alt2,2,bwd,62,3550.0,50.0,0.4346,0.0
DK05_to_DB01#alt2,2,bwd,63,3500.0,50.0,0.4346,0.0
DK05_to_DB01#alt2,2,bwd,64,3450.0,50.0,0.4346,0.0
DK05_to_DB01#alt2,2,bwd,65,3400.0,50.0,0.4346,0.0
DK05_to_DB01#alt2,2,bwd,66,3350.0,50.0,0.4346,0.0
DK05_to_DB01#alt2,2,bwd,67,3300.0,50.0,0.4346,0.0
DK05_to_DB01#alt2,2,bwd,68,3250.0,50.0,0.4346,0.0
DK05_to_DB01#alt2,2,bwd,69,3200.0,50.0,0.4275,0.0
DK05_to_DB01#alt2,2,bwd,70,3150.0,50.0,0.4076,0.0
DK05_to_DB01#alt2,2,bwd,71,3100.0,50.0,0.3784,0.0
DK05_to_DB01#alt2,2,bwd,72,3050.0,50.0,0.344,0.0
DK05_to_DB01#alt2,2,bwd,73,3000.0,50.0,0.3077,0.0
DK05_to_DB01#alt2,2,bwd,74,2950.0,50.0,0.2721,0.0
DK05_to_DB01#alt2,2,bwd,75,2900.0,50.0,0.2384,0.0
DK05_to_DB01#alt2,2,bwd,76,2850.0,50.0,0.2076,0.0
DK05_to_DB01#alt2,2,bwd,77,2800.0,50.0,0.1798,0.0
DK05_to_DB01#alt2,2,bwd,78,2750.0,50.0,0.1551,0.0
DK05_to_DB01#alt2,2,bwd,79,2700.0,50.0,0.1335,0.0
DK05_to_DB01#alt2,2,bwd,80,2650.0,50.0,0.1146,0.0
DK05_to_DB01#alt2,2,bwd,81,2600.0,50.0,0.0981,0.0
DK05_to_DB01#alt2,2,bwd,82,2550.0,50.0,0.0839,0.0
DK05_to_DB01#alt2,2,bwd,83,2500.0,50.0,0.0717,0.0
DK05_to_DB01#alt2,2,bwd,84,2450.0,50.0,0.0612,0.0
DK05_to_DB01#alt2,2,bwd,85,2400.0,50.0,0.0522,0.0
DK05_to_DB01#alt2,2,bwd,86,2350.0,50.0,0.0444,0.0
DK05_to_DB01#alt2,2,bwd,87,2300.0,50.0,0.0378,0.0
DK05_to_DB01#alt2,2,bwd,88,2250.0,50.0,0.0322,0.0
DK05_to_DB01#alt2,2,bwd,89,2200.0,50.0,0.0274,0.0
DK05_to_DB01#alt2,2,bwd,90,2150.0,50.0,0.0233,0.0
DK05_to_DB01#alt2,2,bwd,91,2100.0,50.0,0.0198,0.0
DK05_to_DB01#alt2,2,bwd,92,2050.0,50.0,0.0168,0.0
DK05_to_DB01#alt2,2,bwd,93,2000.0,50.0,0.0143,0.0
DK05_to_DB01#alt2,2,bwd,94,1950.0,50.0,0.0121,0.0
DK05_to_DB01#alt2,2,bwd,95,1900.0,50.0,0.0133,0.0
DK05_to_DB01#alt2,2,bwd,96,1850.0,50.0,0.0153,0.0
DK05_to_DB01#alt2,2,bwd,97,1800.0,50.0,0.0178,0.0
DK05_to_DB01#alt2,2,bwd,98,1750.0,50.0,0.0205,0.0
DK05_to_DB01#alt2,2,bwd,99,1700.0,50.0,0.0236,0.0
DK05_to_DB01#alt2,2,bwd,100,1650.0,50.0,0.0272,0.0
DK05_to_DB01#alt2,2,bwd,101,1600.0,50.0,0.0312,0.0
DK05_to_DB01#alt2,2,bwd,102,1550.0,50.0,0.0357,0.0
DK05_to_DB01#alt2,2,bwd,103,1500.0,50.0,0.0407,0.0
DK05_to_DB01#alt2,2,bwd,104,1450.0,50.0,0.0467,0.0
DK05_to_DB01#alt2,2,bwd,105,1400.0,50.0,0.0544,0.0
DK05_to_DB01#alt2,2,bwd,106,1350.0,50.0,0.0634,0.0
DK05_to_DB01#alt2,2,bwd,107,1300.0,50.0,0.0736,0.0
DK05_to_DB01#alt2,2,bwd,108,1250.0,50.0,0.0854,0.0
DK05_to_DB01#alt2,2,bwd,109,1200.0,50.0,0.0987,0.0
DK05_to_DB01#alt2,2,bwd,110,1150.0,50.0,0.1146,0.0
DK05_to_DB01#alt2,2,bwd,111,1100.0,50.0,0.1335,0.0
DK05_to_DB01#alt2,2,bwd,112,1050.0,50.0,0.1551,0.0
DK05_to_DB01#alt2,2,bwd,113,1000.0,50.0,0.1798,0.0
DK05_to_DB01#alt2,2,bwd,114,950.0,50.0,0.2076,0.0
DK05_to_DB01#alt2,2,bwd,115,900.0,50.0,0.2384,0.0
DK05_to_DB01#alt2,2,bwd,116,850.0,50.0,0.2721,0.0
DK05_to_DB01#alt2,2,bwd,117,800.0,50.0,0.3077,0.0
DK05_to_DB01#alt2,2,bwd,118,750.0,50.0,0.344,0.0
DK05_to_DB01#alt2,2,bwd,119,700.0,50.0,0.3895,0.0
DK05_to_DB01#alt2,2,bwd,120,650.0,50.0,0.4346,0.0
DK05_to_DB01#alt2,2,bwd,121,600.0,50.0,0.4746,0.0
DK05_to_DB01#alt2,2,bwd,122,550.0,50.0,0.503,0.0
DK05_to_DB01#alt2,2,bwd,123,500.0,50.0,0.5134,0.0
DK05_to_DB01#alt2,2,bwd,124,450.0,50.0,0.5134,0.0
DK05_to_DB01#alt2,2,bwd,125,400.0,50.0,0.5134,0.0
DK05_to_DB01#alt2,2,bwd,126,350.0,50.0,0.5134,0.0
DK05_to_DB01#alt2,2,bwd,127,300.0,50.0,0.5134,0.0
DK05_to_DB01#alt2,2,bwd,128,250.0,50.0,0.5134,0.0
DK05_to_DB01#alt2,2,bwd,129,200.0,50.0,0.503,0.0
DK05_to_DB01#alt2,2,bwd,130,150.0,66.67,0.4746,0.0
DK05_to_DB01#alt2,2,bwd,131,100.0,100.0,0.4931,0.0
DK05_to_DB01#alt2,2,bwd,132,66.67,150.0,0.4931,0.0
DK05_to_DB01#alt2,2,bwd,133,50.0,200.0,0.5483,0.0
DK05_to_DB01#alt2,2,bwd,134,50.0,250.0,0.5903,0.0
DK05_to_DB01#alt2,2,bwd,135,50.0,300.0,0.6241,0.0
DK05_to_DB01#alt2,2,bwd,136,50.0,350.0,0.6889,0.0
DK05_to_DB01#alt2,2,bwd,137,50.0,400.0,0.7165,0.0
DK05_to_DB01#alt2,2,bwd,138,50.0,450.0,0.7165,0.0
DK05_to_DB01#alt2,2,bwd,139,50.0,500.0,0.7165,0.0
DK05_to_DB01#alt2,2,bwd,140,66.67,550.0,0.6889,0.0
DK05_to_DB01#alt2,2,bwd,141,100.0,600.0,0.6889,0.0
DK05_to_DB01#alt2,2,bwd,142,133.33,650.0,0.6889,0.0
DK05_to_DB01#alt2,2,bwd,143,133.33,700.0,0.6241,0.0
DK05_to_DB01#alt2,2,bwd,144,100.0,750.0,0.4931,0.0
DK05_to_DB01#alt2,2,bwd,145,66.67,800.0,0.3895,0.0
DK05_to_DB01#alt2,2,bwd,146,50.0,850.0,0.344,0.0
DK05_to_DB01#alt2,2,bwd,147,50.0,900.0,0.3077,0.0
DK05_to_DB01#alt2,2,bwd,148,50.0,950.0,0.2721,0.0
DK05_to_DB01#alt2,2,bwd,149,50.0,1000.0,0.2384,0.0
DK05_to_DB01#alt2,2,bwd,150,50.0,1050.0,0.2076,0.0
DK05_to_DB01#alt2,2,bwd,151,50.0,1100.0,0.1798,0.0
DK05_to_DB01#alt2,2,bwd,152,50.0,1150.0,0.1551,0.0
DK05_to_DB01#alt2,2,bwd,153,50.0,1200.0,0.1335,0.0
DK05_to_DB01#alt2,2,bwd,154,50.0,1250.0,0.1146,0.0
DK05_to_DB01#alt2,2,bwd,155,50.0,1300.0,0.0981,0.0
DK05_to_DB01#alt2,2,bwd,156,50.0,1350.0,0.0839,0.0
DK05_to_DB01#alt2,2,bwd,157,50.0,1400.0,0.0717,0.0
DK05_to_DB01#alt2,2,bwd,158,50.0,1450.0,0.0612,0.0
DK05_to_DB01#alt2,2,bwd,159,50.0,1500.0,0.0563,0.0
DK05_to_DB01#alt2,2,bwd,160,50.0,1550.0,0.0577,0.0
DK05_to_DB01#alt2,2,bwd,161,50.0,1600.0,0.0585,0.0
DK05_to_DB01#alt2,2,bwd,162,50.0,1650.0,0.0588,0.0
DK05_to_DB01#alt2,2,bwd,163,50.0,1700.0,0.0585,0.0
DK05_to_DB01#alt2,2,bwd,164,50.0,1750.0,0.0577,0.0
DK05_to_DB01#alt2,2,bwd,165,50.0,1800.0,0.0563,0.0
DK05_to_DB01#alt2,2,bwd,166,50.0,1850.0,0.0544,0.0
DK05_to_DB01#alt2,2,bwd,167,50.0,1900.0,0.0522,0.0
DK05_to_DB01#alt2,2,bwd,168,50.0,1950.0,0.0496,0.0
DK05_to_DB01#alt2,2,bwd,169,50.0,2000.0,0.0467,0.0
DK05_to_DB01#alt2,2,bwd,170,50.0,2050.0,0.0437,0.0
DK05_to_DB01#alt2,2,bwd,171,50.0,2100.0,0.0405,0.0
DK05_to_DB01#alt2,2,bwd,172,50.0,2150.0,0.0374,0.0
DK05_to_DB01#alt2,2,bwd,173,50.0,2200.0,0.0342,0.0
DK05_to_DB01#alt2,2,bwd,174,50.0,2250.0,0.0312,0.0
DK05_to_DB01#alt2,2,bwd,175,50.0,2300.0,0.0282,0.0
DK05_to_DB01#alt2,2,bwd,176,50.0,2350.0,0.0255,0.0
DK05_to_DB01#alt2,2,bwd,177,50.0,2400.0,0.0229,0.0
DK05_to_DB01#alt2,2,bwd,178,50.0,2450.0,0.0204,0.0
DK05_to_DB01#alt2,2,bwd,179,50.0,2500.0,0.0201,0.0
DK05_to_DB01#alt2,2,bwd,180,50.0,2550.0,0.0224,0.0
DK05_to_DB01#alt2,2,bwd,181,50.0,2600.0,0.0247,0.0
DK05_to_DB01#alt2,2,bwd,182,50.0,2650.0,0.0272,0.0
DK05_to_DB01#alt2,2,bwd,183,50.0,2700.0,0.0297,0.0
DK05_to_DB01#alt2,2,bwd,184,50.0,2750.0,0.0323,0.0
DK05_to_DB01#alt2,2,bwd,185,50.0,2800.0,0.0349,0.0
DK05_to_DB01#alt2,2,bwd,186,50.0,2850.0,0.0375,0.0
DK05_to_DB01#alt2,2,bwd,187,50.0,2900.0,0.0405,0.0
DK05_to_DB01#alt2,2,bwd,188,50.0,2950.0,0.0437,0.0
DK05_to_DB01#alt2,2,bwd,189,50.0,3000.0,0.0467,0.0
DK05_to_DB01#alt2,2,bwd,190,50.0,3050.0,0.0496,0.0
DK05_to_DB01#alt2,2,bwd,191,50.0,3100.0,0.0522,0.0
DK05_to_DB01#alt2,2,bwd,192,50.0,3150.0,0.0544,0.0
DK05_to_DB01#alt2,2,bwd,193,50.0,3200.0,0.058,0.0
DK05_to_DB01#alt2,2,bwd,194,50.0,3250.0,0.0612,0.0
DK05_to_DB01#alt2,2,bwd,195,50.0,3300.0,0.064,0.0
DK05_to_DB01#alt2,2,bwd,196,50.0,3350.0,0.0663,0.0
DK05_to_DB01#alt2,2,bwd,197,66.67,3400.0,0.0681,0.0
DK05_to_DB01#alt2,2,bwd,198,100.0,3450.0,0.0816,0.0
DK05_to_DB01#alt2,2,bwd,199,133.33,3500.0,0.097,0.0
DK05_to_DB01#alt2,2,bwd,200,166.67,3550.0,0.0964,0.0
DK05_to_DB01#alt2,2,bwd,201,200.0,3600.0,0.1117,0.0
DK05_to_DB01#alt2,2,bwd,202,250.0,3650.0,0.1273,0.0
DK05_to_DB01#alt2,2,bwd,203,300.0,3700.0,0.1422,0.0
DK05_to_DB01#alt2,2,bwd,204,350.0,3750.0,0.1551,0.0
DK05_to_DB01#alt2,2,bwd,205,400.0,3800.0,0.1873,0.0
DK05_to_DB01#alt2,2,bwd,206,450.0,3850.0,0.2231,0.0
DK05_to_DB01#alt2,2,bwd,207,500.0,3883.33,0.2636,0.0
DK05_to_DB01#alt2,2,bwd,208,550.0,3900.0,0.2636,0.0
DK05_to_DB01#alt2,2,bwd,209,600.0,3900.0,0.281,0.0
DK05_to_DB01#alt2,2,bwd,210,650.0,3900.0,0.3269,0.0
DK05_to_DB01#alt2,2,bwd,211,700.0,3900.0,0.3784,0.0
DK05_to_DB01#alt2,2,bwd,212,750.0,3900.0,0.4346,0.0
DK05_to_DB01#alt2,2,bwd,213,800.0,3900.0,0.4931,0.0
DK05_to_DB01#alt2,2,bwd,214,850.0,3900.0,0.5483,0.0
DK05_to_DB01#alt2,2,bwd,215,900.0,3900.0,0.6241,0.0
DK05_to_DB01#alt2,2,bwd,216,950.0,3900.0,0.6889,0.0
DK05_to_DB01#alt2,2,bwd,217,1000.0,3900.0,0.7165,0.0
DB01_to_DK05#alt3,3,fwd,0,1000.0,3900.0,0.7165,0.0
DB01_to_DK05#alt3,3,fwd,1,950.0,3950.0,0.5903,0.0
DB01_to_DK05#alt3,3,fwd,2,900.0,3983.33,0.4746,0.0
DB01_to_DK05#alt3,3,fwd,3,850.0,4000.0,0.4346,0.0
DB01_to_DK05#alt3,3,fwd,4,800.0,4000.0,0.4076,0.0
DB01_to_DK05#alt3,3,fwd,5,750.0,4000.0,0.3784,0.0
DB01_to_DK05#alt3,3,fwd,6,700.0,4000.0,0.3628,0.0
DB01_to_DK05#alt3,3,fwd,7,650.0,4000.0,0.3679,0.0
DB01_to_DK05#alt3,3,fwd,8,600.0,4000.0,0.3679,0.0
DB01_to_DK05#alt3,3,fwd,9,550.0,4000.0,0.3679,0.0
DB01_to_DK05#alt3,3,fwd,10,500.0,4000.0,0.3679,0.0
DB01_to_DK05#alt3,3,fwd,11,450.0,3983.33,0.3679,0.0
DB01_to_DK05#alt3,3,fwd,12,400.0,3950.0,0.3077,0.0
DB01_to_DK05#alt3,3,fwd,13,350.0,3900.0,0.253,0.0
DB01_to_DK05#alt3,3,fwd,14,300.0,3850.0,0.2057,0.0
DB01_to_DK05#alt3,3,fwd,15,250.0,3800.0,0.1661,0.0
DB01_to_DK05#alt3,3,fwd,16,200.0,3750.0,0.1335,0.0
DB01_to_DK05#alt3,3,fwd,17,183.33,3700.0,0.1146,0.0
DB01_to_DK05#alt3,3,fwd,18,183.33,3650.0,0.1082,0.0
DB01_to_DK05#alt3,3,fwd,19,200.0,3600.0,0.1117,0.0
DB01_to_DK05#alt3,3,fwd,20,200.0,3550.0,0.1138,0.0
DB01_to_DK05#alt3,3,fwd,21,216.67,3500.0,0.1146,0.0
DB01_to_DK05#alt3,3,fwd,22,233.33,3450.0,0.1344,0.0
DB01_to_DK05#alt3,3,fwd,23,250.0,3400.0,0.1317,0.0
DB01_to_DK05#alt3,3,fwd,24,250.0,3350.0,0.1273,0.0
DB01_to_DK05#alt3,3,fwd,25,266.67,3300.0,0.1215,0.0
DB01_to_DK05#alt3,3,fwd,26,283.33,3250.0,0.1335,0.0
DB01_to_DK05#alt3,3,fwd,27,300.0,3200.0,0.1273,0.0
DB01_to_DK05#alt3,3,fwd,28,300.0,3150.0,0.1215,0.0
DB01_to_DK05#alt3,3,fwd,29,300.0,3100.0,0.1146,0.0
DB01_to_DK05#alt3,3,fwd,30,300.0,3050.0,0.1069,0.0
DB01_to_DK05#alt3,3,fwd,31,300.0,3000.0,0.0987,0.0
DB01_to_DK05#alt3,3,fwd,32,300.0,2950.0,0.092,0.0
DB01_to_DK05#alt3,3,fwd,33,283.33,2900.0,0.0854,0.0
DB01_to_DK05#alt3,3,fwd,34,250.0,2850.0,0.0681,0.0
DB01_to_DK05#alt3,3,fwd,35,216.67,2800.0,0.0542,0.0
DB01_to_DK05#alt3,3,fwd,36,200.0,2750.0,0.0496,0.0
DB01_to_DK05#alt3,3,fwd,37,200.0,2700.0,0.045,0.0
DB01_to_DK05#alt3,3,fwd,38,200.0,2650.0,0.0407,0.0
DB01_to_DK05#alt3,3,fwd,39,200.0,2600.0,0.0366,0.0
DB01_to_DK05#alt3,3,fwd,40,200.0,2550.0,0.0327,0.0
DB01_to_DK05#alt3,3,fwd,41,200.0,2500.0,0.0291,0.0
DB01_to_DK05#alt3,3,fwd,42,200.0,2450.0,0.0291,0.0
DB01_to_DK05#alt3,3,fwd,43,200.0,2400.0,0.0327,0.0
DB01_to_DK05#alt3,3,fwd,44,200.0,2350.0,0.0369,0.0
DB01_to_DK05#alt3,3,fwd,45,200.0,2300.0,0.0414,0.0
DB01_to_DK05#alt3,3,fwd,46,200.0,2250.0,0.0463,0.0
DB01_to_DK05#alt3,3,fwd,47,200.0,2200.0,0.0514,0.0
DB01_to_DK05#alt3,3,fwd,48,200.0,2150.0,0.0568,0.0
DB01_to_DK05#alt3,3,fwd,49,200.0,2100.0,0.0624,0.0
DB01_to_DK05#alt3,3,fwd,50,200.0,2050.0,0.0681,0.0
DB01_to_DK05#alt3,3,fwd,51,200.0,2000.0,0.0736,0.0
DB01_to_DK05#alt3,3,fwd,52,200.0,1950.0,0.079,0.0
DB01_to_DK05#alt3,3,fwd,53,200.0,1900.0,0.0839,0.0
DB01_to_DK05#alt3,3,fwd,54,200.0,1850.0,0.0883,0.0
DB01_to_DK05#alt3,3,fwd,55,200.0,1800.0,0.092,0.0
DB01_to_DK05#alt3,3,fwd,56,200.0,1750.0,0.0947,0.0
DB01_to_DK05#alt3,3,fwd,57,200.0,1700.0,0.0964,0.0
DB01_to_DK05#alt3,3,fwd,58,200.0,1650.0,0.097,0.0
DB01_to_DK05#alt3,3,fwd,59,200.0,1600.0,0.0964,0.0
DB01_to_DK05#alt3,3,fwd,60,200.0,1550.0,0.0947,0.0
DB01_to_DK05#alt3,3,fwd,61,216.67,1500.0,0.092,0.0
DB01_to_DK05#alt3,3,fwd,62,233.33,1450.0,0.1036,0.0
DB01_to_DK05#alt3,3,fwd,63,266.67,1400.0,0.0981,0.0
DB01_to_DK05#alt3,3,fwd,64,283.33,1350.0,0.1069,0.0
DB01_to_DK05#alt3,3,fwd,65,316.67,1300.0,0.1146,0.0
DB01_to_DK05#alt3,3,fwd,66,333.33,1250.0,0.1353,0.0
DB01_to_DK05#alt3,3,fwd,67,350.0,1200.0,0.1599,0.0
DB01_to_DK05#alt3,3,fwd,68,350.0,1150.0,0.1889,0.0
DB01_to_DK05#alt3,3,fwd,69,366.67,1100.0,0.2231,0.0
DB01_to_DK05#alt3,3,fwd,70,400.0,1050.0,0.2636,0.0
DB01_to_DK05#alt3,3,fwd,71,450.0,1000.0,0.3114,0.0
DB01_to_DK05#alt3,3,fwd,72,500.0,950.0,0.3628,0.0
DB01_to_DK05#alt3,3,fwd,73,550.0,900.0,0.4346,0.0
DB01_to_DK05#alt3,3,fwd,74,600.0,850.0,0.5483,0.0
DB01_to_DK05#alt3,3,fwd,75,650.0,816.67,0.6889,0.0
DB01_to_DK05#alt3,3,fwd,76,700.0,800.0,0.7165,0.0
DB01_to_DK05#alt3,3,fwd,77,750.0,800.0,0.7165,0.0
DB01_to_DK05#alt3,3,fwd,78,800.0,800.0,0.6889,0.0
DB01_to_DK05#alt3,3,fwd,79,850.0,750.0,0.6889,0.0
DB01_to_DK05#alt3,3,fwd,80,850.0,700.0,0.7165,0.0
DB01_to_DK05#alt3,3,fwd,81,850.0,650.0,0.7165,0.0
DB01_to_DK05#alt3,3,fwd,82,850.0,600.0,0.6889,0.0
DB01_to_DK05#alt3,3,fwd,83,800.0,550.0,0.6889,0.0
DB01_to_DK05#alt3,3,fwd,84,750.0,500.0,0.6065,0.0
DB01_to_DK05#alt3,3,fwd,85,716.67,450.0,0.7165,0.0
DB01_to_DK05#alt3,3,fwd,86,716.67,400.0,0.7165,0.0
DB01_to_DK05#alt3,3,fwd,87,750.0,350.0,0.5903,0.0
DB01_to_DK05#alt3,3,fwd,88,800.0,300.0,0.4746,0.0
DB01_to_DK05#alt3,3,fwd,89,850.0,250.0,0.3784,0.0
DB01_to_DK05#alt3,3,fwd,90,900.0,200.0,0.3006,0.0
DB01_to_DK05#alt3,3,fwd,91,950.0,166.67,0.2407,0.0
DB01_to_DK05#alt3,3,fwd,92,1000.0,150.0,0.2076,0.0
DB01_to_DK05#alt3,3,fwd,93,1050.0,150.0,0.1798,0.0
DB01_to_DK05#alt3,3,fwd,94,1100.0,166.67,0.1551,0.0
DB01_to_DK05#alt3,3,fwd,95,1150.0,166.67,0.1335,0.0
DB01_to_DK05#alt3,3,fwd,96,1200.0,183.33,0.1215,0.0
DB01_to_DK05#alt3,3,fwd,97,1250.0,183.33,0.1062,0.0
DB01_to_DK05#alt3,3,fwd,98,1300.0,200.0,0.0936,0.0
DB01_to_DK05#alt3,3,fwd,99,1350.0,200.0,0.0821,0.0
DB01_to_DK05#alt3,3,fwd,100,1400.0,200.0,0.0717,0.0
DB01_to_DK05#alt3,3,fwd,101,1450.0,200.0,0.0624,0.0
DB01_to_DK05#alt3,3,fwd,102,1500.0,183.33,0.0542,0.0
DB01_to_DK05#alt3,3,fwd,103,1550.0,183.33,0.0469,0.0
DB01_to_DK05#alt3,3,fwd,104,1600.0,166.67,0.0374,0.0
DB01_to_DK05#alt3,3,fwd,105,1650.0,166.67,0.0323,0.0
DB01_to_DK05#alt3,3,fwd,106,1700.0,150.0,0.0279,0.0
DB01_to_DK05#alt3,3,fwd,107,1750.0,150.0,0.0241,0.0
DB01_to_DK05#alt3,3,fwd,108,1800.0,150.0,0.0207,0.0
DB01_to_DK05#alt3,3,fwd,109,1850.0,150.0,0.0178,0.0
DB01_to_DK05#alt3,3,fwd,110,1900.0,150.0,0.0153,0.0
DB01_to_DK05#alt3,3,fwd,111,1950.0,150.0,0.0131,0.0
DB01_to_DK05#alt3,3,fwd,112,2000.0,133.33,0.015,0.0
DB01_to_DK05#alt3,3,fwd,113,2050.0,100.0,0.0173,0.0
DB01_to_DK05#alt3,3,fwd,114,2100.0,66.67,0.0198,0.0
DB01_to_DK05#alt3,3,fwd,115,2150.0,50.0,0.0233,0.0
DB01_to_DK05#alt3,3,fwd,116,2200.0,50.0,0.0274,0.0
DB01_to_DK05#alt3,3,fwd,117,2250.0,66.67,0.0322,0.0
DB01_to_DK05#alt3,3,fwd,118,2300.0,100.0,0.0393,0.0
DB01_to_DK05#alt3,3,fwd,119,2350.0,133.33,0.0478,0.0
DB01_to_DK05#alt3,3,fwd,120,2400.0,150.0,0.0563,0.0
DB01_to_DK05#alt3,3,fwd,121,2450.0,150.0,0.0663,0.0
DB01_to_DK05#alt3,3,fwd,122,2500.0,150.0,0.0781,0.0
DB01_to_DK05#alt3,3,fwd,123,2550.0,150.0,0.092,0.0
DB01_to_DK05#alt3,3,fwd,124,2600.0,150.0,0.1082,0.0
DB01_to_DK05#alt3,3,fwd,125,2650.0,150.0,0.1273,0.0
DB01_to_DK05#alt3,3,fwd,126,2700.0,150.0,0.1495,0.0
DB01_to_DK05#alt3,3,fwd,127,2750.0,150.0,0.1755,0.0
DB01_to_DK05#alt3,3,fwd,128,2800.0,150.0,0.2057,0.0
DB01_to_DK05#alt3,3,fwd,129,2850.0,150.0,0.2407,0.0
DB01_to_DK05#alt3,3,fwd,130,2900.0,150.0,0.281,0.0
DB01_to_DK05#alt3,3,fwd,131,2950.0,150.0,0.3269,0.0
DB01_to_DK05#alt3,3,fwd,132,3000.0,166.67,0.3784,0.0
DB01_to_DK05#alt3,3,fwd,133,3050.0,183.33,0.4746,0.0
DB01_to_DK05#alt3,3,fwd,134,3100.0,200.0,0.5483,0.0
DB01_to_DK05#alt3,3,fwd,135,3150.0,200.0,0.6241,0.0
DB01_to_DK05#alt3,3,fwd,136,3200.0,200.0,0.6889,0.0
DB01_to_DK05#alt3,3,fwd,137,3250.0,200.0,0.7165,0.0
DB01_to_DK05#alt3,3,fwd,138,3300.0,200.0,0.7165,0.0
DB01_to_DK05#alt3,3,fwd,139,3350.0,200.0,0.7165,0.0
DB01_to_DK05#alt3,3,fwd,140,3400.0,200.0,0.7165,0.0
DB01_to_DK05#alt3,3,fwd,141,3450.0,200.0,0.7165,0.0
DB01_to_DK05#alt3,3,fwd,142,3500.0,200.0,0.7165,0.0
DB01_to_DK05#alt3,3,fwd,143,3550.0,200.0,0.7165,0.0
DB01_to_DK05#alt3,3,fwd,144,3600.0,183.33,0.7165,0.0
DB01_to_DK05#alt3,3,fwd,145,3650.0,166.67,0.5903,0.0
DB01_to_DK05#alt3,3,fwd,146,3700.0,150.0,0.5483,0.0
DB01_to_DK05#alt3,3,fwd,147,3750.0,150.0,0.4931,0.0
DB01_to_DK05#alt3,3,fwd,148,3800.0,150.0,0.4346,0.0
DB01_to_DK05#alt3,3,fwd,149,3850.0,150.0,0.3895,0.0
DB01_to_DK05#alt3,3,fwd,150,3900.0,150.0,0.4346,0.0
DB01_to_DK05#alt3,3,fwd,151,3950.0,150.0,0.4931,0.0
DB01_to_DK05#alt3,3,fwd,152,4000.0,150.0,0.5483,0.0
DB01_to_DK05#alt3,3,fwd,153,4050.0,150.0,0.6241,0.0
DB01_to_DK05#alt3,3,fwd,154,4100.0,150.0,0.6889,0.0
DB01_to_DK05#alt3,3,fwd,155,4150.0,150.0,0.7165,0.0
DB01_to_DK05#alt3,3,fwd,156,4200.0,150.0,0.7165,0.0
DB01_to_DK05#alt3,3,fwd,157,4250.0,150.0,0.7165,0.0
DB01_to_DK05#alt3,3,fwd,158,4300.0,150.0,0.7165,0.0
DB01_to_DK05#alt3,3,fwd,159,4350.0,150.0,0.7165,0.0
DB01_to_DK05#alt3,3,fwd,160,4400.0,150.0,0.6889,0.0
DB01_to_DK05#alt3,3,fwd,161,4450.0,200.0,0.6889,0.0
DB01_to_DK05#alt3,3,fwd,162,4500.0,250.0,0.6889,0.0
DB01_to_DK05#alt3,3,fwd,163,4550.0,300.0,0.6065,0.0
DB01_to_DK05#alt3,3,fwd,164,4600.0,350.0,0.5134,0.0
DB01_to_DK05#alt3,3,fwd,165,4650.0,400.0,0.4346,0.0
DB01_to_DK05#alt3,3,fwd,166,4700.0,450.0,0.3679,0.0
DB01_to_DK05#alt3,3,fwd,167,4750.0,500.0,0.3114,0.0
DB01_to_DK05#alt3,3,fwd,168,4800.0,550.0,0.2609,0.0
DB01_to_DK05#alt3,3,fwd,169,4850.0,600.0,0.2151,0.0
DB01_to_DK05#alt3,3,fwd,170,4900.0,650.0,0.1755,0.0
DB01_to_DK05#alt3,3,fwd,171,4933.33,700.0,0.1422,0.0
DB01_to_DK05#alt3,3,fwd,172,4950.0,750.0,0.1335,0.0
DB01_to_DK05#alt3,3,fwd,173,4950.0,800.0,0.1239,0.0
DB01_to_DK05#alt3,3,fwd,174,4950.0,850.0,0.1138,0.0
DB01_to_DK05#alt3,3,fwd,175,4950.0,900.0,0.1036,0.0
DB01_to_DK05#alt3,3,fwd,176,4950.0,950.0,0.0936,0.0
DB01_to_DK05#alt3,3,fwd,177,4950.0,1000.0,0.0839,0.0
DB01_to_DK05#alt3,3,fwd,178,4950.0,1050.0,0.0748,0.0
DB01_to_DK05#alt3,3,fwd,179,4950.0,1100.0,0.0663,0.0
DB01_to_DK05#alt3,3,fwd,180,4950.0,1150.0,0.0748,0.0
DB01_to_DK05#alt3,3,fwd,181,4950.0,1200.0,0.0839,0.0
DB01_to_DK05#alt3,3,fwd,182,4950.0,1250.0,0.0947,0.0
DB01_to_DK05#alt3,3,fwd,183,4950.0,1300.0,0.1062,0.0
DB01_to_DK05#alt3,3,fwd,184,4950.0,1350.0,0.1183,0.0
DB01_to_DK05#alt3,3,fwd,185,4950.0,1400.0,0.1308,0.0
DB01_to_DK05#alt3,3,fwd,186,4950.0,1450.0,0.1432,0.0
DB01_to_DK05#alt3,3,fwd,187,4950.0,1500.0,0.1551,0.0
DB01_to_DK05#alt3,3,fwd,188,4950.0,1550.0,0.1661,0.0
DB01_to_DK05#alt3,3,fwd,189,4950.0,1600.0,0.1755,0.0
DB01_to_DK05#alt3,3,fwd,190,4950.0,1650.0,0.1827,0.0
DB01_to_DK05#alt3,3,fwd,191,4950.0,1700.0,0.1873,0.0
DB01_to_DK05#alt3,3,fwd,192,4950.0,1750.0,0.1889,0.0
DB01_to_DK05#alt3,3,fwd,193,4950.0,1800.0,0.1889,0.0
DB01_to_DK05#alt3,3,fwd,194,4950.0,1850.0,0.1873,0.0
DB01_to_DK05#alt3,3,fwd,195,4950.0,1900.0,0.1827,0.0
DB01_to_DK05#alt3,3,fwd,196,4950.0,1950.0,0.1755,0.0
DB01_to_DK05#alt3,3,fwd,197,4950.0,2000.0,0.1661,0.0
DB01_to_DK05#alt3,3,fwd,198,4950.0,2050.0,0.1551,0.0
DB01_to_DK05#alt3,3,fwd,199,4950.0,2100.0,0.1432,0.0
DB01_to_DK05#alt3,3,fwd,200,4950.0,2150.0,0.1308,0.0
DB01_to_DK05#alt3,3,fwd,201,4950.0,2200.0,0.1183,0.0
DB01_to_DK05#alt3,3,fwd,202,4950.0,2250.0,0.1062,0.0
DK05_to_DB01#alt3,3,bwd,0,4950.0,2250.0,0.1062,0.0
DK05_to_DB01#alt3,3,bwd,1,4900.0,2200.0,0.1344,0.0
DK05_to_DB01#alt3,3,bwd,2,4850.0,2166.67,0.17,0.0
DK05_to_DB01#alt3,3,bwd,3,4800.0,2150.0,0.1921,0.0
DK05_to_DB01#alt3,3,bwd,4,4750.0,2150.0,0.2151,0.0
DK05_to_DB01#alt3,3,bwd,5,4700.0,2133.33,0.2431,0.0
DK05_to_DB01#alt3,3,bwd,6,4650.0,2100.0,0.3077,0.0
DK05_to_DB01#alt3,3,bwd,7,4600.0,2050.0,0.3895,0.0
DK05_to_DB01#alt3,3,bwd,8,4550.0,2016.67,0.4931,0.0
DK05_to_DB01#alt3,3,bwd,9,4500.0,2000.0,0.5483,0.0
DK05_to_DB01#alt3,3,bwd,10,4450.0,2000.0,0.5903,0.0
DK05_to_DB01#alt3,3,bwd,11,4400.0,2000.0,0.6065,0.0
DK05_to_DB01#alt3,3,bwd,12,4350.0,2000.0,0.6065,0.0
DK05_to_DB01#alt3,3,bwd,13,4300.0,2000.0,0.6065,0.0
DK05_to_DB01#alt3,3,bwd,14,4250.0,2000.0,0.5903,0.0
DK05_to_DB01#alt3,3,bwd,15,4200.0,2000.0,0.5483,0.0
DK05_to_DB01#alt3,3,bwd,16,4150.0,1983.33,0.4931,0.0
DK05_to_DB01#alt3,3,bwd,17,4100.0,1950.0,0.4931,0.0
DK05_to_DB01#alt3,3,bwd,18,4050.0,1900.0,0.4746,0.0
DK05_to_DB01#alt3,3,bwd,19,4000.0,1866.67,0.4275,0.0
DK05_to_DB01#alt3,3,bwd,20,3950.0,1833.33,0.3628,0.0
DK05_to_DB01#alt3,3,bwd,21,3900.0,1800.0,0.3114,0.0
DK05_to_DB01#alt3,3,bwd,22,3850.0,1750.0,0.2636,0.0
DK05_to_DB01#alt3,3,bwd,23,3800.0,1700.0,0.2211,0.0
DK05_to_DB01#alt3,3,bwd,24,3750.0,1683.33,0.1873,0.0
DK05_to_DB01#alt3,3,bwd,25,3700.0,1683.33,0.1587,0.0
DK05_to_DB01#alt3,3,bwd,26,3650.0,1683.33,0.1344,0.0
DK05_to_DB01#alt3,3,bwd,27,3600.0,1683.33,0.1138,0.0
DK05_to_DB01#alt3,3,bwd,28,3550.0,1683.33,0.1146,0.0
DK05_to_DB01#alt3,3,bwd,29,3500.0,1683.33,0.1335,0.0
DK05_to_DB01#alt3,3,bwd,30,3450.0,1666.67,0.1661,0.0
DK05_to_DB01#alt3,3,bwd,31,3400.0,1666.67,0.1937,0.0
DK05_to_DB01#alt3,3,bwd,32,3350.0,1700.0,0.2076,0.0
DK05_to_DB01#alt3,3,bwd,33,3300.0,1750.0,0.2151,0.0
DK05_to_DB01#alt3,3,bwd,34,3250.0,1766.67,0.2431,0.0
DK05_to_DB01#alt3,3,bwd,35,3200.0,1750.0,0.2721,0.0
DK05_to_DB01#alt3,3,bwd,36,3150.0,1700.0,0.344,0.0
DK05_to_DB01#alt3,3,bwd,37,3100.0,1666.67,0.4346,0.0
DK05_to_DB01#alt3,3,bwd,38,3050.0,1650.0,0.4746,0.0
DK05_to_DB01#alt3,3,bwd,39,3000.0,1650.0,0.503,0.0
DK05_to_DB01#alt3,3,bwd,40,2950.0,1650.0,0.5134,0.0
DK05_to_DB01#alt3,3,bwd,41,2900.0,1650.0,0.5134,0.0
DK05_to_DB01#alt3,3,bwd,42,2850.0,1650.0,0.5134,0.0
DK05_to_DB01#alt3,3,bwd,43,2800.0,1650.0,0.5483,0.0
DK05_to_DB01#alt3,3,bwd,44,2750.0,1633.33,0.6241,0.0
DK05_to_DB01#alt3,3,bwd,45,2700.0,1616.67,0.5903,0.0
DK05_to_DB01#alt3,3,bwd,46,2650.0,1600.0,0.6241,0.0
DK05_to_DB01#alt3,3,bwd,47,2600.0,1600.0,0.6889,0.0
DK05_to_DB01#alt3,3,bwd,48,2550.0,1600.0,0.7165,0.0
DK05_to_DB01#alt3,3,bwd,49,2500.0,1600.0,0.7165,0.0
DK05_to_DB01#alt3,3,bwd,50,2450.0,1600.0,0.7165,0.0
DK05_to_DB01#alt3,3,bwd,51,2400.0,1600.0,0.7165,0.0
DK05_to_DB01#alt3,3,bwd,52,2350.0,1600.0,0.7165,0.0
DK05_to_DB01#alt3,3,bwd,53,2300.0,1600.0,0.7165,0.0
DK05_to_DB01#alt3,3,bwd,54,2250.0,1600.0,0.7165,0.0
DK05_to_DB01#alt3,3,bwd,55,2200.0,1616.67,0.6889,0.0
DK05_to_DB01#alt3,3,bwd,56,2150.0,1633.33,0.7165,0.0
DK05_to_DB01#alt3,3,bwd,57,2100.0,1650.0,0.6889,0.0
DK05_to_DB01#alt3,3,bwd,58,2050.0,1700.0,0.6889,0.0
DK05_to_DB01#alt3,3,bwd,59,2000.0,1750.0,0.6889,0.0
DK05_to_DB01#alt3,3,bwd,60,1950.0,1800.0,0.6889,0.0
DK05_to_DB01#alt3,3,bwd,61,1916.67,1850.0,0.6241,0.0
DK05_to_DB01#alt3,3,bwd,62,1900.0,1900.0,0.6889,0.0
DK05_to_DB01#alt3,3,bwd,63,1900.0,1950.0,0.7165,0.0
DK05_to_DB01#alt3,3,bwd,64,1900.0,2000.0,0.7165,0.0
DK05_to_DB01#alt3,3,bwd,65,1900.0,2050.0,0.7165,0.0
DK05_to_DB01#alt3,3,bwd,66,1900.0,2100.0,0.7165,0.0
DK05_to_DB01#alt3,3,bwd,67,1900.0,2150.0,0.7165,0.0
DK05_to_DB01#alt3,3,bwd,68,1900.0,2200.0,0.7165,0.0
DK05_to_DB01#alt3,3,bwd,69,1900.0,2250.0,0.7165,0.0
DK05_to_DB01#alt3,3,bwd,70,1916.67,2300.0,0.6889,0.0
DK05_to_DB01#alt3,3,bwd,71,1916.67,2350.0,0.6241,0.0
DK05_to_DB01#alt3,3,bwd,72,1916.67,2400.0,0.5903,0.0
DK05_to_DB01#alt3,3,bwd,73,1900.0,2450.0,0.5903,0.0
DK05_to_DB01#alt3,3,bwd,74,1883.33,2500.0,0.6065,0.0
DK05_to_DB01#alt3,3,bwd,75,1850.0,2550.0,0.5903,0.0
DK05_to_DB01#alt3,3,bwd,76,1800.0,2600.0,0.6241,0.0
DK05_to_DB01#alt3,3,bwd,77,1750.0,2650.0,0.6241,0.0
DK05_to_DB01#alt3,3,bwd,78,1716.67,2700.0,0.6241,0.0
DK05_to_DB01#alt3,3,bwd,79,1700.0,2750.0,0.6889,0.0
DK05_to_DB01#alt3,3,bwd,80,1700.0,2800.0,0.7165,0.0
DK05_to_DB01#alt3,3,bwd,81,1683.33,2850.0,0.7165,0.0
DK05_to_DB01#alt3,3,bwd,82,1666.67,2900.0,0.6065,0.0
DK05_to_DB01#alt3,3,bwd,83,1633.33,2950.0,0.6065,0.0
DK05_to_DB01#alt3,3,bwd,84,1600.0,3000.0,0.5134,0.0
DK05_to_DB01#alt3,3,bwd,85,1550.0,3016.67,0.503,0.0
DK05_to_DB01#alt3,3,bwd,86,1500.0,3016.67,0.5483,0.0
DK05_to_DB01#alt3,3,bwd,87,1450.0,3000.0,0.5903,0.0
DK05_to_DB01#alt3,3,bwd,88,1400.0,3000.0,0.6065,0.0
DK05_to_DB01#alt3,3,bwd,89,1350.0,3000.0,0.6241,0.0
DK05_to_DB01#alt3,3,bwd,90,1300.0,3000.0,0.6889,0.0
DK05_to_DB01#alt3,3,bwd,91,1250.0,3000.0,0.7165,0.0
DK05_to_DB01#alt3,3,bwd,92,1200.0,3016.67,0.6889,0.0
DK05_to_DB01#alt3,3,bwd,93,1150.0,3033.33,0.7165,0.0
DK05_to_DB01#alt3,3,bwd,94,1100.0,3050.0,0.7165,0.0
DK05_to_DB01#alt3,3,bwd,95,1050.0,3066.67,0.6889,0.0
DK05_to_DB01#alt3,3,bwd,96,1000.0,3083.33,0.7165,0.0
DK05_to_DB01#alt3,3,bwd,97,950.0,3116.67,0.6889,0.0
DK05_to_DB01#alt3,3,bwd,98,900.0,3150.0,0.6889,0.0
DK05_to_DB01#alt3,3,bwd,99,850.0,3200.0,0.6889,0.0
DK05_to_DB01#alt3,3,bwd,100,800.0,3250.0,0.6241,0.0
DK05_to_DB01#alt3,3,bwd,101,766.67,3300.0,0.5903,0.0
DK05_to_DB01#alt3,3,bwd,102,750.0,3350.0,0.6065,0.0
DK05_to_DB01#alt3,3,bwd,103,750.0,3400.0,0.6241,0.0
DK05_to_DB01#alt3,3,bwd,104,750.0,3450.0,0.6889,0.0
DK05_to_DB01#alt3,3,bwd,105,750.0,3500.0,0.7165,0.0
DK05_to_DB01#alt3,3,bwd,106,766.67,3550.0,0.6889,0.0
DK05_to_DB01#alt3,3,bwd,107,783.33,3600.0,0.7165,0.0
DK05_to_DB01#alt3,3,bwd,108,800.0,3650.0,0.7165,0.0
DK05_to_DB01#alt3,3,bwd,109,816.67,3700.0,0.6889,0.0
DK05_to_DB01#alt3,3,bwd,110,833.33,3750.0,0.7165,0.0
DK05_to_DB01#alt3,3,bwd,111,850.0,3800.0,0.6889,0.0
DK05_to_DB01#alt3,3,bwd,112,900.0,3850.0,0.6889,0.0
DK05_to_DB01#alt3,3,bwd,113,950.0,3883.33,0.6889,0.0
DK05_to_DB01#alt3,3,bwd,114,1000.0,3900.0,0.7165,0.0
DB01_to_DK05#alt4,4,fwd,0,1000.0,3900.0,0.7165,0.0
DB01_to_DK05#alt4,4,fwd,1,1050.0,3950.0,0.6889,0.0
DB01_to_DK05#alt4,4,fwd,2,1100.0,3983.33,0.6065,0.0
DB01_to_DK05#alt4,4,fwd,3,1150.0,4000.0,0.6241,0.0
DB01_to_DK05#alt4,4,fwd,4,1200.0,4000.0,0.6889,0.0
DB01_to_DK05#alt4,4,fwd,5,1250.0,4000.0,0.7165,0.0
DB01_to_DK05#alt4,4,fwd,6,1300.0,3983.33,0.6889,0.0
DB01_to_DK05#alt4,4,fwd,7,1350.0,3966.67,0.7165,0.0
DB01_to_DK05#alt4,4,fwd,8,1400.0,3950.0,0.7165,0.0
DB01_to_DK05#alt4,4,fwd,9,1450.0,3933.33,0.6889,0.0
DB01_to_DK05#alt4,4,fwd,10,1500.0,3916.67,0.7165,0.0
DB01_to_DK05#alt4,4,fwd,11,1550.0,3883.33,0.6889,0.0
DB01_to_DK05#alt4,4,fwd,12,1600.0,3850.0,0.6889,0.0
DB01_to_DK05#alt4,4,fwd,13,1650.0,3800.0,0.6889,0.0
DB01_to_DK05#alt4,4,fwd,14,1700.0,3750.0,0.6241,0.0
DB01_to_DK05#alt4,4,fwd,15,1750.0,3716.67,0.6241,0.0
DB01_to_DK05#alt4,4,fwd,16,1800.0,3700.0,0.6889,0.0
DB01_to_DK05#alt4,4,fwd,17,1850.0,3700.0,0.7165,0.0
DB01_to_DK05#alt4,4,fwd,18,1900.0,3700.0,0.7165,0.0
DB01_to_DK05#alt4,4,fwd,19,1950.0,3700.0,0.7165,0.0
DB01_to_DK05#alt4,4,fwd,20,2000.0,3700.0,0.7165,0.0
DB01_to_DK05#alt4,4,fwd,21,2050.0,3700.0,0.7165,0.0
DB01_to_DK05#alt4,4,fwd,22,2100.0,3700.0,0.6889,0.0
DB01_to_DK05#alt4,4,fwd,23,2150.0,3650.0,0.6889,0.0
DB01_to_DK05#alt4,4,fwd,24,2200.0,3600.0,0.6889,0.0
DB01_to_DK05#alt4,4,fwd,25,2250.0,3550.0,0.6889,0.0
DB01_to_DK05#alt4,4,fwd,26,2300.0,3500.0,0.6065,0.0
DB01_to_DK05#alt4,4,fwd,27,2350.0,3450.0,0.5134,0.0
DB01_to_DK05#alt4,4,fwd,28,2400.0,3400.0,0.4346,0.0
DB01_to_DK05#alt4,4,fwd,29,2450.0,3350.0,0.3679,0.0
DB01_to_DK05#alt4,4,fwd,30,2500.0,3300.0,0.3114,0.0
DB01_to_DK05#alt4,4,fwd,31,2550.0,3250.0,0.2972,0.0
DB01_to_DK05#alt4,4,fwd,32,2600.0,3200.0,0.3269,0.0
DB01_to_DK05#alt4,4,fwd,33,2650.0,3150.0,0.344,0.0
DB01_to_DK05#alt4,4,fwd,34,2700.0,3100.0,0.344,0.0
DB01_to_DK05#alt4,4,fwd,35,2750.0,3050.0,0.344,0.0
DB01_to_DK05#alt4,4,fwd,36,2800.0,3000.0,0.3269,0.0
DB01_to_DK05#alt4,4,fwd,37,2850.0,2950.0,0.3269,0.0
DB01_to_DK05#alt4,4,fwd,38,2900.0,2900.0,0.344,0.0
DB01_to_DK05#alt4,4,fwd,39,2950.0,2850.0,0.344,0.0
DB01_to_DK05#alt4,4,fwd,40,3000.0,2800.0,0.344,0.0
DB01_to_DK05#alt4,4,fwd,41,3050.0,2766.67,0.344,0.0
DB01_to_DK05#alt4,4,fwd,42,3100.0,2750.0,0.3784,0.0
DB01_to_DK05#alt4,4,fwd,43,3150.0,2750.0,0.4076,0.0
DB01_to_DK05#alt4,4,fwd,44,3200.0,2750.0,0.4275,0.0
DB01_to_DK05#alt4,4,fwd,45,3250.0,2750.0,0.4346,0.0
DB01_to_DK05#alt4,4,fwd,46,3300.0,2766.67,0.4346,0.0
DB01_to_DK05#alt4,4,fwd,47,3350.0,2800.0,0.5134,0.0
DB01_to_DK05#alt4,4,fwd,48,3400.0,2850.0,0.6065,0.0
DB01_to_DK05#alt4,4,fwd,49,3450.0,2883.33,0.7165,0.0
DB01_to_DK05#alt4,4,fwd,50,3500.0,2900.0,0.7165,0.0
DB01_to_DK05#alt4,4,fwd,51,3550.0,2916.67,0.6889,0.0
DB01_to_DK05#alt4,4,fwd,52,3600.0,2950.0,0.6889,0.0
DB01_to_DK05#alt4,4,fwd,53,3650.0,2983.33,0.6889,0.0
DB01_to_DK05#alt4,4,fwd,54,3700.0,2983.33,0.6889,0.0
DB01_to_DK05#alt4,4,fwd,55,3750.0,2950.0,0.6065,0.0
DB01_to_DK05#alt4,4,fwd,56,3800.0,2900.0,0.5483,0.0
DB01_to_DK05#alt4,4,fwd,57,3833.33,2850.0,0.6889,0.0
DB01_to_DK05#alt4,4,fwd,58,3850.0,2800.0,0.7165,0.0
DB01_to_DK05#alt4,4,fwd,59,3866.67,2750.0,0.6889,0.0
DB01_to_DK05#alt4,4,fwd,60,3883.33,2700.0,0.7165,0.0
DB01_to_DK05#alt4,4,fwd,61,3916.67,2650.0,0.6889,0.0
DB01_to_DK05#alt4,4,fwd,62,3950.0,2600.0,0.6889,0.0
DB01_to_DK05#alt4,4,fwd,63,4000.0,2550.0,0.6889,0.0
DB01_to_DK05#alt4,4,fwd,64,4050.0,2500.0,0.6065,0.0
DB01_to_DK05#alt4,4,fwd,65,4100.0,2450.0,0.5134,0.0
DB01_to_DK05#alt4,4,fwd,66,4150.0,2400.0,0.4346,0.0
DB01_to_DK05#alt4,4,fwd,67,4200.0,2350.0,0.3679,0.0
DB01_to_DK05#alt4,4,fwd,68,4250.0,2316.67,0.3077,0.0
DB01_to_DK05#alt4,4,fwd,69,4300.0,2283.33,0.2972,0.0
DB01_to_DK05#alt4,4,fwd,70,4350.0,2250.0,0.2636,0.0
DB01_to_DK05#alt4,4,fwd,71,4400.0,2200.0,0.3114,0.0
DB01_to_DK05#alt4,4,fwd,72,4450.0,2183.33,0.3077,0.0
DB01_to_DK05#alt4,4,fwd,73,4500.0,2200.0,0.2972,0.0
DB01_to_DK05#alt4,4,fwd,74,4550.0,2233.33,0.2407,0.0
DB01_to_DK05#alt4,4,fwd,75,4600.0,2250.0,0.2252,0.0
DB01_to_DK05#alt4,4,fwd,76,4650.0,2250.0,0.2076,0.0
DB01_to_DK05#alt4,4,fwd,77,4700.0,2250.0,0.1889,0.0
DB01_to_DK05#alt4,4,fwd,78,4750.0,2250.0,0.17,0.0
DB01_to_DK05#alt4,4,fwd,79,4800.0,2250.0,0.1517,0.0
DB01_to_DK05#alt4,4,fwd,80,4850.0,2250.0,0.1344,0.0
DB01_to_DK05#alt4,4,fwd,81,4900.0,2250.0,0.1199,0.0
DB01_to_DK05#alt4,4,fwd,82,4950.0,2250.0,0.1062,0.0
DB02_to_DK04#alt0,0,fwd,0,1800.0,1100.0,0.1183,0.0
DB02_to_DK04#alt0,0,fwd,1,1750.0,1150.0,0.1495,0.0
DB02_to_DK04#alt0,0,fwd,2,1700.0,1200.0,0.1889,0.0
DB02_to_DK04#alt0,0,fwd,3,1650.0,1250.0,0.2384,0.0
DB02_to_DK04#alt0,0,fwd,4,1616.67,1300.0,0.3006,0.0
DB02_to_DK04#alt0,0,fwd,5,1600.0,1350.0,0.344,0.0
DB02_to_DK04#alt0,0,fwd,6,1616.67,1400.0,0.3895,0.0
DB02_to_DK04#alt0,0,fwd,7,1616.67,1450.0,0.4346,0.0
DB02_to_DK04#alt0,0,fwd,8,1616.67,1500.0,0.4931,0.0
DB02_to_DK04#alt0,0,fwd,9,1600.0,1550.0,0.5483,0.0
DB02_to_DK04#alt0,0,fwd,10,1600.0,1600.0,0.6241,0.0
DB02_to_DK04#alt0,0,fwd,11,1600.0,1650.0,0.6889,0.0
DB02_to_DK04#alt0,0,fwd,12,1600.0,1700.0,0.7165,0.0
DB02_to_DK04#alt0,0,fwd,13,1616.67,1750.0,0.7165,0.0
DB02_to_DK04#alt0,0,fwd,14,1650.0,1800.0,0.6065,0.0
DB02_to_DK04#alt0,0,fwd,15,1700.0,1850.0,0.503,0.0
DB02_to_DK04#alt0,0,fwd,16,1750.0,1900.0,0.4275,0.0
DB02_to_DK04#alt0,0,fwd,17,1783.33,1950.0,0.5134,0.0
DB02_to_DK04#alt0,0,fwd,18,1800.0,2000.0,0.5134,0.0
DB02_to_DK04#alt0,0,fwd,19,1800.0,2050.0,0.5134,0.0
DB02_to_DK04#alt0,0,fwd,20,1800.0,2100.0,0.5134,0.0
DB02_to_DK04#alt0,0,fwd,21,1816.67,2150.0,0.5134,0.0
DB02_to_DK04#alt0,0,fwd,22,1850.0,2200.0,0.6065,0.0
DB02_to_DK04#alt0,0,fwd,23,1883.33,2250.0,0.7165,0.0
DB02_to_DK04#alt0,0,fwd,24,1916.67,2300.0,0.6889,0.0
DB02_to_DK04#alt0,0,fwd,25,1933.33,2350.0,0.7165,0.0
DB02_to_DK04#alt0,0,fwd,26,1950.0,2400.0,0.6889,0.0
DB02_to_DK04#alt0,0,fwd,27,1950.0,2450.0,0.6889,0.0
DB02_to_DK04#alt0,0,fwd,28,1933.33,2500.0,0.7165,0.0
DB02_to_DK04#alt0,0,fwd,29,1900.0,2550.0,0.5903,0.0
DB02_to_DK04#alt0,0,fwd,30,1850.0,2600.0,0.6241,0.0
DB02_to_DK04#alt0,0,fwd,31,1800.0,2650.0,0.6889,0.0
DB02_to_DK04#alt0,0,fwd,32,1750.0,2700.0,0.6889,0.0
DB02_to_DK04#alt0,0,fwd,33,1700.0,2750.0,0.6889,0.0
DB02_to_DK04#alt0,0,fwd,34,1650.0,2783.33,0.6065,0.0
DB02_to_DK04#alt0,0,fwd,35,1600.0,2800.0,0.5134,0.0
DB02_to_DK04#alt0,0,fwd,36,1550.0,2800.0,0.5134,0.0
DB02_to_DK04#alt0,0,fwd,37,1500.0,2800.0,0.5134,0.0
DB02_to_DK04#alt2,2,fwd,0,1800.0,1100.0,0.1183,0.0
DB02_to_DK04#alt2,2,fwd,1,1750.0,1150.0,0.1495,0.0
DB02_to_DK04#alt2,2,fwd,2,1700.0,1200.0,0.1889,0.0
DB02_to_DK04#alt2,2,fwd,3,1650.0,1250.0,0.2384,0.0
DB02_to_DK04#alt2,2,fwd,4,1600.0,1300.0,0.3006,0.0
DB02_to_DK04#alt2,2,fwd,5,1550.0,1350.0,0.3784,0.0
DB02_to_DK04#alt2,2,fwd,6,1500.0,1400.0,0.4746,0.0
DB02_to_DK04#alt2,2,fwd,7,1450.0,1450.0,0.5903,0.0
DB02_to_DK04#alt2,2,fwd,8,1400.0,1483.33,0.7165,0.0
DB02_to_DK04#alt2,2,fwd,9,1350.0,1500.0,0.7165,0.0
DB02_to_DK04#alt2,2,fwd,10,1300.0,1500.0,0.7165,0.0
DB02_to_DK04#alt2,2,fwd,11,1250.0,1500.0,0.7165,0.0
DB02_to_DK04#alt2,2,fwd,12,1200.0,1483.33,0.6889,0.0
DB02_to_DK04#alt2,2,fwd,13,1150.0,1466.67,0.6241,0.0
DB02_to_DK04#alt2,2,fwd,14,1100.0,1450.0,0.6889,0.0
DB02_to_DK04#alt2,2,fwd,15,1050.0,1450.0,0.7165,0.0
DB02_to_DK04#alt2,2,fwd,16,1000.0,1450.0,0.7165,0.0
DB02_to_DK04#alt2,2,fwd,17,950.0,1450.0,0.7165,0.0
DB02_to_DK04#alt2,2,fwd,18,900.0,1450.0,0.6889,0.0
DB02_to_DK04#alt2,2,fwd,19,850.0,1500.0,0.6889,0.0
DB02_to_DK04#alt2,2,fwd,20,816.67,1550.0,0.6241,0.0
DB02_to_DK04#alt2,2,fwd,21,800.0,1600.0,0.6889,0.0
DB02_to_DK04#alt2,2,fwd,22,800.0,1650.0,0.7165,0.0
DB02_to_DK04#alt2,2,fwd,23,800.0,1700.0,0.6889,0.0
DB02_to_DK04#alt2,2,fwd,24,850.0,1750.0,0.6889,0.0
DB02_to_DK04#alt2,2,fwd,25,900.0,1800.0,0.6889,0.0
DB02_to_DK04#alt2,2,fwd,26,950.0,1850.0,0.6889,0.0
DB02_to_DK04#alt2,2,fwd,27,1000.0,1900.0,0.6065,0.0
DB02_to_DK04#alt2,2,fwd,28,1050.0,1950.0,0.6241,0.0
DB02_to_DK04#alt2,2,fwd,29,1100.0,2000.0,0.6241,0.0
DB02_to_DK04#alt2,2,fwd,30,1133.33,2050.0,0.6241,0.0
DB02_to_DK04#alt2,2,fwd,31,1150.0,2100.0,0.5483,0.0
DB02_to_DK04#alt2,2,fwd,32,1166.67,2150.0,0.4746,0.0
DB02_to_DK04#alt2,2,fwd,33,1200.0,2200.0,0.4275,0.0
DB02_to_DK04#alt2,2,fwd,34,1250.0,2250.0,0.4931,0.0
DB02_to_DK04#alt2,2,fwd,35,1283.33,2300.0,0.6241,0.0
DB02_to_DK04#alt2,2,fwd,36,1300.0,2350.0,0.6889,0.0
DB02_to_DK04#alt2,2,fwd,37,1300.0,2400.0,0.7165,0.0
DB02_to_DK04#alt2,2,fwd,38,1300.0,2450.0,0.7165,0.0
DB02_to_DK04#alt2,2,fwd,39,1300.0,2500.0,0.7165,0.0
DB02_to_DK04#alt2,2,fwd,40,1300.0,2550.0,0.7165,0.0
DB02_to_DK04#alt2,2,fwd,41,1300.0,2600.0,0.6889,0.0
DB02_to_DK04#alt2,2,fwd,42,1350.0,2650.0,0.6889,0.0
DB02_to_DK04#alt2,2,fwd,43,1400.0,2700.0,0.6889,0.0
DB02_to_DK04#alt2,2,fwd,44,1450.0,2716.67,0.7165,0.0
DB02_to_DK04#alt2,2,fwd,45,1483.33,2750.0,0.6065,0.0
DB02_to_DK04#alt2,2,fwd,46,1500.0,2800.0,0.5134,0.0
DK04_to_DB02#alt4,4,bwd,0,1500.0,2800.0,0.5134,0.0
DK04_to_DB02#alt4,4,bwd,1,1450.0,2750.0,0.6065,0.0
DK04_to_DB02#alt4,4,bwd,2,1400.0,2700.0,0.6889,0.0
DK04_to_DB02#alt4,4,bwd,3,1350.0,2650.0,0.6889,0.0
DK04_to_DB02#alt4,4,bwd,4,1300.0,2600.0,0.6889,0.0
DK04_to_DB02#alt4,4,bwd,5,1250.0,2550.0,0.6065,0.0
DK04_to_DB02#alt4,4,bwd,6,1200.0,2500.0,0.5134,0.0
DK04_to_DB02#alt4,4,bwd,7,1150.0,2450.0,0.4346,0.0
DK04_to_DB02#alt4,4,bwd,8,1100.0,2400.0,0.3679,0.0
DK04_to_DB02#alt4,4,bwd,9,1050.0,2350.0,0.3077,0.0
DK04_to_DB02#alt4,4,bwd,10,1000.0,2300.0,0.253,0.0
DK04_to_DB02#alt4,4,bwd,11,950.0,2250.0,0.2431,0.0
DK04_to_DB02#alt4,4,bwd,12,900.0,2200.0,0.2431,0.0
DK04_to_DB02#alt4,4,bwd,13,850.0,2150.0,0.2431,0.0
DK04_to_DB02#alt4,4,bwd,14,800.0,2100.0,0.2609,0.0
DK04_to_DB02#alt4,4,bwd,15,750.0,2050.0,0.2721,0.0
DK04_to_DB02#alt4,4,bwd,16,716.67,2000.0,0.2721,0.0
DK04_to_DB02#alt4,4,bwd,17,700.0,1950.0,0.3077,0.0
DK04_to_DB02#alt4,4,bwd,18,700.0,1900.0,0.344,0.0
DK04_to_DB02#alt4,4,bwd,19,700.0,1850.0,0.3895,0.0
DK04_to_DB02#alt4,4,bwd,20,700.0,1800.0,0.4346,0.0
DK04_to_DB02#alt4,4,bwd,21,700.0,1750.0,0.4746,0.0
DK04_to_DB02#alt4,4,bwd,22,700.0,1700.0,0.503,0.0
DK04_to_DB02#alt4,4,bwd,23,700.0,1650.0,0.5134,0.0
DK04_to_DB02#alt4,4,bwd,24,700.0,1600.0,0.503,0.0
DK04_to_DB02#alt4,4,bwd,25,700.0,1550.0,0.4746,0.0
DK04_to_DB02#alt4,4,bwd,26,716.67,1500.0,0.4346,0.0
DK04_to_DB02#alt4,4,bwd,27,750.0,1450.0,0.4746,0.0
DK04_to_DB02#alt4,4,bwd,28,800.0,1400.0,0.4931,0.0
DK04_to_DB02#alt4,4,bwd,29,850.0,1366.67,0.4746,0.0
DK04_to_DB02#alt4,4,bwd,30,900.0,1350.0,0.503,0.0
DK04_to_DB02#alt4,4,bwd,31,950.0,1366.67,0.5134,0.0
DK04_to_DB02#alt4,4,bwd,32,1000.0,1383.33,0.6065,0.0
DK04_to_DB02#alt4,4,bwd,33,1050.0,1383.33,0.6065,0.0
DK04_to_DB02#alt4,4,bwd,34,1100.0,1366.67,0.503,0.0
DK04_to_DB02#alt4,4,bwd,35,1150.0,1333.33,0.4746,0.0
DK04_to_DB02#alt4,4,bwd,36,1200.0,1300.0,0.3784,0.0
DK04_to_DB02#alt4,4,bwd,37,1250.0,1250.0,0.3114,0.0
DK04_to_DB02#alt4,4,bwd,38,1300.0,1200.0,0.2636,0.0
DK04_to_DB02#alt4,4,bwd,39,1350.0,1166.67,0.2231,0.0
DK04_to_DB02#alt4,4,bwd,40,1400.0,1133.33,0.2231,0.0
DK04_to_DB02#alt4,4,bwd,41,1450.0,1116.67,0.1873,0.0
DK04_to_DB02#alt4,4,bwd,42,1500.0,1100.0,0.1827,0.0
DK04_to_DB02#alt4,4,bwd,43,1550.0,1100.0,0.1755,0.0
DK04_to_DB02#alt4,4,bwd,44,1600.0,1100.0,0.1661,0.0
DK04_to_DB02#alt4,4,bwd,45,1650.0,1100.0,0.1551,0.0
DK04_to_DB02#alt4,4,bwd,46,1700.0,1100.0,0.1432,0.0
DK04_to_DB02#alt4,4,bwd,47,1750.0,1100.0,0.1308,0.0
DK04_to_DB02#alt4,4,bwd,48,1800.0,1100.0,0.1183,0.0
DK04_to_DB02#alt6,6,bwd,0,1500.0,2800.0,0.5134,0.0
DK04_to_DB02#alt6,6,bwd,1,1450.0,2850.0,0.4346,0.0
DK04_to_DB02#alt6,6,bwd,2,1400.0,2883.33,0.4346,0.0
DK04_to_DB02#alt6,6,bwd,3,1350.0,2883.33,0.4746,0.0
DK04_to_DB02#alt6,6,bwd,4,1300.0,2850.0,0.4275,0.0
DK04_to_DB02#alt6,6,bwd,5,1250.0,2800.0,0.3895,0.0
DK04_to_DB02#alt6,6,bwd,6,1200.0,2750.0,0.3895,0.0
DK04_to_DB02#alt6,6,bwd,7,1150.0,2700.0,0.3784,0.0
DK04_to_DB02#alt6,6,bwd,8,1100.0,2650.0,0.3485,0.0
DK04_to_DB02#alt6,6,bwd,9,1050.0,2600.0,0.3077,0.0
DK04_to_DB02#alt6,6,bwd,10,1000.0,2550.0,0.2636,0.0
DK04_to_DB02#alt6,6,bwd,11,950.0,2500.0,0.2231,0.0
DK04_to_DB02#alt6,6,bwd,12,900.0,2450.0,0.1889,0.0
DK04_to_DB02#alt6,6,bwd,13,850.0,2400.0,0.1599,0.0
DK04_to_DB02#alt6,6,bwd,14,800.0,2350.0,0.1344,0.0
DK04_to_DB02#alt6,6,bwd,15,750.0,2300.0,0.1344,0.0
DK04_to_DB02#alt6,6,bwd,16,700.0,2250.0,0.1432,0.0
DK04_to_DB02#alt6,6,bwd,17,650.0,2200.0,0.1495,0.0
DK04_to_DB02#alt6,6,bwd,18,616.67,2150.0,0.1517,0.0
DK04_to_DB02#alt6,6,bwd,19,600.0,2100.0,0.17,0.0
DK04_to_DB02#alt6,6,bwd,20,600.0,2050.0,0.1921,0.0
DK04_to_DB02#alt6,6,bwd,21,600.0,2000.0,0.2151,0.0
DK04_to_DB02#alt6,6,bwd,22,600.0,1950.0,0.2431,0.0
DK04_to_DB02#alt6,6,bwd,23,600.0,1900.0,0.2721,0.0
DK04_to_DB02#alt6,6,bwd,24,600.0,1850.0,0.3006,0.0
DK04_to_DB02#alt6,6,bwd,25,583.33,1800.0,0.3269,0.0
DK04_to_DB02#alt6,6,bwd,26,550.0,1750.0,0.2972,0.0
DK04_to_DB02#alt6,6,bwd,27,516.67,1700.0,0.2609,0.0
DK04_to_DB02#alt6,6,bwd,28,500.0,1650.0,0.2636,0.0
DK04_to_DB02#alt6,6,bwd,29,500.0,1600.0,0.2609,0.0
DK04_to_DB02#alt6,6,bwd,30,516.67,1550.0,0.253,0.0
DK04_to_DB02#alt6,6,bwd,31,550.0,1500.0,0.281,0.0
DK04_to_DB02#alt6,6,bwd,32,600.0,1450.0,0.3006,0.0
DK04_to_DB02#alt6,6,bwd,33,650.0,1400.0,0.3269,0.0
DK04_to_DB02#alt6,6,bwd,34,700.0,1350.0,0.344,0.0
DK04_to_DB02#alt6,6,bwd,35,750.0,1300.0,0.344,0.0
DK04_to_DB02#alt6,6,bwd,36,800.0,1250.0,0.3269,0.0
DK04_to_DB02#alt6,6,bwd,37,850.0,1200.0,0.2972,0.0
DK04_to_DB02#alt6,6,bwd,38,900.0,1150.0,0.2609,0.0
DK04_to_DB02#alt6,6,bwd,39,950.0,1100.0,0.2252,0.0
DK04_to_DB02#alt6,6,bwd,40,1000.0,1066.67,0.2384,0.0
DK04_to_DB02#alt6,6,bwd,41,1050.0,1050.0,0.2151,0.0
DK04_to_DB02#alt6,6,bwd,42,1100.0,1050.0,0.1921,0.0
DK04_to_DB02#alt6,6,bwd,43,1150.0,1050.0,0.1827,0.0
DK04_to_DB02#alt6,6,bwd,44,1200.0,1050.0,0.1755,0.0
DK04_to_DB02#alt6,6,bwd,45,1250.0,1050.0,0.1661,0.0
DK04_to_DB02#alt6,6,bwd,46,1300.0,1050.0,0.1599,0.0
DK04_to_DB02#alt6,6,bwd,47,1350.0,1066.67,0.1599,0.0
DK04_to_DB02#alt6,6,bwd,48,1400.0,1083.33,0.1889,0.0
DK04_to_DB02#alt6,6,bwd,49,1450.0,1100.0,0.1873,0.0
DK04_to_DB02#alt6,6,bwd,50,1500.0,1100.0,0.1827,0.0
DK04_to_DB02#alt6,6,bwd,51,1550.0,1100.0,0.1755,0.0
DK04_to_DB02#alt6,6,bwd,52,1600.0,1100.0,0.1661,0.0
DK04_to_DB02#alt6,6,bwd,53,1650.0,1100.0,0.1551,0.0
DK04_to_DB02#alt6,6,bwd,54,1700.0,1100.0,0.1432,0.0
DK04_to_DB02#alt6,6,bwd,55,1750.0,1100.0,0.1308,0.0
DK04_to_DB02#alt6,6,bwd,56,1800.0,1100.0,0.1183,0.0
