node_id,x,y,z,slowness,risk_obstacle,risk_ra,risk_total,obstacle_flag,ra_flag,objective_flag,label,label_prefix,is_candidate,candidate_type,candidate_id,route_hit_count
0,0.0,0.0,0.0,0.085,0.0,0.0,0.0,0,0,0,NONE,NONE,False,,,0
1,50.0,0.0,0.0,0.085,0.0,0.0,0.0,0,0,0,NONE,NONE,False,,,0
2,100.0,0.0,0.0,0.085,0.0,0.0,0.0,0,0,0,NONE,NONE,False,,,0
3,150.0,0.0,0.0,0.085,0.0,0.0,0.0,0,0,0,NONE,NONE,False,,,1
4,200.0,0.0,0.0,0.085,0.0,0.0,0.0,0,0,0,NONE,NONE,False,,,2
5,250.0,0.0,0.0,0.085,0.0,0.0,0.0,0,0,0,NONE,NONE,False,,,2
6,300.0,0.0,0.0,0.085,0.0,0.0,0.0,0,0,0,NONE,NONE,False,,,1
7,350.0,0.0,0.0,0.085,0.0,0.0,0.0,0,0,0,NONE,NONE,False,,,1
8,400.0,0.0,0.0,0.085,0.0,0.0,0.0,0,0,0,NONE,NONE,False,,,1
9,450.0,0.0,0.0,0.085,0.0,0.0,0.0,0,0,0,NONE,NONE,False,,,1
10,500.0,0.0,0.0,0.085,0.0,0.0,0.0,0,0,0,NONE,NONE,False,,,2
11,550.0,0.0,0.0,0.085,0.0,0.0,0.0,0,0,0,NONE,NONE,False,,,2
12,600.0,0.0,0.0,0.085,0.0,0.0,0.0,0,0,0,NONE,NONE,False,,,2
13,650.0,0.0,0.0,0.085,0.0,0.0,0.0,0,0,0,NONE,NONE,False,,,2
14,700.0,0.0,0.0,0.085,0.0,0.0,0.0,0,0,0,NONE,NONE,False,,,1
15,750.0,0.0,0.0,0.085,0.0,0.0,0.0,0,0,0,NONE,NONE,False,,,1
16,800.0,0.0,0.0,0.085,0.0,0.0,0.0,0,0,0,NONE,NONE,False,,,1
17,850.0,0.0,0.0,0.085,0.0,0.0,0.0,0,0,0,NONE,NONE,False,,,1
18,900.0,0.0,0.0,0.085,0.0,0.0,0.0,0,0,0,NONE,NONE,False,,,1
19,950.0,0.0,0.0,0.085,0.0,0.0,0.0,0,0,0,NONE,NONE,False,,,1
20,1000.0,0.0,0.0,0.085,0.0,0.0,0.0,0,0,0,NONE,NONE,False,,,2
21,1050.0,0.0,0.0,0.085,0.0,0.0,0.0,0,0,0,NONE,NONE,False,,,2
22,1100.0,0.0,0.0,0.085,0.0,0.0,0.0,0,0,0,NONE,NONE,False,,,2
23,1150.0,0.0,0.0,0.085,0.0,0.0,0.0,0,0,0,NONE,NONE,False,,,2
24,1200.0,0.0,0.0,0.085,0.0,0.0,0.0,0,0,0,NONE,NONE,False,,,2
25,1250.0,0.0,0.0,0.085,0.0,0.0,0.0,0,0,0,NONE,NONE,False,,,2
26,1300.0,0.0,0.0,0.085,0.0,0.0,0.0,0,0,0,NONE,NONE,False,,,2
27,1350.0,0.0,0.0,0.085,0.0,0.0,0.0,0,0,0,NONE,NONE,False,,,2
28,1400.0,0.0,0.0,0.085,0.0,0.0,0.0,0,0,0,NONE,NONE,False,,,2
29,1450.0,0.0,0.0,0.085,0.0,0.0,0.0,0,0,0,NONE,NONE,False,,,2
30,1500.0,0.0,0.0,0.085,0.0,0.0,0.0,0,0,0,NONE,NONE,False,,,2
31,1550.0,0.0,0.0,0.085,0.0,0.0,0.0,0,0,0,NONE,NONE,False,,,2
32,1600.0,0.0,0.0,0.085,0.0,0.0,0.0,0,0,0,NONE,NONE,False,,,2
33,1650.0,0.0,0.0,0.085,0.0,0.0,0.0,0,0,0,NONE,NONE,False,,,2
34,1700.0,0.0,0.0,0.085,0.0,0.0,0.0,0,0,0,NONE,NONE,False,,,2
35,1750.0,0.0,0.0,0.085,0.0,0.0,0.0,0,0,0,NONE,NONE,False,,,3
36,1800.0,0.0,0.0,0.085,0.0,0.0,0.0,0,0,0,NONE,NONE,False,,,3
37,1850.0,0.0,0.0,0.085,0.0,0.0,0.0,0,0,0,NONE,NONE,False,,,2
38,1900.0,0.0,0.0,0.085,0.0,0.0,0.0,0,0,0,NONE,NONE,False,,,1
39,1950.0,0.0,0.0,0.085,0.0,0.0,0.0,0,0,0,NONE,NONE,False,,,1
40,2000.0,0.0,0.0,0.085,0.0,0.0,0.0,0,0,0,NONE,NONE,False,,,1
41,2050.0,0.0,0.0,0.085,0.0,0.0,0.0,0,0,0,NONE,NONE,False,,,1
42,2100.0,0.0,0.0,0.085,0.0,0.0,0.0,0,0,0,NONE,NONE,False,,,1
43,2150.0,0.0,0.0,0.085,0.0,0.0,0.0,0,0,0,NONE,NONE,False,,,1
44,2200.0,0.0,0.0,0.085,0.0,0.0,0.0,0,0,0,NONE,NONE,False,,,2
45,2250.0,0.0,0.0,0.085,0.0,0.0,0.0,0,0,0,NONE,NONE,False,,,2
46,2300.0,0.0,0.0,0.085,0.0,0.0,0.0,0,0,0,NONE,NONE,False,,,2
47,2350.0,0.0,0.0,0.085,0.0,0.0,0.0,0,0,0,NONE,NONE,False,,,1
48,2400.0,0.0,0.0,0.085,0.0,0.0,0.0,0,0,0,NONE,NONE,False,,,2
49,2450.0,0.0,0.0,0.085,0.0,0.0,0.0,0,0,0,NONE,NONE,False,,,2
50,2500.0,0.0,0.0,0.085,0.0,0.0,0.0,0,0,0,NONE,NONE,False,,,2
51,2550.0,0.0,0.0,0.085,0.0,0.0,0.0,0,0,0,NONE,NONE,False,,,2
52,2600.0,0.0,0.0,0.085,0.0,0.0,0.0,0,0,0,NONE,NONE,False,,,2
53,2650.0,0.0,0.0,0.085,0.0,0.0,0.0,0,0,0,NONE,NONE,False,,,2
54,2700.0,0.0,0.0,0.085,0.0,0.0,0.0,0,0,0,NONE,NONE,False,,,3
55,2750.0,0.0,0.0,0.085,0.0,0.0,0.0,0,0,0,NONE,NONE,False,,,2
56,2800.0,0.0,0.0,0.085,0.0,0.0,0.0,0,0,0,NONE,NONE,False,,,2
57,2850.0,0.0,0.0,0.085,0.0,0.0,0.0,0,0,0,NONE,NONE,False,,,2
58,2900.0,0.0,0.0,0.085,0.0,0.0,0.0,0,0,0,NONE,NONE,False,,,2
59,2950.0,0.0,0.0,0.085,0.0,0.0,0.0,0,0,0,NONE,NONE,False,,,2
60,3000.0,0.0,0.0,0.085,0.0,0.0,0.0,0,0,0,NONE,NONE,False,,,2
61,3050.0,0.0,0.0,0.085,0.0,0.0,0.0,0,0,0,NONE,NONE,False,,,2
62,3100.0,0.0,0.0,0.085,0.0,0.0,0.0,0,0,0,NONE,NONE,False,,,2
63,3150.0,0.0,0.0,0.085,0.0,0.0,0.0,0,0,0,NONE,NONE,False,,,2
64,3200.0,0.0,0.0,0.085,0.0,0.0,0.0,0,0,0,NONE,NONE,False,,,3
65,3250.0,0.0,0.0,0.085,0.0,0.0,0.0,0,0,0,NONE,NONE,False,,,3
66,3300.0,0.0,0.0,0.085,0.0,0.0,0.0,0,0,0,NONE,NONE,False,,,3
67,3350.0,0.0,0.0,0.085,0.0,0.0,0.0,0,0,0,NONE,NONE,False,,,4
68,3400.0,0.0,0.0,0.085,0.0,0.0,0.0,0,0,0,NONE,NONE,False,,,3
69,3450.0,0.0,0.0,0.085,0.0,0.0,0.0,0,0,0,NONE,NONE,False,,,4
70,3500.0,0.0,0.0,0.085,0.0,0.0,0.0,0,0,0,NONE,NONE,False,,,4
71,3550.0,0.0,0.0,0.085,0.0,0.0,0.0,0,0,0,NONE,NONE,False,,,3
72,3600.0,0.0,0.0,0.085,0.0,0.0,0.0,0,0,0,NONE,NONE,False,,,2
73,3650.0,0.0,0.0,0.085,0.0,0.0,0.0,0,0,0,NONE,NONE,False,,,2
74,3700.0,0.0,0.0,0.085,0.0,0.0,0.0,0,0,0,NONE,NONE,False,,,2
75,3750.0,0.0,0.0,0.085,0.0,0.0,0.0,0,0,0,NONE,NONE,False,,,2
76,3800.0,0.0,0.0,0.085,0.0,0.0,0.0,0,0,0,NONE,NONE,False,,,2
77,3850.0,0.0,0.0,0.085,0.0,0.0,0.0,0,0,0,NONE,NONE,False,,,2
78,3900.0,0.0,0.0,0.085,0.0,0.0,0.0,0,0,0,NONE,NONE,False,,,2
79,3950.0,0.0,0.0,0.085,0.0,0.0,0.0,0,0,0,NONE,NONE,False,,,2
80,4000.0,0.0,0.0,0.085,0.0,0.0,0.0,0,0,0,NONE,NONE,False,,,2
81,4050.0,0.0,0.0,0.085,0.0,0.0,0.0,0,0,0,NONE,NONE,False,,,2
82,4100.0,0.0,0.0,0.085,0.0,0.0,0.0,0,0,0,NONE,NONE,False,,,2
83,4150.0,0.0,0.0,0.085,0.0,0.0,0.0,0,0,0,NONE,NONE,False,,,3
84,4200.0,0.0,0.0,0.085,0.0,0.0,0.0,0,0,0,NONE,NONE,False,,,2
85,4250.0,0.0,0.0,0.085,0.0,0.0,0.0,0,0,0,NONE,NONE,False,,,2
86,4300.0,0.0,0.0,0.085,0.0,0.0,0.0,0,0,0,NONE,NONE,False,,,3
87,4350.0,0.0,0.0,0.085,0.0,0.0,0.0,0,0,0,NONE,NONE,False,,,3
88,4400.0,0.0,0.0,0.085,0.0,0.0,0.0,0,0,0,NONE,NONE,False,,,2
89,4450.0,0.0,0.0,0.085,0.0,0.0,0.0,0,0,0,NONE,NONE,False,,,1
90,4500.0,0.0,0.0,0.085,0.0,0.0,0.0,0,0,0,NONE,NONE,False,,,1
91,4550.0,0.0,0.0,0.085,0.0,0.0,0.0,0,0,0,NONE,NONE,False,,,1
92,4600.0,0.0,0.0,0.085,0.0,0.0,0.0,0,0,0,NONE,NONE,False,,,0
93,4650.0,0.0,0.0,0.085,0.0,0.0,0.0,0,0,0,NONE,NONE,False,,,0
94,4700.0,0.0,0.0,0.085,0.0,0.0,0.0,0,0,0,NONE,NONE,False,,,0
95,4750.0,0.0,0.0,0.085,0.0,0.0,0.0,0,0,0,NONE,NONE,False,,,0
96,4800.0,0.0,0.0,0.085,0.0,0.0,0.0,0,0,0,NONE,NONE,False,,,0
97,4850.0,0.0,0.0,0.085,0.0,0.0,0.0,0,0,0,NONE,NONE,False,,,0
98,4900.0,0.0,0.0,0.085,0.0,0.0,0.0,0,0,0,NONE,NONE,False,,,0
99,4950.0,0.0,0.0,0.085,0.0,0.0,0.0,0,0,0,NONE,NONE,False,,,0
100,5000.0,0.0,0.0,0.085,0.0,0.0,0.0,0,0,0,NONE,NONE,False,,,0
101,0.0,50.0,0.0,0.085,0.0,0.0,0.0,0,0,0,NONE,NONE,False,,,0
102,50.0,50.0,0.0,0.085,0.0,0.0,0.0,0,0,0,NONE,NONE,False,,,0
103,100.0,50.0,0.0,0.085,0.0,0.0,0.0,0,0,0,NONE,NONE,False,,,1
104,150.0,50.0,0.0,0.085,0.0,0.0,0.0,0,0,0,NONE,NONE,False,,,2
105,200.0,50.0,0.0,0.085,0.0,0.0,0.0,0,0,0,NONE,NONE,False,,,2
106,250.0,50.0,0.0,0.085,0.0,0.0,0.0,0,0,0,NONE,NONE,False,,,2
107,300.0,50.0,0.0,0.085,0.0,0.0,0.0,0,0,0,NONE,NONE,False,,,2
108,350.0,50.0,0.0,0.085,0.0,0.0,0.0,0,0,0,NONE,NONE,False,,,2
109,400.0,50.0,0.0,0.085,0.0,0.0,0.0,0,0,0,NONE,NONE,False,,,2
110,450.0,50.0,0.0,0.085,0.0,0.0,0.0,0,0,0,NONE,NONE,False,,,2
111,500.0,50.0,0.0,0.085,0.0,0.0,0.0,0,0,0,NONE,NONE,False,,,2
112,550.0,50.0,0.0,0.085,0.0,0.0,0.0,0,0,0,NONE,NONE,False,,,2
113,600.0,50.0,0.0,0.085,0.0,0.0,0.0,0,0,0,NONE,NONE,False,,,2
114,650.0,50.0,0.0,0.085,0.0,0.0,0.0,0,0,0,NONE,NONE,False,,,2
115,700.0,50.0,0.0,0.085,0.0,0.0,0.0,0,0,0,NONE,NONE,False,,,2
116,750.0,50.0,0.0,0.085,0.0,0.0,0.0,0,0,0,NONE,NONE,False,,,1
117,800.0,50.0,0.0,0.085,0.0,0.0,0.0,0,0,0,NONE,NONE,False,,,1
118,850.0,50.0,0.0,0.085,0.0,0.0,0.0,0,0,0,NONE,NONE,False,,,1
119,900.0,50.0,0.0,0.085,0.0,0.0,0.0,0,0,0,NONE,NONE,False,,,1
120,950.0,50.0,0.0,0.085,0.0,0.0,0.0,0,0,0,NONE,NONE,False,,,2
121,1000.0,50.0,0.0,0.085,0.0,0.0,0.0,0,0,0,NONE,NONE,False,,,2
122,1050.0,50.0,0.0,0.085,0.0,0.0,0.0,0,0,0,NONE,NONE,False,,,2
123,1100.0,50.0,0.0,0.085,0.0,0.0,0.0,0,0,0,NONE,NONE,False,,,3
124,1150.0,50.0,0.0,0.085,0.0,0.0,0.0,0,0,0,NONE,NONE,False,,,3
125,1200.0,50.0,0.0,0.085,0.0,0.0,0.0,0,0,0,NONE,NONE,False,,,3
126,1250.0,50.0,0.0,0.085,0.0,0.0,0.0,0,0,0,NONE,NONE,False,,,3
127,1300.0,50.0,0.0,0.085,0.0,0.0,0.0,0,0,0,NONE,NONE,False,,,3
128,1350.0,50.0,0.0,0.085,0.0,0.0,0.0,0,0,0,NONE,NONE,False,,,3
129,1400.0,50.0,0.0,0.085,0.0,0.0,0.0,0,0,0,NONE,NONE,False,,,3
130,1450.0,50.0,0.0,0.085,0.0,0.0,0.0,0,0,0,NONE,NONE,False,,,3
131,1500.0,50.0,0.0,0.085,0.0,0.0,0.0,0,0,0,NONE,NONE,False,,,3
132,1550.0,50.0,0.0,0.085,0.0,0.0,0.0,0,0,0,NONE,NONE,False,,,3
133,1600.0,50.0,0.0,0.085,0.0,0.0,0.0,0,0,0,NONE,NONE,False,,,3
134,1650.0,50.0,0.0,0.085,0.0,0.0,0.0,0,0,0,NONE,NONE,False,,,4
135,1700.0,50.0,0.0,0.085,0.0,0.0,0.0,0,0,0,NONE,NONE,False,,,4
136,1750.0,50.0,0.0,0.085,0.0,0.0,0.0,0,0,0,NONE,NONE,False,,,3
137,1800.0,50.0,0.0,0.085,0.0,0.0,0.0,0,0,0,NONE,NONE,False,,,3
138,1850.0,50.0,0.0,0.085,0.0,0.0,0.0,0,0,0,NONE,NONE,False,,,3
139,1900.0,50.0,0.0,0.085,0.0,0.0,0.0,0,0,0,NONE,NONE,False,,,2
140,1950.0,50.0,0.0,0.085,0.0,0.0,0.0,0,0,0,NONE,NONE,False,,,2
141,2000.0,50.0,0.0,0.085,0.0,0.0,0.0,0,0,0,NONE,NONE,False,,,2
142,2050.0,50.0,0.0,0.085,0.0,0.0,0.0,0,0,0,NONE,NONE,False,,,2
143,2100.0,50.0,0.0,0.085,0.0,0.0,0.0,0,0,0,NONE,NONE,False,,,2
144,2150.0,50.0,0.0,0.085,0.0,0.0,0.0,0,0,0,NONE,NONE,False,,,2
145,2200.0,50.0,0.0,0.085,0.0,0.0,0.0,0,0,0,NONE,NONE,False,,,3
146,2250.0,50.0,0.0,0.085,0.0,0.0,0.0,0,0,0,NONE,NONE,False,,,3
147,2300.0,50.0,0.0,0.085,0.0,0.0,0.0,0,0,0,NONE,NONE,False,,,3
148,2350.0,50.0,0.0,0.085,0.0,0.0,0.0,0,0,0,NONE,NONE,False,,,3
149,2400.0,50.0,0.0,0.085,0.0,0.0,0.0,0,0,0,NONE,NONE,False,,,3
150,2450.0,50.0,0.0,0.085,0.0,0.0,0.0,0,0,0,NONE,NONE,False,,,3
151,2500.0,50.0,0.0,0.085,0.0,0.0,0.0,0,0,0,NONE,NONE,False,,,4
152,2550.0,50.0,0.0,0.085,0.0,0.0,0.0,0,0,0,NONE,NONE,False,,,4
153,2600.0,50.0,0.0,0.085,0.0,0.0,0.0,0,0,0,NONE,NONE,False,,,4
154,2650.0,50.0,0.0,0.085,0.0,0.0,0.0,0,0,0,NONE,NONE,False,,,4
155,2700.0,50.0,0.0,0.085,0.0,0.0,0.0,0,0,0,NONE,NONE,False,,,4
156,2750.0,50.0,0.0,0.085,0.0,0.0,0.0,0,0,0,NONE,NONE,False,,,4
157,2800.0,50.0,0.0,0.085,0.0,0.0,0.0,0,0,0,NONE,NONE,False,,,4
158,2850.0,50.0,0.0,0.085,0.0,0.0,0.0,0,0,0,NONE,NONE,False,,,3
159,2900.0,50.0,0.0,0.085,0.0,0.0,0.0,0,0,0,NONE,NONE,False,,,3
160,2950.0,50.0,0.0,0.085,0.0,0.0,0.0,0,0,0,NONE,NONE,False,,,3
161,3000.0,50.0,0.0,0.085,0.0,0.0,0.0,0,0,0,NONE,NONE,False,,,3
162,3050.0,50.0,0.0,0.085,0.0,0.0,0.0,0,0,0,NONE,NONE,False,,,3
163,3100.0,50.0,0.0,0.085,0.0,0.0,0.0,0,0,0,NONE,NONE,False,,,3
164,3150.0,50.0,0.0,0.085,0.0,0.0,0.0,0,0,0,NONE,NONE,False,,,4
165,3200.0,50.0,0.0,0.085,0.0,0.0,0.0,0,0,0,NONE,NONE,False,,,4
166,3250.0,50.0,0.0,0.085,0.0,0.0,0.0,0,0,0,NONE,NONE,False,,,4
167,3300.0,50.0,0.0,0.085,0.0,0.0,0.0,0,0,0,NONE,NONE,False,,,4
168,3350.0,50.0,0.0,0.085,0.0,0.0,0.0,0,0,0,NONE,NONE,False,,,4
169,3400.0,50.0,0.0,0.085,0.0,0.0,0.0,0,0,0,NONE,NONE,True,minor,TN28,5
170,3450.0,50.0,0.0,0.085,0.0,0.0,0.0,0,0,0,NONE,NONE,False,,,4
171,3500.0,50.0,0.0,0.085,0.0,0.0,0.0,0,0,0,NONE,NONE,False,,,4
172,3550.0,50.0,0.0,0.085,0.0,0.0,0.0,0,0,0,NONE,NONE,False,,,4
173,3600.0,50.0,0.0,0.085,0.0,0.0,0.0,0,0,0,NONE,NONE,False,,,3
174,3650.0,50.0,0.0,0.085,0.0,0.0,0.0,0,0,0,NONE,NONE,False,,,3
175,3700.0,50.0,0.0,0.085,0.0,0.0,0.0,0,0,0,NONE,NONE,False,,,3
176,3750.0,50.0,0.0,0.085,0.0,0.0,0.0,0,0,0,NONE,NONE,False,,,3
177,3800.0,50.0,0.0,0.085,0.0,0.0,0.0,0,0,0,NONE,NONE,False,,,3
178,3850.0,50.0,0.0,0.085,0.0,0.0,0.0,0,0,0,NONE,NONE,False,,,3
179,3900.0,50.0,0.0,0.085,0.0,0.0,0.0,0,0,0,NONE,NONE,False,,,3
180,3950.0,50.0,0.0,0.085,0.0,0.0,0.0,0,0,0,NONE,NONE,False,,,3
181,4000.0,50.0,0.0,0.085,0.0,0.0,0.0,0,0,0,NONE,NONE,False,,,3
182,4050.0,50.0,0.0,0.085,0.0,0.0,0.0,0,0,0,NONE,NONE,False,,,3
183,4100.0,50.0,0.0,0.085,0.0,0.0,0.0,0,0,0,NONE,NONE,False,,,3
184,4150.0,50.0,0.0,0.085,0.0,0.0,0.0,0,0,0,NONE,NONE,False,,,3
185,4200.0,50.0,0.0,0.085,0.0,0.0,0.0,0,0,0,NONE,NONE,False,,,3
186,4250.0,50.0,0.0,0.085,0.0,0.0,0.0,0,0,0,NONE,NONE,False,,,3
187,4300.0,50.0,0.0,0.085,0.0,0.0,0.0,0,0,0,NONE,NONE,False,,,3
188,4350.0,50.0,0.0,0.085,0.0,0.0,0.0,0,0,0,NONE,NONE,False,,,3
189,4400.0,50.0,0.0,0.085,0.0,0.0,0.0,0,0,0,NONE,NONE,False,,,3
190,4450.0,50.0,0.0,0.085,0.0,0.0,0.0,0,0,0,NONE,NONE,False,,,3
191,4500.0,50.0,0.0,0.085,0.0,0.0,0.0,0,0,0,NONE,NONE,False,,,1
192,4550.0,50.0,0.0,0.085,0.0,0.0,0.0,0,0,0,NONE,NONE,False,,,1
193,4600.0,50.0,0.0,0.085,0.0,0.0,0.0,0,0,0,NONE,NONE,False,,,1
194,4650.0,50.0,0.0,0.085,0.0,0.0,0.0,0,0,0,NONE,NONE,False,,,0
195,4700.0,50.0,0.0,0.085,0.0,0.0,0.0,0,0,0,NONE,NONE,False,,,0
196,4750.0,50.0,0.0,0.085,0.0,0.0,0.0,0,0,0,NONE,NONE,False,,,0
197,4800.0,50.0,0.0,0.085,0.0,0.0,0.0,0,0,0,NONE,NONE,False,,,0
198,4850.0,50.0,0.0,0.085,0.0,0.0,0.0,0,0,0,NONE,NONE,False,,,0
199,4900.0,50.0,0.0,0.085,0.0,0.0,0.0,0,0,0,NONE,NONE,False,,,0
200,4950.0,50.0,0.0,0.085,0.0,0.0,0.0,0,0,0,NONE,NONE,False,,,0
201,5000.0,50.0,0.0,0.085,0.0,0.0,0.0,0,0,0,NONE,NONE,False,,,0
202,0.0,100.0,0.0,0.085,0.0,0.0,0.0,0,0,0,NONE,NONE,False,,,0
203,50.0,100.0,0.0,0.085,0.0,0.0,0.0,0,0,0,NONE,NONE,False,,,1
204,100.0,100.0,0.0,0.085,0.0,0.0,0.0,0,0,0,NONE,NONE,False,,,2
205,150.0,100.0,0.0,0.085,0.0,0.0,0.0,0,0,0,NONE,NONE,False,,,2
206,200.0,100.0,0.0,0.085,0.0,0.0,0.0,0,0,0,NONE,NONE,False,,,2
207,250.0,100.0,0.0,0.085,0.0,0.0,0.0,0,0,0,NONE,NONE,False,,,2
208,300.0,100.0,0.0,0.085,0.0,0.0,0.0,0,0,0,NONE,NONE,False,,,2
209,350.0,100.0,0.0,0.085,0.0,0.0,0.0,0,0,0,NONE,NONE,False,,,2
210,400.0,100.0,0.0,0.085,0.0,0.0,0.0,0,0,0,NONE,NONE,False,,,2
211,450.0,100.0,0.0,0.085,0.0,0.0,0.0,0,0,0,NONE,NONE,False,,,2
212,500.0,100.0,0.0,0.085,0.0,0.0,0.0,0,0,0,NONE,NONE,False,,,2
213,550.0,100.0,0.0,0.085,0.0,0.0,0.0,0,0,0,NONE,NONE,False,,,2
214,600.0,100.0,0.0,0.085,0.0,0.0,0.0,0,0,0,NONE,NONE,False,,,2
215,650.0,100.0,0.0,0.085,0.0,0.0,0.0,0,0,0,NONE,NONE,False,,,2
216,700.0,100.0,0.0,0.085,0.0,0.0,0.0,0,0,0,NONE,NONE,False,,,2
217,750.0,100.0,0.0,0.085,0.0,0.0,0.0,0,0,0,NONE,NONE,False,,,2
218,800.0,100.0,0.0,0.085,0.0,0.0,0.0,0,0,0,NONE,NONE,False,,,1
219,850.0,100.0,0.0,0.085,0.0,0.0,0.0,0,0,0,NONE,NONE,False,,,1
220,900.0,100.0,0.0,0.085,0.0,0.0,0.0,0,0,0,NONE,NONE,False,,,2
221,950.0,100.0,0.0,0.085,0.0,0.0,0.0,0,0,0,NONE,NONE,False,,,2
222,1000.0,100.0,0.0,0.085,0.0,0.0,0.0,0,0,0,NONE,NONE,False,,,2
223,1050.0,100.0,0.0,0.085,0.0,0.0,0.0,0,0,0,NONE,NONE,False,,,3
224,1100.0,100.0,0.0,0.085,0.0,0.0,0.0,0,0,0,NONE,NONE,False,,,3
225,1150.0,100.0,0.0,0.085,0.0,0.0,0.0,0,0,0,NONE,NONE,False,,,3
226,1200.0,100.0,0.0,0.085,0.0,0.0,0.0,0,0,0,NONE,NONE,False,,,4
227,1250.0,100.0,0.0,0.085,0.0,0.0,0.0,0,0,0,NONE,NONE,False,,,4
228,1300.0,100.0,0.0,0.085,0.0,0.0,0.0,0,0,0,NONE,NONE,False,,,4
229,1350.0,100.0,0.0,0.085,0.0,0.0,0.0,0,0,0,NONE,NONE,False,,,4
230,1400.0,100.0,0.0,0.085,0.0,0.0,0.0,0,0,0,NONE,NONE,False,,,4
231,1450.0,100.0,0.0,0.085,0.0,0.0,0.0,0,0,0,NONE,NONE,False,,,4
232,1500.0,100.0,0.0,0.085,0.0,0.0,0.0,0,0,0,NONE,NONE,False,,,4
233,1550.0,100.0,0.0,0.085,0.0,0.0,0.0,0,0,0,NONE,NONE,False,,,4
234,1600.0,100.0,0.0,0.085,0.0,0.0,0.0,0,0,0,NONE,NONE,False,,,4
235,1650.0,100.0,0.0,0.085,0.0,0.0,0.0,0,0,0,NONE,NONE,False,,,4
236,1700.0,100.0,0.0,0.085,0.0,0.0,0.0,0,0,0,NONE,NONE,False,,,4
237,1750.0,100.0,0.0,0.085,0.0,0.0,0.0,0,0,0,NONE,NONE,False,,,4
238,1800.0,100.0,0.0,0.085,0.0,0.0,0.0,0,0,0,NONE,NONE,False,,,3
239,1850.0,100.0,0.0,0.085,0.0,0.0,0.0,0,0,0,NONE,NONE,False,,,3
240,1900.0,100.0,0.0,0.085,0.0,0.0,0.0,0,0,0,NONE,NONE,False,,,3
241,1950.0,100.0,0.0,0.085,0.0,0.0,0.0,0,0,0,NONE,NONE,False,,,2
242,2000.0,100.0,0.0,0.085,0.0,0.0,0.0,0,0,0,NONE,NONE,False,,,2
243,2050.0,100.0,0.0,0.085,0.0,0.0,0.0,0,0,0,NONE,NONE,False,,,2
244,2100.0,100.0,0.0,0.085,0.0,0.0,0.0,0,0,0,NONE,NONE,False,,,2
245,2150.0,100.0,0.0,0.085,0.0,0.0,0.0,0,0,0,NONE,NONE,False,,,3
246,2200.0,100.0,0.0,0.085,0.0,0.0,0.0,0,0,0,NONE,NONE,False,,,3
247,2250.0,100.0,0.0,0.085,0.0,0.0,0.0,0,0,0,NONE,NONE,False,,,3
248,2300.0,100.0,0.0,0.085,0.0,0.0,0.0,0,0,0,NONE,NONE,False,,,4
249,2350.0,100.0,0.0,0.085,0.0,0.0,0.0,0,0,0,NONE,NONE,False,,,4
250,2400.0,100.0,0.0,0.085,0.0,0.0,0.0,0,0,0,NONE,NONE,False,,,3
251,2450.0,100.0,0.0,0.085,0.0,0.0,0.0,0,0,0,NONE,NONE,False,,,4
252,2500.0,100.0,0.0,0.085,0.0,0.0,0.0,0,0,0,NONE,NONE,False,,,4
253,2550.0,100.0,0.0,0.085,0.0,0.0,0.0,0,0,0,NONE,NONE,False,,,4
254,2600.0,100.0,0.0,0.085,0.0,0.0,0.0,0,0,0,NONE,NONE,False,,,5
255,2650.0,100.0,0.0,0.085,0.0,0.0,0.0,0,0,0,NONE,NONE,False,,,5
256,2700.0,100.0,0.0,0.085,0.0,0.0,0.0,0,0,0,NONE,NONE,False,,,4
257,2750.0,100.0,0.0,0.085,0.0,0.0,0.0,0,0,0,NONE,NONE,False,,,5
258,2800.0,100.0,0.0,0.085,0.0,0.0,0.0,0,0,0,NONE,NONE,False,,,5
259,2850.0,100.0,0.0,0.085,0.0,0.0,0.0,0,0,0,NONE,NONE,False,,,4
260,2900.0,100.0,0.0,0.085,0.0,0.0,0.0,0,0,0,NONE,NONE,False,,,4
261,2950.0,100.0,0.0,0.085,0.0,0.0,0.0,0,0,0,NONE,NONE,False,,,4
262,3000.0,100.0,0.0,0.085,0.0,0.0,0.0,0,0,0,NONE,NONE,False,,,4
263,3050.0,100.0,0.0,0.085,0.0,0.0,0.0,0,0,0,NONE,NONE,False,,,4
264,3100.0,100.0,0.0,0.085,0.0,0.0,0.0,0,0,0,NONE,NONE,False,,,4
265,3150.0,100.0,0.0,0.085,0.0,0.0,0.0,0,0,0,NONE,NONE,False,,,5
266,3200.0,100.0,0.0,0.085,0.0,0.0,0.0,0,0,0,NONE,NONE,False,,,5
267,3250.0,100.0,0.0,0.085,0.0,0.0,0.0,0,0,0,NONE,NONE,False,,,5
268,3300.0,100.0,0.0,0.085,0.0,0.0,0.0,0,0,0,NONE,NONE,False,,,5
269,3350.0,100.0,0.0,0.085,0.0,0.0,0.0,0,0,0,NONE,NONE,False,,,5
270,3400.0,100.0,0.0,0.085,0.0,0.0,0.0,0,0,0,NONE,NONE,False,,,5
271,3450.0,100.0,0.0,0.085,0.0,0.0,0.0,0,0,0,NONE,NONE,False,,,5
272,3500.0,100.0,0.0,0.085,0.0,0.0,0.0,0,0,0,NONE,NONE,False,,,5
273,3550.0,100.0,0.0,0.085,0.0,0.0,0.0,0,0,0,NONE,NONE,False,,,5
274,3600.0,100.0,0.0,0.085,0.0,0.0,0.0,0,0,0,NONE,NONE,False,,,5
275,3650.0,100.0,0.0,0.085,0.0,0.0,0.0,0,0,0,NONE,NONE,False,,,5
276,3700.0,100.0,0.0,0.085,0.0,0.0,0.0,0,0,0,NONE,NONE,False,,,5
277,3750.0,100.0,0.0,0.085,0.0,0.0,0.0,0,0,0,NONE,NONE,False,,,4
278,3800.0,100.0,0.0,0.085,0.0,0.0,0.0,0,0,0,NONE,NONE,False,,,3
279,3850.0,100.0,0.0,0.085,0.0,0.0,0.0,0,0,0,NONE,NONE,False,,,3
280,3900.0,100.0,0.0,0.085,0.0,0.0,0.0,0,0,0,NONE,NONE,False,,,3
281,3950.0,100.0,0.0,0.085,0.0,0.0,0.0,0,0,0,NONE,NONE,False,,,3
282,4000.0,100.0,0.0,0.085,0.0,0.0,0.0,0,0,0,NONE,NONE,False,,,3
283,4050.0,100.0,0.0,0.085,0.0,0.0,0.0,0,0,0,NONE,NONE,False,,,3
284,4100.0,100.0,0.0,0.085,0.0,0.0,0.0,0,0,0,NONE,NONE,False,,,3
285,4150.0,100.0,0.0,0.085,0.0,0.0,0.0,0,0,0,NONE,NONE,False,,,3
286,4200.0,100.0,0.0,0.085,0.0,0.0,0.0,0,0,0,NONE,NONE,False,,,3
287,4250.0,100.0,0.0,0.085,0.0,0.0,0.0,0,0,0,NONE,NONE,False,,,3
288,4300.0,100.0,0.0,0.085,0.0,0.0,0.0,0,0,0,NONE,NONE,False,,,3
289,4350.0,100.0,0.0,0.085,0.0,0.0,0.0,0,0,0,NONE,NONE,False,,,3
290,4400.0,100.0,0.0,0.085,0.0,0.0,0.0,0,0,0,NONE,NONE,False,,,3
291,4450.0,100.0,0.0,0.085,0.0,0.0,0.0,0,0,0,NONE,NONE,False,,,3
292,4500.0,100.0,0.0,0.085,0.0,0.0,0.0,0,0,0,NONE,NONE,False,,,3
293,4550.0,100.0,0.0,0.085,0.0,0.0,0.0,0,0,0,NONE,NONE,False,,,1
294,4600.0,100.0,0.0,0.085,0.0,0.0,0.0,0,0,0,NONE,NONE,False,,,1
295,4650.0,100.0,0.0,0.085,0.0,0.0,0.0,0,0,0,NONE,NONE,False,,,1
296,4700.0,100.0,0.0,0.085,0.0,0.0,0.0,0,0,0,NONE,NONE,False,,,0
297,4750.0,100.0,0.0,0.085,0.0,0.0,0.0,0,0,0,NONE,NONE,False,,,0
298,4800.0,100.0,0.0,0.085,0.0,0.0,0.0,0,0,0,NONE,NONE,False,,,0
299,4850.0,100.0,0.0,0.085,0.0,0.0,0.0,0,0,0,NONE,NONE,False,,,0
300,4900.0,100.0,0.0,0.085,0.0,0.0,0.0,0,0,0,NONE,NONE,False,,,0
301,4950.0,100.0,0.0,0.085,0.0,0.0,0.0,0,0,0,NONE,NONE,False,,,0
302,5000.0,100.0,0.0,0.085,0.0,0.0,0.0,0,0,0,NONE,NONE,False,,,0
303,0.0,150.0,0.0,0.085,0.0,0.0,0.0,0,0,0,NONE,NONE,False,,,1
304,50.0,150.0,0.0,0.085,0.0,0.0,0.0,0,0,0,NONE,NONE,False,,,2
305,100.0,150.0,0.0,0.085,0.0,0.0,0.0,0,0,0,NONE,NONE,False,,,2
306,150.0,150.0,0.0,0.085,0.0,0.0,0.0,0,0,0,NONE,NONE,False,,,2
307,200.0,150.0,0.0,0.085,0.0,0.0,0.0,0,0,0,NONE,NONE,False,,,2
308,250.0,150.0,0.0,0.085,0.0,0.0,0.0,0,0,0,NONE,NONE,False,,,2
309,300.0,150.0,0.0,0.085,0.0,0.0,0.0,0,0,0,NONE,NONE,False,,,2
310,350.0,150.0,0.0,0.085,0.0,0.0,0.0,0,0,0,NONE,NONE,False,,,2
311,400.0,150.0,0.0,0.085,0.0,0.0,0.0,0,0,0,NONE,NONE,True,minor,RN1,2
312,450.0,150.0,0.0,0.085,0.0,0.0,0.0,0,0,0,NONE,NONE,False,,,2
313,500.0,150.0,0.0,0.085,0.0,0.0,0.0,0,0,0,NONE,NONE,False,,,2
314,550.0,150.0,0.0,0.085,0.0,0.0,0.0,0,0,0,NONE,NONE,False,,,2
315,600.0,150.0,0.0,0.085,0.0,0.0,0.0,0,0,0,NONE,NONE,False,,,2
316,650.0,150.0,0.0,0.085,0.0,0.0,0.0,0,0,0,NONE,NONE,False,,,2
317,700.0,150.0,0.0,0.085,0.0,0.0,0.0,0,0,0,NONE,NONE,False,,,2
318,750.0,150.0,0.0,0.085,0.0,0.0,0.0,0,0,0,NONE,NONE,False,,,2
319,800.0,150.0,0.0,0.085,0.0,0.0,0.0,0,0,0,NONE,NONE,False,,,2
320,850.0,150.0,0.0,0.085,0.0,0.0,0.0,0,0,0,NONE,NONE,False,,,2
321,900.0,150.0,0.0,0.085,0.0,0.0,0.0,0,0,0,NONE,NONE,False,,,2
322,950.0,150.0,0.0,0.085,0.0,0.0,0.0,0,0,0,NONE,NONE,False,,,2
323,1000.0,150.0,0.0,0.085,0.0,0.0,0.0,0,0,0,NONE,NONE,False,,,3
324,1050.0,150.0,0.0,0.085,0.0,0.0,0.0,0,0,0,NONE,NONE,False,,,3
325,1100.0,150.0,0.0,0.085,0.0,0.0,0.0,0,0,0,NONE,NONE,False,,,3
326,1150.0,150.0,0.0,0.085,0.0,0.0,0.0,0,0,0,NONE,NONE,False,,,5
327,1200.0,150.0,0.0,0.085,0.0,0.0,0.0,0,0,0,NONE,NONE,False,,,5
328,1250.0,150.0,0.0,0.085,0.0,0.0,0.0,0,0,0,NONE,NONE,False,,,5
329,1300.0,150.0,0.0,0.085,0.0,0.0,0.0,0,0,0,NONE,NONE,False,,,5
330,1350.0,150.0,0.0,0.085,0.0,0.0,0.0,0,0,0,NONE,NONE,False,,,5
331,1400.0,150.0,0.0,0.085,0.0,0.0,0.0,0,0,0,NONE,NONE,False,,,5
332,1450.0,150.0,0.0,0.085,0.0,0.0,0.0,0,0,0,NONE,NONE,False,,,5
333,1500.0,150.0,0.0,0.085,0.0,0.0,0.0,0,0,0,NONE,NONE,True,minor,TN29,5
334,1550.0,150.0,0.0,0.085,0.0,0.0,0.0,0,0,0,NONE,NONE,False,,,5
335,1600.0,150.0,0.0,0.085,0.0,0.0,0.0,0,0,0,NONE,NONE,False,,,5
336,1650.0,150.0,0.0,0.085,0.0,0.0,0.0,0,0,0,NONE,NONE,False,,,5
337,1700.0,150.0,0.0,0.085,0.0,0.0,0.0,0,0,0,NONE,NONE,False,,,4
338,1750.0,150.0,0.0,0.085,0.0,0.0,0.0,0,0,0,NONE,NONE,False,,,4
339,1800.0,150.0,0.0,0.085,0.0,0.0,0.0,0,0,0,NONE,NONE,False,,,4
340,1850.0,150.0,0.0,0.085,0.0,0.0,0.0,0,0,0,NONE,NONE,False,,,3
341,1900.0,150.0,0.0,0.085,0.0,0.0,0.0,0,0,0,NONE,NONE,False,,,3
342,1950.0,150.0,0.0,0.085,0.0,0.0,0.0,0,0,0,NONE,NONE,False,,,3
343,2000.0,150.0,0.0,0.085,0.0,0.0,0.0,0,0,0,NONE,NONE,False,,,2
344,2050.0,150.0,0.0,0.085,0.0,0.0,0.0,0,0,0,NONE,NONE,False,,,2
345,2100.0,150.0,0.0,0.085,0.0,0.0,0.0,0,0,0,NONE,NONE,False,,,3
346,2150.0,150.0,0.0,0.085,0.0,0.0,0.0,0,0,0,NONE,NONE,False,,,3
347,2200.0,150.0,0.0,0.085,0.0,0.0,0.0,0,0,0,NONE,NONE,False,,,3
348,2250.0,150.0,0.0,0.085,0.0,0.0,0.0,0,0,0,NONE,NONE,False,,,4
349,2300.0,150.0,0.0,0.085,0.0,0.0,0.0,0,0,0,NONE,NONE,False,,,4
350,2350.0,150.0,0.0,0.085,0.0,0.0,0.0,0,0,0,NONE,NONE,False,,,4
351,2400.0,150.0,0.0,0.085,0.0,0.0,0.0,0,0,0,NONE,NONE,False,,,5
352,2450.0,150.0,0.0,0.085,0.0,0.0,0.0,0,0,0,NONE,NONE,False,,,5
353,2500.0,150.0,0.0,0.085,0.0,0.0,0.0,0,0,0,NONE,NONE,False,,,5
354,2550.0,150.0,0.0,0.085,0.0,0.0,0.0,0,0,0,NONE,NONE,False,,,6
355,2600.0,150.0,0.0,0.085,0.0,0.0,0.0,0,0,0,NONE,NONE,False,,,5
356,2650.0,150.0,0.0,0.085,0.0,0.0,0.0,0,0,0,NONE,NONE,False,,,5
357,2700.0,150.0,0.0,0.085,0.0,0.0,0.0,0,0,0,NONE,NONE,False,,,5
358,2750.0,150.0,0.0,0.085,0.0,0.0,0.0,0,0,0,NONE,NONE,False,,,6
359,2800.0,150.0,0.0,0.085,0.0,0.0,0.0,0,0,0,NONE,NONE,False,,,6
360,2850.0,150.0,0.0,0.085,0.0,0.0,0.0,0,0,0,NONE,NONE,False,,,6
361,2900.0,150.0,0.0,0.085,0.0,0.0,0.0,0,0,0,NONE,NONE,False,,,5
362,2950.0,150.0,0.0,0.085,0.0,0.0,0.0,0,0,0,NONE,NONE,False,,,5
363,3000.0,150.0,0.0,0.085,0.0,0.0,0.0,0,0,0,NONE,NONE,False,,,5
364,3050.0,150.0,0.0,0.085,0.0,0.0,0.0,0,0,0,NONE,NONE,False,,,4
365,3100.0,150.0,0.0,0.085,0.0,0.0,0.0,0,0,0,NONE,NONE,False,,,5
366,3150.0,150.0,0.0,0.085,0.0,0.0,0.0,0,0,0,NONE,NONE,False,,,5
367,3200.0,150.0,0.0,0.085,0.0,0.0,0.0,0,0,0,NONE,NONE,False,,,5
368,3250.0,150.0,0.0,0.085,0.0,0.0,0.0,0,0,0,NONE,NONE,False,,,5
369,3300.0,150.0,0.0,0.085,0.0,0.0,0.0,0,0,0,NONE,NONE,False,,,5
370,3350.0,150.0,0.0,0.085,0.0,0.0,0.0,0,0,0,NONE,NONE,False,,,5
371,3400.0,150.0,0.0,0.085,0.0,0.0,0.0,0,0,0,NONE,NONE,False,,,5
372,3450.0,150.0,0.0,0.085,0.0,0.0,0.0,0,0,0,NONE,NONE,False,,,5
373,3500.0,150.0,0.0,0.085,0.0,0.0,0.0,0,0,0,NONE,NONE,False,,,5
374,3550.0,150.0,0.0,0.085,0.0,0.0,0.0,0,0,0,NONE,NONE,False,,,5
375,3600.0,150.0,0.0,0.085,0.0,0.0,0.0,0,0,0,NONE,NONE,False,,,5
376,3650.0,150.0,0.0,0.085,0.0,0.0,0.0,0,0,0,NONE,NONE,False,,,5
377,3700.0,150.0,0.0,0.085,0.0,0.0,0.0,0,0,0,NONE,NONE,False,,,5
378,3750.0,150.0,0.0,0.085,0.0,0.0,0.0,0,0,0,NONE,NONE,False,,,5
379,3800.0,150.0,0.0,0.085,0.0,0.0,0.0,0,0,0,NONE,NONE,False,,,4
380,3850.0,150.0,0.0,0.085,0.0,0.0,0.0,0,0,0,NONE,NONE,False,,,4
381,3900.0,150.0,0.0,0.085,0.0,0.0,0.0,0,0,0,NONE,NONE,True,minor,TN35,4
382,3950.0,150.0,0.0,0.085,0.0,0.0,0.0,0,0,0,NONE,NONE,False,,,4
383,4000.0,150.0,0.0,0.085,0.0,0.0,0.0,0,0,0,NONE,NONE,False,,,3
384,4050.0,150.0,0.0,0.085,0.0,0.0,0.0,0,0,0,NONE,NONE,False,,,3
385,4100.0,150.0,0.0,0.085,0.0,0.0,0.0,0,0,0,NONE,NONE,False,,,3
386,4150.0,150.0,0.0,0.085,0.0,0.0,0.0,0,0,0,NONE,NONE,False,,,3
387,4200.0,150.0,0.0,0.085,0.0,0.0,0.0,0,0,0,NONE,NONE,False,,,3
388,4250.0,150.0,0.0,0.085,0.0,0.0,0.0,0,0,0,NONE,NONE,False,,,3
389,4300.0,150.0,0.0,0.085,0.0,0.0,0.0,0,0,0,NONE,NONE,False,,,3
390,4350.0,150.0,0.0,0.085,0.0,0.0,0.0,0,0,0,NONE,NONE,False,,,3
391,4400.0,150.0,0.0,0.085,0.0,0.0,0.0,0,0,0,NONE,NONE,False,,,3
392,4450.0,150.0,0.0,0.085,0.0,0.0,0.0,0,0,0,NONE,NONE,False,,,3
393,4500.0,150.0,0.0,0.085,0.0,0.0,0.0,0,0,0,NONE,NONE,False,,,3
394,4550.0,150.0,0.0,0.085,0.0,0.0,0.0,0,0,0,NONE,NONE,False,,,3
395,4600.0,150.0,0.0,0.085,0.0,0.0,0.0,0,0,0,NONE,NONE,False,,,1
396,4650.0,150.0,0.0,0.085,0.0,0.0,0.0,0,0,0,NONE,NONE,False,,,1
397,4700.0,150.0,0.0,0.085,0.0,0.0,0.0,0,0,0,NONE,NONE,False,,,1
398,4750.0,150.0,0.0,0.085,0.0,0.0,0.0,0,0,0,NONE,NONE,False,,,0
399,4800.0,150.0,0.0,0.085,0.0,0.0,0.0,0,0,0,NONE,NONE,False,,,0
400,4850.0,150.0,0.0,0.085,0.0,0.0,0.0,0,0,0,NONE,NONE,False,,,0
401,4900.0,150.0,0.0,0.085,0.0,0.0,0.0,0,0,0,NONE,NONE,False,,,0
402,4950.0,150.0,0.0,0.085,0.0,0.0,0.0,0,0,0,NONE,NONE,False,,,0
403,5000.0,150.0,0.0,0.085,0.0,0.0,0.0,0,0,0,NONE,NONE,False,,,0
404,0.0,200.0,0.0,0.085,0.0,0.0,0.0,0,0,0,NONE,NONE,False,,,2
405,50.0,200.0,0.0,0.085,0.0,0.0,0.0,0,0,0,NONE,NONE,False,,,2
406,100.0,200.0,0.0,0.085,0.0,0.0,0.0,0,0,0,NONE,NONE,False,,,2
407,150.0,200.0,0.0,0.085,0.0,0.0,0.0,0,0,0,NONE,NONE,False,,,2
408,200.0,200.0,0.0,0.085,0.0,0.0,0.0,0,0,0,NONE,NONE,False,,,2
409,250.0,200.0,0.0,0.085,0.0,0.0,0.0,0,0,0,NONE,NONE,False,,,2
410,300.0,200.0,0.0,0.085,0.0,0.0,0.0,0,0,0,NONE,NONE,False,,,2
411,350.0,200.0,0.0,0.085,0.0,0.0,0.0,0,0,0,NONE,NONE,False,,,1
412,400.0,200.0,0.0,0.085,0.0,0.0,0.0,0,0,0,NONE,NONE,False,,,1
413,450.0,200.0,0.0,0.085,0.0,0.0,0.0,0,0,0,NONE,NONE,False,,,1
414,500.0,200.0,0.0,0.085,0.0,0.0,0.0,0,0,0,NONE,NONE,False,,,1
415,550.0,200.0,0.0,0.085,0.0,0.0,0.0,0,0,0,NONE,NONE,False,,,2
416,600.0,200.0,0.0,0.085,0.0,0.0,0.0,0,0,0,NONE,NONE,False,,,2
417,650.0,200.0,0.0,0.085,0.0,0.0,0.0,0,0,0,NONE,NONE,False,,,1
418,700.0,200.0,0.0,0.085,0.0,0.0,0.0,0,0,0,NONE,NONE,False,,,1
419,750.0,200.0,0.0,0.085,0.0,0.0,0.0,0,0,0,NONE,NONE,False,,,1
420,800.0,200.0,0.0,0.085,0.0,0.0,0.0,0,0,0,NONE,NONE,False,,,2
421,850.0,200.0,0.0,0.085,0.0,0.0,0.0,0,0,0,NONE,NONE,False,,,2
422,900.0,200.0,0.0,0.085,0.0,0.0,0.0,0,0,0,NONE,NONE,False,,,1
423,950.0,200.0,0.0,0.085,0.0,0.0,0.0,0,0,0,NONE,NONE,False,,,3
424,1000.0,200.0,0.0,0.085,0.0,0.0,0.0,0,0,0,NONE,NONE,False,,,3
425,1050.0,200.0,0.0,0.085,0.0,0.0,0.0,0,0,0,NONE,NONE,False,,,3
426,1100.0,200.0,0.0,0.085,0.0,0.0,0.0,0,0,0,NONE,NONE,False,,,5
427,1150.0,200.0,0.0,0.085,0.0,0.0,0.0,0,0,0,NONE,NONE,False,,,4
428,1200.0,200.0,0.0,0.085,0.0,0.0,0.0,0,0,0,NONE,NONE,False,,,4
429,1250.0,200.0,0.0,0.085,0.0,0.0,0.0,0,0,0,NONE,NONE,False,,,4
430,1300.0,200.0,0.0,0.085,0.0,0.0,0.0,0,0,0,NONE,NONE,False,,,4
431,1350.0,200.0,0.0,0.085,0.0,0.0,0.0,0,0,0,NONE,NONE,False,,,4
432,1400.0,200.0,0.0,0.085,0.0,0.0,0.0,0,0,0,NONE,NONE,False,,,4
433,1450.0,200.0,0.0,0.085,0.0,0.0,0.0,0,0,0,NONE,NONE,False,,,4
434,1500.0,200.0,0.0,0.085,0.0,0.0,0.0,0,0,0,NONE,NONE,False,,,4
435,1550.0,200.0,0.0,0.085,0.0,0.0,0.0,0,0,0,NONE,NONE,False,,,4
436,1600.0,200.0,0.0,0.085,0.0,0.0,0.0,0,0,0,NONE,NONE,False,,,4
437,1650.0,200.0,0.0,0.085,0.0,0.0,0.0,0,0,0,NONE,NONE,False,,,4
438,1700.0,200.0,0.0,0.085,0.0,0.0,0.0,0,0,0,NONE,NONE,False,,,5
439,1750.0,200.0,0.0,0.085,0.0,0.0,0.0,0,0,0,NONE,NONE,False,,,3
440,1800.0,200.0,0.0,0.085,0.0,0.0,0.0,0,0,0,NONE,NONE,False,,,3
441,1850.0,200.0,0.0,0.085,0.0,0.0,0.0,0,0,0,NONE,NONE,False,,,3
442,1900.0,200.0,0.0,0.085,0.0,0.0,0.0,0,0,0,NONE,NONE,False,,,2
443,1950.0,200.0,0.0,0.085,0.0,0.0,0.0,0,0,0,NONE,NONE,False,,,2
444,2000.0,200.0,0.0,0.085,0.0,0.0,0.0,0,0,0,NONE,NONE,False,,,2
445,2050.0,200.0,0.0,0.085,0.0,0.0,0.0,0,0,0,NONE,NONE,False,,,2
446,2100.0,200.0,0.0,0.085,0.0,0.0,0.0,0,0,0,NONE,NONE,False,,,2
447,2150.0,200.0,0.0,0.085,0.0,0.0,0.0,0,0,0,NONE,NONE,False,,,2
448,2200.0,200.0,0.0,0.085,0.0,0.0,0.0,0,0,0,NONE,NONE,False,,,3
449,2250.0,200.0,0.0,0.085,0.0,0.0,0.0,0,0,0,NONE,NONE,False,,,3
450,2300.0,200.0,0.0,0.085,0.0,0.0,0.0,0,0,0,NONE,NONE,False,,,3
451,2350.0,200.0,0.0,0.085,0.0,0.0,0.0,0,0,0,NONE,NONE,False,,,4
452,2400.0,200.0,0.0,0.085,0.0,0.0,0.0,0,0,0,NONE,NONE,False,,,4
453,2450.0,200.0,0.0,0.085,0.0,0.0,0.0,0,0,0,NONE,NONE,False,,,4
454,2500.0,200.0,0.0,0.085,0.0,0.0,0.0,0,0,0,NONE,NONE,False,,,5
455,2550.0,200.0,0.0,0.085,0.0,0.0,0.0,0,0,0,NONE,NONE,False,,,5
456,2600.0,200.0,0.0,0.085,0.0,0.0,0.0,0,0,0,NONE,NONE,False,,,6
457,2650.0,200.0,0.0,0.085,0.0,0.0,0.0,0,0,0,NONE,NONE,False,,,5
458,2700.0,200.0,0.0,0.085,0.0,0.0,0.0,0,0,0,NONE,NONE,False,,,5
459,2750.0,200.0,0.0,0.085,0.0,0.0,0.0,0,0,0,NONE,NONE,False,,,6
460,2800.0,200.0,0.0,0.085,0.0,0.0,0.0,0,0,0,NONE,NONE,False,,,6
461,2850.0,200.0,0.0,0.085,0.0,0.0,0.0,0,0,0,NONE,NONE,False,,,5
462,2900.0,200.0,0.0,0.085,0.0,0.0,0.0,0,0,0,NONE,NONE,False,,,5
463,2950.0,200.0,0.0,0.085,0.0,0.0,0.0,0,0,0,NONE,NONE,False,,,4
464,3000.0,200.0,0.0,0.085,0.0,0.0,0.0,0,0,0,NONE,NONE,False,,,4
465,3050.0,200.0,0.0,0.085,0.0,0.0,0.0,0,0,0,NONE,NONE,False,,,5
466,3100.0,200.0,0.0,0.085,0.0,0.0,0.0,0,0,0,NONE,NONE,False,,,4
467,3150.0,200.0,0.0,0.085,0.0,0.0,0.0,0,0,0,NONE,NONE,False,,,4
468,3200.0,200.0,0.0,0.085,0.0,0.0,0.0,0,0,0,NONE,NONE,False,,,4
469,3250.0,200.0,0.0,0.085,0.0,0.0,0.0,0,0,0,NONE,NONE,False,,,4
470,3300.0,200.0,0.0,0.085,0.0,0.0,0.0,0,0,0,NONE,NONE,False,,,4
471,3350.0,200.0,0.0,0.085,0.0,0.0,0.0,0,0,0,NONE,NONE,False,,,4
472,3400.0,200.0,0.0,0.085,0.0,0.0,0.0,0,0,0,NONE,NONE,False,,,5
473,3450.0,200.0,0.0,0.085,0.0,0.0,0.0,0,0,0,NONE,NONE,False,,,5
474,3500.0,200.0,0.0,0.085,0.0,0.0,0.0,0,0,0,NONE,NONE,False,,,4
475,3550.0,200.0,0.0,0.085,0.0,0.0,0.0,0,0,0,NONE,NONE,False,,,4
476,3600.0,200.0,0.0,0.085,0.0,0.0,0.0,0,0,0,NONE,NONE,False,,,4
477,3650.0,200.0,0.0,0.085,0.0,0.0,0.0,0,0,0,NONE,NONE,False,,,4
478,3700.0,200.0,0.0,0.085,0.0,0.0,0.0,0,0,0,NONE,NONE,False,,,4
479,3750.0,200.0,0.0,0.085,0.0,0.0,0.0,0,0,0,NONE,NONE,False,,,4
480,3800.0,200.0,0.0,0.085,0.0,0.0,0.0,0,0,0,NONE,NONE,False,,,4
481,3850.0,200.0,0.0,0.085,0.0,0.0,0.0,0,0,0,NONE,NONE,False,,,3
482,3900.0,200.0,0.0,0.085,0.0,0.0,0.0,0,0,0,NONE,NONE,False,,,3
483,3950.0,200.0,0.0,0.085,0.0,0.0,0.0,0,0,0,NONE,NONE,False,,,3
484,4000.0,200.0,0.0,0.085,0.0,0.0,0.0,0,0,0,NONE,NONE,False,,,3
485,4050.0,200.0,0.0,0.085,0.0,0.0,0.0,0,0,0,NONE,NONE,False,,,2
486,4100.0,200.0,0.0,0.085,0.0,0.0,0.0,0,0,0,NONE,NONE,False,,,2
487,4150.0,200.0,0.0,0.085,0.0,0.0,0.0,0,0,0,NONE,NONE,False,,,2
488,4200.0,200.0,0.0,0.085,0.0,0.0,0.0,0,0,0,NONE,NONE,False,,,2
489,4250.0,200.0,0.0,0.085,0.0,0.0,0.0,0,0,0,NONE,NONE,False,,,3
490,4300.0,200.0,0.0,0.085,0.0,0.0,0.0,0,0,0,NONE,NONE,False,,,2
491,4350.0,200.0,0.0,0.085,0.0,0.0,0.0,0,0,0,NONE,NONE,False,,,2
492,4400.0,200.0,0.0,0.085,0.0,0.0,0.0,0,0,0,NONE,NONE,False,,,2
493,4450.0,200.0,0.0,0.085,0.0,0.0,0.0,0,0,0,NONE,NONE,False,,,3
494,4500.0,200.0,0.0,0.085,0.0,0.0,0.0,0,0,0,NONE,NONE,False,,,3
495,4550.0,200.0,0.0,0.085,0.0,0.0,0.0,0,0,0,NONE,NONE,False,,,3
496,4600.0,200.0,0.0,0.085,0.0,0.0,0.0,0,0,0,NONE,NONE,False,,,3
497,4650.0,200.0,0.0,0.085,0.0,0.0,0.0,0,0,0,NONE,NONE,False,,,1
498,4700.0,200.0,0.0,0.085,0.0,0.0,0.0,0,0,0,NONE,NONE,False,,,1
499,4750.0,200.0,0.0,0.085,0.0,0.0,0.0,0,0,0,NONE,NONE,False,,,1
500,4800.0,200.0,0.0,0.085,0.0,0.0,0.0,0,0,0,NONE,NONE,False,,,0
501,4850.0,200.0,0.0,0.085,0.0,0.0,0.0,0,0,0,NONE,NONE,False,,,0
502,4900.0,200.0,0.0,0.085,0.0,0.0,0.0,0,0,0,NONE,NONE,False,,,0
503,4950.0,200.0,0.0,0.085,0.0,0.0,0.0,0,0,0,NONE,NONE,False,,,0
504,5000.0,200.0,0.0,0.085,0.0,0.0,0.0,0,0,0,NONE,NONE,False,,,0
505,0.0,250.0,0.0,0.085,0.0,0.0,0.0,0,0,0,NONE,NONE,False,,,2
506,50.0,250.0,0.0,0.085,0.0,0.0,0.0,0,0,0,NONE,NONE,False,,,2
507,100.0,250.0,0.0,0.085,0.0,0.0,0.0,0,0,0,NONE,NONE,False,,,2
508,150.0,250.0,0.0,0.085,0.0,0.0,0.0,0,0,0,NONE,NONE,False,,,2
509,200.0,250.0,0.0,0.085,0.0,0.0,0.0,0,0,0,NONE,NONE,False,,,2
510,250.0,250.0,0.0,10.0,1.0,0.0,1.0,1,0,0,NONE,NONE,False,,,0
511,300.0,250.0,0.0,10.0,1.0,0.0,1.0,1,0,0,NONE,NONE,False,,,0
512,350.0,250.0,0.0,10.0,1.0,0.0,1.0,1,0,0,NONE,NONE,False,,,0
513,400.0,250.0,0.0,10.0,1.0,0.0,1.0,1,0,0,NONE,NONE,False,,,0
514,450.0,250.0,0.0,10.0,1.0,0.0,1.0,1,0,0,NONE,NONE,False,,,0
515,500.0,250.0,0.0,10.0,1.0,0.0,1.0,1,0,0,NONE,NONE,False,,,0
516,550.0,250.0,0.0,0.085,0.0,0.0,0.0,0,0,0,NONE,NONE,False,,,1
517,600.0,250.0,0.0,0.085,0.0,0.0,0.0,0,0,0,NONE,NONE,False,,,1
518,650.0,250.0,0.0,0.085,0.0,0.0,0.0,0,0,0,NONE,NONE,False,,,1
519,700.0,250.0,0.0,0.085,0.0,0.0,0.0,0,0,0,NONE,NONE,False,,,1
520,750.0,250.0,0.0,0.085,0.0,0.0,0.0,0,0,0,NONE,NONE,False,,,2
521,800.0,250.0,0.0,0.085,0.0,0.0,0.0,0,0,0,NONE,NONE,False,,,2
522,850.0,250.0,0.0,0.085,0.0,0.0,0.0,0,0,0,NONE,NONE,False,,,2
523,900.0,250.0,0.0,0.085,0.0,0.0,0.0,0,0,0,NONE,NONE,False,,,3
524,950.0,250.0,0.0,0.085,0.0,0.0,0.0,0,0,0,NONE,NONE,False,,,2
525,1000.0,250.0,0.0,0.085,0.0,0.0,0.0,0,0,0,NONE,NONE,False,,,2
526,1050.0,250.0,0.0,0.085,0.0,0.0,0.0,0,0,0,NONE,NONE,False,,,4
527,1100.0,250.0,0.0,0.085,0.0,0.0,0.0,0,0,0,NONE,NONE,False,,,3
528,1150.0,250.0,0.0,0.085,0.0,0.0,0.0,0,0,0,NONE,NONE,False,,,3
529,1200.0,250.0,0.0,0.085,0.0,0.0,0.0,0,0,0,NONE,NONE,False,,,4
530,1250.0,250.0,0.0,0.085,0.0,0.0,0.0,0,0,0,NONE,NONE,False,,,4
531,1300.0,250.0,0.0,0.085,0.0,0.0,0.0,0,0,0,NONE,NONE,False,,,4
532,1350.0,250.0,0.0,0.085,0.0,0.0,0.0,0,0,0,NONE,NONE,False,,,4
533,1400.0,250.0,0.0,0.085,0.0,0.0,0.0,0,0,0,NONE,NONE,False,,,4
534,1450.0,250.0,0.0,0.085,0.0,0.0,0.0,0,0,0,NONE,NONE,False,,,4
535,1500.0,250.0,0.0,0.085,0.0,0.0,0.0,0,0,0,NONE,NONE,False,,,4
536,1550.0,250.0,0.0,0.085,0.0,0.0,0.0,0,0,0,NONE,NONE,False,,,4
537,1600.0,250.0,0.0,0.085,0.0,0.0,0.0,0,0,0,NONE,NONE,False,,,4
538,1650.0,250.0,0.0,0.085,0.0,0.0,0.0,0,0,0,NONE,NONE,False,,,4
539,1700.0,250.0,0.0,0.085,0.0,0.0,0.0,0,0,0,NONE,NONE,False,,,4
540,1750.0,250.0,0.0,0.085,0.0,0.0,0.0,0,0,0,NONE,NONE,False,,,5
541,1800.0,250.0,0.0,0.085,0.0,0.0,0.0,0,0,0,NONE,NONE,False,,,4
542,1850.0,250.0,0.0,0.085,0.0,0.0,0.0,0,0,0,NONE,NONE,False,,,4
543,1900.0,250.0,0.0,0.085,0.0,0.0,0.0,0,0,0,NONE,NONE,False,,,4
544,1950.0,250.0,0.0,0.085,0.0,0.0,0.0,0,0,0,NONE,NONE,False,,,3
545,2000.0,250.0,0.0,0.085,0.0,0.0,0.0,0,0,0,NONE,NONE,False,,,4
546,2050.0,250.0,0.0,0.085,0.0,0.0,0.0,0,0,0,NONE,NONE,False,,,4
547,2100.0,250.0,0.0,0.085,0.0,0.0,0.0,0,0,0,NONE,NONE,False,,,3
548,2150.0,250.0,0.0,0.085,0.0,0.0,0.0,0,0,0,NONE,NONE,False,,,4
549,2200.0,250.0,0.0,0.085,0.0,0.0,0.0,0,0,0,NONE,NONE,False,,,4
550,2250.0,250.0,0.0,0.085,0.0,0.0,0.0,0,0,0,NONE,NONE,False,,,4
551,2300.0,250.0,0.0,0.085,0.0,0.0,0.0,0,0,0,NONE,NONE,False,,,5
552,2350.0,250.0,0.0,0.085,0.0,0.0,0.0,0,0,0,NONE,NONE,False,,,5
553,2400.0,250.0,0.0,0.085,0.0,0.0,0.0,0,0,0,NONE,NONE,False,,,5
554,2450.0,250.0,0.0,0.085,0.0,0.0,0.0,0,0,0,NONE,NONE,False,,,6
555,2500.0,250.0,0.0,0.085,0.0,0.0,0.0,0,0,0,NONE,NONE,False,,,5
556,2550.0,250.0,0.0,0.085,0.0,0.0,0.0,0,0,0,NONE,NONE,False,,,5
557,2600.0,250.0,0.0,0.085,0.0,0.0,0.0,0,0,0,NONE,NONE,False,,,5
558,2650.0,250.0,0.0,0.085,0.0,0.0,0.0,0,0,0,NONE,NONE,False,,,6
559,2700.0,250.0,0.0,0.085,0.0,0.0,0.0,0,0,0,NONE,NONE,False,,,6
560,2750.0,250.0,0.0,0.085,0.0,0.0,0.0,0,0,0,NONE,NONE,False,,,6
561,2800.0,250.0,0.0,0.085,0.0,0.0,0.0,0,0,0,NONE,NONE,False,,,5
562,2850.0,250.0,0.0,0.085,0.0,0.0,0.0,0,0,0,NONE,NONE,False,,,4
563,2900.0,250.0,0.0,0.085,0.0,0.0,0.0,0,0,0,NONE,NONE,False,,,4
564,2950.0,250.0,0.0,0.085,0.0,0.0,0.0,0,0,0,NONE,NONE,False,,,4
565,3000.0,250.0,0.0,0.085,0.0,0.0,0.0,0,0,0,NONE,NONE,False,,,4
566,3050.0,250.0,0.0,0.085,0.0,0.0,0.0,0,0,0,NONE,NONE,False,,,4
567,3100.0,250.0,0.0,0.085,0.0,0.0,0.0,0,0,0,NONE,NONE,False,,,4
568,3150.0,250.0,0.0,0.085,0.0,0.0,0.0,0,0,0,NONE,NONE,False,,,3
569,3200.0,250.0,0.0,0.085,0.0,0.0,0.0,0,0,0,NONE,NONE,False,,,3
570,3250.0,250.0,0.0,0.085,0.0,0.0,0.0,0,0,0,NONE,NONE,False,,,3
571,3300.0,250.0,0.0,0.085,0.0,0.0,0.0,0,0,0,NONE,NONE,False,,,3
572,3350.0,250.0,0.0,0.085,0.0,0.0,0.0,0,0,0,NONE,NONE,False,,,3
573,3400.0,250.0,0.0,0.085,0.0,0.0,0.0,0,0,0,NONE,NONE,False,,,3
574,3450.0,250.0,0.0,0.085,0.0,0.0,0.0,0,0,0,NONE,NONE,False,,,3
575,3500.0,250.0,0.0,0.085,0.0,0.0,0.0,0,0,0,NONE,NONE,False,,,3
576,3550.0,250.0,0.0,0.085,0.0,0.0,0.0,0,0,0,NONE,NONE,False,,,3
577,3600.0,250.0,0.0,0.085,0.0,0.0,0.0,0,0,0,NONE,NONE,False,,,3
578,3650.0,250.0,0.0,0.085,0.0,0.0,0.0,0,0,0,NONE,NONE,False,,,3
579,3700.0,250.0,0.0,0.085,0.0,0.0,0.0,0,0,0,NONE,NONE,False,,,3
580,3750.0,250.0,0.0,0.085,0.0,0.0,0.0,0,0,0,NONE,NONE,False,,,3
581,3800.0,250.0,0.0,0.085,0.0,0.0,0.0,0,0,0,NONE,NONE,False,,,3
582,3850.0,250.0,0.0,0.085,0.0,0.0,0.0,0,0,0,NONE,NONE,False,,,3
583,3900.0,250.0,0.0,0.085,0.0,0.0,0.0,0,0,0,NONE,NONE,False,,,3
584,3950.0,250.0,0.0,0.085,0.0,0.0,0.0,0,0,0,NONE,NONE,False,,,2
585,4000.0,250.0,0.0,0.085,0.0,0.0,0.0,0,0,0,NONE,NONE,False,,,2
586,4050.0,250.0,0.0,0.085,0.0,0.0,0.0,0,0,0,NONE,NONE,False,,,2
587,4100.0,250.0,0.0,0.085,0.0,0.0,0.0,0,0,0,NONE,NONE,False,,,2
588,4150.0,250.0,0.0,10.0,1.0,0.0,1.0,1,0,0,NONE,NONE,False,,,0
589,4200.0,250.0,0.0,10.0,1.0,0.0,1.0,1,0,0,NONE,NONE,False,,,0
590,4250.0,250.0,0.0,10.0,1.0,0.0,1.0,1,0,0,NONE,NONE,False,,,0
591,4300.0,250.0,0.0,10.0,1.0,0.0,1.0,1,0,0,NONE,NONE,False,,,0
592,4350.0,250.0,0.0,10.0,1.0,0.0,1.0,1,0,0,NONE,NONE,False,,,0
593,4400.0,250.0,0.0,0.085,0.0,0.0,0.0,0,0,0,NONE,NONE,False,,,2
594,4450.0,250.0,0.0,0.085,0.0,0.0,0.0,0,0,0,NONE,NONE,False,,,2
595,4500.0,250.0,0.0,0.085,0.0,0.0,0.0,0,0,0,NONE,NONE,False,,,3
596,4550.0,250.0,0.0,0.085,0.0,0.0,0.0,0,0,0,NONE,NONE,False,,,3
597,4600.0,250.0,0.0,0.085,0.0,0.0,0.0,0,0,0,NONE,NONE,False,,,3
598,4650.0,250.0,0.0,0.085,0.0,0.0,0.0,0,0,0,NONE,NONE,False,,,2
599,4700.0,250.0,0.0,0.085,0.0,0.0,0.0,0,0,0,NONE,NONE,False,,,1
600,4750.0,250.0,0.0,0.085,0.0,0.0,0.0,0,0,0,NONE,NONE,False,,,1
601,4800.0,250.0,0.0,0.085,0.0,0.0,0.0,0,0,0,NONE,NONE,False,,,1
602,4850.0,250.0,0.0,0.085,0.0,0.0,0.0,0,0,0,NONE,NONE,False,,,0
603,4900.0,250.0,0.0,0.085,0.0,0.0,0.0,0,0,0,NONE,NONE,False,,,0
604,4950.0,250.0,0.0,0.085,0.0,0.0,0.0,0,0,0,NONE,NONE,False,,,0
605,5000.0,250.0,0.0,0.085,0.0,0.0,0.0,0,0,0,NONE,NONE,False,,,0
606,0.0,300.0,0.0,0.085,0.0,0.0,0.0,0,0,0,NONE,NONE,False,,,2
607,50.0,300.0,0.0,0.085,0.0,0.0,0.0,0,0,0,NONE,NONE,False,,,2
608,100.0,300.0,0.0,0.085,0.0,0.0,0.0,0,0,0,NONE,NONE,False,,,2
609,150.0,300.0,0.0,0.085,0.0,0.0,0.0,0,0,0,NONE,NONE,False,,,2
610,200.0,300.0,0.0,10.0,1.0,0.0,1.0,1,0,0,NONE,NONE,False,,,0
611,250.0,300.0,0.0,10.0,1.0,0.0,1.0,1,0,0,NONE,NONE,False,,,0
612,300.0,300.0,0.0,10.0,1.0,0.0,1.0,1,0,0,NONE,NONE,False,,,0
613,350.0,300.0,0.0,10.0,1.0,0.0,1.0,1,0,0,NONE,NONE,False,,,0
614,400.0,300.0,0.0,10.0,1.0,0.0,1.0,1,0,0,NONE,NONE,False,,,0
615,450.0,300.0,0.0,10.0,1.0,0.0,1.0,1,0,0,NONE,NONE,False,,,0
616,500.0,300.0,0.0,10.0,1.0,0.0,1.0,1,0,0,NONE,NONE,False,,,0
617,550.0,300.0,0.0,10.0,1.0,0.0,1.0,1,0,0,NONE,NONE,False,,,0
618,600.0,300.0,0.0,0.085,0.0,0.0,0.0,0,0,0,NONE,NONE,False,,,0
619,650.0,300.0,0.0,0.085,0.0,0.0,0.0,0,0,0,NONE,NONE,False,,,1
620,700.0,300.0,0.0,0.085,0.0,0.0,0.0,0,0,0,NONE,NONE,False,,,2
621,750.0,300.0,0.0,0.085,0.0,0.0,0.0,0,0,0,NONE,NONE,False,,,2
622,800.0,300.0,0.0,0.085,0.0,0.0,0.0,0,0,0,NONE,NONE,False,,,2
623,850.0,300.0,0.0,0.085,0.0,0.0,0.0,0,0,0,NONE,NONE,False,,,2
624,900.0,300.0,0.0,0.085,0.0,0.0,0.0,0,0,0,NONE,NONE,False,,,3
625,950.0,300.0,0.0,0.085,0.0,0.0,0.0,0,0,0,NONE,NONE,False,,,3
626,1000.0,300.0,0.0,0.085,0.0,0.0,0.0,0,0,0,NONE,NONE,False,,,4
627,1050.0,300.0,0.0,0.085,0.0,0.0,0.0,0,0,0,NONE,NONE,False,,,3
628,1100.0,300.0,0.0,0.085,0.0,0.0,0.0,0,0,0,NONE,NONE,False,,,3
629,1150.0,300.0,0.0,0.085,0.0,0.0,0.0,0,0,0,NONE,NONE,False,,,4
630,1200.0,300.0,0.0,0.085,0.0,0.0,0.0,0,0,0,NONE,NONE,False,,,3
631,1250.0,300.0,0.0,0.085,0.0,0.0,0.0,0,0,0,NONE,NONE,False,,,3
632,1300.0,300.0,0.0,0.085,0.0,0.0,0.0,0,0,0,NONE,NONE,False,,,4
633,1350.0,300.0,0.0,0.085,0.0,0.0,0.0,0,0,0,NONE,NONE,False,,,4
634,1400.0,300.0,0.0,0.085,0.0,0.0,0.0,0,0,0,NONE,NONE,False,,,4
635,1450.0,300.0,0.0,0.085,0.0,0.0,0.0,0,0,0,NONE,NONE,False,,,4
636,1500.0,300.0,0.0,0.085,0.0,0.0,0.0,0,0,0,NONE,NONE,False,,,4
637,1550.0,300.0,0.0,0.085,0.0,0.0,0.0,0,0,0,NONE,NONE,False,,,3
638,1600.0,300.0,0.0,0.085,0.0,0.0,0.0,0,0,0,NONE,NONE,False,,,3
639,1650.0,300.0,0.0,0.085,0.0,0.0,0.0,0,0,0,NONE,NONE,False,,,4
640,1700.0,300.0,0.0,0.085,0.0,0.0,0.0,0,0,0,NONE,NONE,False,,,4
641,1750.0,300.0,0.0,0.085,0.0,0.0,0.0,0,0,0,NONE,NONE,False,,,3
642,1800.0,300.0,0.0,0.085,0.0,0.0,0.0,0,0,0,NONE,NONE,False,,,4
643,1850.0,300.0,0.0,0.085,0.0,0.0,0.0,0,0,0,NONE,NONE,False,,,3
644,1900.0,300.0,0.0,0.085,0.0,0.0,0.0,0,0,0,NONE,NONE,False,,,3
645,1950.0,300.0,0.0,0.085,0.0,0.0,0.0,0,0,0,NONE,NONE,False,,,4
646,2000.0,300.0,0.0,0.085,0.0,0.0,0.0,0,0,0,NONE,NONE,False,,,3
647,2050.0,300.0,0.0,0.085,0.0,0.0,0.0,0,0,0,NONE,NONE,False,,,3
648,2100.0,300.0,0.0,0.085,0.0,0.0,0.0,0,0,0,NONE,NONE,False,,,4
649,2150.0,300.0,0.0,0.085,0.0,0.0,0.0,0,0,0,NONE,NONE,False,,,3
650,2200.0,300.0,0.0,0.085,0.0,0.0,0.0,0,0,0,NONE,NONE,False,,,3
651,2250.0,300.0,0.0,0.085,0.0,0.0,0.0,0,0,0,NONE,NONE,False,,,4
652,2300.0,300.0,0.0,0.085,0.0,0.0,0.0,0,0,0,NONE,NONE,False,,,4
653,2350.0,300.0,0.0,0.085,0.0,0.0,0.0,0,0,0,NONE,NONE,False,,,4
654,2400.0,300.0,0.0,0.085,0.0,0.0,0.0,0,0,0,NONE,NONE,False,,,5
655,2450.0,300.0,0.0,0.085,0.0,0.0,0.0,0,0,0,NONE,NONE,False,,,4
656,2500.0,300.0,0.0,0.085,0.0,0.0,0.0,0,0,0,NONE,NONE,False,,,5
657,2550.0,300.0,0.0,0.085,0.0,0.0,0.0,0,0,0,NONE,NONE,False,,,5
658,2600.0,300.0,0.0,0.085,0.0,0.0,0.0,0,0,0,NONE,NONE,False,,,5
659,2650.0,300.0,0.0,0.085,0.0,0.0,0.0,0,0,0,NONE,NONE,False,,,6
660,2700.0,300.0,0.0,0.085,0.0,0.0,0.0,0,0,0,NONE,NONE,True,minor,TN18,7
661,2750.0,300.0,0.0,0.085,0.0,0.0,0.0,0,0,0,NONE,NONE,False,,,5
662,2800.0,300.0,0.0,0.085,0.0,0.0,0.0,0,0,0,NONE,NONE,False,,,5
663,2850.0,300.0,0.0,0.085,0.0,0.0,0.0,0,0,0,NONE,NONE,False,,,5
664,2900.0,300.0,0.0,0.085,0.0,0.0,0.0,0,0,0,NONE,NONE,False,,,3
665,2950.0,300.0,0.0,0.085,0.0,0.0,0.0,0,0,0,NONE,NONE,False,,,4
666,3000.0,300.0,0.0,0.085,0.0,0.0,0.0,0,0,0,NONE,NONE,False,,,4
667,3050.0,300.0,0.0,0.085,0.0,0.0,0.0,0,0,0,NONE,NONE,False,,,3
668,3100.0,300.0,0.0,0.085,0.0,0.0,0.0,0,0,0,NONE,NONE,False,,,3
669,3150.0,300.0,0.0,0.085,0.0,0.0,0.0,0,0,0,NONE,NONE,False,,,3
670,3200.0,300.0,0.0,0.085,0.0,0.0,0.0,0,0,0,NONE,NONE,False,,,2
671,3250.0,300.0,0.0,10.0,1.0,0.0,1.0,1,0,0,NONE,NONE,False,,,0
672,3300.0,300.0,0.0,10.0,1.0,0.0,1.0,1,0,0,NONE,NONE,False,,,0
673,3350.0,300.0,0.0,10.0,1.0,0.0,1.0,1,0,0,NONE,NONE,False,,,0
674,3400.0,300.0,0.0,10.0,1.0,0.0,1.0,1,0,0,NONE,NONE,False,,,0
675,3450.0,300.0,0.0,10.0,1.0,0.0,1.0,1,0,0,NONE,NONE,False,,,0
676,3500.0,300.0,0.0,10.0,1.0,0.0,1.0,1,0,0,NONE,NONE,False,,,0
677,3550.0,300.0,0.0,10.0,1.0,0.0,1.0,1,0,0,NONE,NONE,False,,,0
678,3600.0,300.0,0.0,10.0,1.0,0.0,1.0,1,0,0,NONE,NONE,False,,,0
679,3650.0,300.0,0.0,0.085,0.0,0.0,0.0,0,0,0,NONE,NONE,False,,,2
680,3700.0,300.0,0.0,0.085,0.0,0.0,0.0,0,0,0,NONE,NONE,False,,,2
681,3750.0,300.0,0.0,0.085,0.0,0.0,0.0,0,0,0,NONE,NONE,False,,,2
682,3800.0,300.0,0.0,0.085,0.0,0.0,0.0,0,0,0,NONE,NONE,False,,,2
683,3850.0,300.0,0.0,0.085,0.0,0.0,0.0,0,0,0,NONE,NONE,False,,,2
684,3900.0,300.0,0.0,0.085,0.0,0.0,0.0,0,0,0,NONE,NONE,False,,,2
685,3950.0,300.0,0.0,0.085,0.0,0.0,0.0,0,0,0,NONE,NONE,False,,,2
686,4000.0,300.0,0.0,0.085,0.0,0.0,0.0,0,0,0,NONE,NONE,False,,,1
687,4050.0,300.0,0.0,0.085,0.0,0.0,0.0,0,0,0,NONE,NONE,False,,,1
688,4100.0,300.0,0.0,10.0,1.0,0.0,1.0,1,0,0,NONE,NONE,False,,,0
689,4150.0,300.0,0.0,10.0,1.0,0.0,1.0,1,0,0,NONE,NONE,False,,,0
690,4200.0,300.0,0.0,10.0,1.0,0.0,1.0,1,0,0,NONE,NONE,False,,,0
691,4250.0,300.0,0.0,10.0,1.0,0.0,1.0,1,0,0,NONE,NONE,False,,,0
692,4300.0,300.0,0.0,10.0,1.0,0.0,1.0,1,0,0,NONE,NONE,False,,,0
693,4350.0,300.0,0.0,10.0,1.0,0.0,1.0,1,0,0,NONE,NONE,False,,,0
694,4400.0,300.0,0.0,10.0,1.0,0.0,1.0,1,0,0,NONE,NONE,False,,,0
695,4450.0,300.0,0.0,0.085,0.0,0.0,0.0,0,0,0,NONE,NONE,False,,,2
696,4500.0,300.0,0.0,0.085,0.0,0.0,0.0,0,0,0,NONE,NONE,False,,,2
697,4550.0,300.0,0.0,0.085,0.0,0.0,0.0,0,0,0,NONE,NONE,False,,,3
698,4600.0,300.0,0.0,0.085,0.0,0.0,0.0,0,0,0,NONE,NONE,False,,,3
699,4650.0,300.0,0.0,0.085,0.0,0.0,0.0,0,0,0,NONE,NONE,False,,,2
700,4700.0,300.0,0.0,0.085,0.0,0.0,0.0,0,0,0,NONE,NONE,False,,,2
701,4750.0,300.0,0.0,0.085,0.0,0.0,0.0,0,0,0,NONE,NONE,False,,,1
702,4800.0,300.0,0.0,0.085,0.0,0.0,0.0,0,0,0,NONE,NONE,False,,,1
703,4850.0,300.0,0.0,0.085,0.0,0.0,0.0,0,0,0,NONE,NONE,False,,,1
704,4900.0,300.0,0.0,0.085,0.0,0.0,0.0,0,0,0,NONE,NONE,False,,,0
705,4950.0,300.0,0.0,0.085,0.0,0.0,0.0,0,0,0,NONE,NONE,False,,,0
706,5000.0,300.0,0.0,0.085,0.0,0.0,0.0,0,0,0,NONE,NONE,False,,,0
707,0.0,350.0,0.0,0.085,0.0,0.0,0.0,0,0,0,NONE,NONE,False,,,2
708,50.0,350.0,0.0,0.085,0.0,0.0,0.0,0,0,0,NONE,NONE,False,,,2
709,100.0,350.0,0.0,0.085,0.0,0.0,0.0,0,0,0,NONE,NONE,False,,,2
710,150.0,350.0,0.0,0.085,0.0,0.0,0.0,0,0,0,NONE,NONE,False,,,2
711,200.0,350.0,0.0,10.0,1.0,0.0,1.0,1,0,0,NONE,NONE,False,,,0
712,250.0,350.0,0.0,10.0,1.0,0.0,1.0,1,0,0,NONE,NONE,False,,,0
713,300.0,350.0,0.0,10.0,1.0,0.0,1.0,1,0,0,NONE,NONE,False,,,0
714,350.0,350.0,0.0,10.0,1.0,0.0,1.0,1,0,0,NONE,NONE,False,,,0
715,400.0,350.0,0.0,10.0,1.0,0.0,1.0,1,0,0,NONE,NONE,False,,,0
716,450.0,350.0,0.0,10.0,1.0,0.0,1.0,1,0,0,NONE,NONE,False,,,0
717,500.0,350.0,0.0,10.0,1.0,0.0,1.0,1,0,0,NONE,NONE,False,,,0
718,550.0,350.0,0.0,10.0,1.0,0.0,1.0,1,0,0,NONE,NONE,False,,,0
719,600.0,350.0,0.0,0.085,0.0,0.0,0.0,0,0,0,NONE,NONE,False,,,0
720,650.0,350.0,0.0,0.085,0.0,0.0,0.0,0,0,0,NONE,NONE,False,,,1
721,700.0,350.0,0.0,0.085,0.0,0.0,0.0,0,0,0,NONE,NONE,False,,,2
722,750.0,350.0,0.0,0.085,0.0,0.0,0.0,0,0,0,NONE,NONE,False,,,2
723,800.0,350.0,0.0,0.085,0.0,0.0,0.0,0,0,0,NONE,NONE,False,,,2
724,850.0,350.0,0.0,0.085,0.0,0.0,0.0,0,0,0,NONE,NONE,False,,,2
725,900.0,350.0,0.0,0.085,0.0,0.0,0.0,0,0,0,NONE,NONE,False,,,3
726,950.0,350.0,0.0,0.085,0.0,0.0,0.0,0,0,0,NONE,NONE,False,,,4
727,1000.0,350.0,0.0,0.085,0.0,0.0,0.0,0,0,0,NONE,NONE,False,,,4
728,1050.0,350.0,0.0,0.085,0.0,0.0,0.0,0,0,0,NONE,NONE,False,,,4
729,1100.0,350.0,0.0,0.085,0.0,0.0,0.0,0,0,0,NONE,NONE,False,,,5
730,1150.0,350.0,0.0,0.085,0.0,0.0,0.0,0,0,0,NONE,NONE,False,,,5
731,1200.0,350.0,0.0,0.085,0.0,0.0,0.0,0,0,0,NONE,NONE,False,,,4
732,1250.0,350.0,0.0,0.085,0.0,0.0,0.0,0,0,0,NONE,NONE,False,,,5
733,1300.0,350.0,0.0,0.085,0.0,0.0,0.0,0,0,0,NONE,NONE,False,,,4
734,1350.0,350.0,0.0,0.085,0.0,0.0,0.0,0,0,0,NONE,NONE,False,,,4
735,1400.0,350.0,0.0,0.085,0.0,0.0,0.0,0,0,0,NONE,NONE,False,,,4
736,1450.0,350.0,0.0,0.085,0.0,0.0,0.0,0,0,0,NONE,NONE,False,,,4
737,1500.0,350.0,0.0,0.085,0.0,0.0,0.0,0,0,0,NONE,NONE,False,,,4
738,1550.0,350.0,0.0,0.085,0.0,0.0,0.0,0,0,0,NONE,NONE,False,,,4
739,1600.0,350.0,0.0,0.085,0.0,0.0,0.0,0,0,0,NONE,NONE,False,,,3
740,1650.0,350.0,0.0,0.085,0.0,0.0,0.0,0,0,0,NONE,NONE,False,,,3
741,1700.0,350.0,0.0,0.085,0.0,0.0,0.0,0,0,0,NONE,NONE,False,,,4
742,1750.0,350.0,0.0,0.085,0.0,0.0,0.0,0,0,0,NONE,NONE,False,,,4
743,1800.0,350.0,0.0,0.085,0.0,0.0,0.0,0,0,0,NONE,NONE,False,,,4
744,1850.0,350.0,0.0,0.085,0.0,0.0,0.0,0,0,0,NONE,NONE,False,,,5
745,1900.0,350.0,0.0,0.085,0.0,0.0,0.0,0,0,0,NONE,NONE,False,,,5
746,1950.0,350.0,0.0,0.085,0.0,0.0,0.0,0,0,0,NONE,NONE,False,,,5
747,2000.0,350.0,0.0,0.085,0.0,0.0,0.0,0,0,0,NONE,NONE,False,,,5
748,2050.0,350.0,0.0,0.085,0.0,0.0,0.0,0,0,0,NONE,NONE,False,,,5
749,2100.0,350.0,0.0,0.085,0.0,0.0,0.0,0,0,0,NONE,NONE,False,,,5
750,2150.0,350.0,0.0,0.085,0.0,0.0,0.0,0,0,0,NONE,NONE,False,,,5
751,2200.0,350.0,0.0,0.085,0.0,0.0,0.0,0,0,0,NONE,NONE,False,,,5
752,2250.0,350.0,0.0,0.085,0.0,0.0,0.0,0,0,0,NONE,NONE,False,,,4
753,2300.0,350.0,0.0,0.085,0.0,0.0,0.0,0,0,0,NONE,NONE,False,,,5
754,2350.0,350.0,0.0,0.085,0.0,0.0,0.0,0,0,0,NONE,NONE,False,,,6
755,2400.0,350.0,0.0,0.085,0.0,0.0,0.0,0,0,0,NONE,NONE,False,,,5
756,2450.0,350.0,0.0,0.085,0.0,0.0,0.0,0,0,0,NONE,NONE,False,,,5
757,2500.0,350.0,0.0,0.085,0.0,0.0,0.0,0,0,0,NONE,NONE,False,,,6
758,2550.0,350.0,0.0,0.085,0.0,0.0,0.0,0,0,0,NONE,NONE,False,,,5
759,2600.0,350.0,0.0,0.085,0.0,0.0,0.0,0,0,0,NONE,NONE,False,,,7
760,2650.0,350.0,0.0,0.085,0.0,0.0,0.0,0,0,0,NONE,NONE,False,,,6
761,2700.0,350.0,0.0,0.085,0.0,0.0,0.0,0,0,0,NONE,NONE,False,,,5
762,2750.0,350.0,0.0,0.085,0.0,0.0,0.0,0,0,0,NONE,NONE,False,,,6
763,2800.0,350.0,0.0,0.085,0.0,0.0,0.0,0,0,0,NONE,NONE,False,,,5
764,2850.0,350.0,0.0,0.085,0.0,0.0,0.0,0,0,0,NONE,NONE,False,,,3
765,2900.0,350.0,0.0,0.085,0.0,0.0,0.0,0,0,0,NONE,NONE,False,,,4
766,2950.0,350.0,0.0,0.085,0.0,0.0,0.0,0,0,0,NONE,NONE,False,,,3
767,3000.0,350.0,0.0,0.085,0.0,0.0,0.0,0,0,0,NONE,NONE,False,,,3
768,3050.0,350.0,0.0,0.085,0.0,0.0,0.0,0,0,0,NONE,NONE,False,,,3
769,3100.0,350.0,0.0,0.085,0.0,0.0,0.0,0,0,0,NONE,NONE,False,,,3
770,3150.0,350.0,0.0,0.085,0.0,0.0,0.0,0,0,0,NONE,NONE,False,,,3
771,3200.0,350.0,0.0,0.085,0.0,0.0,0.0,0,0,0,NONE,NONE,False,,,2
772,3250.0,350.0,0.0,10.0,1.0,0.0,1.0,1,0,0,NONE,NONE,False,,,0
773,3300.0,350.0,0.0,10.0,1.0,0.0,1.0,1,0,0,NONE,NONE,False,,,0
774,3350.0,350.0,0.0,10.0,1.0,0.0,1.0,1,0,0,NONE,NONE,False,,,0
775,3400.0,350.0,0.0,10.0,1.0,0.0,1.0,1,0,0,NONE,NONE,False,,,0
776,3450.0,350.0,0.0,10.0,1.0,0.0,1.0,1,0,0,NONE,NONE,False,,,0
777,3500.0,350.0,0.0,10.0,1.0,0.0,1.0,1,0,0,NONE,NONE,False,,,0
778,3550.0,350.0,0.0,10.0,1.0,0.0,1.0,1,0,0,NONE,NONE,False,,,0
779,3600.0,350.0,0.0,10.0,1.0,0.0,1.0,1,0,0,NONE,NONE,False,,,0
780,3650.0,350.0,0.0,10.0,1.0,0.0,1.0,1,0,0,NONE,NONE,False,,,0
781,3700.0,350.0,0.0,0.085,0.0,0.0,0.0,0,0,0,NONE,NONE,False,,,2
782,3750.0,350.0,0.0,0.085,0.0,0.0,0.0,0,0,0,NONE,NONE,False,,,2
783,3800.0,350.0,0.0,0.085,0.0,0.0,0.0,0,0,0,NONE,NONE,False,,,2
784,3850.0,350.0,0.0,0.085,0.0,0.0,0.0,0,0,0,NONE,NONE,False,,,2
785,3900.0,350.0,0.0,0.085,0.0,0.0,0.0,0,0,0,NONE,NONE,False,,,2
786,3950.0,350.0,0.0,0.085,0.0,0.0,0.0,0,0,0,NONE,NONE,False,,,2
787,4000.0,350.0,0.0,0.085,0.0,0.0,0.0,0,0,0,NONE,NONE,False,,,2
788,4050.0,350.0,0.0,10.0,1.0,0.0,1.0,1,0,0,NONE,NONE,False,,,0
789,4100.0,350.0,0.0,10.0,1.0,0.0,1.0,1,0,0,NONE,NONE,False,,,0
790,4150.0,350.0,0.0,10.0,1.0,0.0,1.0,1,0,0,NONE,NONE,False,,,0
791,4200.0,350.0,0.0,10.0,1.0,0.0,1.0,1,0,0,NONE,NONE,False,,,0
792,4250.0,350.0,0.0,10.0,1.0,0.0,1.0,1,0,0,NONE,NONE,False,,,0
793,4300.0,350.0,0.0,10.0,1.0,0.0,1.0,1,0,0,NONE,NONE,False,,,0
794,4350.0,350.0,0.0,10.0,1.0,0.0,1.0,1,0,0,NONE,NONE,False,,,0
795,4400.0,350.0,0.0,10.0,1.0,0.0,1.0,1,0,0,NONE,NONE,False,,,0
796,4450.0,350.0,0.0,0.085,0.0,0.0,0.0,0,0,0,NONE,NONE,False,,,2
797,4500.0,350.0,0.0,0.085,0.0,0.0,0.0,0,0,0,NONE,NONE,False,,,2
798,4550.0,350.0,0.0,0.085,0.0,0.0,0.0,0,0,0,NONE,NONE,False,,,2
799,4600.0,350.0,0.0,0.085,0.0,0.0,0.0,0,0,0,NONE,NONE,False,,,3
800,4650.0,350.0,0.0,0.085,0.0,0.0,0.0,0,0,0,NONE,NONE,False,,,2
801,4700.0,350.0,0.0,0.085,0.0,0.0,0.0,0,0,0,NONE,NONE,False,,,2
802,4750.0,350.0,0.0,0.085,0.0,0.0,0.0,0,0,0,NONE,NONE,False,,,2
803,4800.0,350.0,0.0,0.085,0.0,0.0,0.0,0,0,0,NONE,NONE,False,,,1
804,4850.0,350.0,0.0,0.085,0.0,0.0,0.0,0,0,0,NONE,NONE,False,,,1
805,4900.0,350.0,0.0,0.085,0.0,0.0,0.0,0,0,0,NONE,NONE,False,,,1
806,4950.0,350.0,0.0,0.085,0.0,0.0,0.0,0,0,0,NONE,NONE,False,,,0
807,5000.0,350.0,0.0,0.085,0.0,0.0,0.0,0,0,0,NONE,NONE,False,,,0
808,0.0,400.0,0.0,0.085,0.0,0.0,0.0,0,0,0,NONE,NONE,False,,,2
809,50.0,400.0,0.0,0.085,0.0,0.0,0.0,0,0,0,NONE,NONE,False,,,2
810,100.0,400.0,0.0,0.085,0.0,0.0,0.0,0,0,0,NONE,NONE,False,,,2
811,150.0,400.0,0.0,10.0,1.0,0.0,1.0,1,0,0,NONE,NONE,False,,,0
812,200.0,400.0,0.0,10.0,1.0,0.0,1.0,1,0,0,NONE,NONE,False,,,0
813,250.0,400.0,0.0,10.0,1.0,0.0,1.0,1,0,0,NONE,NONE,False,,,0
814,300.0,400.0,0.0,10.0,1.0,0.0,1.0,1,0,0,NONE,NONE,False,,,0
815,350.0,400.0,0.0,10.0,1.0,0.0,1.0,1,0,0,NONE,NONE,False,,,0
816,400.0,400.0,0.0,10.0,1.0,0.0,1.0,1,0,0,NONE,NONE,False,,,0
817,450.0,400.0,0.0,10.0,1.0,0.0,1.0,1,0,0,NONE,NONE,False,,,0
818,500.0,400.0,0.0,10.0,1.0,0.0,1.0,1,0,0,NONE,NONE,False,,,0
819,550.0,400.0,0.0,10.0,1.0,0.0,1.0,1,0,0,NONE,NONE,False,,,0
820,600.0,400.0,0.0,10.0,1.0,0.0,1.0,1,0,0,NONE,NONE,False,,,0
821,650.0,400.0,0.0,0.085,0.0,0.0,0.0,0,0,0,NONE,NONE,False,,,1
822,700.0,400.0,0.0,0.085,0.0,0.0,0.0,0,0,0,NONE,NONE,False,,,1
823,750.0,400.0,0.0,0.085,0.0,0.0,0.0,0,0,0,NONE,NONE,False,,,2
824,800.0,400.0,0.0,0.085,0.0,0.0,0.0,0,0,0,NONE,NONE,False,,,2
825,850.0,400.0,0.0,0.085,0.0,0.0,0.0,0,0,0,NONE,NONE,False,,,2
826,900.0,400.0,0.0,0.085,0.0,0.0,0.0,0,0,0,NONE,NONE,False,,,4
827,950.0,400.0,0.0,0.085,0.0,0.0,0.0,0,0,0,NONE,NONE,False,,,3
828,1000.0,400.0,0.0,0.085,0.0,0.0,0.0,0,0,0,NONE,NONE,False,,,4
829,1050.0,400.0,0.0,0.085,0.0,0.0,0.0,0,0,0,NONE,NONE,False,,,4
830,1100.0,400.0,0.0,0.085,0.0,0.0,0.0,0,0,0,NONE,NONE,False,,,5
831,1150.0,400.0,0.0,0.085,0.0,0.0,0.0,0,0,0,NONE,NONE,False,,,6
832,1200.0,400.0,0.0,0.085,0.0,0.0,0.0,0,0,0,NONE,NONE,False,,,7
833,1250.0,400.0,0.0,0.085,0.0,0.0,0.0,0,0,0,NONE,NONE,False,,,4
834,1300.0,400.0,0.0,0.085,0.0,0.0,0.0,0,0,0,NONE,NONE,False,,,3
835,1350.0,400.0,0.0,0.085,0.0,0.0,0.0,0,0,0,NONE,NONE,False,,,4
836,1400.0,400.0,0.0,0.085,0.0,0.0,0.0,0,0,0,NONE,NONE,False,,,4
837,1450.0,400.0,0.0,0.085,0.0,0.0,0.0,0,0,0,NONE,NONE,False,,,4
838,1500.0,400.0,0.0,0.085,0.0,0.0,0.0,0,0,0,NONE,NONE,False,,,3
839,1550.0,400.0,0.0,0.085,0.0,0.0,0.0,0,0,0,NONE,NONE,False,,,3
840,1600.0,400.0,0.0,0.085,0.0,0.0,0.0,0,0,0,NONE,NONE,False,,,4
841,1650.0,400.0,0.0,0.085,0.0,0.0,0.0,0,0,0,NONE,NONE,False,,,3
842,1700.0,400.0,0.0,0.085,0.0,0.0,0.0,0,0,0,NONE,NONE,False,,,3
843,1750.0,400.0,0.0,0.085,0.0,0.0,0.0,0,0,0,NONE,NONE,False,,,4
844,1800.0,400.0,0.0,0.085,0.0,0.0,0.0,0,0,0,NONE,NONE,False,,,4
845,1850.0,400.0,0.0,0.085,0.0,0.0,0.0,0,0,0,NONE,NONE,False,,,5
846,1900.0,400.0,0.0,0.085,0.0,0.0,0.0,0,0,0,NONE,NONE,False,,,6
847,1950.0,400.0,0.0,0.085,0.0,0.0,0.0,0,0,0,NONE,NONE,False,,,5
848,2000.0,400.0,0.0,0.085,0.0,0.0,0.0,0,0,0,NONE,NONE,False,,,6
849,2050.0,400.0,0.0,0.085,0.0,0.0,0.0,0,0,0,NONE,NONE,False,,,6
850,2100.0,400.0,0.0,0.085,0.0,0.0,0.0,0,0,0,NONE,NONE,False,,,5
851,2150.0,400.0,0.0,0.085,0.0,0.0,0.0,0,0,0,NONE,NONE,False,,,6
852,2200.0,400.0,0.0,0.085,0.0,0.0,0.0,0,0,0,NONE,NONE,False,,,5
853,2250.0,400.0,0.0,0.085,0.0,0.0,0.0,0,0,0,NONE,NONE,False,,,5
854,2300.0,400.0,0.0,0.085,0.0,0.0,0.0,0,0,0,NONE,NONE,False,,,6
855,2350.0,400.0,0.0,0.085,0.0,0.0,0.0,0,0,0,NONE,NONE,False,,,5
856,2400.0,400.0,0.0,0.085,0.0,0.0,0.0,0,0,0,NONE,NONE,False,,,6
857,2450.0,400.0,0.0,0.085,0.0,0.0,0.0,0,0,0,NONE,NONE,False,,,6
858,2500.0,400.0,0.0,0.085,0.0,0.0,0.0,0,0,0,NONE,NONE,False,,,5
859,2550.0,400.0,0.0,0.085,0.0,0.0,0.0,0,0,0,NONE,NONE,False,,,6
860,2600.0,400.0,0.0,0.085,0.0,0.0,0.0,0,0,0,NONE,NONE,False,,,6
861,2650.0,400.0,0.0,0.085,0.0,0.0,0.0,0,0,0,NONE,NONE,False,,,5
862,2700.0,400.0,0.0,0.085,0.0,0.0,0.0,0,0,0,NONE,NONE,False,,,4
863,2750.0,400.0,0.0,0.085,0.0,0.0,0.0,0,0,0,NONE,NONE,False,,,4
864,2800.0,400.0,0.0,0.085,0.0,0.0,0.0,0,0,0,NONE,NONE,False,,,5
865,2850.0,400.0,0.0,0.085,0.0,0.0,0.0,0,0,0,NONE,NONE,False,,,4
866,2900.0,400.0,0.0,0.085,0.0,0.0,0.0,0,0,0,NONE,NONE,False,,,3
867,2950.0,400.0,0.0,0.085,0.0,0.0,0.0,0,0,0,NONE,NONE,False,,,4
868,3000.0,400.0,0.0,0.085,0.0,0.0,0.0,0,0,0,NONE,NONE,False,,,3
869,3050.0,400.0,0.0,0.085,0.0,0.0,0.0,0,0,0,NONE,NONE,False,,,3
870,3100.0,400.0,0.0,0.085,0.0,0.0,0.0,0,0,0,NONE,NONE,False,,,3
871,3150.0,400.0,0.0,0.085,0.0,0.0,0.0,0,0,0,NONE,NONE,False,,,3
872,3200.0,400.0,0.0,0.085,0.0,0.0,0.0,0,0,0,NONE,NONE,False,,,2
873,3250.0,400.0,0.0,10.0,1.0,0.0,1.0,1,0,0,NONE,NONE,False,,,0
874,3300.0,400.0,0.0,10.0,1.0,0.0,1.0,1,0,0,NONE,NONE,False,,,0
875,3350.0,400.0,0.0,10.0,1.0,0.0,1.0,1,0,0,NONE,NONE,False,,,0
876,3400.0,400.0,0.0,10.0,1.0,0.0,1.0,1,0,0,NONE,NONE,False,,,0
877,3450.0,400.0,0.0,10.0,1.0,0.0,1.0,1,0,0,NONE,NONE,False,,,0
878,3500.0,400.0,0.0,10.0,1.0,0.0,1.0,1,0,0,NONE,NONE,False,,,0
879,3550.0,400.0,0.0,10.0,1.0,0.0,1.0,1,0,0,NONE,NONE,False,,,0
880,3600.0,400.0,0.0,10.0,1.0,0.0,1.0,1,0,0,NONE,NONE,False,,,0
881,3650.0,400.0,0.0,10.0,1.0,0.0,1.0,1,0,0,NONE,NONE,False,,,0
882,3700.0,400.0,0.0,10.0,1.0,0.0,1.0,1,0,0,NONE,NONE,False,,,0
883,3750.0,400.0,0.0,0.085,0.0,0.0,0.0,0,0,0,NONE,NONE,False,,,1
884,3800.0,400.0,0.0,0.085,0.0,0.0,0.0,0,0,0,NONE,NONE,False,,,1
885,3850.0,400.0,0.0,0.085,0.0,0.0,0.0,0,0,0,NONE,NONE,False,,,2
886,3900.0,400.0,0.0,0.085,0.0,0.0,0.0,0,0,0,NONE,NONE,False,,,2
887,3950.0,400.0,0.0,0.085,0.0,0.0,0.0,0,0,0,NONE,NONE,False,,,2
888,4000.0,400.0,0.0,0.085,0.0,0.0,0.0,0,0,0,NONE,NONE,False,,,2
889,4050.0,400.0,0.0,10.0,1.0,0.0,1.0,1,0,0,NONE,NONE,False,,,0
890,4100.0,400.0,0.0,10.0,1.0,0.0,1.0,1,0,0,NONE,NONE,False,,,0
891,4150.0,400.0,0.0,10.0,1.0,0.0,1.0,1,0,0,NONE,NONE,False,,,0
892,4200.0,400.0,0.0,10.0,1.0,0.0,1.0,1,0,0,NONE,NONE,False,,,0
893,4250.0,400.0,0.0,10.0,1.0,0.0,1.0,1,0,0,NONE,NONE,False,,,0
894,4300.0,400.0,0.0,10.0,1.0,0.0,1.0,1,0,0,NONE,NONE,False,,,0
895,4350.0,400.0,0.0,10.0,1.0,0.0,1.0,1,0,0,NONE,NONE,False,,,0
896,4400.0,400.0,0.0,10.0,1.0,0.0,1.0,1,0,0,NONE,NONE,False,,,0
897,4450.0,400.0,0.0,0.085,0.0,0.0,0.0,0,0,0,NONE,NONE,False,,,1
898,4500.0,400.0,0.0,0.085,0.0,0.0,0.0,0,0,0,NONE,NONE,False,,,2
899,4550.0,400.0,0.0,0.085,0.0,0.0,0.0,0,0,0,NONE,NONE,False,,,2
900,4600.0,400.0,0.0,0.085,0.0,0.0,0.0,0,0,0,NONE,NONE,False,,,2
901,4650.0,400.0,0.0,0.085,0.0,0.0,0.0,0,0,0,NONE,NONE,True,minor,RN2,3
902,4700.0,400.0,0.0,0.085,0.0,0.0,0.0,0,0,0,NONE,NONE,False,,,2
903,4750.0,400.0,0.0,0.085,0.0,0.0,0.0,0,0,0,NONE,NONE,False,,,2
904,4800.0,400.0,0.0,0.085,0.0,0.0,0.0,0,0,0,NONE,NONE,False,,,2
905,4850.0,400.0,0.0,0.085,0.0,0.0,0.0,0,0,0,NONE,NONE,False,,,1
906,4900.0,400.0,0.0,0.085,0.0,0.0,0.0,0,0,0,NONE,NONE,False,,,1
907,4950.0,400.0,0.0,0.085,0.0,0.0,0.0,0,0,0,NONE,NONE,False,,,0
908,5000.0,400.0,0.0,0.085,0.0,0.0,0.0,0,0,0,NONE,NONE,False,,,0
909,0.0,450.0,0.0,0.085,0.0,0.0,0.0,0,0,0,NONE,NONE,False,,,2
910,50.0,450.0,0.0,0.085,0.0,0.0,0.0,0,0,0,NONE,NONE,False,,,2
911,100.0,450.0,0.0,0.085,0.0,0.0,0.0,0,0,0,NONE,NONE,False,,,2
912,150.0,450.0,0.0,10.0,1.0,0.0,1.0,1,0,0,NONE,NONE,False,,,0
913,200.0,450.0,0.0,10.0,1.0,0.0,1.0,1,0,0,NONE,NONE,False,,,0
914,250.0,450.0,0.0,10.0,1.0,0.0,1.0,1,0,0,NONE,NONE,False,,,0
915,300.0,450.0,0.0,10.0,1.0,0.0,1.0,1,0,0,NONE,NONE,False,,,0
916,350.0,450.0,0.0,10.0,1.0,0.0,1.0,1,0,0,NONE,NONE,False,,,0
917,400.0,450.0,0.0,10.0,1.0,0.0,1.0,1,0,0,NONE,NONE,False,,,0
918,450.0,450.0,0.0,10.0,1.0,0.0,1.0,1,0,0,NONE,NONE,False,,,0
919,500.0,450.0,0.0,10.0,1.0,0.0,1.0,1,0,0,NONE,NONE,False,,,0
920,550.0,450.0,0.0,10.0,1.0,0.0,1.0,1,0,0,NONE,NONE,False,,,0
921,600.0,450.0,0.0,10.0,1.0,0.0,1.0,1,0,0,NONE,NONE,False,,,0
922,650.0,450.0,0.0,0.085,0.0,0.0,0.0,0,0,0,NONE,NONE,False,,,1
923,700.0,450.0,0.0,0.085,0.0,0.0,0.0,0,0,0,NONE,NONE,False,,,1
924,750.0,450.0,0.0,0.085,0.0,0.0,0.0,0,0,0,NONE,NONE,False,,,1
925,800.0,450.0,0.0,0.085,0.0,0.0,0.0,0,0,0,NONE,NONE,False,,,2
926,850.0,450.0,0.0,0.085,0.0,0.0,0.0,0,0,0,NONE,NONE,False,,,3
927,900.0,450.0,0.0,0.085,0.0,0.0,0.0,0,0,0,NONE,NONE,False,,,3
928,950.0,450.0,0.0,0.085,0.0,0.0,0.0,0,0,0,NONE,NONE,False,,,4
929,1000.0,450.0,0.0,0.085,0.0,0.0,0.0,0,0,0,NONE,NONE,False,,,6
930,1050.0,450.0,0.0,0.085,0.0,0.0,0.0,0,0,0,NONE,NONE,False,,,6
931,1100.0,450.0,0.0,0.085,0.0,0.0,0.0,0,0,0,NONE,NONE,False,,,8
932,1150.0,450.0,0.0,0.085,0.0,0.0,0.0,0,0,0,NONE,NONE,False,,,17
933,1200.0,450.0,0.0,0.085,0.0,0.0,0.0,0,0,0,NONE,NONE,False,,,16
934,1250.0,450.0,0.0,0.085,0.0,0.0,0.0,0,0,0,NONE,NONE,False,,,16
935,1300.0,450.0,0.0,0.085,0.0,0.0,0.0,0,0,0,NONE,NONE,False,,,7
936,1350.0,450.0,0.0,0.085,0.0,0.0,0.0,0,0,0,NONE,NONE,False,,,6
937,1400.0,450.0,0.0,0.085,0.0,0.0,0.0,0,0,0,NONE,NONE,False,,,5
938,1450.0,450.0,0.0,0.085,0.0,0.0,0.0,0,0,0,NONE,NONE,False,,,5
939,1500.0,450.0,0.0,0.085,0.0,0.0,0.0,0,0,0,NONE,NONE,False,,,5
940,1550.0,450.0,0.0,0.085,0.0,0.0,0.0,0,0,0,NONE,NONE,False,,,4
941,1600.0,450.0,0.0,0.085,0.0,0.0,0.0,0,0,0,NONE,NONE,False,,,4
942,1650.0,450.0,0.0,0.085,0.0,0.0,0.0,0,0,0,NONE,NONE,False,,,5
943,1700.0,450.0,0.0,0.085,0.0,0.0,0.0,0,0,0,NONE,NONE,False,,,4
944,1750.0,450.0,0.0,0.085,0.0,0.0,0.0,0,0,0,NONE,NONE,False,,,4
945,1800.0,450.0,0.0,0.085,0.0,0.0,0.0,0,0,0,NONE,NONE,False,,,6
946,1850.0,450.0,0.0,0.085,0.0,0.0,0.0,0,0,0,NONE,NONE,False,,,6
947,1900.0,450.0,0.0,0.085,0.0,0.0,0.0,0,0,0,NONE,NONE,False,,,6
948,1950.0,450.0,0.0,0.085,0.0,0.0,0.0,0,0,0,NONE,NONE,False,,,8
949,2000.0,450.0,0.0,0.085,0.0,0.0,0.0,0,0,0,NONE,NONE,False,,,7
950,2050.0,450.0,0.0,0.085,0.0,0.0,0.0,0,0,0,NONE,NONE,False,,,7
951,2100.0,450.0,0.0,0.085,0.0,0.0,0.0,0,0,0,NONE,NONE,False,,,8
952,2150.0,450.0,0.0,0.085,0.0,0.0,0.0,0,0,0,NONE,NONE,False,,,6
953,2200.0,450.0,0.0,0.085,0.0,0.0,0.0,0,0,0,NONE,NONE,False,,,7
954,2250.0,450.0,0.0,0.085,0.0,0.0,0.0,0,0,0,NONE,NONE,False,,,8
955,2300.0,450.0,0.0,0.085,0.0,0.0,0.0,0,0,0,NONE,NONE,False,,,6
956,2350.0,450.0,0.0,0.085,0.0,0.0,0.0,0,0,0,NONE,NONE,False,,,6
957,2400.0,450.0,0.0,0.085,0.0,0.0,0.0,0,0,0,NONE,NONE,False,,,6
958,2450.0,450.0,0.0,0.085,0.0,0.0,0.0,0,0,0,NONE,NONE,False,,,5
959,2500.0,450.0,0.0,0.085,0.0,0.0,0.0,0,0,0,NONE,NONE,False,,,6
960,2550.0,450.0,0.0,0.085,0.0,0.0,0.0,0,0,0,NONE,NONE,False,,,6
961,2600.0,450.0,0.0,0.085,0.0,0.0,0.0,0,0,0,NONE,NONE,False,,,5
962,2650.0,450.0,0.0,0.085,0.0,0.0,0.0,0,0,0,NONE,NONE,False,,,6
963,2700.0,450.0,0.0,0.085,0.0,0.0,0.0,0,0,0,NONE,NONE,False,,,6
964,2750.0,450.0,0.0,0.085,0.0,0.0,0.0,0,0,0,NONE,NONE,False,,,4
965,2800.0,450.0,0.0,0.085,0.0,0.0,0.0,0,0,0,NONE,NONE,False,,,4
966,2850.0,450.0,0.0,0.085,0.0,0.0,0.0,0,0,0,NONE,NONE,False,,,5
967,2900.0,450.0,0.0,0.085,0.0,0.0,0.0,0,0,0,NONE,NONE,False,,,4
968,2950.0,450.0,0.0,0.085,0.0,0.0,0.0,0,0,0,NONE,NONE,False,,,3
969,3000.0,450.0,0.0,0.085,0.0,0.0,0.0,0,0,0,NONE,NONE,False,,,4
970,3050.0,450.0,0.0,0.085,0.0,0.0,0.0,0,0,0,NONE,NONE,False,,,4
971,3100.0,450.0,0.0,0.085,0.0,0.0,0.0,0,0,0,NONE,NONE,False,,,4
972,3150.0,450.0,0.0,0.085,0.0,0.0,0.0,0,0,0,NONE,NONE,False,,,3
973,3200.0,450.0,0.0,0.085,0.0,0.0,0.0,0,0,0,NONE,NONE,False,,,2
974,3250.0,450.0,0.0,0.085,0.0,0.0,0.0,0,0,0,NONE,NONE,False,,,2
975,3300.0,450.0,0.0,10.0,1.0,0.0,1.0,1,0,0,NONE,NONE,False,,,0
976,3350.0,450.0,0.0,10.0,1.0,0.0,1.0,1,0,0,NONE,NONE,False,,,0
977,3400.0,450.0,0.0,10.0,1.0,0.0,1.0,1,0,0,NONE,NONE,False,,,0
978,3450.0,450.0,0.0,10.0,1.0,0.0,1.0,1,0,0,NONE,NONE,False,,,0
979,3500.0,450.0,0.0,10.0,1.0,0.0,1.0,1,0,0,NONE,NONE,False,,,0
980,3550.0,450.0,0.0,10.0,1.0,0.0,1.0,1,0,0,NONE,NONE,False,,,0
981,3600.0,450.0,0.0,10.0,1.0,0.0,1.0,1,0,0,NONE,NONE,False,,,0
982,3650.0,450.0,0.0,10.0,1.0,0.0,1.0,1,0,0,NONE,NONE,False,,,0
983,3700.0,450.0,0.0,10.0,1.0,0.0,1.0,1,0,0,NONE,NONE,False,,,0
984,3750.0,450.0,0.0,10.0,1.0,0.0,1.0,1,0,0,NONE,NONE,False,,,0
985,3800.0,450.0,0.0,10.0,1.0,0.0,1.0,1,0,0,NONE,NONE,False,,,0
986,3850.0,450.0,0.0,0.085,0.0,0.0,0.0,0,0,0,NONE,NONE,False,,,2
987,3900.0,450.0,0.0,0.085,0.0,0.0,0.0,0,0,0,NONE,NONE,False,,,2
988,3950.0,450.0,0.0,0.085,0.0,0.0,0.0,0,0,0,NONE,NONE,False,,,2
989,4000.0,450.0,0.0,0.085,0.0,0.0,0.0,0,0,0,NONE,NONE,False,,,2
990,4050.0,450.0,0.0,10.0,1.0,0.0,1.0,1,0,0,NONE,NONE,False,,,0
991,4100.0,450.0,0.0,10.0,1.0,0.0,1.0,1,0,0,NONE,NONE,False,,,0
992,4150.0,450.0,0.0,10.0,1.0,0.0,1.0,1,0,0,NONE,NONE,False,,,0
993,4200.0,450.0,0.0,10.0,1.0,0.0,1.0,1,0,0,NONE,NONE,False,,,0
994,4250.0,450.0,0.0,10.0,1.0,0.0,1.0,1,0,0,NONE,NONE,False,,,0
995,4300.0,450.0,0.0,10.0,1.0,0.0,1.0,1,0,0,NONE,NONE,False,,,0
996,4350.0,450.0,0.0,10.0,1.0,0.0,1.0,1,0,0,NONE,NONE,False,,,0
997,4400.0,450.0,0.0,10.0,1.0,0.0,1.0,1,0,0,NONE,NONE,False,,,0
998,4450.0,450.0,0.0,0.085,0.0,0.0,0.0,0,0,0,NONE,NONE,False,,,1
999,4500.0,450.0,0.0,0.085,0.0,0.0,0.0,0,0,0,NONE,NONE,False,,,1
1000,4550.0,450.0,0.0,0.085,0.0,0.0,0.0,0,0,0,NONE,NONE,False,,,2
1001,4600.0,450.0,0.0,0.085,0.0,0.0,0.0,0,0,0,NONE,NONE,False,,,3
1002,4650.0,450.0,0.0,0.085,0.0,0.0,0.0,0,0,0,NONE,NONE,False,,,3
1003,4700.0,450.0,0.0,0.085,0.0,0.0,0.0,0,0,0,NONE,NONE,False,,,2
1004,4750.0,450.0,0.0,0.085,0.0,0.0,0.0,0,0,0,NONE,NONE,False,,,2
1005,4800.0,450.0,0.0,0.085,0.0,0.0,0.0,0,0,0,NONE,NONE,False,,,2
1006,4850.0,450.0,0.0,0.085,0.0,0.0,0.0,0,0,0,NONE,NONE,False,,,2
1007,4900.0,450.0,0.0,0.085,0.0,0.0,0.0,0,0,0,NONE,NONE,False,,,1
1008,4950.0,450.0,0.0,0.085,0.0,0.0,0.0,0,0,0,NONE,NONE,False,,,0
1009,5000.0,450.0,0.0,0.085,0.0,0.0,0.0,0,0,0,NONE,NONE,False,,,0
1010,0.0,500.0,0.0,0.085,0.0,0.0,0.0,0,0,0,NONE,NONE,False,,,2
1011,50.0,500.0,0.0,0.085,0.0,0.0,0.0,0,0,0,NONE,NONE,False,,,2
1012,100.0,500.0,0.0,0.085,0.0,0.0,0.0,0,0,0,NONE,NONE,False,,,2
1013,150.0,500.0,0.0,10.0,1.0,0.0,1.0,1,0,0,NONE,NONE,False,,,0
1014,200.0,500.0,0.0,10.0,1.0,0.0,1.0,1,0,0,NONE,NONE,False,,,0
1015,250.0,500.0,0.0,10.0,1.0,0.0,1.0,1,0,0,NONE,NONE,False,,,0
1016,300.0,500.0,0.0,10.0,1.0,0.0,1.0,1,0,0,NONE,NONE,False,,,0
1017,350.0,500.0,0.0,10.0,1.0,0.0,1.0,1,0,0,NONE,NONE,False,,,0
1018,400.0,500.0,0.0,10.0,1.0,0.0,1.0,1,0,0,NONE,NONE,False,,,0
1019,450.0,500.0,0.0,10.0,1.0,0.0,1.0,1,0,0,NONE,NONE,False,,,0
1020,500.0,500.0,0.0,10.0,1.0,0.0,1.0,1,0,0,NONE,NONE,False,,,0
1021,550.0,500.0,0.0,10.0,1.0,0.0,1.0,1,0,0,NONE,NONE,False,,,0
1022,600.0,500.0,0.0,10.0,1.0,0.0,1.0,1,0,0,NONE,NONE,False,,,0
1023,650.0,500.0,0.0,0.085,0.0,0.0,0.0,0,0,0,NONE,NONE,False,,,0
1024,700.0,500.0,0.0,0.085,0.0,0.0,0.0,0,0,0,NONE,NONE,False,,,1
1025,750.0,500.0,0.0,0.085,0.0,0.0,0.0,0,0,0,NONE,NONE,False,,,1
1026,800.0,500.0,0.0,0.085,0.0,0.0,0.0,0,0,0,NONE,NONE,False,,,2
1027,850.0,500.0,0.0,0.085,0.0,0.0,0.0,0,0,0,NONE,NONE,False,,,3
1028,900.0,500.0,0.0,0.085,0.0,0.0,0.0,0,0,0,NONE,NONE,False,,,3
1029,950.0,500.0,0.0,0.085,0.0,0.0,0.0,0,0,0,NONE,NONE,False,,,4
1030,1000.0,500.0,0.0,0.085,0.0,0.0,0.0,0,0,0,NONE,NONE,False,,,5
1031,1050.0,500.0,0.0,0.085,0.0,0.0,0.0,0,0,0,NONE,NONE,False,,,6
1032,1100.0,500.0,0.0,0.085,0.0,0.0,0.0,0,0,0,NONE,NONE,False,,,17
1033,1150.0,500.0,0.0,0.085,0.0,0.0,0.0,0,0,0,NONE,NONE,False,,,16
1034,1200.0,500.0,0.0,0.085,0.0,0.0,0.0,0,0,0,NONE,NONE,False,,,16
1035,1250.0,500.0,0.0,0.085,0.0,0.0,0.0,0,0,0,NONE,NONE,False,,,16
1036,1300.0,500.0,0.0,0.085,0.0,0.0,0.0,0,0,0,NONE,NONE,False,,,16
1037,1350.0,500.0,0.0,0.085,0.0,0.0,0.0,0,0,0,NONE,NONE,False,,,5
1038,1400.0,500.0,0.0,0.085,0.0,0.0,0.0,0,0,0,NONE,NONE,False,,,6
1039,1450.0,500.0,0.0,0.085,0.0,0.0,0.0,0,0,0,NONE,NONE,False,,,5
1040,1500.0,500.0,0.0,0.085,0.0,0.0,0.0,0,0,0,NONE,NONE,False,,,5
1041,1550.0,500.0,0.0,0.085,0.0,0.0,0.0,0,0,0,NONE,NONE,False,,,5
1042,1600.0,500.0,0.0,0.085,0.0,0.0,0.0,0,0,0,NONE,NONE,False,,,4
1043,1650.0,500.0,0.0,0.085,0.0,0.0,0.0,0,0,0,NONE,NONE,False,,,4
1044,1700.0,500.0,0.0,0.085,0.0,0.0,0.0,0,0,0,NONE,NONE,False,,,5
1045,1750.0,500.0,0.0,0.085,0.0,0.0,0.0,0,0,0,NONE,NONE,False,,,5
1046,1800.0,500.0,0.0,0.085,0.0,0.0,0.0,0,0,0,NONE,NONE,False,,,5
1047,1850.0,500.0,0.0,0.085,0.0,0.0,0.0,0,0,0,NONE,NONE,False,,,5
1048,1900.0,500.0,0.0,0.085,0.0,0.0,0.0,0,0,0,NONE,NONE,False,,,6
1049,1950.0,500.0,0.0,0.085,0.0,0.0,0.0,0,0,0,NONE,NONE,False,,,6
1050,2000.0,500.0,0.0,0.085,0.0,0.0,0.0,0,0,0,NONE,NONE,False,,,7
1051,2050.0,500.0,0.0,0.085,0.0,0.0,0.0,0,0,0,NONE,NONE,False,,,7
1052,2100.0,500.0,0.0,0.085,0.0,0.0,0.0,0,0,0,NONE,NONE,False,,,7
1053,2150.0,500.0,0.0,0.085,0.0,0.0,0.0,0,0,0,NONE,NONE,False,,,8
1054,2200.0,500.0,0.0,0.085,0.0,0.0,0.0,0,0,0,NONE,NONE,False,,,8
1055,2250.0,500.0,0.0,0.085,0.0,0.0,0.0,0,0,0,NONE,NONE,False,,,7
1056,2300.0,500.0,0.0,0.085,0.0,0.0,0.0,0,0,0,NONE,NONE,False,,,7
1057,2350.0,500.0,0.0,0.085,0.0,0.0,0.0,0,0,0,NONE,NONE,False,,,6
1058,2400.0,500.0,0.0,0.085,0.0,0.0,0.0,0,0,0,NONE,NONE,False,,,5
1059,2450.0,500.0,0.0,0.085,0.0,0.0,0.0,0,0,0,NONE,NONE,False,,,6
1060,2500.0,500.0,0.0,0.085,0.0,0.0,0.0,0,0,0,NONE,NONE,False,,,6
1061,2550.0,500.0,0.0,0.085,0.0,0.0,0.0,0,0,0,NONE,NONE,False,,,5
1062,2600.0,500.0,0.0,0.085,0.0,0.0,0.0,0,0,0,NONE,NONE,False,,,6
1063,2650.0,500.0,0.0,0.085,0.0,0.0,0.0,0,0,0,NONE,NONE,False,,,5
1064,2700.0,500.0,0.0,0.085,0.0,0.0,0.0,0,0,0,NONE,NONE,False,,,5
1065,2750.0,500.0,0.0,0.085,0.0,0.0,0.0,0,0,0,NONE,NONE,False,,,6
1066,2800.0,500.0,0.0,0.085,0.0,0.0,0.0,0,0,0,NONE,NONE,False,,,5
1067,2850.0,500.0,0.0,0.085,0.0,0.0,0.0,0,0,0,NONE,NONE,False,,,5
1068,2900.0,500.0,0.0,0.085,0.0,0.0,0.0,0,0,0,NONE,NONE,False,,,6
1069,2950.0,500.0,0.0,0.085,0.0,0.0,0.0,0,0,0,NONE,NONE,False,,,5
1070,3000.0,500.0,0.0,0.085,0.0,0.0,0.0,0,0,0,NONE,NONE,False,,,4
1071,3050.0,500.0,0.0,0.085,0.0,0.0,0.0,0,0,0,NONE,NONE,False,,,5
1072,3100.0,500.0,0.0,0.085,0.0,0.0,0.0,0,0,0,NONE,NONE,False,,,3
1073,3150.0,500.0,0.0,0.085,0.0,0.0,0.0,0,0,0,NONE,NONE,False,,,3
1074,3200.0,500.0,0.0,0.085,0.0,0.0,0.0,0,0,0,NONE,NONE,False,,,3
1075,3250.0,500.0,0.0,0.085,0.0,0.0,0.0,0,0,0,NONE,NONE,False,,,3
1076,3300.0,500.0,0.0,0.085,0.0,0.0,0.0,0,0,0,NONE,NONE,False,,,3
1077,3350.0,500.0,0.0,10.0,1.0,0.0,1.0,1,0,0,NONE,NONE,False,,,0
1078,3400.0,500.0,0.0,10.0,1.0,0.0,1.0,1,0,0,NONE,NONE,False,,,0
1079,3450.0,500.0,0.0,10.0,1.0,0.0,1.0,1,0,0,NONE,NONE,False,,,0
1080,3500.0,500.0,0.0,10.0,1.0,0.0,1.0,1,0,0,NONE,NONE,False,,,0
1081,3550.0,500.0,0.0,10.0,1.0,0.0,1.0,1,0,0,NONE,NONE,False,,,0
1082,3600.0,500.0,0.0,10.0,1.0,0.0,1.0,1,0,0,NONE,NONE,False,,,0
1083,3650.0,500.0,0.0,10.0,1.0,0.0,1.0,1,0,0,NONE,NONE,False,,,0
1084,3700.0,500.0,0.0,10.0,1.0,0.0,1.0,1,0,0,NONE,NONE,False,,,0
1085,3750.0,500.0,0.0,10.0,1.0,0.0,1.0,1,0,0,NONE,NONE,False,,,0
1086,3800.0,500.0,0.0,10.0,1.0,0.0,1.0,1,0,0,NONE,NONE,False,,,0
1087,3850.0,500.0,0.0,0.085,0.0,0.0,0.0,0,0,0,NONE,NONE,False,,,2
1088,3900.0,500.0,0.0,0.085,0.0,0.0,0.0,0,0,0,NONE,NONE,False,,,2
1089,3950.0,500.0,0.0,0.085,0.0,0.0,0.0,0,0,0,NONE,NONE,False,,,2
1090,4000.0,500.0,0.0,0.085,0.0,0.0,0.0,0,0,0,NONE,NONE,False,,,2
1091,4050.0,500.0,0.0,0.085,0.0,0.0,0.0,0,0,0,NONE,NONE,False,,,2
1092,4100.0,500.0,0.0,10.0,1.0,0.0,1.0,1,0,0,NONE,NONE,False,,,0
1093,4150.0,500.0,0.0,10.0,1.0,0.0,1.0,1,0,0,NONE,NONE,False,,,0
1094,4200.0,500.0,0.0,10.0,1.0,0.0,1.0,1,0,0,NONE,NONE,False,,,0
1095,4250.0,500.0,0.0,10.0,1.0,0.0,1.0,1,0,0,NONE,NONE,False,,,0
1096,4300.0,500.0,0.0,10.0,1.0,0.0,1.0,1,0,0,NONE,NONE,False,,,0
1097,4350.0,500.0,0.0,10.0,1.0,0.0,1.0,1,0,0,NONE,NONE,False,,,0
1098,4400.0,500.0,0.0,10.0,1.0,0.0,1.0,1,0,0,NONE,NONE,False,,,0
1099,4450.0,500.0,0.0,0.085,0.0,0.0,0.0,0,0,0,NONE,NONE,False,,,1
1100,4500.0,500.0,0.0,0.085,0.0,0.0,0.0,0,0,0,NONE,NONE,False,,,1
1101,4550.0,500.0,0.0,0.085,0.0,0.0,0.0,0,0,0,NONE,NONE,False,,,2
1102,4600.0,500.0,0.0,0.085,0.0,0.0,0.0,0,0,0,NONE,NONE,False,,,3
1103,4650.0,500.0,0.0,0.085,0.0,0.0,0.0,0,0,0,NONE,NONE,False,,,3
1104,4700.0,500.0,0.0,0.085,0.0,0.0,0.0,0,0,0,NONE,NONE,False,,,2
1105,4750.0,500.0,0.0,0.085,0.0,0.0,0.0,0,0,0,NONE,NONE,False,,,2
1106,4800.0,500.0,0.0,0.085,0.0,0.0,0.0,0,0,0,NONE,NONE,False,,,2
1107,4850.0,500.0,0.0,0.085,0.0,0.0,0.0,0,0,0,NONE,NONE,False,,,2
1108,4900.0,500.0,0.0,0.085,0.0,0.0,0.0,0,0,0,NONE,NONE,False,,,1
1109,4950.0,500.0,0.0,0.085,0.0,0.0,0.0,0,0,0,NONE,NONE,False,,,0
1110,5000.0,500.0,0.0,0.085,0.0,0.0,0.0,0,0,0,NONE,NONE,False,,,0
1111,0.0,550.0,0.0,0.085,0.0,0.0,0.0,0,0,0,NONE,NONE,False,,,2
1112,50.0,550.0,0.0,0.085,0.0,0.0,0.0,0,0,0,NONE,NONE,False,,,2
1113,100.0,550.0,0.0,0.085,0.0,0.0,0.0,0,0,0,NONE,NONE,False,,,2
1114,150.0,550.0,0.0,0.085,0.0,0.0,0.0,0,0,0,NONE,NONE,False,,,2
1115,200.0,550.0,0.0,10.0,1.0,0.0,1.0,1,0,0,NONE,NONE,False,,,0
1116,250.0,550.0,0.0,10.0,1.0,0.0,1.0,1,0,0,NONE,NONE,False,,,0
1117,300.0,550.0,0.0,10.0,1.0,0.0,1.0,1,0,0,NONE,NONE,False,,,0
1118,350.0,550.0,0.0,10.0,1.0,0.0,1.0,1,0,0,NONE,NONE,False,,,0
1119,400.0,550.0,0.0,10.0,1.0,0.0,1.0,1,0,0,NONE,NONE,False,,,0
1120,450.0,550.0,0.0,10.0,1.0,0.0,1.0,1,0,0,NONE,NONE,False,,,0
1121,500.0,550.0,0.0,10.0,1.0,0.0,1.0,1,0,0,NONE,NONE,False,,,0
1122,550.0,550.0,0.0,10.0,1.0,0.0,1.0,1,0,0,NONE,NONE,False,,,0
1123,600.0,550.0,0.0,0.085,0.0,0.0,0.0,0,0,0,NONE,NONE,False,,,0
1124,650.0,550.0,0.0,0.085,0.0,0.0,0.0,0,0,0,NONE,NONE,False,,,0
1125,700.0,550.0,0.0,0.085,0.0,0.0,0.0,0,0,0,NONE,NONE,False,,,0
1126,750.0,550.0,0.0,0.085,0.0,0.0,0.0,0,0,0,NONE,NONE,False,,,2
1127,800.0,550.0,0.0,0.085,0.0,0.0,0.0,0,0,0,NONE,NONE,False,,,2
1128,850.0,550.0,0.0,0.085,0.0,0.0,0.0,0,0,0,NONE,NONE,False,,,2
1129,900.0,550.0,0.0,0.085,0.0,0.0,0.0,0,0,0,NONE,NONE,False,,,4
1130,950.0,550.0,0.0,0.085,0.0,0.0,0.0,0,0,0,NONE,NONE,False,,,5
1131,1000.0,550.0,0.0,0.085,0.0,0.0,0.0,0,0,0,NONE,NONE,False,,,6
1132,1050.0,550.0,0.0,0.085,0.0,0.0,0.0,0,0,0,NONE,NONE,False,,,6
1133,1100.0,550.0,0.0,0.085,0.0,0.0,0.0,0,0,0,NONE,NONE,False,,,16
1134,1150.0,550.0,0.0,0.085,0.0,0.0,0.0,0,0,0,NONE,NONE,False,,,16
1135,1200.0,550.0,0.0,0.085,0.0,0.0,0.0,0,0,1,DK01,DK,False,,,16
1136,1250.0,550.0,0.0,0.085,0.0,0.0,0.0,0,0,0,NONE,NONE,False,,,16
1137,1300.0,550.0,0.0,0.085,0.0,0.0,0.0,0,0,0,NONE,NONE,False,,,16
1138,1350.0,550.0,0.0,0.085,0.0,0.0,0.0,0,0,0,NONE,NONE,False,,,6
1139,1400.0,550.0,0.0,0.085,0.0,0.0,0.0,0,0,0,NONE,NONE,False,,,6
1140,1450.0,550.0,0.0,0.085,0.0,0.0,0.0,0,0,0,NONE,NONE,False,,,7
1141,1500.0,550.0,0.0,0.085,0.0,0.0,0.0,0,0,0,NONE,NONE,False,,,6
1142,1550.0,550.0,0.0,0.085,0.0,0.0,0.0,0,0,0,NONE,NONE,False,,,6
1143,1600.0,550.0,0.0,0.085,0.0,0.0,0.0,0,0,0,NONE,NONE,False,,,6
1144,1650.0,550.0,0.0,0.085,0.0,0.0,0.0,0,0,0,NONE,NONE,False,,,5
1145,1700.0,550.0,0.0,0.085,0.0,0.0,0.0,0,0,0,NONE,NONE,False,,,6
1146,1750.0,550.0,0.0,0.085,0.0,0.0,0.0,0,0,0,NONE,NONE,False,,,6
1147,1800.0,550.0,0.0,0.085,0.0,0.0,0.0,0,0,0,NONE,NONE,False,,,5
1148,1850.0,550.0,0.0,0.085,0.0,0.0,0.0,0,0,0,NONE,NONE,False,,,6
1149,1900.0,550.0,0.0,0.085,0.0,0.0,0.0,0,0,0,NONE,NONE,False,,,7
1150,1950.0,550.0,0.0,0.085,0.0,0.0,0.0,0,0,0,NONE,NONE,False,,,6
1151,2000.0,550.0,0.0,0.085,0.0,0.0,0.0,0,0,0,NONE,NONE,False,,,7
1152,2050.0,550.0,0.0,0.085,0.0,0.0,0.0,0,0,0,NONE,NONE,False,,,8
1153,2100.0,550.0,0.0,0.085,0.0,0.0,0.0,0,0,0,NONE,NONE,False,,,8
1154,2150.0,550.0,0.0,0.085,0.0,0.0,0.0,0,0,0,NONE,NONE,False,,,9
1155,2200.0,550.0,0.0,0.085,0.0,0.0,0.0,0,0,0,NONE,NONE,False,,,8
1156,2250.0,550.0,0.0,0.085,0.0,0.0,0.0,0,0,0,NONE,NONE,False,,,7
1157,2300.0,550.0,0.0,0.085,0.0,0.0,0.0,0,0,0,NONE,NONE,False,,,8
1158,2350.0,550.0,0.0,0.085,0.0,0.0,0.0,0,0,0,NONE,NONE,False,,,7
1159,2400.0,550.0,0.0,0.085,0.0,0.0,0.0,0,0,0,NONE,NONE,False,,,6
1160,2450.0,550.0,0.0,0.085,0.0,0.0,0.0,0,0,0,NONE,NONE,False,,,7
1161,2500.0,550.0,0.0,0.085,0.0,0.0,0.0,0,0,0,NONE,NONE,False,,,6
1162,2550.0,550.0,0.0,0.085,0.0,0.0,0.0,0,0,0,NONE,NONE,False,,,6
1163,2600.0,550.0,0.0,0.085,0.0,0.0,0.0,0,0,0,NONE,NONE,False,,,5
1164,2650.0,550.0,0.0,0.085,0.0,0.0,0.0,0,0,0,NONE,NONE,False,,,6
1165,2700.0,550.0,0.0,0.085,0.0,0.0,0.0,0,0,0,NONE,NONE,False,,,6
1166,2750.0,550.0,0.0,0.085,0.0,0.0,0.0,0,0,0,NONE,NONE,False,,,5
1167,2800.0,550.0,0.0,0.085,0.0,0.0,0.0,0,0,0,NONE,NONE,False,,,6
1168,2850.0,550.0,0.0,0.085,0.0,0.0,0.0,0,0,0,NONE,NONE,False,,,5
1169,2900.0,550.0,0.0,0.085,0.0,0.0,0.0,0,0,0,NONE,NONE,False,,,5
1170,2950.0,550.0,0.0,0.085,0.0,0.0,0.0,0,0,0,NONE,NONE,False,,,7
1171,3000.0,550.0,0.0,0.085,0.0,0.0,0.0,0,0,0,NONE,NONE,False,,,6
1172,3050.0,550.0,0.0,0.085,0.0,0.0,0.0,0,0,0,NONE,NONE,False,,,5
1173,3100.0,550.0,0.0,0.085,0.0,0.0,0.0,0,0,0,NONE,NONE,False,,,5
1174,3150.0,550.0,0.0,0.085,0.0,0.0,0.0,0,0,0,NONE,NONE,False,,,3
1175,3200.0,550.0,0.0,0.085,0.0,0.0,0.0,0,0,0,NONE,NONE,False,,,3
1176,3250.0,550.0,0.0,0.085,0.0,0.0,0.0,0,0,0,NONE,NONE,False,,,3
1177,3300.0,550.0,0.0,0.085,0.0,0.0,0.0,0,0,0,NONE,NONE,False,,,3
1178,3350.0,550.0,0.0,0.085,0.0,0.0,0.0,0,0,0,NONE,NONE,False,,,2
1179,3400.0,550.0,0.0,10.0,1.0,0.0,1.0,1,0,0,NONE,NONE,False,,,0
1180,3450.0,550.0,0.0,10.0,1.0,0.0,1.0,1,0,0,NONE,NONE,False,,,0
1181,3500.0,550.0,0.0,10.0,1.0,0.0,1.0,1,0,0,NONE,NONE,False,,,0
1182,3550.0,550.0,0.0,10.0,1.0,0.0,1.0,1,0,0,NONE,NONE,False,,,0
1183,3600.0,550.0,0.0,10.0,1.0,0.0,1.0,1,0,0,NONE,NONE,False,,,0
1184,3650.0,550.0,0.0,10.0,1.0,0.0,1.0,1,0,0,NONE,NONE,False,,,0
1185,3700.0,550.0,0.0,10.0,1.0,0.0,1.0,1,0,0,NONE,NONE,False,,,0
1186,3750.0,550.0,0.0,10.0,1.0,0.0,1.0,1,0,0,NONE,NONE,False,,,0
1187,3800.0,550.0,0.0,10.0,1.0,0.0,1.0,1,0,0,NONE,NONE,False,,,0
1188,3850.0,550.0,0.0,10.0,1.0,0.0,1.0,1,0,0,NONE,NONE,False,,,0
1189,3900.0,550.0,0.0,0.085,0.0,0.0,0.0,0,0,0,NONE,NONE,False,,,2
1190,3950.0,550.0,0.0,0.085,0.0,0.0,0.0,0,0,0,NONE,NONE,False,,,2
1191,4000.0,550.0,0.0,0.085,0.0,0.0,0.0,0,0,0,NONE,NONE,False,,,2
1192,4050.0,550.0,0.0,0.085,0.0,0.0,0.0,0,0,0,NONE,NONE,False,,,2
1193,4100.0,550.0,0.0,10.0,1.0,0.0,1.0,1,0,0,NONE,NONE,False,,,0
1194,4150.0,550.0,0.0,10.0,1.0,0.0,1.0,1,0,0,NONE,NONE,False,,,0
1195,4200.0,550.0,0.0,10.0,1.0,0.0,1.0,1,0,0,NONE,NONE,False,,,0
1196,4250.0,550.0,0.0,10.0,1.0,0.0,1.0,1,0,0,NONE,NONE,False,,,0
1197,4300.0,550.0,0.0,10.0,1.0,0.0,1.0,1,0,0,NONE,NONE,False,,,0
1198,4350.0,550.0,0.0,10.0,1.0,0.0,1.0,1,0,0,NONE,NONE,False,,,0
1199,4400.0,550.0,0.0,0.085,0.0,0.0,0.0,0,0,0,NONE,NONE,False,,,0
1200,4450.0,550.0,0.0,0.085,0.0,0.0,0.0,0,0,0,NONE,NONE,False,,,1
1201,4500.0,550.0,0.0,0.085,0.0,0.0,0.0,0,0,0,NONE,NONE,False,,,1
1202,4550.0,550.0,0.0,0.085,0.0,0.0,0.0,0,0,0,NONE,NONE,False,,,2
1203,4600.0,550.0,0.0,0.085,0.0,0.0,0.0,0,0,0,NONE,NONE,False,,,2
1204,4650.0,550.0,0.0,0.085,0.0,0.0,0.0,0,0,0,NONE,NONE,False,,,3
1205,4700.0,550.0,0.0,0.085,0.0,0.0,0.0,0,0,0,NONE,NONE,False,,,2
1206,4750.0,550.0,0.0,0.085,0.0,0.0,0.0,0,0,0,NONE,NONE,False,,,2
1207,4800.0,550.0,0.0,0.085,0.0,0.0,0.0,0,0,0,NONE,NONE,False,,,2
1208,4850.0,550.0,0.0,0.085,0.0,0.0,0.0,0,0,0,NONE,NONE,False,,,1
1209,4900.0,550.0,0.0,0.085,0.0,0.0,0.0,0,0,0,NONE,NONE,False,,,1
1210,4950.0,550.0,0.0,0.085,0.0,0.0,0.0,0,0,0,NONE,NONE,False,,,1
1211,5000.0,550.0,0.0,0.085,0.0,0.0,0.0,0,0,0,NONE,NONE,False,,,0
1212,0.0,600.0,0.0,0.085,0.0,0.0,0.0,0,0,0,NONE,NONE,False,,,2
1213,50.0,600.0,0.0,0.085,0.0,0.0,0.0,0,0,0,NONE,NONE,False,,,2
1214,100.0,600.0,0.0,0.085,0.0,0.0,0.0,0,0,0,NONE,NONE,False,,,2
1215,150.0,600.0,0.0,0.085,0.0,0.0,0.0,0,0,0,NONE,NONE,False,,,2
1216,200.0,600.0,0.0,0.085,0.0,0.0,0.0,0,0,0,NONE,NONE,False,,,1
1217,250.0,600.0,0.0,10.0,1.0,0.0,1.0,1,0,0,NONE,NONE,False,,,0
1218,300.0,600.0,0.0,10.0,1.0,0.0,1.0,1,0,0,NONE,NONE,False,,,0
1219,350.0,600.0,0.0,10.0,1.0,0.0,1.0,1,0,0,NONE,NONE,False,,,0
1220,400.0,600.0,0.0,10.0,1.0,0.0,1.0,1,0,0,NONE,NONE,False,,,0
1221,450.0,600.0,0.0,10.0,1.0,0.0,1.0,1,0,0,NONE,NONE,False,,,0
1222,500.0,600.0,0.0,10.0,1.0,0.0,1.0,1,0,0,NONE,NONE,False,,,0
1223,550.0,600.0,0.0,10.0,1.0,0.0,1.0,1,0,0,NONE,NONE,False,,,0
1224,600.0,600.0,0.0,0.085,0.0,0.0,0.0,0,0,0,NONE,NONE,False,,,0
1225,650.0,600.0,0.0,0.085,0.0,0.0,0.0,0,0,0,NONE,NONE,False,,,0
1226,700.0,600.0,0.0,0.085,0.0,0.0,0.0,0,0,0,NONE,NONE,False,,,0
1227,750.0,600.0,0.0,0.085,0.0,0.0,0.0,0,0,0,NONE,NONE,False,,,1
1228,800.0,600.0,0.0,0.085,0.0,0.0,0.0,0,0,0,NONE,NONE,False,,,2
1229,850.0,600.0,0.0,0.085,0.0,0.0,0.0,0,0,0,NONE,NONE,False,,,4
1230,900.0,600.0,0.0,0.085,0.0,0.0,0.0,0,0,0,NONE,NONE,False,,,4
1231,950.0,600.0,0.0,0.085,0.0,0.0,0.0,0,0,0,NONE,NONE,False,,,4
1232,1000.0,600.0,0.0,0.085,0.0,0.0,0.0,0,0,0,NONE,NONE,False,,,4
1233,1050.0,600.0,0.0,0.085,0.0,0.0,0.0,0,0,0,NONE,NONE,False,,,4
1234,1100.0,600.0,0.0,0.085,0.0,0.0,0.0,0,0,0,NONE,NONE,False,,,16
1235,1150.0,600.0,0.0,0.085,0.0,0.0,0.0,0,0,0,NONE,NONE,False,,,16
1236,1200.0,600.0,0.0,0.085,0.0,0.0,0.0,0,0,0,NONE,NONE,False,,,16
1237,1250.0,600.0,0.0,0.085,0.0,0.0,0.0,0,0,0,NONE,NONE,False,,,17
1238,1300.0,600.0,0.0,0.085,0.0,0.0,0.0,0,0,0,NONE,NONE,False,,,17
1239,1350.0,600.0,0.0,0.085,0.0,0.0,0.0,0,0,0,NONE,NONE,False,,,6
1240,1400.0,600.0,0.0,0.085,0.0,0.0,0.0,0,0,0,NONE,NONE,False,,,5
1241,1450.0,600.0,0.0,0.085,0.0,0.0,0.0,0,0,0,NONE,NONE,False,,,5
1242,1500.0,600.0,0.0,0.085,0.0,0.0,0.0,0,0,0,NONE,NONE,False,,,6
1243,1550.0,600.0,0.0,0.085,0.0,0.0,0.0,0,0,0,NONE,NONE,False,,,5
1244,1600.0,600.0,0.0,0.085,0.0,0.0,0.0,0,0,0,NONE,NONE,False,,,5
1245,1650.0,600.0,0.0,0.085,0.0,0.0,0.0,0,0,0,NONE,NONE,False,,,5
1246,1700.0,600.0,0.0,0.085,0.0,0.0,0.0,0,0,0,NONE,NONE,False,,,5
1247,1750.0,600.0,0.0,0.085,0.0,0.0,0.0,0,0,0,NONE,NONE,False,,,5
1248,1800.0,600.0,0.0,0.085,0.0,0.0,0.0,0,0,0,NONE,NONE,False,,,6
1249,1850.0,600.0,0.0,0.085,0.0,0.0,0.0,0,0,0,NONE,NONE,False,,,5
1250,1900.0,600.0,0.0,0.085,0.0,0.0,0.0,0,0,0,NONE,NONE,False,,,5
1251,1950.0,600.0,0.0,0.085,0.0,0.0,0.0,0,0,0,NONE,NONE,False,,,7
1252,2000.0,600.0,0.0,0.085,0.0,0.0,0.0,0,0,0,NONE,NONE,False,,,6
1253,2050.0,600.0,0.0,0.085,0.0,0.0,0.0,0,0,0,NONE,NONE,False,,,7
1254,2100.0,600.0,0.0,0.085,0.0,0.0,0.0,0,0,0,NONE,NONE,False,,,9
1255,2150.0,600.0,0.0,0.085,0.0,0.0,0.0,0,0,0,NONE,NONE,False,,,8
1256,2200.0,600.0,0.0,0.085,0.0,0.0,0.0,0,0,0,NONE,NONE,False,,,8
1257,2250.0,600.0,0.0,0.085,0.0,0.0,0.0,0,0,0,NONE,NONE,False,,,9
1258,2300.0,600.0,0.0,0.085,0.0,0.0,0.0,0,0,0,NONE,NONE,False,,,7
1259,2350.0,600.0,0.0,0.085,0.0,0.0,0.0,0,0,0,NONE,NONE,False,,,7
1260,2400.0,600.0,0.0,0.085,0.0,0.0,0.0,0,0,0,NONE,NONE,False,,,7
1261,2450.0,600.0,0.0,0.085,0.0,0.0,0.0,0,0,0,NONE,NONE,False,,,6
1262,2500.0,600.0,0.0,0.085,0.0,0.0,0.0,0,0,0,NONE,NONE,False,,,6
1263,2550.0,600.0,0.0,0.085,0.0,0.0,0.0,0,0,0,NONE,NONE,False,,,7
1264,2600.0,600.0,0.0,0.085,0.0,0.0,0.0,0,0,0,NONE,NONE,False,,,6
1265,2650.0,600.0,0.0,0.085,0.0,0.0,0.0,0,0,0,NONE,NONE,False,,,7
1266,2700.0,600.0,0.0,0.085,0.0,0.0,0.0,0,0,0,NONE,NONE,False,,,7
1267,2750.0,600.0,0.0,0.085,0.0,0.0,0.0,0,0,0,NONE,NONE,False,,,6
1268,2800.0,600.0,0.0,0.085,0.0,0.0,0.0,0,0,0,NONE,NONE,False,,,6
1269,2850.0,600.0,0.0,0.085,0.0,0.0,0.0,0,0,0,NONE,NONE,False,,,7
1270,2900.0,600.0,0.0,0.085,0.0,0.0,0.0,0,0,0,NONE,NONE,False,,,7
1271,2950.0,600.0,0.0,0.085,0.0,0.0,0.0,0,0,0,NONE,NONE,False,,,6
1272,3000.0,600.0,0.0,0.085,0.0,0.0,0.0,0,0,0,NONE,NONE,False,,,5
1273,3050.0,600.0,0.0,0.085,0.0,0.0,0.0,0,0,0,NONE,NONE,False,,,5
1274,3100.0,600.0,0.0,0.085,0.0,0.0,0.0,0,0,0,NONE,NONE,False,,,5
1275,3150.0,600.0,0.0,0.085,0.0,0.0,0.0,0,0,0,NONE,NONE,False,,,5
1276,3200.0,600.0,0.0,0.085,0.0,0.0,0.0,0,0,0,NONE,NONE,False,,,5
1277,3250.0,600.0,0.0,0.085,0.0,0.0,0.0,0,0,0,NONE,NONE,True,minor,TN36,4
1278,3300.0,600.0,0.0,0.085,0.0,0.0,0.0,0,0,0,NONE,NONE,False,,,4
1279,3350.0,600.0,0.0,0.085,0.0,0.0,0.0,0,0,0,NONE,NONE,False,,,3
1280,3400.0,600.0,0.0,0.085,0.0,0.0,0.0,0,0,0,NONE,NONE,False,,,2
1281,3450.0,600.0,0.0,10.0,1.0,0.0,1.0,1,0,0,NONE,NONE,False,,,0
1282,3500.0,600.0,0.0,10.0,1.0,0.0,1.0,1,0,0,NONE,NONE,False,,,0
1283,3550.0,600.0,0.0,10.0,1.0,0.0,1.0,1,0,0,NONE,NONE,False,,,0
1284,3600.0,600.0,0.0,10.0,1.0,0.0,1.0,1,0,0,NONE,NONE,False,,,0
1285,3650.0,600.0,0.0,10.0,1.0,0.0,1.0,1,0,0,NONE,NONE,False,,,0
1286,3700.0,600.0,0.0,10.0,1.0,0.0,1.0,1,0,0,NONE,NONE,False,,,0
1287,3750.0,600.0,0.0,10.0,1.0,0.0,1.0,1,0,0,NONE,NONE,False,,,0
1288,3800.0,600.0,0.0,10.0,1.0,0.0,1.0,1,0,0,NONE,NONE,False,,,0
1289,3850.0,600.0,0.0,0.085,0.0,0.0,0.0,0,0,0,NONE,NONE,False,,,1
1290,3900.0,600.0,0.0,0.085,0.0,0.0,0.0,0,0,0,NONE,NONE,False,,,2
1291,3950.0,600.0,0.0,0.085,0.0,0.0,0.0,0,0,0,NONE,NONE,False,,,2
1292,4000.0,600.0,0.0,0.085,0.0,0.0,0.0,0,0,0,NONE,NONE,False,,,2
1293,4050.0,600.0,0.0,0.085,0.0,0.0,0.0,0,0,0,NONE,NONE,False,,,2
1294,4100.0,600.0,0.0,0.085,0.0,0.0,0.0,0,0,0,NONE,NONE,False,,,2
1295,4150.0,600.0,0.0,0.085,0.0,0.0,0.0,0,0,0,NONE,NONE,False,,,1
1296,4200.0,600.0,0.0,10.0,1.0,0.0,1.0,1,0,0,NONE,NONE,False,,,0
1297,4250.0,600.0,0.0,10.0,1.0,0.0,1.0,1,0,0,NONE,NONE,False,,,0
1298,4300.0,600.0,0.0,10.0,1.0,0.0,1.0,1,0,0,NONE,NONE,False,,,0
1299,4350.0,600.0,0.0,0.085,0.0,0.0,0.0,0,0,0,NONE,NONE,False,,,0
1300,4400.0,600.0,0.0,0.085,0.0,0.0,0.0,0,0,0,NONE,NONE,False,,,0
1301,4450.0,600.0,0.0,0.085,0.0,0.0,0.0,0,0,0,NONE,NONE,False,,,1
1302,4500.0,600.0,0.0,0.085,0.0,0.0,0.0,0,0,0,NONE,NONE,False,,,1
1303,4550.0,600.0,0.0,0.085,0.0,0.0,0.0,0,0,0,NONE,NONE,False,,,2
1304,4600.0,600.0,0.0,0.085,0.0,0.0,0.0,0,0,0,NONE,NONE,False,,,2
1305,4650.0,600.0,0.0,0.085,0.0,0.0,0.0,0,0,0,NONE,NONE,False,,,2
1306,4700.0,600.0,0.0,0.085,0.0,0.0,0.0,0,0,0,NONE,NONE,False,,,3
1307,4750.0,600.0,0.0,0.085,0.0,0.0,0.0,0,0,0,NONE,NONE,False,,,2
1308,4800.0,600.0,0.0,0.085,0.0,0.0,0.0,0,0,0,NONE,NONE,False,,,2
1309,4850.0,600.0,0.0,0.085,0.0,0.0,0.0,0,0,0,NONE,NONE,False,,,2
1310,4900.0,600.0,0.0,0.085,0.0,0.0,0.0,0,0,0,NONE,NONE,False,,,1
1311,4950.0,600.0,0.0,0.085,0.0,0.0,0.0,0,0,0,NONE,NONE,False,,,1
1312,5000.0,600.0,0.0,0.085,0.0,0.0,0.0,0,0,0,NONE,NONE,False,,,1
1313,0.0,650.0,0.0,0.085,0.0,0.0,0.0,0,0,0,NONE,NONE,False,,,2
1314,50.0,650.0,0.0,0.085,0.0,0.0,0.0,0,0,0,NONE,NONE,False,,,2
1315,100.0,650.0,0.0,0.085,0.0,0.0,0.0,0,0,0,NONE,NONE,False,,,2
1316,150.0,650.0,0.0,0.085,0.0,0.0,0.0,0,0,0,NONE,NONE,False,,,2
1317,200.0,650.0,0.0,0.085,0.0,0.0,0.0,0,0,0,NONE,NONE,False,,,1
1318,250.0,650.0,0.0,0.085,0.0,0.0,0.0,0,0,0,NONE,NONE,False,,,1
1319,300.0,650.0,0.0,10.0,1.0,0.0,1.0,1,0,0,NONE,NONE,False,,,0
1320,350.0,650.0,0.0,10.0,1.0,0.0,1.0,1,0,0,NONE,NONE,False,,,0
1321,400.0,650.0,0.0,10.0,1.0,0.0,1.0,1,0,0,NONE,NONE,False,,,0
1322,450.0,650.0,0.0,10.0,1.0,0.0,1.0,1,0,0,NONE,NONE,False,,,0
1323,500.0,650.0,0.0,0.085,0.0,0.0,0.0,0,0,0,NONE,NONE,False,,,0
1324,550.0,650.0,0.0,0.085,0.0,0.0,0.0,0,0,0,NONE,NONE,False,,,0
1325,600.0,650.0,0.0,0.085,0.0,0.0,0.0,0,0,0,NONE,NONE,False,,,0
1326,650.0,650.0,0.0,0.085,0.0,0.0,0.0,0,0,0,NONE,NONE,False,,,0
1327,700.0,650.0,0.0,10.0,1.0,0.0,1.0,1,0,0,NONE,NONE,False,,,0
1328,750.0,650.0,0.0,10.0,1.0,0.0,1.0,1,0,0,NONE,NONE,False,,,0
1329,800.0,650.0,0.0,0.085,0.0,0.0,0.0,0,0,0,NONE,NONE,False,,,3
1330,850.0,650.0,0.0,0.085,0.0,0.0,0.0,0,0,0,NONE,NONE,False,,,4
1331,900.0,650.0,0.0,0.085,0.0,0.0,0.0,0,0,0,NONE,NONE,False,,,4
1332,950.0,650.0,0.0,0.085,0.0,0.0,0.0,0,0,0,NONE,NONE,False,,,5
1333,1000.0,650.0,0.0,0.085,0.0,0.0,0.0,0,0,0,NONE,NONE,False,,,4
1334,1050.0,650.0,0.0,0.085,0.0,0.0,0.0,0,0,0,NONE,NONE,False,,,4
1335,1100.0,650.0,0.0,0.085,0.0,0.0,0.0,0,0,0,NONE,NONE,False,,,9
1336,1150.0,650.0,0.0,0.085,0.0,0.0,0.0,0,0,0,NONE,NONE,False,,,17
1337,1200.0,650.0,0.0,0.085,0.0,0.0,0.0,0,0,0,NONE,NONE,False,,,17
1338,1250.0,650.0,0.0,0.085,0.0,0.0,0.0,0,0,0,NONE,NONE,False,,,17
1339,1300.0,650.0,0.0,0.085,0.0,0.0,0.0,0,0,0,NONE,NONE,False,,,9
1340,1350.0,650.0,0.0,0.085,0.0,0.0,0.0,0,0,0,NONE,NONE,False,,,7
1341,1400.0,650.0,0.0,0.085,0.0,0.0,0.0,0,0,0,NONE,NONE,False,,,6
1342,1450.0,650.0,0.0,0.085,0.0,0.0,0.0,0,0,0,NONE,NONE,False,,,6
1343,1500.0,650.0,0.0,0.085,0.0,0.0,0.0,0,0,0,NONE,NONE,False,,,6
1344,1550.0,650.0,0.0,0.085,0.0,0.0,0.0,0,0,0,NONE,NONE,False,,,7
1345,1600.0,650.0,0.0,0.085,0.0,0.0,0.0,0,0,0,NONE,NONE,False,,,6
1346,1650.0,650.0,0.0,0.085,0.0,0.0,0.0,0,0,0,NONE,NONE,False,,,6
1347,1700.0,650.0,0.0,0.085,0.0,0.0,0.0,0,0,0,NONE,NONE,False,,,6
1348,1750.0,650.0,0.0,0.085,0.0,0.0,0.0,0,0,0,NONE,NONE,False,,,6
1349,1800.0,650.0,0.0,0.085,0.0,0.0,0.0,0,0,0,NONE,NONE,False,,,6
1350,1850.0,650.0,0.0,0.085,0.0,0.0,0.0,0,0,0,NONE,NONE,False,,,6
1351,1900.0,650.0,0.0,0.085,0.0,0.0,0.0,0,0,0,NONE,NONE,False,,,6
1352,1950.0,650.0,0.0,0.085,0.0,0.0,0.0,0,0,0,NONE,NONE,False,,,7
1353,2000.0,650.0,0.0,0.085,0.0,0.0,0.0,0,0,0,NONE,NONE,False,,,8
1354,2050.0,650.0,0.0,0.085,0.0,0.0,0.0,0,0,0,NONE,NONE,False,,,9
1355,2100.0,650.0,0.0,0.085,0.0,0.0,0.0,0,0,0,NONE,NONE,False,,,9
1356,2150.0,650.0,0.0,0.085,0.0,0.0,0.0,0,0,0,NONE,NONE,True,major,TN7,10
1357,2200.0,650.0,0.0,0.085,0.0,0.0,0.0,0,0,0,NONE,NONE,False,,,10
1358,2250.0,650.0,0.0,0.085,0.0,0.0,0.0,0,0,0,NONE,NONE,False,,,9
1359,2300.0,650.0,0.0,0.085,0.0,0.0,0.0,0,0,0,NONE,NONE,False,,,9
1360,2350.0,650.0,0.0,0.085,0.0,0.0,0.0,0,0,0,NONE,NONE,False,,,7
1361,2400.0,650.0,0.0,0.085,0.0,0.0,0.0,0,0,0,NONE,NONE,False,,,6
1362,2450.0,650.0,0.0,0.085,0.0,0.0,0.0,0,0,0,NONE,NONE,False,,,6
1363,2500.0,650.0,0.0,0.085,0.0,0.0,0.0,0,0,0,NONE,NONE,False,,,6
1364,2550.0,650.0,0.0,0.085,0.0,0.0,0.0,0,0,0,NONE,NONE,False,,,6
1365,2600.0,650.0,0.0,0.085,0.0,0.0,0.0,0,0,0,NONE,NONE,False,,,8
1366,2650.0,650.0,0.0,0.085,0.0,0.0,0.0,0,0,0,NONE,NONE,False,,,6
1367,2700.0,650.0,0.0,0.085,0.0,0.0,0.0,0,0,0,NONE,NONE,False,,,6
1368,2750.0,650.0,0.0,0.085,0.0,0.0,0.0,0,0,0,NONE,NONE,False,,,7
1369,2800.0,650.0,0.0,0.085,0.0,0.0,0.0,0,0,0,NONE,NONE,False,,,7
1370,2850.0,650.0,0.0,0.085,0.0,0.0,0.0,0,0,0,NONE,NONE,False,,,8
1371,2900.0,650.0,0.0,0.085,0.0,0.0,0.0,0,0,0,NONE,NONE,False,,,8
1372,2950.0,650.0,0.0,0.085,0.0,0.0,0.0,0,0,0,NONE,NONE,False,,,6
1373,3000.0,650.0,0.0,0.085,0.0,0.0,0.0,0,0,0,NONE,NONE,False,,,5
1374,3050.0,650.0,0.0,0.085,0.0,0.0,0.0,0,0,0,NONE,NONE,False,,,5
1375,3100.0,650.0,0.0,0.085,0.0,0.0,0.0,0,0,0,NONE,NONE,False,,,5
1376,3150.0,650.0,0.0,0.085,0.0,0.0,0.0,0,0,0,NONE,NONE,False,,,6
1377,3200.0,650.0,0.0,0.085,0.0,0.0,0.0,0,0,0,NONE,NONE,False,,,6
1378,3250.0,650.0,0.0,0.085,0.0,0.0,0.0,0,0,0,NONE,NONE,False,,,5
1379,3300.0,650.0,0.0,0.085,0.0,0.0,0.0,0,0,0,NONE,NONE,False,,,4
1380,3350.0,650.0,0.0,0.085,0.0,0.0,0.0,0,0,0,NONE,NONE,False,,,4
1381,3400.0,650.0,0.0,0.085,0.0,0.0,0.0,0,0,0,NONE,NONE,False,,,3
1382,3450.0,650.0,0.0,0.085,0.0,0.0,0.0,0,0,0,NONE,NONE,False,,,2
1383,3500.0,650.0,0.0,10.0,1.0,0.0,1.0,1,0,0,NONE,NONE,False,,,0
1384,3550.0,650.0,0.0,10.0,1.0,0.0,1.0,1,0,0,NONE,NONE,False,,,0
1385,3600.0,650.0,0.0,10.0,1.0,0.0,1.0,1,0,0,NONE,NONE,False,,,0
1386,3650.0,650.0,0.0,10.0,1.0,0.0,1.0,1,0,0,NONE,NONE,False,,,0
1387,3700.0,650.0,0.0,10.0,1.0,0.0,1.0,1,0,0,NONE,NONE,False,,,0
1388,3750.0,650.0,0.0,10.0,1.0,0.0,1.0,1,0,0,NONE,NONE,False,,,0
1389,3800.0,650.0,0.0,10.0,1.0,0.0,1.0,1,0,0,NONE,NONE,False,,,0
1390,3850.0,650.0,0.0,0.085,0.0,0.0,0.0,0,0,0,NONE,NONE,False,,,1
1391,3900.0,650.0,0.0,0.085,0.0,0.0,0.0,0,0,0,NONE,NONE,False,,,2
1392,3950.0,650.0,0.0,0.085,0.0,0.0,0.0,0,0,0,NONE,NONE,False,,,2
1393,4000.0,650.0,0.0,0.085,0.0,0.0,0.0,0,0,0,NONE,NONE,False,,,2
1394,4050.0,650.0,0.0,0.085,0.0,0.0,0.0,0,0,0,NONE,NONE,False,,,2
1395,4100.0,650.0,0.0,0.085,0.0,0.0,0.0,0,0,0,NONE,NONE,False,,,2
1396,4150.0,650.0,0.0,0.085,0.0,0.0,0.0,0,0,0,NONE,NONE,False,,,2
1397,4200.0,650.0,0.0,0.085,0.0,0.0,0.0,0,0,0,NONE,NONE,False,,,1
1398,4250.0,650.0,0.0,0.085,0.0,0.0,0.0,0,0,0,NONE,NONE,False,,,1
1399,4300.0,650.0,0.0,0.085,0.0,0.0,0.0,0,0,0,NONE,NONE,False,,,1
1400,4350.0,650.0,0.0,0.085,0.0,0.0,0.0,0,0,0,NONE,NONE,False,,,0
1401,4400.0,650.0,0.0,0.085,0.0,0.0,0.0,0,0,0,NONE,NONE,False,,,0
1402,4450.0,650.0,0.0,0.085,0.0,0.0,0.0,0,0,0,NONE,NONE,False,,,1
1403,4500.0,650.0,0.0,0.085,0.0,0.0,0.0,0,0,0,NONE,NONE,False,,,1
1404,4550.0,650.0,0.0,0.085,0.0,0.0,0.0,0,0,0,NONE,NONE,False,,,1
1405,4600.0,650.0,0.0,0.085,0.0,0.0,0.0,0,0,0,NONE,NONE,False,,,2
1406,4650.0,650.0,0.0,0.085,0.0,0.0,0.0,0,0,0,NONE,NONE,False,,,2
1407,4700.0,650.0,0.0,0.085,0.0,0.0,0.0,0,0,0,NONE,NONE,False,,,2
1408,4750.0,650.0,0.0,0.085,0.0,0.0,0.0,0,0,0,NONE,NONE,False,,,3
1409,4800.0,650.0,0.0,0.085,0.0,0.0,0.0,0,0,0,NONE,NONE,False,,,2
1410,4850.0,650.0,0.0,0.085,0.0,0.0,0.0,0,0,0,NONE,NONE,False,,,2
1411,4900.0,650.0,0.0,0.085,0.0,0.0,0.0,0,0,0,NONE,NONE,False,,,2
1412,4950.0,650.0,0.0,0.085,0.0,0.0,0.0,0,0,0,NONE,NONE,False,,,1
1413,5000.0,650.0,0.0,0.085,0.0,0.0,0.0,0,0,0,NONE,NONE,False,,,1
1414,0.0,700.0,0.0,0.085,0.0,0.0,0.0,0,0,0,NONE,NONE,False,,,2
1415,50.0,700.0,0.0,0.085,0.0,0.0,0.0,0,0,0,NONE,NONE,False,,,2
1416,100.0,700.0,0.0,0.085,0.0,0.0,0.0,0,0,0,NONE,NONE,False,,,2
1417,150.0,700.0,0.0,0.085,0.0,0.0,0.0,0,0,0,NONE,NONE,False,,,2
1418,200.0,700.0,0.0,0.085,0.0,0.0,0.0,0,0,0,NONE,NONE,False,,,1
1419,250.0,700.0,0.0,0.085,0.0,0.0,0.0,0,0,0,NONE,NONE,False,,,1
1420,300.0,700.0,0.0,0.085,0.0,0.0,0.0,0,0,0,NONE,NONE,False,,,0
1421,350.0,700.0,0.0,0.085,0.0,0.0,0.0,0,0,0,NONE,NONE,False,,,0
1422,400.0,700.0,0.0,0.085,0.0,0.0,0.0,0,0,0,NONE,NONE,False,,,0
1423,450.0,700.0,0.0,0.085,0.0,0.0,0.0,0,0,0,NONE,NONE,False,,,0
1424,500.0,700.0,0.0,0.085,0.0,0.0,0.0,0,0,0,NONE,NONE,False,,,0
1425,550.0,700.0,0.0,0.085,0.0,0.0,0.0,0,0,0,NONE,NONE,False,,,0
1426,600.0,700.0,0.0,0.085,0.0,0.0,0.0,0,0,0,NONE,NONE,False,,,0
1427,650.0,700.0,0.0,0.085,0.0,0.0,0.0,0,0,0,NONE,NONE,False,,,1
1428,700.0,700.0,0.0,10.0,1.0,0.0,1.0,1,0,0,NONE,NONE,False,,,0
1429,750.0,700.0,0.0,10.0,1.0,0.0,1.0,1,0,0,NONE,NONE,False,,,0
1430,800.0,700.0,0.0,0.085,0.0,0.0,0.0,0,0,0,NONE,NONE,False,,,3
1431,850.0,700.0,0.0,0.085,0.0,0.0,0.0,0,0,0,NONE,NONE,False,,,3
1432,900.0,700.0,0.0,0.085,0.0,0.0,0.0,0,0,0,NONE,NONE,False,,,4
1433,950.0,700.0,0.0,0.085,0.0,0.0,0.0,0,0,0,NONE,NONE,False,,,4
1434,1000.0,700.0,0.0,0.085,0.0,0.0,0.0,0,0,0,NONE,NONE,False,,,4
1435,1050.0,700.0,0.0,0.085,0.0,0.0,0.0,0,0,0,NONE,NONE,False,,,3
1436,1100.0,700.0,0.0,0.085,0.0,0.0,0.0,0,0,0,NONE,NONE,False,,,4
1437,1150.0,700.0,0.0,0.085,0.0,0.0,0.0,0,0,0,NONE,NONE,False,,,6
1438,1200.0,700.0,0.0,0.085,0.0,0.0,0.0,0,0,0,NONE,NONE,False,,,6
1439,1250.0,700.0,0.0,0.085,0.0,0.0,0.0,0,0,0,NONE,NONE,False,,,6
1440,1300.0,700.0,0.0,0.085,0.0,0.0,0.0,0,0,0,NONE,NONE,False,,,7
1441,1350.0,700.0,0.0,0.085,0.0,0.0,0.0,0,0,0,NONE,NONE,False,,,6
1442,1400.0,700.0,0.0,0.085,0.0,0.0,0.0,0,0,0,NONE,NONE,False,,,6
1443,1450.0,700.0,0.0,0.085,0.0,0.0,0.0,0,0,0,NONE,NONE,False,,,6
1444,1500.0,700.0,0.0,0.085,0.0,0.0,0.0,0,0,0,NONE,NONE,False,,,5
1445,1550.0,700.0,0.0,0.085,0.0,0.0,0.0,0,0,0,NONE,NONE,False,,,5
1446,1600.0,700.0,0.0,0.085,0.0,0.0,0.0,0,0,0,NONE,NONE,False,,,6
1447,1650.0,700.0,0.0,0.085,0.0,0.0,0.0,0,0,0,NONE,NONE,False,,,6
1448,1700.0,700.0,0.0,0.085,0.0,0.0,0.0,0,0,0,NONE,NONE,False,,,6
1449,1750.0,700.0,0.0,0.085,0.0,0.0,0.0,0,0,0,NONE,NONE,False,,,6
1450,1800.0,700.0,0.0,0.085,0.0,0.0,0.0,0,0,0,NONE,NONE,False,,,5
1451,1850.0,700.0,0.0,0.085,0.0,0.0,0.0,0,0,0,NONE,NONE,False,,,6
1452,1900.0,700.0,0.0,0.085,0.0,0.0,0.0,0,0,0,NONE,NONE,False,,,7
1453,1950.0,700.0,0.0,0.085,0.0,0.0,0.0,0,0,0,NONE,NONE,False,,,7
1454,2000.0,700.0,0.0,0.085,0.0,0.0,0.0,0,0,0,NONE,NONE,False,,,8
1455,2050.0,700.0,0.0,0.085,0.0,0.0,0.0,0,0,0,NONE,NONE,False,,,9
1456,2100.0,700.0,0.0,0.085,0.0,0.0,0.0,0,0,0,NONE,NONE,False,,,8
1457,2150.0,700.0,0.0,0.085,0.0,0.0,0.0,0,0,0,NONE,NONE,False,,,9
1458,2200.0,700.0,0.0,0.085,0.0,0.0,0.0,0,0,0,NONE,NONE,False,,,9
1459,2250.0,700.0,0.0,0.085,0.0,0.0,0.0,0,0,0,NONE,NONE,False,,,8
1460,2300.0,700.0,0.0,0.085,0.0,0.0,0.0,0,0,0,NONE,NONE,False,,,8
1461,2350.0,700.0,0.0,0.085,0.0,0.0,0.0,0,0,0,NONE,NONE,False,,,7
1462,2400.0,700.0,0.0,0.085,0.0,0.0,0.0,0,0,0,NONE,NONE,False,,,7
1463,2450.0,700.0,0.0,0.085,0.0,0.0,0.0,0,0,0,NONE,NONE,False,,,6
1464,2500.0,700.0,0.0,0.085,0.0,0.0,0.0,0,0,1,FLZ02,FLZ,False,,,7
1465,2550.0,700.0,0.0,0.085,0.0,0.0,0.0,0,0,0,NONE,NONE,False,,,8
1466,2600.0,700.0,0.0,0.085,0.0,0.0,0.0,0,0,0,NONE,NONE,False,,,7
1467,2650.0,700.0,0.0,0.085,0.0,0.0,0.0,0,0,0,NONE,NONE,False,,,8
1468,2700.0,700.0,0.0,0.085,0.0,0.0,0.0,0,0,0,NONE,NONE,False,,,7
1469,2750.0,700.0,0.0,0.085,0.0,0.0,0.0,0,0,0,NONE,NONE,False,,,7
1470,2800.0,700.0,0.0,0.085,0.0,0.0,0.0,0,0,0,NONE,NONE,False,,,9
1471,2850.0,700.0,0.0,0.085,0.0,0.0,0.0,0,0,0,NONE,NONE,False,,,9
1472,2900.0,700.0,0.0,0.085,0.0,0.0,0.0,0,0,0,NONE,NONE,False,,,8
1473,2950.0,700.0,0.0,0.085,0.0,0.0,0.0,0,0,0,NONE,NONE,False,,,7
1474,3000.0,700.0,0.0,0.085,0.0,0.0,0.0,0,0,0,NONE,NONE,False,,,5
1475,3050.0,700.0,0.0,0.085,0.0,0.0,0.0,0,0,0,NONE,NONE,False,,,5
1476,3100.0,700.0,0.0,0.085,0.0,0.0,0.0,0,0,0,NONE,NONE,False,,,6
1477,3150.0,700.0,0.0,0.085,0.0,0.0,0.0,0,0,0,NONE,NONE,False,,,6
1478,3200.0,700.0,0.0,0.085,0.0,0.0,0.0,0,0,0,NONE,NONE,False,,,6
1479,3250.0,700.0,0.0,0.085,0.0,0.0,0.0,0,0,0,NONE,NONE,False,,,6
1480,3300.0,700.0,0.0,0.085,0.0,0.0,0.0,0,0,0,NONE,NONE,False,,,5
1481,3350.0,700.0,0.0,0.085,0.0,0.0,0.0,0,0,0,NONE,NONE,False,,,4
1482,3400.0,700.0,0.0,0.085,0.0,0.0,0.0,0,0,0,NONE,NONE,False,,,4
1483,3450.0,700.0,0.0,0.085,0.0,0.0,0.0,0,0,0,NONE,NONE,False,,,3
1484,3500.0,700.0,0.0,0.085,0.0,0.0,0.0,0,0,0,NONE,NONE,False,,,2
1485,3550.0,700.0,0.0,10.0,1.0,0.0,1.0,1,0,0,NONE,NONE,False,,,0
1486,3600.0,700.0,0.0,10.0,1.0,0.0,1.0,1,0,0,NONE,NONE,False,,,0
1487,3650.0,700.0,0.0,10.0,1.0,0.0,1.0,1,0,0,NONE,NONE,False,,,0
1488,3700.0,700.0,0.0,10.0,1.0,0.0,1.0,1,0,0,NONE,NONE,False,,,0
1489,3750.0,700.0,0.0,10.0,1.0,0.0,1.0,1,0,0,NONE,NONE,False,,,0
1490,3800.0,700.0,0.0,0.085,0.0,0.0,0.0,0,0,0,NONE,NONE,False,,,0
1491,3850.0,700.0,0.0,0.085,0.0,0.0,0.0,0,0,0,NONE,NONE,False,,,0
1492,3900.0,700.0,0.0,0.085,0.0,0.0,0.0,0,0,0,NONE,NONE,False,,,1
1493,3950.0,700.0,0.0,0.085,0.0,0.0,0.0,0,0,0,NONE,NONE,False,,,2
1494,4000.0,700.0,0.0,0.085,0.0,0.0,0.0,0,0,0,NONE,NONE,False,,,2
1495,4050.0,700.0,0.0,0.085,0.0,0.0,0.0,0,0,0,NONE,NONE,False,,,2
1496,4100.0,700.0,0.0,0.085,0.0,0.0,0.0,0,0,0,NONE,NONE,False,,,2
1497,4150.0,700.0,0.0,0.085,0.0,0.0,0.0,0,0,0,NONE,NONE,False,,,2
1498,4200.0,700.0,0.0,0.085,0.0,0.0,0.0,0,0,0,NONE,NONE,False,,,1
1499,4250.0,700.0,0.0,0.085,0.0,0.0,0.0,0,0,0,NONE,NONE,False,,,1
1500,4300.0,700.0,0.0,0.085,0.0,0.0,0.0,0,0,0,NONE,NONE,False,,,1
1501,4350.0,700.0,0.0,0.085,0.0,0.0,0.0,0,0,0,NONE,NONE,False,,,1
1502,4400.0,700.0,0.0,0.085,0.0,0.0,0.0,0,0,0,NONE,NONE,False,,,0
1503,4450.0,700.0,0.0,0.085,0.0,0.0,0.0,0,0,0,NONE,NONE,False,,,0
1504,4500.0,700.0,0.0,0.085,0.0,0.0,0.0,0,0,0,NONE,NONE,False,,,1
1505,4550.0,700.0,0.0,0.085,0.0,0.0,0.0,0,0,0,NONE,NONE,False,,,1
1506,4600.0,700.0,0.0,0.085,0.0,0.0,0.0,0,0,0,NONE,NONE,False,,,1
1507,4650.0,700.0,0.0,0.085,0.0,0.0,0.0,0,0,0,NONE,NONE,False,,,2
1508,4700.0,700.0,0.0,0.085,0.0,0.0,0.0,0,0,0,NONE,NONE,False,,,2
1509,4750.0,700.0,0.0,0.085,0.0,0.0,0.0,0,0,0,NONE,NONE,False,,,2
1510,4800.0,700.0,0.0,0.085,0.0,0.0,0.0,0,0,0,NONE,NONE,False,,,3
1511,4850.0,700.0,0.0,0.085,0.0,0.0,0.0,0,0,0,NONE,NONE,False,,,2
1512,4900.0,700.0,0.0,0.085,0.0,0.0,0.0,0,0,0,NONE,NONE,False,,,2
1513,4950.0,700.0,0.0,0.085,0.0,0.0,0.0,0,0,0,NONE,NONE,False,,,1
1514,5000.0,700.0,0.0,0.085,0.0,0.0,0.0,0,0,0,NONE,NONE,False,,,1
1515,0.0,750.0,0.0,0.085,0.0,0.0,0.0,0,0,0,NONE,NONE,False,,,1
1516,50.0,750.0,0.0,0.085,0.0,0.0,0.0,0,0,0,NONE,NONE,False,,,2
1517,100.0,750.0,0.0,0.085,0.0,0.0,0.0,0,0,0,NONE,NONE,False,,,2
1518,150.0,750.0,0.0,0.085,0.0,0.0,0.0,0,0,0,NONE,NONE,False,,,2
1519,200.0,750.0,0.0,0.085,0.0,0.0,0.0,0,0,0,NONE,NONE,False,,,1
1520,250.0,750.0,0.0,0.085,0.0,0.0,0.0,0,0,0,NONE,NONE,False,,,1
1521,300.0,750.0,0.0,0.085,0.0,0.0,0.0,0,0,0,NONE,NONE,False,,,0
1522,350.0,750.0,0.0,0.085,0.0,0.0,0.0,0,0,0,NONE,NONE,False,,,0
1523,400.0,750.0,0.0,0.085,0.0,0.0,0.0,0,0,0,NONE,NONE,False,,,0
1524,450.0,750.0,0.0,0.085,0.0,0.0,0.0,0,0,0,NONE,NONE,False,,,0
1525,500.0,750.0,0.0,0.085,0.0,0.0,0.0,0,0,0,NONE,NONE,False,,,0
1526,550.0,750.0,0.0,0.085,0.0,0.0,0.0,0,0,0,NONE,NONE,False,,,1
1527,600.0,750.0,0.0,0.085,0.0,0.0,0.0,0,0,0,NONE,NONE,False,,,2
1528,650.0,750.0,0.0,0.085,0.0,0.0,0.0,0,0,0,NONE,NONE,False,,,2
1529,700.0,750.0,0.0,0.085,0.0,0.0,0.0,0,0,0,NONE,NONE,False,,,3
1530,750.0,750.0,0.0,0.085,0.0,0.0,0.0,0,0,0,NONE,NONE,False,,,3
1531,800.0,750.0,0.0,0.085,0.0,0.0,0.0,0,0,0,NONE,NONE,False,,,3
1532,850.0,750.0,0.0,0.085,0.0,0.0,0.0,0,0,0,NONE,NONE,False,,,4
1533,900.0,750.0,0.0,0.085,0.0,0.0,0.0,0,0,0,NONE,NONE,False,,,4
1534,950.0,750.0,0.0,0.085,0.0,0.0,0.0,0,0,0,NONE,NONE,False,,,4
1535,1000.0,750.0,0.0,0.085,0.0,0.0,0.0,0,0,0,NONE,NONE,False,,,5
1536,1050.0,750.0,0.0,0.085,0.0,0.0,0.0,0,0,0,NONE,NONE,False,,,4
1537,1100.0,750.0,0.0,0.085,0.0,0.0,0.0,0,0,0,NONE,NONE,False,,,4
1538,1150.0,750.0,0.0,0.085,0.0,0.0,0.0,0,0,0,NONE,NONE,False,,,5
1539,1200.0,750.0,0.0,0.085,0.0,0.0,0.0,0,0,0,NONE,NONE,False,,,7
1540,1250.0,750.0,0.0,0.085,0.0,0.0,0.0,0,0,0,NONE,NONE,False,,,6
1541,1300.0,750.0,0.0,0.085,0.0,0.0,0.0,0,0,0,NONE,NONE,False,,,6
1542,1350.0,750.0,0.0,0.085,0.0,0.0,0.0,0,0,0,NONE,NONE,False,,,6
1543,1400.0,750.0,0.0,0.085,0.0,0.0,0.0,0,0,0,NONE,NONE,False,,,6
1544,1450.0,750.0,0.0,0.085,0.0,0.0,0.0,0,0,0,NONE,NONE,False,,,6
1545,1500.0,750.0,0.0,0.085,0.0,0.0,0.0,0,0,0,NONE,NONE,False,,,6
1546,1550.0,750.0,0.0,0.085,0.0,0.0,0.0,0,0,0,NONE,NONE,False,,,5
1547,1600.0,750.0,0.0,0.085,0.0,0.0,0.0,0,0,0,NONE,NONE,False,,,6
1548,1650.0,750.0,0.0,0.085,0.0,0.0,0.0,0,0,0,NONE,NONE,False,,,6
1549,1700.0,750.0,0.0,0.085,0.0,0.0,0.0,0,0,0,NONE,NONE,False,,,6
1550,1750.0,750.0,0.0,0.085,0.0,0.0,0.0,0,0,0,NONE,NONE,False,,,7
1551,1800.0,750.0,0.0,0.085,0.0,0.0,0.0,0,0,0,NONE,NONE,False,,,7
1552,1850.0,750.0,0.0,0.085,0.0,0.0,0.0,0,0,0,NONE,NONE,False,,,7
1553,1900.0,750.0,0.0,0.085,0.0,0.0,0.0,0,0,0,NONE,NONE,False,,,9
1554,1950.0,750.0,0.0,0.085,0.0,0.0,0.0,0,0,0,NONE,NONE,False,,,10
1555,2000.0,750.0,0.0,0.085,0.0,0.0,0.0,0,0,0,NONE,NONE,False,,,9
1556,2050.0,750.0,0.0,0.085,0.0,0.0,0.0,0,0,0,NONE,NONE,False,,,9
1557,2100.0,750.0,0.0,0.085,0.0,0.0,0.0,0,0,0,NONE,NONE,False,,,11
1558,2150.0,750.0,0.0,0.085,0.0,0.0,0.0,0,0,0,NONE,NONE,False,,,9
1559,2200.0,750.0,0.0,0.085,0.0,0.0,0.0,0,0,0,NONE,NONE,False,,,10
1560,2250.0,750.0,0.0,0.085,0.0,0.0,0.0,0,0,0,NONE,NONE,False,,,9
1561,2300.0,750.0,0.0,0.085,0.0,0.0,0.0,0,0,0,NONE,NONE,False,,,8
1562,2350.0,750.0,0.0,0.085,0.0,0.0,0.0,0,0,0,NONE,NONE,False,,,7
1563,2400.0,750.0,0.0,0.085,0.0,0.0,0.0,0,0,0,NONE,NONE,False,,,7
1564,2450.0,750.0,0.0,0.085,0.0,0.0,0.0,0,0,0,NONE,NONE,False,,,7
1565,2500.0,750.0,0.0,0.085,0.0,0.0,0.0,0,0,0,NONE,NONE,False,,,8
1566,2550.0,750.0,0.0,0.085,0.0,0.0,0.0,0,0,0,NONE,NONE,False,,,7
1567,2600.0,750.0,0.0,0.085,0.0,0.0,0.0,0,0,0,NONE,NONE,False,,,7
1568,2650.0,750.0,0.0,0.085,0.0,0.0,0.0,0,0,0,NONE,NONE,False,,,7
1569,2700.0,750.0,0.0,0.085,0.0,0.0,0.0,0,0,0,NONE,NONE,False,,,8
1570,2750.0,750.0,0.0,0.085,0.0,0.0,0.0,0,0,0,NONE,NONE,False,,,9
1571,2800.0,750.0,0.0,0.085,0.0,0.0,0.0,0,0,0,NONE,NONE,False,,,9
1572,2850.0,750.0,0.0,0.085,0.0,0.0,0.0,0,0,0,NONE,NONE,False,,,9
1573,2900.0,750.0,0.0,0.085,0.0,0.0,0.0,0,0,0,NONE,NONE,False,,,8
1574,2950.0,750.0,0.0,0.085,0.0,0.0,0.0,0,0,0,NONE,NONE,False,,,7
1575,3000.0,750.0,0.0,0.085,0.0,0.0,0.0,0,0,0,NONE,NONE,False,,,7
1576,3050.0,750.0,0.0,0.085,0.0,0.0,0.0,0,0,0,NONE,NONE,False,,,7
1577,3100.0,750.0,0.0,0.085,0.0,0.0,0.0,0,0,0,NONE,NONE,False,,,6
1578,3150.0,750.0,0.0,0.085,0.0,0.0,0.0,0,0,0,NONE,NONE,False,,,5
1579,3200.0,750.0,0.0,0.085,0.0,0.0,0.0,0,0,0,NONE,NONE,False,,,5
1580,3250.0,750.0,0.0,0.085,0.0,0.0,0.0,0,0,0,NONE,NONE,False,,,6
1581,3300.0,750.0,0.0,0.085,0.0,0.0,0.0,0,0,0,NONE,NONE,False,,,6
1582,3350.0,750.0,0.0,0.085,0.0,0.0,0.0,0,0,0,NONE,NONE,False,,,5
1583,3400.0,750.0,0.0,0.085,0.0,0.0,0.0,0,0,0,NONE,NONE,False,,,5
1584,3450.0,750.0,0.0,0.085,0.0,0.0,0.0,0,0,0,NONE,NONE,False,,,5
1585,3500.0,750.0,0.0,0.085,0.0,0.0,0.0,0,0,0,NONE,NONE,False,,,4
1586,3550.0,750.0,0.0,0.085,0.0,0.0,0.0,0,0,0,NONE,NONE,False,,,3
1587,3600.0,750.0,0.0,0.085,0.0,0.0,0.0,0,0,0,NONE,NONE,False,,,2
1588,3650.0,750.0,0.0,10.0,1.0,0.0,1.0,1,0,0,NONE,NONE,False,,,0
1589,3700.0,750.0,0.0,10.0,1.0,0.0,1.0,1,0,0,NONE,NONE,False,,,0
1590,3750.0,750.0,0.0,0.085,0.0,0.0,0.0,0,0,0,NONE,NONE,False,,,1
1591,3800.0,750.0,0.0,0.085,0.0,0.0,0.0,0,0,0,NONE,NONE,False,,,1
1592,3850.0,750.0,0.0,0.085,0.0,0.0,0.0,0,0,0,NONE,NONE,False,,,1
1593,3900.0,750.0,0.0,0.085,0.0,0.0,0.0,0,0,0,NONE,NONE,False,,,1
1594,3950.0,750.0,0.0,0.085,0.0,0.0,0.0,0,0,0,NONE,NONE,False,,,3
1595,4000.0,750.0,0.0,0.085,0.0,0.0,0.0,0,0,0,NONE,NONE,False,,,3
1596,4050.0,750.0,0.0,0.085,0.0,0.0,0.0,0,0,0,NONE,NONE,False,,,3
1597,4100.0,750.0,0.0,0.085,0.0,0.0,0.0,0,0,0,NONE,NONE,False,,,3
1598,4150.0,750.0,0.0,0.085,0.0,0.0,0.0,0,0,0,NONE,NONE,False,,,3
1599,4200.0,750.0,0.0,0.085,0.0,0.0,0.0,0,0,0,NONE,NONE,False,,,2
1600,4250.0,750.0,0.0,0.085,0.0,0.0,0.0,0,0,0,NONE,NONE,False,,,2
1601,4300.0,750.0,0.0,0.085,0.0,0.0,0.0,0,0,0,NONE,NONE,False,,,1
1602,4350.0,750.0,0.0,0.085,0.0,0.0,0.0,0,0,0,NONE,NONE,False,,,1
1603,4400.0,750.0,0.0,0.085,0.0,0.0,0.0,0,0,0,NONE,NONE,False,,,1
1604,4450.0,750.0,0.0,0.085,0.0,0.0,0.0,0,0,0,NONE,NONE,False,,,0
1605,4500.0,750.0,0.0,0.085,0.0,0.0,0.0,0,0,0,NONE,NONE,False,,,0
1606,4550.0,750.0,0.0,0.085,0.0,0.0,0.0,0,0,0,NONE,NONE,False,,,1
1607,4600.0,750.0,0.0,0.085,0.0,0.0,0.0,0,0,0,NONE,NONE,False,,,1
1608,4650.0,750.0,0.0,0.085,0.0,0.0,0.0,0,0,0,NONE,NONE,False,,,1
1609,4700.0,750.0,0.0,0.085,0.0,0.0,0.0,0,0,0,NONE,NONE,False,,,2
1610,4750.0,750.0,0.0,0.085,0.0,0.0,0.0,0,0,0,NONE,NONE,False,,,2
1611,4800.0,750.0,0.0,0.085,0.0,0.0,0.0,0,0,0,NONE,NONE,False,,,2
1612,4850.0,750.0,0.0,0.085,0.0,0.0,0.0,0,0,0,NONE,NONE,False,,,2
1613,4900.0,750.0,0.0,0.085,0.0,0.0,0.0,0,0,0,NONE,NONE,False,,,2
1614,4950.0,750.0,0.0,0.085,0.0,0.0,0.0,0,0,0,NONE,NONE,False,,,1
1615,5000.0,750.0,0.0,0.085,0.0,0.0,0.0,0,0,0,NONE,NONE,False,,,1
1616,0.0,800.0,0.0,0.085,0.0,0.0,0.0,0,0,0,NONE,NONE,False,,,1
1617,50.0,800.0,0.0,0.085,0.0,0.0,0.0,0,0,0,NONE,NONE,False,,,2
1618,100.0,800.0,0.0,0.085,0.0,0.0,0.0,0,0,0,NONE,NONE,False,,,2
1619,150.0,800.0,0.0,0.085,0.0,0.0,0.0,0,0,0,NONE,NONE,False,,,2
1620,200.0,800.0,0.0,0.085,0.0,0.0,0.0,0,0,0,NONE,NONE,False,,,1
1621,250.0,800.0,0.0,0.085,0.0,0.0,0.0,0,0,0,NONE,NONE,False,,,1
1622,300.0,800.0,0.0,0.085,0.0,0.0,0.0,0,0,0,NONE,NONE,False,,,0
1623,350.0,800.0,0.0,0.085,0.0,0.0,0.0,0,0,0,NONE,NONE,False,,,0
1624,400.0,800.0,0.0,0.085,0.0,0.0,0.0,0,0,0,NONE,NONE,False,,,0
1625,450.0,800.0,0.0,0.085,0.0,0.0,0.0,0,0,0,NONE,NONE,False,,,0
1626,500.0,800.0,0.0,0.085,0.0,0.0,0.0,0,0,0,NONE,NONE,False,,,1
1627,550.0,800.0,0.0,0.085,0.0,0.0,0.0,0,0,0,NONE,NONE,False,,,2
1628,600.0,800.0,0.0,0.085,0.0,0.0,0.0,0,0,0,NONE,NONE,False,,,2
1629,650.0,800.0,0.0,0.085,0.0,0.0,0.0,0,0,0,NONE,NONE,False,,,3
1630,700.0,800.0,0.0,0.085,0.0,0.0,0.0,0,0,0,NONE,NONE,False,,,3
1631,750.0,800.0,0.0,0.085,0.0,0.0,0.0,0,0,0,NONE,NONE,False,,,3
1632,800.0,800.0,0.0,0.085,0.0,0.0,0.0,0,0,0,NONE,NONE,False,,,4
1633,850.0,800.0,0.0,0.085,0.0,0.0,0.0,0,0,0,NONE,NONE,False,,,4
1634,900.0,800.0,0.0,0.085,0.0,0.0,0.0,0,0,0,NONE,NONE,False,,,4
1635,950.0,800.0,0.0,0.085,0.0,0.0,0.0,0,0,0,NONE,NONE,False,,,5
1636,1000.0,800.0,0.0,0.085,0.0,0.0,0.0,0,0,0,NONE,NONE,False,,,5
1637,1050.0,800.0,0.0,0.085,0.0,0.0,0.0,0,0,0,NONE,NONE,False,,,3
1638,1100.0,800.0,0.0,0.085,0.0,0.0,0.0,0,0,0,NONE,NONE,False,,,4
1639,1150.0,800.0,0.0,0.085,0.0,0.0,0.0,0,0,0,NONE,NONE,False,,,4
1640,1200.0,800.0,0.0,0.085,0.0,0.0,0.0,0,0,0,NONE,NONE,False,,,5
1641,1250.0,800.0,0.0,0.085,0.0,0.0,0.0,0,0,0,NONE,NONE,False,,,6
1642,1300.0,800.0,0.0,0.085,0.0,0.0,0.0,0,0,0,NONE,NONE,False,,,6
1643,1350.0,800.0,0.0,0.085,0.0,0.0,0.0,0,0,0,NONE,NONE,False,,,6
1644,1400.0,800.0,0.0,0.085,0.0,0.0,0.0,0,0,0,NONE,NONE,False,,,7
1645,1450.0,800.0,0.0,0.085,0.0,0.0,0.0,0,0,0,NONE,NONE,False,,,6
1646,1500.0,800.0,0.0,0.085,0.0,0.0,0.0,0,0,0,NONE,NONE,False,,,5
1647,1550.0,800.0,0.0,0.085,0.0,0.0,0.0,0,0,0,NONE,NONE,False,,,6
1648,1600.0,800.0,0.0,0.085,0.0,0.0,0.0,0,0,0,NONE,NONE,False,,,5
1649,1650.0,800.0,0.0,0.085,0.0,0.0,0.0,0,0,0,NONE,NONE,False,,,7
1650,1700.0,800.0,0.0,0.085,0.0,0.0,0.0,0,0,0,NONE,NONE,False,,,8
1651,1750.0,800.0,0.0,0.085,0.0,0.0,0.0,0,0,0,NONE,NONE,False,,,8
1652,1800.0,800.0,0.0,0.085,0.0,0.0,0.0,0,0,0,NONE,NONE,False,,,9
1653,1850.0,800.0,0.0,0.085,0.0,0.0,0.0,0,0,0,NONE,NONE,False,,,10
1654,1900.0,800.0,0.0,0.085,0.0,0.0,0.0,0,0,0,NONE,NONE,False,,,10
1655,1950.0,800.0,0.0,0.085,0.0,0.0,0.0,0,0,0,NONE,NONE,False,,,12
1656,2000.0,800.0,0.0,0.085,0.0,0.0,0.0,0,0,0,NONE,NONE,False,,,11
1657,2050.0,800.0,0.0,0.085,0.0,0.0,0.0,0,0,0,NONE,NONE,False,,,11
1658,2100.0,800.0,0.0,0.085,0.0,0.0,0.0,0,0,0,NONE,NONE,False,,,11
1659,2150.0,800.0,0.0,0.085,0.0,0.0,0.0,0,0,0,NONE,NONE,False,,,11
1660,2200.0,800.0,0.0,0.085,0.0,0.0,0.0,0,0,0,NONE,NONE,False,,,10
1661,2250.0,800.0,0.0,0.085,0.0,0.0,0.0,0,0,0,NONE,NONE,False,,,8
1662,2300.0,800.0,0.0,0.085,0.0,0.0,0.0,0,0,0,NONE,NONE,False,,,8
1663,2350.0,800.0,0.0,0.085,0.0,0.0,0.0,0,0,0,NONE,NONE,False,,,7
1664,2400.0,800.0,0.0,0.085,0.0,0.0,0.0,0,0,0,NONE,NONE,False,,,7
1665,2450.0,800.0,0.0,0.085,0.0,0.0,0.0,0,0,0,NONE,NONE,False,,,6
1666,2500.0,800.0,0.0,0.085,0.0,0.0,0.0,0,0,0,NONE,NONE,False,,,8
1667,2550.0,800.0,0.0,0.085,0.0,0.0,0.0,0,0,0,NONE,NONE,False,,,7
1668,2600.0,800.0,0.0,0.085,0.0,0.0,0.0,0,0,0,NONE,NONE,False,,,7
1669,2650.0,800.0,0.0,0.085,0.0,0.0,0.0,0,0,0,NONE,NONE,False,,,7
1670,2700.0,800.0,0.0,0.085,0.0,0.0,0.0,0,0,0,NONE,NONE,False,,,8
1671,2750.0,800.0,0.0,0.085,0.0,0.0,0.0,0,0,0,NONE,NONE,False,,,9
1672,2800.0,800.0,0.0,0.085,0.0,0.0,0.0,0,0,0,NONE,NONE,False,,,7
1673,2850.0,800.0,0.0,0.085,0.0,0.0,0.0,0,0,0,NONE,NONE,False,,,7
1674,2900.0,800.0,0.0,0.085,0.0,0.0,0.0,0,0,0,NONE,NONE,False,,,8
1675,2950.0,800.0,0.0,0.085,0.0,0.0,0.0,0,0,0,NONE,NONE,False,,,8
1676,3000.0,800.0,0.0,0.085,0.0,0.0,0.0,0,0,0,NONE,NONE,False,,,8
1677,3050.0,800.0,0.0,0.085,0.0,0.0,0.0,0,0,0,NONE,NONE,False,,,8
1678,3100.0,800.0,0.0,0.085,0.0,0.0,0.0,0,0,0,NONE,NONE,False,,,7
1679,3150.0,800.0,0.0,0.085,0.0,0.0,0.0,0,0,0,NONE,NONE,False,,,7
1680,3200.0,800.0,0.0,0.085,0.0,0.0,0.0,0,0,0,NONE,NONE,False,,,6
1681,3250.0,800.0,0.0,0.085,0.0,0.0,0.0,0,0,0,NONE,NONE,False,,,6
1682,3300.0,800.0,0.0,0.085,0.0,0.0,0.0,0,0,0,NONE,NONE,False,,,7
1683,3350.0,800.0,0.0,0.085,0.0,0.0,0.0,0,0,0,NONE,NONE,False,,,7
1684,3400.0,800.0,0.0,0.085,0.0,0.0,0.0,0,0,0,NONE,NONE,False,,,6
1685,3450.0,800.0,0.0,0.085,0.0,0.0,0.0,0,0,0,NONE,NONE,False,,,5
1686,3500.0,800.0,0.0,0.085,0.0,0.0,0.0,0,0,0,NONE,NONE,False,,,5
1687,3550.0,800.0,0.0,0.085,0.0,0.0,0.0,0,0,0,NONE,NONE,False,,,5
1688,3600.0,800.0,0.0,0.085,0.0,0.0,0.0,0,0,0,NONE,NONE,False,,,4
1689,3650.0,800.0,0.0,0.085,0.0,0.0,0.0,0,0,0,NONE,NONE,False,,,3
1690,3700.0,800.0,0.0,0.085,0.0,0.0,0.0,0,0,0,NONE,NONE,False,,,2
1691,3750.0,800.0,0.0,0.085,0.0,0.0,0.0,0,0,0,NONE,NONE,False,,,1
1692,3800.0,800.0,0.0,0.085,0.0,0.0,0.0,0,0,0,NONE,NONE,False,,,1
1693,3850.0,800.0,0.0,0.085,0.0,0.0,0.0,0,0,0,NONE,NONE,False,,,1
1694,3900.0,800.0,0.0,0.085,0.0,0.0,0.0,0,0,0,NONE,NONE,False,,,1
1695,3950.0,800.0,0.0,0.085,0.0,0.0,0.0,0,0,0,NONE,NONE,False,,,2
1696,4000.0,800.0,0.0,0.085,0.0,0.0,0.0,0,0,0,NONE,NONE,False,,,3
1697,4050.0,800.0,0.0,0.085,0.0,0.0,0.0,0,0,0,NONE,NONE,False,,,3
1698,4100.0,800.0,0.0,0.085,0.0,0.0,0.0,0,0,0,NONE,NONE,False,,,3
1699,4150.0,800.0,0.0,0.085,0.0,0.0,0.0,0,0,0,NONE,NONE,False,,,3
1700,4200.0,800.0,0.0,0.085,0.0,0.0,0.0,0,0,0,NONE,NONE,False,,,2
1701,4250.0,800.0,0.0,0.085,0.0,0.0,0.0,0,0,0,NONE,NONE,False,,,2
1702,4300.0,800.0,0.0,0.085,0.0,0.0,0.0,0,0,0,NONE,NONE,False,,,2
1703,4350.0,800.0,0.0,0.085,0.0,0.0,0.0,0,0,0,NONE,NONE,False,,,1
1704,4400.0,800.0,0.0,0.085,0.0,0.0,0.0,0,0,0,NONE,NONE,False,,,1
1705,4450.0,800.0,0.0,0.085,0.0,0.0,0.0,0,0,0,NONE,NONE,False,,,1
1706,4500.0,800.0,0.0,0.085,0.0,0.0,0.0,0,0,0,NONE,NONE,False,,,0
1707,4550.0,800.0,0.0,0.085,0.0,0.0,0.0,0,0,0,NONE,NONE,False,,,0
1708,4600.0,800.0,0.0,0.085,0.0,0.0,0.0,0,0,0,NONE,NONE,False,,,1
1709,4650.0,800.0,0.0,0.085,0.0,0.0,0.0,0,0,0,NONE,NONE,False,,,1
1710,4700.0,800.0,0.0,0.085,0.0,0.0,0.0,0,0,0,NONE,NONE,False,,,2
1711,4750.0,800.0,0.0,0.085,0.0,0.0,0.0,0,0,0,NONE,NONE,False,,,2
1712,4800.0,800.0,0.0,0.085,0.0,0.0,0.0,0,0,0,NONE,NONE,False,,,2
1713,4850.0,800.0,0.0,0.085,0.0,0.0,0.0,0,0,0,NONE,NONE,False,,,2
1714,4900.0,800.0,0.0,0.085,0.0,0.0,0.0,0,0,0,NONE,NONE,False,,,2
1715,4950.0,800.0,0.0,0.085,0.0,0.0,0.0,0,0,0,NONE,NONE,False,,,1
1716,5000.0,800.0,0.0,0.085,0.0,0.0,0.0,0,0,0,NONE,NONE,False,,,1
1717,0.0,850.0,0.0,0.085,0.0,0.0,0.0,0,0,0,NONE,NONE,False,,,1
1718,50.0,850.0,0.0,0.085,0.0,0.0,0.0,0,0,0,NONE,NONE,False,,,2
1719,100.0,850.0,0.0,0.085,0.0,0.0,0.0,0,0,0,NONE,NONE,False,,,2
1720,150.0,850.0,0.0,0.085,0.0,0.0,0.0,0,0,0,NONE,NONE,False,,,2
1721,200.0,850.0,0.0,0.085,0.0,0.0,0.0,0,0,0,NONE,NONE,False,,,1
1722,250.0,850.0,0.0,0.085,0.0,0.0,0.0,0,0,0,NONE,NONE,False,,,1
1723,300.0,850.0,0.0,0.085,0.0,0.0,0.0,0,0,0,NONE,NONE,False,,,0
1724,350.0,850.0,0.0,0.085,0.0,0.0,0.0,0,0,0,NONE,NONE,False,,,0
1725,400.0,850.0,0.0,0.085,0.0,0.0,0.0,0,0,0,NONE,NONE,False,,,0
1726,450.0,850.0,0.0,0.085,0.0,0.0,0.0,0,0,0,NONE,NONE,False,,,1
1727,500.0,850.0,0.0,0.085,0.0,0.0,0.0,0,0,0,NONE,NONE,False,,,1
1728,550.0,850.0,0.0,0.085,0.0,0.0,0.0,0,0,0,NONE,NONE,False,,,2
1729,600.0,850.0,0.0,0.085,0.0,0.0,0.0,0,0,0,NONE,NONE,False,,,2
1730,650.0,850.0,0.0,0.085,0.0,0.0,0.0,0,0,0,NONE,NONE,False,,,3
1731,700.0,850.0,0.0,0.085,0.0,0.0,0.0,0,0,0,NONE,NONE,False,,,3
1732,750.0,850.0,0.0,0.085,0.0,0.0,0.0,0,0,0,NONE,NONE,True,minor,TN37,4
1733,800.0,850.0,0.0,0.085,0.0,0.0,0.0,0,0,0,NONE,NONE,False,,,4
1734,850.0,850.0,0.0,0.085,0.0,0.0,0.0,0,0,0,NONE,NONE,False,,,4
1735,900.0,850.0,0.0,0.085,0.0,0.0,0.0,0,0,0,NONE,NONE,False,,,6
1736,950.0,850.0,0.0,0.085,0.0,0.0,0.0,0,0,0,NONE,NONE,False,,,5
1737,1000.0,850.0,0.0,0.085,0.0,0.0,0.0,0,0,0,NONE,NONE,False,,,4
1738,1050.0,850.0,0.0,0.085,0.0,0.0,0.0,0,0,0,NONE,NONE,False,,,5
1739,1100.0,850.0,0.0,0.085,0.0,0.0,0.0,0,0,0,NONE,NONE,False,,,5
1740,1150.0,850.0,0.0,0.085,0.0,0.0,0.0,0,0,0,NONE,NONE,False,,,5
1741,1200.0,850.0,0.0,0.085,0.0,0.0,0.0,0,0,0,NONE,NONE,False,,,5
1742,1250.0,850.0,0.0,0.085,0.0,0.0,0.0,0,0,0,NONE,NONE,False,,,6
1743,1300.0,850.0,0.0,0.085,0.0,0.0,0.0,0,0,0,NONE,NONE,False,,,6
1744,1350.0,850.0,0.0,0.085,0.0,0.0,0.0,0,0,0,NONE,NONE,False,,,5
1745,1400.0,850.0,0.0,0.085,0.0,0.0,0.0,0,0,0,NONE,NONE,False,,,5
1746,1450.0,850.0,0.0,0.085,0.0,0.0,0.0,0,0,0,NONE,NONE,False,,,7
1747,1500.0,850.0,0.0,0.085,0.0,0.0,0.0,0,0,0,NONE,NONE,False,,,6
1748,1550.0,850.0,0.0,0.085,0.0,0.0,0.0,0,0,0,NONE,NONE,False,,,8
1749,1600.0,850.0,0.0,0.085,0.0,0.0,0.0,0,0,0,NONE,NONE,False,,,9
1750,1650.0,850.0,0.0,0.085,0.0,0.0,0.0,0,0,0,NONE,NONE,False,,,8
1751,1700.0,850.0,0.0,0.085,0.0,0.0,0.0,0,0,0,NONE,NONE,False,,,9
1752,1750.0,850.0,0.0,0.085,0.0,0.0,0.0,0,0,0,NONE,NONE,False,,,10
1753,1800.0,850.0,0.0,0.085,0.0,0.0,0.0,0,0,0,NONE,NONE,False,,,9
1754,1850.0,850.0,0.0,0.085,0.0,0.0,0.0,0,0,0,NONE,NONE,False,,,10
1755,1900.0,850.0,0.0,0.085,0.0,0.0,0.0,0,0,0,NONE,NONE,False,,,14
1756,1950.0,850.0,0.0,0.085,0.0,0.0,0.0,0,0,0,NONE,NONE,False,,,13
1757,2000.0,850.0,0.0,0.085,0.0,0.0,0.0,0,0,0,NONE,NONE,False,,,15
1758,2050.0,850.0,0.0,0.085,0.0,0.0,0.0,0,0,0,NONE,NONE,False,,,13
1759,2100.0,850.0,0.0,0.085,0.0,0.0,0.0,0,0,0,NONE,NONE,False,,,11
1760,2150.0,850.0,0.0,0.085,0.0,0.0,0.0,0,0,0,NONE,NONE,False,,,11
1761,2200.0,850.0,0.0,0.085,0.0,0.0,0.0,0,0,0,NONE,NONE,False,,,11
1762,2250.0,850.0,0.0,0.085,0.0,0.0,0.0,0,0,0,NONE,NONE,False,,,9
1763,2300.0,850.0,0.0,0.085,0.0,0.0,0.0,0,0,0,NONE,NONE,False,,,9
1764,2350.0,850.0,0.0,0.085,0.0,0.0,0.0,0,0,0,NONE,NONE,False,,,8
1765,2400.0,850.0,0.0,0.085,0.0,0.0,0.0,0,0,0,NONE,NONE,False,,,8
1766,2450.0,850.0,0.0,0.085,0.0,0.0,0.0,0,0,0,NONE,NONE,False,,,7
1767,2500.0,850.0,0.0,0.085,0.0,0.0,0.0,0,0,0,NONE,NONE,False,,,6
1768,2550.0,850.0,0.0,0.085,0.0,0.0,0.0,0,0,0,NONE,NONE,False,,,6
1769,2600.0,850.0,0.0,0.085,0.0,0.0,0.0,0,0,0,NONE,NONE,False,,,6
1770,2650.0,850.0,0.0,0.085,0.0,0.0,0.0,0,0,0,NONE,NONE,False,,,8
1771,2700.0,850.0,0.0,0.085,0.0,0.0,0.0,0,0,0,NONE,NONE,False,,,7
1772,2750.0,850.0,0.0,0.085,0.0,0.0,0.0,0,0,0,NONE,NONE,False,,,6
1773,2800.0,850.0,0.0,0.085,0.0,0.0,0.0,0,0,0,NONE,NONE,False,,,7
1774,2850.0,850.0,0.0,0.085,0.0,0.0,0.0,0,0,0,NONE,NONE,False,,,7
1775,2900.0,850.0,0.0,0.085,0.0,0.0,0.0,0,0,0,NONE,NONE,False,,,7
1776,2950.0,850.0,0.0,0.085,0.0,0.0,0.0,0,0,0,NONE,NONE,False,,,9
1777,3000.0,850.0,0.0,0.085,0.0,0.0,0.0,0,0,0,NONE,NONE,False,,,8
1778,3050.0,850.0,0.0,0.085,0.0,0.0,0.0,0,0,0,NONE,NONE,False,,,8
1779,3100.0,850.0,0.0,0.085,0.0,0.0,0.0,0,0,0,NONE,NONE,False,,,8
1780,3150.0,850.0,0.0,0.085,0.0,0.0,0.0,0,0,0,NONE,NONE,False,,,8
1781,3200.0,850.0,0.0,0.085,0.0,0.0,0.0,0,0,0,NONE,NONE,False,,,7
1782,3250.0,850.0,0.0,0.085,0.0,0.0,0.0,0,0,0,NONE,NONE,False,,,6
1783,3300.0,850.0,0.0,0.085,0.0,0.0,0.0,0,0,0,NONE,NONE,False,,,6
1784,3350.0,850.0,0.0,0.085,0.0,0.0,0.0,0,0,0,NONE,NONE,False,,,7
1785,3400.0,850.0,0.0,0.085,0.0,0.0,0.0,0,0,0,NONE,NONE,False,,,7
1786,3450.0,850.0,0.0,0.085,0.0,0.0,0.0,0,0,0,NONE,NONE,False,,,6
1787,3500.0,850.0,0.0,0.085,0.0,0.0,0.0,0,0,0,NONE,NONE,False,,,6
1788,3550.0,850.0,0.0,0.085,0.0,0.0,0.0,0,0,0,NONE,NONE,False,,,6
1789,3600.0,850.0,0.0,0.085,0.0,0.0,0.0,0,0,0,NONE,NONE,False,,,5
1790,3650.0,850.0,0.0,0.085,0.0,0.0,0.0,0,0,0,NONE,NONE,False,,,4
1791,3700.0,850.0,0.0,0.085,0.0,0.0,0.0,0,0,0,NONE,NONE,False,,,3
1792,3750.0,850.0,0.0,0.085,0.0,0.0,0.0,0,0,0,NONE,NONE,False,,,2
1793,3800.0,850.0,0.0,0.085,0.0,0.0,0.0,0,0,0,NONE,NONE,False,,,2
1794,3850.0,850.0,0.0,0.085,0.0,0.0,0.0,0,0,0,NONE,NONE,False,,,2
1795,3900.0,850.0,0.0,0.085,0.0,0.0,0.0,0,0,0,NONE,NONE,False,,,2
1796,3950.0,850.0,0.0,0.085,0.0,0.0,0.0,0,0,0,NONE,NONE,False,,,3
1797,4000.0,850.0,0.0,0.085,0.0,0.0,0.0,0,0,0,NONE,NONE,False,,,3
1798,4050.0,850.0,0.0,0.085,0.0,0.0,0.0,0,0,0,NONE,NONE,False,,,4
1799,4100.0,850.0,0.0,0.085,0.0,0.0,0.0,0,0,0,NONE,NONE,False,,,4
1800,4150.0,850.0,0.0,0.085,0.0,0.0,0.0,0,0,0,NONE,NONE,False,,,4
1801,4200.0,850.0,0.0,0.085,0.0,0.0,0.0,0,0,0,NONE,NONE,False,,,3
1802,4250.0,850.0,0.0,0.085,0.0,0.0,0.0,0,0,0,NONE,NONE,False,,,2
1803,4300.0,850.0,0.0,0.085,0.0,0.0,0.0,0,0,0,NONE,NONE,False,,,2
1804,4350.0,850.0,0.0,0.085,0.0,0.0,0.0,0,0,0,NONE,NONE,False,,,2
1805,4400.0,850.0,0.0,0.085,0.0,0.0,0.0,0,0,0,NONE,NONE,False,,,1
1806,4450.0,850.0,0.0,0.085,0.0,0.0,0.0,0,0,0,NONE,NONE,False,,,1
1807,4500.0,850.0,0.0,0.085,0.0,0.0,0.0,0,0,0,NONE,NONE,False,,,1
1808,4550.0,850.0,0.0,0.085,0.0,0.0,0.0,0,0,0,NONE,NONE,False,,,0
1809,4600.0,850.0,0.0,0.085,0.0,0.0,0.0,0,0,0,NONE,NONE,False,,,1
1810,4650.0,850.0,0.0,0.085,0.0,0.0,0.0,0,0,0,NONE,NONE,False,,,1
1811,4700.0,850.0,0.0,0.085,0.0,0.0,0.0,0,0,0,NONE,NONE,False,,,2
1812,4750.0,850.0,0.0,0.085,0.0,0.0,0.0,0,0,0,NONE,NONE,False,,,2
1813,4800.0,850.0,0.0,0.085,0.0,0.0,0.0,0,0,0,NONE,NONE,False,,,2
1814,4850.0,850.0,0.0,0.085,0.0,0.0,0.0,0,0,0,NONE,NONE,False,,,2
1815,4900.0,850.0,0.0,0.085,0.0,0.0,0.0,0,0,0,NONE,NONE,False,,,2
1816,4950.0,850.0,0.0,0.085,0.0,0.0,0.0,0,0,0,NONE,NONE,False,,,1
1817,5000.0,850.0,0.0,0.085,0.0,0.0,0.0,0,0,0,NONE,NONE,False,,,1
1818,0.0,900.0,0.0,0.085,0.0,0.0,0.0,0,0,0,NONE,NONE,False,,,1
1819,50.0,900.0,0.0,0.085,0.0,0.0,0.0,0,0,0,NONE,NONE,False,,,2
1820,100.0,900.0,0.0,0.085,0.0,0.0,0.0,0,0,0,NONE,NONE,False,,,2
1821,150.0,900.0,0.0,0.085,0.0,0.0,0.0,0,0,0,NONE,NONE,False,,,2
1822,200.0,900.0,0.0,0.085,0.0,0.0,0.0,0,0,0,NONE,NONE,False,,,1
1823,250.0,900.0,0.0,0.085,0.0,0.0,0.0,0,0,0,NONE,NONE,False,,,1
1824,300.0,900.0,0.0,0.085,0.0,0.0,0.0,0,0,0,NONE,NONE,False,,,0
1825,350.0,900.0,0.0,0.085,0.0,0.0,0.0,0,0,0,NONE,NONE,False,,,0
1826,400.0,900.0,0.0,0.085,0.0,0.0,0.0,0,0,0,NONE,NONE,False,,,1
1827,450.0,900.0,0.0,0.085,0.0,0.0,0.0,0,0,0,NONE,NONE,False,,,1
1828,500.0,900.0,0.0,0.085,0.0,0.0,0.0,0,0,0,NONE,NONE,False,,,1
1829,550.0,900.0,0.0,0.085,0.0,0.0,0.0,0,0,0,NONE,NONE,False,,,2
1830,600.0,900.0,0.0,0.085,0.0,0.0,0.0,0,0,0,NONE,NONE,False,,,2
1831,650.0,900.0,0.0,0.085,0.0,0.0,0.0,0,0,0,NONE,NONE,False,,,3
1832,700.0,900.0,0.0,0.085,0.0,0.0,0.0,0,0,0,NONE,NONE,False,,,3
1833,750.0,900.0,0.0,0.085,0.0,0.0,0.0,0,0,0,NONE,NONE,False,,,4
1834,800.0,900.0,0.0,0.085,0.0,0.0,0.0,0,0,0,NONE,NONE,False,,,4
1835,850.0,900.0,0.0,0.085,0.0,0.0,0.0,0,0,0,NONE,NONE,False,,,6
1836,900.0,900.0,0.0,0.085,0.0,0.0,0.0,0,0,0,NONE,NONE,False,,,5
1837,950.0,900.0,0.0,0.085,0.0,0.0,0.0,0,0,0,NONE,NONE,False,,,4
1838,1000.0,900.0,0.0,0.085,0.0,0.0,0.0,0,0,0,NONE,NONE,False,,,5
1839,1050.0,900.0,0.0,0.085,0.0,0.0,0.0,0,0,0,NONE,NONE,False,,,4
1840,1100.0,900.0,0.0,0.085,0.0,0.0,0.0,0,0,0,NONE,NONE,False,,,4
1841,1150.0,900.0,0.0,0.085,0.0,0.0,0.0,0,0,0,NONE,NONE,False,,,4
1842,1200.0,900.0,0.0,0.085,0.0,0.0,0.0,0,0,0,NONE,NONE,False,,,4
1843,1250.0,900.0,0.0,0.085,0.0,0.0,0.0,0,0,0,NONE,NONE,False,,,4
1844,1300.0,900.0,0.0,0.085,0.0,0.0,0.0,0,0,0,NONE,NONE,False,,,5
1845,1350.0,900.0,0.0,0.085,0.0,0.0,0.0,0,0,0,NONE,NONE,False,,,6
1846,1400.0,900.0,0.0,0.085,0.0,0.0,0.0,0,0,0,NONE,NONE,False,,,7
1847,1450.0,900.0,0.0,0.085,0.0,0.0,0.0,0,0,0,NONE,NONE,False,,,7
1848,1500.0,900.0,0.0,0.085,0.0,0.0,0.0,0,0,0,NONE,NONE,False,,,8
1849,1550.0,900.0,0.0,0.085,0.0,0.0,0.0,0,0,0,NONE,NONE,False,,,7
1850,1600.0,900.0,0.0,0.085,0.0,0.0,0.0,0,0,0,NONE,NONE,False,,,9
1851,1650.0,900.0,0.0,0.085,0.0,0.0,0.0,0,0,0,NONE,NONE,False,,,10
1852,1700.0,900.0,0.0,0.085,0.0,0.0,0.0,0,0,0,NONE,NONE,False,,,10
1853,1750.0,900.0,0.0,0.085,0.0,0.0,0.0,0,0,0,NONE,NONE,False,,,12
1854,1800.0,900.0,0.0,0.085,0.0,0.0,0.0,0,0,0,NONE,NONE,False,,,11
1855,1850.0,900.0,0.0,0.085,0.0,0.0,0.0,0,0,0,NONE,NONE,False,,,15
1856,1900.0,900.0,0.0,0.085,0.0,0.0,0.0,0,0,0,NONE,NONE,False,,,14
1857,1950.0,900.0,0.0,0.085,0.0,0.0,0.0,0,0,0,NONE,NONE,False,,,16
1858,2000.0,900.0,0.0,0.085,0.0,0.0,0.0,0,0,0,NONE,NONE,False,,,15
1859,2050.0,900.0,0.0,0.085,0.0,0.0,0.0,0,0,0,NONE,NONE,False,,,15
1860,2100.0,900.0,0.0,0.085,0.0,0.0,0.0,0,0,0,NONE,NONE,False,,,13
1861,2150.0,900.0,0.0,0.085,0.0,0.0,0.0,0,0,0,NONE,NONE,False,,,10
1862,2200.0,900.0,0.0,0.085,0.0,0.0,0.0,0,0,0,NONE,NONE,False,,,10
1863,2250.0,900.0,0.0,0.085,0.0,0.0,0.0,0,0,0,NONE,NONE,False,,,10
1864,2300.0,900.0,0.0,0.085,0.0,0.0,0.0,0,0,0,NONE,NONE,False,,,8
1865,2350.0,900.0,0.0,0.085,0.0,0.0,0.0,0,0,0,NONE,NONE,False,,,7
1866,2400.0,900.0,0.0,0.085,0.0,0.0,0.0,0,0,0,NONE,NONE,False,,,7
1867,2450.0,900.0,0.0,0.085,0.0,0.0,0.0,0,0,0,NONE,NONE,False,,,6
1868,2500.0,900.0,0.0,0.085,0.0,0.0,0.0,0,0,0,NONE,NONE,False,,,6
1869,2550.0,900.0,0.0,0.085,0.0,0.0,0.0,0,0,0,NONE,NONE,False,,,6
1870,2600.0,900.0,0.0,0.085,0.0,0.0,0.0,0,0,0,NONE,NONE,False,,,7
1871,2650.0,900.0,0.0,0.085,0.0,0.0,0.0,0,0,0,NONE,NONE,False,,,7
1872,2700.0,900.0,0.0,0.085,0.0,0.0,0.0,0,0,0,NONE,NONE,False,,,7
1873,2750.0,900.0,0.0,0.085,0.0,0.0,0.0,0,0,0,NONE,NONE,False,,,6
1874,2800.0,900.0,0.0,0.085,0.0,0.0,0.0,0,0,0,NONE,NONE,False,,,8
1875,2850.0,900.0,0.0,0.085,0.0,0.0,0.0,0,0,0,NONE,NONE,False,,,9
1876,2900.0,900.0,0.0,0.085,0.0,0.0,0.0,0,0,0,NONE,NONE,False,,,9
1877,2950.0,900.0,0.0,0.085,0.0,0.0,0.0,0,0,0,NONE,NONE,False,,,7
1878,3000.0,900.0,0.0,0.085,0.0,0.0,0.0,0,0,0,NONE,NONE,False,,,8
1879,3050.0,900.0,0.0,0.085,0.0,0.0,0.0,0,0,0,NONE,NONE,False,,,8
1880,3100.0,900.0,0.0,0.085,0.0,0.0,0.0,0,0,0,NONE,NONE,False,,,8
1881,3150.0,900.0,0.0,0.085,0.0,0.0,0.0,0,0,0,NONE,NONE,False,,,9
1882,3200.0,900.0,0.0,0.085,0.0,0.0,0.0,0,0,0,NONE,NONE,False,,,8
1883,3250.0,900.0,0.0,0.085,0.0,0.0,0.0,0,0,0,NONE,NONE,False,,,7
1884,3300.0,900.0,0.0,0.085,0.0,0.0,0.0,0,0,0,NONE,NONE,False,,,7
1885,3350.0,900.0,0.0,0.085,0.0,0.0,0.0,0,0,0,NONE,NONE,False,,,6
1886,3400.0,900.0,0.0,0.085,0.0,0.0,0.0,0,0,0,NONE,NONE,False,,,8
1887,3450.0,900.0,0.0,0.085,0.0,0.0,0.0,0,0,0,NONE,NONE,False,,,8
1888,3500.0,900.0,0.0,0.085,0.0,0.0,0.0,0,0,0,NONE,NONE,False,,,7
1889,3550.0,900.0,0.0,0.085,0.0,0.0,0.0,0,0,0,NONE,NONE,False,,,6
1890,3600.0,900.0,0.0,0.085,0.0,0.0,0.0,0,0,0,NONE,NONE,False,,,6
1891,3650.0,900.0,0.0,0.085,0.0,0.0,0.0,0,0,0,NONE,NONE,False,,,5
1892,3700.0,900.0,0.0,0.085,0.0,0.0,0.0,0,0,0,NONE,NONE,False,,,4
1893,3750.0,900.0,0.0,0.085,0.0,0.0,0.0,0,0,0,NONE,NONE,False,,,4
1894,3800.0,900.0,0.0,0.085,0.0,0.0,0.0,0,0,0,NONE,NONE,False,,,3
1895,3850.0,900.0,0.0,0.085,0.0,0.0,0.0,0,0,0,NONE,NONE,False,,,2
1896,3900.0,900.0,0.0,0.085,0.0,0.0,0.0,0,0,0,NONE,NONE,False,,,2
1897,3950.0,900.0,0.0,0.085,0.0,0.0,0.0,0,0,0,NONE,NONE,False,,,3
1898,4000.0,900.0,0.0,0.085,0.0,0.0,0.0,0,0,0,NONE,NONE,False,,,3
1899,4050.0,900.0,0.0,0.085,0.0,0.0,0.0,0,0,0,NONE,NONE,False,,,3
1900,4100.0,900.0,0.0,0.085,0.0,0.0,0.0,0,0,0,NONE,NONE,False,,,3
1901,4150.0,900.0,0.0,0.085,0.0,0.0,0.0,0,0,0,NONE,NONE,False,,,3
1902,4200.0,900.0,0.0,0.085,0.0,0.0,0.0,0,0,0,NONE,NONE,False,,,2
1903,4250.0,900.0,0.0,0.085,0.0,0.0,0.0,0,0,0,NONE,NONE,False,,,3
1904,4300.0,900.0,0.0,0.085,0.0,0.0,0.0,0,0,0,NONE,NONE,False,,,2
1905,4350.0,900.0,0.0,0.085,0.0,0.0,0.0,0,0,0,NONE,NONE,False,,,2
1906,4400.0,900.0,0.0,0.085,0.0,0.0,0.0,0,0,0,NONE,NONE,False,,,2
1907,4450.0,900.0,0.0,0.085,0.0,0.0,0.0,0,0,0,NONE,NONE,False,,,1
1908,4500.0,900.0,0.0,0.085,0.0,0.0,0.0,0,0,0,NONE,NONE,False,,,1
1909,4550.0,900.0,0.0,0.085,0.0,0.0,0.0,0,0,0,NONE,NONE,False,,,1
1910,4600.0,900.0,0.0,0.085,0.0,0.0,0.0,0,0,0,NONE,NONE,False,,,1
1911,4650.0,900.0,0.0,0.085,0.0,0.0,0.0,0,0,0,NONE,NONE,False,,,1
1912,4700.0,900.0,0.0,0.085,0.0,0.0,0.0,0,0,0,NONE,NONE,False,,,2
1913,4750.0,900.0,0.0,0.085,0.0,0.0,0.0,0,0,0,NONE,NONE,False,,,2
1914,4800.0,900.0,0.0,0.085,0.0,0.0,0.0,0,0,0,NONE,NONE,False,,,2
1915,4850.0,900.0,0.0,0.085,0.0,0.0,0.0,0,0,0,NONE,NONE,False,,,2
1916,4900.0,900.0,0.0,0.085,0.0,0.0,0.0,0,0,0,NONE,NONE,False,,,2
1917,4950.0,900.0,0.0,0.085,0.0,0.0,0.0,0,0,0,NONE,NONE,False,,,1
1918,5000.0,900.0,0.0,0.085,0.0,0.0,0.0,0,0,0,NONE,NONE,False,,,1
1919,0.0,950.0,0.0,0.085,0.0,0.0,0.0,0,0,0,NONE,NONE,False,,,1
1920,50.0,950.0,0.0,0.085,0.0,0.0,0.0,0,0,0,NONE,NONE,False,,,2
1921,100.0,950.0,0.0,0.085,0.0,0.0,0.0,0,0,0,NONE,NONE,False,,,2
1922,150.0,950.0,0.0,0.085,0.0,0.0,0.0,0,0,0,NONE,NONE,False,,,2
1923,200.0,950.0,0.0,0.085,0.0,0.0,0.0,0,0,0,NONE,NONE,False,,,1
1924,250.0,950.0,0.0,0.085,0.0,0.0,0.0,0,0,0,NONE,NONE,False,,,1
1925,300.0,950.0,0.0,0.085,0.0,0.0,0.0,0,0,0,NONE,NONE,False,,,0
1926,350.0,950.0,0.0,0.085,0.0,0.0,0.0,0,0,0,NONE,NONE,False,,,1
1927,400.0,950.0,0.0,0.085,0.0,0.0,0.0,0,0,0,NONE,NONE,False,,,1
1928,450.0,950.0,0.0,0.085,0.0,0.0,0.0,0,0,0,NONE,NONE,False,,,1
1929,500.0,950.0,0.0,0.085,0.0,0.0,0.0,0,0,0,NONE,NONE,False,,,2
1930,550.0,950.0,0.0,0.085,0.0,0.0,0.0,0,0,0,NONE,NONE,False,,,2
1931,600.0,950.0,0.0,0.085,0.0,0.0,0.0,0,0,0,NONE,NONE,False,,,2
1932,650.0,950.0,0.0,0.085,0.0,0.0,0.0,0,0,0,NONE,NONE,False,,,3
1933,700.0,950.0,0.0,0.085,0.0,0.0,0.0,0,0,0,NONE,NONE,False,,,3
1934,750.0,950.0,0.0,0.085,0.0,0.0,0.0,0,0,0,NONE,NONE,False,,,4
1935,800.0,950.0,0.0,0.085,0.0,0.0,0.0,0,0,0,NONE,NONE,False,,,4
1936,850.0,950.0,0.0,0.085,0.0,0.0,0.0,0,0,0,NONE,NONE,False,,,6
1937,900.0,950.0,0.0,0.085,0.0,0.0,0.0,0,0,0,NONE,NONE,False,,,4
1938,950.0,950.0,0.0,0.085,0.0,0.0,0.0,0,0,0,NONE,NONE,False,,,5
1939,1000.0,950.0,0.0,0.085,0.0,0.0,0.0,0,0,0,NONE,NONE,False,,,4
1940,1050.0,950.0,0.0,0.085,0.0,0.0,0.0,0,0,0,NONE,NONE,False,,,5
1941,1100.0,950.0,0.0,0.085,0.0,0.0,0.0,0,0,0,NONE,NONE,False,,,5
1942,1150.0,950.0,0.0,0.085,0.0,0.0,0.0,0,0,0,NONE,NONE,False,,,5
1943,1200.0,950.0,0.0,0.085,0.0,0.0,0.0,0,0,0,NONE,NONE,False,,,5
1944,1250.0,950.0,0.0,0.085,0.0,0.0,0.0,0,0,0,NONE,NONE,False,,,5
1945,1300.0,950.0,0.0,0.085,0.0,0.0,0.0,0,0,0,NONE,NONE,False,,,5
1946,1350.0,950.0,0.0,0.085,0.0,0.0,0.0,0,0,0,NONE,NONE,False,,,6
1947,1400.0,950.0,0.0,0.085,0.0,0.0,0.0,0,0,0,NONE,NONE,False,,,6
1948,1450.0,950.0,0.0,0.085,0.0,0.0,0.0,0,0,0,NONE,NONE,False,,,6
1949,1500.0,950.0,0.0,0.085,0.0,0.0,0.0,0,0,0,NONE,NONE,False,,,6
1950,1550.0,950.0,0.0,0.085,0.0,0.0,0.0,0,0,0,NONE,NONE,False,,,8
1951,1600.0,950.0,0.0,0.085,0.0,0.0,0.0,0,0,0,NONE,NONE,False,,,10
1952,1650.0,950.0,0.0,0.085,0.0,0.0,0.0,0,0,0,NONE,NONE,False,,,13
1953,1700.0,950.0,0.0,0.085,0.0,0.0,0.0,0,0,0,NONE,NONE,False,,,13
1954,1750.0,950.0,0.0,0.085,0.0,0.0,0.0,0,0,0,NONE,NONE,False,,,14
1955,1800.0,950.0,0.0,0.085,0.0,0.0,0.0,0,0,0,NONE,NONE,False,,,22
1956,1850.0,950.0,0.0,0.085,0.0,0.0,0.0,0,0,0,NONE,NONE,False,,,18
1957,1900.0,950.0,0.0,0.085,0.0,0.0,0.0,0,0,0,NONE,NONE,False,,,17
1958,1950.0,950.0,0.0,0.085,0.0,0.0,0.0,0,0,0,NONE,NONE,False,,,17
1959,2000.0,950.0,0.0,0.085,0.0,0.0,0.0,0,0,0,NONE,NONE,False,,,16
1960,2050.0,950.0,0.0,0.085,0.0,0.0,0.0,0,0,0,NONE,NONE,False,,,15
1961,2100.0,950.0,0.0,0.085,0.0,0.0,0.0,0,0,0,NONE,NONE,False,,,12
1962,2150.0,950.0,0.0,0.085,0.0,0.0,0.0,0,0,0,NONE,NONE,False,,,9
1963,2200.0,950.0,0.0,0.085,0.0,0.0,0.0,0,0,0,NONE,NONE,False,,,10
1964,2250.0,950.0,0.0,0.085,0.0,0.0,0.0,0,0,0,NONE,NONE,False,,,9
1965,2300.0,950.0,0.0,0.085,0.0,0.0,0.0,0,0,0,NONE,NONE,False,,,9
1966,2350.0,950.0,0.0,0.085,0.0,0.0,0.0,0,0,0,NONE,NONE,False,,,8
1967,2400.0,950.0,0.0,0.085,0.0,0.0,0.0,0,0,0,NONE,NONE,False,,,7
1968,2450.0,950.0,0.0,0.085,0.0,0.0,0.0,0,0,0,NONE,NONE,False,,,5
1969,2500.0,950.0,0.0,0.085,0.0,0.0,0.0,0,0,0,NONE,NONE,False,,,5
1970,2550.0,950.0,0.0,0.085,0.0,0.0,0.0,0,0,0,NONE,NONE,False,,,6
1971,2600.0,950.0,0.0,0.085,0.0,0.0,0.0,0,0,0,NONE,NONE,False,,,8
1972,2650.0,950.0,0.0,0.085,0.0,0.0,0.0,0,0,0,NONE,NONE,False,,,6
1973,2700.0,950.0,0.0,0.085,0.0,0.0,0.0,0,0,0,NONE,NONE,False,,,6
1974,2750.0,950.0,0.0,0.085,0.0,0.0,0.0,0,0,0,NONE,NONE,False,,,7
1975,2800.0,950.0,0.0,0.085,0.0,0.0,0.0,0,0,0,NONE,NONE,False,,,7
1976,2850.0,950.0,0.0,0.085,0.0,0.0,0.0,0,0,0,NONE,NONE,False,,,9
1977,2900.0,950.0,0.0,0.085,0.0,0.0,0.0,0,0,0,NONE,NONE,False,,,9
1978,2950.0,950.0,0.0,0.085,0.0,0.0,0.0,0,0,0,NONE,NONE,False,,,8
1979,3000.0,950.0,0.0,0.085,0.0,0.0,0.0,0,0,0,NONE,NONE,False,,,8
1980,3050.0,950.0,0.0,0.085,0.0,0.0,0.0,0,0,0,NONE,NONE,False,,,9
1981,3100.0,950.0,0.0,0.085,0.0,0.0,0.0,0,0,0,NONE,NONE,False,,,9
1982,3150.0,950.0,0.0,0.085,0.0,0.0,0.0,0,0,0,NONE,NONE,False,,,9
1983,3200.0,950.0,0.0,0.085,0.0,0.0,0.0,0,0,0,NONE,NONE,False,,,9
1984,3250.0,950.0,0.0,0.085,0.0,0.0,0.0,0,0,0,NONE,NONE,False,,,9
1985,3300.0,950.0,0.0,0.085,0.0,0.0,0.0,0,0,0,NONE,NONE,False,,,8
1986,3350.0,950.0,0.0,0.085,0.0,0.0,0.0,0,0,0,NONE,NONE,False,,,8
1987,3400.0,950.0,0.0,0.085,0.0,0.0,0.0,0,0,0,NONE,NONE,False,,,7
1988,3450.0,950.0,0.0,0.085,0.0,0.0,0.0,0,0,0,NONE,NONE,False,,,8
1989,3500.0,950.0,0.0,0.085,0.0,0.0,0.0,0,0,0,NONE,NONE,False,,,8
1990,3550.0,950.0,0.0,0.085,0.0,0.0,0.0,0,0,0,NONE,NONE,False,,,7
1991,3600.0,950.0,0.0,0.085,0.0,0.0,0.0,0,0,0,NONE,NONE,False,,,6
1992,3650.0,950.0,0.0,0.085,0.0,0.0,0.0,0,0,0,NONE,NONE,False,,,6
1993,3700.0,950.0,0.0,0.085,0.0,0.0,0.0,0,0,0,NONE,NONE,False,,,5
1994,3750.0,950.0,0.0,0.085,0.0,0.0,0.0,0,0,0,NONE,NONE,False,,,4
1995,3800.0,950.0,0.0,0.085,0.0,0.0,0.0,0,0,0,NONE,NONE,False,,,4
1996,3850.0,950.0,0.0,0.085,0.0,0.0,0.0,0,0,0,NONE,NONE,False,,,4
1997,3900.0,950.0,0.0,0.085,0.0,0.0,0.0,0,0,0,NONE,NONE,False,,,3
1998,3950.0,950.0,0.0,0.085,0.0,0.0,0.0,0,0,0,NONE,NONE,False,,,4
1999,4000.0,950.0,0.0,0.085,0.0,0.0,0.0,0,0,0,NONE,NONE,False,,,4
2000,4050.0,950.0,0.0,0.085,0.0,0.0,0.0,0,0,0,NONE,NONE,False,,,5
2001,4100.0,950.0,0.0,0.085,0.0,0.0,0.0,0,0,0,NONE,NONE,False,,,5
2002,4150.0,950.0,0.0,0.085,0.0,0.0,0.0,0,0,0,NONE,NONE,False,,,4
2003,4200.0,950.0,0.0,0.085,0.0,0.0,0.0,0,0,0,NONE,NONE,False,,,2
2004,4250.0,950.0,0.0,0.085,0.0,0.0,0.0,0,0,0,NONE,NONE,False,,,2
2005,4300.0,950.0,0.0,0.085,0.0,0.0,0.0,0,0,0,NONE,NONE,False,,,3
2006,4350.0,950.0,0.0,0.085,0.0,0.0,0.0,0,0,0,NONE,NONE,False,,,2
2007,4400.0,950.0,0.0,0.085,0.0,0.0,0.0,0,0,0,NONE,NONE,False,,,2
2008,4450.0,950.0,0.0,0.085,0.0,0.0,0.0,0,0,0,NONE,NONE,False,,,2
2009,4500.0,950.0,0.0,0.085,0.0,0.0,0.0,0,0,0,NONE,NONE,False,,,1
2010,4550.0,950.0,0.0,0.085,0.0,0.0,0.0,0,0,0,NONE,NONE,False,,,1
2011,4600.0,950.0,0.0,0.085,0.0,0.0,0.0,0,0,0,NONE,NONE,False,,,2
2012,4650.0,950.0,0.0,0.085,0.0,0.0,0.0,0,0,0,NONE,NONE,False,,,1
2013,4700.0,950.0,0.0,0.085,0.0,0.0,0.0,0,0,0,NONE,NONE,False,,,2
2014,4750.0,950.0,0.0,0.085,0.0,0.0,0.0,0,0,0,NONE,NONE,False,,,2
2015,4800.0,950.0,0.0,0.085,0.0,0.0,0.0,0,0,0,NONE,NONE,False,,,2
2016,4850.0,950.0,0.0,0.085,0.0,0.0,0.0,0,0,0,NONE,NONE,False,,,2
2017,4900.0,950.0,0.0,0.085,0.0,0.0,0.0,0,0,0,NONE,NONE,False,,,2
2018,4950.0,950.0,0.0,0.085,0.0,0.0,0.0,0,0,0,NONE,NONE,False,,,1
2019,5000.0,950.0,0.0,0.085,0.0,0.0,0.0,0,0,0,NONE,NONE,False,,,1
2020,0.0,1000.0,0.0,0.085,0.0,0.0,0.0,0,0,0,NONE,NONE,False,,,1
2021,50.0,1000.0,0.0,0.085,0.0,0.0,0.0,0,0,0,NONE,NONE,False,,,2
2022,100.0,1000.0,0.0,0.085,0.0,0.0,0.0,0,0,0,NONE,NONE,False,,,2
2023,150.0,1000.0,0.0,0.085,0.0,0.0,0.0,0,0,0,NONE,NONE,False,,,2
2024,200.0,1000.0,0.0,0.085,0.0,0.0,0.0,0,0,0,NONE,NONE,False,,,1
2025,250.0,1000.0,0.0,0.085,0.0,0.0,0.0,0,0,0,NONE,NONE,False,,,1
2026,300.0,1000.0,0.0,0.085,0.0,0.0,0.0,0,0,0,NONE,NONE,False,,,1
2027,350.0,1000.0,0.0,0.085,0.0,0.0,0.0,0,0,0,NONE,NONE,False,,,1
2028,400.0,1000.0,0.0,0.085,0.0,0.0,0.0,0,0,0,NONE,NONE,False,,,1
2029,450.0,1000.0,0.0,0.085,0.0,0.0,0.0,0,0,0,NONE,NONE,False,,,2
2030,500.0,1000.0,0.0,0.085,0.0,0.0,0.0,0,0,0,NONE,NONE,False,,,2
2031,550.0,1000.0,0.0,0.085,0.0,0.0,0.0,0,0,0,NONE,NONE,False,,,2
2032,600.0,1000.0,0.0,0.085,0.0,0.0,0.0,0,0,0,NONE,NONE,False,,,3
2033,650.0,1000.0,0.0,0.085,0.0,0.0,0.0,0,0,0,NONE,NONE,False,,,2
2034,700.0,1000.0,0.0,0.085,0.0,0.0,0.0,0,0,0,NONE,NONE,False,,,2
2035,750.0,1000.0,0.0,0.085,0.0,0.0,0.0,0,0,0,NONE,NONE,False,,,4
2036,800.0,1000.0,0.0,0.085,0.0,0.0,0.0,0,0,0,NONE,NONE,False,,,4
2037,850.0,1000.0,0.0,0.085,0.0,0.0,0.0,0,0,0,NONE,NONE,False,,,5
2038,900.0,1000.0,0.0,0.085,0.0,0.0,0.0,0,0,0,NONE,NONE,False,,,4
2039,950.0,1000.0,0.0,0.085,0.0,0.0,0.0,0,0,0,NONE,NONE,False,,,5
2040,1000.0,1000.0,0.0,0.085,0.0,0.0,0.0,0,0,0,NONE,NONE,False,,,5
2041,1050.0,1000.0,0.0,0.085,0.0,0.0,0.0,0,0,0,NONE,NONE,False,,,5
2042,1100.0,1000.0,0.0,0.085,0.0,0.0,0.0,0,0,0,NONE,NONE,False,,,4
2043,1150.0,1000.0,0.0,0.085,0.0,0.0,0.0,0,0,0,NONE,NONE,False,,,4
2044,1200.0,1000.0,0.0,0.085,0.0,0.0,0.0,0,0,0,NONE,NONE,False,,,4
2045,1250.0,1000.0,0.0,0.085,0.0,0.0,0.0,0,0,0,NONE,NONE,False,,,5
2046,1300.0,1000.0,0.0,0.085,0.0,0.0,0.0,0,0,0,NONE,NONE,False,,,5
2047,1350.0,1000.0,0.0,0.085,0.0,0.0,0.0,0,0,0,NONE,NONE,False,,,5
2048,1400.0,1000.0,0.0,0.085,0.0,0.0,0.0,0,0,0,NONE,NONE,False,,,6
2049,1450.0,1000.0,0.0,0.085,0.0,0.0,0.0,0,0,0,NONE,NONE,False,,,8
2050,1500.0,1000.0,0.0,0.085,0.0,0.0,0.0,0,0,0,NONE,NONE,False,,,8
2051,1550.0,1000.0,0.0,0.085,0.0,0.0,0.0,0,0,0,NONE,NONE,False,,,9
2052,1600.0,1000.0,0.0,0.085,0.0,0.0,0.0,0,0,0,NONE,NONE,False,,,10
2053,1650.0,1000.0,0.0,0.085,0.0,0.0,0.0,0,0,0,NONE,NONE,False,,,12
2054,1700.0,1000.0,0.0,0.085,0.0,0.0,0.0,0,0,0,NONE,NONE,False,,,15
2055,1750.0,1000.0,0.0,0.085,0.0,0.0,0.0,0,0,0,NONE,NONE,False,,,50
2056,1800.0,1000.0,0.0,0.085,0.0,0.0,0.0,0,0,0,NONE,NONE,False,,,50
2057,1850.0,1000.0,0.0,0.085,0.0,0.0,0.0,0,0,0,NONE,NONE,False,,,50
2058,1900.0,1000.0,0.0,0.085,0.0,0.0,0.0,0,0,0,NONE,NONE,False,,,21
2059,1950.0,1000.0,0.0,0.085,0.0,0.0,0.0,0,0,0,NONE,NONE,False,,,19
2060,2000.0,1000.0,0.0,0.085,0.0,0.0,0.0,0,0,0,NONE,NONE,False,,,16
2061,2050.0,1000.0,0.0,0.085,0.0,0.0,0.0,0,0,0,NONE,NONE,False,,,14
2062,2100.0,1000.0,0.0,0.085,0.0,0.0,0.0,0,0,0,NONE,NONE,False,,,10
2063,2150.0,1000.0,0.0,0.085,0.0,0.0,0.0,0,0,0,NONE,NONE,False,,,10
2064,2200.0,1000.0,0.0,0.085,0.0,0.0,0.0,0,0,0,NONE,NONE,False,,,11
2065,2250.0,1000.0,0.0,0.085,0.0,0.0,0.0,0,0,0,NONE,NONE,False,,,9
2066,2300.0,1000.0,0.0,0.085,0.0,0.0,0.0,0,0,0,NONE,NONE,False,,,9
2067,2350.0,1000.0,0.0,0.085,0.0,0.0,0.0,0,0,0,NONE,NONE,False,,,7
2068,2400.0,1000.0,0.0,0.085,0.0,0.0,0.0,0,0,0,NONE,NONE,False,,,6
2069,2450.0,1000.0,0.0,0.085,0.0,0.0,0.0,0,0,0,NONE,NONE,False,,,6
2070,2500.0,1000.0,0.0,0.085,0.0,0.0,0.0,0,0,0,NONE,NONE,False,,,6
2071,2550.0,1000.0,0.0,0.085,0.0,0.0,0.0,0,0,0,NONE,NONE,False,,,7
2072,2600.0,1000.0,0.0,0.085,0.0,0.0,0.0,0,0,0,NONE,NONE,False,,,6
2073,2650.0,1000.0,0.0,0.085,0.0,0.0,0.0,0,0,0,NONE,NONE,False,,,7
2074,2700.0,1000.0,0.0,0.085,0.0,0.0,0.0,0,0,0,NONE,NONE,False,,,7
2075,2750.0,1000.0,0.0,0.085,0.0,0.0,0.0,0,0,0,NONE,NONE,False,,,7
2076,2800.0,1000.0,0.0,0.085,0.0,0.0,0.0,0,0,0,NONE,NONE,False,,,9
2077,2850.0,1000.0,0.0,0.085,0.0,0.0,0.0,0,0,0,NONE,NONE,False,,,8
2078,2900.0,1000.0,0.0,0.085,0.0,0.0,0.0,0,0,0,NONE,NONE,False,,,9
2079,2950.0,1000.0,0.0,0.085,0.0,0.0,0.0,0,0,0,NONE,NONE,False,,,10
2080,3000.0,1000.0,0.0,0.085,0.0,0.0,0.0,0,0,0,NONE,NONE,False,,,10
2081,3050.0,1000.0,0.0,0.085,0.0,0.0,0.0,0,0,0,NONE,NONE,False,,,9
2082,3100.0,1000.0,0.0,0.085,0.0,0.0,0.0,0,0,0,NONE,NONE,False,,,10
2083,3150.0,1000.0,0.0,0.085,0.0,0.0,0.0,0,0,0,NONE,NONE,False,,,9
2084,3200.0,1000.0,0.0,0.085,0.0,0.0,0.0,0,0,0,NONE,NONE,False,,,8
2085,3250.0,1000.0,0.0,0.085,0.0,0.0,0.0,0,0,0,NONE,NONE,False,,,9
2086,3300.0,1000.0,0.0,0.085,0.0,0.0,0.0,0,0,0,NONE,NONE,False,,,9
2087,3350.0,1000.0,0.0,0.085,0.0,0.0,0.0,0,0,0,NONE,NONE,False,,,9
2088,3400.0,1000.0,0.0,0.085,0.0,0.0,0.0,0,0,0,NONE,NONE,False,,,10
2089,3450.0,1000.0,0.0,0.085,0.0,0.0,0.0,0,0,0,NONE,NONE,False,,,9
2090,3500.0,1000.0,0.0,0.085,0.0,0.0,0.0,0,0,0,NONE,NONE,False,,,8
2091,3550.0,1000.0,0.0,0.085,0.0,0.0,0.0,0,0,0,NONE,NONE,False,,,8
2092,3600.0,1000.0,0.0,0.085,0.0,0.0,0.0,0,0,0,NONE,NONE,False,,,6
2093,3650.0,1000.0,0.0,0.085,0.0,0.0,0.0,0,0,0,NONE,NONE,False,,,6
2094,3700.0,1000.0,0.0,0.085,0.0,0.0,0.0,0,0,0,NONE,NONE,False,,,6
2095,3750.0,1000.0,0.0,0.085,0.0,0.0,0.0,0,0,0,NONE,NONE,False,,,3
2096,3800.0,1000.0,0.0,0.085,0.0,0.0,0.0,0,0,0,NONE,NONE,False,,,4
2097,3850.0,1000.0,0.0,0.085,0.0,0.0,0.0,0,0,0,NONE,NONE,False,,,4
2098,3900.0,1000.0,0.0,0.085,0.0,0.0,0.0,0,0,0,NONE,NONE,False,,,3
2099,3950.0,1000.0,0.0,0.085,0.0,0.0,0.0,0,0,0,NONE,NONE,False,,,4
2100,4000.0,1000.0,0.0,0.085,0.0,0.0,0.0,0,0,0,NONE,NONE,False,,,4
2101,4050.0,1000.0,0.0,0.085,0.0,0.0,0.0,0,0,0,NONE,NONE,False,,,4
2102,4100.0,1000.0,0.0,0.085,0.0,0.0,0.0,0,0,0,NONE,NONE,False,,,4
2103,4150.0,1000.0,0.0,0.085,0.0,0.0,0.0,0,0,0,NONE,NONE,False,,,4
2104,4200.0,1000.0,0.0,0.085,0.0,0.0,0.0,0,0,0,NONE,NONE,False,,,3
2105,4250.0,1000.0,0.0,0.085,0.0,0.0,0.0,0,0,0,NONE,NONE,False,,,2
2106,4300.0,1000.0,0.0,0.085,0.0,0.0,0.0,0,0,0,NONE,NONE,False,,,2
2107,4350.0,1000.0,0.0,0.085,0.0,0.0,0.0,0,0,0,NONE,NONE,False,,,3
2108,4400.0,1000.0,0.0,0.085,0.0,0.0,0.0,0,0,0,NONE,NONE,False,,,2
2109,4450.0,1000.0,0.0,0.085,0.0,0.0,0.0,0,0,0,NONE,NONE,False,,,2
2110,4500.0,1000.0,0.0,0.085,0.0,0.0,0.0,0,0,0,NONE,NONE,False,,,2
2111,4550.0,1000.0,0.0,0.085,0.0,0.0,0.0,0,0,0,NONE,NONE,False,,,1
2112,4600.0,1000.0,0.0,0.085,0.0,0.0,0.0,0,0,0,NONE,NONE,False,,,2
2113,4650.0,1000.0,0.0,0.085,0.0,0.0,0.0,0,0,0,NONE,NONE,False,,,2
2114,4700.0,1000.0,0.0,0.085,0.0,0.0,0.0,0,0,0,NONE,NONE,False,,,2
2115,4750.0,1000.0,0.0,0.085,0.0,0.0,0.0,0,0,0,NONE,NONE,False,,,2
2116,4800.0,1000.0,0.0,0.085,0.0,0.0,0.0,0,0,0,NONE,NONE,False,,,2
2117,4850.0,1000.0,0.0,0.085,0.0,0.0,0.0,0,0,0,NONE,NONE,False,,,2
2118,4900.0,1000.0,0.0,0.085,0.0,0.0,0.0,0,0,0,NONE,NONE,False,,,2
2119,4950.0,1000.0,0.0,0.085,0.0,0.0,0.0,0,0,0,NONE,NONE,False,,,1
2120,5000.0,1000.0,0.0,0.085,0.0,0.0,0.0,0,0,0,NONE,NONE,False,,,1
2121,0.0,1050.0,0.0,0.085,0.0,0.0,0.0,0,0,0,NONE,NONE,False,,,1
2122,50.0,1050.0,0.0,0.085,0.0,0.0,0.0,0,0,0,NONE,NONE,False,,,2
2123,100.0,1050.0,0.0,0.085,0.0,0.0,0.0,0,0,0,NONE,NONE,False,,,2
2124,150.0,1050.0,0.0,0.085,0.0,0.0,0.0,0,0,0,NONE,NONE,False,,,2
2125,200.0,1050.0,0.0,0.085,0.0,0.0,0.0,0,0,0,NONE,NONE,False,,,1
2126,250.0,1050.0,0.0,0.085,0.0,0.0,0.0,0,0,0,NONE,NONE,False,,,2
2127,300.0,1050.0,0.0,0.085,0.0,0.0,0.0,0,0,0,NONE,NONE,False,,,1
2128,350.0,1050.0,0.0,0.085,0.0,0.0,0.0,0,0,0,NONE,NONE,False,,,1
2129,400.0,1050.0,0.0,0.085,0.0,0.0,0.0,0,0,0,NONE,NONE,False,,,2
2130,450.0,1050.0,0.0,0.085,0.0,0.0,0.0,0,0,0,NONE,NONE,False,,,2
2131,500.0,1050.0,0.0,0.085,0.0,0.0,0.0,0,0,0,NONE,NONE,False,,,2
2132,550.0,1050.0,0.0,0.085,0.0,0.0,0.0,0,0,0,NONE,NONE,False,,,3
2133,600.0,1050.0,0.0,0.085,0.0,0.0,0.0,0,0,0,NONE,NONE,False,,,2
2134,650.0,1050.0,0.0,0.085,0.0,0.0,0.0,0,0,0,NONE,NONE,False,,,2
2135,700.0,1050.0,0.0,0.085,0.0,0.0,0.0,0,0,0,NONE,NONE,False,,,4
2136,750.0,1050.0,0.0,0.085,0.0,0.0,0.0,0,0,0,NONE,NONE,False,,,5
2137,800.0,1050.0,0.0,0.085,0.0,0.0,0.0,0,0,0,NONE,NONE,False,,,5
2138,850.0,1050.0,0.0,0.085,0.0,0.0,0.0,0,0,0,NONE,NONE,False,,,6
2139,900.0,1050.0,0.0,0.085,0.0,0.0,0.0,0,0,0,NONE,NONE,False,,,5
2140,950.0,1050.0,0.0,0.085,0.0,0.0,0.0,0,0,0,NONE,NONE,False,,,7
2141,1000.0,1050.0,0.0,0.085,0.0,0.0,0.0,0,0,0,NONE,NONE,False,,,7
2142,1050.0,1050.0,0.0,0.085,0.0,0.0,0.0,0,0,0,NONE,NONE,False,,,7
2143,1100.0,1050.0,0.0,0.085,0.0,0.0,0.0,0,0,0,NONE,NONE,False,,,5
2144,1150.0,1050.0,0.0,0.085,0.0,0.0,0.0,0,0,0,NONE,NONE,False,,,5
2145,1200.0,1050.0,0.0,0.085,0.0,0.0,0.0,0,0,0,NONE,NONE,False,,,5
2146,1250.0,1050.0,0.0,0.085,0.0,0.0,0.0,0,0,0,NONE,NONE,False,,,5
2147,1300.0,1050.0,0.0,0.085,0.0,0.0,0.0,0,0,0,NONE,NONE,False,,,5
2148,1350.0,1050.0,0.0,0.085,0.0,0.0,0.0,0,0,0,NONE,NONE,False,,,6
2149,1400.0,1050.0,0.0,0.085,0.0,0.0,0.0,0,0,0,NONE,NONE,False,,,6
2150,1450.0,1050.0,0.0,0.085,0.0,0.0,0.0,0,0,0,NONE,NONE,False,,,6
2151,1500.0,1050.0,0.0,0.085,0.0,0.0,0.0,0,0,0,NONE,NONE,False,,,7
2152,1550.0,1050.0,0.0,0.085,0.0,0.0,0.0,0,0,0,NONE,NONE,False,,,7
2153,1600.0,1050.0,0.0,0.085,0.0,0.0,0.0,0,0,0,NONE,NONE,False,,,11
2154,1650.0,1050.0,0.0,0.085,0.0,0.0,0.0,0,0,0,NONE,NONE,False,,,15
2155,1700.0,1050.0,0.0,0.085,0.0,0.0,0.0,0,0,0,NONE,NONE,False,,,50
2156,1750.0,1050.0,0.0,0.085,0.0,0.0,0.0,0,0,0,NONE,NONE,False,,,50
2157,1800.0,1050.0,0.0,0.085,0.0,0.0,0.0,0,0,0,NONE,NONE,False,,,49
2158,1850.0,1050.0,0.0,0.085,0.0,0.0,0.0,0,0,0,NONE,NONE,False,,,49
2159,1900.0,1050.0,0.0,0.085,0.0,0.0,0.0,0,0,0,NONE,NONE,False,,,49
2160,1950.0,1050.0,0.0,0.085,0.0,0.0,0.0,0,0,0,NONE,NONE,False,,,18
2161,2000.0,1050.0,0.0,0.085,0.0,0.0,0.0,0,0,0,NONE,NONE,False,,,16
2162,2050.0,1050.0,0.0,0.085,0.0,0.0,0.0,0,0,0,NONE,NONE,False,,,11
2163,2100.0,1050.0,0.0,0.085,0.0,0.0,0.0,0,0,0,NONE,NONE,False,,,10
2164,2150.0,1050.0,0.0,0.085,0.0,0.0,0.0,0,0,0,NONE,NONE,False,,,9
2165,2200.0,1050.0,0.0,0.085,0.0,0.0,0.0,0,0,0,NONE,NONE,False,,,9
2166,2250.0,1050.0,0.0,0.085,0.0,0.0,0.0,0,0,0,NONE,NONE,False,,,9
2167,2300.0,1050.0,0.0,0.085,0.0,0.0,0.0,0,0,0,NONE,NONE,False,,,9
2168,2350.0,1050.0,0.0,0.085,0.0,0.0,0.0,0,0,0,NONE,NONE,False,,,8
2169,2400.0,1050.0,0.0,0.085,0.0,0.0,0.0,0,0,0,NONE,NONE,False,,,7
2170,2450.0,1050.0,0.0,0.085,0.0,0.0,0.0,0,0,0,NONE,NONE,False,,,6
2171,2500.0,1050.0,0.0,0.085,0.0,0.0,0.0,0,0,0,NONE,NONE,False,,,7
2172,2550.0,1050.0,0.0,0.085,0.0,0.0,0.0,0,0,0,NONE,NONE,False,,,7
2173,2600.0,1050.0,0.0,0.085,0.0,0.0,0.0,0,0,0,NONE,NONE,False,,,6
2174,2650.0,1050.0,0.0,0.085,0.0,0.0,0.0,0,0,0,NONE,NONE,False,,,7
2175,2700.0,1050.0,0.0,0.085,0.0,0.0,0.0,0,0,0,NONE,NONE,False,,,8
2176,2750.0,1050.0,0.0,0.085,0.0,0.0,0.0,0,0,0,NONE,NONE,False,,,9
2177,2800.0,1050.0,0.0,0.085,0.0,0.0,0.0,0,0,0,NONE,NONE,False,,,8
2178,2850.0,1050.0,0.0,0.085,0.0,0.0,0.0,0,0,0,NONE,NONE,False,,,9
2179,2900.0,1050.0,0.0,0.085,0.0,0.0,0.0,0,0,0,NONE,NONE,False,,,10
2180,2950.0,1050.0,0.0,0.085,0.0,0.0,0.0,0,0,0,NONE,NONE,False,,,11
2181,3000.0,1050.0,0.0,0.085,0.0,0.0,0.0,0,0,0,NONE,NONE,True,major,TN3,12
2182,3050.0,1050.0,0.0,0.085,0.0,0.0,0.0,0,0,0,NONE,NONE,False,,,10
2183,3100.0,1050.0,0.0,0.085,0.0,0.0,0.0,0,0,0,NONE,NONE,False,,,8
2184,3150.0,1050.0,0.0,0.085,0.0,0.0,0.0,0,0,0,NONE,NONE,False,,,9
2185,3200.0,1050.0,0.0,0.085,0.0,0.0,0.0,0,0,0,NONE,NONE,False,,,9
2186,3250.0,1050.0,0.0,0.085,0.0,0.0,0.0,0,0,0,NONE,NONE,False,,,9
2187,3300.0,1050.0,0.0,0.085,0.0,0.0,0.0,0,0,0,NONE,NONE,False,,,10
2188,3350.0,1050.0,0.0,0.085,0.0,0.0,0.0,0,0,0,NONE,NONE,False,,,10
2189,3400.0,1050.0,0.0,0.085,0.0,0.0,0.0,0,0,0,NONE,NONE,False,,,8
2190,3450.0,1050.0,0.0,0.085,0.0,0.0,0.0,0,0,0,NONE,NONE,False,,,10
2191,3500.0,1050.0,0.0,0.085,0.0,0.0,0.0,0,0,0,NONE,NONE,False,,,10
2192,3550.0,1050.0,0.0,0.085,0.0,0.0,0.0,0,0,0,NONE,NONE,False,,,8
2193,3600.0,1050.0,0.0,0.085,0.0,0.0,0.0,0,0,0,NONE,NONE,False,,,9
2194,3650.0,1050.0,0.0,0.085,0.0,0.0,0.0,0,0,0,NONE,NONE,False,,,7
2195,3700.0,1050.0,0.0,0.085,0.0,0.0,0.0,0,0,0,NONE,NONE,False,,,6
2196,3750.0,1050.0,0.0,0.085,0.0,0.0,0.0,0,0,0,NONE,NONE,False,,,5
2197,3800.0,1050.0,0.0,0.085,0.0,0.0,0.0,0,0,0,NONE,NONE,False,,,4
2198,3850.0,1050.0,0.0,0.085,0.0,0.0,0.0,0,0,0,NONE,NONE,False,,,4
2199,3900.0,1050.0,0.0,0.085,0.0,0.0,0.0,0,0,0,NONE,NONE,False,,,4
2200,3950.0,1050.0,0.0,0.085,0.0,0.0,0.0,0,0,0,NONE,NONE,False,,,4
2201,4000.0,1050.0,0.0,0.085,0.0,0.0,0.0,0,0,0,NONE,NONE,False,,,4
2202,4050.0,1050.0,0.0,0.085,0.0,0.0,0.0,0,0,0,NONE,NONE,False,,,4
2203,4100.0,1050.0,0.0,0.085,0.0,0.0,0.0,0,0,0,NONE,NONE,False,,,4
2204,4150.0,1050.0,0.0,0.085,0.0,0.0,0.0,0,0,0,NONE,NONE,False,,,4
2205,4200.0,1050.0,0.0,0.085,0.0,0.0,0.0,0,0,0,NONE,NONE,False,,,3
2206,4250.0,1050.0,0.0,0.085,0.0,0.0,0.0,0,0,0,NONE,NONE,False,,,3
2207,4300.0,1050.0,0.0,0.085,0.0,0.0,0.0,0,0,0,NONE,NONE,False,,,2
2208,4350.0,1050.0,0.0,0.085,0.0,0.0,0.0,0,0,0,NONE,NONE,False,,,2
2209,4400.0,1050.0,0.0,0.085,0.0,0.0,0.0,0,0,0,NONE,NONE,False,,,3
2210,4450.0,1050.0,0.0,0.085,0.0,0.0,0.0,0,0,0,NONE,NONE,False,,,2
2211,4500.0,1050.0,0.0,0.085,0.0,0.0,0.0,0,0,0,NONE,NONE,False,,,2
2212,4550.0,1050.0,0.0,0.085,0.0,0.0,0.0,0,0,0,NONE,NONE,False,,,2
2213,4600.0,1050.0,0.0,0.085,0.0,0.0,0.0,0,0,0,NONE,NONE,False,,,2
2214,4650.0,1050.0,0.0,0.085,0.0,0.0,0.0,0,0,0,NONE,NONE,False,,,2
2215,4700.0,1050.0,0.0,0.085,0.0,0.0,0.0,0,0,0,NONE,NONE,False,,,3
2216,4750.0,1050.0,0.0,0.085,0.0,0.0,0.0,0,0,0,NONE,NONE,False,,,2
2217,4800.0,1050.0,0.0,0.085,0.0,0.0,0.0,0,0,0,NONE,NONE,False,,,2
2218,4850.0,1050.0,0.0,0.085,0.0,0.0,0.0,0,0,0,NONE,NONE,False,,,2
2219,4900.0,1050.0,0.0,0.085,0.0,0.0,0.0,0,0,0,NONE,NONE,False,,,2
2220,4950.0,1050.0,0.0,0.085,0.0,0.0,0.0,0,0,0,NONE,NONE,False,,,1
2221,5000.0,1050.0,0.0,0.085,0.0,0.0,0.0,0,0,0,NONE,NONE,False,,,1
2222,0.0,1100.0,0.0,0.085,0.0,0.0,0.0,0,0,0,NONE,NONE,False,,,1
2223,50.0,1100.0,0.0,0.085,0.0,0.0,0.0,0,0,0,NONE,NONE,False,,,2
2224,100.0,1100.0,0.0,0.085,0.0,0.0,0.0,0,0,0,NONE,NONE,False,,,2
2225,150.0,1100.0,0.0,0.085,0.0,0.0,0.0,0,0,0,NONE,NONE,False,,,2
2226,200.0,1100.0,0.0,0.085,0.0,0.0,0.0,0,0,0,NONE,NONE,False,,,2
2227,250.0,1100.0,0.0,0.085,0.0,0.0,0.0,0,0,0,NONE,NONE,False,,,2
2228,300.0,1100.0,0.0,0.085,0.0,0.0,0.0,0,0,0,NONE,NONE,False,,,1
2229,350.0,1100.0,0.0,0.085,0.0,0.0,0.0,0,0,0,NONE,NONE,False,,,2
2230,400.0,1100.0,0.0,0.085,0.0,0.0,0.0,0,0,0,NONE,NONE,False,,,2
2231,450.0,1100.0,0.0,0.085,0.0,0.0,0.0,0,0,0,NONE,NONE,False,,,2
2232,500.0,1100.0,0.0,0.085,0.0,0.0,0.0,0,0,0,NONE,NONE,False,,,3
2233,550.0,1100.0,0.0,0.085,0.0,0.0,0.0,0,0,0,NONE,NONE,False,,,2
2234,600.0,1100.0,0.0,0.085,0.0,0.0,0.0,0,0,0,NONE,NONE,False,,,2
2235,650.0,1100.0,0.0,0.085,0.0,0.0,0.0,0,0,0,NONE,NONE,False,,,4
2236,700.0,1100.0,0.0,0.085,0.0,0.0,0.0,0,0,0,NONE,NONE,False,,,4
2237,750.0,1100.0,0.0,0.085,0.0,0.0,0.0,0,0,0,NONE,NONE,False,,,5
2238,800.0,1100.0,0.0,0.085,0.0,0.0,0.0,0,0,0,NONE,NONE,False,,,6
2239,850.0,1100.0,0.0,0.085,0.0,0.0,0.0,0,0,0,NONE,NONE,False,,,6
2240,900.0,1100.0,0.0,0.085,0.0,0.0,0.0,0,0,0,NONE,NONE,False,,,5
2241,950.0,1100.0,0.0,0.085,0.0,0.0,0.0,0,0,0,NONE,NONE,False,,,7
2242,1000.0,1100.0,0.0,0.085,0.0,0.0,0.0,0,0,0,NONE,NONE,False,,,8
2243,1050.0,1100.0,0.0,0.085,0.0,0.0,0.0,0,0,0,NONE,NONE,False,,,8
2244,1100.0,1100.0,0.0,0.085,0.0,0.0,0.0,0,0,0,NONE,NONE,False,,,5
2245,1150.0,1100.0,0.0,0.085,0.0,0.0,0.0,0,0,0,NONE,NONE,False,,,5
2246,1200.0,1100.0,0.0,0.085,0.0,0.0,0.0,0,0,0,NONE,NONE,False,,,4
2247,1250.0,1100.0,0.0,0.085,0.0,0.0,0.0,0,0,0,NONE,NONE,False,,,4
2248,1300.0,1100.0,0.0,0.085,0.0,0.0,0.0,0,0,0,NONE,NONE,False,,,5
2249,1350.0,1100.0,0.0,0.085,0.0,0.0,0.0,0,0,0,NONE,NONE,False,,,5
2250,1400.0,1100.0,0.0,0.085,0.0,0.0,0.0,0,0,0,NONE,NONE,False,,,6
2251,1450.0,1100.0,0.0,0.085,0.0,0.0,0.0,0,0,0,NONE,NONE,False,,,6
2252,1500.0,1100.0,0.0,0.085,0.0,0.0,0.0,0,0,0,NONE,NONE,False,,,8
2253,1550.0,1100.0,0.0,0.085,0.0,0.0,0.0,0,0,0,NONE,NONE,False,,,8
2254,1600.0,1100.0,0.0,0.085,0.0,0.0,0.0,0,0,0,NONE,NONE,False,,,10
2255,1650.0,1100.0,0.0,0.085,0.0,0.0,0.0,0,0,0,NONE,NONE,False,,,19
2256,1700.0,1100.0,0.0,0.085,0.0,0.0,0.0,0,0,0,NONE,NONE,False,,,49
2257,1750.0,1100.0,0.0,0.085,0.0,0.0,0.0,0,0,0,NONE,NONE,False,,,49
2258,1800.0,1100.0,0.0,0.085,0.0,0.0,0.0,0,0,1,DB02,DB,False,,,49
2259,1850.0,1100.0,0.0,0.085,0.0,0.0,0.0,0,0,0,NONE,NONE,False,,,49
2260,1900.0,1100.0,0.0,0.085,0.0,0.0,0.0,0,0,0,NONE,NONE,False,,,49
2261,1950.0,1100.0,0.0,0.085,0.0,0.0,0.0,0,0,0,NONE,NONE,False,,,25
2262,2000.0,1100.0,0.0,0.085,0.0,0.0,0.0,0,0,0,NONE,NONE,False,,,12
2263,2050.0,1100.0,0.0,0.085,0.0,0.0,0.0,0,0,0,NONE,NONE,False,,,11
2264,2100.0,1100.0,0.0,0.085,0.0,0.0,0.0,0,0,0,NONE,NONE,False,,,9
2265,2150.0,1100.0,0.0,0.085,0.0,0.0,0.0,0,0,0,NONE,NONE,False,,,8
2266,2200.0,1100.0,0.0,0.085,0.0,0.0,0.0,0,0,0,NONE,NONE,False,,,9
2267,2250.0,1100.0,0.0,0.085,0.0,0.0,0.0,0,0,0,NONE,NONE,False,,,9
2268,2300.0,1100.0,0.0,0.085,0.0,0.0,0.0,0,0,0,NONE,NONE,False,,,8
2269,2350.0,1100.0,0.0,0.085,0.0,0.0,0.0,0,0,0,NONE,NONE,False,,,7
2270,2400.0,1100.0,0.0,0.085,0.0,0.0,0.0,0,0,0,NONE,NONE,False,,,8
2271,2450.0,1100.0,0.0,0.085,0.0,0.0,0.0,0,0,0,NONE,NONE,False,,,7
2272,2500.0,1100.0,0.0,0.085,0.0,0.0,0.0,0,0,0,NONE,NONE,False,,,6
2273,2550.0,1100.0,0.0,0.085,0.0,0.0,0.0,0,0,0,NONE,NONE,False,,,6
2274,2600.0,1100.0,0.0,0.085,0.0,0.0,0.0,0,0,0,NONE,NONE,False,,,7
2275,2650.0,1100.0,0.0,0.085,0.0,0.0,0.0,0,0,0,NONE,NONE,False,,,7
2276,2700.0,1100.0,0.0,0.085,0.0,0.0,0.0,0,0,0,NONE,NONE,False,,,8
2277,2750.0,1100.0,0.0,0.085,0.0,0.0,0.0,0,0,0,NONE,NONE,False,,,8
2278,2800.0,1100.0,0.0,0.085,0.0,0.0,0.0,0,0,0,NONE,NONE,False,,,8
2279,2850.0,1100.0,0.0,0.085,0.0,0.0,0.0,0,0,0,NONE,NONE,False,,,8
2280,2900.0,1100.0,0.0,0.085,0.0,0.0,0.0,0,0,0,NONE,NONE,False,,,9
2281,2950.0,1100.0,0.0,0.085,0.0,0.0,0.0,0,0,0,NONE,NONE,False,,,10
2282,3000.0,1100.0,0.0,0.085,0.0,0.0,0.0,0,0,0,NONE,NONE,False,,,11
2283,3050.0,1100.0,0.0,0.085,0.0,0.0,0.0,0,0,0,NONE,NONE,False,,,11
2284,3100.0,1100.0,0.0,0.085,0.0,0.0,0.0,0,0,0,NONE,NONE,False,,,9
2285,3150.0,1100.0,0.0,0.085,0.0,0.0,0.0,0,0,0,NONE,NONE,False,,,7
2286,3200.0,1100.0,0.0,0.085,0.0,0.0,0.0,0,0,0,NONE,NONE,False,,,8
2287,3250.0,1100.0,0.0,0.085,0.0,0.0,0.0,0,0,0,NONE,NONE,False,,,8
2288,3300.0,1100.0,0.0,0.085,0.0,0.0,0.0,0,0,0,NONE,NONE,False,,,8
2289,3350.0,1100.0,0.0,0.085,0.0,0.0,0.0,0,0,0,NONE,NONE,False,,,9
2290,3400.0,1100.0,0.0,0.085,0.0,0.0,0.0,0,0,0,NONE,NONE,False,,,9
2291,3450.0,1100.0,0.0,0.085,0.0,0.0,0.0,0,0,0,NONE,NONE,False,,,10
2292,3500.0,1100.0,0.0,0.085,0.0,0.0,0.0,0,0,0,NONE,NONE,False,,,14
2293,3550.0,1100.0,0.0,0.085,0.0,0.0,0.0,0,0,0,NONE,NONE,False,,,19
2294,3600.0,1100.0,0.0,0.085,0.0,0.0,0.0,0,0,0,NONE,NONE,False,,,18
2295,3650.0,1100.0,0.0,0.085,0.0,0.0,0.0,0,0,0,NONE,NONE,False,,,19
2296,3700.0,1100.0,0.0,0.085,0.0,0.0,0.0,0,0,0,NONE,NONE,False,,,9
2297,3750.0,1100.0,0.0,0.085,0.0,0.0,0.0,0,0,0,NONE,NONE,False,,,6
2298,3800.0,1100.0,0.0,0.085,0.0,0.0,0.0,0,0,0,NONE,NONE,False,,,5
2299,3850.0,1100.0,0.0,0.085,0.0,0.0,0.0,0,0,0,NONE,NONE,False,,,4
2300,3900.0,1100.0,0.0,0.085,0.0,0.0,0.0,0,0,0,NONE,NONE,False,,,3
2301,3950.0,1100.0,0.0,0.085,0.0,0.0,0.0,0,0,0,NONE,NONE,False,,,4
2302,4000.0,1100.0,0.0,0.085,0.0,0.0,0.0,0,0,0,NONE,NONE,False,,,4
2303,4050.0,1100.0,0.0,0.085,0.0,0.0,0.0,0,0,0,NONE,NONE,False,,,4
2304,4100.0,1100.0,0.0,0.085,0.0,0.0,0.0,0,0,0,NONE,NONE,False,,,4
2305,4150.0,1100.0,0.0,0.085,0.0,0.0,0.0,0,0,0,NONE,NONE,False,,,4
2306,4200.0,1100.0,0.0,0.085,0.0,0.0,0.0,0,0,0,NONE,NONE,False,,,3
2307,4250.0,1100.0,0.0,0.085,0.0,0.0,0.0,0,0,0,NONE,NONE,False,,,3
2308,4300.0,1100.0,0.0,0.085,0.0,0.0,0.0,0,0,0,NONE,NONE,False,,,3
2309,4350.0,1100.0,0.0,0.085,0.0,0.0,0.0,0,0,0,NONE,NONE,False,,,2
2310,4400.0,1100.0,0.0,0.085,0.0,0.0,0.0,0,0,0,NONE,NONE,False,,,2
2311,4450.0,1100.0,0.0,0.085,0.0,0.0,0.0,0,0,0,NONE,NONE,False,,,3
2312,4500.0,1100.0,0.0,0.085,0.0,0.0,0.0,0,0,0,NONE,NONE,False,,,2
2313,4550.0,1100.0,0.0,0.085,0.0,0.0,0.0,0,0,0,NONE,NONE,False,,,2
2314,4600.0,1100.0,0.0,0.085,0.0,0.0,0.0,0,0,0,NONE,NONE,False,,,3
2315,4650.0,1100.0,0.0,0.085,0.0,0.0,0.0,0,0,0,NONE,NONE,False,,,2
2316,4700.0,1100.0,0.0,0.085,0.0,0.0,0.0,0,0,0,NONE,NONE,False,,,3
2317,4750.0,1100.0,0.0,0.085,0.0,0.0,0.0,0,0,0,NONE,NONE,False,,,3
2318,4800.0,1100.0,0.0,0.085,0.0,0.0,0.0,0,0,0,NONE,NONE,False,,,2
2319,4850.0,1100.0,0.0,0.085,0.0,0.0,0.0,0,0,0,NONE,NONE,False,,,2
2320,4900.0,1100.0,0.0,0.085,0.0,0.0,0.0,0,0,0,NONE,NONE,False,,,2
2321,4950.0,1100.0,0.0,0.085,0.0,0.0,0.0,0,0,0,NONE,NONE,False,,,1
2322,5000.0,1100.0,0.0,0.085,0.0,0.0,0.0,0,0,0,NONE,NONE,False,,,1
2323,0.0,1150.0,0.0,0.085,0.0,0.0,0.0,0,0,0,NONE,NONE,False,,,1
2324,50.0,1150.0,0.0,0.085,0.0,0.0,0.0,0,0,0,NONE,NONE,False,,,2
2325,100.0,1150.0,0.0,0.085,0.0,0.0,0.0,0,0,0,NONE,NONE,False,,,2
2326,150.0,1150.0,0.0,0.085,0.0,0.0,0.0,0,0,0,NONE,NONE,False,,,3
2327,200.0,1150.0,0.0,0.085,0.0,0.0,0.0,0,0,0,NONE,NONE,False,,,2
2328,250.0,1150.0,0.0,0.085,0.0,0.0,0.0,0,0,0,NONE,NONE,False,,,2
2329,300.0,1150.0,0.0,0.085,0.0,0.0,0.0,0,0,0,NONE,NONE,False,,,2
2330,350.0,1150.0,0.0,0.085,0.0,0.0,0.0,0,0,0,NONE,NONE,False,,,2
2331,400.0,1150.0,0.0,0.085,0.0,0.0,0.0,0,0,0,NONE,NONE,False,,,2
2332,450.0,1150.0,0.0,0.085,0.0,0.0,0.0,0,0,0,NONE,NONE,False,,,3
2333,500.0,1150.0,0.0,0.085,0.0,0.0,0.0,0,0,0,NONE,NONE,False,,,2
2334,550.0,1150.0,0.0,0.085,0.0,0.0,0.0,0,0,0,NONE,NONE,False,,,2
2335,600.0,1150.0,0.0,0.085,0.0,0.0,0.0,0,0,0,NONE,NONE,False,,,4
2336,650.0,1150.0,0.0,0.085,0.0,0.0,0.0,0,0,0,NONE,NONE,False,,,4
2337,700.0,1150.0,0.0,0.085,0.0,0.0,0.0,0,0,0,NONE,NONE,False,,,4
2338,750.0,1150.0,0.0,0.085,0.0,0.0,0.0,0,0,0,NONE,NONE,False,,,5
2339,800.0,1150.0,0.0,0.085,0.0,0.0,0.0,0,0,0,NONE,NONE,False,,,5
2340,850.0,1150.0,0.0,0.085,0.0,0.0,0.0,0,0,0,NONE,NONE,False,,,6
2341,900.0,1150.0,0.0,0.085,0.0,0.0,0.0,0,0,0,NONE,NONE,False,,,7
2342,950.0,1150.0,0.0,0.085,0.0,0.0,0.0,0,0,0,NONE,NONE,False,,,9
2343,1000.0,1150.0,0.0,0.085,0.0,0.0,0.0,0,0,0,NONE,NONE,False,,,16
2344,1050.0,1150.0,0.0,0.085,0.0,0.0,0.0,0,0,0,NONE,NONE,False,,,16
2345,1100.0,1150.0,0.0,0.085,0.0,0.0,0.0,0,0,0,NONE,NONE,False,,,16
2346,1150.0,1150.0,0.0,0.085,0.0,0.0,0.0,0,0,0,NONE,NONE,False,,,9
2347,1200.0,1150.0,0.0,0.085,0.0,0.0,0.0,0,0,0,NONE,NONE,False,,,6
2348,1250.0,1150.0,0.0,0.085,0.0,0.0,0.0,0,0,0,NONE,NONE,False,,,6
2349,1300.0,1150.0,0.0,0.085,0.0,0.0,0.0,0,0,0,NONE,NONE,False,,,6
2350,1350.0,1150.0,0.0,0.085,0.0,0.0,0.0,0,0,0,NONE,NONE,False,,,5
2351,1400.0,1150.0,0.0,0.085,0.0,0.0,0.0,0,0,0,NONE,NONE,False,,,6
2352,1450.0,1150.0,0.0,0.085,0.0,0.0,0.0,0,0,0,NONE,NONE,False,,,7
2353,1500.0,1150.0,0.0,0.085,0.0,0.0,0.0,0,0,0,NONE,NONE,False,,,7
2354,1550.0,1150.0,0.0,0.085,0.0,0.0,0.0,0,0,0,NONE,NONE,False,,,8
2355,1600.0,1150.0,0.0,0.085,0.0,0.0,0.0,0,0,0,NONE,NONE,False,,,11
2356,1650.0,1150.0,0.0,0.085,0.0,0.0,0.0,0,0,0,NONE,NONE,False,,,16
2357,1700.0,1150.0,0.0,0.085,0.0,0.0,0.0,0,0,0,NONE,NONE,False,,,49
2358,1750.0,1150.0,0.0,0.085,0.0,0.0,0.0,0,0,0,NONE,NONE,False,,,49
2359,1800.0,1150.0,0.0,0.085,0.0,0.0,0.0,0,0,0,NONE,NONE,False,,,49
2360,1850.0,1150.0,0.0,0.085,0.0,0.0,0.0,0,0,0,NONE,NONE,False,,,48
2361,1900.0,1150.0,0.0,0.085,0.0,0.0,0.0,0,0,0,NONE,NONE,False,,,48
2362,1950.0,1150.0,0.0,0.085,0.0,0.0,0.0,0,0,0,NONE,NONE,False,,,19
2363,2000.0,1150.0,0.0,0.085,0.0,0.0,0.0,0,0,0,NONE,NONE,False,,,15
2364,2050.0,1150.0,0.0,0.085,0.0,0.0,0.0,0,0,0,NONE,NONE,False,,,11
2365,2100.0,1150.0,0.0,0.085,0.0,0.0,0.0,0,0,0,NONE,NONE,False,,,10
2366,2150.0,1150.0,0.0,0.085,0.0,0.0,0.0,0,0,0,NONE,NONE,False,,,8
2367,2200.0,1150.0,0.0,0.085,0.0,0.0,0.0,0,0,0,NONE,NONE,False,,,8
2368,2250.0,1150.0,0.0,0.085,0.0,0.0,0.0,0,0,0,NONE,NONE,False,,,7
2369,2300.0,1150.0,0.0,0.085,0.0,0.0,0.0,0,0,0,NONE,NONE,False,,,9
2370,2350.0,1150.0,0.0,0.085,0.0,0.0,0.0,0,0,0,NONE,NONE,False,,,9
2371,2400.0,1150.0,0.0,0.085,0.0,0.0,0.0,0,0,0,NONE,NONE,False,,,9
2372,2450.0,1150.0,0.0,0.085,0.0,0.0,0.0,0,0,0,NONE,NONE,False,,,6
2373,2500.0,1150.0,0.0,0.085,0.0,0.0,0.0,0,0,0,NONE,NONE,False,,,5
2374,2550.0,1150.0,0.0,0.085,0.0,0.0,0.0,0,0,0,NONE,NONE,False,,,5
2375,2600.0,1150.0,0.0,0.085,0.0,0.0,0.0,0,0,0,NONE,NONE,False,,,5
2376,2650.0,1150.0,0.0,0.085,0.0,0.0,0.0,0,0,0,NONE,NONE,False,,,6
2377,2700.0,1150.0,0.0,0.085,0.0,0.0,0.0,0,0,0,NONE,NONE,False,,,6
2378,2750.0,1150.0,0.0,0.085,0.0,0.0,0.0,0,0,0,NONE,NONE,False,,,6
2379,2800.0,1150.0,0.0,0.085,0.0,0.0,0.0,0,0,0,NONE,NONE,False,,,8
2380,2850.0,1150.0,0.0,0.085,0.0,0.0,0.0,0,0,0,NONE,NONE,False,,,8
2381,2900.0,1150.0,0.0,0.085,0.0,0.0,0.0,0,0,0,NONE,NONE,False,,,8
2382,2950.0,1150.0,0.0,0.085,0.0,0.0,0.0,0,0,0,NONE,NONE,False,,,9
2383,3000.0,1150.0,0.0,0.085,0.0,0.0,0.0,0,0,0,NONE,NONE,False,,,8
2384,3050.0,1150.0,0.0,0.085,0.0,0.0,0.0,0,0,0,NONE,NONE,False,,,8
2385,3100.0,1150.0,0.0,0.085,0.0,0.0,0.0,0,0,0,NONE,NONE,False,,,10
2386,3150.0,1150.0,0.0,0.085,0.0,0.0,0.0,0,0,0,NONE,NONE,False,,,7
2387,3200.0,1150.0,0.0,0.085,0.0,0.0,0.0,0,0,0,NONE,NONE,False,,,7
2388,3250.0,1150.0,0.0,0.085,0.0,0.0,0.0,0,0,0,NONE,NONE,False,,,9
2389,3300.0,1150.0,0.0,0.085,0.0,0.0,0.0,0,0,0,NONE,NONE,False,,,9
2390,3350.0,1150.0,0.0,0.085,0.0,0.0,0.0,0,0,0,NONE,NONE,False,,,9
2391,3400.0,1150.0,0.0,0.085,0.0,0.0,0.0,0,0,0,NONE,NONE,False,,,10
2392,3450.0,1150.0,0.0,0.085,0.0,0.0,0.0,0,0,0,NONE,NONE,False,,,10
2393,3500.0,1150.0,0.0,0.085,0.0,0.0,0.0,0,0,0,NONE,NONE,False,,,18
2394,3550.0,1150.0,0.0,0.085,0.0,0.0,0.0,0,0,0,NONE,NONE,False,,,19
2395,3600.0,1150.0,0.0,0.085,0.0,0.0,0.0,0,0,0,NONE,NONE,False,,,18
2396,3650.0,1150.0,0.0,0.085,0.0,0.0,0.0,0,0,0,NONE,NONE,False,,,18
2397,3700.0,1150.0,0.0,0.085,0.0,0.0,0.0,0,0,0,NONE,NONE,False,,,19
2398,3750.0,1150.0,0.0,0.085,0.0,0.0,0.0,0,0,0,NONE,NONE,False,,,6
2399,3800.0,1150.0,0.0,0.085,0.0,0.0,0.0,0,0,0,NONE,NONE,False,,,6
2400,3850.0,1150.0,0.0,0.085,0.0,0.0,0.0,0,0,0,NONE,NONE,False,,,5
2401,3900.0,1150.0,0.0,0.085,0.0,0.0,0.0,0,0,0,NONE,NONE,False,,,4
2402,3950.0,1150.0,0.0,0.085,0.0,0.0,0.0,0,0,0,NONE,NONE,False,,,5
2403,4000.0,1150.0,0.0,0.085,0.0,0.0,0.0,0,0,0,NONE,NONE,False,,,5
2404,4050.0,1150.0,0.0,0.085,0.0,0.0,0.0,0,0,0,NONE,NONE,False,,,4
2405,4100.0,1150.0,0.0,0.085,0.0,0.0,0.0,0,0,0,NONE,NONE,False,,,4
2406,4150.0,1150.0,0.0,0.085,0.0,0.0,0.0,0,0,0,NONE,NONE,False,,,4
2407,4200.0,1150.0,0.0,0.085,0.0,0.0,0.0,0,0,0,NONE,NONE,False,,,3
2408,4250.0,1150.0,0.0,0.085,0.0,0.0,0.0,0,0,0,NONE,NONE,False,,,3
2409,4300.0,1150.0,0.0,0.085,0.0,0.0,0.0,0,0,0,NONE,NONE,False,,,3
2410,4350.0,1150.0,0.0,0.085,0.0,0.0,0.0,0,0,0,NONE,NONE,False,,,3
2411,4400.0,1150.0,0.0,0.085,0.0,0.0,0.0,0,0,0,NONE,NONE,False,,,2
2412,4450.0,1150.0,0.0,0.085,0.0,0.0,0.0,0,0,0,NONE,NONE,False,,,2
2413,4500.0,1150.0,0.0,0.085,0.0,0.0,0.0,0,0,0,NONE,NONE,False,,,3
2414,4550.0,1150.0,0.0,0.085,0.0,0.0,0.0,0,0,0,NONE,NONE,False,,,3
2415,4600.0,1150.0,0.0,0.085,0.0,0.0,0.0,0,0,0,NONE,NONE,False,,,3
2416,4650.0,1150.0,0.0,0.085,0.0,0.0,0.0,0,0,0,NONE,NONE,False,,,3
2417,4700.0,1150.0,0.0,0.085,0.0,0.0,0.0,0,0,0,NONE,NONE,False,,,3
2418,4750.0,1150.0,0.0,0.085,0.0,0.0,0.0,0,0,0,NONE,NONE,False,,,3
2419,4800.0,1150.0,0.0,0.085,0.0,0.0,0.0,0,0,0,NONE,NONE,False,,,3
2420,4850.0,1150.0,0.0,0.085,0.0,0.0,0.0,0,0,0,NONE,NONE,False,,,2
2421,4900.0,1150.0,0.0,0.085,0.0,0.0,0.0,0,0,0,NONE,NONE,False,,,2
2422,4950.0,1150.0,0.0,0.085,0.0,0.0,0.0,0,0,0,NONE,NONE,False,,,1
2423,5000.0,1150.0,0.0,0.085,0.0,0.0,0.0,0,0,0,NONE,NONE,False,,,1
2424,0.0,1200.0,0.0,0.085,0.0,0.0,0.0,0,0,0,NONE,NONE,False,,,1
2425,50.0,1200.0,0.0,0.085,0.0,0.0,0.0,0,0,0,NONE,NONE,False,,,2
2426,100.0,1200.0,0.0,0.085,0.0,0.0,0.0,0,0,0,NONE,NONE,False,,,2
2427,150.0,1200.0,0.0,0.085,0.0,0.0,0.0,0,0,0,NONE,NONE,False,,,3
2428,200.0,1200.0,0.0,0.085,0.0,0.0,0.0,0,0,0,NONE,NONE,False,,,2
2429,250.0,1200.0,0.0,0.085,0.0,0.0,0.0,0,0,0,NONE,NONE,False,,,3
2430,300.0,1200.0,0.0,0.085,0.0,0.0,0.0,0,0,0,NONE,NONE,False,,,2
2431,350.0,1200.0,0.0,0.085,0.0,0.0,0.0,0,0,0,NONE,NONE,False,,,2
2432,400.0,1200.0,0.0,0.085,0.0,0.0,0.0,0,0,0,NONE,NONE,False,,,3
2433,450.0,1200.0,0.0,0.085,0.0,0.0,0.0,0,0,0,NONE,NONE,False,,,2
2434,500.0,1200.0,0.0,0.085,0.0,0.0,0.0,0,0,0,NONE,NONE,False,,,2
2435,550.0,1200.0,0.0,0.085,0.0,0.0,0.0,0,0,0,NONE,NONE,False,,,4
2436,600.0,1200.0,0.0,0.085,0.0,0.0,0.0,0,0,0,NONE,NONE,False,,,3
2437,650.0,1200.0,0.0,0.085,0.0,0.0,0.0,0,0,0,NONE,NONE,False,,,4
2438,700.0,1200.0,0.0,0.085,0.0,0.0,0.0,0,0,0,NONE,NONE,False,,,5
2439,750.0,1200.0,0.0,0.085,0.0,0.0,0.0,0,0,0,NONE,NONE,False,,,4
2440,800.0,1200.0,0.0,0.085,0.0,0.0,0.0,0,0,0,NONE,NONE,False,,,4
2441,850.0,1200.0,0.0,0.085,0.0,0.0,0.0,0,0,0,NONE,NONE,False,,,7
2442,900.0,1200.0,0.0,0.085,0.0,0.0,0.0,0,0,0,NONE,NONE,False,,,6
2443,950.0,1200.0,0.0,0.085,0.0,0.0,0.0,0,0,0,NONE,NONE,False,,,16
2444,1000.0,1200.0,0.0,0.085,0.0,0.0,0.0,0,0,0,NONE,NONE,False,,,16
2445,1050.0,1200.0,0.0,0.085,0.0,0.0,0.0,0,0,0,NONE,NONE,False,,,16
2446,1100.0,1200.0,0.0,0.085,0.0,0.0,0.0,0,0,0,NONE,NONE,False,,,16
2447,1150.0,1200.0,0.0,0.085,0.0,0.0,0.0,0,0,0,NONE,NONE,False,,,16
2448,1200.0,1200.0,0.0,0.085,0.0,0.0,0.0,0,0,0,NONE,NONE,False,,,6
2449,1250.0,1200.0,0.0,0.085,0.0,0.0,0.0,0,0,0,NONE,NONE,False,,,6
2450,1300.0,1200.0,0.0,0.085,0.0,0.0,0.0,0,0,0,NONE,NONE,False,,,6
2451,1350.0,1200.0,0.0,0.085,0.0,0.0,0.0,0,0,0,NONE,NONE,False,,,5
2452,1400.0,1200.0,0.0,0.085,0.0,0.0,0.0,0,0,0,NONE,NONE,False,,,6
2453,1450.0,1200.0,0.0,0.085,0.0,0.0,0.0,0,0,0,NONE,NONE,False,,,7
2454,1500.0,1200.0,0.0,0.085,0.0,0.0,0.0,0,0,0,NONE,NONE,False,,,6
2455,1550.0,1200.0,0.0,0.085,0.0,0.0,0.0,0,0,0,NONE,NONE,False,,,7
2456,1600.0,1200.0,0.0,0.085,0.0,0.0,0.0,0,0,0,NONE,NONE,False,,,11
2457,1650.0,1200.0,0.0,0.085,0.0,0.0,0.0,0,0,0,NONE,NONE,False,,,15
2458,1700.0,1200.0,0.0,0.085,0.0,0.0,0.0,0,0,0,NONE,NONE,False,,,18
2459,1750.0,1200.0,0.0,0.085,0.0,0.0,0.0,0,0,0,NONE,NONE,False,,,48
2460,1800.0,1200.0,0.0,0.085,0.0,0.0,0.0,0,0,0,NONE,NONE,False,,,48
2461,1850.0,1200.0,0.0,0.085,0.0,0.0,0.0,0,0,0,NONE,NONE,False,,,48
2462,1900.0,1200.0,0.0,0.085,0.0,0.0,0.0,0,0,0,NONE,NONE,False,,,18
2463,1950.0,1200.0,0.0,0.085,0.0,0.0,0.0,0,0,0,NONE,NONE,False,,,16
2464,2000.0,1200.0,0.0,0.085,0.0,0.0,0.0,0,0,0,NONE,NONE,False,,,14
2465,2050.0,1200.0,0.0,0.085,0.0,0.0,0.0,0,0,0,NONE,NONE,False,,,12
2466,2100.0,1200.0,0.0,0.085,0.0,0.0,0.0,0,0,0,NONE,NONE,False,,,9
2467,2150.0,1200.0,0.0,0.085,0.0,0.0,0.0,0,0,0,NONE,NONE,False,,,9
2468,2200.0,1200.0,0.0,0.085,0.0,0.0,0.0,0,0,0,NONE,NONE,False,,,8
2469,2250.0,1200.0,0.0,0.085,0.0,0.0,0.0,0,0,0,NONE,NONE,False,,,9
2470,2300.0,1200.0,0.0,0.085,0.0,0.0,0.0,0,0,0,NONE,NONE,False,,,8
2471,2350.0,1200.0,0.0,0.085,0.0,0.0,0.0,0,0,0,NONE,NONE,False,,,9
2472,2400.0,1200.0,0.0,0.085,0.0,0.0,0.0,0,0,0,NONE,NONE,False,,,7
2473,2450.0,1200.0,0.0,0.085,0.0,0.0,0.0,0,0,0,NONE,NONE,False,,,7
2474,2500.0,1200.0,0.0,0.085,0.0,0.0,0.0,0,0,0,NONE,NONE,False,,,7
2475,2550.0,1200.0,0.0,0.085,0.0,0.0,0.0,0,0,0,NONE,NONE,False,,,8
2476,2600.0,1200.0,0.0,0.085,0.0,0.0,0.0,0,0,0,NONE,NONE,False,,,7
2477,2650.0,1200.0,0.0,0.085,0.0,0.0,0.0,0,0,0,NONE,NONE,False,,,6
2478,2700.0,1200.0,0.0,0.085,0.0,0.0,0.0,0,0,0,NONE,NONE,False,,,5
2479,2750.0,1200.0,0.0,0.085,0.0,0.0,0.0,0,0,0,NONE,NONE,False,,,5
2480,2800.0,1200.0,0.0,0.085,0.0,0.0,0.0,0,0,0,NONE,NONE,False,,,5
2481,2850.0,1200.0,0.0,0.085,0.0,0.0,0.0,0,0,0,NONE,NONE,False,,,6
2482,2900.0,1200.0,0.0,0.085,0.0,0.0,0.0,0,0,0,NONE,NONE,False,,,7
2483,2950.0,1200.0,0.0,0.085,0.0,0.0,0.0,0,0,0,NONE,NONE,False,,,7
2484,3000.0,1200.0,0.0,0.085,0.0,0.0,0.0,0,0,0,NONE,NONE,False,,,8
2485,3050.0,1200.0,0.0,0.085,0.0,0.0,0.0,0,0,0,NONE,NONE,False,,,8
2486,3100.0,1200.0,0.0,0.085,0.0,0.0,0.0,0,0,0,NONE,NONE,False,,,8
2487,3150.0,1200.0,0.0,0.085,0.0,0.0,0.0,0,0,0,NONE,NONE,False,,,9
2488,3200.0,1200.0,0.0,0.085,0.0,0.0,0.0,0,0,0,NONE,NONE,False,,,7
2489,3250.0,1200.0,0.0,0.085,0.0,0.0,0.0,0,0,0,NONE,NONE,False,,,7
2490,3300.0,1200.0,0.0,0.085,0.0,0.0,0.0,0,0,0,NONE,NONE,False,,,9
2491,3350.0,1200.0,0.0,0.085,0.0,0.0,0.0,0,0,0,NONE,NONE,False,,,9
2492,3400.0,1200.0,0.0,0.085,0.0,0.0,0.0,0,0,0,NONE,NONE,False,,,10
2493,3450.0,1200.0,0.0,0.085,0.0,0.0,0.0,0,0,0,NONE,NONE,False,,,11
2494,3500.0,1200.0,0.0,0.085,0.0,0.0,0.0,0,0,0,NONE,NONE,False,,,18
2495,3550.0,1200.0,0.0,0.085,0.0,0.0,0.0,0,0,0,NONE,NONE,False,,,18
2496,3600.0,1200.0,0.0,0.085,0.0,0.0,0.0,0,0,1,DK06,DK,False,,,19
2497,3650.0,1200.0,0.0,0.085,0.0,0.0,0.0,0,0,0,NONE,NONE,False,,,18
2498,3700.0,1200.0,0.0,0.085,0.0,0.0,0.0,0,0,0,NONE,NONE,False,,,18
2499,3750.0,1200.0,0.0,0.085,0.0,0.0,0.0,0,0,0,NONE,NONE,False,,,6
2500,3800.0,1200.0,0.0,0.085,0.0,0.0,0.0,0,0,0,NONE,NONE,False,,,5
2501,3850.0,1200.0,0.0,0.085,0.0,0.0,0.0,0,0,0,NONE,NONE,False,,,5
2502,3900.0,1200.0,0.0,0.085,0.0,0.0,0.0,0,0,0,NONE,NONE,False,,,5
2503,3950.0,1200.0,0.0,0.085,0.0,0.0,0.0,0,0,0,NONE,NONE,False,,,4
2504,4000.0,1200.0,0.0,0.085,0.0,0.0,0.0,0,0,0,NONE,NONE,False,,,4
2505,4050.0,1200.0,0.0,0.085,0.0,0.0,0.0,0,0,0,NONE,NONE,False,,,5
2506,4100.0,1200.0,0.0,0.085,0.0,0.0,0.0,0,0,0,NONE,NONE,False,,,4
2507,4150.0,1200.0,0.0,0.085,0.0,0.0,0.0,0,0,0,NONE,NONE,False,,,4
2508,4200.0,1200.0,0.0,0.085,0.0,0.0,0.0,0,0,0,NONE,NONE,False,,,3
2509,4250.0,1200.0,0.0,0.085,0.0,0.0,0.0,0,0,0,NONE,NONE,False,,,3
2510,4300.0,1200.0,0.0,0.085,0.0,0.0,0.0,0,0,0,NONE,NONE,False,,,3
2511,4350.0,1200.0,0.0,0.085,0.0,0.0,0.0,0,0,0,NONE,NONE,False,,,3
2512,4400.0,1200.0,0.0,0.085,0.0,0.0,0.0,0,0,0,NONE,NONE,False,,,3
2513,4450.0,1200.0,0.0,0.085,0.0,0.0,0.0,0,0,0,NONE,NONE,False,,,2
2514,4500.0,1200.0,0.0,0.085,0.0,0.0,0.0,0,0,0,NONE,NONE,False,,,2
2515,4550.0,1200.0,0.0,0.085,0.0,0.0,0.0,0,0,0,NONE,NONE,False,,,4
2516,4600.0,1200.0,0.0,0.085,0.0,0.0,0.0,0,0,0,NONE,NONE,False,,,3
2517,4650.0,1200.0,0.0,0.085,0.0,0.0,0.0,0,0,0,NONE,NONE,False,,,3
2518,4700.0,1200.0,0.0,0.085,0.0,0.0,0.0,0,0,0,NONE,NONE,False,,,4
2519,4750.0,1200.0,0.0,0.085,0.0,0.0,0.0,0,0,0,NONE,NONE,False,,,3
2520,4800.0,1200.0,0.0,0.085,0.0,0.0,0.0,0,0,0,NONE,NONE,False,,,3
2521,4850.0,1200.0,0.0,0.085,0.0,0.0,0.0,0,0,0,NONE,NONE,False,,,3
2522,4900.0,1200.0,0.0,0.085,0.0,0.0,0.0,0,0,0,NONE,NONE,False,,,2
2523,4950.0,1200.0,0.0,0.085,0.0,0.0,0.0,0,0,0,NONE,NONE,False,,,1
2524,5000.0,1200.0,0.0,0.085,0.0,0.0,0.0,0,0,0,NONE,NONE,False,,,1
2525,0.0,1250.0,0.0,0.085,0.0,0.0,0.0,0,0,0,NONE,NONE,False,,,1
2526,50.0,1250.0,0.0,0.085,0.0,0.0,0.0,0,0,0,NONE,NONE,False,,,2
2527,100.0,1250.0,0.0,0.085,0.0,0.0,0.0,0,0,0,NONE,NONE,False,,,2
2528,150.0,1250.0,0.0,0.085,0.0,0.0,0.0,0,0,0,NONE,NONE,False,,,3
2529,200.0,1250.0,0.0,0.085,0.0,0.0,0.0,0,0,0,NONE,NONE,False,,,2
2530,250.0,1250.0,0.0,0.085,0.0,0.0,0.0,0,0,0,NONE,NONE,False,,,3
2531,300.0,1250.0,0.0,0.085,0.0,0.0,0.0,0,0,0,NONE,NONE,False,,,2
2532,350.0,1250.0,0.0,0.085,0.0,0.0,0.0,0,0,0,NONE,NONE,False,,,3
2533,400.0,1250.0,0.0,0.085,0.0,0.0,0.0,0,0,0,NONE,NONE,False,,,2
2534,450.0,1250.0,0.0,0.085,0.0,0.0,0.0,0,0,0,NONE,NONE,False,,,2
2535,500.0,1250.0,0.0,0.085,0.0,0.0,0.0,0,0,0,NONE,NONE,False,,,4
2536,550.0,1250.0,0.0,0.085,0.0,0.0,0.0,0,0,0,NONE,NONE,False,,,3
2537,600.0,1250.0,0.0,0.085,0.0,0.0,0.0,0,0,0,NONE,NONE,False,,,4
2538,650.0,1250.0,0.0,0.085,0.0,0.0,0.0,0,0,0,NONE,NONE,False,,,5
2539,700.0,1250.0,0.0,0.085,0.0,0.0,0.0,0,0,0,NONE,NONE,False,,,4
2540,750.0,1250.0,0.0,0.085,0.0,0.0,0.0,0,0,0,NONE,NONE,False,,,4
2541,800.0,1250.0,0.0,0.085,0.0,0.0,0.0,0,0,0,NONE,NONE,False,,,5
2542,850.0,1250.0,0.0,0.085,0.0,0.0,0.0,0,0,0,NONE,NONE,False,,,6
2543,900.0,1250.0,0.0,0.085,0.0,0.0,0.0,0,0,0,NONE,NONE,False,,,7
2544,950.0,1250.0,0.0,0.085,0.0,0.0,0.0,0,0,0,NONE,NONE,False,,,18
2545,1000.0,1250.0,0.0,0.085,0.0,0.0,0.0,0,0,0,NONE,NONE,False,,,18
2546,1050.0,1250.0,0.0,0.085,0.0,0.0,0.0,0,0,1,DK03,DK,False,,,17
2547,1100.0,1250.0,0.0,0.085,0.0,0.0,0.0,0,0,0,NONE,NONE,False,,,17
2548,1150.0,1250.0,0.0,0.085,0.0,0.0,0.0,0,0,0,NONE,NONE,False,,,17
2549,1200.0,1250.0,0.0,0.085,0.0,0.0,0.0,0,0,0,NONE,NONE,False,,,8
2550,1250.0,1250.0,0.0,0.085,0.0,0.0,0.0,0,0,0,NONE,NONE,False,,,7
2551,1300.0,1250.0,0.0,0.085,0.0,0.0,0.0,0,0,0,NONE,NONE,False,,,7
2552,1350.0,1250.0,0.0,0.085,0.0,0.0,0.0,0,0,0,NONE,NONE,False,,,7
2553,1400.0,1250.0,0.0,0.085,0.0,0.0,0.0,0,0,0,NONE,NONE,False,,,6
2554,1450.0,1250.0,0.0,0.085,0.0,0.0,0.0,0,0,0,NONE,NONE,False,,,7
2555,1500.0,1250.0,0.0,0.085,0.0,0.0,0.0,0,0,0,NONE,NONE,False,,,8
2556,1550.0,1250.0,0.0,0.085,0.0,0.0,0.0,0,0,0,NONE,NONE,False,,,8
2557,1600.0,1250.0,0.0,0.085,0.0,0.0,0.0,0,0,0,NONE,NONE,False,,,11
2558,1650.0,1250.0,0.0,0.085,0.0,0.0,0.0,0,0,0,NONE,NONE,False,,,13
2559,1700.0,1250.0,0.0,0.085,0.0,0.0,0.0,0,0,0,NONE,NONE,False,,,14
2560,1750.0,1250.0,0.0,0.085,0.0,0.0,0.0,0,0,0,NONE,NONE,False,,,15
2561,1800.0,1250.0,0.0,0.085,0.0,0.0,0.0,0,0,0,NONE,NONE,False,,,24
2562,1850.0,1250.0,0.0,0.085,0.0,0.0,0.0,0,0,0,NONE,NONE,False,,,18
2563,1900.0,1250.0,0.0,0.085,0.0,0.0,0.0,0,0,0,NONE,NONE,False,,,16
2564,1950.0,1250.0,0.0,0.085,0.0,0.0,0.0,0,0,0,NONE,NONE,False,,,16
2565,2000.0,1250.0,0.0,0.085,0.0,0.0,0.0,0,0,0,NONE,NONE,False,,,13
2566,2050.0,1250.0,0.0,0.085,0.0,0.0,0.0,0,0,0,NONE,NONE,False,,,12
2567,2100.0,1250.0,0.0,0.085,0.0,0.0,0.0,0,0,0,NONE,NONE,False,,,10
2568,2150.0,1250.0,0.0,0.085,0.0,0.0,0.0,0,0,0,NONE,NONE,False,,,11
2569,2200.0,1250.0,0.0,0.085,0.0,0.0,0.0,0,0,0,NONE,NONE,False,,,10
2570,2250.0,1250.0,0.0,0.085,0.0,0.0,0.0,0,0,0,NONE,NONE,False,,,10
2571,2300.0,1250.0,0.0,0.085,0.0,0.0,0.0,0,0,0,NONE,NONE,False,,,9
2572,2350.0,1250.0,0.0,0.085,0.0,0.0,0.0,0,0,0,NONE,NONE,False,,,8
2573,2400.0,1250.0,0.0,0.085,0.0,0.0,0.0,0,0,0,NONE,NONE,False,,,8
2574,2450.0,1250.0,0.0,0.085,0.0,0.0,0.0,0,0,0,NONE,NONE,False,,,7
2575,2500.0,1250.0,0.0,0.085,0.0,0.0,0.0,0,0,0,NONE,NONE,False,,,6
2576,2550.0,1250.0,0.0,0.085,0.0,0.0,0.0,0,0,0,NONE,NONE,False,,,6
2577,2600.0,1250.0,0.0,0.085,0.0,0.0,0.0,0,0,0,NONE,NONE,False,,,7
2578,2650.0,1250.0,0.0,0.085,0.0,0.0,0.0,0,0,0,NONE,NONE,False,,,5
2579,2700.0,1250.0,0.0,0.085,0.0,0.0,0.0,0,0,0,NONE,NONE,False,,,5
2580,2750.0,1250.0,0.0,0.085,0.0,0.0,0.0,0,0,0,NONE,NONE,False,,,4
2581,2800.0,1250.0,0.0,0.085,0.0,0.0,0.0,0,0,0,NONE,NONE,False,,,4
2582,2850.0,1250.0,0.0,10.0,1.0,0.0,1.0,1,0,0,NONE,NONE,False,,,0
2583,2900.0,1250.0,0.0,10.0,1.0,0.0,1.0,1,0,0,NONE,NONE,False,,,0
2584,2950.0,1250.0,0.0,0.085,0.0,0.0,0.0,0,0,0,NONE,NONE,False,,,6
2585,3000.0,1250.0,0.0,0.085,0.0,0.0,0.0,0,0,0,NONE,NONE,False,,,6
2586,3050.0,1250.0,0.0,0.085,0.0,0.0,0.0,0,0,0,NONE,NONE,False,,,7
2587,3100.0,1250.0,0.0,0.085,0.0,0.0,0.0,0,0,0,NONE,NONE,False,,,7
2588,3150.0,1250.0,0.0,0.085,0.0,0.0,0.0,0,0,0,NONE,NONE,False,,,8
2589,3200.0,1250.0,0.0,0.085,0.0,0.0,0.0,0,0,0,NONE,NONE,False,,,8
2590,3250.0,1250.0,0.0,0.085,0.0,0.0,0.0,0,0,0,NONE,NONE,False,,,6
2591,3300.0,1250.0,0.0,0.085,0.0,0.0,0.0,0,0,0,NONE,NONE,False,,,9
2592,3350.0,1250.0,0.0,0.085,0.0,0.0,0.0,0,0,0,NONE,NONE,False,,,11
2593,3400.0,1250.0,0.0,0.085,0.0,0.0,0.0,0,0,0,NONE,NONE,False,,,10
2594,3450.0,1250.0,0.0,0.085,0.0,0.0,0.0,0,0,0,NONE,NONE,False,,,9
2595,3500.0,1250.0,0.0,0.085,0.0,0.0,0.0,0,0,0,NONE,NONE,False,,,19
2596,3550.0,1250.0,0.0,0.085,0.0,0.0,0.0,0,0,0,NONE,NONE,False,,,18
2597,3600.0,1250.0,0.0,0.085,0.0,0.0,0.0,0,0,0,NONE,NONE,False,,,18
2598,3650.0,1250.0,0.0,0.085,0.0,0.0,0.0,0,0,0,NONE,NONE,False,,,19
2599,3700.0,1250.0,0.0,0.085,0.0,0.0,0.0,0,0,0,NONE,NONE,False,,,18
2600,3750.0,1250.0,0.0,0.085,0.0,0.0,0.0,0,0,0,NONE,NONE,False,,,4
2601,3800.0,1250.0,0.0,0.085,0.0,0.0,0.0,0,0,0,NONE,NONE,False,,,5
2602,3850.0,1250.0,0.0,0.085,0.0,0.0,0.0,0,0,0,NONE,NONE,False,,,5
2603,3900.0,1250.0,0.0,0.085,0.0,0.0,0.0,0,0,0,NONE,NONE,False,,,4
2604,3950.0,1250.0,0.0,0.085,0.0,0.0,0.0,0,0,0,NONE,NONE,False,,,5
2605,4000.0,1250.0,0.0,0.085,0.0,0.0,0.0,0,0,0,NONE,NONE,False,,,3
2606,4050.0,1250.0,0.0,0.085,0.0,0.0,0.0,0,0,0,NONE,NONE,False,,,3
2607,4100.0,1250.0,0.0,0.085,0.0,0.0,0.0,0,0,0,NONE,NONE,False,,,4
2608,4150.0,1250.0,0.0,0.085,0.0,0.0,0.0,0,0,0,NONE,NONE,False,,,4
2609,4200.0,1250.0,0.0,0.085,0.0,0.0,0.0,0,0,0,NONE,NONE,False,,,3
2610,4250.0,1250.0,0.0,0.085,0.0,0.0,0.0,0,0,0,NONE,NONE,False,,,3
2611,4300.0,1250.0,0.0,0.085,0.0,0.0,0.0,0,0,0,NONE,NONE,False,,,3
2612,4350.0,1250.0,0.0,0.085,0.0,0.0,0.0,0,0,0,NONE,NONE,False,,,3
2613,4400.0,1250.0,0.0,0.085,0.0,0.0,0.0,0,0,0,NONE,NONE,False,,,3
2614,4450.0,1250.0,0.0,0.085,0.0,0.0,0.0,0,0,0,NONE,NONE,False,,,3
2615,4500.0,1250.0,0.0,0.085,0.0,0.0,0.0,0,0,0,NONE,NONE,False,,,2
2616,4550.0,1250.0,0.0,0.085,0.0,0.0,0.0,0,0,0,NONE,NONE,False,,,3
2617,4600.0,1250.0,0.0,0.085,0.0,0.0,0.0,0,0,0,NONE,NONE,False,,,4
2618,4650.0,1250.0,0.0,0.085,0.0,0.0,0.0,0,0,0,NONE,NONE,False,,,3
2619,4700.0,1250.0,0.0,0.085,0.0,0.0,0.0,0,0,0,NONE,NONE,False,,,4
2620,4750.0,1250.0,0.0,0.085,0.0,0.0,0.0,0,0,0,NONE,NONE,False,,,4
2621,4800.0,1250.0,0.0,0.085,0.0,0.0,0.0,0,0,0,NONE,NONE,False,,,3
2622,4850.0,1250.0,0.0,0.085,0.0,0.0,0.0,0,0,0,NONE,NONE,False,,,3
2623,4900.0,1250.0,0.0,0.085,0.0,0.0,0.0,0,0,0,NONE,NONE,False,,,2
2624,4950.0,1250.0,0.0,0.085,0.0,0.0,0.0,0,0,0,NONE,NONE,False,,,1
2625,5000.0,1250.0,0.0,0.085,0.0,0.0,0.0,0,0,0,NONE,NONE,False,,,1
2626,0.0,1300.0,0.0,0.085,0.0,0.0,0.0,0,0,0,NONE,NONE,False,,,1
2627,50.0,1300.0,0.0,0.085,0.0,0.0,0.0,0,0,0,NONE,NONE,False,,,2
2628,100.0,1300.0,0.0,0.085,0.0,0.0,0.0,0,0,0,NONE,NONE,False,,,2
2629,150.0,1300.0,0.0,0.085,0.0,0.0,0.0,0,0,0,NONE,NONE,False,,,3
2630,200.0,1300.0,0.0,0.085,0.0,0.0,0.0,0,0,0,NONE,NONE,False,,,3
2631,250.0,1300.0,0.0,0.085,0.0,0.0,0.0,0,0,0,NONE,NONE,False,,,3
2632,300.0,1300.0,0.0,0.085,0.0,0.0,0.0,0,0,0,NONE,NONE,False,,,2
2633,350.0,1300.0,0.0,0.085,0.0,0.0,0.0,0,0,0,NONE,NONE,False,,,3
2634,400.0,1300.0,0.0,0.085,0.0,0.0,0.0,0,0,0,NONE,NONE,False,,,2
2635,450.0,1300.0,0.0,0.085,0.0,0.0,0.0,0,0,0,NONE,NONE,False,,,3
2636,500.0,1300.0,0.0,0.085,0.0,0.0,0.0,0,0,0,NONE,NONE,False,,,3
2637,550.0,1300.0,0.0,0.085,0.0,0.0,0.0,0,0,0,NONE,NONE,False,,,3
2638,600.0,1300.0,0.0,0.085,0.0,0.0,0.0,0,0,0,NONE,NONE,False,,,5
2639,650.0,1300.0,0.0,0.085,0.0,0.0,0.0,0,0,0,NONE,NONE,False,,,4
2640,700.0,1300.0,0.0,0.085,0.0,0.0,0.0,0,0,0,NONE,NONE,False,,,4
2641,750.0,1300.0,0.0,0.085,0.0,0.0,0.0,0,0,0,NONE,NONE,False,,,5
2642,800.0,1300.0,0.0,0.085,0.0,0.0,0.0,0,0,0,NONE,NONE,False,,,5
2643,850.0,1300.0,0.0,0.085,0.0,0.0,0.0,0,0,0,NONE,NONE,False,,,6
2644,900.0,1300.0,0.0,0.085,0.0,0.0,0.0,0,0,0,NONE,NONE,False,,,7
2645,950.0,1300.0,0.0,0.085,0.0,0.0,0.0,0,0,0,NONE,NONE,False,,,18
2646,1000.0,1300.0,0.0,0.085,0.0,0.0,0.0,0,0,0,NONE,NONE,False,,,18
2647,1050.0,1300.0,0.0,0.085,0.0,0.0,0.0,0,0,0,NONE,NONE,False,,,18
2648,1100.0,1300.0,0.0,0.085,0.0,0.0,0.0,0,0,0,NONE,NONE,False,,,19
2649,1150.0,1300.0,0.0,0.085,0.0,0.0,0.0,0,0,0,NONE,NONE,False,,,19
2650,1200.0,1300.0,0.0,0.085,0.0,0.0,0.0,0,0,0,NONE,NONE,False,,,8
2651,1250.0,1300.0,0.0,0.085,0.0,0.0,0.0,0,0,0,NONE,NONE,False,,,7
2652,1300.0,1300.0,0.0,0.085,0.0,0.0,0.0,0,0,0,NONE,NONE,False,,,7
2653,1350.0,1300.0,0.0,0.085,0.0,0.0,0.0,0,0,0,NONE,NONE,False,,,7
2654,1400.0,1300.0,0.0,0.085,0.0,0.0,0.0,0,0,0,NONE,NONE,False,,,7
2655,1450.0,1300.0,0.0,0.085,0.0,0.0,0.0,0,0,0,NONE,NONE,False,,,6
2656,1500.0,1300.0,0.0,0.085,0.0,0.0,0.0,0,0,0,NONE,NONE,False,,,7
2657,1550.0,1300.0,0.0,0.085,0.0,0.0,0.0,0,0,0,NONE,NONE,False,,,8
2658,1600.0,1300.0,0.0,0.085,0.0,0.0,0.0,0,0,0,NONE,NONE,False,,,11
2659,1650.0,1300.0,0.0,0.085,0.0,0.0,0.0,0,0,0,NONE,NONE,False,,,13
2660,1700.0,1300.0,0.0,0.085,0.0,0.0,0.0,0,0,0,NONE,NONE,False,,,13
2661,1750.0,1300.0,0.0,0.085,0.0,0.0,0.0,0,0,0,NONE,NONE,False,,,11
2662,1800.0,1300.0,0.0,0.085,0.0,0.0,0.0,0,0,0,NONE,NONE,False,,,9
2663,1850.0,1300.0,0.0,0.085,0.0,0.0,0.0,0,0,0,NONE,NONE,False,,,14
2664,1900.0,1300.0,0.0,0.085,0.0,0.0,0.0,0,0,0,NONE,NONE,False,,,13
2665,1950.0,1300.0,0.0,0.085,0.0,0.0,0.0,0,0,0,NONE,NONE,False,,,12
2666,2000.0,1300.0,0.0,0.085,0.0,0.0,0.0,0,0,0,NONE,NONE,False,,,10
2667,2050.0,1300.0,0.0,0.085,0.0,0.0,0.0,0,0,0,NONE,NONE,False,,,10
2668,2100.0,1300.0,0.0,0.085,0.0,0.0,0.0,0,0,0,NONE,NONE,False,,,10
2669,2150.0,1300.0,0.0,0.085,0.0,0.0,0.0,0,0,0,NONE,NONE,False,,,11
2670,2200.0,1300.0,0.0,0.085,0.0,0.0,0.0,0,0,0,NONE,NONE,False,,,11
2671,2250.0,1300.0,0.0,0.085,0.0,0.0,0.0,0,0,0,NONE,NONE,False,,,11
2672,2300.0,1300.0,0.0,0.085,0.0,0.0,0.0,0,0,0,NONE,NONE,False,,,10
2673,2350.0,1300.0,0.0,0.085,0.0,0.0,0.0,0,0,0,NONE,NONE,False,,,9
2674,2400.0,1300.0,0.0,0.085,0.0,0.0,0.0,0,0,0,NONE,NONE,False,,,8
2675,2450.0,1300.0,0.0,0.085,0.0,0.0,0.0,0,0,0,NONE,NONE,False,,,8
2676,2500.0,1300.0,0.0,0.085,0.0,0.0,0.0,0,0,0,NONE,NONE,False,,,9
2677,2550.0,1300.0,0.0,0.085,0.0,0.0,0.0,0,0,0,NONE,NONE,False,,,8
2678,2600.0,1300.0,0.0,0.085,0.0,0.0,0.0,0,0,0,NONE,NONE,False,,,6
2679,2650.0,1300.0,0.0,0.085,0.0,0.0,0.0,0,0,0,NONE,NONE,False,,,5
2680,2700.0,1300.0,0.0,0.085,0.0,0.0,0.0,0,0,0,NONE,NONE,False,,,5
2681,2750.0,1300.0,0.0,0.085,0.0,0.0,0.0,0,0,0,NONE,NONE,False,,,3
2682,2800.0,1300.0,0.0,10.0,1.0,0.0,1.0,1,0,0,NONE,NONE,False,,,0
2683,2850.0,1300.0,0.0,10.0,1.0,0.0,1.0,1,0,0,NONE,NONE,False,,,0
2684,2900.0,1300.0,0.0,10.0,1.0,0.0,1.0,1,0,0,NONE,NONE,False,,,0
2685,2950.0,1300.0,0.0,10.0,1.0,0.0,1.0,1,0,0,NONE,NONE,False,,,0
2686,3000.0,1300.0,0.0,0.085,0.0,0.0,0.0,0,0,0,NONE,NONE,False,,,5
2687,3050.0,1300.0,0.0,0.085,0.0,0.0,0.0,0,0,0,NONE,NONE,False,,,5
2688,3100.0,1300.0,0.0,0.085,0.0,0.0,0.0,0,0,0,NONE,NONE,False,,,7
2689,3150.0,1300.0,0.0,0.085,0.0,0.0,0.0,0,0,0,NONE,NONE,False,,,8
2690,3200.0,1300.0,0.0,0.085,0.0,0.0,0.0,0,0,0,NONE,NONE,False,,,8
2691,3250.0,1300.0,0.0,0.085,0.0,0.0,0.0,0,0,0,NONE,NONE,False,,,9
2692,3300.0,1300.0,0.0,0.085,0.0,0.0,0.0,0,0,0,NONE,NONE,False,,,8
2693,3350.0,1300.0,0.0,0.085,0.0,0.0,0.0,0,0,0,NONE,NONE,False,,,7
2694,3400.0,1300.0,0.0,0.085,0.0,0.0,0.0,0,0,0,NONE,NONE,False,,,8
2695,3450.0,1300.0,0.0,0.085,0.0,0.0,0.0,0,0,0,NONE,NONE,False,,,10
2696,3500.0,1300.0,0.0,0.085,0.0,0.0,0.0,0,0,0,NONE,NONE,False,,,12
2697,3550.0,1300.0,0.0,0.085,0.0,0.0,0.0,0,0,0,NONE,NONE,False,,,19
2698,3600.0,1300.0,0.0,0.085,0.0,0.0,0.0,0,0,0,NONE,NONE,False,,,18
2699,3650.0,1300.0,0.0,0.085,0.0,0.0,0.0,0,0,0,NONE,NONE,False,,,18
2700,3700.0,1300.0,0.0,0.085,0.0,0.0,0.0,0,0,0,NONE,NONE,False,,,7
2701,3750.0,1300.0,0.0,0.085,0.0,0.0,0.0,0,0,0,NONE,NONE,False,,,4
2702,3800.0,1300.0,0.0,0.085,0.0,0.0,0.0,0,0,0,NONE,NONE,False,,,4
2703,3850.0,1300.0,0.0,0.085,0.0,0.0,0.0,0,0,0,NONE,NONE,False,,,4
2704,3900.0,1300.0,0.0,0.085,0.0,0.0,0.0,0,0,0,NONE,NONE,False,,,3
2705,3950.0,1300.0,0.0,0.085,0.0,0.0,0.0,0,0,0,NONE,NONE,False,,,4
2706,4000.0,1300.0,0.0,0.085,0.0,0.0,0.0,0,0,0,NONE,NONE,False,,,4
2707,4050.0,1300.0,0.0,0.085,0.0,0.0,0.0,0,0,0,NONE,NONE,False,,,3
2708,4100.0,1300.0,0.0,0.085,0.0,0.0,0.0,0,0,0,NONE,NONE,False,,,3
2709,4150.0,1300.0,0.0,0.085,0.0,0.0,0.0,0,0,0,NONE,NONE,False,,,4
2710,4200.0,1300.0,0.0,0.085,0.0,0.0,0.0,0,0,0,NONE,NONE,False,,,3
2711,4250.0,1300.0,0.0,0.085,0.0,0.0,0.0,0,0,0,NONE,NONE,False,,,3
2712,4300.0,1300.0,0.0,0.085,0.0,0.0,0.0,0,0,0,NONE,NONE,False,,,3
2713,4350.0,1300.0,0.0,0.085,0.0,0.0,0.0,0,0,0,NONE,NONE,False,,,3
2714,4400.0,1300.0,0.0,0.085,0.0,0.0,0.0,0,0,0,NONE,NONE,False,,,3
2715,4450.0,1300.0,0.0,0.085,0.0,0.0,0.0,0,0,0,NONE,NONE,False,,,3
2716,4500.0,1300.0,0.0,0.085,0.0,0.0,0.0,0,0,0,NONE,NONE,False,,,3
2717,4550.0,1300.0,0.0,0.085,0.0,0.0,0.0,0,0,0,NONE,NONE,False,,,2
2718,4600.0,1300.0,0.0,0.085,0.0,0.0,0.0,0,0,0,NONE,NONE,False,,,3
2719,4650.0,1300.0,0.0,0.085,0.0,0.0,0.0,0,0,0,NONE,NONE,False,,,4
2720,4700.0,1300.0,0.0,0.085,0.0,0.0,0.0,0,0,0,NONE,NONE,False,,,4
2721,4750.0,1300.0,0.0,0.085,0.0,0.0,0.0,0,0,0,NONE,NONE,False,,,4
2722,4800.0,1300.0,0.0,0.085,0.0,0.0,0.0,0,0,0,NONE,NONE,False,,,5
2723,4850.0,1300.0,0.0,0.085,0.0,0.0,0.0,0,0,0,NONE,NONE,False,,,4
2724,4900.0,1300.0,0.0,0.085,0.0,0.0,0.0,0,0,0,NONE,NONE,False,,,3
2725,4950.0,1300.0,0.0,0.085,0.0,0.0,0.0,0,0,0,NONE,NONE,False,,,2
2726,5000.0,1300.0,0.0,0.085,0.0,0.0,0.0,0,0,0,NONE,NONE,False,,,1
2727,0.0,1350.0,0.0,0.085,0.0,0.0,0.0,0,0,0,NONE,NONE,False,,,1
2728,50.0,1350.0,0.0,0.085,0.0,0.0,0.0,0,0,0,NONE,NONE,False,,,2
2729,100.0,1350.0,0.0,0.085,0.0,0.0,0.0,0,0,0,NONE,NONE,False,,,2
2730,150.0,1350.0,0.0,0.085,0.0,0.0,0.0,0,0,0,NONE,NONE,False,,,3
2731,200.0,1350.0,0.0,0.085,0.0,0.0,0.0,0,0,0,NONE,NONE,False,,,3
2732,250.0,1350.0,0.0,0.085,0.0,0.0,0.0,0,0,0,NONE,NONE,False,,,3
2733,300.0,1350.0,0.0,0.085,0.0,0.0,0.0,0,0,0,NONE,NONE,False,,,3
2734,350.0,1350.0,0.0,0.085,0.0,0.0,0.0,0,0,0,NONE,NONE,False,,,3
2735,400.0,1350.0,0.0,0.085,0.0,0.0,0.0,0,0,0,NONE,NONE,False,,,2
2736,450.0,1350.0,0.0,0.085,0.0,0.0,0.0,0,0,0,NONE,NONE,False,,,3
2737,500.0,1350.0,0.0,0.085,0.0,0.0,0.0,0,0,0,NONE,NONE,False,,,3
2738,550.0,1350.0,0.0,0.085,0.0,0.0,0.0,0,0,0,NONE,NONE,False,,,4
2739,600.0,1350.0,0.0,0.085,0.0,0.0,0.0,0,0,0,NONE,NONE,False,,,4
2740,650.0,1350.0,0.0,0.085,0.0,0.0,0.0,0,0,0,NONE,NONE,False,,,4
2741,700.0,1350.0,0.0,0.085,0.0,0.0,0.0,0,0,0,NONE,NONE,False,,,5
2742,750.0,1350.0,0.0,0.085,0.0,0.0,0.0,0,0,0,NONE,NONE,False,,,4
2743,800.0,1350.0,0.0,0.085,0.0,0.0,0.0,0,0,0,NONE,NONE,False,,,6
2744,850.0,1350.0,0.0,0.085,0.0,0.0,0.0,0,0,0,NONE,NONE,False,,,8
2745,900.0,1350.0,0.0,0.085,0.0,0.0,0.0,0,0,0,NONE,NONE,False,,,6
2746,950.0,1350.0,0.0,0.085,0.0,0.0,0.0,0,0,0,NONE,NONE,False,,,9
2747,1000.0,1350.0,0.0,0.085,0.0,0.0,0.0,0,0,0,NONE,NONE,False,,,19
2748,1050.0,1350.0,0.0,0.085,0.0,0.0,0.0,0,0,0,NONE,NONE,False,,,19
2749,1100.0,1350.0,0.0,0.085,0.0,0.0,0.0,0,0,0,NONE,NONE,False,,,19
2750,1150.0,1350.0,0.0,0.085,0.0,0.0,0.0,0,0,0,NONE,NONE,False,,,10
2751,1200.0,1350.0,0.0,0.085,0.0,0.0,0.0,0,0,0,NONE,NONE,False,,,9
2752,1250.0,1350.0,0.0,0.085,0.0,0.0,0.0,0,0,0,NONE,NONE,False,,,7
2753,1300.0,1350.0,0.0,0.085,0.0,0.0,0.0,0,0,0,NONE,NONE,False,,,7
2754,1350.0,1350.0,0.0,0.085,0.0,0.0,0.0,0,0,0,NONE,NONE,False,,,7
2755,1400.0,1350.0,0.0,0.085,0.0,0.0,0.0,0,0,0,NONE,NONE,False,,,6
2756,1450.0,1350.0,0.0,0.085,0.0,0.0,0.0,0,0,0,NONE,NONE,False,,,8
2757,1500.0,1350.0,0.0,0.085,0.0,0.0,0.0,0,0,0,NONE,NONE,False,,,8
2758,1550.0,1350.0,0.0,0.085,0.0,0.0,0.0,0,0,0,NONE,NONE,False,,,9
2759,1600.0,1350.0,0.0,0.085,0.0,0.0,0.0,0,0,0,NONE,NONE,False,,,10
2760,1650.0,1350.0,0.0,0.085,0.0,0.0,0.0,0,0,0,NONE,NONE,False,,,9
2761,1700.0,1350.0,0.0,0.085,0.0,0.0,0.0,0,0,0,NONE,NONE,False,,,9
2762,1750.0,1350.0,0.0,0.085,0.0,0.0,0.0,0,0,0,NONE,NONE,False,,,9
2763,1800.0,1350.0,0.0,0.085,0.0,0.0,0.0,0,0,0,NONE,NONE,False,,,9
2764,1850.0,1350.0,0.0,0.085,0.0,0.0,0.0,0,0,0,NONE,NONE,False,,,9
2765,1900.0,1350.0,0.0,0.085,0.0,0.0,0.0,0,0,0,NONE,NONE,False,,,11
2766,1950.0,1350.0,0.0,0.085,0.0,0.0,0.0,0,0,0,NONE,NONE,False,,,12
2767,2000.0,1350.0,0.0,0.085,0.0,0.0,0.0,0,0,0,NONE,NONE,False,,,11
2768,2050.0,1350.0,0.0,0.085,0.0,0.0,0.0,0,0,0,NONE,NONE,False,,,9
2769,2100.0,1350.0,0.0,0.085,0.0,0.0,0.0,0,0,0,NONE,NONE,False,,,11
2770,2150.0,1350.0,0.0,0.085,0.0,0.0,0.0,0,0,0,NONE,NONE,False,,,10
2771,2200.0,1350.0,0.0,0.085,0.0,0.0,0.0,0,0,0,NONE,NONE,False,,,10
2772,2250.0,1350.0,0.0,0.085,0.0,0.0,0.0,0,0,0,NONE,NONE,False,,,10
2773,2300.0,1350.0,0.0,0.085,0.0,0.0,0.0,0,0,0,NONE,NONE,False,,,9
2774,2350.0,1350.0,0.0,0.085,0.0,0.0,0.0,0,0,0,NONE,NONE,False,,,8
2775,2400.0,1350.0,0.0,0.085,0.0,0.0,0.0,0,0,0,NONE,NONE,False,,,8
2776,2450.0,1350.0,0.0,0.085,0.0,0.0,0.0,0,0,0,NONE,NONE,False,,,8
2777,2500.0,1350.0,0.0,0.085,0.0,0.0,0.0,0,0,0,NONE,NONE,False,,,8
2778,2550.0,1350.0,0.0,0.085,0.0,0.0,0.0,0,0,0,NONE,NONE,False,,,8
2779,2600.0,1350.0,0.0,0.085,0.0,0.0,0.0,0,0,0,NONE,NONE,False,,,7
2780,2650.0,1350.0,0.0,0.085,0.0,0.0,0.0,0,0,0,NONE,NONE,False,,,5
2781,2700.0,1350.0,0.0,0.085,0.0,0.0,0.0,0,0,0,NONE,NONE,False,,,4
2782,2750.0,1350.0,0.0,0.085,0.0,0.0,0.0,0,0,0,NONE,NONE,False,,,3
2783,2800.0,1350.0,0.0,10.0,1.0,0.0,1.0,1,0,0,NONE,NONE,False,,,0
2784,2850.0,1350.0,0.0,10.0,1.0,0.0,1.0,1,0,0,NONE,NONE,False,,,0
2785,2900.0,1350.0,0.0,10.0,1.0,0.0,1.0,1,0,0,NONE,NONE,False,,,0
2786,2950.0,1350.0,0.0,10.0,1.0,0.0,1.0,1,0,0,NONE,NONE,False,,,0
2787,3000.0,1350.0,0.0,0.085,0.0,0.0,0.0,0,0,0,NONE,NONE,False,,,3
2788,3050.0,1350.0,0.0,0.085,0.0,0.0,0.0,0,0,0,NONE,NONE,False,,,6
2789,3100.0,1350.0,0.0,0.085,0.0,0.0,0.0,0,0,0,NONE,NONE,False,,,7
2790,3150.0,1350.0,0.0,0.085,0.0,0.0,0.0,0,0,0,NONE,NONE,False,,,8
2791,3200.0,1350.0,0.0,0.085,0.0,0.0,0.0,0,0,0,NONE,NONE,False,,,7
2792,3250.0,1350.0,0.0,0.085,0.0,0.0,0.0,0,0,0,NONE,NONE,False,,,8
2793,3300.0,1350.0,0.0,0.085,0.0,0.0,0.0,0,0,0,NONE,NONE,False,,,9
2794,3350.0,1350.0,0.0,0.085,0.0,0.0,0.0,0,0,0,NONE,NONE,False,,,8
2795,3400.0,1350.0,0.0,0.085,0.0,0.0,0.0,0,0,0,NONE,NONE,False,,,8
2796,3450.0,1350.0,0.0,0.085,0.0,0.0,0.0,0,0,0,NONE,NONE,False,,,8
2797,3500.0,1350.0,0.0,0.085,0.0,0.0,0.0,0,0,0,NONE,NONE,False,,,8
2798,3550.0,1350.0,0.0,0.085,0.0,0.0,0.0,0,0,0,NONE,NONE,False,,,7
2799,3600.0,1350.0,0.0,0.085,0.0,0.0,0.0,0,0,0,NONE,NONE,False,,,7
2800,3650.0,1350.0,0.0,0.085,0.0,0.0,0.0,0,0,0,NONE,NONE,False,,,4
2801,3700.0,1350.0,0.0,0.085,0.0,0.0,0.0,0,0,0,NONE,NONE,False,,,6
2802,3750.0,1350.0,0.0,0.085,0.0,0.0,0.0,0,0,0,NONE,NONE,False,,,5
2803,3800.0,1350.0,0.0,0.085,0.0,0.0,0.0,0,0,0,NONE,NONE,False,,,4
2804,3850.0,1350.0,0.0,0.085,0.0,0.0,0.0,0,0,0,NONE,NONE,False,,,3
2805,3900.0,1350.0,0.0,0.085,0.0,0.0,0.0,0,0,0,NONE,NONE,False,,,4
2806,3950.0,1350.0,0.0,0.085,0.0,0.0,0.0,0,0,0,NONE,NONE,False,,,4
2807,4000.0,1350.0,0.0,0.085,0.0,0.0,0.0,0,0,0,NONE,NONE,False,,,4
2808,4050.0,1350.0,0.0,0.085,0.0,0.0,0.0,0,0,0,NONE,NONE,False,,,4
2809,4100.0,1350.0,0.0,0.085,0.0,0.0,0.0,0,0,0,NONE,NONE,False,,,3
2810,4150.0,1350.0,0.0,0.085,0.0,0.0,0.0,0,0,0,NONE,NONE,False,,,3
2811,4200.0,1350.0,0.0,0.085,0.0,0.0,0.0,0,0,0,NONE,NONE,False,,,3
2812,4250.0,1350.0,0.0,0.085,0.0,0.0,0.0,0,0,0,NONE,NONE,False,,,3
2813,4300.0,1350.0,0.0,0.085,0.0,0.0,0.0,0,0,0,NONE,NONE,False,,,3
2814,4350.0,1350.0,0.0,0.085,0.0,0.0,0.0,0,0,0,NONE,NONE,False,,,3
2815,4400.0,1350.0,0.0,0.085,0.0,0.0,0.0,0,0,0,NONE,NONE,False,,,3
2816,4450.0,1350.0,0.0,0.085,0.0,0.0,0.0,0,0,0,NONE,NONE,False,,,3
2817,4500.0,1350.0,0.0,0.085,0.0,0.0,0.0,0,0,0,NONE,NONE,False,,,3
2818,4550.0,1350.0,0.0,0.085,0.0,0.0,0.0,0,0,0,NONE,NONE,False,,,3
2819,4600.0,1350.0,0.0,0.085,0.0,0.0,0.0,0,0,0,NONE,NONE,False,,,3
2820,4650.0,1350.0,0.0,0.085,0.0,0.0,0.0,0,0,0,NONE,NONE,False,,,4
2821,4700.0,1350.0,0.0,0.085,0.0,0.0,0.0,0,0,0,NONE,NONE,False,,,5
2822,4750.0,1350.0,0.0,0.085,0.0,0.0,0.0,0,0,0,NONE,NONE,False,,,4
2823,4800.0,1350.0,0.0,0.085,0.0,0.0,0.0,0,0,0,NONE,NONE,False,,,5
2824,4850.0,1350.0,0.0,0.085,0.0,0.0,0.0,0,0,0,NONE,NONE,False,,,5
2825,4900.0,1350.0,0.0,0.085,0.0,0.0,0.0,0,0,0,NONE,NONE,False,,,4
2826,4950.0,1350.0,0.0,0.085,0.0,0.0,0.0,0,0,0,NONE,NONE,False,,,3
2827,5000.0,1350.0,0.0,0.085,0.0,0.0,0.0,0,0,0,NONE,NONE,False,,,2
2828,0.0,1400.0,0.0,0.085,0.0,0.0,0.0,0,0,0,NONE,NONE,False,,,1
2829,50.0,1400.0,0.0,0.085,0.0,0.0,0.0,0,0,0,NONE,NONE,False,,,2
2830,100.0,1400.0,0.0,0.085,0.0,0.0,0.0,0,0,0,NONE,NONE,False,,,3
2831,150.0,1400.0,0.0,0.085,0.0,0.0,0.0,0,0,0,NONE,NONE,True,minor,TN38,4
2832,200.0,1400.0,0.0,0.085,0.0,0.0,0.0,0,0,0,NONE,NONE,False,,,3
2833,250.0,1400.0,0.0,0.085,0.0,0.0,0.0,0,0,0,NONE,NONE,False,,,3
2834,300.0,1400.0,0.0,0.085,0.0,0.0,0.0,0,0,0,NONE,NONE,False,,,3
2835,350.0,1400.0,0.0,0.085,0.0,0.0,0.0,0,0,0,NONE,NONE,False,,,3
2836,400.0,1400.0,0.0,0.085,0.0,0.0,0.0,0,0,0,NONE,NONE,False,,,3
2837,450.0,1400.0,0.0,0.085,0.0,0.0,0.0,0,0,0,NONE,NONE,False,,,3
2838,500.0,1400.0,0.0,0.085,0.0,0.0,0.0,0,0,0,NONE,NONE,False,,,3
2839,550.0,1400.0,0.0,0.085,0.0,0.0,0.0,0,0,0,NONE,NONE,False,,,4
2840,600.0,1400.0,0.0,0.085,0.0,0.0,0.0,0,0,0,NONE,NONE,False,,,3
2841,650.0,1400.0,0.0,0.085,0.0,0.0,0.0,0,0,0,NONE,NONE,False,,,5
2842,700.0,1400.0,0.0,0.085,0.0,0.0,0.0,0,0,0,NONE,NONE,False,,,5
2843,750.0,1400.0,0.0,0.085,0.0,0.0,0.0,0,0,0,NONE,NONE,False,,,5
2844,800.0,1400.0,0.0,0.085,0.0,0.0,0.0,0,0,0,NONE,NONE,False,,,7
2845,850.0,1400.0,0.0,0.085,0.0,0.0,0.0,0,0,0,NONE,NONE,False,,,6
2846,900.0,1400.0,0.0,0.085,0.0,0.0,0.0,0,0,0,NONE,NONE,False,,,5
2847,950.0,1400.0,0.0,0.085,0.0,0.0,0.0,0,0,0,NONE,NONE,False,,,6
2848,1000.0,1400.0,0.0,0.085,0.0,0.0,0.0,0,0,0,NONE,NONE,False,,,6
2849,1050.0,1400.0,0.0,0.085,0.0,0.0,0.0,0,0,0,NONE,NONE,False,,,6
2850,1100.0,1400.0,0.0,0.085,0.0,0.0,0.0,0,0,0,NONE,NONE,False,,,7
2851,1150.0,1400.0,0.0,0.085,0.0,0.0,0.0,0,0,0,NONE,NONE,False,,,6
2852,1200.0,1400.0,0.0,0.085,0.0,0.0,0.0,0,0,0,NONE,NONE,False,,,7
2853,1250.0,1400.0,0.0,0.085,0.0,0.0,0.0,0,0,0,NONE,NONE,False,,,7
2854,1300.0,1400.0,0.0,0.085,0.0,0.0,0.0,0,0,0,NONE,NONE,False,,,7
2855,1350.0,1400.0,0.0,0.085,0.0,0.0,0.0,0,0,0,NONE,NONE,False,,,7
2856,1400.0,1400.0,0.0,0.085,0.0,0.0,0.0,0,0,0,NONE,NONE,False,,,7
2857,1450.0,1400.0,0.0,0.085,0.0,0.0,0.0,0,0,0,NONE,NONE,False,,,7
2858,1500.0,1400.0,0.0,0.085,0.0,0.0,0.0,0,0,0,NONE,NONE,False,,,8
2859,1550.0,1400.0,0.0,0.085,0.0,0.0,0.0,0,0,0,NONE,NONE,False,,,7
2860,1600.0,1400.0,0.0,0.085,0.0,0.0,0.0,0,0,0,NONE,NONE,False,,,7
2861,1650.0,1400.0,0.0,0.085,0.0,0.0,0.0,0,0,0,NONE,NONE,False,,,7
2862,1700.0,1400.0,0.0,0.085,0.0,0.0,0.0,0,0,0,NONE,NONE,False,,,7
2863,1750.0,1400.0,0.0,0.085,0.0,0.0,0.0,0,0,0,NONE,NONE,False,,,9
2864,1800.0,1400.0,0.0,0.085,0.0,0.0,0.0,0,0,0,NONE,NONE,False,,,9
2865,1850.0,1400.0,0.0,0.085,0.0,0.0,0.0,0,0,0,NONE,NONE,False,,,7
2866,1900.0,1400.0,0.0,0.085,0.0,0.0,0.0,0,0,0,NONE,NONE,False,,,7
2867,1950.0,1400.0,0.0,0.085,0.0,0.0,0.0,0,0,0,NONE,NONE,False,,,9
2868,2000.0,1400.0,0.0,0.085,0.0,0.0,0.0,0,0,0,NONE,NONE,False,,,8
2869,2050.0,1400.0,0.0,0.085,0.0,0.0,0.0,0,0,0,NONE,NONE,False,,,8
2870,2100.0,1400.0,0.0,0.085,0.0,0.0,0.0,0,0,0,NONE,NONE,False,,,9
2871,2150.0,1400.0,0.0,0.085,0.0,0.0,0.0,0,0,0,NONE,NONE,False,,,10
2872,2200.0,1400.0,0.0,0.085,0.0,0.0,0.0,0,0,0,NONE,NONE,False,,,9
2873,2250.0,1400.0,0.0,0.085,0.0,0.0,0.0,0,0,0,NONE,NONE,False,,,9
2874,2300.0,1400.0,0.0,0.085,0.0,0.0,0.0,0,0,0,NONE,NONE,False,,,9
2875,2350.0,1400.0,0.0,0.085,0.0,0.0,0.0,0,0,0,NONE,NONE,False,,,9
2876,2400.0,1400.0,0.0,0.085,0.0,0.0,0.0,0,0,0,NONE,NONE,False,,,9
2877,2450.0,1400.0,0.0,0.085,0.0,0.0,0.0,0,0,0,NONE,NONE,False,,,9
2878,2500.0,1400.0,0.0,0.085,0.0,0.0,0.0,0,0,0,NONE,NONE,False,,,9
2879,2550.0,1400.0,0.0,0.085,0.0,0.0,0.0,0,0,0,NONE,NONE,False,,,8
2880,2600.0,1400.0,0.0,0.085,0.0,0.0,0.0,0,0,0,NONE,NONE,False,,,8
2881,2650.0,1400.0,0.0,0.085,0.0,0.0,0.0,0,0,0,NONE,NONE,False,,,7
2882,2700.0,1400.0,0.0,0.085,0.0,0.0,0.0,0,0,0,NONE,NONE,False,,,5
2883,2750.0,1400.0,0.0,0.085,0.0,0.0,0.0,0,0,0,NONE,NONE,False,,,3
2884,2800.0,1400.0,0.0,10.0,1.0,0.0,1.0,1,0,0,NONE,NONE,False,,,0
2885,2850.0,1400.0,0.0,10.0,1.0,0.0,1.0,1,0,0,NONE,NONE,False,,,0
2886,2900.0,1400.0,0.0,10.0,1.0,0.0,1.0,1,0,0,NONE,NONE,False,,,0
2887,2950.0,1400.0,0.0,10.0,1.0,0.0,1.0,1,0,0,NONE,NONE,False,,,0
2888,3000.0,1400.0,0.0,0.085,0.0,0.0,0.0,0,0,0,NONE,NONE,False,,,2
2889,3050.0,1400.0,0.0,0.085,0.0,0.0,0.0,0,0,0,NONE,NONE,False,,,5
2890,3100.0,1400.0,0.0,0.085,0.0,0.0,0.0,0,0,0,NONE,NONE,False,,,6
2891,3150.0,1400.0,0.0,0.085,0.0,0.0,0.0,0,0,0,NONE,NONE,False,,,7
2892,3200.0,1400.0,0.0,0.085,0.0,0.0,0.0,0,0,0,NONE,NONE,False,,,9
2893,3250.0,1400.0,0.0,0.085,0.0,0.0,0.0,0,0,0,NONE,NONE,False,,,9
2894,3300.0,1400.0,0.0,0.085,0.0,0.0,0.0,0,0,0,NONE,NONE,False,,,8
2895,3350.0,1400.0,0.0,0.085,0.0,0.0,0.0,0,0,0,NONE,NONE,False,,,10
2896,3400.0,1400.0,0.0,0.085,0.0,0.0,0.0,0,0,0,NONE,NONE,False,,,9
2897,3450.0,1400.0,0.0,0.085,0.0,0.0,0.0,0,0,0,NONE,NONE,False,,,7
2898,3500.0,1400.0,0.0,0.085,0.0,0.0,0.0,0,0,0,NONE,NONE,False,,,9
2899,3550.0,1400.0,0.0,0.085,0.0,0.0,0.0,0,0,0,NONE,NONE,False,,,7
2900,3600.0,1400.0,0.0,0.085,0.0,0.0,0.0,0,0,0,NONE,NONE,False,,,6
2901,3650.0,1400.0,0.0,0.085,0.0,0.0,0.0,0,0,0,NONE,NONE,False,,,5
2902,3700.0,1400.0,0.0,0.085,0.0,0.0,0.0,0,0,0,NONE,NONE,False,,,4
2903,3750.0,1400.0,0.0,0.085,0.0,0.0,0.0,0,0,0,NONE,NONE,False,,,5
2904,3800.0,1400.0,0.0,0.085,0.0,0.0,0.0,0,0,0,NONE,NONE,False,,,5
2905,3850.0,1400.0,0.0,0.085,0.0,0.0,0.0,0,0,0,NONE,NONE,False,,,4
2906,3900.0,1400.0,0.0,0.085,0.0,0.0,0.0,0,0,0,NONE,NONE,False,,,3
2907,3950.0,1400.0,0.0,0.085,0.0,0.0,0.0,0,0,0,NONE,NONE,False,,,5
2908,4000.0,1400.0,0.0,0.085,0.0,0.0,0.0,0,0,0,NONE,NONE,False,,,4
2909,4050.0,1400.0,0.0,0.085,0.0,0.0,0.0,0,0,0,NONE,NONE,False,,,3
2910,4100.0,1400.0,0.0,0.085,0.0,0.0,0.0,0,0,0,NONE,NONE,False,,,3
2911,4150.0,1400.0,0.0,0.085,0.0,0.0,0.0,0,0,0,NONE,NONE,False,,,3
2912,4200.0,1400.0,0.0,0.085,0.0,0.0,0.0,0,0,0,NONE,NONE,False,,,2
2913,4250.0,1400.0,0.0,0.085,0.0,0.0,0.0,0,0,0,NONE,NONE,False,,,3
2914,4300.0,1400.0,0.0,0.085,0.0,0.0,0.0,0,0,0,NONE,NONE,False,,,3
2915,4350.0,1400.0,0.0,0.085,0.0,0.0,0.0,0,0,0,NONE,NONE,False,,,3
2916,4400.0,1400.0,0.0,0.085,0.0,0.0,0.0,0,0,0,NONE,NONE,False,,,3
2917,4450.0,1400.0,0.0,0.085,0.0,0.0,0.0,0,0,0,NONE,NONE,False,,,3
2918,4500.0,1400.0,0.0,0.085,0.0,0.0,0.0,0,0,0,NONE,NONE,False,,,3
2919,4550.0,1400.0,0.0,0.085,0.0,0.0,0.0,0,0,0,NONE,NONE,False,,,3
2920,4600.0,1400.0,0.0,0.085,0.0,0.0,0.0,0,0,0,NONE,NONE,False,,,3
2921,4650.0,1400.0,0.0,0.085,0.0,0.0,0.0,0,0,0,NONE,NONE,False,,,3
2922,4700.0,1400.0,0.0,0.085,0.0,0.0,0.0,0,0,0,NONE,NONE,False,,,4
2923,4750.0,1400.0,0.0,0.085,0.0,0.0,0.0,0,0,0,NONE,NONE,False,,,6
2924,4800.0,1400.0,0.0,0.085,0.0,0.0,0.0,0,0,0,NONE,NONE,False,,,5
2925,4850.0,1400.0,0.0,0.085,0.0,0.0,0.0,0,0,0,NONE,NONE,False,,,5
2926,4900.0,1400.0,0.0,0.085,0.0,0.0,0.0,0,0,0,NONE,NONE,False,,,4
2927,4950.0,1400.0,0.0,0.085,0.0,0.0,0.0,0,0,0,NONE,NONE,False,,,3
2928,5000.0,1400.0,0.0,0.085,0.0,0.0,0.0,0,0,0,NONE,NONE,False,,,3
2929,0.0,1450.0,0.0,0.085,0.0,0.0,0.0,0,0,0,NONE,NONE,False,,,1
2930,50.0,1450.0,0.0,0.085,0.0,0.0,0.0,0,0,0,NONE,NONE,False,,,2
2931,100.0,1450.0,0.0,0.085,0.0,0.0,0.0,0,0,0,NONE,NONE,False,,,3
2932,150.0,1450.0,0.0,0.085,0.0,0.0,0.0,0,0,0,NONE,NONE,False,,,4
2933,200.0,1450.0,0.0,0.085,0.0,0.0,0.0,0,0,0,NONE,NONE,False,,,3
2934,250.0,1450.0,0.0,0.085,0.0,0.0,0.0,0,0,0,NONE,NONE,False,,,4
2935,300.0,1450.0,0.0,0.085,0.0,0.0,0.0,0,0,0,NONE,NONE,False,,,3
2936,350.0,1450.0,0.0,0.085,0.0,0.0,0.0,0,0,0,NONE,NONE,False,,,3
2937,400.0,1450.0,0.0,0.085,0.0,0.0,0.0,0,0,0,NONE,NONE,False,,,3
2938,450.0,1450.0,0.0,0.085,0.0,0.0,0.0,0,0,0,NONE,NONE,False,,,3
2939,500.0,1450.0,0.0,0.085,0.0,0.0,0.0,0,0,0,NONE,NONE,False,,,4
2940,550.0,1450.0,0.0,0.085,0.0,0.0,0.0,0,0,0,NONE,NONE,False,,,3
2941,600.0,1450.0,0.0,0.085,0.0,0.0,0.0,0,0,0,NONE,NONE,False,,,3
2942,650.0,1450.0,0.0,0.085,0.0,0.0,0.0,0,0,0,NONE,NONE,False,,,6
2943,700.0,1450.0,0.0,0.085,0.0,0.0,0.0,0,0,0,NONE,NONE,False,,,6
2944,750.0,1450.0,0.0,0.085,0.0,0.0,0.0,0,0,0,NONE,NONE,False,,,7
2945,800.0,1450.0,0.0,0.085,0.0,0.0,0.0,0,0,0,NONE,NONE,False,,,6
2946,850.0,1450.0,0.0,0.085,0.0,0.0,0.0,0,0,0,NONE,NONE,False,,,6
2947,900.0,1450.0,0.0,0.085,0.0,0.0,0.0,0,0,0,NONE,NONE,False,,,6
2948,950.0,1450.0,0.0,0.085,0.0,0.0,0.0,0,0,0,NONE,NONE,False,,,5
2949,1000.0,1450.0,0.0,0.085,0.0,0.0,0.0,0,0,0,NONE,NONE,False,,,5
2950,1050.0,1450.0,0.0,0.085,0.0,0.0,0.0,0,0,0,NONE,NONE,False,,,6
2951,1100.0,1450.0,0.0,0.085,0.0,0.0,0.0,0,0,0,NONE,NONE,False,,,5
2952,1150.0,1450.0,0.0,0.085,0.0,0.0,0.0,0,0,0,NONE,NONE,False,,,6
2953,1200.0,1450.0,0.0,0.085,0.0,0.0,0.0,0,0,0,NONE,NONE,False,,,6
2954,1250.0,1450.0,0.0,0.085,0.0,0.0,0.0,0,0,0,NONE,NONE,False,,,7
2955,1300.0,1450.0,0.0,0.085,0.0,0.0,0.0,0,0,0,NONE,NONE,False,,,7
2956,1350.0,1450.0,0.0,0.085,0.0,0.0,0.0,0,0,0,NONE,NONE,False,,,6
2957,1400.0,1450.0,0.0,0.085,0.0,0.0,0.0,0,0,0,NONE,NONE,False,,,6
2958,1450.0,1450.0,0.0,0.085,0.0,0.0,0.0,0,0,0,NONE,NONE,False,,,6
2959,1500.0,1450.0,0.0,0.085,0.0,0.0,0.0,0,0,0,NONE,NONE,False,,,7
2960,1550.0,1450.0,0.0,0.085,0.0,0.0,0.0,0,0,0,NONE,NONE,False,,,6
2961,1600.0,1450.0,0.0,0.085,0.0,0.0,0.0,0,0,0,NONE,NONE,False,,,6
2962,1650.0,1450.0,0.0,0.085,0.0,0.0,0.0,0,0,0,NONE,NONE,False,,,7
2963,1700.0,1450.0,0.0,0.085,0.0,0.0,0.0,0,0,0,NONE,NONE,False,,,8
2964,1750.0,1450.0,0.0,0.085,0.0,0.0,0.0,0,0,0,NONE,NONE,False,,,8
2965,1800.0,1450.0,0.0,0.085,0.0,0.0,0.0,0,0,0,NONE,NONE,False,,,7
2966,1850.0,1450.0,0.0,0.085,0.0,0.0,0.0,0,0,0,NONE,NONE,False,,,8
2967,1900.0,1450.0,0.0,0.085,0.0,0.0,0.0,0,0,0,NONE,NONE,False,,,8
2968,1950.0,1450.0,0.0,0.085,0.0,0.0,0.0,0,0,0,NONE,NONE,False,,,8
2969,2000.0,1450.0,0.0,0.085,0.0,0.0,0.0,0,0,0,NONE,NONE,False,,,9
2970,2050.0,1450.0,0.0,0.085,0.0,0.0,0.0,0,0,0,NONE,NONE,False,,,10
2971,2100.0,1450.0,0.0,0.085,0.0,0.0,0.0,0,0,0,NONE,NONE,False,,,10
2972,2150.0,1450.0,0.0,0.085,0.0,0.0,0.0,0,0,0,NONE,NONE,False,,,10
2973,2200.0,1450.0,0.0,0.085,0.0,0.0,0.0,0,0,0,NONE,NONE,False,,,9
2974,2250.0,1450.0,0.0,0.085,0.0,0.0,0.0,0,0,0,NONE,NONE,False,,,10
2975,2300.0,1450.0,0.0,0.085,0.0,0.0,0.0,0,0,0,NONE,NONE,False,,,10
2976,2350.0,1450.0,0.0,0.085,0.0,0.0,0.0,0,0,0,NONE,NONE,True,major,TN4,11
2977,2400.0,1450.0,0.0,0.085,0.0,0.0,0.0,0,0,0,NONE,NONE,False,,,10
2978,2450.0,1450.0,0.0,0.085,0.0,0.0,0.0,0,0,0,NONE,NONE,False,,,10
2979,2500.0,1450.0,0.0,0.085,0.0,0.0,0.0,0,0,0,NONE,NONE,False,,,10
2980,2550.0,1450.0,0.0,0.085,0.0,0.0,0.0,0,0,0,NONE,NONE,False,,,8
2981,2600.0,1450.0,0.0,0.085,0.0,0.0,0.0,0,0,0,NONE,NONE,False,,,9
2982,2650.0,1450.0,0.0,0.085,0.0,0.0,0.0,0,0,0,NONE,NONE,False,,,8
2983,2700.0,1450.0,0.0,0.085,0.0,0.0,0.0,0,0,0,NONE,NONE,False,,,6
2984,2750.0,1450.0,0.0,0.085,0.0,0.0,0.0,0,0,0,NONE,NONE,False,,,5
2985,2800.0,1450.0,0.0,10.0,1.0,0.0,1.0,1,0,0,NONE,NONE,False,,,0
2986,2850.0,1450.0,0.0,10.0,1.0,0.0,1.0,1,0,0,NONE,NONE,False,,,0
2987,2900.0,1450.0,0.0,10.0,1.0,0.0,1.0,1,0,0,NONE,NONE,False,,,0
2988,2950.0,1450.0,0.0,10.0,1.0,0.0,1.0,1,0,0,NONE,NONE,False,,,0
2989,3000.0,1450.0,0.0,0.085,0.0,0.0,0.0,0,0,0,NONE,NONE,False,,,3
2990,3050.0,1450.0,0.0,0.085,0.0,0.0,0.0,0,0,0,NONE,NONE,False,,,3
2991,3100.0,1450.0,0.0,0.085,0.0,0.0,0.0,0,0,0,NONE,NONE,False,,,6
2992,3150.0,1450.0,0.0,0.085,0.0,0.0,0.0,0,0,0,NONE,NONE,False,,,8
2993,3200.0,1450.0,0.0,0.085,0.0,0.0,0.0,0,0,0,NONE,NONE,False,,,8
2994,3250.0,1450.0,0.0,0.085,0.0,0.0,0.0,0,0,0,NONE,NONE,False,,,9
2995,3300.0,1450.0,0.0,0.085,0.0,0.0,0.0,0,0,0,NONE,NONE,False,,,9
2996,3350.0,1450.0,0.0,0.085,0.0,0.0,0.0,0,0,0,NONE,NONE,False,,,8
2997,3400.0,1450.0,0.0,0.085,0.0,0.0,0.0,0,0,0,NONE,NONE,False,,,9
2998,3450.0,1450.0,0.0,0.085,0.0,0.0,0.0,0,0,0,NONE,NONE,False,,,7
2999,3500.0,1450.0,0.0,0.085,0.0,0.0,0.0,0,0,0,NONE,NONE,False,,,6
3000,3550.0,1450.0,0.0,0.085,0.0,0.0,0.0,0,0,0,NONE,NONE,False,,,6
3001,3600.0,1450.0,0.0,0.085,0.0,0.0,0.0,0,0,0,NONE,NONE,False,,,6
3002,3650.0,1450.0,0.0,0.085,0.0,0.0,0.0,0,0,0,NONE,NONE,False,,,5
3003,3700.0,1450.0,0.0,0.085,0.0,0.0,0.0,0,0,0,NONE,NONE,False,,,4
3004,3750.0,1450.0,0.0,0.085,0.0,0.0,0.0,0,0,0,NONE,NONE,False,,,4
3005,3800.0,1450.0,0.0,0.085,0.0,0.0,0.0,0,0,0,NONE,NONE,False,,,3
3006,3850.0,1450.0,0.0,0.085,0.0,0.0,0.0,0,0,0,NONE,NONE,False,,,4
3007,3900.0,1450.0,0.0,0.085,0.0,0.0,0.0,0,0,0,NONE,NONE,False,,,3
3008,3950.0,1450.0,0.0,0.085,0.0,0.0,0.0,0,0,0,NONE,NONE,False,,,3
3009,4000.0,1450.0,0.0,0.085,0.0,0.0,0.0,0,0,0,NONE,NONE,False,,,3
3010,4050.0,1450.0,0.0,0.085,0.0,0.0,0.0,0,0,0,NONE,NONE,False,,,3
3011,4100.0,1450.0,0.0,0.085,0.0,0.0,0.0,0,0,0,NONE,NONE,False,,,2
3012,4150.0,1450.0,0.0,0.085,0.0,0.0,0.0,0,0,0,NONE,NONE,False,,,3
3013,4200.0,1450.0,0.0,0.085,0.0,0.0,0.0,0,0,0,NONE,NONE,False,,,2
3014,4250.0,1450.0,0.0,0.085,0.0,0.0,0.0,0,0,0,NONE,NONE,False,,,2
3015,4300.0,1450.0,0.0,0.085,0.0,0.0,0.0,0,0,0,NONE,NONE,False,,,2
3016,4350.0,1450.0,0.0,0.085,0.0,0.0,0.0,0,0,0,NONE,NONE,False,,,3
3017,4400.0,1450.0,0.0,0.085,0.0,0.0,0.0,0,0,0,NONE,NONE,False,,,3
3018,4450.0,1450.0,0.0,0.085,0.0,0.0,0.0,0,0,0,NONE,NONE,False,,,3
3019,4500.0,1450.0,0.0,0.085,0.0,0.0,0.0,0,0,0,NONE,NONE,False,,,3
3020,4550.0,1450.0,0.0,0.085,0.0,0.0,0.0,0,0,0,NONE,NONE,False,,,4
3021,4600.0,1450.0,0.0,0.085,0.0,0.0,0.0,0,0,0,NONE,NONE,False,,,4
3022,4650.0,1450.0,0.0,0.085,0.0,0.0,0.0,0,0,0,NONE,NONE,False,,,3
3023,4700.0,1450.0,0.0,0.085,0.0,0.0,0.0,0,0,0,NONE,NONE,False,,,3
3024,4750.0,1450.0,0.0,0.085,0.0,0.0,0.0,0,0,0,NONE,NONE,False,,,5
3025,4800.0,1450.0,0.0,0.085,0.0,0.0,0.0,0,0,0,NONE,NONE,False,,,6
3026,4850.0,1450.0,0.0,0.085,0.0,0.0,0.0,0,0,0,NONE,NONE,False,,,5
3027,4900.0,1450.0,0.0,0.085,0.0,0.0,0.0,0,0,0,NONE,NONE,False,,,4
3028,4950.0,1450.0,0.0,0.085,0.0,0.0,0.0,0,0,0,NONE,NONE,False,,,3
3029,5000.0,1450.0,0.0,0.085,0.0,0.0,0.0,0,0,0,NONE,NONE,False,,,3
3030,0.0,1500.0,0.0,0.085,0.0,0.0,0.0,0,0,0,NONE,NONE,False,,,1
3031,50.0,1500.0,0.0,0.085,0.0,0.0,0.0,0,0,0,NONE,NONE,False,,,2
3032,100.0,1500.0,0.0,0.085,0.0,0.0,0.0,0,0,0,NONE,NONE,False,,,3
3033,150.0,1500.0,0.0,0.085,0.0,0.0,0.0,0,0,0,NONE,NONE,False,,,4
3034,200.0,1500.0,0.0,0.085,0.0,0.0,0.0,0,0,0,NONE,NONE,False,,,4
3035,250.0,1500.0,0.0,0.085,0.0,0.0,0.0,0,0,0,NONE,NONE,False,,,4
3036,300.0,1500.0,0.0,0.085,0.0,0.0,0.0,0,0,0,NONE,NONE,False,,,3
3037,350.0,1500.0,0.0,0.085,0.0,0.0,0.0,0,0,0,NONE,NONE,False,,,3
3038,400.0,1500.0,0.0,0.085,0.0,0.0,0.0,0,0,0,NONE,NONE,False,,,3
3039,450.0,1500.0,0.0,0.085,0.0,0.0,0.0,0,0,0,NONE,NONE,False,,,4
3040,500.0,1500.0,0.0,0.085,0.0,0.0,0.0,0,0,0,NONE,NONE,False,,,4
3041,550.0,1500.0,0.0,0.085,0.0,0.0,0.0,0,0,0,NONE,NONE,False,,,3
3042,600.0,1500.0,0.0,0.085,0.0,0.0,0.0,0,0,0,NONE,NONE,False,,,5
3043,650.0,1500.0,0.0,0.085,0.0,0.0,0.0,0,0,0,NONE,NONE,False,,,6
3044,700.0,1500.0,0.0,0.085,0.0,0.0,0.0,0,0,0,NONE,NONE,False,,,7
3045,750.0,1500.0,0.0,0.085,0.0,0.0,0.0,0,0,0,NONE,NONE,False,,,7
3046,800.0,1500.0,0.0,0.085,0.0,0.0,0.0,0,0,0,NONE,NONE,False,,,6
3047,850.0,1500.0,0.0,0.085,0.0,0.0,0.0,0,0,0,NONE,NONE,False,,,6
3048,900.0,1500.0,0.0,0.085,0.0,0.0,0.0,0,0,0,NONE,NONE,False,,,5
3049,950.0,1500.0,0.0,0.085,0.0,0.0,0.0,0,0,0,NONE,NONE,False,,,3
3050,1000.0,1500.0,0.0,0.085,0.0,0.0,0.0,0,0,0,NONE,NONE,False,,,4
3051,1050.0,1500.0,0.0,0.085,0.0,0.0,0.0,0,0,0,NONE,NONE,False,,,3
3052,1100.0,1500.0,0.0,0.085,0.0,0.0,0.0,0,0,0,NONE,NONE,False,,,3
3053,1150.0,1500.0,0.0,0.085,0.0,0.0,0.0,0,0,0,NONE,NONE,False,,,4
3054,1200.0,1500.0,0.0,0.085,0.0,0.0,0.0,0,0,0,NONE,NONE,False,,,5
3055,1250.0,1500.0,0.0,0.085,0.0,0.0,0.0,0,0,0,NONE,NONE,False,,,5
3056,1300.0,1500.0,0.0,0.085,0.0,0.0,0.0,0,0,0,NONE,NONE,False,,,5
3057,1350.0,1500.0,0.0,0.085,0.0,0.0,0.0,0,0,0,NONE,NONE,False,,,5
3058,1400.0,1500.0,0.0,0.085,0.0,0.0,0.0,0,0,0,NONE,NONE,False,,,4
3059,1450.0,1500.0,0.0,0.085,0.0,0.0,0.0,0,0,0,NONE,NONE,False,,,4
3060,1500.0,1500.0,0.0,0.085,0.0,0.0,0.0,0,0,0,NONE,NONE,True,minor,RN5,6
3061,1550.0,1500.0,0.0,0.085,0.0,0.0,0.0,0,0,0,NONE,NONE,False,,,5
3062,1600.0,1500.0,0.0,0.085,0.0,0.0,0.0,0,0,0,NONE,NONE,False,,,7
3063,1650.0,1500.0,0.0,0.085,0.0,0.0,0.0,0,0,0,NONE,NONE,False,,,6
3064,1700.0,1500.0,0.0,0.085,0.0,0.0,0.0,0,0,0,NONE,NONE,False,,,7
3065,1750.0,1500.0,0.0,0.085,0.0,0.0,0.0,0,0,0,NONE,NONE,False,,,7
3066,1800.0,1500.0,0.0,0.085,0.0,0.0,0.0,0,0,0,NONE,NONE,False,,,6
3067,1850.0,1500.0,0.0,0.085,0.0,0.0,0.0,0,0,0,NONE,NONE,False,,,8
3068,1900.0,1500.0,0.0,0.085,0.0,0.0,0.0,0,0,0,NONE,NONE,False,,,8
3069,1950.0,1500.0,0.0,0.085,0.0,0.0,0.0,0,0,0,NONE,NONE,False,,,8
3070,2000.0,1500.0,0.0,0.085,0.0,0.0,0.0,0,0,0,NONE,NONE,False,,,10
3071,2050.0,1500.0,0.0,0.085,0.0,0.0,0.0,0,0,0,NONE,NONE,False,,,9
3072,2100.0,1500.0,0.0,0.085,0.0,0.0,0.0,0,0,0,NONE,NONE,False,,,9
3073,2150.0,1500.0,0.0,0.085,0.0,0.0,0.0,0,0,0,NONE,NONE,False,,,10
3074,2200.0,1500.0,0.0,0.085,0.0,0.0,0.0,0,0,0,NONE,NONE,False,,,10
3075,2250.0,1500.0,0.0,0.085,0.0,0.0,0.0,0,0,0,NONE,NONE,False,,,10
3076,2300.0,1500.0,0.0,0.085,0.0,0.0,0.0,0,0,0,NONE,NONE,False,,,10
3077,2350.0,1500.0,0.0,0.085,0.0,0.0,0.0,0,0,0,NONE,NONE,False,,,10
3078,2400.0,1500.0,0.0,0.085,0.0,0.0,0.0,0,0,0,NONE,NONE,False,,,10
3079,2450.0,1500.0,0.0,0.085,0.0,0.0,0.0,0,0,0,NONE,NONE,False,,,10
3080,2500.0,1500.0,0.0,0.085,0.0,0.0,0.0,0,0,0,NONE,NONE,False,,,9
3081,2550.0,1500.0,0.0,0.085,0.0,0.0,0.0,0,0,0,NONE,NONE,False,,,10
3082,2600.0,1500.0,0.0,0.085,0.0,0.0,0.0,0,0,0,NONE,NONE,False,,,11
3083,2650.0,1500.0,0.0,0.085,0.0,0.0,0.0,0,0,0,NONE,NONE,False,,,11
3084,2700.0,1500.0,0.0,0.085,0.0,0.0,0.0,0,0,0,NONE,NONE,False,,,8
3085,2750.0,1500.0,0.0,0.085,0.0,0.0,0.0,0,0,0,NONE,NONE,False,,,7
3086,2800.0,1500.0,0.0,0.085,0.0,0.0,0.0,0,0,0,NONE,NONE,False,,,6
3087,2850.0,1500.0,0.0,0.085,0.0,0.0,0.0,0,0,0,NONE,NONE,False,,,5
3088,2900.0,1500.0,0.0,0.085,0.0,0.0,0.0,0,0,0,NONE,NONE,False,,,3
3089,2950.0,1500.0,0.0,0.085,0.0,0.0,0.0,0,0,0,NONE,NONE,False,,,4
3090,3000.0,1500.0,0.0,0.085,0.0,0.0,0.0,0,0,0,NONE,NONE,False,,,5
3091,3050.0,1500.0,0.0,0.085,0.0,0.0,0.0,0,0,0,NONE,NONE,False,,,4
3092,3100.0,1500.0,0.0,0.085,0.0,0.0,0.0,0,0,0,NONE,NONE,False,,,5
3093,3150.0,1500.0,0.0,0.085,0.0,0.0,0.0,0,0,0,NONE,NONE,False,,,7
3094,3200.0,1500.0,0.0,0.085,0.0,0.0,0.0,0,0,0,NONE,NONE,False,,,7
3095,3250.0,1500.0,0.0,0.085,0.0,0.0,0.0,0,0,0,NONE,NONE,False,,,7
3096,3300.0,1500.0,0.0,0.085,0.0,0.0,0.0,0,0,0,NONE,NONE,False,,,8
3097,3350.0,1500.0,0.0,0.085,0.0,0.0,0.0,0,0,0,NONE,NONE,False,,,8
3098,3400.0,1500.0,0.0,0.085,0.0,0.0,0.0,0,0,0,NONE,NONE,False,,,7
3099,3450.0,1500.0,0.0,0.085,0.0,0.0,0.0,0,0,0,NONE,NONE,False,,,6
3100,3500.0,1500.0,0.0,0.085,0.0,0.0,0.0,0,0,0,NONE,NONE,False,,,6
3101,3550.0,1500.0,0.0,0.085,0.0,0.0,0.0,0,0,0,NONE,NONE,False,,,7
3102,3600.0,1500.0,0.0,0.085,0.0,0.0,0.0,0,0,0,NONE,NONE,False,,,6
3103,3650.0,1500.0,0.0,0.085,0.0,0.0,0.0,0,0,0,NONE,NONE,False,,,6
3104,3700.0,1500.0,0.0,0.085,0.0,0.0,0.0,0,0,0,NONE,NONE,False,,,4
3105,3750.0,1500.0,0.0,0.085,0.0,0.0,0.0,0,0,0,NONE,NONE,True,minor,RN6,4
3106,3800.0,1500.0,0.0,0.085,0.0,0.0,0.0,0,0,0,NONE,NONE,False,,,3
3107,3850.0,1500.0,0.0,0.085,0.0,0.0,0.0,0,0,0,NONE,NONE,False,,,4
3108,3900.0,1500.0,0.0,0.085,0.0,0.0,0.0,0,0,0,NONE,NONE,False,,,3
3109,3950.0,1500.0,0.0,0.085,0.0,0.0,0.0,0,0,0,NONE,NONE,False,,,4
3110,4000.0,1500.0,0.0,0.085,0.0,0.0,0.0,0,0,0,NONE,NONE,False,,,3
3111,4050.0,1500.0,0.0,0.085,0.0,0.0,0.0,0,0,0,NONE,NONE,False,,,4
3112,4100.0,1500.0,0.0,0.085,0.0,0.0,0.0,0,0,0,NONE,NONE,False,,,3
3113,4150.0,1500.0,0.0,0.085,0.0,0.0,0.0,0,0,0,NONE,NONE,False,,,3
3114,4200.0,1500.0,0.0,0.085,0.0,0.0,0.0,0,0,0,NONE,NONE,False,,,3
3115,4250.0,1500.0,0.0,0.085,0.0,0.0,0.0,0,0,0,NONE,NONE,False,,,3
3116,4300.0,1500.0,0.0,0.085,0.0,0.0,0.0,0,0,0,NONE,NONE,False,,,2
3117,4350.0,1500.0,0.0,0.085,0.0,0.0,0.0,0,0,0,NONE,NONE,False,,,3
3118,4400.0,1500.0,0.0,0.085,0.0,0.0,0.0,0,0,0,NONE,NONE,False,,,4
3119,4450.0,1500.0,0.0,0.085,0.0,0.0,0.0,0,0,0,NONE,NONE,False,,,4
3120,4500.0,1500.0,0.0,0.085,0.0,0.0,0.0,0,0,0,NONE,NONE,False,,,4
3121,4550.0,1500.0,0.0,0.085,0.0,0.0,0.0,0,0,0,NONE,NONE,False,,,4
3122,4600.0,1500.0,0.0,0.085,0.0,0.0,0.0,0,0,0,NONE,NONE,False,,,4
3123,4650.0,1500.0,0.0,0.085,0.0,0.0,0.0,0,0,0,NONE,NONE,False,,,4
3124,4700.0,1500.0,0.0,0.085,0.0,0.0,0.0,0,0,0,NONE,NONE,False,,,5
3125,4750.0,1500.0,0.0,0.085,0.0,0.0,0.0,0,0,0,NONE,NONE,False,,,4
3126,4800.0,1500.0,0.0,0.085,0.0,0.0,0.0,0,0,0,NONE,NONE,False,,,5
3127,4850.0,1500.0,0.0,0.085,0.0,0.0,0.0,0,0,0,NONE,NONE,False,,,5
3128,4900.0,1500.0,0.0,0.085,0.0,0.0,0.0,0,0,0,NONE,NONE,False,,,4
3129,4950.0,1500.0,0.0,0.085,0.0,0.0,0.0,0,0,0,NONE,NONE,False,,,4
3130,5000.0,1500.0,0.0,0.085,0.0,0.0,0.0,0,0,0,NONE,NONE,False,,,2
3131,0.0,1550.0,0.0,0.085,0.0,0.0,0.0,0,0,0,NONE,NONE,False,,,1
3132,50.0,1550.0,0.0,0.085,0.0,0.0,0.0,0,0,0,NONE,NONE,False,,,2
3133,100.0,1550.0,0.0,0.085,0.0,0.0,0.0,0,0,0,NONE,NONE,False,,,3
3134,150.0,1550.0,0.0,0.085,0.0,0.0,0.0,0,0,0,NONE,NONE,False,,,4
3135,200.0,1550.0,0.0,0.085,0.0,0.0,0.0,0,0,0,NONE,NONE,False,,,4
3136,250.0,1550.0,0.0,0.085,0.0,0.0,0.0,0,0,0,NONE,NONE,False,,,4
3137,300.0,1550.0,0.0,0.085,0.0,0.0,0.0,0,0,0,NONE,NONE,False,,,4
3138,350.0,1550.0,0.0,0.085,0.0,0.0,0.0,0,0,0,NONE,NONE,False,,,3
3139,400.0,1550.0,0.0,0.085,0.0,0.0,0.0,0,0,0,NONE,NONE,False,,,3
3140,450.0,1550.0,0.0,0.085,0.0,0.0,0.0,0,0,0,NONE,NONE,False,,,5
3141,500.0,1550.0,0.0,0.085,0.0,0.0,0.0,0,0,0,NONE,NONE,False,,,4
3142,550.0,1550.0,0.0,0.085,0.0,0.0,0.0,0,0,0,NONE,NONE,False,,,4
3143,600.0,1550.0,0.0,0.085,0.0,0.0,0.0,0,0,0,NONE,NONE,False,,,6
3144,650.0,1550.0,0.0,0.085,0.0,0.0,0.0,0,0,0,NONE,NONE,False,,,6
3145,700.0,1550.0,0.0,0.085,0.0,0.0,0.0,0,0,0,NONE,NONE,False,,,8
3146,750.0,1550.0,0.0,0.085,0.0,0.0,0.0,0,0,0,NONE,NONE,False,,,6
3147,800.0,1550.0,0.0,0.085,0.0,0.0,0.0,0,0,0,NONE,NONE,False,,,6
3148,850.0,1550.0,0.0,0.085,0.0,0.0,0.0,0,0,0,NONE,NONE,False,,,6
3149,900.0,1550.0,0.0,0.085,0.0,0.0,0.0,0,0,0,NONE,NONE,False,,,4
3150,950.0,1550.0,0.0,10.0,1.0,0.0,1.0,1,0,0,NONE,NONE,False,,,0
3151,1000.0,1550.0,0.0,10.0,1.0,0.0,1.0,1,0,0,NONE,NONE,False,,,0
3152,1050.0,1550.0,0.0,10.0,1.0,0.0,1.0,1,0,0,NONE,NONE,False,,,0
3153,1100.0,1550.0,0.0,0.085,0.0,0.0,0.0,0,0,0,NONE,NONE,False,,,2
3154,1150.0,1550.0,0.0,0.085,0.0,0.0,0.0,0,0,0,NONE,NONE,False,,,2
3155,1200.0,1550.0,0.0,0.085,0.0,0.0,0.0,0,0,0,NONE,NONE,False,,,2
3156,1250.0,1550.0,0.0,0.085,0.0,0.0,0.0,0,0,0,NONE,NONE,False,,,2
3157,1300.0,1550.0,0.0,0.085,0.0,0.0,0.0,0,0,0,NONE,NONE,False,,,3
3158,1350.0,1550.0,0.0,0.085,0.0,0.0,0.0,0,0,0,NONE,NONE,False,,,4
3159,1400.0,1550.0,0.0,0.085,0.0,0.0,0.0,0,0,0,NONE,NONE,False,,,3
3160,1450.0,1550.0,0.0,0.085,0.0,0.0,0.0,0,0,0,NONE,NONE,False,,,2
3161,1500.0,1550.0,0.0,0.085,0.0,0.0,0.0,0,0,0,NONE,NONE,False,,,5
3162,1550.0,1550.0,0.0,0.085,0.0,0.0,0.0,0,0,0,NONE,NONE,False,,,5
3163,1600.0,1550.0,0.0,0.085,0.0,0.0,0.0,0,0,0,NONE,NONE,False,,,5
3164,1650.0,1550.0,0.0,0.085,0.0,0.0,0.0,0,0,0,NONE,NONE,False,,,6
3165,1700.0,1550.0,0.0,0.085,0.0,0.0,0.0,0,0,0,NONE,NONE,False,,,7
3166,1750.0,1550.0,0.0,0.085,0.0,0.0,0.0,0,0,0,NONE,NONE,False,,,7
3167,1800.0,1550.0,0.0,0.085,0.0,0.0,0.0,0,0,0,NONE,NONE,False,,,7
3168,1850.0,1550.0,0.0,0.085,0.0,0.0,0.0,0,0,0,NONE,NONE,False,,,6
3169,1900.0,1550.0,0.0,0.085,0.0,0.0,0.0,0,0,0,NONE,NONE,False,,,8
3170,1950.0,1550.0,0.0,0.085,0.0,0.0,0.0,0,0,0,NONE,NONE,False,,,8
3171,2000.0,1550.0,0.0,0.085,0.0,0.0,0.0,0,0,0,NONE,NONE,False,,,9
3172,2050.0,1550.0,0.0,0.085,0.0,0.0,0.0,0,0,0,NONE,NONE,False,,,9
3173,2100.0,1550.0,0.0,0.085,0.0,0.0,0.0,0,0,0,NONE,NONE,False,,,9
3174,2150.0,1550.0,0.0,0.085,0.0,0.0,0.0,0,0,0,NONE,NONE,False,,,8
3175,2200.0,1550.0,0.0,0.085,0.0,0.0,0.0,0,0,0,NONE,NONE,False,,,9
3176,2250.0,1550.0,0.0,0.085,0.0,0.0,0.0,0,0,0,NONE,NONE,False,,,8
3177,2300.0,1550.0,0.0,0.085,0.0,0.0,0.0,0,0,0,NONE,NONE,False,,,8
3178,2350.0,1550.0,0.0,0.085,0.0,0.0,0.0,0,0,0,NONE,NONE,False,,,8
3179,2400.0,1550.0,0.0,0.085,0.0,0.0,0.0,0,0,0,NONE,NONE,False,,,8
3180,2450.0,1550.0,0.0,0.085,0.0,0.0,0.0,0,0,0,NONE,NONE,False,,,8
3181,2500.0,1550.0,0.0,0.085,0.0,0.0,0.0,0,0,0,NONE,NONE,False,,,8
3182,2550.0,1550.0,0.0,0.085,0.0,0.0,0.0,0,0,0,NONE,NONE,False,,,9
3183,2600.0,1550.0,0.0,0.085,0.0,0.0,0.0,0,0,0,NONE,NONE,False,,,11
3184,2650.0,1550.0,0.0,0.085,0.0,0.0,0.0,0,0,0,NONE,NONE,False,,,11
3185,2700.0,1550.0,0.0,0.085,0.0,0.0,0.0,0,0,0,NONE,NONE,False,,,11
3186,2750.0,1550.0,0.0,0.085,0.0,0.0,0.0,0,0,0,NONE,NONE,False,,,11
3187,2800.0,1550.0,0.0,0.085,0.0,0.0,0.0,0,0,0,NONE,NONE,False,,,8
3188,2850.0,1550.0,0.0,0.085,0.0,0.0,0.0,0,0,0,NONE,NONE,False,,,6
3189,2900.0,1550.0,0.0,0.085,0.0,0.0,0.0,0,0,0,NONE,NONE,False,,,5
3190,2950.0,1550.0,0.0,0.085,0.0,0.0,0.0,0,0,0,NONE,NONE,False,,,5
3191,3000.0,1550.0,0.0,0.085,0.0,0.0,0.0,0,0,0,NONE,NONE,False,,,5
3192,3050.0,1550.0,0.0,0.085,0.0,0.0,0.0,0,0,0,NONE,NONE,False,,,6
3193,3100.0,1550.0,0.0,0.085,0.0,0.0,0.0,0,0,0,NONE,NONE,False,,,5
3194,3150.0,1550.0,0.0,0.085,0.0,0.0,0.0,0,0,0,NONE,NONE,False,,,5
3195,3200.0,1550.0,0.0,0.085,0.0,0.0,0.0,0,0,0,NONE,NONE,False,,,6
3196,3250.0,1550.0,0.0,0.085,0.0,0.0,0.0,0,0,0,NONE,NONE,False,,,7
3197,3300.0,1550.0,0.0,0.085,0.0,0.0,0.0,0,0,0,NONE,NONE,False,,,7
3198,3350.0,1550.0,0.0,0.085,0.0,0.0,0.0,0,0,0,NONE,NONE,False,,,6
3199,3400.0,1550.0,0.0,0.085,0.0,0.0,0.0,0,0,0,NONE,NONE,False,,,6
3200,3450.0,1550.0,0.0,0.085,0.0,0.0,0.0,0,0,0,NONE,NONE,False,,,7
3201,3500.0,1550.0,0.0,0.085,0.0,0.0,0.0,0,0,0,NONE,NONE,False,,,6
3202,3550.0,1550.0,0.0,0.085,0.0,0.0,0.0,0,0,0,NONE,NONE,False,,,6
3203,3600.0,1550.0,0.0,0.085,0.0,0.0,0.0,0,0,0,NONE,NONE,False,,,5
3204,3650.0,1550.0,0.0,0.085,0.0,0.0,0.0,0,0,0,NONE,NONE,False,,,6
3205,3700.0,1550.0,0.0,0.085,0.0,0.0,0.0,0,0,0,NONE,NONE,False,,,5
3206,3750.0,1550.0,0.0,0.085,0.0,0.0,0.0,0,0,0,NONE,NONE,False,,,5
3207,3800.0,1550.0,0.0,0.085,0.0,0.0,0.0,0,0,0,NONE,NONE,False,,,3
3208,3850.0,1550.0,0.0,0.085,0.0,0.0,0.0,0,0,0,NONE,NONE,False,,,4
3209,3900.0,1550.0,0.0,0.085,0.0,0.0,0.0,0,0,0,NONE,NONE,False,,,3
3210,3950.0,1550.0,0.0,0.085,0.0,0.0,0.0,0,0,0,NONE,NONE,False,,,4
3211,4000.0,1550.0,0.0,0.085,0.0,0.0,0.0,0,0,0,NONE,NONE,False,,,3
3212,4050.0,1550.0,0.0,0.085,0.0,0.0,0.0,0,0,0,NONE,NONE,False,,,4
3213,4100.0,1550.0,0.0,0.085,0.0,0.0,0.0,0,0,0,NONE,NONE,False,,,3
3214,4150.0,1550.0,0.0,0.085,0.0,0.0,0.0,0,0,0,NONE,NONE,False,,,3
3215,4200.0,1550.0,0.0,0.085,0.0,0.0,0.0,0,0,0,NONE,NONE,False,,,2
3216,4250.0,1550.0,0.0,0.085,0.0,0.0,0.0,0,0,0,NONE,NONE,False,,,3
3217,4300.0,1550.0,0.0,0.085,0.0,0.0,0.0,0,0,0,NONE,NONE,False,,,2
3218,4350.0,1550.0,0.0,0.085,0.0,0.0,0.0,0,0,0,NONE,NONE,False,,,2
3219,4400.0,1550.0,0.0,0.085,0.0,0.0,0.0,0,0,0,NONE,NONE,False,,,3
3220,4450.0,1550.0,0.0,0.085,0.0,0.0,0.0,0,0,0,NONE,NONE,False,,,4
3221,4500.0,1550.0,0.0,0.085,0.0,0.0,0.0,0,0,0,NONE,NONE,False,,,4
3222,4550.0,1550.0,0.0,0.085,0.0,0.0,0.0,0,0,0,NONE,NONE,False,,,5
3223,4600.0,1550.0,0.0,0.085,0.0,0.0,0.0,0,0,0,NONE,NONE,False,,,4
3224,4650.0,1550.0,0.0,0.085,0.0,0.0,0.0,0,0,0,NONE,NONE,False,,,5
3225,4700.0,1550.0,0.0,0.085,0.0,0.0,0.0,0,0,0,NONE,NONE,False,,,6
3226,4750.0,1550.0,0.0,0.085,0.0,0.0,0.0,0,0,0,NONE,NONE,False,,,4
3227,4800.0,1550.0,0.0,0.085,0.0,0.0,0.0,0,0,0,NONE,NONE,False,,,5
3228,4850.0,1550.0,0.0,0.085,0.0,0.0,0.0,0,0,0,NONE,NONE,False,,,6
3229,4900.0,1550.0,0.0,0.085,0.0,0.0,0.0,0,0,0,NONE,NONE,False,,,5
3230,4950.0,1550.0,0.0,0.085,0.0,0.0,0.0,0,0,0,NONE,NONE,False,,,4
3231,5000.0,1550.0,0.0,0.085,0.0,0.0,0.0,0,0,0,NONE,NONE,False,,,2
3232,0.0,1600.0,0.0,0.085,0.0,0.0,0.0,0,0,0,NONE,NONE,False,,,1
3233,50.0,1600.0,0.0,0.085,0.0,0.0,0.0,0,0,0,NONE,NONE,False,,,2
3234,100.0,1600.0,0.0,0.085,0.0,0.0,0.0,0,0,0,NONE,NONE,False,,,4
3235,150.0,1600.0,0.0,0.085,0.0,0.0,0.0,0,0,0,NONE,NONE,False,,,4
3236,200.0,1600.0,0.0,0.085,0.0,0.0,0.0,0,0,0,NONE,NONE,False,,,3
3237,250.0,1600.0,0.0,0.085,0.0,0.0,0.0,0,0,0,NONE,NONE,False,,,5
3238,300.0,1600.0,0.0,0.085,0.0,0.0,0.0,0,0,0,NONE,NONE,False,,,4
3239,350.0,1600.0,0.0,0.085,0.0,0.0,0.0,0,0,0,NONE,NONE,False,,,4
3240,400.0,1600.0,0.0,0.085,0.0,0.0,0.0,0,0,0,NONE,NONE,False,,,4
3241,450.0,1600.0,0.0,0.085,0.0,0.0,0.0,0,0,0,NONE,NONE,False,,,3
3242,500.0,1600.0,0.0,0.085,0.0,0.0,0.0,0,0,0,NONE,NONE,False,,,5
3243,550.0,1600.0,0.0,0.085,0.0,0.0,0.0,0,0,0,NONE,NONE,False,,,6
3244,600.0,1600.0,0.0,0.085,0.0,0.0,0.0,0,0,0,NONE,NONE,False,,,5
3245,650.0,1600.0,0.0,0.085,0.0,0.0,0.0,0,0,0,NONE,NONE,False,,,6
3246,700.0,1600.0,0.0,0.085,0.0,0.0,0.0,0,0,0,NONE,NONE,False,,,8
3247,750.0,1600.0,0.0,0.085,0.0,0.0,0.0,0,0,0,NONE,NONE,False,,,7
3248,800.0,1600.0,0.0,0.085,0.0,0.0,0.0,0,0,0,NONE,NONE,False,,,6
3249,850.0,1600.0,0.0,0.085,0.0,0.0,0.0,0,0,0,NONE,NONE,False,,,4
3250,900.0,1600.0,0.0,0.085,0.0,0.0,0.0,0,0,0,NONE,NONE,False,,,3
3251,950.0,1600.0,0.0,10.0,1.0,0.0,1.0,1,0,0,NONE,NONE,False,,,0
3252,1000.0,1600.0,0.0,10.0,1.0,0.0,1.0,1,0,0,NONE,NONE,False,,,0
3253,1050.0,1600.0,0.0,10.0,1.0,0.0,1.0,1,0,0,NONE,NONE,False,,,0
3254,1100.0,1600.0,0.0,10.0,1.0,0.0,1.0,1,0,0,NONE,NONE,False,,,0
3255,1150.0,1600.0,0.0,0.085,0.0,0.0,0.0,0,0,0,NONE,NONE,False,,,1
3256,1200.0,1600.0,0.0,0.085,0.0,0.0,0.0,0,0,0,NONE,NONE,False,,,1
3257,1250.0,1600.0,0.0,10.0,1.0,0.0,1.0,1,0,0,NONE,NONE,False,,,0
3258,1300.0,1600.0,0.0,10.0,1.0,0.0,1.0,1,0,0,NONE,NONE,False,,,0
3259,1350.0,1600.0,0.0,10.0,1.0,0.0,1.0,1,0,0,NONE,NONE,False,,,0
3260,1400.0,1600.0,0.0,10.0,1.0,0.0,1.0,1,0,0,NONE,NONE,False,,,0
3261,1450.0,1600.0,0.0,0.085,0.0,0.0,0.0,0,0,0,NONE,NONE,False,,,2
3262,1500.0,1600.0,0.0,0.085,0.0,0.0,0.0,0,0,0,NONE,NONE,False,,,4
3263,1550.0,1600.0,0.0,0.085,0.0,0.0,0.0,0,0,0,NONE,NONE,False,,,5
3264,1600.0,1600.0,0.0,0.085,0.0,0.0,0.0,0,0,0,NONE,NONE,False,,,5
3265,1650.0,1600.0,0.0,0.085,0.0,0.0,0.0,0,0,0,NONE,NONE,False,,,6
3266,1700.0,1600.0,0.0,0.085,0.0,0.0,0.0,0,0,0,NONE,NONE,False,,,7
3267,1750.0,1600.0,0.0,0.085,0.0,0.0,0.0,0,0,0,NONE,NONE,False,,,6
3268,1800.0,1600.0,0.0,0.085,0.0,0.0,0.0,0,0,0,NONE,NONE,False,,,7
3269,1850.0,1600.0,0.0,0.085,0.0,0.0,0.0,0,0,0,NONE,NONE,False,,,7
3270,1900.0,1600.0,0.0,0.085,0.0,0.0,0.0,0,0,0,NONE,NONE,False,,,7
3271,1950.0,1600.0,0.0,0.085,0.0,0.0,0.0,0,0,0,NONE,NONE,False,,,8
3272,2000.0,1600.0,0.0,0.085,0.0,0.0,0.0,0,0,0,NONE,NONE,False,,,9
3273,2050.0,1600.0,0.0,0.085,0.0,0.0,0.0,0,0,0,NONE,NONE,False,,,8
3274,2100.0,1600.0,0.0,0.085,0.0,0.0,0.0,0,0,0,NONE,NONE,False,,,7
3275,2150.0,1600.0,0.0,0.085,0.0,0.0,0.0,0,0,0,NONE,NONE,False,,,7
3276,2200.0,1600.0,0.0,0.085,0.0,0.0,0.0,0,0,0,NONE,NONE,False,,,6
3277,2250.0,1600.0,0.0,0.085,0.0,0.0,0.0,0,0,0,NONE,NONE,False,,,6
3278,2300.0,1600.0,0.0,0.085,0.0,0.0,0.0,0,0,0,NONE,NONE,False,,,5
3279,2350.0,1600.0,0.0,0.085,0.0,0.0,0.0,0,0,0,NONE,NONE,False,,,5
3280,2400.0,1600.0,0.0,0.085,0.0,0.0,0.0,0,0,0,NONE,NONE,False,,,5
3281,2450.0,1600.0,0.0,0.085,0.0,0.0,0.0,0,0,0,NONE,NONE,False,,,5
3282,2500.0,1600.0,0.0,0.085,0.0,0.0,0.0,0,0,0,NONE,NONE,False,,,6
3283,2550.0,1600.0,0.0,0.085,0.0,0.0,0.0,0,0,0,NONE,NONE,False,,,8
3284,2600.0,1600.0,0.0,0.085,0.0,0.0,0.0,0,0,0,NONE,NONE,False,,,9
3285,2650.0,1600.0,0.0,0.085,0.0,0.0,0.0,0,0,0,NONE,NONE,False,,,11
3286,2700.0,1600.0,0.0,0.085,0.0,0.0,0.0,0,0,0,NONE,NONE,False,,,11
3287,2750.0,1600.0,0.0,0.085,0.0,0.0,0.0,0,0,0,NONE,NONE,False,,,11
3288,2800.0,1600.0,0.0,0.085,0.0,0.0,0.0,0,0,0,NONE,NONE,False,,,11
3289,2850.0,1600.0,0.0,0.085,0.0,0.0,0.0,0,0,0,NONE,NONE,False,,,9
3290,2900.0,1600.0,0.0,0.085,0.0,0.0,0.0,0,0,0,NONE,NONE,False,,,7
3291,2950.0,1600.0,0.0,0.085,0.0,0.0,0.0,0,0,0,NONE,NONE,False,,,7
3292,3000.0,1600.0,0.0,0.085,0.0,0.0,0.0,0,0,0,NONE,NONE,False,,,6
3293,3050.0,1600.0,0.0,0.085,0.0,0.0,0.0,0,0,0,NONE,NONE,False,,,5
3294,3100.0,1600.0,0.0,0.085,0.0,0.0,0.0,0,0,0,NONE,NONE,False,,,6
3295,3150.0,1600.0,0.0,0.085,0.0,0.0,0.0,0,0,0,NONE,NONE,False,,,5
3296,3200.0,1600.0,0.0,0.085,0.0,0.0,0.0,0,0,0,NONE,NONE,False,,,5
3297,3250.0,1600.0,0.0,0.085,0.0,0.0,0.0,0,0,0,NONE,NONE,False,,,5
3298,3300.0,1600.0,0.0,0.085,0.0,0.0,0.0,0,0,0,NONE,NONE,False,,,7
3299,3350.0,1600.0,0.0,0.085,0.0,0.0,0.0,0,0,0,NONE,NONE,False,,,7
3300,3400.0,1600.0,0.0,0.085,0.0,0.0,0.0,0,0,0,NONE,NONE,False,,,6
3301,3450.0,1600.0,0.0,0.085,0.0,0.0,0.0,0,0,0,NONE,NONE,False,,,7
3302,3500.0,1600.0,0.0,0.085,0.0,0.0,0.0,0,0,0,NONE,NONE,False,,,6
3303,3550.0,1600.0,0.0,0.085,0.0,0.0,0.0,0,0,0,NONE,NONE,False,,,7
3304,3600.0,1600.0,0.0,0.085,0.0,0.0,0.0,0,0,0,NONE,NONE,False,,,6
3305,3650.0,1600.0,0.0,0.085,0.0,0.0,0.0,0,0,0,NONE,NONE,False,,,7
3306,3700.0,1600.0,0.0,0.085,0.0,0.0,0.0,0,0,0,NONE,NONE,False,,,5
3307,3750.0,1600.0,0.0,0.085,0.0,0.0,0.0,0,0,0,NONE,NONE,False,,,6
3308,3800.0,1600.0,0.0,0.085,0.0,0.0,0.0,0,0,0,NONE,NONE,False,,,4
3309,3850.0,1600.0,0.0,0.085,0.0,0.0,0.0,0,0,0,NONE,NONE,False,,,4
3310,3900.0,1600.0,0.0,0.085,0.0,0.0,0.0,0,0,0,NONE,NONE,False,,,3
3311,3950.0,1600.0,0.0,0.085,0.0,0.0,0.0,0,0,0,NONE,NONE,False,,,4
3312,4000.0,1600.0,0.0,0.085,0.0,0.0,0.0,0,0,0,NONE,NONE,False,,,3
3313,4050.0,1600.0,0.0,0.085,0.0,0.0,0.0,0,0,0,NONE,NONE,False,,,4
3314,4100.0,1600.0,0.0,0.085,0.0,0.0,0.0,0,0,0,NONE,NONE,False,,,3
3315,4150.0,1600.0,0.0,0.085,0.0,0.0,0.0,0,0,0,NONE,NONE,False,,,3
3316,4200.0,1600.0,0.0,0.085,0.0,0.0,0.0,0,0,0,NONE,NONE,False,,,2
3317,4250.0,1600.0,0.0,0.085,0.0,0.0,0.0,0,0,0,NONE,NONE,False,,,2
3318,4300.0,1600.0,0.0,0.085,0.0,0.0,0.0,0,0,0,NONE,NONE,False,,,2
3319,4350.0,1600.0,0.0,0.085,0.0,0.0,0.0,0,0,0,NONE,NONE,False,,,2
3320,4400.0,1600.0,0.0,0.085,0.0,0.0,0.0,0,0,0,NONE,NONE,False,,,2
3321,4450.0,1600.0,0.0,0.085,0.0,0.0,0.0,0,0,0,NONE,NONE,False,,,3
3322,4500.0,1600.0,0.0,0.085,0.0,0.0,0.0,0,0,0,NONE,NONE,False,,,4
3323,4550.0,1600.0,0.0,0.085,0.0,0.0,0.0,0,0,0,NONE,NONE,False,,,4
3324,4600.0,1600.0,0.0,0.085,0.0,0.0,0.0,0,0,0,NONE,NONE,False,,,6
3325,4650.0,1600.0,0.0,0.085,0.0,0.0,0.0,0,0,0,NONE,NONE,False,,,5
3326,4700.0,1600.0,0.0,0.085,0.0,0.0,0.0,0,0,0,NONE,NONE,False,,,6
3327,4750.0,1600.0,0.0,0.085,0.0,0.0,0.0,0,0,0,NONE,NONE,False,,,5
3328,4800.0,1600.0,0.0,0.085,0.0,0.0,0.0,0,0,0,NONE,NONE,False,,,5
3329,4850.0,1600.0,0.0,0.085,0.0,0.0,0.0,0,0,0,NONE,NONE,False,,,6
3330,4900.0,1600.0,0.0,0.085,0.0,0.0,0.0,0,0,0,NONE,NONE,False,,,5
3331,4950.0,1600.0,0.0,0.085,0.0,0.0,0.0,0,0,0,NONE,NONE,False,,,4
3332,5000.0,1600.0,0.0,0.085,0.0,0.0,0.0,0,0,0,NONE,NONE,False,,,2
3333,0.0,1650.0,0.0,0.085,0.0,0.0,0.0,0,0,0,NONE,NONE,False,,,1
3334,50.0,1650.0,0.0,0.085,0.0,0.0,0.0,0,0,0,NONE,NONE,False,,,2
3335,100.0,1650.0,0.0,0.085,0.0,0.0,0.0,0,0,0,NONE,NONE,False,,,4
3336,150.0,1650.0,0.0,0.085,0.0,0.0,0.0,0,0,0,NONE,NONE,False,,,4
3337,200.0,1650.0,0.0,0.085,0.0,0.0,0.0,0,0,0,NONE,NONE,False,,,4
3338,250.0,1650.0,0.0,0.085,0.0,0.0,0.0,0,0,0,NONE,NONE,False,,,4
3339,300.0,1650.0,0.0,0.085,0.0,0.0,0.0,0,0,0,NONE,NONE,False,,,4
3340,350.0,1650.0,0.0,0.085,0.0,0.0,0.0,0,0,0,NONE,NONE,False,,,5
3341,400.0,1650.0,0.0,0.085,0.0,0.0,0.0,0,0,0,NONE,NONE,False,,,3
3342,450.0,1650.0,0.0,0.085,0.0,0.0,0.0,0,0,0,NONE,NONE,False,,,3
3343,500.0,1650.0,0.0,0.085,0.0,0.0,0.0,0,0,0,NONE,NONE,False,,,6
3344,550.0,1650.0,0.0,0.085,0.0,0.0,0.0,0,0,0,NONE,NONE,False,,,5
3345,600.0,1650.0,0.0,0.085,0.0,0.0,0.0,0,0,0,NONE,NONE,False,,,6
3346,650.0,1650.0,0.0,0.085,0.0,0.0,0.0,0,0,0,NONE,NONE,False,,,7
3347,700.0,1650.0,0.0,0.085,0.0,0.0,0.0,0,0,0,NONE,NONE,False,,,7
3348,750.0,1650.0,0.0,0.085,0.0,0.0,0.0,0,0,0,NONE,NONE,False,,,7
3349,800.0,1650.0,0.0,0.085,0.0,0.0,0.0,0,0,0,NONE,NONE,False,,,5
3350,850.0,1650.0,0.0,0.085,0.0,0.0,0.0,0,0,0,NONE,NONE,False,,,3
3351,900.0,1650.0,0.0,10.0,1.0,0.0,1.0,1,0,0,NONE,NONE,False,,,0
3352,950.0,1650.0,0.0,10.0,1.0,0.0,1.0,1,0,0,NONE,NONE,False,,,0
3353,1000.0,1650.0,0.0,10.0,1.0,0.0,1.0,1,0,0,NONE,NONE,False,,,0
3354,1050.0,1650.0,0.0,10.0,1.0,0.0,1.0,1,0,0,NONE,NONE,False,,,0
3355,1100.0,1650.0,0.0,10.0,1.0,0.0,1.0,1,0,0,NONE,NONE,False,,,0
3356,1150.0,1650.0,0.0,10.0,1.0,0.0,1.0,1,0,0,NONE,NONE,False,,,0
3357,1200.0,1650.0,0.0,10.0,1.0,0.0,1.0,1,0,0,NONE,NONE,False,,,0
3358,1250.0,1650.0,0.0,10.0,1.0,0.0,1.0,1,0,0,NONE,NONE,False,,,0
3359,1300.0,1650.0,0.0,10.0,1.0,0.0,1.0,1,0,0,NONE,NONE,False,,,0
3360,1350.0,1650.0,0.0,10.0,1.0,0.0,1.0,1,0,0,NONE,NONE,False,,,0
3361,1400.0,1650.0,0.0,10.0,1.0,0.0,1.0,1,0,0,NONE,NONE,False,,,0
3362,1450.0,1650.0,0.0,10.0,1.0,0.0,1.0,1,0,0,NONE,NONE,False,,,0
3363,1500.0,1650.0,0.0,0.085,0.0,0.0,0.0,0,0,0,NONE,NONE,False,,,3
3364,1550.0,1650.0,0.0,0.085,0.0,0.0,0.0,0,0,0,NONE,NONE,False,,,4
3365,1600.0,1650.0,0.0,0.085,0.0,0.0,0.0,0,0,0,NONE,NONE,False,,,6
3366,1650.0,1650.0,0.0,0.085,0.0,0.0,0.0,0,0,0,NONE,NONE,False,,,7
3367,1700.0,1650.0,0.0,0.085,0.0,0.0,0.0,0,0,0,NONE,NONE,False,,,8
3368,1750.0,1650.0,0.0,0.085,0.0,0.0,0.0,0,0,0,NONE,NONE,False,,,8
3369,1800.0,1650.0,0.0,0.085,0.0,0.0,0.0,0,0,0,NONE,NONE,False,,,8
3370,1850.0,1650.0,0.0,0.085,0.0,0.0,0.0,0,0,0,NONE,NONE,False,,,7
3371,1900.0,1650.0,0.0,0.085,0.0,0.0,0.0,0,0,0,NONE,NONE,False,,,8
3372,1950.0,1650.0,0.0,0.085,0.0,0.0,0.0,0,0,0,NONE,NONE,False,,,8
3373,2000.0,1650.0,0.0,0.085,0.0,0.0,0.0,0,0,0,NONE,NONE,False,,,8
3374,2050.0,1650.0,0.0,0.085,0.0,0.0,0.0,0,0,0,NONE,NONE,False,,,7
3375,2100.0,1650.0,0.0,0.085,0.0,0.0,0.0,0,0,0,NONE,NONE,False,,,6
3376,2150.0,1650.0,0.0,0.085,0.0,0.0,0.0,0,0,0,NONE,NONE,False,,,5
3377,2200.0,1650.0,0.0,0.085,0.0,0.0,0.0,0,0,0,NONE,NONE,False,,,5
3378,2250.0,1650.0,0.0,0.085,0.0,0.0,0.0,0,0,0,NONE,NONE,False,,,4
3379,2300.0,1650.0,0.0,0.085,0.0,0.0,0.0,0,0,0,NONE,NONE,False,,,4
3380,2350.0,1650.0,0.0,0.085,0.0,0.0,0.0,0,0,0,NONE,NONE,False,,,4
3381,2400.0,1650.0,0.0,0.085,0.0,0.0,0.0,0,0,0,NONE,NONE,False,,,4
3382,2450.0,1650.0,0.0,0.085,0.0,0.0,0.0,0,0,0,NONE,NONE,False,,,5
3383,2500.0,1650.0,0.0,0.085,0.0,0.0,0.0,0,0,0,NONE,NONE,False,,,5
3384,2550.0,1650.0,0.0,0.085,0.0,0.0,0.0,0,0,0,NONE,NONE,False,,,6
3385,2600.0,1650.0,0.0,0.085,0.0,0.0,0.0,0,0,0,NONE,NONE,False,,,8
3386,2650.0,1650.0,0.0,0.085,0.0,0.0,0.0,0,0,0,NONE,NONE,False,,,9
3387,2700.0,1650.0,0.0,0.085,0.0,0.0,0.0,0,0,0,NONE,NONE,False,,,11
3388,2750.0,1650.0,0.0,0.085,0.0,0.0,0.0,0,0,0,NONE,NONE,False,,,11
3389,2800.0,1650.0,0.0,0.085,0.0,0.0,0.0,0,0,0,NONE,NONE,False,,,11
3390,2850.0,1650.0,0.0,0.085,0.0,0.0,0.0,0,0,0,NONE,NONE,True,major,TN5,11
3391,2900.0,1650.0,0.0,0.085,0.0,0.0,0.0,0,0,0,NONE,NONE,False,,,9
3392,2950.0,1650.0,0.0,0.085,0.0,0.0,0.0,0,0,0,NONE,NONE,False,,,7
3393,3000.0,1650.0,0.0,0.085,0.0,0.0,0.0,0,0,0,NONE,NONE,False,,,7
3394,3050.0,1650.0,0.0,0.085,0.0,0.0,0.0,0,0,0,NONE,NONE,False,,,6
3395,3100.0,1650.0,0.0,0.085,0.0,0.0,0.0,0,0,0,NONE,NONE,False,,,7
3396,3150.0,1650.0,0.0,0.085,0.0,0.0,0.0,0,0,0,NONE,NONE,False,,,6
3397,3200.0,1650.0,0.0,0.085,0.0,0.0,0.0,0,0,0,NONE,NONE,False,,,5
3398,3250.0,1650.0,0.0,0.085,0.0,0.0,0.0,0,0,0,NONE,NONE,False,,,6
3399,3300.0,1650.0,0.0,0.085,0.0,0.0,0.0,0,0,0,NONE,NONE,False,,,5
3400,3350.0,1650.0,0.0,0.085,0.0,0.0,0.0,0,0,0,NONE,NONE,False,,,6
3401,3400.0,1650.0,0.0,0.085,0.0,0.0,0.0,0,0,0,NONE,NONE,False,,,6
3402,3450.0,1650.0,0.0,0.085,0.0,0.0,0.0,0,0,0,NONE,NONE,False,,,5
3403,3500.0,1650.0,0.0,0.085,0.0,0.0,0.0,0,0,0,NONE,NONE,False,,,5
3404,3550.0,1650.0,0.0,0.085,0.0,0.0,0.0,0,0,0,NONE,NONE,False,,,6
3405,3600.0,1650.0,0.0,0.085,0.0,0.0,0.0,0,0,0,NONE,NONE,False,,,5
3406,3650.0,1650.0,0.0,0.085,0.0,0.0,0.0,0,0,0,NONE,NONE,False,,,6
3407,3700.0,1650.0,0.0,0.085,0.0,0.0,0.0,0,0,0,NONE,NONE,False,,,5
3408,3750.0,1650.0,0.0,0.085,0.0,0.0,0.0,0,0,0,NONE,NONE,False,,,5
3409,3800.0,1650.0,0.0,0.085,0.0,0.0,0.0,0,0,0,NONE,NONE,False,,,5
3410,3850.0,1650.0,0.0,0.085,0.0,0.0,0.0,0,0,0,NONE,NONE,False,,,5
3411,3900.0,1650.0,0.0,0.085,0.0,0.0,0.0,0,0,0,NONE,NONE,False,,,3
3412,3950.0,1650.0,0.0,0.085,0.0,0.0,0.0,0,0,0,NONE,NONE,False,,,4
3413,4000.0,1650.0,0.0,0.085,0.0,0.0,0.0,0,0,0,NONE,NONE,False,,,3
3414,4050.0,1650.0,0.0,0.085,0.0,0.0,0.0,0,0,0,NONE,NONE,False,,,4
3415,4100.0,1650.0,0.0,0.085,0.0,0.0,0.0,0,0,0,NONE,NONE,False,,,3
3416,4150.0,1650.0,0.0,0.085,0.0,0.0,0.0,0,0,0,NONE,NONE,False,,,3
3417,4200.0,1650.0,0.0,0.085,0.0,0.0,0.0,0,0,0,NONE,NONE,False,,,2
3418,4250.0,1650.0,0.0,0.085,0.0,0.0,0.0,0,0,0,NONE,NONE,False,,,2
3419,4300.0,1650.0,0.0,0.085,0.0,0.0,0.0,0,0,0,NONE,NONE,False,,,1
3420,4350.0,1650.0,0.0,0.085,0.0,0.0,0.0,0,0,0,NONE,NONE,False,,,2
3421,4400.0,1650.0,0.0,0.085,0.0,0.0,0.0,0,0,0,NONE,NONE,False,,,2
3422,4450.0,1650.0,0.0,0.085,0.0,0.0,0.0,0,0,0,NONE,NONE,False,,,2
3423,4500.0,1650.0,0.0,0.085,0.0,0.0,0.0,0,0,0,NONE,NONE,False,,,4
3424,4550.0,1650.0,0.0,0.085,0.0,0.0,0.0,0,0,0,NONE,NONE,False,,,5
3425,4600.0,1650.0,0.0,0.085,0.0,0.0,0.0,0,0,0,NONE,NONE,False,,,5
3426,4650.0,1650.0,0.0,0.085,0.0,0.0,0.0,0,0,0,NONE,NONE,False,,,6
3427,4700.0,1650.0,0.0,0.085,0.0,0.0,0.0,0,0,0,NONE,NONE,False,,,6
3428,4750.0,1650.0,0.0,0.085,0.0,0.0,0.0,0,0,0,NONE,NONE,True,minor,TN19,7
3429,4800.0,1650.0,0.0,0.085,0.0,0.0,0.0,0,0,0,NONE,NONE,False,,,6
3430,4850.0,1650.0,0.0,0.085,0.0,0.0,0.0,0,0,0,NONE,NONE,False,,,6
3431,4900.0,1650.0,0.0,0.085,0.0,0.0,0.0,0,0,0,NONE,NONE,False,,,4
3432,4950.0,1650.0,0.0,0.085,0.0,0.0,0.0,0,0,0,NONE,NONE,False,,,4
3433,5000.0,1650.0,0.0,0.085,0.0,0.0,0.0,0,0,0,NONE,NONE,False,,,2
3434,0.0,1700.0,0.0,0.085,0.0,0.0,0.0,0,0,0,NONE,NONE,False,,,1
3435,50.0,1700.0,0.0,0.085,0.0,0.0,0.0,0,0,0,NONE,NONE,False,,,2
3436,100.0,1700.0,0.0,0.085,0.0,0.0,0.0,0,0,0,NONE,NONE,False,,,3
3437,150.0,1700.0,0.0,0.085,0.0,0.0,0.0,0,0,0,NONE,NONE,False,,,4
3438,200.0,1700.0,0.0,0.085,0.0,0.0,0.0,0,0,0,NONE,NONE,False,,,4
3439,250.0,1700.0,0.0,0.085,0.0,0.0,0.0,0,0,0,NONE,NONE,False,,,4
3440,300.0,1700.0,0.0,0.085,0.0,0.0,0.0,0,0,0,NONE,NONE,False,,,4
3441,350.0,1700.0,0.0,0.085,0.0,0.0,0.0,0,0,0,NONE,NONE,False,,,4
3442,400.0,1700.0,0.0,0.085,0.0,0.0,0.0,0,0,0,NONE,NONE,False,,,3
3443,450.0,1700.0,0.0,0.085,0.0,0.0,0.0,0,0,0,NONE,NONE,False,,,4
3444,500.0,1700.0,0.0,0.085,0.0,0.0,0.0,0,0,0,NONE,NONE,False,,,4
3445,550.0,1700.0,0.0,0.085,0.0,0.0,0.0,0,0,0,NONE,NONE,False,,,5
3446,600.0,1700.0,0.0,0.085,0.0,0.0,0.0,0,0,0,NONE,NONE,False,,,7
3447,650.0,1700.0,0.0,0.085,0.0,0.0,0.0,0,0,0,NONE,NONE,False,,,7
3448,700.0,1700.0,0.0,0.085,0.0,0.0,0.0,0,0,0,NONE,NONE,False,,,7
3449,750.0,1700.0,0.0,0.085,0.0,0.0,0.0,0,0,0,NONE,NONE,False,,,7
3450,800.0,1700.0,0.0,0.085,0.0,0.0,0.0,0,0,0,NONE,NONE,False,,,5
3451,850.0,1700.0,0.0,0.085,0.0,0.0,0.0,0,0,0,NONE,NONE,False,,,4
3452,900.0,1700.0,0.0,0.085,0.0,0.0,0.0,0,0,0,NONE,NONE,False,,,3
3453,950.0,1700.0,0.0,10.0,1.0,0.0,1.0,1,0,0,NONE,NONE,False,,,0
3454,1000.0,1700.0,0.0,10.0,1.0,0.0,1.0,1,0,0,NONE,NONE,False,,,0
3455,1050.0,1700.0,0.0,10.0,1.0,0.0,1.0,1,0,0,NONE,NONE,False,,,0
3456,1100.0,1700.0,0.0,10.0,1.0,0.0,1.0,1,0,0,NONE,NONE,False,,,0
3457,1150.0,1700.0,0.0,10.0,1.0,0.0,1.0,1,0,0,NONE,NONE,False,,,0
3458,1200.0,1700.0,0.0,10.0,1.0,0.0,1.0,1,0,0,NONE,NONE,False,,,0
3459,1250.0,1700.0,0.0,10.0,1.0,0.0,1.0,1,0,0,NONE,NONE,False,,,0
3460,1300.0,1700.0,0.0,10.0,1.0,0.0,1.0,1,0,0,NONE,NONE,False,,,0
3461,1350.0,1700.0,0.0,10.0,1.0,0.0,1.0,1,0,0,NONE,NONE,False,,,0
3462,1400.0,1700.0,0.0,10.0,1.0,0.0,1.0,1,0,0,NONE,NONE,False,,,0
3463,1450.0,1700.0,0.0,10.0,1.0,0.0,1.0,1,0,0,NONE,NONE,False,,,0
3464,1500.0,1700.0,0.0,10.0,1.0,0.0,1.0,1,0,0,NONE,NONE,False,,,0
3465,1550.0,1700.0,0.0,0.085,0.0,0.0,0.0,0,0,0,NONE,NONE,False,,,5
3466,1600.0,1700.0,0.0,0.085,0.0,0.0,0.0,0,0,0,NONE,NONE,False,,,6
3467,1650.0,1700.0,0.0,0.085,0.0,0.0,0.0,0,0,0,NONE,NONE,False,,,8
3468,1700.0,1700.0,0.0,0.085,0.0,0.0,0.0,0,0,0,NONE,NONE,False,,,8
3469,1750.0,1700.0,0.0,0.085,0.0,0.0,0.0,0,0,0,NONE,NONE,False,,,9
3470,1800.0,1700.0,0.0,0.085,0.0,0.0,0.0,0,0,0,NONE,NONE,False,,,9
3471,1850.0,1700.0,0.0,0.085,0.0,0.0,0.0,0,0,0,NONE,NONE,False,,,8
3472,1900.0,1700.0,0.0,0.085,0.0,0.0,0.0,0,0,0,NONE,NONE,False,,,9
3473,1950.0,1700.0,0.0,0.085,0.0,0.0,0.0,0,0,0,NONE,NONE,False,,,8
3474,2000.0,1700.0,0.0,0.085,0.0,0.0,0.0,0,0,0,NONE,NONE,False,,,7
3475,2050.0,1700.0,0.0,0.085,0.0,0.0,0.0,0,0,0,NONE,NONE,False,,,6
3476,2100.0,1700.0,0.0,0.085,0.0,0.0,0.0,0,0,0,NONE,NONE,False,,,5
3477,2150.0,1700.0,0.0,0.085,0.0,0.0,0.0,0,0,0,NONE,NONE,False,,,4
3478,2200.0,1700.0,0.0,0.085,0.0,0.0,0.0,0,0,0,NONE,NONE,False,,,3
3479,2250.0,1700.0,0.0,10.0,0.0,1.0,1.0,0,1,0,NONE,NONE,False,,,0
3480,2300.0,1700.0,0.0,10.0,0.0,1.0,1.0,0,1,0,NONE,NONE,False,,,0
3481,2350.0,1700.0,0.0,10.0,0.0,1.0,1.0,0,1,0,NONE,NONE,False,,,0
3482,2400.0,1700.0,0.0,10.0,0.0,1.0,1.0,0,1,0,NONE,NONE,False,,,0
3483,2450.0,1700.0,0.0,10.0,0.0,1.0,1.0,0,1,0,NONE,NONE,False,,,0
3484,2500.0,1700.0,0.0,10.0,0.0,1.0,1.0,0,1,0,NONE,NONE,False,,,0
3485,2550.0,1700.0,0.0,10.0,0.0,1.0,1.0,0,1,0,NONE,NONE,False,,,0
3486,2600.0,1700.0,0.0,0.085,0.0,0.0,0.0,0,0,0,NONE,NONE,False,,,6
3487,2650.0,1700.0,0.0,0.085,0.0,0.0,0.0,0,0,0,NONE,NONE,False,,,7
3488,2700.0,1700.0,0.0,0.085,0.0,0.0,0.0,0,0,0,NONE,NONE,False,,,7
3489,2750.0,1700.0,0.0,0.085,0.0,0.0,0.0,0,0,0,NONE,NONE,False,,,9
3490,2800.0,1700.0,0.0,0.085,0.0,0.0,0.0,0,0,0,NONE,NONE,False,,,10
3491,2850.0,1700.0,0.0,0.085,0.0,0.0,0.0,0,0,0,NONE,NONE,False,,,10
3492,2900.0,1700.0,0.0,0.085,0.0,0.0,0.0,0,0,0,NONE,NONE,False,,,11
3493,2950.0,1700.0,0.0,0.085,0.0,0.0,0.0,0,0,0,NONE,NONE,False,,,8
3494,3000.0,1700.0,0.0,0.085,0.0,0.0,0.0,0,0,0,NONE,NONE,False,,,6
3495,3050.0,1700.0,0.0,0.085,0.0,0.0,0.0,0,0,0,NONE,NONE,False,,,6
3496,3100.0,1700.0,0.0,0.085,0.0,0.0,0.0,0,0,0,NONE,NONE,False,,,5
3497,3150.0,1700.0,0.0,0.085,0.0,0.0,0.0,0,0,0,NONE,NONE,False,,,6
3498,3200.0,1700.0,0.0,0.085,0.0,0.0,0.0,0,0,0,NONE,NONE,False,,,6
3499,3250.0,1700.0,0.0,0.085,0.0,0.0,0.0,0,0,0,NONE,NONE,False,,,5
3500,3300.0,1700.0,0.0,0.085,0.0,0.0,0.0,0,0,0,NONE,NONE,False,,,6
3501,3350.0,1700.0,0.0,0.085,0.0,0.0,0.0,0,0,0,NONE,NONE,False,,,5
3502,3400.0,1700.0,0.0,0.085,0.0,0.0,0.0,0,0,0,NONE,NONE,False,,,5
3503,3450.0,1700.0,0.0,0.085,0.0,0.0,0.0,0,0,0,NONE,NONE,False,,,6
3504,3500.0,1700.0,0.0,0.085,0.0,0.0,0.0,0,0,0,NONE,NONE,False,,,5
3505,3550.0,1700.0,0.0,0.085,0.0,0.0,0.0,0,0,0,NONE,NONE,False,,,5
3506,3600.0,1700.0,0.0,0.085,0.0,0.0,0.0,0,0,0,NONE,NONE,False,,,6
3507,3650.0,1700.0,0.0,0.085,0.0,0.0,0.0,0,0,0,NONE,NONE,False,,,6
3508,3700.0,1700.0,0.0,0.085,0.0,0.0,0.0,0,0,0,NONE,NONE,False,,,5
3509,3750.0,1700.0,0.0,0.085,0.0,0.0,0.0,0,0,0,NONE,NONE,False,,,6
3510,3800.0,1700.0,0.0,0.085,0.0,0.0,0.0,0,0,0,NONE,NONE,False,,,4
3511,3850.0,1700.0,0.0,0.085,0.0,0.0,0.0,0,0,0,NONE,NONE,False,,,6
3512,3900.0,1700.0,0.0,0.085,0.0,0.0,0.0,0,0,0,NONE,NONE,False,,,4
3513,3950.0,1700.0,0.0,0.085,0.0,0.0,0.0,0,0,0,NONE,NONE,False,,,5
3514,4000.0,1700.0,0.0,0.085,0.0,0.0,0.0,0,0,0,NONE,NONE,False,,,4
3515,4050.0,1700.0,0.0,0.085,0.0,0.0,0.0,0,0,0,NONE,NONE,False,,,4
3516,4100.0,1700.0,0.0,0.085,0.0,0.0,0.0,0,0,0,NONE,NONE,False,,,3
3517,4150.0,1700.0,0.0,0.085,0.0,0.0,0.0,0,0,0,NONE,NONE,False,,,3
3518,4200.0,1700.0,0.0,0.085,0.0,0.0,0.0,0,0,0,NONE,NONE,False,,,2
3519,4250.0,1700.0,0.0,0.085,0.0,0.0,0.0,0,0,0,NONE,NONE,False,,,2
3520,4300.0,1700.0,0.0,10.0,1.0,0.0,1.0,1,0,0,NONE,NONE,False,,,0
3521,4350.0,1700.0,0.0,10.0,1.0,0.0,1.0,1,0,0,NONE,NONE,False,,,0
3522,4400.0,1700.0,0.0,10.0,1.0,0.0,1.0,1,0,0,NONE,NONE,False,,,0
3523,4450.0,1700.0,0.0,0.085,0.0,0.0,0.0,0,0,0,NONE,NONE,False,,,2
3524,4500.0,1700.0,0.0,0.085,0.0,0.0,0.0,0,0,0,NONE,NONE,False,,,4
3525,4550.0,1700.0,0.0,0.085,0.0,0.0,0.0,0,0,0,NONE,NONE,False,,,5
3526,4600.0,1700.0,0.0,0.085,0.0,0.0,0.0,0,0,0,NONE,NONE,False,,,6
3527,4650.0,1700.0,0.0,0.085,0.0,0.0,0.0,0,0,0,NONE,NONE,False,,,6
3528,4700.0,1700.0,0.0,0.085,0.0,0.0,0.0,0,0,0,NONE,NONE,False,,,6
3529,4750.0,1700.0,0.0,0.085,0.0,0.0,0.0,0,0,0,NONE,NONE,False,,,7
3530,4800.0,1700.0,0.0,0.085,0.0,0.0,0.0,0,0,0,NONE,NONE,False,,,6
3531,4850.0,1700.0,0.0,0.085,0.0,0.0,0.0,0,0,0,NONE,NONE,False,,,6
3532,4900.0,1700.0,0.0,0.085,0.0,0.0,0.0,0,0,0,NONE,NONE,False,,,4
3533,4950.0,1700.0,0.0,0.085,0.0,0.0,0.0,0,0,0,NONE,NONE,False,,,4
3534,5000.0,1700.0,0.0,0.085,0.0,0.0,0.0,0,0,0,NONE,NONE,False,,,3
3535,0.0,1750.0,0.0,0.085,0.0,0.0,0.0,0,0,0,NONE,NONE,False,,,1
3536,50.0,1750.0,0.0,0.085,0.0,0.0,0.0,0,0,0,NONE,NONE,False,,,2
3537,100.0,1750.0,0.0,0.085,0.0,0.0,0.0,0,0,0,NONE,NONE,False,,,3
3538,150.0,1750.0,0.0,0.085,0.0,0.0,0.0,0,0,0,NONE,NONE,False,,,4
3539,200.0,1750.0,0.0,0.085,0.0,0.0,0.0,0,0,0,NONE,NONE,False,,,4
3540,250.0,1750.0,0.0,0.085,0.0,0.0,0.0,0,0,0,NONE,NONE,False,,,5
3541,300.0,1750.0,0.0,0.085,0.0,0.0,0.0,0,0,0,NONE,NONE,False,,,4
3542,350.0,1750.0,0.0,0.085,0.0,0.0,0.0,0,0,0,NONE,NONE,False,,,3
3543,400.0,1750.0,0.0,0.085,0.0,0.0,0.0,0,0,0,NONE,NONE,False,,,4
3544,450.0,1750.0,0.0,0.085,0.0,0.0,0.0,0,0,0,NONE,NONE,False,,,4
3545,500.0,1750.0,0.0,0.085,0.0,0.0,0.0,0,0,0,NONE,NONE,False,,,5
3546,550.0,1750.0,0.0,0.085,0.0,0.0,0.0,0,0,0,NONE,NONE,False,,,6
3547,600.0,1750.0,0.0,0.085,0.0,0.0,0.0,0,0,0,NONE,NONE,False,,,6
3548,650.0,1750.0,0.0,0.085,0.0,0.0,0.0,0,0,0,NONE,NONE,False,,,6
3549,700.0,1750.0,0.0,0.085,0.0,0.0,0.0,0,0,0,NONE,NONE,True,major,TN12,8
3550,750.0,1750.0,0.0,0.085,0.0,0.0,0.0,0,0,0,NONE,NONE,False,,,6
3551,800.0,1750.0,0.0,0.085,0.0,0.0,0.0,0,0,0,NONE,NONE,False,,,6
3552,850.0,1750.0,0.0,0.085,0.0,0.0,0.0,0,0,0,NONE,NONE,False,,,5
3553,900.0,1750.0,0.0,0.085,0.0,0.0,0.0,0,0,0,NONE,NONE,False,,,3
3554,950.0,1750.0,0.0,0.085,0.0,0.0,0.0,0,0,0,NONE,NONE,False,,,1
3555,1000.0,1750.0,0.0,10.0,1.0,0.0,1.0,1,0,0,NONE,NONE,False,,,0
3556,1050.0,1750.0,0.0,10.0,1.0,0.0,1.0,1,0,0,NONE,NONE,False,,,0
3557,1100.0,1750.0,0.0,0.085,0.0,0.0,0.0,0,0,0,NONE,NONE,False,,,0
3558,1150.0,1750.0,0.0,10.0,1.0,0.0,1.0,1,0,0,NONE,NONE,False,,,0
3559,1200.0,1750.0,0.0,10.0,1.0,0.0,1.0,1,0,0,NONE,NONE,False,,,0
3560,1250.0,1750.0,0.0,10.0,1.0,0.0,1.0,1,0,0,NONE,NONE,False,,,0
3561,1300.0,1750.0,0.0,10.0,1.0,0.0,1.0,1,0,0,NONE,NONE,False,,,0
3562,1350.0,1750.0,0.0,10.0,1.0,0.0,1.0,1,0,0,NONE,NONE,False,,,0
3563,1400.0,1750.0,0.0,10.0,1.0,0.0,1.0,1,0,0,NONE,NONE,False,,,0
3564,1450.0,1750.0,0.0,10.0,1.0,0.0,1.0,1,0,0,NONE,NONE,False,,,0
3565,1500.0,1750.0,0.0,10.0,1.0,0.0,1.0,1,0,0,NONE,NONE,False,,,0
3566,1550.0,1750.0,0.0,0.085,0.0,0.0,0.0,0,0,0,NONE,NONE,False,,,6
3567,1600.0,1750.0,0.0,0.085,0.0,0.0,0.0,0,0,0,NONE,NONE,False,,,7
3568,1650.0,1750.0,0.0,0.085,0.0,0.0,0.0,0,0,0,NONE,NONE,False,,,7
3569,1700.0,1750.0,0.0,0.085,0.0,0.0,0.0,0,0,0,NONE,NONE,False,,,9
3570,1750.0,1750.0,0.0,0.085,0.0,0.0,0.0,0,0,0,NONE,NONE,False,,,9
3571,1800.0,1750.0,0.0,0.085,0.0,0.0,0.0,0,0,0,NONE,NONE,False,,,10
3572,1850.0,1750.0,0.0,0.085,0.0,0.0,0.0,0,0,0,NONE,NONE,False,,,9
3573,1900.0,1750.0,0.0,0.085,0.0,0.0,0.0,0,0,0,NONE,NONE,False,,,7
3574,1950.0,1750.0,0.0,0.085,0.0,0.0,0.0,0,0,0,NONE,NONE,False,,,6
3575,2000.0,1750.0,0.0,0.085,0.0,0.0,0.0,0,0,0,NONE,NONE,False,,,5
3576,2050.0,1750.0,0.0,0.085,0.0,0.0,0.0,0,0,0,NONE,NONE,False,,,4
3577,2100.0,1750.0,0.0,0.085,0.0,0.0,0.0,0,0,0,NONE,NONE,False,,,2
3578,2150.0,1750.0,0.0,10.0,0.0,1.0,1.0,0,1,0,NONE,NONE,False,,,0
3579,2200.0,1750.0,0.0,10.0,0.0,1.0,1.0,0,1,0,NONE,NONE,False,,,0
3580,2250.0,1750.0,0.0,10.0,0.0,1.0,1.0,0,1,0,NONE,NONE,False,,,0
3581,2300.0,1750.0,0.0,10.0,0.0,1.0,1.0,0,1,0,NONE,NONE,False,,,0
3582,2350.0,1750.0,0.0,10.0,0.0,1.0,1.0,0,1,0,NONE,NONE,False,,,0
3583,2400.0,1750.0,0.0,10.0,0.0,1.0,1.0,0,1,0,NONE,NONE,False,,,0
3584,2450.0,1750.0,0.0,10.0,0.0,1.0,1.0,0,1,0,NONE,NONE,False,,,0
3585,2500.0,1750.0,0.0,10.0,0.0,1.0,1.0,0,1,0,NONE,NONE,False,,,0
3586,2550.0,1750.0,0.0,10.0,0.0,1.0,1.0,0,1,0,NONE,NONE,False,,,0
3587,2600.0,1750.0,0.0,10.0,0.0,1.0,1.0,0,1,0,NONE,NONE,False,,,0
3588,2650.0,1750.0,0.0,10.0,0.0,1.0,1.0,0,1,0,NONE,NONE,False,,,0
3589,2700.0,1750.0,0.0,0.085,0.0,0.0,0.0,0,0,0,NONE,NONE,False,,,5
3590,2750.0,1750.0,0.0,0.085,0.0,0.0,0.0,0,0,0,NONE,NONE,False,,,6
3591,2800.0,1750.0,0.0,0.085,0.0,0.0,0.0,0,0,0,NONE,NONE,False,,,8
3592,2850.0,1750.0,0.0,0.085,0.0,0.0,0.0,0,0,0,NONE,NONE,False,,,8
3593,2900.0,1750.0,0.0,0.085,0.0,0.0,0.0,0,0,0,NONE,NONE,False,,,8
3594,2950.0,1750.0,0.0,0.085,0.0,0.0,0.0,0,0,0,NONE,NONE,False,,,9
3595,3000.0,1750.0,0.0,0.085,0.0,0.0,0.0,0,0,0,NONE,NONE,False,,,7
3596,3050.0,1750.0,0.0,0.085,0.0,0.0,0.0,0,0,0,NONE,NONE,False,,,6
3597,3100.0,1750.0,0.0,0.085,0.0,0.0,0.0,0,0,0,NONE,NONE,False,,,6
3598,3150.0,1750.0,0.0,0.085,0.0,0.0,0.0,0,0,0,NONE,NONE,False,,,4
3599,3200.0,1750.0,0.0,0.085,0.0,0.0,0.0,0,0,0,NONE,NONE,False,,,5
3600,3250.0,1750.0,0.0,0.085,0.0,0.0,0.0,0,0,0,NONE,NONE,False,,,5
3601,3300.0,1750.0,0.0,0.085,0.0,0.0,0.0,0,0,0,NONE,NONE,False,,,6
3602,3350.0,1750.0,0.0,0.085,0.0,0.0,0.0,0,0,0,NONE,NONE,False,,,5
3603,3400.0,1750.0,0.0,0.085,0.0,0.0,0.0,0,0,0,NONE,NONE,False,,,5
3604,3450.0,1750.0,0.0,0.085,0.0,0.0,0.0,0,0,0,NONE,NONE,False,,,6
3605,3500.0,1750.0,0.0,0.085,0.0,0.0,0.0,0,0,0,NONE,NONE,False,,,5
3606,3550.0,1750.0,0.0,0.085,0.0,0.0,0.0,0,0,0,NONE,NONE,False,,,5
3607,3600.0,1750.0,0.0,0.085,0.0,0.0,0.0,0,0,0,NONE,NONE,False,,,5
3608,3650.0,1750.0,0.0,0.085,0.0,0.0,0.0,0,0,0,NONE,NONE,False,,,6
3609,3700.0,1750.0,0.0,0.085,0.0,0.0,0.0,0,0,0,NONE,NONE,False,,,5
3610,3750.0,1750.0,0.0,0.085,0.0,0.0,0.0,0,0,0,NONE,NONE,False,,,6
3611,3800.0,1750.0,0.0,0.085,0.0,0.0,0.0,0,0,0,NONE,NONE,False,,,6
3612,3850.0,1750.0,0.0,0.085,0.0,0.0,0.0,0,0,0,NONE,NONE,False,,,5
3613,3900.0,1750.0,0.0,0.085,0.0,0.0,0.0,0,0,0,NONE,NONE,False,,,4
3614,3950.0,1750.0,0.0,0.085,0.0,0.0,0.0,0,0,0,NONE,NONE,False,,,4
3615,4000.0,1750.0,0.0,0.085,0.0,0.0,0.0,0,0,0,NONE,NONE,False,,,3
3616,4050.0,1750.0,0.0,0.085,0.0,0.0,0.0,0,0,0,NONE,NONE,False,,,4
3617,4100.0,1750.0,0.0,0.085,0.0,0.0,0.0,0,0,0,NONE,NONE,False,,,3
3618,4150.0,1750.0,0.0,0.085,0.0,0.0,0.0,0,0,0,NONE,NONE,False,,,2
3619,4200.0,1750.0,0.0,0.085,0.0,0.0,0.0,0,0,0,NONE,NONE,False,,,1
3620,4250.0,1750.0,0.0,10.0,1.0,0.0,1.0,1,0,0,NONE,NONE,False,,,0
3621,4300.0,1750.0,0.0,10.0,1.0,0.0,1.0,1,0,0,NONE,NONE,False,,,0
3622,4350.0,1750.0,0.0,10.0,1.0,0.0,1.0,1,0,0,NONE,NONE,False,,,0
3623,4400.0,1750.0,0.0,10.0,1.0,0.0,1.0,1,0,0,NONE,NONE,False,,,0
3624,4450.0,1750.0,0.0,10.0,1.0,0.0,1.0,1,0,0,NONE,NONE,False,,,0
3625,4500.0,1750.0,0.0,0.085,0.0,0.0,0.0,0,0,0,NONE,NONE,False,,,3
3626,4550.0,1750.0,0.0,0.085,0.0,0.0,0.0,0,0,0,NONE,NONE,False,,,4
3627,4600.0,1750.0,0.0,0.085,0.0,0.0,0.0,0,0,0,NONE,NONE,False,,,6
3628,4650.0,1750.0,0.0,0.085,0.0,0.0,0.0,0,0,0,NONE,NONE,False,,,6
3629,4700.0,1750.0,0.0,0.085,0.0,0.0,0.0,0,0,0,NONE,NONE,False,,,6
3630,4750.0,1750.0,0.0,0.085,0.0,0.0,0.0,0,0,0,NONE,NONE,False,,,7
3631,4800.0,1750.0,0.0,0.085,0.0,0.0,0.0,0,0,0,NONE,NONE,False,,,6
3632,4850.0,1750.0,0.0,0.085,0.0,0.0,0.0,0,0,0,NONE,NONE,False,,,6
3633,4900.0,1750.0,0.0,0.085,0.0,0.0,0.0,0,0,0,NONE,NONE,False,,,5
3634,4950.0,1750.0,0.0,0.085,0.0,0.0,0.0,0,0,0,NONE,NONE,False,,,4
3635,5000.0,1750.0,0.0,0.085,0.0,0.0,0.0,0,0,0,NONE,NONE,False,,,2
3636,0.0,1800.0,0.0,0.085,0.0,0.0,0.0,0,0,0,NONE,NONE,False,,,1
3637,50.0,1800.0,0.0,0.085,0.0,0.0,0.0,0,0,0,NONE,NONE,False,,,2
3638,100.0,1800.0,0.0,0.085,0.0,0.0,0.0,0,0,0,NONE,NONE,False,,,3
3639,150.0,1800.0,0.0,0.085,0.0,0.0,0.0,0,0,0,NONE,NONE,False,,,4
3640,200.0,1800.0,0.0,0.085,0.0,0.0,0.0,0,0,0,NONE,NONE,False,,,4
3641,250.0,1800.0,0.0,0.085,0.0,0.0,0.0,0,0,0,NONE,NONE,False,,,5
3642,300.0,1800.0,0.0,0.085,0.0,0.0,0.0,0,0,0,NONE,NONE,False,,,4
3643,350.0,1800.0,0.0,0.085,0.0,0.0,0.0,0,0,0,NONE,NONE,False,,,4
3644,400.0,1800.0,0.0,0.085,0.0,0.0,0.0,0,0,0,NONE,NONE,False,,,3
3645,450.0,1800.0,0.0,0.085,0.0,0.0,0.0,0,0,0,NONE,NONE,False,,,4
3646,500.0,1800.0,0.0,0.085,0.0,0.0,0.0,0,0,0,NONE,NONE,False,,,5
3647,550.0,1800.0,0.0,0.085,0.0,0.0,0.0,0,0,0,NONE,NONE,False,,,5
3648,600.0,1800.0,0.0,0.085,0.0,0.0,0.0,0,0,0,NONE,NONE,False,,,5
3649,650.0,1800.0,0.0,0.085,0.0,0.0,0.0,0,0,0,NONE,NONE,False,,,6
3650,700.0,1800.0,0.0,0.085,0.0,0.0,0.0,0,0,0,NONE,NONE,False,,,6
3651,750.0,1800.0,0.0,0.085,0.0,0.0,0.0,0,0,0,NONE,NONE,False,,,7
3652,800.0,1800.0,0.0,0.085,0.0,0.0,0.0,0,0,0,NONE,NONE,False,,,6
3653,850.0,1800.0,0.0,0.085,0.0,0.0,0.0,0,0,0,NONE,NONE,False,,,4
3654,900.0,1800.0,0.0,0.085,0.0,0.0,0.0,0,0,0,NONE,NONE,False,,,3
3655,950.0,1800.0,0.0,0.085,0.0,0.0,0.0,0,0,0,NONE,NONE,False,,,2
3656,1000.0,1800.0,0.0,0.085,0.0,0.0,0.0,0,0,0,NONE,NONE,False,,,1
3657,1050.0,1800.0,0.0,0.085,0.0,0.0,0.0,0,0,0,NONE,NONE,False,,,1
3658,1100.0,1800.0,0.0,0.085,0.0,0.0,0.0,0,0,0,NONE,NONE,False,,,0
3659,1150.0,1800.0,0.0,10.0,1.0,0.0,1.0,1,0,0,NONE,NONE,False,,,0
3660,1200.0,1800.0,0.0,10.0,1.0,0.0,1.0,1,0,0,NONE,NONE,False,,,0
3661,1250.0,1800.0,0.0,10.0,1.0,0.0,1.0,1,0,0,NONE,NONE,False,,,0
3662,1300.0,1800.0,0.0,10.0,1.0,0.0,1.0,1,0,0,NONE,NONE,False,,,0
3663,1350.0,1800.0,0.0,10.0,1.0,0.0,1.0,1,0,0,NONE,NONE,False,,,0
3664,1400.0,1800.0,0.0,10.0,1.0,0.0,1.0,1,0,0,NONE,NONE,False,,,0
3665,1450.0,1800.0,0.0,10.0,1.0,0.0,1.0,1,0,0,NONE,NONE,False,,,0
3666,1500.0,1800.0,0.0,10.0,1.0,0.0,1.0,1,0,0,NONE,NONE,False,,,0
3667,1550.0,1800.0,0.0,0.085,0.0,0.0,0.0,0,0,0,NONE,NONE,False,,,5
3668,1600.0,1800.0,0.0,0.085,0.0,0.0,0.0,0,0,0,NONE,NONE,False,,,7
3669,1650.0,1800.0,0.0,0.085,0.0,0.0,0.0,0,0,0,NONE,NONE,False,,,8
3670,1700.0,1800.0,0.0,0.085,0.0,0.0,0.0,0,0,0,NONE,NONE,False,,,9
3671,1750.0,1800.0,0.0,0.085,0.0,0.0,0.0,0,0,0,NONE,NONE,False,,,10
3672,1800.0,1800.0,0.0,0.085,0.0,0.0,0.0,0,0,0,NONE,NONE,True,major,TN6,11
3673,1850.0,1800.0,0.0,0.085,0.0,0.0,0.0,0,0,0,NONE,NONE,False,,,8
3674,1900.0,1800.0,0.0,0.085,0.0,0.0,0.0,0,0,0,NONE,NONE,False,,,6
3675,1950.0,1800.0,0.0,0.085,0.0,0.0,0.0,0,0,0,NONE,NONE,False,,,6
3676,2000.0,1800.0,0.0,0.085,0.0,0.0,0.0,0,0,0,NONE,NONE,False,,,4
3677,2050.0,1800.0,0.0,0.085,0.0,0.0,0.0,0,0,0,NONE,NONE,False,,,3
3678,2100.0,1800.0,0.0,10.0,0.0,1.0,1.0,0,1,0,NONE,NONE,False,,,0
3679,2150.0,1800.0,0.0,10.0,0.0,1.0,1.0,0,1,0,NONE,NONE,False,,,0
3680,2200.0,1800.0,0.0,10.0,0.0,1.0,1.0,0,1,0,NONE,NONE,False,,,0
3681,2250.0,1800.0,0.0,10.0,0.0,1.0,1.0,0,1,0,NONE,NONE,False,,,0
3682,2300.0,1800.0,0.0,10.0,0.0,1.0,1.0,0,1,0,NONE,NONE,False,,,0
3683,2350.0,1800.0,0.0,10.0,0.0,1.0,1.0,0,1,0,NONE,NONE,False,,,0
3684,2400.0,1800.0,0.0,10.0,0.0,1.0,1.0,0,1,0,NONE,NONE,False,,,0
3685,2450.0,1800.0,0.0,10.0,0.0,1.0,1.0,0,1,0,NONE,NONE,False,,,0
3686,2500.0,1800.0,0.0,10.0,0.0,1.0,1.0,0,1,0,NONE,NONE,False,,,0
3687,2550.0,1800.0,0.0,10.0,0.0,1.0,1.0,0,1,0,NONE,NONE,False,,,0
3688,2600.0,1800.0,0.0,10.0,0.0,1.0,1.0,0,1,0,NONE,NONE,False,,,0
3689,2650.0,1800.0,0.0,10.0,0.0,1.0,1.0,0,1,0,NONE,NONE,False,,,0
3690,2700.0,1800.0,0.0,10.0,0.0,1.0,1.0,0,1,0,NONE,NONE,False,,,0
3691,2750.0,1800.0,0.0,0.085,0.0,0.0,0.0,0,0,0,NONE,NONE,False,,,5
3692,2800.0,1800.0,0.0,0.085,0.0,0.0,0.0,0,0,0,NONE,NONE,False,,,6
3693,2850.0,1800.0,0.0,0.085,0.0,0.0,0.0,0,0,0,NONE,NONE,False,,,7
3694,2900.0,1800.0,0.0,0.085,0.0,0.0,0.0,0,0,0,NONE,NONE,False,,,7
3695,2950.0,1800.0,0.0,0.085,0.0,0.0,0.0,0,0,0,NONE,NONE,False,,,7
3696,3000.0,1800.0,0.0,0.085,0.0,0.0,0.0,0,0,0,NONE,NONE,False,,,7
3697,3050.0,1800.0,0.0,0.085,0.0,0.0,0.0,0,0,0,NONE,NONE,False,,,4
3698,3100.0,1800.0,0.0,0.085,0.0,0.0,0.0,0,0,0,NONE,NONE,False,,,5
3699,3150.0,1800.0,0.0,0.085,0.0,0.0,0.0,0,0,0,NONE,NONE,False,,,4
3700,3200.0,1800.0,0.0,0.085,0.0,0.0,0.0,0,0,0,NONE,NONE,False,,,4
3701,3250.0,1800.0,0.0,0.085,0.0,0.0,0.0,0,0,0,NONE,NONE,False,,,5
3702,3300.0,1800.0,0.0,0.085,0.0,0.0,0.0,0,0,0,NONE,NONE,False,,,5
3703,3350.0,1800.0,0.0,0.085,0.0,0.0,0.0,0,0,0,NONE,NONE,False,,,6
3704,3400.0,1800.0,0.0,0.085,0.0,0.0,0.0,0,0,0,NONE,NONE,False,,,5
3705,3450.0,1800.0,0.0,0.085,0.0,0.0,0.0,0,0,0,NONE,NONE,False,,,5
3706,3500.0,1800.0,0.0,0.085,0.0,0.0,0.0,0,0,0,NONE,NONE,False,,,6
3707,3550.0,1800.0,0.0,0.085,0.0,0.0,0.0,0,0,0,NONE,NONE,False,,,6
3708,3600.0,1800.0,0.0,0.085,0.0,0.0,0.0,0,0,0,NONE,NONE,False,,,4
3709,3650.0,1800.0,0.0,0.085,0.0,0.0,0.0,0,0,0,NONE,NONE,False,,,5
3710,3700.0,1800.0,0.0,0.085,0.0,0.0,0.0,0,0,0,NONE,NONE,False,,,6
3711,3750.0,1800.0,0.0,0.085,0.0,0.0,0.0,0,0,0,NONE,NONE,False,,,6
3712,3800.0,1800.0,0.0,0.085,0.0,0.0,0.0,0,0,0,NONE,NONE,False,,,6
3713,3850.0,1800.0,0.0,0.085,0.0,0.0,0.0,0,0,0,NONE,NONE,False,,,6
3714,3900.0,1800.0,0.0,0.085,0.0,0.0,0.0,0,0,0,NONE,NONE,False,,,4
3715,3950.0,1800.0,0.0,0.085,0.0,0.0,0.0,0,0,0,NONE,NONE,False,,,5
3716,4000.0,1800.0,0.0,0.085,0.0,0.0,0.0,0,0,0,NONE,NONE,False,,,4
3717,4050.0,1800.0,0.0,0.085,0.0,0.0,0.0,0,0,0,NONE,NONE,False,,,5
3718,4100.0,1800.0,0.0,0.085,0.0,0.0,0.0,0,0,0,NONE,NONE,False,,,4
3719,4150.0,1800.0,0.0,0.085,0.0,0.0,0.0,0,0,0,NONE,NONE,False,,,4
3720,4200.0,1800.0,0.0,0.085,0.0,0.0,0.0,0,0,0,NONE,NONE,False,,,2
3721,4250.0,1800.0,0.0,10.0,1.0,0.0,1.0,1,0,0,NONE,NONE,False,,,0
3722,4300.0,1800.0,0.0,10.0,1.0,0.0,1.0,1,0,0,NONE,NONE,False,,,0
3723,4350.0,1800.0,0.0,10.0,1.0,0.0,1.0,1,0,0,NONE,NONE,False,,,0
3724,4400.0,1800.0,0.0,10.0,1.0,0.0,1.0,1,0,0,NONE,NONE,False,,,0
3725,4450.0,1800.0,0.0,10.0,1.0,0.0,1.0,1,0,0,NONE,NONE,False,,,0
3726,4500.0,1800.0,0.0,0.085,0.0,0.0,0.0,0,0,0,NONE,NONE,False,,,3
3727,4550.0,1800.0,0.0,0.085,0.0,0.0,0.0,0,0,0,NONE,NONE,False,,,4
3728,4600.0,1800.0,0.0,0.085,0.0,0.0,0.0,0,0,0,NONE,NONE,False,,,5
3729,4650.0,1800.0,0.0,0.085,0.0,0.0,0.0,0,0,0,NONE,NONE,False,,,6
3730,4700.0,1800.0,0.0,0.085,0.0,0.0,0.0,0,0,0,NONE,NONE,False,,,6
3731,4750.0,1800.0,0.0,0.085,0.0,0.0,0.0,0,0,0,NONE,NONE,False,,,5
3732,4800.0,1800.0,0.0,0.085,0.0,0.0,0.0,0,0,0,NONE,NONE,False,,,7
3733,4850.0,1800.0,0.0,0.085,0.0,0.0,0.0,0,0,0,NONE,NONE,False,,,6
3734,4900.0,1800.0,0.0,0.085,0.0,0.0,0.0,0,0,0,NONE,NONE,False,,,5
3735,4950.0,1800.0,0.0,0.085,0.0,0.0,0.0,0,0,0,NONE,NONE,False,,,4
3736,5000.0,1800.0,0.0,0.085,0.0,0.0,0.0,0,0,0,NONE,NONE,False,,,3
3737,0.0,1850.0,0.0,0.085,0.0,0.0,0.0,0,0,0,NONE,NONE,False,,,2
3738,50.0,1850.0,0.0,0.085,0.0,0.0,0.0,0,0,0,NONE,NONE,False,,,3
3739,100.0,1850.0,0.0,0.085,0.0,0.0,0.0,0,0,0,NONE,NONE,False,,,3
3740,150.0,1850.0,0.0,0.085,0.0,0.0,0.0,0,0,0,NONE,NONE,False,,,4
3741,200.0,1850.0,0.0,0.085,0.0,0.0,0.0,0,0,0,NONE,NONE,False,,,4
3742,250.0,1850.0,0.0,0.085,0.0,0.0,0.0,0,0,0,NONE,NONE,False,,,4
3743,300.0,1850.0,0.0,0.085,0.0,0.0,0.0,0,0,0,NONE,NONE,False,,,5
3744,350.0,1850.0,0.0,0.085,0.0,0.0,0.0,0,0,0,NONE,NONE,False,,,4
3745,400.0,1850.0,0.0,0.085,0.0,0.0,0.0,0,0,0,NONE,NONE,False,,,3
3746,450.0,1850.0,0.0,0.085,0.0,0.0,0.0,0,0,0,NONE,NONE,False,,,4
3747,500.0,1850.0,0.0,0.085,0.0,0.0,0.0,0,0,0,NONE,NONE,False,,,4
3748,550.0,1850.0,0.0,0.085,0.0,0.0,0.0,0,0,0,NONE,NONE,False,,,4
3749,600.0,1850.0,0.0,0.085,0.0,0.0,0.0,0,0,0,NONE,NONE,False,,,5
3750,650.0,1850.0,0.0,0.085,0.0,0.0,0.0,0,0,0,NONE,NONE,False,,,4
3751,700.0,1850.0,0.0,0.085,0.0,0.0,0.0,0,0,0,NONE,NONE,False,,,6
3752,750.0,1850.0,0.0,0.085,0.0,0.0,0.0,0,0,0,NONE,NONE,False,,,6
3753,800.0,1850.0,0.0,0.085,0.0,0.0,0.0,0,0,0,NONE,NONE,False,,,6
3754,850.0,1850.0,0.0,0.085,0.0,0.0,0.0,0,0,0,NONE,NONE,False,,,5
3755,900.0,1850.0,0.0,0.085,0.0,0.0,0.0,0,0,0,NONE,NONE,False,,,4
3756,950.0,1850.0,0.0,0.085,0.0,0.0,0.0,0,0,0,NONE,NONE,False,,,2
3757,1000.0,1850.0,0.0,0.085,0.0,0.0,0.0,0,0,0,NONE,NONE,False,,,2
3758,1050.0,1850.0,0.0,0.085,0.0,0.0,0.0,0,0,0,NONE,NONE,False,,,1
3759,1100.0,1850.0,0.0,0.085,0.0,0.0,0.0,0,0,0,NONE,NONE,False,,,1
3760,1150.0,1850.0,0.0,10.0,1.0,0.0,1.0,1,0,0,NONE,NONE,False,,,0
3761,1200.0,1850.0,0.0,10.0,1.0,0.0,1.0,1,0,0,NONE,NONE,False,,,0
3762,1250.0,1850.0,0.0,10.0,1.0,0.0,1.0,1,0,0,NONE,NONE,False,,,0
3763,1300.0,1850.0,0.0,10.0,1.0,0.0,1.0,1,0,0,NONE,NONE,False,,,0
3764,1350.0,1850.0,0.0,10.0,1.0,0.0,1.0,1,0,0,NONE,NONE,False,,,0
3765,1400.0,1850.0,0.0,10.0,1.0,0.0,1.0,1,0,0,NONE,NONE,False,,,0
3766,1450.0,1850.0,0.0,10.0,1.0,0.0,1.0,1,0,0,NONE,NONE,False,,,0
3767,1500.0,1850.0,0.0,0.085,0.0,0.0,0.0,0,0,0,NONE,NONE,False,,,4
3768,1550.0,1850.0,0.0,0.085,0.0,0.0,0.0,0,0,0,NONE,NONE,False,,,5
3769,1600.0,1850.0,0.0,0.085,0.0,0.0,0.0,0,0,0,NONE,NONE,False,,,7
3770,1650.0,1850.0,0.0,0.085,0.0,0.0,0.0,0,0,0,NONE,NONE,False,,,8
3771,1700.0,1850.0,0.0,0.085,0.0,0.0,0.0,0,0,0,NONE,NONE,False,,,10
3772,1750.0,1850.0,0.0,0.085,0.0,0.0,0.0,0,0,0,NONE,NONE,False,,,10
3773,1800.0,1850.0,0.0,0.085,0.0,0.0,0.0,0,0,0,NONE,NONE,False,,,10
3774,1850.0,1850.0,0.0,0.085,0.0,0.0,0.0,0,0,0,NONE,NONE,False,,,8
3775,1900.0,1850.0,0.0,0.085,0.0,0.0,0.0,0,0,0,NONE,NONE,False,,,6
3776,1950.0,1850.0,0.0,0.085,0.0,0.0,0.0,0,0,0,NONE,NONE,False,,,5
3777,2000.0,1850.0,0.0,0.085,0.0,0.0,0.0,0,0,0,NONE,NONE,False,,,3
3778,2050.0,1850.0,0.0,10.0,0.0,1.0,1.0,0,1,0,NONE,NONE,False,,,0
3779,2100.0,1850.0,0.0,10.0,0.0,1.0,1.0,0,1,0,NONE,NONE,False,,,0
3780,2150.0,1850.0,0.0,10.0,0.0,1.0,1.0,0,1,0,NONE,NONE,False,,,0
3781,2200.0,1850.0,0.0,10.0,0.0,1.0,1.0,0,1,0,NONE,NONE,False,,,0
3782,2250.0,1850.0,0.0,10.0,0.0,1.0,1.0,0,1,0,NONE,NONE,False,,,0
3783,2300.0,1850.0,0.0,10.0,0.0,1.0,1.0,0,1,0,NONE,NONE,False,,,0
3784,2350.0,1850.0,0.0,10.0,0.0,1.0,1.0,0,1,0,NONE,NONE,False,,,0
3785,2400.0,1850.0,0.0,10.0,0.0,1.0,1.0,0,1,0,NONE,NONE,False,,,0
3786,2450.0,1850.0,0.0,10.0,0.0,1.0,1.0,0,1,0,NONE,NONE,False,,,0
3787,2500.0,1850.0,0.0,10.0,0.0,1.0,1.0,0,1,0,NONE,NONE,False,,,0
3788,2550.0,1850.0,0.0,10.0,0.0,1.0,1.0,0,1,0,NONE,NONE,False,,,0
3789,2600.0,1850.0,0.0,10.0,0.0,1.0,1.0,0,1,0,NONE,NONE,False,,,0
3790,2650.0,1850.0,0.0,10.0,0.0,1.0,1.0,0,1,0,NONE,NONE,False,,,0
3791,2700.0,1850.0,0.0,10.0,0.0,1.0,1.0,0,1,0,NONE,NONE,False,,,0
3792,2750.0,1850.0,0.0,10.0,0.0,1.0,1.0,0,1,0,NONE,NONE,False,,,0
3793,2800.0,1850.0,0.0,0.085,0.0,0.0,0.0,0,0,0,NONE,NONE,False,,,4
3794,2850.0,1850.0,0.0,0.085,0.0,0.0,0.0,0,0,0,NONE,NONE,False,,,6
3795,2900.0,1850.0,0.0,0.085,0.0,0.0,0.0,0,0,0,NONE,NONE,False,,,6
3796,2950.0,1850.0,0.0,0.085,0.0,0.0,0.0,0,0,0,NONE,NONE,False,,,6
3797,3000.0,1850.0,0.0,0.085,0.0,0.0,0.0,0,0,0,NONE,NONE,False,,,6
3798,3050.0,1850.0,0.0,0.085,0.0,0.0,0.0,0,0,0,NONE,NONE,False,,,6
3799,3100.0,1850.0,0.0,0.085,0.0,0.0,0.0,0,0,0,NONE,NONE,False,,,5
3800,3150.0,1850.0,0.0,0.085,0.0,0.0,0.0,0,0,0,NONE,NONE,False,,,4
3801,3200.0,1850.0,0.0,0.085,0.0,0.0,0.0,0,0,0,NONE,NONE,False,,,5
3802,3250.0,1850.0,0.0,0.085,0.0,0.0,0.0,0,0,0,NONE,NONE,False,,,4
3803,3300.0,1850.0,0.0,0.085,0.0,0.0,0.0,0,0,0,NONE,NONE,False,,,5
3804,3350.0,1850.0,0.0,0.085,0.0,0.0,0.0,0,0,0,NONE,NONE,False,,,6
3805,3400.0,1850.0,0.0,0.085,0.0,0.0,0.0,0,0,0,NONE,NONE,False,,,4
3806,3450.0,1850.0,0.0,0.085,0.0,0.0,0.0,0,0,0,NONE,NONE,False,,,5
3807,3500.0,1850.0,0.0,0.085,0.0,0.0,0.0,0,0,0,NONE,NONE,False,,,5
3808,3550.0,1850.0,0.0,0.085,0.0,0.0,0.0,0,0,0,NONE,NONE,False,,,5
3809,3600.0,1850.0,0.0,0.085,0.0,0.0,0.0,0,0,0,NONE,NONE,False,,,6
3810,3650.0,1850.0,0.0,0.085,0.0,0.0,0.0,0,0,0,NONE,NONE,False,,,4
3811,3700.0,1850.0,0.0,0.085,0.0,0.0,0.0,0,0,0,NONE,NONE,False,,,5
3812,3750.0,1850.0,0.0,0.085,0.0,0.0,0.0,0,0,0,NONE,NONE,False,,,7
3813,3800.0,1850.0,0.0,0.085,0.0,0.0,0.0,0,0,0,NONE,NONE,False,,,5
3814,3850.0,1850.0,0.0,0.085,0.0,0.0,0.0,0,0,0,NONE,NONE,False,,,6
3815,3900.0,1850.0,0.0,0.085,0.0,0.0,0.0,0,0,0,NONE,NONE,False,,,5
3816,3950.0,1850.0,0.0,0.085,0.0,0.0,0.0,0,0,0,NONE,NONE,False,,,5
3817,4000.0,1850.0,0.0,0.085,0.0,0.0,0.0,0,0,0,NONE,NONE,False,,,4
3818,4050.0,1850.0,0.0,0.085,0.0,0.0,0.0,0,0,0,NONE,NONE,False,,,5
3819,4100.0,1850.0,0.0,0.085,0.0,0.0,0.0,0,0,0,NONE,NONE,False,,,4
3820,4150.0,1850.0,0.0,0.085,0.0,0.0,0.0,0,0,0,NONE,NONE,False,,,4
3821,4200.0,1850.0,0.0,0.085,0.0,0.0,0.0,0,0,0,NONE,NONE,False,,,3
3822,4250.0,1850.0,0.0,0.085,0.0,0.0,0.0,0,0,0,NONE,NONE,False,,,3
3823,4300.0,1850.0,0.0,10.0,1.0,0.0,1.0,1,0,0,NONE,NONE,False,,,0
3824,4350.0,1850.0,0.0,10.0,1.0,0.0,1.0,1,0,0,NONE,NONE,False,,,0
3825,4400.0,1850.0,0.0,10.0,1.0,0.0,1.0,1,0,0,NONE,NONE,False,,,0
3826,4450.0,1850.0,0.0,0.085,0.0,0.0,0.0,0,0,0,NONE,NONE,False,,,3
3827,4500.0,1850.0,0.0,0.085,0.0,0.0,0.0,0,0,0,NONE,NONE,False,,,3
3828,4550.0,1850.0,0.0,0.085,0.0,0.0,0.0,0,0,0,NONE,NONE,False,,,3
3829,4600.0,1850.0,0.0,0.085,0.0,0.0,0.0,0,0,0,NONE,NONE,False,,,4
3830,4650.0,1850.0,0.0,0.085,0.0,0.0,0.0,0,0,0,NONE,NONE,False,,,5
3831,4700.0,1850.0,0.0,0.085,0.0,0.0,0.0,0,0,0,NONE,NONE,False,,,5
3832,4750.0,1850.0,0.0,0.085,0.0,0.0,0.0,0,0,0,NONE,NONE,False,,,6
3833,4800.0,1850.0,0.0,0.085,0.0,0.0,0.0,0,0,0,NONE,NONE,False,,,7
3834,4850.0,1850.0,0.0,0.085,0.0,0.0,0.0,0,0,0,NONE,NONE,False,,,6
3835,4900.0,1850.0,0.0,0.085,0.0,0.0,0.0,0,0,0,NONE,NONE,False,,,5
3836,4950.0,1850.0,0.0,0.085,0.0,0.0,0.0,0,0,0,NONE,NONE,False,,,4
3837,5000.0,1850.0,0.0,0.085,0.0,0.0,0.0,0,0,0,NONE,NONE,False,,,3
3838,0.0,1900.0,0.0,0.085,0.0,0.0,0.0,0,0,0,NONE,NONE,False,,,2
3839,50.0,1900.0,0.0,0.085,0.0,0.0,0.0,0,0,0,NONE,NONE,False,,,3
3840,100.0,1900.0,0.0,0.085,0.0,0.0,0.0,0,0,0,NONE,NONE,False,,,3
3841,150.0,1900.0,0.0,0.085,0.0,0.0,0.0,0,0,0,NONE,NONE,True,minor,TN30,5
3842,200.0,1900.0,0.0,0.085,0.0,0.0,0.0,0,0,0,NONE,NONE,False,,,4
3843,250.0,1900.0,0.0,0.085,0.0,0.0,0.0,0,0,0,NONE,NONE,False,,,4
3844,300.0,1900.0,0.0,0.085,0.0,0.0,0.0,0,0,0,NONE,NONE,False,,,4
3845,350.0,1900.0,0.0,0.085,0.0,0.0,0.0,0,0,0,NONE,NONE,False,,,4
3846,400.0,1900.0,0.0,0.085,0.0,0.0,0.0,0,0,0,NONE,NONE,False,,,5
3847,450.0,1900.0,0.0,0.085,0.0,0.0,0.0,0,0,0,NONE,NONE,False,,,3
3848,500.0,1900.0,0.0,0.085,0.0,0.0,0.0,0,0,0,NONE,NONE,False,,,3
3849,550.0,1900.0,0.0,0.085,0.0,0.0,0.0,0,0,0,NONE,NONE,False,,,4
3850,600.0,1900.0,0.0,0.085,0.0,0.0,0.0,0,0,0,NONE,NONE,False,,,4
3851,650.0,1900.0,0.0,0.085,0.0,0.0,0.0,0,0,0,NONE,NONE,False,,,5
3852,700.0,1900.0,0.0,0.085,0.0,0.0,0.0,0,0,0,NONE,NONE,False,,,5
3853,750.0,1900.0,0.0,0.085,0.0,0.0,0.0,0,0,0,NONE,NONE,False,,,5
3854,800.0,1900.0,0.0,0.085,0.0,0.0,0.0,0,0,0,NONE,NONE,False,,,5
3855,850.0,1900.0,0.0,0.085,0.0,0.0,0.0,0,0,0,NONE,NONE,False,,,5
3856,900.0,1900.0,0.0,0.085,0.0,0.0,0.0,0,0,0,NONE,NONE,False,,,4
3857,950.0,1900.0,0.0,0.085,0.0,0.0,0.0,0,0,0,NONE,NONE,False,,,3
3858,1000.0,1900.0,0.0,0.085,0.0,0.0,0.0,0,0,0,NONE,NONE,False,,,2
3859,1050.0,1900.0,0.0,0.085,0.0,0.0,0.0,0,0,0,NONE,NONE,False,,,1
3860,1100.0,1900.0,0.0,0.085,0.0,0.0,0.0,0,0,0,NONE,NONE,False,,,1
3861,1150.0,1900.0,0.0,0.085,0.0,0.0,0.0,0,0,0,NONE,NONE,False,,,1
3862,1200.0,1900.0,0.0,10.0,1.0,0.0,1.0,1,0,0,NONE,NONE,False,,,0
3863,1250.0,1900.0,0.0,10.0,1.0,0.0,1.0,1,0,0,NONE,NONE,False,,,0
3864,1300.0,1900.0,0.0,10.0,1.0,0.0,1.0,1,0,0,NONE,NONE,False,,,0
3865,1350.0,1900.0,0.0,10.0,1.0,0.0,1.0,1,0,0,NONE,NONE,False,,,0
3866,1400.0,1900.0,0.0,10.0,1.0,0.0,1.0,1,0,0,NONE,NONE,False,,,0
3867,1450.0,1900.0,0.0,10.0,1.0,0.0,1.0,1,0,0,NONE,NONE,False,,,0
3868,1500.0,1900.0,0.0,0.085,0.0,0.0,0.0,0,0,0,NONE,NONE,False,,,4
3869,1550.0,1900.0,0.0,0.085,0.0,0.0,0.0,0,0,0,NONE,NONE,False,,,5
3870,1600.0,1900.0,0.0,0.085,0.0,0.0,0.0,0,0,0,NONE,NONE,False,,,8
3871,1650.0,1900.0,0.0,0.085,0.0,0.0,0.0,0,0,0,NONE,NONE,False,,,9
3872,1700.0,1900.0,0.0,0.085,0.0,0.0,0.0,0,0,0,NONE,NONE,False,,,10
3873,1750.0,1900.0,0.0,0.085,0.0,0.0,0.0,0,0,0,NONE,NONE,False,,,9
3874,1800.0,1900.0,0.0,0.085,0.0,0.0,0.0,0,0,0,NONE,NONE,False,,,9
3875,1850.0,1900.0,0.0,0.085,0.0,0.0,0.0,0,0,0,NONE,NONE,False,,,8
3876,1900.0,1900.0,0.0,0.085,0.0,0.0,0.0,0,0,0,NONE,NONE,False,,,6
3877,1950.0,1900.0,0.0,0.085,0.0,0.0,0.0,0,0,0,NONE,NONE,False,,,4
3878,2000.0,1900.0,0.0,0.085,0.0,0.0,0.0,0,0,0,NONE,NONE,False,,,2
3879,2050.0,1900.0,0.0,10.0,0.0,1.0,1.0,0,1,0,NONE,NONE,False,,,0
3880,2100.0,1900.0,0.0,10.0,0.0,1.0,1.0,0,1,0,NONE,NONE,False,,,0
3881,2150.0,1900.0,0.0,10.0,0.0,1.0,1.0,0,1,0,NONE,NONE,False,,,0
3882,2200.0,1900.0,0.0,10.0,0.0,1.0,1.0,0,1,0,NONE,NONE,False,,,0
3883,2250.0,1900.0,0.0,10.0,0.0,1.0,1.0,0,1,0,NONE,NONE,False,,,0
3884,2300.0,1900.0,0.0,10.0,0.0,1.0,1.0,0,1,0,NONE,NONE,False,,,0
3885,2350.0,1900.0,0.0,10.0,0.0,1.0,1.0,0,1,0,NONE,NONE,False,,,0
3886,2400.0,1900.0,0.0,10.0,0.0,1.0,1.0,0,1,0,NONE,NONE,False,,,0
3887,2450.0,1900.0,0.0,10.0,0.0,1.0,1.0,0,1,0,NONE,NONE,False,,,0
3888,2500.0,1900.0,0.0,10.0,0.0,1.0,1.0,0,1,0,NONE,NONE,False,,,0
3889,2550.0,1900.0,0.0,10.0,0.0,1.0,1.0,0,1,0,NONE,NONE,False,,,0
3890,2600.0,1900.0,0.0,10.0,0.0,1.0,1.0,0,1,0,NONE,NONE,False,,,0
3891,2650.0,1900.0,0.0,10.0,0.0,1.0,1.0,0,1,0,NONE,NONE,False,,,0
3892,2700.0,1900.0,0.0,10.0,0.0,1.0,1.0,0,1,0,NONE,NONE,False,,,0
3893,2750.0,1900.0,0.0,10.0,0.0,1.0,1.0,0,1,0,NONE,NONE,False,,,0
3894,2800.0,1900.0,0.0,0.085,0.0,0.0,0.0,0,0,0,NONE,NONE,False,,,3
3895,2850.0,1900.0,0.0,0.085,0.0,0.0,0.0,0,0,0,NONE,NONE,False,,,4
3896,2900.0,1900.0,0.0,0.085,0.0,0.0,0.0,0,0,0,NONE,NONE,False,,,5
3897,2950.0,1900.0,0.0,0.085,0.0,0.0,0.0,0,0,0,NONE,NONE,False,,,5
3898,3000.0,1900.0,0.0,0.085,0.0,0.0,0.0,0,0,0,NONE,NONE,False,,,5
3899,3050.0,1900.0,0.0,0.085,0.0,0.0,0.0,0,0,0,NONE,NONE,False,,,5
3900,3100.0,1900.0,0.0,0.085,0.0,0.0,0.0,0,0,0,NONE,NONE,False,,,6
3901,3150.0,1900.0,0.0,0.085,0.0,0.0,0.0,0,0,0,NONE,NONE,False,,,4
3902,3200.0,1900.0,0.0,0.085,0.0,0.0,0.0,0,0,0,NONE,NONE,False,,,5
3903,3250.0,1900.0,0.0,0.085,0.0,0.0,0.0,0,0,0,NONE,NONE,False,,,5
3904,3300.0,1900.0,0.0,0.085,0.0,0.0,0.0,0,0,0,NONE,NONE,False,,,5
3905,3350.0,1900.0,0.0,0.085,0.0,0.0,0.0,0,0,0,NONE,NONE,False,,,6
3906,3400.0,1900.0,0.0,0.085,0.0,0.0,0.0,0,0,0,NONE,NONE,False,,,6
3907,3450.0,1900.0,0.0,0.085,0.0,0.0,0.0,0,0,0,NONE,NONE,False,,,5
3908,3500.0,1900.0,0.0,0.085,0.0,0.0,0.0,0,0,0,NONE,NONE,False,,,5
3909,3550.0,1900.0,0.0,0.085,0.0,0.0,0.0,0,0,0,NONE,NONE,False,,,7
3910,3600.0,1900.0,0.0,0.085,0.0,0.0,0.0,0,0,0,NONE,NONE,False,,,7
3911,3650.0,1900.0,0.0,0.085,0.0,0.0,0.0,0,0,0,NONE,NONE,False,,,6
3912,3700.0,1900.0,0.0,0.085,0.0,0.0,0.0,0,0,0,NONE,NONE,False,,,4
3913,3750.0,1900.0,0.0,0.085,0.0,0.0,0.0,0,0,0,NONE,NONE,False,,,5
3914,3800.0,1900.0,0.0,0.085,0.0,0.0,0.0,0,0,0,NONE,NONE,False,,,6
3915,3850.0,1900.0,0.0,0.085,0.0,0.0,0.0,0,0,0,NONE,NONE,False,,,6
3916,3900.0,1900.0,0.0,0.085,0.0,0.0,0.0,0,0,0,NONE,NONE,False,,,5
3917,3950.0,1900.0,0.0,0.085,0.0,0.0,0.0,0,0,0,NONE,NONE,False,,,6
3918,4000.0,1900.0,0.0,0.085,0.0,0.0,0.0,0,0,0,NONE,NONE,False,,,5
3919,4050.0,1900.0,0.0,0.085,0.0,0.0,0.0,0,0,0,NONE,NONE,False,,,6
3920,4100.0,1900.0,0.0,0.085,0.0,0.0,0.0,0,0,0,NONE,NONE,False,,,5
3921,4150.0,1900.0,0.0,0.085,0.0,0.0,0.0,0,0,0,NONE,NONE,False,,,5
3922,4200.0,1900.0,0.0,0.085,0.0,0.0,0.0,0,0,0,NONE,NONE,False,,,4
3923,4250.0,1900.0,0.0,0.085,0.0,0.0,0.0,0,0,0,NONE,NONE,False,,,3
3924,4300.0,1900.0,0.0,0.085,0.0,0.0,0.0,0,0,0,NONE,NONE,False,,,2
3925,4350.0,1900.0,0.0,0.085,0.0,0.0,0.0,0,0,0,NONE,NONE,False,,,3
3926,4400.0,1900.0,0.0,0.085,0.0,0.0,0.0,0,0,0,NONE,NONE,False,,,2
3927,4450.0,1900.0,0.0,0.085,0.0,0.0,0.0,0,0,0,NONE,NONE,False,,,2
3928,4500.0,1900.0,0.0,0.085,0.0,0.0,0.0,0,0,0,NONE,NONE,False,,,4
3929,4550.0,1900.0,0.0,0.085,0.0,0.0,0.0,0,0,0,NONE,NONE,False,,,3
3930,4600.0,1900.0,0.0,0.085,0.0,0.0,0.0,0,0,0,NONE,NONE,False,,,4
3931,4650.0,1900.0,0.0,0.085,0.0,0.0,0.0,0,0,0,NONE,NONE,False,,,5
3932,4700.0,1900.0,0.0,0.085,0.0,0.0,0.0,0,0,0,NONE,NONE,False,,,5
3933,4750.0,1900.0,0.0,0.085,0.0,0.0,0.0,0,0,0,NONE,NONE,False,,,5
3934,4800.0,1900.0,0.0,0.085,0.0,0.0,0.0,0,0,0,NONE,NONE,False,,,7
3935,4850.0,1900.0,0.0,0.085,0.0,0.0,0.0,0,0,0,NONE,NONE,False,,,6
3936,4900.0,1900.0,0.0,0.085,0.0,0.0,0.0,0,0,0,NONE,NONE,False,,,5
3937,4950.0,1900.0,0.0,0.085,0.0,0.0,0.0,0,0,0,NONE,NONE,False,,,4
3938,5000.0,1900.0,0.0,0.085,0.0,0.0,0.0,0,0,0,NONE,NONE,False,,,4
3939,0.0,1950.0,0.0,0.085,0.0,0.0,0.0,0,0,0,NONE,NONE,False,,,2
3940,50.0,1950.0,0.0,0.085,0.0,0.0,0.0,0,0,0,NONE,NONE,False,,,3
3941,100.0,1950.0,0.0,0.085,0.0,0.0,0.0,0,0,0,NONE,NONE,False,,,3
3942,150.0,1950.0,0.0,0.085,0.0,0.0,0.0,0,0,0,NONE,NONE,False,,,5
3943,200.0,1950.0,0.0,0.085,0.0,0.0,0.0,0,0,0,NONE,NONE,False,,,4
3944,250.0,1950.0,0.0,0.085,0.0,0.0,0.0,0,0,0,NONE,NONE,False,,,5
3945,300.0,1950.0,0.0,0.085,0.0,0.0,0.0,0,0,0,NONE,NONE,False,,,4
3946,350.0,1950.0,0.0,0.085,0.0,0.0,0.0,0,0,0,NONE,NONE,False,,,3
3947,400.0,1950.0,0.0,0.085,0.0,0.0,0.0,0,0,0,NONE,NONE,False,,,5
3948,450.0,1950.0,0.0,0.085,0.0,0.0,0.0,0,0,0,NONE,NONE,False,,,4
3949,500.0,1950.0,0.0,0.085,0.0,0.0,0.0,0,0,0,NONE,NONE,False,,,3
3950,550.0,1950.0,0.0,0.085,0.0,0.0,0.0,0,0,0,NONE,NONE,False,,,2
3951,600.0,1950.0,0.0,0.085,0.0,0.0,0.0,0,0,0,NONE,NONE,False,,,3
3952,650.0,1950.0,0.0,0.085,0.0,0.0,0.0,0,0,0,NONE,NONE,False,,,4
3953,700.0,1950.0,0.0,0.085,0.0,0.0,0.0,0,0,0,NONE,NONE,False,,,5
3954,750.0,1950.0,0.0,0.085,0.0,0.0,0.0,0,0,0,NONE,NONE,False,,,4
3955,800.0,1950.0,0.0,0.085,0.0,0.0,0.0,0,0,0,NONE,NONE,False,,,5
3956,850.0,1950.0,0.0,0.085,0.0,0.0,0.0,0,0,0,NONE,NONE,False,,,4
3957,900.0,1950.0,0.0,0.085,0.0,0.0,0.0,0,0,0,NONE,NONE,False,,,5
3958,950.0,1950.0,0.0,0.085,0.0,0.0,0.0,0,0,0,NONE,NONE,False,,,4
3959,1000.0,1950.0,0.0,0.085,0.0,0.0,0.0,0,0,0,NONE,NONE,False,,,3
3960,1050.0,1950.0,0.0,0.085,0.0,0.0,0.0,0,0,0,NONE,NONE,False,,,2
3961,1100.0,1950.0,0.0,0.085,0.0,0.0,0.0,0,0,0,NONE,NONE,False,,,2
3962,1150.0,1950.0,0.0,0.085,0.0,0.0,0.0,0,0,0,NONE,NONE,False,,,2
3963,1200.0,1950.0,0.0,0.085,0.0,0.0,0.0,0,0,0,NONE,NONE,False,,,2
3964,1250.0,1950.0,0.0,10.0,1.0,0.0,1.0,1,0,0,NONE,NONE,False,,,0
3965,1300.0,1950.0,0.0,10.0,1.0,0.0,1.0,1,0,0,NONE,NONE,False,,,0
3966,1350.0,1950.0,0.0,10.0,1.0,0.0,1.0,1,0,0,NONE,NONE,False,,,0
3967,1400.0,1950.0,0.0,10.0,1.0,0.0,1.0,1,0,0,NONE,NONE,False,,,0
3968,1450.0,1950.0,0.0,0.085,0.0,0.0,0.0,0,0,0,NONE,NONE,False,,,4
3969,1500.0,1950.0,0.0,0.085,0.0,0.0,0.0,0,0,0,NONE,NONE,False,,,5
3970,1550.0,1950.0,0.0,0.085,0.0,0.0,0.0,0,0,0,NONE,NONE,False,,,6
3971,1600.0,1950.0,0.0,0.085,0.0,0.0,0.0,0,0,0,NONE,NONE,False,,,7
3972,1650.0,1950.0,0.0,0.085,0.0,0.0,0.0,0,0,0,NONE,NONE,False,,,9
3973,1700.0,1950.0,0.0,0.085,0.0,0.0,0.0,0,0,0,NONE,NONE,False,,,10
3974,1750.0,1950.0,0.0,0.085,0.0,0.0,0.0,0,0,0,NONE,NONE,False,,,8
3975,1800.0,1950.0,0.0,0.085,0.0,0.0,0.0,0,0,0,NONE,NONE,False,,,9
3976,1850.0,1950.0,0.0,0.085,0.0,0.0,0.0,0,0,0,NONE,NONE,False,,,7
3977,1900.0,1950.0,0.0,0.085,0.0,0.0,0.0,0,0,0,NONE,NONE,False,,,6
3978,1950.0,1950.0,0.0,0.085,0.0,0.0,0.0,0,0,0,NONE,NONE,False,,,3
3979,2000.0,1950.0,0.0,10.0,0.0,1.0,1.0,0,1,0,NONE,NONE,False,,,0
3980,2050.0,1950.0,0.0,10.0,0.0,1.0,1.0,0,1,0,NONE,NONE,False,,,0
3981,2100.0,1950.0,0.0,10.0,0.0,1.0,1.0,0,1,0,NONE,NONE,False,,,0
3982,2150.0,1950.0,0.0,10.0,0.0,1.0,1.0,0,1,0,NONE,NONE,False,,,0
3983,2200.0,1950.0,0.0,10.0,0.0,1.0,1.0,0,1,0,NONE,NONE,False,,,0
3984,2250.0,1950.0,0.0,10.0,0.0,1.0,1.0,0,1,0,NONE,NONE,False,,,0
3985,2300.0,1950.0,0.0,10.0,0.0,1.0,1.0,0,1,0,NONE,NONE,False,,,0
3986,2350.0,1950.0,0.0,10.0,0.0,1.0,1.0,0,1,0,NONE,NONE,False,,,0
3987,2400.0,1950.0,0.0,10.0,0.0,1.0,1.0,0,1,0,NONE,NONE,False,,,0
3988,2450.0,1950.0,0.0,10.0,0.0,1.0,1.0,0,1,0,NONE,NONE,False,,,0
3989,2500.0,1950.0,0.0,10.0,0.0,1.0,1.0,0,1,0,NONE,NONE,False,,,0
3990,2550.0,1950.0,0.0,10.0,0.0,1.0,1.0,0,1,0,NONE,NONE,False,,,0
3991,2600.0,1950.0,0.0,10.0,0.0,1.0,1.0,0,1,0,NONE,NONE,False,,,0
3992,2650.0,1950.0,0.0,10.0,0.0,1.0,1.0,0,1,0,NONE,NONE,False,,,0
3993,2700.0,1950.0,0.0,10.0,0.0,1.0,1.0,0,1,0,NONE,NONE,False,,,0
3994,2750.0,1950.0,0.0,10.0,0.0,1.0,1.0,0,1,0,NONE,NONE,False,,,0
3995,2800.0,1950.0,0.0,10.0,0.0,1.0,1.0,0,1,0,NONE,NONE,False,,,0
3996,2850.0,1950.0,0.0,0.085,0.0,0.0,0.0,0,0,0,NONE,NONE,False,,,3
3997,2900.0,1950.0,0.0,0.085,0.0,0.0,0.0,0,0,0,NONE,NONE,False,,,5
3998,2950.0,1950.0,0.0,0.085,0.0,0.0,0.0,0,0,0,NONE,NONE,False,,,5
3999,3000.0,1950.0,0.0,0.085,0.0,0.0,0.0,0,0,0,NONE,NONE,False,,,5
4000,3050.0,1950.0,0.0,0.085,0.0,0.0,0.0,0,0,0,NONE,NONE,False,,,4
4001,3100.0,1950.0,0.0,0.085,0.0,0.0,0.0,0,0,0,NONE,NONE,False,,,4
4002,3150.0,1950.0,0.0,0.085,0.0,0.0,0.0,0,0,0,NONE,NONE,False,,,5
4003,3200.0,1950.0,0.0,0.085,0.0,0.0,0.0,0,0,0,NONE,NONE,False,,,4
4004,3250.0,1950.0,0.0,0.085,0.0,0.0,0.0,0,0,0,NONE,NONE,False,,,5
4005,3300.0,1950.0,0.0,0.085,0.0,0.0,0.0,0,0,0,NONE,NONE,False,,,5
4006,3350.0,1950.0,0.0,0.085,0.0,0.0,0.0,0,0,0,NONE,NONE,False,,,5
4007,3400.0,1950.0,0.0,0.085,0.0,0.0,0.0,0,0,0,NONE,NONE,False,,,6
4008,3450.0,1950.0,0.0,0.085,0.0,0.0,0.0,0,0,0,NONE,NONE,False,,,5
4009,3500.0,1950.0,0.0,0.085,0.0,0.0,0.0,0,0,0,NONE,NONE,False,,,7
4010,3550.0,1950.0,0.0,0.085,0.0,0.0,0.0,0,0,0,NONE,NONE,False,,,7
4011,3600.0,1950.0,0.0,0.085,0.0,0.0,0.0,0,0,0,NONE,NONE,False,,,7
4012,3650.0,1950.0,0.0,0.085,0.0,0.0,0.0,0,0,0,NONE,NONE,False,,,6
4013,3700.0,1950.0,0.0,0.085,0.0,0.0,0.0,0,0,0,NONE,NONE,False,,,6
4014,3750.0,1950.0,0.0,0.085,0.0,0.0,0.0,0,0,0,NONE,NONE,False,,,5
4015,3800.0,1950.0,0.0,0.085,0.0,0.0,0.0,0,0,0,NONE,NONE,False,,,5
4016,3850.0,1950.0,0.0,0.085,0.0,0.0,0.0,0,0,0,NONE,NONE,False,,,5
4017,3900.0,1950.0,0.0,0.085,0.0,0.0,0.0,0,0,0,NONE,NONE,False,,,4
4018,3950.0,1950.0,0.0,0.085,0.0,0.0,0.0,0,0,0,NONE,NONE,False,,,6
4019,4000.0,1950.0,0.0,0.085,0.0,0.0,0.0,0,0,0,NONE,NONE,False,,,5
4020,4050.0,1950.0,0.0,0.085,0.0,0.0,0.0,0,0,0,NONE,NONE,False,,,6
4021,4100.0,1950.0,0.0,0.085,0.0,0.0,0.0,0,0,0,NONE,NONE,False,,,5
4022,4150.0,1950.0,0.0,0.085,0.0,0.0,0.0,0,0,0,NONE,NONE,False,,,5
4023,4200.0,1950.0,0.0,0.085,0.0,0.0,0.0,0,0,0,NONE,NONE,False,,,4
4024,4250.0,1950.0,0.0,0.085,0.0,0.0,0.0,0,0,0,NONE,NONE,False,,,4
4025,4300.0,1950.0,0.0,0.085,0.0,0.0,0.0,0,0,0,NONE,NONE,False,,,3
4026,4350.0,1950.0,0.0,0.085,0.0,0.0,0.0,0,0,0,NONE,NONE,False,,,3
4027,4400.0,1950.0,0.0,0.085,0.0,0.0,0.0,0,0,0,NONE,NONE,False,,,3
4028,4450.0,1950.0,0.0,0.085,0.0,0.0,0.0,0,0,0,NONE,NONE,False,,,2
4029,4500.0,1950.0,0.0,0.085,0.0,0.0,0.0,0,0,0,NONE,NONE,False,,,3
4030,4550.0,1950.0,0.0,0.085,0.0,0.0,0.0,0,0,0,NONE,NONE,False,,,4
4031,4600.0,1950.0,0.0,0.085,0.0,0.0,0.0,0,0,0,NONE,NONE,False,,,4
4032,4650.0,1950.0,0.0,0.085,0.0,0.0,0.0,0,0,0,NONE,NONE,False,,,4
4033,4700.0,1950.0,0.0,0.085,0.0,0.0,0.0,0,0,0,NONE,NONE,False,,,5
4034,4750.0,1950.0,0.0,0.085,0.0,0.0,0.0,0,0,0,NONE,NONE,False,,,6
4035,4800.0,1950.0,0.0,0.085,0.0,0.0,0.0,0,0,0,NONE,NONE,False,,,6
4036,4850.0,1950.0,0.0,0.085,0.0,0.0,0.0,0,0,0,NONE,NONE,False,,,6
4037,4900.0,1950.0,0.0,0.085,0.0,0.0,0.0,0,0,0,NONE,NONE,False,,,5
4038,4950.0,1950.0,0.0,0.085,0.0,0.0,0.0,0,0,0,NONE,NONE,False,,,5
4039,5000.0,1950.0,0.0,0.085,0.0,0.0,0.0,0,0,0,NONE,NONE,False,,,4
4040,0.0,2000.0,0.0,0.085,0.0,0.0,0.0,0,0,0,NONE,NONE,False,,,2
4041,50.0,2000.0,0.0,0.085,0.0,0.0,0.0,0,0,0,NONE,NONE,False,,,3
4042,100.0,2000.0,0.0,0.085,0.0,0.0,0.0,0,0,0,NONE,NONE,False,,,3
4043,150.0,2000.0,0.0,0.085,0.0,0.0,0.0,0,0,0,NONE,NONE,False,,,4
4044,200.0,2000.0,0.0,0.085,0.0,0.0,0.0,0,0,0,NONE,NONE,False,,,4
4045,250.0,2000.0,0.0,0.085,0.0,0.0,0.0,0,0,0,NONE,NONE,False,,,5
4046,300.0,2000.0,0.0,0.085,0.0,0.0,0.0,0,0,0,NONE,NONE,False,,,4
4047,350.0,2000.0,0.0,0.085,0.0,0.0,0.0,0,0,0,NONE,NONE,False,,,4
4048,400.0,2000.0,0.0,0.085,0.0,0.0,0.0,0,0,0,NONE,NONE,False,,,3
4049,450.0,2000.0,0.0,0.085,0.0,0.0,0.0,0,0,0,NONE,NONE,False,,,4
4050,500.0,2000.0,0.0,0.085,0.0,0.0,0.0,0,0,0,NONE,NONE,False,,,4
4051,550.0,2000.0,0.0,0.085,0.0,0.0,0.0,0,0,0,NONE,NONE,False,,,2
4052,600.0,2000.0,0.0,0.085,0.0,0.0,0.0,0,0,0,NONE,NONE,False,,,3
4053,650.0,2000.0,0.0,0.085,0.0,0.0,0.0,0,0,0,NONE,NONE,False,,,3
4054,700.0,2000.0,0.0,0.085,0.0,0.0,0.0,0,0,0,NONE,NONE,False,,,5
4055,750.0,2000.0,0.0,0.085,0.0,0.0,0.0,0,0,0,NONE,NONE,False,,,5
4056,800.0,2000.0,0.0,0.085,0.0,0.0,0.0,0,0,0,NONE,NONE,False,,,6
4057,850.0,2000.0,0.0,0.085,0.0,0.0,0.0,0,0,0,NONE,NONE,False,,,5
4058,900.0,2000.0,0.0,0.085,0.0,0.0,0.0,0,0,0,NONE,NONE,False,,,4
4059,950.0,2000.0,0.0,0.085,0.0,0.0,0.0,0,0,0,NONE,NONE,False,,,4
4060,1000.0,2000.0,0.0,0.085,0.0,0.0,0.0,0,0,0,NONE,NONE,False,,,4
4061,1050.0,2000.0,0.0,0.085,0.0,0.0,0.0,0,0,0,NONE,NONE,False,,,2
4062,1100.0,2000.0,0.0,0.085,0.0,0.0,0.0,0,0,0,NONE,NONE,False,,,2
4063,1150.0,2000.0,0.0,0.085,0.0,0.0,0.0,0,0,0,NONE,NONE,False,,,2
4064,1200.0,2000.0,0.0,0.085,0.0,0.0,0.0,0,0,0,NONE,NONE,False,,,3
4065,1250.0,2000.0,0.0,0.085,0.0,0.0,0.0,0,0,0,NONE,NONE,False,,,3
4066,1300.0,2000.0,0.0,0.085,0.0,0.0,0.0,0,0,0,NONE,NONE,False,,,3
4067,1350.0,2000.0,0.0,0.085,0.0,0.0,0.0,0,0,0,NONE,NONE,False,,,4
4068,1400.0,2000.0,0.0,0.085,0.0,0.0,0.0,0,0,0,NONE,NONE,False,,,5
4069,1450.0,2000.0,0.0,0.085,0.0,0.0,0.0,0,0,0,NONE,NONE,False,,,5
4070,1500.0,2000.0,0.0,0.085,0.0,0.0,0.0,0,0,0,NONE,NONE,False,,,6
4071,1550.0,2000.0,0.0,0.085,0.0,0.0,0.0,0,0,0,NONE,NONE,False,,,7
4072,1600.0,2000.0,0.0,0.085,0.0,0.0,0.0,0,0,0,NONE,NONE,False,,,7
4073,1650.0,2000.0,0.0,0.085,0.0,0.0,0.0,0,0,0,NONE,NONE,False,,,9
4074,1700.0,2000.0,0.0,0.085,0.0,0.0,0.0,0,0,0,NONE,NONE,False,,,8
4075,1750.0,2000.0,0.0,0.085,0.0,0.0,0.0,0,0,0,NONE,NONE,False,,,7
4076,1800.0,2000.0,0.0,0.085,0.0,0.0,0.0,0,0,0,NONE,NONE,False,,,8
4077,1850.0,2000.0,0.0,0.085,0.0,0.0,0.0,0,0,0,NONE,NONE,False,,,6
4078,1900.0,2000.0,0.0,0.085,0.0,0.0,0.0,0,0,0,NONE,NONE,False,,,5
4079,1950.0,2000.0,0.0,0.085,0.0,0.0,0.0,0,0,0,NONE,NONE,False,,,3
4080,2000.0,2000.0,0.0,10.0,0.0,1.0,1.0,0,1,0,NONE,NONE,False,,,0
4081,2050.0,2000.0,0.0,10.0,0.0,1.0,1.0,0,1,0,NONE,NONE,False,,,0
4082,2100.0,2000.0,0.0,10.0,0.0,1.0,1.0,0,1,0,NONE,NONE,False,,,0
4083,2150.0,2000.0,0.0,10.0,0.0,1.0,1.0,0,1,0,NONE,NONE,False,,,0
4084,2200.0,2000.0,0.0,10.0,0.0,1.0,1.0,0,1,0,NONE,NONE,False,,,0
4085,2250.0,2000.0,0.0,10.0,0.0,1.0,1.0,0,1,0,NONE,NONE,False,,,0
4086,2300.0,2000.0,0.0,10.0,0.0,1.0,1.0,0,1,0,NONE,NONE,False,,,0
4087,2350.0,2000.0,0.0,10.0,0.0,1.0,1.0,0,1,0,NONE,NONE,False,,,0
4088,2400.0,2000.0,0.0,10.0,0.0,1.0,1.0,0,1,0,NONE,NONE,False,,,0
4089,2450.0,2000.0,0.0,10.0,0.0,1.0,1.0,0,1,0,NONE,NONE,False,,,0
4090,2500.0,2000.0,0.0,10.0,0.0,1.0,1.0,0,1,0,NONE,NONE,False,,,0
4091,2550.0,2000.0,0.0,10.0,0.0,1.0,1.0,0,1,0,NONE,NONE,False,,,0
4092,2600.0,2000.0,0.0,10.0,0.0,1.0,1.0,0,1,0,NONE,NONE,False,,,0
4093,2650.0,2000.0,0.0,10.0,0.0,1.0,1.0,0,1,0,NONE,NONE,False,,,0
4094,2700.0,2000.0,0.0,10.0,0.0,1.0,1.0,0,1,0,NONE,NONE,False,,,0
4095,2750.0,2000.0,0.0,10.0,0.0,1.0,1.0,0,1,0,NONE,NONE,False,,,0
4096,2800.0,2000.0,0.0,10.0,0.0,1.0,1.0,0,1,0,NONE,NONE,False,,,0
4097,2850.0,2000.0,0.0,0.085,0.0,0.0,0.0,0,0,0,NONE,NONE,False,,,2
4098,2900.0,2000.0,0.0,0.085,0.0,0.0,0.0,0,0,0,NONE,NONE,False,,,4
4099,2950.0,2000.0,0.0,0.085,0.0,0.0,0.0,0,0,0,NONE,NONE,False,,,4
4100,3000.0,2000.0,0.0,0.085,0.0,0.0,0.0,0,0,0,NONE,NONE,False,,,4
4101,3050.0,2000.0,0.0,0.085,0.0,0.0,0.0,0,0,0,NONE,NONE,False,,,5
4102,3100.0,2000.0,0.0,0.085,0.0,0.0,0.0,0,0,0,NONE,NONE,False,,,4
4103,3150.0,2000.0,0.0,0.085,0.0,0.0,0.0,0,0,0,NONE,NONE,False,,,4
4104,3200.0,2000.0,0.0,0.085,0.0,0.0,0.0,0,0,0,NONE,NONE,False,,,6
4105,3250.0,2000.0,0.0,0.085,0.0,0.0,0.0,0,0,0,NONE,NONE,False,,,4
4106,3300.0,2000.0,0.0,0.085,0.0,0.0,0.0,0,0,0,NONE,NONE,False,,,6
4107,3350.0,2000.0,0.0,0.085,0.0,0.0,0.0,0,0,0,NONE,NONE,False,,,5
4108,3400.0,2000.0,0.0,0.085,0.0,0.0,0.0,0,0,0,NONE,NONE,False,,,6
4109,3450.0,2000.0,0.0,0.085,0.0,0.0,0.0,0,0,0,NONE,NONE,False,,,6
4110,3500.0,2000.0,0.0,0.085,0.0,0.0,0.0,0,0,0,NONE,NONE,False,,,7
4111,3550.0,2000.0,0.0,0.085,0.0,0.0,0.0,0,0,0,NONE,NONE,False,,,7
4112,3600.0,2000.0,0.0,0.085,0.0,0.0,0.0,0,0,0,NONE,NONE,False,,,7
4113,3650.0,2000.0,0.0,0.085,0.0,0.0,0.0,0,0,0,NONE,NONE,False,,,6
4114,3700.0,2000.0,0.0,0.085,0.0,0.0,0.0,0,0,0,NONE,NONE,False,,,6
4115,3750.0,2000.0,0.0,0.085,0.0,0.0,0.0,0,0,0,NONE,NONE,False,,,6
4116,3800.0,2000.0,0.0,0.085,0.0,0.0,0.0,0,0,0,NONE,NONE,False,,,5
4117,3850.0,2000.0,0.0,0.085,0.0,0.0,0.0,0,0,0,NONE,NONE,False,,,5
4118,3900.0,2000.0,0.0,0.085,0.0,0.0,0.0,0,0,0,NONE,NONE,False,,,5
4119,3950.0,2000.0,0.0,0.085,0.0,0.0,0.0,0,0,0,NONE,NONE,False,,,5
4120,4000.0,2000.0,0.0,0.085,0.0,0.0,0.0,0,0,0,NONE,NONE,False,,,4
4121,4050.0,2000.0,0.0,0.085,0.0,0.0,0.0,0,0,0,NONE,NONE,False,,,7
4122,4100.0,2000.0,0.0,0.085,0.0,0.0,0.0,0,0,0,NONE,NONE,False,,,6
4123,4150.0,2000.0,0.0,0.085,0.0,0.0,0.0,0,0,0,NONE,NONE,False,,,6
4124,4200.0,2000.0,0.0,0.085,0.0,0.0,0.0,0,0,0,NONE,NONE,False,,,4
4125,4250.0,2000.0,0.0,0.085,0.0,0.0,0.0,0,0,0,NONE,NONE,False,,,5
4126,4300.0,2000.0,0.0,0.085,0.0,0.0,0.0,0,0,0,NONE,NONE,False,,,4
4127,4350.0,2000.0,0.0,0.085,0.0,0.0,0.0,0,0,0,NONE,NONE,False,,,3
4128,4400.0,2000.0,0.0,0.085,0.0,0.0,0.0,0,0,0,NONE,NONE,False,,,3
4129,4450.0,2000.0,0.0,0.085,0.0,0.0,0.0,0,0,0,NONE,NONE,False,,,3
4130,4500.0,2000.0,0.0,0.085,0.0,0.0,0.0,0,0,0,NONE,NONE,False,,,3
4131,4550.0,2000.0,0.0,0.085,0.0,0.0,0.0,0,0,0,NONE,NONE,False,,,4
4132,4600.0,2000.0,0.0,0.085,0.0,0.0,0.0,0,0,0,NONE,NONE,False,,,4
4133,4650.0,2000.0,0.0,0.085,0.0,0.0,0.0,0,0,0,NONE,NONE,False,,,4
4134,4700.0,2000.0,0.0,0.085,0.0,0.0,0.0,0,0,0,NONE,NONE,False,,,6
4135,4750.0,2000.0,0.0,0.085,0.0,0.0,0.0,0,0,0,NONE,NONE,False,,,6
4136,4800.0,2000.0,0.0,0.085,0.0,0.0,0.0,0,0,0,NONE,NONE,False,,,6
4137,4850.0,2000.0,0.0,0.085,0.0,0.0,0.0,0,0,0,NONE,NONE,False,,,7
4138,4900.0,2000.0,0.0,0.085,0.0,0.0,0.0,0,0,0,NONE,NONE,False,,,5
4139,4950.0,2000.0,0.0,0.085,0.0,0.0,0.0,0,0,0,NONE,NONE,False,,,5
4140,5000.0,2000.0,0.0,0.085,0.0,0.0,0.0,0,0,0,NONE,NONE,False,,,4
4141,0.0,2050.0,0.0,0.085,0.0,0.0,0.0,0,0,0,NONE,NONE,False,,,2
4142,50.0,2050.0,0.0,0.085,0.0,0.0,0.0,0,0,0,NONE,NONE,False,,,3
4143,100.0,2050.0,0.0,0.085,0.0,0.0,0.0,0,0,0,NONE,NONE,False,,,4
4144,150.0,2050.0,0.0,0.085,0.0,0.0,0.0,0,0,0,NONE,NONE,False,,,4
4145,200.0,2050.0,0.0,0.085,0.0,0.0,0.0,0,0,0,NONE,NONE,False,,,3
4146,250.0,2050.0,0.0,0.085,0.0,0.0,0.0,0,0,0,NONE,NONE,False,,,5
4147,300.0,2050.0,0.0,0.085,0.0,0.0,0.0,0,0,0,NONE,NONE,False,,,4
4148,350.0,2050.0,0.0,0.085,0.0,0.0,0.0,0,0,0,NONE,NONE,False,,,4
4149,400.0,2050.0,0.0,0.085,0.0,0.0,0.0,0,0,0,NONE,NONE,False,,,3
4150,450.0,2050.0,0.0,0.085,0.0,0.0,0.0,0,0,0,NONE,NONE,False,,,3
4151,500.0,2050.0,0.0,0.085,0.0,0.0,0.0,0,0,0,NONE,NONE,False,,,3
4152,550.0,2050.0,0.0,0.085,0.0,0.0,0.0,0,0,0,NONE,NONE,False,,,3
4153,600.0,2050.0,0.0,0.085,0.0,0.0,0.0,0,0,0,NONE,NONE,False,,,3
4154,650.0,2050.0,0.0,0.085,0.0,0.0,0.0,0,0,0,NONE,NONE,False,,,4
4155,700.0,2050.0,0.0,0.085,0.0,0.0,0.0,0,0,0,NONE,NONE,False,,,5
4156,750.0,2050.0,0.0,0.085,0.0,0.0,0.0,0,0,0,NONE,NONE,False,,,5
4157,800.0,2050.0,0.0,0.085,0.0,0.0,0.0,0,0,0,NONE,NONE,False,,,6
4158,850.0,2050.0,0.0,0.085,0.0,0.0,0.0,0,0,0,NONE,NONE,False,,,5
4159,900.0,2050.0,0.0,0.085,0.0,0.0,0.0,0,0,0,NONE,NONE,False,,,5
4160,950.0,2050.0,0.0,0.085,0.0,0.0,0.0,0,0,0,NONE,NONE,False,,,4
4161,1000.0,2050.0,0.0,0.085,0.0,0.0,0.0,0,0,0,NONE,NONE,False,,,5
4162,1050.0,2050.0,0.0,0.085,0.0,0.0,0.0,0,0,0,NONE,NONE,False,,,4
4163,1100.0,2050.0,0.0,0.085,0.0,0.0,0.0,0,0,0,NONE,NONE,False,,,3
4164,1150.0,2050.0,0.0,0.085,0.0,0.0,0.0,0,0,0,NONE,NONE,False,,,4
4165,1200.0,2050.0,0.0,0.085,0.0,0.0,0.0,0,0,0,NONE,NONE,False,,,4
4166,1250.0,2050.0,0.0,0.085,0.0,0.0,0.0,0,0,0,NONE,NONE,False,,,3
4167,1300.0,2050.0,0.0,0.085,0.0,0.0,0.0,0,0,0,NONE,NONE,False,,,4
4168,1350.0,2050.0,0.0,0.085,0.0,0.0,0.0,0,0,0,NONE,NONE,False,,,6
4169,1400.0,2050.0,0.0,0.085,0.0,0.0,0.0,0,0,0,NONE,NONE,False,,,6
4170,1450.0,2050.0,0.0,0.085,0.0,0.0,0.0,0,0,0,NONE,NONE,False,,,7
4171,1500.0,2050.0,0.0,0.085,0.0,0.0,0.0,0,0,0,NONE,NONE,False,,,6
4172,1550.0,2050.0,0.0,0.085,0.0,0.0,0.0,0,0,0,NONE,NONE,False,,,7
4173,1600.0,2050.0,0.0,0.085,0.0,0.0,0.0,0,0,0,NONE,NONE,False,,,8
4174,1650.0,2050.0,0.0,0.085,0.0,0.0,0.0,0,0,0,NONE,NONE,False,,,7
4175,1700.0,2050.0,0.0,0.085,0.0,0.0,0.0,0,0,0,NONE,NONE,False,,,6
4176,1750.0,2050.0,0.0,0.085,0.0,0.0,0.0,0,0,0,NONE,NONE,False,,,6
4177,1800.0,2050.0,0.0,0.085,0.0,0.0,0.0,0,0,0,NONE,NONE,False,,,7
4178,1850.0,2050.0,0.0,0.085,0.0,0.0,0.0,0,0,0,NONE,NONE,False,,,6
4179,1900.0,2050.0,0.0,0.085,0.0,0.0,0.0,0,0,0,NONE,NONE,False,,,5
4180,1950.0,2050.0,0.0,0.085,0.0,0.0,0.0,0,0,0,NONE,NONE,False,,,3
4181,2000.0,2050.0,0.0,10.0,0.0,1.0,1.0,0,1,0,NONE,NONE,False,,,0
4182,2050.0,2050.0,0.0,10.0,0.0,1.0,1.0,0,1,0,NONE,NONE,False,,,0
4183,2100.0,2050.0,0.0,10.0,0.0,1.0,1.0,0,1,0,NONE,NONE,False,,,0
4184,2150.0,2050.0,0.0,10.0,0.0,1.0,1.0,0,1,0,NONE,NONE,False,,,0
4185,2200.0,2050.0,0.0,10.0,0.0,1.0,1.0,0,1,0,NONE,NONE,False,,,0
4186,2250.0,2050.0,0.0,10.0,0.0,1.0,1.0,0,1,0,NONE,NONE,False,,,0
4187,2300.0,2050.0,0.0,10.0,0.0,1.0,1.0,0,1,0,NONE,NONE,False,,,0
4188,2350.0,2050.0,0.0,10.0,0.0,1.0,1.0,0,1,0,NONE,NONE,False,,,0
4189,2400.0,2050.0,0.0,10.0,0.0,1.0,1.0,0,1,0,NONE,NONE,False,,,0
4190,2450.0,2050.0,0.0,10.0,0.0,1.0,1.0,0,1,0,NONE,NONE,False,,,0
4191,2500.0,2050.0,0.0,10.0,0.0,1.0,1.0,0,1,0,NONE,NONE,False,,,0
4192,2550.0,2050.0,0.0,10.0,0.0,1.0,1.0,0,1,0,NONE,NONE,False,,,0
4193,2600.0,2050.0,0.0,10.0,0.0,1.0,1.0,0,1,0,NONE,NONE,False,,,0
4194,2650.0,2050.0,0.0,10.0,0.0,1.0,1.0,0,1,0,NONE,NONE,False,,,0
4195,2700.0,2050.0,0.0,10.0,0.0,1.0,1.0,0,1,0,NONE,NONE,False,,,0
4196,2750.0,2050.0,0.0,10.0,0.0,1.0,1.0,0,1,0,NONE,NONE,False,,,0
4197,2800.0,2050.0,0.0,10.0,0.0,1.0,1.0,0,1,0,NONE,NONE,False,,,0
4198,2850.0,2050.0,0.0,0.085,0.0,0.0,0.0,0,0,0,NONE,NONE,False,,,2
4199,2900.0,2050.0,0.0,0.085,0.0,0.0,0.0,0,0,0,NONE,NONE,False,,,2
4200,2950.0,2050.0,0.0,0.085,0.0,0.0,0.0,0,0,0,NONE,NONE,False,,,4
4201,3000.0,2050.0,0.0,0.085,0.0,0.0,0.0,0,0,0,NONE,NONE,False,,,4
4202,3050.0,2050.0,0.0,0.085,0.0,0.0,0.0,0,0,0,NONE,NONE,False,,,4
4203,3100.0,2050.0,0.0,0.085,0.0,0.0,0.0,0,0,0,NONE,NONE,False,,,5
4204,3150.0,2050.0,0.0,0.085,0.0,0.0,0.0,0,0,0,NONE,NONE,False,,,4
4205,3200.0,2050.0,0.0,0.085,0.0,0.0,0.0,0,0,0,NONE,NONE,False,,,5
4206,3250.0,2050.0,0.0,0.085,0.0,0.0,0.0,0,0,0,NONE,NONE,False,,,6
4207,3300.0,2050.0,0.0,0.085,0.0,0.0,0.0,0,0,0,NONE,NONE,False,,,5
4208,3350.0,2050.0,0.0,0.085,0.0,0.0,0.0,0,0,0,NONE,NONE,False,,,4
4209,3400.0,2050.0,0.0,0.085,0.0,0.0,0.0,0,0,0,NONE,NONE,False,,,6
4210,3450.0,2050.0,0.0,0.085,0.0,0.0,0.0,0,0,0,NONE,NONE,False,,,6
4211,3500.0,2050.0,0.0,0.085,0.0,0.0,0.0,0,0,0,NONE,NONE,False,,,7
4212,3550.0,2050.0,0.0,0.085,0.0,0.0,0.0,0,0,0,NONE,NONE,False,,,7
4213,3600.0,2050.0,0.0,0.085,0.0,0.0,0.0,0,0,0,NONE,NONE,False,,,6
4214,3650.0,2050.0,0.0,0.085,0.0,0.0,0.0,0,0,0,NONE,NONE,False,,,8
4215,3700.0,2050.0,0.0,0.085,0.0,0.0,0.0,0,0,0,NONE,NONE,False,,,18
4216,3750.0,2050.0,0.0,0.085,0.0,0.0,0.0,0,0,0,NONE,NONE,False,,,17
4217,3800.0,2050.0,0.0,0.085,0.0,0.0,0.0,0,0,0,NONE,NONE,False,,,18
4218,3850.0,2050.0,0.0,0.085,0.0,0.0,0.0,0,0,0,NONE,NONE,False,,,8
4219,3900.0,2050.0,0.0,0.085,0.0,0.0,0.0,0,0,0,NONE,NONE,False,,,8
4220,3950.0,2050.0,0.0,0.085,0.0,0.0,0.0,0,0,0,NONE,NONE,False,,,6
4221,4000.0,2050.0,0.0,0.085,0.0,0.0,0.0,0,0,0,NONE,NONE,False,,,5
4222,4050.0,2050.0,0.0,0.085,0.0,0.0,0.0,0,0,0,NONE,NONE,False,,,5
4223,4100.0,2050.0,0.0,0.085,0.0,0.0,0.0,0,0,0,NONE,NONE,False,,,5
4224,4150.0,2050.0,0.0,0.085,0.0,0.0,0.0,0,0,0,NONE,NONE,False,,,6
4225,4200.0,2050.0,0.0,0.085,0.0,0.0,0.0,0,0,0,NONE,NONE,False,,,5
4226,4250.0,2050.0,0.0,0.085,0.0,0.0,0.0,0,0,0,NONE,NONE,False,,,5
4227,4300.0,2050.0,0.0,0.085,0.0,0.0,0.0,0,0,0,NONE,NONE,False,,,4
4228,4350.0,2050.0,0.0,0.085,0.0,0.0,0.0,0,0,0,NONE,NONE,False,,,4
4229,4400.0,2050.0,0.0,0.085,0.0,0.0,0.0,0,0,0,NONE,NONE,False,,,3
4230,4450.0,2050.0,0.0,0.085,0.0,0.0,0.0,0,0,0,NONE,NONE,False,,,3
4231,4500.0,2050.0,0.0,0.085,0.0,0.0,0.0,0,0,0,NONE,NONE,False,,,4
4232,4550.0,2050.0,0.0,0.085,0.0,0.0,0.0,0,0,0,NONE,NONE,False,,,4
4233,4600.0,2050.0,0.0,0.085,0.0,0.0,0.0,0,0,0,NONE,NONE,False,,,5
4234,4650.0,2050.0,0.0,0.085,0.0,0.0,0.0,0,0,0,NONE,NONE,False,,,7
4235,4700.0,2050.0,0.0,0.085,0.0,0.0,0.0,0,0,0,NONE,NONE,False,,,6
4236,4750.0,2050.0,0.0,0.085,0.0,0.0,0.0,0,0,0,NONE,NONE,False,,,7
4237,4800.0,2050.0,0.0,0.085,0.0,0.0,0.0,0,0,0,NONE,NONE,False,,,7
4238,4850.0,2050.0,0.0,0.085,0.0,0.0,0.0,0,0,0,NONE,NONE,False,,,7
4239,4900.0,2050.0,0.0,0.085,0.0,0.0,0.0,0,0,0,NONE,NONE,False,,,7
4240,4950.0,2050.0,0.0,0.085,0.0,0.0,0.0,0,0,0,NONE,NONE,False,,,5
4241,5000.0,2050.0,0.0,0.085,0.0,0.0,0.0,0,0,0,NONE,NONE,False,,,3
4242,0.0,2100.0,0.0,0.085,0.0,0.0,0.0,0,0,0,NONE,NONE,False,,,3
4243,50.0,2100.0,0.0,0.085,0.0,0.0,0.0,0,0,0,NONE,NONE,False,,,3
4244,100.0,2100.0,0.0,0.085,0.0,0.0,0.0,0,0,0,NONE,NONE,False,,,4
4245,150.0,2100.0,0.0,0.085,0.0,0.0,0.0,0,0,0,NONE,NONE,False,,,4
4246,200.0,2100.0,0.0,0.085,0.0,0.0,0.0,0,0,0,NONE,NONE,False,,,4
4247,250.0,2100.0,0.0,0.085,0.0,0.0,0.0,0,0,0,NONE,NONE,False,,,4
4248,300.0,2100.0,0.0,0.085,0.0,0.0,0.0,0,0,0,NONE,NONE,False,,,4
4249,350.0,2100.0,0.0,0.085,0.0,0.0,0.0,0,0,0,NONE,NONE,False,,,4
4250,400.0,2100.0,0.0,0.085,0.0,0.0,0.0,0,0,0,NONE,NONE,False,,,3
4251,450.0,2100.0,0.0,0.085,0.0,0.0,0.0,0,0,0,NONE,NONE,False,,,3
4252,500.0,2100.0,0.0,0.085,0.0,0.0,0.0,0,0,0,NONE,NONE,False,,,3
4253,550.0,2100.0,0.0,0.085,0.0,0.0,0.0,0,0,0,NONE,NONE,False,,,3
4254,600.0,2100.0,0.0,0.085,0.0,0.0,0.0,0,0,0,NONE,NONE,False,,,4
4255,650.0,2100.0,0.0,0.085,0.0,0.0,0.0,0,0,0,NONE,NONE,False,,,4
4256,700.0,2100.0,0.0,0.085,0.0,0.0,0.0,0,0,0,NONE,NONE,False,,,5
4257,750.0,2100.0,0.0,0.085,0.0,0.0,0.0,0,0,0,NONE,NONE,False,,,5
4258,800.0,2100.0,0.0,0.085,0.0,0.0,0.0,0,0,0,NONE,NONE,False,,,7
4259,850.0,2100.0,0.0,0.085,0.0,0.0,0.0,0,0,0,NONE,NONE,False,,,6
4260,900.0,2100.0,0.0,0.085,0.0,0.0,0.0,0,0,0,NONE,NONE,False,,,6
4261,950.0,2100.0,0.0,0.085,0.0,0.0,0.0,0,0,0,NONE,NONE,False,,,5
4262,1000.0,2100.0,0.0,0.085,0.0,0.0,0.0,0,0,0,NONE,NONE,False,,,5
4263,1050.0,2100.0,0.0,0.085,0.0,0.0,0.0,0,0,0,NONE,NONE,False,,,4
4264,1100.0,2100.0,0.0,0.085,0.0,0.0,0.0,0,0,0,NONE,NONE,False,,,5
4265,1150.0,2100.0,0.0,0.085,0.0,0.0,0.0,0,0,0,NONE,NONE,False,,,4
4266,1200.0,2100.0,0.0,0.085,0.0,0.0,0.0,0,0,0,NONE,NONE,False,,,5
4267,1250.0,2100.0,0.0,0.085,0.0,0.0,0.0,0,0,0,NONE,NONE,False,,,6
4268,1300.0,2100.0,0.0,0.085,0.0,0.0,0.0,0,0,0,NONE,NONE,False,,,6
4269,1350.0,2100.0,0.0,0.085,0.0,0.0,0.0,0,0,0,NONE,NONE,False,,,6
4270,1400.0,2100.0,0.0,0.085,0.0,0.0,0.0,0,0,0,NONE,NONE,False,,,7
4271,1450.0,2100.0,0.0,0.085,0.0,0.0,0.0,0,0,0,NONE,NONE,False,,,7
4272,1500.0,2100.0,0.0,0.085,0.0,0.0,0.0,0,0,0,NONE,NONE,False,,,7
4273,1550.0,2100.0,0.0,0.085,0.0,0.0,0.0,0,0,0,NONE,NONE,False,,,8
4274,1600.0,2100.0,0.0,0.085,0.0,0.0,0.0,0,0,0,NONE,NONE,False,,,6
4275,1650.0,2100.0,0.0,0.085,0.0,0.0,0.0,0,0,0,NONE,NONE,False,,,5
4276,1700.0,2100.0,0.0,0.085,0.0,0.0,0.0,0,0,0,NONE,NONE,False,,,5
4277,1750.0,2100.0,0.0,0.085,0.0,0.0,0.0,0,0,0,NONE,NONE,False,,,5
4278,1800.0,2100.0,0.0,0.085,0.0,0.0,0.0,0,0,0,NONE,NONE,False,,,7
4279,1850.0,2100.0,0.0,0.085,0.0,0.0,0.0,0,0,0,NONE,NONE,False,,,6
4280,1900.0,2100.0,0.0,0.085,0.0,0.0,0.0,0,0,0,NONE,NONE,False,,,4
4281,1950.0,2100.0,0.0,0.085,0.0,0.0,0.0,0,0,0,NONE,NONE,False,,,3
4282,2000.0,2100.0,0.0,10.0,0.0,1.0,1.0,0,1,0,NONE,NONE,False,,,0
4283,2050.0,2100.0,0.0,10.0,0.0,1.0,1.0,0,1,0,NONE,NONE,False,,,0
4284,2100.0,2100.0,0.0,10.0,0.0,1.0,1.0,0,1,0,NONE,NONE,False,,,0
4285,2150.0,2100.0,0.0,10.0,0.0,1.0,1.0,0,1,0,NONE,NONE,False,,,0
4286,2200.0,2100.0,0.0,10.0,0.0,1.0,1.0,0,1,0,NONE,NONE,False,,,0
4287,2250.0,2100.0,0.0,10.0,0.0,1.0,1.0,0,1,0,NONE,NONE,False,,,0
4288,2300.0,2100.0,0.0,10.0,0.0,1.0,1.0,0,1,0,NONE,NONE,False,,,0
4289,2350.0,2100.0,0.0,10.0,0.0,1.0,1.0,0,1,0,NONE,NONE,False,,,0
4290,2400.0,2100.0,0.0,10.0,0.0,1.0,1.0,0,1,1,RA01,RA,False,,,0
4291,2450.0,2100.0,0.0,10.0,0.0,1.0,1.0,0,1,0,NONE,NONE,False,,,0
4292,2500.0,2100.0,0.0,10.0,0.0,1.0,1.0,0,1,0,NONE,NONE,False,,,0
4293,2550.0,2100.0,0.0,10.0,0.0,1.0,1.0,0,1,0,NONE,NONE,False,,,0
4294,2600.0,2100.0,0.0,10.0,0.0,1.0,1.0,0,1,0,NONE,NONE,False,,,0
4295,2650.0,2100.0,0.0,10.0,0.0,1.0,1.0,0,1,0,NONE,NONE,False,,,0
4296,2700.0,2100.0,0.0,10.0,0.0,1.0,1.0,0,1,0,NONE,NONE,False,,,0
4297,2750.0,2100.0,0.0,10.0,0.0,1.0,1.0,0,1,0,NONE,NONE,False,,,0
4298,2800.0,2100.0,0.0,10.0,0.0,1.0,1.0,0,1,0,NONE,NONE,False,,,0
4299,2850.0,2100.0,0.0,0.085,0.0,0.0,0.0,0,0,0,NONE,NONE,False,,,2
4300,2900.0,2100.0,0.0,0.085,0.0,0.0,0.0,0,0,0,NONE,NONE,False,,,2
4301,2950.0,2100.0,0.0,0.085,0.0,0.0,0.0,0,0,0,NONE,NONE,False,,,2
4302,3000.0,2100.0,0.0,0.085,0.0,0.0,0.0,0,0,0,NONE,NONE,False,,,5
4303,3050.0,2100.0,0.0,0.085,0.0,0.0,0.0,0,0,0,NONE,NONE,False,,,4
4304,3100.0,2100.0,0.0,0.085,0.0,0.0,0.0,0,0,0,NONE,NONE,False,,,4
4305,3150.0,2100.0,0.0,0.085,0.0,0.0,0.0,0,0,0,NONE,NONE,False,,,5
4306,3200.0,2100.0,0.0,0.085,0.0,0.0,0.0,0,0,0,NONE,NONE,False,,,5
4307,3250.0,2100.0,0.0,0.085,0.0,0.0,0.0,0,0,0,NONE,NONE,False,,,5
4308,3300.0,2100.0,0.0,0.085,0.0,0.0,0.0,0,0,0,NONE,NONE,False,,,7
4309,3350.0,2100.0,0.0,0.085,0.0,0.0,0.0,0,0,0,NONE,NONE,False,,,5
4310,3400.0,2100.0,0.0,0.085,0.0,0.0,0.0,0,0,0,NONE,NONE,False,,,6
4311,3450.0,2100.0,0.0,0.085,0.0,0.0,0.0,0,0,0,NONE,NONE,False,,,6
4312,3500.0,2100.0,0.0,0.085,0.0,0.0,0.0,0,0,0,NONE,NONE,False,,,7
4313,3550.0,2100.0,0.0,0.085,0.0,0.0,0.0,0,0,0,NONE,NONE,False,,,6
4314,3600.0,2100.0,0.0,0.085,0.0,0.0,0.0,0,0,0,NONE,NONE,False,,,7
4315,3650.0,2100.0,0.0,0.085,0.0,0.0,0.0,0,0,0,NONE,NONE,False,,,17
4316,3700.0,2100.0,0.0,0.085,0.0,0.0,0.0,0,0,0,NONE,NONE,False,,,18
4317,3750.0,2100.0,0.0,0.085,0.0,0.0,0.0,0,0,0,NONE,NONE,False,,,17
4318,3800.0,2100.0,0.0,0.085,0.0,0.0,0.0,0,0,0,NONE,NONE,False,,,17
4319,3850.0,2100.0,0.0,0.085,0.0,0.0,0.0,0,0,0,NONE,NONE,False,,,18
4320,3900.0,2100.0,0.0,0.085,0.0,0.0,0.0,0,0,0,NONE,NONE,False,,,7
4321,3950.0,2100.0,0.0,0.085,0.0,0.0,0.0,0,0,0,NONE,NONE,False,,,7
4322,4000.0,2100.0,0.0,0.085,0.0,0.0,0.0,0,0,0,NONE,NONE,False,,,8
4323,4050.0,2100.0,0.0,0.085,0.0,0.0,0.0,0,0,0,NONE,NONE,False,,,6
4324,4100.0,2100.0,0.0,0.085,0.0,0.0,0.0,0,0,0,NONE,NONE,False,,,5
4325,4150.0,2100.0,0.0,0.085,0.0,0.0,0.0,0,0,0,NONE,NONE,False,,,5
4326,4200.0,2100.0,0.0,0.085,0.0,0.0,0.0,0,0,0,NONE,NONE,False,,,4
4327,4250.0,2100.0,0.0,0.085,0.0,0.0,0.0,0,0,0,NONE,NONE,False,,,4
4328,4300.0,2100.0,0.0,0.085,0.0,0.0,0.0,0,0,0,NONE,NONE,False,,,3
4329,4350.0,2100.0,0.0,0.085,0.0,0.0,0.0,0,0,0,NONE,NONE,False,,,3
4330,4400.0,2100.0,0.0,0.085,0.0,0.0,0.0,0,0,0,NONE,NONE,False,,,4
4331,4450.0,2100.0,0.0,0.085,0.0,0.0,0.0,0,0,0,NONE,NONE,False,,,3
4332,4500.0,2100.0,0.0,0.085,0.0,0.0,0.0,0,0,0,NONE,NONE,False,,,2
4333,4550.0,2100.0,0.0,0.085,0.0,0.0,0.0,0,0,0,NONE,NONE,False,,,4
4334,4600.0,2100.0,0.0,0.085,0.0,0.0,0.0,0,0,0,NONE,NONE,False,,,4
4335,4650.0,2100.0,0.0,0.085,0.0,0.0,0.0,0,0,0,NONE,NONE,False,,,7
4336,4700.0,2100.0,0.0,0.085,0.0,0.0,0.0,0,0,0,NONE,NONE,False,,,7
4337,4750.0,2100.0,0.0,0.085,0.0,0.0,0.0,0,0,0,NONE,NONE,False,,,8
4338,4800.0,2100.0,0.0,0.085,0.0,0.0,0.0,0,0,0,NONE,NONE,False,,,8
4339,4850.0,2100.0,0.0,0.085,0.0,0.0,0.0,0,0,0,NONE,NONE,False,,,8
4340,4900.0,2100.0,0.0,0.085,0.0,0.0,0.0,0,0,0,NONE,NONE,False,,,8
4341,4950.0,2100.0,0.0,0.085,0.0,0.0,0.0,0,0,0,NONE,NONE,False,,,6
4342,5000.0,2100.0,0.0,0.085,0.0,0.0,0.0,0,0,0,NONE,NONE,False,,,4
4343,0.0,2150.0,0.0,0.085,0.0,0.0,0.0,0,0,0,NONE,NONE,False,,,3
4344,50.0,2150.0,0.0,0.085,0.0,0.0,0.0,0,0,0,NONE,NONE,False,,,3
4345,100.0,2150.0,0.0,0.085,0.0,0.0,0.0,0,0,0,NONE,NONE,False,,,4
4346,150.0,2150.0,0.0,0.085,0.0,0.0,0.0,0,0,0,NONE,NONE,False,,,4
4347,200.0,2150.0,0.0,0.085,0.0,0.0,0.0,0,0,0,NONE,NONE,False,,,4
4348,250.0,2150.0,0.0,0.085,0.0,0.0,0.0,0,0,0,NONE,NONE,False,,,4
4349,300.0,2150.0,0.0,0.085,0.0,0.0,0.0,0,0,0,NONE,NONE,False,,,4
4350,350.0,2150.0,0.0,0.085,0.0,0.0,0.0,0,0,0,NONE,NONE,False,,,3
4351,400.0,2150.0,0.0,0.085,0.0,0.0,0.0,0,0,0,NONE,NONE,False,,,3
4352,450.0,2150.0,0.0,0.085,0.0,0.0,0.0,0,0,0,NONE,NONE,False,,,3
4353,500.0,2150.0,0.0,0.085,0.0,0.0,0.0,0,0,0,NONE,NONE,False,,,3
4354,550.0,2150.0,0.0,0.085,0.0,0.0,0.0,0,0,0,NONE,NONE,False,,,4
4355,600.0,2150.0,0.0,0.085,0.0,0.0,0.0,0,0,0,NONE,NONE,False,,,4
4356,650.0,2150.0,0.0,0.085,0.0,0.0,0.0,0,0,0,NONE,NONE,False,,,3
4357,700.0,2150.0,0.0,0.085,0.0,0.0,0.0,0,0,0,NONE,NONE,False,,,6
4358,750.0,2150.0,0.0,0.085,0.0,0.0,0.0,0,0,0,NONE,NONE,False,,,5
4359,800.0,2150.0,0.0,0.085,0.0,0.0,0.0,0,0,0,NONE,NONE,False,,,6
4360,850.0,2150.0,0.0,0.085,0.0,0.0,0.0,0,0,0,NONE,NONE,False,,,6
4361,900.0,2150.0,0.0,0.085,0.0,0.0,0.0,0,0,0,NONE,NONE,False,,,6
4362,950.0,2150.0,0.0,0.085,0.0,0.0,0.0,0,0,0,NONE,NONE,False,,,5
4363,1000.0,2150.0,0.0,0.085,0.0,0.0,0.0,0,0,0,NONE,NONE,False,,,5
4364,1050.0,2150.0,0.0,0.085,0.0,0.0,0.0,0,0,0,NONE,NONE,False,,,5
4365,1100.0,2150.0,0.0,0.085,0.0,0.0,0.0,0,0,0,NONE,NONE,False,,,5
4366,1150.0,2150.0,0.0,0.085,0.0,0.0,0.0,0,0,0,NONE,NONE,False,,,6
4367,1200.0,2150.0,0.0,0.085,0.0,0.0,0.0,0,0,0,NONE,NONE,False,,,6
4368,1250.0,2150.0,0.0,0.085,0.0,0.0,0.0,0,0,0,NONE,NONE,False,,,7
4369,1300.0,2150.0,0.0,0.085,0.0,0.0,0.0,0,0,0,NONE,NONE,False,,,7
4370,1350.0,2150.0,0.0,0.085,0.0,0.0,0.0,0,0,0,NONE,NONE,False,,,7
4371,1400.0,2150.0,0.0,0.085,0.0,0.0,0.0,0,0,0,NONE,NONE,False,,,7
4372,1450.0,2150.0,0.0,0.085,0.0,0.0,0.0,0,0,0,NONE,NONE,False,,,7
4373,1500.0,2150.0,0.0,0.085,0.0,0.0,0.0,0,0,0,NONE,NONE,False,,,7
4374,1550.0,2150.0,0.0,0.085,0.0,0.0,0.0,0,0,0,NONE,NONE,False,,,6
4375,1600.0,2150.0,0.0,0.085,0.0,0.0,0.0,0,0,0,NONE,NONE,False,,,4
4376,1650.0,2150.0,0.0,0.085,0.0,0.0,0.0,0,0,0,NONE,NONE,False,,,4
4377,1700.0,2150.0,0.0,0.085,0.0,0.0,0.0,0,0,0,NONE,NONE,False,,,4
4378,1750.0,2150.0,0.0,0.085,0.0,0.0,0.0,0,0,0,NONE,NONE,False,,,5
4379,1800.0,2150.0,0.0,0.085,0.0,0.0,0.0,0,0,0,NONE,NONE,False,,,7
4380,1850.0,2150.0,0.0,0.085,0.0,0.0,0.0,0,0,0,NONE,NONE,False,,,5
4381,1900.0,2150.0,0.0,0.085,0.0,0.0,0.0,0,0,0,NONE,NONE,False,,,4
4382,1950.0,2150.0,0.0,0.085,0.0,0.0,0.0,0,0,0,NONE,NONE,False,,,3
4383,2000.0,2150.0,0.0,10.0,0.0,1.0,1.0,0,1,0,NONE,NONE,False,,,0
4384,2050.0,2150.0,0.0,10.0,0.0,1.0,1.0,0,1,0,NONE,NONE,False,,,0
4385,2100.0,2150.0,0.0,10.0,0.0,1.0,1.0,0,1,0,NONE,NONE,False,,,0
4386,2150.0,2150.0,0.0,10.0,0.0,1.0,1.0,0,1,0,NONE,NONE,False,,,0
4387,2200.0,2150.0,0.0,10.0,0.0,1.0,1.0,0,1,0,NONE,NONE,False,,,0
4388,2250.0,2150.0,0.0,10.0,0.0,1.0,1.0,0,1,0,NONE,NONE,False,,,0
4389,2300.0,2150.0,0.0,10.0,0.0,1.0,1.0,0,1,0,NONE,NONE,False,,,0
4390,2350.0,2150.0,0.0,10.0,0.0,1.0,1.0,0,1,0,NONE,NONE,False,,,0
4391,2400.0,2150.0,0.0,10.0,0.0,1.0,1.0,0,1,0,NONE,NONE,False,,,0
4392,2450.0,2150.0,0.0,10.0,0.0,1.0,1.0,0,1,0,NONE,NONE,False,,,0
4393,2500.0,2150.0,0.0,10.0,0.0,1.0,1.0,0,1,0,NONE,NONE,False,,,0
4394,2550.0,2150.0,0.0,10.0,0.0,1.0,1.0,0,1,0,NONE,NONE,False,,,0
4395,2600.0,2150.0,0.0,10.0,0.0,1.0,1.0,0,1,0,NONE,NONE,False,,,0
4396,2650.0,2150.0,0.0,10.0,0.0,1.0,1.0,0,1,0,NONE,NONE,False,,,0
4397,2700.0,2150.0,0.0,10.0,0.0,1.0,1.0,0,1,0,NONE,NONE,False,,,0
4398,2750.0,2150.0,0.0,10.0,0.0,1.0,1.0,0,1,0,NONE,NONE,False,,,0
4399,2800.0,2150.0,0.0,10.0,0.0,1.0,1.0,0,1,0,NONE,NONE,False,,,0
4400,2850.0,2150.0,0.0,0.085,0.0,0.0,0.0,0,0,0,NONE,NONE,False,,,1
4401,2900.0,2150.0,0.0,0.085,0.0,0.0,0.0,0,0,0,NONE,NONE,False,,,2
4402,2950.0,2150.0,0.0,0.085,0.0,0.0,0.0,0,0,0,NONE,NONE,False,,,3
4403,3000.0,2150.0,0.0,0.085,0.0,0.0,0.0,0,0,0,NONE,NONE,False,,,3
4404,3050.0,2150.0,0.0,0.085,0.0,0.0,0.0,0,0,0,NONE,NONE,False,,,4
4405,3100.0,2150.0,0.0,0.085,0.0,0.0,0.0,0,0,0,NONE,NONE,False,,,4
4406,3150.0,2150.0,0.0,0.085,0.0,0.0,0.0,0,0,0,NONE,NONE,False,,,4
4407,3200.0,2150.0,0.0,0.085,0.0,0.0,0.0,0,0,0,NONE,NONE,False,,,5
4408,3250.0,2150.0,0.0,0.085,0.0,0.0,0.0,0,0,0,NONE,NONE,False,,,6
4409,3300.0,2150.0,0.0,0.085,0.0,0.0,0.0,0,0,0,NONE,NONE,False,,,6
4410,3350.0,2150.0,0.0,0.085,0.0,0.0,0.0,0,0,0,NONE,NONE,False,,,6
4411,3400.0,2150.0,0.0,0.085,0.0,0.0,0.0,0,0,0,NONE,NONE,False,,,6
4412,3450.0,2150.0,0.0,0.085,0.0,0.0,0.0,0,0,0,NONE,NONE,False,,,6
4413,3500.0,2150.0,0.0,0.085,0.0,0.0,0.0,0,0,0,NONE,NONE,False,,,7
4414,3550.0,2150.0,0.0,0.085,0.0,0.0,0.0,0,0,0,NONE,NONE,False,,,7
4415,3600.0,2150.0,0.0,0.085,0.0,0.0,0.0,0,0,0,NONE,NONE,False,,,8
4416,3650.0,2150.0,0.0,0.085,0.0,0.0,0.0,0,0,0,NONE,NONE,False,,,17
4417,3700.0,2150.0,0.0,0.085,0.0,0.0,0.0,0,0,0,NONE,NONE,False,,,17
4418,3750.0,2150.0,0.0,0.085,0.0,0.0,0.0,0,0,1,DK02,DK,False,,,17
4419,3800.0,2150.0,0.0,0.085,0.0,0.0,0.0,0,0,0,NONE,NONE,False,,,17
4420,3850.0,2150.0,0.0,0.085,0.0,0.0,0.0,0,0,0,NONE,NONE,False,,,17
4421,3900.0,2150.0,0.0,0.085,0.0,0.0,0.0,0,0,0,NONE,NONE,False,,,8
4422,3950.0,2150.0,0.0,0.085,0.0,0.0,0.0,0,0,0,NONE,NONE,False,,,8
4423,4000.0,2150.0,0.0,0.085,0.0,0.0,0.0,0,0,0,NONE,NONE,False,,,7
4424,4050.0,2150.0,0.0,0.085,0.0,0.0,0.0,0,0,0,NONE,NONE,False,,,6
4425,4100.0,2150.0,0.0,0.085,0.0,0.0,0.0,0,0,0,NONE,NONE,False,,,5
4426,4150.0,2150.0,0.0,0.085,0.0,0.0,0.0,0,0,0,NONE,NONE,False,,,5
4427,4200.0,2150.0,0.0,0.085,0.0,0.0,0.0,0,0,0,NONE,NONE,False,,,5
4428,4250.0,2150.0,0.0,0.085,0.0,0.0,0.0,0,0,0,NONE,NONE,False,,,5
4429,4300.0,2150.0,0.0,0.085,0.0,0.0,0.0,0,0,0,NONE,NONE,False,,,3
4430,4350.0,2150.0,0.0,0.085,0.0,0.0,0.0,0,0,0,NONE,NONE,False,,,3
4431,4400.0,2150.0,0.0,0.085,0.0,0.0,0.0,0,0,0,NONE,NONE,False,,,3
4432,4450.0,2150.0,0.0,0.085,0.0,0.0,0.0,0,0,0,NONE,NONE,False,,,3
4433,4500.0,2150.0,0.0,0.085,0.0,0.0,0.0,0,0,0,NONE,NONE,False,,,3
4434,4550.0,2150.0,0.0,0.085,0.0,0.0,0.0,0,0,0,NONE,NONE,False,,,4
4435,4600.0,2150.0,0.0,0.085,0.0,0.0,0.0,0,0,0,NONE,NONE,False,,,5
4436,4650.0,2150.0,0.0,0.085,0.0,0.0,0.0,0,0,0,NONE,NONE,False,,,6
4437,4700.0,2150.0,0.0,0.085,0.0,0.0,0.0,0,0,0,NONE,NONE,False,,,8
4438,4750.0,2150.0,0.0,0.085,0.0,0.0,0.0,0,0,0,NONE,NONE,False,,,9
4439,4800.0,2150.0,0.0,0.085,0.0,0.0,0.0,0,0,0,NONE,NONE,False,,,9
4440,4850.0,2150.0,0.0,0.085,0.0,0.0,0.0,0,0,0,NONE,NONE,False,,,12
4441,4900.0,2150.0,0.0,0.085,0.0,0.0,0.0,0,0,0,NONE,NONE,False,,,17
4442,4950.0,2150.0,0.0,0.085,0.0,0.0,0.0,0,0,0,NONE,NONE,False,,,17
4443,5000.0,2150.0,0.0,0.085,0.0,0.0,0.0,0,0,0,NONE,NONE,False,,,17
4444,0.0,2200.0,0.0,0.085,0.0,0.0,0.0,0,0,0,NONE,NONE,False,,,2
4445,50.0,2200.0,0.0,0.085,0.0,0.0,0.0,0,0,0,NONE,NONE,False,,,4
4446,100.0,2200.0,0.0,0.085,0.0,0.0,0.0,0,0,0,NONE,NONE,False,,,4
4447,150.0,2200.0,0.0,0.085,0.0,0.0,0.0,0,0,0,NONE,NONE,False,,,4
4448,200.0,2200.0,0.0,0.085,0.0,0.0,0.0,0,0,0,NONE,NONE,False,,,4
4449,250.0,2200.0,0.0,0.085,0.0,0.0,0.0,0,0,0,NONE,NONE,False,,,4
4450,300.0,2200.0,0.0,0.085,0.0,0.0,0.0,0,0,0,NONE,NONE,False,,,4
4451,350.0,2200.0,0.0,0.085,0.0,0.0,0.0,0,0,0,NONE,NONE,False,,,3
4452,400.0,2200.0,0.0,0.085,0.0,0.0,0.0,0,0,0,NONE,NONE,False,,,3
4453,450.0,2200.0,0.0,0.085,0.0,0.0,0.0,0,0,0,NONE,NONE,False,,,2
4454,500.0,2200.0,0.0,0.085,0.0,0.0,0.0,0,0,0,NONE,NONE,False,,,4
4455,550.0,2200.0,0.0,0.085,0.0,0.0,0.0,0,0,0,NONE,NONE,False,,,5
4456,600.0,2200.0,0.0,0.085,0.0,0.0,0.0,0,0,0,NONE,NONE,False,,,5
4457,650.0,2200.0,0.0,0.085,0.0,0.0,0.0,0,0,0,NONE,NONE,False,,,4
4458,700.0,2200.0,0.0,0.085,0.0,0.0,0.0,0,0,0,NONE,NONE,False,,,5
4459,750.0,2200.0,0.0,0.085,0.0,0.0,0.0,0,0,0,NONE,NONE,False,,,5
4460,800.0,2200.0,0.0,0.085,0.0,0.0,0.0,0,0,0,NONE,NONE,False,,,6
4461,850.0,2200.0,0.0,0.085,0.0,0.0,0.0,0,0,0,NONE,NONE,False,,,5
4462,900.0,2200.0,0.0,0.085,0.0,0.0,0.0,0,0,0,NONE,NONE,False,,,6
4463,950.0,2200.0,0.0,0.085,0.0,0.0,0.0,0,0,0,NONE,NONE,False,,,6
4464,1000.0,2200.0,0.0,0.085,0.0,0.0,0.0,0,0,0,NONE,NONE,False,,,6
4465,1050.0,2200.0,0.0,0.085,0.0,0.0,0.0,0,0,0,NONE,NONE,False,,,6
4466,1100.0,2200.0,0.0,0.085,0.0,0.0,0.0,0,0,0,NONE,NONE,False,,,5
4467,1150.0,2200.0,0.0,0.085,0.0,0.0,0.0,0,0,0,NONE,NONE,False,,,6
4468,1200.0,2200.0,0.0,0.085,0.0,0.0,0.0,0,0,0,NONE,NONE,False,,,6
4469,1250.0,2200.0,0.0,0.085,0.0,0.0,0.0,0,0,0,NONE,NONE,False,,,6
4470,1300.0,2200.0,0.0,0.085,0.0,0.0,0.0,0,0,0,NONE,NONE,True,major,TN13,8
4471,1350.0,2200.0,0.0,0.085,0.0,0.0,0.0,0,0,0,NONE,NONE,False,,,7
4472,1400.0,2200.0,0.0,0.085,0.0,0.0,0.0,0,0,0,NONE,NONE,False,,,6
4473,1450.0,2200.0,0.0,0.085,0.0,0.0,0.0,0,0,0,NONE,NONE,False,,,6
4474,1500.0,2200.0,0.0,0.085,0.0,0.0,0.0,0,0,0,NONE,NONE,False,,,5
4475,1550.0,2200.0,0.0,0.085,0.0,0.0,0.0,0,0,0,NONE,NONE,False,,,3
4476,1600.0,2200.0,0.0,0.085,0.0,0.0,0.0,0,0,0,NONE,NONE,False,,,3
4477,1650.0,2200.0,0.0,0.085,0.0,0.0,0.0,0,0,0,NONE,NONE,False,,,3
4478,1700.0,2200.0,0.0,0.085,0.0,0.0,0.0,0,0,0,NONE,NONE,False,,,4
4479,1750.0,2200.0,0.0,0.085,0.0,0.0,0.0,0,0,0,NONE,NONE,False,,,5
4480,1800.0,2200.0,0.0,0.085,0.0,0.0,0.0,0,0,0,NONE,NONE,False,,,6
4481,1850.0,2200.0,0.0,0.085,0.0,0.0,0.0,0,0,0,NONE,NONE,False,,,6
4482,1900.0,2200.0,0.0,0.085,0.0,0.0,0.0,0,0,0,NONE,NONE,False,,,4
4483,1950.0,2200.0,0.0,0.085,0.0,0.0,0.0,0,0,0,NONE,NONE,False,,,3
4484,2000.0,2200.0,0.0,10.0,0.0,1.0,1.0,0,1,0,NONE,NONE,False,,,0
4485,2050.0,2200.0,0.0,10.0,0.0,1.0,1.0,0,1,0,NONE,NONE,False,,,0
4486,2100.0,2200.0,0.0,10.0,0.0,1.0,1.0,0,1,0,NONE,NONE,False,,,0
4487,2150.0,2200.0,0.0,10.0,0.0,1.0,1.0,0,1,0,NONE,NONE,False,,,0
4488,2200.0,2200.0,0.0,10.0,0.0,1.0,1.0,0,1,0,NONE,NONE,False,,,0
4489,2250.0,2200.0,0.0,10.0,0.0,1.0,1.0,0,1,0,NONE,NONE,False,,,0
4490,2300.0,2200.0,0.0,10.0,0.0,1.0,1.0,0,1,0,NONE,NONE,False,,,0
4491,2350.0,2200.0,0.0,10.0,0.0,1.0,1.0,0,1,0,NONE,NONE,False,,,0
4492,2400.0,2200.0,0.0,10.0,0.0,1.0,1.0,0,1,0,NONE,NONE,False,,,0
4493,2450.0,2200.0,0.0,10.0,0.0,1.0,1.0,0,1,0,NONE,NONE,False,,,0
4494,2500.0,2200.0,0.0,10.0,0.0,1.0,1.0,0,1,0,NONE,NONE,False,,,0
4495,2550.0,2200.0,0.0,10.0,0.0,1.0,1.0,0,1,0,NONE,NONE,False,,,0
4496,2600.0,2200.0,0.0,10.0,0.0,1.0,1.0,0,1,0,NONE,NONE,False,,,0
4497,2650.0,2200.0,0.0,10.0,0.0,1.0,1.0,0,1,0,NONE,NONE,False,,,0
4498,2700.0,2200.0,0.0,10.0,0.0,1.0,1.0,0,1,0,NONE,NONE,False,,,0
4499,2750.0,2200.0,0.0,10.0,0.0,1.0,1.0,0,1,0,NONE,NONE,False,,,0
4500,2800.0,2200.0,0.0,10.0,0.0,1.0,1.0,0,1,0,NONE,NONE,False,,,0
4501,2850.0,2200.0,0.0,0.085,0.0,0.0,0.0,0,0,0,NONE,NONE,False,,,1
4502,2900.0,2200.0,0.0,0.085,0.0,0.0,0.0,0,0,0,NONE,NONE,False,,,2
4503,2950.0,2200.0,0.0,0.085,0.0,0.0,0.0,0,0,0,NONE,NONE,False,,,3
4504,3000.0,2200.0,0.0,0.085,0.0,0.0,0.0,0,0,0,NONE,NONE,False,,,3
4505,3050.0,2200.0,0.0,0.085,0.0,0.0,0.0,0,0,0,NONE,NONE,False,,,2
4506,3100.0,2200.0,0.0,0.085,0.0,0.0,0.0,0,0,0,NONE,NONE,False,,,4
4507,3150.0,2200.0,0.0,0.085,0.0,0.0,0.0,0,0,0,NONE,NONE,False,,,4
4508,3200.0,2200.0,0.0,0.085,0.0,0.0,0.0,0,0,0,NONE,NONE,False,,,4
4509,3250.0,2200.0,0.0,0.085,0.0,0.0,0.0,0,0,0,NONE,NONE,False,,,6
4510,3300.0,2200.0,0.0,0.085,0.0,0.0,0.0,0,0,0,NONE,NONE,False,,,6
4511,3350.0,2200.0,0.0,0.085,0.0,0.0,0.0,0,0,0,NONE,NONE,False,,,6
4512,3400.0,2200.0,0.0,0.085,0.0,0.0,0.0,0,0,0,NONE,NONE,False,,,6
4513,3450.0,2200.0,0.0,0.085,0.0,0.0,0.0,0,0,0,NONE,NONE,False,,,6
4514,3500.0,2200.0,0.0,0.085,0.0,0.0,0.0,0,0,0,NONE,NONE,False,,,8
4515,3550.0,2200.0,0.0,0.085,0.0,0.0,0.0,0,0,0,NONE,NONE,False,,,6
4516,3600.0,2200.0,0.0,0.085,0.0,0.0,0.0,0,0,0,NONE,NONE,False,,,6
4517,3650.0,2200.0,0.0,0.085,0.0,0.0,0.0,0,0,0,NONE,NONE,False,,,17
4518,3700.0,2200.0,0.0,0.085,0.0,0.0,0.0,0,0,0,NONE,NONE,False,,,17
4519,3750.0,2200.0,0.0,0.085,0.0,0.0,0.0,0,0,0,NONE,NONE,False,,,16
4520,3800.0,2200.0,0.0,0.085,0.0,0.0,0.0,0,0,0,NONE,NONE,False,,,17
4521,3850.0,2200.0,0.0,0.085,0.0,0.0,0.0,0,0,0,NONE,NONE,False,,,17
4522,3900.0,2200.0,0.0,0.085,0.0,0.0,0.0,0,0,0,NONE,NONE,False,,,8
4523,3950.0,2200.0,0.0,0.085,0.0,0.0,0.0,0,0,0,NONE,NONE,False,,,7
4524,4000.0,2200.0,0.0,0.085,0.0,0.0,0.0,0,0,0,NONE,NONE,False,,,6
4525,4050.0,2200.0,0.0,0.085,0.0,0.0,0.0,0,0,0,NONE,NONE,False,,,7
4526,4100.0,2200.0,0.0,0.085,0.0,0.0,0.0,0,0,0,NONE,NONE,False,,,6
4527,4150.0,2200.0,0.0,0.085,0.0,0.0,0.0,0,0,0,NONE,NONE,False,,,5
4528,4200.0,2200.0,0.0,0.085,0.0,0.0,0.0,0,0,0,NONE,NONE,False,,,7
4529,4250.0,2200.0,0.0,0.085,0.0,0.0,0.0,0,0,0,NONE,NONE,False,,,6
4530,4300.0,2200.0,0.0,0.085,0.0,0.0,0.0,0,0,0,NONE,NONE,False,,,5
4531,4350.0,2200.0,0.0,0.085,0.0,0.0,0.0,0,0,0,NONE,NONE,False,,,4
4532,4400.0,2200.0,0.0,0.085,0.0,0.0,0.0,0,0,0,NONE,NONE,False,,,3
4533,4450.0,2200.0,0.0,0.085,0.0,0.0,0.0,0,0,0,NONE,NONE,False,,,3
4534,4500.0,2200.0,0.0,0.085,0.0,0.0,0.0,0,0,0,NONE,NONE,False,,,4
4535,4550.0,2200.0,0.0,0.085,0.0,0.0,0.0,0,0,0,NONE,NONE,False,,,5
4536,4600.0,2200.0,0.0,0.085,0.0,0.0,0.0,0,0,0,NONE,NONE,False,,,5
4537,4650.0,2200.0,0.0,0.085,0.0,0.0,0.0,0,0,0,NONE,NONE,False,,,7
4538,4700.0,2200.0,0.0,0.085,0.0,0.0,0.0,0,0,0,NONE,NONE,False,,,7
4539,4750.0,2200.0,0.0,0.085,0.0,0.0,0.0,0,0,0,NONE,NONE,False,,,9
4540,4800.0,2200.0,0.0,0.085,0.0,0.0,0.0,0,0,0,NONE,NONE,False,,,9
4541,4850.0,2200.0,0.0,0.085,0.0,0.0,0.0,0,0,0,NONE,NONE,False,,,18
4542,4900.0,2200.0,0.0,0.085,0.0,0.0,0.0,0,0,0,NONE,NONE,False,,,17
4543,4950.0,2200.0,0.0,0.085,0.0,0.0,0.0,0,0,0,NONE,NONE,False,,,17
4544,5000.0,2200.0,0.0,0.085,0.0,0.0,0.0,0,0,0,NONE,NONE,False,,,17
4545,0.0,2250.0,0.0,0.085,0.0,0.0,0.0,0,0,0,NONE,NONE,False,,,2
4546,50.0,2250.0,0.0,0.085,0.0,0.0,0.0,0,0,0,NONE,NONE,False,,,3
4547,100.0,2250.0,0.0,0.085,0.0,0.0,0.0,0,0,0,NONE,NONE,False,,,4
4548,150.0,2250.0,0.0,0.085,0.0,0.0,0.0,0,0,0,NONE,NONE,False,,,5
4549,200.0,2250.0,0.0,0.085,0.0,0.0,0.0,0,0,0,NONE,NONE,False,,,4
4550,250.0,2250.0,0.0,0.085,0.0,0.0,0.0,0,0,0,NONE,NONE,False,,,4
4551,300.0,2250.0,0.0,0.085,0.0,0.0,0.0,0,0,0,NONE,NONE,False,,,4
4552,350.0,2250.0,0.0,0.085,0.0,0.0,0.0,0,0,0,NONE,NONE,False,,,3
4553,400.0,2250.0,0.0,0.085,0.0,0.0,0.0,0,0,0,NONE,NONE,False,,,4
4554,450.0,2250.0,0.0,0.085,0.0,0.0,0.0,0,0,0,NONE,NONE,False,,,3
4555,500.0,2250.0,0.0,0.085,0.0,0.0,0.0,0,0,0,NONE,NONE,False,,,5
4556,550.0,2250.0,0.0,0.085,0.0,0.0,0.0,0,0,0,NONE,NONE,False,,,4
4557,600.0,2250.0,0.0,0.085,0.0,0.0,0.0,0,0,0,NONE,NONE,False,,,5
4558,650.0,2250.0,0.0,0.085,0.0,0.0,0.0,0,0,0,NONE,NONE,False,,,4
4559,700.0,2250.0,0.0,0.085,0.0,0.0,0.0,0,0,0,NONE,NONE,False,,,5
4560,750.0,2250.0,0.0,0.085,0.0,0.0,0.0,0,0,0,NONE,NONE,False,,,5
4561,800.0,2250.0,0.0,0.085,0.0,0.0,0.0,0,0,0,NONE,NONE,False,,,5
4562,850.0,2250.0,0.0,0.085,0.0,0.0,0.0,0,0,0,NONE,NONE,False,,,4
4563,900.0,2250.0,0.0,0.085,0.0,0.0,0.0,0,0,0,NONE,NONE,False,,,5
4564,950.0,2250.0,0.0,0.085,0.0,0.0,0.0,0,0,0,NONE,NONE,False,,,5
4565,1000.0,2250.0,0.0,0.085,0.0,0.0,0.0,0,0,0,NONE,NONE,False,,,6
4566,1050.0,2250.0,0.0,0.085,0.0,0.0,0.0,0,0,0,NONE,NONE,False,,,5
4567,1100.0,2250.0,0.0,0.085,0.0,0.0,0.0,0,0,0,NONE,NONE,False,,,6
4568,1150.0,2250.0,0.0,0.085,0.0,0.0,0.0,0,0,0,NONE,NONE,False,,,6
4569,1200.0,2250.0,0.0,0.085,0.0,0.0,0.0,0,0,0,NONE,NONE,False,,,7
4570,1250.0,2250.0,0.0,0.085,0.0,0.0,0.0,0,0,0,NONE,NONE,False,,,7
4571,1300.0,2250.0,0.0,0.085,0.0,0.0,0.0,0,0,0,NONE,NONE,False,,,6
4572,1350.0,2250.0,0.0,0.085,0.0,0.0,0.0,0,0,0,NONE,NONE,False,,,6
4573,1400.0,2250.0,0.0,0.085,0.0,0.0,0.0,0,0,0,NONE,NONE,False,,,5
4574,1450.0,2250.0,0.0,0.085,0.0,0.0,0.0,0,0,0,NONE,NONE,False,,,4
4575,1500.0,2250.0,0.0,0.085,0.0,0.0,0.0,0,0,0,NONE,NONE,False,,,3
4576,1550.0,2250.0,0.0,0.085,0.0,0.0,0.0,0,0,0,NONE,NONE,False,,,2
4577,1600.0,2250.0,0.0,0.085,0.0,0.0,0.0,0,0,0,NONE,NONE,False,,,2
4578,1650.0,2250.0,0.0,0.085,0.0,0.0,0.0,0,0,0,NONE,NONE,False,,,3
4579,1700.0,2250.0,0.0,0.085,0.0,0.0,0.0,0,0,0,NONE,NONE,False,,,4
4580,1750.0,2250.0,0.0,0.085,0.0,0.0,0.0,0,0,0,NONE,NONE,False,,,4
4581,1800.0,2250.0,0.0,0.085,0.0,0.0,0.0,0,0,0,NONE,NONE,False,,,6
4582,1850.0,2250.0,0.0,0.085,0.0,0.0,0.0,0,0,0,NONE,NONE,False,,,6
4583,1900.0,2250.0,0.0,0.085,0.0,0.0,0.0,0,0,0,NONE,NONE,False,,,5
4584,1950.0,2250.0,0.0,0.085,0.0,0.0,0.0,0,0,0,NONE,NONE,False,,,3
4585,2000.0,2250.0,0.0,10.0,0.0,1.0,1.0,0,1,0,NONE,NONE,False,,,0
4586,2050.0,2250.0,0.0,10.0,0.0,1.0,1.0,0,1,0,NONE,NONE,False,,,0
4587,2100.0,2250.0,0.0,10.0,0.0,1.0,1.0,0,1,0,NONE,NONE,False,,,0
4588,2150.0,2250.0,0.0,10.0,0.0,1.0,1.0,0,1,0,NONE,NONE,False,,,0
4589,2200.0,2250.0,0.0,10.0,0.0,1.0,1.0,0,1,0,NONE,NONE,False,,,0
4590,2250.0,2250.0,0.0,10.0,0.0,1.0,1.0,0,1,0,NONE,NONE,False,,,0
4591,2300.0,2250.0,0.0,10.0,0.0,1.0,1.0,0,1,0,NONE,NONE,False,,,0
4592,2350.0,2250.0,0.0,10.0,0.0,1.0,1.0,0,1,0,NONE,NONE,False,,,0
4593,2400.0,2250.0,0.0,10.0,0.0,1.0,1.0,0,1,0,NONE,NONE,False,,,0
4594,2450.0,2250.0,0.0,10.0,0.0,1.0,1.0,0,1,0,NONE,NONE,False,,,0
4595,2500.0,2250.0,0.0,10.0,0.0,1.0,1.0,0,1,0,NONE,NONE,False,,,0
4596,2550.0,2250.0,0.0,10.0,0.0,1.0,1.0,0,1,0,NONE,NONE,False,,,0
4597,2600.0,2250.0,0.0,10.0,0.0,1.0,1.0,0,1,0,NONE,NONE,False,,,0
4598,2650.0,2250.0,0.0,10.0,0.0,1.0,1.0,0,1,0,NONE,NONE,False,,,0
4599,2700.0,2250.0,0.0,10.0,0.0,1.0,1.0,0,1,0,NONE,NONE,False,,,0
4600,2750.0,2250.0,0.0,10.0,0.0,1.0,1.0,0,1,0,NONE,NONE,False,,,0
4601,2800.0,2250.0,0.0,10.0,0.0,1.0,1.0,0,1,0,NONE,NONE,False,,,0
4602,2850.0,2250.0,0.0,0.085,0.0,0.0,0.0,0,0,0,NONE,NONE,False,,,1
4603,2900.0,2250.0,0.0,0.085,0.0,0.0,0.0,0,0,0,NONE,NONE,False,,,2
4604,2950.0,2250.0,0.0,0.085,0.0,0.0,0.0,0,0,0,NONE,NONE,False,,,2
4605,3000.0,2250.0,0.0,0.085,0.0,0.0,0.0,0,0,0,NONE,NONE,True,minor,RN7,3
4606,3050.0,2250.0,0.0,0.085,0.0,0.0,0.0,0,0,0,NONE,NONE,False,,,4
4607,3100.0,2250.0,0.0,0.085,0.0,0.0,0.0,0,0,0,NONE,NONE,False,,,3
4608,3150.0,2250.0,0.0,0.085,0.0,0.0,0.0,0,0,0,NONE,NONE,False,,,4
4609,3200.0,2250.0,0.0,0.085,0.0,0.0,0.0,0,0,0,NONE,NONE,False,,,5
4610,3250.0,2250.0,0.0,0.085,0.0,0.0,0.0,0,0,0,NONE,NONE,False,,,6
4611,3300.0,2250.0,0.0,0.085,0.0,0.0,0.0,0,0,0,NONE,NONE,False,,,7
4612,3350.0,2250.0,0.0,0.085,0.0,0.0,0.0,0,0,0,NONE,NONE,False,,,6
4613,3400.0,2250.0,0.0,0.085,0.0,0.0,0.0,0,0,0,NONE,NONE,False,,,6
4614,3450.0,2250.0,0.0,0.085,0.0,0.0,0.0,0,0,0,NONE,NONE,False,,,7
4615,3500.0,2250.0,0.0,0.085,0.0,0.0,0.0,0,0,0,NONE,NONE,False,,,7
4616,3550.0,2250.0,0.0,0.085,0.0,0.0,0.0,0,0,0,NONE,NONE,False,,,5
4617,3600.0,2250.0,0.0,0.085,0.0,0.0,0.0,0,0,0,NONE,NONE,False,,,6
4618,3650.0,2250.0,0.0,0.085,0.0,0.0,0.0,0,0,0,NONE,NONE,False,,,9
4619,3700.0,2250.0,0.0,0.085,0.0,0.0,0.0,0,0,0,NONE,NONE,False,,,17
4620,3750.0,2250.0,0.0,0.085,0.0,0.0,0.0,0,0,0,NONE,NONE,False,,,16
4621,3800.0,2250.0,0.0,0.085,0.0,0.0,0.0,0,0,0,NONE,NONE,False,,,16
4622,3850.0,2250.0,0.0,0.085,0.0,0.0,0.0,0,0,0,NONE,NONE,False,,,11
4623,3900.0,2250.0,0.0,0.085,0.0,0.0,0.0,0,0,0,NONE,NONE,False,,,7
4624,3950.0,2250.0,0.0,0.085,0.0,0.0,0.0,0,0,0,NONE,NONE,False,,,7
4625,4000.0,2250.0,0.0,0.085,0.0,0.0,0.0,0,0,0,NONE,NONE,False,,,8
4626,4050.0,2250.0,0.0,0.085,0.0,0.0,0.0,0,0,0,NONE,NONE,False,,,6
4627,4100.0,2250.0,0.0,0.085,0.0,0.0,0.0,0,0,0,NONE,NONE,False,,,6
4628,4150.0,2250.0,0.0,0.085,0.0,0.0,0.0,0,0,0,NONE,NONE,False,,,7
4629,4200.0,2250.0,0.0,0.085,0.0,0.0,0.0,0,0,0,NONE,NONE,False,,,5
4630,4250.0,2250.0,0.0,0.085,0.0,0.0,0.0,0,0,0,NONE,NONE,False,,,6
4631,4300.0,2250.0,0.0,0.085,0.0,0.0,0.0,0,0,0,NONE,NONE,False,,,6
4632,4350.0,2250.0,0.0,0.085,0.0,0.0,0.0,0,0,0,NONE,NONE,False,,,5
4633,4400.0,2250.0,0.0,0.085,0.0,0.0,0.0,0,0,0,NONE,NONE,False,,,4
4634,4450.0,2250.0,0.0,0.085,0.0,0.0,0.0,0,0,0,NONE,NONE,False,,,4
4635,4500.0,2250.0,0.0,0.085,0.0,0.0,0.0,0,0,0,NONE,NONE,False,,,4
4636,4550.0,2250.0,0.0,0.085,0.0,0.0,0.0,0,0,0,NONE,NONE,False,,,6
4637,4600.0,2250.0,0.0,0.085,0.0,0.0,0.0,0,0,0,NONE,NONE,False,,,6
4638,4650.0,2250.0,0.0,0.085,0.0,0.0,0.0,0,0,0,NONE,NONE,False,,,7
4639,4700.0,2250.0,0.0,0.085,0.0,0.0,0.0,0,0,0,NONE,NONE,False,,,8
4640,4750.0,2250.0,0.0,0.085,0.0,0.0,0.0,0,0,0,NONE,NONE,False,,,9
4641,4800.0,2250.0,0.0,0.085,0.0,0.0,0.0,0,0,0,NONE,NONE,False,,,11
4642,4850.0,2250.0,0.0,0.085,0.0,0.0,0.0,0,0,0,NONE,NONE,False,,,18
4643,4900.0,2250.0,0.0,0.085,0.0,0.0,0.0,0,0,0,NONE,NONE,False,,,17
4644,4950.0,2250.0,0.0,0.085,0.0,0.0,0.0,0,0,1,DK05,DK,False,,,17
4645,5000.0,2250.0,0.0,0.085,0.0,0.0,0.0,0,0,0,NONE,NONE,False,,,17
4646,0.0,2300.0,0.0,0.085,0.0,0.0,0.0,0,0,0,NONE,NONE,False,,,2
4647,50.0,2300.0,0.0,0.085,0.0,0.0,0.0,0,0,0,NONE,NONE,False,,,3
4648,100.0,2300.0,0.0,0.085,0.0,0.0,0.0,0,0,0,NONE,NONE,False,,,3
4649,150.0,2300.0,0.0,0.085,0.0,0.0,0.0,0,0,0,NONE,NONE,False,,,5
4650,200.0,2300.0,0.0,0.085,0.0,0.0,0.0,0,0,0,NONE,NONE,False,,,4
4651,250.0,2300.0,0.0,0.085,0.0,0.0,0.0,0,0,0,NONE,NONE,False,,,4
4652,300.0,2300.0,0.0,0.085,0.0,0.0,0.0,0,0,0,NONE,NONE,False,,,3
4653,350.0,2300.0,0.0,0.085,0.0,0.0,0.0,0,0,0,NONE,NONE,False,,,3
4654,400.0,2300.0,0.0,0.085,0.0,0.0,0.0,0,0,0,NONE,NONE,False,,,5
4655,450.0,2300.0,0.0,0.085,0.0,0.0,0.0,0,0,0,NONE,NONE,False,,,5
4656,500.0,2300.0,0.0,0.085,0.0,0.0,0.0,0,0,0,NONE,NONE,False,,,5
4657,550.0,2300.0,0.0,0.085,0.0,0.0,0.0,0,0,0,NONE,NONE,False,,,4
4658,600.0,2300.0,0.0,0.085,0.0,0.0,0.0,0,0,0,NONE,NONE,False,,,5
4659,650.0,2300.0,0.0,0.085,0.0,0.0,0.0,0,0,0,NONE,NONE,False,,,5
4660,700.0,2300.0,0.0,0.085,0.0,0.0,0.0,0,0,0,NONE,NONE,True,minor,TN25,6
4661,750.0,2300.0,0.0,0.085,0.0,0.0,0.0,0,0,0,NONE,NONE,False,,,4
4662,800.0,2300.0,0.0,0.085,0.0,0.0,0.0,0,0,0,NONE,NONE,False,,,5
4663,850.0,2300.0,0.0,0.085,0.0,0.0,0.0,0,0,0,NONE,NONE,False,,,6
4664,900.0,2300.0,0.0,0.085,0.0,0.0,0.0,0,0,0,NONE,NONE,False,,,6
4665,950.0,2300.0,0.0,0.085,0.0,0.0,0.0,0,0,0,NONE,NONE,False,,,6
4666,1000.0,2300.0,0.0,0.085,0.0,0.0,0.0,0,0,0,NONE,NONE,False,,,7
4667,1050.0,2300.0,0.0,0.085,0.0,0.0,0.0,0,0,0,NONE,NONE,False,,,6
4668,1100.0,2300.0,0.0,0.085,0.0,0.0,0.0,0,0,0,NONE,NONE,False,,,6
4669,1150.0,2300.0,0.0,0.085,0.0,0.0,0.0,0,0,0,NONE,NONE,False,,,7
4670,1200.0,2300.0,0.0,0.085,0.0,0.0,0.0,0,0,0,NONE,NONE,False,,,8
4671,1250.0,2300.0,0.0,0.085,0.0,0.0,0.0,0,0,0,NONE,NONE,False,,,7
4672,1300.0,2300.0,0.0,0.085,0.0,0.0,0.0,0,0,0,NONE,NONE,False,,,5
4673,1350.0,2300.0,0.0,0.085,0.0,0.0,0.0,0,0,0,NONE,NONE,False,,,5
4674,1400.0,2300.0,0.0,0.085,0.0,0.0,0.0,0,0,0,NONE,NONE,False,,,4
4675,1450.0,2300.0,0.0,0.085,0.0,0.0,0.0,0,0,0,NONE,NONE,False,,,2
4676,1500.0,2300.0,0.0,10.0,1.0,0.0,1.0,1,0,0,NONE,NONE,False,,,0
4677,1550.0,2300.0,0.0,10.0,1.0,0.0,1.0,1,0,0,NONE,NONE,False,,,0
4678,1600.0,2300.0,0.0,0.085,0.0,0.0,0.0,0,0,0,NONE,NONE,False,,,1
4679,1650.0,2300.0,0.0,0.085,0.0,0.0,0.0,0,0,0,NONE,NONE,False,,,3
4680,1700.0,2300.0,0.0,0.085,0.0,0.0,0.0,0,0,0,NONE,NONE,False,,,3
4681,1750.0,2300.0,0.0,0.085,0.0,0.0,0.0,0,0,0,NONE,NONE,False,,,4
4682,1800.0,2300.0,0.0,0.085,0.0,0.0,0.0,0,0,0,NONE,NONE,False,,,6
4683,1850.0,2300.0,0.0,0.085,0.0,0.0,0.0,0,0,0,NONE,NONE,False,,,6
4684,1900.0,2300.0,0.0,0.085,0.0,0.0,0.0,0,0,0,NONE,NONE,False,,,5
4685,1950.0,2300.0,0.0,0.085,0.0,0.0,0.0,0,0,0,NONE,NONE,False,,,4
4686,2000.0,2300.0,0.0,0.085,0.0,0.0,0.0,0,0,0,NONE,NONE,False,,,2
4687,2050.0,2300.0,0.0,10.0,0.0,1.0,1.0,0,1,0,NONE,NONE,False,,,0
4688,2100.0,2300.0,0.0,10.0,0.0,1.0,1.0,0,1,0,NONE,NONE,False,,,0
4689,2150.0,2300.0,0.0,10.0,0.0,1.0,1.0,0,1,0,NONE,NONE,False,,,0
4690,2200.0,2300.0,0.0,10.0,0.0,1.0,1.0,0,1,0,NONE,NONE,False,,,0
4691,2250.0,2300.0,0.0,10.0,0.0,1.0,1.0,0,1,0,NONE,NONE,False,,,0
4692,2300.0,2300.0,0.0,10.0,0.0,1.0,1.0,0,1,0,NONE,NONE,False,,,0
4693,2350.0,2300.0,0.0,10.0,0.0,1.0,1.0,0,1,0,NONE,NONE,False,,,0
4694,2400.0,2300.0,0.0,10.0,0.0,1.0,1.0,0,1,0,NONE,NONE,False,,,0
4695,2450.0,2300.0,0.0,10.0,0.0,1.0,1.0,0,1,0,NONE,NONE,False,,,0
4696,2500.0,2300.0,0.0,10.0,0.0,1.0,1.0,0,1,0,NONE,NONE,False,,,0
4697,2550.0,2300.0,0.0,10.0,0.0,1.0,1.0,0,1,0,NONE,NONE,False,,,0
4698,2600.0,2300.0,0.0,10.0,0.0,1.0,1.0,0,1,0,NONE,NONE,False,,,0
4699,2650.0,2300.0,0.0,10.0,0.0,1.0,1.0,0,1,0,NONE,NONE,False,,,0
4700,2700.0,2300.0,0.0,10.0,0.0,1.0,1.0,0,1,0,NONE,NONE,False,,,0
4701,2750.0,2300.0,0.0,10.0,0.0,1.0,1.0,0,1,0,NONE,NONE,False,,,0
4702,2800.0,2300.0,0.0,0.085,0.0,0.0,0.0,0,0,0,NONE,NONE,False,,,1
4703,2850.0,2300.0,0.0,0.085,0.0,0.0,0.0,0,0,0,NONE,NONE,False,,,1
4704,2900.0,2300.0,0.0,0.085,0.0,0.0,0.0,0,0,0,NONE,NONE,False,,,2
4705,2950.0,2300.0,0.0,0.085,0.0,0.0,0.0,0,0,0,NONE,NONE,False,,,2
4706,3000.0,2300.0,0.0,0.085,0.0,0.0,0.0,0,0,0,NONE,NONE,False,,,3
4707,3050.0,2300.0,0.0,0.085,0.0,0.0,0.0,0,0,0,NONE,NONE,False,,,4
4708,3100.0,2300.0,0.0,0.085,0.0,0.0,0.0,0,0,0,NONE,NONE,False,,,4
4709,3150.0,2300.0,0.0,0.085,0.0,0.0,0.0,0,0,0,NONE,NONE,False,,,3
4710,3200.0,2300.0,0.0,0.085,0.0,0.0,0.0,0,0,0,NONE,NONE,False,,,6
4711,3250.0,2300.0,0.0,0.085,0.0,0.0,0.0,0,0,0,NONE,NONE,False,,,6
4712,3300.0,2300.0,0.0,0.085,0.0,0.0,0.0,0,0,0,NONE,NONE,False,,,6
4713,3350.0,2300.0,0.0,0.085,0.0,0.0,0.0,0,0,0,NONE,NONE,False,,,5
4714,3400.0,2300.0,0.0,0.085,0.0,0.0,0.0,0,0,0,NONE,NONE,False,,,7
4715,3450.0,2300.0,0.0,0.085,0.0,0.0,0.0,0,0,0,NONE,NONE,False,,,7
4716,3500.0,2300.0,0.0,0.085,0.0,0.0,0.0,0,0,0,NONE,NONE,False,,,6
4717,3550.0,2300.0,0.0,0.085,0.0,0.0,0.0,0,0,0,NONE,NONE,False,,,4
4718,3600.0,2300.0,0.0,0.085,0.0,0.0,0.0,0,0,0,NONE,NONE,False,,,5
4719,3650.0,2300.0,0.0,0.085,0.0,0.0,0.0,0,0,0,NONE,NONE,False,,,6
4720,3700.0,2300.0,0.0,0.085,0.0,0.0,0.0,0,0,0,NONE,NONE,False,,,7
4721,3750.0,2300.0,0.0,0.085,0.0,0.0,0.0,0,0,0,NONE,NONE,False,,,6
4722,3800.0,2300.0,0.0,0.085,0.0,0.0,0.0,0,0,0,NONE,NONE,False,,,6
4723,3850.0,2300.0,0.0,0.085,0.0,0.0,0.0,0,0,0,NONE,NONE,False,,,6
4724,3900.0,2300.0,0.0,0.085,0.0,0.0,0.0,0,0,0,NONE,NONE,False,,,5
4725,3950.0,2300.0,0.0,0.085,0.0,0.0,0.0,0,0,0,NONE,NONE,False,,,7
4726,4000.0,2300.0,0.0,0.085,0.0,0.0,0.0,0,0,0,NONE,NONE,False,,,6
4727,4050.0,2300.0,0.0,0.085,0.0,0.0,0.0,0,0,0,NONE,NONE,False,,,6
4728,4100.0,2300.0,0.0,0.085,0.0,0.0,0.0,0,0,0,NONE,NONE,False,,,6
4729,4150.0,2300.0,0.0,0.085,0.0,0.0,0.0,0,0,0,NONE,NONE,False,,,6
4730,4200.0,2300.0,0.0,0.085,0.0,0.0,0.0,0,0,0,NONE,NONE,False,,,6
4731,4250.0,2300.0,0.0,0.085,0.0,0.0,0.0,0,0,0,NONE,NONE,False,,,5
4732,4300.0,2300.0,0.0,0.085,0.0,0.0,0.0,0,0,0,NONE,NONE,False,,,5
4733,4350.0,2300.0,0.0,0.085,0.0,0.0,0.0,0,0,0,NONE,NONE,False,,,5
4734,4400.0,2300.0,0.0,0.085,0.0,0.0,0.0,0,0,0,NONE,NONE,False,,,4
4735,4450.0,2300.0,0.0,0.085,0.0,0.0,0.0,0,0,0,NONE,NONE,False,,,3
4736,4500.0,2300.0,0.0,0.085,0.0,0.0,0.0,0,0,0,NONE,NONE,False,,,3
4737,4550.0,2300.0,0.0,0.085,0.0,0.0,0.0,0,0,0,NONE,NONE,False,,,4
4738,4600.0,2300.0,0.0,0.085,0.0,0.0,0.0,0,0,0,NONE,NONE,False,,,5
4739,4650.0,2300.0,0.0,0.085,0.0,0.0,0.0,0,0,0,NONE,NONE,False,,,6
4740,4700.0,2300.0,0.0,0.085,0.0,0.0,0.0,0,0,0,NONE,NONE,False,,,7
4741,4750.0,2300.0,0.0,0.085,0.0,0.0,0.0,0,0,0,NONE,NONE,False,,,9
4742,4800.0,2300.0,0.0,0.085,0.0,0.0,0.0,0,0,0,NONE,NONE,False,,,11
4743,4850.0,2300.0,0.0,0.085,0.0,0.0,0.0,0,0,0,NONE,NONE,False,,,18
4744,4900.0,2300.0,0.0,0.085,0.0,0.0,0.0,0,0,0,NONE,NONE,False,,,17
4745,4950.0,2300.0,0.0,0.085,0.0,0.0,0.0,0,0,0,NONE,NONE,False,,,17
4746,5000.0,2300.0,0.0,0.085,0.0,0.0,0.0,0,0,0,NONE,NONE,False,,,17
4747,0.0,2350.0,0.0,0.085,0.0,0.0,0.0,0,0,0,NONE,NONE,False,,,2
4748,50.0,2350.0,0.0,0.085,0.0,0.0,0.0,0,0,0,NONE,NONE,False,,,3
4749,100.0,2350.0,0.0,0.085,0.0,0.0,0.0,0,0,0,NONE,NONE,False,,,3
4750,150.0,2350.0,0.0,0.085,0.0,0.0,0.0,0,0,0,NONE,NONE,False,,,4
4751,200.0,2350.0,0.0,0.085,0.0,0.0,0.0,0,0,0,NONE,NONE,False,,,4
4752,250.0,2350.0,0.0,0.085,0.0,0.0,0.0,0,0,0,NONE,NONE,False,,,4
4753,300.0,2350.0,0.0,0.085,0.0,0.0,0.0,0,0,0,NONE,NONE,False,,,3
4754,350.0,2350.0,0.0,0.085,0.0,0.0,0.0,0,0,0,NONE,NONE,False,,,3
4755,400.0,2350.0,0.0,0.085,0.0,0.0,0.0,0,0,0,NONE,NONE,False,,,5
4756,450.0,2350.0,0.0,0.085,0.0,0.0,0.0,0,0,0,NONE,NONE,False,,,5
4757,500.0,2350.0,0.0,0.085,0.0,0.0,0.0,0,0,0,NONE,NONE,False,,,6
4758,550.0,2350.0,0.0,0.085,0.0,0.0,0.0,0,0,0,NONE,NONE,False,,,4
4759,600.0,2350.0,0.0,0.085,0.0,0.0,0.0,0,0,0,NONE,NONE,False,,,6
4760,650.0,2350.0,0.0,0.085,0.0,0.0,0.0,0,0,0,NONE,NONE,False,,,6
4761,700.0,2350.0,0.0,0.085,0.0,0.0,0.0,0,0,0,NONE,NONE,False,,,5
4762,750.0,2350.0,0.0,0.085,0.0,0.0,0.0,0,0,0,NONE,NONE,False,,,4
4763,800.0,2350.0,0.0,0.085,0.0,0.0,0.0,0,0,0,NONE,NONE,False,,,6
4764,850.0,2350.0,0.0,0.085,0.0,0.0,0.0,0,0,0,NONE,NONE,False,,,5
4765,900.0,2350.0,0.0,0.085,0.0,0.0,0.0,0,0,0,NONE,NONE,False,,,5
4766,950.0,2350.0,0.0,0.085,0.0,0.0,0.0,0,0,0,NONE,NONE,False,,,5
4767,1000.0,2350.0,0.0,0.085,0.0,0.0,0.0,0,0,0,NONE,NONE,False,,,6
4768,1050.0,2350.0,0.0,0.085,0.0,0.0,0.0,0,0,0,NONE,NONE,False,,,6
4769,1100.0,2350.0,0.0,0.085,0.0,0.0,0.0,0,0,0,NONE,NONE,False,,,8
4770,1150.0,2350.0,0.0,0.085,0.0,0.0,0.0,0,0,0,NONE,NONE,False,,,8
4771,1200.0,2350.0,0.0,0.085,0.0,0.0,0.0,0,0,0,NONE,NONE,False,,,7
4772,1250.0,2350.0,0.0,0.085,0.0,0.0,0.0,0,0,0,NONE,NONE,False,,,6
4773,1300.0,2350.0,0.0,0.085,0.0,0.0,0.0,0,0,0,NONE,NONE,False,,,6
4774,1350.0,2350.0,0.0,0.085,0.0,0.0,0.0,0,0,0,NONE,NONE,False,,,4
4775,1400.0,2350.0,0.0,0.085,0.0,0.0,0.0,0,0,0,NONE,NONE,False,,,2
4776,1450.0,2350.0,0.0,10.0,1.0,0.0,1.0,1,0,0,NONE,NONE,False,,,0
4777,1500.0,2350.0,0.0,10.0,1.0,0.0,1.0,1,0,0,NONE,NONE,False,,,0
4778,1550.0,2350.0,0.0,10.0,1.0,0.0,1.0,1,0,0,NONE,NONE,False,,,0
4779,1600.0,2350.0,0.0,10.0,1.0,0.0,1.0,1,0,0,NONE,NONE,False,,,0
4780,1650.0,2350.0,0.0,10.0,1.0,0.0,1.0,1,0,0,NONE,NONE,False,,,0
4781,1700.0,2350.0,0.0,0.085,0.0,0.0,0.0,0,0,0,NONE,NONE,False,,,3
4782,1750.0,2350.0,0.0,0.085,0.0,0.0,0.0,0,0,0,NONE,NONE,False,,,5
4783,1800.0,2350.0,0.0,0.085,0.0,0.0,0.0,0,0,0,NONE,NONE,False,,,6
4784,1850.0,2350.0,0.0,0.085,0.0,0.0,0.0,0,0,0,NONE,NONE,False,,,6
4785,1900.0,2350.0,0.0,0.085,0.0,0.0,0.0,0,0,0,NONE,NONE,False,,,6
4786,1950.0,2350.0,0.0,0.085,0.0,0.0,0.0,0,0,0,NONE,NONE,False,,,5
4787,2000.0,2350.0,0.0,0.085,0.0,0.0,0.0,0,0,0,NONE,NONE,False,,,3
4788,2050.0,2350.0,0.0,10.0,0.0,1.0,1.0,0,1,0,NONE,NONE,False,,,0
4789,2100.0,2350.0,0.0,10.0,0.0,1.0,1.0,0,1,0,NONE,NONE,False,,,0
4790,2150.0,2350.0,0.0,10.0,0.0,1.0,1.0,0,1,0,NONE,NONE,False,,,0
4791,2200.0,2350.0,0.0,10.0,0.0,1.0,1.0,0,1,0,NONE,NONE,False,,,0
4792,2250.0,2350.0,0.0,10.0,0.0,1.0,1.0,0,1,0,NONE,NONE,False,,,0
4793,2300.0,2350.0,0.0,10.0,0.0,1.0,1.0,0,1,0,NONE,NONE,False,,,0
4794,2350.0,2350.0,0.0,10.0,0.0,1.0,1.0,0,1,0,NONE,NONE,False,,,0
4795,2400.0,2350.0,0.0,10.0,0.0,1.0,1.0,0,1,0,NONE,NONE,False,,,0
4796,2450.0,2350.0,0.0,10.0,0.0,1.0,1.0,0,1,0,NONE,NONE,False,,,0
4797,2500.0,2350.0,0.0,10.0,0.0,1.0,1.0,0,1,0,NONE,NONE,False,,,0
4798,2550.0,2350.0,0.0,10.0,0.0,1.0,1.0,0,1,0,NONE,NONE,False,,,0
4799,2600.0,2350.0,0.0,10.0,0.0,1.0,1.0,0,1,0,NONE,NONE,False,,,0
4800,2650.0,2350.0,0.0,10.0,0.0,1.0,1.0,0,1,0,NONE,NONE,False,,,0
4801,2700.0,2350.0,0.0,10.0,0.0,1.0,1.0,0,1,0,NONE,NONE,False,,,0
4802,2750.0,2350.0,0.0,10.0,0.0,1.0,1.0,0,1,0,NONE,NONE,False,,,0
4803,2800.0,2350.0,0.0,0.085,0.0,0.0,0.0,0,0,0,NONE,NONE,False,,,0
4804,2850.0,2350.0,0.0,0.085,0.0,0.0,0.0,0,0,0,NONE,NONE,False,,,2
4805,2900.0,2350.0,0.0,0.085,0.0,0.0,0.0,0,0,0,NONE,NONE,False,,,2
4806,2950.0,2350.0,0.0,0.085,0.0,0.0,0.0,0,0,0,NONE,NONE,False,,,2
4807,3000.0,2350.0,0.0,0.085,0.0,0.0,0.0,0,0,0,NONE,NONE,False,,,3
4808,3050.0,2350.0,0.0,0.085,0.0,0.0,0.0,0,0,0,NONE,NONE,False,,,3
4809,3100.0,2350.0,0.0,0.085,0.0,0.0,0.0,0,0,0,NONE,NONE,False,,,5
4810,3150.0,2350.0,0.0,0.085,0.0,0.0,0.0,0,0,0,NONE,NONE,False,,,5
4811,3200.0,2350.0,0.0,0.085,0.0,0.0,0.0,0,0,0,NONE,NONE,False,,,5
4812,3250.0,2350.0,0.0,0.085,0.0,0.0,0.0,0,0,0,NONE,NONE,False,,,6
4813,3300.0,2350.0,0.0,0.085,0.0,0.0,0.0,0,0,0,NONE,NONE,False,,,5
4814,3350.0,2350.0,0.0,0.085,0.0,0.0,0.0,0,0,0,NONE,NONE,False,,,6
4815,3400.0,2350.0,0.0,0.085,0.0,0.0,0.0,0,0,0,NONE,NONE,False,,,7
4816,3450.0,2350.0,0.0,0.085,0.0,0.0,0.0,0,0,0,NONE,NONE,False,,,6
4817,3500.0,2350.0,0.0,0.085,0.0,0.0,0.0,0,0,0,NONE,NONE,False,,,6
4818,3550.0,2350.0,0.0,0.085,0.0,0.0,0.0,0,0,0,NONE,NONE,False,,,5
4819,3600.0,2350.0,0.0,0.085,0.0,0.0,0.0,0,0,0,NONE,NONE,False,,,6
4820,3650.0,2350.0,0.0,0.085,0.0,0.0,0.0,0,0,0,NONE,NONE,False,,,7
4821,3700.0,2350.0,0.0,0.085,0.0,0.0,0.0,0,0,0,NONE,NONE,False,,,6
4822,3750.0,2350.0,0.0,0.085,0.0,0.0,0.0,0,0,0,NONE,NONE,False,,,6
4823,3800.0,2350.0,0.0,0.085,0.0,0.0,0.0,0,0,0,NONE,NONE,False,,,6
4824,3850.0,2350.0,0.0,0.085,0.0,0.0,0.0,0,0,0,NONE,NONE,False,,,5
4825,3900.0,2350.0,0.0,0.085,0.0,0.0,0.0,0,0,0,NONE,NONE,False,,,6
4826,3950.0,2350.0,0.0,0.085,0.0,0.0,0.0,0,0,0,NONE,NONE,False,,,5
4827,4000.0,2350.0,0.0,0.085,0.0,0.0,0.0,0,0,0,NONE,NONE,False,,,5
4828,4050.0,2350.0,0.0,0.085,0.0,0.0,0.0,0,0,0,NONE,NONE,False,,,6
4829,4100.0,2350.0,0.0,0.085,0.0,0.0,0.0,0,0,0,NONE,NONE,False,,,5
4830,4150.0,2350.0,0.0,0.085,0.0,0.0,0.0,0,0,0,NONE,NONE,False,,,6
4831,4200.0,2350.0,0.0,0.085,0.0,0.0,0.0,0,0,0,NONE,NONE,False,,,7
4832,4250.0,2350.0,0.0,0.085,0.0,0.0,0.0,0,0,0,NONE,NONE,False,,,6
4833,4300.0,2350.0,0.0,0.085,0.0,0.0,0.0,0,0,0,NONE,NONE,False,,,5
4834,4350.0,2350.0,0.0,0.085,0.0,0.0,0.0,0,0,0,NONE,NONE,False,,,6
4835,4400.0,2350.0,0.0,0.085,0.0,0.0,0.0,0,0,0,NONE,NONE,False,,,6
4836,4450.0,2350.0,0.0,0.085,0.0,0.0,0.0,0,0,0,NONE,NONE,False,,,5
4837,4500.0,2350.0,0.0,0.085,0.0,0.0,0.0,0,0,0,NONE,NONE,False,,,4
4838,4550.0,2350.0,0.0,0.085,0.0,0.0,0.0,0,0,0,NONE,NONE,False,,,5
4839,4600.0,2350.0,0.0,0.085,0.0,0.0,0.0,0,0,0,NONE,NONE,False,,,5
4840,4650.0,2350.0,0.0,0.085,0.0,0.0,0.0,0,0,0,NONE,NONE,False,,,6
4841,4700.0,2350.0,0.0,0.085,0.0,0.0,0.0,0,0,0,NONE,NONE,False,,,7
4842,4750.0,2350.0,0.0,0.085,0.0,0.0,0.0,0,0,0,NONE,NONE,False,,,9
4843,4800.0,2350.0,0.0,0.085,0.0,0.0,0.0,0,0,0,NONE,NONE,False,,,9
4844,4850.0,2350.0,0.0,0.085,0.0,0.0,0.0,0,0,0,NONE,NONE,False,,,14
4845,4900.0,2350.0,0.0,0.085,0.0,0.0,0.0,0,0,0,NONE,NONE,False,,,17
4846,4950.0,2350.0,0.0,0.085,0.0,0.0,0.0,0,0,0,NONE,NONE,False,,,17
4847,5000.0,2350.0,0.0,0.085,0.0,0.0,0.0,0,0,0,NONE,NONE,False,,,17
4848,0.0,2400.0,0.0,0.085,0.0,0.0,0.0,0,0,0,NONE,NONE,False,,,2
4849,50.0,2400.0,0.0,0.085,0.0,0.0,0.0,0,0,0,NONE,NONE,False,,,3
4850,100.0,2400.0,0.0,0.085,0.0,0.0,0.0,0,0,0,NONE,NONE,False,,,3
4851,150.0,2400.0,0.0,0.085,0.0,0.0,0.0,0,0,0,NONE,NONE,True,minor,TN39,4
4852,200.0,2400.0,0.0,0.085,0.0,0.0,0.0,0,0,0,NONE,NONE,False,,,3
4853,250.0,2400.0,0.0,0.085,0.0,0.0,0.0,0,0,0,NONE,NONE,False,,,4
4854,300.0,2400.0,0.0,0.085,0.0,0.0,0.0,0,0,0,NONE,NONE,False,,,3
4855,350.0,2400.0,0.0,0.085,0.0,0.0,0.0,0,0,0,NONE,NONE,False,,,4
4856,400.0,2400.0,0.0,0.085,0.0,0.0,0.0,0,0,0,NONE,NONE,False,,,5
4857,450.0,2400.0,0.0,0.085,0.0,0.0,0.0,0,0,0,NONE,NONE,False,,,5
4858,500.0,2400.0,0.0,0.085,0.0,0.0,0.0,0,0,0,NONE,NONE,False,,,5
4859,550.0,2400.0,0.0,0.085,0.0,0.0,0.0,0,0,0,NONE,NONE,False,,,6
4860,600.0,2400.0,0.0,0.085,0.0,0.0,0.0,0,0,0,NONE,NONE,False,,,6
4861,650.0,2400.0,0.0,0.085,0.0,0.0,0.0,0,0,0,NONE,NONE,False,,,5
4862,700.0,2400.0,0.0,0.085,0.0,0.0,0.0,0,0,0,NONE,NONE,False,,,5
4863,750.0,2400.0,0.0,0.085,0.0,0.0,0.0,0,0,0,NONE,NONE,False,,,4
4864,800.0,2400.0,0.0,0.085,0.0,0.0,0.0,0,0,0,NONE,NONE,False,,,5
4865,850.0,2400.0,0.0,0.085,0.0,0.0,0.0,0,0,0,NONE,NONE,False,,,5
4866,900.0,2400.0,0.0,0.085,0.0,0.0,0.0,0,0,0,NONE,NONE,False,,,7
4867,950.0,2400.0,0.0,0.085,0.0,0.0,0.0,0,0,0,NONE,NONE,False,,,6
4868,1000.0,2400.0,0.0,0.085,0.0,0.0,0.0,0,0,0,NONE,NONE,False,,,6
4869,1050.0,2400.0,0.0,0.085,0.0,0.0,0.0,0,0,0,NONE,NONE,False,,,7
4870,1100.0,2400.0,0.0,0.085,0.0,0.0,0.0,0,0,0,NONE,NONE,False,,,8
4871,1150.0,2400.0,0.0,0.085,0.0,0.0,0.0,0,0,0,NONE,NONE,False,,,8
4872,1200.0,2400.0,0.0,0.085,0.0,0.0,0.0,0,0,0,NONE,NONE,False,,,8
4873,1250.0,2400.0,0.0,0.085,0.0,0.0,0.0,0,0,0,NONE,NONE,False,,,5
4874,1300.0,2400.0,0.0,0.085,0.0,0.0,0.0,0,0,0,NONE,NONE,False,,,5
4875,1350.0,2400.0,0.0,0.085,0.0,0.0,0.0,0,0,0,NONE,NONE,False,,,4
4876,1400.0,2400.0,0.0,10.0,1.0,0.0,1.0,1,0,0,NONE,NONE,False,,,0
4877,1450.0,2400.0,0.0,10.0,1.0,0.0,1.0,1,0,0,NONE,NONE,False,,,0
4878,1500.0,2400.0,0.0,10.0,1.0,0.0,1.0,1,0,0,NONE,NONE,False,,,0
4879,1550.0,2400.0,0.0,10.0,1.0,0.0,1.0,1,0,0,NONE,NONE,False,,,0
4880,1600.0,2400.0,0.0,10.0,1.0,0.0,1.0,1,0,0,NONE,NONE,False,,,0
4881,1650.0,2400.0,0.0,10.0,1.0,0.0,1.0,1,0,0,NONE,NONE,False,,,0
4882,1700.0,2400.0,0.0,0.085,0.0,0.0,0.0,0,0,0,NONE,NONE,False,,,3
4883,1750.0,2400.0,0.0,0.085,0.0,0.0,0.0,0,0,0,NONE,NONE,False,,,5
4884,1800.0,2400.0,0.0,0.085,0.0,0.0,0.0,0,0,0,NONE,NONE,False,,,5
4885,1850.0,2400.0,0.0,0.085,0.0,0.0,0.0,0,0,0,NONE,NONE,False,,,6
4886,1900.0,2400.0,0.0,0.085,0.0,0.0,0.0,0,0,0,NONE,NONE,False,,,6
4887,1950.0,2400.0,0.0,0.085,0.0,0.0,0.0,0,0,0,NONE,NONE,False,,,5
4888,2000.0,2400.0,0.0,0.085,0.0,0.0,0.0,0,0,0,NONE,NONE,False,,,4
4889,2050.0,2400.0,0.0,0.085,0.0,0.0,0.0,0,0,0,NONE,NONE,False,,,1
4890,2100.0,2400.0,0.0,10.0,0.0,1.0,1.0,0,1,0,NONE,NONE,False,,,0
4891,2150.0,2400.0,0.0,10.0,1.0,1.0,1.0,1,1,0,NONE,NONE,False,,,0
4892,2200.0,2400.0,0.0,10.0,1.0,1.0,1.0,1,1,0,NONE,NONE,False,,,0
4893,2250.0,2400.0,0.0,10.0,0.0,1.0,1.0,0,1,0,NONE,NONE,False,,,0
4894,2300.0,2400.0,0.0,10.0,0.0,1.0,1.0,0,1,0,NONE,NONE,False,,,0
4895,2350.0,2400.0,0.0,10.0,0.0,1.0,1.0,0,1,0,NONE,NONE,False,,,0
4896,2400.0,2400.0,0.0,10.0,0.0,1.0,1.0,0,1,0,NONE,NONE,False,,,0
4897,2450.0,2400.0,0.0,10.0,0.0,1.0,1.0,0,1,0,NONE,NONE,False,,,0
4898,2500.0,2400.0,0.0,10.0,0.0,1.0,1.0,0,1,0,NONE,NONE,False,,,0
4899,2550.0,2400.0,0.0,10.0,0.0,1.0,1.0,0,1,0,NONE,NONE,False,,,0
4900,2600.0,2400.0,0.0,10.0,0.0,1.0,1.0,0,1,0,NONE,NONE,False,,,0
4901,2650.0,2400.0,0.0,10.0,0.0,1.0,1.0,0,1,0,NONE,NONE,False,,,0
4902,2700.0,2400.0,0.0,10.0,0.0,1.0,1.0,0,1,0,NONE,NONE,False,,,0
4903,2750.0,2400.0,0.0,0.085,0.0,0.0,0.0,0,0,0,NONE,NONE,False,,,0
4904,2800.0,2400.0,0.0,0.085,0.0,0.0,0.0,0,0,0,NONE,NONE,False,,,1
4905,2850.0,2400.0,0.0,0.085,0.0,0.0,0.0,0,0,0,NONE,NONE,False,,,1
4906,2900.0,2400.0,0.0,0.085,0.0,0.0,0.0,0,0,0,NONE,NONE,False,,,2
4907,2950.0,2400.0,0.0,0.085,0.0,0.0,0.0,0,0,0,NONE,NONE,False,,,3
4908,3000.0,2400.0,0.0,0.085,0.0,0.0,0.0,0,0,0,NONE,NONE,False,,,3
4909,3050.0,2400.0,0.0,0.085,0.0,0.0,0.0,0,0,0,NONE,NONE,False,,,4
4910,3100.0,2400.0,0.0,0.085,0.0,0.0,0.0,0,0,0,NONE,NONE,False,,,6
4911,3150.0,2400.0,0.0,0.085,0.0,0.0,0.0,0,0,0,NONE,NONE,False,,,5
4912,3200.0,2400.0,0.0,0.085,0.0,0.0,0.0,0,0,0,NONE,NONE,False,,,5
4913,3250.0,2400.0,0.0,0.085,0.0,0.0,0.0,0,0,0,NONE,NONE,False,,,4
4914,3300.0,2400.0,0.0,0.085,0.0,0.0,0.0,0,0,0,NONE,NONE,False,,,6
4915,3350.0,2400.0,0.0,0.085,0.0,0.0,0.0,0,0,0,NONE,NONE,False,,,6
4916,3400.0,2400.0,0.0,0.085,0.0,0.0,0.0,0,0,0,NONE,NONE,False,,,6
4917,3450.0,2400.0,0.0,0.085,0.0,0.0,0.0,0,0,0,NONE,NONE,False,,,4
4918,3500.0,2400.0,0.0,0.085,0.0,0.0,0.0,0,0,0,NONE,NONE,False,,,5
4919,3550.0,2400.0,0.0,0.085,0.0,0.0,0.0,0,0,0,NONE,NONE,False,,,4
4920,3600.0,2400.0,0.0,0.085,0.0,0.0,0.0,0,0,0,NONE,NONE,False,,,5
4921,3650.0,2400.0,0.0,0.085,0.0,0.0,0.0,0,0,0,NONE,NONE,False,,,4
4922,3700.0,2400.0,0.0,0.085,0.0,0.0,0.0,0,0,0,NONE,NONE,False,,,5
4923,3750.0,2400.0,0.0,0.085,0.0,0.0,0.0,0,0,0,NONE,NONE,False,,,4
4924,3800.0,2400.0,0.0,0.085,0.0,0.0,0.0,0,0,0,NONE,NONE,False,,,4
4925,3850.0,2400.0,0.0,0.085,0.0,0.0,0.0,0,0,0,NONE,NONE,False,,,5
4926,3900.0,2400.0,0.0,0.085,0.0,0.0,0.0,0,0,0,NONE,NONE,False,,,5
4927,3950.0,2400.0,0.0,0.085,0.0,0.0,0.0,0,0,0,NONE,NONE,False,,,4
4928,4000.0,2400.0,0.0,0.085,0.0,0.0,0.0,0,0,0,NONE,NONE,False,,,5
4929,4050.0,2400.0,0.0,0.085,0.0,0.0,0.0,0,0,0,NONE,NONE,False,,,4
4930,4100.0,2400.0,0.0,0.085,0.0,0.0,0.0,0,0,0,NONE,NONE,False,,,4
4931,4150.0,2400.0,0.0,0.085,0.0,0.0,0.0,0,0,0,NONE,NONE,False,,,6
4932,4200.0,2400.0,0.0,0.085,0.0,0.0,0.0,0,0,0,NONE,NONE,False,,,7
4933,4250.0,2400.0,0.0,0.085,0.0,0.0,0.0,0,0,0,NONE,NONE,True,minor,TN20,7
4934,4300.0,2400.0,0.0,0.085,0.0,0.0,0.0,0,0,0,NONE,NONE,False,,,6
4935,4350.0,2400.0,0.0,0.085,0.0,0.0,0.0,0,0,0,NONE,NONE,False,,,5
4936,4400.0,2400.0,0.0,0.085,0.0,0.0,0.0,0,0,0,NONE,NONE,False,,,5
4937,4450.0,2400.0,0.0,0.085,0.0,0.0,0.0,0,0,0,NONE,NONE,False,,,5
4938,4500.0,2400.0,0.0,0.085,0.0,0.0,0.0,0,0,0,NONE,NONE,False,,,4
4939,4550.0,2400.0,0.0,0.085,0.0,0.0,0.0,0,0,0,NONE,NONE,False,,,4
4940,4600.0,2400.0,0.0,0.085,0.0,0.0,0.0,0,0,0,NONE,NONE,False,,,4
4941,4650.0,2400.0,0.0,0.085,0.0,0.0,0.0,0,0,0,NONE,NONE,False,,,6
4942,4700.0,2400.0,0.0,0.085,0.0,0.0,0.0,0,0,0,NONE,NONE,False,,,6
4943,4750.0,2400.0,0.0,0.085,0.0,0.0,0.0,0,0,0,NONE,NONE,False,,,7
4944,4800.0,2400.0,0.0,0.085,0.0,0.0,0.0,0,0,0,NONE,NONE,False,,,7
4945,4850.0,2400.0,0.0,0.085,0.0,0.0,0.0,0,0,0,NONE,NONE,False,,,9
4946,4900.0,2400.0,0.0,0.085,0.0,0.0,0.0,0,0,0,NONE,NONE,False,,,7
4947,4950.0,2400.0,0.0,0.085,0.0,0.0,0.0,0,0,0,NONE,NONE,False,,,7
4948,5000.0,2400.0,0.0,0.085,0.0,0.0,0.0,0,0,0,NONE,NONE,False,,,5
4949,0.0,2450.0,0.0,0.085,0.0,0.0,0.0,0,0,0,NONE,NONE,False,,,3
4950,50.0,2450.0,0.0,0.085,0.0,0.0,0.0,0,0,0,NONE,NONE,False,,,3
4951,100.0,2450.0,0.0,0.085,0.0,0.0,0.0,0,0,0,NONE,NONE,False,,,3
4952,150.0,2450.0,0.0,0.085,0.0,0.0,0.0,0,0,0,NONE,NONE,False,,,4
4953,200.0,2450.0,0.0,0.085,0.0,0.0,0.0,0,0,0,NONE,NONE,False,,,3
4954,250.0,2450.0,0.0,0.085,0.0,0.0,0.0,0,0,0,NONE,NONE,False,,,3
4955,300.0,2450.0,0.0,0.085,0.0,0.0,0.0,0,0,0,NONE,NONE,False,,,4
4956,350.0,2450.0,0.0,0.085,0.0,0.0,0.0,0,0,0,NONE,NONE,False,,,4
4957,400.0,2450.0,0.0,0.085,0.0,0.0,0.0,0,0,0,NONE,NONE,False,,,4
4958,450.0,2450.0,0.0,0.085,0.0,0.0,0.0,0,0,0,NONE,NONE,False,,,5
4959,500.0,2450.0,0.0,0.085,0.0,0.0,0.0,0,0,0,NONE,NONE,False,,,6
4960,550.0,2450.0,0.0,0.085,0.0,0.0,0.0,0,0,0,NONE,NONE,False,,,6
4961,600.0,2450.0,0.0,0.085,0.0,0.0,0.0,0,0,0,NONE,NONE,False,,,6
4962,650.0,2450.0,0.0,0.085,0.0,0.0,0.0,0,0,0,NONE,NONE,False,,,4
4963,700.0,2450.0,0.0,0.085,0.0,0.0,0.0,0,0,0,NONE,NONE,False,,,4
4964,750.0,2450.0,0.0,0.085,0.0,0.0,0.0,0,0,0,NONE,NONE,False,,,4
4965,800.0,2450.0,0.0,0.085,0.0,0.0,0.0,0,0,0,NONE,NONE,False,,,5
4966,850.0,2450.0,0.0,0.085,0.0,0.0,0.0,0,0,0,NONE,NONE,False,,,5
4967,900.0,2450.0,0.0,0.085,0.0,0.0,0.0,0,0,0,NONE,NONE,False,,,6
4968,950.0,2450.0,0.0,0.085,0.0,0.0,0.0,0,0,0,NONE,NONE,False,,,6
4969,1000.0,2450.0,0.0,0.085,0.0,0.0,0.0,0,0,0,NONE,NONE,False,,,7
4970,1050.0,2450.0,0.0,0.085,0.0,0.0,0.0,0,0,0,NONE,NONE,False,,,7
4971,1100.0,2450.0,0.0,0.085,0.0,0.0,0.0,0,0,0,NONE,NONE,False,,,7
4972,1150.0,2450.0,0.0,0.085,0.0,0.0,0.0,0,0,0,NONE,NONE,False,,,8
4973,1200.0,2450.0,0.0,0.085,0.0,0.0,0.0,0,0,0,NONE,NONE,False,,,7
4974,1250.0,2450.0,0.0,0.085,0.0,0.0,0.0,0,0,0,NONE,NONE,False,,,6
4975,1300.0,2450.0,0.0,0.085,0.0,0.0,0.0,0,0,0,NONE,NONE,False,,,5
4976,1350.0,2450.0,0.0,0.085,0.0,0.0,0.0,0,0,0,NONE,NONE,False,,,3
4977,1400.0,2450.0,0.0,10.0,1.0,0.0,1.0,1,0,0,NONE,NONE,False,,,0
4978,1450.0,2450.0,0.0,10.0,1.0,0.0,1.0,1,0,0,NONE,NONE,False,,,0
4979,1500.0,2450.0,0.0,10.0,1.0,0.0,1.0,1,0,0,NONE,NONE,False,,,0
4980,1550.0,2450.0,0.0,10.0,1.0,0.0,1.0,1,0,0,NONE,NONE,False,,,0
4981,1600.0,2450.0,0.0,10.0,1.0,0.0,1.0,1,0,0,NONE,NONE,False,,,0
4982,1650.0,2450.0,0.0,10.0,1.0,0.0,1.0,1,0,0,NONE,NONE,False,,,0
4983,1700.0,2450.0,0.0,10.0,1.0,0.0,1.0,1,0,0,NONE,NONE,False,,,0
4984,1750.0,2450.0,0.0,0.085,0.0,0.0,0.0,0,0,0,NONE,NONE,False,,,4
4985,1800.0,2450.0,0.0,0.085,0.0,0.0,0.0,0,0,0,NONE,NONE,False,,,5
4986,1850.0,2450.0,0.0,0.085,0.0,0.0,0.0,0,0,0,NONE,NONE,False,,,6
4987,1900.0,2450.0,0.0,0.085,0.0,0.0,0.0,0,0,0,NONE,NONE,False,,,6
4988,1950.0,2450.0,0.0,0.085,0.0,0.0,0.0,0,0,0,NONE,NONE,False,,,5
4989,2000.0,2450.0,0.0,0.085,0.0,0.0,0.0,0,0,0,NONE,NONE,False,,,3
4990,2050.0,2450.0,0.0,0.085,0.0,0.0,0.0,0,0,0,NONE,NONE,False,,,1
4991,2100.0,2450.0,0.0,10.0,1.0,0.0,1.0,1,0,0,NONE,NONE,False,,,0
4992,2150.0,2450.0,0.0,10.0,1.0,1.0,1.0,1,1,0,NONE,NONE,False,,,0
4993,2200.0,2450.0,0.0,10.0,1.0,1.0,1.0,1,1,0,NONE,NONE,False,,,0
4994,2250.0,2450.0,0.0,10.0,1.0,1.0,1.0,1,1,0,NONE,NONE,False,,,0
4995,2300.0,2450.0,0.0,10.0,0.0,1.0,1.0,0,1,0,NONE,NONE,False,,,0
4996,2350.0,2450.0,0.0,10.0,0.0,1.0,1.0,0,1,0,NONE,NONE,False,,,0
4997,2400.0,2450.0,0.0,10.0,0.0,1.0,1.0,0,1,0,NONE,NONE,False,,,0
4998,2450.0,2450.0,0.0,10.0,0.0,1.0,1.0,0,1,0,NONE,NONE,False,,,0
4999,2500.0,2450.0,0.0,10.0,0.0,1.0,1.0,0,1,0,NONE,NONE,False,,,0
5000,2550.0,2450.0,0.0,10.0,0.0,1.0,1.0,0,1,0,NONE,NONE,False,,,0
5001,2600.0,2450.0,0.0,10.0,0.0,1.0,1.0,0,1,0,NONE,NONE,False,,,0
5002,2650.0,2450.0,0.0,10.0,0.0,1.0,1.0,0,1,0,NONE,NONE,False,,,0
5003,2700.0,2450.0,0.0,0.085,0.0,0.0,0.0,0,0,0,NONE,NONE,False,,,0
5004,2750.0,2450.0,0.0,0.085,0.0,0.0,0.0,0,0,0,NONE,NONE,False,,,1
5005,2800.0,2450.0,0.0,0.085,0.0,0.0,0.0,0,0,0,NONE,NONE,False,,,1
5006,2850.0,2450.0,0.0,0.085,0.0,0.0,0.0,0,0,0,NONE,NONE,False,,,1
5007,2900.0,2450.0,0.0,0.085,0.0,0.0,0.0,0,0,0,NONE,NONE,False,,,2
5008,2950.0,2450.0,0.0,0.085,0.0,0.0,0.0,0,0,0,NONE,NONE,False,,,3
5009,3000.0,2450.0,0.0,0.085,0.0,0.0,0.0,0,0,0,NONE,NONE,False,,,4
5010,3050.0,2450.0,0.0,0.085,0.0,0.0,0.0,0,0,0,NONE,NONE,False,,,5
5011,3100.0,2450.0,0.0,0.085,0.0,0.0,0.0,0,0,0,NONE,NONE,False,,,4
5012,3150.0,2450.0,0.0,0.085,0.0,0.0,0.0,0,0,0,NONE,NONE,False,,,5
5013,3200.0,2450.0,0.0,0.085,0.0,0.0,0.0,0,0,0,NONE,NONE,False,,,5
5014,3250.0,2450.0,0.0,0.085,0.0,0.0,0.0,0,0,0,NONE,NONE,False,,,5
5015,3300.0,2450.0,0.0,0.085,0.0,0.0,0.0,0,0,0,NONE,NONE,False,,,6
5016,3350.0,2450.0,0.0,0.085,0.0,0.0,0.0,0,0,0,NONE,NONE,False,,,6
5017,3400.0,2450.0,0.0,0.085,0.0,0.0,0.0,0,0,0,NONE,NONE,False,,,6
5018,3450.0,2450.0,0.0,0.085,0.0,0.0,0.0,0,0,0,NONE,NONE,False,,,5
5019,3500.0,2450.0,0.0,0.085,0.0,0.0,0.0,0,0,0,NONE,NONE,False,,,6
5020,3550.0,2450.0,0.0,0.085,0.0,0.0,0.0,0,0,0,NONE,NONE,False,,,5
5021,3600.0,2450.0,0.0,0.085,0.0,0.0,0.0,0,0,0,NONE,NONE,False,,,4
5022,3650.0,2450.0,0.0,0.085,0.0,0.0,0.0,0,0,0,NONE,NONE,False,,,3
5023,3700.0,2450.0,0.0,0.085,0.0,0.0,0.0,0,0,0,NONE,NONE,False,,,4
5024,3750.0,2450.0,0.0,0.085,0.0,0.0,0.0,0,0,0,NONE,NONE,False,,,4
5025,3800.0,2450.0,0.0,0.085,0.0,0.0,0.0,0,0,0,NONE,NONE,False,,,5
5026,3850.0,2450.0,0.0,0.085,0.0,0.0,0.0,0,0,0,NONE,NONE,False,,,4
5027,3900.0,2450.0,0.0,0.085,0.0,0.0,0.0,0,0,0,NONE,NONE,False,,,5
5028,3950.0,2450.0,0.0,0.085,0.0,0.0,0.0,0,0,0,NONE,NONE,False,,,6
5029,4000.0,2450.0,0.0,0.085,0.0,0.0,0.0,0,0,0,NONE,NONE,False,,,4
5030,4050.0,2450.0,0.0,0.085,0.0,0.0,0.0,0,0,0,NONE,NONE,False,,,5
5031,4100.0,2450.0,0.0,0.085,0.0,0.0,0.0,0,0,0,NONE,NONE,False,,,5
5032,4150.0,2450.0,0.0,0.085,0.0,0.0,0.0,0,0,0,NONE,NONE,False,,,4
5033,4200.0,2450.0,0.0,0.085,0.0,0.0,0.0,0,0,0,NONE,NONE,False,,,6
5034,4250.0,2450.0,0.0,0.085,0.0,0.0,0.0,0,0,0,NONE,NONE,False,,,7
5035,4300.0,2450.0,0.0,0.085,0.0,0.0,0.0,0,0,0,NONE,NONE,False,,,6
5036,4350.0,2450.0,0.0,0.085,0.0,0.0,0.0,0,0,0,NONE,NONE,False,,,5
5037,4400.0,2450.0,0.0,0.085,0.0,0.0,0.0,0,0,0,NONE,NONE,False,,,4
5038,4450.0,2450.0,0.0,0.085,0.0,0.0,0.0,0,0,0,NONE,NONE,False,,,4
5039,4500.0,2450.0,0.0,0.085,0.0,0.0,0.0,0,0,0,NONE,NONE,False,,,4
5040,4550.0,2450.0,0.0,0.085,0.0,0.0,0.0,0,0,0,NONE,NONE,False,,,4
5041,4600.0,2450.0,0.0,0.085,0.0,0.0,0.0,0,0,0,NONE,NONE,False,,,4
5042,4650.0,2450.0,0.0,0.085,0.0,0.0,0.0,0,0,0,NONE,NONE,False,,,5
5043,4700.0,2450.0,0.0,0.085,0.0,0.0,0.0,0,0,0,NONE,NONE,False,,,5
5044,4750.0,2450.0,0.0,0.085,0.0,0.0,0.0,0,0,0,NONE,NONE,False,,,7
5045,4800.0,2450.0,0.0,0.085,0.0,0.0,0.0,0,0,0,NONE,NONE,False,,,7
5046,4850.0,2450.0,0.0,0.085,0.0,0.0,0.0,0,0,0,NONE,NONE,False,,,8
5047,4900.0,2450.0,0.0,0.085,0.0,0.0,0.0,0,0,0,NONE,NONE,False,,,7
5048,4950.0,2450.0,0.0,0.085,0.0,0.0,0.0,0,0,0,NONE,NONE,False,,,5
5049,5000.0,2450.0,0.0,0.085,0.0,0.0,0.0,0,0,0,NONE,NONE,False,,,4
5050,0.0,2500.0,0.0,0.085,0.0,0.0,0.0,0,0,0,NONE,NONE,False,,,3
5051,50.0,2500.0,0.0,0.085,0.0,0.0,0.0,0,0,0,NONE,NONE,False,,,3
5052,100.0,2500.0,0.0,0.085,0.0,0.0,0.0,0,0,0,NONE,NONE,False,,,4
5053,150.0,2500.0,0.0,0.085,0.0,0.0,0.0,0,0,0,NONE,NONE,False,,,4
5054,200.0,2500.0,0.0,0.085,0.0,0.0,0.0,0,0,0,NONE,NONE,False,,,4
5055,250.0,2500.0,0.0,0.085,0.0,0.0,0.0,0,0,0,NONE,NONE,False,,,3
5056,300.0,2500.0,0.0,0.085,0.0,0.0,0.0,0,0,0,NONE,NONE,False,,,3
5057,350.0,2500.0,0.0,0.085,0.0,0.0,0.0,0,0,0,NONE,NONE,False,,,4
5058,400.0,2500.0,0.0,0.085,0.0,0.0,0.0,0,0,0,NONE,NONE,False,,,4
5059,450.0,2500.0,0.0,0.085,0.0,0.0,0.0,0,0,0,NONE,NONE,False,,,6
5060,500.0,2500.0,0.0,0.085,0.0,0.0,0.0,0,0,0,NONE,NONE,False,,,6
5061,550.0,2500.0,0.0,0.085,0.0,0.0,0.0,0,0,0,NONE,NONE,False,,,6
5062,600.0,2500.0,0.0,0.085,0.0,0.0,0.0,0,0,1,FLZ01,FLZ,False,,,5
5063,650.0,2500.0,0.0,0.085,0.0,0.0,0.0,0,0,0,NONE,NONE,False,,,4
5064,700.0,2500.0,0.0,0.085,0.0,0.0,0.0,0,0,0,NONE,NONE,False,,,5
5065,750.0,2500.0,0.0,0.085,0.0,0.0,0.0,0,0,0,NONE,NONE,False,,,4
5066,800.0,2500.0,0.0,0.085,0.0,0.0,0.0,0,0,0,NONE,NONE,False,,,6
5067,850.0,2500.0,0.0,0.085,0.0,0.0,0.0,0,0,0,NONE,NONE,False,,,5
5068,900.0,2500.0,0.0,0.085,0.0,0.0,0.0,0,0,0,NONE,NONE,False,,,6
5069,950.0,2500.0,0.0,0.085,0.0,0.0,0.0,0,0,0,NONE,NONE,False,,,7
5070,1000.0,2500.0,0.0,0.085,0.0,0.0,0.0,0,0,0,NONE,NONE,False,,,8
5071,1050.0,2500.0,0.0,0.085,0.0,0.0,0.0,0,0,0,NONE,NONE,False,,,7
5072,1100.0,2500.0,0.0,0.085,0.0,0.0,0.0,0,0,0,NONE,NONE,False,,,8
5073,1150.0,2500.0,0.0,0.085,0.0,0.0,0.0,0,0,0,NONE,NONE,False,,,6
5074,1200.0,2500.0,0.0,0.085,0.0,0.0,0.0,0,0,0,NONE,NONE,False,,,7
5075,1250.0,2500.0,0.0,0.085,0.0,0.0,0.0,0,0,0,NONE,NONE,False,,,7
5076,1300.0,2500.0,0.0,0.085,0.0,0.0,0.0,0,0,0,NONE,NONE,False,,,5
5077,1350.0,2500.0,0.0,0.085,0.0,0.0,0.0,0,0,0,NONE,NONE,False,,,3
5078,1400.0,2500.0,0.0,10.0,1.0,0.0,1.0,1,0,0,NONE,NONE,False,,,0
5079,1450.0,2500.0,0.0,10.0,1.0,0.0,1.0,1,0,0,NONE,NONE,False,,,0
5080,1500.0,2500.0,0.0,10.0,1.0,0.0,1.0,1,0,0,NONE,NONE,False,,,0
5081,1550.0,2500.0,0.0,10.0,1.0,0.0,1.0,1,0,0,NONE,NONE,False,,,0
5082,1600.0,2500.0,0.0,10.0,1.0,0.0,1.0,1,0,0,NONE,NONE,False,,,0
5083,1650.0,2500.0,0.0,10.0,1.0,0.0,1.0,1,0,0,NONE,NONE,False,,,0
5084,1700.0,2500.0,0.0,10.0,1.0,0.0,1.0,1,0,0,NONE,NONE,False,,,0
5085,1750.0,2500.0,0.0,0.085,0.0,0.0,0.0,0,0,0,NONE,NONE,False,,,5
5086,1800.0,2500.0,0.0,0.085,0.0,0.0,0.0,0,0,0,NONE,NONE,False,,,5
5087,1850.0,2500.0,0.0,0.085,0.0,0.0,0.0,0,0,0,NONE,NONE,False,,,6
5088,1900.0,2500.0,0.0,0.085,0.0,0.0,0.0,0,0,0,NONE,NONE,False,,,6
5089,1950.0,2500.0,0.0,0.085,0.0,0.0,0.0,0,0,0,NONE,NONE,False,,,4
5090,2000.0,2500.0,0.0,0.085,0.0,0.0,0.0,0,0,0,NONE,NONE,False,,,3
5091,2050.0,2500.0,0.0,10.0,1.0,0.0,1.0,1,0,0,NONE,NONE,False,,,0
5092,2100.0,2500.0,0.0,10.0,1.0,0.0,1.0,1,0,0,NONE,NONE,False,,,0
5093,2150.0,2500.0,0.0,10.0,1.0,0.0,1.0,1,0,0,NONE,NONE,False,,,0
5094,2200.0,2500.0,0.0,10.0,1.0,0.0,1.0,1,0,0,NONE,NONE,False,,,0
5095,2250.0,2500.0,0.0,10.0,1.0,1.0,1.0,1,1,0,NONE,NONE,False,,,0
5096,2300.0,2500.0,0.0,10.0,1.0,1.0,1.0,1,1,0,NONE,NONE,False,,,0
5097,2350.0,2500.0,0.0,10.0,0.0,1.0,1.0,0,1,0,NONE,NONE,False,,,0
5098,2400.0,2500.0,0.0,10.0,0.0,1.0,1.0,0,1,0,NONE,NONE,False,,,0
5099,2450.0,2500.0,0.0,10.0,0.0,1.0,1.0,0,1,0,NONE,NONE,False,,,0
5100,2500.0,2500.0,0.0,10.0,0.0,1.0,1.0,0,1,0,NONE,NONE,False,,,0
5101,2550.0,2500.0,0.0,10.0,0.0,1.0,1.0,0,1,0,NONE,NONE,False,,,0
5102,2600.0,2500.0,0.0,0.085,0.0,0.0,0.0,0,0,0,NONE,NONE,False,,,0
5103,2650.0,2500.0,0.0,0.085,0.0,0.0,0.0,0,0,0,NONE,NONE,False,,,0
5104,2700.0,2500.0,0.0,0.085,0.0,0.0,0.0,0,0,0,NONE,NONE,False,,,1
5105,2750.0,2500.0,0.0,0.085,0.0,0.0,0.0,0,0,0,NONE,NONE,False,,,1
5106,2800.0,2500.0,0.0,0.085,0.0,0.0,0.0,0,0,0,NONE,NONE,False,,,1
5107,2850.0,2500.0,0.0,0.085,0.0,0.0,0.0,0,0,0,NONE,NONE,False,,,2
5108,2900.0,2500.0,0.0,0.085,0.0,0.0,0.0,0,0,0,NONE,NONE,False,,,2
5109,2950.0,2500.0,0.0,0.085,0.0,0.0,0.0,0,0,0,NONE,NONE,False,,,3
5110,3000.0,2500.0,0.0,0.085,0.0,0.0,0.0,0,0,0,NONE,NONE,False,,,5
5111,3050.0,2500.0,0.0,0.085,0.0,0.0,0.0,0,0,0,NONE,NONE,False,,,4
5112,3100.0,2500.0,0.0,0.085,0.0,0.0,0.0,0,0,0,NONE,NONE,False,,,4
5113,3150.0,2500.0,0.0,0.085,0.0,0.0,0.0,0,0,0,NONE,NONE,False,,,5
5114,3200.0,2500.0,0.0,0.085,0.0,0.0,0.0,0,0,0,NONE,NONE,False,,,5
5115,3250.0,2500.0,0.0,0.085,0.0,0.0,0.0,0,0,0,NONE,NONE,False,,,6
5116,3300.0,2500.0,0.0,0.085,0.0,0.0,0.0,0,0,0,NONE,NONE,False,,,6
5117,3350.0,2500.0,0.0,0.085,0.0,0.0,0.0,0,0,0,NONE,NONE,False,,,4
5118,3400.0,2500.0,0.0,0.085,0.0,0.0,0.0,0,0,0,NONE,NONE,False,,,6
5119,3450.0,2500.0,0.0,0.085,0.0,0.0,0.0,0,0,0,NONE,NONE,False,,,5
5120,3500.0,2500.0,0.0,0.085,0.0,0.0,0.0,0,0,0,NONE,NONE,False,,,6
5121,3550.0,2500.0,0.0,0.085,0.0,0.0,0.0,0,0,0,NONE,NONE,False,,,4
5122,3600.0,2500.0,0.0,0.085,0.0,0.0,0.0,0,0,0,NONE,NONE,False,,,4
5123,3650.0,2500.0,0.0,0.085,0.0,0.0,0.0,0,0,0,NONE,NONE,False,,,3
5124,3700.0,2500.0,0.0,0.085,0.0,0.0,0.0,0,0,0,NONE,NONE,False,,,4
5125,3750.0,2500.0,0.0,0.085,0.0,0.0,0.0,0,0,0,NONE,NONE,False,,,4
5126,3800.0,2500.0,0.0,0.085,0.0,0.0,0.0,0,0,0,NONE,NONE,False,,,4
5127,3850.0,2500.0,0.0,0.085,0.0,0.0,0.0,0,0,0,NONE,NONE,False,,,3
5128,3900.0,2500.0,0.0,0.085,0.0,0.0,0.0,0,0,0,NONE,NONE,False,,,4
5129,3950.0,2500.0,0.0,0.085,0.0,0.0,0.0,0,0,0,NONE,NONE,False,,,5
5130,4000.0,2500.0,0.0,0.085,0.0,0.0,0.0,0,0,0,NONE,NONE,False,,,4
5131,4050.0,2500.0,0.0,0.085,0.0,0.0,0.0,0,0,0,NONE,NONE,False,,,4
5132,4100.0,2500.0,0.0,0.085,0.0,0.0,0.0,0,0,0,NONE,NONE,False,,,4
5133,4150.0,2500.0,0.0,0.085,0.0,0.0,0.0,0,0,0,NONE,NONE,False,,,4
5134,4200.0,2500.0,0.0,0.085,0.0,0.0,0.0,0,0,0,NONE,NONE,False,,,4
5135,4250.0,2500.0,0.0,0.085,0.0,0.0,0.0,0,0,0,NONE,NONE,False,,,4
5136,4300.0,2500.0,0.0,0.085,0.0,0.0,0.0,0,0,0,NONE,NONE,False,,,5
5137,4350.0,2500.0,0.0,0.085,0.0,0.0,0.0,0,0,0,NONE,NONE,False,,,5
5138,4400.0,2500.0,0.0,0.085,0.0,0.0,0.0,0,0,0,NONE,NONE,False,,,4
5139,4450.0,2500.0,0.0,0.085,0.0,0.0,0.0,0,0,0,NONE,NONE,False,,,3
5140,4500.0,2500.0,0.0,0.085,0.0,0.0,0.0,0,0,0,NONE,NONE,False,,,3
5141,4550.0,2500.0,0.0,0.085,0.0,0.0,0.0,0,0,0,NONE,NONE,False,,,5
5142,4600.0,2500.0,0.0,0.085,0.0,0.0,0.0,0,0,0,NONE,NONE,False,,,4
5143,4650.0,2500.0,0.0,0.085,0.0,0.0,0.0,0,0,0,NONE,NONE,False,,,4
5144,4700.0,2500.0,0.0,0.085,0.0,0.0,0.0,0,0,0,NONE,NONE,False,,,4
5145,4750.0,2500.0,0.0,0.085,0.0,0.0,0.0,0,0,0,NONE,NONE,False,,,7
5146,4800.0,2500.0,0.0,0.085,0.0,0.0,0.0,0,0,0,NONE,NONE,False,,,6
5147,4850.0,2500.0,0.0,0.085,0.0,0.0,0.0,0,0,0,NONE,NONE,False,,,7
5148,4900.0,2500.0,0.0,0.085,0.0,0.0,0.0,0,0,0,NONE,NONE,False,,,5
5149,4950.0,2500.0,0.0,0.085,0.0,0.0,0.0,0,0,0,NONE,NONE,False,,,4
5150,5000.0,2500.0,0.0,0.085,0.0,0.0,0.0,0,0,0,NONE,NONE,False,,,4
5151,0.0,2550.0,0.0,0.085,0.0,0.0,0.0,0,0,0,NONE,NONE,False,,,3
5152,50.0,2550.0,0.0,0.085,0.0,0.0,0.0,0,0,0,NONE,NONE,False,,,3
5153,100.0,2550.0,0.0,0.085,0.0,0.0,0.0,0,0,0,NONE,NONE,False,,,4
5154,150.0,2550.0,0.0,0.085,0.0,0.0,0.0,0,0,0,NONE,NONE,False,,,4
5155,200.0,2550.0,0.0,0.085,0.0,0.0,0.0,0,0,0,NONE,NONE,False,,,5
5156,250.0,2550.0,0.0,0.085,0.0,0.0,0.0,0,0,0,NONE,NONE,False,,,3
5157,300.0,2550.0,0.0,0.085,0.0,0.0,0.0,0,0,0,NONE,NONE,False,,,3
5158,350.0,2550.0,0.0,0.085,0.0,0.0,0.0,0,0,0,NONE,NONE,False,,,5
5159,400.0,2550.0,0.0,0.085,0.0,0.0,0.0,0,0,0,NONE,NONE,False,,,4
5160,450.0,2550.0,0.0,0.085,0.0,0.0,0.0,0,0,0,NONE,NONE,False,,,6
5161,500.0,2550.0,0.0,0.085,0.0,0.0,0.0,0,0,0,NONE,NONE,False,,,6
5162,550.0,2550.0,0.0,0.085,0.0,0.0,0.0,0,0,0,NONE,NONE,False,,,5
5163,600.0,2550.0,0.0,0.085,0.0,0.0,0.0,0,0,0,NONE,NONE,False,,,5
5164,650.0,2550.0,0.0,0.085,0.0,0.0,0.0,0,0,0,NONE,NONE,False,,,5
5165,700.0,2550.0,0.0,0.085,0.0,0.0,0.0,0,0,0,NONE,NONE,False,,,5
5166,750.0,2550.0,0.0,0.085,0.0,0.0,0.0,0,0,0,NONE,NONE,False,,,4
5167,800.0,2550.0,0.0,0.085,0.0,0.0,0.0,0,0,0,NONE,NONE,False,,,5
5168,850.0,2550.0,0.0,0.085,0.0,0.0,0.0,0,0,0,NONE,NONE,False,,,4
5169,900.0,2550.0,0.0,0.085,0.0,0.0,0.0,0,0,0,NONE,NONE,False,,,6
5170,950.0,2550.0,0.0,0.085,0.0,0.0,0.0,0,0,0,NONE,NONE,False,,,5
5171,1000.0,2550.0,0.0,0.085,0.0,0.0,0.0,0,0,0,NONE,NONE,False,,,7
5172,1050.0,2550.0,0.0,0.085,0.0,0.0,0.0,0,0,0,NONE,NONE,False,,,8
5173,1100.0,2550.0,0.0,0.085,0.0,0.0,0.0,0,0,0,NONE,NONE,False,,,7
5174,1150.0,2550.0,0.0,0.085,0.0,0.0,0.0,0,0,0,NONE,NONE,False,,,7
5175,1200.0,2550.0,0.0,0.085,0.0,0.0,0.0,0,0,0,NONE,NONE,False,,,8
5176,1250.0,2550.0,0.0,0.085,0.0,0.0,0.0,0,0,0,NONE,NONE,False,,,7
5177,1300.0,2550.0,0.0,0.085,0.0,0.0,0.0,0,0,0,NONE,NONE,False,,,6
5178,1350.0,2550.0,0.0,0.085,0.0,0.0,0.0,0,0,0,NONE,NONE,False,,,5
5179,1400.0,2550.0,0.0,10.0,1.0,0.0,1.0,1,0,0,NONE,NONE,False,,,0
5180,1450.0,2550.0,0.0,10.0,1.0,0.0,1.0,1,0,0,NONE,NONE,False,,,0
5181,1500.0,2550.0,0.0,10.0,1.0,0.0,1.0,1,0,0,NONE,NONE,False,,,0
5182,1550.0,2550.0,0.0,10.0,1.0,0.0,1.0,1,0,0,NONE,NONE,False,,,0
5183,1600.0,2550.0,0.0,10.0,1.0,0.0,1.0,1,0,0,NONE,NONE,False,,,0
5184,1650.0,2550.0,0.0,10.0,1.0,0.0,1.0,1,0,0,NONE,NONE,False,,,0
5185,1700.0,2550.0,0.0,0.085,0.0,0.0,0.0,0,0,0,NONE,NONE,False,,,5
5186,1750.0,2550.0,0.0,0.085,0.0,0.0,0.0,0,0,0,NONE,NONE,False,,,6
5187,1800.0,2550.0,0.0,0.085,0.0,0.0,0.0,0,0,0,NONE,NONE,False,,,6
5188,1850.0,2550.0,0.0,0.085,0.0,0.0,0.0,0,0,0,NONE,NONE,False,,,6
5189,1900.0,2550.0,0.0,0.085,0.0,0.0,0.0,0,0,0,NONE,NONE,False,,,6
5190,1950.0,2550.0,0.0,0.085,0.0,0.0,0.0,0,0,0,NONE,NONE,False,,,4
5191,2000.0,2550.0,0.0,0.085,0.0,0.0,0.0,0,0,0,NONE,NONE,False,,,3
5192,2050.0,2550.0,0.0,0.085,0.0,0.0,0.0,0,0,0,NONE,NONE,False,,,1
5193,2100.0,2550.0,0.0,10.0,1.0,0.0,1.0,1,0,0,NONE,NONE,False,,,0
5194,2150.0,2550.0,0.0,10.0,1.0,0.0,1.0,1,0,0,NONE,NONE,False,,,0
5195,2200.0,2550.0,0.0,10.0,1.0,0.0,1.0,1,0,0,NONE,NONE,False,,,0
5196,2250.0,2550.0,0.0,10.0,1.0,0.0,1.0,1,0,0,NONE,NONE,False,,,0
5197,2300.0,2550.0,0.0,10.0,1.0,0.0,1.0,1,0,0,NONE,NONE,False,,,0
5198,2350.0,2550.0,0.0,0.085,0.0,0.0,0.0,0,0,0,NONE,NONE,False,,,0
5199,2400.0,2550.0,0.0,0.085,0.0,0.0,0.0,0,0,0,NONE,NONE,False,,,0
5200,2450.0,2550.0,0.0,0.085,0.0,0.0,0.0,0,0,0,NONE,NONE,False,,,0
5201,2500.0,2550.0,0.0,0.085,0.0,0.0,0.0,0,0,0,NONE,NONE,False,,,0
5202,2550.0,2550.0,0.0,0.085,0.0,0.0,0.0,0,0,0,NONE,NONE,False,,,0
5203,2600.0,2550.0,0.0,0.085,0.0,0.0,0.0,0,0,0,NONE,NONE,False,,,0
5204,2650.0,2550.0,0.0,0.085,0.0,0.0,0.0,0,0,0,NONE,NONE,False,,,1
5205,2700.0,2550.0,0.0,0.085,0.0,0.0,0.0,0,0,0,NONE,NONE,False,,,1
5206,2750.0,2550.0,0.0,0.085,0.0,0.0,0.0,0,0,0,NONE,NONE,False,,,1
5207,2800.0,2550.0,0.0,0.085,0.0,0.0,0.0,0,0,0,NONE,NONE,False,,,2
5208,2850.0,2550.0,0.0,0.085,0.0,0.0,0.0,0,0,0,NONE,NONE,False,,,2
5209,2900.0,2550.0,0.0,0.085,0.0,0.0,0.0,0,0,0,NONE,NONE,False,,,3
5210,2950.0,2550.0,0.0,0.085,0.0,0.0,0.0,0,0,0,NONE,NONE,False,,,4
5211,3000.0,2550.0,0.0,0.085,0.0,0.0,0.0,0,0,0,NONE,NONE,False,,,3
5212,3050.0,2550.0,0.0,0.085,0.0,0.0,0.0,0,0,0,NONE,NONE,False,,,4
5213,3100.0,2550.0,0.0,0.085,0.0,0.0,0.0,0,0,0,NONE,NONE,False,,,5
5214,3150.0,2550.0,0.0,0.085,0.0,0.0,0.0,0,0,0,NONE,NONE,False,,,5
5215,3200.0,2550.0,0.0,0.085,0.0,0.0,0.0,0,0,0,NONE,NONE,False,,,6
5216,3250.0,2550.0,0.0,0.085,0.0,0.0,0.0,0,0,0,NONE,NONE,False,,,6
5217,3300.0,2550.0,0.0,0.085,0.0,0.0,0.0,0,0,0,NONE,NONE,False,,,5
5218,3350.0,2550.0,0.0,0.085,0.0,0.0,0.0,0,0,0,NONE,NONE,False,,,5
5219,3400.0,2550.0,0.0,0.085,0.0,0.0,0.0,0,0,0,NONE,NONE,False,,,5
5220,3450.0,2550.0,0.0,0.085,0.0,0.0,0.0,0,0,0,NONE,NONE,False,,,5
5221,3500.0,2550.0,0.0,0.085,0.0,0.0,0.0,0,0,0,NONE,NONE,False,,,5
5222,3550.0,2550.0,0.0,0.085,0.0,0.0,0.0,0,0,0,NONE,NONE,False,,,4
5223,3600.0,2550.0,0.0,0.085,0.0,0.0,0.0,0,0,0,NONE,NONE,False,,,4
5224,3650.0,2550.0,0.0,0.085,0.0,0.0,0.0,0,0,0,NONE,NONE,False,,,4
5225,3700.0,2550.0,0.0,0.085,0.0,0.0,0.0,0,0,0,NONE,NONE,False,,,5
5226,3750.0,2550.0,0.0,0.085,0.0,0.0,0.0,0,0,0,NONE,NONE,False,,,4
5227,3800.0,2550.0,0.0,0.085,0.0,0.0,0.0,0,0,0,NONE,NONE,False,,,4
5228,3850.0,2550.0,0.0,0.085,0.0,0.0,0.0,0,0,0,NONE,NONE,False,,,4
5229,3900.0,2550.0,0.0,0.085,0.0,0.0,0.0,0,0,0,NONE,NONE,False,,,4
5230,3950.0,2550.0,0.0,0.085,0.0,0.0,0.0,0,0,0,NONE,NONE,False,,,3
5231,4000.0,2550.0,0.0,0.085,0.0,0.0,0.0,0,0,0,NONE,NONE,False,,,4
5232,4050.0,2550.0,0.0,0.085,0.0,0.0,0.0,0,0,0,NONE,NONE,False,,,3
5233,4100.0,2550.0,0.0,0.085,0.0,0.0,0.0,0,0,0,NONE,NONE,False,,,3
5234,4150.0,2550.0,0.0,0.085,0.0,0.0,0.0,0,0,0,NONE,NONE,False,,,4
5235,4200.0,2550.0,0.0,0.085,0.0,0.0,0.0,0,0,0,NONE,NONE,False,,,3
5236,4250.0,2550.0,0.0,0.085,0.0,0.0,0.0,0,0,0,NONE,NONE,False,,,3
5237,4300.0,2550.0,0.0,0.085,0.0,0.0,0.0,0,0,0,NONE,NONE,False,,,4
5238,4350.0,2550.0,0.0,0.085,0.0,0.0,0.0,0,0,0,NONE,NONE,False,,,5
5239,4400.0,2550.0,0.0,0.085,0.0,0.0,0.0,0,0,0,NONE,NONE,False,,,5
5240,4450.0,2550.0,0.0,0.085,0.0,0.0,0.0,0,0,0,NONE,NONE,False,,,4
5241,4500.0,2550.0,0.0,0.085,0.0,0.0,0.0,0,0,0,NONE,NONE,False,,,4
5242,4550.0,2550.0,0.0,0.085,0.0,0.0,0.0,0,0,0,NONE,NONE,False,,,5
5243,4600.0,2550.0,0.0,0.085,0.0,0.0,0.0,0,0,0,NONE,NONE,False,,,5
5244,4650.0,2550.0,0.0,0.085,0.0,0.0,0.0,0,0,0,NONE,NONE,False,,,5
5245,4700.0,2550.0,0.0,0.085,0.0,0.0,0.0,0,0,0,NONE,NONE,False,,,5
5246,4750.0,2550.0,0.0,0.085,0.0,0.0,0.0,0,0,0,NONE,NONE,False,,,7
5247,4800.0,2550.0,0.0,0.085,0.0,0.0,0.0,0,0,0,NONE,NONE,False,,,6
5248,4850.0,2550.0,0.0,0.085,0.0,0.0,0.0,0,0,0,NONE,NONE,False,,,6
5249,4900.0,2550.0,0.0,0.085,0.0,0.0,0.0,0,0,0,NONE,NONE,False,,,4
5250,4950.0,2550.0,0.0,0.085,0.0,0.0,0.0,0,0,0,NONE,NONE,False,,,4
5251,5000.0,2550.0,0.0,0.085,0.0,0.0,0.0,0,0,0,NONE,NONE,False,,,3
5252,0.0,2600.0,0.0,0.085,0.0,0.0,0.0,0,0,0,NONE,NONE,False,,,3
5253,50.0,2600.0,0.0,0.085,0.0,0.0,0.0,0,0,0,NONE,NONE,False,,,3
5254,100.0,2600.0,0.0,0.085,0.0,0.0,0.0,0,0,0,NONE,NONE,False,,,4
5255,150.0,2600.0,0.0,0.085,0.0,0.0,0.0,0,0,0,NONE,NONE,False,,,4
5256,200.0,2600.0,0.0,0.085,0.0,0.0,0.0,0,0,0,NONE,NONE,False,,,4
5257,250.0,2600.0,0.0,0.085,0.0,0.0,0.0,0,0,0,NONE,NONE,False,,,4
5258,300.0,2600.0,0.0,0.085,0.0,0.0,0.0,0,0,0,NONE,NONE,False,,,5
5259,350.0,2600.0,0.0,0.085,0.0,0.0,0.0,0,0,0,NONE,NONE,False,,,4
5260,400.0,2600.0,0.0,0.085,0.0,0.0,0.0,0,0,0,NONE,NONE,False,,,5
5261,450.0,2600.0,0.0,0.085,0.0,0.0,0.0,0,0,0,NONE,NONE,False,,,6
5262,500.0,2600.0,0.0,0.085,0.0,0.0,0.0,0,0,0,NONE,NONE,False,,,6
5263,550.0,2600.0,0.0,0.085,0.0,0.0,0.0,0,0,0,NONE,NONE,False,,,5
5264,600.0,2600.0,0.0,0.085,0.0,0.0,0.0,0,0,0,NONE,NONE,False,,,6
5265,650.0,2600.0,0.0,0.085,0.0,0.0,0.0,0,0,0,NONE,NONE,False,,,5
5266,700.0,2600.0,0.0,0.085,0.0,0.0,0.0,0,0,0,NONE,NONE,False,,,4
5267,750.0,2600.0,0.0,0.085,0.0,0.0,0.0,0,0,0,NONE,NONE,False,,,4
5268,800.0,2600.0,0.0,0.085,0.0,0.0,0.0,0,0,0,NONE,NONE,False,,,5
5269,850.0,2600.0,0.0,0.085,0.0,0.0,0.0,0,0,0,NONE,NONE,False,,,5
5270,900.0,2600.0,0.0,0.085,0.0,0.0,0.0,0,0,0,NONE,NONE,False,,,6
5271,950.0,2600.0,0.0,0.085,0.0,0.0,0.0,0,0,0,NONE,NONE,False,,,5
5272,1000.0,2600.0,0.0,0.085,0.0,0.0,0.0,0,0,0,NONE,NONE,False,,,7
5273,1050.0,2600.0,0.0,0.085,0.0,0.0,0.0,0,0,0,NONE,NONE,False,,,6
5274,1100.0,2600.0,0.0,0.085,0.0,0.0,0.0,0,0,0,NONE,NONE,False,,,8
5275,1150.0,2600.0,0.0,0.085,0.0,0.0,0.0,0,0,0,NONE,NONE,False,,,10
5276,1200.0,2600.0,0.0,0.085,0.0,0.0,0.0,0,0,0,NONE,NONE,False,,,9
5277,1250.0,2600.0,0.0,0.085,0.0,0.0,0.0,0,0,0,NONE,NONE,False,,,8
5278,1300.0,2600.0,0.0,0.085,0.0,0.0,0.0,0,0,0,NONE,NONE,False,,,8
5279,1350.0,2600.0,0.0,0.085,0.0,0.0,0.0,0,0,0,NONE,NONE,False,,,6
5280,1400.0,2600.0,0.0,0.085,0.0,0.0,0.0,0,0,0,NONE,NONE,False,,,6
5281,1450.0,2600.0,0.0,10.0,1.0,0.0,1.0,1,0,0,NONE,NONE,False,,,0
5282,1500.0,2600.0,0.0,10.0,1.0,0.0,1.0,1,0,0,NONE,NONE,False,,,0
5283,1550.0,2600.0,0.0,10.0,1.0,0.0,1.0,1,0,0,NONE,NONE,False,,,0
5284,1600.0,2600.0,0.0,10.0,1.0,0.0,1.0,1,0,0,NONE,NONE,False,,,0
5285,1650.0,2600.0,0.0,0.085,0.0,0.0,0.0,0,0,0,NONE,NONE,False,,,4
5286,1700.0,2600.0,0.0,0.085,0.0,0.0,0.0,0,0,0,NONE,NONE,False,,,6
5287,1750.0,2600.0,0.0,0.085,0.0,0.0,0.0,0,0,0,NONE,NONE,False,,,6
5288,1800.0,2600.0,0.0,0.085,0.0,0.0,0.0,0,0,0,NONE,NONE,False,,,6
5289,1850.0,2600.0,0.0,0.085,0.0,0.0,0.0,0,0,0,NONE,NONE,False,,,6
5290,1900.0,2600.0,0.0,0.085,0.0,0.0,0.0,0,0,0,NONE,NONE,False,,,6
5291,1950.0,2600.0,0.0,0.085,0.0,0.0,0.0,0,0,0,NONE,NONE,False,,,3
5292,2000.0,2600.0,0.0,0.085,0.0,0.0,0.0,0,0,0,NONE,NONE,False,,,1
5293,2050.0,2600.0,0.0,0.085,0.0,0.0,0.0,0,0,0,NONE,NONE,False,,,1
5294,2100.0,2600.0,0.0,10.0,1.0,0.0,1.0,1,0,0,NONE,NONE,False,,,0
5295,2150.0,2600.0,0.0,10.0,1.0,0.0,1.0,1,0,0,NONE,NONE,False,,,0
5296,2200.0,2600.0,0.0,10.0,1.0,0.0,1.0,1,0,0,NONE,NONE,False,,,0
5297,2250.0,2600.0,0.0,10.0,1.0,0.0,1.0,1,0,0,NONE,NONE,False,,,0
5298,2300.0,2600.0,0.0,0.085,0.0,0.0,0.0,0,0,0,NONE,NONE,False,,,0
5299,2350.0,2600.0,0.0,0.085,0.0,0.0,0.0,0,0,0,NONE,NONE,False,,,0
5300,2400.0,2600.0,0.0,10.0,1.0,0.0,1.0,1,0,0,NONE,NONE,False,,,0
5301,2450.0,2600.0,0.0,10.0,1.0,0.0,1.0,1,0,0,NONE,NONE,False,,,0
5302,2500.0,2600.0,0.0,0.085,0.0,0.0,0.0,0,0,0,NONE,NONE,False,,,0
5303,2550.0,2600.0,0.0,0.085,0.0,0.0,0.0,0,0,0,NONE,NONE,False,,,0
5304,2600.0,2600.0,0.0,0.085,0.0,0.0,0.0,0,0,0,NONE,NONE,False,,,1
5305,2650.0,2600.0,0.0,0.085,0.0,0.0,0.0,0,0,0,NONE,NONE,False,,,1
5306,2700.0,2600.0,0.0,0.085,0.0,0.0,0.0,0,0,0,NONE,NONE,False,,,1
5307,2750.0,2600.0,0.0,0.085,0.0,0.0,0.0,0,0,0,NONE,NONE,False,,,2
5308,2800.0,2600.0,0.0,0.085,0.0,0.0,0.0,0,0,0,NONE,NONE,False,,,2
5309,2850.0,2600.0,0.0,0.085,0.0,0.0,0.0,0,0,0,NONE,NONE,False,,,3
5310,2900.0,2600.0,0.0,0.085,0.0,0.0,0.0,0,0,0,NONE,NONE,False,,,4
5311,2950.0,2600.0,0.0,0.085,0.0,0.0,0.0,0,0,0,NONE,NONE,False,,,4
5312,3000.0,2600.0,0.0,0.085,0.0,0.0,0.0,0,0,0,NONE,NONE,False,,,4
5313,3050.0,2600.0,0.0,0.085,0.0,0.0,0.0,0,0,0,NONE,NONE,False,,,5
5314,3100.0,2600.0,0.0,0.085,0.0,0.0,0.0,0,0,0,NONE,NONE,False,,,6
5315,3150.0,2600.0,0.0,0.085,0.0,0.0,0.0,0,0,0,NONE,NONE,False,,,6
5316,3200.0,2600.0,0.0,0.085,0.0,0.0,0.0,0,0,0,NONE,NONE,False,,,6
5317,3250.0,2600.0,0.0,0.085,0.0,0.0,0.0,0,0,0,NONE,NONE,False,,,5
5318,3300.0,2600.0,0.0,0.085,0.0,0.0,0.0,0,0,0,NONE,NONE,False,,,5
5319,3350.0,2600.0,0.0,0.085,0.0,0.0,0.0,0,0,0,NONE,NONE,False,,,6
5320,3400.0,2600.0,0.0,0.085,0.0,0.0,0.0,0,0,0,NONE,NONE,False,,,5
5321,3450.0,2600.0,0.0,0.085,0.0,0.0,0.0,0,0,0,NONE,NONE,False,,,3
5322,3500.0,2600.0,0.0,0.085,0.0,0.0,0.0,0,0,0,NONE,NONE,False,,,4
5323,3550.0,2600.0,0.0,0.085,0.0,0.0,0.0,0,0,0,NONE,NONE,False,,,4
5324,3600.0,2600.0,0.0,0.085,0.0,0.0,0.0,0,0,0,NONE,NONE,False,,,4
5325,3650.0,2600.0,0.0,0.085,0.0,0.0,0.0,0,0,0,NONE,NONE,False,,,5
5326,3700.0,2600.0,0.0,0.085,0.0,0.0,0.0,0,0,0,NONE,NONE,False,,,5
5327,3750.0,2600.0,0.0,0.085,0.0,0.0,0.0,0,0,0,NONE,NONE,False,,,4
5328,3800.0,2600.0,0.0,0.085,0.0,0.0,0.0,0,0,0,NONE,NONE,False,,,4
5329,3850.0,2600.0,0.0,0.085,0.0,0.0,0.0,0,0,0,NONE,NONE,False,,,4
5330,3900.0,2600.0,0.0,0.085,0.0,0.0,0.0,0,0,0,NONE,NONE,False,,,4
5331,3950.0,2600.0,0.0,0.085,0.0,0.0,0.0,0,0,0,NONE,NONE,False,,,3
5332,4000.0,2600.0,0.0,0.085,0.0,0.0,0.0,0,0,0,NONE,NONE,False,,,2
5333,4050.0,2600.0,0.0,0.085,0.0,0.0,0.0,0,0,0,NONE,NONE,False,,,2
5334,4100.0,2600.0,0.0,0.085,0.0,0.0,0.0,0,0,0,NONE,NONE,False,,,2
5335,4150.0,2600.0,0.0,0.085,0.0,0.0,0.0,0,0,0,NONE,NONE,False,,,2
5336,4200.0,2600.0,0.0,0.085,0.0,0.0,0.0,0,0,0,NONE,NONE,False,,,3
5337,4250.0,2600.0,0.0,0.085,0.0,0.0,0.0,0,0,0,NONE,NONE,False,,,3
5338,4300.0,2600.0,0.0,0.085,0.0,0.0,0.0,0,0,0,NONE,NONE,False,,,2
5339,4350.0,2600.0,0.0,0.085,0.0,0.0,0.0,0,0,0,NONE,NONE,False,,,3
5340,4400.0,2600.0,0.0,0.085,0.0,0.0,0.0,0,0,0,NONE,NONE,False,,,4
5341,4450.0,2600.0,0.0,0.085,0.0,0.0,0.0,0,0,0,NONE,NONE,False,,,5
5342,4500.0,2600.0,0.0,0.085,0.0,0.0,0.0,0,0,0,NONE,NONE,False,,,4
5343,4550.0,2600.0,0.0,0.085,0.0,0.0,0.0,0,0,0,NONE,NONE,False,,,4
5344,4600.0,2600.0,0.0,0.085,0.0,0.0,0.0,0,0,0,NONE,NONE,False,,,4
5345,4650.0,2600.0,0.0,0.085,0.0,0.0,0.0,0,0,0,NONE,NONE,False,,,5
5346,4700.0,2600.0,0.0,0.085,0.0,0.0,0.0,0,0,0,NONE,NONE,False,,,5
5347,4750.0,2600.0,0.0,0.085,0.0,0.0,0.0,0,0,0,NONE,NONE,False,,,5
5348,4800.0,2600.0,0.0,0.085,0.0,0.0,0.0,0,0,0,NONE,NONE,False,,,4
5349,4850.0,2600.0,0.0,0.085,0.0,0.0,0.0,0,0,0,NONE,NONE,False,,,5
5350,4900.0,2600.0,0.0,0.085,0.0,0.0,0.0,0,0,0,NONE,NONE,False,,,4
5351,4950.0,2600.0,0.0,0.085,0.0,0.0,0.0,0,0,0,NONE,NONE,False,,,4
5352,5000.0,2600.0,0.0,0.085,0.0,0.0,0.0,0,0,0,NONE,NONE,False,,,2
5353,0.0,2650.0,0.0,0.085,0.0,0.0,0.0,0,0,0,NONE,NONE,False,,,2
5354,50.0,2650.0,0.0,0.085,0.0,0.0,0.0,0,0,0,NONE,NONE,False,,,4
5355,100.0,2650.0,0.0,0.085,0.0,0.0,0.0,0,0,0,NONE,NONE,False,,,4
5356,150.0,2650.0,0.0,0.085,0.0,0.0,0.0,0,0,0,NONE,NONE,False,,,4
5357,200.0,2650.0,0.0,0.085,0.0,0.0,0.0,0,0,0,NONE,NONE,False,,,4
5358,250.0,2650.0,0.0,0.085,0.0,0.0,0.0,0,0,0,NONE,NONE,False,,,4
5359,300.0,2650.0,0.0,0.085,0.0,0.0,0.0,0,0,0,NONE,NONE,False,,,5
5360,350.0,2650.0,0.0,0.085,0.0,0.0,0.0,0,0,0,NONE,NONE,False,,,5
5361,400.0,2650.0,0.0,0.085,0.0,0.0,0.0,0,0,0,NONE,NONE,False,,,6
5362,450.0,2650.0,0.0,0.085,0.0,0.0,0.0,0,0,0,NONE,NONE,False,,,5
5363,500.0,2650.0,0.0,0.085,0.0,0.0,0.0,0,0,0,NONE,NONE,False,,,6
5364,550.0,2650.0,0.0,0.085,0.0,0.0,0.0,0,0,0,NONE,NONE,False,,,6
5365,600.0,2650.0,0.0,0.085,0.0,0.0,0.0,0,0,0,NONE,NONE,False,,,5
5366,650.0,2650.0,0.0,0.085,0.0,0.0,0.0,0,0,0,NONE,NONE,False,,,5
5367,700.0,2650.0,0.0,0.085,0.0,0.0,0.0,0,0,0,NONE,NONE,False,,,5
5368,750.0,2650.0,0.0,0.085,0.0,0.0,0.0,0,0,0,NONE,NONE,False,,,5
5369,800.0,2650.0,0.0,0.085,0.0,0.0,0.0,0,0,0,NONE,NONE,False,,,6
5370,850.0,2650.0,0.0,0.085,0.0,0.0,0.0,0,0,0,NONE,NONE,False,,,5
5371,900.0,2650.0,0.0,0.085,0.0,0.0,0.0,0,0,0,NONE,NONE,False,,,5
5372,950.0,2650.0,0.0,0.085,0.0,0.0,0.0,0,0,0,NONE,NONE,False,,,6
5373,1000.0,2650.0,0.0,0.085,0.0,0.0,0.0,0,0,0,NONE,NONE,False,,,5
5374,1050.0,2650.0,0.0,0.085,0.0,0.0,0.0,0,0,0,NONE,NONE,False,,,6
5375,1100.0,2650.0,0.0,0.085,0.0,0.0,0.0,0,0,0,NONE,NONE,False,,,8
5376,1150.0,2650.0,0.0,0.085,0.0,0.0,0.0,0,0,0,NONE,NONE,False,,,8
5377,1200.0,2650.0,0.0,0.085,0.0,0.0,0.0,0,0,0,NONE,NONE,False,,,10
5378,1250.0,2650.0,0.0,0.085,0.0,0.0,0.0,0,0,0,NONE,NONE,False,,,9
5379,1300.0,2650.0,0.0,0.085,0.0,0.0,0.0,0,0,0,NONE,NONE,False,,,8
5380,1350.0,2650.0,0.0,0.085,0.0,0.0,0.0,0,0,0,NONE,NONE,False,,,8
5381,1400.0,2650.0,0.0,0.085,0.0,0.0,0.0,0,0,0,NONE,NONE,False,,,7
5382,1450.0,2650.0,0.0,0.085,0.0,0.0,0.0,0,0,0,NONE,NONE,False,,,6
5383,1500.0,2650.0,0.0,0.085,0.0,0.0,0.0,0,0,0,NONE,NONE,False,,,5
5384,1550.0,2650.0,0.0,0.085,0.0,0.0,0.0,0,0,0,NONE,NONE,False,,,3
5385,1600.0,2650.0,0.0,0.085,0.0,0.0,0.0,0,0,0,NONE,NONE,False,,,4
5386,1650.0,2650.0,0.0,0.085,0.0,0.0,0.0,0,0,0,NONE,NONE,False,,,6
5387,1700.0,2650.0,0.0,0.085,0.0,0.0,0.0,0,0,0,NONE,NONE,False,,,6
5388,1750.0,2650.0,0.0,0.085,0.0,0.0,0.0,0,0,0,NONE,NONE,False,,,6
5389,1800.0,2650.0,0.0,0.085,0.0,0.0,0.0,0,0,0,NONE,NONE,False,,,6
5390,1850.0,2650.0,0.0,0.085,0.0,0.0,0.0,0,0,0,NONE,NONE,False,,,6
5391,1900.0,2650.0,0.0,0.085,0.0,0.0,0.0,0,0,0,NONE,NONE,False,,,4
5392,1950.0,2650.0,0.0,0.085,0.0,0.0,0.0,0,0,0,NONE,NONE,False,,,1
5393,2000.0,2650.0,0.0,0.085,0.0,0.0,0.0,0,0,0,NONE,NONE,False,,,1
5394,2050.0,2650.0,0.0,0.085,0.0,0.0,0.0,0,0,0,NONE,NONE,False,,,0
5395,2100.0,2650.0,0.0,0.085,0.0,0.0,0.0,0,0,0,NONE,NONE,False,,,0
5396,2150.0,2650.0,0.0,0.085,0.0,0.0,0.0,0,0,0,NONE,NONE,False,,,0
5397,2200.0,2650.0,0.0,0.085,0.0,0.0,0.0,0,0,0,NONE,NONE,False,,,0
5398,2250.0,2650.0,0.0,0.085,0.0,0.0,0.0,0,0,0,NONE,NONE,False,,,0
5399,2300.0,2650.0,0.0,0.085,0.0,0.0,0.0,0,0,0,NONE,NONE,False,,,0
5400,2350.0,2650.0,0.0,0.085,0.0,0.0,0.0,0,0,0,NONE,NONE,False,,,0
5401,2400.0,2650.0,0.0,10.0,1.0,0.0,1.0,1,0,0,NONE,NONE,False,,,0
5402,2450.0,2650.0,0.0,10.0,1.0,0.0,1.0,1,0,0,NONE,NONE,False,,,0
5403,2500.0,2650.0,0.0,10.0,1.0,0.0,1.0,1,0,0,NONE,NONE,False,,,0
5404,2550.0,2650.0,0.0,0.085,0.0,0.0,0.0,0,0,0,NONE,NONE,False,,,1
5405,2600.0,2650.0,0.0,0.085,0.0,0.0,0.0,0,0,0,NONE,NONE,False,,,1
5406,2650.0,2650.0,0.0,0.085,0.0,0.0,0.0,0,0,0,NONE,NONE,False,,,1
5407,2700.0,2650.0,0.0,0.085,0.0,0.0,0.0,0,0,0,NONE,NONE,False,,,2
5408,2750.0,2650.0,0.0,0.085,0.0,0.0,0.0,0,0,0,NONE,NONE,False,,,2
5409,2800.0,2650.0,0.0,0.085,0.0,0.0,0.0,0,0,0,NONE,NONE,False,,,3
5410,2850.0,2650.0,0.0,0.085,0.0,0.0,0.0,0,0,0,NONE,NONE,False,,,5
5411,2900.0,2650.0,0.0,0.085,0.0,0.0,0.0,0,0,0,NONE,NONE,False,,,4
5412,2950.0,2650.0,0.0,0.085,0.0,0.0,0.0,0,0,0,NONE,NONE,False,,,4
5413,3000.0,2650.0,0.0,0.085,0.0,0.0,0.0,0,0,0,NONE,NONE,False,,,5
5414,3050.0,2650.0,0.0,0.085,0.0,0.0,0.0,0,0,1,FLZ04,FLZ,False,,,5
5415,3100.0,2650.0,0.0,0.085,0.0,0.0,0.0,0,0,0,NONE,NONE,False,,,6
5416,3150.0,2650.0,0.0,0.085,0.0,0.0,0.0,0,0,0,NONE,NONE,False,,,7
5417,3200.0,2650.0,0.0,0.085,0.0,0.0,0.0,0,0,0,NONE,NONE,False,,,6
5418,3250.0,2650.0,0.0,0.085,0.0,0.0,0.0,0,0,0,NONE,NONE,False,,,6
5419,3300.0,2650.0,0.0,0.085,0.0,0.0,0.0,0,0,0,NONE,NONE,False,,,7
5420,3350.0,2650.0,0.0,0.085,0.0,0.0,0.0,0,0,0,NONE,NONE,False,,,6
5421,3400.0,2650.0,0.0,0.085,0.0,0.0,0.0,0,0,0,NONE,NONE,False,,,5
5422,3450.0,2650.0,0.0,0.085,0.0,0.0,0.0,0,0,0,NONE,NONE,False,,,6
5423,3500.0,2650.0,0.0,0.085,0.0,0.0,0.0,0,0,0,NONE,NONE,False,,,4
5424,3550.0,2650.0,0.0,0.085,0.0,0.0,0.0,0,0,0,NONE,NONE,False,,,4
5425,3600.0,2650.0,0.0,0.085,0.0,0.0,0.0,0,0,0,NONE,NONE,False,,,5
5426,3650.0,2650.0,0.0,0.085,0.0,0.0,0.0,0,0,0,NONE,NONE,False,,,5
5427,3700.0,2650.0,0.0,0.085,0.0,0.0,0.0,0,0,0,NONE,NONE,False,,,5
5428,3750.0,2650.0,0.0,0.085,0.0,0.0,0.0,0,0,0,NONE,NONE,False,,,3
5429,3800.0,2650.0,0.0,0.085,0.0,0.0,0.0,0,0,0,NONE,NONE,False,,,3
5430,3850.0,2650.0,0.0,0.085,0.0,0.0,0.0,0,0,0,NONE,NONE,False,,,4
5431,3900.0,2650.0,0.0,0.085,0.0,0.0,0.0,0,0,0,NONE,NONE,False,,,4
5432,3950.0,2650.0,0.0,0.085,0.0,0.0,0.0,0,0,0,NONE,NONE,False,,,2
5433,4000.0,2650.0,0.0,0.085,0.0,0.0,0.0,0,0,0,NONE,NONE,False,,,2
5434,4050.0,2650.0,0.0,10.0,1.0,0.0,1.0,1,0,0,NONE,NONE,False,,,0
5435,4100.0,2650.0,0.0,10.0,1.0,0.0,1.0,1,0,0,NONE,NONE,False,,,0
5436,4150.0,2650.0,0.0,10.0,1.0,0.0,1.0,1,0,0,NONE,NONE,False,,,0
5437,4200.0,2650.0,0.0,10.0,1.0,0.0,1.0,1,0,0,NONE,NONE,False,,,0
5438,4250.0,2650.0,0.0,0.085,0.0,0.0,0.0,0,0,0,NONE,NONE,False,,,2
5439,4300.0,2650.0,0.0,0.085,0.0,0.0,0.0,0,0,0,NONE,NONE,False,,,2
5440,4350.0,2650.0,0.0,0.085,0.0,0.0,0.0,0,0,0,NONE,NONE,False,,,2
5441,4400.0,2650.0,0.0,0.085,0.0,0.0,0.0,0,0,0,NONE,NONE,False,,,4
5442,4450.0,2650.0,0.0,0.085,0.0,0.0,0.0,0,0,0,NONE,NONE,False,,,5
5443,4500.0,2650.0,0.0,0.085,0.0,0.0,0.0,0,0,0,NONE,NONE,False,,,4
5444,4550.0,2650.0,0.0,0.085,0.0,0.0,0.0,0,0,0,NONE,NONE,False,,,5
5445,4600.0,2650.0,0.0,0.085,0.0,0.0,0.0,0,0,0,NONE,NONE,False,,,4
5446,4650.0,2650.0,0.0,0.085,0.0,0.0,0.0,0,0,0,NONE,NONE,False,,,6
5447,4700.0,2650.0,0.0,0.085,0.0,0.0,0.0,0,0,0,NONE,NONE,False,,,5
5448,4750.0,2650.0,0.0,0.085,0.0,0.0,0.0,0,0,0,NONE,NONE,False,,,4
5449,4800.0,2650.0,0.0,0.085,0.0,0.0,0.0,0,0,0,NONE,NONE,False,,,4
5450,4850.0,2650.0,0.0,0.085,0.0,0.0,0.0,0,0,0,NONE,NONE,False,,,5
5451,4900.0,2650.0,0.0,0.085,0.0,0.0,0.0,0,0,0,NONE,NONE,False,,,5
5452,4950.0,2650.0,0.0,0.085,0.0,0.0,0.0,0,0,0,NONE,NONE,False,,,3
5453,5000.0,2650.0,0.0,0.085,0.0,0.0,0.0,0,0,0,NONE,NONE,False,,,2
5454,0.0,2700.0,0.0,0.085,0.0,0.0,0.0,0,0,0,NONE,NONE,False,,,2
5455,50.0,2700.0,0.0,0.085,0.0,0.0,0.0,0,0,0,NONE,NONE,False,,,3
5456,100.0,2700.0,0.0,0.085,0.0,0.0,0.0,0,0,0,NONE,NONE,False,,,4
5457,150.0,2700.0,0.0,0.085,0.0,0.0,0.0,0,0,0,NONE,NONE,False,,,5
5458,200.0,2700.0,0.0,0.085,0.0,0.0,0.0,0,0,0,NONE,NONE,False,,,4
5459,250.0,2700.0,0.0,0.085,0.0,0.0,0.0,0,0,0,NONE,NONE,False,,,4
5460,300.0,2700.0,0.0,0.085,0.0,0.0,0.0,0,0,0,NONE,NONE,False,,,5
5461,350.0,2700.0,0.0,0.085,0.0,0.0,0.0,0,0,0,NONE,NONE,False,,,6
5462,400.0,2700.0,0.0,0.085,0.0,0.0,0.0,0,0,0,NONE,NONE,False,,,7
5463,450.0,2700.0,0.0,0.085,0.0,0.0,0.0,0,0,0,NONE,NONE,False,,,5
5464,500.0,2700.0,0.0,0.085,0.0,0.0,0.0,0,0,0,NONE,NONE,False,,,6
5465,550.0,2700.0,0.0,0.085,0.0,0.0,0.0,0,0,0,NONE,NONE,False,,,5
5466,600.0,2700.0,0.0,0.085,0.0,0.0,0.0,0,0,0,NONE,NONE,False,,,5
5467,650.0,2700.0,0.0,0.085,0.0,0.0,0.0,0,0,0,NONE,NONE,False,,,6
5468,700.0,2700.0,0.0,0.085,0.0,0.0,0.0,0,0,0,NONE,NONE,False,,,5
5469,750.0,2700.0,0.0,0.085,0.0,0.0,0.0,0,0,0,NONE,NONE,False,,,6
5470,800.0,2700.0,0.0,0.085,0.0,0.0,0.0,0,0,0,NONE,NONE,False,,,6
5471,850.0,2700.0,0.0,0.085,0.0,0.0,0.0,0,0,0,NONE,NONE,False,,,4
5472,900.0,2700.0,0.0,0.085,0.0,0.0,0.0,0,0,0,NONE,NONE,False,,,5
5473,950.0,2700.0,0.0,0.085,0.0,0.0,0.0,0,0,0,NONE,NONE,False,,,5
5474,1000.0,2700.0,0.0,0.085,0.0,0.0,0.0,0,0,0,NONE,NONE,False,,,6
5475,1050.0,2700.0,0.0,0.085,0.0,0.0,0.0,0,0,0,NONE,NONE,False,,,6
5476,1100.0,2700.0,0.0,0.085,0.0,0.0,0.0,0,0,0,NONE,NONE,False,,,6
5477,1150.0,2700.0,0.0,0.085,0.0,0.0,0.0,0,0,0,NONE,NONE,False,,,7
5478,1200.0,2700.0,0.0,0.085,0.0,0.0,0.0,0,0,0,NONE,NONE,False,,,9
5479,1250.0,2700.0,0.0,0.085,0.0,0.0,0.0,0,0,0,NONE,NONE,False,,,10
5480,1300.0,2700.0,0.0,0.085,0.0,0.0,0.0,0,0,0,NONE,NONE,False,,,9
5481,1350.0,2700.0,0.0,0.085,0.0,0.0,0.0,0,0,0,NONE,NONE,False,,,9
5482,1400.0,2700.0,0.0,0.085,0.0,0.0,0.0,0,0,0,NONE,NONE,False,,,9
5483,1450.0,2700.0,0.0,0.085,0.0,0.0,0.0,0,0,0,NONE,NONE,False,,,17
5484,1500.0,2700.0,0.0,0.085,0.0,0.0,0.0,0,0,0,NONE,NONE,False,,,17
5485,1550.0,2700.0,0.0,0.085,0.0,0.0,0.0,0,0,0,NONE,NONE,False,,,17
5486,1600.0,2700.0,0.0,0.085,0.0,0.0,0.0,0,0,0,NONE,NONE,False,,,7
5487,1650.0,2700.0,0.0,0.085,0.0,0.0,0.0,0,0,0,NONE,NONE,False,,,6
5488,1700.0,2700.0,0.0,0.085,0.0,0.0,0.0,0,0,0,NONE,NONE,False,,,6
5489,1750.0,2700.0,0.0,0.085,0.0,0.0,0.0,0,0,0,NONE,NONE,False,,,6
5490,1800.0,2700.0,0.0,0.085,0.0,0.0,0.0,0,0,0,NONE,NONE,False,,,6
5491,1850.0,2700.0,0.0,0.085,0.0,0.0,0.0,0,0,0,NONE,NONE,False,,,4
5492,1900.0,2700.0,0.0,0.085,0.0,0.0,0.0,0,0,0,NONE,NONE,False,,,2
5493,1950.0,2700.0,0.0,10.0,1.0,0.0,1.0,1,0,0,NONE,NONE,False,,,0
5494,2000.0,2700.0,0.0,10.0,1.0,0.0,1.0,1,0,0,NONE,NONE,False,,,0
5495,2050.0,2700.0,0.0,10.0,1.0,0.0,1.0,1,0,0,NONE,NONE,False,,,0
5496,2100.0,2700.0,0.0,10.0,1.0,0.0,1.0,1,0,0,NONE,NONE,False,,,0
5497,2150.0,2700.0,0.0,0.085,0.0,0.0,0.0,0,0,0,NONE,NONE,False,,,0
5498,2200.0,2700.0,0.0,0.085,0.0,0.0,0.0,0,0,0,NONE,NONE,False,,,0
5499,2250.0,2700.0,0.0,0.085,0.0,0.0,0.0,0,0,0,NONE,NONE,False,,,0
5500,2300.0,2700.0,0.0,0.085,0.0,0.0,0.0,0,0,0,NONE,NONE,False,,,0
5501,2350.0,2700.0,0.0,0.085,0.0,0.0,0.0,0,0,0,NONE,NONE,False,,,0
5502,2400.0,2700.0,0.0,10.0,1.0,0.0,1.0,1,0,0,NONE,NONE,False,,,0
5503,2450.0,2700.0,0.0,10.0,1.0,0.0,1.0,1,0,0,NONE,NONE,False,,,0
5504,2500.0,2700.0,0.0,10.0,1.0,0.0,1.0,1,0,0,NONE,NONE,False,,,0
5505,2550.0,2700.0,0.0,0.085,0.0,0.0,0.0,0,0,0,NONE,NONE,False,,,1
5506,2600.0,2700.0,0.0,0.085,0.0,0.0,0.0,0,0,0,NONE,NONE,False,,,1
5507,2650.0,2700.0,0.0,0.085,0.0,0.0,0.0,0,0,0,NONE,NONE,False,,,2
5508,2700.0,2700.0,0.0,0.085,0.0,0.0,0.0,0,0,0,NONE,NONE,False,,,2
5509,2750.0,2700.0,0.0,0.085,0.0,0.0,0.0,0,0,0,NONE,NONE,False,,,4
5510,2800.0,2700.0,0.0,0.085,0.0,0.0,0.0,0,0,0,NONE,NONE,False,,,5
5511,2850.0,2700.0,0.0,0.085,0.0,0.0,0.0,0,0,0,NONE,NONE,False,,,4
5512,2900.0,2700.0,0.0,0.085,0.0,0.0,0.0,0,0,0,NONE,NONE,False,,,4
5513,2950.0,2700.0,0.0,0.085,0.0,0.0,0.0,0,0,0,NONE,NONE,False,,,5
5514,3000.0,2700.0,0.0,0.085,0.0,0.0,0.0,0,0,0,NONE,NONE,False,,,5
5515,3050.0,2700.0,0.0,0.085,0.0,0.0,0.0,0,0,0,NONE,NONE,False,,,6
5516,3100.0,2700.0,0.0,0.085,0.0,0.0,0.0,0,0,0,NONE,NONE,False,,,6
5517,3150.0,2700.0,0.0,0.085,0.0,0.0,0.0,0,0,0,NONE,NONE,False,,,5
5518,3200.0,2700.0,0.0,0.085,0.0,0.0,0.0,0,0,0,NONE,NONE,False,,,6
5519,3250.0,2700.0,0.0,0.085,0.0,0.0,0.0,0,0,0,NONE,NONE,False,,,7
5520,3300.0,2700.0,0.0,0.085,0.0,0.0,0.0,0,0,0,NONE,NONE,False,,,6
5521,3350.0,2700.0,0.0,0.085,0.0,0.0,0.0,0,0,0,NONE,NONE,False,,,5
5522,3400.0,2700.0,0.0,0.085,0.0,0.0,0.0,0,0,0,NONE,NONE,False,,,6
5523,3450.0,2700.0,0.0,0.085,0.0,0.0,0.0,0,0,0,NONE,NONE,False,,,5
5524,3500.0,2700.0,0.0,0.085,0.0,0.0,0.0,0,0,0,NONE,NONE,False,,,4
5525,3550.0,2700.0,0.0,0.085,0.0,0.0,0.0,0,0,0,NONE,NONE,False,,,4
5526,3600.0,2700.0,0.0,0.085,0.0,0.0,0.0,0,0,0,NONE,NONE,False,,,3
5527,3650.0,2700.0,0.0,0.085,0.0,0.0,0.0,0,0,0,NONE,NONE,False,,,3
5528,3700.0,2700.0,0.0,0.085,0.0,0.0,0.0,0,0,0,NONE,NONE,False,,,4
5529,3750.0,2700.0,0.0,0.085,0.0,0.0,0.0,0,0,0,NONE,NONE,False,,,3
5530,3800.0,2700.0,0.0,0.085,0.0,0.0,0.0,0,0,0,NONE,NONE,False,,,3
5531,3850.0,2700.0,0.0,0.085,0.0,0.0,0.0,0,0,0,NONE,NONE,False,,,3
5532,3900.0,2700.0,0.0,0.085,0.0,0.0,0.0,0,0,0,NONE,NONE,False,,,2
5533,3950.0,2700.0,0.0,0.085,0.0,0.0,0.0,0,0,0,NONE,NONE,False,,,1
5534,4000.0,2700.0,0.0,10.0,1.0,0.0,1.0,1,0,0,NONE,NONE,False,,,0
5535,4050.0,2700.0,0.0,10.0,1.0,0.0,1.0,1,0,0,NONE,NONE,False,,,0
5536,4100.0,2700.0,0.0,10.0,1.0,0.0,1.0,1,0,0,NONE,NONE,False,,,0
5537,4150.0,2700.0,0.0,10.0,1.0,0.0,1.0,1,0,0,NONE,NONE,False,,,0
5538,4200.0,2700.0,0.0,10.0,1.0,0.0,1.0,1,0,0,NONE,NONE,False,,,0
5539,4250.0,2700.0,0.0,10.0,1.0,0.0,1.0,1,0,0,NONE,NONE,False,,,0
5540,4300.0,2700.0,0.0,0.085,0.0,0.0,0.0,0,0,0,NONE,NONE,False,,,2
5541,4350.0,2700.0,0.0,0.085,0.0,0.0,0.0,0,0,0,NONE,NONE,False,,,2
5542,4400.0,2700.0,0.0,0.085,0.0,0.0,0.0,0,0,0,NONE,NONE,False,,,3
5543,4450.0,2700.0,0.0,0.085,0.0,0.0,0.0,0,0,0,NONE,NONE,False,,,4
5544,4500.0,2700.0,0.0,0.085,0.0,0.0,0.0,0,0,0,NONE,NONE,False,,,5
5545,4550.0,2700.0,0.0,0.085,0.0,0.0,0.0,0,0,0,NONE,NONE,False,,,5
5546,4600.0,2700.0,0.0,0.085,0.0,0.0,0.0,0,0,0,NONE,NONE,False,,,5
5547,4650.0,2700.0,0.0,0.085,0.0,0.0,0.0,0,0,0,NONE,NONE,False,,,6
5548,4700.0,2700.0,0.0,0.085,0.0,0.0,0.0,0,0,0,NONE,NONE,False,,,4
5549,4750.0,2700.0,0.0,0.085,0.0,0.0,0.0,0,0,0,NONE,NONE,False,,,4
5550,4800.0,2700.0,0.0,0.085,0.0,0.0,0.0,0,0,0,NONE,NONE,False,,,4
5551,4850.0,2700.0,0.0,0.085,0.0,0.0,0.0,0,0,0,NONE,NONE,False,,,5
5552,4900.0,2700.0,0.0,0.085,0.0,0.0,0.0,0,0,0,NONE,NONE,False,,,5
5553,4950.0,2700.0,0.0,0.085,0.0,0.0,0.0,0,0,0,NONE,NONE,False,,,3
5554,5000.0,2700.0,0.0,0.085,0.0,0.0,0.0,0,0,0,NONE,NONE,False,,,2
5555,0.0,2750.0,0.0,0.085,0.0,0.0,0.0,0,0,0,NONE,NONE,False,,,2
5556,50.0,2750.0,0.0,0.085,0.0,0.0,0.0,0,0,0,NONE,NONE,False,,,3
5557,100.0,2750.0,0.0,0.085,0.0,0.0,0.0,0,0,0,NONE,NONE,False,,,3
5558,150.0,2750.0,0.0,0.085,0.0,0.0,0.0,0,0,0,NONE,NONE,False,,,5
5559,200.0,2750.0,0.0,0.085,0.0,0.0,0.0,0,0,0,NONE,NONE,False,,,5
5560,250.0,2750.0,0.0,0.085,0.0,0.0,0.0,0,0,0,NONE,NONE,False,,,5
5561,300.0,2750.0,0.0,0.085,0.0,0.0,0.0,0,0,0,NONE,NONE,False,,,5
5562,350.0,2750.0,0.0,0.085,0.0,0.0,0.0,0,0,0,NONE,NONE,False,,,6
5563,400.0,2750.0,0.0,0.085,0.0,0.0,0.0,0,0,0,NONE,NONE,False,,,7
5564,450.0,2750.0,0.0,0.085,0.0,0.0,0.0,0,0,0,NONE,NONE,False,,,7
5565,500.0,2750.0,0.0,0.085,0.0,0.0,0.0,0,0,0,NONE,NONE,False,,,6
5566,550.0,2750.0,0.0,0.085,0.0,0.0,0.0,0,0,0,NONE,NONE,False,,,5
5567,600.0,2750.0,0.0,0.085,0.0,0.0,0.0,0,0,0,NONE,NONE,False,,,6
5568,650.0,2750.0,0.0,0.085,0.0,0.0,0.0,0,0,0,NONE,NONE,False,,,6
5569,700.0,2750.0,0.0,0.085,0.0,0.0,0.0,0,0,0,NONE,NONE,False,,,6
5570,750.0,2750.0,0.0,0.085,0.0,0.0,0.0,0,0,0,NONE,NONE,False,,,7
5571,800.0,2750.0,0.0,0.085,0.0,0.0,0.0,0,0,0,NONE,NONE,False,,,6
5572,850.0,2750.0,0.0,0.085,0.0,0.0,0.0,0,0,0,NONE,NONE,False,,,6
5573,900.0,2750.0,0.0,0.085,0.0,0.0,0.0,0,0,0,NONE,NONE,False,,,6
5574,950.0,2750.0,0.0,0.085,0.0,0.0,0.0,0,0,0,NONE,NONE,False,,,4
5575,1000.0,2750.0,0.0,0.085,0.0,0.0,0.0,0,0,0,NONE,NONE,False,,,6
5576,1050.0,2750.0,0.0,0.085,0.0,0.0,0.0,0,0,0,NONE,NONE,False,,,5
5577,1100.0,2750.0,0.0,0.085,0.0,0.0,0.0,0,0,0,NONE,NONE,False,,,5
5578,1150.0,2750.0,0.0,0.085,0.0,0.0,0.0,0,0,0,NONE,NONE,False,,,7
5579,1200.0,2750.0,0.0,0.085,0.0,0.0,0.0,0,0,0,NONE,NONE,False,,,7
5580,1250.0,2750.0,0.0,0.085,0.0,0.0,0.0,0,0,0,NONE,NONE,False,,,8
5581,1300.0,2750.0,0.0,0.085,0.0,0.0,0.0,0,0,0,NONE,NONE,False,,,10
5582,1350.0,2750.0,0.0,0.085,0.0,0.0,0.0,0,0,0,NONE,NONE,False,,,10
5583,1400.0,2750.0,0.0,0.085,0.0,0.0,0.0,0,0,0,NONE,NONE,False,,,17
5584,1450.0,2750.0,0.0,0.085,0.0,0.0,0.0,0,0,0,NONE,NONE,False,,,17
5585,1500.0,2750.0,0.0,0.085,0.0,0.0,0.0,0,0,0,NONE,NONE,False,,,17
5586,1550.0,2750.0,0.0,0.085,0.0,0.0,0.0,0,0,0,NONE,NONE,False,,,17
5587,1600.0,2750.0,0.0,0.085,0.0,0.0,0.0,0,0,0,NONE,NONE,False,,,18
5588,1650.0,2750.0,0.0,0.085,0.0,0.0,0.0,0,0,0,NONE,NONE,False,,,6
5589,1700.0,2750.0,0.0,0.085,0.0,0.0,0.0,0,0,0,NONE,NONE,False,,,6
5590,1750.0,2750.0,0.0,0.085,0.0,0.0,0.0,0,0,0,NONE,NONE,False,,,6
5591,1800.0,2750.0,0.0,0.085,0.0,0.0,0.0,0,0,0,NONE,NONE,False,,,4
5592,1850.0,2750.0,0.0,10.0,1.0,0.0,1.0,1,0,0,NONE,NONE,False,,,0
5593,1900.0,2750.0,0.0,10.0,1.0,0.0,1.0,1,0,0,NONE,NONE,False,,,0
5594,1950.0,2750.0,0.0,10.0,1.0,0.0,1.0,1,0,0,NONE,NONE,False,,,0
5595,2000.0,2750.0,0.0,10.0,1.0,0.0,1.0,1,0,0,NONE,NONE,False,,,0
5596,2050.0,2750.0,0.0,10.0,1.0,0.0,1.0,1,0,0,NONE,NONE,False,,,0
5597,2100.0,2750.0,0.0,10.0,1.0,0.0,1.0,1,0,0,NONE,NONE,False,,,0
5598,2150.0,2750.0,0.0,10.0,1.0,0.0,1.0,1,0,0,NONE,NONE,False,,,0
5599,2200.0,2750.0,0.0,0.085,0.0,0.0,0.0,0,0,0,NONE,NONE,False,,,0
5600,2250.0,2750.0,0.0,0.085,0.0,0.0,0.0,0,0,0,NONE,NONE,False,,,0
5601,2300.0,2750.0,0.0,0.085,0.0,0.0,0.0,0,0,0,NONE,NONE,False,,,0
5602,2350.0,2750.0,0.0,0.085,0.0,0.0,0.0,0,0,0,NONE,NONE,False,,,0
5603,2400.0,2750.0,0.0,0.085,0.0,0.0,0.0,0,0,0,NONE,NONE,False,,,0
5604,2450.0,2750.0,0.0,10.0,1.0,0.0,1.0,1,0,0,NONE,NONE,False,,,0
5605,2500.0,2750.0,0.0,0.085,0.0,0.0,0.0,0,0,0,NONE,NONE,False,,,1
5606,2550.0,2750.0,0.0,0.085,0.0,0.0,0.0,0,0,0,NONE,NONE,False,,,1
5607,2600.0,2750.0,0.0,0.085,0.0,0.0,0.0,0,0,0,NONE,NONE,False,,,2
5608,2650.0,2750.0,0.0,0.085,0.0,0.0,0.0,0,0,0,NONE,NONE,False,,,2
5609,2700.0,2750.0,0.0,0.085,0.0,0.0,0.0,0,0,0,NONE,NONE,False,,,4
5610,2750.0,2750.0,0.0,0.085,0.0,0.0,0.0,0,0,0,NONE,NONE,False,,,5
5611,2800.0,2750.0,0.0,0.085,0.0,0.0,0.0,0,0,0,NONE,NONE,False,,,4
5612,2850.0,2750.0,0.0,0.085,0.0,0.0,0.0,0,0,0,NONE,NONE,False,,,4
5613,2900.0,2750.0,0.0,0.085,0.0,0.0,0.0,0,0,0,NONE,NONE,False,,,5
5614,2950.0,2750.0,0.0,0.085,0.0,0.0,0.0,0,0,0,NONE,NONE,False,,,5
5615,3000.0,2750.0,0.0,0.085,0.0,0.0,0.0,0,0,0,NONE,NONE,False,,,6
5616,3050.0,2750.0,0.0,0.085,0.0,0.0,0.0,0,0,0,NONE,NONE,False,,,6
5617,3100.0,2750.0,0.0,0.085,0.0,0.0,0.0,0,0,0,NONE,NONE,False,,,6
5618,3150.0,2750.0,0.0,0.085,0.0,0.0,0.0,0,0,0,NONE,NONE,False,,,6
5619,3200.0,2750.0,0.0,0.085,0.0,0.0,0.0,0,0,0,NONE,NONE,True,major,TN14,8
5620,3250.0,2750.0,0.0,0.085,0.0,0.0,0.0,0,0,0,NONE,NONE,False,,,8
5621,3300.0,2750.0,0.0,0.085,0.0,0.0,0.0,0,0,0,NONE,NONE,False,,,6
5622,3350.0,2750.0,0.0,0.085,0.0,0.0,0.0,0,0,0,NONE,NONE,False,,,6
5623,3400.0,2750.0,0.0,0.085,0.0,0.0,0.0,0,0,0,NONE,NONE,False,,,4
5624,3450.0,2750.0,0.0,0.085,0.0,0.0,0.0,0,0,0,NONE,NONE,False,,,4
5625,3500.0,2750.0,0.0,0.085,0.0,0.0,0.0,0,0,0,NONE,NONE,False,,,4
5626,3550.0,2750.0,0.0,0.085,0.0,0.0,0.0,0,0,0,NONE,NONE,False,,,3
5627,3600.0,2750.0,0.0,0.085,0.0,0.0,0.0,0,0,0,NONE,NONE,False,,,3
5628,3650.0,2750.0,0.0,0.085,0.0,0.0,0.0,0,0,0,NONE,NONE,False,,,4
5629,3700.0,2750.0,0.0,0.085,0.0,0.0,0.0,0,0,0,NONE,NONE,False,,,3
5630,3750.0,2750.0,0.0,0.085,0.0,0.0,0.0,0,0,0,NONE,NONE,False,,,3
5631,3800.0,2750.0,0.0,0.085,0.0,0.0,0.0,0,0,0,NONE,NONE,False,,,3
5632,3850.0,2750.0,0.0,0.085,0.0,0.0,0.0,0,0,0,NONE,NONE,False,,,2
5633,3900.0,2750.0,0.0,0.085,0.0,0.0,0.0,0,0,0,NONE,NONE,False,,,2
5634,3950.0,2750.0,0.0,0.085,0.0,0.0,0.0,0,0,0,NONE,NONE,False,,,1
5635,4000.0,2750.0,0.0,10.0,1.0,0.0,1.0,1,0,0,NONE,NONE,False,,,0
5636,4050.0,2750.0,0.0,10.0,1.0,0.0,1.0,1,0,0,NONE,NONE,False,,,0
5637,4100.0,2750.0,0.0,10.0,1.0,0.0,1.0,1,0,0,NONE,NONE,False,,,0
5638,4150.0,2750.0,0.0,10.0,1.0,0.0,1.0,1,0,0,NONE,NONE,False,,,0
5639,4200.0,2750.0,0.0,10.0,1.0,0.0,1.0,1,0,0,NONE,NONE,False,,,0
5640,4250.0,2750.0,0.0,10.0,1.0,0.0,1.0,1,0,0,NONE,NONE,False,,,0
5641,4300.0,2750.0,0.0,0.085,0.0,0.0,0.0,0,0,0,NONE,NONE,False,,,1
5642,4350.0,2750.0,0.0,0.085,0.0,0.0,0.0,0,0,0,NONE,NONE,False,,,3
5643,4400.0,2750.0,0.0,0.085,0.0,0.0,0.0,0,0,0,NONE,NONE,False,,,4
5644,4450.0,2750.0,0.0,0.085,0.0,0.0,0.0,0,0,0,NONE,NONE,False,,,4
5645,4500.0,2750.0,0.0,0.085,0.0,0.0,0.0,0,0,0,NONE,NONE,False,,,5
5646,4550.0,2750.0,0.0,0.085,0.0,0.0,0.0,0,0,0,NONE,NONE,False,,,5
5647,4600.0,2750.0,0.0,0.085,0.0,0.0,0.0,0,0,0,NONE,NONE,False,,,5
5648,4650.0,2750.0,0.0,0.085,0.0,0.0,0.0,0,0,0,NONE,NONE,False,,,5
5649,4700.0,2750.0,0.0,0.085,0.0,0.0,0.0,0,0,0,NONE,NONE,False,,,4
5650,4750.0,2750.0,0.0,0.085,0.0,0.0,0.0,0,0,0,NONE,NONE,False,,,5
5651,4800.0,2750.0,0.0,0.085,0.0,0.0,0.0,0,0,0,NONE,NONE,False,,,5
5652,4850.0,2750.0,0.0,0.085,0.0,0.0,0.0,0,0,0,NONE,NONE,False,,,5
5653,4900.0,2750.0,0.0,0.085,0.0,0.0,0.0,0,0,0,NONE,NONE,False,,,4
5654,4950.0,2750.0,0.0,0.085,0.0,0.0,0.0,0,0,0,NONE,NONE,False,,,3
5655,5000.0,2750.0,0.0,0.085,0.0,0.0,0.0,0,0,0,NONE,NONE,False,,,2
5656,0.0,2800.0,0.0,0.085,0.0,0.0,0.0,0,0,0,NONE,NONE,False,,,3
5657,50.0,2800.0,0.0,0.085,0.0,0.0,0.0,0,0,0,NONE,NONE,False,,,3
5658,100.0,2800.0,0.0,0.085,0.0,0.0,0.0,0,0,0,NONE,NONE,False,,,3
5659,150.0,2800.0,0.0,0.085,0.0,0.0,0.0,0,0,0,NONE,NONE,False,,,4
5660,200.0,2800.0,0.0,0.085,0.0,0.0,0.0,0,0,0,NONE,NONE,False,,,5
5661,250.0,2800.0,0.0,0.085,0.0,0.0,0.0,0,0,0,NONE,NONE,False,,,6
5662,300.0,2800.0,0.0,0.085,0.0,0.0,0.0,0,0,0,NONE,NONE,False,,,5
5663,350.0,2800.0,0.0,0.085,0.0,0.0,0.0,0,0,0,NONE,NONE,False,,,6
5664,400.0,2800.0,0.0,0.085,0.0,0.0,0.0,0,0,0,NONE,NONE,False,,,7
5665,450.0,2800.0,0.0,0.085,0.0,0.0,0.0,0,0,0,NONE,NONE,True,major,TN15,8
5666,500.0,2800.0,0.0,0.085,0.0,0.0,0.0,0,0,0,NONE,NONE,False,,,6
5667,550.0,2800.0,0.0,0.085,0.0,0.0,0.0,0,0,0,NONE,NONE,False,,,6
5668,600.0,2800.0,0.0,0.085,0.0,0.0,0.0,0,0,0,NONE,NONE,False,,,6
5669,650.0,2800.0,0.0,0.085,0.0,0.0,0.0,0,0,0,NONE,NONE,False,,,6
5670,700.0,2800.0,0.0,0.085,0.0,0.0,0.0,0,0,0,NONE,NONE,False,,,7
5671,750.0,2800.0,0.0,0.085,0.0,0.0,0.0,0,0,0,NONE,NONE,False,,,5
5672,800.0,2800.0,0.0,0.085,0.0,0.0,0.0,0,0,0,NONE,NONE,False,,,7
5673,850.0,2800.0,0.0,0.085,0.0,0.0,0.0,0,0,0,NONE,NONE,False,,,6
5674,900.0,2800.0,0.0,0.085,0.0,0.0,0.0,0,0,0,NONE,NONE,False,,,6
5675,950.0,2800.0,0.0,0.085,0.0,0.0,0.0,0,0,0,NONE,NONE,False,,,6
5676,1000.0,2800.0,0.0,0.085,0.0,0.0,0.0,0,0,0,NONE,NONE,False,,,5
5677,1050.0,2800.0,0.0,0.085,0.0,0.0,0.0,0,0,0,NONE,NONE,False,,,5
5678,1100.0,2800.0,0.0,0.085,0.0,0.0,0.0,0,0,0,NONE,NONE,False,,,8
5679,1150.0,2800.0,0.0,0.085,0.0,0.0,0.0,0,0,0,NONE,NONE,False,,,7
5680,1200.0,2800.0,0.0,0.085,0.0,0.0,0.0,0,0,0,NONE,NONE,False,,,7
5681,1250.0,2800.0,0.0,0.085,0.0,0.0,0.0,0,0,0,NONE,NONE,False,,,9
5682,1300.0,2800.0,0.0,0.085,0.0,0.0,0.0,0,0,0,NONE,NONE,False,,,10
5683,1350.0,2800.0,0.0,0.085,0.0,0.0,0.0,0,0,0,NONE,NONE,False,,,12
5684,1400.0,2800.0,0.0,0.085,0.0,0.0,0.0,0,0,0,NONE,NONE,False,,,17
5685,1450.0,2800.0,0.0,0.085,0.0,0.0,0.0,0,0,0,NONE,NONE,False,,,17
5686,1500.0,2800.0,0.0,0.085,0.0,0.0,0.0,0,0,1,DK04,DK,False,,,17
5687,1550.0,2800.0,0.0,0.085,0.0,0.0,0.0,0,0,0,NONE,NONE,False,,,17
5688,1600.0,2800.0,0.0,0.085,0.0,0.0,0.0,0,0,0,NONE,NONE,False,,,18
5689,1650.0,2800.0,0.0,0.085,0.0,0.0,0.0,0,0,0,NONE,NONE,False,,,6
5690,1700.0,2800.0,0.0,0.085,0.0,0.0,0.0,0,0,0,NONE,NONE,False,,,6
5691,1750.0,2800.0,0.0,0.085,0.0,0.0,0.0,0,0,0,NONE,NONE,False,,,4
5692,1800.0,2800.0,0.0,10.0,1.0,0.0,1.0,1,0,0,NONE,NONE,False,,,0
5693,1850.0,2800.0,0.0,10.0,1.0,0.0,1.0,1,0,0,NONE,NONE,False,,,0
5694,1900.0,2800.0,0.0,10.0,1.0,0.0,1.0,1,0,0,NONE,NONE,False,,,0
5695,1950.0,2800.0,0.0,10.0,1.0,0.0,1.0,1,0,0,NONE,NONE,False,,,0
5696,2000.0,2800.0,0.0,10.0,1.0,0.0,1.0,1,0,0,NONE,NONE,False,,,0
5697,2050.0,2800.0,0.0,10.0,1.0,0.0,1.0,1,0,0,NONE,NONE,False,,,0
5698,2100.0,2800.0,0.0,10.0,1.0,0.0,1.0,1,0,0,NONE,NONE,False,,,0
5699,2150.0,2800.0,0.0,10.0,1.0,0.0,1.0,1,0,0,NONE,NONE,False,,,0
5700,2200.0,2800.0,0.0,10.0,1.0,0.0,1.0,1,0,0,NONE,NONE,False,,,0
5701,2250.0,2800.0,0.0,0.085,0.0,0.0,0.0,0,0,0,NONE,NONE,False,,,0
5702,2300.0,2800.0,0.0,0.085,0.0,0.0,0.0,0,0,0,NONE,NONE,False,,,0
5703,2350.0,2800.0,0.0,0.085,0.0,0.0,0.0,0,0,0,NONE,NONE,False,,,0
5704,2400.0,2800.0,0.0,0.085,0.0,0.0,0.0,0,0,0,NONE,NONE,False,,,1
5705,2450.0,2800.0,0.0,0.085,0.0,0.0,0.0,0,0,0,NONE,NONE,False,,,1
5706,2500.0,2800.0,0.0,0.085,0.0,0.0,0.0,0,0,0,NONE,NONE,False,,,1
5707,2550.0,2800.0,0.0,0.085,0.0,0.0,0.0,0,0,0,NONE,NONE,False,,,2
5708,2600.0,2800.0,0.0,0.085,0.0,0.0,0.0,0,0,0,NONE,NONE,False,,,2
5709,2650.0,2800.0,0.0,0.085,0.0,0.0,0.0,0,0,0,NONE,NONE,False,,,4
5710,2700.0,2800.0,0.0,0.085,0.0,0.0,0.0,0,0,0,NONE,NONE,False,,,5
5711,2750.0,2800.0,0.0,0.085,0.0,0.0,0.0,0,0,0,NONE,NONE,False,,,4
5712,2800.0,2800.0,0.0,0.085,0.0,0.0,0.0,0,0,0,NONE,NONE,False,,,4
5713,2850.0,2800.0,0.0,0.085,0.0,0.0,0.0,0,0,0,NONE,NONE,False,,,5
5714,2900.0,2800.0,0.0,0.085,0.0,0.0,0.0,0,0,0,NONE,NONE,False,,,5
5715,2950.0,2800.0,0.0,0.085,0.0,0.0,0.0,0,0,0,NONE,NONE,False,,,6
5716,3000.0,2800.0,0.0,0.085,0.0,0.0,0.0,0,0,0,NONE,NONE,False,,,6
5717,3050.0,2800.0,0.0,0.085,0.0,0.0,0.0,0,0,0,NONE,NONE,False,,,6
5718,3100.0,2800.0,0.0,0.085,0.0,0.0,0.0,0,0,0,NONE,NONE,False,,,6
5719,3150.0,2800.0,0.0,0.085,0.0,0.0,0.0,0,0,0,NONE,NONE,False,,,8
5720,3200.0,2800.0,0.0,0.085,0.0,0.0,0.0,0,0,0,NONE,NONE,False,,,7
5721,3250.0,2800.0,0.0,0.085,0.0,0.0,0.0,0,0,0,NONE,NONE,False,,,6
5722,3300.0,2800.0,0.0,0.085,0.0,0.0,0.0,0,0,0,NONE,NONE,False,,,6
5723,3350.0,2800.0,0.0,0.085,0.0,0.0,0.0,0,0,0,NONE,NONE,False,,,5
5724,3400.0,2800.0,0.0,0.085,0.0,0.0,0.0,0,0,0,NONE,NONE,False,,,5
5725,3450.0,2800.0,0.0,0.085,0.0,0.0,0.0,0,0,0,NONE,NONE,False,,,5
5726,3500.0,2800.0,0.0,0.085,0.0,0.0,0.0,0,0,0,NONE,NONE,False,,,4
5727,3550.0,2800.0,0.0,0.085,0.0,0.0,0.0,0,0,0,NONE,NONE,False,,,4
5728,3600.0,2800.0,0.0,0.085,0.0,0.0,0.0,0,0,0,NONE,NONE,False,,,4
5729,3650.0,2800.0,0.0,0.085,0.0,0.0,0.0,0,0,0,NONE,NONE,False,,,3
5730,3700.0,2800.0,0.0,0.085,0.0,0.0,0.0,0,0,0,NONE,NONE,False,,,3
5731,3750.0,2800.0,0.0,0.085,0.0,0.0,0.0,0,0,0,NONE,NONE,False,,,3
5732,3800.0,2800.0,0.0,0.085,0.0,0.0,0.0,0,0,0,NONE,NONE,False,,,2
5733,3850.0,2800.0,0.0,0.085,0.0,0.0,0.0,0,0,0,NONE,NONE,False,,,2
5734,3900.0,2800.0,0.0,0.085,0.0,0.0,0.0,0,0,0,NONE,NONE,False,,,2
5735,3950.0,2800.0,0.0,10.0,1.0,0.0,1.0,1,0,0,NONE,NONE,False,,,0
5736,4000.0,2800.0,0.0,10.0,1.0,0.0,1.0,1,0,0,NONE,NONE,False,,,0
5737,4050.0,2800.0,0.0,10.0,1.0,0.0,1.0,1,0,0,NONE,NONE,False,,,0
5738,4100.0,2800.0,0.0,10.0,1.0,0.0,1.0,1,0,0,NONE,NONE,False,,,0
5739,4150.0,2800.0,0.0,10.0,1.0,0.0,1.0,1,0,0,NONE,NONE,False,,,0
5740,4200.0,2800.0,0.0,10.0,1.0,0.0,1.0,1,0,0,NONE,NONE,False,,,0
5741,4250.0,2800.0,0.0,10.0,1.0,0.0,1.0,1,0,0,NONE,NONE,False,,,0
5742,4300.0,2800.0,0.0,10.0,1.0,0.0,1.0,1,0,0,NONE,NONE,False,,,0
5743,4350.0,2800.0,0.0,0.085,0.0,0.0,0.0,0,0,0,NONE,NONE,False,,,2
5744,4400.0,2800.0,0.0,0.085,0.0,0.0,0.0,0,0,0,NONE,NONE,False,,,4
5745,4450.0,2800.0,0.0,0.085,0.0,0.0,0.0,0,0,0,NONE,NONE,False,,,4
5746,4500.0,2800.0,0.0,0.085,0.0,0.0,0.0,0,0,0,NONE,NONE,False,,,5
5747,4550.0,2800.0,0.0,0.085,0.0,0.0,0.0,0,0,0,NONE,NONE,False,,,5
5748,4600.0,2800.0,0.0,0.085,0.0,0.0,0.0,0,0,0,NONE,NONE,False,,,6
5749,4650.0,2800.0,0.0,0.085,0.0,0.0,0.0,0,0,0,NONE,NONE,False,,,5
5750,4700.0,2800.0,0.0,0.085,0.0,0.0,0.0,0,0,0,NONE,NONE,False,,,5
5751,4750.0,2800.0,0.0,0.085,0.0,0.0,0.0,0,0,0,NONE,NONE,False,,,5
5752,4800.0,2800.0,0.0,0.085,0.0,0.0,0.0,0,0,0,NONE,NONE,False,,,6
5753,4850.0,2800.0,0.0,0.085,0.0,0.0,0.0,0,0,0,NONE,NONE,False,,,5
5754,4900.0,2800.0,0.0,0.085,0.0,0.0,0.0,0,0,0,NONE,NONE,False,,,4
5755,4950.0,2800.0,0.0,0.085,0.0,0.0,0.0,0,0,0,NONE,NONE,False,,,4
5756,5000.0,2800.0,0.0,0.085,0.0,0.0,0.0,0,0,0,NONE,NONE,False,,,3
5757,0.0,2850.0,0.0,0.085,0.0,0.0,0.0,0,0,0,NONE,NONE,False,,,3
5758,50.0,2850.0,0.0,0.085,0.0,0.0,0.0,0,0,0,NONE,NONE,False,,,3
5759,100.0,2850.0,0.0,0.085,0.0,0.0,0.0,0,0,0,NONE,NONE,False,,,4
5760,150.0,2850.0,0.0,0.085,0.0,0.0,0.0,0,0,0,NONE,NONE,False,,,5
5761,200.0,2850.0,0.0,0.085,0.0,0.0,0.0,0,0,0,NONE,NONE,False,,,5
5762,250.0,2850.0,0.0,0.085,0.0,0.0,0.0,0,0,0,NONE,NONE,False,,,7
5763,300.0,2850.0,0.0,0.085,0.0,0.0,0.0,0,0,0,NONE,NONE,False,,,6
5764,350.0,2850.0,0.0,0.085,0.0,0.0,0.0,0,0,0,NONE,NONE,False,,,6
5765,400.0,2850.0,0.0,0.085,0.0,0.0,0.0,0,0,0,NONE,NONE,False,,,7
5766,450.0,2850.0,0.0,0.085,0.0,0.0,0.0,0,0,0,NONE,NONE,False,,,7
5767,500.0,2850.0,0.0,0.085,0.0,0.0,0.0,0,0,0,NONE,NONE,False,,,6
5768,550.0,2850.0,0.0,0.085,0.0,0.0,0.0,0,0,0,NONE,NONE,False,,,6
5769,600.0,2850.0,0.0,0.085,0.0,0.0,0.0,0,0,0,NONE,NONE,False,,,6
5770,650.0,2850.0,0.0,0.085,0.0,0.0,0.0,0,0,0,NONE,NONE,False,,,7
5771,700.0,2850.0,0.0,0.085,0.0,0.0,0.0,0,0,0,NONE,NONE,False,,,7
5772,750.0,2850.0,0.0,0.085,0.0,0.0,0.0,0,0,0,NONE,NONE,False,,,6
5773,800.0,2850.0,0.0,0.085,0.0,0.0,0.0,0,0,0,NONE,NONE,False,,,7
5774,850.0,2850.0,0.0,0.085,0.0,0.0,0.0,0,0,0,NONE,NONE,False,,,6
5775,900.0,2850.0,0.0,0.085,0.0,0.0,0.0,0,0,0,NONE,NONE,False,,,6
5776,950.0,2850.0,0.0,0.085,0.0,0.0,0.0,0,0,0,NONE,NONE,False,,,5
5777,1000.0,2850.0,0.0,0.085,0.0,0.0,0.0,0,0,0,NONE,NONE,False,,,5
5778,1050.0,2850.0,0.0,0.085,0.0,0.0,0.0,0,0,0,NONE,NONE,False,,,6
5779,1100.0,2850.0,0.0,0.085,0.0,0.0,0.0,0,0,0,NONE,NONE,False,,,6
5780,1150.0,2850.0,0.0,0.085,0.0,0.0,0.0,0,0,0,NONE,NONE,False,,,8
5781,1200.0,2850.0,0.0,0.085,0.0,0.0,0.0,0,0,0,NONE,NONE,False,,,8
5782,1250.0,2850.0,0.0,0.085,0.0,0.0,0.0,0,0,0,NONE,NONE,False,,,7
5783,1300.0,2850.0,0.0,0.085,0.0,0.0,0.0,0,0,0,NONE,NONE,False,,,7
5784,1350.0,2850.0,0.0,0.085,0.0,0.0,0.0,0,0,0,NONE,NONE,False,,,8
5785,1400.0,2850.0,0.0,0.085,0.0,0.0,0.0,0,0,0,NONE,NONE,False,,,17
5786,1450.0,2850.0,0.0,0.085,0.0,0.0,0.0,0,0,0,NONE,NONE,False,,,17
5787,1500.0,2850.0,0.0,0.085,0.0,0.0,0.0,0,0,0,NONE,NONE,False,,,16
5788,1550.0,2850.0,0.0,0.085,0.0,0.0,0.0,0,0,0,NONE,NONE,False,,,17
5789,1600.0,2850.0,0.0,0.085,0.0,0.0,0.0,0,0,0,NONE,NONE,False,,,17
5790,1650.0,2850.0,0.0,0.085,0.0,0.0,0.0,0,0,0,NONE,NONE,False,,,5
5791,1700.0,2850.0,0.0,0.085,0.0,0.0,0.0,0,0,0,NONE,NONE,False,,,4
5792,1750.0,2850.0,0.0,0.085,0.0,0.0,0.0,0,0,0,NONE,NONE,False,,,2
5793,1800.0,2850.0,0.0,10.0,1.0,0.0,1.0,1,0,0,NONE,NONE,False,,,0
5794,1850.0,2850.0,0.0,10.0,1.0,0.0,1.0,1,0,0,NONE,NONE,False,,,0
5795,1900.0,2850.0,0.0,10.0,1.0,0.0,1.0,1,0,0,NONE,NONE,False,,,0
5796,1950.0,2850.0,0.0,10.0,1.0,0.0,1.0,1,0,0,NONE,NONE,False,,,0
5797,2000.0,2850.0,0.0,10.0,1.0,0.0,1.0,1,0,0,NONE,NONE,False,,,0
5798,2050.0,2850.0,0.0,10.0,1.0,0.0,1.0,1,0,0,NONE,NONE,False,,,0
5799,2100.0,2850.0,0.0,10.0,1.0,0.0,1.0,1,0,0,NONE,NONE,False,,,0
5800,2150.0,2850.0,0.0,10.0,1.0,0.0,1.0,1,0,0,NONE,NONE,False,,,0
5801,2200.0,2850.0,0.0,10.0,1.0,0.0,1.0,1,0,0,NONE,NONE,False,,,0
5802,2250.0,2850.0,0.0,0.085,0.0,0.0,0.0,0,0,0,NONE,NONE,False,,,0
5803,2300.0,2850.0,0.0,0.085,0.0,0.0,0.0,0,0,0,NONE,NONE,False,,,0
5804,2350.0,2850.0,0.0,0.085,0.0,0.0,0.0,0,0,0,NONE,NONE,False,,,1
5805,2400.0,2850.0,0.0,0.085,0.0,0.0,0.0,0,0,0,NONE,NONE,False,,,1
5806,2450.0,2850.0,0.0,0.085,0.0,0.0,0.0,0,0,0,NONE,NONE,False,,,1
5807,2500.0,2850.0,0.0,0.085,0.0,0.0,0.0,0,0,0,NONE,NONE,False,,,2
5808,2550.0,2850.0,0.0,0.085,0.0,0.0,0.0,0,0,0,NONE,NONE,False,,,2
5809,2600.0,2850.0,0.0,0.085,0.0,0.0,0.0,0,0,0,NONE,NONE,False,,,4
5810,2650.0,2850.0,0.0,0.085,0.0,0.0,0.0,0,0,0,NONE,NONE,False,,,5
5811,2700.0,2850.0,0.0,0.085,0.0,0.0,0.0,0,0,0,NONE,NONE,False,,,4
5812,2750.0,2850.0,0.0,0.085,0.0,0.0,0.0,0,0,0,NONE,NONE,False,,,4
5813,2800.0,2850.0,0.0,0.085,0.0,0.0,0.0,0,0,0,NONE,NONE,False,,,5
5814,2850.0,2850.0,0.0,0.085,0.0,0.0,0.0,0,0,0,NONE,NONE,False,,,5
5815,2900.0,2850.0,0.0,0.085,0.0,0.0,0.0,0,0,0,NONE,NONE,False,,,6
5816,2950.0,2850.0,0.0,0.085,0.0,0.0,0.0,0,0,0,NONE,NONE,False,,,6
5817,3000.0,2850.0,0.0,0.085,0.0,0.0,0.0,0,0,0,NONE,NONE,False,,,6
5818,3050.0,2850.0,0.0,0.085,0.0,0.0,0.0,0,0,0,NONE,NONE,False,,,6
5819,3100.0,2850.0,0.0,0.085,0.0,0.0,0.0,0,0,0,NONE,NONE,False,,,8
5820,3150.0,2850.0,0.0,0.085,0.0,0.0,0.0,0,0,0,NONE,NONE,False,,,7
5821,3200.0,2850.0,0.0,0.085,0.0,0.0,0.0,0,0,0,NONE,NONE,False,,,6
5822,3250.0,2850.0,0.0,0.085,0.0,0.0,0.0,0,0,0,NONE,NONE,False,,,5
5823,3300.0,2850.0,0.0,0.085,0.0,0.0,0.0,0,0,0,NONE,NONE,False,,,4
5824,3350.0,2850.0,0.0,0.085,0.0,0.0,0.0,0,0,0,NONE,NONE,False,,,5
5825,3400.0,2850.0,0.0,0.085,0.0,0.0,0.0,0,0,0,NONE,NONE,False,,,5
5826,3450.0,2850.0,0.0,0.085,0.0,0.0,0.0,0,0,0,NONE,NONE,False,,,4
5827,3500.0,2850.0,0.0,0.085,0.0,0.0,0.0,0,0,0,NONE,NONE,False,,,4
5828,3550.0,2850.0,0.0,0.085,0.0,0.0,0.0,0,0,0,NONE,NONE,False,,,4
5829,3600.0,2850.0,0.0,0.085,0.0,0.0,0.0,0,0,0,NONE,NONE,False,,,3
5830,3650.0,2850.0,0.0,0.085,0.0,0.0,0.0,0,0,0,NONE,NONE,False,,,3
5831,3700.0,2850.0,0.0,0.085,0.0,0.0,0.0,0,0,0,NONE,NONE,False,,,3
5832,3750.0,2850.0,0.0,0.085,0.0,0.0,0.0,0,0,0,NONE,NONE,False,,,2
5833,3800.0,2850.0,0.0,0.085,0.0,0.0,0.0,0,0,0,NONE,NONE,False,,,1
5834,3850.0,2850.0,0.0,0.085,0.0,0.0,0.0,0,0,0,NONE,NONE,False,,,1
5835,3900.0,2850.0,0.0,0.085,0.0,0.0,0.0,0,0,0,NONE,NONE,False,,,0
5836,3950.0,2850.0,0.0,0.085,0.0,0.0,0.0,0,0,0,NONE,NONE,False,,,0
5837,4000.0,2850.0,0.0,10.0,1.0,0.0,1.0,1,0,0,NONE,NONE,False,,,0
5838,4050.0,2850.0,0.0,10.0,1.0,0.0,1.0,1,0,0,NONE,NONE,False,,,0
5839,4100.0,2850.0,0.0,10.0,1.0,0.0,1.0,1,0,0,NONE,NONE,False,,,0
5840,4150.0,2850.0,0.0,10.0,1.0,0.0,1.0,1,0,0,NONE,NONE,False,,,0
5841,4200.0,2850.0,0.0,10.0,1.0,0.0,1.0,1,0,0,NONE,NONE,False,,,0
5842,4250.0,2850.0,0.0,10.0,1.0,0.0,1.0,1,0,0,NONE,NONE,False,,,0
5843,4300.0,2850.0,0.0,0.085,0.0,0.0,0.0,0,0,0,NONE,NONE,False,,,2
5844,4350.0,2850.0,0.0,0.085,0.0,0.0,0.0,0,0,0,NONE,NONE,False,,,2
5845,4400.0,2850.0,0.0,0.085,0.0,0.0,0.0,0,0,0,NONE,NONE,False,,,3
5846,4450.0,2850.0,0.0,0.085,0.0,0.0,0.0,0,0,0,NONE,NONE,False,,,4
5847,4500.0,2850.0,0.0,0.085,0.0,0.0,0.0,0,0,0,NONE,NONE,False,,,5
5848,4550.0,2850.0,0.0,0.085,0.0,0.0,0.0,0,0,0,NONE,NONE,False,,,6
5849,4600.0,2850.0,0.0,0.085,0.0,0.0,0.0,0,0,0,NONE,NONE,False,,,5
5850,4650.0,2850.0,0.0,0.085,0.0,0.0,0.0,0,0,0,NONE,NONE,False,,,4
5851,4700.0,2850.0,0.0,0.085,0.0,0.0,0.0,0,0,0,NONE,NONE,False,,,5
5852,4750.0,2850.0,0.0,0.085,0.0,0.0,0.0,0,0,0,NONE,NONE,True,minor,TN21,7
5853,4800.0,2850.0,0.0,0.085,0.0,0.0,0.0,0,0,0,NONE,NONE,False,,,6
5854,4850.0,2850.0,0.0,0.085,0.0,0.0,0.0,0,0,0,NONE,NONE,False,,,6
5855,4900.0,2850.0,0.0,0.085,0.0,0.0,0.0,0,0,0,NONE,NONE,False,,,4
5856,4950.0,2850.0,0.0,0.085,0.0,0.0,0.0,0,0,0,NONE,NONE,False,,,4
5857,5000.0,2850.0,0.0,0.085,0.0,0.0,0.0,0,0,0,NONE,NONE,False,,,3
5858,0.0,2900.0,0.0,0.085,0.0,0.0,0.0,0,0,0,NONE,NONE,False,,,3
5859,50.0,2900.0,0.0,0.085,0.0,0.0,0.0,0,0,0,NONE,NONE,False,,,3
5860,100.0,2900.0,0.0,0.085,0.0,0.0,0.0,0,0,0,NONE,NONE,False,,,4
5861,150.0,2900.0,0.0,0.085,0.0,0.0,0.0,0,0,0,NONE,NONE,False,,,5
5862,200.0,2900.0,0.0,0.085,0.0,0.0,0.0,0,0,0,NONE,NONE,False,,,5
5863,250.0,2900.0,0.0,0.085,0.0,0.0,0.0,0,0,0,NONE,NONE,False,,,5
5864,300.0,2900.0,0.0,0.085,0.0,0.0,0.0,0,0,0,NONE,NONE,False,,,6
5865,350.0,2900.0,0.0,0.085,0.0,0.0,0.0,0,0,0,NONE,NONE,False,,,6
5866,400.0,2900.0,0.0,0.085,0.0,0.0,0.0,0,0,0,NONE,NONE,False,,,7
5867,450.0,2900.0,0.0,0.085,0.0,0.0,0.0,0,0,0,NONE,NONE,False,,,7
5868,500.0,2900.0,0.0,0.085,0.0,0.0,0.0,0,0,0,NONE,NONE,False,,,6
5869,550.0,2900.0,0.0,0.085,0.0,0.0,0.0,0,0,0,NONE,NONE,False,,,8
5870,600.0,2900.0,0.0,0.085,0.0,0.0,0.0,0,0,0,NONE,NONE,False,,,7
5871,650.0,2900.0,0.0,0.085,0.0,0.0,0.0,0,0,0,NONE,NONE,False,,,6
5872,700.0,2900.0,0.0,0.085,0.0,0.0,0.0,0,0,0,NONE,NONE,False,,,7
5873,750.0,2900.0,0.0,0.085,0.0,0.0,0.0,0,0,0,NONE,NONE,False,,,7
5874,800.0,2900.0,0.0,0.085,0.0,0.0,0.0,0,0,0,NONE,NONE,False,,,7
5875,850.0,2900.0,0.0,0.085,0.0,0.0,0.0,0,0,0,NONE,NONE,False,,,6
5876,900.0,2900.0,0.0,0.085,0.0,0.0,0.0,0,0,0,NONE,NONE,False,,,6
5877,950.0,2900.0,0.0,0.085,0.0,0.0,0.0,0,0,0,NONE,NONE,False,,,6
5878,1000.0,2900.0,0.0,0.085,0.0,0.0,0.0,0,0,0,NONE,NONE,False,,,7
5879,1050.0,2900.0,0.0,0.085,0.0,0.0,0.0,0,0,0,NONE,NONE,False,,,6
5880,1100.0,2900.0,0.0,0.085,0.0,0.0,0.0,0,0,0,NONE,NONE,False,,,7
5881,1150.0,2900.0,0.0,0.085,0.0,0.0,0.0,0,0,0,NONE,NONE,False,,,7
5882,1200.0,2900.0,0.0,0.085,0.0,0.0,0.0,0,0,0,NONE,NONE,False,,,7
5883,1250.0,2900.0,0.0,0.085,0.0,0.0,0.0,0,0,0,NONE,NONE,False,,,7
5884,1300.0,2900.0,0.0,0.085,0.0,0.0,0.0,0,0,0,NONE,NONE,False,,,8
5885,1350.0,2900.0,0.0,0.085,0.0,0.0,0.0,0,0,0,NONE,NONE,False,,,9
5886,1400.0,2900.0,0.0,0.085,0.0,0.0,0.0,0,0,0,NONE,NONE,False,,,8
5887,1450.0,2900.0,0.0,0.085,0.0,0.0,0.0,0,0,0,NONE,NONE,False,,,16
5888,1500.0,2900.0,0.0,0.085,0.0,0.0,0.0,0,0,0,NONE,NONE,False,,,17
5889,1550.0,2900.0,0.0,0.085,0.0,0.0,0.0,0,0,0,NONE,NONE,False,,,17
5890,1600.0,2900.0,0.0,0.085,0.0,0.0,0.0,0,0,0,NONE,NONE,False,,,7
5891,1650.0,2900.0,0.0,0.085,0.0,0.0,0.0,0,0,0,NONE,NONE,False,,,4
5892,1700.0,2900.0,0.0,0.085,0.0,0.0,0.0,0,0,0,NONE,NONE,False,,,2
5893,1750.0,2900.0,0.0,0.085,0.0,0.0,0.0,0,0,0,NONE,NONE,False,,,1
5894,1800.0,2900.0,0.0,10.0,1.0,0.0,1.0,1,0,0,NONE,NONE,False,,,0
5895,1850.0,2900.0,0.0,10.0,1.0,0.0,1.0,1,0,0,NONE,NONE,False,,,0
5896,1900.0,2900.0,0.0,10.0,1.0,0.0,1.0,1,0,0,NONE,NONE,False,,,0
5897,1950.0,2900.0,0.0,10.0,1.0,0.0,1.0,1,0,0,NONE,NONE,False,,,0
5898,2000.0,2900.0,0.0,10.0,1.0,0.0,1.0,1,0,0,NONE,NONE,False,,,0
5899,2050.0,2900.0,0.0,10.0,1.0,0.0,1.0,1,0,0,NONE,NONE,False,,,0
5900,2100.0,2900.0,0.0,10.0,1.0,0.0,1.0,1,0,0,NONE,NONE,False,,,0
5901,2150.0,2900.0,0.0,10.0,1.0,0.0,1.0,1,0,0,NONE,NONE,False,,,0
5902,2200.0,2900.0,0.0,10.0,1.0,0.0,1.0,1,0,0,NONE,NONE,False,,,0
5903,2250.0,2900.0,0.0,10.0,1.0,0.0,1.0,1,0,0,NONE,NONE,False,,,0
5904,2300.0,2900.0,0.0,0.085,0.0,0.0,0.0,0,0,0,NONE,NONE,False,,,1
5905,2350.0,2900.0,0.0,0.085,0.0,0.0,0.0,0,0,0,NONE,NONE,False,,,1
5906,2400.0,2900.0,0.0,0.085,0.0,0.0,0.0,0,0,0,NONE,NONE,False,,,1
5907,2450.0,2900.0,0.0,0.085,0.0,0.0,0.0,0,0,0,NONE,NONE,False,,,2
5908,2500.0,2900.0,0.0,0.085,0.0,0.0,0.0,0,0,0,NONE,NONE,False,,,2
5909,2550.0,2900.0,0.0,0.085,0.0,0.0,0.0,0,0,0,NONE,NONE,False,,,4
5910,2600.0,2900.0,0.0,0.085,0.0,0.0,0.0,0,0,0,NONE,NONE,False,,,5
5911,2650.0,2900.0,0.0,0.085,0.0,0.0,0.0,0,0,0,NONE,NONE,False,,,4
5912,2700.0,2900.0,0.0,0.085,0.0,0.0,0.0,0,0,0,NONE,NONE,False,,,4
5913,2750.0,2900.0,0.0,0.085,0.0,0.0,0.0,0,0,0,NONE,NONE,False,,,5
5914,2800.0,2900.0,0.0,0.085,0.0,0.0,0.0,0,0,0,NONE,NONE,False,,,5
5915,2850.0,2900.0,0.0,0.085,0.0,0.0,0.0,0,0,0,NONE,NONE,False,,,6
5916,2900.0,2900.0,0.0,0.085,0.0,0.0,0.0,0,0,0,NONE,NONE,False,,,6
5917,2950.0,2900.0,0.0,0.085,0.0,0.0,0.0,0,0,0,NONE,NONE,False,,,5
5918,3000.0,2900.0,0.0,0.085,0.0,0.0,0.0,0,0,0,NONE,NONE,False,,,5
5919,3050.0,2900.0,0.0,0.085,0.0,0.0,0.0,0,0,0,NONE,NONE,False,,,7
5920,3100.0,2900.0,0.0,0.085,0.0,0.0,0.0,0,0,0,NONE,NONE,False,,,6
5921,3150.0,2900.0,0.0,0.085,0.0,0.0,0.0,0,0,0,NONE,NONE,False,,,5
5922,3200.0,2900.0,0.0,0.085,0.0,0.0,0.0,0,0,0,NONE,NONE,False,,,4
5923,3250.0,2900.0,0.0,0.085,0.0,0.0,0.0,0,0,0,NONE,NONE,False,,,3
5924,3300.0,2900.0,0.0,0.085,0.0,0.0,0.0,0,0,0,NONE,NONE,False,,,4
5925,3350.0,2900.0,0.0,0.085,0.0,0.0,0.0,0,0,0,NONE,NONE,False,,,4
5926,3400.0,2900.0,0.0,0.085,0.0,0.0,0.0,0,0,0,NONE,NONE,False,,,4
5927,3450.0,2900.0,0.0,0.085,0.0,0.0,0.0,0,0,0,NONE,NONE,False,,,4
5928,3500.0,2900.0,0.0,0.085,0.0,0.0,0.0,0,0,0,NONE,NONE,False,,,4
5929,3550.0,2900.0,0.0,0.085,0.0,0.0,0.0,0,0,0,NONE,NONE,False,,,3
5930,3600.0,2900.0,0.0,0.085,0.0,0.0,0.0,0,0,0,NONE,NONE,False,,,2
5931,3650.0,2900.0,0.0,0.085,0.0,0.0,0.0,0,0,0,NONE,NONE,False,,,2
5932,3700.0,2900.0,0.0,0.085,0.0,0.0,0.0,0,0,0,NONE,NONE,False,,,1
5933,3750.0,2900.0,0.0,0.085,0.0,0.0,0.0,0,0,0,NONE,NONE,False,,,1
5934,3800.0,2900.0,0.0,0.085,0.0,0.0,0.0,0,0,0,NONE,NONE,False,,,1
5935,3850.0,2900.0,0.0,0.085,0.0,0.0,0.0,0,0,0,NONE,NONE,False,,,0
5936,3900.0,2900.0,0.0,0.085,0.0,0.0,0.0,0,0,0,NONE,NONE,False,,,0
5937,3950.0,2900.0,0.0,0.085,0.0,0.0,0.0,0,0,0,NONE,NONE,False,,,0
5938,4000.0,2900.0,0.0,10.0,1.0,0.0,1.0,1,0,0,NONE,NONE,False,,,0
5939,4050.0,2900.0,0.0,10.0,1.0,0.0,1.0,1,0,0,NONE,NONE,False,,,0
5940,4100.0,2900.0,0.0,10.0,1.0,0.0,1.0,1,0,0,NONE,NONE,False,,,0
5941,4150.0,2900.0,0.0,10.0,1.0,0.0,1.0,1,0,0,NONE,NONE,False,,,0
5942,4200.0,2900.0,0.0,10.0,1.0,0.0,1.0,1,0,0,NONE,NONE,False,,,0
5943,4250.0,2900.0,0.0,10.0,1.0,0.0,1.0,1,0,0,NONE,NONE,False,,,0
5944,4300.0,2900.0,0.0,0.085,0.0,0.0,0.0,0,0,0,NONE,NONE,False,,,2
5945,4350.0,2900.0,0.0,0.085,0.0,0.0,0.0,0,0,0,NONE,NONE,False,,,3
5946,4400.0,2900.0,0.0,0.085,0.0,0.0,0.0,0,0,0,NONE,NONE,False,,,3
5947,4450.0,2900.0,0.0,0.085,0.0,0.0,0.0,0,0,0,NONE,NONE,False,,,4
5948,4500.0,2900.0,0.0,0.085,0.0,0.0,0.0,0,0,0,NONE,NONE,False,,,6
5949,4550.0,2900.0,0.0,0.085,0.0,0.0,0.0,0,0,0,NONE,NONE,False,,,5
5950,4600.0,2900.0,0.0,0.085,0.0,0.0,0.0,0,0,0,NONE,NONE,False,,,5
5951,4650.0,2900.0,0.0,0.085,0.0,0.0,0.0,0,0,0,NONE,NONE,False,,,4
5952,4700.0,2900.0,0.0,0.085,0.0,0.0,0.0,0,0,0,NONE,NONE,False,,,5
5953,4750.0,2900.0,0.0,0.085,0.0,0.0,0.0,0,0,0,NONE,NONE,False,,,6
5954,4800.0,2900.0,0.0,0.085,0.0,0.0,0.0,0,0,0,NONE,NONE,False,,,6
5955,4850.0,2900.0,0.0,0.085,0.0,0.0,0.0,0,0,0,NONE,NONE,False,,,5
5956,4900.0,2900.0,0.0,0.085,0.0,0.0,0.0,0,0,0,NONE,NONE,False,,,4
5957,4950.0,2900.0,0.0,0.085,0.0,0.0,0.0,0,0,0,NONE,NONE,False,,,4
5958,5000.0,2900.0,0.0,0.085,0.0,0.0,0.0,0,0,0,NONE,NONE,False,,,3
5959,0.0,2950.0,0.0,0.085,0.0,0.0,0.0,0,0,0,NONE,NONE,False,,,2
5960,50.0,2950.0,0.0,0.085,0.0,0.0,0.0,0,0,0,NONE,NONE,False,,,4
5961,100.0,2950.0,0.0,0.085,0.0,0.0,0.0,0,0,0,NONE,NONE,False,,,4
5962,150.0,2950.0,0.0,0.085,0.0,0.0,0.0,0,0,0,NONE,NONE,False,,,6
5963,200.0,2950.0,0.0,0.085,0.0,0.0,0.0,0,0,0,NONE,NONE,False,,,7
5964,250.0,2950.0,0.0,0.085,0.0,0.0,0.0,0,0,0,NONE,NONE,False,,,6
5965,300.0,2950.0,0.0,0.085,0.0,0.0,0.0,0,0,0,NONE,NONE,False,,,6
5966,350.0,2950.0,0.0,0.085,0.0,0.0,0.0,0,0,0,NONE,NONE,False,,,6
5967,400.0,2950.0,0.0,0.085,0.0,0.0,0.0,0,0,0,NONE,NONE,False,,,6
5968,450.0,2950.0,0.0,0.085,0.0,0.0,0.0,0,0,0,NONE,NONE,False,,,6
5969,500.0,2950.0,0.0,0.085,0.0,0.0,0.0,0,0,0,NONE,NONE,False,,,7
5970,550.0,2950.0,0.0,0.085,0.0,0.0,0.0,0,0,0,NONE,NONE,False,,,8
5971,600.0,2950.0,0.0,0.085,0.0,0.0,0.0,0,0,0,NONE,NONE,False,,,7
5972,650.0,2950.0,0.0,0.085,0.0,0.0,0.0,0,0,0,NONE,NONE,False,,,7
5973,700.0,2950.0,0.0,0.085,0.0,0.0,0.0,0,0,0,NONE,NONE,False,,,8
5974,750.0,2950.0,0.0,0.085,0.0,0.0,0.0,0,0,0,NONE,NONE,False,,,8
5975,800.0,2950.0,0.0,0.085,0.0,0.0,0.0,0,0,0,NONE,NONE,False,,,7
5976,850.0,2950.0,0.0,0.085,0.0,0.0,0.0,0,0,0,NONE,NONE,False,,,6
5977,900.0,2950.0,0.0,0.085,0.0,0.0,0.0,0,0,0,NONE,NONE,False,,,6
5978,950.0,2950.0,0.0,0.085,0.0,0.0,0.0,0,0,0,NONE,NONE,True,major,TN8,10
5979,1000.0,2950.0,0.0,0.085,0.0,0.0,0.0,0,0,0,NONE,NONE,False,,,9
5980,1050.0,2950.0,0.0,0.085,0.0,0.0,0.0,0,0,0,NONE,NONE,False,,,7
5981,1100.0,2950.0,0.0,0.085,0.0,0.0,0.0,0,0,0,NONE,NONE,False,,,6
5982,1150.0,2950.0,0.0,0.085,0.0,0.0,0.0,0,0,0,NONE,NONE,False,,,5
5983,1200.0,2950.0,0.0,0.085,0.0,0.0,0.0,0,0,0,NONE,NONE,False,,,6
5984,1250.0,2950.0,0.0,0.085,0.0,0.0,0.0,0,0,0,NONE,NONE,False,,,6
5985,1300.0,2950.0,0.0,0.085,0.0,0.0,0.0,0,0,0,NONE,NONE,False,,,5
5986,1350.0,2950.0,0.0,0.085,0.0,0.0,0.0,0,0,0,NONE,NONE,False,,,5
5987,1400.0,2950.0,0.0,0.085,0.0,0.0,0.0,0,0,0,NONE,NONE,False,,,5
5988,1450.0,2950.0,0.0,0.085,0.0,0.0,0.0,0,0,0,NONE,NONE,False,,,5
5989,1500.0,2950.0,0.0,0.085,0.0,0.0,0.0,0,0,0,NONE,NONE,False,,,5
5990,1550.0,2950.0,0.0,0.085,0.0,0.0,0.0,0,0,0,NONE,NONE,False,,,3
5991,1600.0,2950.0,0.0,0.085,0.0,0.0,0.0,0,0,0,NONE,NONE,False,,,2
5992,1650.0,2950.0,0.0,0.085,0.0,0.0,0.0,0,0,0,NONE,NONE,False,,,1
5993,1700.0,2950.0,0.0,0.085,0.0,0.0,0.0,0,0,0,NONE,NONE,False,,,1
5994,1750.0,2950.0,0.0,0.085,0.0,0.0,0.0,0,0,0,NONE,NONE,False,,,1
5995,1800.0,2950.0,0.0,10.0,1.0,0.0,1.0,1,0,0,NONE,NONE,False,,,0
5996,1850.0,2950.0,0.0,10.0,1.0,0.0,1.0,1,0,0,NONE,NONE,False,,,0
5997,1900.0,2950.0,0.0,10.0,1.0,0.0,1.0,1,0,0,NONE,NONE,False,,,0
5998,1950.0,2950.0,0.0,10.0,1.0,0.0,1.0,1,0,0,NONE,NONE,False,,,0
5999,2000.0,2950.0,0.0,10.0,1.0,0.0,1.0,1,0,0,NONE,NONE,False,,,0
6000,2050.0,2950.0,0.0,10.0,1.0,0.0,1.0,1,0,0,NONE,NONE,False,,,0
6001,2100.0,2950.0,0.0,10.0,1.0,0.0,1.0,1,0,0,NONE,NONE,False,,,0
6002,2150.0,2950.0,0.0,10.0,1.0,0.0,1.0,1,0,0,NONE,NONE,False,,,0
6003,2200.0,2950.0,0.0,10.0,1.0,0.0,1.0,1,0,0,NONE,NONE,False,,,0
6004,2250.0,2950.0,0.0,10.0,1.0,0.0,1.0,1,0,0,NONE,NONE,False,,,0
6005,2300.0,2950.0,0.0,0.085,0.0,0.0,0.0,0,0,0,NONE,NONE,False,,,1
6006,2350.0,2950.0,0.0,0.085,0.0,0.0,0.0,0,0,0,NONE,NONE,False,,,1
6007,2400.0,2950.0,0.0,0.085,0.0,0.0,0.0,0,0,0,NONE,NONE,False,,,2
6008,2450.0,2950.0,0.0,0.085,0.0,0.0,0.0,0,0,0,NONE,NONE,False,,,2
6009,2500.0,2950.0,0.0,0.085,0.0,0.0,0.0,0,0,0,NONE,NONE,False,,,4
6010,2550.0,2950.0,0.0,0.085,0.0,0.0,0.0,0,0,0,NONE,NONE,False,,,5
6011,2600.0,2950.0,0.0,0.085,0.0,0.0,0.0,0,0,0,NONE,NONE,False,,,4
6012,2650.0,2950.0,0.0,0.085,0.0,0.0,0.0,0,0,0,NONE,NONE,False,,,4
6013,2700.0,2950.0,0.0,0.085,0.0,0.0,0.0,0,0,0,NONE,NONE,False,,,5
6014,2750.0,2950.0,0.0,0.085,0.0,0.0,0.0,0,0,0,NONE,NONE,False,,,5
6015,2800.0,2950.0,0.0,0.085,0.0,0.0,0.0,0,0,0,NONE,NONE,False,,,6
6016,2850.0,2950.0,0.0,0.085,0.0,0.0,0.0,0,0,0,NONE,NONE,False,,,5
6017,2900.0,2950.0,0.0,0.085,0.0,0.0,0.0,0,0,0,NONE,NONE,False,,,5
6018,2950.0,2950.0,0.0,0.085,0.0,0.0,0.0,0,0,0,NONE,NONE,False,,,5
6019,3000.0,2950.0,0.0,0.085,0.0,0.0,0.0,0,0,0,NONE,NONE,False,,,7
6020,3050.0,2950.0,0.0,0.085,0.0,0.0,0.0,0,0,0,NONE,NONE,False,,,6
6021,3100.0,2950.0,0.0,0.085,0.0,0.0,0.0,0,0,0,NONE,NONE,False,,,5
6022,3150.0,2950.0,0.0,0.085,0.0,0.0,0.0,0,0,0,NONE,NONE,False,,,4
6023,3200.0,2950.0,0.0,0.085,0.0,0.0,0.0,0,0,0,NONE,NONE,False,,,3
6024,3250.0,2950.0,0.0,0.085,0.0,0.0,0.0,0,0,0,NONE,NONE,False,,,3
6025,3300.0,2950.0,0.0,0.085,0.0,0.0,0.0,0,0,0,NONE,NONE,False,,,3
6026,3350.0,2950.0,0.0,0.085,0.0,0.0,0.0,0,0,0,NONE,NONE,False,,,2
6027,3400.0,2950.0,0.0,0.085,0.0,0.0,0.0,0,0,0,NONE,NONE,False,,,2
6028,3450.0,2950.0,0.0,0.085,0.0,0.0,0.0,0,0,0,NONE,NONE,False,,,3
6029,3500.0,2950.0,0.0,0.085,0.0,0.0,0.0,0,0,0,NONE,NONE,False,,,2
6030,3550.0,2950.0,0.0,0.085,0.0,0.0,0.0,0,0,0,NONE,NONE,False,,,2
6031,3600.0,2950.0,0.0,0.085,0.0,0.0,0.0,0,0,0,NONE,NONE,False,,,2
6032,3650.0,2950.0,0.0,0.085,0.0,0.0,0.0,0,0,0,NONE,NONE,False,,,1
6033,3700.0,2950.0,0.0,0.085,0.0,0.0,0.0,0,0,0,NONE,NONE,False,,,1
6034,3750.0,2950.0,0.0,0.085,0.0,0.0,0.0,0,0,0,NONE,NONE,False,,,1
6035,3800.0,2950.0,0.0,0.085,0.0,0.0,0.0,0,0,0,NONE,NONE,False,,,0
6036,3850.0,2950.0,0.0,0.085,0.0,0.0,0.0,0,0,0,NONE,NONE,False,,,0
6037,3900.0,2950.0,0.0,0.085,0.0,0.0,0.0,0,0,0,NONE,NONE,False,,,0
6038,3950.0,2950.0,0.0,0.085,0.0,0.0,0.0,0,0,0,NONE,NONE,False,,,0
6039,4000.0,2950.0,0.0,0.085,0.0,0.0,0.0,0,0,0,NONE,NONE,False,,,0
6040,4050.0,2950.0,0.0,10.0,1.0,0.0,1.0,1,0,0,NONE,NONE,False,,,0
6041,4100.0,2950.0,0.0,10.0,1.0,0.0,1.0,1,0,0,NONE,NONE,False,,,0
6042,4150.0,2950.0,0.0,10.0,1.0,0.0,1.0,1,0,0,NONE,NONE,False,,,0
6043,4200.0,2950.0,0.0,10.0,1.0,0.0,1.0,1,0,0,NONE,NONE,False,,,0
6044,4250.0,2950.0,0.0,0.085,0.0,0.0,0.0,0,0,0,NONE,NONE,False,,,1
6045,4300.0,2950.0,0.0,0.085,0.0,0.0,0.0,0,0,0,NONE,NONE,False,,,3
6046,4350.0,2950.0,0.0,0.085,0.0,0.0,0.0,0,0,0,NONE,NONE,False,,,3
6047,4400.0,2950.0,0.0,0.085,0.0,0.0,0.0,0,0,0,NONE,NONE,False,,,3
6048,4450.0,2950.0,0.0,0.085,0.0,0.0,0.0,0,0,0,NONE,NONE,False,,,5
6049,4500.0,2950.0,0.0,0.085,0.0,0.0,0.0,0,0,0,NONE,NONE,False,,,5
6050,4550.0,2950.0,0.0,0.085,0.0,0.0,0.0,0,0,0,NONE,NONE,False,,,4
6051,4600.0,2950.0,0.0,0.085,0.0,0.0,0.0,0,0,0,NONE,NONE,False,,,4
6052,4650.0,2950.0,0.0,0.085,0.0,0.0,0.0,0,0,0,NONE,NONE,False,,,4
6053,4700.0,2950.0,0.0,0.085,0.0,0.0,0.0,0,0,0,NONE,NONE,False,,,5
6054,4750.0,2950.0,0.0,0.085,0.0,0.0,0.0,0,0,0,NONE,NONE,False,,,5
6055,4800.0,2950.0,0.0,0.085,0.0,0.0,0.0,0,0,0,NONE,NONE,False,,,5
6056,4850.0,2950.0,0.0,0.085,0.0,0.0,0.0,0,0,0,NONE,NONE,False,,,5
6057,4900.0,2950.0,0.0,0.085,0.0,0.0,0.0,0,0,0,NONE,NONE,False,,,4
6058,4950.0,2950.0,0.0,0.085,0.0,0.0,0.0,0,0,0,NONE,NONE,False,,,4
6059,5000.0,2950.0,0.0,0.085,0.0,0.0,0.0,0,0,0,NONE,NONE,False,,,2
6060,0.0,3000.0,0.0,0.085,0.0,0.0,0.0,0,0,0,NONE,NONE,False,,,2
6061,50.0,3000.0,0.0,0.085,0.0,0.0,0.0,0,0,0,NONE,NONE,False,,,4
6062,100.0,3000.0,0.0,0.085,0.0,0.0,0.0,0,0,0,NONE,NONE,False,,,4
6063,150.0,3000.0,0.0,0.085,0.0,0.0,0.0,0,0,0,NONE,NONE,False,,,7
6064,200.0,3000.0,0.0,0.085,0.0,0.0,0.0,0,0,0,NONE,NONE,False,,,6
6065,250.0,3000.0,0.0,0.085,0.0,0.0,0.0,0,0,0,NONE,NONE,False,,,6
6066,300.0,3000.0,0.0,0.085,0.0,0.0,0.0,0,0,0,NONE,NONE,False,,,8
6067,350.0,3000.0,0.0,0.085,0.0,0.0,0.0,0,0,0,NONE,NONE,False,,,7
6068,400.0,3000.0,0.0,0.085,0.0,0.0,0.0,0,0,0,NONE,NONE,False,,,7
6069,450.0,3000.0,0.0,0.085,0.0,0.0,0.0,0,0,0,NONE,NONE,False,,,8
6070,500.0,3000.0,0.0,0.085,0.0,0.0,0.0,0,0,0,NONE,NONE,False,,,8
6071,550.0,3000.0,0.0,0.085,0.0,0.0,0.0,0,0,0,NONE,NONE,False,,,8
6072,600.0,3000.0,0.0,0.085,0.0,0.0,0.0,0,0,0,NONE,NONE,False,,,8
6073,650.0,3000.0,0.0,0.085,0.0,0.0,0.0,0,0,0,NONE,NONE,False,,,7
6074,700.0,3000.0,0.0,0.085,0.0,0.0,0.0,0,0,0,NONE,NONE,False,,,7
6075,750.0,3000.0,0.0,0.085,0.0,0.0,0.0,0,0,0,NONE,NONE,False,,,8
6076,800.0,3000.0,0.0,0.085,0.0,0.0,0.0,0,0,0,NONE,NONE,False,,,6
6077,850.0,3000.0,0.0,0.085,0.0,0.0,0.0,0,0,0,NONE,NONE,False,,,6
6078,900.0,3000.0,0.0,0.085,0.0,0.0,0.0,0,0,0,NONE,NONE,False,,,10
6079,950.0,3000.0,0.0,0.085,0.0,0.0,0.0,0,0,0,NONE,NONE,False,,,9
6080,1000.0,3000.0,0.0,0.085,0.0,0.0,0.0,0,0,0,NONE,NONE,False,,,8
6081,1050.0,3000.0,0.0,0.085,0.0,0.0,0.0,0,0,0,NONE,NONE,False,,,6
6082,1100.0,3000.0,0.0,0.085,0.0,0.0,0.0,0,0,0,NONE,NONE,False,,,5
6083,1150.0,3000.0,0.0,0.085,0.0,0.0,0.0,0,0,0,NONE,NONE,False,,,5
6084,1200.0,3000.0,0.0,0.085,0.0,0.0,0.0,0,0,0,NONE,NONE,False,,,5
6085,1250.0,3000.0,0.0,0.085,0.0,0.0,0.0,0,0,0,NONE,NONE,False,,,5
6086,1300.0,3000.0,0.0,0.085,0.0,0.0,0.0,0,0,0,NONE,NONE,False,,,5
6087,1350.0,3000.0,0.0,0.085,0.0,0.0,0.0,0,0,0,NONE,NONE,False,,,5
6088,1400.0,3000.0,0.0,0.085,0.0,0.0,0.0,0,0,0,NONE,NONE,False,,,5
6089,1450.0,3000.0,0.0,0.085,0.0,0.0,0.0,0,0,0,NONE,NONE,False,,,4
6090,1500.0,3000.0,0.0,0.085,0.0,0.0,0.0,0,0,0,NONE,NONE,False,,,3
6091,1550.0,3000.0,0.0,0.085,0.0,0.0,0.0,0,0,0,NONE,NONE,False,,,2
6092,1600.0,3000.0,0.0,0.085,0.0,0.0,0.0,0,0,0,NONE,NONE,False,,,1
6093,1650.0,3000.0,0.0,0.085,0.0,0.0,0.0,0,0,0,NONE,NONE,False,,,1
6094,1700.0,3000.0,0.0,0.085,0.0,0.0,0.0,0,0,0,NONE,NONE,False,,,1
6095,1750.0,3000.0,0.0,0.085,0.0,0.0,0.0,0,0,0,NONE,NONE,False,,,0
6096,1800.0,3000.0,0.0,10.0,1.0,0.0,1.0,1,0,0,NONE,NONE,False,,,0
6097,1850.0,3000.0,0.0,10.0,1.0,0.0,1.0,1,0,0,NONE,NONE,False,,,0
6098,1900.0,3000.0,0.0,10.0,1.0,0.0,1.0,1,0,0,NONE,NONE,False,,,0
6099,1950.0,3000.0,0.0,10.0,1.0,0.0,1.0,1,0,0,NONE,NONE,False,,,0
6100,2000.0,3000.0,0.0,10.0,1.0,0.0,1.0,1,0,0,NONE,NONE,False,,,0
6101,2050.0,3000.0,0.0,10.0,1.0,0.0,1.0,1,0,0,NONE,NONE,False,,,0
6102,2100.0,3000.0,0.0,10.0,1.0,0.0,1.0,1,0,0,NONE,NONE,False,,,0
6103,2150.0,3000.0,0.0,10.0,1.0,0.0,1.0,1,0,0,NONE,NONE,False,,,0
6104,2200.0,3000.0,0.0,10.0,1.0,0.0,1.0,1,0,0,NONE,NONE,False,,,0
6105,2250.0,3000.0,0.0,0.085,0.0,0.0,0.0,0,0,0,NONE,NONE,False,,,1
6106,2300.0,3000.0,0.0,0.085,0.0,0.0,0.0,0,0,0,NONE,NONE,False,,,1
6107,2350.0,3000.0,0.0,0.085,0.0,0.0,0.0,0,0,0,NONE,NONE,False,,,2
6108,2400.0,3000.0,0.0,0.085,0.0,0.0,0.0,0,0,0,NONE,NONE,False,,,2
6109,2450.0,3000.0,0.0,0.085,0.0,0.0,0.0,0,0,0,NONE,NONE,False,,,3
6110,2500.0,3000.0,0.0,0.085,0.0,0.0,0.0,0,0,0,NONE,NONE,False,,,5
6111,2550.0,3000.0,0.0,0.085,0.0,0.0,0.0,0,0,0,NONE,NONE,False,,,4
6112,2600.0,3000.0,0.0,0.085,0.0,0.0,0.0,0,0,0,NONE,NONE,False,,,4
6113,2650.0,3000.0,0.0,0.085,0.0,0.0,0.0,0,0,0,NONE,NONE,False,,,5
6114,2700.0,3000.0,0.0,0.085,0.0,0.0,0.0,0,0,0,NONE,NONE,False,,,5
6115,2750.0,3000.0,0.0,0.085,0.0,0.0,0.0,0,0,0,NONE,NONE,False,,,6
6116,2800.0,3000.0,0.0,0.085,0.0,0.0,0.0,0,0,0,NONE,NONE,False,,,5
6117,2850.0,3000.0,0.0,0.085,0.0,0.0,0.0,0,0,0,NONE,NONE,False,,,5
6118,2900.0,3000.0,0.0,0.085,0.0,0.0,0.0,0,0,0,NONE,NONE,False,,,5
6119,2950.0,3000.0,0.0,0.085,0.0,0.0,0.0,0,0,0,NONE,NONE,False,,,7
6120,3000.0,3000.0,0.0,0.085,0.0,0.0,0.0,0,0,0,NONE,NONE,False,,,6
6121,3050.0,3000.0,0.0,0.085,0.0,0.0,0.0,0,0,0,NONE,NONE,False,,,5
6122,3100.0,3000.0,0.0,0.085,0.0,0.0,0.0,0,0,0,NONE,NONE,False,,,4
6123,3150.0,3000.0,0.0,0.085,0.0,0.0,0.0,0,0,0,NONE,NONE,False,,,3
6124,3200.0,3000.0,0.0,0.085,0.0,0.0,0.0,0,0,0,NONE,NONE,False,,,3
6125,3250.0,3000.0,0.0,10.0,1.0,0.0,1.0,1,0,0,NONE,NONE,False,,,0
6126,3300.0,3000.0,0.0,10.0,1.0,0.0,1.0,1,0,0,NONE,NONE,False,,,0
6127,3350.0,3000.0,0.0,10.0,1.0,0.0,1.0,1,0,0,NONE,NONE,False,,,0
6128,3400.0,3000.0,0.0,10.0,1.0,0.0,1.0,1,0,0,NONE,NONE,False,,,0
6129,3450.0,3000.0,0.0,10.0,1.0,0.0,1.0,1,0,0,NONE,NONE,False,,,0
6130,3500.0,3000.0,0.0,10.0,1.0,0.0,1.0,1,0,0,NONE,NONE,False,,,0
6131,3550.0,3000.0,0.0,0.085,0.0,0.0,0.0,0,0,0,NONE,NONE,False,,,1
6132,3600.0,3000.0,0.0,0.085,0.0,0.0,0.0,0,0,0,NONE,NONE,False,,,1
6133,3650.0,3000.0,0.0,0.085,0.0,0.0,0.0,0,0,0,NONE,NONE,False,,,1
6134,3700.0,3000.0,0.0,0.085,0.0,0.0,0.0,0,0,0,NONE,NONE,False,,,1
6135,3750.0,3000.0,0.0,0.085,0.0,0.0,0.0,0,0,0,NONE,NONE,True,minor,RN9,0
6136,3800.0,3000.0,0.0,0.085,0.0,0.0,0.0,0,0,0,NONE,NONE,False,,,0
6137,3850.0,3000.0,0.0,0.085,0.0,0.0,0.0,0,0,0,NONE,NONE,False,,,0
6138,3900.0,3000.0,0.0,0.085,0.0,0.0,0.0,0,0,0,NONE,NONE,False,,,0
6139,3950.0,3000.0,0.0,0.085,0.0,0.0,0.0,0,0,0,NONE,NONE,False,,,0
6140,4000.0,3000.0,0.0,0.085,0.0,0.0,0.0,0,0,0,NONE,NONE,False,,,0
6141,4050.0,3000.0,0.0,0.085,0.0,0.0,0.0,0,0,0,NONE,NONE,False,,,0
6142,4100.0,3000.0,0.0,0.085,0.0,0.0,0.0,0,0,0,NONE,NONE,False,,,0
6143,4150.0,3000.0,0.0,0.085,0.0,0.0,0.0,0,0,0,NONE,NONE,False,,,1
6144,4200.0,3000.0,0.0,0.085,0.0,0.0,0.0,0,0,0,NONE,NONE,False,,,1
6145,4250.0,3000.0,0.0,0.085,0.0,0.0,0.0,0,0,0,NONE,NONE,False,,,2
6146,4300.0,3000.0,0.0,0.085,0.0,0.0,0.0,0,0,0,NONE,NONE,False,,,3
6147,4350.0,3000.0,0.0,0.085,0.0,0.0,0.0,0,0,0,NONE,NONE,False,,,3
6148,4400.0,3000.0,0.0,0.085,0.0,0.0,0.0,0,0,0,NONE,NONE,False,,,4
6149,4450.0,3000.0,0.0,0.085,0.0,0.0,0.0,0,0,0,NONE,NONE,False,,,5
6150,4500.0,3000.0,0.0,0.085,0.0,0.0,0.0,0,0,0,NONE,NONE,False,,,4
6151,4550.0,3000.0,0.0,0.085,0.0,0.0,0.0,0,0,0,NONE,NONE,False,,,3
6152,4600.0,3000.0,0.0,0.085,0.0,0.0,0.0,0,0,0,NONE,NONE,False,,,4
6153,4650.0,3000.0,0.0,0.085,0.0,0.0,0.0,0,0,0,NONE,NONE,False,,,4
6154,4700.0,3000.0,0.0,0.085,0.0,0.0,0.0,0,0,0,NONE,NONE,False,,,4
6155,4750.0,3000.0,0.0,0.085,0.0,0.0,0.0,0,0,0,NONE,NONE,False,,,4
6156,4800.0,3000.0,0.0,0.085,0.0,0.0,0.0,0,0,0,NONE,NONE,False,,,5
6157,4850.0,3000.0,0.0,0.085,0.0,0.0,0.0,0,0,0,NONE,NONE,False,,,6
6158,4900.0,3000.0,0.0,0.085,0.0,0.0,0.0,0,0,0,NONE,NONE,False,,,4
6159,4950.0,3000.0,0.0,0.085,0.0,0.0,0.0,0,0,0,NONE,NONE,False,,,3
6160,5000.0,3000.0,0.0,0.085,0.0,0.0,0.0,0,0,0,NONE,NONE,False,,,2
6161,0.0,3050.0,0.0,0.085,0.0,0.0,0.0,0,0,0,NONE,NONE,False,,,2
6162,50.0,3050.0,0.0,0.085,0.0,0.0,0.0,0,0,0,NONE,NONE,False,,,4
6163,100.0,3050.0,0.0,0.085,0.0,0.0,0.0,0,0,0,NONE,NONE,False,,,5
6164,150.0,3050.0,0.0,0.085,0.0,0.0,0.0,0,0,0,NONE,NONE,False,,,7
6165,200.0,3050.0,0.0,0.085,0.0,0.0,0.0,0,0,0,NONE,NONE,False,,,6
6166,250.0,3050.0,0.0,0.085,0.0,0.0,0.0,0,0,0,NONE,NONE,False,,,7
6167,300.0,3050.0,0.0,0.085,0.0,0.0,0.0,0,0,0,NONE,NONE,False,,,7
6168,350.0,3050.0,0.0,0.085,0.0,0.0,0.0,0,0,0,NONE,NONE,False,,,7
6169,400.0,3050.0,0.0,0.085,0.0,0.0,0.0,0,0,0,NONE,NONE,False,,,7
6170,450.0,3050.0,0.0,0.085,0.0,0.0,0.0,0,0,0,NONE,NONE,False,,,8
6171,500.0,3050.0,0.0,0.085,0.0,0.0,0.0,0,0,0,NONE,NONE,False,,,7
6172,550.0,3050.0,0.0,0.085,0.0,0.0,0.0,0,0,0,NONE,NONE,False,,,9
6173,600.0,3050.0,0.0,0.085,0.0,0.0,0.0,0,0,0,NONE,NONE,False,,,7
6174,650.0,3050.0,0.0,0.085,0.0,0.0,0.0,0,0,0,NONE,NONE,False,,,7
6175,700.0,3050.0,0.0,0.085,0.0,0.0,0.0,0,0,0,NONE,NONE,False,,,9
6176,750.0,3050.0,0.0,0.085,0.0,0.0,0.0,0,0,0,NONE,NONE,False,,,7
6177,800.0,3050.0,0.0,0.085,0.0,0.0,0.0,0,0,0,NONE,NONE,False,,,6
6178,850.0,3050.0,0.0,0.085,0.0,0.0,0.0,0,0,0,NONE,NONE,False,,,9
6179,900.0,3050.0,0.0,0.085,0.0,0.0,0.0,0,0,0,NONE,NONE,False,,,8
6180,950.0,3050.0,0.0,0.085,0.0,0.0,0.0,0,0,0,NONE,NONE,False,,,8
6181,1000.0,3050.0,0.0,0.085,0.0,0.0,0.0,0,0,0,NONE,NONE,False,,,7
6182,1050.0,3050.0,0.0,0.085,0.0,0.0,0.0,0,0,0,NONE,NONE,False,,,5
6183,1100.0,3050.0,0.0,0.085,0.0,0.0,0.0,0,0,0,NONE,NONE,False,,,5
6184,1150.0,3050.0,0.0,0.085,0.0,0.0,0.0,0,0,0,NONE,NONE,False,,,5
6185,1200.0,3050.0,0.0,0.085,0.0,0.0,0.0,0,0,0,NONE,NONE,False,,,3
6186,1250.0,3050.0,0.0,0.085,0.0,0.0,0.0,0,0,0,NONE,NONE,False,,,4
6187,1300.0,3050.0,0.0,0.085,0.0,0.0,0.0,0,0,0,NONE,NONE,False,,,4
6188,1350.0,3050.0,0.0,0.085,0.0,0.0,0.0,0,0,0,NONE,NONE,False,,,3
6189,1400.0,3050.0,0.0,0.085,0.0,0.0,0.0,0,0,0,NONE,NONE,False,,,3
6190,1450.0,3050.0,0.0,0.085,0.0,0.0,0.0,0,0,0,NONE,NONE,False,,,2
6191,1500.0,3050.0,0.0,0.085,0.0,0.0,0.0,0,0,0,NONE,NONE,False,,,2
6192,1550.0,3050.0,0.0,0.085,0.0,0.0,0.0,0,0,0,NONE,NONE,False,,,1
6193,1600.0,3050.0,0.0,0.085,0.0,0.0,0.0,0,0,0,NONE,NONE,False,,,1
6194,1650.0,3050.0,0.0,0.085,0.0,0.0,0.0,0,0,0,NONE,NONE,False,,,1
6195,1700.0,3050.0,0.0,0.085,0.0,0.0,0.0,0,0,0,NONE,NONE,False,,,0
6196,1750.0,3050.0,0.0,0.085,0.0,0.0,0.0,0,0,0,NONE,NONE,False,,,0
6197,1800.0,3050.0,0.0,10.0,1.0,0.0,1.0,1,0,0,NONE,NONE,False,,,0
6198,1850.0,3050.0,0.0,10.0,1.0,0.0,1.0,1,0,0,NONE,NONE,False,,,0
6199,1900.0,3050.0,0.0,10.0,1.0,0.0,1.0,1,0,0,NONE,NONE,False,,,0
6200,1950.0,3050.0,0.0,10.0,1.0,0.0,1.0,1,0,0,NONE,NONE,False,,,0
6201,2000.0,3050.0,0.0,10.0,1.0,0.0,1.0,1,0,0,NONE,NONE,False,,,0
6202,2050.0,3050.0,0.0,10.0,1.0,0.0,1.0,1,0,0,NONE,NONE,False,,,0
6203,2100.0,3050.0,0.0,10.0,1.0,0.0,1.0,1,0,0,NONE,NONE,False,,,0
6204,2150.0,3050.0,0.0,10.0,1.0,0.0,1.0,1,0,0,NONE,NONE,False,,,0
6205,2200.0,3050.0,0.0,10.0,1.0,0.0,1.0,1,0,0,NONE,NONE,False,,,0
6206,2250.0,3050.0,0.0,0.085,0.0,0.0,0.0,0,0,0,NONE,NONE,False,,,1
6207,2300.0,3050.0,0.0,0.085,0.0,0.0,0.0,0,0,0,NONE,NONE,True,minor,RN8,2
6208,2350.0,3050.0,0.0,0.085,0.0,0.0,0.0,0,0,0,NONE,NONE,False,,,2
6209,2400.0,3050.0,0.0,0.085,0.0,0.0,0.0,0,0,0,NONE,NONE,False,,,3
6210,2450.0,3050.0,0.0,0.085,0.0,0.0,0.0,0,0,0,NONE,NONE,False,,,4
6211,2500.0,3050.0,0.0,0.085,0.0,0.0,0.0,0,0,0,NONE,NONE,False,,,4
6212,2550.0,3050.0,0.0,0.085,0.0,0.0,0.0,0,0,0,NONE,NONE,False,,,4
6213,2600.0,3050.0,0.0,0.085,0.0,0.0,0.0,0,0,0,NONE,NONE,False,,,5
6214,2650.0,3050.0,0.0,0.085,0.0,0.0,0.0,0,0,0,NONE,NONE,False,,,5
6215,2700.0,3050.0,0.0,0.085,0.0,0.0,0.0,0,0,0,NONE,NONE,False,,,6
6216,2750.0,3050.0,0.0,0.085,0.0,0.0,0.0,0,0,0,NONE,NONE,False,,,6
6217,2800.0,3050.0,0.0,0.085,0.0,0.0,0.0,0,0,0,NONE,NONE,False,,,5
6218,2850.0,3050.0,0.0,0.085,0.0,0.0,0.0,0,0,0,NONE,NONE,False,,,5
6219,2900.0,3050.0,0.0,0.085,0.0,0.0,0.0,0,0,0,NONE,NONE,False,,,6
6220,2950.0,3050.0,0.0,0.085,0.0,0.0,0.0,0,0,0,NONE,NONE,False,,,6
6221,3000.0,3050.0,0.0,0.085,0.0,0.0,0.0,0,0,0,NONE,NONE,False,,,5
6222,3050.0,3050.0,0.0,0.085,0.0,0.0,0.0,0,0,0,NONE,NONE,False,,,4
6223,3100.0,3050.0,0.0,0.085,0.0,0.0,0.0,0,0,0,NONE,NONE,False,,,3
6224,3150.0,3050.0,0.0,0.085,0.0,0.0,0.0,0,0,0,NONE,NONE,False,,,2
6225,3200.0,3050.0,0.0,10.0,1.0,0.0,1.0,1,0,0,NONE,NONE,False,,,0
6226,3250.0,3050.0,0.0,10.0,1.0,0.0,1.0,1,0,0,NONE,NONE,False,,,0
6227,3300.0,3050.0,0.0,10.0,1.0,0.0,1.0,1,0,0,NONE,NONE,False,,,0
6228,3350.0,3050.0,0.0,10.0,1.0,0.0,1.0,1,0,0,NONE,NONE,False,,,0
6229,3400.0,3050.0,0.0,10.0,1.0,0.0,1.0,1,0,0,NONE,NONE,False,,,0
6230,3450.0,3050.0,0.0,10.0,1.0,0.0,1.0,1,0,0,NONE,NONE,False,,,0
6231,3500.0,3050.0,0.0,10.0,1.0,0.0,1.0,1,0,0,NONE,NONE,False,,,0
6232,3550.0,3050.0,0.0,10.0,1.0,0.0,1.0,1,0,0,NONE,NONE,False,,,0
6233,3600.0,3050.0,0.0,0.085,0.0,0.0,0.0,0,0,0,NONE,NONE,False,,,1
6234,3650.0,3050.0,0.0,0.085,0.0,0.0,0.0,0,0,0,NONE,NONE,False,,,1
6235,3700.0,3050.0,0.0,0.085,0.0,0.0,0.0,0,0,0,NONE,NONE,False,,,0
6236,3750.0,3050.0,0.0,0.085,0.0,0.0,0.0,0,0,0,NONE,NONE,False,,,0
6237,3800.0,3050.0,0.0,0.085,0.0,0.0,0.0,0,0,0,NONE,NONE,False,,,0
6238,3850.0,3050.0,0.0,0.085,0.0,0.0,0.0,0,0,0,NONE,NONE,False,,,0
6239,3900.0,3050.0,0.0,0.085,0.0,0.0,0.0,0,0,0,NONE,NONE,False,,,0
6240,3950.0,3050.0,0.0,0.085,0.0,0.0,0.0,0,0,0,NONE,NONE,False,,,0
6241,4000.0,3050.0,0.0,0.085,0.0,0.0,0.0,0,0,0,NONE,NONE,False,,,0
6242,4050.0,3050.0,0.0,0.085,0.0,0.0,0.0,0,0,0,NONE,NONE,False,,,0
6243,4100.0,3050.0,0.0,0.085,0.0,0.0,0.0,0,0,0,NONE,NONE,False,,,1
6244,4150.0,3050.0,0.0,0.085,0.0,0.0,0.0,0,0,0,NONE,NONE,False,,,1
6245,4200.0,3050.0,0.0,0.085,0.0,0.0,0.0,0,0,0,NONE,NONE,False,,,2
6246,4250.0,3050.0,0.0,0.085,0.0,0.0,0.0,0,0,0,NONE,NONE,False,,,2
6247,4300.0,3050.0,0.0,0.085,0.0,0.0,0.0,0,0,0,NONE,NONE,False,,,3
6248,4350.0,3050.0,0.0,0.085,0.0,0.0,0.0,0,0,0,NONE,NONE,False,,,4
6249,4400.0,3050.0,0.0,0.085,0.0,0.0,0.0,0,0,0,NONE,NONE,False,,,4
6250,4450.0,3050.0,0.0,0.085,0.0,0.0,0.0,0,0,0,NONE,NONE,False,,,4
6251,4500.0,3050.0,0.0,0.085,0.0,0.0,0.0,0,0,0,NONE,NONE,False,,,4
6252,4550.0,3050.0,0.0,0.085,0.0,0.0,0.0,0,0,0,NONE,NONE,False,,,2
6253,4600.0,3050.0,0.0,0.085,0.0,0.0,0.0,0,0,0,NONE,NONE,False,,,4
6254,4650.0,3050.0,0.0,0.085,0.0,0.0,0.0,0,0,0,NONE,NONE,False,,,4
6255,4700.0,3050.0,0.0,0.085,0.0,0.0,0.0,0,0,0,NONE,NONE,False,,,5
6256,4750.0,3050.0,0.0,0.085,0.0,0.0,0.0,0,0,0,NONE,NONE,False,,,4
6257,4800.0,3050.0,0.0,0.085,0.0,0.0,0.0,0,0,0,NONE,NONE,False,,,5
6258,4850.0,3050.0,0.0,0.085,0.0,0.0,0.0,0,0,0,NONE,NONE,False,,,6
6259,4900.0,3050.0,0.0,0.085,0.0,0.0,0.0,0,0,0,NONE,NONE,False,,,5
6260,4950.0,3050.0,0.0,0.085,0.0,0.0,0.0,0,0,0,NONE,NONE,False,,,4
6261,5000.0,3050.0,0.0,0.085,0.0,0.0,0.0,0,0,0,NONE,NONE,False,,,2
6262,0.0,3100.0,0.0,0.085,0.0,0.0,0.0,0,0,0,NONE,NONE,False,,,3
6263,50.0,3100.0,0.0,0.085,0.0,0.0,0.0,0,0,0,NONE,NONE,False,,,4
6264,100.0,3100.0,0.0,0.085,0.0,0.0,0.0,0,0,0,NONE,NONE,False,,,5
6265,150.0,3100.0,0.0,0.085,0.0,0.0,0.0,0,0,0,NONE,NONE,False,,,6
6266,200.0,3100.0,0.0,0.085,0.0,0.0,0.0,0,0,0,NONE,NONE,False,,,7
6267,250.0,3100.0,0.0,0.085,0.0,0.0,0.0,0,0,0,NONE,NONE,False,,,7
6268,300.0,3100.0,0.0,0.085,0.0,0.0,0.0,0,0,0,NONE,NONE,False,,,8
6269,350.0,3100.0,0.0,0.085,0.0,0.0,0.0,0,0,0,NONE,NONE,False,,,8
6270,400.0,3100.0,0.0,0.085,0.0,0.0,0.0,0,0,0,NONE,NONE,False,,,7
6271,450.0,3100.0,0.0,0.085,0.0,0.0,0.0,0,0,0,NONE,NONE,False,,,8
6272,500.0,3100.0,0.0,0.085,0.0,0.0,0.0,0,0,0,NONE,NONE,False,,,8
6273,550.0,3100.0,0.0,0.085,0.0,0.0,0.0,0,0,0,NONE,NONE,False,,,8
6274,600.0,3100.0,0.0,0.085,0.0,0.0,0.0,0,0,0,NONE,NONE,False,,,8
6275,650.0,3100.0,0.0,0.085,0.0,0.0,0.0,0,0,0,NONE,NONE,False,,,9
6276,700.0,3100.0,0.0,0.085,0.0,0.0,0.0,0,0,0,NONE,NONE,False,,,8
6277,750.0,3100.0,0.0,0.085,0.0,0.0,0.0,0,0,0,NONE,NONE,False,,,6
6278,800.0,3100.0,0.0,0.085,0.0,0.0,0.0,0,0,0,NONE,NONE,False,,,10
6279,850.0,3100.0,0.0,0.085,0.0,0.0,0.0,0,0,0,NONE,NONE,False,,,9
6280,900.0,3100.0,0.0,0.085,0.0,0.0,0.0,0,0,0,NONE,NONE,False,,,7
6281,950.0,3100.0,0.0,0.085,0.0,0.0,0.0,0,0,0,NONE,NONE,False,,,6
6282,1000.0,3100.0,0.0,0.085,0.0,0.0,0.0,0,0,0,NONE,NONE,False,,,4
6283,1050.0,3100.0,0.0,0.085,0.0,0.0,0.0,0,0,0,NONE,NONE,False,,,4
6284,1100.0,3100.0,0.0,0.085,0.0,0.0,0.0,0,0,0,NONE,NONE,False,,,4
6285,1150.0,3100.0,0.0,0.085,0.0,0.0,0.0,0,0,0,NONE,NONE,False,,,3
6286,1200.0,3100.0,0.0,0.085,0.0,0.0,0.0,0,0,0,NONE,NONE,False,,,3
6287,1250.0,3100.0,0.0,10.0,0.0,1.0,1.0,0,1,0,NONE,NONE,False,,,0
6288,1300.0,3100.0,0.0,0.085,0.0,0.0,0.0,0,0,0,NONE,NONE,False,,,2
6289,1350.0,3100.0,0.0,0.085,0.0,0.0,0.0,0,0,0,NONE,NONE,False,,,2
6290,1400.0,3100.0,0.0,0.085,0.0,0.0,0.0,0,0,0,NONE,NONE,False,,,2
6291,1450.0,3100.0,0.0,0.085,0.0,0.0,0.0,0,0,0,NONE,NONE,False,,,2
6292,1500.0,3100.0,0.0,0.085,0.0,0.0,0.0,0,0,0,NONE,NONE,False,,,1
6293,1550.0,3100.0,0.0,0.085,0.0,0.0,0.0,0,0,0,NONE,NONE,False,,,1
6294,1600.0,3100.0,0.0,0.085,0.0,0.0,0.0,0,0,0,NONE,NONE,False,,,1
6295,1650.0,3100.0,0.0,0.085,0.0,0.0,0.0,0,0,0,NONE,NONE,False,,,0
6296,1700.0,3100.0,0.0,0.085,0.0,0.0,0.0,0,0,0,NONE,NONE,False,,,0
6297,1750.0,3100.0,0.0,0.085,0.0,0.0,0.0,0,0,0,NONE,NONE,False,,,0
6298,1800.0,3100.0,0.0,0.085,0.0,0.0,0.0,0,0,0,NONE,NONE,False,,,0
6299,1850.0,3100.0,0.0,10.0,1.0,0.0,1.0,1,0,0,NONE,NONE,False,,,0
6300,1900.0,3100.0,0.0,10.0,1.0,0.0,1.0,1,0,0,NONE,NONE,False,,,0
6301,1950.0,3100.0,0.0,10.0,1.0,0.0,1.0,1,0,0,NONE,NONE,False,,,0
6302,2000.0,3100.0,0.0,10.0,1.0,0.0,1.0,1,0,0,NONE,NONE,False,,,0
6303,2050.0,3100.0,0.0,10.0,1.0,0.0,1.0,1,0,0,NONE,NONE,False,,,0
6304,2100.0,3100.0,0.0,10.0,1.0,0.0,1.0,1,0,0,NONE,NONE,False,,,0
6305,2150.0,3100.0,0.0,10.0,1.0,0.0,1.0,1,0,0,NONE,NONE,False,,,0
6306,2200.0,3100.0,0.0,0.085,0.0,0.0,0.0,0,0,0,NONE,NONE,False,,,1
6307,2250.0,3100.0,0.0,0.085,0.0,0.0,0.0,0,0,0,NONE,NONE,False,,,2
6308,2300.0,3100.0,0.0,0.085,0.0,0.0,0.0,0,0,0,NONE,NONE,False,,,2
6309,2350.0,3100.0,0.0,0.085,0.0,0.0,0.0,0,0,0,NONE,NONE,False,,,3
6310,2400.0,3100.0,0.0,0.085,0.0,0.0,0.0,0,0,0,NONE,NONE,False,,,4
6311,2450.0,3100.0,0.0,0.085,0.0,0.0,0.0,0,0,0,NONE,NONE,False,,,5
6312,2500.0,3100.0,0.0,0.085,0.0,0.0,0.0,0,0,0,NONE,NONE,False,,,4
6313,2550.0,3100.0,0.0,0.085,0.0,0.0,0.0,0,0,0,NONE,NONE,False,,,5
6314,2600.0,3100.0,0.0,0.085,0.0,0.0,0.0,0,0,0,NONE,NONE,False,,,5
6315,2650.0,3100.0,0.0,0.085,0.0,0.0,0.0,0,0,0,NONE,NONE,False,,,6
6316,2700.0,3100.0,0.0,0.085,0.0,0.0,0.0,0,0,0,NONE,NONE,False,,,6
6317,2750.0,3100.0,0.0,0.085,0.0,0.0,0.0,0,0,0,NONE,NONE,False,,,6
6318,2800.0,3100.0,0.0,0.085,0.0,0.0,0.0,0,0,0,NONE,NONE,False,,,5
6319,2850.0,3100.0,0.0,0.085,0.0,0.0,0.0,0,0,0,NONE,NONE,False,,,7
6320,2900.0,3100.0,0.0,0.085,0.0,0.0,0.0,0,0,0,NONE,NONE,False,,,6
6321,2950.0,3100.0,0.0,0.085,0.0,0.0,0.0,0,0,0,NONE,NONE,False,,,5
6322,3000.0,3100.0,0.0,0.085,0.0,0.0,0.0,0,0,0,NONE,NONE,False,,,4
6323,3050.0,3100.0,0.0,0.085,0.0,0.0,0.0,0,0,0,NONE,NONE,False,,,3
6324,3100.0,3100.0,0.0,0.085,0.0,0.0,0.0,0,0,0,NONE,NONE,False,,,2
6325,3150.0,3100.0,0.0,10.0,1.0,0.0,1.0,1,0,0,NONE,NONE,False,,,0
6326,3200.0,3100.0,0.0,10.0,1.0,0.0,1.0,1,0,0,NONE,NONE,False,,,0
6327,3250.0,3100.0,0.0,10.0,1.0,0.0,1.0,1,0,0,NONE,NONE,False,,,0
6328,3300.0,3100.0,0.0,10.0,1.0,0.0,1.0,1,0,0,NONE,NONE,False,,,0
6329,3350.0,3100.0,0.0,10.0,1.0,0.0,1.0,1,0,0,NONE,NONE,False,,,0
6330,3400.0,3100.0,0.0,10.0,1.0,0.0,1.0,1,0,0,NONE,NONE,False,,,0
6331,3450.0,3100.0,0.0,10.0,1.0,0.0,1.0,1,0,0,NONE,NONE,False,,,0
6332,3500.0,3100.0,0.0,10.0,1.0,0.0,1.0,1,0,0,NONE,NONE,False,,,0
6333,3550.0,3100.0,0.0,10.0,1.0,0.0,1.0,1,0,0,NONE,NONE,False,,,0
6334,3600.0,3100.0,0.0,0.085,0.0,0.0,0.0,0,0,0,NONE,NONE,False,,,0
6335,3650.0,3100.0,0.0,0.085,0.0,0.0,0.0,0,0,0,NONE,NONE,False,,,0
6336,3700.0,3100.0,0.0,0.085,0.0,0.0,0.0,0,0,0,NONE,NONE,False,,,0
6337,3750.0,3100.0,0.0,10.0,1.0,0.0,1.0,1,0,0,NONE,NONE,False,,,0
6338,3800.0,3100.0,0.0,10.0,1.0,0.0,1.0,1,0,0,NONE,NONE,False,,,0
6339,3850.0,3100.0,0.0,10.0,1.0,0.0,1.0,1,0,0,NONE,NONE,False,,,0
6340,3900.0,3100.0,0.0,10.0,1.0,0.0,1.0,1,0,0,NONE,NONE,False,,,0
6341,3950.0,3100.0,0.0,0.085,0.0,0.0,0.0,0,0,0,NONE,NONE,False,,,0
6342,4000.0,3100.0,0.0,0.085,0.0,0.0,0.0,0,0,0,NONE,NONE,False,,,0
6343,4050.0,3100.0,0.0,0.085,0.0,0.0,0.0,0,0,0,NONE,NONE,False,,,0
6344,4100.0,3100.0,0.0,0.085,0.0,0.0,0.0,0,0,0,NONE,NONE,False,,,1
6345,4150.0,3100.0,0.0,0.085,0.0,0.0,0.0,0,0,0,NONE,NONE,False,,,1
6346,4200.0,3100.0,0.0,0.085,0.0,0.0,0.0,0,0,0,NONE,NONE,False,,,2
6347,4250.0,3100.0,0.0,0.085,0.0,0.0,0.0,0,0,0,NONE,NONE,False,,,2
6348,4300.0,3100.0,0.0,0.085,0.0,0.0,0.0,0,0,0,NONE,NONE,False,,,4
6349,4350.0,3100.0,0.0,0.085,0.0,0.0,0.0,0,0,0,NONE,NONE,False,,,4
6350,4400.0,3100.0,0.0,0.085,0.0,0.0,0.0,0,0,0,NONE,NONE,False,,,3
6351,4450.0,3100.0,0.0,0.085,0.0,0.0,0.0,0,0,0,NONE,NONE,False,,,4
6352,4500.0,3100.0,0.0,0.085,0.0,0.0,0.0,0,0,0,NONE,NONE,False,,,3
6353,4550.0,3100.0,0.0,0.085,0.0,0.0,0.0,0,0,0,NONE,NONE,False,,,2
6354,4600.0,3100.0,0.0,0.085,0.0,0.0,0.0,0,0,0,NONE,NONE,False,,,3
6355,4650.0,3100.0,0.0,0.085,0.0,0.0,0.0,0,0,0,NONE,NONE,False,,,4
6356,4700.0,3100.0,0.0,0.085,0.0,0.0,0.0,0,0,0,NONE,NONE,False,,,5
6357,4750.0,3100.0,0.0,0.085,0.0,0.0,0.0,0,0,0,NONE,NONE,False,,,4
6358,4800.0,3100.0,0.0,0.085,0.0,0.0,0.0,0,0,0,NONE,NONE,False,,,5
6359,4850.0,3100.0,0.0,0.085,0.0,0.0,0.0,0,0,0,NONE,NONE,False,,,5
6360,4900.0,3100.0,0.0,0.085,0.0,0.0,0.0,0,0,0,NONE,NONE,False,,,5
6361,4950.0,3100.0,0.0,0.085,0.0,0.0,0.0,0,0,0,NONE,NONE,False,,,4
6362,5000.0,3100.0,0.0,0.085,0.0,0.0,0.0,0,0,0,NONE,NONE,False,,,2
6363,0.0,3150.0,0.0,0.085,0.0,0.0,0.0,0,0,0,NONE,NONE,False,,,3
6364,50.0,3150.0,0.0,0.085,0.0,0.0,0.0,0,0,0,NONE,NONE,False,,,4
6365,100.0,3150.0,0.0,0.085,0.0,0.0,0.0,0,0,0,NONE,NONE,False,,,5
6366,150.0,3150.0,0.0,0.085,0.0,0.0,0.0,0,0,0,NONE,NONE,False,,,7
6367,200.0,3150.0,0.0,0.085,0.0,0.0,0.0,0,0,0,NONE,NONE,False,,,8
6368,250.0,3150.0,0.0,0.085,0.0,0.0,0.0,0,0,0,NONE,NONE,False,,,8
6369,300.0,3150.0,0.0,0.085,0.0,0.0,0.0,0,0,0,NONE,NONE,False,,,7
6370,350.0,3150.0,0.0,0.085,0.0,0.0,0.0,0,0,0,NONE,NONE,False,,,9
6371,400.0,3150.0,0.0,0.085,0.0,0.0,0.0,0,0,0,NONE,NONE,False,,,9
6372,450.0,3150.0,0.0,0.085,0.0,0.0,0.0,0,0,0,NONE,NONE,False,,,8
6373,500.0,3150.0,0.0,0.085,0.0,0.0,0.0,0,0,0,NONE,NONE,False,,,7
6374,550.0,3150.0,0.0,0.085,0.0,0.0,0.0,0,0,0,NONE,NONE,False,,,7
6375,600.0,3150.0,0.0,0.085,0.0,0.0,0.0,0,0,0,NONE,NONE,False,,,10
6376,650.0,3150.0,0.0,0.085,0.0,0.0,0.0,0,0,0,NONE,NONE,False,,,10
6377,700.0,3150.0,0.0,0.085,0.0,0.0,0.0,0,0,0,NONE,NONE,False,,,7
6378,750.0,3150.0,0.0,0.085,0.0,0.0,0.0,0,0,0,NONE,NONE,False,,,10
6379,800.0,3150.0,0.0,0.085,0.0,0.0,0.0,0,0,0,NONE,NONE,False,,,9
6380,850.0,3150.0,0.0,0.085,0.0,0.0,0.0,0,0,0,NONE,NONE,False,,,9
6381,900.0,3150.0,0.0,0.085,0.0,0.0,0.0,0,0,0,NONE,NONE,False,,,7
6382,950.0,3150.0,0.0,0.085,0.0,0.0,0.0,0,0,0,NONE,NONE,False,,,5
6383,1000.0,3150.0,0.0,0.085,0.0,0.0,0.0,0,0,0,NONE,NONE,False,,,4
6384,1050.0,3150.0,0.0,0.085,0.0,0.0,0.0,0,0,0,NONE,NONE,False,,,4
6385,1100.0,3150.0,0.0,10.0,0.0,1.0,1.0,0,1,0,NONE,NONE,False,,,0
6386,1150.0,3150.0,0.0,10.0,0.0,1.0,1.0,0,1,0,NONE,NONE,False,,,0
6387,1200.0,3150.0,0.0,10.0,0.0,1.0,1.0,0,1,0,NONE,NONE,False,,,0
6388,1250.0,3150.0,0.0,10.0,0.0,1.0,1.0,0,1,0,NONE,NONE,False,,,0
6389,1300.0,3150.0,0.0,10.0,0.0,1.0,1.0,0,1,0,NONE,NONE,False,,,0
6390,1350.0,3150.0,0.0,10.0,0.0,1.0,1.0,0,1,0,NONE,NONE,False,,,0
6391,1400.0,3150.0,0.0,10.0,0.0,1.0,1.0,0,1,0,NONE,NONE,False,,,0
6392,1450.0,3150.0,0.0,0.085,0.0,0.0,0.0,0,0,0,NONE,NONE,False,,,1
6393,1500.0,3150.0,0.0,0.085,0.0,0.0,0.0,0,0,0,NONE,NONE,False,,,1
6394,1550.0,3150.0,0.0,0.085,0.0,0.0,0.0,0,0,0,NONE,NONE,False,,,1
6395,1600.0,3150.0,0.0,0.085,0.0,0.0,0.0,0,0,0,NONE,NONE,False,,,0
6396,1650.0,3150.0,0.0,0.085,0.0,0.0,0.0,0,0,0,NONE,NONE,False,,,0
6397,1700.0,3150.0,0.0,0.085,0.0,0.0,0.0,0,0,0,NONE,NONE,False,,,0
6398,1750.0,3150.0,0.0,0.085,0.0,0.0,0.0,0,0,0,NONE,NONE,False,,,0
6399,1800.0,3150.0,0.0,0.085,0.0,0.0,0.0,0,0,0,NONE,NONE,False,,,0
6400,1850.0,3150.0,0.0,0.085,0.0,0.0,0.0,0,0,0,NONE,NONE,False,,,0
6401,1900.0,3150.0,0.0,10.0,1.0,0.0,1.0,1,0,0,NONE,NONE,False,,,0
6402,1950.0,3150.0,0.0,10.0,1.0,0.0,1.0,1,0,0,NONE,NONE,False,,,0
6403,2000.0,3150.0,0.0,10.0,1.0,0.0,1.0,1,0,0,NONE,NONE,False,,,0
6404,2050.0,3150.0,0.0,10.0,1.0,0.0,1.0,1,0,0,NONE,NONE,False,,,0
6405,2100.0,3150.0,0.0,10.0,1.0,0.0,1.0,1,0,0,NONE,NONE,False,,,0
6406,2150.0,3150.0,0.0,0.085,0.0,0.0,0.0,0,0,0,NONE,NONE,False,,,1
6407,2200.0,3150.0,0.0,0.085,0.0,0.0,0.0,0,0,0,NONE,NONE,False,,,2
6408,2250.0,3150.0,0.0,0.085,0.0,0.0,0.0,0,0,0,NONE,NONE,False,,,2
6409,2300.0,3150.0,0.0,0.085,0.0,0.0,0.0,0,0,0,NONE,NONE,False,,,2
6410,2350.0,3150.0,0.0,0.085,0.0,0.0,0.0,0,0,0,NONE,NONE,False,,,4
6411,2400.0,3150.0,0.0,0.085,0.0,0.0,0.0,0,0,0,NONE,NONE,False,,,5
6412,2450.0,3150.0,0.0,0.085,0.0,0.0,0.0,0,0,0,NONE,NONE,False,,,5
6413,2500.0,3150.0,0.0,0.085,0.0,0.0,0.0,0,0,0,NONE,NONE,False,,,5
6414,2550.0,3150.0,0.0,0.085,0.0,0.0,0.0,0,0,0,NONE,NONE,False,,,5
6415,2600.0,3150.0,0.0,0.085,0.0,0.0,0.0,0,0,0,NONE,NONE,False,,,6
6416,2650.0,3150.0,0.0,0.085,0.0,0.0,0.0,0,0,0,NONE,NONE,False,,,6
6417,2700.0,3150.0,0.0,0.085,0.0,0.0,0.0,0,0,0,NONE,NONE,False,,,6
6418,2750.0,3150.0,0.0,0.085,0.0,0.0,0.0,0,0,0,NONE,NONE,False,,,5
6419,2800.0,3150.0,0.0,0.085,0.0,0.0,0.0,0,0,0,NONE,NONE,False,,,7
6420,2850.0,3150.0,0.0,0.085,0.0,0.0,0.0,0,0,0,NONE,NONE,False,,,6
6421,2900.0,3150.0,0.0,0.085,0.0,0.0,0.0,0,0,0,NONE,NONE,False,,,5
6422,2950.0,3150.0,0.0,0.085,0.0,0.0,0.0,0,0,0,NONE,NONE,False,,,4
6423,3000.0,3150.0,0.0,0.085,0.0,0.0,0.0,0,0,0,NONE,NONE,False,,,3
6424,3050.0,3150.0,0.0,0.085,0.0,0.0,0.0,0,0,0,NONE,NONE,False,,,2
6425,3100.0,3150.0,0.0,0.085,0.0,0.0,0.0,0,0,0,NONE,NONE,False,,,2
6426,3150.0,3150.0,0.0,10.0,1.0,0.0,1.0,1,0,0,NONE,NONE,False,,,0
6427,3200.0,3150.0,0.0,10.0,1.0,0.0,1.0,1,0,0,NONE,NONE,False,,,0
6428,3250.0,3150.0,0.0,10.0,1.0,0.0,1.0,1,0,0,NONE,NONE,False,,,0
6429,3300.0,3150.0,0.0,10.0,1.0,0.0,1.0,1,0,0,NONE,NONE,False,,,0
6430,3350.0,3150.0,0.0,10.0,1.0,0.0,1.0,1,0,0,NONE,NONE,False,,,0
6431,3400.0,3150.0,0.0,10.0,1.0,0.0,1.0,1,0,0,NONE,NONE,False,,,0
6432,3450.0,3150.0,0.0,10.0,1.0,0.0,1.0,1,0,0,NONE,NONE,False,,,0
6433,3500.0,3150.0,0.0,10.0,1.0,0.0,1.0,1,0,0,NONE,NONE,False,,,0
6434,3550.0,3150.0,0.0,10.0,1.0,0.0,1.0,1,0,0,NONE,NONE,False,,,0
6435,3600.0,3150.0,0.0,10.0,1.0,0.0,1.0,1,0,0,NONE,NONE,False,,,0
6436,3650.0,3150.0,0.0,0.085,0.0,0.0,0.0,0,0,0,NONE,NONE,False,,,0
6437,3700.0,3150.0,0.0,10.0,1.0,0.0,1.0,1,0,0,NONE,NONE,False,,,0
6438,3750.0,3150.0,0.0,10.0,1.0,0.0,1.0,1,0,0,NONE,NONE,False,,,0
6439,3800.0,3150.0,0.0,10.0,1.0,0.0,1.0,1,0,0,NONE,NONE,False,,,0
6440,3850.0,3150.0,0.0,10.0,1.0,0.0,1.0,1,0,0,NONE,NONE,False,,,0
6441,3900.0,3150.0,0.0,10.0,1.0,0.0,1.0,1,0,0,NONE,NONE,False,,,0
6442,3950.0,3150.0,0.0,10.0,1.0,0.0,1.0,1,0,0,NONE,NONE,False,,,0
6443,4000.0,3150.0,0.0,0.085,0.0,0.0,0.0,0,0,0,NONE,NONE,False,,,0
6444,4050.0,3150.0,0.0,0.085,0.0,0.0,0.0,0,0,0,NONE,NONE,False,,,0
6445,4100.0,3150.0,0.0,0.085,0.0,0.0,0.0,0,0,0,NONE,NONE,False,,,1
6446,4150.0,3150.0,0.0,0.085,0.0,0.0,0.0,0,0,0,NONE,NONE,False,,,1
6447,4200.0,3150.0,0.0,0.085,0.0,0.0,0.0,0,0,0,NONE,NONE,False,,,2
6448,4250.0,3150.0,0.0,0.085,0.0,0.0,0.0,0,0,0,NONE,NONE,False,,,3
6449,4300.0,3150.0,0.0,0.085,0.0,0.0,0.0,0,0,0,NONE,NONE,False,,,4
6450,4350.0,3150.0,0.0,0.085,0.0,0.0,0.0,0,0,0,NONE,NONE,False,,,3
6451,4400.0,3150.0,0.0,0.085,0.0,0.0,0.0,0,0,0,NONE,NONE,False,,,3
6452,4450.0,3150.0,0.0,0.085,0.0,0.0,0.0,0,0,0,NONE,NONE,False,,,2
6453,4500.0,3150.0,0.0,0.085,0.0,0.0,0.0,0,0,0,NONE,NONE,False,,,3
6454,4550.0,3150.0,0.0,0.085,0.0,0.0,0.0,0,0,0,NONE,NONE,False,,,2
6455,4600.0,3150.0,0.0,0.085,0.0,0.0,0.0,0,0,0,NONE,NONE,False,,,3
6456,4650.0,3150.0,0.0,0.085,0.0,0.0,0.0,0,0,0,NONE,NONE,False,,,3
6457,4700.0,3150.0,0.0,0.085,0.0,0.0,0.0,0,0,0,NONE,NONE,False,,,4
6458,4750.0,3150.0,0.0,0.085,0.0,0.0,0.0,0,0,0,NONE,NONE,False,,,4
6459,4800.0,3150.0,0.0,0.085,0.0,0.0,0.0,0,0,0,NONE,NONE,False,,,5
6460,4850.0,3150.0,0.0,0.085,0.0,0.0,0.0,0,0,0,NONE,NONE,False,,,5
6461,4900.0,3150.0,0.0,0.085,0.0,0.0,0.0,0,0,0,NONE,NONE,False,,,5
6462,4950.0,3150.0,0.0,0.085,0.0,0.0,0.0,0,0,0,NONE,NONE,False,,,4
6463,5000.0,3150.0,0.0,0.085,0.0,0.0,0.0,0,0,0,NONE,NONE,False,,,2
6464,0.0,3200.0,0.0,0.085,0.0,0.0,0.0,0,0,0,NONE,NONE,False,,,3
6465,50.0,3200.0,0.0,0.085,0.0,0.0,0.0,0,0,0,NONE,NONE,False,,,3
6466,100.0,3200.0,0.0,0.085,0.0,0.0,0.0,0,0,0,NONE,NONE,False,,,6
6467,150.0,3200.0,0.0,0.085,0.0,0.0,0.0,0,0,0,NONE,NONE,True,minor,TN22,7
6468,200.0,3200.0,0.0,0.085,0.0,0.0,0.0,0,0,0,NONE,NONE,False,,,8
6469,250.0,3200.0,0.0,0.085,0.0,0.0,0.0,0,0,0,NONE,NONE,False,,,8
6470,300.0,3200.0,0.0,0.085,0.0,0.0,0.0,0,0,0,NONE,NONE,False,,,8
6471,350.0,3200.0,0.0,0.085,0.0,0.0,0.0,0,0,0,NONE,NONE,False,,,9
6472,400.0,3200.0,0.0,0.085,0.0,0.0,0.0,0,0,0,NONE,NONE,False,,,11
6473,450.0,3200.0,0.0,0.085,0.0,0.0,0.0,0,0,0,NONE,NONE,False,,,8
6474,500.0,3200.0,0.0,0.085,0.0,0.0,0.0,0,0,0,NONE,NONE,False,,,8
6475,550.0,3200.0,0.0,0.085,0.0,0.0,0.0,0,0,0,NONE,NONE,False,,,9
6476,600.0,3200.0,0.0,0.085,0.0,0.0,0.0,0,0,0,NONE,NONE,False,,,9
6477,650.0,3200.0,0.0,0.085,0.0,0.0,0.0,0,0,0,NONE,NONE,False,,,9
6478,700.0,3200.0,0.0,0.085,0.0,0.0,0.0,0,0,0,NONE,NONE,False,,,9
6479,750.0,3200.0,0.0,0.085,0.0,0.0,0.0,0,0,0,NONE,NONE,False,,,9
6480,800.0,3200.0,0.0,0.085,0.0,0.0,0.0,0,0,0,NONE,NONE,False,,,9
6481,850.0,3200.0,0.0,0.085,0.0,0.0,0.0,0,0,0,NONE,NONE,False,,,8
6482,900.0,3200.0,0.0,0.085,0.0,0.0,0.0,0,0,0,NONE,NONE,False,,,5
6483,950.0,3200.0,0.0,0.085,0.0,0.0,0.0,0,0,0,NONE,NONE,False,,,4
6484,1000.0,3200.0,0.0,10.0,0.0,1.0,1.0,0,1,0,NONE,NONE,False,,,0
6485,1050.0,3200.0,0.0,10.0,0.0,1.0,1.0,0,1,0,NONE,NONE,False,,,0
6486,1100.0,3200.0,0.0,10.0,0.0,1.0,1.0,0,1,0,NONE,NONE,False,,,0
6487,1150.0,3200.0,0.0,10.0,0.0,1.0,1.0,0,1,0,NONE,NONE,False,,,0
6488,1200.0,3200.0,0.0,10.0,0.0,1.0,1.0,0,1,0,NONE,NONE,False,,,0
6489,1250.0,3200.0,0.0,10.0,0.0,1.0,1.0,0,1,0,NONE,NONE,False,,,0
6490,1300.0,3200.0,0.0,10.0,0.0,1.0,1.0,0,1,0,NONE,NONE,False,,,0
6491,1350.0,3200.0,0.0,10.0,0.0,1.0,1.0,0,1,0,NONE,NONE,False,,,0
6492,1400.0,3200.0,0.0,10.0,0.0,1.0,1.0,0,1,0,NONE,NONE,False,,,0
6493,1450.0,3200.0,0.0,10.0,0.0,1.0,1.0,0,1,0,NONE,NONE,False,,,0
6494,1500.0,3200.0,0.0,10.0,0.0,1.0,1.0,0,1,0,NONE,NONE,False,,,0
6495,1550.0,3200.0,0.0,0.085,0.0,0.0,0.0,0,0,0,NONE,NONE,False,,,0
6496,1600.0,3200.0,0.0,0.085,0.0,0.0,0.0,0,0,0,NONE,NONE,False,,,0
6497,1650.0,3200.0,0.0,0.085,0.0,0.0,0.0,0,0,0,NONE,NONE,False,,,0
6498,1700.0,3200.0,0.0,0.085,0.0,0.0,0.0,0,0,0,NONE,NONE,False,,,0
6499,1750.0,3200.0,0.0,0.085,0.0,0.0,0.0,0,0,0,NONE,NONE,False,,,0
6500,1800.0,3200.0,0.0,0.085,0.0,0.0,0.0,0,0,0,NONE,NONE,False,,,0
6501,1850.0,3200.0,0.0,10.0,1.0,0.0,1.0,1,0,0,NONE,NONE,False,,,0
6502,1900.0,3200.0,0.0,10.0,1.0,0.0,1.0,1,0,0,NONE,NONE,False,,,0
6503,1950.0,3200.0,0.0,10.0,1.0,0.0,1.0,1,0,0,NONE,NONE,False,,,0
6504,2000.0,3200.0,0.0,10.0,1.0,0.0,1.0,1,0,0,NONE,NONE,False,,,0
6505,2050.0,3200.0,0.0,10.0,1.0,0.0,1.0,1,0,0,NONE,NONE,False,,,0
6506,2100.0,3200.0,0.0,0.085,0.0,0.0,0.0,0,0,0,NONE,NONE,False,,,0
6507,2150.0,3200.0,0.0,0.085,0.0,0.0,0.0,0,0,0,NONE,NONE,False,,,1
6508,2200.0,3200.0,0.0,0.085,0.0,0.0,0.0,0,0,0,NONE,NONE,False,,,2
6509,2250.0,3200.0,0.0,0.085,0.0,0.0,0.0,0,0,0,NONE,NONE,False,,,2
6510,2300.0,3200.0,0.0,0.085,0.0,0.0,0.0,0,0,0,NONE,NONE,False,,,4
6511,2350.0,3200.0,0.0,0.085,0.0,0.0,0.0,0,0,0,NONE,NONE,False,,,5
6512,2400.0,3200.0,0.0,0.085,0.0,0.0,0.0,0,0,0,NONE,NONE,False,,,5
6513,2450.0,3200.0,0.0,0.085,0.0,0.0,0.0,0,0,0,NONE,NONE,False,,,5
6514,2500.0,3200.0,0.0,0.085,0.0,0.0,0.0,0,0,0,NONE,NONE,False,,,5
6515,2550.0,3200.0,0.0,0.085,0.0,0.0,0.0,0,0,0,NONE,NONE,False,,,6
6516,2600.0,3200.0,0.0,0.085,0.0,0.0,0.0,0,0,0,NONE,NONE,False,,,6
6517,2650.0,3200.0,0.0,0.085,0.0,0.0,0.0,0,0,0,NONE,NONE,False,,,6
6518,2700.0,3200.0,0.0,0.085,0.0,0.0,0.0,0,0,0,NONE,NONE,False,,,5
6519,2750.0,3200.0,0.0,0.085,0.0,0.0,0.0,0,0,0,NONE,NONE,False,,,7
6520,2800.0,3200.0,0.0,0.085,0.0,0.0,0.0,0,0,0,NONE,NONE,False,,,6
6521,2850.0,3200.0,0.0,0.085,0.0,0.0,0.0,0,0,0,NONE,NONE,False,,,5
6522,2900.0,3200.0,0.0,0.085,0.0,0.0,0.0,0,0,0,NONE,NONE,False,,,4
6523,2950.0,3200.0,0.0,0.085,0.0,0.0,0.0,0,0,0,NONE,NONE,False,,,3
6524,3000.0,3200.0,0.0,0.085,0.0,0.0,0.0,0,0,0,NONE,NONE,False,,,2
6525,3050.0,3200.0,0.0,0.085,0.0,0.0,0.0,0,0,0,NONE,NONE,False,,,2
6526,3100.0,3200.0,0.0,0.085,0.0,0.0,0.0,0,0,0,NONE,NONE,False,,,1
6527,3150.0,3200.0,0.0,10.0,1.0,0.0,1.0,1,0,0,NONE,NONE,False,,,0
6528,3200.0,3200.0,0.0,10.0,1.0,0.0,1.0,1,0,0,NONE,NONE,False,,,0
6529,3250.0,3200.0,0.0,10.0,1.0,0.0,1.0,1,0,0,NONE,NONE,False,,,0
6530,3300.0,3200.0,0.0,10.0,1.0,0.0,1.0,1,0,0,NONE,NONE,False,,,0
6531,3350.0,3200.0,0.0,10.0,1.0,0.0,1.0,1,0,0,NONE,NONE,False,,,0
6532,3400.0,3200.0,0.0,10.0,1.0,0.0,1.0,1,0,0,NONE,NONE,False,,,0
6533,3450.0,3200.0,0.0,10.0,1.0,0.0,1.0,1,0,0,NONE,NONE,False,,,0
6534,3500.0,3200.0,0.0,10.0,1.0,0.0,1.0,1,0,0,NONE,NONE,False,,,0
6535,3550.0,3200.0,0.0,10.0,1.0,0.0,1.0,1,0,0,NONE,NONE,False,,,0
6536,3600.0,3200.0,0.0,10.0,1.0,0.0,1.0,1,0,0,NONE,NONE,False,,,0
6537,3650.0,3200.0,0.0,10.0,1.0,0.0,1.0,1,0,0,NONE,NONE,False,,,0
6538,3700.0,3200.0,0.0,10.0,1.0,0.0,1.0,1,0,0,NONE,NONE,False,,,0
6539,3750.0,3200.0,0.0,10.0,1.0,0.0,1.0,1,0,0,NONE,NONE,False,,,0
6540,3800.0,3200.0,0.0,10.0,1.0,0.0,1.0,1,0,0,NONE,NONE,False,,,0
6541,3850.0,3200.0,0.0,10.0,1.0,0.0,1.0,1,0,0,NONE,NONE,False,,,0
6542,3900.0,3200.0,0.0,10.0,1.0,0.0,1.0,1,0,0,NONE,NONE,False,,,0
6543,3950.0,3200.0,0.0,10.0,1.0,0.0,1.0,1,0,0,NONE,NONE,False,,,0
6544,4000.0,3200.0,0.0,10.0,1.0,0.0,1.0,1,0,0,NONE,NONE,False,,,0
6545,4050.0,3200.0,0.0,0.085,0.0,0.0,0.0,0,0,0,NONE,NONE,False,,,1
6546,4100.0,3200.0,0.0,0.085,0.0,0.0,0.0,0,0,0,NONE,NONE,False,,,1
6547,4150.0,3200.0,0.0,0.085,0.0,0.0,0.0,0,0,0,NONE,NONE,False,,,1
6548,4200.0,3200.0,0.0,0.085,0.0,0.0,0.0,0,0,0,NONE,NONE,False,,,3
6549,4250.0,3200.0,0.0,0.085,0.0,0.0,0.0,0,0,0,NONE,NONE,False,,,3
6550,4300.0,3200.0,0.0,0.085,0.0,0.0,0.0,0,0,0,NONE,NONE,False,,,4
6551,4350.0,3200.0,0.0,0.085,0.0,0.0,0.0,0,0,0,NONE,NONE,False,,,3
6552,4400.0,3200.0,0.0,0.085,0.0,0.0,0.0,0,0,0,NONE,NONE,False,,,3
6553,4450.0,3200.0,0.0,0.085,0.0,0.0,0.0,0,0,0,NONE,NONE,False,,,2
6554,4500.0,3200.0,0.0,0.085,0.0,0.0,0.0,0,0,0,NONE,NONE,False,,,3
6555,4550.0,3200.0,0.0,0.085,0.0,0.0,0.0,0,0,0,NONE,NONE,False,,,1
6556,4600.0,3200.0,0.0,0.085,0.0,0.0,0.0,0,0,0,NONE,NONE,False,,,3
6557,4650.0,3200.0,0.0,0.085,0.0,0.0,0.0,0,0,0,NONE,NONE,False,,,3
6558,4700.0,3200.0,0.0,0.085,0.0,0.0,0.0,0,0,0,NONE,NONE,False,,,5
6559,4750.0,3200.0,0.0,0.085,0.0,0.0,0.0,0,0,0,NONE,NONE,False,,,4
6560,4800.0,3200.0,0.0,0.085,0.0,0.0,0.0,0,0,0,NONE,NONE,False,,,5
6561,4850.0,3200.0,0.0,0.085,0.0,0.0,0.0,0,0,0,NONE,NONE,False,,,6
6562,4900.0,3200.0,0.0,0.085,0.0,0.0,0.0,0,0,0,NONE,NONE,False,,,4
6563,4950.0,3200.0,0.0,0.085,0.0,0.0,0.0,0,0,0,NONE,NONE,False,,,4
6564,5000.0,3200.0,0.0,0.085,0.0,0.0,0.0,0,0,0,NONE,NONE,False,,,2
6565,0.0,3250.0,0.0,0.085,0.0,0.0,0.0,0,0,0,NONE,NONE,False,,,3
6566,50.0,3250.0,0.0,0.085,0.0,0.0,0.0,0,0,0,NONE,NONE,False,,,4
6567,100.0,3250.0,0.0,0.085,0.0,0.0,0.0,0,0,0,NONE,NONE,False,,,5
6568,150.0,3250.0,0.0,0.085,0.0,0.0,0.0,0,0,0,NONE,NONE,False,,,7
6569,200.0,3250.0,0.0,0.085,0.0,0.0,0.0,0,0,0,NONE,NONE,False,,,7
6570,250.0,3250.0,0.0,0.085,0.0,0.0,0.0,0,0,0,NONE,NONE,False,,,8
6571,300.0,3250.0,0.0,0.085,0.0,0.0,0.0,0,0,0,NONE,NONE,False,,,9
6572,350.0,3250.0,0.0,0.085,0.0,0.0,0.0,0,0,0,NONE,NONE,False,,,9
6573,400.0,3250.0,0.0,0.085,0.0,0.0,0.0,0,0,0,NONE,NONE,False,,,9
6574,450.0,3250.0,0.0,0.085,0.0,0.0,0.0,0,0,0,NONE,NONE,False,,,10
6575,500.0,3250.0,0.0,0.085,0.0,0.0,0.0,0,0,0,NONE,NONE,False,,,9
6576,550.0,3250.0,0.0,0.085,0.0,0.0,0.0,0,0,0,NONE,NONE,False,,,10
6577,600.0,3250.0,0.0,0.085,0.0,0.0,0.0,0,0,0,NONE,NONE,False,,,8
6578,650.0,3250.0,0.0,0.085,0.0,0.0,0.0,0,0,0,NONE,NONE,False,,,9
6579,700.0,3250.0,0.0,0.085,0.0,0.0,0.0,0,0,0,NONE,NONE,False,,,11
6580,750.0,3250.0,0.0,0.085,0.0,0.0,0.0,0,0,0,NONE,NONE,False,,,10
6581,800.0,3250.0,0.0,0.085,0.0,0.0,0.0,0,0,0,NONE,NONE,False,,,8
6582,850.0,3250.0,0.0,0.085,0.0,0.0,0.0,0,0,0,NONE,NONE,False,,,6
6583,900.0,3250.0,0.0,0.085,0.0,0.0,0.0,0,0,0,NONE,NONE,False,,,4
6584,950.0,3250.0,0.0,10.0,0.0,1.0,1.0,0,1,0,NONE,NONE,False,,,0
6585,1000.0,3250.0,0.0,10.0,0.0,1.0,1.0,0,1,0,NONE,NONE,False,,,0
6586,1050.0,3250.0,0.0,10.0,0.0,1.0,1.0,0,1,0,NONE,NONE,False,,,0
6587,1100.0,3250.0,0.0,10.0,0.0,1.0,1.0,0,1,0,NONE,NONE,False,,,0
6588,1150.0,3250.0,0.0,10.0,0.0,1.0,1.0,0,1,0,NONE,NONE,False,,,0
6589,1200.0,3250.0,0.0,10.0,0.0,1.0,1.0,0,1,0,NONE,NONE,False,,,0
6590,1250.0,3250.0,0.0,10.0,0.0,1.0,1.0,0,1,0,NONE,NONE,False,,,0
6591,1300.0,3250.0,0.0,10.0,0.0,1.0,1.0,0,1,0,NONE,NONE,False,,,0
6592,1350.0,3250.0,0.0,10.0,0.0,1.0,1.0,0,1,0,NONE,NONE,False,,,0
6593,1400.0,3250.0,0.0,10.0,0.0,1.0,1.0,0,1,0,NONE,NONE,False,,,0
6594,1450.0,3250.0,0.0,10.0,0.0,1.0,1.0,0,1,0,NONE,NONE,False,,,0
6595,1500.0,3250.0,0.0,10.0,0.0,1.0,1.0,0,1,0,NONE,NONE,False,,,0
6596,1550.0,3250.0,0.0,10.0,0.0,1.0,1.0,0,1,0,NONE,NONE,False,,,0
6597,1600.0,3250.0,0.0,0.085,0.0,0.0,0.0,0,0,0,NONE,NONE,False,,,0
6598,1650.0,3250.0,0.0,0.085,0.0,0.0,0.0,0,0,0,NONE,NONE,False,,,0
6599,1700.0,3250.0,0.0,0.085,0.0,0.0,0.0,0,0,0,NONE,NONE,False,,,0
6600,1750.0,3250.0,0.0,0.085,0.0,0.0,0.0,0,0,0,NONE,NONE,False,,,0
6601,1800.0,3250.0,0.0,10.0,1.0,0.0,1.0,1,0,0,NONE,NONE,False,,,0
6602,1850.0,3250.0,0.0,10.0,1.0,0.0,1.0,1,0,0,NONE,NONE,False,,,0
6603,1900.0,3250.0,0.0,10.0,1.0,0.0,1.0,1,0,0,NONE,NONE,False,,,0
6604,1950.0,3250.0,0.0,10.0,1.0,0.0,1.0,1,0,0,NONE,NONE,False,,,0
6605,2000.0,3250.0,0.0,10.0,1.0,0.0,1.0,1,0,0,NONE,NONE,False,,,0
6606,2050.0,3250.0,0.0,10.0,1.0,0.0,1.0,1,0,0,NONE,NONE,False,,,0
6607,2100.0,3250.0,0.0,10.0,1.0,0.0,1.0,1,0,0,NONE,NONE,False,,,0
6608,2150.0,3250.0,0.0,0.085,0.0,0.0,0.0,0,0,0,NONE,NONE,False,,,1
6609,2200.0,3250.0,0.0,0.085,0.0,0.0,0.0,0,0,0,NONE,NONE,False,,,2
6610,2250.0,3250.0,0.0,0.085,0.0,0.0,0.0,0,0,0,NONE,NONE,False,,,3
6611,2300.0,3250.0,0.0,0.085,0.0,0.0,0.0,0,0,0,NONE,NONE,False,,,5
6612,2350.0,3250.0,0.0,0.085,0.0,0.0,0.0,0,0,0,NONE,NONE,False,,,5
6613,2400.0,3250.0,0.0,0.085,0.0,0.0,0.0,0,0,0,NONE,NONE,False,,,5
6614,2450.0,3250.0,0.0,0.085,0.0,0.0,0.0,0,0,0,NONE,NONE,False,,,5
6615,2500.0,3250.0,0.0,0.085,0.0,0.0,0.0,0,0,0,NONE,NONE,False,,,6
6616,2550.0,3250.0,0.0,0.085,0.0,0.0,0.0,0,0,0,NONE,NONE,False,,,7
6617,2600.0,3250.0,0.0,0.085,0.0,0.0,0.0,0,0,0,NONE,NONE,False,,,6
6618,2650.0,3250.0,0.0,0.085,0.0,0.0,0.0,0,0,0,NONE,NONE,False,,,5
6619,2700.0,3250.0,0.0,0.085,0.0,0.0,0.0,0,0,0,NONE,NONE,False,,,7
6620,2750.0,3250.0,0.0,0.085,0.0,0.0,0.0,0,0,0,NONE,NONE,False,,,6
6621,2800.0,3250.0,0.0,0.085,0.0,0.0,0.0,0,0,0,NONE,NONE,False,,,5
6622,2850.0,3250.0,0.0,0.085,0.0,0.0,0.0,0,0,0,NONE,NONE,False,,,4
6623,2900.0,3250.0,0.0,0.085,0.0,0.0,0.0,0,0,0,NONE,NONE,False,,,3
6624,2950.0,3250.0,0.0,0.085,0.0,0.0,0.0,0,0,0,NONE,NONE,False,,,2
6625,3000.0,3250.0,0.0,0.085,0.0,0.0,0.0,0,0,0,NONE,NONE,False,,,2
6626,3050.0,3250.0,0.0,0.085,0.0,0.0,0.0,0,0,0,NONE,NONE,False,,,1
6627,3100.0,3250.0,0.0,0.085,0.0,0.0,0.0,0,0,0,NONE,NONE,False,,,0
6628,3150.0,3250.0,0.0,10.0,1.0,0.0,1.0,1,0,0,NONE,NONE,False,,,0
6629,3200.0,3250.0,0.0,10.0,1.0,0.0,1.0,1,0,0,NONE,NONE,False,,,0
6630,3250.0,3250.0,0.0,10.0,1.0,0.0,1.0,1,0,0,NONE,NONE,False,,,0
6631,3300.0,3250.0,0.0,10.0,1.0,0.0,1.0,1,0,0,NONE,NONE,False,,,0
6632,3350.0,3250.0,0.0,10.0,1.0,0.0,1.0,1,0,0,NONE,NONE,False,,,0
6633,3400.0,3250.0,0.0,10.0,1.0,0.0,1.0,1,0,0,NONE,NONE,False,,,0
6634,3450.0,3250.0,0.0,10.0,1.0,0.0,1.0,1,0,0,NONE,NONE,False,,,0
6635,3500.0,3250.0,0.0,10.0,1.0,0.0,1.0,1,0,0,NONE,NONE,False,,,0
6636,3550.0,3250.0,0.0,10.0,1.0,0.0,1.0,1,0,0,NONE,NONE,False,,,0
6637,3600.0,3250.0,0.0,10.0,1.0,0.0,1.0,1,0,0,NONE,NONE,False,,,0
6638,3650.0,3250.0,0.0,10.0,1.0,0.0,1.0,1,0,0,NONE,NONE,False,,,0
6639,3700.0,3250.0,0.0,10.0,1.0,0.0,1.0,1,0,0,NONE,NONE,False,,,0
6640,3750.0,3250.0,0.0,10.0,1.0,0.0,1.0,1,0,0,NONE,NONE,False,,,0
6641,3800.0,3250.0,0.0,10.0,1.0,0.0,1.0,1,0,0,NONE,NONE,False,,,0
6642,3850.0,3250.0,0.0,10.0,1.0,0.0,1.0,1,0,0,NONE,NONE,False,,,0
6643,3900.0,3250.0,0.0,10.0,1.0,0.0,1.0,1,0,0,NONE,NONE,False,,,0
6644,3950.0,3250.0,0.0,10.0,1.0,0.0,1.0,1,0,0,NONE,NONE,False,,,0
6645,4000.0,3250.0,0.0,10.0,1.0,0.0,1.0,1,0,0,NONE,NONE,False,,,0
6646,4050.0,3250.0,0.0,0.085,0.0,0.0,0.0,0,0,0,NONE,NONE,False,,,1
6647,4100.0,3250.0,0.0,0.085,0.0,0.0,0.0,0,0,0,NONE,NONE,False,,,1
6648,4150.0,3250.0,0.0,0.085,0.0,0.0,0.0,0,0,0,NONE,NONE,False,,,2
6649,4200.0,3250.0,0.0,0.085,0.0,0.0,0.0,0,0,0,NONE,NONE,False,,,3
6650,4250.0,3250.0,0.0,0.085,0.0,0.0,0.0,0,0,0,NONE,NONE,False,,,3
6651,4300.0,3250.0,0.0,0.085,0.0,0.0,0.0,0,0,0,NONE,NONE,False,,,4
6652,4350.0,3250.0,0.0,0.085,0.0,0.0,0.0,0,0,0,NONE,NONE,False,,,3
6653,4400.0,3250.0,0.0,0.085,0.0,0.0,0.0,0,0,0,NONE,NONE,False,,,3
6654,4450.0,3250.0,0.0,0.085,0.0,0.0,0.0,0,0,0,NONE,NONE,False,,,2
6655,4500.0,3250.0,0.0,0.085,0.0,0.0,0.0,0,0,0,NONE,NONE,False,,,2
6656,4550.0,3250.0,0.0,0.085,0.0,0.0,0.0,0,0,0,NONE,NONE,False,,,2
6657,4600.0,3250.0,0.0,0.085,0.0,0.0,0.0,0,0,0,NONE,NONE,False,,,3
6658,4650.0,3250.0,0.0,0.085,0.0,0.0,0.0,0,0,0,NONE,NONE,False,,,3
6659,4700.0,3250.0,0.0,0.085,0.0,0.0,0.0,0,0,0,NONE,NONE,False,,,4
6660,4750.0,3250.0,0.0,0.085,0.0,0.0,0.0,0,0,0,NONE,NONE,False,,,4
6661,4800.0,3250.0,0.0,0.085,0.0,0.0,0.0,0,0,0,NONE,NONE,False,,,5
6662,4850.0,3250.0,0.0,0.085,0.0,0.0,0.0,0,0,0,NONE,NONE,False,,,5
6663,4900.0,3250.0,0.0,0.085,0.0,0.0,0.0,0,0,0,NONE,NONE,False,,,4
6664,4950.0,3250.0,0.0,0.085,0.0,0.0,0.0,0,0,0,NONE,NONE,False,,,4
6665,5000.0,3250.0,0.0,0.085,0.0,0.0,0.0,0,0,0,NONE,NONE,False,,,2
6666,0.0,3300.0,0.0,0.085,0.0,0.0,0.0,0,0,0,NONE,NONE,False,,,3
6667,50.0,3300.0,0.0,0.085,0.0,0.0,0.0,0,0,0,NONE,NONE,False,,,5
6668,100.0,3300.0,0.0,0.085,0.0,0.0,0.0,0,0,0,NONE,NONE,False,,,6
6669,150.0,3300.0,0.0,0.085,0.0,0.0,0.0,0,0,0,NONE,NONE,False,,,6
6670,200.0,3300.0,0.0,0.085,0.0,0.0,0.0,0,0,0,NONE,NONE,False,,,8
6671,250.0,3300.0,0.0,0.085,0.0,0.0,0.0,0,0,0,NONE,NONE,False,,,7
6672,300.0,3300.0,0.0,0.085,0.0,0.0,0.0,0,0,0,NONE,NONE,False,,,9
6673,350.0,3300.0,0.0,0.085,0.0,0.0,0.0,0,0,0,NONE,NONE,False,,,9
6674,400.0,3300.0,0.0,0.085,0.0,0.0,0.0,0,0,0,NONE,NONE,False,,,8
6675,450.0,3300.0,0.0,0.085,0.0,0.0,0.0,0,0,0,NONE,NONE,False,,,10
6676,500.0,3300.0,0.0,0.085,0.0,0.0,0.0,0,0,0,NONE,NONE,False,,,11
6677,550.0,3300.0,0.0,0.085,0.0,0.0,0.0,0,0,0,NONE,NONE,False,,,10
6678,600.0,3300.0,0.0,0.085,0.0,0.0,0.0,0,0,0,NONE,NONE,False,,,9
6679,650.0,3300.0,0.0,0.085,0.0,0.0,0.0,0,0,0,NONE,NONE,False,,,9
6680,700.0,3300.0,0.0,0.085,0.0,0.0,0.0,0,0,0,NONE,NONE,False,,,11
6681,750.0,3300.0,0.0,0.085,0.0,0.0,0.0,0,0,0,NONE,NONE,False,,,9
6682,800.0,3300.0,0.0,0.085,0.0,0.0,0.0,0,0,0,NONE,NONE,False,,,6
6683,850.0,3300.0,0.0,0.085,0.0,0.0,0.0,0,0,0,NONE,NONE,False,,,5
6684,900.0,3300.0,0.0,0.085,0.0,0.0,0.0,0,0,0,NONE,NONE,False,,,4
6685,950.0,3300.0,0.0,10.0,0.0,1.0,1.0,0,1,0,NONE,NONE,False,,,0
6686,1000.0,3300.0,0.0,10.0,0.0,1.0,1.0,0,1,0,NONE,NONE,False,,,0
6687,1050.0,3300.0,0.0,10.0,0.0,1.0,1.0,0,1,0,NONE,NONE,False,,,0
6688,1100.0,3300.0,0.0,10.0,0.0,1.0,1.0,0,1,0,NONE,NONE,False,,,0
6689,1150.0,3300.0,0.0,10.0,0.0,1.0,1.0,0,1,0,NONE,NONE,False,,,0
6690,1200.0,3300.0,0.0,10.0,0.0,1.0,1.0,0,1,0,NONE,NONE,False,,,0
6691,1250.0,3300.0,0.0,10.0,0.0,1.0,1.0,0,1,0,NONE,NONE,False,,,0
6692,1300.0,3300.0,0.0,10.0,0.0,1.0,1.0,0,1,0,NONE,NONE,False,,,0
6693,1350.0,3300.0,0.0,10.0,0.0,1.0,1.0,0,1,0,NONE,NONE,False,,,0
6694,1400.0,3300.0,0.0,10.0,0.0,1.0,1.0,0,1,0,NONE,NONE,False,,,0
6695,1450.0,3300.0,0.0,10.0,0.0,1.0,1.0,0,1,0,NONE,NONE,False,,,0
6696,1500.0,3300.0,0.0,10.0,0.0,1.0,1.0,0,1,0,NONE,NONE,False,,,0
6697,1550.0,3300.0,0.0,10.0,0.0,1.0,1.0,0,1,0,NONE,NONE,False,,,0
6698,1600.0,3300.0,0.0,0.085,0.0,0.0,0.0,0,0,0,NONE,NONE,False,,,0
6699,1650.0,3300.0,0.0,0.085,0.0,0.0,0.0,0,0,0,NONE,NONE,False,,,0
6700,1700.0,3300.0,0.0,0.085,0.0,0.0,0.0,0,0,0,NONE,NONE,False,,,0
6701,1750.0,3300.0,0.0,10.0,1.0,0.0,1.0,1,0,0,NONE,NONE,False,,,0
6702,1800.0,3300.0,0.0,10.0,1.0,0.0,1.0,1,0,0,NONE,NONE,False,,,0
6703,1850.0,3300.0,0.0,10.0,1.0,0.0,1.0,1,0,0,NONE,NONE,False,,,0
6704,1900.0,3300.0,0.0,10.0,1.0,0.0,1.0,1,0,0,NONE,NONE,False,,,0
6705,1950.0,3300.0,0.0,10.0,1.0,0.0,1.0,1,0,0,NONE,NONE,False,,,0
6706,2000.0,3300.0,0.0,10.0,1.0,0.0,1.0,1,0,0,NONE,NONE,False,,,0
6707,2050.0,3300.0,0.0,10.0,1.0,0.0,1.0,1,0,0,NONE,NONE,False,,,0
6708,2100.0,3300.0,0.0,10.0,1.0,0.0,1.0,1,0,0,NONE,NONE,False,,,0
6709,2150.0,3300.0,0.0,10.0,1.0,0.0,1.0,1,0,0,NONE,NONE,False,,,0
6710,2200.0,3300.0,0.0,0.085,0.0,0.0,0.0,0,0,0,NONE,NONE,False,,,2
6711,2250.0,3300.0,0.0,0.085,0.0,0.0,0.0,0,0,0,NONE,NONE,False,,,3
6712,2300.0,3300.0,0.0,0.085,0.0,0.0,0.0,0,0,0,NONE,NONE,False,,,5
6713,2350.0,3300.0,0.0,0.085,0.0,0.0,0.0,0,0,0,NONE,NONE,False,,,6
6714,2400.0,3300.0,0.0,0.085,0.0,0.0,0.0,0,0,0,NONE,NONE,False,,,5
6715,2450.0,3300.0,0.0,0.085,0.0,0.0,0.0,0,0,0,NONE,NONE,False,,,5
6716,2500.0,3300.0,0.0,0.085,0.0,0.0,0.0,0,0,0,NONE,NONE,False,,,6
6717,2550.0,3300.0,0.0,0.085,0.0,0.0,0.0,0,0,0,NONE,NONE,False,,,6
6718,2600.0,3300.0,0.0,0.085,0.0,0.0,0.0,0,0,0,NONE,NONE,False,,,6
6719,2650.0,3300.0,0.0,0.085,0.0,0.0,0.0,0,0,0,NONE,NONE,False,,,5
6720,2700.0,3300.0,0.0,0.085,0.0,0.0,0.0,0,0,0,NONE,NONE,False,,,6
6721,2750.0,3300.0,0.0,0.085,0.0,0.0,0.0,0,0,0,NONE,NONE,False,,,5
6722,2800.0,3300.0,0.0,0.085,0.0,0.0,0.0,0,0,0,NONE,NONE,False,,,4
6723,2850.0,3300.0,0.0,0.085,0.0,0.0,0.0,0,0,0,NONE,NONE,False,,,3
6724,2900.0,3300.0,0.0,0.085,0.0,0.0,0.0,0,0,0,NONE,NONE,False,,,2
6725,2950.0,3300.0,0.0,10.0,1.0,0.0,1.0,1,0,0,NONE,NONE,False,,,0
6726,3000.0,3300.0,0.0,10.0,1.0,0.0,1.0,1,0,0,NONE,NONE,False,,,0
6727,3050.0,3300.0,0.0,10.0,1.0,0.0,1.0,1,0,0,NONE,NONE,False,,,0
6728,3100.0,3300.0,0.0,0.085,0.0,0.0,0.0,0,0,0,NONE,NONE,False,,,0
6729,3150.0,3300.0,0.0,10.0,1.0,0.0,1.0,1,0,0,NONE,NONE,False,,,0
6730,3200.0,3300.0,0.0,10.0,1.0,0.0,1.0,1,0,0,NONE,NONE,False,,,0
6731,3250.0,3300.0,0.0,10.0,1.0,0.0,1.0,1,0,0,NONE,NONE,False,,,0
6732,3300.0,3300.0,0.0,10.0,1.0,0.0,1.0,1,0,0,NONE,NONE,False,,,0
6733,3350.0,3300.0,0.0,10.0,1.0,0.0,1.0,1,0,0,NONE,NONE,False,,,0
6734,3400.0,3300.0,0.0,10.0,1.0,0.0,1.0,1,0,0,NONE,NONE,False,,,0
6735,3450.0,3300.0,0.0,10.0,1.0,0.0,1.0,1,0,0,NONE,NONE,False,,,0
6736,3500.0,3300.0,0.0,10.0,1.0,0.0,1.0,1,0,0,NONE,NONE,False,,,0
6737,3550.0,3300.0,0.0,10.0,1.0,0.0,1.0,1,0,0,NONE,NONE,False,,,0
6738,3600.0,3300.0,0.0,0.085,0.0,0.0,0.0,0,0,0,NONE,NONE,False,,,0
6739,3650.0,3300.0,0.0,10.0,1.0,0.0,1.0,1,0,0,NONE,NONE,False,,,0
6740,3700.0,3300.0,0.0,10.0,1.0,0.0,1.0,1,0,0,NONE,NONE,False,,,0
6741,3750.0,3300.0,0.0,10.0,1.0,0.0,1.0,1,0,0,NONE,NONE,False,,,0
6742,3800.0,3300.0,0.0,10.0,1.0,0.0,1.0,1,0,0,NONE,NONE,False,,,0
6743,3850.0,3300.0,0.0,10.0,1.0,0.0,1.0,1,0,0,NONE,NONE,False,,,0
6744,3900.0,3300.0,0.0,10.0,1.0,0.0,1.0,1,0,0,NONE,NONE,False,,,0
6745,3950.0,3300.0,0.0,10.0,1.0,0.0,1.0,1,0,0,NONE,NONE,False,,,0
6746,4000.0,3300.0,0.0,10.0,1.0,0.0,1.0,1,0,0,NONE,NONE,False,,,0
6747,4050.0,3300.0,0.0,0.085,0.0,0.0,0.0,0,0,0,NONE,NONE,False,,,1
6748,4100.0,3300.0,0.0,0.085,0.0,0.0,0.0,0,0,0,NONE,NONE,False,,,2
6749,4150.0,3300.0,0.0,0.085,0.0,0.0,0.0,0,0,0,NONE,NONE,False,,,2
6750,4200.0,3300.0,0.0,0.085,0.0,0.0,0.0,0,0,0,NONE,NONE,False,,,3
6751,4250.0,3300.0,0.0,0.085,0.0,0.0,0.0,0,0,0,NONE,NONE,False,,,3
6752,4300.0,3300.0,0.0,0.085,0.0,0.0,0.0,0,0,0,NONE,NONE,False,,,3
6753,4350.0,3300.0,0.0,0.085,0.0,0.0,0.0,0,0,0,NONE,NONE,False,,,3
6754,4400.0,3300.0,0.0,0.085,0.0,0.0,0.0,0,0,0,NONE,NONE,False,,,3
6755,4450.0,3300.0,0.0,0.085,0.0,0.0,0.0,0,0,0,NONE,NONE,False,,,2
6756,4500.0,3300.0,0.0,0.085,0.0,0.0,0.0,0,0,0,NONE,NONE,False,,,2
6757,4550.0,3300.0,0.0,0.085,0.0,0.0,0.0,0,0,0,NONE,NONE,False,,,2
6758,4600.0,3300.0,0.0,0.085,0.0,0.0,0.0,0,0,0,NONE,NONE,False,,,2
6759,4650.0,3300.0,0.0,0.085,0.0,0.0,0.0,0,0,0,NONE,NONE,False,,,3
6760,4700.0,3300.0,0.0,0.085,0.0,0.0,0.0,0,0,0,NONE,NONE,False,,,4
6761,4750.0,3300.0,0.0,0.085,0.0,0.0,0.0,0,0,0,NONE,NONE,False,,,4
6762,4800.0,3300.0,0.0,0.085,0.0,0.0,0.0,0,0,0,NONE,NONE,False,,,5
6763,4850.0,3300.0,0.0,0.085,0.0,0.0,0.0,0,0,0,NONE,NONE,False,,,5
6764,4900.0,3300.0,0.0,0.085,0.0,0.0,0.0,0,0,0,NONE,NONE,False,,,5
6765,4950.0,3300.0,0.0,0.085,0.0,0.0,0.0,0,0,0,NONE,NONE,False,,,3
6766,5000.0,3300.0,0.0,0.085,0.0,0.0,0.0,0,0,0,NONE,NONE,False,,,2
6767,0.0,3350.0,0.0,0.085,0.0,0.0,0.0,0,0,0,NONE,NONE,False,,,4
6768,50.0,3350.0,0.0,0.085,0.0,0.0,0.0,0,0,0,NONE,NONE,False,,,5
6769,100.0,3350.0,0.0,0.085,0.0,0.0,0.0,0,0,0,NONE,NONE,False,,,6
6770,150.0,3350.0,0.0,0.085,0.0,0.0,0.0,0,0,0,NONE,NONE,False,,,7
6771,200.0,3350.0,0.0,0.085,0.0,0.0,0.0,0,0,0,NONE,NONE,False,,,6
6772,250.0,3350.0,0.0,0.085,0.0,0.0,0.0,0,0,0,NONE,NONE,False,,,7
6773,300.0,3350.0,0.0,0.085,0.0,0.0,0.0,0,0,0,NONE,NONE,False,,,8
6774,350.0,3350.0,0.0,0.085,0.0,0.0,0.0,0,0,0,NONE,NONE,False,,,9
6775,400.0,3350.0,0.0,0.085,0.0,0.0,0.0,0,0,0,NONE,NONE,False,,,10
6776,450.0,3350.0,0.0,0.085,0.0,0.0,0.0,0,0,0,NONE,NONE,False,,,11
6777,500.0,3350.0,0.0,0.085,0.0,0.0,0.0,0,0,0,NONE,NONE,False,,,11
6778,550.0,3350.0,0.0,0.085,0.0,0.0,0.0,0,0,0,NONE,NONE,False,,,11
6779,600.0,3350.0,0.0,0.085,0.0,0.0,0.0,0,0,0,NONE,NONE,False,,,9
6780,650.0,3350.0,0.0,0.085,0.0,0.0,0.0,0,0,0,NONE,NONE,False,,,9
6781,700.0,3350.0,0.0,0.085,0.0,0.0,0.0,0,0,0,NONE,NONE,False,,,11
6782,750.0,3350.0,0.0,0.085,0.0,0.0,0.0,0,0,0,NONE,NONE,False,,,9
6783,800.0,3350.0,0.0,0.085,0.0,0.0,0.0,0,0,0,NONE,NONE,False,,,6
6784,850.0,3350.0,0.0,0.085,0.0,0.0,0.0,0,0,0,NONE,NONE,False,,,5
6785,900.0,3350.0,0.0,10.0,0.0,1.0,1.0,0,1,0,NONE,NONE,False,,,0
6786,950.0,3350.0,0.0,10.0,0.0,1.0,1.0,0,1,0,NONE,NONE,False,,,0
6787,1000.0,3350.0,0.0,10.0,0.0,1.0,1.0,0,1,0,NONE,NONE,False,,,0
6788,1050.0,3350.0,0.0,10.0,0.0,1.0,1.0,0,1,0,NONE,NONE,False,,,0
6789,1100.0,3350.0,0.0,10.0,0.0,1.0,1.0,0,1,0,NONE,NONE,False,,,0
6790,1150.0,3350.0,0.0,10.0,0.0,1.0,1.0,0,1,0,NONE,NONE,False,,,0
6791,1200.0,3350.0,0.0,10.0,0.0,1.0,1.0,0,1,0,NONE,NONE,False,,,0
6792,1250.0,3350.0,0.0,10.0,0.0,1.0,1.0,0,1,0,NONE,NONE,False,,,0
6793,1300.0,3350.0,0.0,10.0,0.0,1.0,1.0,0,1,0,NONE,NONE,False,,,0
6794,1350.0,3350.0,0.0,10.0,0.0,1.0,1.0,0,1,0,NONE,NONE,False,,,0
6795,1400.0,3350.0,0.0,10.0,0.0,1.0,1.0,0,1,0,NONE,NONE,False,,,0
6796,1450.0,3350.0,0.0,10.0,0.0,1.0,1.0,0,1,0,NONE,NONE,False,,,0
6797,1500.0,3350.0,0.0,10.0,0.0,1.0,1.0,0,1,0,NONE,NONE,False,,,0
6798,1550.0,3350.0,0.0,10.0,0.0,1.0,1.0,0,1,0,NONE,NONE,False,,,0
6799,1600.0,3350.0,0.0,10.0,0.0,1.0,1.0,0,1,0,NONE,NONE,False,,,0
6800,1650.0,3350.0,0.0,0.085,0.0,0.0,0.0,0,0,0,NONE,NONE,False,,,0
6801,1700.0,3350.0,0.0,0.085,0.0,0.0,0.0,0,0,0,NONE,NONE,False,,,0
6802,1750.0,3350.0,0.0,10.0,1.0,0.0,1.0,1,0,0,NONE,NONE,False,,,0
6803,1800.0,3350.0,0.0,10.0,1.0,0.0,1.0,1,0,0,NONE,NONE,False,,,0
6804,1850.0,3350.0,0.0,10.0,1.0,0.0,1.0,1,0,0,NONE,NONE,False,,,0
6805,1900.0,3350.0,0.0,10.0,1.0,0.0,1.0,1,0,0,NONE,NONE,False,,,0
6806,1950.0,3350.0,0.0,10.0,1.0,0.0,1.0,1,0,0,NONE,NONE,False,,,0
6807,2000.0,3350.0,0.0,10.0,1.0,0.0,1.0,1,0,0,NONE,NONE,False,,,0
6808,2050.0,3350.0,0.0,10.0,1.0,0.0,1.0,1,0,0,NONE,NONE,False,,,0
6809,2100.0,3350.0,0.0,10.0,1.0,0.0,1.0,1,0,0,NONE,NONE,False,,,0
6810,2150.0,3350.0,0.0,10.0,1.0,0.0,1.0,1,0,0,NONE,NONE,False,,,0
6811,2200.0,3350.0,0.0,0.085,0.0,0.0,0.0,0,0,0,NONE,NONE,False,,,2
6812,2250.0,3350.0,0.0,0.085,0.0,0.0,0.0,0,0,0,NONE,NONE,False,,,4
6813,2300.0,3350.0,0.0,0.085,0.0,0.0,0.0,0,0,0,NONE,NONE,False,,,5
6814,2350.0,3350.0,0.0,0.085,0.0,0.0,0.0,0,0,0,NONE,NONE,False,,,6
6815,2400.0,3350.0,0.0,0.085,0.0,0.0,0.0,0,0,0,NONE,NONE,False,,,6
6816,2450.0,3350.0,0.0,0.085,0.0,0.0,0.0,0,0,0,NONE,NONE,False,,,5
6817,2500.0,3350.0,0.0,0.085,0.0,0.0,0.0,0,0,0,NONE,NONE,False,,,5
6818,2550.0,3350.0,0.0,0.085,0.0,0.0,0.0,0,0,0,NONE,NONE,False,,,5
6819,2600.0,3350.0,0.0,0.085,0.0,0.0,0.0,0,0,0,NONE,NONE,False,,,6
6820,2650.0,3350.0,0.0,0.085,0.0,0.0,0.0,0,0,0,NONE,NONE,False,,,6
6821,2700.0,3350.0,0.0,0.085,0.0,0.0,0.0,0,0,0,NONE,NONE,False,,,5
6822,2750.0,3350.0,0.0,0.085,0.0,0.0,0.0,0,0,0,NONE,NONE,False,,,4
6823,2800.0,3350.0,0.0,0.085,0.0,0.0,0.0,0,0,0,NONE,NONE,False,,,3
6824,2850.0,3350.0,0.0,0.085,0.0,0.0,0.0,0,0,0,NONE,NONE,False,,,2
6825,2900.0,3350.0,0.0,10.0,1.0,0.0,1.0,1,0,0,NONE,NONE,False,,,0
6826,2950.0,3350.0,0.0,10.0,1.0,0.0,1.0,1,0,0,NONE,NONE,False,,,0
6827,3000.0,3350.0,0.0,10.0,1.0,0.0,1.0,1,0,0,NONE,NONE,False,,,0
6828,3050.0,3350.0,0.0,10.0,1.0,0.0,1.0,1,0,0,NONE,NONE,False,,,0
6829,3100.0,3350.0,0.0,10.0,1.0,0.0,1.0,1,0,0,NONE,NONE,False,,,0
6830,3150.0,3350.0,0.0,0.085,0.0,0.0,0.0,0,0,0,NONE,NONE,False,,,0
6831,3200.0,3350.0,0.0,10.0,1.0,0.0,1.0,1,0,0,NONE,NONE,False,,,0
6832,3250.0,3350.0,0.0,10.0,1.0,0.0,1.0,1,0,0,NONE,NONE,False,,,0
6833,3300.0,3350.0,0.0,10.0,1.0,0.0,1.0,1,0,0,NONE,NONE,False,,,0
6834,3350.0,3350.0,0.0,10.0,1.0,0.0,1.0,1,0,0,NONE,NONE,False,,,0
6835,3400.0,3350.0,0.0,10.0,1.0,0.0,1.0,1,0,0,NONE,NONE,False,,,0
6836,3450.0,3350.0,0.0,10.0,1.0,0.0,1.0,1,0,0,NONE,NONE,False,,,0
6837,3500.0,3350.0,0.0,10.0,1.0,0.0,1.0,1,0,0,NONE,NONE,False,,,0
6838,3550.0,3350.0,0.0,10.0,1.0,0.0,1.0,1,0,0,NONE,NONE,False,,,0
6839,3600.0,3350.0,0.0,0.085,0.0,0.0,0.0,0,0,0,NONE,NONE,False,,,0
6840,3650.0,3350.0,0.0,10.0,1.0,0.0,1.0,1,0,0,NONE,NONE,False,,,0
6841,3700.0,3350.0,0.0,10.0,1.0,0.0,1.0,1,0,0,NONE,NONE,False,,,0
6842,3750.0,3350.0,0.0,10.0,1.0,0.0,1.0,1,0,0,NONE,NONE,False,,,0
6843,3800.0,3350.0,0.0,10.0,1.0,0.0,1.0,1,0,0,NONE,NONE,False,,,0
6844,3850.0,3350.0,0.0,10.0,1.0,0.0,1.0,1,0,0,NONE,NONE,False,,,0
6845,3900.0,3350.0,0.0,10.0,1.0,0.0,1.0,1,0,0,NONE,NONE,False,,,0
6846,3950.0,3350.0,0.0,10.0,1.0,0.0,1.0,1,0,0,NONE,NONE,False,,,0
6847,4000.0,3350.0,0.0,10.0,1.0,0.0,1.0,1,0,0,NONE,NONE,False,,,0
6848,4050.0,3350.0,0.0,0.085,0.0,0.0,0.0,0,0,0,NONE,NONE,False,,,1
6849,4100.0,3350.0,0.0,0.085,0.0,0.0,0.0,0,0,0,NONE,NONE,False,,,2
6850,4150.0,3350.0,0.0,0.085,0.0,0.0,0.0,0,0,0,NONE,NONE,False,,,2
6851,4200.0,3350.0,0.0,0.085,0.0,0.0,0.0,0,0,0,NONE,NONE,False,,,3
6852,4250.0,3350.0,0.0,0.085,0.0,0.0,0.0,0,0,0,NONE,NONE,False,,,3
6853,4300.0,3350.0,0.0,0.085,0.0,0.0,0.0,0,0,0,NONE,NONE,False,,,3
6854,4350.0,3350.0,0.0,0.085,0.0,0.0,0.0,0,0,0,NONE,NONE,False,,,3
6855,4400.0,3350.0,0.0,0.085,0.0,0.0,0.0,0,0,0,NONE,NONE,False,,,3
6856,4450.0,3350.0,0.0,0.085,0.0,0.0,0.0,0,0,0,NONE,NONE,False,,,2
6857,4500.0,3350.0,0.0,0.085,0.0,0.0,0.0,0,0,0,NONE,NONE,False,,,2
6858,4550.0,3350.0,0.0,0.085,0.0,0.0,0.0,0,0,0,NONE,NONE,False,,,3
6859,4600.0,3350.0,0.0,0.085,0.0,0.0,0.0,0,0,0,NONE,NONE,False,,,2
6860,4650.0,3350.0,0.0,0.085,0.0,0.0,0.0,0,0,0,NONE,NONE,False,,,4
6861,4700.0,3350.0,0.0,0.085,0.0,0.0,0.0,0,0,0,NONE,NONE,False,,,5
6862,4750.0,3350.0,0.0,0.085,0.0,0.0,0.0,0,0,0,NONE,NONE,False,,,4
6863,4800.0,3350.0,0.0,0.085,0.0,0.0,0.0,0,0,0,NONE,NONE,False,,,5
6864,4850.0,3350.0,0.0,0.085,0.0,0.0,0.0,0,0,0,NONE,NONE,False,,,5
6865,4900.0,3350.0,0.0,0.085,0.0,0.0,0.0,0,0,0,NONE,NONE,False,,,5
6866,4950.0,3350.0,0.0,0.085,0.0,0.0,0.0,0,0,0,NONE,NONE,False,,,3
6867,5000.0,3350.0,0.0,0.085,0.0,0.0,0.0,0,0,0,NONE,NONE,False,,,2
6868,0.0,3400.0,0.0,0.085,0.0,0.0,0.0,0,0,0,NONE,NONE,False,,,5
6869,50.0,3400.0,0.0,0.085,0.0,0.0,0.0,0,0,0,NONE,NONE,False,,,5
6870,100.0,3400.0,0.0,0.085,0.0,0.0,0.0,0,0,0,NONE,NONE,False,,,6
6871,150.0,3400.0,0.0,0.085,0.0,0.0,0.0,0,0,0,NONE,NONE,False,,,7
6872,200.0,3400.0,0.0,0.085,0.0,0.0,0.0,0,0,0,NONE,NONE,False,,,6
6873,250.0,3400.0,0.0,0.085,0.0,0.0,0.0,0,0,0,NONE,NONE,False,,,7
6874,300.0,3400.0,0.0,0.085,0.0,0.0,0.0,0,0,0,NONE,NONE,False,,,8
6875,350.0,3400.0,0.0,0.085,0.0,0.0,0.0,0,0,0,NONE,NONE,False,,,7
6876,400.0,3400.0,0.0,0.085,0.0,0.0,0.0,0,0,0,NONE,NONE,False,,,10
6877,450.0,3400.0,0.0,0.085,0.0,0.0,0.0,0,0,0,NONE,NONE,False,,,11
6878,500.0,3400.0,0.0,0.085,0.0,0.0,0.0,0,0,0,NONE,NONE,False,,,12
6879,550.0,3400.0,0.0,0.085,0.0,0.0,0.0,0,0,0,NONE,NONE,False,,,11
6880,600.0,3400.0,0.0,0.085,0.0,0.0,0.0,0,0,0,NONE,NONE,False,,,11
6881,650.0,3400.0,0.0,0.085,0.0,0.0,0.0,0,0,0,NONE,NONE,False,,,13
6882,700.0,3400.0,0.0,0.085,0.0,0.0,0.0,0,0,0,NONE,NONE,False,,,10
6883,750.0,3400.0,0.0,0.085,0.0,0.0,0.0,0,0,0,NONE,NONE,False,,,8
6884,800.0,3400.0,0.0,0.085,0.0,0.0,0.0,0,0,0,NONE,NONE,False,,,6
6885,850.0,3400.0,0.0,0.085,0.0,0.0,0.0,0,0,0,NONE,NONE,False,,,4
6886,900.0,3400.0,0.0,10.0,0.0,1.0,1.0,0,1,0,NONE,NONE,False,,,0
6887,950.0,3400.0,0.0,10.0,0.0,1.0,1.0,0,1,0,NONE,NONE,False,,,0
6888,1000.0,3400.0,0.0,10.0,0.0,1.0,1.0,0,1,0,NONE,NONE,False,,,0
6889,1050.0,3400.0,0.0,10.0,0.0,1.0,1.0,0,1,0,NONE,NONE,False,,,0
6890,1100.0,3400.0,0.0,10.0,0.0,1.0,1.0,0,1,0,NONE,NONE,False,,,0
6891,1150.0,3400.0,0.0,10.0,0.0,1.0,1.0,0,1,0,NONE,NONE,False,,,0
6892,1200.0,3400.0,0.0,10.0,0.0,1.0,1.0,0,1,0,NONE,NONE,False,,,0
6893,1250.0,3400.0,0.0,10.0,0.0,1.0,1.0,0,1,0,NONE,NONE,False,,,0
6894,1300.0,3400.0,0.0,10.0,0.0,1.0,1.0,0,1,0,NONE,NONE,False,,,0
6895,1350.0,3400.0,0.0,10.0,0.0,1.0,1.0,0,1,0,NONE,NONE,False,,,0
6896,1400.0,3400.0,0.0,10.0,0.0,1.0,1.0,0,1,0,NONE,NONE,False,,,0
6897,1450.0,3400.0,0.0,10.0,0.0,1.0,1.0,0,1,0,NONE,NONE,False,,,0
6898,1500.0,3400.0,0.0,10.0,0.0,1.0,1.0,0,1,0,NONE,NONE,False,,,0
6899,1550.0,3400.0,0.0,10.0,0.0,1.0,1.0,0,1,0,NONE,NONE,False,,,0
6900,1600.0,3400.0,0.0,10.0,0.0,1.0,1.0,0,1,0,NONE,NONE,False,,,0
6901,1650.0,3400.0,0.0,0.085,0.0,0.0,0.0,0,0,0,NONE,NONE,False,,,0
6902,1700.0,3400.0,0.0,0.085,0.0,0.0,0.0,0,0,0,NONE,NONE,False,,,0
6903,1750.0,3400.0,0.0,10.0,1.0,0.0,1.0,1,0,0,NONE,NONE,False,,,0
6904,1800.0,3400.0,0.0,10.0,1.0,0.0,1.0,1,0,0,NONE,NONE,False,,,0
6905,1850.0,3400.0,0.0,10.0,1.0,0.0,1.0,1,0,0,NONE,NONE,False,,,0
6906,1900.0,3400.0,0.0,10.0,1.0,0.0,1.0,1,0,0,NONE,NONE,False,,,0
6907,1950.0,3400.0,0.0,10.0,1.0,0.0,1.0,1,0,0,NONE,NONE,False,,,0
6908,2000.0,3400.0,0.0,10.0,1.0,0.0,1.0,1,0,0,NONE,NONE,False,,,0
6909,2050.0,3400.0,0.0,10.0,1.0,0.0,1.0,1,0,0,NONE,NONE,False,,,0
6910,2100.0,3400.0,0.0,10.0,1.0,0.0,1.0,1,0,0,NONE,NONE,False,,,0
6911,2150.0,3400.0,0.0,10.0,1.0,0.0,1.0,1,0,0,NONE,NONE,False,,,0
6912,2200.0,3400.0,0.0,0.085,0.0,0.0,0.0,0,0,0,NONE,NONE,False,,,2
6913,2250.0,3400.0,0.0,0.085,0.0,0.0,0.0,0,0,0,NONE,NONE,False,,,5
6914,2300.0,3400.0,0.0,0.085,0.0,0.0,0.0,0,0,0,NONE,NONE,False,,,5
6915,2350.0,3400.0,0.0,0.085,0.0,0.0,0.0,0,0,0,NONE,NONE,False,,,6
6916,2400.0,3400.0,0.0,0.085,0.0,0.0,0.0,0,0,0,NONE,NONE,False,,,7
6917,2450.0,3400.0,0.0,0.085,0.0,0.0,0.0,0,0,0,NONE,NONE,False,,,6
6918,2500.0,3400.0,0.0,0.085,0.0,0.0,0.0,0,0,0,NONE,NONE,False,,,7
6919,2550.0,3400.0,0.0,0.085,0.0,0.0,0.0,0,0,0,NONE,NONE,False,,,6
6920,2600.0,3400.0,0.0,0.085,0.0,0.0,0.0,0,0,0,NONE,NONE,False,,,5
6921,2650.0,3400.0,0.0,0.085,0.0,0.0,0.0,0,0,0,NONE,NONE,False,,,6
6922,2700.0,3400.0,0.0,0.085,0.0,0.0,0.0,0,0,0,NONE,NONE,False,,,5
6923,2750.0,3400.0,0.0,0.085,0.0,0.0,0.0,0,0,0,NONE,NONE,False,,,4
6924,2800.0,3400.0,0.0,0.085,0.0,0.0,0.0,0,0,0,NONE,NONE,False,,,3
6925,2850.0,3400.0,0.0,0.085,0.0,0.0,0.0,0,0,0,NONE,NONE,False,,,2
6926,2900.0,3400.0,0.0,10.0,1.0,0.0,1.0,1,0,0,NONE,NONE,False,,,0
6927,2950.0,3400.0,0.0,10.0,1.0,0.0,1.0,1,0,0,NONE,NONE,False,,,0
6928,3000.0,3400.0,0.0,10.0,1.0,0.0,1.0,1,0,0,NONE,NONE,False,,,0
6929,3050.0,3400.0,0.0,10.0,1.0,0.0,1.0,1,0,0,NONE,NONE,False,,,0
6930,3100.0,3400.0,0.0,10.0,1.0,0.0,1.0,1,0,0,NONE,NONE,False,,,0
6931,3150.0,3400.0,0.0,0.085,0.0,0.0,0.0,0,0,0,NONE,NONE,False,,,0
6932,3200.0,3400.0,0.0,0.085,0.0,0.0,0.0,0,0,0,NONE,NONE,False,,,0
6933,3250.0,3400.0,0.0,10.0,1.0,0.0,1.0,1,0,0,NONE,NONE,False,,,0
6934,3300.0,3400.0,0.0,10.0,1.0,0.0,1.0,1,0,0,NONE,NONE,False,,,0
6935,3350.0,3400.0,0.0,10.0,1.0,0.0,1.0,1,0,0,NONE,NONE,False,,,0
6936,3400.0,3400.0,0.0,10.0,1.0,0.0,1.0,1,0,0,NONE,NONE,False,,,0
6937,3450.0,3400.0,0.0,10.0,1.0,0.0,1.0,1,0,0,NONE,NONE,False,,,0
6938,3500.0,3400.0,0.0,10.0,1.0,0.0,1.0,1,0,0,NONE,NONE,False,,,0
6939,3550.0,3400.0,0.0,0.085,0.0,0.0,0.0,0,0,0,NONE,NONE,False,,,0
6940,3600.0,3400.0,0.0,0.085,0.0,0.0,0.0,0,0,0,NONE,NONE,False,,,0
6941,3650.0,3400.0,0.0,0.085,0.0,0.0,0.0,0,0,0,NONE,NONE,False,,,0
6942,3700.0,3400.0,0.0,10.0,1.0,0.0,1.0,1,0,0,NONE,NONE,False,,,0
6943,3750.0,3400.0,0.0,10.0,1.0,0.0,1.0,1,0,0,NONE,NONE,False,,,0
6944,3800.0,3400.0,0.0,10.0,1.0,0.0,1.0,1,0,0,NONE,NONE,False,,,0
6945,3850.0,3400.0,0.0,10.0,1.0,0.0,1.0,1,0,0,NONE,NONE,False,,,0
6946,3900.0,3400.0,0.0,10.0,1.0,0.0,1.0,1,0,0,NONE,NONE,False,,,0
6947,3950.0,3400.0,0.0,10.0,1.0,0.0,1.0,1,0,0,NONE,NONE,False,,,0
6948,4000.0,3400.0,0.0,10.0,1.0,0.0,1.0,1,0,0,NONE,NONE,False,,,0
6949,4050.0,3400.0,0.0,10.0,1.0,0.0,1.0,1,0,0,NONE,NONE,False,,,0
6950,4100.0,3400.0,0.0,0.085,0.0,0.0,0.0,0,0,0,NONE,NONE,False,,,2
6951,4150.0,3400.0,0.0,0.085,0.0,0.0,0.0,0,0,0,NONE,NONE,False,,,2
6952,4200.0,3400.0,0.0,0.085,0.0,0.0,0.0,0,0,0,NONE,NONE,False,,,3
6953,4250.0,3400.0,0.0,0.085,0.0,0.0,0.0,0,0,0,NONE,NONE,False,,,3
6954,4300.0,3400.0,0.0,0.085,0.0,0.0,0.0,0,0,0,NONE,NONE,False,,,3
6955,4350.0,3400.0,0.0,0.085,0.0,0.0,0.0,0,0,0,NONE,NONE,False,,,3
6956,4400.0,3400.0,0.0,0.085,0.0,0.0,0.0,0,0,0,NONE,NONE,False,,,3
6957,4450.0,3400.0,0.0,0.085,0.0,0.0,0.0,0,0,0,NONE,NONE,False,,,2
6958,4500.0,3400.0,0.0,0.085,0.0,0.0,0.0,0,0,0,NONE,NONE,False,,,3
6959,4550.0,3400.0,0.0,0.085,0.0,0.0,0.0,0,0,0,NONE,NONE,False,,,3
6960,4600.0,3400.0,0.0,0.085,0.0,0.0,0.0,0,0,0,NONE,NONE,False,,,3
6961,4650.0,3400.0,0.0,0.085,0.0,0.0,0.0,0,0,0,NONE,NONE,False,,,4
6962,4700.0,3400.0,0.0,0.085,0.0,0.0,0.0,0,0,0,NONE,NONE,False,,,4
6963,4750.0,3400.0,0.0,0.085,0.0,0.0,0.0,0,0,0,NONE,NONE,False,,,4
6964,4800.0,3400.0,0.0,0.085,0.0,0.0,0.0,0,0,0,NONE,NONE,True,minor,TN26,6
6965,4850.0,3400.0,0.0,0.085,0.0,0.0,0.0,0,0,0,NONE,NONE,False,,,5
6966,4900.0,3400.0,0.0,0.085,0.0,0.0,0.0,0,0,0,NONE,NONE,False,,,5
6967,4950.0,3400.0,0.0,0.085,0.0,0.0,0.0,0,0,0,NONE,NONE,False,,,4
6968,5000.0,3400.0,0.0,0.085,0.0,0.0,0.0,0,0,0,NONE,NONE,False,,,2
6969,0.0,3450.0,0.0,0.085,0.0,0.0,0.0,0,0,0,NONE,NONE,False,,,5
6970,50.0,3450.0,0.0,0.085,0.0,0.0,0.0,0,0,0,NONE,NONE,False,,,5
6971,100.0,3450.0,0.0,0.085,0.0,0.0,0.0,0,0,0,NONE,NONE,False,,,6
6972,150.0,3450.0,0.0,0.085,0.0,0.0,0.0,0,0,0,NONE,NONE,False,,,6
6973,200.0,3450.0,0.0,0.085,0.0,0.0,0.0,0,0,0,NONE,NONE,False,,,7
6974,250.0,3450.0,0.0,0.085,0.0,0.0,0.0,0,0,0,NONE,NONE,False,,,8
6975,300.0,3450.0,0.0,0.085,0.0,0.0,0.0,0,0,0,NONE,NONE,False,,,7
6976,350.0,3450.0,0.0,0.085,0.0,0.0,0.0,0,0,0,NONE,NONE,False,,,8
6977,400.0,3450.0,0.0,0.085,0.0,0.0,0.0,0,0,0,NONE,NONE,False,,,9
6978,450.0,3450.0,0.0,0.085,0.0,0.0,0.0,0,0,0,NONE,NONE,False,,,11
6979,500.0,3450.0,0.0,0.085,0.0,0.0,0.0,0,0,0,NONE,NONE,False,,,12
6980,550.0,3450.0,0.0,0.085,0.0,0.0,0.0,0,0,0,NONE,NONE,False,,,12
6981,600.0,3450.0,0.0,0.085,0.0,0.0,0.0,0,0,0,NONE,NONE,False,,,11
6982,650.0,3450.0,0.0,0.085,0.0,0.0,0.0,0,0,0,NONE,NONE,True,major,TN1,14
6983,700.0,3450.0,0.0,0.085,0.0,0.0,0.0,0,0,0,NONE,NONE,False,,,11
6984,750.0,3450.0,0.0,0.085,0.0,0.0,0.0,0,0,0,NONE,NONE,False,,,8
6985,800.0,3450.0,0.0,0.085,0.0,0.0,0.0,0,0,0,NONE,NONE,False,,,6
6986,850.0,3450.0,0.0,0.085,0.0,0.0,0.0,0,0,0,NONE,NONE,False,,,5
6987,900.0,3450.0,0.0,10.0,0.0,1.0,1.0,0,1,0,NONE,NONE,False,,,0
6988,950.0,3450.0,0.0,10.0,0.0,1.0,1.0,0,1,0,NONE,NONE,False,,,0
6989,1000.0,3450.0,0.0,10.0,0.0,1.0,1.0,0,1,0,NONE,NONE,False,,,0
6990,1050.0,3450.0,0.0,10.0,0.0,1.0,1.0,0,1,0,NONE,NONE,False,,,0
6991,1100.0,3450.0,0.0,10.0,0.0,1.0,1.0,0,1,0,NONE,NONE,False,,,0
6992,1150.0,3450.0,0.0,10.0,0.0,1.0,1.0,0,1,0,NONE,NONE,False,,,0
6993,1200.0,3450.0,0.0,10.0,0.0,1.0,1.0,0,1,0,NONE,NONE,False,,,0
6994,1250.0,3450.0,0.0,10.0,0.0,1.0,1.0,0,1,0,NONE,NONE,False,,,0
6995,1300.0,3450.0,0.0,10.0,0.0,1.0,1.0,0,1,0,NONE,NONE,False,,,0
6996,1350.0,3450.0,0.0,10.0,0.0,1.0,1.0,0,1,0,NONE,NONE,False,,,0
6997,1400.0,3450.0,0.0,10.0,0.0,1.0,1.0,0,1,0,NONE,NONE,False,,,0
6998,1450.0,3450.0,0.0,10.0,0.0,1.0,1.0,0,1,0,NONE,NONE,False,,,0
6999,1500.0,3450.0,0.0,10.0,0.0,1.0,1.0,0,1,0,NONE,NONE,False,,,0
7000,1550.0,3450.0,0.0,10.0,0.0,1.0,1.0,0,1,0,NONE,NONE,False,,,0
7001,1600.0,3450.0,0.0,10.0,0.0,1.0,1.0,0,1,0,NONE,NONE,False,,,0
7002,1650.0,3450.0,0.0,0.085,0.0,0.0,0.0,0,0,0,NONE,NONE,False,,,0
7003,1700.0,3450.0,0.0,0.085,0.0,0.0,0.0,0,0,0,NONE,NONE,False,,,0
7004,1750.0,3450.0,0.0,10.0,1.0,0.0,1.0,1,0,0,NONE,NONE,False,,,0
7005,1800.0,3450.0,0.0,10.0,1.0,0.0,1.0,1,0,0,NONE,NONE,False,,,0
7006,1850.0,3450.0,0.0,10.0,1.0,0.0,1.0,1,0,0,NONE,NONE,False,,,0
7007,1900.0,3450.0,0.0,10.0,1.0,0.0,1.0,1,0,0,NONE,NONE,False,,,0
7008,1950.0,3450.0,0.0,10.0,1.0,0.0,1.0,1,0,0,NONE,NONE,False,,,0
7009,2000.0,3450.0,0.0,10.0,1.0,0.0,1.0,1,0,0,NONE,NONE,False,,,0
7010,2050.0,3450.0,0.0,10.0,1.0,0.0,1.0,1,0,0,NONE,NONE,False,,,0
7011,2100.0,3450.0,0.0,10.0,1.0,0.0,1.0,1,0,0,NONE,NONE,False,,,0
7012,2150.0,3450.0,0.0,10.0,1.0,0.0,1.0,1,0,0,NONE,NONE,False,,,0
7013,2200.0,3450.0,0.0,0.085,0.0,0.0,0.0,0,0,0,NONE,NONE,False,,,4
7014,2250.0,3450.0,0.0,0.085,0.0,0.0,0.0,0,0,0,NONE,NONE,False,,,5
7015,2300.0,3450.0,0.0,0.085,0.0,0.0,0.0,0,0,0,NONE,NONE,False,,,6
7016,2350.0,3450.0,0.0,0.085,0.0,0.0,0.0,0,0,0,NONE,NONE,False,,,7
7017,2400.0,3450.0,0.0,0.085,0.0,0.0,0.0,0,0,0,NONE,NONE,False,,,6
7018,2450.0,3450.0,0.0,0.085,0.0,0.0,0.0,0,0,0,NONE,NONE,False,,,6
7019,2500.0,3450.0,0.0,0.085,0.0,0.0,0.0,0,0,0,NONE,NONE,False,,,6
7020,2550.0,3450.0,0.0,0.085,0.0,0.0,0.0,0,0,1,FLZ03,FLZ,False,,,5
7021,2600.0,3450.0,0.0,0.085,0.0,0.0,0.0,0,0,0,NONE,NONE,False,,,5
7022,2650.0,3450.0,0.0,0.085,0.0,0.0,0.0,0,0,0,NONE,NONE,False,,,6
7023,2700.0,3450.0,0.0,0.085,0.0,0.0,0.0,0,0,0,NONE,NONE,False,,,5
7024,2750.0,3450.0,0.0,0.085,0.0,0.0,0.0,0,0,0,NONE,NONE,False,,,4
7025,2800.0,3450.0,0.0,0.085,0.0,0.0,0.0,0,0,0,NONE,NONE,False,,,3
7026,2850.0,3450.0,0.0,0.085,0.0,0.0,0.0,0,0,0,NONE,NONE,False,,,2
7027,2900.0,3450.0,0.0,10.0,1.0,0.0,1.0,1,0,0,NONE,NONE,False,,,0
7028,2950.0,3450.0,0.0,10.0,1.0,0.0,1.0,1,0,0,NONE,NONE,False,,,0
7029,3000.0,3450.0,0.0,10.0,1.0,0.0,1.0,1,0,0,NONE,NONE,False,,,0
7030,3050.0,3450.0,0.0,10.0,1.0,0.0,1.0,1,0,0,NONE,NONE,False,,,0
7031,3100.0,3450.0,0.0,10.0,1.0,0.0,1.0,1,0,0,NONE,NONE,False,,,0
7032,3150.0,3450.0,0.0,0.085,0.0,0.0,0.0,0,0,0,NONE,NONE,False,,,0
7033,3200.0,3450.0,0.0,0.085,0.0,0.0,0.0,0,0,0,NONE,NONE,False,,,0
7034,3250.0,3450.0,0.0,0.085,0.0,0.0,0.0,0,0,0,NONE,NONE,False,,,0
7035,3300.0,3450.0,0.0,0.085,0.0,0.0,0.0,0,0,0,NONE,NONE,False,,,0
7036,3350.0,3450.0,0.0,0.085,0.0,0.0,0.0,0,0,0,NONE,NONE,False,,,0
7037,3400.0,3450.0,0.0,0.085,0.0,0.0,0.0,0,0,0,NONE,NONE,False,,,0
7038,3450.0,3450.0,0.0,0.085,0.0,0.0,0.0,0,0,0,NONE,NONE,False,,,0
7039,3500.0,3450.0,0.0,0.085,0.0,0.0,0.0,0,0,0,NONE,NONE,False,,,0
7040,3550.0,3450.0,0.0,0.085,0.0,0.0,0.0,0,0,0,NONE,NONE,False,,,0
7041,3600.0,3450.0,0.0,0.085,0.0,0.0,0.0,0,0,0,NONE,NONE,False,,,0
7042,3650.0,3450.0,0.0,0.085,0.0,0.0,0.0,0,0,0,NONE,NONE,False,,,0
7043,3700.0,3450.0,0.0,0.085,0.0,0.0,0.0,0,0,0,NONE,NONE,False,,,0
7044,3750.0,3450.0,0.0,10.0,1.0,0.0,1.0,1,0,0,NONE,NONE,False,,,0
7045,3800.0,3450.0,0.0,10.0,1.0,0.0,1.0,1,0,0,NONE,NONE,False,,,0
7046,3850.0,3450.0,0.0,10.0,1.0,0.0,1.0,1,0,0,NONE,NONE,False,,,0
7047,3900.0,3450.0,0.0,10.0,1.0,0.0,1.0,1,0,0,NONE,NONE,False,,,0
7048,3950.0,3450.0,0.0,10.0,1.0,0.0,1.0,1,0,0,NONE,NONE,False,,,0
7049,4000.0,3450.0,0.0,10.0,1.0,0.0,1.0,1,0,0,NONE,NONE,False,,,0
7050,4050.0,3450.0,0.0,10.0,1.0,0.0,1.0,1,0,0,NONE,NONE,False,,,0
7051,4100.0,3450.0,0.0,0.085,0.0,0.0,0.0,0,0,0,NONE,NONE,False,,,2
7052,4150.0,3450.0,0.0,0.085,0.0,0.0,0.0,0,0,0,NONE,NONE,False,,,3
7053,4200.0,3450.0,0.0,0.085,0.0,0.0,0.0,0,0,0,NONE,NONE,False,,,3
7054,4250.0,3450.0,0.0,0.085,0.0,0.0,0.0,0,0,0,NONE,NONE,False,,,3
7055,4300.0,3450.0,0.0,0.085,0.0,0.0,0.0,0,0,0,NONE,NONE,True,minor,TN31,5
7056,4350.0,3450.0,0.0,0.085,0.0,0.0,0.0,0,0,0,NONE,NONE,False,,,3
7057,4400.0,3450.0,0.0,0.085,0.0,0.0,0.0,0,0,0,NONE,NONE,False,,,3
7058,4450.0,3450.0,0.0,0.085,0.0,0.0,0.0,0,0,0,NONE,NONE,False,,,3
7059,4500.0,3450.0,0.0,0.085,0.0,0.0,0.0,0,0,0,NONE,NONE,False,,,3
7060,4550.0,3450.0,0.0,0.085,0.0,0.0,0.0,0,0,0,NONE,NONE,False,,,3
7061,4600.0,3450.0,0.0,0.085,0.0,0.0,0.0,0,0,0,NONE,NONE,False,,,5
7062,4650.0,3450.0,0.0,0.085,0.0,0.0,0.0,0,0,0,NONE,NONE,False,,,3
7063,4700.0,3450.0,0.0,0.085,0.0,0.0,0.0,0,0,0,NONE,NONE,False,,,4
7064,4750.0,3450.0,0.0,0.085,0.0,0.0,0.0,0,0,0,NONE,NONE,False,,,5
7065,4800.0,3450.0,0.0,0.085,0.0,0.0,0.0,0,0,0,NONE,NONE,False,,,5
7066,4850.0,3450.0,0.0,0.085,0.0,0.0,0.0,0,0,0,NONE,NONE,False,,,5
7067,4900.0,3450.0,0.0,0.085,0.0,0.0,0.0,0,0,0,NONE,NONE,False,,,4
7068,4950.0,3450.0,0.0,0.085,0.0,0.0,0.0,0,0,0,NONE,NONE,False,,,3
7069,5000.0,3450.0,0.0,0.085,0.0,0.0,0.0,0,0,0,NONE,NONE,False,,,3
7070,0.0,3500.0,0.0,0.085,0.0,0.0,0.0,0,0,0,NONE,NONE,False,,,4
7071,50.0,3500.0,0.0,0.085,0.0,0.0,0.0,0,0,0,NONE,NONE,False,,,5
7072,100.0,3500.0,0.0,0.085,0.0,0.0,0.0,0,0,0,NONE,NONE,False,,,6
7073,150.0,3500.0,0.0,0.085,0.0,0.0,0.0,0,0,0,NONE,NONE,False,,,6
7074,200.0,3500.0,0.0,0.085,0.0,0.0,0.0,0,0,0,NONE,NONE,False,,,6
7075,250.0,3500.0,0.0,0.085,0.0,0.0,0.0,0,0,0,NONE,NONE,False,,,8
7076,300.0,3500.0,0.0,0.085,0.0,0.0,0.0,0,0,0,NONE,NONE,False,,,8
7077,350.0,3500.0,0.0,0.085,0.0,0.0,0.0,0,0,0,NONE,NONE,False,,,7
7078,400.0,3500.0,0.0,0.085,0.0,0.0,0.0,0,0,0,NONE,NONE,False,,,8
7079,450.0,3500.0,0.0,0.085,0.0,0.0,0.0,0,0,0,NONE,NONE,False,,,10
7080,500.0,3500.0,0.0,0.085,0.0,0.0,0.0,0,0,0,NONE,NONE,False,,,11
7081,550.0,3500.0,0.0,0.085,0.0,0.0,0.0,0,0,0,NONE,NONE,False,,,11
7082,600.0,3500.0,0.0,0.085,0.0,0.0,0.0,0,0,0,NONE,NONE,False,,,12
7083,650.0,3500.0,0.0,0.085,0.0,0.0,0.0,0,0,0,NONE,NONE,False,,,13
7084,700.0,3500.0,0.0,0.085,0.0,0.0,0.0,0,0,0,NONE,NONE,False,,,11
7085,750.0,3500.0,0.0,0.085,0.0,0.0,0.0,0,0,0,NONE,NONE,False,,,8
7086,800.0,3500.0,0.0,0.085,0.0,0.0,0.0,0,0,0,NONE,NONE,False,,,6
7087,850.0,3500.0,0.0,10.0,0.0,1.0,1.0,0,1,0,NONE,NONE,False,,,0
7088,900.0,3500.0,0.0,10.0,0.0,1.0,1.0,0,1,0,NONE,NONE,False,,,0
7089,950.0,3500.0,0.0,10.0,0.0,1.0,1.0,0,1,0,NONE,NONE,False,,,0
7090,1000.0,3500.0,0.0,10.0,0.0,1.0,1.0,0,1,0,NONE,NONE,False,,,0
7091,1050.0,3500.0,0.0,10.0,0.0,1.0,1.0,0,1,0,NONE,NONE,False,,,0
7092,1100.0,3500.0,0.0,10.0,0.0,1.0,1.0,0,1,0,NONE,NONE,False,,,0
7093,1150.0,3500.0,0.0,10.0,0.0,1.0,1.0,0,1,0,NONE,NONE,False,,,0
7094,1200.0,3500.0,0.0,10.0,0.0,1.0,1.0,0,1,0,NONE,NONE,False,,,0
7095,1250.0,3500.0,0.0,10.0,0.0,1.0,1.0,0,1,1,RA02,RA,False,,,0
7096,1300.0,3500.0,0.0,10.0,0.0,1.0,1.0,0,1,0,NONE,NONE,False,,,0
7097,1350.0,3500.0,0.0,10.0,0.0,1.0,1.0,0,1,0,NONE,NONE,False,,,0
7098,1400.0,3500.0,0.0,10.0,0.0,1.0,1.0,0,1,0,NONE,NONE,False,,,0
7099,1450.0,3500.0,0.0,10.0,0.0,1.0,1.0,0,1,0,NONE,NONE,False,,,0
7100,1500.0,3500.0,0.0,10.0,0.0,1.0,1.0,0,1,0,NONE,NONE,False,,,0
7101,1550.0,3500.0,0.0,10.0,0.0,1.0,1.0,0,1,0,NONE,NONE,False,,,0
7102,1600.0,3500.0,0.0,10.0,0.0,1.0,1.0,0,1,0,NONE,NONE,False,,,0
7103,1650.0,3500.0,0.0,10.0,0.0,1.0,1.0,0,1,0,NONE,NONE,False,,,0
7104,1700.0,3500.0,0.0,0.085,0.0,0.0,0.0,0,0,0,NONE,NONE,False,,,0
7105,1750.0,3500.0,0.0,10.0,1.0,0.0,1.0,1,0,0,NONE,NONE,False,,,0
7106,1800.0,3500.0,0.0,10.0,1.0,0.0,1.0,1,0,0,NONE,NONE,False,,,0
7107,1850.0,3500.0,0.0,10.0,1.0,0.0,1.0,1,0,0,NONE,NONE,False,,,0
7108,1900.0,3500.0,0.0,10.0,1.0,0.0,1.0,1,0,0,NONE,NONE,False,,,0
7109,1950.0,3500.0,0.0,10.0,1.0,0.0,1.0,1,0,0,NONE,NONE,False,,,0
7110,2000.0,3500.0,0.0,10.0,1.0,0.0,1.0,1,0,0,NONE,NONE,False,,,0
7111,2050.0,3500.0,0.0,10.0,1.0,0.0,1.0,1,0,0,NONE,NONE,False,,,0
7112,2100.0,3500.0,0.0,10.0,1.0,0.0,1.0,1,0,0,NONE,NONE,False,,,0
7113,2150.0,3500.0,0.0,10.0,1.0,0.0,1.0,1,0,0,NONE,NONE,False,,,0
7114,2200.0,3500.0,0.0,0.085,0.0,0.0,0.0,0,0,0,NONE,NONE,False,,,4
7115,2250.0,3500.0,0.0,0.085,0.0,0.0,0.0,0,0,0,NONE,NONE,False,,,5
7116,2300.0,3500.0,0.0,0.085,0.0,0.0,0.0,0,0,0,NONE,NONE,False,,,7
7117,2350.0,3500.0,0.0,0.085,0.0,0.0,0.0,0,0,0,NONE,NONE,False,,,7
7118,2400.0,3500.0,0.0,0.085,0.0,0.0,0.0,0,0,0,NONE,NONE,False,,,7
7119,2450.0,3500.0,0.0,0.085,0.0,0.0,0.0,0,0,0,NONE,NONE,False,,,6
7120,2500.0,3500.0,0.0,0.085,0.0,0.0,0.0,0,0,0,NONE,NONE,False,,,6
7121,2550.0,3500.0,0.0,0.085,0.0,0.0,0.0,0,0,0,NONE,NONE,False,,,5
7122,2600.0,3500.0,0.0,0.085,0.0,0.0,0.0,0,0,0,NONE,NONE,False,,,4
7123,2650.0,3500.0,0.0,0.085,0.0,0.0,0.0,0,0,0,NONE,NONE,False,,,5
7124,2700.0,3500.0,0.0,0.085,0.0,0.0,0.0,0,0,0,NONE,NONE,False,,,4
7125,2750.0,3500.0,0.0,0.085,0.0,0.0,0.0,0,0,0,NONE,NONE,False,,,3
7126,2800.0,3500.0,0.0,0.085,0.0,0.0,0.0,0,0,0,NONE,NONE,False,,,2
7127,2850.0,3500.0,0.0,0.085,0.0,0.0,0.0,0,0,0,NONE,NONE,False,,,2
7128,2900.0,3500.0,0.0,10.0,1.0,0.0,1.0,1,0,0,NONE,NONE,False,,,0
7129,2950.0,3500.0,0.0,10.0,1.0,0.0,1.0,1,0,0,NONE,NONE,False,,,0
7130,3000.0,3500.0,0.0,10.0,1.0,0.0,1.0,1,0,0,NONE,NONE,False,,,0
7131,3050.0,3500.0,0.0,10.0,1.0,0.0,1.0,1,0,0,NONE,NONE,False,,,0
7132,3100.0,3500.0,0.0,10.0,1.0,0.0,1.0,1,0,0,NONE,NONE,False,,,0
7133,3150.0,3500.0,0.0,0.085,0.0,0.0,0.0,0,0,0,NONE,NONE,False,,,0
7134,3200.0,3500.0,0.0,0.085,0.0,0.0,0.0,0,0,0,NONE,NONE,False,,,0
7135,3250.0,3500.0,0.0,0.085,0.0,0.0,0.0,0,0,0,NONE,NONE,False,,,0
7136,3300.0,3500.0,0.0,0.085,0.0,0.0,0.0,0,0,0,NONE,NONE,False,,,0
7137,3350.0,3500.0,0.0,0.085,0.0,0.0,0.0,0,0,0,NONE,NONE,False,,,0
7138,3400.0,3500.0,0.0,0.085,0.0,0.0,0.0,0,0,0,NONE,NONE,False,,,0
7139,3450.0,3500.0,0.0,0.085,0.0,0.0,0.0,0,0,0,NONE,NONE,False,,,0
7140,3500.0,3500.0,0.0,0.085,0.0,0.0,0.0,0,0,0,NONE,NONE,False,,,0
7141,3550.0,3500.0,0.0,0.085,0.0,0.0,0.0,0,0,0,NONE,NONE,False,,,0
7142,3600.0,3500.0,0.0,0.085,0.0,0.0,0.0,0,0,0,NONE,NONE,False,,,0
7143,3650.0,3500.0,0.0,0.085,0.0,0.0,0.0,0,0,0,NONE,NONE,False,,,0
7144,3700.0,3500.0,0.0,0.085,0.0,0.0,0.0,0,0,0,NONE,NONE,False,,,0
7145,3750.0,3500.0,0.0,0.085,0.0,0.0,0.0,0,0,0,NONE,NONE,False,,,0
7146,3800.0,3500.0,0.0,0.085,0.0,0.0,0.0,0,0,0,NONE,NONE,False,,,0
7147,3850.0,3500.0,0.0,0.085,0.0,0.0,0.0,0,0,0,NONE,NONE,False,,,0
7148,3900.0,3500.0,0.0,0.085,0.0,0.0,0.0,0,0,0,NONE,NONE,False,,,0
7149,3950.0,3500.0,0.0,0.085,0.0,0.0,0.0,0,0,0,NONE,NONE,False,,,0
7150,4000.0,3500.0,0.0,10.0,1.0,0.0,1.0,1,0,0,NONE,NONE,False,,,0
7151,4050.0,3500.0,0.0,0.085,0.0,0.0,0.0,0,0,0,NONE,NONE,False,,,2
7152,4100.0,3500.0,0.0,0.085,0.0,0.0,0.0,0,0,0,NONE,NONE,False,,,2
7153,4150.0,3500.0,0.0,0.085,0.0,0.0,0.0,0,0,0,NONE,NONE,False,,,3
7154,4200.0,3500.0,0.0,0.085,0.0,0.0,0.0,0,0,0,NONE,NONE,False,,,3
7155,4250.0,3500.0,0.0,0.085,0.0,0.0,0.0,0,0,0,NONE,NONE,False,,,4
7156,4300.0,3500.0,0.0,0.085,0.0,0.0,0.0,0,0,0,NONE,NONE,False,,,3
7157,4350.0,3500.0,0.0,0.085,0.0,0.0,0.0,0,0,0,NONE,NONE,False,,,3
7158,4400.0,3500.0,0.0,0.085,0.0,0.0,0.0,0,0,0,NONE,NONE,False,,,4
7159,4450.0,3500.0,0.0,0.085,0.0,0.0,0.0,0,0,0,NONE,NONE,False,,,3
7160,4500.0,3500.0,0.0,0.085,0.0,0.0,0.0,0,0,0,NONE,NONE,False,,,3
7161,4550.0,3500.0,0.0,0.085,0.0,0.0,0.0,0,0,0,NONE,NONE,False,,,4
7162,4600.0,3500.0,0.0,0.085,0.0,0.0,0.0,0,0,0,NONE,NONE,False,,,4
7163,4650.0,3500.0,0.0,0.085,0.0,0.0,0.0,0,0,0,NONE,NONE,False,,,4
7164,4700.0,3500.0,0.0,0.085,0.0,0.0,0.0,0,0,0,NONE,NONE,False,,,4
7165,4750.0,3500.0,0.0,0.085,0.0,0.0,0.0,0,0,0,NONE,NONE,False,,,4
7166,4800.0,3500.0,0.0,0.085,0.0,0.0,0.0,0,0,0,NONE,NONE,False,,,5
7167,4850.0,3500.0,0.0,0.085,0.0,0.0,0.0,0,0,0,NONE,NONE,False,,,5
7168,4900.0,3500.0,0.0,0.085,0.0,0.0,0.0,0,0,0,NONE,NONE,False,,,3
7169,4950.0,3500.0,0.0,0.085,0.0,0.0,0.0,0,0,0,NONE,NONE,False,,,3
7170,5000.0,3500.0,0.0,0.085,0.0,0.0,0.0,0,0,0,NONE,NONE,False,,,3
7171,0.0,3550.0,0.0,0.085,0.0,0.0,0.0,0,0,0,NONE,NONE,False,,,4
7172,50.0,3550.0,0.0,0.085,0.0,0.0,0.0,0,0,0,NONE,NONE,False,,,4
7173,100.0,3550.0,0.0,0.085,0.0,0.0,0.0,0,0,0,NONE,NONE,False,,,5
7174,150.0,3550.0,0.0,0.085,0.0,0.0,0.0,0,0,0,NONE,NONE,False,,,6
7175,200.0,3550.0,0.0,0.085,0.0,0.0,0.0,0,0,0,NONE,NONE,False,,,7
7176,250.0,3550.0,0.0,0.085,0.0,0.0,0.0,0,0,0,NONE,NONE,False,,,7
7177,300.0,3550.0,0.0,0.085,0.0,0.0,0.0,0,0,0,NONE,NONE,False,,,8
7178,350.0,3550.0,0.0,0.085,0.0,0.0,0.0,0,0,0,NONE,NONE,False,,,7
7179,400.0,3550.0,0.0,0.085,0.0,0.0,0.0,0,0,0,NONE,NONE,False,,,7
7180,450.0,3550.0,0.0,0.085,0.0,0.0,0.0,0,0,0,NONE,NONE,False,,,9
7181,500.0,3550.0,0.0,0.085,0.0,0.0,0.0,0,0,0,NONE,NONE,False,,,11
7182,550.0,3550.0,0.0,0.085,0.0,0.0,0.0,0,0,0,NONE,NONE,False,,,12
7183,600.0,3550.0,0.0,0.085,0.0,0.0,0.0,0,0,0,NONE,NONE,False,,,13
7184,650.0,3550.0,0.0,0.085,0.0,0.0,0.0,0,0,0,NONE,NONE,False,,,13
7185,700.0,3550.0,0.0,0.085,0.0,0.0,0.0,0,0,0,NONE,NONE,False,,,11
7186,750.0,3550.0,0.0,0.085,0.0,0.0,0.0,0,0,0,NONE,NONE,False,,,10
7187,800.0,3550.0,0.0,0.085,0.0,0.0,0.0,0,0,0,NONE,NONE,False,,,7
7188,850.0,3550.0,0.0,0.085,0.0,0.0,0.0,0,0,0,NONE,NONE,False,,,5
7189,900.0,3550.0,0.0,10.0,0.0,1.0,1.0,0,1,0,NONE,NONE,False,,,0
7190,950.0,3550.0,0.0,10.0,0.0,1.0,1.0,0,1,0,NONE,NONE,False,,,0
7191,1000.0,3550.0,0.0,10.0,0.0,1.0,1.0,0,1,0,NONE,NONE,False,,,0
7192,1050.0,3550.0,0.0,10.0,0.0,1.0,1.0,0,1,0,NONE,NONE,False,,,0
7193,1100.0,3550.0,0.0,10.0,0.0,1.0,1.0,0,1,0,NONE,NONE,False,,,0
7194,1150.0,3550.0,0.0,10.0,0.0,1.0,1.0,0,1,0,NONE,NONE,False,,,0
7195,1200.0,3550.0,0.0,10.0,0.0,1.0,1.0,0,1,0,NONE,NONE,False,,,0
7196,1250.0,3550.0,0.0,10.0,0.0,1.0,1.0,0,1,0,NONE,NONE,False,,,0
7197,1300.0,3550.0,0.0,10.0,0.0,1.0,1.0,0,1,0,NONE,NONE,False,,,0
7198,1350.0,3550.0,0.0,10.0,0.0,1.0,1.0,0,1,0,NONE,NONE,False,,,0
7199,1400.0,3550.0,0.0,10.0,0.0,1.0,1.0,0,1,0,NONE,NONE,False,,,0
7200,1450.0,3550.0,0.0,10.0,0.0,1.0,1.0,0,1,0,NONE,NONE,False,,,0
7201,1500.0,3550.0,0.0,10.0,0.0,1.0,1.0,0,1,0,NONE,NONE,False,,,0
7202,1550.0,3550.0,0.0,10.0,0.0,1.0,1.0,0,1,0,NONE,NONE,False,,,0
7203,1600.0,3550.0,0.0,10.0,0.0,1.0,1.0,0,1,0,NONE,NONE,False,,,0
7204,1650.0,3550.0,0.0,0.085,0.0,0.0,0.0,0,0,0,NONE,NONE,False,,,0
7205,1700.0,3550.0,0.0,0.085,0.0,0.0,0.0,0,0,0,NONE,NONE,False,,,0
7206,1750.0,3550.0,0.0,0.085,0.0,0.0,0.0,0,0,0,NONE,NONE,False,,,0
7207,1800.0,3550.0,0.0,10.0,1.0,0.0,1.0,1,0,0,NONE,NONE,False,,,0
7208,1850.0,3550.0,0.0,10.0,1.0,0.0,1.0,1,0,0,NONE,NONE,False,,,0
7209,1900.0,3550.0,0.0,10.0,1.0,0.0,1.0,1,0,0,NONE,NONE,False,,,0
7210,1950.0,3550.0,0.0,10.0,1.0,0.0,1.0,1,0,0,NONE,NONE,False,,,0
7211,2000.0,3550.0,0.0,10.0,1.0,0.0,1.0,1,0,0,NONE,NONE,False,,,0
7212,2050.0,3550.0,0.0,10.0,1.0,0.0,1.0,1,0,0,NONE,NONE,False,,,0
7213,2100.0,3550.0,0.0,10.0,1.0,0.0,1.0,1,0,0,NONE,NONE,False,,,0
7214,2150.0,3550.0,0.0,0.085,0.0,0.0,0.0,0,0,0,NONE,NONE,False,,,5
7215,2200.0,3550.0,0.0,0.085,0.0,0.0,0.0,0,0,0,NONE,NONE,False,,,6
7216,2250.0,3550.0,0.0,0.085,0.0,0.0,0.0,0,0,0,NONE,NONE,False,,,7
7217,2300.0,3550.0,0.0,0.085,0.0,0.0,0.0,0,0,0,NONE,NONE,True,minor,TN16,8
7218,2350.0,3550.0,0.0,0.085,0.0,0.0,0.0,0,0,0,NONE,NONE,False,,,8
7219,2400.0,3550.0,0.0,0.085,0.0,0.0,0.0,0,0,0,NONE,NONE,False,,,7
7220,2450.0,3550.0,0.0,0.085,0.0,0.0,0.0,0,0,0,NONE,NONE,False,,,4
7221,2500.0,3550.0,0.0,0.085,0.0,0.0,0.0,0,0,0,NONE,NONE,False,,,6
7222,2550.0,3550.0,0.0,0.085,0.0,0.0,0.0,0,0,0,NONE,NONE,False,,,4
7223,2600.0,3550.0,0.0,0.085,0.0,0.0,0.0,0,0,0,NONE,NONE,False,,,4
7224,2650.0,3550.0,0.0,0.085,0.0,0.0,0.0,0,0,0,NONE,NONE,False,,,4
7225,2700.0,3550.0,0.0,0.085,0.0,0.0,0.0,0,0,0,NONE,NONE,False,,,4
7226,2750.0,3550.0,0.0,0.085,0.0,0.0,0.0,0,0,0,NONE,NONE,False,,,4
7227,2800.0,3550.0,0.0,0.085,0.0,0.0,0.0,0,0,0,NONE,NONE,False,,,2
7228,2850.0,3550.0,0.0,0.085,0.0,0.0,0.0,0,0,0,NONE,NONE,False,,,2
7229,2900.0,3550.0,0.0,0.085,0.0,0.0,0.0,0,0,0,NONE,NONE,False,,,1
7230,2950.0,3550.0,0.0,10.0,1.0,0.0,1.0,1,0,0,NONE,NONE,False,,,0
7231,3000.0,3550.0,0.0,10.0,1.0,0.0,1.0,1,0,0,NONE,NONE,False,,,0
7232,3050.0,3550.0,0.0,10.0,1.0,0.0,1.0,1,0,0,NONE,NONE,False,,,0
7233,3100.0,3550.0,0.0,0.085,0.0,0.0,0.0,0,0,0,NONE,NONE,False,,,0
7234,3150.0,3550.0,0.0,0.085,0.0,0.0,0.0,0,0,0,NONE,NONE,False,,,0
7235,3200.0,3550.0,0.0,0.085,0.0,0.0,0.0,0,0,0,NONE,NONE,False,,,0
7236,3250.0,3550.0,0.0,0.085,0.0,0.0,0.0,0,0,0,NONE,NONE,False,,,0
7237,3300.0,3550.0,0.0,0.085,0.0,0.0,0.0,0,0,0,NONE,NONE,False,,,0
7238,3350.0,3550.0,0.0,0.085,0.0,0.0,0.0,0,0,0,NONE,NONE,False,,,0
7239,3400.0,3550.0,0.0,0.085,0.0,0.0,0.0,0,0,0,NONE,NONE,False,,,0
7240,3450.0,3550.0,0.0,0.085,0.0,0.0,0.0,0,0,0,NONE,NONE,False,,,0
7241,3500.0,3550.0,0.0,0.085,0.0,0.0,0.0,0,0,0,NONE,NONE,False,,,0
7242,3550.0,3550.0,0.0,0.085,0.0,0.0,0.0,0,0,0,NONE,NONE,False,,,0
7243,3600.0,3550.0,0.0,0.085,0.0,0.0,0.0,0,0,0,NONE,NONE,False,,,0
7244,3650.0,3550.0,0.0,10.0,1.0,0.0,1.0,1,0,0,NONE,NONE,False,,,0
7245,3700.0,3550.0,0.0,10.0,1.0,0.0,1.0,1,0,0,NONE,NONE,False,,,0
7246,3750.0,3550.0,0.0,10.0,1.0,0.0,1.0,1,0,0,NONE,NONE,False,,,0
7247,3800.0,3550.0,0.0,10.0,1.0,0.0,1.0,1,0,0,NONE,NONE,False,,,0
7248,3850.0,3550.0,0.0,10.0,1.0,0.0,1.0,1,0,0,NONE,NONE,False,,,0
7249,3900.0,3550.0,0.0,0.085,0.0,0.0,0.0,0,0,0,NONE,NONE,False,,,0
7250,3950.0,3550.0,0.0,0.085,0.0,0.0,0.0,0,0,0,NONE,NONE,False,,,0
7251,4000.0,3550.0,0.0,0.085,0.0,0.0,0.0,0,0,0,NONE,NONE,False,,,0
7252,4050.0,3550.0,0.0,0.085,0.0,0.0,0.0,0,0,0,NONE,NONE,False,,,1
7253,4100.0,3550.0,0.0,0.085,0.0,0.0,0.0,0,0,0,NONE,NONE,False,,,2
7254,4150.0,3550.0,0.0,0.085,0.0,0.0,0.0,0,0,0,NONE,NONE,False,,,3
7255,4200.0,3550.0,0.0,0.085,0.0,0.0,0.0,0,0,0,NONE,NONE,False,,,3
7256,4250.0,3550.0,0.0,0.085,0.0,0.0,0.0,0,0,0,NONE,NONE,False,,,4
7257,4300.0,3550.0,0.0,0.085,0.0,0.0,0.0,0,0,0,NONE,NONE,False,,,3
7258,4350.0,3550.0,0.0,0.085,0.0,0.0,0.0,0,0,0,NONE,NONE,False,,,3
7259,4400.0,3550.0,0.0,0.085,0.0,0.0,0.0,0,0,0,NONE,NONE,False,,,3
7260,4450.0,3550.0,0.0,0.085,0.0,0.0,0.0,0,0,0,NONE,NONE,False,,,3
7261,4500.0,3550.0,0.0,0.085,0.0,0.0,0.0,0,0,0,NONE,NONE,False,,,4
7262,4550.0,3550.0,0.0,0.085,0.0,0.0,0.0,0,0,0,NONE,NONE,False,,,3
7263,4600.0,3550.0,0.0,0.085,0.0,0.0,0.0,0,0,0,NONE,NONE,False,,,3
7264,4650.0,3550.0,0.0,0.085,0.0,0.0,0.0,0,0,0,NONE,NONE,False,,,5
7265,4700.0,3550.0,0.0,0.085,0.0,0.0,0.0,0,0,0,NONE,NONE,False,,,4
7266,4750.0,3550.0,0.0,0.085,0.0,0.0,0.0,0,0,0,NONE,NONE,False,,,3
7267,4800.0,3550.0,0.0,0.085,0.0,0.0,0.0,0,0,0,NONE,NONE,False,,,5
7268,4850.0,3550.0,0.0,0.085,0.0,0.0,0.0,0,0,0,NONE,NONE,False,,,4
7269,4900.0,3550.0,0.0,0.085,0.0,0.0,0.0,0,0,0,NONE,NONE,False,,,4
7270,4950.0,3550.0,0.0,0.085,0.0,0.0,0.0,0,0,0,NONE,NONE,False,,,3
7271,5000.0,3550.0,0.0,0.085,0.0,0.0,0.0,0,0,0,NONE,NONE,False,,,2
7272,0.0,3600.0,0.0,0.085,0.0,0.0,0.0,0,0,0,NONE,NONE,False,,,3
7273,50.0,3600.0,0.0,0.085,0.0,0.0,0.0,0,0,0,NONE,NONE,False,,,4
7274,100.0,3600.0,0.0,0.085,0.0,0.0,0.0,0,0,0,NONE,NONE,False,,,6
7275,150.0,3600.0,0.0,0.085,0.0,0.0,0.0,0,0,0,NONE,NONE,False,,,6
7276,200.0,3600.0,0.0,0.085,0.0,0.0,0.0,0,0,0,NONE,NONE,False,,,7
7277,250.0,3600.0,0.0,0.085,0.0,0.0,0.0,0,0,0,NONE,NONE,False,,,7
7278,300.0,3600.0,0.0,0.085,0.0,0.0,0.0,0,0,0,NONE,NONE,False,,,6
7279,350.0,3600.0,0.0,0.085,0.0,0.0,0.0,0,0,0,NONE,NONE,False,,,8
7280,400.0,3600.0,0.0,0.085,0.0,0.0,0.0,0,0,0,NONE,NONE,False,,,8
7281,450.0,3600.0,0.0,0.085,0.0,0.0,0.0,0,0,0,NONE,NONE,False,,,8
7282,500.0,3600.0,0.0,0.085,0.0,0.0,0.0,0,0,0,NONE,NONE,False,,,11
7283,550.0,3600.0,0.0,0.085,0.0,0.0,0.0,0,0,0,NONE,NONE,False,,,12
7284,600.0,3600.0,0.0,0.085,0.0,0.0,0.0,0,0,0,NONE,NONE,False,,,13
7285,650.0,3600.0,0.0,0.085,0.0,0.0,0.0,0,0,0,NONE,NONE,False,,,15
7286,700.0,3600.0,0.0,0.085,0.0,0.0,0.0,0,0,0,NONE,NONE,False,,,12
7287,750.0,3600.0,0.0,0.085,0.0,0.0,0.0,0,0,0,NONE,NONE,False,,,10
7288,800.0,3600.0,0.0,0.085,0.0,0.0,0.0,0,0,0,NONE,NONE,False,,,9
7289,850.0,3600.0,0.0,0.085,0.0,0.0,0.0,0,0,0,NONE,NONE,False,,,5
7290,900.0,3600.0,0.0,10.0,0.0,1.0,1.0,0,1,0,NONE,NONE,False,,,0
7291,950.0,3600.0,0.0,10.0,0.0,1.0,1.0,0,1,0,NONE,NONE,False,,,0
7292,1000.0,3600.0,0.0,10.0,0.0,1.0,1.0,0,1,0,NONE,NONE,False,,,0
7293,1050.0,3600.0,0.0,10.0,0.0,1.0,1.0,0,1,0,NONE,NONE,False,,,0
7294,1100.0,3600.0,0.0,10.0,0.0,1.0,1.0,0,1,0,NONE,NONE,False,,,0
7295,1150.0,3600.0,0.0,10.0,0.0,1.0,1.0,0,1,0,NONE,NONE,False,,,0
7296,1200.0,3600.0,0.0,10.0,0.0,1.0,1.0,0,1,0,NONE,NONE,False,,,0
7297,1250.0,3600.0,0.0,10.0,0.0,1.0,1.0,0,1,0,NONE,NONE,False,,,0
7298,1300.0,3600.0,0.0,10.0,0.0,1.0,1.0,0,1,0,NONE,NONE,False,,,0
7299,1350.0,3600.0,0.0,10.0,0.0,1.0,1.0,0,1,0,NONE,NONE,False,,,0
7300,1400.0,3600.0,0.0,10.0,0.0,1.0,1.0,0,1,0,NONE,NONE,False,,,0
7301,1450.0,3600.0,0.0,10.0,0.0,1.0,1.0,0,1,0,NONE,NONE,False,,,0
7302,1500.0,3600.0,0.0,10.0,0.0,1.0,1.0,0,1,0,NONE,NONE,False,,,0
7303,1550.0,3600.0,0.0,10.0,0.0,1.0,1.0,0,1,0,NONE,NONE,False,,,0
7304,1600.0,3600.0,0.0,10.0,0.0,1.0,1.0,0,1,0,NONE,NONE,False,,,0
7305,1650.0,3600.0,0.0,0.085,0.0,0.0,0.0,0,0,0,NONE,NONE,False,,,0
7306,1700.0,3600.0,0.0,0.085,0.0,0.0,0.0,0,0,0,NONE,NONE,False,,,2
7307,1750.0,3600.0,0.0,0.085,0.0,0.0,0.0,0,0,0,NONE,NONE,False,,,3
7308,1800.0,3600.0,0.0,0.085,0.0,0.0,0.0,0,0,0,NONE,NONE,False,,,4
7309,1850.0,3600.0,0.0,10.0,1.0,0.0,1.0,1,0,0,NONE,NONE,False,,,0
7310,1900.0,3600.0,0.0,10.0,1.0,0.0,1.0,1,0,0,NONE,NONE,False,,,0
7311,1950.0,3600.0,0.0,10.0,1.0,0.0,1.0,1,0,0,NONE,NONE,False,,,0
7312,2000.0,3600.0,0.0,10.0,1.0,0.0,1.0,1,0,0,NONE,NONE,False,,,0
7313,2050.0,3600.0,0.0,10.0,1.0,0.0,1.0,1,0,0,NONE,NONE,False,,,0
7314,2100.0,3600.0,0.0,0.085,0.0,0.0,0.0,0,0,0,NONE,NONE,False,,,4
7315,2150.0,3600.0,0.0,0.085,0.0,0.0,0.0,0,0,0,NONE,NONE,False,,,6
7316,2200.0,3600.0,0.0,0.085,0.0,0.0,0.0,0,0,0,NONE,NONE,False,,,7
7317,2250.0,3600.0,0.0,0.085,0.0,0.0,0.0,0,0,0,NONE,NONE,False,,,8
7318,2300.0,3600.0,0.0,0.085,0.0,0.0,0.0,0,0,0,NONE,NONE,False,,,8
7319,2350.0,3600.0,0.0,0.085,0.0,0.0,0.0,0,0,0,NONE,NONE,False,,,8
7320,2400.0,3600.0,0.0,0.085,0.0,0.0,0.0,0,0,0,NONE,NONE,False,,,4
7321,2450.0,3600.0,0.0,0.085,0.0,0.0,0.0,0,0,0,NONE,NONE,False,,,4
7322,2500.0,3600.0,0.0,0.085,0.0,0.0,0.0,0,0,0,NONE,NONE,False,,,5
7323,2550.0,3600.0,0.0,0.085,0.0,0.0,0.0,0,0,0,NONE,NONE,False,,,3
7324,2600.0,3600.0,0.0,0.085,0.0,0.0,0.0,0,0,0,NONE,NONE,False,,,4
7325,2650.0,3600.0,0.0,0.085,0.0,0.0,0.0,0,0,0,NONE,NONE,False,,,3
7326,2700.0,3600.0,0.0,0.085,0.0,0.0,0.0,0,0,0,NONE,NONE,False,,,4
7327,2750.0,3600.0,0.0,0.085,0.0,0.0,0.0,0,0,0,NONE,NONE,False,,,3
7328,2800.0,3600.0,0.0,0.085,0.0,0.0,0.0,0,0,0,NONE,NONE,False,,,2
7329,2850.0,3600.0,0.0,0.085,0.0,0.0,0.0,0,0,0,NONE,NONE,False,,,2
7330,2900.0,3600.0,0.0,0.085,0.0,0.0,0.0,0,0,0,NONE,NONE,False,,,1
7331,2950.0,3600.0,0.0,0.085,0.0,0.0,0.0,0,0,0,NONE,NONE,False,,,1
7332,3000.0,3600.0,0.0,0.085,0.0,0.0,0.0,0,0,0,NONE,NONE,False,,,0
7333,3050.0,3600.0,0.0,0.085,0.0,0.0,0.0,0,0,0,NONE,NONE,False,,,0
7334,3100.0,3600.0,0.0,0.085,0.0,0.0,0.0,0,0,0,NONE,NONE,False,,,0
7335,3150.0,3600.0,0.0,0.085,0.0,0.0,0.0,0,0,0,NONE,NONE,False,,,0
7336,3200.0,3600.0,0.0,0.085,0.0,0.0,0.0,0,0,0,NONE,NONE,False,,,0
7337,3250.0,3600.0,0.0,0.085,0.0,0.0,0.0,0,0,0,NONE,NONE,False,,,0
7338,3300.0,3600.0,0.0,0.085,0.0,0.0,0.0,0,0,0,NONE,NONE,False,,,0
7339,3350.0,3600.0,0.0,0.085,0.0,0.0,0.0,0,0,0,NONE,NONE,False,,,0
7340,3400.0,3600.0,0.0,0.085,0.0,0.0,0.0,0,0,0,NONE,NONE,False,,,0
7341,3450.0,3600.0,0.0,0.085,0.0,0.0,0.0,0,0,0,NONE,NONE,False,,,0
7342,3500.0,3600.0,0.0,0.085,0.0,0.0,0.0,0,0,0,NONE,NONE,False,,,0
7343,3550.0,3600.0,0.0,0.085,0.0,0.0,0.0,0,0,0,NONE,NONE,False,,,0
7344,3600.0,3600.0,0.0,10.0,1.0,0.0,1.0,1,0,0,NONE,NONE,False,,,0
7345,3650.0,3600.0,0.0,10.0,1.0,0.0,1.0,1,0,0,NONE,NONE,False,,,0
7346,3700.0,3600.0,0.0,10.0,1.0,0.0,1.0,1,0,0,NONE,NONE,False,,,0
7347,3750.0,3600.0,0.0,10.0,1.0,0.0,1.0,1,0,0,NONE,NONE,False,,,0
7348,3800.0,3600.0,0.0,10.0,1.0,0.0,1.0,1,0,0,NONE,NONE,False,,,0
7349,3850.0,3600.0,0.0,10.0,1.0,0.0,1.0,1,0,0,NONE,NONE,False,,,0
7350,3900.0,3600.0,0.0,10.0,1.0,0.0,1.0,1,0,0,NONE,NONE,False,,,0
7351,3950.0,3600.0,0.0,0.085,0.0,0.0,0.0,0,0,0,NONE,NONE,False,,,0
7352,4000.0,3600.0,0.0,0.085,0.0,0.0,0.0,0,0,0,NONE,NONE,False,,,1
7353,4050.0,3600.0,0.0,0.085,0.0,0.0,0.0,0,0,0,NONE,NONE,False,,,1
7354,4100.0,3600.0,0.0,0.085,0.0,0.0,0.0,0,0,0,NONE,NONE,False,,,2
7355,4150.0,3600.0,0.0,0.085,0.0,0.0,0.0,0,0,0,NONE,NONE,False,,,3
7356,4200.0,3600.0,0.0,0.085,0.0,0.0,0.0,0,0,0,NONE,NONE,False,,,3
7357,4250.0,3600.0,0.0,0.085,0.0,0.0,0.0,0,0,0,NONE,NONE,False,,,4
7358,4300.0,3600.0,0.0,0.085,0.0,0.0,0.0,0,0,0,NONE,NONE,False,,,4
7359,4350.0,3600.0,0.0,0.085,0.0,0.0,0.0,0,0,0,NONE,NONE,False,,,3
7360,4400.0,3600.0,0.0,0.085,0.0,0.0,0.0,0,0,0,NONE,NONE,False,,,2
7361,4450.0,3600.0,0.0,0.085,0.0,0.0,0.0,0,0,0,NONE,NONE,False,,,4
7362,4500.0,3600.0,0.0,0.085,0.0,0.0,0.0,0,0,0,NONE,NONE,False,,,4
7363,4550.0,3600.0,0.0,0.085,0.0,0.0,0.0,0,0,0,NONE,NONE,False,,,4
7364,4600.0,3600.0,0.0,0.085,0.0,0.0,0.0,0,0,0,NONE,NONE,False,,,4
7365,4650.0,3600.0,0.0,0.085,0.0,0.0,0.0,0,0,0,NONE,NONE,False,,,4
7366,4700.0,3600.0,0.0,0.085,0.0,0.0,0.0,0,0,0,NONE,NONE,False,,,4
7367,4750.0,3600.0,0.0,0.085,0.0,0.0,0.0,0,0,0,NONE,NONE,False,,,4
7368,4800.0,3600.0,0.0,0.085,0.0,0.0,0.0,0,0,0,NONE,NONE,False,,,3
7369,4850.0,3600.0,0.0,0.085,0.0,0.0,0.0,0,0,0,NONE,NONE,False,,,4
7370,4900.0,3600.0,0.0,0.085,0.0,0.0,0.0,0,0,0,NONE,NONE,False,,,4
7371,4950.0,3600.0,0.0,0.085,0.0,0.0,0.0,0,0,0,NONE,NONE,False,,,2
7372,5000.0,3600.0,0.0,0.085,0.0,0.0,0.0,0,0,0,NONE,NONE,False,,,2
7373,0.0,3650.0,0.0,0.085,0.0,0.0,0.0,0,0,0,NONE,NONE,False,,,3
7374,50.0,3650.0,0.0,0.085,0.0,0.0,0.0,0,0,0,NONE,NONE,False,,,4
7375,100.0,3650.0,0.0,0.085,0.0,0.0,0.0,0,0,0,NONE,NONE,False,,,6
7376,150.0,3650.0,0.0,0.085,0.0,0.0,0.0,0,0,0,NONE,NONE,False,,,7
7377,200.0,3650.0,0.0,0.085,0.0,0.0,0.0,0,0,0,NONE,NONE,False,,,6
7378,250.0,3650.0,0.0,0.085,0.0,0.0,0.0,0,0,0,NONE,NONE,False,,,6
7379,300.0,3650.0,0.0,0.085,0.0,0.0,0.0,0,0,0,NONE,NONE,False,,,7
7380,350.0,3650.0,0.0,0.085,0.0,0.0,0.0,0,0,0,NONE,NONE,False,,,7
7381,400.0,3650.0,0.0,0.085,0.0,0.0,0.0,0,0,0,NONE,NONE,False,,,8
7382,450.0,3650.0,0.0,0.085,0.0,0.0,0.0,0,0,0,NONE,NONE,False,,,8
7383,500.0,3650.0,0.0,0.085,0.0,0.0,0.0,0,0,0,NONE,NONE,False,,,9
7384,550.0,3650.0,0.0,0.085,0.0,0.0,0.0,0,0,0,NONE,NONE,False,,,13
7385,600.0,3650.0,0.0,0.085,0.0,0.0,0.0,0,0,0,NONE,NONE,False,,,13
7386,650.0,3650.0,0.0,0.085,0.0,0.0,0.0,0,0,0,NONE,NONE,False,,,15
7387,700.0,3650.0,0.0,0.085,0.0,0.0,0.0,0,0,0,NONE,NONE,False,,,14
7388,750.0,3650.0,0.0,0.085,0.0,0.0,0.0,0,0,0,NONE,NONE,False,,,11
7389,800.0,3650.0,0.0,0.085,0.0,0.0,0.0,0,0,0,NONE,NONE,False,,,10
7390,850.0,3650.0,0.0,0.085,0.0,0.0,0.0,0,0,0,NONE,NONE,False,,,7
7391,900.0,3650.0,0.0,10.0,0.0,1.0,1.0,0,1,0,NONE,NONE,False,,,0
7392,950.0,3650.0,0.0,10.0,0.0,1.0,1.0,0,1,0,NONE,NONE,False,,,0
7393,1000.0,3650.0,0.0,10.0,0.0,1.0,1.0,0,1,0,NONE,NONE,False,,,0
7394,1050.0,3650.0,0.0,10.0,0.0,1.0,1.0,0,1,0,NONE,NONE,False,,,0
7395,1100.0,3650.0,0.0,10.0,0.0,1.0,1.0,0,1,0,NONE,NONE,False,,,0
7396,1150.0,3650.0,0.0,10.0,0.0,1.0,1.0,0,1,0,NONE,NONE,False,,,0
7397,1200.0,3650.0,0.0,10.0,0.0,1.0,1.0,0,1,0,NONE,NONE,False,,,0
7398,1250.0,3650.0,0.0,10.0,0.0,1.0,1.0,0,1,0,NONE,NONE,False,,,0
7399,1300.0,3650.0,0.0,10.0,0.0,1.0,1.0,0,1,0,NONE,NONE,False,,,0
7400,1350.0,3650.0,0.0,10.0,0.0,1.0,1.0,0,1,0,NONE,NONE,False,,,0
7401,1400.0,3650.0,0.0,10.0,0.0,1.0,1.0,0,1,0,NONE,NONE,False,,,0
7402,1450.0,3650.0,0.0,10.0,0.0,1.0,1.0,0,1,0,NONE,NONE,False,,,0
7403,1500.0,3650.0,0.0,10.0,0.0,1.0,1.0,0,1,0,NONE,NONE,False,,,0
7404,1550.0,3650.0,0.0,10.0,0.0,1.0,1.0,0,1,0,NONE,NONE,False,,,0
7405,1600.0,3650.0,0.0,10.0,0.0,1.0,1.0,0,1,0,NONE,NONE,False,,,0
7406,1650.0,3650.0,0.0,0.085,0.0,0.0,0.0,0,0,0,NONE,NONE,False,,,4
7407,1700.0,3650.0,0.0,0.085,0.0,0.0,0.0,0,0,0,NONE,NONE,False,,,5
7408,1750.0,3650.0,0.0,0.085,0.0,0.0,0.0,0,0,0,NONE,NONE,False,,,5
7409,1800.0,3650.0,0.0,0.085,0.0,0.0,0.0,0,0,0,NONE,NONE,False,,,5
7410,1850.0,3650.0,0.0,0.085,0.0,0.0,0.0,0,0,0,NONE,NONE,False,,,6
7411,1900.0,3650.0,0.0,0.085,0.0,0.0,0.0,0,0,0,NONE,NONE,False,,,6
7412,1950.0,3650.0,0.0,0.085,0.0,0.0,0.0,0,0,0,NONE,NONE,False,,,5
7413,2000.0,3650.0,0.0,0.085,0.0,0.0,0.0,0,0,0,NONE,NONE,False,,,4
7414,2050.0,3650.0,0.0,0.085,0.0,0.0,0.0,0,0,0,NONE,NONE,False,,,4
7415,2100.0,3650.0,0.0,0.085,0.0,0.0,0.0,0,0,0,NONE,NONE,False,,,5
7416,2150.0,3650.0,0.0,0.085,0.0,0.0,0.0,0,0,0,NONE,NONE,False,,,7
7417,2200.0,3650.0,0.0,0.085,0.0,0.0,0.0,0,0,0,NONE,NONE,False,,,8
7418,2250.0,3650.0,0.0,0.085,0.0,0.0,0.0,0,0,0,NONE,NONE,False,,,8
7419,2300.0,3650.0,0.0,0.085,0.0,0.0,0.0,0,0,0,NONE,NONE,False,,,8
7420,2350.0,3650.0,0.0,0.085,0.0,0.0,0.0,0,0,0,NONE,NONE,False,,,5
7421,2400.0,3650.0,0.0,0.085,0.0,0.0,0.0,0,0,0,NONE,NONE,False,,,5
7422,2450.0,3650.0,0.0,0.085,0.0,0.0,0.0,0,0,0,NONE,NONE,False,,,3
7423,2500.0,3650.0,0.0,0.085,0.0,0.0,0.0,0,0,0,NONE,NONE,False,,,3
7424,2550.0,3650.0,0.0,0.085,0.0,0.0,0.0,0,0,0,NONE,NONE,False,,,3
7425,2600.0,3650.0,0.0,0.085,0.0,0.0,0.0,0,0,0,NONE,NONE,False,,,4
7426,2650.0,3650.0,0.0,0.085,0.0,0.0,0.0,0,0,0,NONE,NONE,False,,,3
7427,2700.0,3650.0,0.0,0.085,0.0,0.0,0.0,0,0,0,NONE,NONE,False,,,5
7428,2750.0,3650.0,0.0,0.085,0.0,0.0,0.0,0,0,0,NONE,NONE,False,,,4
7429,2800.0,3650.0,0.0,0.085,0.0,0.0,0.0,0,0,0,NONE,NONE,False,,,3
7430,2850.0,3650.0,0.0,0.085,0.0,0.0,0.0,0,0,0,NONE,NONE,False,,,3
7431,2900.0,3650.0,0.0,0.085,0.0,0.0,0.0,0,0,0,NONE,NONE,False,,,2
7432,2950.0,3650.0,0.0,0.085,0.0,0.0,0.0,0,0,0,NONE,NONE,False,,,2
7433,3000.0,3650.0,0.0,0.085,0.0,0.0,0.0,0,0,0,NONE,NONE,False,,,0
7434,3050.0,3650.0,0.0,0.085,0.0,0.0,0.0,0,0,0,NONE,NONE,False,,,0
7435,3100.0,3650.0,0.0,0.085,0.0,0.0,0.0,0,0,0,NONE,NONE,False,,,0
7436,3150.0,3650.0,0.0,0.085,0.0,0.0,0.0,0,0,0,NONE,NONE,False,,,0
7437,3200.0,3650.0,0.0,0.085,0.0,0.0,0.0,0,0,0,NONE,NONE,False,,,0
7438,3250.0,3650.0,0.0,0.085,0.0,0.0,0.0,0,0,0,NONE,NONE,False,,,0
7439,3300.0,3650.0,0.0,0.085,0.0,0.0,0.0,0,0,0,NONE,NONE,False,,,0
7440,3350.0,3650.0,0.0,0.085,0.0,0.0,0.0,0,0,0,NONE,NONE,False,,,0
7441,3400.0,3650.0,0.0,0.085,0.0,0.0,0.0,0,0,0,NONE,NONE,False,,,0
7442,3450.0,3650.0,0.0,0.085,0.0,0.0,0.0,0,0,0,NONE,NONE,False,,,0
7443,3500.0,3650.0,0.0,0.085,0.0,0.0,0.0,0,0,0,NONE,NONE,False,,,0
7444,3550.0,3650.0,0.0,10.0,1.0,0.0,1.0,1,0,0,NONE,NONE,False,,,0
7445,3600.0,3650.0,0.0,10.0,1.0,0.0,1.0,1,0,0,NONE,NONE,False,,,0
7446,3650.0,3650.0,0.0,10.0,1.0,0.0,1.0,1,0,0,NONE,NONE,False,,,0
7447,3700.0,3650.0,0.0,10.0,1.0,0.0,1.0,1,0,0,NONE,NONE,False,,,0
7448,3750.0,3650.0,0.0,10.0,1.0,0.0,1.0,1,0,0,NONE,NONE,False,,,0
7449,3800.0,3650.0,0.0,10.0,1.0,0.0,1.0,1,0,0,NONE,NONE,False,,,0
7450,3850.0,3650.0,0.0,10.0,1.0,0.0,1.0,1,0,0,NONE,NONE,False,,,0
7451,3900.0,3650.0,0.0,10.0,1.0,0.0,1.0,1,0,0,NONE,NONE,False,,,0
7452,3950.0,3650.0,0.0,10.0,1.0,0.0,1.0,1,0,0,NONE,NONE,False,,,0
7453,4000.0,3650.0,0.0,0.085,0.0,0.0,0.0,0,0,0,NONE,NONE,False,,,1
7454,4050.0,3650.0,0.0,0.085,0.0,0.0,0.0,0,0,0,NONE,NONE,False,,,1
7455,4100.0,3650.0,0.0,0.085,0.0,0.0,0.0,0,0,0,NONE,NONE,False,,,3
7456,4150.0,3650.0,0.0,0.085,0.0,0.0,0.0,0,0,0,NONE,NONE,False,,,3
7457,4200.0,3650.0,0.0,0.085,0.0,0.0,0.0,0,0,0,NONE,NONE,False,,,3
7458,4250.0,3650.0,0.0,0.085,0.0,0.0,0.0,0,0,0,NONE,NONE,False,,,4
7459,4300.0,3650.0,0.0,0.085,0.0,0.0,0.0,0,0,0,NONE,NONE,False,,,4
7460,4350.0,3650.0,0.0,0.085,0.0,0.0,0.0,0,0,0,NONE,NONE,False,,,3
7461,4400.0,3650.0,0.0,0.085,0.0,0.0,0.0,0,0,0,NONE,NONE,False,,,3
7462,4450.0,3650.0,0.0,0.085,0.0,0.0,0.0,0,0,0,NONE,NONE,False,,,3
7463,4500.0,3650.0,0.0,0.085,0.0,0.0,0.0,0,0,0,NONE,NONE,False,,,4
7464,4550.0,3650.0,0.0,0.085,0.0,0.0,0.0,0,0,0,NONE,NONE,False,,,5
7465,4600.0,3650.0,0.0,0.085,0.0,0.0,0.0,0,0,0,NONE,NONE,False,,,4
7466,4650.0,3650.0,0.0,0.085,0.0,0.0,0.0,0,0,0,NONE,NONE,False,,,3
7467,4700.0,3650.0,0.0,0.085,0.0,0.0,0.0,0,0,0,NONE,NONE,False,,,4
7468,4750.0,3650.0,0.0,0.085,0.0,0.0,0.0,0,0,0,NONE,NONE,False,,,4
7469,4800.0,3650.0,0.0,0.085,0.0,0.0,0.0,0,0,0,NONE,NONE,False,,,4
7470,4850.0,3650.0,0.0,0.085,0.0,0.0,0.0,0,0,0,NONE,NONE,False,,,4
7471,4900.0,3650.0,0.0,0.085,0.0,0.0,0.0,0,0,0,NONE,NONE,False,,,3
7472,4950.0,3650.0,0.0,0.085,0.0,0.0,0.0,0,0,0,NONE,NONE,False,,,2
7473,5000.0,3650.0,0.0,0.085,0.0,0.0,0.0,0,0,0,NONE,NONE,False,,,2
7474,0.0,3700.0,0.0,0.085,0.0,0.0,0.0,0,0,0,NONE,NONE,False,,,2
7475,50.0,3700.0,0.0,0.085,0.0,0.0,0.0,0,0,0,NONE,NONE,False,,,4
7476,100.0,3700.0,0.0,0.085,0.0,0.0,0.0,0,0,0,NONE,NONE,False,,,6
7477,150.0,3700.0,0.0,0.085,0.0,0.0,0.0,0,0,0,NONE,NONE,True,minor,TN23,7
7478,200.0,3700.0,0.0,0.085,0.0,0.0,0.0,0,0,0,NONE,NONE,False,,,6
7479,250.0,3700.0,0.0,0.085,0.0,0.0,0.0,0,0,0,NONE,NONE,False,,,5
7480,300.0,3700.0,0.0,0.085,0.0,0.0,0.0,0,0,0,NONE,NONE,False,,,7
7481,350.0,3700.0,0.0,0.085,0.0,0.0,0.0,0,0,0,NONE,NONE,False,,,8
7482,400.0,3700.0,0.0,0.085,0.0,0.0,0.0,0,0,0,NONE,NONE,False,,,7
7483,450.0,3700.0,0.0,0.085,0.0,0.0,0.0,0,0,0,NONE,NONE,False,,,8
7484,500.0,3700.0,0.0,0.085,0.0,0.0,0.0,0,0,0,NONE,NONE,False,,,8
7485,550.0,3700.0,0.0,0.085,0.0,0.0,0.0,0,0,0,NONE,NONE,False,,,10
7486,600.0,3700.0,0.0,0.085,0.0,0.0,0.0,0,0,0,NONE,NONE,False,,,13
7487,650.0,3700.0,0.0,0.085,0.0,0.0,0.0,0,0,0,NONE,NONE,False,,,13
7488,700.0,3700.0,0.0,0.085,0.0,0.0,0.0,0,0,0,NONE,NONE,False,,,14
7489,750.0,3700.0,0.0,0.085,0.0,0.0,0.0,0,0,0,NONE,NONE,False,,,13
7490,800.0,3700.0,0.0,0.085,0.0,0.0,0.0,0,0,0,NONE,NONE,False,,,11
7491,850.0,3700.0,0.0,0.085,0.0,0.0,0.0,0,0,0,NONE,NONE,False,,,10
7492,900.0,3700.0,0.0,0.085,0.0,0.0,0.0,0,0,0,NONE,NONE,False,,,7
7493,950.0,3700.0,0.0,10.0,0.0,1.0,1.0,0,1,0,NONE,NONE,False,,,0
7494,1000.0,3700.0,0.0,10.0,0.0,1.0,1.0,0,1,0,NONE,NONE,False,,,0
7495,1050.0,3700.0,0.0,10.0,0.0,1.0,1.0,0,1,0,NONE,NONE,False,,,0
7496,1100.0,3700.0,0.0,10.0,0.0,1.0,1.0,0,1,0,NONE,NONE,False,,,0
7497,1150.0,3700.0,0.0,10.0,0.0,1.0,1.0,0,1,0,NONE,NONE,False,,,0
7498,1200.0,3700.0,0.0,10.0,0.0,1.0,1.0,0,1,0,NONE,NONE,False,,,0
7499,1250.0,3700.0,0.0,10.0,0.0,1.0,1.0,0,1,0,NONE,NONE,False,,,0
7500,1300.0,3700.0,0.0,10.0,0.0,1.0,1.0,0,1,0,NONE,NONE,False,,,0
7501,1350.0,3700.0,0.0,10.0,0.0,1.0,1.0,0,1,0,NONE,NONE,False,,,0
7502,1400.0,3700.0,0.0,10.0,0.0,1.0,1.0,0,1,0,NONE,NONE,False,,,0
7503,1450.0,3700.0,0.0,10.0,0.0,1.0,1.0,0,1,0,NONE,NONE,False,,,0
7504,1500.0,3700.0,0.0,10.0,0.0,1.0,1.0,0,1,0,NONE,NONE,False,,,0
7505,1550.0,3700.0,0.0,10.0,0.0,1.0,1.0,0,1,0,NONE,NONE,False,,,0
7506,1600.0,3700.0,0.0,0.085,0.0,0.0,0.0,0,0,0,NONE,NONE,False,,,6
7507,1650.0,3700.0,0.0,0.085,0.0,0.0,0.0,0,0,0,NONE,NONE,False,,,8
7508,1700.0,3700.0,0.0,0.085,0.0,0.0,0.0,0,0,0,NONE,NONE,False,,,8
7509,1750.0,3700.0,0.0,0.085,0.0,0.0,0.0,0,0,0,NONE,NONE,False,,,9
7510,1800.0,3700.0,0.0,0.085,0.0,0.0,0.0,0,0,0,NONE,NONE,False,,,9
7511,1850.0,3700.0,0.0,0.085,0.0,0.0,0.0,0,0,0,NONE,NONE,False,,,8
7512,1900.0,3700.0,0.0,0.085,0.0,0.0,0.0,0,0,0,NONE,NONE,False,,,7
7513,1950.0,3700.0,0.0,0.085,0.0,0.0,0.0,0,0,0,NONE,NONE,False,,,8
7514,2000.0,3700.0,0.0,0.085,0.0,0.0,0.0,0,0,0,NONE,NONE,False,,,7
7515,2050.0,3700.0,0.0,0.085,0.0,0.0,0.0,0,0,0,NONE,NONE,False,,,6
7516,2100.0,3700.0,0.0,0.085,0.0,0.0,0.0,0,0,0,NONE,NONE,False,,,6
7517,2150.0,3700.0,0.0,0.085,0.0,0.0,0.0,0,0,0,NONE,NONE,False,,,8
7518,2200.0,3700.0,0.0,0.085,0.0,0.0,0.0,0,0,0,NONE,NONE,False,,,8
7519,2250.0,3700.0,0.0,0.085,0.0,0.0,0.0,0,0,0,NONE,NONE,False,,,8
7520,2300.0,3700.0,0.0,0.085,0.0,0.0,0.0,0,0,0,NONE,NONE,False,,,5
7521,2350.0,3700.0,0.0,0.085,0.0,0.0,0.0,0,0,0,NONE,NONE,False,,,5
7522,2400.0,3700.0,0.0,0.085,0.0,0.0,0.0,0,0,0,NONE,NONE,False,,,4
7523,2450.0,3700.0,0.0,0.085,0.0,0.0,0.0,0,0,0,NONE,NONE,False,,,2
7524,2500.0,3700.0,0.0,0.085,0.0,0.0,0.0,0,0,0,NONE,NONE,False,,,2
7525,2550.0,3700.0,0.0,0.085,0.0,0.0,0.0,0,0,0,NONE,NONE,False,,,3
7526,2600.0,3700.0,0.0,0.085,0.0,0.0,0.0,0,0,0,NONE,NONE,False,,,3
7527,2650.0,3700.0,0.0,0.085,0.0,0.0,0.0,0,0,0,NONE,NONE,False,,,4
7528,2700.0,3700.0,0.0,0.085,0.0,0.0,0.0,0,0,0,NONE,NONE,False,,,4
7529,2750.0,3700.0,0.0,0.085,0.0,0.0,0.0,0,0,0,NONE,NONE,False,,,4
7530,2800.0,3700.0,0.0,0.085,0.0,0.0,0.0,0,0,0,NONE,NONE,False,,,3
7531,2850.0,3700.0,0.0,0.085,0.0,0.0,0.0,0,0,0,NONE,NONE,False,,,3
7532,2900.0,3700.0,0.0,0.085,0.0,0.0,0.0,0,0,0,NONE,NONE,False,,,2
7533,2950.0,3700.0,0.0,0.085,0.0,0.0,0.0,0,0,0,NONE,NONE,False,,,2
7534,3000.0,3700.0,0.0,0.085,0.0,0.0,0.0,0,0,0,NONE,NONE,False,,,1
7535,3050.0,3700.0,0.0,0.085,0.0,0.0,0.0,0,0,0,NONE,NONE,False,,,0
7536,3100.0,3700.0,0.0,0.085,0.0,0.0,0.0,0,0,0,NONE,NONE,False,,,0
7537,3150.0,3700.0,0.0,0.085,0.0,0.0,0.0,0,0,0,NONE,NONE,False,,,0
7538,3200.0,3700.0,0.0,0.085,0.0,0.0,0.0,0,0,0,NONE,NONE,False,,,0
7539,3250.0,3700.0,0.0,0.085,0.0,0.0,0.0,0,0,0,NONE,NONE,False,,,0
7540,3300.0,3700.0,0.0,0.085,0.0,0.0,0.0,0,0,0,NONE,NONE,False,,,0
7541,3350.0,3700.0,0.0,0.085,0.0,0.0,0.0,0,0,0,NONE,NONE,False,,,0
7542,3400.0,3700.0,0.0,0.085,0.0,0.0,0.0,0,0,0,NONE,NONE,False,,,0
7543,3450.0,3700.0,0.0,0.085,0.0,0.0,0.0,0,0,0,NONE,NONE,False,,,0
7544,3500.0,3700.0,0.0,0.085,0.0,0.0,0.0,0,0,0,NONE,NONE,False,,,0
7545,3550.0,3700.0,0.0,10.0,1.0,0.0,1.0,1,0,0,NONE,NONE,False,,,0
7546,3600.0,3700.0,0.0,10.0,1.0,0.0,1.0,1,0,0,NONE,NONE,False,,,0
7547,3650.0,3700.0,0.0,10.0,1.0,0.0,1.0,1,0,0,NONE,NONE,False,,,0
7548,3700.0,3700.0,0.0,10.0,1.0,0.0,1.0,1,0,0,NONE,NONE,False,,,0
7549,3750.0,3700.0,0.0,10.0,1.0,0.0,1.0,1,0,0,NONE,NONE,False,,,0
7550,3800.0,3700.0,0.0,10.0,1.0,0.0,1.0,1,0,0,NONE,NONE,False,,,0
7551,3850.0,3700.0,0.0,10.0,1.0,0.0,1.0,1,0,0,NONE,NONE,False,,,0
7552,3900.0,3700.0,0.0,10.0,1.0,0.0,1.0,1,0,0,NONE,NONE,False,,,0
7553,3950.0,3700.0,0.0,10.0,1.0,0.0,1.0,1,0,0,NONE,NONE,False,,,0
7554,4000.0,3700.0,0.0,0.085,0.0,0.0,0.0,0,0,0,NONE,NONE,False,,,1
7555,4050.0,3700.0,0.0,0.085,0.0,0.0,0.0,0,0,0,NONE,NONE,False,,,2
7556,4100.0,3700.0,0.0,0.085,0.0,0.0,0.0,0,0,0,NONE,NONE,False,,,3
7557,4150.0,3700.0,0.0,0.085,0.0,0.0,0.0,0,0,0,NONE,NONE,False,,,3
7558,4200.0,3700.0,0.0,0.085,0.0,0.0,0.0,0,0,0,NONE,NONE,False,,,4
7559,4250.0,3700.0,0.0,0.085,0.0,0.0,0.0,0,0,0,NONE,NONE,False,,,3
7560,4300.0,3700.0,0.0,0.085,0.0,0.0,0.0,0,0,0,NONE,NONE,False,,,3
7561,4350.0,3700.0,0.0,0.085,0.0,0.0,0.0,0,0,0,NONE,NONE,False,,,4
7562,4400.0,3700.0,0.0,0.085,0.0,0.0,0.0,0,0,0,NONE,NONE,False,,,3
7563,4450.0,3700.0,0.0,0.085,0.0,0.0,0.0,0,0,0,NONE,NONE,False,,,3
7564,4500.0,3700.0,0.0,0.085,0.0,0.0,0.0,0,0,0,NONE,NONE,False,,,4
7565,4550.0,3700.0,0.0,0.085,0.0,0.0,0.0,0,0,0,NONE,NONE,False,,,4
7566,4600.0,3700.0,0.0,0.085,0.0,0.0,0.0,0,0,0,NONE,NONE,False,,,4
7567,4650.0,3700.0,0.0,0.085,0.0,0.0,0.0,0,0,0,NONE,NONE,False,,,4
7568,4700.0,3700.0,0.0,0.085,0.0,0.0,0.0,0,0,0,NONE,NONE,False,,,3
7569,4750.0,3700.0,0.0,0.085,0.0,0.0,0.0,0,0,0,NONE,NONE,False,,,4
7570,4800.0,3700.0,0.0,0.085,0.0,0.0,0.0,0,0,0,NONE,NONE,False,,,4
7571,4850.0,3700.0,0.0,0.085,0.0,0.0,0.0,0,0,0,NONE,NONE,False,,,4
7572,4900.0,3700.0,0.0,0.085,0.0,0.0,0.0,0,0,0,NONE,NONE,False,,,3
7573,4950.0,3700.0,0.0,0.085,0.0,0.0,0.0,0,0,0,NONE,NONE,False,,,2
7574,5000.0,3700.0,0.0,0.085,0.0,0.0,0.0,0,0,0,NONE,NONE,False,,,2
7575,0.0,3750.0,0.0,0.085,0.0,0.0,0.0,0,0,0,NONE,NONE,False,,,2
7576,50.0,3750.0,0.0,0.085,0.0,0.0,0.0,0,0,0,NONE,NONE,False,,,4
7577,100.0,3750.0,0.0,0.085,0.0,0.0,0.0,0,0,0,NONE,NONE,False,,,5
7578,150.0,3750.0,0.0,0.085,0.0,0.0,0.0,0,0,0,NONE,NONE,False,,,6
7579,200.0,3750.0,0.0,0.085,0.0,0.0,0.0,0,0,0,NONE,NONE,False,,,7
7580,250.0,3750.0,0.0,0.085,0.0,0.0,0.0,0,0,0,NONE,NONE,False,,,5
7581,300.0,3750.0,0.0,0.085,0.0,0.0,0.0,0,0,0,NONE,NONE,False,,,6
7582,350.0,3750.0,0.0,0.085,0.0,0.0,0.0,0,0,0,NONE,NONE,False,,,8
7583,400.0,3750.0,0.0,0.085,0.0,0.0,0.0,0,0,0,NONE,NONE,False,,,7
7584,450.0,3750.0,0.0,0.085,0.0,0.0,0.0,0,0,0,NONE,NONE,False,,,7
7585,500.0,3750.0,0.0,0.085,0.0,0.0,0.0,0,0,0,NONE,NONE,False,,,8
7586,550.0,3750.0,0.0,0.085,0.0,0.0,0.0,0,0,0,NONE,NONE,False,,,8
7587,600.0,3750.0,0.0,0.085,0.0,0.0,0.0,0,0,0,NONE,NONE,False,,,10
7588,650.0,3750.0,0.0,0.085,0.0,0.0,0.0,0,0,0,NONE,NONE,False,,,12
7589,700.0,3750.0,0.0,0.085,0.0,0.0,0.0,0,0,0,NONE,NONE,False,,,15
7590,750.0,3750.0,0.0,0.085,0.0,0.0,0.0,0,0,0,NONE,NONE,False,,,14
7591,800.0,3750.0,0.0,0.085,0.0,0.0,0.0,0,0,0,NONE,NONE,False,,,14
7592,850.0,3750.0,0.0,0.085,0.0,0.0,0.0,0,0,0,NONE,NONE,False,,,12
7593,900.0,3750.0,0.0,0.085,0.0,0.0,0.0,0,0,0,NONE,NONE,False,,,11
7594,950.0,3750.0,0.0,10.0,0.0,1.0,1.0,0,1,0,NONE,NONE,False,,,0
7595,1000.0,3750.0,0.0,10.0,0.0,1.0,1.0,0,1,0,NONE,NONE,False,,,0
7596,1050.0,3750.0,0.0,10.0,0.0,1.0,1.0,0,1,0,NONE,NONE,False,,,0
7597,1100.0,3750.0,0.0,10.0,0.0,1.0,1.0,0,1,0,NONE,NONE,False,,,0
7598,1150.0,3750.0,0.0,10.0,0.0,1.0,1.0,0,1,0,NONE,NONE,False,,,0
7599,1200.0,3750.0,0.0,10.0,0.0,1.0,1.0,0,1,0,NONE,NONE,False,,,0
7600,1250.0,3750.0,0.0,10.0,0.0,1.0,1.0,0,1,0,NONE,NONE,False,,,0
7601,1300.0,3750.0,0.0,10.0,0.0,1.0,1.0,0,1,0,NONE,NONE,False,,,0
7602,1350.0,3750.0,0.0,10.0,0.0,1.0,1.0,0,1,0,NONE,NONE,False,,,0
7603,1400.0,3750.0,0.0,10.0,0.0,1.0,1.0,0,1,0,NONE,NONE,False,,,0
7604,1450.0,3750.0,0.0,10.0,0.0,1.0,1.0,0,1,0,NONE,NONE,False,,,0
7605,1500.0,3750.0,0.0,10.0,0.0,1.0,1.0,0,1,0,NONE,NONE,False,,,0
7606,1550.0,3750.0,0.0,10.0,0.0,1.0,1.0,0,1,0,NONE,NONE,False,,,0
7607,1600.0,3750.0,0.0,0.085,0.0,0.0,0.0,0,0,0,NONE,NONE,False,,,10
7608,1650.0,3750.0,0.0,0.085,0.0,0.0,0.0,0,0,0,NONE,NONE,False,,,10
7609,1700.0,3750.0,0.0,0.085,0.0,0.0,0.0,0,0,0,NONE,NONE,False,,,11
7610,1750.0,3750.0,0.0,0.085,0.0,0.0,0.0,0,0,0,NONE,NONE,False,,,11
7611,1800.0,3750.0,0.0,0.085,0.0,0.0,0.0,0,0,0,NONE,NONE,False,,,11
7612,1850.0,3750.0,0.0,0.085,0.0,0.0,0.0,0,0,0,NONE,NONE,False,,,11
7613,1900.0,3750.0,0.0,0.085,0.0,0.0,0.0,0,0,0,NONE,NONE,False,,,10
7614,1950.0,3750.0,0.0,0.085,0.0,0.0,0.0,0,0,0,NONE,NONE,False,,,10
7615,2000.0,3750.0,0.0,0.085,0.0,0.0,0.0,0,0,0,NONE,NONE,False,,,9
7616,2050.0,3750.0,0.0,0.085,0.0,0.0,0.0,0,0,0,NONE,NONE,False,,,9
7617,2100.0,3750.0,0.0,0.085,0.0,0.0,0.0,0,0,0,NONE,NONE,False,,,7
7618,2150.0,3750.0,0.0,0.085,0.0,0.0,0.0,0,0,0,NONE,NONE,False,,,7
7619,2200.0,3750.0,0.0,0.085,0.0,0.0,0.0,0,0,0,NONE,NONE,False,,,8
7620,2250.0,3750.0,0.0,0.085,0.0,0.0,0.0,0,0,0,NONE,NONE,False,,,5
7621,2300.0,3750.0,0.0,0.085,0.0,0.0,0.0,0,0,0,NONE,NONE,False,,,5
7622,2350.0,3750.0,0.0,0.085,0.0,0.0,0.0,0,0,0,NONE,NONE,False,,,4
7623,2400.0,3750.0,0.0,10.0,1.0,0.0,1.0,1,0,0,NONE,NONE,False,,,0
7624,2450.0,3750.0,0.0,10.0,1.0,0.0,1.0,1,0,0,NONE,NONE,False,,,0
7625,2500.0,3750.0,0.0,10.0,1.0,0.0,1.0,1,0,0,NONE,NONE,False,,,0
7626,2550.0,3750.0,0.0,0.085,0.0,0.0,0.0,0,0,0,NONE,NONE,False,,,2
7627,2600.0,3750.0,0.0,0.085,0.0,0.0,0.0,0,0,0,NONE,NONE,False,,,3
7628,2650.0,3750.0,0.0,0.085,0.0,0.0,0.0,0,0,0,NONE,NONE,False,,,4
7629,2700.0,3750.0,0.0,0.085,0.0,0.0,0.0,0,0,0,NONE,NONE,False,,,4
7630,2750.0,3750.0,0.0,0.085,0.0,0.0,0.0,0,0,0,NONE,NONE,False,,,4
7631,2800.0,3750.0,0.0,0.085,0.0,0.0,0.0,0,0,0,NONE,NONE,False,,,3
7632,2850.0,3750.0,0.0,0.085,0.0,0.0,0.0,0,0,0,NONE,NONE,False,,,3
7633,2900.0,3750.0,0.0,0.085,0.0,0.0,0.0,0,0,0,NONE,NONE,False,,,2
7634,2950.0,3750.0,0.0,0.085,0.0,0.0,0.0,0,0,0,NONE,NONE,False,,,2
7635,3000.0,3750.0,0.0,0.085,0.0,0.0,0.0,0,0,0,NONE,NONE,True,minor,RN10,1
7636,3050.0,3750.0,0.0,0.085,0.0,0.0,0.0,0,0,0,NONE,NONE,False,,,1
7637,3100.0,3750.0,0.0,0.085,0.0,0.0,0.0,0,0,0,NONE,NONE,False,,,1
7638,3150.0,3750.0,0.0,0.085,0.0,0.0,0.0,0,0,0,NONE,NONE,False,,,1
7639,3200.0,3750.0,0.0,0.085,0.0,0.0,0.0,0,0,0,NONE,NONE,False,,,0
7640,3250.0,3750.0,0.0,0.085,0.0,0.0,0.0,0,0,0,NONE,NONE,False,,,0
7641,3300.0,3750.0,0.0,0.085,0.0,0.0,0.0,0,0,0,NONE,NONE,False,,,0
7642,3350.0,3750.0,0.0,0.085,0.0,0.0,0.0,0,0,0,NONE,NONE,False,,,0
7643,3400.0,3750.0,0.0,0.085,0.0,0.0,0.0,0,0,0,NONE,NONE,False,,,0
7644,3450.0,3750.0,0.0,0.085,0.0,0.0,0.0,0,0,0,NONE,NONE,False,,,0
7645,3500.0,3750.0,0.0,0.085,0.0,0.0,0.0,0,0,0,NONE,NONE,False,,,0
7646,3550.0,3750.0,0.0,10.0,1.0,0.0,1.0,1,0,0,NONE,NONE,False,,,0
7647,3600.0,3750.0,0.0,10.0,1.0,0.0,1.0,1,0,0,NONE,NONE,False,,,0
7648,3650.0,3750.0,0.0,10.0,1.0,0.0,1.0,1,0,0,NONE,NONE,False,,,0
7649,3700.0,3750.0,0.0,10.0,1.0,0.0,1.0,1,0,0,NONE,NONE,False,,,0
7650,3750.0,3750.0,0.0,10.0,1.0,0.0,1.0,1,0,0,NONE,NONE,False,,,0
7651,3800.0,3750.0,0.0,10.0,1.0,0.0,1.0,1,0,0,NONE,NONE,False,,,0
7652,3850.0,3750.0,0.0,10.0,1.0,0.0,1.0,1,0,0,NONE,NONE,False,,,0
7653,3900.0,3750.0,0.0,10.0,1.0,0.0,1.0,1,0,0,NONE,NONE,False,,,0
7654,3950.0,3750.0,0.0,10.0,1.0,0.0,1.0,1,0,0,NONE,NONE,False,,,0
7655,4000.0,3750.0,0.0,0.085,0.0,0.0,0.0,0,0,0,NONE,NONE,False,,,2
7656,4050.0,3750.0,0.0,0.085,0.0,0.0,0.0,0,0,0,NONE,NONE,False,,,2
7657,4100.0,3750.0,0.0,0.085,0.0,0.0,0.0,0,0,0,NONE,NONE,False,,,3
7658,4150.0,3750.0,0.0,0.085,0.0,0.0,0.0,0,0,0,NONE,NONE,False,,,4
7659,4200.0,3750.0,0.0,0.085,0.0,0.0,0.0,0,0,0,NONE,NONE,False,,,3
7660,4250.0,3750.0,0.0,0.085,0.0,0.0,0.0,0,0,0,NONE,NONE,False,,,3
7661,4300.0,3750.0,0.0,0.085,0.0,0.0,0.0,0,0,0,NONE,NONE,False,,,4
7662,4350.0,3750.0,0.0,0.085,0.0,0.0,0.0,0,0,0,NONE,NONE,False,,,2
7663,4400.0,3750.0,0.0,0.085,0.0,0.0,0.0,0,0,0,NONE,NONE,False,,,3
7664,4450.0,3750.0,0.0,0.085,0.0,0.0,0.0,0,0,0,NONE,NONE,False,,,4
7665,4500.0,3750.0,0.0,0.085,0.0,0.0,0.0,0,0,0,NONE,NONE,False,,,3
7666,4550.0,3750.0,0.0,0.085,0.0,0.0,0.0,0,0,0,NONE,NONE,False,,,3
7667,4600.0,3750.0,0.0,0.085,0.0,0.0,0.0,0,0,0,NONE,NONE,False,,,4
7668,4650.0,3750.0,0.0,0.085,0.0,0.0,0.0,0,0,0,NONE,NONE,False,,,3
7669,4700.0,3750.0,0.0,0.085,0.0,0.0,0.0,0,0,0,NONE,NONE,False,,,4
7670,4750.0,3750.0,0.0,0.085,0.0,0.0,0.0,0,0,0,NONE,NONE,False,,,4
7671,4800.0,3750.0,0.0,0.085,0.0,0.0,0.0,0,0,0,NONE,NONE,False,,,3
7672,4850.0,3750.0,0.0,0.085,0.0,0.0,0.0,0,0,0,NONE,NONE,False,,,4
7673,4900.0,3750.0,0.0,0.085,0.0,0.0,0.0,0,0,0,NONE,NONE,False,,,3
7674,4950.0,3750.0,0.0,0.085,0.0,0.0,0.0,0,0,0,NONE,NONE,False,,,2
7675,5000.0,3750.0,0.0,0.085,0.0,0.0,0.0,0,0,0,NONE,NONE,False,,,1
7676,0.0,3800.0,0.0,0.085,0.0,0.0,0.0,0,0,0,NONE,NONE,False,,,3
7677,50.0,3800.0,0.0,0.085,0.0,0.0,0.0,0,0,0,NONE,NONE,False,,,3
7678,100.0,3800.0,0.0,0.085,0.0,0.0,0.0,0,0,0,NONE,NONE,False,,,4
7679,150.0,3800.0,0.0,0.085,0.0,0.0,0.0,0,0,0,NONE,NONE,False,,,5
7680,200.0,3800.0,0.0,0.085,0.0,0.0,0.0,0,0,0,NONE,NONE,False,,,6
7681,250.0,3800.0,0.0,0.085,0.0,0.0,0.0,0,0,0,NONE,NONE,False,,,6
7682,300.0,3800.0,0.0,0.085,0.0,0.0,0.0,0,0,0,NONE,NONE,False,,,6
7683,350.0,3800.0,0.0,0.085,0.0,0.0,0.0,0,0,0,NONE,NONE,False,,,6
7684,400.0,3800.0,0.0,0.085,0.0,0.0,0.0,0,0,0,NONE,NONE,False,,,7
7685,450.0,3800.0,0.0,0.085,0.0,0.0,0.0,0,0,0,NONE,NONE,False,,,7
7686,500.0,3800.0,0.0,0.085,0.0,0.0,0.0,0,0,0,NONE,NONE,False,,,7
7687,550.0,3800.0,0.0,0.085,0.0,0.0,0.0,0,0,0,NONE,NONE,False,,,8
7688,600.0,3800.0,0.0,0.085,0.0,0.0,0.0,0,0,0,NONE,NONE,False,,,8
7689,650.0,3800.0,0.0,0.085,0.0,0.0,0.0,0,0,0,NONE,NONE,False,,,10
7690,700.0,3800.0,0.0,0.085,0.0,0.0,0.0,0,0,0,NONE,NONE,False,,,16
7691,750.0,3800.0,0.0,0.085,0.0,0.0,0.0,0,0,0,NONE,NONE,False,,,15
7692,800.0,3800.0,0.0,0.085,0.0,0.0,0.0,0,0,0,NONE,NONE,False,,,16
7693,850.0,3800.0,0.0,0.085,0.0,0.0,0.0,0,0,0,NONE,NONE,False,,,16
7694,900.0,3800.0,0.0,0.085,0.0,0.0,0.0,0,0,0,NONE,NONE,False,,,15
7695,950.0,3800.0,0.0,0.085,0.0,0.0,0.0,0,0,0,NONE,NONE,False,,,48
7696,1000.0,3800.0,0.0,10.0,0.0,1.0,1.0,0,1,0,NONE,NONE,False,,,0
7697,1050.0,3800.0,0.0,10.0,0.0,1.0,1.0,0,1,0,NONE,NONE,False,,,0
7698,1100.0,3800.0,0.0,10.0,0.0,1.0,1.0,0,1,0,NONE,NONE,False,,,0
7699,1150.0,3800.0,0.0,10.0,0.0,1.0,1.0,0,1,0,NONE,NONE,False,,,0
7700,1200.0,3800.0,0.0,10.0,0.0,1.0,1.0,0,1,0,NONE,NONE,False,,,0
7701,1250.0,3800.0,0.0,10.0,0.0,1.0,1.0,0,1,0,NONE,NONE,False,,,0
7702,1300.0,3800.0,0.0,10.0,0.0,1.0,1.0,0,1,0,NONE,NONE,False,,,0
7703,1350.0,3800.0,0.0,10.0,0.0,1.0,1.0,0,1,0,NONE,NONE,False,,,0
7704,1400.0,3800.0,0.0,10.0,0.0,1.0,1.0,0,1,0,NONE,NONE,False,,,0
7705,1450.0,3800.0,0.0,10.0,0.0,1.0,1.0,0,1,0,NONE,NONE,False,,,0
7706,1500.0,3800.0,0.0,10.0,0.0,1.0,1.0,0,1,0,NONE,NONE,False,,,0
7707,1550.0,3800.0,0.0,0.085,0.0,0.0,0.0,0,0,0,NONE,NONE,False,,,14
7708,1600.0,3800.0,0.0,0.085,0.0,0.0,0.0,0,0,0,NONE,NONE,False,,,14
7709,1650.0,3800.0,0.0,0.085,0.0,0.0,0.0,0,0,0,NONE,NONE,True,major,TN2,14
7710,1700.0,3800.0,0.0,0.085,0.0,0.0,0.0,0,0,0,NONE,NONE,False,,,14
7711,1750.0,3800.0,0.0,0.085,0.0,0.0,0.0,0,0,0,NONE,NONE,False,,,14
7712,1800.0,3800.0,0.0,0.085,0.0,0.0,0.0,0,0,0,NONE,NONE,False,,,14
7713,1850.0,3800.0,0.0,0.085,0.0,0.0,0.0,0,0,0,NONE,NONE,False,,,14
7714,1900.0,3800.0,0.0,0.085,0.0,0.0,0.0,0,0,0,NONE,NONE,False,,,12
7715,1950.0,3800.0,0.0,0.085,0.0,0.0,0.0,0,0,0,NONE,NONE,False,,,11
7716,2000.0,3800.0,0.0,0.085,0.0,0.0,0.0,0,0,0,NONE,NONE,False,,,10
7717,2050.0,3800.0,0.0,0.085,0.0,0.0,0.0,0,0,0,NONE,NONE,False,,,9
7718,2100.0,3800.0,0.0,0.085,0.0,0.0,0.0,0,0,0,NONE,NONE,False,,,9
7719,2150.0,3800.0,0.0,0.085,0.0,0.0,0.0,0,0,0,NONE,NONE,False,,,8
7720,2200.0,3800.0,0.0,0.085,0.0,0.0,0.0,0,0,0,NONE,NONE,False,,,5
7721,2250.0,3800.0,0.0,0.085,0.0,0.0,0.0,0,0,0,NONE,NONE,False,,,4
7722,2300.0,3800.0,0.0,0.085,0.0,0.0,0.0,0,0,0,NONE,NONE,False,,,3
7723,2350.0,3800.0,0.0,0.085,0.0,0.0,0.0,0,0,0,NONE,NONE,False,,,2
7724,2400.0,3800.0,0.0,10.0,1.0,0.0,1.0,1,0,0,NONE,NONE,False,,,0
7725,2450.0,3800.0,0.0,10.0,1.0,0.0,1.0,1,0,0,NONE,NONE,False,,,0
7726,2500.0,3800.0,0.0,10.0,1.0,0.0,1.0,1,0,0,NONE,NONE,False,,,0
7727,2550.0,3800.0,0.0,0.085,0.0,0.0,0.0,0,0,0,NONE,NONE,False,,,3
7728,2600.0,3800.0,0.0,0.085,0.0,0.0,0.0,0,0,0,NONE,NONE,False,,,3
7729,2650.0,3800.0,0.0,0.085,0.0,0.0,0.0,0,0,0,NONE,NONE,False,,,4
7730,2700.0,3800.0,0.0,0.085,0.0,0.0,0.0,0,0,0,NONE,NONE,False,,,4
7731,2750.0,3800.0,0.0,0.085,0.0,0.0,0.0,0,0,0,NONE,NONE,False,,,4
7732,2800.0,3800.0,0.0,0.085,0.0,0.0,0.0,0,0,0,NONE,NONE,False,,,3
7733,2850.0,3800.0,0.0,0.085,0.0,0.0,0.0,0,0,0,NONE,NONE,False,,,3
7734,2900.0,3800.0,0.0,0.085,0.0,0.0,0.0,0,0,0,NONE,NONE,False,,,2
7735,2950.0,3800.0,0.0,0.085,0.0,0.0,0.0,0,0,0,NONE,NONE,False,,,2
7736,3000.0,3800.0,0.0,0.085,0.0,0.0,0.0,0,0,0,NONE,NONE,False,,,1
7737,3050.0,3800.0,0.0,0.085,0.0,0.0,0.0,0,0,0,NONE,NONE,False,,,1
7738,3100.0,3800.0,0.0,0.085,0.0,0.0,0.0,0,0,0,NONE,NONE,False,,,1
7739,3150.0,3800.0,0.0,0.085,0.0,0.0,0.0,0,0,0,NONE,NONE,False,,,1
7740,3200.0,3800.0,0.0,0.085,0.0,0.0,0.0,0,0,0,NONE,NONE,False,,,1
7741,3250.0,3800.0,0.0,0.085,0.0,0.0,0.0,0,0,0,NONE,NONE,False,,,1
7742,3300.0,3800.0,0.0,0.085,0.0,0.0,0.0,0,0,0,NONE,NONE,False,,,0
7743,3350.0,3800.0,0.0,0.085,0.0,0.0,0.0,0,0,0,NONE,NONE,False,,,0
7744,3400.0,3800.0,0.0,0.085,0.0,0.0,0.0,0,0,0,NONE,NONE,False,,,0
7745,3450.0,3800.0,0.0,0.085,0.0,0.0,0.0,0,0,0,NONE,NONE,False,,,0
7746,3500.0,3800.0,0.0,0.085,0.0,0.0,0.0,0,0,0,NONE,NONE,False,,,0
7747,3550.0,3800.0,0.0,10.0,1.0,0.0,1.0,1,0,0,NONE,NONE,False,,,0
7748,3600.0,3800.0,0.0,10.0,1.0,0.0,1.0,1,0,0,NONE,NONE,False,,,0
7749,3650.0,3800.0,0.0,10.0,1.0,0.0,1.0,1,0,0,NONE,NONE,False,,,0
7750,3700.0,3800.0,0.0,10.0,1.0,0.0,1.0,1,0,0,NONE,NONE,False,,,0
7751,3750.0,3800.0,0.0,10.0,1.0,0.0,1.0,1,0,0,NONE,NONE,False,,,0
7752,3800.0,3800.0,0.0,10.0,1.0,0.0,1.0,1,0,0,NONE,NONE,False,,,0
7753,3850.0,3800.0,0.0,10.0,1.0,0.0,1.0,1,0,0,NONE,NONE,False,,,0
7754,3900.0,3800.0,0.0,10.0,1.0,0.0,1.0,1,0,0,NONE,NONE,False,,,0
7755,3950.0,3800.0,0.0,10.0,1.0,0.0,1.0,1,0,0,NONE,NONE,False,,,0
7756,4000.0,3800.0,0.0,0.085,0.0,0.0,0.0,0,0,0,NONE,NONE,False,,,2
7757,4050.0,3800.0,0.0,0.085,0.0,0.0,0.0,0,0,0,NONE,NONE,False,,,2
7758,4100.0,3800.0,0.0,0.085,0.0,0.0,0.0,0,0,0,NONE,NONE,False,,,4
7759,4150.0,3800.0,0.0,0.085,0.0,0.0,0.0,0,0,0,NONE,NONE,False,,,4
7760,4200.0,3800.0,0.0,0.085,0.0,0.0,0.0,0,0,0,NONE,NONE,False,,,3
7761,4250.0,3800.0,0.0,0.085,0.0,0.0,0.0,0,0,0,NONE,NONE,False,,,4
7762,4300.0,3800.0,0.0,0.085,0.0,0.0,0.0,0,0,0,NONE,NONE,False,,,3
7763,4350.0,3800.0,0.0,0.085,0.0,0.0,0.0,0,0,0,NONE,NONE,False,,,2
7764,4400.0,3800.0,0.0,0.085,0.0,0.0,0.0,0,0,0,NONE,NONE,False,,,3
7765,4450.0,3800.0,0.0,0.085,0.0,0.0,0.0,0,0,0,NONE,NONE,False,,,3
7766,4500.0,3800.0,0.0,0.085,0.0,0.0,0.0,0,0,0,NONE,NONE,False,,,3
7767,4550.0,3800.0,0.0,0.085,0.0,0.0,0.0,0,0,0,NONE,NONE,False,,,3
7768,4600.0,3800.0,0.0,0.085,0.0,0.0,0.0,0,0,0,NONE,NONE,False,,,2
7769,4650.0,3800.0,0.0,0.085,0.0,0.0,0.0,0,0,0,NONE,NONE,False,,,3
7770,4700.0,3800.0,0.0,0.085,0.0,0.0,0.0,0,0,0,NONE,NONE,False,,,5
7771,4750.0,3800.0,0.0,0.085,0.0,0.0,0.0,0,0,0,NONE,NONE,False,,,4
7772,4800.0,3800.0,0.0,0.085,0.0,0.0,0.0,0,0,0,NONE,NONE,False,,,3
7773,4850.0,3800.0,0.0,0.085,0.0,0.0,0.0,0,0,0,NONE,NONE,False,,,4
7774,4900.0,3800.0,0.0,0.085,0.0,0.0,0.0,0,0,0,NONE,NONE,False,,,3
7775,4950.0,3800.0,0.0,0.085,0.0,0.0,0.0,0,0,0,NONE,NONE,False,,,3
7776,5000.0,3800.0,0.0,0.085,0.0,0.0,0.0,0,0,0,NONE,NONE,False,,,1
7777,0.0,3850.0,0.0,0.085,0.0,0.0,0.0,0,0,0,NONE,NONE,False,,,3
7778,50.0,3850.0,0.0,0.085,0.0,0.0,0.0,0,0,0,NONE,NONE,False,,,3
7779,100.0,3850.0,0.0,0.085,0.0,0.0,0.0,0,0,0,NONE,NONE,False,,,3
7780,150.0,3850.0,0.0,0.085,0.0,0.0,0.0,0,0,0,NONE,NONE,False,,,4
7781,200.0,3850.0,0.0,0.085,0.0,0.0,0.0,0,0,0,NONE,NONE,False,,,4
7782,250.0,3850.0,0.0,0.085,0.0,0.0,0.0,0,0,0,NONE,NONE,False,,,5
7783,300.0,3850.0,0.0,0.085,0.0,0.0,0.0,0,0,0,NONE,NONE,False,,,5
7784,350.0,3850.0,0.0,0.085,0.0,0.0,0.0,0,0,0,NONE,NONE,False,,,5
7785,400.0,3850.0,0.0,0.085,0.0,0.0,0.0,0,0,0,NONE,NONE,False,,,6
7786,450.0,3850.0,0.0,0.085,0.0,0.0,0.0,0,0,0,NONE,NONE,False,,,7
7787,500.0,3850.0,0.0,0.085,0.0,0.0,0.0,0,0,0,NONE,NONE,False,,,7
7788,550.0,3850.0,0.0,0.085,0.0,0.0,0.0,0,0,0,NONE,NONE,False,,,7
7789,600.0,3850.0,0.0,0.085,0.0,0.0,0.0,0,0,0,NONE,NONE,False,,,8
7790,650.0,3850.0,0.0,0.085,0.0,0.0,0.0,0,0,0,NONE,NONE,False,,,8
7791,700.0,3850.0,0.0,0.085,0.0,0.0,0.0,0,0,0,NONE,NONE,False,,,11
7792,750.0,3850.0,0.0,0.085,0.0,0.0,0.0,0,0,0,NONE,NONE,False,,,19
7793,800.0,3850.0,0.0,0.085,0.0,0.0,0.0,0,0,0,NONE,NONE,False,,,18
7794,850.0,3850.0,0.0,0.085,0.0,0.0,0.0,0,0,0,NONE,NONE,False,,,17
7795,900.0,3850.0,0.0,0.085,0.0,0.0,0.0,0,0,0,NONE,NONE,False,,,48
7796,950.0,3850.0,0.0,0.085,0.0,0.0,0.0,0,0,0,NONE,NONE,False,,,48
7797,1000.0,3850.0,0.0,0.085,0.0,0.0,0.0,0,0,0,NONE,NONE,False,,,48
7798,1050.0,3850.0,0.0,0.085,0.0,0.0,0.0,0,0,1,DB01,DB,False,,,48
7799,1100.0,3850.0,0.0,10.0,0.0,1.0,1.0,0,1,0,NONE,NONE,False,,,0
7800,1150.0,3850.0,0.0,10.0,0.0,1.0,1.0,0,1,0,NONE,NONE,False,,,0
7801,1200.0,3850.0,0.0,10.0,0.0,1.0,1.0,0,1,0,NONE,NONE,False,,,0
7802,1250.0,3850.0,0.0,10.0,0.0,1.0,1.0,0,1,0,NONE,NONE,False,,,0
7803,1300.0,3850.0,0.0,10.0,0.0,1.0,1.0,0,1,0,NONE,NONE,False,,,0
7804,1350.0,3850.0,0.0,10.0,0.0,1.0,1.0,0,1,0,NONE,NONE,False,,,0
7805,1400.0,3850.0,0.0,10.0,0.0,1.0,1.0,0,1,0,NONE,NONE,False,,,0
7806,1450.0,3850.0,0.0,0.085,0.0,0.0,0.0,0,0,0,NONE,NONE,False,,,14
7807,1500.0,3850.0,0.0,0.085,0.0,0.0,0.0,0,0,0,NONE,NONE,False,,,14
7808,1550.0,3850.0,0.0,0.085,0.0,0.0,0.0,0,0,0,NONE,NONE,False,,,14
7809,1600.0,3850.0,0.0,0.085,0.0,0.0,0.0,0,0,0,NONE,NONE,False,,,14
7810,1650.0,3850.0,0.0,0.085,0.0,0.0,0.0,0,0,0,NONE,NONE,False,,,14
7811,1700.0,3850.0,0.0,0.085,0.0,0.0,0.0,0,0,0,NONE,NONE,False,,,14
7812,1750.0,3850.0,0.0,0.085,0.0,0.0,0.0,0,0,0,NONE,NONE,False,,,14
7813,1800.0,3850.0,0.0,0.085,0.0,0.0,0.0,0,0,0,NONE,NONE,False,,,14
7814,1850.0,3850.0,0.0,0.085,0.0,0.0,0.0,0,0,0,NONE,NONE,False,,,13
7815,1900.0,3850.0,0.0,0.085,0.0,0.0,0.0,0,0,0,NONE,NONE,False,,,13
7816,1950.0,3850.0,0.0,0.085,0.0,0.0,0.0,0,0,0,NONE,NONE,False,,,13
7817,2000.0,3850.0,0.0,0.085,0.0,0.0,0.0,0,0,0,NONE,NONE,False,,,10
7818,2050.0,3850.0,0.0,0.085,0.0,0.0,0.0,0,0,0,NONE,NONE,False,,,10
7819,2100.0,3850.0,0.0,0.085,0.0,0.0,0.0,0,0,0,NONE,NONE,False,,,9
7820,2150.0,3850.0,0.0,0.085,0.0,0.0,0.0,0,0,0,NONE,NONE,False,,,7
7821,2200.0,3850.0,0.0,0.085,0.0,0.0,0.0,0,0,0,NONE,NONE,False,,,5
7822,2250.0,3850.0,0.0,0.085,0.0,0.0,0.0,0,0,0,NONE,NONE,False,,,4
7823,2300.0,3850.0,0.0,0.085,0.0,0.0,0.0,0,0,0,NONE,NONE,False,,,4
7824,2350.0,3850.0,0.0,0.085,0.0,0.0,0.0,0,0,0,NONE,NONE,False,,,2
7825,2400.0,3850.0,0.0,10.0,1.0,0.0,1.0,1,0,0,NONE,NONE,False,,,0
7826,2450.0,3850.0,0.0,10.0,1.0,0.0,1.0,1,0,0,NONE,NONE,False,,,0
7827,2500.0,3850.0,0.0,10.0,1.0,0.0,1.0,1,0,0,NONE,NONE,False,,,0
7828,2550.0,3850.0,0.0,0.085,0.0,0.0,0.0,0,0,0,NONE,NONE,False,,,3
7829,2600.0,3850.0,0.0,0.085,0.0,0.0,0.0,0,0,0,NONE,NONE,False,,,3
7830,2650.0,3850.0,0.0,0.085,0.0,0.0,0.0,0,0,0,NONE,NONE,False,,,4
7831,2700.0,3850.0,0.0,0.085,0.0,0.0,0.0,0,0,0,NONE,NONE,False,,,5
7832,2750.0,3850.0,0.0,0.085,0.0,0.0,0.0,0,0,0,NONE,NONE,False,,,4
7833,2800.0,3850.0,0.0,0.085,0.0,0.0,0.0,0,0,0,NONE,NONE,False,,,3
7834,2850.0,3850.0,0.0,0.085,0.0,0.0,0.0,0,0,0,NONE,NONE,False,,,3
7835,2900.0,3850.0,0.0,0.085,0.0,0.0,0.0,0,0,0,NONE,NONE,False,,,2
7836,2950.0,3850.0,0.0,0.085,0.0,0.0,0.0,0,0,0,NONE,NONE,False,,,2
7837,3000.0,3850.0,0.0,0.085,0.0,0.0,0.0,0,0,0,NONE,NONE,False,,,1
7838,3050.0,3850.0,0.0,0.085,0.0,0.0,0.0,0,0,0,NONE,NONE,False,,,1
7839,3100.0,3850.0,0.0,0.085,0.0,0.0,0.0,0,0,0,NONE,NONE,False,,,1
7840,3150.0,3850.0,0.0,0.085,0.0,0.0,0.0,0,0,0,NONE,NONE,False,,,1
7841,3200.0,3850.0,0.0,0.085,0.0,0.0,0.0,0,0,0,NONE,NONE,False,,,1
7842,3250.0,3850.0,0.0,0.085,0.0,0.0,0.0,0,0,0,NONE,NONE,False,,,1
7843,3300.0,3850.0,0.0,0.085,0.0,0.0,0.0,0,0,0,NONE,NONE,False,,,1
7844,3350.0,3850.0,0.0,0.085,0.0,0.0,0.0,0,0,0,NONE,NONE,False,,,0
7845,3400.0,3850.0,0.0,0.085,0.0,0.0,0.0,0,0,0,NONE,NONE,False,,,0
7846,3450.0,3850.0,0.0,0.085,0.0,0.0,0.0,0,0,0,NONE,NONE,False,,,0
7847,3500.0,3850.0,0.0,0.085,0.0,0.0,0.0,0,0,0,NONE,NONE,False,,,0
7848,3550.0,3850.0,0.0,10.0,1.0,0.0,1.0,1,0,0,NONE,NONE,False,,,0
7849,3600.0,3850.0,0.0,10.0,1.0,0.0,1.0,1,0,0,NONE,NONE,False,,,0
7850,3650.0,3850.0,0.0,10.0,1.0,0.0,1.0,1,0,0,NONE,NONE,False,,,0
7851,3700.0,3850.0,0.0,10.0,1.0,0.0,1.0,1,0,0,NONE,NONE,False,,,0
7852,3750.0,3850.0,0.0,10.0,1.0,0.0,1.0,1,0,0,NONE,NONE,False,,,0
7853,3800.0,3850.0,0.0,10.0,1.0,0.0,1.0,1,0,0,NONE,NONE,False,,,0
7854,3850.0,3850.0,0.0,10.0,1.0,0.0,1.0,1,0,0,NONE,NONE,False,,,0
7855,3900.0,3850.0,0.0,10.0,1.0,0.0,1.0,1,0,0,NONE,NONE,False,,,0
7856,3950.0,3850.0,0.0,10.0,1.0,0.0,1.0,1,0,0,NONE,NONE,False,,,0
7857,4000.0,3850.0,0.0,0.085,0.0,0.0,0.0,0,0,0,NONE,NONE,False,,,2
7858,4050.0,3850.0,0.0,0.085,0.0,0.0,0.0,0,0,0,NONE,NONE,False,,,3
7859,4100.0,3850.0,0.0,0.085,0.0,0.0,0.0,0,0,0,NONE,NONE,False,,,4
7860,4150.0,3850.0,0.0,0.085,0.0,0.0,0.0,0,0,0,NONE,NONE,False,,,4
7861,4200.0,3850.0,0.0,0.085,0.0,0.0,0.0,0,0,0,NONE,NONE,False,,,5
7862,4250.0,3850.0,0.0,0.085,0.0,0.0,0.0,0,0,0,NONE,NONE,False,,,3
7863,4300.0,3850.0,0.0,0.085,0.0,0.0,0.0,0,0,0,NONE,NONE,False,,,3
7864,4350.0,3850.0,0.0,0.085,0.0,0.0,0.0,0,0,0,NONE,NONE,False,,,4
7865,4400.0,3850.0,0.0,0.085,0.0,0.0,0.0,0,0,0,NONE,NONE,False,,,2
7866,4450.0,3850.0,0.0,0.085,0.0,0.0,0.0,0,0,0,NONE,NONE,False,,,2
7867,4500.0,3850.0,0.0,0.085,0.0,0.0,0.0,0,0,0,NONE,NONE,False,,,3
7868,4550.0,3850.0,0.0,0.085,0.0,0.0,0.0,0,0,0,NONE,NONE,False,,,2
7869,4600.0,3850.0,0.0,0.085,0.0,0.0,0.0,0,0,0,NONE,NONE,False,,,2
7870,4650.0,3850.0,0.0,0.085,0.0,0.0,0.0,0,0,0,NONE,NONE,False,,,4
7871,4700.0,3850.0,0.0,0.085,0.0,0.0,0.0,0,0,0,NONE,NONE,False,,,4
7872,4750.0,3850.0,0.0,0.085,0.0,0.0,0.0,0,0,0,NONE,NONE,False,,,4
7873,4800.0,3850.0,0.0,0.085,0.0,0.0,0.0,0,0,0,NONE,NONE,False,,,3
7874,4850.0,3850.0,0.0,0.085,0.0,0.0,0.0,0,0,0,NONE,NONE,False,,,4
7875,4900.0,3850.0,0.0,0.085,0.0,0.0,0.0,0,0,0,NONE,NONE,False,,,3
7876,4950.0,3850.0,0.0,0.085,0.0,0.0,0.0,0,0,0,NONE,NONE,False,,,3
7877,5000.0,3850.0,0.0,0.085,0.0,0.0,0.0,0,0,0,NONE,NONE,False,,,1
7878,0.0,3900.0,0.0,0.085,0.0,0.0,0.0,0,0,0,NONE,NONE,False,,,2
7879,50.0,3900.0,0.0,0.085,0.0,0.0,0.0,0,0,0,NONE,NONE,False,,,3
7880,100.0,3900.0,0.0,0.085,0.0,0.0,0.0,0,0,0,NONE,NONE,False,,,3
7881,150.0,3900.0,0.0,0.085,0.0,0.0,0.0,0,0,0,NONE,NONE,False,,,3
7882,200.0,3900.0,0.0,0.085,0.0,0.0,0.0,0,0,0,NONE,NONE,False,,,3
7883,250.0,3900.0,0.0,0.085,0.0,0.0,0.0,0,0,0,NONE,NONE,False,,,3
7884,300.0,3900.0,0.0,0.085,0.0,0.0,0.0,0,0,0,NONE,NONE,False,,,4
7885,350.0,3900.0,0.0,0.085,0.0,0.0,0.0,0,0,0,NONE,NONE,False,,,5
7886,400.0,3900.0,0.0,0.085,0.0,0.0,0.0,0,0,0,NONE,NONE,False,,,5
7887,450.0,3900.0,0.0,0.085,0.0,0.0,0.0,0,0,0,NONE,NONE,False,,,6
7888,500.0,3900.0,0.0,0.085,0.0,0.0,0.0,0,0,0,NONE,NONE,False,,,7
7889,550.0,3900.0,0.0,0.085,0.0,0.0,0.0,0,0,0,NONE,NONE,False,,,8
7890,600.0,3900.0,0.0,0.085,0.0,0.0,0.0,0,0,0,NONE,NONE,False,,,8
7891,650.0,3900.0,0.0,0.085,0.0,0.0,0.0,0,0,0,NONE,NONE,False,,,10
7892,700.0,3900.0,0.0,0.085,0.0,0.0,0.0,0,0,0,NONE,NONE,False,,,10
7893,750.0,3900.0,0.0,0.085,0.0,0.0,0.0,0,0,0,NONE,NONE,False,,,13
7894,800.0,3900.0,0.0,0.085,0.0,0.0,0.0,0,0,0,NONE,NONE,False,,,21
7895,850.0,3900.0,0.0,0.085,0.0,0.0,0.0,0,0,0,NONE,NONE,False,,,25
7896,900.0,3900.0,0.0,0.085,0.0,0.0,0.0,0,0,0,NONE,NONE,False,,,48
7897,950.0,3900.0,0.0,0.085,0.0,0.0,0.0,0,0,0,NONE,NONE,False,,,48
7898,1000.0,3900.0,0.0,0.085,0.0,0.0,0.0,0,0,0,NONE,NONE,False,,,48
7899,1050.0,3900.0,0.0,0.085,0.0,0.0,0.0,0,0,0,NONE,NONE,False,,,48
7900,1100.0,3900.0,0.0,0.085,0.0,0.0,0.0,0,0,0,NONE,NONE,False,,,48
7901,1150.0,3900.0,0.0,0.085,0.0,0.0,0.0,0,0,0,NONE,NONE,False,,,18
7902,1200.0,3900.0,0.0,0.085,0.0,0.0,0.0,0,0,0,NONE,NONE,False,,,9
7903,1250.0,3900.0,0.0,10.0,0.0,1.0,1.0,0,1,0,NONE,NONE,False,,,0
7904,1300.0,3900.0,0.0,0.085,0.0,0.0,0.0,0,0,0,NONE,NONE,False,,,9
7905,1350.0,3900.0,0.0,0.085,0.0,0.0,0.0,0,0,0,NONE,NONE,False,,,10
7906,1400.0,3900.0,0.0,0.085,0.0,0.0,0.0,0,0,0,NONE,NONE,False,,,14
7907,1450.0,3900.0,0.0,0.085,0.0,0.0,0.0,0,0,0,NONE,NONE,False,,,14
7908,1500.0,3900.0,0.0,0.085,0.0,0.0,0.0,0,0,0,NONE,NONE,False,,,14
7909,1550.0,3900.0,0.0,0.085,0.0,0.0,0.0,0,0,0,NONE,NONE,False,,,14
7910,1600.0,3900.0,0.0,0.085,0.0,0.0,0.0,0,0,0,NONE,NONE,False,,,14
7911,1650.0,3900.0,0.0,0.085,0.0,0.0,0.0,0,0,0,NONE,NONE,False,,,14
7912,1700.0,3900.0,0.0,0.085,0.0,0.0,0.0,0,0,0,NONE,NONE,False,,,14
7913,1750.0,3900.0,0.0,0.085,0.0,0.0,0.0,0,0,0,NONE,NONE,False,,,10
7914,1800.0,3900.0,0.0,0.085,0.0,0.0,0.0,0,0,0,NONE,NONE,False,,,9
7915,1850.0,3900.0,0.0,0.085,0.0,0.0,0.0,0,0,0,NONE,NONE,False,,,10
7916,1900.0,3900.0,0.0,0.085,0.0,0.0,0.0,0,0,0,NONE,NONE,False,,,11
7917,1950.0,3900.0,0.0,0.085,0.0,0.0,0.0,0,0,0,NONE,NONE,False,,,10
7918,2000.0,3900.0,0.0,0.085,0.0,0.0,0.0,0,0,0,NONE,NONE,False,,,10
7919,2050.0,3900.0,0.0,0.085,0.0,0.0,0.0,0,0,0,NONE,NONE,False,,,8
7920,2100.0,3900.0,0.0,0.085,0.0,0.0,0.0,0,0,0,NONE,NONE,False,,,8
7921,2150.0,3900.0,0.0,0.085,0.0,0.0,0.0,0,0,0,NONE,NONE,False,,,7
7922,2200.0,3900.0,0.0,0.085,0.0,0.0,0.0,0,0,0,NONE,NONE,False,,,6
7923,2250.0,3900.0,0.0,0.085,0.0,0.0,0.0,0,0,0,NONE,NONE,False,,,4
7924,2300.0,3900.0,0.0,0.085,0.0,0.0,0.0,0,0,0,NONE,NONE,False,,,3
7925,2350.0,3900.0,0.0,0.085,0.0,0.0,0.0,0,0,0,NONE,NONE,False,,,3
7926,2400.0,3900.0,0.0,0.085,0.0,0.0,0.0,0,0,0,NONE,NONE,False,,,2
7927,2450.0,3900.0,0.0,0.085,0.0,0.0,0.0,0,0,0,NONE,NONE,False,,,2
7928,2500.0,3900.0,0.0,0.085,0.0,0.0,0.0,0,0,0,NONE,NONE,False,,,3
7929,2550.0,3900.0,0.0,0.085,0.0,0.0,0.0,0,0,0,NONE,NONE,False,,,3
7930,2600.0,3900.0,0.0,0.085,0.0,0.0,0.0,0,0,0,NONE,NONE,False,,,4
7931,2650.0,3900.0,0.0,0.085,0.0,0.0,0.0,0,0,0,NONE,NONE,False,,,5
7932,2700.0,3900.0,0.0,0.085,0.0,0.0,0.0,0,0,0,NONE,NONE,False,,,5
7933,2750.0,3900.0,0.0,0.085,0.0,0.0,0.0,0,0,0,NONE,NONE,False,,,4
7934,2800.0,3900.0,0.0,0.085,0.0,0.0,0.0,0,0,0,NONE,NONE,False,,,2
7935,2850.0,3900.0,0.0,0.085,0.0,0.0,0.0,0,0,0,NONE,NONE,False,,,2
7936,2900.0,3900.0,0.0,0.085,0.0,0.0,0.0,0,0,0,NONE,NONE,False,,,2
7937,2950.0,3900.0,0.0,0.085,0.0,0.0,0.0,0,0,0,NONE,NONE,False,,,2
7938,3000.0,3900.0,0.0,0.085,0.0,0.0,0.0,0,0,0,NONE,NONE,False,,,1
7939,3050.0,3900.0,0.0,0.085,0.0,0.0,0.0,0,0,0,NONE,NONE,False,,,1
7940,3100.0,3900.0,0.0,0.085,0.0,0.0,0.0,0,0,0,NONE,NONE,False,,,1
7941,3150.0,3900.0,0.0,0.085,0.0,0.0,0.0,0,0,0,NONE,NONE,False,,,1
7942,3200.0,3900.0,0.0,0.085,0.0,0.0,0.0,0,0,0,NONE,NONE,False,,,1
7943,3250.0,3900.0,0.0,0.085,0.0,0.0,0.0,0,0,0,NONE,NONE,False,,,1
7944,3300.0,3900.0,0.0,0.085,0.0,0.0,0.0,0,0,0,NONE,NONE,False,,,1
7945,3350.0,3900.0,0.0,0.085,0.0,0.0,0.0,0,0,0,NONE,NONE,False,,,1
7946,3400.0,3900.0,0.0,0.085,0.0,0.0,0.0,0,0,0,NONE,NONE,False,,,0
7947,3450.0,3900.0,0.0,0.085,0.0,0.0,0.0,0,0,0,NONE,NONE,False,,,0
7948,3500.0,3900.0,0.0,0.085,0.0,0.0,0.0,0,0,0,NONE,NONE,False,,,0
7949,3550.0,3900.0,0.0,0.085,0.0,0.0,0.0,0,0,0,NONE,NONE,False,,,0
7950,3600.0,3900.0,0.0,10.0,1.0,0.0,1.0,1,0,0,NONE,NONE,False,,,0
7951,3650.0,3900.0,0.0,10.0,1.0,0.0,1.0,1,0,0,NONE,NONE,False,,,0
7952,3700.0,3900.0,0.0,10.0,1.0,0.0,1.0,1,0,0,NONE,NONE,False,,,0
7953,3750.0,3900.0,0.0,10.0,1.0,0.0,1.0,1,0,0,NONE,NONE,False,,,0
7954,3800.0,3900.0,0.0,10.0,1.0,0.0,1.0,1,0,0,NONE,NONE,False,,,0
7955,3850.0,3900.0,0.0,10.0,1.0,0.0,1.0,1,0,0,NONE,NONE,False,,,0
7956,3900.0,3900.0,0.0,10.0,1.0,0.0,1.0,1,0,0,NONE,NONE,False,,,0
7957,3950.0,3900.0,0.0,0.085,0.0,0.0,0.0,0,0,0,NONE,NONE,False,,,2
7958,4000.0,3900.0,0.0,0.085,0.0,0.0,0.0,0,0,0,NONE,NONE,False,,,3
7959,4050.0,3900.0,0.0,0.085,0.0,0.0,0.0,0,0,0,NONE,NONE,False,,,3
7960,4100.0,3900.0,0.0,0.085,0.0,0.0,0.0,0,0,0,NONE,NONE,False,,,4
7961,4150.0,3900.0,0.0,0.085,0.0,0.0,0.0,0,0,0,NONE,NONE,False,,,5
7962,4200.0,3900.0,0.0,0.085,0.0,0.0,0.0,0,0,0,NONE,NONE,False,,,4
7963,4250.0,3900.0,0.0,0.085,0.0,0.0,0.0,0,0,0,NONE,NONE,False,,,4
7964,4300.0,3900.0,0.0,0.085,0.0,0.0,0.0,0,0,0,NONE,NONE,False,,,4
7965,4350.0,3900.0,0.0,0.085,0.0,0.0,0.0,0,0,0,NONE,NONE,False,,,3
7966,4400.0,3900.0,0.0,0.085,0.0,0.0,0.0,0,0,0,NONE,NONE,False,,,2
7967,4450.0,3900.0,0.0,0.085,0.0,0.0,0.0,0,0,0,NONE,NONE,False,,,3
7968,4500.0,3900.0,0.0,0.085,0.0,0.0,0.0,0,0,0,NONE,NONE,False,,,2
7969,4550.0,3900.0,0.0,0.085,0.0,0.0,0.0,0,0,0,NONE,NONE,False,,,2
7970,4600.0,3900.0,0.0,0.085,0.0,0.0,0.0,0,0,0,NONE,NONE,False,,,3
7971,4650.0,3900.0,0.0,0.085,0.0,0.0,0.0,0,0,0,NONE,NONE,False,,,3
7972,4700.0,3900.0,0.0,0.085,0.0,0.0,0.0,0,0,0,NONE,NONE,False,,,3
7973,4750.0,3900.0,0.0,0.085,0.0,0.0,0.0,0,0,0,NONE,NONE,True,minor,TN40,4
7974,4800.0,3900.0,0.0,0.085,0.0,0.0,0.0,0,0,0,NONE,NONE,False,,,3
7975,4850.0,3900.0,0.0,0.085,0.0,0.0,0.0,0,0,0,NONE,NONE,False,,,4
7976,4900.0,3900.0,0.0,0.085,0.0,0.0,0.0,0,0,0,NONE,NONE,False,,,3
7977,4950.0,3900.0,0.0,0.085,0.0,0.0,0.0,0,0,0,NONE,NONE,False,,,2
7978,5000.0,3900.0,0.0,0.085,0.0,0.0,0.0,0,0,0,NONE,NONE,False,,,1
7979,0.0,3950.0,0.0,0.085,0.0,0.0,0.0,0,0,0,NONE,NONE,False,,,2
7980,50.0,3950.0,0.0,0.085,0.0,0.0,0.0,0,0,0,NONE,NONE,False,,,2
7981,100.0,3950.0,0.0,0.085,0.0,0.0,0.0,0,0,0,NONE,NONE,False,,,3
7982,150.0,3950.0,0.0,0.085,0.0,0.0,0.0,0,0,0,NONE,NONE,False,,,3
7983,200.0,3950.0,0.0,0.085,0.0,0.0,0.0,0,0,0,NONE,NONE,False,,,2
7984,250.0,3950.0,0.0,0.085,0.0,0.0,0.0,0,0,0,NONE,NONE,False,,,3
7985,300.0,3950.0,0.0,0.085,0.0,0.0,0.0,0,0,0,NONE,NONE,False,,,3
7986,350.0,3950.0,0.0,0.085,0.0,0.0,0.0,0,0,0,NONE,NONE,False,,,5
7987,400.0,3950.0,0.0,0.085,0.0,0.0,0.0,0,0,0,NONE,NONE,False,,,6
7988,450.0,3950.0,0.0,0.085,0.0,0.0,0.0,0,0,0,NONE,NONE,False,,,6
7989,500.0,3950.0,0.0,0.085,0.0,0.0,0.0,0,0,0,NONE,NONE,False,,,7
7990,550.0,3950.0,0.0,0.085,0.0,0.0,0.0,0,0,0,NONE,NONE,False,,,8
7991,600.0,3950.0,0.0,0.085,0.0,0.0,0.0,0,0,0,NONE,NONE,False,,,9
7992,650.0,3950.0,0.0,0.085,0.0,0.0,0.0,0,0,0,NONE,NONE,False,,,10
7993,700.0,3950.0,0.0,0.085,0.0,0.0,0.0,0,0,0,NONE,NONE,False,,,11
7994,750.0,3950.0,0.0,0.085,0.0,0.0,0.0,0,0,0,NONE,NONE,False,,,12
7995,800.0,3950.0,0.0,0.085,0.0,0.0,0.0,0,0,0,NONE,NONE,False,,,17
7996,850.0,3950.0,0.0,0.085,0.0,0.0,0.0,0,0,0,NONE,NONE,False,,,29
7997,900.0,3950.0,0.0,0.085,0.0,0.0,0.0,0,0,0,NONE,NONE,False,,,48
7998,950.0,3950.0,0.0,0.085,0.0,0.0,0.0,0,0,0,NONE,NONE,False,,,48
7999,1000.0,3950.0,0.0,0.085,0.0,0.0,0.0,0,0,0,NONE,NONE,False,,,48
8000,1050.0,3950.0,0.0,0.085,0.0,0.0,0.0,0,0,0,NONE,NONE,False,,,48
8001,1100.0,3950.0,0.0,0.085,0.0,0.0,0.0,0,0,0,NONE,NONE,False,,,48
8002,1150.0,3950.0,0.0,0.085,0.0,0.0,0.0,0,0,0,NONE,NONE,False,,,19
8003,1200.0,3950.0,0.0,0.085,0.0,0.0,0.0,0,0,0,NONE,NONE,False,,,16
8004,1250.0,3950.0,0.0,0.085,0.0,0.0,0.0,0,0,0,NONE,NONE,False,,,14
8005,1300.0,3950.0,0.0,0.085,0.0,0.0,0.0,0,0,0,NONE,NONE,False,,,14
8006,1350.0,3950.0,0.0,0.085,0.0,0.0,0.0,0,0,0,NONE,NONE,False,,,14
8007,1400.0,3950.0,0.0,0.085,0.0,0.0,0.0,0,0,0,NONE,NONE,False,,,14
8008,1450.0,3950.0,0.0,0.085,0.0,0.0,0.0,0,0,0,NONE,NONE,False,,,14
8009,1500.0,3950.0,0.0,0.085,0.0,0.0,0.0,0,0,0,NONE,NONE,False,,,14
8010,1550.0,3950.0,0.0,0.085,0.0,0.0,0.0,0,0,0,NONE,NONE,False,,,14
8011,1600.0,3950.0,0.0,0.085,0.0,0.0,0.0,0,0,0,NONE,NONE,False,,,14
8012,1650.0,3950.0,0.0,0.085,0.0,0.0,0.0,0,0,0,NONE,NONE,False,,,14
8013,1700.0,3950.0,0.0,0.085,0.0,0.0,0.0,0,0,0,NONE,NONE,False,,,8
8014,1750.0,3950.0,0.0,0.085,0.0,0.0,0.0,0,0,0,NONE,NONE,False,,,7
8015,1800.0,3950.0,0.0,0.085,0.0,0.0,0.0,0,0,0,NONE,NONE,False,,,7
8016,1850.0,3950.0,0.0,0.085,0.0,0.0,0.0,0,0,0,NONE,NONE,False,,,7
8017,1900.0,3950.0,0.0,0.085,0.0,0.0,0.0,0,0,0,NONE,NONE,False,,,8
8018,1950.0,3950.0,0.0,0.085,0.0,0.0,0.0,0,0,0,NONE,NONE,False,,,9
8019,2000.0,3950.0,0.0,0.085,0.0,0.0,0.0,0,0,0,NONE,NONE,False,,,10
8020,2050.0,3950.0,0.0,0.085,0.0,0.0,0.0,0,0,0,NONE,NONE,False,,,9
8021,2100.0,3950.0,0.0,0.085,0.0,0.0,0.0,0,0,0,NONE,NONE,False,,,7
8022,2150.0,3950.0,0.0,0.085,0.0,0.0,0.0,0,0,0,NONE,NONE,False,,,6
8023,2200.0,3950.0,0.0,0.085,0.0,0.0,0.0,0,0,0,NONE,NONE,False,,,5
8024,2250.0,3950.0,0.0,0.085,0.0,0.0,0.0,0,0,0,NONE,NONE,False,,,4
8025,2300.0,3950.0,0.0,0.085,0.0,0.0,0.0,0,0,0,NONE,NONE,False,,,3
8026,2350.0,3950.0,0.0,0.085,0.0,0.0,0.0,0,0,0,NONE,NONE,False,,,3
8027,2400.0,3950.0,0.0,0.085,0.0,0.0,0.0,0,0,0,NONE,NONE,False,,,3
8028,2450.0,3950.0,0.0,0.085,0.0,0.0,0.0,0,0,0,NONE,NONE,False,,,3
8029,2500.0,3950.0,0.0,0.085,0.0,0.0,0.0,0,0,0,NONE,NONE,False,,,3
8030,2550.0,3950.0,0.0,0.085,0.0,0.0,0.0,0,0,0,NONE,NONE,False,,,3
8031,2600.0,3950.0,0.0,0.085,0.0,0.0,0.0,0,0,0,NONE,NONE,False,,,5
8032,2650.0,3950.0,0.0,0.085,0.0,0.0,0.0,0,0,0,NONE,NONE,False,,,5
8033,2700.0,3950.0,0.0,0.085,0.0,0.0,0.0,0,0,0,NONE,NONE,False,,,5
8034,2750.0,3950.0,0.0,0.085,0.0,0.0,0.0,0,0,0,NONE,NONE,False,,,3
8035,2800.0,3950.0,0.0,0.085,0.0,0.0,0.0,0,0,0,NONE,NONE,False,,,2
8036,2850.0,3950.0,0.0,0.085,0.0,0.0,0.0,0,0,0,NONE,NONE,False,,,2
8037,2900.0,3950.0,0.0,0.085,0.0,0.0,0.0,0,0,0,NONE,NONE,False,,,1
8038,2950.0,3950.0,0.0,10.0,0.0,1.0,1.0,0,1,0,NONE,NONE,False,,,0
8039,3000.0,3950.0,0.0,10.0,0.0,1.0,1.0,0,1,0,NONE,NONE,False,,,0
8040,3050.0,3950.0,0.0,10.0,0.0,1.0,1.0,0,1,0,NONE,NONE,False,,,0
8041,3100.0,3950.0,0.0,0.085,0.0,0.0,0.0,0,0,0,NONE,NONE,False,,,1
8042,3150.0,3950.0,0.0,0.085,0.0,0.0,0.0,0,0,0,NONE,NONE,False,,,1
8043,3200.0,3950.0,0.0,0.085,0.0,0.0,0.0,0,0,0,NONE,NONE,False,,,1
8044,3250.0,3950.0,0.0,0.085,0.0,0.0,0.0,0,0,0,NONE,NONE,False,,,1
8045,3300.0,3950.0,0.0,0.085,0.0,0.0,0.0,0,0,0,NONE,NONE,False,,,1
8046,3350.0,3950.0,0.0,0.085,0.0,0.0,0.0,0,0,0,NONE,NONE,False,,,1
8047,3400.0,3950.0,0.0,0.085,0.0,0.0,0.0,0,0,0,NONE,NONE,False,,,1
8048,3450.0,3950.0,0.0,0.085,0.0,0.0,0.0,0,0,0,NONE,NONE,False,,,0
8049,3500.0,3950.0,0.0,0.085,0.0,0.0,0.0,0,0,0,NONE,NONE,False,,,0
8050,3550.0,3950.0,0.0,0.085,0.0,0.0,0.0,0,0,0,NONE,NONE,False,,,0
8051,3600.0,3950.0,0.0,0.085,0.0,0.0,0.0,0,0,0,NONE,NONE,False,,,0
8052,3650.0,3950.0,0.0,10.0,1.0,0.0,1.0,1,0,0,NONE,NONE,False,,,0
8053,3700.0,3950.0,0.0,10.0,1.0,0.0,1.0,1,0,0,NONE,NONE,False,,,0
8054,3750.0,3950.0,0.0,10.0,1.0,0.0,1.0,1,0,0,NONE,NONE,False,,,0
8055,3800.0,3950.0,0.0,10.0,1.0,0.0,1.0,1,0,0,NONE,NONE,False,,,0
8056,3850.0,3950.0,0.0,0.085,0.0,0.0,0.0,0,0,0,NONE,NONE,False,,,0
8057,3900.0,3950.0,0.0,0.085,0.0,0.0,0.0,0,0,0,NONE,NONE,False,,,1
8058,3950.0,3950.0,0.0,0.085,0.0,0.0,0.0,0,0,0,NONE,NONE,False,,,2
8059,4000.0,3950.0,0.0,0.085,0.0,0.0,0.0,0,0,0,NONE,NONE,False,,,3
8060,4050.0,3950.0,0.0,0.085,0.0,0.0,0.0,0,0,0,NONE,NONE,False,,,3
8061,4100.0,3950.0,0.0,0.085,0.0,0.0,0.0,0,0,0,NONE,NONE,False,,,5
8062,4150.0,3950.0,0.0,0.085,0.0,0.0,0.0,0,0,0,NONE,NONE,False,,,5
8063,4200.0,3950.0,0.0,0.085,0.0,0.0,0.0,0,0,0,NONE,NONE,False,,,4
8064,4250.0,3950.0,0.0,0.085,0.0,0.0,0.0,0,0,0,NONE,NONE,True,minor,TN32,5
8065,4300.0,3950.0,0.0,0.085,0.0,0.0,0.0,0,0,0,NONE,NONE,False,,,3
8066,4350.0,3950.0,0.0,0.085,0.0,0.0,0.0,0,0,0,NONE,NONE,False,,,3
8067,4400.0,3950.0,0.0,0.085,0.0,0.0,0.0,0,0,0,NONE,NONE,False,,,3
8068,4450.0,3950.0,0.0,0.085,0.0,0.0,0.0,0,0,0,NONE,NONE,False,,,2
8069,4500.0,3950.0,0.0,0.085,0.0,0.0,0.0,0,0,0,NONE,NONE,False,,,2
8070,4550.0,3950.0,0.0,0.085,0.0,0.0,0.0,0,0,0,NONE,NONE,False,,,3
8071,4600.0,3950.0,0.0,0.085,0.0,0.0,0.0,0,0,0,NONE,NONE,False,,,2
8072,4650.0,3950.0,0.0,0.085,0.0,0.0,0.0,0,0,0,NONE,NONE,False,,,3
8073,4700.0,3950.0,0.0,0.085,0.0,0.0,0.0,0,0,0,NONE,NONE,False,,,4
8074,4750.0,3950.0,0.0,0.085,0.0,0.0,0.0,0,0,0,NONE,NONE,False,,,3
8075,4800.0,3950.0,0.0,0.085,0.0,0.0,0.0,0,0,0,NONE,NONE,False,,,3
8076,4850.0,3950.0,0.0,0.085,0.0,0.0,0.0,0,0,0,NONE,NONE,False,,,4
8077,4900.0,3950.0,0.0,0.085,0.0,0.0,0.0,0,0,0,NONE,NONE,False,,,2
8078,4950.0,3950.0,0.0,0.085,0.0,0.0,0.0,0,0,0,NONE,NONE,False,,,2
8079,5000.0,3950.0,0.0,0.085,0.0,0.0,0.0,0,0,0,NONE,NONE,False,,,1
8080,0.0,4000.0,0.0,0.085,0.0,0.0,0.0,0,0,0,NONE,NONE,False,,,2
8081,50.0,4000.0,0.0,0.085,0.0,0.0,0.0,0,0,0,NONE,NONE,False,,,2
8082,100.0,4000.0,0.0,0.085,0.0,0.0,0.0,0,0,0,NONE,NONE,False,,,2
8083,150.0,4000.0,0.0,0.085,0.0,0.0,0.0,0,0,0,NONE,NONE,False,,,3
8084,200.0,4000.0,0.0,0.085,0.0,0.0,0.0,0,0,0,NONE,NONE,False,,,2
8085,250.0,4000.0,0.0,0.085,0.0,0.0,0.0,0,0,0,NONE,NONE,False,,,2
8086,300.0,4000.0,0.0,0.085,0.0,0.0,0.0,0,0,0,NONE,NONE,False,,,4
8087,350.0,4000.0,0.0,0.085,0.0,0.0,0.0,0,0,0,NONE,NONE,False,,,4
8088,400.0,4000.0,0.0,0.085,0.0,0.0,0.0,0,0,0,NONE,NONE,False,,,6
8089,450.0,4000.0,0.0,0.085,0.0,0.0,0.0,0,0,0,NONE,NONE,False,,,7
8090,500.0,4000.0,0.0,0.085,0.0,0.0,0.0,0,0,0,NONE,NONE,False,,,7
8091,550.0,4000.0,0.0,0.085,0.0,0.0,0.0,0,0,0,NONE,NONE,True,major,TN9,9
8092,600.0,4000.0,0.0,0.085,0.0,0.0,0.0,0,0,0,NONE,NONE,False,,,9
8093,650.0,4000.0,0.0,0.085,0.0,0.0,0.0,0,0,0,NONE,NONE,False,,,9
8094,700.0,4000.0,0.0,0.085,0.0,0.0,0.0,0,0,0,NONE,NONE,False,,,10
8095,750.0,4000.0,0.0,0.085,0.0,0.0,0.0,0,0,0,NONE,NONE,False,,,12
8096,800.0,4000.0,0.0,0.085,0.0,0.0,0.0,0,0,0,NONE,NONE,False,,,15
8097,850.0,4000.0,0.0,0.085,0.0,0.0,0.0,0,0,0,NONE,NONE,False,,,22
8098,900.0,4000.0,0.0,0.085,0.0,0.0,0.0,0,0,0,NONE,NONE,False,,,31
8099,950.0,4000.0,0.0,0.085,0.0,0.0,0.0,0,0,0,NONE,NONE,False,,,48
8100,1000.0,4000.0,0.0,0.085,0.0,0.0,0.0,0,0,0,NONE,NONE,False,,,48
8101,1050.0,4000.0,0.0,0.085,0.0,0.0,0.0,0,0,0,NONE,NONE,False,,,48
8102,1100.0,4000.0,0.0,0.085,0.0,0.0,0.0,0,0,0,NONE,NONE,False,,,24
8103,1150.0,4000.0,0.0,0.085,0.0,0.0,0.0,0,0,0,NONE,NONE,False,,,19
8104,1200.0,4000.0,0.0,0.085,0.0,0.0,0.0,0,0,0,NONE,NONE,False,,,17
8105,1250.0,4000.0,0.0,0.085,0.0,0.0,0.0,0,0,0,NONE,NONE,False,,,15
8106,1300.0,4000.0,0.0,0.085,0.0,0.0,0.0,0,0,0,NONE,NONE,False,,,14
8107,1350.0,4000.0,0.0,0.085,0.0,0.0,0.0,0,0,0,NONE,NONE,False,,,14
8108,1400.0,4000.0,0.0,0.085,0.0,0.0,0.0,0,0,0,NONE,NONE,False,,,14
8109,1450.0,4000.0,0.0,0.085,0.0,0.0,0.0,0,0,0,NONE,NONE,False,,,14
8110,1500.0,4000.0,0.0,0.085,0.0,0.0,0.0,0,0,0,NONE,NONE,False,,,14
8111,1550.0,4000.0,0.0,0.085,0.0,0.0,0.0,0,0,0,NONE,NONE,False,,,14
8112,1600.0,4000.0,0.0,0.085,0.0,0.0,0.0,0,0,0,NONE,NONE,False,,,14
8113,1650.0,4000.0,0.0,10.0,1.0,0.0,1.0,1,0,0,NONE,NONE,False,,,0
8114,1700.0,4000.0,0.0,10.0,1.0,0.0,1.0,1,0,0,NONE,NONE,False,,,0
8115,1750.0,4000.0,0.0,10.0,1.0,0.0,1.0,1,0,0,NONE,NONE,False,,,0
8116,1800.0,4000.0,0.0,0.085,0.0,0.0,0.0,0,0,0,NONE,NONE,False,,,5
8117,1850.0,4000.0,0.0,0.085,0.0,0.0,0.0,0,0,0,NONE,NONE,False,,,5
8118,1900.0,4000.0,0.0,0.085,0.0,0.0,0.0,0,0,0,NONE,NONE,False,,,6
8119,1950.0,4000.0,0.0,0.085,0.0,0.0,0.0,0,0,0,NONE,NONE,False,,,6
8120,2000.0,4000.0,0.0,0.085,0.0,0.0,0.0,0,0,0,NONE,NONE,False,,,7
8121,2050.0,4000.0,0.0,0.085,0.0,0.0,0.0,0,0,0,NONE,NONE,False,,,7
8122,2100.0,4000.0,0.0,0.085,0.0,0.0,0.0,0,0,0,NONE,NONE,False,,,7
8123,2150.0,4000.0,0.0,0.085,0.0,0.0,0.0,0,0,0,NONE,NONE,False,,,5
8124,2200.0,4000.0,0.0,0.085,0.0,0.0,0.0,0,0,0,NONE,NONE,False,,,5
8125,2250.0,4000.0,0.0,0.085,0.0,0.0,0.0,0,0,0,NONE,NONE,False,,,5
8126,2300.0,4000.0,0.0,0.085,0.0,0.0,0.0,0,0,0,NONE,NONE,False,,,4
8127,2350.0,4000.0,0.0,0.085,0.0,0.0,0.0,0,0,0,NONE,NONE,False,,,3
8128,2400.0,4000.0,0.0,0.085,0.0,0.0,0.0,0,0,0,NONE,NONE,False,,,3
8129,2450.0,4000.0,0.0,0.085,0.0,0.0,0.0,0,0,0,NONE,NONE,False,,,3
8130,2500.0,4000.0,0.0,0.085,0.0,0.0,0.0,0,0,0,NONE,NONE,False,,,3
8131,2550.0,4000.0,0.0,0.085,0.0,0.0,0.0,0,0,0,NONE,NONE,False,,,4
8132,2600.0,4000.0,0.0,0.085,0.0,0.0,0.0,0,0,0,NONE,NONE,False,,,5
8133,2650.0,4000.0,0.0,0.085,0.0,0.0,0.0,0,0,0,NONE,NONE,False,,,5
8134,2700.0,4000.0,0.0,0.085,0.0,0.0,0.0,0,0,0,NONE,NONE,False,,,3
8135,2750.0,4000.0,0.0,0.085,0.0,0.0,0.0,0,0,0,NONE,NONE,False,,,2
8136,2800.0,4000.0,0.0,0.085,0.0,0.0,0.0,0,0,0,NONE,NONE,False,,,2
8137,2850.0,4000.0,0.0,10.0,0.0,1.0,1.0,0,1,0,NONE,NONE,False,,,0
8138,2900.0,4000.0,0.0,10.0,0.0,1.0,1.0,0,1,0,NONE,NONE,False,,,0
8139,2950.0,4000.0,0.0,10.0,0.0,1.0,1.0,0,1,0,NONE,NONE,False,,,0
8140,3000.0,4000.0,0.0,10.0,0.0,1.0,1.0,0,1,0,NONE,NONE,False,,,0
8141,3050.0,4000.0,0.0,10.0,0.0,1.0,1.0,0,1,0,NONE,NONE,False,,,0
8142,3100.0,4000.0,0.0,10.0,0.0,1.0,1.0,0,1,0,NONE,NONE,False,,,0
8143,3150.0,4000.0,0.0,10.0,0.0,1.0,1.0,0,1,0,NONE,NONE,False,,,0
8144,3200.0,4000.0,0.0,0.085,0.0,0.0,0.0,0,0,0,NONE,NONE,False,,,1
8145,3250.0,4000.0,0.0,0.085,0.0,0.0,0.0,0,0,0,NONE,NONE,False,,,1
8146,3300.0,4000.0,0.0,0.085,0.0,0.0,0.0,0,0,0,NONE,NONE,False,,,1
8147,3350.0,4000.0,0.0,0.085,0.0,0.0,0.0,0,0,0,NONE,NONE,False,,,1
8148,3400.0,4000.0,0.0,0.085,0.0,0.0,0.0,0,0,0,NONE,NONE,False,,,1
8149,3450.0,4000.0,0.0,0.085,0.0,0.0,0.0,0,0,0,NONE,NONE,False,,,1
8150,3500.0,4000.0,0.0,0.085,0.0,0.0,0.0,0,0,0,NONE,NONE,False,,,0
8151,3550.0,4000.0,0.0,0.085,0.0,0.0,0.0,0,0,0,NONE,NONE,False,,,0
8152,3600.0,4000.0,0.0,0.085,0.0,0.0,0.0,0,0,0,NONE,NONE,False,,,0
8153,3650.0,4000.0,0.0,0.085,0.0,0.0,0.0,0,0,0,NONE,NONE,False,,,0
8154,3700.0,4000.0,0.0,0.085,0.0,0.0,0.0,0,0,0,NONE,NONE,False,,,0
8155,3750.0,4000.0,0.0,0.085,0.0,0.0,0.0,0,0,0,NONE,NONE,False,,,0
8156,3800.0,4000.0,0.0,0.085,0.0,0.0,0.0,0,0,0,NONE,NONE,False,,,0
8157,3850.0,4000.0,0.0,0.085,0.0,0.0,0.0,0,0,0,NONE,NONE,False,,,1
8158,3900.0,4000.0,0.0,0.085,0.0,0.0,0.0,0,0,0,NONE,NONE,True,minor,RN11,2
8159,3950.0,4000.0,0.0,0.085,0.0,0.0,0.0,0,0,0,NONE,NONE,False,,,2
8160,4000.0,4000.0,0.0,0.085,0.0,0.0,0.0,0,0,0,NONE,NONE,False,,,3
8161,4050.0,4000.0,0.0,0.085,0.0,0.0,0.0,0,0,0,NONE,NONE,False,,,4
8162,4100.0,4000.0,0.0,0.085,0.0,0.0,0.0,0,0,0,NONE,NONE,False,,,5
8163,4150.0,4000.0,0.0,0.085,0.0,0.0,0.0,0,0,0,NONE,NONE,False,,,5
8164,4200.0,4000.0,0.0,0.085,0.0,0.0,0.0,0,0,0,NONE,NONE,False,,,5
8165,4250.0,4000.0,0.0,0.085,0.0,0.0,0.0,0,0,0,NONE,NONE,False,,,4
8166,4300.0,4000.0,0.0,0.085,0.0,0.0,0.0,0,0,0,NONE,NONE,False,,,3
8167,4350.0,4000.0,0.0,0.085,0.0,0.0,0.0,0,0,0,NONE,NONE,False,,,4
8168,4400.0,4000.0,0.0,0.085,0.0,0.0,0.0,0,0,0,NONE,NONE,False,,,2
8169,4450.0,4000.0,0.0,0.085,0.0,0.0,0.0,0,0,0,NONE,NONE,False,,,2
8170,4500.0,4000.0,0.0,0.085,0.0,0.0,0.0,0,0,0,NONE,NONE,False,,,3
8171,4550.0,4000.0,0.0,0.085,0.0,0.0,0.0,0,0,0,NONE,NONE,False,,,2
8172,4600.0,4000.0,0.0,0.085,0.0,0.0,0.0,0,0,0,NONE,NONE,False,,,2
8173,4650.0,4000.0,0.0,0.085,0.0,0.0,0.0,0,0,0,NONE,NONE,False,,,4
8174,4700.0,4000.0,0.0,0.085,0.0,0.0,0.0,0,0,0,NONE,NONE,False,,,3
8175,4750.0,4000.0,0.0,0.085,0.0,0.0,0.0,0,0,0,NONE,NONE,False,,,3
8176,4800.0,4000.0,0.0,0.085,0.0,0.0,0.0,0,0,0,NONE,NONE,False,,,3
8177,4850.0,4000.0,0.0,0.085,0.0,0.0,0.0,0,0,0,NONE,NONE,False,,,3
8178,4900.0,4000.0,0.0,0.085,0.0,0.0,0.0,0,0,0,NONE,NONE,False,,,2
8179,4950.0,4000.0,0.0,0.085,0.0,0.0,0.0,0,0,0,NONE,NONE,False,,,2
8180,5000.0,4000.0,0.0,0.085,0.0,0.0,0.0,0,0,0,NONE,NONE,False,,,1
8181,0.0,4050.0,0.0,0.085,0.0,0.0,0.0,0,0,0,NONE,NONE,False,,,1
8182,50.0,4050.0,0.0,0.085,0.0,0.0,0.0,0,0,0,NONE,NONE,False,,,2
8183,100.0,4050.0,0.0,0.085,0.0,0.0,0.0,0,0,0,NONE,NONE,False,,,2
8184,150.0,4050.0,0.0,0.085,0.0,0.0,0.0,0,0,0,NONE,NONE,False,,,2
8185,200.0,4050.0,0.0,0.085,0.0,0.0,0.0,0,0,0,NONE,NONE,False,,,2
8186,250.0,4050.0,0.0,0.085,0.0,0.0,0.0,0,0,0,NONE,NONE,False,,,3
8187,300.0,4050.0,0.0,0.085,0.0,0.0,0.0,0,0,0,NONE,NONE,False,,,3
8188,350.0,4050.0,0.0,0.085,0.0,0.0,0.0,0,0,0,NONE,NONE,False,,,5
8189,400.0,4050.0,0.0,0.085,0.0,0.0,0.0,0,0,0,NONE,NONE,False,,,5
8190,450.0,4050.0,0.0,0.085,0.0,0.0,0.0,0,0,0,NONE,NONE,False,,,6
8191,500.0,4050.0,0.0,0.085,0.0,0.0,0.0,0,0,0,NONE,NONE,False,,,7
8192,550.0,4050.0,0.0,0.085,0.0,0.0,0.0,0,0,0,NONE,NONE,False,,,8
8193,600.0,4050.0,0.0,0.085,0.0,0.0,0.0,0,0,0,NONE,NONE,False,,,9
8194,650.0,4050.0,0.0,0.085,0.0,0.0,0.0,0,0,0,NONE,NONE,False,,,10
8195,700.0,4050.0,0.0,0.085,0.0,0.0,0.0,0,0,0,NONE,NONE,False,,,10
8196,750.0,4050.0,0.0,0.085,0.0,0.0,0.0,0,0,0,NONE,NONE,False,,,11
8197,800.0,4050.0,0.0,0.085,0.0,0.0,0.0,0,0,0,NONE,NONE,False,,,12
8198,850.0,4050.0,0.0,0.085,0.0,0.0,0.0,0,0,0,NONE,NONE,False,,,17
8199,900.0,4050.0,0.0,0.085,0.0,0.0,0.0,0,0,0,NONE,NONE,False,,,21
8200,950.0,4050.0,0.0,0.085,0.0,0.0,0.0,0,0,0,NONE,NONE,False,,,23
8201,1000.0,4050.0,0.0,0.085,0.0,0.0,0.0,0,0,0,NONE,NONE,False,,,38
8202,1050.0,4050.0,0.0,0.085,0.0,0.0,0.0,0,0,0,NONE,NONE,False,,,25
8203,1100.0,4050.0,0.0,0.085,0.0,0.0,0.0,0,0,0,NONE,NONE,False,,,23
8204,1150.0,4050.0,0.0,0.085,0.0,0.0,0.0,0,0,0,NONE,NONE,False,,,20
8205,1200.0,4050.0,0.0,0.085,0.0,0.0,0.0,0,0,0,NONE,NONE,False,,,17
8206,1250.0,4050.0,0.0,0.085,0.0,0.0,0.0,0,0,0,NONE,NONE,False,,,15
8207,1300.0,4050.0,0.0,0.085,0.0,0.0,0.0,0,0,0,NONE,NONE,False,,,14
8208,1350.0,4050.0,0.0,0.085,0.0,0.0,0.0,0,0,0,NONE,NONE,False,,,14
8209,1400.0,4050.0,0.0,0.085,0.0,0.0,0.0,0,0,0,NONE,NONE,False,,,14
8210,1450.0,4050.0,0.0,0.085,0.0,0.0,0.0,0,0,0,NONE,NONE,False,,,14
8211,1500.0,4050.0,0.0,0.085,0.0,0.0,0.0,0,0,0,NONE,NONE,False,,,14
8212,1550.0,4050.0,0.0,0.085,0.0,0.0,0.0,0,0,0,NONE,NONE,False,,,5
8213,1600.0,4050.0,0.0,10.0,1.0,0.0,1.0,1,0,0,NONE,NONE,False,,,0
8214,1650.0,4050.0,0.0,10.0,1.0,0.0,1.0,1,0,0,NONE,NONE,False,,,0
8215,1700.0,4050.0,0.0,10.0,1.0,0.0,1.0,1,0,0,NONE,NONE,False,,,0
8216,1750.0,4050.0,0.0,10.0,1.0,0.0,1.0,1,0,0,NONE,NONE,False,,,0
8217,1800.0,4050.0,0.0,10.0,1.0,0.0,1.0,1,0,0,NONE,NONE,False,,,0
8218,1850.0,4050.0,0.0,10.0,1.0,0.0,1.0,1,0,0,NONE,NONE,False,,,0
8219,1900.0,4050.0,0.0,0.085,0.0,0.0,0.0,0,0,0,NONE,NONE,False,,,4
8220,1950.0,4050.0,0.0,0.085,0.0,0.0,0.0,0,0,0,NONE,NONE,False,,,5
8221,2000.0,4050.0,0.0,0.085,0.0,0.0,0.0,0,0,0,NONE,NONE,False,,,5
8222,2050.0,4050.0,0.0,0.085,0.0,0.0,0.0,0,0,0,NONE,NONE,False,,,6
8223,2100.0,4050.0,0.0,0.085,0.0,0.0,0.0,0,0,0,NONE,NONE,False,,,6
8224,2150.0,4050.0,0.0,0.085,0.0,0.0,0.0,0,0,0,NONE,NONE,False,,,6
8225,2200.0,4050.0,0.0,0.085,0.0,0.0,0.0,0,0,0,NONE,NONE,False,,,5
8226,2250.0,4050.0,0.0,0.085,0.0,0.0,0.0,0,0,0,NONE,NONE,False,,,4
8227,2300.0,4050.0,0.0,0.085,0.0,0.0,0.0,0,0,0,NONE,NONE,False,,,4
8228,2350.0,4050.0,0.0,0.085,0.0,0.0,0.0,0,0,0,NONE,NONE,False,,,4
8229,2400.0,4050.0,0.0,0.085,0.0,0.0,0.0,0,0,0,NONE,NONE,False,,,3
8230,2450.0,4050.0,0.0,0.085,0.0,0.0,0.0,0,0,0,NONE,NONE,False,,,3
8231,2500.0,4050.0,0.0,0.085,0.0,0.0,0.0,0,0,0,NONE,NONE,False,,,4
8232,2550.0,4050.0,0.0,0.085,0.0,0.0,0.0,0,0,0,NONE,NONE,False,,,5
8233,2600.0,4050.0,0.0,0.085,0.0,0.0,0.0,0,0,0,NONE,NONE,False,,,5
8234,2650.0,4050.0,0.0,0.085,0.0,0.0,0.0,0,0,0,NONE,NONE,False,,,3
8235,2700.0,4050.0,0.0,0.085,0.0,0.0,0.0,0,0,0,NONE,NONE,False,,,2
8236,2750.0,4050.0,0.0,0.085,0.0,0.0,0.0,0,0,0,NONE,NONE,False,,,2
8237,2800.0,4050.0,0.0,10.0,0.0,1.0,1.0,0,1,0,NONE,NONE,False,,,0
8238,2850.0,4050.0,0.0,10.0,0.0,1.0,1.0,0,1,0,NONE,NONE,False,,,0
8239,2900.0,4050.0,0.0,10.0,0.0,1.0,1.0,0,1,0,NONE,NONE,False,,,0
8240,2950.0,4050.0,0.0,10.0,0.0,1.0,1.0,0,1,0,NONE,NONE,False,,,0
8241,3000.0,4050.0,0.0,10.0,0.0,1.0,1.0,0,1,0,NONE,NONE,False,,,0
8242,3050.0,4050.0,0.0,10.0,0.0,1.0,1.0,0,1,0,NONE,NONE,False,,,0
8243,3100.0,4050.0,0.0,10.0,0.0,1.0,1.0,0,1,0,NONE,NONE,False,,,0
8244,3150.0,4050.0,0.0,10.0,0.0,1.0,1.0,0,1,0,NONE,NONE,False,,,0
8245,3200.0,4050.0,0.0,10.0,0.0,1.0,1.0,0,1,0,NONE,NONE,False,,,0
8246,3250.0,4050.0,0.0,0.085,0.0,0.0,0.0,0,0,0,NONE,NONE,False,,,1
8247,3300.0,4050.0,0.0,0.085,0.0,0.0,0.0,0,0,0,NONE,NONE,False,,,1
8248,3350.0,4050.0,0.0,0.085,0.0,0.0,0.0,0,0,0,NONE,NONE,False,,,1
8249,3400.0,4050.0,0.0,0.085,0.0,0.0,0.0,0,0,0,NONE,NONE,False,,,1
8250,3450.0,4050.0,0.0,0.085,0.0,0.0,0.0,0,0,0,NONE,NONE,False,,,1
8251,3500.0,4050.0,0.0,0.085,0.0,0.0,0.0,0,0,0,NONE,NONE,False,,,1
8252,3550.0,4050.0,0.0,0.085,0.0,0.0,0.0,0,0,0,NONE,NONE,False,,,0
8253,3600.0,4050.0,0.0,0.085,0.0,0.0,0.0,0,0,0,NONE,NONE,False,,,0
8254,3650.0,4050.0,0.0,10.0,1.0,0.0,1.0,1,0,0,NONE,NONE,False,,,0
8255,3700.0,4050.0,0.0,10.0,1.0,0.0,1.0,1,0,0,NONE,NONE,False,,,0
8256,3750.0,4050.0,0.0,10.0,1.0,0.0,1.0,1,0,0,NONE,NONE,False,,,0
8257,3800.0,4050.0,0.0,0.085,0.0,0.0,0.0,0,0,0,NONE,NONE,False,,,1
8258,3850.0,4050.0,0.0,0.085,0.0,0.0,0.0,0,0,0,NONE,NONE,False,,,2
8259,3900.0,4050.0,0.0,0.085,0.0,0.0,0.0,0,0,0,NONE,NONE,False,,,2
8260,3950.0,4050.0,0.0,0.085,0.0,0.0,0.0,0,0,0,NONE,NONE,False,,,2
8261,4000.0,4050.0,0.0,0.085,0.0,0.0,0.0,0,0,0,NONE,NONE,False,,,4
8262,4050.0,4050.0,0.0,0.085,0.0,0.0,0.0,0,0,0,NONE,NONE,False,,,5
8263,4100.0,4050.0,0.0,0.085,0.0,0.0,0.0,0,0,0,NONE,NONE,False,,,5
8264,4150.0,4050.0,0.0,0.085,0.0,0.0,0.0,0,0,0,NONE,NONE,False,,,5
8265,4200.0,4050.0,0.0,0.085,0.0,0.0,0.0,0,0,0,NONE,NONE,False,,,4
8266,4250.0,4050.0,0.0,0.085,0.0,0.0,0.0,0,0,0,NONE,NONE,False,,,4
8267,4300.0,4050.0,0.0,0.085,0.0,0.0,0.0,0,0,0,NONE,NONE,False,,,4
8268,4350.0,4050.0,0.0,0.085,0.0,0.0,0.0,0,0,0,NONE,NONE,False,,,3
8269,4400.0,4050.0,0.0,0.085,0.0,0.0,0.0,0,0,0,NONE,NONE,False,,,2
8270,4450.0,4050.0,0.0,0.085,0.0,0.0,0.0,0,0,0,NONE,NONE,False,,,3
8271,4500.0,4050.0,0.0,0.085,0.0,0.0,0.0,0,0,0,NONE,NONE,False,,,3
8272,4550.0,4050.0,0.0,0.085,0.0,0.0,0.0,0,0,0,NONE,NONE,False,,,3
8273,4600.0,4050.0,0.0,0.085,0.0,0.0,0.0,0,0,0,NONE,NONE,False,,,3
8274,4650.0,4050.0,0.0,0.085,0.0,0.0,0.0,0,0,0,NONE,NONE,False,,,3
8275,4700.0,4050.0,0.0,0.085,0.0,0.0,0.0,0,0,0,NONE,NONE,False,,,3
8276,4750.0,4050.0,0.0,0.085,0.0,0.0,0.0,0,0,0,NONE,NONE,False,,,3
8277,4800.0,4050.0,0.0,0.085,0.0,0.0,0.0,0,0,0,NONE,NONE,False,,,2
8278,4850.0,4050.0,0.0,0.085,0.0,0.0,0.0,0,0,0,NONE,NONE,False,,,3
8279,4900.0,4050.0,0.0,0.085,0.0,0.0,0.0,0,0,0,NONE,NONE,False,,,3
8280,4950.0,4050.0,0.0,0.085,0.0,0.0,0.0,0,0,0,NONE,NONE,False,,,1
8281,5000.0,4050.0,0.0,0.085,0.0,0.0,0.0,0,0,0,NONE,NONE,False,,,1
8282,0.0,4100.0,0.0,0.085,0.0,0.0,0.0,0,0,0,NONE,NONE,False,,,1
8283,50.0,4100.0,0.0,0.085,0.0,0.0,0.0,0,0,0,NONE,NONE,False,,,1
8284,100.0,4100.0,0.0,0.085,0.0,0.0,0.0,0,0,0,NONE,NONE,False,,,2
8285,150.0,4100.0,0.0,0.085,0.0,0.0,0.0,0,0,0,NONE,NONE,False,,,3
8286,200.0,4100.0,0.0,0.085,0.0,0.0,0.0,0,0,0,NONE,NONE,False,,,2
8287,250.0,4100.0,0.0,0.085,0.0,0.0,0.0,0,0,0,NONE,NONE,False,,,3
8288,300.0,4100.0,0.0,0.085,0.0,0.0,0.0,0,0,0,NONE,NONE,False,,,4
8289,350.0,4100.0,0.0,0.085,0.0,0.0,0.0,0,0,0,NONE,NONE,False,,,4
8290,400.0,4100.0,0.0,0.085,0.0,0.0,0.0,0,0,0,NONE,NONE,False,,,5
8291,450.0,4100.0,0.0,0.085,0.0,0.0,0.0,0,0,0,NONE,NONE,False,,,6
8292,500.0,4100.0,0.0,0.085,0.0,0.0,0.0,0,0,0,NONE,NONE,False,,,7
8293,550.0,4100.0,0.0,0.085,0.0,0.0,0.0,0,0,0,NONE,NONE,False,,,8
8294,600.0,4100.0,0.0,0.085,0.0,0.0,0.0,0,0,0,NONE,NONE,False,,,9
8295,650.0,4100.0,0.0,0.085,0.0,0.0,0.0,0,0,0,NONE,NONE,False,,,9
8296,700.0,4100.0,0.0,0.085,0.0,0.0,0.0,0,0,0,NONE,NONE,False,,,10
8297,750.0,4100.0,0.0,0.085,0.0,0.0,0.0,0,0,0,NONE,NONE,False,,,11
8298,800.0,4100.0,0.0,0.085,0.0,0.0,0.0,0,0,0,NONE,NONE,False,,,10
8299,850.0,4100.0,0.0,0.085,0.0,0.0,0.0,0,0,0,NONE,NONE,False,,,11
8300,900.0,4100.0,0.0,0.085,0.0,0.0,0.0,0,0,0,NONE,NONE,False,,,15
8301,950.0,4100.0,0.0,0.085,0.0,0.0,0.0,0,0,0,NONE,NONE,False,,,15
8302,1000.0,4100.0,0.0,0.085,0.0,0.0,0.0,0,0,0,NONE,NONE,False,,,11
8303,1050.0,4100.0,0.0,0.085,0.0,0.0,0.0,0,0,0,NONE,NONE,False,,,18
8304,1100.0,4100.0,0.0,0.085,0.0,0.0,0.0,0,0,0,NONE,NONE,False,,,23
8305,1150.0,4100.0,0.0,0.085,0.0,0.0,0.0,0,0,0,NONE,NONE,False,,,21
8306,1200.0,4100.0,0.0,0.085,0.0,0.0,0.0,0,0,0,NONE,NONE,False,,,18
8307,1250.0,4100.0,0.0,0.085,0.0,0.0,0.0,0,0,0,NONE,NONE,False,,,15
8308,1300.0,4100.0,0.0,0.085,0.0,0.0,0.0,0,0,0,NONE,NONE,False,,,14
8309,1350.0,4100.0,0.0,0.085,0.0,0.0,0.0,0,0,0,NONE,NONE,False,,,14
8310,1400.0,4100.0,0.0,0.085,0.0,0.0,0.0,0,0,0,NONE,NONE,False,,,10
8311,1450.0,4100.0,0.0,0.085,0.0,0.0,0.0,0,0,0,NONE,NONE,False,,,9
8312,1500.0,4100.0,0.0,0.085,0.0,0.0,0.0,0,0,0,NONE,NONE,False,,,5
8313,1550.0,4100.0,0.0,10.0,1.0,0.0,1.0,1,0,0,NONE,NONE,False,,,0
8314,1600.0,4100.0,0.0,10.0,1.0,0.0,1.0,1,0,0,NONE,NONE,False,,,0
8315,1650.0,4100.0,0.0,10.0,1.0,0.0,1.0,1,0,0,NONE,NONE,False,,,0
8316,1700.0,4100.0,0.0,10.0,1.0,0.0,1.0,1,0,0,NONE,NONE,False,,,0
8317,1750.0,4100.0,0.0,10.0,1.0,0.0,1.0,1,0,0,NONE,NONE,False,,,0
8318,1800.0,4100.0,0.0,10.0,1.0,0.0,1.0,1,0,0,NONE,NONE,False,,,0
8319,1850.0,4100.0,0.0,10.0,1.0,0.0,1.0,1,0,0,NONE,NONE,False,,,0
8320,1900.0,4100.0,0.0,10.0,1.0,0.0,1.0,1,0,0,NONE,NONE,False,,,0
8321,1950.0,4100.0,0.0,0.085,0.0,0.0,0.0,0,0,0,NONE,NONE,False,,,4
8322,2000.0,4100.0,0.0,0.085,0.0,0.0,0.0,0,0,0,NONE,NONE,False,,,5
8323,2050.0,4100.0,0.0,0.085,0.0,0.0,0.0,0,0,0,NONE,NONE,False,,,5
8324,2100.0,4100.0,0.0,0.085,0.0,0.0,0.0,0,0,0,NONE,NONE,False,,,5
8325,2150.0,4100.0,0.0,0.085,0.0,0.0,0.0,0,0,0,NONE,NONE,False,,,5
8326,2200.0,4100.0,0.0,0.085,0.0,0.0,0.0,0,0,0,NONE,NONE,False,,,5
8327,2250.0,4100.0,0.0,0.085,0.0,0.0,0.0,0,0,0,NONE,NONE,False,,,5
8328,2300.0,4100.0,0.0,0.085,0.0,0.0,0.0,0,0,0,NONE,NONE,False,,,5
8329,2350.0,4100.0,0.0,0.085,0.0,0.0,0.0,0,0,0,NONE,NONE,False,,,5
8330,2400.0,4100.0,0.0,0.085,0.0,0.0,0.0,0,0,0,NONE,NONE,False,,,3
8331,2450.0,4100.0,0.0,0.085,0.0,0.0,0.0,0,0,0,NONE,NONE,False,,,4
8332,2500.0,4100.0,0.0,0.085,0.0,0.0,0.0,0,0,0,NONE,NONE,False,,,4
8333,2550.0,4100.0,0.0,0.085,0.0,0.0,0.0,0,0,0,NONE,NONE,False,,,4
8334,2600.0,4100.0,0.0,0.085,0.0,0.0,0.0,0,0,0,NONE,NONE,False,,,3
8335,2650.0,4100.0,0.0,0.085,0.0,0.0,0.0,0,0,0,NONE,NONE,False,,,2
8336,2700.0,4100.0,0.0,0.085,0.0,0.0,0.0,0,0,0,NONE,NONE,False,,,2
8337,2750.0,4100.0,0.0,0.085,0.0,0.0,0.0,0,0,0,NONE,NONE,False,,,2
8338,2800.0,4100.0,0.0,10.0,0.0,1.0,1.0,0,1,0,NONE,NONE,False,,,0
8339,2850.0,4100.0,0.0,10.0,0.0,1.0,1.0,0,1,0,NONE,NONE,False,,,0
8340,2900.0,4100.0,0.0,10.0,0.0,1.0,1.0,0,1,0,NONE,NONE,False,,,0
8341,2950.0,4100.0,0.0,10.0,0.0,1.0,1.0,0,1,0,NONE,NONE,False,,,0
8342,3000.0,4100.0,0.0,10.0,0.0,1.0,1.0,0,1,0,NONE,NONE,False,,,0
8343,3050.0,4100.0,0.0,10.0,0.0,1.0,1.0,0,1,0,NONE,NONE,False,,,0
8344,3100.0,4100.0,0.0,10.0,0.0,1.0,1.0,0,1,0,NONE,NONE,False,,,0
8345,3150.0,4100.0,0.0,10.0,0.0,1.0,1.0,0,1,0,NONE,NONE,False,,,0
8346,3200.0,4100.0,0.0,10.0,0.0,1.0,1.0,0,1,0,NONE,NONE,False,,,0
8347,3250.0,4100.0,0.0,0.085,0.0,0.0,0.0,0,0,0,NONE,NONE,False,,,1
8348,3300.0,4100.0,0.0,0.085,0.0,0.0,0.0,0,0,0,NONE,NONE,False,,,1
8349,3350.0,4100.0,0.0,0.085,0.0,0.0,0.0,0,0,0,NONE,NONE,False,,,1
8350,3400.0,4100.0,0.0,0.085,0.0,0.0,0.0,0,0,0,NONE,NONE,False,,,1
8351,3450.0,4100.0,0.0,0.085,0.0,0.0,0.0,0,0,0,NONE,NONE,False,,,1
8352,3500.0,4100.0,0.0,0.085,0.0,0.0,0.0,0,0,0,NONE,NONE,False,,,1
8353,3550.0,4100.0,0.0,0.085,0.0,0.0,0.0,0,0,0,NONE,NONE,False,,,1
8354,3600.0,4100.0,0.0,10.0,1.0,0.0,1.0,1,0,0,NONE,NONE,False,,,0
8355,3650.0,4100.0,0.0,10.0,1.0,0.0,1.0,1,0,0,NONE,NONE,False,,,0
8356,3700.0,4100.0,0.0,10.0,1.0,0.0,1.0,1,0,0,NONE,NONE,False,,,0
8357,3750.0,4100.0,0.0,10.0,1.0,0.0,1.0,1,0,0,NONE,NONE,False,,,0
8358,3800.0,4100.0,0.0,10.0,1.0,0.0,1.0,1,0,0,NONE,NONE,False,,,0
8359,3850.0,4100.0,0.0,0.085,0.0,0.0,0.0,0,0,0,NONE,NONE,False,,,2
8360,3900.0,4100.0,0.0,0.085,0.0,0.0,0.0,0,0,0,NONE,NONE,False,,,2
8361,3950.0,4100.0,0.0,0.085,0.0,0.0,0.0,0,0,0,NONE,NONE,False,,,3
8362,4000.0,4100.0,0.0,0.085,0.0,0.0,0.0,0,0,0,NONE,NONE,False,,,5
8363,4050.0,4100.0,0.0,0.085,0.0,0.0,0.0,0,0,0,NONE,NONE,False,,,5
8364,4100.0,4100.0,0.0,0.085,0.0,0.0,0.0,0,0,0,NONE,NONE,False,,,5
8365,4150.0,4100.0,0.0,0.085,0.0,0.0,0.0,0,0,0,NONE,NONE,False,,,4
8366,4200.0,4100.0,0.0,0.085,0.0,0.0,0.0,0,0,0,NONE,NONE,False,,,4
8367,4250.0,4100.0,0.0,0.085,0.0,0.0,0.0,0,0,0,NONE,NONE,False,,,5
8368,4300.0,4100.0,0.0,0.085,0.0,0.0,0.0,0,0,0,NONE,NONE,False,,,3
8369,4350.0,4100.0,0.0,0.085,0.0,0.0,0.0,0,0,0,NONE,NONE,False,,,2
8370,4400.0,4100.0,0.0,0.085,0.0,0.0,0.0,0,0,0,NONE,NONE,False,,,3
8371,4450.0,4100.0,0.0,0.085,0.0,0.0,0.0,0,0,0,NONE,NONE,False,,,3
8372,4500.0,4100.0,0.0,0.085,0.0,0.0,0.0,0,0,0,NONE,NONE,False,,,3
8373,4550.0,4100.0,0.0,0.085,0.0,0.0,0.0,0,0,0,NONE,NONE,False,,,3
8374,4600.0,4100.0,0.0,0.085,0.0,0.0,0.0,0,0,0,NONE,NONE,False,,,2
8375,4650.0,4100.0,0.0,0.085,0.0,0.0,0.0,0,0,0,NONE,NONE,False,,,3
8376,4700.0,4100.0,0.0,0.085,0.0,0.0,0.0,0,0,0,NONE,NONE,False,,,3
8377,4750.0,4100.0,0.0,0.085,0.0,0.0,0.0,0,0,0,NONE,NONE,False,,,2
8378,4800.0,4100.0,0.0,0.085,0.0,0.0,0.0,0,0,0,NONE,NONE,False,,,2
8379,4850.0,4100.0,0.0,0.085,0.0,0.0,0.0,0,0,0,NONE,NONE,False,,,3
8380,4900.0,4100.0,0.0,0.085,0.0,0.0,0.0,0,0,0,NONE,NONE,False,,,2
8381,4950.0,4100.0,0.0,0.085,0.0,0.0,0.0,0,0,0,NONE,NONE,False,,,1
8382,5000.0,4100.0,0.0,0.085,0.0,0.0,0.0,0,0,0,NONE,NONE,False,,,1
8383,0.0,4150.0,0.0,0.085,0.0,0.0,0.0,0,0,0,NONE,NONE,False,,,1
8384,50.0,4150.0,0.0,0.085,0.0,0.0,0.0,0,0,0,NONE,NONE,False,,,1
8385,100.0,4150.0,0.0,0.085,0.0,0.0,0.0,0,0,0,NONE,NONE,False,,,2
8386,150.0,4150.0,0.0,0.085,0.0,0.0,0.0,0,0,0,NONE,NONE,False,,,3
8387,200.0,4150.0,0.0,0.085,0.0,0.0,0.0,0,0,0,NONE,NONE,False,,,2
8388,250.0,4150.0,0.0,0.085,0.0,0.0,0.0,0,0,0,NONE,NONE,False,,,3
8389,300.0,4150.0,0.0,0.085,0.0,0.0,0.0,0,0,0,NONE,NONE,False,,,4
8390,350.0,4150.0,0.0,0.085,0.0,0.0,0.0,0,0,0,NONE,NONE,False,,,4
8391,400.0,4150.0,0.0,0.085,0.0,0.0,0.0,0,0,0,NONE,NONE,False,,,4
8392,450.0,4150.0,0.0,0.085,0.0,0.0,0.0,0,0,0,NONE,NONE,False,,,5
8393,500.0,4150.0,0.0,0.085,0.0,0.0,0.0,0,0,0,NONE,NONE,False,,,6
8394,550.0,4150.0,0.0,0.085,0.0,0.0,0.0,0,0,0,NONE,NONE,False,,,7
8395,600.0,4150.0,0.0,0.085,0.0,0.0,0.0,0,0,0,NONE,NONE,False,,,8
8396,650.0,4150.0,0.0,0.085,0.0,0.0,0.0,0,0,0,NONE,NONE,False,,,7
8397,700.0,4150.0,0.0,0.085,0.0,0.0,0.0,0,0,0,NONE,NONE,False,,,8
8398,750.0,4150.0,0.0,0.085,0.0,0.0,0.0,0,0,0,NONE,NONE,False,,,8
8399,800.0,4150.0,0.0,0.085,0.0,0.0,0.0,0,0,0,NONE,NONE,False,,,8
8400,850.0,4150.0,0.0,0.085,0.0,0.0,0.0,0,0,0,NONE,NONE,False,,,8
8401,900.0,4150.0,0.0,0.085,0.0,0.0,0.0,0,0,0,NONE,NONE,False,,,11
8402,950.0,4150.0,0.0,0.085,0.0,0.0,0.0,0,0,0,NONE,NONE,False,,,8
8403,1000.0,4150.0,0.0,0.085,0.0,0.0,0.0,0,0,0,NONE,NONE,False,,,9
8404,1050.0,4150.0,0.0,0.085,0.0,0.0,0.0,0,0,0,NONE,NONE,False,,,9
8405,1100.0,4150.0,0.0,0.085,0.0,0.0,0.0,0,0,0,NONE,NONE,False,,,15
8406,1150.0,4150.0,0.0,0.085,0.0,0.0,0.0,0,0,0,NONE,NONE,False,,,18
8407,1200.0,4150.0,0.0,0.085,0.0,0.0,0.0,0,0,0,NONE,NONE,False,,,14
8408,1250.0,4150.0,0.0,0.085,0.0,0.0,0.0,0,0,0,NONE,NONE,False,,,9
8409,1300.0,4150.0,0.0,10.0,1.0,0.0,1.0,1,0,0,NONE,NONE,False,,,0
8410,1350.0,4150.0,0.0,10.0,1.0,0.0,1.0,1,0,0,NONE,NONE,False,,,0
8411,1400.0,4150.0,0.0,10.0,1.0,0.0,1.0,1,0,0,NONE,NONE,False,,,0
8412,1450.0,4150.0,0.0,10.0,1.0,0.0,1.0,1,0,0,NONE,NONE,False,,,0
8413,1500.0,4150.0,0.0,10.0,1.0,0.0,1.0,1,0,0,NONE,NONE,False,,,0
8414,1550.0,4150.0,0.0,10.0,1.0,0.0,1.0,1,0,0,NONE,NONE,False,,,0
8415,1600.0,4150.0,0.0,10.0,1.0,0.0,1.0,1,0,0,NONE,NONE,False,,,0
8416,1650.0,4150.0,0.0,10.0,1.0,0.0,1.0,1,0,0,NONE,NONE,False,,,0
8417,1700.0,4150.0,0.0,10.0,1.0,0.0,1.0,1,0,0,NONE,NONE,False,,,0
8418,1750.0,4150.0,0.0,10.0,1.0,0.0,1.0,1,0,0,NONE,NONE,False,,,0
8419,1800.0,4150.0,0.0,10.0,1.0,0.0,1.0,1,0,0,NONE,NONE,False,,,0
8420,1850.0,4150.0,0.0,10.0,1.0,0.0,1.0,1,0,0,NONE,NONE,False,,,0
8421,1900.0,4150.0,0.0,10.0,1.0,0.0,1.0,1,0,0,NONE,NONE,False,,,0
8422,1950.0,4150.0,0.0,0.085,0.0,0.0,0.0,0,0,0,NONE,NONE,False,,,2
8423,2000.0,4150.0,0.0,0.085,0.0,0.0,0.0,0,0,0,NONE,NONE,False,,,2
8424,2050.0,4150.0,0.0,0.085,0.0,0.0,0.0,0,0,0,NONE,NONE,False,,,3
8425,2100.0,4150.0,0.0,0.085,0.0,0.0,0.0,0,0,0,NONE,NONE,False,,,3
8426,2150.0,4150.0,0.0,0.085,0.0,0.0,0.0,0,0,0,NONE,NONE,False,,,4
8427,2200.0,4150.0,0.0,0.085,0.0,0.0,0.0,0,0,0,NONE,NONE,False,,,4
8428,2250.0,4150.0,0.0,0.085,0.0,0.0,0.0,0,0,0,NONE,NONE,False,,,4
8429,2300.0,4150.0,0.0,0.085,0.0,0.0,0.0,0,0,0,NONE,NONE,False,,,3
8430,2350.0,4150.0,0.0,0.085,0.0,0.0,0.0,0,0,0,NONE,NONE,False,,,3
8431,2400.0,4150.0,0.0,0.085,0.0,0.0,0.0,0,0,0,NONE,NONE,False,,,4
8432,2450.0,4150.0,0.0,0.085,0.0,0.0,0.0,0,0,0,NONE,NONE,False,,,3
8433,2500.0,4150.0,0.0,0.085,0.0,0.0,0.0,0,0,0,NONE,NONE,False,,,4
8434,2550.0,4150.0,0.0,0.085,0.0,0.0,0.0,0,0,0,NONE,NONE,False,,,4
8435,2600.0,4150.0,0.0,0.085,0.0,0.0,0.0,0,0,0,NONE,NONE,False,,,2
8436,2650.0,4150.0,0.0,0.085,0.0,0.0,0.0,0,0,0,NONE,NONE,False,,,2
8437,2700.0,4150.0,0.0,0.085,0.0,0.0,0.0,0,0,0,NONE,NONE,False,,,2
8438,2750.0,4150.0,0.0,10.0,0.0,1.0,1.0,0,1,0,NONE,NONE,False,,,0
8439,2800.0,4150.0,0.0,10.0,0.0,1.0,1.0,0,1,0,NONE,NONE,False,,,0
8440,2850.0,4150.0,0.0,10.0,0.0,1.0,1.0,0,1,0,NONE,NONE,False,,,0
8441,2900.0,4150.0,0.0,10.0,0.0,1.0,1.0,0,1,0,NONE,NONE,False,,,0
8442,2950.0,4150.0,0.0,10.0,0.0,1.0,1.0,0,1,0,NONE,NONE,False,,,0
8443,3000.0,4150.0,0.0,10.0,0.0,1.0,1.0,0,1,0,NONE,NONE,False,,,0
8444,3050.0,4150.0,0.0,10.0,0.0,1.0,1.0,0,1,0,NONE,NONE,False,,,0
8445,3100.0,4150.0,0.0,10.0,0.0,1.0,1.0,0,1,0,NONE,NONE,False,,,0
8446,3150.0,4150.0,0.0,10.0,0.0,1.0,1.0,0,1,0,NONE,NONE,False,,,0
8447,3200.0,4150.0,0.0,10.0,0.0,1.0,1.0,0,1,0,NONE,NONE,False,,,0
8448,3250.0,4150.0,0.0,10.0,0.0,1.0,1.0,0,1,0,NONE,NONE,False,,,0
8449,3300.0,4150.0,0.0,0.085,0.0,0.0,0.0,0,0,0,NONE,NONE,False,,,1
8450,3350.0,4150.0,0.0,0.085,0.0,0.0,0.0,0,0,0,NONE,NONE,False,,,1
8451,3400.0,4150.0,0.0,0.085,0.0,0.0,0.0,0,0,0,NONE,NONE,False,,,1
8452,3450.0,4150.0,0.0,0.085,0.0,0.0,0.0,0,0,0,NONE,NONE,False,,,1
8453,3500.0,4150.0,0.0,0.085,0.0,0.0,0.0,0,0,0,NONE,NONE,False,,,1
8454,3550.0,4150.0,0.0,0.085,0.0,0.0,0.0,0,0,0,NONE,NONE,False,,,1
8455,3600.0,4150.0,0.0,10.0,1.0,0.0,1.0,1,0,0,NONE,NONE,False,,,0
8456,3650.0,4150.0,0.0,10.0,1.0,0.0,1.0,1,0,0,NONE,NONE,False,,,0
8457,3700.0,4150.0,0.0,10.0,1.0,0.0,1.0,1,0,0,NONE,NONE,False,,,0
8458,3750.0,4150.0,0.0,10.0,1.0,0.0,1.0,1,0,0,NONE,NONE,False,,,0
8459,3800.0,4150.0,0.0,10.0,1.0,0.0,1.0,1,0,0,NONE,NONE,False,,,0
8460,3850.0,4150.0,0.0,0.085,0.0,0.0,0.0,0,0,0,NONE,NONE,False,,,2
8461,3900.0,4150.0,0.0,0.085,0.0,0.0,0.0,0,0,0,NONE,NONE,False,,,3
8462,3950.0,4150.0,0.0,0.085,0.0,0.0,0.0,0,0,0,NONE,NONE,False,,,4
8463,4000.0,4150.0,0.0,0.085,0.0,0.0,0.0,0,0,0,NONE,NONE,False,,,4
8464,4050.0,4150.0,0.0,0.085,0.0,0.0,0.0,0,0,0,NONE,NONE,False,,,6
8465,4100.0,4150.0,0.0,0.085,0.0,0.0,0.0,0,0,0,NONE,NONE,False,,,4
8466,4150.0,4150.0,0.0,0.085,0.0,0.0,0.0,0,0,0,NONE,NONE,False,,,4
8467,4200.0,4150.0,0.0,0.085,0.0,0.0,0.0,0,0,0,NONE,NONE,False,,,5
8468,4250.0,4150.0,0.0,0.085,0.0,0.0,0.0,0,0,0,NONE,NONE,False,,,4
8469,4300.0,4150.0,0.0,0.085,0.0,0.0,0.0,0,0,0,NONE,NONE,False,,,3
8470,4350.0,4150.0,0.0,0.085,0.0,0.0,0.0,0,0,0,NONE,NONE,False,,,3
8471,4400.0,4150.0,0.0,0.085,0.0,0.0,0.0,0,0,0,NONE,NONE,False,,,3
8472,4450.0,4150.0,0.0,0.085,0.0,0.0,0.0,0,0,0,NONE,NONE,False,,,3
8473,4500.0,4150.0,0.0,0.085,0.0,0.0,0.0,0,0,0,NONE,NONE,False,,,3
8474,4550.0,4150.0,0.0,0.085,0.0,0.0,0.0,0,0,0,NONE,NONE,False,,,2
8475,4600.0,4150.0,0.0,0.085,0.0,0.0,0.0,0,0,0,NONE,NONE,False,,,2
8476,4650.0,4150.0,0.0,0.085,0.0,0.0,0.0,0,0,0,NONE,NONE,False,,,3
8477,4700.0,4150.0,0.0,0.085,0.0,0.0,0.0,0,0,0,NONE,NONE,False,,,2
8478,4750.0,4150.0,0.0,0.085,0.0,0.0,0.0,0,0,0,NONE,NONE,False,,,2
8479,4800.0,4150.0,0.0,0.085,0.0,0.0,0.0,0,0,0,NONE,NONE,False,,,3
8480,4850.0,4150.0,0.0,0.085,0.0,0.0,0.0,0,0,0,NONE,NONE,False,,,2
8481,4900.0,4150.0,0.0,0.085,0.0,0.0,0.0,0,0,0,NONE,NONE,False,,,2
8482,4950.0,4150.0,0.0,0.085,0.0,0.0,0.0,0,0,0,NONE,NONE,False,,,1
8483,5000.0,4150.0,0.0,0.085,0.0,0.0,0.0,0,0,0,NONE,NONE,False,,,1
8484,0.0,4200.0,0.0,0.085,0.0,0.0,0.0,0,0,0,NONE,NONE,False,,,1
8485,50.0,4200.0,0.0,0.085,0.0,0.0,0.0,0,0,0,NONE,NONE,False,,,2
8486,100.0,4200.0,0.0,0.085,0.0,0.0,0.0,0,0,0,NONE,NONE,False,,,2
8487,150.0,4200.0,0.0,0.085,0.0,0.0,0.0,0,0,0,NONE,NONE,False,,,2
8488,200.0,4200.0,0.0,0.085,0.0,0.0,0.0,0,0,0,NONE,NONE,False,,,3
8489,250.0,4200.0,0.0,0.085,0.0,0.0,0.0,0,0,0,NONE,NONE,False,,,3
8490,300.0,4200.0,0.0,0.085,0.0,0.0,0.0,0,0,0,NONE,NONE,False,,,3
8491,350.0,4200.0,0.0,0.085,0.0,0.0,0.0,0,0,0,NONE,NONE,False,,,4
8492,400.0,4200.0,0.0,0.085,0.0,0.0,0.0,0,0,0,NONE,NONE,False,,,4
8493,450.0,4200.0,0.0,0.085,0.0,0.0,0.0,0,0,0,NONE,NONE,False,,,3
8494,500.0,4200.0,0.0,0.085,0.0,0.0,0.0,0,0,0,NONE,NONE,False,,,4
8495,550.0,4200.0,0.0,0.085,0.0,0.0,0.0,0,0,0,NONE,NONE,False,,,4
8496,600.0,4200.0,0.0,0.085,0.0,0.0,0.0,0,0,0,NONE,NONE,False,,,6
8497,650.0,4200.0,0.0,0.085,0.0,0.0,0.0,0,0,0,NONE,NONE,False,,,7
8498,700.0,4200.0,0.0,0.085,0.0,0.0,0.0,0,0,0,NONE,NONE,False,,,6
8499,750.0,4200.0,0.0,0.085,0.0,0.0,0.0,0,0,0,NONE,NONE,False,,,6
8500,800.0,4200.0,0.0,0.085,0.0,0.0,0.0,0,0,0,NONE,NONE,False,,,7
8501,850.0,4200.0,0.0,0.085,0.0,0.0,0.0,0,0,0,NONE,NONE,False,,,6
8502,900.0,4200.0,0.0,0.085,0.0,0.0,0.0,0,0,0,NONE,NONE,False,,,5
8503,950.0,4200.0,0.0,0.085,0.0,0.0,0.0,0,0,0,NONE,NONE,False,,,5
8504,1000.0,4200.0,0.0,0.085,0.0,0.0,0.0,0,0,0,NONE,NONE,False,,,9
8505,1050.0,4200.0,0.0,0.085,0.0,0.0,0.0,0,0,0,NONE,NONE,False,,,8
8506,1100.0,4200.0,0.0,0.085,0.0,0.0,0.0,0,0,0,NONE,NONE,False,,,8
8507,1150.0,4200.0,0.0,0.085,0.0,0.0,0.0,0,0,0,NONE,NONE,False,,,8
8508,1200.0,4200.0,0.0,0.085,0.0,0.0,0.0,0,0,0,NONE,NONE,False,,,4
8509,1250.0,4200.0,0.0,10.0,1.0,0.0,1.0,1,0,0,NONE,NONE,False,,,0
8510,1300.0,4200.0,0.0,10.0,1.0,0.0,1.0,1,0,0,NONE,NONE,False,,,0
8511,1350.0,4200.0,0.0,10.0,1.0,0.0,1.0,1,0,0,NONE,NONE,False,,,0
8512,1400.0,4200.0,0.0,10.0,1.0,0.0,1.0,1,0,0,NONE,NONE,False,,,0
8513,1450.0,4200.0,0.0,10.0,1.0,0.0,1.0,1,0,0,NONE,NONE,False,,,0
8514,1500.0,4200.0,0.0,10.0,1.0,0.0,1.0,1,0,0,NONE,NONE,False,,,0
8515,1550.0,4200.0,0.0,10.0,1.0,0.0,1.0,1,0,0,NONE,NONE,False,,,0
8516,1600.0,4200.0,0.0,10.0,1.0,0.0,1.0,1,0,0,NONE,NONE,False,,,0
8517,1650.0,4200.0,0.0,10.0,1.0,0.0,1.0,1,0,0,NONE,NONE,False,,,0
8518,1700.0,4200.0,0.0,10.0,1.0,0.0,1.0,1,0,0,NONE,NONE,False,,,0
8519,1750.0,4200.0,0.0,10.0,1.0,0.0,1.0,1,0,0,NONE,NONE,False,,,0
8520,1800.0,4200.0,0.0,10.0,1.0,0.0,1.0,1,0,0,NONE,NONE,False,,,0
8521,1850.0,4200.0,0.0,10.0,1.0,0.0,1.0,1,0,0,NONE,NONE,False,,,0
8522,1900.0,4200.0,0.0,10.0,1.0,0.0,1.0,1,0,0,NONE,NONE,False,,,0
8523,1950.0,4200.0,0.0,0.085,0.0,0.0,0.0,0,0,0,NONE,NONE,False,,,1
8524,2000.0,4200.0,0.0,0.085,0.0,0.0,0.0,0,0,0,NONE,NONE,False,,,2
8525,2050.0,4200.0,0.0,0.085,0.0,0.0,0.0,0,0,0,NONE,NONE,False,,,2
8526,2100.0,4200.0,0.0,0.085,0.0,0.0,0.0,0,0,0,NONE,NONE,False,,,3
8527,2150.0,4200.0,0.0,0.085,0.0,0.0,0.0,0,0,0,NONE,NONE,False,,,3
8528,2200.0,4200.0,0.0,0.085,0.0,0.0,0.0,0,0,0,NONE,NONE,False,,,4
8529,2250.0,4200.0,0.0,0.085,0.0,0.0,0.0,0,0,0,NONE,NONE,False,,,4
8530,2300.0,4200.0,0.0,0.085,0.0,0.0,0.0,0,0,0,NONE,NONE,False,,,4
8531,2350.0,4200.0,0.0,0.085,0.0,0.0,0.0,0,0,0,NONE,NONE,False,,,4
8532,2400.0,4200.0,0.0,0.085,0.0,0.0,0.0,0,0,0,NONE,NONE,False,,,4
8533,2450.0,4200.0,0.0,0.085,0.0,0.0,0.0,0,0,0,NONE,NONE,False,,,3
8534,2500.0,4200.0,0.0,0.085,0.0,0.0,0.0,0,0,0,NONE,NONE,False,,,3
8535,2550.0,4200.0,0.0,0.085,0.0,0.0,0.0,0,0,0,NONE,NONE,False,,,3
8536,2600.0,4200.0,0.0,0.085,0.0,0.0,0.0,0,0,0,NONE,NONE,False,,,3
8537,2650.0,4200.0,0.0,0.085,0.0,0.0,0.0,0,0,0,NONE,NONE,False,,,2
8538,2700.0,4200.0,0.0,0.085,0.0,0.0,0.0,0,0,0,NONE,NONE,False,,,1
8539,2750.0,4200.0,0.0,10.0,0.0,1.0,1.0,0,1,0,NONE,NONE,False,,,0
8540,2800.0,4200.0,0.0,10.0,0.0,1.0,1.0,0,1,0,NONE,NONE,False,,,0
8541,2850.0,4200.0,0.0,10.0,0.0,1.0,1.0,0,1,0,NONE,NONE,False,,,0
8542,2900.0,4200.0,0.0,10.0,0.0,1.0,1.0,0,1,0,NONE,NONE,False,,,0
8543,2950.0,4200.0,0.0,10.0,0.0,1.0,1.0,0,1,0,NONE,NONE,False,,,0
8544,3000.0,4200.0,0.0,10.0,0.0,1.0,1.0,0,1,1,RA03,RA,False,,,0
8545,3050.0,4200.0,0.0,10.0,0.0,1.0,1.0,0,1,0,NONE,NONE,False,,,0
8546,3100.0,4200.0,0.0,10.0,0.0,1.0,1.0,0,1,0,NONE,NONE,False,,,0
8547,3150.0,4200.0,0.0,10.0,0.0,1.0,1.0,0,1,0,NONE,NONE,False,,,0
8548,3200.0,4200.0,0.0,10.0,0.0,1.0,1.0,0,1,0,NONE,NONE,False,,,0
8549,3250.0,4200.0,0.0,10.0,0.0,1.0,1.0,0,1,0,NONE,NONE,False,,,0
8550,3300.0,4200.0,0.0,0.085,0.0,0.0,0.0,0,0,0,NONE,NONE,False,,,0
8551,3350.0,4200.0,0.0,0.085,0.0,0.0,0.0,0,0,0,NONE,NONE,False,,,2
8552,3400.0,4200.0,0.0,0.085,0.0,0.0,0.0,0,0,0,NONE,NONE,False,,,2
8553,3450.0,4200.0,0.0,0.085,0.0,0.0,0.0,0,0,0,NONE,NONE,False,,,2
8554,3500.0,4200.0,0.0,0.085,0.0,0.0,0.0,0,0,0,NONE,NONE,False,,,2
8555,3550.0,4200.0,0.0,0.085,0.0,0.0,0.0,0,0,0,NONE,NONE,False,,,2
8556,3600.0,4200.0,0.0,0.085,0.0,0.0,0.0,0,0,0,NONE,NONE,False,,,2
8557,3650.0,4200.0,0.0,10.0,1.0,0.0,1.0,1,0,0,NONE,NONE,False,,,0
8558,3700.0,4200.0,0.0,10.0,1.0,0.0,1.0,1,0,0,NONE,NONE,False,,,0
8559,3750.0,4200.0,0.0,10.0,1.0,0.0,1.0,1,0,0,NONE,NONE,False,,,0
8560,3800.0,4200.0,0.0,0.085,0.0,0.0,0.0,0,0,0,NONE,NONE,False,,,2
8561,3850.0,4200.0,0.0,0.085,0.0,0.0,0.0,0,0,0,NONE,NONE,False,,,3
8562,3900.0,4200.0,0.0,0.085,0.0,0.0,0.0,0,0,0,NONE,NONE,False,,,4
8563,3950.0,4200.0,0.0,0.085,0.0,0.0,0.0,0,0,0,NONE,NONE,False,,,4
8564,4000.0,4200.0,0.0,0.085,0.0,0.0,0.0,0,0,0,NONE,NONE,False,,,5
8565,4050.0,4200.0,0.0,0.085,0.0,0.0,0.0,0,0,0,NONE,NONE,False,,,5
8566,4100.0,4200.0,0.0,0.085,0.0,0.0,0.0,0,0,0,NONE,NONE,False,,,4
8567,4150.0,4200.0,0.0,0.085,0.0,0.0,0.0,0,0,0,NONE,NONE,False,,,5
8568,4200.0,4200.0,0.0,0.085,0.0,0.0,0.0,0,0,0,NONE,NONE,False,,,4
8569,4250.0,4200.0,0.0,0.085,0.0,0.0,0.0,0,0,0,NONE,NONE,False,,,3
8570,4300.0,4200.0,0.0,0.085,0.0,0.0,0.0,0,0,0,NONE,NONE,False,,,4
8571,4350.0,4200.0,0.0,0.085,0.0,0.0,0.0,0,0,0,NONE,NONE,False,,,3
8572,4400.0,4200.0,0.0,0.085,0.0,0.0,0.0,0,0,0,NONE,NONE,False,,,3
8573,4450.0,4200.0,0.0,0.085,0.0,0.0,0.0,0,0,0,NONE,NONE,False,,,3
8574,4500.0,4200.0,0.0,0.085,0.0,0.0,0.0,0,0,0,NONE,NONE,False,,,2
8575,4550.0,4200.0,0.0,0.085,0.0,0.0,0.0,0,0,0,NONE,NONE,False,,,2
8576,4600.0,4200.0,0.0,0.085,0.0,0.0,0.0,0,0,0,NONE,NONE,False,,,3
8577,4650.0,4200.0,0.0,0.085,0.0,0.0,0.0,0,0,0,NONE,NONE,False,,,2
8578,4700.0,4200.0,0.0,0.085,0.0,0.0,0.0,0,0,0,NONE,NONE,False,,,2
8579,4750.0,4200.0,0.0,0.085,0.0,0.0,0.0,0,0,0,NONE,NONE,False,,,3
8580,4800.0,4200.0,0.0,0.085,0.0,0.0,0.0,0,0,0,NONE,NONE,False,,,2
8581,4850.0,4200.0,0.0,0.085,0.0,0.0,0.0,0,0,0,NONE,NONE,False,,,2
8582,4900.0,4200.0,0.0,0.085,0.0,0.0,0.0,0,0,0,NONE,NONE,False,,,2
8583,4950.0,4200.0,0.0,0.085,0.0,0.0,0.0,0,0,0,NONE,NONE,False,,,1
8584,5000.0,4200.0,0.0,0.085,0.0,0.0,0.0,0,0,0,NONE,NONE,False,,,1
8585,0.0,4250.0,0.0,0.085,0.0,0.0,0.0,0,0,0,NONE,NONE,False,,,2
8586,50.0,4250.0,0.0,0.085,0.0,0.0,0.0,0,0,0,NONE,NONE,False,,,2
8587,100.0,4250.0,0.0,0.085,0.0,0.0,0.0,0,0,0,NONE,NONE,False,,,2
8588,150.0,4250.0,0.0,0.085,0.0,0.0,0.0,0,0,0,NONE,NONE,False,,,3
8589,200.0,4250.0,0.0,0.085,0.0,0.0,0.0,0,0,0,NONE,NONE,False,,,2
8590,250.0,4250.0,0.0,0.085,0.0,0.0,0.0,0,0,0,NONE,NONE,False,,,3
8591,300.0,4250.0,0.0,0.085,0.0,0.0,0.0,0,0,0,NONE,NONE,False,,,3
8592,350.0,4250.0,0.0,0.085,0.0,0.0,0.0,0,0,0,NONE,NONE,False,,,3
8593,400.0,4250.0,0.0,0.085,0.0,0.0,0.0,0,0,0,NONE,NONE,False,,,3
8594,450.0,4250.0,0.0,0.085,0.0,0.0,0.0,0,0,0,NONE,NONE,False,,,3
8595,500.0,4250.0,0.0,0.085,0.0,0.0,0.0,0,0,0,NONE,NONE,False,,,3
8596,550.0,4250.0,0.0,0.085,0.0,0.0,0.0,0,0,0,NONE,NONE,False,,,4
8597,600.0,4250.0,0.0,0.085,0.0,0.0,0.0,0,0,0,NONE,NONE,False,,,4
8598,650.0,4250.0,0.0,0.085,0.0,0.0,0.0,0,0,0,NONE,NONE,False,,,4
8599,700.0,4250.0,0.0,0.085,0.0,0.0,0.0,0,0,0,NONE,NONE,False,,,5
8600,750.0,4250.0,0.0,0.085,0.0,0.0,0.0,0,0,0,NONE,NONE,False,,,5
8601,800.0,4250.0,0.0,0.085,0.0,0.0,0.0,0,0,0,NONE,NONE,False,,,4
8602,850.0,4250.0,0.0,0.085,0.0,0.0,0.0,0,0,0,NONE,NONE,False,,,2
8603,900.0,4250.0,0.0,10.0,1.0,0.0,1.0,1,0,0,NONE,NONE,False,,,0
8604,950.0,4250.0,0.0,0.085,0.0,0.0,0.0,0,0,0,NONE,NONE,False,,,4
8605,1000.0,4250.0,0.0,0.085,0.0,0.0,0.0,0,0,0,NONE,NONE,False,,,8
8606,1050.0,4250.0,0.0,0.085,0.0,0.0,0.0,0,0,0,NONE,NONE,False,,,8
8607,1100.0,4250.0,0.0,0.085,0.0,0.0,0.0,0,0,0,NONE,NONE,False,,,8
8608,1150.0,4250.0,0.0,0.085,0.0,0.0,0.0,0,0,0,NONE,NONE,False,,,8
8609,1200.0,4250.0,0.0,10.0,1.0,0.0,1.0,1,0,0,NONE,NONE,False,,,0
8610,1250.0,4250.0,0.0,10.0,1.0,0.0,1.0,1,0,0,NONE,NONE,False,,,0
8611,1300.0,4250.0,0.0,10.0,1.0,0.0,1.0,1,0,0,NONE,NONE,False,,,0
8612,1350.0,4250.0,0.0,10.0,1.0,0.0,1.0,1,0,0,NONE,NONE,False,,,0
8613,1400.0,4250.0,0.0,10.0,1.0,0.0,1.0,1,0,0,NONE,NONE,False,,,0
8614,1450.0,4250.0,0.0,10.0,1.0,0.0,1.0,1,0,0,NONE,NONE,False,,,0
8615,1500.0,4250.0,0.0,10.0,1.0,0.0,1.0,1,0,0,NONE,NONE,False,,,0
8616,1550.0,4250.0,0.0,10.0,1.0,0.0,1.0,1,0,0,NONE,NONE,False,,,0
8617,1600.0,4250.0,0.0,10.0,1.0,0.0,1.0,1,0,0,NONE,NONE,False,,,0
8618,1650.0,4250.0,0.0,10.0,1.0,0.0,1.0,1,0,0,NONE,NONE,False,,,0
8619,1700.0,4250.0,0.0,10.0,1.0,0.0,1.0,1,0,0,NONE,NONE,False,,,0
8620,1750.0,4250.0,0.0,10.0,1.0,0.0,1.0,1,0,0,NONE,NONE,False,,,0
8621,1800.0,4250.0,0.0,10.0,1.0,0.0,1.0,1,0,0,NONE,NONE,False,,,0
8622,1850.0,4250.0,0.0,10.0,1.0,0.0,1.0,1,0,0,NONE,NONE,False,,,0
8623,1900.0,4250.0,0.0,10.0,1.0,0.0,1.0,1,0,0,NONE,NONE,False,,,0
8624,1950.0,4250.0,0.0,0.085,0.0,0.0,0.0,0,0,0,NONE,NONE,False,,,0
8625,2000.0,4250.0,0.0,0.085,0.0,0.0,0.0,0,0,0,NONE,NONE,False,,,1
8626,2050.0,4250.0,0.0,0.085,0.0,0.0,0.0,0,0,0,NONE,NONE,False,,,2
8627,2100.0,4250.0,0.0,0.085,0.0,0.0,0.0,0,0,0,NONE,NONE,False,,,2
8628,2150.0,4250.0,0.0,0.085,0.0,0.0,0.0,0,0,0,NONE,NONE,False,,,2
8629,2200.0,4250.0,0.0,0.085,0.0,0.0,0.0,0,0,0,NONE,NONE,False,,,2
8630,2250.0,4250.0,0.0,0.085,0.0,0.0,0.0,0,0,0,NONE,NONE,False,,,3
8631,2300.0,4250.0,0.0,0.085,0.0,0.0,0.0,0,0,0,NONE,NONE,False,,,3
8632,2350.0,4250.0,0.0,0.085,0.0,0.0,0.0,0,0,0,NONE,NONE,False,,,4
8633,2400.0,4250.0,0.0,0.085,0.0,0.0,0.0,0,0,0,NONE,NONE,False,,,3
8634,2450.0,4250.0,0.0,0.085,0.0,0.0,0.0,0,0,0,NONE,NONE,False,,,4
8635,2500.0,4250.0,0.0,0.085,0.0,0.0,0.0,0,0,0,NONE,NONE,False,,,4
8636,2550.0,4250.0,0.0,0.085,0.0,0.0,0.0,0,0,0,NONE,NONE,False,,,3
8637,2600.0,4250.0,0.0,0.085,0.0,0.0,0.0,0,0,0,NONE,NONE,False,,,3
8638,2650.0,4250.0,0.0,0.085,0.0,0.0,0.0,0,0,0,NONE,NONE,False,,,2
8639,2700.0,4250.0,0.0,0.085,0.0,0.0,0.0,0,0,0,NONE,NONE,False,,,1
8640,2750.0,4250.0,0.0,10.0,0.0,1.0,1.0,0,1,0,NONE,NONE,False,,,0
8641,2800.0,4250.0,0.0,10.0,0.0,1.0,1.0,0,1,0,NONE,NONE,False,,,0
8642,2850.0,4250.0,0.0,10.0,0.0,1.0,1.0,0,1,0,NONE,NONE,False,,,0
8643,2900.0,4250.0,0.0,10.0,0.0,1.0,1.0,0,1,0,NONE,NONE,False,,,0
8644,2950.0,4250.0,0.0,10.0,0.0,1.0,1.0,0,1,0,NONE,NONE,False,,,0
8645,3000.0,4250.0,0.0,10.0,0.0,1.0,1.0,0,1,0,NONE,NONE,False,,,0
8646,3050.0,4250.0,0.0,10.0,0.0,1.0,1.0,0,1,0,NONE,NONE,False,,,0
8647,3100.0,4250.0,0.0,10.0,0.0,1.0,1.0,0,1,0,NONE,NONE,False,,,0
8648,3150.0,4250.0,0.0,10.0,0.0,1.0,1.0,0,1,0,NONE,NONE,False,,,0
8649,3200.0,4250.0,0.0,10.0,0.0,1.0,1.0,0,1,0,NONE,NONE,False,,,0
8650,3250.0,4250.0,0.0,10.0,0.0,1.0,1.0,0,1,0,NONE,NONE,False,,,0
8651,3300.0,4250.0,0.0,0.085,0.0,0.0,0.0,0,0,0,NONE,NONE,False,,,1
8652,3350.0,4250.0,0.0,0.085,0.0,0.0,0.0,0,0,0,NONE,NONE,False,,,1
8653,3400.0,4250.0,0.0,0.085,0.0,0.0,0.0,0,0,0,NONE,NONE,False,,,2
8654,3450.0,4250.0,0.0,0.085,0.0,0.0,0.0,0,0,0,NONE,NONE,False,,,2
8655,3500.0,4250.0,0.0,0.085,0.0,0.0,0.0,0,0,0,NONE,NONE,False,,,2
8656,3550.0,4250.0,0.0,0.085,0.0,0.0,0.0,0,0,0,NONE,NONE,False,,,3
8657,3600.0,4250.0,0.0,0.085,0.0,0.0,0.0,0,0,0,NONE,NONE,False,,,3
8658,3650.0,4250.0,0.0,0.085,0.0,0.0,0.0,0,0,0,NONE,NONE,False,,,3
8659,3700.0,4250.0,0.0,0.085,0.0,0.0,0.0,0,0,0,NONE,NONE,False,,,3
8660,3750.0,4250.0,0.0,0.085,0.0,0.0,0.0,0,0,0,NONE,NONE,False,,,3
8661,3800.0,4250.0,0.0,0.085,0.0,0.0,0.0,0,0,0,NONE,NONE,False,,,4
8662,3850.0,4250.0,0.0,0.085,0.0,0.0,0.0,0,0,0,NONE,NONE,False,,,4
8663,3900.0,4250.0,0.0,0.085,0.0,0.0,0.0,0,0,0,NONE,NONE,False,,,4
8664,3950.0,4250.0,0.0,0.085,0.0,0.0,0.0,0,0,0,NONE,NONE,False,,,5
8665,4000.0,4250.0,0.0,0.085,0.0,0.0,0.0,0,0,0,NONE,NONE,False,,,5
8666,4050.0,4250.0,0.0,0.085,0.0,0.0,0.0,0,0,0,NONE,NONE,False,,,4
8667,4100.0,4250.0,0.0,0.085,0.0,0.0,0.0,0,0,0,NONE,NONE,False,,,5
8668,4150.0,4250.0,0.0,0.085,0.0,0.0,0.0,0,0,0,NONE,NONE,False,,,4
8669,4200.0,4250.0,0.0,0.085,0.0,0.0,0.0,0,0,0,NONE,NONE,False,,,3
8670,4250.0,4250.0,0.0,0.085,0.0,0.0,0.0,0,0,0,NONE,NONE,False,,,4
8671,4300.0,4250.0,0.0,0.085,0.0,0.0,0.0,0,0,0,NONE,NONE,False,,,4
8672,4350.0,4250.0,0.0,0.085,0.0,0.0,0.0,0,0,0,NONE,NONE,False,,,3
8673,4400.0,4250.0,0.0,0.085,0.0,0.0,0.0,0,0,0,NONE,NONE,False,,,3
8674,4450.0,4250.0,0.0,0.085,0.0,0.0,0.0,0,0,0,NONE,NONE,False,,,2
8675,4500.0,4250.0,0.0,0.085,0.0,0.0,0.0,0,0,0,NONE,NONE,False,,,2
8676,4550.0,4250.0,0.0,0.085,0.0,0.0,0.0,0,0,0,NONE,NONE,False,,,3
8677,4600.0,4250.0,0.0,0.085,0.0,0.0,0.0,0,0,0,NONE,NONE,False,,,2
8678,4650.0,4250.0,0.0,0.085,0.0,0.0,0.0,0,0,0,NONE,NONE,False,,,2
8679,4700.0,4250.0,0.0,0.085,0.0,0.0,0.0,0,0,0,NONE,NONE,False,,,3
8680,4750.0,4250.0,0.0,0.085,0.0,0.0,0.0,0,0,0,NONE,NONE,False,,,2
8681,4800.0,4250.0,0.0,0.085,0.0,0.0,0.0,0,0,0,NONE,NONE,False,,,2
8682,4850.0,4250.0,0.0,0.085,0.0,0.0,0.0,0,0,0,NONE,NONE,False,,,2
8683,4900.0,4250.0,0.0,0.085,0.0,0.0,0.0,0,0,0,NONE,NONE,False,,,1
8684,4950.0,4250.0,0.0,0.085,0.0,0.0,0.0,0,0,0,NONE,NONE,False,,,1
8685,5000.0,4250.0,0.0,0.085,0.0,0.0,0.0,0,0,0,NONE,NONE,False,,,1
8686,0.0,4300.0,0.0,0.085,0.0,0.0,0.0,0,0,0,NONE,NONE,False,,,2
8687,50.0,4300.0,0.0,0.085,0.0,0.0,0.0,0,0,0,NONE,NONE,False,,,2
8688,100.0,4300.0,0.0,0.085,0.0,0.0,0.0,0,0,0,NONE,NONE,False,,,3
8689,150.0,4300.0,0.0,0.085,0.0,0.0,0.0,0,0,0,NONE,NONE,False,,,3
8690,200.0,4300.0,0.0,0.085,0.0,0.0,0.0,0,0,0,NONE,NONE,False,,,2
8691,250.0,4300.0,0.0,0.085,0.0,0.0,0.0,0,0,0,NONE,NONE,False,,,2
8692,300.0,4300.0,0.0,0.085,0.0,0.0,0.0,0,0,0,NONE,NONE,False,,,3
8693,350.0,4300.0,0.0,0.085,0.0,0.0,0.0,0,0,0,NONE,NONE,False,,,2
8694,400.0,4300.0,0.0,0.085,0.0,0.0,0.0,0,0,0,NONE,NONE,False,,,2
8695,450.0,4300.0,0.0,10.0,1.0,0.0,1.0,1,0,0,NONE,NONE,False,,,0
8696,500.0,4300.0,0.0,10.0,1.0,0.0,1.0,1,0,0,NONE,NONE,False,,,0
8697,550.0,4300.0,0.0,10.0,1.0,0.0,1.0,1,0,0,NONE,NONE,False,,,0
8698,600.0,4300.0,0.0,10.0,1.0,0.0,1.0,1,0,0,NONE,NONE,False,,,0
8699,650.0,4300.0,0.0,10.0,1.0,0.0,1.0,1,0,0,NONE,NONE,False,,,0
8700,700.0,4300.0,0.0,0.085,0.0,0.0,0.0,0,0,0,NONE,NONE,False,,,3
8701,750.0,4300.0,0.0,0.085,0.0,0.0,0.0,0,0,0,NONE,NONE,False,,,2
8702,800.0,4300.0,0.0,0.085,0.0,0.0,0.0,0,0,0,NONE,NONE,False,,,2
8703,850.0,4300.0,0.0,10.0,1.0,0.0,1.0,1,0,0,NONE,NONE,False,,,0
8704,900.0,4300.0,0.0,10.0,1.0,0.0,1.0,1,0,0,NONE,NONE,False,,,0
8705,950.0,4300.0,0.0,10.0,1.0,0.0,1.0,1,0,0,NONE,NONE,False,,,0
8706,1000.0,4300.0,0.0,0.085,0.0,0.0,0.0,0,0,0,NONE,NONE,False,,,8
8707,1050.0,4300.0,0.0,0.085,0.0,0.0,0.0,0,0,0,NONE,NONE,False,,,8
8708,1100.0,4300.0,0.0,0.085,0.0,0.0,0.0,0,0,0,NONE,NONE,False,,,8
8709,1150.0,4300.0,0.0,0.085,0.0,0.0,0.0,0,0,0,NONE,NONE,False,,,8
8710,1200.0,4300.0,0.0,10.0,1.0,0.0,1.0,1,0,0,NONE,NONE,False,,,0
8711,1250.0,4300.0,0.0,10.0,1.0,0.0,1.0,1,0,0,NONE,NONE,False,,,0
8712,1300.0,4300.0,0.0,10.0,1.0,0.0,1.0,1,0,0,NONE,NONE,False,,,0
8713,1350.0,4300.0,0.0,10.0,1.0,0.0,1.0,1,0,0,NONE,NONE,False,,,0
8714,1400.0,4300.0,0.0,10.0,1.0,0.0,1.0,1,0,0,NONE,NONE,False,,,0
8715,1450.0,4300.0,0.0,10.0,1.0,0.0,1.0,1,0,0,NONE,NONE,False,,,0
8716,1500.0,4300.0,0.0,10.0,1.0,0.0,1.0,1,0,0,NONE,NONE,False,,,0
8717,1550.0,4300.0,0.0,10.0,1.0,0.0,1.0,1,0,0,NONE,NONE,False,,,0
8718,1600.0,4300.0,0.0,10.0,1.0,0.0,1.0,1,0,0,NONE,NONE,False,,,0
8719,1650.0,4300.0,0.0,10.0,1.0,0.0,1.0,1,0,0,NONE,NONE,False,,,0
8720,1700.0,4300.0,0.0,10.0,1.0,0.0,1.0,1,0,0,NONE,NONE,False,,,0
8721,1750.0,4300.0,0.0,10.0,1.0,0.0,1.0,1,0,0,NONE,NONE,False,,,0
8722,1800.0,4300.0,0.0,10.0,1.0,0.0,1.0,1,0,0,NONE,NONE,False,,,0
8723,1850.0,4300.0,0.0,10.0,1.0,0.0,1.0,1,0,0,NONE,NONE,False,,,0
8724,1900.0,4300.0,0.0,10.0,1.0,0.0,1.0,1,0,0,NONE,NONE,False,,,0
8725,1950.0,4300.0,0.0,0.085,0.0,0.0,0.0,0,0,0,NONE,NONE,False,,,0
8726,2000.0,4300.0,0.0,0.085,0.0,0.0,0.0,0,0,0,NONE,NONE,False,,,0
8727,2050.0,4300.0,0.0,0.085,0.0,0.0,0.0,0,0,0,NONE,NONE,False,,,1
8728,2100.0,4300.0,0.0,0.085,0.0,0.0,0.0,0,0,0,NONE,NONE,False,,,2
8729,2150.0,4300.0,0.0,0.085,0.0,0.0,0.0,0,0,0,NONE,NONE,False,,,2
8730,2200.0,4300.0,0.0,0.085,0.0,0.0,0.0,0,0,0,NONE,NONE,False,,,2
8731,2250.0,4300.0,0.0,0.085,0.0,0.0,0.0,0,0,0,NONE,NONE,False,,,2
8732,2300.0,4300.0,0.0,0.085,0.0,0.0,0.0,0,0,0,NONE,NONE,False,,,3
8733,2350.0,4300.0,0.0,0.085,0.0,0.0,0.0,0,0,0,NONE,NONE,False,,,4
8734,2400.0,4300.0,0.0,0.085,0.0,0.0,0.0,0,0,0,NONE,NONE,False,,,4
8735,2450.0,4300.0,0.0,0.085,0.0,0.0,0.0,0,0,0,NONE,NONE,False,,,4
8736,2500.0,4300.0,0.0,0.085,0.0,0.0,0.0,0,0,0,NONE,NONE,False,,,4
8737,2550.0,4300.0,0.0,0.085,0.0,0.0,0.0,0,0,0,NONE,NONE,False,,,4
8738,2600.0,4300.0,0.0,0.085,0.0,0.0,0.0,0,0,0,NONE,NONE,False,,,2
8739,2650.0,4300.0,0.0,0.085,0.0,0.0,0.0,0,0,0,NONE,NONE,False,,,2
8740,2700.0,4300.0,0.0,0.085,0.0,0.0,0.0,0,0,0,NONE,NONE,False,,,2
8741,2750.0,4300.0,0.0,0.085,0.0,0.0,0.0,0,0,0,NONE,NONE,False,,,0
8742,2800.0,4300.0,0.0,10.0,0.0,1.0,1.0,0,1,0,NONE,NONE,False,,,0
8743,2850.0,4300.0,0.0,10.0,0.0,1.0,1.0,0,1,0,NONE,NONE,False,,,0
8744,2900.0,4300.0,0.0,10.0,0.0,1.0,1.0,0,1,0,NONE,NONE,False,,,0
8745,2950.0,4300.0,0.0,10.0,0.0,1.0,1.0,0,1,0,NONE,NONE,False,,,0
8746,3000.0,4300.0,0.0,10.0,0.0,1.0,1.0,0,1,0,NONE,NONE,False,,,0
8747,3050.0,4300.0,0.0,10.0,0.0,1.0,1.0,0,1,0,NONE,NONE,False,,,0
8748,3100.0,4300.0,0.0,10.0,0.0,1.0,1.0,0,1,0,NONE,NONE,False,,,0
8749,3150.0,4300.0,0.0,10.0,0.0,1.0,1.0,0,1,0,NONE,NONE,False,,,0
8750,3200.0,4300.0,0.0,10.0,0.0,1.0,1.0,0,1,0,NONE,NONE,False,,,0
8751,3250.0,4300.0,0.0,0.085,0.0,0.0,0.0,0,0,0,NONE,NONE,False,,,1
8752,3300.0,4300.0,0.0,0.085,0.0,0.0,0.0,0,0,0,NONE,NONE,False,,,2
8753,3350.0,4300.0,0.0,0.085,0.0,0.0,0.0,0,0,0,NONE,NONE,False,,,2
8754,3400.0,4300.0,0.0,0.085,0.0,0.0,0.0,0,0,0,NONE,NONE,False,,,2
8755,3450.0,4300.0,0.0,0.085,0.0,0.0,0.0,0,0,0,NONE,NONE,False,,,3
8756,3500.0,4300.0,0.0,0.085,0.0,0.0,0.0,0,0,0,NONE,NONE,False,,,3
8757,3550.0,4300.0,0.0,0.085,0.0,0.0,0.0,0,0,0,NONE,NONE,False,,,3
8758,3600.0,4300.0,0.0,0.085,0.0,0.0,0.0,0,0,0,NONE,NONE,False,,,3
8759,3650.0,4300.0,0.0,0.085,0.0,0.0,0.0,0,0,0,NONE,NONE,False,,,3
8760,3700.0,4300.0,0.0,0.085,0.0,0.0,0.0,0,0,0,NONE,NONE,False,,,5
8761,3750.0,4300.0,0.0,0.085,0.0,0.0,0.0,0,0,0,NONE,NONE,False,,,5
8762,3800.0,4300.0,0.0,0.085,0.0,0.0,0.0,0,0,0,NONE,NONE,False,,,4
8763,3850.0,4300.0,0.0,0.085,0.0,0.0,0.0,0,0,0,NONE,NONE,False,,,4
8764,3900.0,4300.0,0.0,0.085,0.0,0.0,0.0,0,0,0,NONE,NONE,False,,,5
8765,3950.0,4300.0,0.0,0.085,0.0,0.0,0.0,0,0,0,NONE,NONE,False,,,5
8766,4000.0,4300.0,0.0,0.085,0.0,0.0,0.0,0,0,0,NONE,NONE,False,,,4
8767,4050.0,4300.0,0.0,0.085,0.0,0.0,0.0,0,0,0,NONE,NONE,False,,,5
8768,4100.0,4300.0,0.0,0.085,0.0,0.0,0.0,0,0,0,NONE,NONE,False,,,4
8769,4150.0,4300.0,0.0,0.085,0.0,0.0,0.0,0,0,0,NONE,NONE,False,,,3
8770,4200.0,4300.0,0.0,0.085,0.0,0.0,0.0,0,0,0,NONE,NONE,False,,,4
8771,4250.0,4300.0,0.0,0.085,0.0,0.0,0.0,0,0,0,NONE,NONE,False,,,4
8772,4300.0,4300.0,0.0,0.085,0.0,0.0,0.0,0,0,0,NONE,NONE,False,,,4
8773,4350.0,4300.0,0.0,0.085,0.0,0.0,0.0,0,0,0,NONE,NONE,False,,,3
8774,4400.0,4300.0,0.0,0.085,0.0,0.0,0.0,0,0,0,NONE,NONE,False,,,2
8775,4450.0,4300.0,0.0,0.085,0.0,0.0,0.0,0,0,0,NONE,NONE,False,,,2
8776,4500.0,4300.0,0.0,0.085,0.0,0.0,0.0,0,0,0,NONE,NONE,False,,,3
8777,4550.0,4300.0,0.0,0.085,0.0,0.0,0.0,0,0,0,NONE,NONE,False,,,2
8778,4600.0,4300.0,0.0,0.085,0.0,0.0,0.0,0,0,0,NONE,NONE,False,,,1
8779,4650.0,4300.0,0.0,0.085,0.0,0.0,0.0,0,0,0,NONE,NONE,False,,,2
8780,4700.0,4300.0,0.0,0.085,0.0,0.0,0.0,0,0,0,NONE,NONE,False,,,2
8781,4750.0,4300.0,0.0,0.085,0.0,0.0,0.0,0,0,0,NONE,NONE,False,,,2
8782,4800.0,4300.0,0.0,0.085,0.0,0.0,0.0,0,0,0,NONE,NONE,False,,,2
8783,4850.0,4300.0,0.0,0.085,0.0,0.0,0.0,0,0,0,NONE,NONE,False,,,1
8784,4900.0,4300.0,0.0,0.085,0.0,0.0,0.0,0,0,0,NONE,NONE,False,,,1
8785,4950.0,4300.0,0.0,0.085,0.0,0.0,0.0,0,0,0,NONE,NONE,False,,,1
8786,5000.0,4300.0,0.0,0.085,0.0,0.0,0.0,0,0,0,NONE,NONE,False,,,0
8787,0.0,4350.0,0.0,0.085,0.0,0.0,0.0,0,0,0,NONE,NONE,False,,,2
8788,50.0,4350.0,0.0,0.085,0.0,0.0,0.0,0,0,0,NONE,NONE,False,,,3
8789,100.0,4350.0,0.0,0.085,0.0,0.0,0.0,0,0,0,NONE,NONE,False,,,3
8790,150.0,4350.0,0.0,0.085,0.0,0.0,0.0,0,0,0,NONE,NONE,False,,,3
8791,200.0,4350.0,0.0,0.085,0.0,0.0,0.0,0,0,0,NONE,NONE,False,,,3
8792,250.0,4350.0,0.0,0.085,0.0,0.0,0.0,0,0,0,NONE,NONE,False,,,1
8793,300.0,4350.0,0.0,0.085,0.0,0.0,0.0,0,0,0,NONE,NONE,False,,,1
8794,350.0,4350.0,0.0,0.085,0.0,0.0,0.0,0,0,0,NONE,NONE,False,,,1
8795,400.0,4350.0,0.0,10.0,1.0,0.0,1.0,1,0,0,NONE,NONE,False,,,0
8796,450.0,4350.0,0.0,10.0,1.0,0.0,1.0,1,0,0,NONE,NONE,False,,,0
8797,500.0,4350.0,0.0,10.0,1.0,0.0,1.0,1,0,0,NONE,NONE,False,,,0
8798,550.0,4350.0,0.0,10.0,1.0,0.0,1.0,1,0,0,NONE,NONE,False,,,0
8799,600.0,4350.0,0.0,10.0,1.0,0.0,1.0,1,0,0,NONE,NONE,False,,,0
8800,650.0,4350.0,0.0,10.0,1.0,0.0,1.0,1,0,0,NONE,NONE,False,,,0
8801,700.0,4350.0,0.0,10.0,1.0,0.0,1.0,1,0,0,NONE,NONE,False,,,0
8802,750.0,4350.0,0.0,0.085,0.0,0.0,0.0,0,0,0,NONE,NONE,False,,,0
8803,800.0,4350.0,0.0,0.085,0.0,0.0,0.0,0,0,0,NONE,NONE,False,,,0
8804,850.0,4350.0,0.0,10.0,1.0,0.0,1.0,1,0,0,NONE,NONE,False,,,0
8805,900.0,4350.0,0.0,10.0,1.0,0.0,1.0,1,0,0,NONE,NONE,False,,,0
8806,950.0,4350.0,0.0,10.0,1.0,0.0,1.0,1,0,0,NONE,NONE,False,,,0
8807,1000.0,4350.0,0.0,0.085,0.0,0.0,0.0,0,0,0,NONE,NONE,False,,,8
8808,1050.0,4350.0,0.0,0.085,0.0,0.0,0.0,0,0,0,NONE,NONE,True,minor,TN17,8
8809,1100.0,4350.0,0.0,0.085,0.0,0.0,0.0,0,0,0,NONE,NONE,False,,,8
8810,1150.0,4350.0,0.0,0.085,0.0,0.0,0.0,0,0,0,NONE,NONE,False,,,8
8811,1200.0,4350.0,0.0,10.0,1.0,0.0,1.0,1,0,0,NONE,NONE,False,,,0
8812,1250.0,4350.0,0.0,10.0,1.0,0.0,1.0,1,0,0,NONE,NONE,False,,,0
8813,1300.0,4350.0,0.0,10.0,1.0,0.0,1.0,1,0,0,NONE,NONE,False,,,0
8814,1350.0,4350.0,0.0,10.0,1.0,0.0,1.0,1,0,0,NONE,NONE,False,,,0
8815,1400.0,4350.0,0.0,10.0,1.0,0.0,1.0,1,0,0,NONE,NONE,False,,,0
8816,1450.0,4350.0,0.0,10.0,1.0,0.0,1.0,1,0,0,NONE,NONE,False,,,0
8817,1500.0,4350.0,0.0,10.0,1.0,0.0,1.0,1,0,0,NONE,NONE,False,,,0
8818,1550.0,4350.0,0.0,10.0,1.0,0.0,1.0,1,0,0,NONE,NONE,False,,,0
8819,1600.0,4350.0,0.0,10.0,1.0,0.0,1.0,1,0,0,NONE,NONE,False,,,0
8820,1650.0,4350.0,0.0,10.0,1.0,0.0,1.0,1,0,0,NONE,NONE,False,,,0
8821,1700.0,4350.0,0.0,10.0,1.0,0.0,1.0,1,0,0,NONE,NONE,False,,,0
8822,1750.0,4350.0,0.0,10.0,1.0,0.0,1.0,1,0,0,NONE,NONE,False,,,0
8823,1800.0,4350.0,0.0,10.0,1.0,0.0,1.0,1,0,0,NONE,NONE,False,,,0
8824,1850.0,4350.0,0.0,10.0,1.0,0.0,1.0,1,0,0,NONE,NONE,False,,,0
8825,1900.0,4350.0,0.0,0.085,0.0,0.0,0.0,0,0,0,NONE,NONE,False,,,0
8826,1950.0,4350.0,0.0,0.085,0.0,0.0,0.0,0,0,0,NONE,NONE,False,,,0
8827,2000.0,4350.0,0.0,0.085,0.0,0.0,0.0,0,0,0,NONE,NONE,False,,,0
8828,2050.0,4350.0,0.0,0.085,0.0,0.0,0.0,0,0,0,NONE,NONE,False,,,0
8829,2100.0,4350.0,0.0,0.085,0.0,0.0,0.0,0,0,0,NONE,NONE,False,,,0
8830,2150.0,4350.0,0.0,0.085,0.0,0.0,0.0,0,0,0,NONE,NONE,False,,,1
8831,2200.0,4350.0,0.0,0.085,0.0,0.0,0.0,0,0,0,NONE,NONE,False,,,1
8832,2250.0,4350.0,0.0,0.085,0.0,0.0,0.0,0,0,0,NONE,NONE,False,,,1
8833,2300.0,4350.0,0.0,0.085,0.0,0.0,0.0,0,0,0,NONE,NONE,False,,,3
8834,2350.0,4350.0,0.0,0.085,0.0,0.0,0.0,0,0,0,NONE,NONE,False,,,3
8835,2400.0,4350.0,0.0,0.085,0.0,0.0,0.0,0,0,0,NONE,NONE,False,,,3
8836,2450.0,4350.0,0.0,0.085,0.0,0.0,0.0,0,0,0,NONE,NONE,True,minor,TN33,5
8837,2500.0,4350.0,0.0,0.085,0.0,0.0,0.0,0,0,0,NONE,NONE,False,,,4
8838,2550.0,4350.0,0.0,0.085,0.0,0.0,0.0,0,0,0,NONE,NONE,False,,,4
8839,2600.0,4350.0,0.0,0.085,0.0,0.0,0.0,0,0,0,NONE,NONE,False,,,3
8840,2650.0,4350.0,0.0,0.085,0.0,0.0,0.0,0,0,0,NONE,NONE,False,,,2
8841,2700.0,4350.0,0.0,0.085,0.0,0.0,0.0,0,0,0,NONE,NONE,False,,,1
8842,2750.0,4350.0,0.0,0.085,0.0,0.0,0.0,0,0,0,NONE,NONE,False,,,1
8843,2800.0,4350.0,0.0,10.0,0.0,1.0,1.0,0,1,0,NONE,NONE,False,,,0
8844,2850.0,4350.0,0.0,10.0,0.0,1.0,1.0,0,1,0,NONE,NONE,False,,,0
8845,2900.0,4350.0,0.0,10.0,0.0,1.0,1.0,0,1,0,NONE,NONE,False,,,0
8846,2950.0,4350.0,0.0,10.0,0.0,1.0,1.0,0,1,0,NONE,NONE,False,,,0
8847,3000.0,4350.0,0.0,10.0,0.0,1.0,1.0,0,1,0,NONE,NONE,False,,,0
8848,3050.0,4350.0,0.0,10.0,0.0,1.0,1.0,0,1,0,NONE,NONE,False,,,0
8849,3100.0,4350.0,0.0,10.0,0.0,1.0,1.0,0,1,0,NONE,NONE,False,,,0
8850,3150.0,4350.0,0.0,10.0,0.0,1.0,1.0,0,1,0,NONE,NONE,False,,,0
8851,3200.0,4350.0,0.0,10.0,0.0,1.0,1.0,0,1,0,NONE,NONE,False,,,0
8852,3250.0,4350.0,0.0,0.085,0.0,0.0,0.0,0,0,0,NONE,NONE,False,,,2
8853,3300.0,4350.0,0.0,0.085,0.0,0.0,0.0,0,0,0,NONE,NONE,False,,,2
8854,3350.0,4350.0,0.0,0.085,0.0,0.0,0.0,0,0,0,NONE,NONE,False,,,2
8855,3400.0,4350.0,0.0,0.085,0.0,0.0,0.0,0,0,0,NONE,NONE,False,,,2
8856,3450.0,4350.0,0.0,0.085,0.0,0.0,0.0,0,0,0,NONE,NONE,False,,,2
8857,3500.0,4350.0,0.0,0.085,0.0,0.0,0.0,0,0,0,NONE,NONE,False,,,3
8858,3550.0,4350.0,0.0,0.085,0.0,0.0,0.0,0,0,0,NONE,NONE,False,,,3
8859,3600.0,4350.0,0.0,0.085,0.0,0.0,0.0,0,0,0,NONE,NONE,False,,,4
8860,3650.0,4350.0,0.0,0.085,0.0,0.0,0.0,0,0,0,NONE,NONE,False,,,5
8861,3700.0,4350.0,0.0,0.085,0.0,0.0,0.0,0,0,0,NONE,NONE,False,,,5
8862,3750.0,4350.0,0.0,0.085,0.0,0.0,0.0,0,0,0,NONE,NONE,False,,,5
8863,3800.0,4350.0,0.0,0.085,0.0,0.0,0.0,0,0,0,NONE,NONE,False,,,5
8864,3850.0,4350.0,0.0,0.085,0.0,0.0,0.0,0,0,0,NONE,NONE,False,,,5
8865,3900.0,4350.0,0.0,0.085,0.0,0.0,0.0,0,0,0,NONE,NONE,False,,,5
8866,3950.0,4350.0,0.0,0.085,0.0,0.0,0.0,0,0,0,NONE,NONE,False,,,3
8867,4000.0,4350.0,0.0,0.085,0.0,0.0,0.0,0,0,0,NONE,NONE,False,,,5
8868,4050.0,4350.0,0.0,0.085,0.0,0.0,0.0,0,0,0,NONE,NONE,False,,,4
8869,4100.0,4350.0,0.0,0.085,0.0,0.0,0.0,0,0,0,NONE,NONE,False,,,3
8870,4150.0,4350.0,0.0,0.085,0.0,0.0,0.0,0,0,0,NONE,NONE,False,,,4
8871,4200.0,4350.0,0.0,0.085,0.0,0.0,0.0,0,0,0,NONE,NONE,False,,,4
8872,4250.0,4350.0,0.0,0.085,0.0,0.0,0.0,0,0,0,NONE,NONE,False,,,4
8873,4300.0,4350.0,0.0,0.085,0.0,0.0,0.0,0,0,0,NONE,NONE,False,,,3
8874,4350.0,4350.0,0.0,0.085,0.0,0.0,0.0,0,0,0,NONE,NONE,False,,,2
8875,4400.0,4350.0,0.0,0.085,0.0,0.0,0.0,0,0,0,NONE,NONE,False,,,2
8876,4450.0,4350.0,0.0,0.085,0.0,0.0,0.0,0,0,0,NONE,NONE,False,,,3
8877,4500.0,4350.0,0.0,0.085,0.0,0.0,0.0,0,0,0,NONE,NONE,False,,,2
8878,4550.0,4350.0,0.0,0.085,0.0,0.0,0.0,0,0,0,NONE,NONE,False,,,1
8879,4600.0,4350.0,0.0,0.085,0.0,0.0,0.0,0,0,0,NONE,NONE,False,,,2
8880,4650.0,4350.0,0.0,0.085,0.0,0.0,0.0,0,0,0,NONE,NONE,False,,,2
8881,4700.0,4350.0,0.0,0.085,0.0,0.0,0.0,0,0,0,NONE,NONE,False,,,2
8882,4750.0,4350.0,0.0,0.085,0.0,0.0,0.0,0,0,0,NONE,NONE,False,,,2
8883,4800.0,4350.0,0.0,0.085,0.0,0.0,0.0,0,0,0,NONE,NONE,False,,,1
8884,4850.0,4350.0,0.0,0.085,0.0,0.0,0.0,0,0,0,NONE,NONE,False,,,1
8885,4900.0,4350.0,0.0,0.085,0.0,0.0,0.0,0,0,0,NONE,NONE,False,,,1
8886,4950.0,4350.0,0.0,0.085,0.0,0.0,0.0,0,0,0,NONE,NONE,False,,,0
8887,5000.0,4350.0,0.0,0.085,0.0,0.0,0.0,0,0,0,NONE,NONE,False,,,0
8888,0.0,4400.0,0.0,0.085,0.0,0.0,0.0,0,0,0,NONE,NONE,False,,,3
8889,50.0,4400.0,0.0,0.085,0.0,0.0,0.0,0,0,0,NONE,NONE,False,,,3
8890,100.0,4400.0,0.0,0.085,0.0,0.0,0.0,0,0,0,NONE,NONE,False,,,3
8891,150.0,4400.0,0.0,0.085,0.0,0.0,0.0,0,0,0,NONE,NONE,False,,,3
8892,200.0,4400.0,0.0,0.085,0.0,0.0,0.0,0,0,0,NONE,NONE,False,,,2
8893,250.0,4400.0,0.0,0.085,0.0,0.0,0.0,0,0,0,NONE,NONE,False,,,2
8894,300.0,4400.0,0.0,0.085,0.0,0.0,0.0,0,0,0,NONE,NONE,False,,,1
8895,350.0,4400.0,0.0,0.085,0.0,0.0,0.0,0,0,0,NONE,NONE,False,,,0
8896,400.0,4400.0,0.0,10.0,1.0,0.0,1.0,1,0,0,NONE,NONE,False,,,0
8897,450.0,4400.0,0.0,10.0,1.0,0.0,1.0,1,0,0,NONE,NONE,False,,,0
8898,500.0,4400.0,0.0,10.0,1.0,0.0,1.0,1,0,0,NONE,NONE,False,,,0
8899,550.0,4400.0,0.0,10.0,1.0,0.0,1.0,1,0,0,NONE,NONE,False,,,0
8900,600.0,4400.0,0.0,10.0,1.0,0.0,1.0,1,0,0,NONE,NONE,False,,,0
8901,650.0,4400.0,0.0,10.0,1.0,0.0,1.0,1,0,0,NONE,NONE,False,,,0
8902,700.0,4400.0,0.0,10.0,1.0,0.0,1.0,1,0,0,NONE,NONE,False,,,0
8903,750.0,4400.0,0.0,0.085,0.0,0.0,0.0,0,0,0,NONE,NONE,False,,,0
8904,800.0,4400.0,0.0,0.085,0.0,0.0,0.0,0,0,0,NONE,NONE,False,,,0
8905,850.0,4400.0,0.0,0.085,0.0,0.0,0.0,0,0,0,NONE,NONE,False,,,0
8906,900.0,4400.0,0.0,0.085,0.0,0.0,0.0,0,0,0,NONE,NONE,False,,,4
8907,950.0,4400.0,0.0,0.085,0.0,0.0,0.0,0,0,0,NONE,NONE,False,,,4
8908,1000.0,4400.0,0.0,0.085,0.0,0.0,0.0,0,0,0,NONE,NONE,False,,,8
8909,1050.0,4400.0,0.0,0.085,0.0,0.0,0.0,0,0,0,NONE,NONE,False,,,8
8910,1100.0,4400.0,0.0,0.085,0.0,0.0,0.0,0,0,0,NONE,NONE,False,,,8
8911,1150.0,4400.0,0.0,0.085,0.0,0.0,0.0,0,0,0,NONE,NONE,False,,,8
8912,1200.0,4400.0,0.0,0.085,0.0,0.0,0.0,0,0,0,NONE,NONE,False,,,4
8913,1250.0,4400.0,0.0,10.0,1.0,0.0,1.0,1,0,0,NONE,NONE,False,,,0
8914,1300.0,4400.0,0.0,10.0,1.0,0.0,1.0,1,0,0,NONE,NONE,False,,,0
8915,1350.0,4400.0,0.0,10.0,1.0,0.0,1.0,1,0,0,NONE,NONE,False,,,0
8916,1400.0,4400.0,0.0,10.0,1.0,0.0,1.0,1,0,0,NONE,NONE,False,,,0
8917,1450.0,4400.0,0.0,10.0,1.0,0.0,1.0,1,0,0,NONE,NONE,False,,,0
8918,1500.0,4400.0,0.0,10.0,1.0,0.0,1.0,1,0,0,NONE,NONE,False,,,0
8919,1550.0,4400.0,0.0,0.085,0.0,0.0,0.0,0,0,0,NONE,NONE,False,,,1
8920,1600.0,4400.0,0.0,10.0,1.0,0.0,1.0,1,0,0,NONE,NONE,False,,,0
8921,1650.0,4400.0,0.0,10.0,1.0,0.0,1.0,1,0,0,NONE,NONE,False,,,0
8922,1700.0,4400.0,0.0,10.0,1.0,0.0,1.0,1,0,0,NONE,NONE,False,,,0
8923,1750.0,4400.0,0.0,10.0,1.0,0.0,1.0,1,0,0,NONE,NONE,False,,,0
8924,1800.0,4400.0,0.0,10.0,1.0,0.0,1.0,1,0,0,NONE,NONE,False,,,0
8925,1850.0,4400.0,0.0,0.085,0.0,0.0,0.0,0,0,0,NONE,NONE,False,,,0
8926,1900.0,4400.0,0.0,0.085,0.0,0.0,0.0,0,0,0,NONE,NONE,False,,,0
8927,1950.0,4400.0,0.0,0.085,0.0,0.0,0.0,0,0,0,NONE,NONE,False,,,0
8928,2000.0,4400.0,0.0,0.085,0.0,0.0,0.0,0,0,0,NONE,NONE,False,,,0
8929,2050.0,4400.0,0.0,0.085,0.0,0.0,0.0,0,0,0,NONE,NONE,False,,,0
8930,2100.0,4400.0,0.0,0.085,0.0,0.0,0.0,0,0,0,NONE,NONE,False,,,0
8931,2150.0,4400.0,0.0,0.085,0.0,0.0,0.0,0,0,0,NONE,NONE,False,,,0
8932,2200.0,4400.0,0.0,0.085,0.0,0.0,0.0,0,0,0,NONE,NONE,False,,,1
8933,2250.0,4400.0,0.0,0.085,0.0,0.0,0.0,0,0,0,NONE,NONE,False,,,2
8934,2300.0,4400.0,0.0,0.085,0.0,0.0,0.0,0,0,0,NONE,NONE,False,,,2
8935,2350.0,4400.0,0.0,0.085,0.0,0.0,0.0,0,0,0,NONE,NONE,False,,,3
8936,2400.0,4400.0,0.0,0.085,0.0,0.0,0.0,0,0,0,NONE,NONE,False,,,4
8937,2450.0,4400.0,0.0,0.085,0.0,0.0,0.0,0,0,0,NONE,NONE,False,,,4
8938,2500.0,4400.0,0.0,0.085,0.0,0.0,0.0,0,0,0,NONE,NONE,False,,,5
8939,2550.0,4400.0,0.0,0.085,0.0,0.0,0.0,0,0,0,NONE,NONE,False,,,4
8940,2600.0,4400.0,0.0,0.085,0.0,0.0,0.0,0,0,0,NONE,NONE,False,,,3
8941,2650.0,4400.0,0.0,0.085,0.0,0.0,0.0,0,0,0,NONE,NONE,False,,,3
8942,2700.0,4400.0,0.0,0.085,0.0,0.0,0.0,0,0,0,NONE,NONE,False,,,2
8943,2750.0,4400.0,0.0,0.085,0.0,0.0,0.0,0,0,0,NONE,NONE,False,,,2
8944,2800.0,4400.0,0.0,0.085,0.0,0.0,0.0,0,0,0,NONE,NONE,False,,,1
8945,2850.0,4400.0,0.0,10.0,0.0,1.0,1.0,0,1,0,NONE,NONE,False,,,0
8946,2900.0,4400.0,0.0,10.0,0.0,1.0,1.0,0,1,0,NONE,NONE,False,,,0
8947,2950.0,4400.0,0.0,10.0,0.0,1.0,1.0,0,1,0,NONE,NONE,False,,,0
8948,3000.0,4400.0,0.0,10.0,0.0,1.0,1.0,0,1,0,NONE,NONE,False,,,0
8949,3050.0,4400.0,0.0,10.0,0.0,1.0,1.0,0,1,0,NONE,NONE,False,,,0
8950,3100.0,4400.0,0.0,10.0,0.0,1.0,1.0,0,1,0,NONE,NONE,False,,,0
8951,3150.0,4400.0,0.0,10.0,0.0,1.0,1.0,0,1,0,NONE,NONE,False,,,0
8952,3200.0,4400.0,0.0,0.085,0.0,0.0,0.0,0,0,0,NONE,NONE,False,,,2
8953,3250.0,4400.0,0.0,0.085,0.0,0.0,0.0,0,0,0,NONE,NONE,False,,,2
8954,3300.0,4400.0,0.0,0.085,0.0,0.0,0.0,0,0,0,NONE,NONE,False,,,2
8955,3350.0,4400.0,0.0,0.085,0.0,0.0,0.0,0,0,0,NONE,NONE,False,,,3
8956,3400.0,4400.0,0.0,0.085,0.0,0.0,0.0,0,0,0,NONE,NONE,False,,,3
8957,3450.0,4400.0,0.0,0.085,0.0,0.0,0.0,0,0,0,NONE,NONE,False,,,3
8958,3500.0,4400.0,0.0,0.085,0.0,0.0,0.0,0,0,0,NONE,NONE,False,,,3
8959,3550.0,4400.0,0.0,0.085,0.0,0.0,0.0,0,0,0,NONE,NONE,False,,,5
8960,3600.0,4400.0,0.0,0.085,0.0,0.0,0.0,0,0,0,NONE,NONE,False,,,5
8961,3650.0,4400.0,0.0,0.085,0.0,0.0,0.0,0,0,0,NONE,NONE,False,,,5
8962,3700.0,4400.0,0.0,0.085,0.0,0.0,0.0,0,0,0,NONE,NONE,False,,,5
8963,3750.0,4400.0,0.0,0.085,0.0,0.0,0.0,0,0,0,NONE,NONE,True,minor,TN27,6
8964,3800.0,4400.0,0.0,0.085,0.0,0.0,0.0,0,0,0,NONE,NONE,False,,,6
8965,3850.0,4400.0,0.0,0.085,0.0,0.0,0.0,0,0,0,NONE,NONE,False,,,6
8966,3900.0,4400.0,0.0,0.085,0.0,0.0,0.0,0,0,0,NONE,NONE,False,,,3
8967,3950.0,4400.0,0.0,0.085,0.0,0.0,0.0,0,0,0,NONE,NONE,False,,,4
8968,4000.0,4400.0,0.0,0.085,0.0,0.0,0.0,0,0,0,NONE,NONE,False,,,4
8969,4050.0,4400.0,0.0,0.085,0.0,0.0,0.0,0,0,0,NONE,NONE,False,,,3
8970,4100.0,4400.0,0.0,0.085,0.0,0.0,0.0,0,0,0,NONE,NONE,False,,,4
8971,4150.0,4400.0,0.0,0.085,0.0,0.0,0.0,0,0,0,NONE,NONE,False,,,4
8972,4200.0,4400.0,0.0,0.085,0.0,0.0,0.0,0,0,0,NONE,NONE,False,,,4
8973,4250.0,4400.0,0.0,0.085,0.0,0.0,0.0,0,0,0,NONE,NONE,False,,,4
8974,4300.0,4400.0,0.0,0.085,0.0,0.0,0.0,0,0,0,NONE,NONE,False,,,2
8975,4350.0,4400.0,0.0,0.085,0.0,0.0,0.0,0,0,0,NONE,NONE,False,,,2
8976,4400.0,4400.0,0.0,0.085,0.0,0.0,0.0,0,0,0,NONE,NONE,False,,,3
8977,4450.0,4400.0,0.0,0.085,0.0,0.0,0.0,0,0,0,NONE,NONE,False,,,2
8978,4500.0,4400.0,0.0,0.085,0.0,0.0,0.0,0,0,0,NONE,NONE,False,,,1
8979,4550.0,4400.0,0.0,0.085,0.0,0.0,0.0,0,0,0,NONE,NONE,False,,,2
8980,4600.0,4400.0,0.0,0.085,0.0,0.0,0.0,0,0,0,NONE,NONE,False,,,2
8981,4650.0,4400.0,0.0,0.085,0.0,0.0,0.0,0,0,0,NONE,NONE,False,,,2
8982,4700.0,4400.0,0.0,0.085,0.0,0.0,0.0,0,0,0,NONE,NONE,False,,,2
8983,4750.0,4400.0,0.0,0.085,0.0,0.0,0.0,0,0,0,NONE,NONE,False,,,1
8984,4800.0,4400.0,0.0,0.085,0.0,0.0,0.0,0,0,0,NONE,NONE,False,,,1
8985,4850.0,4400.0,0.0,0.085,0.0,0.0,0.0,0,0,0,NONE,NONE,False,,,1
8986,4900.0,4400.0,0.0,0.085,0.0,0.0,0.0,0,0,0,NONE,NONE,False,,,0
8987,4950.0,4400.0,0.0,0.085,0.0,0.0,0.0,0,0,0,NONE,NONE,False,,,0
8988,5000.0,4400.0,0.0,0.085,0.0,0.0,0.0,0,0,0,NONE,NONE,False,,,0
8989,0.0,4450.0,0.0,0.085,0.0,0.0,0.0,0,0,0,NONE,NONE,False,,,3
8990,50.0,4450.0,0.0,0.085,0.0,0.0,0.0,0,0,0,NONE,NONE,False,,,3
8991,100.0,4450.0,0.0,0.085,0.0,0.0,0.0,0,0,0,NONE,NONE,False,,,3
8992,150.0,4450.0,0.0,0.085,0.0,0.0,0.0,0,0,0,NONE,NONE,False,,,3
8993,200.0,4450.0,0.0,0.085,0.0,0.0,0.0,0,0,0,NONE,NONE,False,,,2
8994,250.0,4450.0,0.0,0.085,0.0,0.0,0.0,0,0,0,NONE,NONE,False,,,2
8995,300.0,4450.0,0.0,0.085,0.0,0.0,0.0,0,0,0,NONE,NONE,False,,,1
8996,350.0,4450.0,0.0,10.0,1.0,0.0,1.0,1,0,0,NONE,NONE,False,,,0
8997,400.0,4450.0,0.0,10.0,1.0,0.0,1.0,1,0,0,NONE,NONE,False,,,0
8998,450.0,4450.0,0.0,10.0,1.0,0.0,1.0,1,0,0,NONE,NONE,False,,,0
8999,500.0,4450.0,0.0,10.0,1.0,0.0,1.0,1,0,0,NONE,NONE,False,,,0
9000,550.0,4450.0,0.0,10.0,1.0,0.0,1.0,1,0,0,NONE,NONE,False,,,0
9001,600.0,4450.0,0.0,10.0,1.0,0.0,1.0,1,0,0,NONE,NONE,False,,,0
9002,650.0,4450.0,0.0,10.0,1.0,0.0,1.0,1,0,0,NONE,NONE,False,,,0
9003,700.0,4450.0,0.0,10.0,1.0,0.0,1.0,1,0,0,NONE,NONE,False,,,0
9004,750.0,4450.0,0.0,0.085,0.0,0.0,0.0,0,0,0,NONE,NONE,False,,,0
9005,800.0,4450.0,0.0,0.085,0.0,0.0,0.0,0,0,0,NONE,NONE,False,,,0
9006,850.0,4450.0,0.0,0.085,0.0,0.0,0.0,0,0,0,NONE,NONE,False,,,2
9007,900.0,4450.0,0.0,0.085,0.0,0.0,0.0,0,0,0,NONE,NONE,False,,,4
9008,950.0,4450.0,0.0,0.085,0.0,0.0,0.0,0,0,0,NONE,NONE,False,,,4
9009,1000.0,4450.0,0.0,0.085,0.0,0.0,0.0,0,0,0,NONE,NONE,False,,,8
9010,1050.0,4450.0,0.0,0.085,0.0,0.0,0.0,0,0,0,NONE,NONE,False,,,8
9011,1100.0,4450.0,0.0,0.085,0.0,0.0,0.0,0,0,0,NONE,NONE,False,,,8
9012,1150.0,4450.0,0.0,0.085,0.0,0.0,0.0,0,0,0,NONE,NONE,False,,,8
9013,1200.0,4450.0,0.0,0.085,0.0,0.0,0.0,0,0,0,NONE,NONE,False,,,4
9014,1250.0,4450.0,0.0,10.0,1.0,0.0,1.0,1,0,0,NONE,NONE,False,,,0
9015,1300.0,4450.0,0.0,10.0,1.0,0.0,1.0,1,0,0,NONE,NONE,False,,,0
9016,1350.0,4450.0,0.0,10.0,1.0,0.0,1.0,1,0,0,NONE,NONE,False,,,0
9017,1400.0,4450.0,0.0,10.0,1.0,0.0,1.0,1,0,0,NONE,NONE,False,,,0
9018,1450.0,4450.0,0.0,10.0,1.0,0.0,1.0,1,0,0,NONE,NONE,False,,,0
9019,1500.0,4450.0,0.0,10.0,1.0,0.0,1.0,1,0,0,NONE,NONE,False,,,0
9020,1550.0,4450.0,0.0,0.085,0.0,0.0,0.0,0,0,0,NONE,NONE,False,,,1
9021,1600.0,4450.0,0.0,0.085,0.0,0.0,0.0,0,0,0,NONE,NONE,False,,,1
9022,1650.0,4450.0,0.0,0.085,0.0,0.0,0.0,0,0,0,NONE,NONE,False,,,1
9023,1700.0,4450.0,0.0,0.085,0.0,0.0,0.0,0,0,0,NONE,NONE,False,,,1
9024,1750.0,4450.0,0.0,0.085,0.0,0.0,0.0,0,0,0,NONE,NONE,False,,,0
9025,1800.0,4450.0,0.0,0.085,0.0,0.0,0.0,0,0,0,NONE,NONE,False,,,0
9026,1850.0,4450.0,0.0,0.085,0.0,0.0,0.0,0,0,0,NONE,NONE,False,,,0
9027,1900.0,4450.0,0.0,0.085,0.0,0.0,0.0,0,0,0,NONE,NONE,False,,,0
9028,1950.0,4450.0,0.0,0.085,0.0,0.0,0.0,0,0,0,NONE,NONE,False,,,0
9029,2000.0,4450.0,0.0,0.085,0.0,0.0,0.0,0,0,0,NONE,NONE,False,,,0
9030,2050.0,4450.0,0.0,0.085,0.0,0.0,0.0,0,0,0,NONE,NONE,False,,,0
9031,2100.0,4450.0,0.0,0.085,0.0,0.0,0.0,0,0,0,NONE,NONE,False,,,0
9032,2150.0,4450.0,0.0,0.085,0.0,0.0,0.0,0,0,0,NONE,NONE,False,,,0
9033,2200.0,4450.0,0.0,0.085,0.0,0.0,0.0,0,0,0,NONE,NONE,False,,,1
9034,2250.0,4450.0,0.0,0.085,0.0,0.0,0.0,0,0,0,NONE,NONE,False,,,2
9035,2300.0,4450.0,0.0,0.085,0.0,0.0,0.0,0,0,0,NONE,NONE,False,,,2
9036,2350.0,4450.0,0.0,0.085,0.0,0.0,0.0,0,0,0,NONE,NONE,False,,,2
9037,2400.0,4450.0,0.0,0.085,0.0,0.0,0.0,0,0,0,NONE,NONE,False,,,4
9038,2450.0,4450.0,0.0,0.085,0.0,0.0,0.0,0,0,0,NONE,NONE,False,,,4
9039,2500.0,4450.0,0.0,0.085,0.0,0.0,0.0,0,0,0,NONE,NONE,False,,,4
9040,2550.0,4450.0,0.0,0.085,0.0,0.0,0.0,0,0,0,NONE,NONE,False,,,4
9041,2600.0,4450.0,0.0,0.085,0.0,0.0,0.0,0,0,0,NONE,NONE,False,,,3
9042,2650.0,4450.0,0.0,0.085,0.0,0.0,0.0,0,0,0,NONE,NONE,False,,,3
9043,2700.0,4450.0,0.0,0.085,0.0,0.0,0.0,0,0,0,NONE,NONE,False,,,2
9044,2750.0,4450.0,0.0,0.085,0.0,0.0,0.0,0,0,0,NONE,NONE,False,,,3
9045,2800.0,4450.0,0.0,0.085,0.0,0.0,0.0,0,0,0,NONE,NONE,False,,,3
9046,2850.0,4450.0,0.0,0.085,0.0,0.0,0.0,0,0,0,NONE,NONE,False,,,2
9047,2900.0,4450.0,0.0,0.085,0.0,0.0,0.0,0,0,0,NONE,NONE,False,,,2
9048,2950.0,4450.0,0.0,10.0,0.0,1.0,1.0,0,1,0,NONE,NONE,False,,,0
9049,3000.0,4450.0,0.0,10.0,0.0,1.0,1.0,0,1,0,NONE,NONE,False,,,0
9050,3050.0,4450.0,0.0,10.0,0.0,1.0,1.0,0,1,0,NONE,NONE,False,,,0
9051,3100.0,4450.0,0.0,0.085,0.0,0.0,0.0,0,0,0,NONE,NONE,False,,,3
9052,3150.0,4450.0,0.0,0.085,0.0,0.0,0.0,0,0,0,NONE,NONE,False,,,3
9053,3200.0,4450.0,0.0,0.085,0.0,0.0,0.0,0,0,0,NONE,NONE,False,,,3
9054,3250.0,4450.0,0.0,0.085,0.0,0.0,0.0,0,0,0,NONE,NONE,False,,,3
9055,3300.0,4450.0,0.0,0.085,0.0,0.0,0.0,0,0,0,NONE,NONE,False,,,4
9056,3350.0,4450.0,0.0,0.085,0.0,0.0,0.0,0,0,0,NONE,NONE,False,,,4
9057,3400.0,4450.0,0.0,0.085,0.0,0.0,0.0,0,0,0,NONE,NONE,False,,,4
9058,3450.0,4450.0,0.0,0.085,0.0,0.0,0.0,0,0,0,NONE,NONE,False,,,3
9059,3500.0,4450.0,0.0,0.085,0.0,0.0,0.0,0,0,0,NONE,NONE,False,,,3
9060,3550.0,4450.0,0.0,0.085,0.0,0.0,0.0,0,0,0,NONE,NONE,False,,,3
9061,3600.0,4450.0,0.0,0.085,0.0,0.0,0.0,0,0,0,NONE,NONE,False,,,4
9062,3650.0,4450.0,0.0,0.085,0.0,0.0,0.0,0,0,0,NONE,NONE,False,,,5
9063,3700.0,4450.0,0.0,0.085,0.0,0.0,0.0,0,0,0,NONE,NONE,False,,,5
9064,3750.0,4450.0,0.0,0.085,0.0,0.0,0.0,0,0,0,NONE,NONE,False,,,5
9065,3800.0,4450.0,0.0,0.085,0.0,0.0,0.0,0,0,0,NONE,NONE,False,,,5
9066,3850.0,4450.0,0.0,0.085,0.0,0.0,0.0,0,0,0,NONE,NONE,False,,,4
9067,3900.0,4450.0,0.0,0.085,0.0,0.0,0.0,0,0,0,NONE,NONE,False,,,5
9068,3950.0,4450.0,0.0,0.085,0.0,0.0,0.0,0,0,0,NONE,NONE,False,,,4
9069,4000.0,4450.0,0.0,0.085,0.0,0.0,0.0,0,0,0,NONE,NONE,False,,,3
9070,4050.0,4450.0,0.0,0.085,0.0,0.0,0.0,0,0,0,NONE,NONE,False,,,4
9071,4100.0,4450.0,0.0,0.085,0.0,0.0,0.0,0,0,0,NONE,NONE,False,,,4
9072,4150.0,4450.0,0.0,0.085,0.0,0.0,0.0,0,0,0,NONE,NONE,False,,,4
9073,4200.0,4450.0,0.0,0.085,0.0,0.0,0.0,0,0,0,NONE,NONE,False,,,4
9074,4250.0,4450.0,0.0,0.085,0.0,0.0,0.0,0,0,0,NONE,NONE,False,,,3
9075,4300.0,4450.0,0.0,0.085,0.0,0.0,0.0,0,0,0,NONE,NONE,False,,,2
9076,4350.0,4450.0,0.0,0.085,0.0,0.0,0.0,0,0,0,NONE,NONE,False,,,3
9077,4400.0,4450.0,0.0,0.085,0.0,0.0,0.0,0,0,0,NONE,NONE,False,,,2
9078,4450.0,4450.0,0.0,0.085,0.0,0.0,0.0,0,0,0,NONE,NONE,False,,,1
9079,4500.0,4450.0,0.0,0.085,0.0,0.0,0.0,0,0,0,NONE,NONE,False,,,2
9080,4550.0,4450.0,0.0,0.085,0.0,0.0,0.0,0,0,0,NONE,NONE,False,,,2
9081,4600.0,4450.0,0.0,0.085,0.0,0.0,0.0,0,0,0,NONE,NONE,False,,,2
9082,4650.0,4450.0,0.0,0.085,0.0,0.0,0.0,0,0,0,NONE,NONE,False,,,2
9083,4700.0,4450.0,0.0,0.085,0.0,0.0,0.0,0,0,0,NONE,NONE,False,,,1
9084,4750.0,4450.0,0.0,0.085,0.0,0.0,0.0,0,0,0,NONE,NONE,False,,,1
9085,4800.0,4450.0,0.0,0.085,0.0,0.0,0.0,0,0,0,NONE,NONE,False,,,1
9086,4850.0,4450.0,0.0,0.085,0.0,0.0,0.0,0,0,0,NONE,NONE,False,,,0
9087,4900.0,4450.0,0.0,0.085,0.0,0.0,0.0,0,0,0,NONE,NONE,False,,,0
9088,4950.0,4450.0,0.0,0.085,0.0,0.0,0.0,0,0,0,NONE,NONE,False,,,0
9089,5000.0,4450.0,0.0,0.085,0.0,0.0,0.0,0,0,0,NONE,NONE,False,,,0
9090,0.0,4500.0,0.0,0.085,0.0,0.0,0.0,0,0,0,NONE,NONE,False,,,2
9091,50.0,4500.0,0.0,0.085,0.0,0.0,0.0,0,0,0,NONE,NONE,False,,,3
9092,100.0,4500.0,0.0,0.085,0.0,0.0,0.0,0,0,0,NONE,NONE,False,,,3
9093,150.0,4500.0,0.0,0.085,0.0,0.0,0.0,0,0,0,NONE,NONE,False,,,3
9094,200.0,4500.0,0.0,0.085,0.0,0.0,0.0,0,0,0,NONE,NONE,False,,,2
9095,250.0,4500.0,0.0,0.085,0.0,0.0,0.0,0,0,0,NONE,NONE,False,,,1
9096,300.0,4500.0,0.0,0.085,0.0,0.0,0.0,0,0,0,NONE,NONE,False,,,1
9097,350.0,4500.0,0.0,10.0,1.0,0.0,1.0,1,0,0,NONE,NONE,False,,,0
9098,400.0,4500.0,0.0,10.0,1.0,0.0,1.0,1,0,0,NONE,NONE,False,,,0
9099,450.0,4500.0,0.0,10.0,1.0,0.0,1.0,1,0,0,NONE,NONE,False,,,0
9100,500.0,4500.0,0.0,10.0,1.0,0.0,1.0,1,0,0,NONE,NONE,False,,,0
9101,550.0,4500.0,0.0,10.0,1.0,0.0,1.0,1,0,0,NONE,NONE,False,,,0
9102,600.0,4500.0,0.0,10.0,1.0,0.0,1.0,1,0,0,NONE,NONE,False,,,0
9103,650.0,4500.0,0.0,10.0,1.0,0.0,1.0,1,0,0,NONE,NONE,False,,,0
9104,700.0,4500.0,0.0,10.0,1.0,0.0,1.0,1,0,0,NONE,NONE,False,,,0
9105,750.0,4500.0,0.0,0.085,0.0,0.0,0.0,0,0,0,NONE,NONE,False,,,0
9106,800.0,4500.0,0.0,0.085,0.0,0.0,0.0,0,0,0,NONE,NONE,False,,,2
9107,850.0,4500.0,0.0,0.085,0.0,0.0,0.0,0,0,0,NONE,NONE,False,,,3
9108,900.0,4500.0,0.0,0.085,0.0,0.0,0.0,0,0,0,NONE,NONE,False,,,4
9109,950.0,4500.0,0.0,0.085,0.0,0.0,0.0,0,0,0,NONE,NONE,False,,,4
9110,1000.0,4500.0,0.0,0.085,0.0,0.0,0.0,0,0,0,NONE,NONE,False,,,7
9111,1050.0,4500.0,0.0,0.085,0.0,0.0,0.0,0,0,0,NONE,NONE,False,,,8
9112,1100.0,4500.0,0.0,0.085,0.0,0.0,0.0,0,0,0,NONE,NONE,False,,,8
9113,1150.0,4500.0,0.0,0.085,0.0,0.0,0.0,0,0,0,NONE,NONE,False,,,5
9114,1200.0,4500.0,0.0,0.085,0.0,0.0,0.0,0,0,0,NONE,NONE,False,,,4
9115,1250.0,4500.0,0.0,0.085,0.0,0.0,0.0,0,0,0,NONE,NONE,False,,,4
9116,1300.0,4500.0,0.0,0.085,0.0,0.0,0.0,0,0,0,NONE,NONE,False,,,3
9117,1350.0,4500.0,0.0,0.085,0.0,0.0,0.0,0,0,0,NONE,NONE,False,,,2
9118,1400.0,4500.0,0.0,0.085,0.0,0.0,0.0,0,0,0,NONE,NONE,False,,,2
9119,1450.0,4500.0,0.0,0.085,0.0,0.0,0.0,0,0,0,NONE,NONE,False,,,2
9120,1500.0,4500.0,0.0,0.085,0.0,0.0,0.0,0,0,0,NONE,NONE,False,,,2
9121,1550.0,4500.0,0.0,0.085,0.0,0.0,0.0,0,0,0,NONE,NONE,False,,,2
9122,1600.0,4500.0,0.0,0.085,0.0,0.0,0.0,0,0,0,NONE,NONE,False,,,2
9123,1650.0,4500.0,0.0,0.085,0.0,0.0,0.0,0,0,0,NONE,NONE,False,,,1
9124,1700.0,4500.0,0.0,0.085,0.0,0.0,0.0,0,0,0,NONE,NONE,False,,,1
9125,1750.0,4500.0,0.0,0.085,0.0,0.0,0.0,0,0,0,NONE,NONE,False,,,1
9126,1800.0,4500.0,0.0,0.085,0.0,0.0,0.0,0,0,0,NONE,NONE,False,,,0
9127,1850.0,4500.0,0.0,0.085,0.0,0.0,0.0,0,0,0,NONE,NONE,False,,,0
9128,1900.0,4500.0,0.0,0.085,0.0,0.0,0.0,0,0,0,NONE,NONE,False,,,0
9129,1950.0,4500.0,0.0,10.0,1.0,0.0,1.0,1,0,0,NONE,NONE,False,,,0
9130,2000.0,4500.0,0.0,10.0,1.0,0.0,1.0,1,0,0,NONE,NONE,False,,,0
9131,2050.0,4500.0,0.0,10.0,1.0,0.0,1.0,1,0,0,NONE,NONE,False,,,0
9132,2100.0,4500.0,0.0,10.0,1.0,0.0,1.0,1,0,0,NONE,NONE,False,,,0
9133,2150.0,4500.0,0.0,0.085,0.0,0.0,0.0,0,0,0,NONE,NONE,False,,,0
9134,2200.0,4500.0,0.0,0.085,0.0,0.0,0.0,0,0,0,NONE,NONE,False,,,1
9135,2250.0,4500.0,0.0,0.085,0.0,0.0,0.0,0,0,0,NONE,NONE,False,,,1
9136,2300.0,4500.0,0.0,0.085,0.0,0.0,0.0,0,0,0,NONE,NONE,False,,,2
9137,2350.0,4500.0,0.0,0.085,0.0,0.0,0.0,0,0,0,NONE,NONE,False,,,2
9138,2400.0,4500.0,0.0,0.085,0.0,0.0,0.0,0,0,0,NONE,NONE,False,,,3
9139,2450.0,4500.0,0.0,0.085,0.0,0.0,0.0,0,0,0,NONE,NONE,False,,,4
9140,2500.0,4500.0,0.0,0.085,0.0,0.0,0.0,0,0,0,NONE,NONE,False,,,3
9141,2550.0,4500.0,0.0,0.085,0.0,0.0,0.0,0,0,0,NONE,NONE,False,,,3
9142,2600.0,4500.0,0.0,0.085,0.0,0.0,0.0,0,0,0,NONE,NONE,False,,,4
9143,2650.0,4500.0,0.0,0.085,0.0,0.0,0.0,0,0,0,NONE,NONE,False,,,3
9144,2700.0,4500.0,0.0,0.085,0.0,0.0,0.0,0,0,0,NONE,NONE,False,,,3
9145,2750.0,4500.0,0.0,0.085,0.0,0.0,0.0,0,0,0,NONE,NONE,False,,,3
9146,2800.0,4500.0,0.0,0.085,0.0,0.0,0.0,0,0,0,NONE,NONE,False,,,3
9147,2850.0,4500.0,0.0,0.085,0.0,0.0,0.0,0,0,0,NONE,NONE,False,,,3
9148,2900.0,4500.0,0.0,0.085,0.0,0.0,0.0,0,0,0,NONE,NONE,False,,,3
9149,2950.0,4500.0,0.0,0.085,0.0,0.0,0.0,0,0,0,NONE,NONE,False,,,3
9150,3000.0,4500.0,0.0,0.085,0.0,0.0,0.0,0,0,0,NONE,NONE,False,,,3
9151,3050.0,4500.0,0.0,0.085,0.0,0.0,0.0,0,0,0,NONE,NONE,False,,,4
9152,3100.0,4500.0,0.0,0.085,0.0,0.0,0.0,0,0,0,NONE,NONE,False,,,3
9153,3150.0,4500.0,0.0,0.085,0.0,0.0,0.0,0,0,0,NONE,NONE,False,,,3
9154,3200.0,4500.0,0.0,0.085,0.0,0.0,0.0,0,0,0,NONE,NONE,False,,,4
9155,3250.0,4500.0,0.0,0.085,0.0,0.0,0.0,0,0,0,NONE,NONE,False,,,4
9156,3300.0,4500.0,0.0,0.085,0.0,0.0,0.0,0,0,0,NONE,NONE,False,,,4
9157,3350.0,4500.0,0.0,0.085,0.0,0.0,0.0,0,0,0,NONE,NONE,False,,,4
9158,3400.0,4500.0,0.0,0.085,0.0,0.0,0.0,0,0,0,NONE,NONE,False,,,4
9159,3450.0,4500.0,0.0,0.085,0.0,0.0,0.0,0,0,0,NONE,NONE,False,,,4
9160,3500.0,4500.0,0.0,0.085,0.0,0.0,0.0,0,0,0,NONE,NONE,False,,,4
9161,3550.0,4500.0,0.0,0.085,0.0,0.0,0.0,0,0,0,NONE,NONE,False,,,4
9162,3600.0,4500.0,0.0,0.085,0.0,0.0,0.0,0,0,0,NONE,NONE,False,,,4
9163,3650.0,4500.0,0.0,0.085,0.0,0.0,0.0,0,0,0,NONE,NONE,False,,,5
9164,3700.0,4500.0,0.0,0.085,0.0,0.0,0.0,0,0,0,NONE,NONE,False,,,5
9165,3750.0,4500.0,0.0,0.085,0.0,0.0,0.0,0,0,0,NONE,NONE,False,,,5
9166,3800.0,4500.0,0.0,0.085,0.0,0.0,0.0,0,0,0,NONE,NONE,False,,,6
9167,3850.0,4500.0,0.0,0.085,0.0,0.0,0.0,0,0,0,NONE,NONE,False,,,5
9168,3900.0,4500.0,0.0,0.085,0.0,0.0,0.0,0,0,0,NONE,NONE,False,,,5
9169,3950.0,4500.0,0.0,0.085,0.0,0.0,0.0,0,0,0,NONE,NONE,False,,,4
9170,4000.0,4500.0,0.0,0.085,0.0,0.0,0.0,0,0,0,NONE,NONE,False,,,4
9171,4050.0,4500.0,0.0,0.085,0.0,0.0,0.0,0,0,0,NONE,NONE,False,,,4
9172,4100.0,4500.0,0.0,0.085,0.0,0.0,0.0,0,0,0,NONE,NONE,False,,,4
9173,4150.0,4500.0,0.0,0.085,0.0,0.0,0.0,0,0,0,NONE,NONE,False,,,4
9174,4200.0,4500.0,0.0,0.085,0.0,0.0,0.0,0,0,0,NONE,NONE,False,,,3
9175,4250.0,4500.0,0.0,0.085,0.0,0.0,0.0,0,0,0,NONE,NONE,False,,,2
9176,4300.0,4500.0,0.0,0.085,0.0,0.0,0.0,0,0,0,NONE,NONE,False,,,3
9177,4350.0,4500.0,0.0,0.085,0.0,0.0,0.0,0,0,0,NONE,NONE,False,,,2
9178,4400.0,4500.0,0.0,0.085,0.0,0.0,0.0,0,0,0,NONE,NONE,False,,,1
9179,4450.0,4500.0,0.0,0.085,0.0,0.0,0.0,0,0,0,NONE,NONE,False,,,2
9180,4500.0,4500.0,0.0,0.085,0.0,0.0,0.0,0,0,0,NONE,NONE,False,,,2
9181,4550.0,4500.0,0.0,0.085,0.0,0.0,0.0,0,0,0,NONE,NONE,False,,,2
9182,4600.0,4500.0,0.0,0.085,0.0,0.0,0.0,0,0,0,NONE,NONE,False,,,2
9183,4650.0,4500.0,0.0,0.085,0.0,0.0,0.0,0,0,0,NONE,NONE,False,,,1
9184,4700.0,4500.0,0.0,0.085,0.0,0.0,0.0,0,0,0,NONE,NONE,False,,,1
9185,4750.0,4500.0,0.0,0.085,0.0,0.0,0.0,0,0,0,NONE,NONE,False,,,1
9186,4800.0,4500.0,0.0,0.085,0.0,0.0,0.0,0,0,0,NONE,NONE,False,,,0
9187,4850.0,4500.0,0.0,0.085,0.0,0.0,0.0,0,0,0,NONE,NONE,False,,,0
9188,4900.0,4500.0,0.0,0.085,0.0,0.0,0.0,0,0,0,NONE,NONE,False,,,0
9189,4950.0,4500.0,0.0,0.085,0.0,0.0,0.0,0,0,0,NONE,NONE,False,,,0
9190,5000.0,4500.0,0.0,0.085,0.0,0.0,0.0,0,0,0,NONE,NONE,False,,,0
9191,0.0,4550.0,0.0,0.085,0.0,0.0,0.0,0,0,0,NONE,NONE,False,,,2
9192,50.0,4550.0,0.0,0.085,0.0,0.0,0.0,0,0,0,NONE,NONE,False,,,2
9193,100.0,4550.0,0.0,0.085,0.0,0.0,0.0,0,0,0,NONE,NONE,False,,,3
9194,150.0,4550.0,0.0,0.085,0.0,0.0,0.0,0,0,0,NONE,NONE,False,,,3
9195,200.0,4550.0,0.0,0.085,0.0,0.0,0.0,0,0,0,NONE,NONE,False,,,2
9196,250.0,4550.0,0.0,0.085,0.0,0.0,0.0,0,0,0,NONE,NONE,False,,,2
9197,300.0,4550.0,0.0,0.085,0.0,0.0,0.0,0,0,0,NONE,NONE,False,,,1
9198,350.0,4550.0,0.0,0.085,0.0,0.0,0.0,0,0,0,NONE,NONE,False,,,1
9199,400.0,4550.0,0.0,10.0,1.0,0.0,1.0,1,0,0,NONE,NONE,False,,,0
9200,450.0,4550.0,0.0,10.0,1.0,0.0,1.0,1,0,0,NONE,NONE,False,,,0
9201,500.0,4550.0,0.0,10.0,1.0,0.0,1.0,1,0,0,NONE,NONE,False,,,0
9202,550.0,4550.0,0.0,10.0,1.0,0.0,1.0,1,0,0,NONE,NONE,False,,,0
9203,600.0,4550.0,0.0,10.0,1.0,0.0,1.0,1,0,0,NONE,NONE,False,,,0
9204,650.0,4550.0,0.0,10.0,1.0,0.0,1.0,1,0,0,NONE,NONE,False,,,0
9205,700.0,4550.0,0.0,10.0,1.0,0.0,1.0,1,0,0,NONE,NONE,False,,,0
9206,750.0,4550.0,0.0,0.085,0.0,0.0,0.0,0,0,0,NONE,NONE,False,,,1
9207,800.0,4550.0,0.0,0.085,0.0,0.0,0.0,0,0,0,NONE,NONE,False,,,2
9208,850.0,4550.0,0.0,0.085,0.0,0.0,0.0,0,0,0,NONE,NONE,False,,,3
9209,900.0,4550.0,0.0,0.085,0.0,0.0,0.0,0,0,0,NONE,NONE,False,,,3
9210,950.0,4550.0,0.0,0.085,0.0,0.0,0.0,0,0,0,NONE,NONE,False,,,4
9211,1000.0,4550.0,0.0,0.085,0.0,0.0,0.0,0,0,0,NONE,NONE,False,,,6
9212,1050.0,4550.0,0.0,0.085,0.0,0.0,0.0,0,0,0,NONE,NONE,False,,,8
9213,1100.0,4550.0,0.0,0.085,0.0,0.0,0.0,0,0,0,NONE,NONE,False,,,6
9214,1150.0,4550.0,0.0,0.085,0.0,0.0,0.0,0,0,0,NONE,NONE,False,,,5
9215,1200.0,4550.0,0.0,0.085,0.0,0.0,0.0,0,0,0,NONE,NONE,False,,,5
9216,1250.0,4550.0,0.0,0.085,0.0,0.0,0.0,0,0,0,NONE,NONE,False,,,4
9217,1300.0,4550.0,0.0,0.085,0.0,0.0,0.0,0,0,0,NONE,NONE,False,,,4
9218,1350.0,4550.0,0.0,0.085,0.0,0.0,0.0,0,0,0,NONE,NONE,False,,,4
9219,1400.0,4550.0,0.0,0.085,0.0,0.0,0.0,0,0,0,NONE,NONE,False,,,3
9220,1450.0,4550.0,0.0,0.085,0.0,0.0,0.0,0,0,0,NONE,NONE,False,,,3
9221,1500.0,4550.0,0.0,0.085,0.0,0.0,0.0,0,0,0,NONE,NONE,False,,,3
9222,1550.0,4550.0,0.0,0.085,0.0,0.0,0.0,0,0,0,NONE,NONE,False,,,3
9223,1600.0,4550.0,0.0,0.085,0.0,0.0,0.0,0,0,0,NONE,NONE,False,,,2
9224,1650.0,4550.0,0.0,0.085,0.0,0.0,0.0,0,0,0,NONE,NONE,False,,,2
9225,1700.0,4550.0,0.0,0.085,0.0,0.0,0.0,0,0,0,NONE,NONE,False,,,1
9226,1750.0,4550.0,0.0,0.085,0.0,0.0,0.0,0,0,0,NONE,NONE,False,,,1
9227,1800.0,4550.0,0.0,0.085,0.0,0.0,0.0,0,0,0,NONE,NONE,False,,,1
9228,1850.0,4550.0,0.0,0.085,0.0,0.0,0.0,0,0,0,NONE,NONE,False,,,0
9229,1900.0,4550.0,0.0,10.0,1.0,0.0,1.0,1,0,0,NONE,NONE,False,,,0
9230,1950.0,4550.0,0.0,10.0,1.0,0.0,1.0,1,0,0,NONE,NONE,False,,,0
9231,2000.0,4550.0,0.0,10.0,1.0,0.0,1.0,1,0,0,NONE,NONE,False,,,0
9232,2050.0,4550.0,0.0,10.0,1.0,0.0,1.0,1,0,0,NONE,NONE,False,,,0
9233,2100.0,4550.0,0.0,10.0,1.0,0.0,1.0,1,0,0,NONE,NONE,False,,,0
9234,2150.0,4550.0,0.0,10.0,1.0,0.0,1.0,1,0,0,NONE,NONE,False,,,0
9235,2200.0,4550.0,0.0,0.085,0.0,0.0,0.0,0,0,0,NONE,NONE,False,,,1
9236,2250.0,4550.0,0.0,0.085,0.0,0.0,0.0,0,0,0,NONE,NONE,False,,,1
9237,2300.0,4550.0,0.0,0.085,0.0,0.0,0.0,0,0,0,NONE,NONE,False,,,1
9238,2350.0,4550.0,0.0,0.085,0.0,0.0,0.0,0,0,0,NONE,NONE,False,,,2
9239,2400.0,4550.0,0.0,0.085,0.0,0.0,0.0,0,0,0,NONE,NONE,False,,,3
9240,2450.0,4550.0,0.0,0.085,0.0,0.0,0.0,0,0,0,NONE,NONE,False,,,2
9241,2500.0,4550.0,0.0,0.085,0.0,0.0,0.0,0,0,0,NONE,NONE,False,,,3
9242,2550.0,4550.0,0.0,0.085,0.0,0.0,0.0,0,0,0,NONE,NONE,False,,,3
9243,2600.0,4550.0,0.0,0.085,0.0,0.0,0.0,0,0,0,NONE,NONE,False,,,3
9244,2650.0,4550.0,0.0,0.085,0.0,0.0,0.0,0,0,0,NONE,NONE,False,,,4
9245,2700.0,4550.0,0.0,0.085,0.0,0.0,0.0,0,0,0,NONE,NONE,False,,,4
9246,2750.0,4550.0,0.0,0.085,0.0,0.0,0.0,0,0,0,NONE,NONE,False,,,4
9247,2800.0,4550.0,0.0,0.085,0.0,0.0,0.0,0,0,0,NONE,NONE,False,,,4
9248,2850.0,4550.0,0.0,0.085,0.0,0.0,0.0,0,0,0,NONE,NONE,False,,,4
9249,2900.0,4550.0,0.0,0.085,0.0,0.0,0.0,0,0,0,NONE,NONE,False,,,4
9250,2950.0,4550.0,0.0,0.085,0.0,0.0,0.0,0,0,0,NONE,NONE,False,,,4
9251,3000.0,4550.0,0.0,0.085,0.0,0.0,0.0,0,0,0,NONE,NONE,False,,,6
9252,3050.0,4550.0,0.0,0.085,0.0,0.0,0.0,0,0,0,NONE,NONE,False,,,6
9253,3100.0,4550.0,0.0,0.085,0.0,0.0,0.0,0,0,0,NONE,NONE,False,,,5
9254,3150.0,4550.0,0.0,0.085,0.0,0.0,0.0,0,0,0,NONE,NONE,False,,,5
9255,3200.0,4550.0,0.0,0.085,0.0,0.0,0.0,0,0,0,NONE,NONE,False,,,5
9256,3250.0,4550.0,0.0,0.085,0.0,0.0,0.0,0,0,0,NONE,NONE,False,,,5
9257,3300.0,4550.0,0.0,0.085,0.0,0.0,0.0,0,0,0,NONE,NONE,False,,,5
9258,3350.0,4550.0,0.0,0.085,0.0,0.0,0.0,0,0,0,NONE,NONE,False,,,5
9259,3400.0,4550.0,0.0,0.085,0.0,0.0,0.0,0,0,0,NONE,NONE,False,,,4
9260,3450.0,4550.0,0.0,0.085,0.0,0.0,0.0,0,0,0,NONE,NONE,False,,,4
9261,3500.0,4550.0,0.0,0.085,0.0,0.0,0.0,0,0,0,NONE,NONE,False,,,4
9262,3550.0,4550.0,0.0,0.085,0.0,0.0,0.0,0,0,0,NONE,NONE,False,,,4
9263,3600.0,4550.0,0.0,0.085,0.0,0.0,0.0,0,0,0,NONE,NONE,False,,,4
9264,3650.0,4550.0,0.0,0.085,0.0,0.0,0.0,0,0,0,NONE,NONE,False,,,4
9265,3700.0,4550.0,0.0,0.085,0.0,0.0,0.0,0,0,0,NONE,NONE,False,,,6
9266,3750.0,4550.0,0.0,0.085,0.0,0.0,0.0,0,0,0,NONE,NONE,False,,,6
9267,3800.0,4550.0,0.0,0.085,0.0,0.0,0.0,0,0,0,NONE,NONE,False,,,4
9268,3850.0,4550.0,0.0,0.085,0.0,0.0,0.0,0,0,0,NONE,NONE,False,,,5
9269,3900.0,4550.0,0.0,0.085,0.0,0.0,0.0,0,0,0,NONE,NONE,False,,,5
9270,3950.0,4550.0,0.0,0.085,0.0,0.0,0.0,0,0,0,NONE,NONE,False,,,5
9271,4000.0,4550.0,0.0,0.085,0.0,0.0,0.0,0,0,0,NONE,NONE,False,,,4
9272,4050.0,4550.0,0.0,0.085,0.0,0.0,0.0,0,0,0,NONE,NONE,False,,,4
9273,4100.0,4550.0,0.0,0.085,0.0,0.0,0.0,0,0,0,NONE,NONE,False,,,4
9274,4150.0,4550.0,0.0,0.085,0.0,0.0,0.0,0,0,0,NONE,NONE,False,,,3
9275,4200.0,4550.0,0.0,0.085,0.0,0.0,0.0,0,0,0,NONE,NONE,False,,,2
9276,4250.0,4550.0,0.0,0.085,0.0,0.0,0.0,0,0,0,NONE,NONE,False,,,3
9277,4300.0,4550.0,0.0,0.085,0.0,0.0,0.0,0,0,0,NONE,NONE,False,,,2
9278,4350.0,4550.0,0.0,0.085,0.0,0.0,0.0,0,0,0,NONE,NONE,False,,,1
9279,4400.0,4550.0,0.0,0.085,0.0,0.0,0.0,0,0,0,NONE,NONE,False,,,2
9280,4450.0,4550.0,0.0,0.085,0.0,0.0,0.0,0,0,0,NONE,NONE,False,,,2
9281,4500.0,4550.0,0.0,0.085,0.0,0.0,0.0,0,0,0,NONE,NONE,False,,,2
9282,4550.0,4550.0,0.0,0.085,0.0,0.0,0.0,0,0,0,NONE,NONE,False,,,2
9283,4600.0,4550.0,0.0,0.085,0.0,0.0,0.0,0,0,0,NONE,NONE,False,,,1
9284,4650.0,4550.0,0.0,0.085,0.0,0.0,0.0,0,0,0,NONE,NONE,False,,,1
9285,4700.0,4550.0,0.0,0.085,0.0,0.0,0.0,0,0,0,NONE,NONE,False,,,1
9286,4750.0,4550.0,0.0,0.085,0.0,0.0,0.0,0,0,0,NONE,NONE,False,,,0
9287,4800.0,4550.0,0.0,0.085,0.0,0.0,0.0,0,0,0,NONE,NONE,False,,,0
9288,4850.0,4550.0,0.0,0.085,0.0,0.0,0.0,0,0,0,NONE,NONE,False,,,0
9289,4900.0,4550.0,0.0,0.085,0.0,0.0,0.0,0,0,0,NONE,NONE,False,,,0
9290,4950.0,4550.0,0.0,0.085,0.0,0.0,0.0,0,0,0,NONE,NONE,False,,,0
9291,5000.0,4550.0,0.0,0.085,0.0,0.0,0.0,0,0,0,NONE,NONE,False,,,0
9292,0.0,4600.0,0.0,0.085,0.0,0.0,0.0,0,0,0,NONE,NONE,False,,,2
9293,50.0,4600.0,0.0,0.085,0.0,0.0,0.0,0,0,0,NONE,NONE,False,,,2
9294,100.0,4600.0,0.0,0.085,0.0,0.0,0.0,0,0,0,NONE,NONE,False,,,2
9295,150.0,4600.0,0.0,0.085,0.0,0.0,0.0,0,0,0,NONE,NONE,False,,,3
9296,200.0,4600.0,0.0,0.085,0.0,0.0,0.0,0,0,0,NONE,NONE,False,,,2
9297,250.0,4600.0,0.0,0.085,0.0,0.0,0.0,0,0,0,NONE,NONE,False,,,2
9298,300.0,4600.0,0.0,0.085,0.0,0.0,0.0,0,0,0,NONE,NONE,False,,,2
9299,350.0,4600.0,0.0,0.085,0.0,0.0,0.0,0,0,0,NONE,NONE,False,,,1
9300,400.0,4600.0,0.0,0.085,0.0,0.0,0.0,0,0,0,NONE,NONE,False,,,1
9301,450.0,4600.0,0.0,10.0,1.0,0.0,1.0,1,0,0,NONE,NONE,False,,,0
9302,500.0,4600.0,0.0,10.0,1.0,0.0,1.0,1,0,0,NONE,NONE,False,,,0
9303,550.0,4600.0,0.0,10.0,1.0,0.0,1.0,1,0,0,NONE,NONE,False,,,0
9304,600.0,4600.0,0.0,10.0,1.0,0.0,1.0,1,0,0,NONE,NONE,False,,,0
9305,650.0,4600.0,0.0,10.0,1.0,0.0,1.0,1,0,0,NONE,NONE,False,,,0
9306,700.0,4600.0,0.0,0.085,0.0,0.0,0.0,0,0,0,NONE,NONE,False,,,1
9307,750.0,4600.0,0.0,0.085,0.0,0.0,0.0,0,0,0,NONE,NONE,False,,,1
9308,800.0,4600.0,0.0,0.085,0.0,0.0,0.0,0,0,0,NONE,NONE,False,,,2
9309,850.0,4600.0,0.0,0.085,0.0,0.0,0.0,0,0,0,NONE,NONE,False,,,3
9310,900.0,4600.0,0.0,0.085,0.0,0.0,0.0,0,0,0,NONE,NONE,False,,,3
9311,950.0,4600.0,0.0,0.085,0.0,0.0,0.0,0,0,0,NONE,NONE,False,,,4
9312,1000.0,4600.0,0.0,0.085,0.0,0.0,0.0,0,0,0,NONE,NONE,False,,,4
9313,1050.0,4600.0,0.0,0.085,0.0,0.0,0.0,0,0,0,NONE,NONE,False,,,4
9314,1100.0,4600.0,0.0,0.085,0.0,0.0,0.0,0,0,0,NONE,NONE,False,,,6
9315,1150.0,4600.0,0.0,0.085,0.0,0.0,0.0,0,0,0,NONE,NONE,False,,,5
9316,1200.0,4600.0,0.0,0.085,0.0,0.0,0.0,0,0,0,NONE,NONE,False,,,5
9317,1250.0,4600.0,0.0,0.085,0.0,0.0,0.0,0,0,0,NONE,NONE,False,,,5
9318,1300.0,4600.0,0.0,0.085,0.0,0.0,0.0,0,0,0,NONE,NONE,False,,,4
9319,1350.0,4600.0,0.0,0.085,0.0,0.0,0.0,0,0,0,NONE,NONE,False,,,4
9320,1400.0,4600.0,0.0,0.085,0.0,0.0,0.0,0,0,0,NONE,NONE,False,,,4
9321,1450.0,4600.0,0.0,0.085,0.0,0.0,0.0,0,0,0,NONE,NONE,False,,,4
9322,1500.0,4600.0,0.0,0.085,0.0,0.0,0.0,0,0,0,NONE,NONE,False,,,4
9323,1550.0,4600.0,0.0,0.085,0.0,0.0,0.0,0,0,0,NONE,NONE,False,,,4
9324,1600.0,4600.0,0.0,0.085,0.0,0.0,0.0,0,0,0,NONE,NONE,False,,,3
9325,1650.0,4600.0,0.0,0.085,0.0,0.0,0.0,0,0,0,NONE,NONE,False,,,2
9326,1700.0,4600.0,0.0,0.085,0.0,0.0,0.0,0,0,0,NONE,NONE,False,,,2
9327,1750.0,4600.0,0.0,0.085,0.0,0.0,0.0,0,0,0,NONE,NONE,False,,,1
9328,1800.0,4600.0,0.0,0.085,0.0,0.0,0.0,0,0,0,NONE,NONE,False,,,1
9329,1850.0,4600.0,0.0,0.085,0.0,0.0,0.0,0,0,0,NONE,NONE,False,,,1
9330,1900.0,4600.0,0.0,10.0,1.0,0.0,1.0,1,0,0,NONE,NONE,False,,,0
9331,1950.0,4600.0,0.0,10.0,1.0,0.0,1.0,1,0,0,NONE,NONE,False,,,0
9332,2000.0,4600.0,0.0,10.0,1.0,0.0,1.0,1,0,0,NONE,NONE,False,,,0
9333,2050.0,4600.0,0.0,10.0,1.0,0.0,1.0,1,0,0,NONE,NONE,False,,,0
9334,2100.0,4600.0,0.0,10.0,1.0,0.0,1.0,1,0,0,NONE,NONE,False,,,0
9335,2150.0,4600.0,0.0,10.0,1.0,0.0,1.0,1,0,0,NONE,NONE,False,,,0
9336,2200.0,4600.0,0.0,10.0,1.0,0.0,1.0,1,0,0,NONE,NONE,False,,,0
9337,2250.0,4600.0,0.0,0.085,0.0,0.0,0.0,0,0,0,NONE,NONE,False,,,1
9338,2300.0,4600.0,0.0,0.085,0.0,0.0,0.0,0,0,0,NONE,NONE,False,,,1
9339,2350.0,4600.0,0.0,0.085,0.0,0.0,0.0,0,0,0,NONE,NONE,False,,,2
9340,2400.0,4600.0,0.0,0.085,0.0,0.0,0.0,0,0,0,NONE,NONE,False,,,4
9341,2450.0,4600.0,0.0,0.085,0.0,0.0,0.0,0,0,0,NONE,NONE,False,,,3
9342,2500.0,4600.0,0.0,0.085,0.0,0.0,0.0,0,0,0,NONE,NONE,False,,,3
9343,2550.0,4600.0,0.0,0.085,0.0,0.0,0.0,0,0,0,NONE,NONE,False,,,4
9344,2600.0,4600.0,0.0,0.085,0.0,0.0,0.0,0,0,0,NONE,NONE,False,,,4
9345,2650.0,4600.0,0.0,0.085,0.0,0.0,0.0,0,0,0,NONE,NONE,False,,,3
9346,2700.0,4600.0,0.0,0.085,0.0,0.0,0.0,0,0,0,NONE,NONE,False,,,5
9347,2750.0,4600.0,0.0,0.085,0.0,0.0,0.0,0,0,0,NONE,NONE,False,,,5
9348,2800.0,4600.0,0.0,0.085,0.0,0.0,0.0,0,0,0,NONE,NONE,False,,,5
9349,2850.0,4600.0,0.0,0.085,0.0,0.0,0.0,0,0,0,NONE,NONE,False,,,5
9350,2900.0,4600.0,0.0,0.085,0.0,0.0,0.0,0,0,0,NONE,NONE,False,,,5
9351,2950.0,4600.0,0.0,0.085,0.0,0.0,0.0,0,0,0,NONE,NONE,False,,,6
9352,3000.0,4600.0,0.0,0.085,0.0,0.0,0.0,0,0,0,NONE,NONE,False,,,6
9353,3050.0,4600.0,0.0,0.085,0.0,0.0,0.0,0,0,0,NONE,NONE,False,,,6
9354,3100.0,4600.0,0.0,0.085,0.0,0.0,0.0,0,0,0,NONE,NONE,True,minor,TN24,7
9355,3150.0,4600.0,0.0,0.085,0.0,0.0,0.0,0,0,0,NONE,NONE,False,,,6
9356,3200.0,4600.0,0.0,0.085,0.0,0.0,0.0,0,0,0,NONE,NONE,False,,,5
9357,3250.0,4600.0,0.0,0.085,0.0,0.0,0.0,0,0,0,NONE,NONE,False,,,6
9358,3300.0,4600.0,0.0,0.085,0.0,0.0,0.0,0,0,0,NONE,NONE,False,,,5
9359,3350.0,4600.0,0.0,0.085,0.0,0.0,0.0,0,0,0,NONE,NONE,False,,,4
9360,3400.0,4600.0,0.0,0.085,0.0,0.0,0.0,0,0,0,NONE,NONE,False,,,4
9361,3450.0,4600.0,0.0,0.085,0.0,0.0,0.0,0,0,0,NONE,NONE,False,,,5
9362,3500.0,4600.0,0.0,0.085,0.0,0.0,0.0,0,0,0,NONE,NONE,False,,,5
9363,3550.0,4600.0,0.0,0.085,0.0,0.0,0.0,0,0,0,NONE,NONE,False,,,5
9364,3600.0,4600.0,0.0,0.085,0.0,0.0,0.0,0,0,0,NONE,NONE,False,,,5
9365,3650.0,4600.0,0.0,0.085,0.0,0.0,0.0,0,0,0,NONE,NONE,False,,,5
9366,3700.0,4600.0,0.0,0.085,0.0,0.0,0.0,0,0,0,NONE,NONE,False,,,4
9367,3750.0,4600.0,0.0,0.085,0.0,0.0,0.0,0,0,0,NONE,NONE,False,,,4
9368,3800.0,4600.0,0.0,0.085,0.0,0.0,0.0,0,0,0,NONE,NONE,False,,,5
9369,3850.0,4600.0,0.0,0.085,0.0,0.0,0.0,0,0,0,NONE,NONE,False,,,5
9370,3900.0,4600.0,0.0,0.085,0.0,0.0,0.0,0,0,0,NONE,NONE,False,,,5
9371,3950.0,4600.0,0.0,0.085,0.0,0.0,0.0,0,0,0,NONE,NONE,False,,,4
9372,4000.0,4600.0,0.0,0.085,0.0,0.0,0.0,0,0,0,NONE,NONE,False,,,4
9373,4050.0,4600.0,0.0,0.085,0.0,0.0,0.0,0,0,0,NONE,NONE,False,,,4
9374,4100.0,4600.0,0.0,0.085,0.0,0.0,0.0,0,0,0,NONE,NONE,False,,,3
9375,4150.0,4600.0,0.0,0.085,0.0,0.0,0.0,0,0,0,NONE,NONE,False,,,2
9376,4200.0,4600.0,0.0,0.085,0.0,0.0,0.0,0,0,0,NONE,NONE,False,,,3
9377,4250.0,4600.0,0.0,0.085,0.0,0.0,0.0,0,0,0,NONE,NONE,False,,,2
9378,4300.0,4600.0,0.0,0.085,0.0,0.0,0.0,0,0,0,NONE,NONE,False,,,1
9379,4350.0,4600.0,0.0,0.085,0.0,0.0,0.0,0,0,0,NONE,NONE,False,,,2
9380,4400.0,4600.0,0.0,0.085,0.0,0.0,0.0,0,0,0,NONE,NONE,False,,,2
9381,4450.0,4600.0,0.0,0.085,0.0,0.0,0.0,0,0,0,NONE,NONE,False,,,2
9382,4500.0,4600.0,0.0,0.085,0.0,0.0,0.0,0,0,0,NONE,NONE,False,,,2
9383,4550.0,4600.0,0.0,0.085,0.0,0.0,0.0,0,0,0,NONE,NONE,False,,,1
9384,4600.0,4600.0,0.0,0.085,0.0,0.0,0.0,0,0,0,NONE,NONE,False,,,1
9385,4650.0,4600.0,0.0,0.085,0.0,0.0,0.0,0,0,0,NONE,NONE,False,,,1
9386,4700.0,4600.0,0.0,0.085,0.0,0.0,0.0,0,0,0,NONE,NONE,False,,,0
9387,4750.0,4600.0,0.0,0.085,0.0,0.0,0.0,0,0,0,NONE,NONE,False,,,0
9388,4800.0,4600.0,0.0,0.085,0.0,0.0,0.0,0,0,0,NONE,NONE,False,,,0
9389,4850.0,4600.0,0.0,0.085,0.0,0.0,0.0,0,0,0,NONE,NONE,False,,,0
9390,4900.0,4600.0,0.0,0.085,0.0,0.0,0.0,0,0,0,NONE,NONE,False,,,0
9391,4950.0,4600.0,0.0,0.085,0.0,0.0,0.0,0,0,0,NONE,NONE,False,,,0
9392,5000.0,4600.0,0.0,0.085,0.0,0.0,0.0,0,0,0,NONE,NONE,False,,,0
9393,0.0,4650.0,0.0,0.085,0.0,0.0,0.0,0,0,0,NONE,NONE,False,,,1
9394,50.0,4650.0,0.0,0.085,0.0,0.0,0.0,0,0,0,NONE,NONE,False,,,2
9395,100.0,4650.0,0.0,0.085,0.0,0.0,0.0,0,0,0,NONE,NONE,False,,,2
9396,150.0,4650.0,0.0,0.085,0.0,0.0,0.0,0,0,0,NONE,NONE,False,,,2
9397,200.0,4650.0,0.0,0.085,0.0,0.0,0.0,0,0,0,NONE,NONE,False,,,3
9398,250.0,4650.0,0.0,0.085,0.0,0.0,0.0,0,0,0,NONE,NONE,False,,,2
9399,300.0,4650.0,0.0,0.085,0.0,0.0,0.0,0,0,0,NONE,NONE,False,,,2
9400,350.0,4650.0,0.0,0.085,0.0,0.0,0.0,0,0,0,NONE,NONE,True,minor,RN3,2
9401,400.0,4650.0,0.0,0.085,0.0,0.0,0.0,0,0,0,NONE,NONE,False,,,1
9402,450.0,4650.0,0.0,0.085,0.0,0.0,0.0,0,0,0,NONE,NONE,False,,,1
9403,500.0,4650.0,0.0,0.085,0.0,0.0,0.0,0,0,0,NONE,NONE,False,,,1
9404,550.0,4650.0,0.0,10.0,1.0,0.0,1.0,1,0,0,NONE,NONE,False,,,0
9405,600.0,4650.0,0.0,0.085,0.0,0.0,0.0,0,0,0,NONE,NONE,False,,,0
9406,650.0,4650.0,0.0,0.085,0.0,0.0,0.0,0,0,0,NONE,NONE,False,,,1
9407,700.0,4650.0,0.0,0.085,0.0,0.0,0.0,0,0,0,NONE,NONE,False,,,1
9408,750.0,4650.0,0.0,0.085,0.0,0.0,0.0,0,0,0,NONE,NONE,False,,,1
9409,800.0,4650.0,0.0,0.085,0.0,0.0,0.0,0,0,0,NONE,NONE,False,,,2
9410,850.0,4650.0,0.0,0.085,0.0,0.0,0.0,0,0,0,NONE,NONE,False,,,2
9411,900.0,4650.0,0.0,0.085,0.0,0.0,0.0,0,0,0,NONE,NONE,False,,,3
9412,950.0,4650.0,0.0,0.085,0.0,0.0,0.0,0,0,0,NONE,NONE,False,,,3
9413,1000.0,4650.0,0.0,0.085,0.0,0.0,0.0,0,0,0,NONE,NONE,False,,,3
9414,1050.0,4650.0,0.0,0.085,0.0,0.0,0.0,0,0,0,NONE,NONE,False,,,2
9415,1100.0,4650.0,0.0,0.085,0.0,0.0,0.0,0,0,0,NONE,NONE,False,,,4
9416,1150.0,4650.0,0.0,0.085,0.0,0.0,0.0,0,0,0,NONE,NONE,False,,,6
9417,1200.0,4650.0,0.0,0.085,0.0,0.0,0.0,0,0,0,NONE,NONE,False,,,5
9418,1250.0,4650.0,0.0,0.085,0.0,0.0,0.0,0,0,0,NONE,NONE,False,,,6
9419,1300.0,4650.0,0.0,0.085,0.0,0.0,0.0,0,0,0,NONE,NONE,False,,,6
9420,1350.0,4650.0,0.0,0.085,0.0,0.0,0.0,0,0,0,NONE,NONE,False,,,5
9421,1400.0,4650.0,0.0,0.085,0.0,0.0,0.0,0,0,0,NONE,NONE,False,,,5
9422,1450.0,4650.0,0.0,0.085,0.0,0.0,0.0,0,0,0,NONE,NONE,False,,,5
9423,1500.0,4650.0,0.0,0.085,0.0,0.0,0.0,0,0,0,NONE,NONE,False,,,4
9424,1550.0,4650.0,0.0,0.085,0.0,0.0,0.0,0,0,0,NONE,NONE,False,,,4
9425,1600.0,4650.0,0.0,0.085,0.0,0.0,0.0,0,0,0,NONE,NONE,False,,,4
9426,1650.0,4650.0,0.0,0.085,0.0,0.0,0.0,0,0,0,NONE,NONE,False,,,3
9427,1700.0,4650.0,0.0,0.085,0.0,0.0,0.0,0,0,0,NONE,NONE,False,,,2
9428,1750.0,4650.0,0.0,0.085,0.0,0.0,0.0,0,0,0,NONE,NONE,False,,,2
9429,1800.0,4650.0,0.0,0.085,0.0,0.0,0.0,0,0,0,NONE,NONE,False,,,1
9430,1850.0,4650.0,0.0,10.0,1.0,0.0,1.0,1,0,0,NONE,NONE,False,,,0
9431,1900.0,4650.0,0.0,10.0,1.0,0.0,1.0,1,0,0,NONE,NONE,False,,,0
9432,1950.0,4650.0,0.0,10.0,1.0,0.0,1.0,1,0,0,NONE,NONE,False,,,0
9433,2000.0,4650.0,0.0,10.0,1.0,0.0,1.0,1,0,0,NONE,NONE,False,,,0
9434,2050.0,4650.0,0.0,10.0,1.0,0.0,1.0,1,0,0,NONE,NONE,False,,,0
9435,2100.0,4650.0,0.0,10.0,1.0,0.0,1.0,1,0,0,NONE,NONE,False,,,0
9436,2150.0,4650.0,0.0,10.0,1.0,0.0,1.0,1,0,0,NONE,NONE,False,,,0
9437,2200.0,4650.0,0.0,10.0,1.0,0.0,1.0,1,0,0,NONE,NONE,False,,,0
9438,2250.0,4650.0,0.0,0.085,0.0,0.0,0.0,0,0,0,NONE,NONE,False,,,1
9439,2300.0,4650.0,0.0,0.085,0.0,0.0,0.0,0,0,0,NONE,NONE,False,,,2
9440,2350.0,4650.0,0.0,0.085,0.0,0.0,0.0,0,0,0,NONE,NONE,False,,,3
9441,2400.0,4650.0,0.0,0.085,0.0,0.0,0.0,0,0,0,NONE,NONE,False,,,3
9442,2450.0,4650.0,0.0,0.085,0.0,0.0,0.0,0,0,0,NONE,NONE,False,,,4
9443,2500.0,4650.0,0.0,0.085,0.0,0.0,0.0,0,0,0,NONE,NONE,False,,,4
9444,2550.0,4650.0,0.0,0.085,0.0,0.0,0.0,0,0,0,NONE,NONE,False,,,4
9445,2600.0,4650.0,0.0,0.085,0.0,0.0,0.0,0,0,0,NONE,NONE,False,,,4
9446,2650.0,4650.0,0.0,0.085,0.0,0.0,0.0,0,0,0,NONE,NONE,False,,,4
9447,2700.0,4650.0,0.0,0.085,0.0,0.0,0.0,0,0,0,NONE,NONE,False,,,5
9448,2750.0,4650.0,0.0,0.085,0.0,0.0,0.0,0,0,0,NONE,NONE,False,,,5
9449,2800.0,4650.0,0.0,0.085,0.0,0.0,0.0,0,0,0,NONE,NONE,False,,,6
9450,2850.0,4650.0,0.0,0.085,0.0,0.0,0.0,0,0,0,NONE,NONE,False,,,6
9451,2900.0,4650.0,0.0,0.085,0.0,0.0,0.0,0,0,0,NONE,NONE,False,,,7
9452,2950.0,4650.0,0.0,0.085,0.0,0.0,0.0,0,0,0,NONE,NONE,False,,,7
9453,3000.0,4650.0,0.0,0.085,0.0,0.0,0.0,0,0,0,NONE,NONE,False,,,7
9454,3050.0,4650.0,0.0,0.085,0.0,0.0,0.0,0,0,0,NONE,NONE,False,,,7
9455,3100.0,4650.0,0.0,0.085,0.0,0.0,0.0,0,0,0,NONE,NONE,False,,,7
9456,3150.0,4650.0,0.0,0.085,0.0,0.0,0.0,0,0,0,NONE,NONE,False,,,7
9457,3200.0,4650.0,0.0,0.085,0.0,0.0,0.0,0,0,0,NONE,NONE,False,,,6
9458,3250.0,4650.0,0.0,0.085,0.0,0.0,0.0,0,0,0,NONE,NONE,False,,,6
9459,3300.0,4650.0,0.0,0.085,0.0,0.0,0.0,0,0,0,NONE,NONE,False,,,5
9460,3350.0,4650.0,0.0,0.085,0.0,0.0,0.0,0,0,0,NONE,NONE,False,,,5
9461,3400.0,4650.0,0.0,0.085,0.0,0.0,0.0,0,0,0,NONE,NONE,False,,,6
9462,3450.0,4650.0,0.0,0.085,0.0,0.0,0.0,0,0,0,NONE,NONE,False,,,5
9463,3500.0,4650.0,0.0,0.085,0.0,0.0,0.0,0,0,0,NONE,NONE,False,,,5
9464,3550.0,4650.0,0.0,0.085,0.0,0.0,0.0,0,0,0,NONE,NONE,False,,,5
9465,3600.0,4650.0,0.0,0.085,0.0,0.0,0.0,0,0,0,NONE,NONE,False,,,5
9466,3650.0,4650.0,0.0,0.085,0.0,0.0,0.0,0,0,0,NONE,NONE,False,,,4
9467,3700.0,4650.0,0.0,0.085,0.0,0.0,0.0,0,0,0,NONE,NONE,False,,,4
9468,3750.0,4650.0,0.0,0.085,0.0,0.0,0.0,0,0,0,NONE,NONE,False,,,4
9469,3800.0,4650.0,0.0,0.085,0.0,0.0,0.0,0,0,0,NONE,NONE,False,,,5
9470,3850.0,4650.0,0.0,0.085,0.0,0.0,0.0,0,0,0,NONE,NONE,False,,,4
9471,3900.0,4650.0,0.0,0.085,0.0,0.0,0.0,0,0,0,NONE,NONE,False,,,4
9472,3950.0,4650.0,0.0,0.085,0.0,0.0,0.0,0,0,0,NONE,NONE,False,,,4
9473,4000.0,4650.0,0.0,0.085,0.0,0.0,0.0,0,0,0,NONE,NONE,False,,,4
9474,4050.0,4650.0,0.0,0.085,0.0,0.0,0.0,0,0,0,NONE,NONE,False,,,3
9475,4100.0,4650.0,0.0,0.085,0.0,0.0,0.0,0,0,0,NONE,NONE,False,,,2
9476,4150.0,4650.0,0.0,0.085,0.0,0.0,0.0,0,0,0,NONE,NONE,False,,,3
9477,4200.0,4650.0,0.0,0.085,0.0,0.0,0.0,0,0,0,NONE,NONE,False,,,2
9478,4250.0,4650.0,0.0,0.085,0.0,0.0,0.0,0,0,0,NONE,NONE,False,,,1
9479,4300.0,4650.0,0.0,0.085,0.0,0.0,0.0,0,0,0,NONE,NONE,False,,,2
9480,4350.0,4650.0,0.0,0.085,0.0,0.0,0.0,0,0,0,NONE,NONE,False,,,2
9481,4400.0,4650.0,0.0,0.085,0.0,0.0,0.0,0,0,0,NONE,NONE,False,,,2
9482,4450.0,4650.0,0.0,0.085,0.0,0.0,0.0,0,0,0,NONE,NONE,False,,,2
9483,4500.0,4650.0,0.0,0.085,0.0,0.0,0.0,0,0,0,NONE,NONE,False,,,1
9484,4550.0,4650.0,0.0,0.085,0.0,0.0,0.0,0,0,0,NONE,NONE,False,,,1
9485,4600.0,4650.0,0.0,0.085,0.0,0.0,0.0,0,0,0,NONE,NONE,False,,,1
9486,4650.0,4650.0,0.0,0.085,0.0,0.0,0.0,0,0,0,NONE,NONE,True,minor,RN4,0
9487,4700.0,4650.0,0.0,0.085,0.0,0.0,0.0,0,0,0,NONE,NONE,False,,,0
9488,4750.0,4650.0,0.0,0.085,0.0,0.0,0.0,0,0,0,NONE,NONE,False,,,0
9489,4800.0,4650.0,0.0,0.085,0.0,0.0,0.0,0,0,0,NONE,NONE,False,,,0
9490,4850.0,4650.0,0.0,0.085,0.0,0.0,0.0,0,0,0,NONE,NONE,False,,,0
9491,4900.0,4650.0,0.0,0.085,0.0,0.0,0.0,0,0,0,NONE,NONE,False,,,0
9492,4950.0,4650.0,0.0,0.085,0.0,0.0,0.0,0,0,0,NONE,NONE,False,,,0
9493,5000.0,4650.0,0.0,0.085,0.0,0.0,0.0,0,0,0,NONE,NONE,False,,,0
9494,0.0,4700.0,0.0,0.085,0.0,0.0,0.0,0,0,0,NONE,NONE,False,,,1
9495,50.0,4700.0,0.0,0.085,0.0,0.0,0.0,0,0,0,NONE,NONE,False,,,1
9496,100.0,4700.0,0.0,0.085,0.0,0.0,0.0,0,0,0,NONE,NONE,False,,,2
9497,150.0,4700.0,0.0,0.085,0.0,0.0,0.0,0,0,0,NONE,NONE,False,,,2
9498,200.0,4700.0,0.0,0.085,0.0,0.0,0.0,0,0,0,NONE,NONE,False,,,2
9499,250.0,4700.0,0.0,0.085,0.0,0.0,0.0,0,0,0,NONE,NONE,False,,,3
9500,300.0,4700.0,0.0,0.085,0.0,0.0,0.0,0,0,0,NONE,NONE,False,,,2
9501,350.0,4700.0,0.0,0.085,0.0,0.0,0.0,0,0,0,NONE,NONE,False,,,2
9502,400.0,4700.0,0.0,0.085,0.0,0.0,0.0,0,0,0,NONE,NONE,False,,,2
9503,450.0,4700.0,0.0,0.085,0.0,0.0,0.0,0,0,0,NONE,NONE,False,,,1
9504,500.0,4700.0,0.0,0.085,0.0,0.0,0.0,0,0,0,NONE,NONE,False,,,1
9505,550.0,4700.0,0.0,0.085,0.0,0.0,0.0,0,0,0,NONE,NONE,False,,,1
9506,600.0,4700.0,0.0,0.085,0.0,0.0,0.0,0,0,0,NONE,NONE,False,,,1
9507,650.0,4700.0,0.0,0.085,0.0,0.0,0.0,0,0,0,NONE,NONE,False,,,1
9508,700.0,4700.0,0.0,0.085,0.0,0.0,0.0,0,0,0,NONE,NONE,False,,,1
9509,750.0,4700.0,0.0,0.085,0.0,0.0,0.0,0,0,0,NONE,NONE,False,,,1
9510,800.0,4700.0,0.0,0.085,0.0,0.0,0.0,0,0,0,NONE,NONE,False,,,2
9511,850.0,4700.0,0.0,0.085,0.0,0.0,0.0,0,0,0,NONE,NONE,False,,,2
9512,900.0,4700.0,0.0,0.085,0.0,0.0,0.0,0,0,0,NONE,NONE,False,,,3
9513,950.0,4700.0,0.0,0.085,0.0,0.0,0.0,0,0,0,NONE,NONE,False,,,2
9514,1000.0,4700.0,0.0,0.085,0.0,0.0,0.0,0,0,0,NONE,NONE,False,,,2
9515,1050.0,4700.0,0.0,0.085,0.0,0.0,0.0,0,0,0,NONE,NONE,False,,,3
9516,1100.0,4700.0,0.0,0.085,0.0,0.0,0.0,0,0,0,NONE,NONE,False,,,2
9517,1150.0,4700.0,0.0,0.085,0.0,0.0,0.0,0,0,0,NONE,NONE,False,,,5
9518,1200.0,4700.0,0.0,0.085,0.0,0.0,0.0,0,0,0,NONE,NONE,False,,,6
9519,1250.0,4700.0,0.0,0.085,0.0,0.0,0.0,0,0,0,NONE,NONE,False,,,5
9520,1300.0,4700.0,0.0,0.085,0.0,0.0,0.0,0,0,0,NONE,NONE,False,,,5
9521,1350.0,4700.0,0.0,0.085,0.0,0.0,0.0,0,0,0,NONE,NONE,False,,,6
9522,1400.0,4700.0,0.0,0.085,0.0,0.0,0.0,0,0,0,NONE,NONE,False,,,5
9523,1450.0,4700.0,0.0,0.085,0.0,0.0,0.0,0,0,0,NONE,NONE,False,,,5
9524,1500.0,4700.0,0.0,0.085,0.0,0.0,0.0,0,0,0,NONE,NONE,False,,,5
9525,1550.0,4700.0,0.0,0.085,0.0,0.0,0.0,0,0,0,NONE,NONE,False,,,4
9526,1600.0,4700.0,0.0,0.085,0.0,0.0,0.0,0,0,0,NONE,NONE,False,,,4
9527,1650.0,4700.0,0.0,0.085,0.0,0.0,0.0,0,0,0,NONE,NONE,False,,,5
9528,1700.0,4700.0,0.0,0.085,0.0,0.0,0.0,0,0,0,NONE,NONE,False,,,4
9529,1750.0,4700.0,0.0,0.085,0.0,0.0,0.0,0,0,0,NONE,NONE,False,,,3
9530,1800.0,4700.0,0.0,0.085,0.0,0.0,0.0,0,0,0,NONE,NONE,False,,,2
9531,1850.0,4700.0,0.0,10.0,1.0,0.0,1.0,1,0,0,NONE,NONE,False,,,0
9532,1900.0,4700.0,0.0,10.0,1.0,0.0,1.0,1,0,0,NONE,NONE,False,,,0
9533,1950.0,4700.0,0.0,10.0,1.0,0.0,1.0,1,0,0,NONE,NONE,False,,,0
9534,2000.0,4700.0,0.0,10.0,1.0,0.0,1.0,1,0,0,NONE,NONE,False,,,0
9535,2050.0,4700.0,0.0,10.0,1.0,0.0,1.0,1,0,0,NONE,NONE,False,,,0
9536,2100.0,4700.0,0.0,10.0,1.0,0.0,1.0,1,0,0,NONE,NONE,False,,,0
9537,2150.0,4700.0,0.0,10.0,1.0,0.0,1.0,1,0,0,NONE,NONE,False,,,0
9538,2200.0,4700.0,0.0,10.0,1.0,0.0,1.0,1,0,0,NONE,NONE,False,,,0
9539,2250.0,4700.0,0.0,0.085,0.0,0.0,0.0,0,0,0,NONE,NONE,False,,,3
9540,2300.0,4700.0,0.0,0.085,0.0,0.0,0.0,0,0,0,NONE,NONE,False,,,4
9541,2350.0,4700.0,0.0,0.085,0.0,0.0,0.0,0,0,0,NONE,NONE,False,,,4
9542,2400.0,4700.0,0.0,0.085,0.0,0.0,0.0,0,0,0,NONE,NONE,False,,,5
9543,2450.0,4700.0,0.0,0.085,0.0,0.0,0.0,0,0,0,NONE,NONE,False,,,4
9544,2500.0,4700.0,0.0,0.085,0.0,0.0,0.0,0,0,0,NONE,NONE,False,,,6
9545,2550.0,4700.0,0.0,0.085,0.0,0.0,0.0,0,0,0,NONE,NONE,False,,,6
9546,2600.0,4700.0,0.0,0.085,0.0,0.0,0.0,0,0,0,NONE,NONE,False,,,5
9547,2650.0,4700.0,0.0,0.085,0.0,0.0,0.0,0,0,0,NONE,NONE,False,,,5
9548,2700.0,4700.0,0.0,0.085,0.0,0.0,0.0,0,0,0,NONE,NONE,False,,,5
9549,2750.0,4700.0,0.0,0.085,0.0,0.0,0.0,0,0,0,NONE,NONE,False,,,6
9550,2800.0,4700.0,0.0,0.085,0.0,0.0,0.0,0,0,0,NONE,NONE,False,,,6
9551,2850.0,4700.0,0.0,0.085,0.0,0.0,0.0,0,0,0,NONE,NONE,False,,,5
9552,2900.0,4700.0,0.0,0.085,0.0,0.0,0.0,0,0,0,NONE,NONE,False,,,5
9553,2950.0,4700.0,0.0,0.085,0.0,0.0,0.0,0,0,0,NONE,NONE,False,,,6
9554,3000.0,4700.0,0.0,0.085,0.0,0.0,0.0,0,0,0,NONE,NONE,False,,,7
9555,3050.0,4700.0,0.0,0.085,0.0,0.0,0.0,0,0,0,NONE,NONE,False,,,7
9556,3100.0,4700.0,0.0,0.085,0.0,0.0,0.0,0,0,0,NONE,NONE,False,,,6
9557,3150.0,4700.0,0.0,0.085,0.0,0.0,0.0,0,0,0,NONE,NONE,False,,,7
9558,3200.0,4700.0,0.0,0.085,0.0,0.0,0.0,0,0,0,NONE,NONE,False,,,5
9559,3250.0,4700.0,0.0,0.085,0.0,0.0,0.0,0,0,0,NONE,NONE,False,,,4
9560,3300.0,4700.0,0.0,0.085,0.0,0.0,0.0,0,0,0,NONE,NONE,False,,,5
9561,3350.0,4700.0,0.0,0.085,0.0,0.0,0.0,0,0,0,NONE,NONE,False,,,5
9562,3400.0,4700.0,0.0,0.085,0.0,0.0,0.0,0,0,0,NONE,NONE,False,,,4
9563,3450.0,4700.0,0.0,0.085,0.0,0.0,0.0,0,0,0,NONE,NONE,False,,,4
9564,3500.0,4700.0,0.0,0.085,0.0,0.0,0.0,0,0,0,NONE,NONE,False,,,4
9565,3550.0,4700.0,0.0,0.085,0.0,0.0,0.0,0,0,0,NONE,NONE,False,,,4
9566,3600.0,4700.0,0.0,0.085,0.0,0.0,0.0,0,0,0,NONE,NONE,False,,,4
9567,3650.0,4700.0,0.0,0.085,0.0,0.0,0.0,0,0,0,NONE,NONE,False,,,4
9568,3700.0,4700.0,0.0,0.085,0.0,0.0,0.0,0,0,0,NONE,NONE,False,,,4
9569,3750.0,4700.0,0.0,0.085,0.0,0.0,0.0,0,0,0,NONE,NONE,False,,,3
9570,3800.0,4700.0,0.0,0.085,0.0,0.0,0.0,0,0,0,NONE,NONE,False,,,3
9571,3850.0,4700.0,0.0,0.085,0.0,0.0,0.0,0,0,0,NONE,NONE,False,,,4
9572,3900.0,4700.0,0.0,0.085,0.0,0.0,0.0,0,0,0,NONE,NONE,False,,,4
9573,3950.0,4700.0,0.0,0.085,0.0,0.0,0.0,0,0,0,NONE,NONE,False,,,4
9574,4000.0,4700.0,0.0,0.085,0.0,0.0,0.0,0,0,0,NONE,NONE,False,,,3
9575,4050.0,4700.0,0.0,0.085,0.0,0.0,0.0,0,0,0,NONE,NONE,False,,,2
9576,4100.0,4700.0,0.0,0.085,0.0,0.0,0.0,0,0,0,NONE,NONE,False,,,3
9577,4150.0,4700.0,0.0,0.085,0.0,0.0,0.0,0,0,0,NONE,NONE,False,,,2
9578,4200.0,4700.0,0.0,0.085,0.0,0.0,0.0,0,0,0,NONE,NONE,False,,,1
9579,4250.0,4700.0,0.0,0.085,0.0,0.0,0.0,0,0,0,NONE,NONE,False,,,2
9580,4300.0,4700.0,0.0,0.085,0.0,0.0,0.0,0,0,0,NONE,NONE,False,,,2
9581,4350.0,4700.0,0.0,0.085,0.0,0.0,0.0,0,0,0,NONE,NONE,False,,,2
9582,4400.0,4700.0,0.0,0.085,0.0,0.0,0.0,0,0,0,NONE,NONE,False,,,2
9583,4450.0,4700.0,0.0,0.085,0.0,0.0,0.0,0,0,0,NONE,NONE,False,,,1
9584,4500.0,4700.0,0.0,0.085,0.0,0.0,0.0,0,0,0,NONE,NONE,False,,,1
9585,4550.0,4700.0,0.0,0.085,0.0,0.0,0.0,0,0,0,NONE,NONE,False,,,1
9586,4600.0,4700.0,0.0,0.085,0.0,0.0,0.0,0,0,0,NONE,NONE,False,,,0
9587,4650.0,4700.0,0.0,0.085,0.0,0.0,0.0,0,0,0,NONE,NONE,False,,,0
9588,4700.0,4700.0,0.0,0.085,0.0,0.0,0.0,0,0,0,NONE,NONE,False,,,0
9589,4750.0,4700.0,0.0,0.085,0.0,0.0,0.0,0,0,0,NONE,NONE,False,,,0
9590,4800.0,4700.0,0.0,0.085,0.0,0.0,0.0,0,0,0,NONE,NONE,False,,,0
9591,4850.0,4700.0,0.0,0.085,0.0,0.0,0.0,0,0,0,NONE,NONE,False,,,0
9592,4900.0,4700.0,0.0,0.085,0.0,0.0,0.0,0,0,0,NONE,NONE,False,,,0
9593,4950.0,4700.0,0.0,0.085,0.0,0.0,0.0,0,0,0,NONE,NONE,False,,,0
9594,5000.0,4700.0,0.0,0.085,0.0,0.0,0.0,0,0,0,NONE,NONE,False,,,0
9595,0.0,4750.0,0.0,0.085,0.0,0.0,0.0,0,0,0,NONE,NONE,False,,,1
9596,50.0,4750.0,0.0,0.085,0.0,0.0,0.0,0,0,0,NONE,NONE,False,,,1
9597,100.0,4750.0,0.0,0.085,0.0,0.0,0.0,0,0,0,NONE,NONE,False,,,1
9598,150.0,4750.0,0.0,0.085,0.0,0.0,0.0,0,0,0,NONE,NONE,False,,,2
9599,200.0,4750.0,0.0,0.085,0.0,0.0,0.0,0,0,0,NONE,NONE,False,,,2
9600,250.0,4750.0,0.0,0.085,0.0,0.0,0.0,0,0,0,NONE,NONE,False,,,2
9601,300.0,4750.0,0.0,0.085,0.0,0.0,0.0,0,0,0,NONE,NONE,False,,,3
9602,350.0,4750.0,0.0,0.085,0.0,0.0,0.0,0,0,0,NONE,NONE,False,,,2
9603,400.0,4750.0,0.0,0.085,0.0,0.0,0.0,0,0,0,NONE,NONE,False,,,3
9604,450.0,4750.0,0.0,0.085,0.0,0.0,0.0,0,0,0,NONE,NONE,False,,,3
9605,500.0,4750.0,0.0,0.085,0.0,0.0,0.0,0,0,0,NONE,NONE,False,,,2
9606,550.0,4750.0,0.0,0.085,0.0,0.0,0.0,0,0,0,NONE,NONE,False,,,2
9607,600.0,4750.0,0.0,0.085,0.0,0.0,0.0,0,0,0,NONE,NONE,False,,,2
9608,650.0,4750.0,0.0,0.085,0.0,0.0,0.0,0,0,0,NONE,NONE,False,,,2
9609,700.0,4750.0,0.0,0.085,0.0,0.0,0.0,0,0,0,NONE,NONE,False,,,2
9610,750.0,4750.0,0.0,0.085,0.0,0.0,0.0,0,0,0,NONE,NONE,False,,,2
9611,800.0,4750.0,0.0,0.085,0.0,0.0,0.0,0,0,0,NONE,NONE,False,,,3
9612,850.0,4750.0,0.0,0.085,0.0,0.0,0.0,0,0,0,NONE,NONE,False,,,3
9613,900.0,4750.0,0.0,0.085,0.0,0.0,0.0,0,0,0,NONE,NONE,False,,,2
9614,950.0,4750.0,0.0,0.085,0.0,0.0,0.0,0,0,0,NONE,NONE,False,,,2
9615,1000.0,4750.0,0.0,0.085,0.0,0.0,0.0,0,0,0,NONE,NONE,False,,,2
9616,1050.0,4750.0,0.0,0.085,0.0,0.0,0.0,0,0,0,NONE,NONE,False,,,2
9617,1100.0,4750.0,0.0,0.085,0.0,0.0,0.0,0,0,0,NONE,NONE,False,,,3
9618,1150.0,4750.0,0.0,0.085,0.0,0.0,0.0,0,0,0,NONE,NONE,False,,,3
9619,1200.0,4750.0,0.0,0.085,0.0,0.0,0.0,0,0,0,NONE,NONE,False,,,5
9620,1250.0,4750.0,0.0,0.085,0.0,0.0,0.0,0,0,0,NONE,NONE,False,,,6
9621,1300.0,4750.0,0.0,0.085,0.0,0.0,0.0,0,0,0,NONE,NONE,False,,,5
9622,1350.0,4750.0,0.0,0.085,0.0,0.0,0.0,0,0,0,NONE,NONE,False,,,4
9623,1400.0,4750.0,0.0,0.085,0.0,0.0,0.0,0,0,0,NONE,NONE,False,,,4
9624,1450.0,4750.0,0.0,0.085,0.0,0.0,0.0,0,0,0,NONE,NONE,False,,,4
9625,1500.0,4750.0,0.0,0.085,0.0,0.0,0.0,0,0,0,NONE,NONE,False,,,4
9626,1550.0,4750.0,0.0,0.085,0.0,0.0,0.0,0,0,0,NONE,NONE,False,,,5
9627,1600.0,4750.0,0.0,0.085,0.0,0.0,0.0,0,0,0,NONE,NONE,False,,,4
9628,1650.0,4750.0,0.0,0.085,0.0,0.0,0.0,0,0,0,NONE,NONE,False,,,5
9629,1700.0,4750.0,0.0,0.085,0.0,0.0,0.0,0,0,0,NONE,NONE,False,,,5
9630,1750.0,4750.0,0.0,0.085,0.0,0.0,0.0,0,0,0,NONE,NONE,False,,,5
9631,1800.0,4750.0,0.0,0.085,0.0,0.0,0.0,0,0,0,NONE,NONE,False,,,4
9632,1850.0,4750.0,0.0,0.085,0.0,0.0,0.0,0,0,0,NONE,NONE,False,,,3
9633,1900.0,4750.0,0.0,10.0,1.0,0.0,1.0,1,0,0,NONE,NONE,False,,,0
9634,1950.0,4750.0,0.0,10.0,1.0,0.0,1.0,1,0,0,NONE,NONE,False,,,0
9635,2000.0,4750.0,0.0,10.0,1.0,0.0,1.0,1,0,0,NONE,NONE,False,,,0
9636,2050.0,4750.0,0.0,10.0,1.0,0.0,1.0,1,0,0,NONE,NONE,False,,,0
9637,2100.0,4750.0,0.0,10.0,1.0,0.0,1.0,1,0,0,NONE,NONE,False,,,0
9638,2150.0,4750.0,0.0,10.0,1.0,0.0,1.0,1,0,0,NONE,NONE,False,,,0
9639,2200.0,4750.0,0.0,10.0,1.0,0.0,1.0,1,0,0,NONE,NONE,False,,,0
9640,2250.0,4750.0,0.0,0.085,0.0,0.0,0.0,0,0,0,NONE,NONE,False,,,5
9641,2300.0,4750.0,0.0,0.085,0.0,0.0,0.0,0,0,0,NONE,NONE,False,,,5
9642,2350.0,4750.0,0.0,0.085,0.0,0.0,0.0,0,0,0,NONE,NONE,False,,,5
9643,2400.0,4750.0,0.0,0.085,0.0,0.0,0.0,0,0,0,NONE,NONE,False,,,6
9644,2450.0,4750.0,0.0,0.085,0.0,0.0,0.0,0,0,0,NONE,NONE,False,,,6
9645,2500.0,4750.0,0.0,0.085,0.0,0.0,0.0,0,0,0,NONE,NONE,False,,,6
9646,2550.0,4750.0,0.0,0.085,0.0,0.0,0.0,0,0,0,NONE,NONE,False,,,6
9647,2600.0,4750.0,0.0,0.085,0.0,0.0,0.0,0,0,0,NONE,NONE,False,,,6
9648,2650.0,4750.0,0.0,0.085,0.0,0.0,0.0,0,0,0,NONE,NONE,False,,,6
9649,2700.0,4750.0,0.0,0.085,0.0,0.0,0.0,0,0,0,NONE,NONE,False,,,7
9650,2750.0,4750.0,0.0,0.085,0.0,0.0,0.0,0,0,0,NONE,NONE,False,,,6
9651,2800.0,4750.0,0.0,0.085,0.0,0.0,0.0,0,0,0,NONE,NONE,False,,,6
9652,2850.0,4750.0,0.0,0.085,0.0,0.0,0.0,0,0,0,NONE,NONE,False,,,5
9653,2900.0,4750.0,0.0,0.085,0.0,0.0,0.0,0,0,0,NONE,NONE,False,,,5
9654,2950.0,4750.0,0.0,0.085,0.0,0.0,0.0,0,0,0,NONE,NONE,False,,,5
9655,3000.0,4750.0,0.0,0.085,0.0,0.0,0.0,0,0,0,NONE,NONE,False,,,6
9656,3050.0,4750.0,0.0,0.085,0.0,0.0,0.0,0,0,0,NONE,NONE,False,,,7
9657,3100.0,4750.0,0.0,0.085,0.0,0.0,0.0,0,0,0,NONE,NONE,False,,,7
9658,3150.0,4750.0,0.0,0.085,0.0,0.0,0.0,0,0,0,NONE,NONE,False,,,6
9659,3200.0,4750.0,0.0,0.085,0.0,0.0,0.0,0,0,0,NONE,NONE,False,,,6
9660,3250.0,4750.0,0.0,0.085,0.0,0.0,0.0,0,0,0,NONE,NONE,False,,,7
9661,3300.0,4750.0,0.0,0.085,0.0,0.0,0.0,0,0,0,NONE,NONE,False,,,5
9662,3350.0,4750.0,0.0,0.085,0.0,0.0,0.0,0,0,0,NONE,NONE,False,,,5
9663,3400.0,4750.0,0.0,0.085,0.0,0.0,0.0,0,0,0,NONE,NONE,False,,,5
9664,3450.0,4750.0,0.0,0.085,0.0,0.0,0.0,0,0,0,NONE,NONE,False,,,5
9665,3500.0,4750.0,0.0,0.085,0.0,0.0,0.0,0,0,0,NONE,NONE,False,,,4
9666,3550.0,4750.0,0.0,0.085,0.0,0.0,0.0,0,0,0,NONE,NONE,False,,,4
9667,3600.0,4750.0,0.0,0.085,0.0,0.0,0.0,0,0,0,NONE,NONE,False,,,4
9668,3650.0,4750.0,0.0,0.085,0.0,0.0,0.0,0,0,0,NONE,NONE,False,,,4
9669,3700.0,4750.0,0.0,0.085,0.0,0.0,0.0,0,0,0,NONE,NONE,False,,,4
9670,3750.0,4750.0,0.0,0.085,0.0,0.0,0.0,0,0,0,NONE,NONE,False,,,4
9671,3800.0,4750.0,0.0,0.085,0.0,0.0,0.0,0,0,0,NONE,NONE,False,,,4
9672,3850.0,4750.0,0.0,0.085,0.0,0.0,0.0,0,0,0,NONE,NONE,False,,,4
9673,3900.0,4750.0,0.0,0.085,0.0,0.0,0.0,0,0,0,NONE,NONE,False,,,3
9674,3950.0,4750.0,0.0,10.0,1.0,0.0,1.0,1,0,0,NONE,NONE,False,,,0
9675,4000.0,4750.0,0.0,10.0,1.0,0.0,1.0,1,0,0,NONE,NONE,False,,,0
9676,4050.0,4750.0,0.0,0.085,0.0,0.0,0.0,0,0,0,NONE,NONE,False,,,3
9677,4100.0,4750.0,0.0,0.085,0.0,0.0,0.0,0,0,0,NONE,NONE,False,,,2
9678,4150.0,4750.0,0.0,0.085,0.0,0.0,0.0,0,0,0,NONE,NONE,False,,,1
9679,4200.0,4750.0,0.0,0.085,0.0,0.0,0.0,0,0,0,NONE,NONE,False,,,2
9680,4250.0,4750.0,0.0,0.085,0.0,0.0,0.0,0,0,0,NONE,NONE,False,,,2
9681,4300.0,4750.0,0.0,0.085,0.0,0.0,0.0,0,0,0,NONE,NONE,False,,,2
9682,4350.0,4750.0,0.0,0.085,0.0,0.0,0.0,0,0,0,NONE,NONE,False,,,2
9683,4400.0,4750.0,0.0,0.085,0.0,0.0,0.0,0,0,0,NONE,NONE,False,,,1
9684,4450.0,4750.0,0.0,0.085,0.0,0.0,0.0,0,0,0,NONE,NONE,False,,,1
9685,4500.0,4750.0,0.0,0.085,0.0,0.0,0.0,0,0,0,NONE,NONE,False,,,1
9686,4550.0,4750.0,0.0,0.085,0.0,0.0,0.0,0,0,0,NONE,NONE,False,,,0
9687,4600.0,4750.0,0.0,0.085,0.0,0.0,0.0,0,0,0,NONE,NONE,False,,,0
9688,4650.0,4750.0,0.0,0.085,0.0,0.0,0.0,0,0,0,NONE,NONE,False,,,0
9689,4700.0,4750.0,0.0,0.085,0.0,0.0,0.0,0,0,0,NONE,NONE,False,,,0
9690,4750.0,4750.0,0.0,0.085,0.0,0.0,0.0,0,0,0,NONE,NONE,False,,,0
9691,4800.0,4750.0,0.0,0.085,0.0,0.0,0.0,0,0,0,NONE,NONE,False,,,0
9692,4850.0,4750.0,0.0,0.085,0.0,0.0,0.0,0,0,0,NONE,NONE,False,,,0
9693,4900.0,4750.0,0.0,0.085,0.0,0.0,0.0,0,0,0,NONE,NONE,False,,,0
9694,4950.0,4750.0,0.0,0.085,0.0,0.0,0.0,0,0,0,NONE,NONE,False,,,0
9695,5000.0,4750.0,0.0,0.085,0.0,0.0,0.0,0,0,0,NONE,NONE,False,,,0
9696,0.0,4800.0,0.0,0.085,0.0,0.0,0.0,0,0,0,NONE,NONE,False,,,0
9697,50.0,4800.0,0.0,0.085,0.0,0.0,0.0,0,0,0,NONE,NONE,False,,,1
9698,100.0,4800.0,0.0,0.085,0.0,0.0,0.0,0,0,0,NONE,NONE,False,,,1
9699,150.0,4800.0,0.0,0.085,0.0,0.0,0.0,0,0,0,NONE,NONE,False,,,1
9700,200.0,4800.0,0.0,0.085,0.0,0.0,0.0,0,0,0,NONE,NONE,False,,,2
9701,250.0,4800.0,0.0,0.085,0.0,0.0,0.0,0,0,0,NONE,NONE,False,,,2
9702,300.0,4800.0,0.0,0.085,0.0,0.0,0.0,0,0,0,NONE,NONE,False,,,2
9703,350.0,4800.0,0.0,0.085,0.0,0.0,0.0,0,0,0,NONE,NONE,False,,,3
9704,400.0,4800.0,0.0,0.085,0.0,0.0,0.0,0,0,0,NONE,NONE,False,,,3
9705,450.0,4800.0,0.0,0.085,0.0,0.0,0.0,0,0,0,NONE,NONE,False,,,3
9706,500.0,4800.0,0.0,0.085,0.0,0.0,0.0,0,0,0,NONE,NONE,False,,,3
9707,550.0,4800.0,0.0,0.085,0.0,0.0,0.0,0,0,0,NONE,NONE,False,,,2
9708,600.0,4800.0,0.0,0.085,0.0,0.0,0.0,0,0,0,NONE,NONE,False,,,2
9709,650.0,4800.0,0.0,0.085,0.0,0.0,0.0,0,0,0,NONE,NONE,False,,,2
9710,700.0,4800.0,0.0,0.085,0.0,0.0,0.0,0,0,0,NONE,NONE,False,,,2
9711,750.0,4800.0,0.0,0.085,0.0,0.0,0.0,0,0,0,NONE,NONE,False,,,2
9712,800.0,4800.0,0.0,0.085,0.0,0.0,0.0,0,0,0,NONE,NONE,False,,,2
9713,850.0,4800.0,0.0,0.085,0.0,0.0,0.0,0,0,0,NONE,NONE,False,,,2
9714,900.0,4800.0,0.0,0.085,0.0,0.0,0.0,0,0,0,NONE,NONE,False,,,2
9715,950.0,4800.0,0.0,0.085,0.0,0.0,0.0,0,0,0,NONE,NONE,False,,,2
9716,1000.0,4800.0,0.0,0.085,0.0,0.0,0.0,0,0,0,NONE,NONE,False,,,3
9717,1050.0,4800.0,0.0,0.085,0.0,0.0,0.0,0,0,0,NONE,NONE,False,,,3
9718,1100.0,4800.0,0.0,0.085,0.0,0.0,0.0,0,0,0,NONE,NONE,False,,,3
9719,1150.0,4800.0,0.0,0.085,0.0,0.0,0.0,0,0,0,NONE,NONE,False,,,4
9720,1200.0,4800.0,0.0,0.085,0.0,0.0,0.0,0,0,0,NONE,NONE,False,,,4
9721,1250.0,4800.0,0.0,0.085,0.0,0.0,0.0,0,0,0,NONE,NONE,False,,,5
9722,1300.0,4800.0,0.0,0.085,0.0,0.0,0.0,0,0,0,NONE,NONE,False,,,5
9723,1350.0,4800.0,0.0,0.085,0.0,0.0,0.0,0,0,0,NONE,NONE,False,,,5
9724,1400.0,4800.0,0.0,0.085,0.0,0.0,0.0,0,0,0,NONE,NONE,False,,,6
9725,1450.0,4800.0,0.0,0.085,0.0,0.0,0.0,0,0,0,NONE,NONE,False,,,7
9726,1500.0,4800.0,0.0,0.085,0.0,0.0,0.0,0,0,0,NONE,NONE,False,,,6
9727,1550.0,4800.0,0.0,0.085,0.0,0.0,0.0,0,0,0,NONE,NONE,False,,,5
9728,1600.0,4800.0,0.0,0.085,0.0,0.0,0.0,0,0,0,NONE,NONE,False,,,7
9729,1650.0,4800.0,0.0,0.085,0.0,0.0,0.0,0,0,0,NONE,NONE,False,,,7
9730,1700.0,4800.0,0.0,0.085,0.0,0.0,0.0,0,0,0,NONE,NONE,False,,,7
9731,1750.0,4800.0,0.0,0.085,0.0,0.0,0.0,0,0,0,NONE,NONE,False,,,7
9732,1800.0,4800.0,0.0,0.085,0.0,0.0,0.0,0,0,0,NONE,NONE,False,,,6
9733,1850.0,4800.0,0.0,0.085,0.0,0.0,0.0,0,0,0,NONE,NONE,False,,,5
9734,1900.0,4800.0,0.0,0.085,0.0,0.0,0.0,0,0,0,NONE,NONE,False,,,3
9735,1950.0,4800.0,0.0,10.0,1.0,0.0,1.0,1,0,0,NONE,NONE,False,,,0
9736,2000.0,4800.0,0.0,10.0,1.0,0.0,1.0,1,0,0,NONE,NONE,False,,,0
9737,2050.0,4800.0,0.0,10.0,1.0,0.0,1.0,1,0,0,NONE,NONE,False,,,0
9738,2100.0,4800.0,0.0,10.0,1.0,0.0,1.0,1,0,0,NONE,NONE,False,,,0
9739,2150.0,4800.0,0.0,10.0,1.0,0.0,1.0,1,0,0,NONE,NONE,False,,,0
9740,2200.0,4800.0,0.0,0.085,0.0,0.0,0.0,0,0,0,NONE,NONE,False,,,6
9741,2250.0,4800.0,0.0,0.085,0.0,0.0,0.0,0,0,0,NONE,NONE,False,,,6
9742,2300.0,4800.0,0.0,0.085,0.0,0.0,0.0,0,0,0,NONE,NONE,False,,,6
9743,2350.0,4800.0,0.0,0.085,0.0,0.0,0.0,0,0,0,NONE,NONE,False,,,7
9744,2400.0,4800.0,0.0,0.085,0.0,0.0,0.0,0,0,0,NONE,NONE,False,,,8
9745,2450.0,4800.0,0.0,0.085,0.0,0.0,0.0,0,0,0,NONE,NONE,False,,,7
9746,2500.0,4800.0,0.0,0.085,0.0,0.0,0.0,0,0,0,NONE,NONE,False,,,6
9747,2550.0,4800.0,0.0,0.085,0.0,0.0,0.0,0,0,0,NONE,NONE,False,,,6
9748,2600.0,4800.0,0.0,0.085,0.0,0.0,0.0,0,0,0,NONE,NONE,False,,,6
9749,2650.0,4800.0,0.0,0.085,0.0,0.0,0.0,0,0,0,NONE,NONE,False,,,6
9750,2700.0,4800.0,0.0,0.085,0.0,0.0,0.0,0,0,0,NONE,NONE,False,,,6
9751,2750.0,4800.0,0.0,0.085,0.0,0.0,0.0,0,0,0,NONE,NONE,False,,,5
9752,2800.0,4800.0,0.0,0.085,0.0,0.0,0.0,0,0,0,NONE,NONE,False,,,5
9753,2850.0,4800.0,0.0,0.085,0.0,0.0,0.0,0,0,0,NONE,NONE,False,,,6
9754,2900.0,4800.0,0.0,0.085,0.0,0.0,0.0,0,0,0,NONE,NONE,False,,,5
9755,2950.0,4800.0,0.0,0.085,0.0,0.0,0.0,0,0,0,NONE,NONE,False,,,5
9756,3000.0,4800.0,0.0,0.085,0.0,0.0,0.0,0,0,0,NONE,NONE,False,,,6
9757,3050.0,4800.0,0.0,0.085,0.0,0.0,0.0,0,0,0,NONE,NONE,False,,,6
9758,3100.0,4800.0,0.0,0.085,0.0,0.0,0.0,0,0,0,NONE,NONE,False,,,5
9759,3150.0,4800.0,0.0,0.085,0.0,0.0,0.0,0,0,0,NONE,NONE,False,,,5
9760,3200.0,4800.0,0.0,0.085,0.0,0.0,0.0,0,0,0,NONE,NONE,False,,,6
9761,3250.0,4800.0,0.0,0.085,0.0,0.0,0.0,0,0,0,NONE,NONE,False,,,5
9762,3300.0,4800.0,0.0,0.085,0.0,0.0,0.0,0,0,0,NONE,NONE,False,,,5
9763,3350.0,4800.0,0.0,0.085,0.0,0.0,0.0,0,0,0,NONE,NONE,False,,,4
9764,3400.0,4800.0,0.0,0.085,0.0,0.0,0.0,0,0,0,NONE,NONE,False,,,4
9765,3450.0,4800.0,0.0,0.085,0.0,0.0,0.0,0,0,0,NONE,NONE,False,,,3
9766,3500.0,4800.0,0.0,0.085,0.0,0.0,0.0,0,0,0,NONE,NONE,False,,,3
9767,3550.0,4800.0,0.0,0.085,0.0,0.0,0.0,0,0,0,NONE,NONE,False,,,3
9768,3600.0,4800.0,0.0,0.085,0.0,0.0,0.0,0,0,0,NONE,NONE,False,,,3
9769,3650.0,4800.0,0.0,0.085,0.0,0.0,0.0,0,0,0,NONE,NONE,False,,,3
9770,3700.0,4800.0,0.0,0.085,0.0,0.0,0.0,0,0,0,NONE,NONE,False,,,3
9771,3750.0,4800.0,0.0,0.085,0.0,0.0,0.0,0,0,0,NONE,NONE,False,,,3
9772,3800.0,4800.0,0.0,0.085,0.0,0.0,0.0,0,0,0,NONE,NONE,False,,,2
9773,3850.0,4800.0,0.0,0.085,0.0,0.0,0.0,0,0,0,NONE,NONE,False,,,2
9774,3900.0,4800.0,0.0,0.085,0.0,0.0,0.0,0,0,0,NONE,NONE,False,,,3
9775,3950.0,4800.0,0.0,10.0,1.0,0.0,1.0,1,0,0,NONE,NONE,False,,,0
9776,4000.0,4800.0,0.0,10.0,1.0,0.0,1.0,1,0,0,NONE,NONE,False,,,0
9777,4050.0,4800.0,0.0,0.085,0.0,0.0,0.0,0,0,0,NONE,NONE,False,,,1
9778,4100.0,4800.0,0.0,0.085,0.0,0.0,0.0,0,0,0,NONE,NONE,False,,,1
9779,4150.0,4800.0,0.0,0.085,0.0,0.0,0.0,0,0,0,NONE,NONE,False,,,2
9780,4200.0,4800.0,0.0,0.085,0.0,0.0,0.0,0,0,0,NONE,NONE,False,,,2
9781,4250.0,4800.0,0.0,0.085,0.0,0.0,0.0,0,0,0,NONE,NONE,False,,,2
9782,4300.0,4800.0,0.0,0.085,0.0,0.0,0.0,0,0,0,NONE,NONE,False,,,2
9783,4350.0,4800.0,0.0,0.085,0.0,0.0,0.0,0,0,0,NONE,NONE,False,,,1
9784,4400.0,4800.0,0.0,0.085,0.0,0.0,0.0,0,0,0,NONE,NONE,False,,,1
9785,4450.0,4800.0,0.0,0.085,0.0,0.0,0.0,0,0,0,NONE,NONE,False,,,1
9786,4500.0,4800.0,0.0,0.085,0.0,0.0,0.0,0,0,0,NONE,NONE,False,,,0
9787,4550.0,4800.0,0.0,0.085,0.0,0.0,0.0,0,0,0,NONE,NONE,False,,,0
9788,4600.0,4800.0,0.0,0.085,0.0,0.0,0.0,0,0,0,NONE,NONE,False,,,0
9789,4650.0,4800.0,0.0,0.085,0.0,0.0,0.0,0,0,0,NONE,NONE,False,,,0
9790,4700.0,4800.0,0.0,0.085,0.0,0.0,0.0,0,0,0,NONE,NONE,False,,,0
9791,4750.0,4800.0,0.0,0.085,0.0,0.0,0.0,0,0,0,NONE,NONE,False,,,0
9792,4800.0,4800.0,0.0,0.085,0.0,0.0,0.0,0,0,0,NONE,NONE,False,,,0
9793,4850.0,4800.0,0.0,0.085,0.0,0.0,0.0,0,0,0,NONE,NONE,False,,,0
9794,4900.0,4800.0,0.0,0.085,0.0,0.0,0.0,0,0,0,NONE,NONE,False,,,0
9795,4950.0,4800.0,0.0,0.085,0.0,0.0,0.0,0,0,0,NONE,NONE,False,,,0
9796,5000.0,4800.0,0.0,0.085,0.0,0.0,0.0,0,0,0,NONE,NONE,False,,,0
9797,0.0,4850.0,0.0,0.085,0.0,0.0,0.0,0,0,0,NONE,NONE,False,,,0
9798,50.0,4850.0,0.0,0.085,0.0,0.0,0.0,0,0,0,NONE,NONE,False,,,0
9799,100.0,4850.0,0.0,0.085,0.0,0.0,0.0,0,0,0,NONE,NONE,False,,,1
9800,150.0,4850.0,0.0,0.085,0.0,0.0,0.0,0,0,0,NONE,NONE,False,,,1
9801,200.0,4850.0,0.0,0.085,0.0,0.0,0.0,0,0,0,NONE,NONE,False,,,1
9802,250.0,4850.0,0.0,0.085,0.0,0.0,0.0,0,0,0,NONE,NONE,False,,,2
9803,300.0,4850.0,0.0,0.085,0.0,0.0,0.0,0,0,0,NONE,NONE,False,,,2
9804,350.0,4850.0,0.0,0.085,0.0,0.0,0.0,0,0,0,NONE,NONE,False,,,2
9805,400.0,4850.0,0.0,0.085,0.0,0.0,0.0,0,0,0,NONE,NONE,False,,,2
9806,450.0,4850.0,0.0,0.085,0.0,0.0,0.0,0,0,0,NONE,NONE,False,,,3
9807,500.0,4850.0,0.0,0.085,0.0,0.0,0.0,0,0,0,NONE,NONE,False,,,3
9808,550.0,4850.0,0.0,0.085,0.0,0.0,0.0,0,0,0,NONE,NONE,False,,,3
9809,600.0,4850.0,0.0,0.085,0.0,0.0,0.0,0,0,0,NONE,NONE,False,,,3
9810,650.0,4850.0,0.0,0.085,0.0,0.0,0.0,0,0,0,NONE,NONE,False,,,3
9811,700.0,4850.0,0.0,0.085,0.0,0.0,0.0,0,0,0,NONE,NONE,False,,,3
9812,750.0,4850.0,0.0,0.085,0.0,0.0,0.0,0,0,0,NONE,NONE,False,,,3
9813,800.0,4850.0,0.0,0.085,0.0,0.0,0.0,0,0,0,NONE,NONE,False,,,2
9814,850.0,4850.0,0.0,0.085,0.0,0.0,0.0,0,0,0,NONE,NONE,False,,,2
9815,900.0,4850.0,0.0,0.085,0.0,0.0,0.0,0,0,0,NONE,NONE,False,,,3
9816,950.0,4850.0,0.0,0.085,0.0,0.0,0.0,0,0,0,NONE,NONE,False,,,3
9817,1000.0,4850.0,0.0,0.085,0.0,0.0,0.0,0,0,0,NONE,NONE,False,,,3
9818,1050.0,4850.0,0.0,0.085,0.0,0.0,0.0,0,0,0,NONE,NONE,False,,,4
9819,1100.0,4850.0,0.0,0.085,0.0,0.0,0.0,0,0,0,NONE,NONE,False,,,4
9820,1150.0,4850.0,0.0,0.085,0.0,0.0,0.0,0,0,0,NONE,NONE,False,,,4
9821,1200.0,4850.0,0.0,0.085,0.0,0.0,0.0,0,0,0,NONE,NONE,True,minor,TN34,5
9822,1250.0,4850.0,0.0,0.085,0.0,0.0,0.0,0,0,0,NONE,NONE,False,,,5
9823,1300.0,4850.0,0.0,0.085,0.0,0.0,0.0,0,0,0,NONE,NONE,False,,,5
9824,1350.0,4850.0,0.0,0.085,0.0,0.0,0.0,0,0,0,NONE,NONE,False,,,6
9825,1400.0,4850.0,0.0,0.085,0.0,0.0,0.0,0,0,0,NONE,NONE,False,,,6
9826,1450.0,4850.0,0.0,0.085,0.0,0.0,0.0,0,0,0,NONE,NONE,False,,,6
9827,1500.0,4850.0,0.0,0.085,0.0,0.0,0.0,0,0,0,NONE,NONE,False,,,6
9828,1550.0,4850.0,0.0,0.085,0.0,0.0,0.0,0,0,0,NONE,NONE,False,,,7
9829,1600.0,4850.0,0.0,0.085,0.0,0.0,0.0,0,0,0,NONE,NONE,False,,,7
9830,1650.0,4850.0,0.0,0.085,0.0,0.0,0.0,0,0,0,NONE,NONE,False,,,8
9831,1700.0,4850.0,0.0,0.085,0.0,0.0,0.0,0,0,0,NONE,NONE,True,major,TN10,9
9832,1750.0,4850.0,0.0,0.085,0.0,0.0,0.0,0,0,0,NONE,NONE,False,,,9
9833,1800.0,4850.0,0.0,0.085,0.0,0.0,0.0,0,0,0,NONE,NONE,False,,,9
9834,1850.0,4850.0,0.0,0.085,0.0,0.0,0.0,0,0,0,NONE,NONE,False,,,9
9835,1900.0,4850.0,0.0,0.085,0.0,0.0,0.0,0,0,0,NONE,NONE,False,,,9
9836,1950.0,4850.0,0.0,0.085,0.0,0.0,0.0,0,0,0,NONE,NONE,False,,,9
9837,2000.0,4850.0,0.0,10.0,1.0,0.0,1.0,1,0,0,NONE,NONE,False,,,0
9838,2050.0,4850.0,0.0,10.0,1.0,0.0,1.0,1,0,0,NONE,NONE,False,,,0
9839,2100.0,4850.0,0.0,0.085,0.0,0.0,0.0,0,0,0,NONE,NONE,False,,,9
9840,2150.0,4850.0,0.0,0.085,0.0,0.0,0.0,0,0,0,NONE,NONE,False,,,9
9841,2200.0,4850.0,0.0,0.085,0.0,0.0,0.0,0,0,0,NONE,NONE,False,,,9
9842,2250.0,4850.0,0.0,0.085,0.0,0.0,0.0,0,0,0,NONE,NONE,True,major,TN11,9
9843,2300.0,4850.0,0.0,0.085,0.0,0.0,0.0,0,0,0,NONE,NONE,False,,,9
9844,2350.0,4850.0,0.0,0.085,0.0,0.0,0.0,0,0,0,NONE,NONE,False,,,9
9845,2400.0,4850.0,0.0,0.085,0.0,0.0,0.0,0,0,0,NONE,NONE,False,,,9
9846,2450.0,4850.0,0.0,0.085,0.0,0.0,0.0,0,0,0,NONE,NONE,False,,,7
9847,2500.0,4850.0,0.0,0.085,0.0,0.0,0.0,0,0,0,NONE,NONE,False,,,6
9848,2550.0,4850.0,0.0,0.085,0.0,0.0,0.0,0,0,0,NONE,NONE,False,,,6
9849,2600.0,4850.0,0.0,0.085,0.0,0.0,0.0,0,0,0,NONE,NONE,False,,,6
9850,2650.0,4850.0,0.0,0.085,0.0,0.0,0.0,0,0,0,NONE,NONE,False,,,6
9851,2700.0,4850.0,0.0,0.085,0.0,0.0,0.0,0,0,0,NONE,NONE,False,,,6
9852,2750.0,4850.0,0.0,0.085,0.0,0.0,0.0,0,0,0,NONE,NONE,False,,,6
9853,2800.0,4850.0,0.0,0.085,0.0,0.0,0.0,0,0,0,NONE,NONE,False,,,5
9854,2850.0,4850.0,0.0,0.085,0.0,0.0,0.0,0,0,0,NONE,NONE,False,,,5
9855,2900.0,4850.0,0.0,0.085,0.0,0.0,0.0,0,0,0,NONE,NONE,False,,,5
9856,2950.0,4850.0,0.0,0.085,0.0,0.0,0.0,0,0,0,NONE,NONE,False,,,5
9857,3000.0,4850.0,0.0,0.085,0.0,0.0,0.0,0,0,0,NONE,NONE,False,,,5
9858,3050.0,4850.0,0.0,0.085,0.0,0.0,0.0,0,0,0,NONE,NONE,False,,,5
9859,3100.0,4850.0,0.0,0.085,0.0,0.0,0.0,0,0,0,NONE,NONE,False,,,6
9860,3150.0,4850.0,0.0,0.085,0.0,0.0,0.0,0,0,0,NONE,NONE,False,,,6
9861,3200.0,4850.0,0.0,0.085,0.0,0.0,0.0,0,0,0,NONE,NONE,False,,,5
9862,3250.0,4850.0,0.0,0.085,0.0,0.0,0.0,0,0,0,NONE,NONE,False,,,5
9863,3300.0,4850.0,0.0,0.085,0.0,0.0,0.0,0,0,0,NONE,NONE,False,,,5
9864,3350.0,4850.0,0.0,0.085,0.0,0.0,0.0,0,0,0,NONE,NONE,False,,,4
9865,3400.0,4850.0,0.0,0.085,0.0,0.0,0.0,0,0,0,NONE,NONE,False,,,4
9866,3450.0,4850.0,0.0,0.085,0.0,0.0,0.0,0,0,0,NONE,NONE,False,,,4
9867,3500.0,4850.0,0.0,0.085,0.0,0.0,0.0,0,0,0,NONE,NONE,False,,,4
9868,3550.0,4850.0,0.0,0.085,0.0,0.0,0.0,0,0,0,NONE,NONE,False,,,3
9869,3600.0,4850.0,0.0,0.085,0.0,0.0,0.0,0,0,0,NONE,NONE,False,,,3
9870,3650.0,4850.0,0.0,0.085,0.0,0.0,0.0,0,0,0,NONE,NONE,False,,,3
9871,3700.0,4850.0,0.0,0.085,0.0,0.0,0.0,0,0,0,NONE,NONE,False,,,3
9872,3750.0,4850.0,0.0,0.085,0.0,0.0,0.0,0,0,0,NONE,NONE,False,,,3
9873,3800.0,4850.0,0.0,0.085,0.0,0.0,0.0,0,0,0,NONE,NONE,False,,,3
9874,3850.0,4850.0,0.0,0.085,0.0,0.0,0.0,0,0,0,NONE,NONE,False,,,3
9875,3900.0,4850.0,0.0,0.085,0.0,0.0,0.0,0,0,0,NONE,NONE,False,,,2
9876,3950.0,4850.0,0.0,0.085,0.0,0.0,0.0,0,0,0,NONE,NONE,False,,,2
9877,4000.0,4850.0,0.0,0.085,0.0,0.0,0.0,0,0,0,NONE,NONE,False,,,2
9878,4050.0,4850.0,0.0,0.085,0.0,0.0,0.0,0,0,0,NONE,NONE,False,,,2
9879,4100.0,4850.0,0.0,0.085,0.0,0.0,0.0,0,0,0,NONE,NONE,False,,,2
9880,4150.0,4850.0,0.0,0.085,0.0,0.0,0.0,0,0,0,NONE,NONE,False,,,2
9881,4200.0,4850.0,0.0,0.085,0.0,0.0,0.0,0,0,0,NONE,NONE,False,,,2
9882,4250.0,4850.0,0.0,0.085,0.0,0.0,0.0,0,0,0,NONE,NONE,False,,,2
9883,4300.0,4850.0,0.0,0.085,0.0,0.0,0.0,0,0,0,NONE,NONE,False,,,1
9884,4350.0,4850.0,0.0,0.085,0.0,0.0,0.0,0,0,0,NONE,NONE,False,,,1
9885,4400.0,4850.0,0.0,0.085,0.0,0.0,0.0,0,0,0,NONE,NONE,False,,,1
9886,4450.0,4850.0,0.0,0.085,0.0,0.0,0.0,0,0,0,NONE,NONE,False,,,0
9887,4500.0,4850.0,0.0,0.085,0.0,0.0,0.0,0,0,0,NONE,NONE,False,,,0
9888,4550.0,4850.0,0.0,0.085,0.0,0.0,0.0,0,0,0,NONE,NONE,False,,,0
9889,4600.0,4850.0,0.0,0.085,0.0,0.0,0.0,0,0,0,NONE,NONE,False,,,0
9890,4650.0,4850.0,0.0,0.085,0.0,0.0,0.0,0,0,0,NONE,NONE,False,,,0
9891,4700.0,4850.0,0.0,0.085,0.0,0.0,0.0,0,0,0,NONE,NONE,False,,,0
9892,4750.0,4850.0,0.0,0.085,0.0,0.0,0.0,0,0,0,NONE,NONE,False,,,0
9893,4800.0,4850.0,0.0,0.085,0.0,0.0,0.0,0,0,0,NONE,NONE,False,,,0
9894,4850.0,4850.0,0.0,0.085,0.0,0.0,0.0,0,0,0,NONE,NONE,False,,,0
9895,4900.0,4850.0,0.0,0.085,0.0,0.0,0.0,0,0,0,NONE,NONE,False,,,0
9896,4950.0,4850.0,0.0,0.085,0.0,0.0,0.0,0,0,0,NONE,NONE,False,,,0
9897,5000.0,4850.0,0.0,0.085,0.0,0.0,0.0,0,0,0,NONE,NONE,False,,,0
9898,0.0,4900.0,0.0,0.085,0.0,0.0,0.0,0,0,0,NONE,NONE,False,,,0
9899,50.0,4900.0,0.0,0.085,0.0,0.0,0.0,0,0,0,NONE,NONE,False,,,0
9900,100.0,4900.0,0.0,0.085,0.0,0.0,0.0,0,0,0,NONE,NONE,False,,,0
9901,150.0,4900.0,0.0,0.085,0.0,0.0,0.0,0,0,0,NONE,NONE,False,,,1
9902,200.0,4900.0,0.0,0.085,0.0,0.0,0.0,0,0,0,NONE,NONE,False,,,1
9903,250.0,4900.0,0.0,0.085,0.0,0.0,0.0,0,0,0,NONE,NONE,False,,,1
9904,300.0,4900.0,0.0,0.085,0.0,0.0,0.0,0,0,0,NONE,NONE,False,,,2
9905,350.0,4900.0,0.0,0.085,0.0,0.0,0.0,0,0,0,NONE,NONE,False,,,2
9906,400.0,4900.0,0.0,0.085,0.0,0.0,0.0,0,0,0,NONE,NONE,False,,,2
9907,450.0,4900.0,0.0,0.085,0.0,0.0,0.0,0,0,0,NONE,NONE,False,,,2
9908,500.0,4900.0,0.0,0.085,0.0,0.0,0.0,0,0,0,NONE,NONE,False,,,3
9909,550.0,4900.0,0.0,0.085,0.0,0.0,0.0,0,0,0,NONE,NONE,False,,,3
9910,600.0,4900.0,0.0,0.085,0.0,0.0,0.0,0,0,0,NONE,NONE,False,,,3
9911,650.0,4900.0,0.0,0.085,0.0,0.0,0.0,0,0,0,NONE,NONE,False,,,3
9912,700.0,4900.0,0.0,0.085,0.0,0.0,0.0,0,0,0,NONE,NONE,False,,,3
9913,750.0,4900.0,0.0,0.085,0.0,0.0,0.0,0,0,0,NONE,NONE,False,,,2
9914,800.0,4900.0,0.0,0.085,0.0,0.0,0.0,0,0,0,NONE,NONE,False,,,2
9915,850.0,4900.0,0.0,0.085,0.0,0.0,0.0,0,0,0,NONE,NONE,False,,,2
9916,900.0,4900.0,0.0,0.085,0.0,0.0,0.0,0,0,0,NONE,NONE,False,,,2
9917,950.0,4900.0,0.0,0.085,0.0,0.0,0.0,0,0,0,NONE,NONE,False,,,3
9918,1000.0,4900.0,0.0,0.085,0.0,0.0,0.0,0,0,0,NONE,NONE,False,,,3
9919,1050.0,4900.0,0.0,0.085,0.0,0.0,0.0,0,0,0,NONE,NONE,False,,,3
9920,1100.0,4900.0,0.0,0.085,0.0,0.0,0.0,0,0,0,NONE,NONE,False,,,4
9921,1150.0,4900.0,0.0,0.085,0.0,0.0,0.0,0,0,0,NONE,NONE,False,,,4
9922,1200.0,4900.0,0.0,0.085,0.0,0.0,0.0,0,0,0,NONE,NONE,False,,,4
9923,1250.0,4900.0,0.0,0.085,0.0,0.0,0.0,0,0,0,NONE,NONE,False,,,5
9924,1300.0,4900.0,0.0,0.085,0.0,0.0,0.0,0,0,0,NONE,NONE,False,,,5
9925,1350.0,4900.0,0.0,0.085,0.0,0.0,0.0,0,0,0,NONE,NONE,False,,,5
9926,1400.0,4900.0,0.0,0.085,0.0,0.0,0.0,0,0,0,NONE,NONE,False,,,6
9927,1450.0,4900.0,0.0,0.085,0.0,0.0,0.0,0,0,0,NONE,NONE,False,,,6
9928,1500.0,4900.0,0.0,0.085,0.0,0.0,0.0,0,0,0,NONE,NONE,False,,,5
9929,1550.0,4900.0,0.0,0.085,0.0,0.0,0.0,0,0,0,NONE,NONE,False,,,6
9930,1600.0,4900.0,0.0,0.085,0.0,0.0,0.0,0,0,0,NONE,NONE,False,,,7
9931,1650.0,4900.0,0.0,0.085,0.0,0.0,0.0,0,0,0,NONE,NONE,False,,,7
9932,1700.0,4900.0,0.0,0.085,0.0,0.0,0.0,0,0,0,NONE,NONE,False,,,8
9933,1750.0,4900.0,0.0,0.085,0.0,0.0,0.0,0,0,0,NONE,NONE,False,,,9
9934,1800.0,4900.0,0.0,0.085,0.0,0.0,0.0,0,0,0,NONE,NONE,False,,,9
9935,1850.0,4900.0,0.0,0.085,0.0,0.0,0.0,0,0,0,NONE,NONE,False,,,9
9936,1900.0,4900.0,0.0,0.085,0.0,0.0,0.0,0,0,0,NONE,NONE,False,,,9
9937,1950.0,4900.0,0.0,0.085,0.0,0.0,0.0,0,0,0,NONE,NONE,False,,,9
9938,2000.0,4900.0,0.0,0.085,0.0,0.0,0.0,0,0,0,NONE,NONE,False,,,9
9939,2050.0,4900.0,0.0,0.085,0.0,0.0,0.0,0,0,0,NONE,NONE,False,,,9
9940,2100.0,4900.0,0.0,0.085,0.0,0.0,0.0,0,0,0,NONE,NONE,False,,,9
9941,2150.0,4900.0,0.0,0.085,0.0,0.0,0.0,0,0,0,NONE,NONE,False,,,9
9942,2200.0,4900.0,0.0,0.085,0.0,0.0,0.0,0,0,0,NONE,NONE,False,,,9
9943,2250.0,4900.0,0.0,0.085,0.0,0.0,0.0,0,0,0,NONE,NONE,False,,,9
9944,2300.0,4900.0,0.0,0.085,0.0,0.0,0.0,0,0,0,NONE,NONE,False,,,9
9945,2350.0,4900.0,0.0,0.085,0.0,0.0,0.0,0,0,0,NONE,NONE,False,,,9
9946,2400.0,4900.0,0.0,0.085,0.0,0.0,0.0,0,0,0,NONE,NONE,False,,,8
9947,2450.0,4900.0,0.0,0.085,0.0,0.0,0.0,0,0,0,NONE,NONE,False,,,6
9948,2500.0,4900.0,0.0,0.085,0.0,0.0,0.0,0,0,0,NONE,NONE,False,,,6
9949,2550.0,4900.0,0.0,0.085,0.0,0.0,0.0,0,0,0,NONE,NONE,False,,,5
9950,2600.0,4900.0,0.0,0.085,0.0,0.0,0.0,0,0,0,NONE,NONE,False,,,5
9951,2650.0,4900.0,0.0,0.085,0.0,0.0,0.0,0,0,0,NONE,NONE,False,,,5
9952,2700.0,4900.0,0.0,0.085,0.0,0.0,0.0,0,0,0,NONE,NONE,False,,,5
9953,2750.0,4900.0,0.0,0.085,0.0,0.0,0.0,0,0,0,NONE,NONE,False,,,4
9954,2800.0,4900.0,0.0,0.085,0.0,0.0,0.0,0,0,0,NONE,NONE,False,,,4
9955,2850.0,4900.0,0.0,0.085,0.0,0.0,0.0,0,0,0,NONE,NONE,False,,,4
9956,2900.0,4900.0,0.0,0.085,0.0,0.0,0.0,0,0,0,NONE,NONE,False,,,4
9957,2950.0,4900.0,0.0,0.085,0.0,0.0,0.0,0,0,0,NONE,NONE,False,,,5
9958,3000.0,4900.0,0.0,0.085,0.0,0.0,0.0,0,0,0,NONE,NONE,False,,,4
9959,3050.0,4900.0,0.0,0.085,0.0,0.0,0.0,0,0,0,NONE,NONE,False,,,4
9960,3100.0,4900.0,0.0,0.085,0.0,0.0,0.0,0,0,0,NONE,NONE,False,,,5
9961,3150.0,4900.0,0.0,0.085,0.0,0.0,0.0,0,0,0,NONE,NONE,False,,,4
9962,3200.0,4900.0,0.0,0.085,0.0,0.0,0.0,0,0,0,NONE,NONE,False,,,4
9963,3250.0,4900.0,0.0,0.085,0.0,0.0,0.0,0,0,0,NONE,NONE,False,,,4
9964,3300.0,4900.0,0.0,0.085,0.0,0.0,0.0,0,0,0,NONE,NONE,False,,,3
9965,3350.0,4900.0,0.0,0.085,0.0,0.0,0.0,0,0,0,NONE,NONE,False,,,3
9966,3400.0,4900.0,0.0,0.085,0.0,0.0,0.0,0,0,0,NONE,NONE,False,,,4
9967,3450.0,4900.0,0.0,0.085,0.0,0.0,0.0,0,0,0,NONE,NONE,False,,,4
9968,3500.0,4900.0,0.0,0.085,0.0,0.0,0.0,0,0,0,NONE,NONE,False,,,3
9969,3550.0,4900.0,0.0,0.085,0.0,0.0,0.0,0,0,0,NONE,NONE,False,,,2
9970,3600.0,4900.0,0.0,0.085,0.0,0.0,0.0,0,0,0,NONE,NONE,False,,,2
9971,3650.0,4900.0,0.0,0.085,0.0,0.0,0.0,0,0,0,NONE,NONE,False,,,2
9972,3700.0,4900.0,0.0,0.085,0.0,0.0,0.0,0,0,0,NONE,NONE,False,,,2
9973,3750.0,4900.0,0.0,0.085,0.0,0.0,0.0,0,0,0,NONE,NONE,False,,,2
9974,3800.0,4900.0,0.0,0.085,0.0,0.0,0.0,0,0,0,NONE,NONE,False,,,2
9975,3850.0,4900.0,0.0,0.085,0.0,0.0,0.0,0,0,0,NONE,NONE,False,,,2
9976,3900.0,4900.0,0.0,0.085,0.0,0.0,0.0,0,0,0,NONE,NONE,False,,,2
9977,3950.0,4900.0,0.0,0.085,0.0,0.0,0.0,0,0,0,NONE,NONE,False,,,2
9978,4000.0,4900.0,0.0,0.085,0.0,0.0,0.0,0,0,0,NONE,NONE,False,,,2
9979,4050.0,4900.0,0.0,0.085,0.0,0.0,0.0,0,0,0,NONE,NONE,False,,,2
9980,4100.0,4900.0,0.0,0.085,0.0,0.0,0.0,0,0,0,NONE,NONE,False,,,2
9981,4150.0,4900.0,0.0,0.085,0.0,0.0,0.0,0,0,0,NONE,NONE,False,,,2
9982,4200.0,4900.0,0.0,0.085,0.0,0.0,0.0,0,0,0,NONE,NONE,False,,,2
9983,4250.0,4900.0,0.0,0.085,0.0,0.0,0.0,0,0,0,NONE,NONE,False,,,1
9984,4300.0,4900.0,0.0,0.085,0.0,0.0,0.0,0,0,0,NONE,NONE,False,,,1
9985,4350.0,4900.0,0.0,0.085,0.0,0.0,0.0,0,0,0,NONE,NONE,False,,,1
9986,4400.0,4900.0,0.0,0.085,0.0,0.0,0.0,0,0,0,NONE,NONE,False,,,0
9987,4450.0,4900.0,0.0,0.085,0.0,0.0,0.0,0,0,0,NONE,NONE,False,,,0
9988,4500.0,4900.0,0.0,0.085,0.0,0.0,0.0,0,0,0,NONE,NONE,False,,,0
9989,4550.0,4900.0,0.0,0.085,0.0,0.0,0.0,0,0,0,NONE,NONE,False,,,0
9990,4600.0,4900.0,0.0,0.085,0.0,0.0,0.0,0,0,0,NONE,NONE,False,,,0
9991,4650.0,4900.0,0.0,0.085,0.0,0.0,0.0,0,0,0,NONE,NONE,False,,,0
9992,4700.0,4900.0,0.0,0.085,0.0,0.0,0.0,0,0,0,NONE,NONE,False,,,0
9993,4750.0,4900.0,0.0,0.085,0.0,0.0,0.0,0,0,0,NONE,NONE,False,,,0
9994,4800.0,4900.0,0.0,0.085,0.0,0.0,0.0,0,0,0,NONE,NONE,False,,,0
9995,4850.0,4900.0,0.0,0.085,0.0,0.0,0.0,0,0,0,NONE,NONE,False,,,0
9996,4900.0,4900.0,0.0,0.085,0.0,0.0,0.0,0,0,0,NONE,NONE,False,,,0
9997,4950.0,4900.0,0.0,0.085,0.0,0.0,0.0,0,0,0,NONE,NONE,False,,,0
9998,5000.0,4900.0,0.0,0.085,0.0,0.0,0.0,0,0,0,NONE,NONE,False,,,0
9999,0.0,4950.0,0.0,0.085,0.0,0.0,0.0,0,0,0,NONE,NONE,False,,,0
10000,50.0,4950.0,0.0,0.085,0.0,0.0,0.0,0,0,0,NONE,NONE,False,,,0
10001,100.0,4950.0,0.0,0.085,0.0,0.0,0.0,0,0,0,NONE,NONE,False,,,0
10002,150.0,4950.0,0.0,0.085,0.0,0.0,0.0,0,0,0,NONE,NONE,False,,,0
10003,200.0,4950.0,0.0,0.085,0.0,0.0,0.0,0,0,0,NONE,NONE,False,,,1
10004,250.0,4950.0,0.0,0.085,0.0,0.0,0.0,0,0,0,NONE,NONE,False,,,1
10005,300.0,4950.0,0.0,0.085,0.0,0.0,0.0,0,0,0,NONE,NONE,False,,,1
10006,350.0,4950.0,0.0,0.085,0.0,0.0,0.0,0,0,0,NONE,NONE,False,,,2
10007,400.0,4950.0,0.0,0.085,0.0,0.0,0.0,0,0,0,NONE,NONE,False,,,2
10008,450.0,4950.0,0.0,0.085,0.0,0.0,0.0,0,0,0,NONE,NONE,False,,,2
10009,500.0,4950.0,0.0,0.085,0.0,0.0,0.0,0,0,0,NONE,NONE,False,,,2
10010,550.0,4950.0,0.0,0.085,0.0,0.0,0.0,0,0,0,NONE,NONE,False,,,3
10011,600.0,4950.0,0.0,0.085,0.0,0.0,0.0,0,0,0,NONE,NONE,False,,,3
10012,650.0,4950.0,0.0,0.085,0.0,0.0,0.0,0,0,0,NONE,NONE,False,,,3
10013,700.0,4950.0,0.0,0.085,0.0,0.0,0.0,0,0,0,NONE,NONE,False,,,2
10014,750.0,4950.0,0.0,0.085,0.0,0.0,0.0,0,0,0,NONE,NONE,False,,,2
10015,800.0,4950.0,0.0,0.085,0.0,0.0,0.0,0,0,0,NONE,NONE,False,,,2
10016,850.0,4950.0,0.0,0.085,0.0,0.0,0.0,0,0,0,NONE,NONE,False,,,2
10017,900.0,4950.0,0.0,0.085,0.0,0.0,0.0,0,0,0,NONE,NONE,False,,,2
10018,950.0,4950.0,0.0,0.085,0.0,0.0,0.0,0,0,0,NONE,NONE,False,,,2
10019,1000.0,4950.0,0.0,0.085,0.0,0.0,0.0,0,0,0,NONE,NONE,False,,,3
10020,1050.0,4950.0,0.0,0.085,0.0,0.0,0.0,0,0,0,NONE,NONE,False,,,3
10021,1100.0,4950.0,0.0,0.085,0.0,0.0,0.0,0,0,0,NONE,NONE,False,,,3
10022,1150.0,4950.0,0.0,0.085,0.0,0.0,0.0,0,0,0,NONE,NONE,False,,,4
10023,1200.0,4950.0,0.0,0.085,0.0,0.0,0.0,0,0,0,NONE,NONE,False,,,4
10024,1250.0,4950.0,0.0,0.085,0.0,0.0,0.0,0,0,0,NONE,NONE,False,,,3
10025,1300.0,4950.0,0.0,0.085,0.0,0.0,0.0,0,0,0,NONE,NONE,False,,,4
10026,1350.0,4950.0,0.0,0.085,0.0,0.0,0.0,0,0,0,NONE,NONE,False,,,4
10027,1400.0,4950.0,0.0,0.085,0.0,0.0,0.0,0,0,0,NONE,NONE,False,,,4
10028,1450.0,4950.0,0.0,0.085,0.0,0.0,0.0,0,0,0,NONE,NONE,False,,,4
10029,1500.0,4950.0,0.0,0.085,0.0,0.0,0.0,0,0,0,NONE,NONE,False,,,4
10030,1550.0,4950.0,0.0,0.085,0.0,0.0,0.0,0,0,0,NONE,NONE,False,,,4
10031,1600.0,4950.0,0.0,0.085,0.0,0.0,0.0,0,0,0,NONE,NONE,False,,,5
10032,1650.0,4950.0,0.0,0.085,0.0,0.0,0.0,0,0,0,NONE,NONE,False,,,6
10033,1700.0,4950.0,0.0,0.085,0.0,0.0,0.0,0,0,0,NONE,NONE,False,,,7
10034,1750.0,4950.0,0.0,0.085,0.0,0.0,0.0,0,0,0,NONE,NONE,False,,,8
10035,1800.0,4950.0,0.0,0.085,0.0,0.0,0.0,0,0,0,NONE,NONE,False,,,9
10036,1850.0,4950.0,0.0,0.085,0.0,0.0,0.0,0,0,0,NONE,NONE,False,,,9
10037,1900.0,4950.0,0.0,0.085,0.0,0.0,0.0,0,0,0,NONE,NONE,False,,,9
10038,1950.0,4950.0,0.0,0.085,0.0,0.0,0.0,0,0,0,NONE,NONE,False,,,9
10039,2000.0,4950.0,0.0,0.085,0.0,0.0,0.0,0,0,0,NONE,NONE,False,,,9
10040,2050.0,4950.0,0.0,0.085,0.0,0.0,0.0,0,0,0,NONE,NONE,False,,,9
10041,2100.0,4950.0,0.0,0.085,0.0,0.0,0.0,0,0,0,NONE,NONE,False,,,9
10042,2150.0,4950.0,0.0,0.085,0.0,0.0,0.0,0,0,0,NONE,NONE,False,,,9
10043,2200.0,4950.0,0.0,0.085,0.0,0.0,0.0,0,0,0,NONE,NONE,False,,,9
10044,2250.0,4950.0,0.0,0.085,0.0,0.0,0.0,0,0,0,NONE,NONE,False,,,9
10045,2300.0,4950.0,0.0,0.085,0.0,0.0,0.0,0,0,0,NONE,NONE,False,,,9
10046,2350.0,4950.0,0.0,0.085,0.0,0.0,0.0,0,0,0,NONE,NONE,False,,,7
10047,2400.0,4950.0,0.0,0.085,0.0,0.0,0.0,0,0,0,NONE,NONE,False,,,5
10048,2450.0,4950.0,0.0,0.085,0.0,0.0,0.0,0,0,0,NONE,NONE,False,,,5
10049,2500.0,4950.0,0.0,0.085,0.0,0.0,0.0,0,0,0,NONE,NONE,False,,,4
10050,2550.0,4950.0,0.0,0.085,0.0,0.0,0.0,0,0,0,NONE,NONE,False,,,4
10051,2600.0,4950.0,0.0,0.085,0.0,0.0,0.0,0,0,0,NONE,NONE,False,,,3
10052,2650.0,4950.0,0.0,0.085,0.0,0.0,0.0,0,0,0,NONE,NONE,False,,,3
10053,2700.0,4950.0,0.0,0.085,0.0,0.0,0.0,0,0,0,NONE,NONE,False,,,3
10054,2750.0,4950.0,0.0,0.085,0.0,0.0,0.0,0,0,0,NONE,NONE,False,,,3
10055,2800.0,4950.0,0.0,0.085,0.0,0.0,0.0,0,0,0,NONE,NONE,False,,,3
10056,2850.0,4950.0,0.0,0.085,0.0,0.0,0.0,0,0,0,NONE,NONE,False,,,3
10057,2900.0,4950.0,0.0,0.085,0.0,0.0,0.0,0,0,0,NONE,NONE,False,,,3
10058,2950.0,4950.0,0.0,0.085,0.0,0.0,0.0,0,0,0,NONE,NONE,False,,,3
10059,3000.0,4950.0,0.0,0.085,0.0,0.0,0.0,0,0,0,NONE,NONE,False,,,4
10060,3050.0,4950.0,0.0,0.085,0.0,0.0,0.0,0,0,0,NONE,NONE,False,,,4
10061,3100.0,4950.0,0.0,0.085,0.0,0.0,0.0,0,0,0,NONE,NONE,False,,,3
10062,3150.0,4950.0,0.0,0.085,0.0,0.0,0.0,0,0,0,NONE,NONE,False,,,4
10063,3200.0,4950.0,0.0,0.085,0.0,0.0,0.0,0,0,0,NONE,NONE,False,,,4
10064,3250.0,4950.0,0.0,0.085,0.0,0.0,0.0,0,0,0,NONE,NONE,False,,,3
10065,3300.0,4950.0,0.0,0.085,0.0,0.0,0.0,0,0,0,NONE,NONE,False,,,3
10066,3350.0,4950.0,0.0,0.085,0.0,0.0,0.0,0,0,0,NONE,NONE,False,,,3
10067,3400.0,4950.0,0.0,0.085,0.0,0.0,0.0,0,0,0,NONE,NONE,False,,,2
10068,3450.0,4950.0,0.0,0.085,0.0,0.0,0.0,0,0,0,NONE,NONE,False,,,2
10069,3500.0,4950.0,0.0,0.085,0.0,0.0,0.0,0,0,0,NONE,NONE,False,,,2
10070,3550.0,4950.0,0.0,0.085,0.0,0.0,0.0,0,0,0,NONE,NONE,False,,,2
10071,3600.0,4950.0,0.0,0.085,0.0,0.0,0.0,0,0,0,NONE,NONE,False,,,2
10072,3650.0,4950.0,0.0,0.085,0.0,0.0,0.0,0,0,0,NONE,NONE,False,,,2
10073,3700.0,4950.0,0.0,0.085,0.0,0.0,0.0,0,0,0,NONE,NONE,False,,,2
10074,3750.0,4950.0,0.0,0.085,0.0,0.0,0.0,0,0,0,NONE,NONE,False,,,2
10075,3800.0,4950.0,0.0,0.085,0.0,0.0,0.0,0,0,0,NONE,NONE,False,,,2
10076,3850.0,4950.0,0.0,0.085,0.0,0.0,0.0,0,0,0,NONE,NONE,False,,,2
10077,3900.0,4950.0,0.0,0.085,0.0,0.0,0.0,0,0,0,NONE,NONE,False,,,2
10078,3950.0,4950.0,0.0,0.085,0.0,0.0,0.0,0,0,0,NONE,NONE,False,,,2
10079,4000.0,4950.0,0.0,0.085,0.0,0.0,0.0,0,0,0,NONE,NONE,False,,,2
10080,4050.0,4950.0,0.0,0.085,0.0,0.0,0.0,0,0,0,NONE,NONE,False,,,2
10081,4100.0,4950.0,0.0,0.085,0.0,0.0,0.0,0,0,0,NONE,NONE,False,,,2
10082,4150.0,4950.0,0.0,0.085,0.0,0.0,0.0,0,0,0,NONE,NONE,False,,,2
10083,4200.0,4950.0,0.0,0.085,0.0,0.0,0.0,0,0,0,NONE,NONE,False,,,1
10084,4250.0,4950.0,0.0,0.085,0.0,0.0,0.0,0,0,0,NONE,NONE,False,,,1
10085,4300.0,4950.0,0.0,0.085,0.0,0.0,0.0,0,0,0,NONE,NONE,False,,,1
10086,4350.0,4950.0,0.0,0.085,0.0,0.0,0.0,0,0,0,NONE,NONE,False,,,0
10087,4400.0,4950.0,0.0,0.085,0.0,0.0,0.0,0,0,0,NONE,NONE,False,,,0
10088,4450.0,4950.0,0.0,0.085,0.0,0.0,0.0,0,0,0,NONE,NONE,False,,,0
10089,4500.0,4950.0,0.0,0.085,0.0,0.0,0.0,0,0,0,NONE,NONE,False,,,0
10090,4550.0,4950.0,0.0,0.085,0.0,0.0,0.0,0,0,0,NONE,NONE,False,,,0
10091,4600.0,4950.0,0.0,0.085,0.0,0.0,0.0,0,0,0,NONE,NONE,False,,,0
10092,4650.0,4950.0,0.0,0.085,0.0,0.0,0.0,0,0,0,NONE,NONE,False,,,0
10093,4700.0,4950.0,0.0,0.085,0.0,0.0,0.0,0,0,0,NONE,NONE,False,,,0
10094,4750.0,4950.0,0.0,0.085,0.0,0.0,0.0,0,0,0,NONE,NONE,False,,,0
10095,4800.0,4950.0,0.0,0.085,0.0,0.0,0.0,0,0,0,NONE,NONE,False,,,0
10096,4850.0,4950.0,0.0,0.085,0.0,0.0,0.0,0,0,0,NONE,NONE,False,,,0
10097,4900.0,4950.0,0.0,0.085,0.0,0.0,0.0,0,0,0,NONE,NONE,False,,,0
10098,4950.0,4950.0,0.0,0.085,0.0,0.0,0.0,0,0,0,NONE,NONE,False,,,0
10099,5000.0,4950.0,0.0,0.085,0.0,0.0,0.0,0,0,0,NONE,NONE,False,,,0
10100,0.0,5000.0,0.0,0.085,0.0,0.0,0.0,0,0,0,NONE,NONE,False,,,0
10101,50.0,5000.0,0.0,0.085,0.0,0.0,0.0,0,0,0,NONE,NONE,False,,,0
10102,100.0,5000.0,0.0,0.085,0.0,0.0,0.0,0,0,0,NONE,NONE,False,,,0
10103,150.0,5000.0,0.0,0.085,0.0,0.0,0.0,0,0,0,NONE,NONE,False,,,0
10104,200.0,5000.0,0.0,0.085,0.0,0.0,0.0,0,0,0,NONE,NONE,False,,,0
10105,250.0,5000.0,0.0,0.085,0.0,0.0,0.0,0,0,0,NONE,NONE,False,,,1
10106,300.0,5000.0,0.0,0.085,0.0,0.0,0.0,0,0,0,NONE,NONE,False,,,1
10107,350.0,5000.0,0.0,0.085,0.0,0.0,0.0,0,0,0,NONE,NONE,False,,,1
10108,400.0,5000.0,0.0,0.085,0.0,0.0,0.0,0,0,0,NONE,NONE,False,,,2
10109,450.0,5000.0,0.0,0.085,0.0,0.0,0.0,0,0,0,NONE,NONE,False,,,2
10110,500.0,5000.0,0.0,0.085,0.0,0.0,0.0,0,0,0,NONE,NONE,False,,,2
10111,550.0,5000.0,0.0,0.085,0.0,0.0,0.0,0,0,0,NONE,NONE,False,,,2
10112,600.0,5000.0,0.0,0.085,0.0,0.0,0.0,0,0,0,NONE,NONE,False,,,2
10113,650.0,5000.0,0.0,0.085,0.0,0.0,0.0,0,0,0,NONE,NONE,False,,,2
10114,700.0,5000.0,0.0,0.085,0.0,0.0,0.0,0,0,0,NONE,NONE,False,,,1
10115,750.0,5000.0,0.0,0.085,0.0,0.0,0.0,0,0,0,NONE,NONE,False,,,1
10116,800.0,5000.0,0.0,0.085,0.0,0.0,0.0,0,0,0,NONE,NONE,False,,,1
10117,850.0,5000.0,0.0,0.085,0.0,0.0,0.0,0,0,0,NONE,NONE,False,,,2
10118,900.0,5000.0,0.0,0.085,0.0,0.0,0.0,0,0,0,NONE,NONE,False,,,2
10119,950.0,5000.0,0.0,0.085,0.0,0.0,0.0,0,0,0,NONE,NONE,False,,,2
10120,1000.0,5000.0,0.0,0.085,0.0,0.0,0.0,0,0,0,NONE,NONE,False,,,2
10121,1050.0,5000.0,0.0,0.085,0.0,0.0,0.0,0,0,0,NONE,NONE,False,,,2
10122,1100.0,5000.0,0.0,0.085,0.0,0.0,0.0,0,0,0,NONE,NONE,False,,,2
10123,1150.0,5000.0,0.0,0.085,0.0,0.0,0.0,0,0,0,NONE,NONE,False,,,2
10124,1200.0,5000.0,0.0,0.085,0.0,0.0,0.0,0,0,0,NONE,NONE,False,,,3
10125,1250.0,5000.0,0.0,0.085,0.0,0.0,0.0,0,0,0,NONE,NONE,False,,,3
10126,1300.0,5000.0,0.0,0.085,0.0,0.0,0.0,0,0,0,NONE,NONE,False,,,3
10127,1350.0,5000.0,0.0,0.085,0.0,0.0,0.0,0,0,0,NONE,NONE,False,,,3
10128,1400.0,5000.0,0.0,0.085,0.0,0.0,0.0,0,0,0,NONE,NONE,False,,,3
10129,1450.0,5000.0,0.0,0.085,0.0,0.0,0.0,0,0,0,NONE,NONE,False,,,3
10130,1500.0,5000.0,0.0,0.085,0.0,0.0,0.0,0,0,0,NONE,NONE,False,,,4
10131,1550.0,5000.0,0.0,0.085,0.0,0.0,0.0,0,0,0,NONE,NONE,False,,,4
10132,1600.0,5000.0,0.0,0.085,0.0,0.0,0.0,0,0,0,NONE,NONE,False,,,4
10133,1650.0,5000.0,0.0,0.085,0.0,0.0,0.0,0,0,0,NONE,NONE,False,,,4
10134,1700.0,5000.0,0.0,0.085,0.0,0.0,0.0,0,0,0,NONE,NONE,False,,,5
10135,1750.0,5000.0,0.0,0.085,0.0,0.0,0.0,0,0,0,NONE,NONE,False,,,6
10136,1800.0,5000.0,0.0,0.085,0.0,0.0,0.0,0,0,0,NONE,NONE,False,,,8
10137,1850.0,5000.0,0.0,0.085,0.0,0.0,0.0,0,0,0,NONE,NONE,False,,,9
10138,1900.0,5000.0,0.0,0.085,0.0,0.0,0.0,0,0,0,NONE,NONE,False,,,9
10139,1950.0,5000.0,0.0,0.085,0.0,0.0,0.0,0,0,0,NONE,NONE,False,,,9
10140,2000.0,5000.0,0.0,0.085,0.0,0.0,0.0,0,0,0,NONE,NONE,False,,,9
10141,2050.0,5000.0,0.0,0.085,0.0,0.0,0.0,0,0,0,NONE,NONE,False,,,9
10142,2100.0,5000.0,0.0,0.085,0.0,0.0,0.0,0,0,0,NONE,NONE,False,,,9
10143,2150.0,5000.0,0.0,0.085,0.0,0.0,0.0,0,0,0,NONE,NONE,False,,,9
10144,2200.0,5000.0,0.0,0.085,0.0,0.0,0.0,0,0,0,NONE,NONE,False,,,9
10145,2250.0,5000.0,0.0,0.085,0.0,0.0,0.0,0,0,0,NONE,NONE,False,,,9
10146,2300.0,5000.0,0.0,0.085,0.0,0.0,0.0,0,0,0,NONE,NONE,False,,,7
10147,2350.0,5000.0,0.0,0.085,0.0,0.0,0.0,0,0,0,NONE,NONE,False,,,4
10148,2400.0,5000.0,0.0,0.085,0.0,0.0,0.0,0,0,0,NONE,NONE,False,,,4
10149,2450.0,5000.0,0.0,0.085,0.0,0.0,0.0,0,0,0,NONE,NONE,False,,,4
10150,2500.0,5000.0,0.0,0.085,0.0,0.0,0.0,0,0,0,NONE,NONE,False,,,3
10151,2550.0,5000.0,0.0,0.085,0.0,0.0,0.0,0,0,0,NONE,NONE,False,,,2
10152,2600.0,5000.0,0.0,0.085,0.0,0.0,0.0,0,0,0,NONE,NONE,False,,,2
10153,2650.0,5000.0,0.0,0.085,0.0,0.0,0.0,0,0,0,NONE,NONE,False,,,2
10154,2700.0,5000.0,0.0,0.085,0.0,0.0,0.0,0,0,0,NONE,NONE,False,,,2
10155,2750.0,5000.0,0.0,0.085,0.0,0.0,0.0,0,0,0,NONE,NONE,False,,,3
10156,2800.0,5000.0,0.0,0.085,0.0,0.0,0.0,0,0,0,NONE,NONE,False,,,3
10157,2850.0,5000.0,0.0,0.085,0.0,0.0,0.0,0,0,0,NONE,NONE,False,,,3
10158,2900.0,5000.0,0.0,0.085,0.0,0.0,0.0,0,0,0,NONE,NONE,False,,,3
10159,2950.0,5000.0,0.0,0.085,0.0,0.0,0.0,0,0,0,NONE,NONE,False,,,3
10160,3000.0,5000.0,0.0,0.085,0.0,0.0,0.0,0,0,0,NONE,NONE,False,,,2
10161,3050.0,5000.0,0.0,0.085,0.0,0.0,0.0,0,0,0,NONE,NONE,False,,,3
10162,3100.0,5000.0,0.0,0.085,0.0,0.0,0.0,0,0,0,NONE,NONE,False,,,3
10163,3150.0,5000.0,0.0,0.085,0.0,0.0,0.0,0,0,0,NONE,NONE,False,,,3
10164,3200.0,5000.0,0.0,0.085,0.0,0.0,0.0,0,0,0,NONE,NONE,False,,,3
10165,3250.0,5000.0,0.0,0.085,0.0,0.0,0.0,0,0,0,NONE,NONE,False,,,3
10166,3300.0,5000.0,0.0,0.085,0.0,0.0,0.0,0,0,0,NONE,NONE,False,,,3
10167,3350.0,5000.0,0.0,0.085,0.0,0.0,0.0,0,0,0,NONE,NONE,False,,,2
10168,3400.0,5000.0,0.0,0.085,0.0,0.0,0.0,0,0,0,NONE,NONE,False,,,1
10169,3450.0,5000.0,0.0,0.085,0.0,0.0,0.0,0,0,0,NONE,NONE,False,,,1
10170,3500.0,5000.0,0.0,0.085,0.0,0.0,0.0,0,0,0,NONE,NONE,False,,,1
10171,3550.0,5000.0,0.0,0.085,0.0,0.0,0.0,0,0,0,NONE,NONE,False,,,1
10172,3600.0,5000.0,0.0,0.085,0.0,0.0,0.0,0,0,0,NONE,NONE,False,,,1
10173,3650.0,5000.0,0.0,0.085,0.0,0.0,0.0,0,0,0,NONE,NONE,False,,,1
10174,3700.0,5000.0,0.0,0.085,0.0,0.0,0.0,0,0,0,NONE,NONE,False,,,1
10175,3750.0,5000.0,0.0,0.085,0.0,0.0,0.0,0,0,0,NONE,NONE,False,,,1
10176,3800.0,5000.0,0.0,0.085,0.0,0.0,0.0,0,0,0,NONE,NONE,False,,,2
10177,3850.0,5000.0,0.0,0.085,0.0,0.0,0.0,0,0,0,NONE,NONE,False,,,2
10178,3900.0,5000.0,0.0,0.085,0.0,0.0,0.0,0,0,0,NONE,NONE,False,,,2
10179,3950.0,5000.0,0.0,0.085,0.0,0.0,0.0,0,0,0,NONE,NONE,False,,,2
10180,4000.0,5000.0,0.0,0.085,0.0,0.0,0.0,0,0,0,NONE,NONE,False,,,2
10181,4050.0,5000.0,0.0,0.085,0.0,0.0,0.0,0,0,0,NONE,NONE,False,,,2
10182,4100.0,5000.0,0.0,0.085,0.0,0.0,0.0,0,0,0,NONE,NONE,False,,,2
10183,4150.0,5000.0,0.0,0.085,0.0,0.0,0.0,0,0,0,NONE,NONE,False,,,1
10184,4200.0,5000.0,0.0,0.085,0.0,0.0,0.0,0,0,0,NONE,NONE,False,,,1
10185,4250.0,5000.0,0.0,0.085,0.0,0.0,0.0,0,0,0,NONE,NONE,False,,,1
10186,4300.0,5000.0,0.0,0.085,0.0,0.0,0.0,0,0,0,NONE,NONE,False,,,0
10187,4350.0,5000.0,0.0,0.085,0.0,0.0,0.0,0,0,0,NONE,NONE,False,,,0
10188,4400.0,5000.0,0.0,0.085,0.0,0.0,0.0,0,0,0,NONE,NONE,False,,,0
10189,4450.0,5000.0,0.0,0.085,0.0,0.0,0.0,0,0,0,NONE,NONE,False,,,0
10190,4500.0,5000.0,0.0,0.085,0.0,0.0,0.0,0,0,0,NONE,NONE,False,,,0
10191,4550.0,5000.0,0.0,0.085,0.0,0.0,0.0,0,0,0,NONE,NONE,False,,,0
10192,4600.0,5000.0,0.0,0.085,0.0,0.0,0.0,0,0,0,NONE,NONE,False,,,0
10193,4650.0,5000.0,0.0,0.085,0.0,0.0,0.0,0,0,0,NONE,NONE,False,,,0
10194,4700.0,5000.0,0.0,0.085,0.0,0.0,0.0,0,0,0,NONE,NONE,False,,,0
10195,4750.0,5000.0,0.0,0.085,0.0,0.0,0.0,0,0,0,NONE,NONE,False,,,0
10196,4800.0,5000.0,0.0,0.085,0.0,0.0,0.0,0,0,0,NONE,NONE,False,,,0
10197,4850.0,5000.0,0.0,0.085,0.0,0.0,0.0,0,0,0,NONE,NONE,False,,,0
10198,4900.0,5000.0,0.0,0.085,0.0,0.0,0.0,0,0,0,NONE,NONE,False,,,0
10199,4950.0,5000.0,0.0,0.085,0.0,0.0,0.0,0,0,0,NONE,NONE,False,,,0
10200,5000.0,5000.0,0.0,0.085,0.0,0.0,0.0,0,0,0,NONE,NONE,False,,,0
