pair,alt,direction,seq,x,y,risk,conflict
DB02_to_DK05#alt0,0,fwd,0,2150.0,600.0,0.4076,0.0
DB02_to_DK05#alt0,0,fwd,1,2100.0,650.0,0.4346,0.0
DB02_to_DK05#alt0,0,fwd,2,2050.0,700.0,0.4346,0.0
DB02_to_DK05#alt0,0,fwd,3,2000.0,750.0,0.4346,0.0
DB02_to_DK05#alt0,0,fwd,4,1950.0,800.0,0.4076,0.0
DB02_to_DK05#alt0,0,fwd,5,1900.0,850.0,0.3784,0.0
DB02_to_DK05#alt0,0,fwd,6,1850.0,900.0,0.3679,0.0
DB02_to_DK05#alt0,0,fwd,7,1800.0,950.0,0.4346,0.0
DB02_to_DK05#alt0,0,fwd,8,1750.0,1000.0,0.503,0.0
DB02_to_DK05#alt0,0,fwd,9,1716.67,1050.0,0.5483,0.0
DB02_to_DK05#alt0,0,fwd,10,1700.0,1100.0,0.5134,0.0
DB02_to_DK05#alt0,0,fwd,11,1683.33,1150.0,0.503,0.0
DB02_to_DK05#alt0,0,fwd,12,1666.67,1200.0,0.5483,0.0
DB02_to_DK05#alt0,0,fwd,13,1633.33,1250.0,0.4931,0.0
DB02_to_DK05#alt0,0,fwd,14,1600.0,1300.0,0.4931,0.0
DB02_to_DK05#alt0,0,fwd,15,1566.67,1350.0,0.4931,0.0
DB02_to_DK05#alt0,0,fwd,16,1550.0,1400.0,0.4346,0.0
DB02_to_DK05#alt0,0,fwd,17,1533.33,1450.0,0.3895,0.0
DB02_to_DK05#alt0,0,fwd,18,1516.67,1500.0,0.3895,0.0
DB02_to_DK05#alt0,0,fwd,19,1516.67,1550.0,0.3679,0.0
DB02_to_DK05#alt0,0,fwd,20,1550.0,1600.0,0.3114,0.0
DB02_to_DK05#alt0,0,fwd,21,1600.0,1650.0,0.2636,0.0
DB02_to_DK05#alt0,0,fwd,22,1633.33,1700.0,0.281,0.0
DB02_to_DK05#alt0,0,fwd,23,1650.0,1750.0,0.3269,0.0
DB02_to_DK05#alt0,0,fwd,24,1650.0,1800.0,0.3784,0.0
DB02_to_DK05#alt0,0,fwd,25,1650.0,1850.0,0.4346,0.0
DB02_to_DK05#alt0,0,fwd,26,1650.0,1900.0,0.4931,0.0
DB02_to_DK05#alt0,0,fwd,27,1650.0,1950.0,0.5483,0.0
DB02_to_DK05#alt0,0,fwd,28,1650.0,2000.0,0.6241,0.0
DB02_to_DK05#alt0,0,fwd,29,1650.0,2050.0,0.6889,0.0
DB02_to_DK05#alt0,0,fwd,30,1650.0,2100.0,0.7165,0.0
DB02_to_DK05#alt0,0,fwd,31,1650.0,2150.0,0.7165,0.0
DB02_to_DK05#alt0,0,fwd,32,1650.0,2200.0,0.7165,0.0
DB02_to_DK05#alt0,0,fwd,33,1650.0,2250.0,0.7165,0.0
DB02_to_DK05#alt0,0,fwd,34,1666.67,2300.0,0.7165,0.0
DB02_to_DK05#alt0,0,fwd,35,1700.0,2350.0,0.6065,0.0
DB02_to_DK05#alt0,0,fwd,36,1750.0,2400.0,0.503,0.0
DB02_to_DK05#alt0,0,fwd,37,1800.0,2450.0,0.4076,0.0
DB02_to_DK05#alt0,0,fwd,38,1850.0,2500.0,0.3269,0.0
DB02_to_DK05#alt0,0,fwd,39,1900.0,2550.0,0.2609,0.0
DB02_to_DK05#alt0,0,fwd,40,1950.0,2600.0,0.281,0.0
DB02_to_DK05#alt0,0,fwd,41,2000.0,2650.0,0.3006,0.0
DB02_to_DK05#alt0,0,fwd,42,2050.0,2700.0,0.3269,0.0
DB02_to_DK05#alt0,0,fwd,43,2100.0,2733.33,0.344,0.0
DB02_to_DK05#alt0,0,fwd,44,2150.0,2750.0,0.3895,0.0
DB02_to_DK05#alt0,0,fwd,45,2200.0,2750.0,0.4346,0.0
DB02_to_DK05#alt0,0,fwd,46,2250.0,2750.0,0.4931,0.0
DK05_to_DB02#alt0,0,bwd,0,2250.0,2750.0,0.4931,0.0
DK05_to_DB02#alt0,0,bwd,1,2200.0,2700.0,0.4931,0.0
DK05_to_DB02#alt0,0,bwd,2,2150.0,2650.0,0.4746,0.0
DK05_to_DB02#alt0,0,bwd,3,2100.0,2600.0,0.4346,0.0
DK05_to_DB02#alt0,0,bwd,4,2050.0,2550.0,0.4076,0.0
DK05_to_DB02#alt0,0,bwd,5,2000.0,2500.0,0.3628,0.0
DK05_to_DB02#alt0,0,bwd,6,1950.0,2450.0,0.3114,0.0
DK05_to_DB02#alt0,0,bwd,7,1900.0,2400.0,0.3077,0.0
DK05_to_DB02#alt0,0,bwd,8,1850.0,2350.0,0.3679,0.0
DK05_to_DB02#alt0,0,bwd,9,1800.0,2300.0,0.4346,0.0
DK05_to_DB02#alt0,0,bwd,10,1766.67,2250.0,0.5134,0.0
DK05_to_DB02#alt0,0,bwd,11,1750.0,2200.0,0.5134,0.0
DK05_to_DB02#alt0,0,bwd,12,1750.0,2150.0,0.5134,0.0
DK05_to_DB02#alt0,0,bwd,13,1750.0,2100.0,0.5134,0.0
DK05_to_DB02#alt0,0,bwd,14,1750.0,2050.0,0.503,0.0
DK05_to_DB02#alt0,0,bwd,15,1750.0,2000.0,0.4746,0.0
DK05_to_DB02#alt0,0,bwd,16,1750.0,1950.0,0.4346,0.0
DK05_to_DB02#alt0,0,bwd,17,1750.0,1900.0,0.3895,0.0
DK05_to_DB02#alt0,0,bwd,18,1750.0,1850.0,0.344,0.0
DK05_to_DB02#alt0,0,bwd,19,1750.0,1800.0,0.3077,0.0
DK05_to_DB02#alt0,0,bwd,20,1766.67,1750.0,0.2721,0.0
DK05_to_DB02#alt0,0,bwd,21,1800.0,1700.0,0.2407,0.0
DK05_to_DB02#alt0,0,bwd,22,1850.0,1650.0,0.2972,0.0
DK05_to_DB02#alt0,0,bwd,23,1900.0,1600.0,0.3628,0.0
DK05_to_DB02#alt0,0,bwd,24,1933.33,1550.0,0.4346,0.0
DK05_to_DB02#alt0,0,bwd,25,1950.0,1500.0,0.4346,0.0
DK05_to_DB02#alt0,0,bwd,26,1950.0,1450.0,0.4346,0.0
DK05_to_DB02#alt0,0,bwd,27,1933.33,1400.0,0.4931,0.0
DK05_to_DB02#alt0,0,bwd,28,1900.0,1350.0,0.4746,0.0
DK05_to_DB02#alt0,0,bwd,29,1883.33,1300.0,0.503,0.0
DK05_to_DB02#alt0,0,bwd,30,1900.0,1250.0,0.5134,0.0
DK05_to_DB02#alt0,0,bwd,31,1950.0,1200.0,0.6065,0.0
DK05_to_DB02#alt0,0,bwd,32,1983.33,1150.0,0.7165,0.0
DK05_to_DB02#alt0,0,bwd,33,2016.67,1100.0,0.6889,0.0
DK05_to_DB02#alt0,0,bwd,34,2033.33,1050.0,0.7165,0.0
DK05_to_DB02#alt0,0,bwd,35,2050.0,1000.0,0.7165,0.0
DK05_to_DB02#alt0,0,bwd,36,2066.67,950.0,0.6889,0.0
DK05_to_DB02#alt0,0,bwd,37,2083.33,900.0,0.7165,0.0
DK05_to_DB02#alt0,0,bwd,38,2116.67,850.0,0.6889,0.0
DK05_to_DB02#alt0,0,bwd,39,2133.33,800.0,0.6889,0.0
DK05_to_DB02#alt0,0,bwd,40,2150.0,750.0,0.6241,0.0
DK05_to_DB02#alt0,0,bwd,41,2150.0,700.0,0.5483,0.0
DK05_to_DB02#alt0,0,bwd,42,2150.0,650.0,0.4746,0.0
DK05_to_DB02#alt0,0,bwd,43,2150.0,600.0,0.4076,0.0
DB02_to_DK05#alt1,1,fwd,0,2150.0,600.0,0.4076,0.0
DB02_to_DK05#alt1,1,fwd,1,2200.0,650.0,0.503,0.0
DB02_to_DK05#alt1,1,fwd,2,2250.0,683.33,0.6241,0.0
DB02_to_DK05#alt1,1,fwd,3,2300.0,700.0,0.6889,0.0
DB02_to_DK05#alt1,1,fwd,4,2350.0,700.0,0.7165,0.0
DB02_to_DK05#alt1,1,fwd,5,2400.0,700.0,0.7165,0.0
DB02_to_DK05#alt1,1,fwd,6,2450.0,700.0,0.7165,0.0
DB02_to_DK05#alt1,1,fwd,7,2500.0,716.67,0.6889,0.0
DB02_to_DK05#alt1,1,fwd,8,2550.0,733.33,0.7165,0.0
DB02_to_DK05#alt1,1,fwd,9,2600.0,750.0,0.6889,0.0
DB02_to_DK05#alt1,1,fwd,10,2650.0,800.0,0.6889,0.0
DB02_to_DK05#alt1,1,fwd,11,2700.0,850.0,0.6889,0.0
DB02_to_DK05#alt1,1,fwd,12,2750.0,900.0,0.6241,0.0
DB02_to_DK05#alt1,1,fwd,13,2800.0,950.0,0.5903,0.0
DB02_to_DK05#alt1,1,fwd,14,2816.67,1000.0,0.6065,0.0
DB02_to_DK05#alt1,1,fwd,15,2816.67,1050.0,0.6065,0.0
DB02_to_DK05#alt1,1,fwd,16,2800.0,1100.0,0.6065,0.0
DB02_to_DK05#alt1,1,fwd,17,2800.0,1150.0,0.5903,0.0
DB02_to_DK05#alt1,1,fwd,18,2800.0,1200.0,0.5483,0.0
DB02_to_DK05#alt1,1,fwd,19,2800.0,1250.0,0.503,0.0
DB02_to_DK05#alt1,1,fwd,20,2800.0,1300.0,0.4746,0.0
DB02_to_DK05#alt1,1,fwd,21,2800.0,1350.0,0.4346,0.0
DB02_to_DK05#alt1,1,fwd,22,2800.0,1400.0,0.4346,0.0
DB02_to_DK05#alt1,1,fwd,23,2800.0,1450.0,0.4931,0.0
DB02_to_DK05#alt1,1,fwd,24,2800.0,1500.0,0.5483,0.0
DB02_to_DK05#alt1,1,fwd,25,2800.0,1550.0,0.6241,0.0
DB02_to_DK05#alt1,1,fwd,26,2800.0,1600.0,0.6889,0.0
DB02_to_DK05#alt1,1,fwd,27,2800.0,1650.0,0.7165,0.0
DB02_to_DK05#alt1,1,fwd,28,2800.0,1700.0,0.7165,0.0
DB02_to_DK05#alt1,1,fwd,29,2800.0,1750.0,0.7165,0.0
DB02_to_DK05#alt1,1,fwd,30,2800.0,1800.0,0.7165,0.0
DB02_to_DK05#alt1,1,fwd,31,2800.0,1850.0,0.7165,0.0
DB02_to_DK05#alt1,1,fwd,32,2800.0,1900.0,0.7165,0.0
DB02_to_DK05#alt1,1,fwd,33,2816.67,1950.0,0.6889,0.0
DB02_to_DK05#alt1,1,fwd,34,2850.0,2000.0,0.6889,0.0
DB02_to_DK05#alt1,1,fwd,35,2900.0,2050.0,0.6889,0.0
DB02_to_DK05#alt1,1,fwd,36,2950.0,2100.0,0.6241,0.0
DB02_to_DK05#alt1,1,fwd,37,2983.33,2150.0,0.5903,0.0
DB02_to_DK05#alt1,1,fwd,38,3000.0,2200.0,0.503,0.0
DB02_to_DK05#alt1,1,fwd,39,3000.0,2250.0,0.4275,0.0
DB02_to_DK05#alt1,1,fwd,40,3000.0,2300.0,0.3679,0.0
DB02_to_DK05#alt1,1,fwd,41,3000.0,2350.0,0.3679,0.0
DB02_to_DK05#alt1,1,fwd,42,3000.0,2400.0,0.3679,0.0
DB02_to_DK05#alt1,1,fwd,43,3000.0,2450.0,0.3679,0.0
DB02_to_DK05#alt1,1,fwd,44,3000.0,2500.0,0.3679,0.0
DB02_to_DK05#alt1,1,fwd,45,3000.0,2550.0,0.3628,0.0
DB02_to_DK05#alt1,1,fwd,46,3000.0,2600.0,0.3485,0.0
DB02_to_DK05#alt1,1,fwd,47,3000.0,2650.0,0.3269,0.0
DB02_to_DK05#alt1,1,fwd,48,2983.33,2700.0,0.3006,0.0
DB02_to_DK05#alt1,1,fwd,49,2950.0,2750.0,0.3077,0.0
DB02_to_DK05#alt1,1,fwd,50,2900.0,2783.33,0.3269,0.0
DB02_to_DK05#alt1,1,fwd,51,2850.0,2800.0,0.3784,0.0
DB02_to_DK05#alt1,1,fwd,52,2800.0,2800.0,0.4346,0.0
DB02_to_DK05#alt1,1,fwd,53,2750.0,2800.0,0.4931,0.0
DB02_to_DK05#alt1,1,fwd,54,2700.0,2800.0,0.5483,0.0
DB02_to_DK05#alt1,1,fwd,55,2650.0,2800.0,0.6241,0.0
DB02_to_DK05#alt1,1,fwd,56,2600.0,2800.0,0.6889,0.0
DB02_to_DK05#alt1,1,fwd,57,2550.0,2800.0,0.7165,0.0
DB02_to_DK05#alt1,1,fwd,58,2500.0,2783.33,0.6889,0.0
DB02_to_DK05#alt1,1,fwd,59,2450.0,2766.67,0.6889,0.0
DB02_to_DK05#alt1,1,fwd,60,2400.0,2750.0,0.6241,0.0
DB02_to_DK05#alt1,1,fwd,61,2350.0,2750.0,0.5903,0.0
DB02_to_DK05#alt1,1,fwd,62,2300.0,2750.0,0.5483,0.0
DB02_to_DK05#alt1,1,fwd,63,2250.0,2750.0,0.4931,0.0
DK05_to_DB02#alt1,1,bwd,0,2250.0,2750.0,0.4931,0.0
DK05_to_DB02#alt1,1,bwd,1,2300.0,2800.0,0.4746,0.0
DK05_to_DB02#alt1,1,bwd,2,2350.0,2850.0,0.4346,0.0
DK05_to_DB02#alt1,1,bwd,3,2400.0,2900.0,0.4346,0.0
DK05_to_DB02#alt1,1,bwd,4,2450.0,2933.33,0.4076,0.0
DK05_to_DB02#alt1,1,bwd,5,2500.0,2950.0,0.4275,0.0
DK05_to_DB02#alt1,1,bwd,6,2550.0,2950.0,0.4346,0.0
DK05_to_DB02#alt1,1,bwd,7,2600.0,2950.0,0.4275,0.0
DK05_to_DB02#alt1,1,bwd,8,2650.0,2950.0,0.4076,0.0
DK05_to_DB02#alt1,1,bwd,9,2700.0,2950.0,0.3784,0.0
DK05_to_DB02#alt1,1,bwd,10,2750.0,2950.0,0.344,0.0
DK05_to_DB02#alt1,1,bwd,11,2800.0,2950.0,0.344,0.0
DK05_to_DB02#alt1,1,bwd,12,2850.0,2950.0,0.3895,0.0
DK05_to_DB02#alt1,1,bwd,13,2900.0,2950.0,0.4346,0.0
DK05_to_DB02#alt1,1,bwd,14,2950.0,2950.0,0.4931,0.0
DK05_to_DB02#alt1,1,bwd,15,3000.0,2950.0,0.5483,0.0
DK05_to_DB02#alt1,1,bwd,16,3050.0,2950.0,0.6241,0.0
DK05_to_DB02#alt1,1,bwd,17,3100.0,2950.0,0.6889,0.0
DK05_to_DB02#alt1,1,bwd,18,3150.0,2950.0,0.7165,0.0
DK05_to_DB02#alt1,1,bwd,19,3200.0,2950.0,0.7165,0.0
DK05_to_DB02#alt1,1,bwd,20,3250.0,2966.67,0.6889,0.0
DK05_to_DB02#alt1,1,bwd,21,3300.0,2983.33,0.6889,0.0
DK05_to_DB02#alt1,1,bwd,22,3350.0,3000.0,0.6241,0.0
DK05_to_DB02#alt1,1,bwd,23,3400.0,3000.0,0.5483,0.0
DK05_to_DB02#alt1,1,bwd,24,3450.0,3000.0,0.4931,0.0
DK05_to_DB02#alt1,1,bwd,25,3500.0,3000.0,0.4346,0.0
DK05_to_DB02#alt1,1,bwd,26,3550.0,3000.0,0.3784,0.0
DK05_to_DB02#alt1,1,bwd,27,3600.0,3000.0,0.3269,0.0
DK05_to_DB02#alt1,1,bwd,28,3650.0,3000.0,0.281,0.0
DK05_to_DB02#alt1,1,bwd,29,3700.0,2983.33,0.2407,0.0
DK05_to_DB02#alt1,1,bwd,30,3733.33,2950.0,0.1937,0.0
DK05_to_DB02#alt1,1,bwd,31,3750.0,2900.0,0.1798,0.0
DK05_to_DB02#alt1,1,bwd,32,3750.0,2850.0,0.1648,0.0
DK05_to_DB02#alt1,1,bwd,33,3750.0,2800.0,0.1495,0.0
DK05_to_DB02#alt1,1,bwd,34,3750.0,2750.0,0.1344,0.0
DK05_to_DB02#alt1,1,bwd,35,3750.0,2700.0,0.1308,0.0
DK05_to_DB02#alt1,1,bwd,36,3750.0,2650.0,0.1432,0.0
DK05_to_DB02#alt1,1,bwd,37,3750.0,2600.0,0.1551,0.0
DK05_to_DB02#alt1,1,bwd,38,3750.0,2550.0,0.1661,0.0
DK05_to_DB02#alt1,1,bwd,39,3750.0,2500.0,0.1755,0.0
DK05_to_DB02#alt1,1,bwd,40,3750.0,2450.0,0.1827,0.0
DK05_to_DB02#alt1,1,bwd,41,3750.0,2400.0,0.1873,0.0
DK05_to_DB02#alt1,1,bwd,42,3750.0,2350.0,0.1889,0.0
DK05_to_DB02#alt1,1,bwd,43,3750.0,2300.0,0.1889,0.0
DK05_to_DB02#alt1,1,bwd,44,3750.0,2250.0,0.1889,0.0
DK05_to_DB02#alt1,1,bwd,45,3750.0,2200.0,0.1873,0.0
DK05_to_DB02#alt1,1,bwd,46,3750.0,2150.0,0.1827,0.0
DK05_to_DB02#alt1,1,bwd,47,3750.0,2100.0,0.1937,0.0
DK05_to_DB02#alt1,1,bwd,48,3750.0,2050.0,0.2076,0.0
DK05_to_DB02#alt1,1,bwd,49,3750.0,2000.0,0.2252,0.0
DK05_to_DB02#alt1,1,bwd,50,3766.67,1950.0,0.2407,0.0
DK05_to_DB02#alt1,1,bwd,51,3783.33,1900.0,0.2151,0.0
DK05_to_DB02#alt1,1,bwd,52,3800.0,1850.0,0.253,0.0
DK05_to_DB02#alt1,1,bwd,53,3800.0,1800.0,0.2972,0.0
DK05_to_DB02#alt1,1,bwd,54,3800.0,1750.0,0.3485,0.0
DK05_to_DB02#alt1,1,bwd,55,3800.0,1700.0,0.4076,0.0
DK05_to_DB02#alt1,1,bwd,56,3783.33,1650.0,0.4746,0.0
DK05_to_DB02#alt1,1,bwd,57,3750.0,1600.0,0.5903,0.0
DK05_to_DB02#alt1,1,bwd,58,3700.0,1566.67,0.7165,0.0
DK05_to_DB02#alt1,1,bwd,59,3650.0,1533.33,0.6889,0.0
DK05_to_DB02#alt1,1,bwd,60,3600.0,1516.67,0.7165,0.0
DK05_to_DB02#alt1,1,bwd,61,3550.0,1483.33,0.6889,0.0
DK05_to_DB02#alt1,1,bwd,62,3500.0,1450.0,0.6889,0.0
DK05_to_DB02#alt1,1,bwd,63,3450.0,1400.0,0.6065,0.0
DK05_to_DB02#alt1,1,bwd,64,3400.0,1350.0,0.5134,0.0
DK05_to_DB02#alt1,1,bwd,65,3350.0,1300.0,0.4746,0.0
DK05_to_DB02#alt1,1,bwd,66,3300.0,1250.0,0.4275,0.0
DK05_to_DB02#alt1,1,bwd,67,3250.0,1200.0,0.3679,0.0
DK05_to_DB02#alt1,1,bwd,68,3200.0,1150.0,0.3114,0.0
DK05_to_DB02#alt1,1,bwd,69,3150.0,1100.0,0.2636,0.0
DK05_to_DB02#alt1,1,bwd,70,3100.0,1050.0,0.2231,0.0
DK05_to_DB02#alt1,1,bwd,71,3050.0,1000.0,0.2636,0.0
DK05_to_DB02#alt1,1,bwd,72,3000.0,950.0,0.3077,0.0
DK05_to_DB02#alt1,1,bwd,73,2950.0,900.0,0.3485,0.0
DK05_to_DB02#alt1,1,bwd,74,2900.0,850.0,0.3784,0.0
DK05_to_DB02#alt1,1,bwd,75,2850.0,800.0,0.4076,0.0
DK05_to_DB02#alt1,1,bwd,76,2800.0,750.0,0.4346,0.0
DK05_to_DB02#alt1,1,bwd,77,2750.0,700.0,0.4346,0.0
DK05_to_DB02#alt1,1,bwd,78,2700.0,650.0,0.4346,0.0
DK05_to_DB02#alt1,1,bwd,79,2650.0,616.67,0.4076,0.0
DK05_to_DB02#alt1,1,bwd,80,2600.0,600.0,0.4346,0.0
DK05_to_DB02#alt1,1,bwd,81,2550.0,600.0,0.4746,0.0
DK05_to_DB02#alt1,1,bwd,82,2500.0,600.0,0.503,0.0
DK05_to_DB02#alt1,1,bwd,83,2450.0,600.0,0.5134,0.0
DK05_to_DB02#alt1,1,bwd,84,2400.0,600.0,0.5134,0.0
DK05_to_DB02#alt1,1,bwd,85,2350.0,600.0,0.5134,0.0
DK05_to_DB02#alt1,1,bwd,86,2300.0,600.0,0.503,0.0
DK05_to_DB02#alt1,1,bwd,87,2250.0,600.0,0.4746,0.0
DK05_to_DB02#alt1,1,bwd,88,2200.0,600.0,0.4346,0.0
DK05_to_DB02#alt1,1,bwd,89,2150.0,600.0,0.4076,0.0
DB02_to_DK05#alt2,2,fwd,0,2150.0,600.0,0.4076,0.0
DB02_to_DK05#alt2,2,fwd,1,2100.0,550.0,0.3269,0.0
DB02_to_DK05#alt2,2,fwd,2,2050.0,516.67,0.2609,0.0
DB02_to_DK05#alt2,2,fwd,3,2000.0,516.67,0.2384,0.0
DB02_to_DK05#alt2,2,fwd,4,1950.0,550.0,0.2431,0.0
DB02_to_DK05#alt2,2,fwd,5,1900.0,600.0,0.281,0.0
DB02_to_DK05#alt2,2,fwd,6,1850.0,650.0,0.3485,0.0
DB02_to_DK05#alt2,2,fwd,7,1800.0,700.0,0.4275,0.0
DB02_to_DK05#alt2,2,fwd,8,1750.0,750.0,0.5134,0.0
DB02_to_DK05#alt2,2,fwd,9,1700.0,800.0,0.6065,0.0
DB02_to_DK05#alt2,2,fwd,10,1666.67,850.0,0.7165,0.0
DB02_to_DK05#alt2,2,fwd,11,1650.0,900.0,0.7165,0.0
DB02_to_DK05#alt2,2,fwd,12,1650.0,950.0,0.7165,0.0
DB02_to_DK05#alt2,2,fwd,13,1650.0,1000.0,0.6889,0.0
DB02_to_DK05#alt2,2,fwd,14,1600.0,1050.0,0.7165,0.0
DB02_to_DK05#alt2,2,fwd,15,1600.0,1100.0,0.7165,0.0
DB02_to_DK05#alt2,2,fwd,16,1583.33,1150.0,0.6889,0.0
DB02_to_DK05#alt2,2,fwd,17,1550.0,1200.0,0.6889,0.0
DB02_to_DK05#alt2,2,fwd,18,1500.0,1250.0,0.6889,0.0
DB02_to_DK05#alt2,2,fwd,19,1450.0,1300.0,0.6889,0.0
DB02_to_DK05#alt2,2,fwd,20,1416.67,1350.0,0.6889,0.0
DB02_to_DK05#alt2,2,fwd,21,1400.0,1400.0,0.6241,0.0
DB02_to_DK05#alt2,2,fwd,22,1400.0,1450.0,0.5483,0.0
DB02_to_DK05#alt2,2,fwd,23,1400.0,1500.0,0.5134,0.0
DB02_to_DK05#alt2,2,fwd,24,1400.0,1550.0,0.5134,0.0
DB02_to_DK05#alt2,2,fwd,25,1400.0,1600.0,0.5134,0.0
DB02_to_DK05#alt2,2,fwd,26,1400.0,1650.0,0.5134,0.0
DB02_to_DK05#alt2,2,fwd,27,1383.33,1700.0,0.503,0.0
DB02_to_DK05#alt2,2,fwd,28,1350.0,1750.0,0.5483,0.0
DB02_to_DK05#alt2,2,fwd,29,1300.0,1800.0,0.5483,0.0
DB02_to_DK05#alt2,2,fwd,30,1250.0,1850.0,0.5903,0.0
DB02_to_DK05#alt2,2,fwd,31,1200.0,1900.0,0.6241,0.0
DB02_to_DK05#alt2,2,fwd,32,1150.0,1950.0,0.6889,0.0
DB02_to_DK05#alt2,2,fwd,33,1100.0,2000.0,0.6889,0.0
DB02_to_DK05#alt2,2,fwd,34,1050.0,2050.0,0.6889,0.0
DB02_to_DK05#alt2,2,fwd,35,1016.67,2100.0,0.6241,0.0
DB02_to_DK05#alt2,2,fwd,36,1000.0,2150.0,0.6889,0.0
DB02_to_DK05#alt2,2,fwd,37,1000.0,2200.0,0.7165,0.0
DB02_to_DK05#alt2,2,fwd,38,1000.0,2250.0,0.7165,0.0
DB02_to_DK05#alt2,2,fwd,39,1000.0,2300.0,0.7165,0.0
DB02_to_DK05#alt2,2,fwd,40,1016.67,2350.0,0.6889,0.0
DB02_to_DK05#alt2,2,fwd,41,1050.0,2400.0,0.6889,0.0
DB02_to_DK05#alt2,2,fwd,42,1100.0,2450.0,0.6889,0.0
DB02_to_DK05#alt2,2,fwd,43,1150.0,2500.0,0.6889,0.0
DB02_to_DK05#alt2,2,fwd,44,1200.0,2550.0,0.6241,0.0
DB02_to_DK05#alt2,2,fwd,45,1250.0,2600.0,0.5903,0.0
DB02_to_DK05#alt2,2,fwd,46,1300.0,2650.0,0.5134,0.0
DB02_to_DK05#alt2,2,fwd,47,1350.0,2700.0,0.4346,0.0
DB02_to_DK05#alt2,2,fwd,48,1400.0,2750.0,0.3784,0.0
DB02_to_DK05#alt2,2,fwd,49,1450.0,2800.0,0.3485,0.0
DB02_to_DK05#alt2,2,fwd,50,1500.0,2833.33,0.3077,0.0
DB02_to_DK05#alt2,2,fwd,51,1550.0,2850.0,0.2609,0.0
DB02_to_DK05#alt2,2,fwd,52,1600.0,2850.0,0.2252,0.0
DB02_to_DK05#alt2,2,fwd,53,1650.0,2850.0,0.2076,0.0
DB02_to_DK05#alt2,2,fwd,54,1700.0,2850.0,0.1937,0.0
DB02_to_DK05#alt2,2,fwd,55,1750.0,2850.0,0.1798,0.0
DB02_to_DK05#alt2,2,fwd,56,1800.0,2850.0,0.1648,0.0
DB02_to_DK05#alt2,2,fwd,57,1850.0,2850.0,0.1495,0.0
DB02_to_DK05#alt2,2,fwd,58,1900.0,2850.0,0.1648,0.0
DB02_to_DK05#alt2,2,fwd,59,1950.0,2850.0,0.1889,0.0
DB02_to_DK05#alt2,2,fwd,60,2000.0,2850.0,0.2151,0.0
DB02_to_DK05#alt2,2,fwd,61,2050.0,2850.0,0.2431,0.0
DB02_to_DK05#alt2,2,fwd,62,2100.0,2850.0,0.2721,0.0
DB02_to_DK05#alt2,2,fwd,63,2150.0,2850.0,0.3077,0.0
DB02_to_DK05#alt2,2,fwd,64,2200.0,2833.33,0.344,0.0
DB02_to_DK05#alt2,2,fwd,65,2233.33,2800.0,0.4346,0.0
DB02_to_DK05#alt2,2,fwd,66,2250.0,2750.0,0.4931,0.0
DK05_to_DB02#alt2,2,bwd,0,2250.0,2750.0,0.4931,0.0
DK05_to_DB02#alt2,2,bwd,1,2300.0,2800.0,0.4746,0.0
DK05_to_DB02#alt2,2,bwd,2,2350.0,2850.0,0.4346,0.0
DK05_to_DB02#alt2,2,bwd,3,2400.0,2900.0,0.4346,0.0
DK05_to_DB02#alt2,2,bwd,4,2450.0,2950.0,0.4076,0.0
DK05_to_DB02#alt2,2,bwd,5,2500.0,3000.0,0.3628,0.0
DK05_to_DB02#alt2,2,bwd,6,2550.0,3033.33,0.3114,0.0
DK05_to_DB02#alt2,2,bwd,7,2600.0,3050.0,0.3077,0.0
DK05_to_DB02#alt2,2,bwd,8,2650.0,3050.0,0.2972,0.0
DK05_to_DB02#alt2,2,bwd,9,2700.0,3050.0,0.2972,0.0
DK05_to_DB02#alt2,2,bwd,10,2750.0,3050.0,0.3485,0.0
DK05_to_DB02#alt2,2,bwd,11,2800.0,3050.0,0.4076,0.0
DK05_to_DB02#alt2,2,bwd,12,2850.0,3050.0,0.4746,0.0
DK05_to_DB02#alt2,2,bwd,13,2900.0,3050.0,0.5483,0.0
DK05_to_DB02#alt2,2,bwd,14,2950.0,3033.33,0.6241,0.0
DK05_to_DB02#alt2,2,bwd,15,2983.33,3000.0,0.6241,0.0
DK05_to_DB02#alt2,2,bwd,16,3000.0,2950.0,0.5483,0.0
DK05_to_DB02#alt2,2,bwd,17,3016.67,2900.0,0.4931,0.0
DK05_to_DB02#alt2,2,bwd,18,3050.0,2850.0,0.4746,0.0
DK05_to_DB02#alt2,2,bwd,19,3083.33,2800.0,0.4275,0.0
DK05_to_DB02#alt2,2,bwd,20,3100.0,2750.0,0.3628,0.0
DK05_to_DB02#alt2,2,bwd,21,3100.0,2700.0,0.3077,0.0
DK05_to_DB02#alt2,2,bwd,22,3100.0,2650.0,0.2609,0.0
DK05_to_DB02#alt2,2,bwd,23,3100.0,2600.0,0.253,0.0
DK05_to_DB02#alt2,2,bwd,24,3100.0,2550.0,0.2609,0.0
DK05_to_DB02#alt2,2,bwd,25,3100.0,2500.0,0.2636,0.0
DK05_to_DB02#alt2,2,bwd,26,3116.67,2450.0,0.2636,0.0
DK05_to_DB02#alt2,2,bwd,27,3150.0,2400.0,0.2636,0.0
DK05_to_DB02#alt2,2,bwd,28,3200.0,2350.0,0.3114,0.0
DK05_to_DB02#alt2,2,bwd,29,3250.0,2300.0,0.3628,0.0
DK05_to_DB02#alt2,2,bwd,30,3300.0,2266.67,0.4076,0.0
DK05_to_DB02#alt2,2,bwd,31,3350.0,2233.33,0.3784,0.0
DK05_to_DB02#alt2,2,bwd,32,3400.0,2200.0,0.3895,0.0
DK05_to_DB02#alt2,2,bwd,33,3433.33,2150.0,0.3895,0.0
DK05_to_DB02#alt2,2,bwd,34,3450.0,2100.0,0.4346,0.0
DK05_to_DB02#alt2,2,bwd,35,3450.0,2050.0,0.4931,0.0
DK05_to_DB02#alt2,2,bwd,36,3450.0,2000.0,0.5483,0.0
DK05_to_DB02#alt2,2,bwd,37,3450.0,1950.0,0.5903,0.0
DK05_to_DB02#alt2,2,bwd,38,3450.0,1900.0,0.6241,0.0
DK05_to_DB02#alt2,2,bwd,39,3450.0,1850.0,0.6889,0.0
DK05_to_DB02#alt2,2,bwd,40,3450.0,1800.0,0.7165,0.0
DK05_to_DB02#alt2,2,bwd,41,3450.0,1750.0,0.7165,0.0
DK05_to_DB02#alt2,2,bwd,42,3450.0,1700.0,0.6889,0.0
DK05_to_DB02#alt2,2,bwd,43,3400.0,1650.0,0.7165,0.0
DK05_to_DB02#alt2,2,bwd,44,3400.0,1600.0,0.6889,0.0
DK05_to_DB02#alt2,2,bwd,45,3350.0,1550.0,0.6889,0.0
DK05_to_DB02#alt2,2,bwd,46,3300.0,1500.0,0.6889,0.0
DK05_to_DB02#alt2,2,bwd,47,3250.0,1450.0,0.6241,0.0
DK05_to_DB02#alt2,2,bwd,48,3200.0,1400.0,0.5903,0.0
DK05_to_DB02#alt2,2,bwd,49,3150.0,1350.0,0.5134,0.0
DK05_to_DB02#alt2,2,bwd,50,3100.0,1300.0,0.4346,0.0
DK05_to_DB02#alt2,2,bwd,51,3050.0,1250.0,0.3679,0.0
DK05_to_DB02#alt2,2,bwd,52,3000.0,1200.0,0.3077,0.0
DK05_to_DB02#alt2,2,bwd,53,2966.67,1150.0,0.3628,0.0
DK05_to_DB02#alt2,2,bwd,54,2950.0,1100.0,0.3679,0.0
DK05_to_DB02#alt2,2,bwd,55,2966.67,1050.0,0.3679,0.0
DK05_to_DB02#alt2,2,bwd,56,3000.0,1000.0,0.3114,0.0
DK05_to_DB02#alt2,2,bwd,57,3050.0,950.0,0.2609,0.0
DK05_to_DB02#alt2,2,bwd,58,3066.67,900.0,0.253,0.0
DK05_to_DB02#alt2,2,bwd,59,3050.0,850.0,0.2407,0.0
DK05_to_DB02#alt2,2,bwd,60,3000.0,800.0,0.2609,0.0
DK05_to_DB02#alt2,2,bwd,61,2950.0,750.0,0.281,0.0
DK05_to_DB02#alt2,2,bwd,62,2900.0,700.0,0.3006,0.0
DK05_to_DB02#alt2,2,bwd,63,2850.0,650.0,0.3077,0.0
DK05_to_DB02#alt2,2,bwd,64,2800.0,600.0,0.3077,0.0
DK05_to_DB02#alt2,2,bwd,65,2750.0,550.0,0.3006,0.0
DK05_to_DB02#alt2,2,bwd,66,2700.0,500.0,0.281,0.0
DK05_to_DB02#alt2,2,bwd,67,2650.0,466.67,0.2609,0.0
DK05_to_DB02#alt2,2,bwd,68,2600.0,466.67,0.281,0.0
DK05_to_DB02#alt2,2,bwd,69,2550.0,483.33,0.3485,0.0
DK05_to_DB02#alt2,2,bwd,70,2500.0,500.0,0.3628,0.0
DK05_to_DB02#alt2,2,bwd,71,2450.0,500.0,0.3679,0.0
DK05_to_DB02#alt2,2,bwd,72,2400.0,500.0,0.3679,0.0
DK05_to_DB02#alt2,2,bwd,73,2350.0,500.0,0.3679,0.0
DK05_to_DB02#alt2,2,bwd,74,2300.0,500.0,0.3628,0.0
DK05_to_DB02#alt2,2,bwd,75,2250.0,500.0,0.3485,0.0
DK05_to_DB02#alt2,2,bwd,76,2200.0,516.67,0.3269,0.0
DK05_to_DB02#alt2,2,bwd,77,2166.67,550.0,0.3485,0.0
DK05_to_DB02#alt2,2,bwd,78,2150.0,600.0,0.4076,0.0
DB02_to_DK05#alt3,3,fwd,0,2150.0,600.0,0.4076,0.0
DB02_to_DK05#alt3,3,fwd,1,2200.0,550.0,0.3784,0.0
DB02_to_DK05#alt3,3,fwd,2,2250.0,500.0,0.3485,0.0
DB02_to_DK05#alt3,3,fwd,3,2300.0,450.0,0.3077,0.0
DB02_to_DK05#alt3,3,fwd,4,2350.0,400.0,0.2636,0.0
DB02_to_DK05#alt3,3,fwd,5,2400.0,366.67,0.2231,0.0
DB02_to_DK05#alt3,3,fwd,6,2450.0,350.0,0.2231,0.0
DB02_to_DK05#alt3,3,fwd,7,2500.0,350.0,0.2211,0.0
DB02_to_DK05#alt3,3,fwd,8,2550.0,350.0,0.2151,0.0
DB02_to_DK05#alt3,3,fwd,9,2600.0,350.0,0.2057,0.0
DB02_to_DK05#alt3,3,fwd,10,2650.0,350.0,0.1937,0.0
DB02_to_DK05#alt3,3,fwd,11,2700.0,350.0,0.1798,0.0
DB02_to_DK05#alt3,3,fwd,12,2750.0,333.33,0.1661,0.0
DB02_to_DK05#alt3,3,fwd,13,2800.0,316.67,0.1335,0.0
DB02_to_DK05#alt3,3,fwd,14,2850.0,316.67,0.1239,0.0
DB02_to_DK05#alt3,3,fwd,15,2900.0,350.0,0.1308,0.0
DB02_to_DK05#alt3,3,fwd,16,2950.0,400.0,0.1344,0.0
DB02_to_DK05#alt3,3,fwd,17,3000.0,450.0,0.1344,0.0
DB02_to_DK05#alt3,3,fwd,18,3050.0,500.0,0.1344,0.0
DB02_to_DK05#alt3,3,fwd,19,3100.0,550.0,0.1344,0.0
DB02_to_DK05#alt3,3,fwd,20,3150.0,600.0,0.17,0.0
DB02_to_DK05#alt3,3,fwd,21,3200.0,650.0,0.2151,0.0
DB02_to_DK05#alt3,3,fwd,22,3250.0,700.0,0.2721,0.0
DB02_to_DK05#alt3,3,fwd,23,3300.0,750.0,0.344,0.0
DB02_to_DK05#alt3,3,fwd,24,3350.0,800.0,0.4346,0.0
DB02_to_DK05#alt3,3,fwd,25,3400.0,850.0,0.5483,0.0
DB02_to_DK05#alt3,3,fwd,26,3433.33,900.0,0.6889,0.0
DB02_to_DK05#alt3,3,fwd,27,3450.0,950.0,0.7165,0.0
DB02_to_DK05#alt3,3,fwd,28,3450.0,1000.0,0.7165,0.0
DB02_to_DK05#alt3,3,fwd,29,3450.0,1050.0,0.7165,0.0
DB02_to_DK05#alt3,3,fwd,30,3450.0,1100.0,0.7165,0.0
DB02_to_DK05#alt3,3,fwd,31,3450.0,1150.0,0.7165,0.0
DB02_to_DK05#alt3,3,fwd,32,3450.0,1200.0,0.7165,0.0
DB02_to_DK05#alt3,3,fwd,33,3466.67,1250.0,0.6889,0.0
DB02_to_DK05#alt3,3,fwd,34,3483.33,1300.0,0.7165,0.0
DB02_to_DK05#alt3,3,fwd,35,3500.0,1350.0,0.7165,0.0
DB02_to_DK05#alt3,3,fwd,36,3483.33,1400.0,0.7165,0.0
DB02_to_DK05#alt3,3,fwd,37,3483.33,1450.0,0.6889,0.0
DB02_to_DK05#alt3,3,fwd,38,3500.0,1500.0,0.6241,0.0
DB02_to_DK05#alt3,3,fwd,39,3533.33,1550.0,0.5903,0.0
DB02_to_DK05#alt3,3,fwd,40,3566.67,1600.0,0.503,0.0
DB02_to_DK05#alt3,3,fwd,41,3600.0,1650.0,0.4746,0.0
DB02_to_DK05#alt3,3,fwd,42,3633.33,1700.0,0.4275,0.0
DB02_to_DK05#alt3,3,fwd,43,3650.0,1750.0,0.3679,0.0
DB02_to_DK05#alt3,3,fwd,44,3650.0,1800.0,0.3679,0.0
DB02_to_DK05#alt3,3,fwd,45,3650.0,1850.0,0.3628,0.0
DB02_to_DK05#alt3,3,fwd,46,3650.0,1900.0,0.3485,0.0
DB02_to_DK05#alt3,3,fwd,47,3650.0,1950.0,0.3269,0.0
DB02_to_DK05#alt3,3,fwd,48,3650.0,2000.0,0.3006,0.0
DB02_to_DK05#alt3,3,fwd,49,3650.0,2050.0,0.281,0.0
DB02_to_DK05#alt3,3,fwd,50,3650.0,2100.0,0.2609,0.0
DB02_to_DK05#alt3,3,fwd,51,3650.0,2150.0,0.2384,0.0
DB02_to_DK05#alt3,3,fwd,52,3650.0,2200.0,0.2151,0.0
DB02_to_DK05#alt3,3,fwd,53,3650.0,2250.0,0.1921,0.0
DB02_to_DK05#alt3,3,fwd,54,3650.0,2300.0,0.17,0.0
DB02_to_DK05#alt3,3,fwd,55,3650.0,2350.0,0.1517,0.0
DB02_to_DK05#alt3,3,fwd,56,3650.0,2400.0,0.1344,0.0
DB02_to_DK05#alt3,3,fwd,57,3650.0,2450.0,0.1317,0.0
DB02_to_DK05#alt3,3,fwd,58,3650.0,2500.0,0.1273,0.0
DB02_to_DK05#alt3,3,fwd,59,3650.0,2550.0,0.1215,0.0
DB02_to_DK05#alt3,3,fwd,60,3650.0,2600.0,0.1199,0.0
DB02_to_DK05#alt3,3,fwd,61,3650.0,2650.0,0.1344,0.0
DB02_to_DK05#alt3,3,fwd,62,3650.0,2700.0,0.1517,0.0
DB02_to_DK05#alt3,3,fwd,63,3650.0,2750.0,0.17,0.0
DB02_to_DK05#alt3,3,fwd,64,3650.0,2800.0,0.1921,0.0
DB02_to_DK05#alt3,3,fwd,65,3666.67,2850.0,0.2151,0.0
DB02_to_DK05#alt3,3,fwd,66,3700.0,2900.0,0.2076,0.0
DB02_to_DK05#alt3,3,fwd,67,3733.33,2950.0,0.1937,0.0
DB02_to_DK05#alt3,3,fwd,68,3750.0,3000.0,0.2057,0.0
DB02_to_DK05#alt3,3,fwd,69,3750.0,3050.0,0.2151,0.0
DB02_to_DK05#alt3,3,fwd,70,3750.0,3100.0,0.2211,0.0
DB02_to_DK05#alt3,3,fwd,71,3750.0,3150.0,0.2231,0.0
DB02_to_DK05#alt3,3,fwd,72,3750.0,3200.0,0.2231,0.0
DB02_to_DK05#alt3,3,fwd,73,3750.0,3250.0,0.2231,0.0
DB02_to_DK05#alt3,3,fwd,74,3750.0,3300.0,0.2211,0.0
DB02_to_DK05#alt3,3,fwd,75,3750.0,3350.0,0.2151,0.0
DB02_to_DK05#alt3,3,fwd,76,3750.0,3400.0,0.2057,0.0
DB02_to_DK05#alt3,3,fwd,77,3750.0,3450.0,0.1937,0.0
DB02_to_DK05#alt3,3,fwd,78,3750.0,3500.0,0.1827,0.0
DB02_to_DK05#alt3,3,fwd,79,3750.0,3550.0,0.2151,0.0
DB02_to_DK05#alt3,3,fwd,80,3750.0,3600.0,0.253,0.0
DB02_to_DK05#alt3,3,fwd,81,3750.0,3650.0,0.2972,0.0
DB02_to_DK05#alt3,3,fwd,82,3733.33,3700.0,0.3485,0.0
DB02_to_DK05#alt3,3,fwd,83,3700.0,3733.33,0.4275,0.0
DB02_to_DK05#alt3,3,fwd,84,3650.0,3750.0,0.4346,0.0
DB02_to_DK05#alt3,3,fwd,85,3600.0,3750.0,0.4346,0.0
DB02_to_DK05#alt3,3,fwd,86,3550.0,3750.0,0.4346,0.0
DB02_to_DK05#alt3,3,fwd,87,3500.0,3750.0,0.4346,0.0
DB02_to_DK05#alt3,3,fwd,88,3450.0,3750.0,0.4275,0.0
DB02_to_DK05#alt3,3,fwd,89,3400.0,3750.0,0.4076,0.0
DB02_to_DK05#alt3,3,fwd,90,3350.0,3750.0,0.3784,0.0
DB02_to_DK05#alt3,3,fwd,91,3300.0,3750.0,0.344,0.0
DB02_to_DK05#alt3,3,fwd,92,3250.0,3750.0,0.3269,0.0
DB02_to_DK05#alt3,3,fwd,93,3200.0,3750.0,0.3485,0.0
DB02_to_DK05#alt3,3,fwd,94,3150.0,3750.0,0.3628,0.0
DB02_to_DK05#alt3,3,fwd,95,3100.0,3750.0,0.3679,0.0
DB02_to_DK05#alt3,3,fwd,96,3050.0,3750.0,0.3679,0.0
DB02_to_DK05#alt3,3,fwd,97,3000.0,3750.0,0.3679,0.0
DB02_to_DK05#alt3,3,fwd,98,2950.0,3750.0,0.3628,0.0
DB02_to_DK05#alt3,3,fwd,99,2900.0,3750.0,0.3485,0.0
DB02_to_DK05#alt3,3,fwd,100,2850.0,3750.0,0.3269,0.0
DB02_to_DK05#alt3,3,fwd,101,2800.0,3750.0,0.3006,0.0
DB02_to_DK05#alt3,3,fwd,102,2750.0,3750.0,0.2721,0.0
DB02_to_DK05#alt3,3,fwd,103,2700.0,3750.0,0.2431,0.0
DB02_to_DK05#alt3,3,fwd,104,2650.0,3750.0,0.2151,0.0
DB02_to_DK05#alt3,3,fwd,105,2600.0,3750.0,0.1889,0.0
DB02_to_DK05#alt3,3,fwd,106,2550.0,3750.0,0.1648,0.0
DB02_to_DK05#alt3,3,fwd,107,2500.0,3750.0,0.1432,0.0
DB02_to_DK05#alt3,3,fwd,108,2450.0,3750.0,0.1551,0.0
DB02_to_DK05#alt3,3,fwd,109,2400.0,3733.33,0.1798,0.0
DB02_to_DK05#alt3,3,fwd,110,2350.0,3700.0,0.1889,0.0
DB02_to_DK05#alt3,3,fwd,111,2300.0,3650.0,0.1921,0.0
DB02_to_DK05#alt3,3,fwd,112,2266.67,3600.0,0.1889,0.0
DB02_to_DK05#alt3,3,fwd,113,2250.0,3550.0,0.1648,0.0
DB02_to_DK05#alt3,3,fwd,114,2250.0,3500.0,0.1432,0.0
DB02_to_DK05#alt3,3,fwd,115,2250.0,3450.0,0.1239,0.0
DB02_to_DK05#alt3,3,fwd,116,2250.0,3400.0,0.1069,0.0
DB02_to_DK05#alt3,3,fwd,117,2250.0,3350.0,0.0981,0.0
DB02_to_DK05#alt3,3,fwd,118,2250.0,3300.0,0.1069,0.0
DB02_to_DK05#alt3,3,fwd,119,2250.0,3250.0,0.1239,0.0
DB02_to_DK05#alt3,3,fwd,120,2250.0,3200.0,0.1432,0.0
DB02_to_DK05#alt3,3,fwd,121,2250.0,3150.0,0.1648,0.0
DB02_to_DK05#alt3,3,fwd,122,2250.0,3100.0,0.1889,0.0
DB02_to_DK05#alt3,3,fwd,123,2250.0,3050.0,0.2151,0.0
DB02_to_DK05#alt3,3,fwd,124,2250.0,3000.0,0.2431,0.0
DB02_to_DK05#alt3,3,fwd,125,2250.0,2950.0,0.281,0.0
DB02_to_DK05#alt3,3,fwd,126,2250.0,2900.0,0.3269,0.0
DB02_to_DK05#alt3,3,fwd,127,2250.0,2850.0,0.3784,0.0
DB02_to_DK05#alt3,3,fwd,128,2250.0,2800.0,0.4346,0.0
DB02_to_DK05#alt3,3,fwd,129,2250.0,2750.0,0.4931,0.0
DK05_to_DB02#alt3,3,bwd,0,2250.0,2750.0,0.4931,0.0
DK05_to_DB02#alt3,3,bwd,1,2200.0,2800.0,0.3895,0.0
DK05_to_DB02#alt3,3,bwd,2,2150.0,2850.0,0.3077,0.0
DK05_to_DB02#alt3,3,bwd,3,2100.0,2900.0,0.2431,0.0
DK05_to_DB02#alt3,3,bwd,4,2050.0,2933.33,0.1921,0.0
DK05_to_DB02#alt3,3,bwd,5,2000.0,2950.0,0.17,0.0
DK05_to_DB02#alt3,3,bwd,6,1950.0,2950.0,0.1517,0.0
DK05_to_DB02#alt3,3,bwd,7,1900.0,2950.0,0.1344,0.0
DK05_to_DB02#alt3,3,bwd,8,1850.0,2950.0,0.1199,0.0
DK05_to_DB02#alt3,3,bwd,9,1800.0,2950.0,0.1344,0.0
DK05_to_DB02#alt3,3,bwd,10,1750.0,2950.0,0.1495,0.0
DK05_to_DB02#alt3,3,bwd,11,1700.0,2950.0,0.1648,0.0
DK05_to_DB02#alt3,3,bwd,12,1650.0,2950.0,0.1889,0.0
DK05_to_DB02#alt3,3,bwd,13,1600.0,2950.0,0.2231,0.0
DK05_to_DB02#alt3,3,bwd,14,1550.0,2950.0,0.2636,0.0
DK05_to_DB02#alt3,3,bwd,15,1500.0,2950.0,0.3114,0.0
DK05_to_DB02#alt3,3,bwd,16,1450.0,2933.33,0.3679,0.0
DK05_to_DB02#alt3,3,bwd,17,1400.0,2900.0,0.4346,0.0
DK05_to_DB02#alt3,3,bwd,18,1350.0,2850.0,0.503,0.0
DK05_to_DB02#alt3,3,bwd,19,1300.0,2800.0,0.5483,0.0
DK05_to_DB02#alt3,3,bwd,20,1250.0,2750.0,0.5483,0.0
DK05_to_DB02#alt3,3,bwd,21,1200.0,2700.0,0.5483,0.0
DK05_to_DB02#alt3,3,bwd,22,1150.0,2650.0,0.5483,0.0
DK05_to_DB02#alt3,3,bwd,23,1100.0,2600.0,0.503,0.0
DK05_to_DB02#alt3,3,bwd,24,1050.0,2550.0,0.4931,0.0
DK05_to_DB02#alt3,3,bwd,25,1000.0,2500.0,0.4931,0.0
DK05_to_DB02#alt3,3,bwd,26,950.0,2450.0,0.4931,0.0
DK05_to_DB02#alt3,3,bwd,27,900.0,2400.0,0.4746,0.0
DK05_to_DB02#alt3,3,bwd,28,850.0,2350.0,0.4275,0.0
DK05_to_DB02#alt3,3,bwd,29,800.0,2300.0,0.3679,0.0
DK05_to_DB02#alt3,3,bwd,30,750.0,2266.67,0.3114,0.0
DK05_to_DB02#alt3,3,bwd,31,700.0,2250.0,0.2636,0.0
DK05_to_DB02#alt3,3,bwd,32,650.0,2233.33,0.2231,0.0
DK05_to_DB02#alt3,3,bwd,33,600.0,2200.0,0.1889,0.0
DK05_to_DB02#alt3,3,bwd,34,550.0,2150.0,0.1587,0.0
DK05_to_DB02#alt3,3,bwd,35,500.0,2100.0,0.1317,0.0
DK05_to_DB02#alt3,3,bwd,36,450.0,2050.0,0.1183,0.0
DK05_to_DB02#alt3,3,bwd,37,400.0,2000.0,0.1138,0.0
DK05_to_DB02#alt3,3,bwd,38,350.0,1950.0,0.1069,0.0
DK05_to_DB02#alt3,3,bwd,39,300.0,1900.0,0.0981,0.0
DK05_to_DB02#alt3,3,bwd,40,250.0,1850.0,0.0883,0.0
DK05_to_DB02#alt3,3,bwd,41,200.0,1800.0,0.0781,0.0
DK05_to_DB02#alt3,3,bwd,42,166.67,1750.0,0.0748,0.0
DK05_to_DB02#alt3,3,bwd,43,150.0,1700.0,0.0839,0.0
DK05_to_DB02#alt3,3,bwd,44,150.0,1650.0,0.0947,0.0
DK05_to_DB02#alt3,3,bwd,45,150.0,1600.0,0.1069,0.0
DK05_to_DB02#alt3,3,bwd,46,150.0,1550.0,0.1239,0.0
DK05_to_DB02#alt3,3,bwd,47,150.0,1500.0,0.1432,0.0
DK05_to_DB02#alt3,3,bwd,48,150.0,1450.0,0.1648,0.0
DK05_to_DB02#alt3,3,bwd,49,150.0,1400.0,0.1889,0.0
DK05_to_DB02#alt3,3,bwd,50,150.0,1350.0,0.2151,0.0
DK05_to_DB02#alt3,3,bwd,51,150.0,1300.0,0.2431,0.0
DK05_to_DB02#alt3,3,bwd,52,150.0,1250.0,0.2721,0.0
DK05_to_DB02#alt3,3,bwd,53,150.0,1200.0,0.3077,0.0
DK05_to_DB02#alt3,3,bwd,54,150.0,1150.0,0.344,0.0
DK05_to_DB02#alt3,3,bwd,55,150.0,1100.0,0.3895,0.0
DK05_to_DB02#alt3,3,bwd,56,150.0,1050.0,0.4346,0.0
DK05_to_DB02#alt3,3,bwd,57,150.0,1000.0,0.4746,0.0
DK05_to_DB02#alt3,3,bwd,58,150.0,950.0,0.503,0.0
DK05_to_DB02#alt3,3,bwd,59,150.0,900.0,0.5134,0.0
DK05_to_DB02#alt3,3,bwd,60,150.0,850.0,0.5134,0.0
DK05_to_DB02#alt3,3,bwd,61,150.0,800.0,0.5134,0.0
DK05_to_DB02#alt3,3,bwd,62,166.67,750.0,0.503,0.0
DK05_to_DB02#alt3,3,bwd,63,200.0,700.0,0.5483,0.0
DK05_to_DB02#alt3,3,bwd,64,250.0,650.0,0.5903,0.0
DK05_to_DB02#alt3,3,bwd,65,300.0,600.0,0.6241,0.0
DK05_to_DB02#alt3,3,bwd,66,350.0,550.0,0.5903,0.0
DK05_to_DB02#alt3,3,bwd,67,400.0,500.0,0.5483,0.0
DK05_to_DB02#alt3,3,bwd,68,450.0,450.0,0.503,0.0
DK05_to_DB02#alt3,3,bwd,69,500.0,400.0,0.4931,0.0
DK05_to_DB02#alt3,3,bwd,70,550.0,350.0,0.4931,0.0
DK05_to_DB02#alt3,3,bwd,71,600.0,300.0,0.503,0.0
DK05_to_DB02#alt3,3,bwd,72,650.0,250.0,0.5483,0.0
DK05_to_DB02#alt3,3,bwd,73,700.0,200.0,0.5483,0.0
DK05_to_DB02#alt3,3,bwd,74,750.0,150.0,0.5483,0.0
DK05_to_DB02#alt3,3,bwd,75,800.0,100.0,0.5483,0.0
DK05_to_DB02#alt3,3,bwd,76,850.0,83.33,0.5903,0.0
DK05_to_DB02#alt3,3,bwd,77,900.0,83.33,0.6065,0.0
DK05_to_DB02#alt3,3,bwd,78,950.0,100.0,0.6065,0.0
DK05_to_DB02#alt3,3,bwd,79,1000.0,100.0,0.6065,0.0
DK05_to_DB02#alt3,3,bwd,80,1050.0,100.0,0.6065,0.0
DK05_to_DB02#alt3,3,bwd,81,1100.0,116.67,0.5903,0.0
DK05_to_DB02#alt3,3,bwd,82,1150.0,133.33,0.6241,0.0
DK05_to_DB02#alt3,3,bwd,83,1200.0,150.0,0.5483,0.0
DK05_to_DB02#alt3,3,bwd,84,1250.0,150.0,0.4931,0.0
DK05_to_DB02#alt3,3,bwd,85,1300.0,166.67,0.4346,0.0
DK05_to_DB02#alt3,3,bwd,86,1350.0,200.0,0.503,0.0
DK05_to_DB02#alt3,3,bwd,87,1400.0,250.0,0.5483,0.0
DK05_to_DB02#alt3,3,bwd,88,1450.0,300.0,0.5483,0.0
DK05_to_DB02#alt3,3,bwd,89,1500.0,350.0,0.5483,0.0
DK05_to_DB02#alt3,3,bwd,90,1550.0,383.33,0.5483,0.0
DK05_to_DB02#alt3,3,bwd,91,1600.0,400.0,0.4931,0.0
DK05_to_DB02#alt3,3,bwd,92,1650.0,400.0,0.4346,0.0
DK05_to_DB02#alt3,3,bwd,93,1700.0,400.0,0.3895,0.0
DK05_to_DB02#alt3,3,bwd,94,1750.0,400.0,0.344,0.0
DK05_to_DB02#alt3,3,bwd,95,1800.0,400.0,0.3006,0.0
DK05_to_DB02#alt3,3,bwd,96,1850.0,400.0,0.2609,0.0
DK05_to_DB02#alt3,3,bwd,97,1900.0,400.0,0.2252,0.0
DK05_to_DB02#alt3,3,bwd,98,1950.0,400.0,0.1937,0.0
DK05_to_DB02#alt3,3,bwd,99,2000.0,400.0,0.1798,0.0
DK05_to_DB02#alt3,3,bwd,100,2050.0,416.67,0.1937,0.0
DK05_to_DB02#alt3,3,bwd,101,2100.0,450.0,0.2407,0.0
DK05_to_DB02#alt3,3,bwd,102,2133.33,500.0,0.3006,0.0
DK05_to_DB02#alt3,3,bwd,103,2150.0,550.0,0.3485,0.0
DK05_to_DB02#alt3,3,bwd,104,2150.0,600.0,0.4076,0.0
DB02_to_DK05#alt4,4,fwd,0,2150.0,600.0,0.4076,0.0
DB02_to_DK05#alt4,4,fwd,1,2200.0,550.0,0.3784,0.0
DB02_to_DK05#alt4,4,fwd,2,2233.33,500.0,0.3485,0.0
DB02_to_DK05#alt4,4,fwd,3,2233.33,450.0,0.2972,0.0
DB02_to_DK05#alt4,4,fwd,4,2233.33,400.0,0.253,0.0
DB02_to_DK05#alt4,4,fwd,5,2250.0,350.0,0.2151,0.0
DB02_to_DK05#alt4,4,fwd,6,2300.0,300.0,0.1873,0.0
DB02_to_DK05#alt4,4,fwd,7,2350.0,250.0,0.1599,0.0
DB02_to_DK05#alt4,4,fwd,8,2400.0,216.67,0.1353,0.0
DB02_to_DK05#alt4,4,fwd,9,2450.0,200.0,0.1353,0.0
DB02_to_DK05#alt4,4,fwd,10,2500.0,200.0,0.1344,0.0
DB02_to_DK05#alt4,4,fwd,11,2550.0,200.0,0.1317,0.0
DB02_to_DK05#alt4,4,fwd,12,2600.0,200.0,0.1273,0.0
DB02_to_DK05#alt4,4,fwd,13,2650.0,200.0,0.1215,0.0
DB02_to_DK05#alt4,4,fwd,14,2700.0,200.0,0.1146,0.0
DB02_to_DK05#alt4,4,fwd,15,2750.0,200.0,0.1069,0.0
DB02_to_DK05#alt4,4,fwd,16,2800.0,200.0,0.0987,0.0
DB02_to_DK05#alt4,4,fwd,17,2850.0,200.0,0.092,0.0
DB02_to_DK05#alt4,4,fwd,18,2900.0,216.67,0.0854,0.0
DB02_to_DK05#alt4,4,fwd,19,2950.0,216.67,0.0785,0.0
DB02_to_DK05#alt4,4,fwd,20,3000.0,233.33,0.0821,0.0
DB02_to_DK05#alt4,4,fwd,21,3050.0,250.0,0.0883,0.0
DB02_to_DK05#alt4,4,fwd,22,3100.0,300.0,0.1082,0.0
DB02_to_DK05#alt4,4,fwd,23,3150.0,350.0,0.1317,0.0
DB02_to_DK05#alt4,4,fwd,24,3200.0,400.0,0.1587,0.0
DB02_to_DK05#alt4,4,fwd,25,3250.0,450.0,0.1889,0.0
DB02_to_DK05#alt4,4,fwd,26,3283.33,500.0,0.2231,0.0
DB02_to_DK05#alt4,4,fwd,27,3300.0,550.0,0.2231,0.0
DB02_to_DK05#alt4,4,fwd,28,3283.33,600.0,0.2431,0.0
DB02_to_DK05#alt4,4,fwd,29,3250.0,650.0,0.2431,0.0
DB02_to_DK05#alt4,4,fwd,30,3200.0,700.0,0.2384,0.0
DB02_to_DK05#alt4,4,fwd,31,3183.33,750.0,0.2609,0.0
DB02_to_DK05#alt4,4,fwd,32,3183.33,800.0,0.281,0.0
DB02_to_DK05#alt4,4,fwd,33,3200.0,850.0,0.2972,0.0
DB02_to_DK05#alt4,4,fwd,34,3200.0,900.0,0.3077,0.0
DB02_to_DK05#alt4,4,fwd,35,3183.33,950.0,0.3114,0.0
DB02_to_DK05#alt4,4,fwd,36,3150.0,1000.0,0.2636,0.0
DB02_to_DK05#alt4,4,fwd,37,3100.0,1050.0,0.2231,0.0
DB02_to_DK05#alt4,4,fwd,38,3050.0,1100.0,0.2636,0.0
DB02_to_DK05#alt4,4,fwd,39,3000.0,1150.0,0.3077,0.0
DB02_to_DK05#alt4,4,fwd,40,2950.0,1200.0,0.3485,0.0
DB02_to_DK05#alt4,4,fwd,41,2916.67,1250.0,0.3784,0.0
DB02_to_DK05#alt4,4,fwd,42,2900.0,1300.0,0.3784,0.0
DB02_to_DK05#alt4,4,fwd,43,2900.0,1350.0,0.4346,0.0
DB02_to_DK05#alt4,4,fwd,44,2900.0,1400.0,0.503,0.0
DB02_to_DK05#alt4,4,fwd,45,2883.33,1450.0,0.5903,0.0
DB02_to_DK05#alt4,4,fwd,46,2850.0,1500.0,0.6241,0.0
DB02_to_DK05#alt4,4,fwd,47,2800.0,1550.0,0.6241,0.0
DB02_to_DK05#alt4,4,fwd,48,2750.0,1600.0,0.5903,0.0
DB02_to_DK05#alt4,4,fwd,49,2716.67,1650.0,0.5483,0.0
DB02_to_DK05#alt4,4,fwd,50,2700.0,1700.0,0.5134,0.0
DB02_to_DK05#alt4,4,fwd,51,2700.0,1750.0,0.5134,0.0
DB02_to_DK05#alt4,4,fwd,52,2700.0,1800.0,0.5134,0.0
DB02_to_DK05#alt4,4,fwd,53,2700.0,1850.0,0.5134,0.0
DB02_to_DK05#alt4,4,fwd,54,2700.0,1900.0,0.5134,0.0
DB02_to_DK05#alt4,4,fwd,55,2700.0,1950.0,0.503,0.0
DB02_to_DK05#alt4,4,fwd,56,2716.67,2000.0,0.4746,0.0
DB02_to_DK05#alt4,4,fwd,57,2750.0,2050.0,0.4931,0.0
DB02_to_DK05#alt4,4,fwd,58,2800.0,2100.0,0.4931,0.0
DB02_to_DK05#alt4,4,fwd,59,2850.0,2150.0,0.4931,0.0
DB02_to_DK05#alt4,4,fwd,60,2883.33,2200.0,0.4746,0.0
DB02_to_DK05#alt4,4,fwd,61,2900.0,2250.0,0.503,0.0
DB02_to_DK05#alt4,4,fwd,62,2900.0,2300.0,0.5134,0.0
DB02_to_DK05#alt4,4,fwd,63,2900.0,2350.0,0.5134,0.0
DB02_to_DK05#alt4,4,fwd,64,2883.33,2400.0,0.5134,0.0
DB02_to_DK05#alt4,4,fwd,65,2850.0,2450.0,0.6065,0.0
DB02_to_DK05#alt4,4,fwd,66,2816.67,2500.0,0.7165,0.0
DB02_to_DK05#alt4,4,fwd,67,2783.33,2550.0,0.6889,0.0
DB02_to_DK05#alt4,4,fwd,68,2750.0,2600.0,0.6889,0.0
DB02_to_DK05#alt4,4,fwd,69,2716.67,2650.0,0.7165,0.0
DB02_to_DK05#alt4,4,fwd,70,2700.0,2700.0,0.6889,0.0
DB02_to_DK05#alt4,4,fwd,71,2650.0,2750.0,0.6889,0.0
DB02_to_DK05#alt4,4,fwd,72,2600.0,2800.0,0.6889,0.0
DB02_to_DK05#alt4,4,fwd,73,2550.0,2800.0,0.7165,0.0
DB02_to_DK05#alt4,4,fwd,74,2500.0,2783.33,0.6889,0.0
DB02_to_DK05#alt4,4,fwd,75,2450.0,2766.67,0.6889,0.0
DB02_to_DK05#alt4,4,fwd,76,2400.0,2750.0,0.6241,0.0
DB02_to_DK05#alt4,4,fwd,77,2350.0,2750.0,0.5903,0.0
DB02_to_DK05#alt4,4,fwd,78,2300.0,2750.0,0.5483,0.0
DB02_to_DK05#alt4,4,fwd,79,2250.0,2750.0,0.4931,0.0
DK05_to_DB02#alt4,4,bwd,0,2250.0,2750.0,0.4931,0.0
DK05_to_DB02#alt4,4,bwd,1,2300.0,2800.0,0.4746,0.0
DK05_to_DB02#alt4,4,bwd,2,2333.33,2850.0,0.4346,0.0
DK05_to_DB02#alt4,4,bwd,3,2350.0,2900.0,0.3895,0.0
DK05_to_DB02#alt4,4,bwd,4,2350.0,2950.0,0.344,0.0
DK05_to_DB02#alt4,4,bwd,5,2366.67,3000.0,0.3006,0.0
DK05_to_DB02#alt4,4,bwd,6,2400.0,3050.0,0.281,0.0
DK05_to_DB02#alt4,4,bwd,7,2450.0,3100.0,0.253,0.0
DK05_to_DB02#alt4,4,bwd,8,2500.0,3150.0,0.2211,0.0
DK05_to_DB02#alt4,4,bwd,9,2550.0,3200.0,0.1889,0.0
DK05_to_DB02#alt4,4,bwd,10,2600.0,3250.0,0.2231,0.0
DK05_to_DB02#alt4,4,bwd,11,2650.0,3300.0,0.2609,0.0
DK05_to_DB02#alt4,4,bwd,12,2700.0,3350.0,0.2972,0.0
DK05_to_DB02#alt4,4,bwd,13,2750.0,3383.33,0.3269,0.0
DK05_to_DB02#alt4,4,bwd,14,2800.0,3400.0,0.3784,0.0
DK05_to_DB02#alt4,4,bwd,15,2850.0,3400.0,0.4346,0.0
DK05_to_DB02#alt4,4,bwd,16,2900.0,3400.0,0.4931,0.0
DK05_to_DB02#alt4,4,bwd,17,2950.0,3400.0,0.5483,0.0
DK05_to_DB02#alt4,4,bwd,18,3000.0,3400.0,0.6241,0.0
DK05_to_DB02#alt4,4,bwd,19,3050.0,3400.0,0.6889,0.0
DK05_to_DB02#alt4,4,bwd,20,3100.0,3400.0,0.7165,0.0
DK05_to_DB02#alt4,4,bwd,21,3150.0,3400.0,0.7165,0.0
DK05_to_DB02#alt4,4,bwd,22,3200.0,3400.0,0.7165,0.0
DK05_to_DB02#alt4,4,bwd,23,3250.0,3400.0,0.7165,0.0
DK05_to_DB02#alt4,4,bwd,24,3300.0,3400.0,0.6889,0.0
DK05_to_DB02#alt4,4,bwd,25,3350.0,3350.0,0.6889,0.0
DK05_to_DB02#alt4,4,bwd,26,3400.0,3300.0,0.6889,0.0
DK05_to_DB02#alt4,4,bwd,27,3450.0,3250.0,0.6065,0.0
DK05_to_DB02#alt4,4,bwd,28,3500.0,3200.0,0.5134,0.0
DK05_to_DB02#alt4,4,bwd,29,3550.0,3150.0,0.4346,0.0
DK05_to_DB02#alt4,4,bwd,30,3600.0,3116.67,0.3628,0.0
DK05_to_DB02#alt4,4,bwd,31,3650.0,3100.0,0.3077,0.0
DK05_to_DB02#alt4,4,bwd,32,3700.0,3100.0,0.2609,0.0
DK05_to_DB02#alt4,4,bwd,33,3750.0,3083.33,0.2211,0.0
DK05_to_DB02#alt4,4,bwd,34,3800.0,3050.0,0.1827,0.0
DK05_to_DB02#alt4,4,bwd,35,3833.33,3000.0,0.1495,0.0
DK05_to_DB02#alt4,4,bwd,36,3850.0,2950.0,0.1422,0.0
DK05_to_DB02#alt4,4,bwd,37,3850.0,2900.0,0.1335,0.0
DK05_to_DB02#alt4,4,bwd,38,3850.0,2850.0,0.1239,0.0
DK05_to_DB02#alt4,4,bwd,39,3850.0,2800.0,0.1344,0.0
DK05_to_DB02#alt4,4,bwd,40,3850.0,2750.0,0.1517,0.0
DK05_to_DB02#alt4,4,bwd,41,3850.0,2700.0,0.17,0.0
DK05_to_DB02#alt4,4,bwd,42,3850.0,2650.0,0.1889,0.0
DK05_to_DB02#alt4,4,bwd,43,3850.0,2600.0,0.2076,0.0
DK05_to_DB02#alt4,4,bwd,44,3850.0,2550.0,0.2252,0.0
DK05_to_DB02#alt4,4,bwd,45,3850.0,2500.0,0.2407,0.0
DK05_to_DB02#alt4,4,bwd,46,3850.0,2450.0,0.253,0.0
DK05_to_DB02#alt4,4,bwd,47,3850.0,2400.0,0.2609,0.0
DK05_to_DB02#alt4,4,bwd,48,3850.0,2350.0,0.2636,0.0
DK05_to_DB02#alt4,4,bwd,49,3850.0,2300.0,0.2636,0.0
DK05_to_DB02#alt4,4,bwd,50,3850.0,2250.0,0.2636,0.0
DK05_to_DB02#alt4,4,bwd,51,3866.67,2200.0,0.2609,0.0
DK05_to_DB02#alt4,4,bwd,52,3883.33,2150.0,0.2972,0.0
DK05_to_DB02#alt4,4,bwd,53,3900.0,2100.0,0.281,0.0
DK05_to_DB02#alt4,4,bwd,54,3900.0,2050.0,0.2609,0.0
DK05_to_DB02#alt4,4,bwd,55,3900.0,2000.0,0.2384,0.0
DK05_to_DB02#alt4,4,bwd,56,3900.0,1950.0,0.2151,0.0
DK05_to_DB02#alt4,4,bwd,57,3900.0,1900.0,0.1937,0.0
DK05_to_DB02#alt4,4,bwd,58,3900.0,1850.0,0.2252,0.0
DK05_to_DB02#alt4,4,bwd,59,3900.0,1800.0,0.2609,0.0
DK05_to_DB02#alt4,4,bwd,60,3916.67,1750.0,0.3006,0.0
DK05_to_DB02#alt4,4,bwd,61,3950.0,1700.0,0.3269,0.0
DK05_to_DB02#alt4,4,bwd,62,4000.0,1650.0,0.344,0.0
DK05_to_DB02#alt4,4,bwd,63,4050.0,1600.0,0.344,0.0
DK05_to_DB02#alt4,4,bwd,64,4100.0,1550.0,0.3269,0.0
DK05_to_DB02#alt4,4,bwd,65,4150.0,1500.0,0.3077,0.0
DK05_to_DB02#alt4,4,bwd,66,4200.0,1450.0,0.3077,0.0
DK05_to_DB02#alt4,4,bwd,67,4233.33,1400.0,0.3006,0.0
DK05_to_DB02#alt4,4,bwd,68,4250.0,1350.0,0.3269,0.0
DK05_to_DB02#alt4,4,bwd,69,4250.0,1300.0,0.3485,0.0
DK05_to_DB02#alt4,4,bwd,70,4250.0,1250.0,0.3628,0.0
DK05_to_DB02#alt4,4,bwd,71,4233.33,1200.0,0.3679,0.0
DK05_to_DB02#alt4,4,bwd,72,4216.67,1150.0,0.4346,0.0
DK05_to_DB02#alt4,4,bwd,73,4200.0,1100.0,0.4746,0.0
DK05_to_DB02#alt4,4,bwd,74,4200.0,1050.0,0.503,0.0
DK05_to_DB02#alt4,4,bwd,75,4200.0,1000.0,0.5134,0.0
DK05_to_DB02#alt4,4,bwd,76,4200.0,950.0,0.5134,0.0
DK05_to_DB02#alt4,4,bwd,77,4200.0,900.0,0.5134,0.0
DK05_to_DB02#alt4,4,bwd,78,4200.0,850.0,0.5134,0.0
DK05_to_DB02#alt4,4,bwd,79,4200.0,800.0,0.5483,0.0
DK05_to_DB02#alt4,4,bwd,80,4200.0,750.0,0.6241,0.0
DK05_to_DB02#alt4,4,bwd,81,4200.0,700.0,0.6889,0.0
DK05_to_DB02#alt4,4,bwd,82,4200.0,650.0,0.7165,0.0
DK05_to_DB02#alt4,4,bwd,83,4200.0,600.0,0.7165,0.0
DK05_to_DB02#alt4,4,bwd,84,4200.0,550.0,0.7165,0.0
DK05_to_DB02#alt4,4,bwd,85,4200.0,500.0,0.7165,0.0
DK05_to_DB02#alt4,4,bwd,86,4183.33,450.0,0.6889,0.0
DK05_to_DB02#alt4,4,bwd,87,4150.0,400.0,0.6889,0.0
DK05_to_DB02#alt4,4,bwd,88,4100.0,350.0,0.6889,0.0
DK05_to_DB02#alt4,4,bwd,89,4050.0,300.0,0.6889,0.0
DK05_to_DB02#alt4,4,bwd,90,4000.0,250.0,0.6065,0.0
DK05_to_DB02#alt4,4,bwd,91,3950.0,216.67,0.5134,0.0
DK05_to_DB02#alt4,4,bwd,92,3900.0,200.0,0.5134,0.0
DK05_to_DB02#alt4,4,bwd,93,3850.0,200.0,0.5134,0.0
DK05_to_DB02#alt4,4,bwd,94,3800.0,200.0,0.5134,0.0
DK05_to_DB02#alt4,4,bwd,95,3750.0,200.0,0.503,0.0
DK05_to_DB02#alt4,4,bwd,96,3700.0,200.0,0.4746,0.0
DK05_to_DB02#alt4,4,bwd,97,3650.0,200.0,0.4346,0.0
DK05_to_DB02#alt4,4,bwd,98,3600.0,200.0,0.3895,0.0
DK05_to_DB02#alt4,4,bwd,99,3550.0,183.33,0.344,0.0
DK05_to_DB02#alt4,4,bwd,100,3500.0,166.67,0.2721,0.0
DK05_to_DB02#alt4,4,bwd,101,3450.0,150.0,0.2431,0.0
DK05_to_DB02#alt4,4,bwd,102,3400.0,150.0,0.2151,0.0
DK05_to_DB02#alt4,4,bwd,103,3350.0,150.0,0.1889,0.0
DK05_to_DB02#alt4,4,bwd,104,3300.0,150.0,0.1648,0.0
DK05_to_DB02#alt4,4,bwd,105,3250.0,150.0,0.1432,0.0
DK05_to_DB02#alt4,4,bwd,106,3200.0,150.0,0.1239,0.0
DK05_to_DB02#alt4,4,bwd,107,3150.0,133.33,0.1069,0.0
DK05_to_DB02#alt4,4,bwd,108,3100.0,116.67,0.0854,0.0
DK05_to_DB02#alt4,4,bwd,109,3050.0,100.0,0.0736,0.0
DK05_to_DB02#alt4,4,bwd,110,3000.0,100.0,0.0634,0.0
DK05_to_DB02#alt4,4,bwd,111,2950.0,100.0,0.0588,0.0
DK05_to_DB02#alt4,4,bwd,112,2900.0,100.0,0.0634,0.0
DK05_to_DB02#alt4,4,bwd,113,2850.0,100.0,0.0681,0.0
DK05_to_DB02#alt4,4,bwd,114,2800.0,100.0,0.0736,0.0
DK05_to_DB02#alt4,4,bwd,115,2750.0,100.0,0.079,0.0
DK05_to_DB02#alt4,4,bwd,116,2700.0,100.0,0.0839,0.0
DK05_to_DB02#alt4,4,bwd,117,2650.0,100.0,0.0883,0.0
DK05_to_DB02#alt4,4,bwd,118,2600.0,100.0,0.092,0.0
DK05_to_DB02#alt4,4,bwd,119,2550.0,100.0,0.0947,0.0
DK05_to_DB02#alt4,4,bwd,120,2500.0,100.0,0.0964,0.0
DK05_to_DB02#alt4,4,bwd,121,2450.0,100.0,0.097,0.0
DK05_to_DB02#alt4,4,bwd,122,2400.0,100.0,0.097,0.0
DK05_to_DB02#alt4,4,bwd,123,2350.0,116.67,0.097,0.0
DK05_to_DB02#alt4,4,bwd,124,2300.0,150.0,0.1138,0.0
DK05_to_DB02#alt4,4,bwd,125,2250.0,200.0,0.1317,0.0
DK05_to_DB02#alt4,4,bwd,126,2200.0,250.0,0.1495,0.0
DK05_to_DB02#alt4,4,bwd,127,2166.67,300.0,0.1661,0.0
DK05_to_DB02#alt4,4,bwd,128,2150.0,350.0,0.1937,0.0
DK05_to_DB02#alt4,4,bwd,129,2150.0,400.0,0.2252,0.0
DK05_to_DB02#alt4,4,bwd,130,2150.0,450.0,0.2609,0.0
DK05_to_DB02#alt4,4,bwd,131,2150.0,500.0,0.3006,0.0
DK05_to_DB02#alt4,4,bwd,132,2150.0,550.0,0.3485,0.0
DK05_to_DB02#alt4,4,bwd,133,2150.0,600.0,0.4076,0.0
DB02_to_DK05#alt5,5,fwd,0,2150.0,600.0,0.4076,0.0
DB02_to_DK05#alt5,5,fwd,1,2100.0,550.0,0.3269,0.0
DB02_to_DK05#alt5,5,fwd,2,2066.67,500.0,0.2609,0.0
DB02_to_DK05#alt5,5,fwd,3,2050.0,450.0,0.2252,0.0
DB02_to_DK05#alt5,5,fwd,4,2050.0,400.0,0.1937,0.0
DB02_to_DK05#alt5,5,fwd,5,2050.0,350.0,0.1661,0.0
DB02_to_DK05#alt5,5,fwd,6,2050.0,300.0,0.1432,0.0
DB02_to_DK05#alt5,5,fwd,7,2066.67,250.0,0.1239,0.0
DB02_to_DK05#alt5,5,fwd,8,2100.0,200.0,0.1146,0.0
DB02_to_DK05#alt5,5,fwd,9,2150.0,150.0,0.1036,0.0
DB02_to_DK05#alt5,5,fwd,10,2200.0,100.0,0.092,0.0
DB02_to_DK05#alt5,5,fwd,11,2250.0,66.67,0.0803,0.0
DB02_to_DK05#alt5,5,fwd,12,2300.0,50.0,0.0816,0.0
DB02_to_DK05#alt5,5,fwd,13,2350.0,50.0,0.0821,0.0
DB02_to_DK05#alt5,5,fwd,14,2400.0,50.0,0.0821,0.0
DB02_to_DK05#alt5,5,fwd,15,2450.0,50.0,0.0821,0.0
DB02_to_DK05#alt5,5,fwd,16,2500.0,50.0,0.0816,0.0
DB02_to_DK05#alt5,5,fwd,17,2550.0,50.0,0.0803,0.0
DB02_to_DK05#alt5,5,fwd,18,2600.0,50.0,0.0781,0.0
DB02_to_DK05#alt5,5,fwd,19,2650.0,50.0,0.0752,0.0
DB02_to_DK05#alt5,5,fwd,20,2700.0,50.0,0.0717,0.0
DB02_to_DK05#alt5,5,fwd,21,2750.0,50.0,0.0677,0.0
DB02_to_DK05#alt5,5,fwd,22,2800.0,50.0,0.0634,0.0
DB02_to_DK05#alt5,5,fwd,23,2850.0,50.0,0.0588,0.0
DB02_to_DK05#alt5,5,fwd,24,2900.0,50.0,0.0544,0.0
DB02_to_DK05#alt5,5,fwd,25,2950.0,50.0,0.0507,0.0
DB02_to_DK05#alt5,5,fwd,26,3000.0,50.0,0.0588,0.0
DB02_to_DK05#alt5,5,fwd,27,3050.0,50.0,0.0681,0.0
DB02_to_DK05#alt5,5,fwd,28,3100.0,50.0,0.0785,0.0
DB02_to_DK05#alt5,5,fwd,29,3150.0,50.0,0.0904,0.0
DB02_to_DK05#alt5,5,fwd,30,3200.0,50.0,0.1036,0.0
DB02_to_DK05#alt5,5,fwd,31,3250.0,50.0,0.1183,0.0
DB02_to_DK05#alt5,5,fwd,32,3300.0,50.0,0.1344,0.0
DB02_to_DK05#alt5,5,fwd,33,3350.0,50.0,0.1517,0.0
DB02_to_DK05#alt5,5,fwd,34,3400.0,50.0,0.17,0.0
DB02_to_DK05#alt5,5,fwd,35,3450.0,50.0,0.1921,0.0
DB02_to_DK05#alt5,5,fwd,36,3500.0,50.0,0.2151,0.0
DB02_to_DK05#alt5,5,fwd,37,3550.0,66.67,0.2384,0.0
DB02_to_DK05#alt5,5,fwd,38,3600.0,83.33,0.3006,0.0
DB02_to_DK05#alt5,5,fwd,39,3650.0,100.0,0.3269,0.0
DB02_to_DK05#alt5,5,fwd,40,3700.0,100.0,0.3485,0.0
DB02_to_DK05#alt5,5,fwd,41,3750.0,100.0,0.3628,0.0
DB02_to_DK05#alt5,5,fwd,42,3800.0,100.0,0.3679,0.0
DB02_to_DK05#alt5,5,fwd,43,3850.0,100.0,0.3679,0.0
DB02_to_DK05#alt5,5,fwd,44,3900.0,100.0,0.3679,0.0
DB02_to_DK05#alt5,5,fwd,45,3950.0,100.0,0.3679,0.0
DB02_to_DK05#alt5,5,fwd,46,4000.0,116.67,0.3679,0.0
DB02_to_DK05#alt5,5,fwd,47,4050.0,150.0,0.4275,0.0
DB02_to_DK05#alt5,5,fwd,48,4100.0,200.0,0.4746,0.0
DB02_to_DK05#alt5,5,fwd,49,4150.0,250.0,0.4931,0.0
DB02_to_DK05#alt5,5,fwd,50,4200.0,300.0,0.4931,0.0
DB02_to_DK05#alt5,5,fwd,51,4250.0,350.0,0.4931,0.0
DB02_to_DK05#alt5,5,fwd,52,4300.0,400.0,0.4746,0.0
DB02_to_DK05#alt5,5,fwd,53,4350.0,450.0,0.4275,0.0
DB02_to_DK05#alt5,5,fwd,54,4400.0,500.0,0.3679,0.0
DB02_to_DK05#alt5,5,fwd,55,4416.67,550.0,0.3679,0.0
DB02_to_DK05#alt5,5,fwd,56,4416.67,600.0,0.3679,0.0
DB02_to_DK05#alt5,5,fwd,57,4383.33,650.0,0.3679,0.0
DB02_to_DK05#alt5,5,fwd,58,4366.67,700.0,0.4275,0.0
DB02_to_DK05#alt5,5,fwd,59,4350.0,750.0,0.4076,0.0
DB02_to_DK05#alt5,5,fwd,60,4350.0,800.0,0.3784,0.0
DB02_to_DK05#alt5,5,fwd,61,4350.0,850.0,0.344,0.0
DB02_to_DK05#alt5,5,fwd,62,4350.0,900.0,0.3114,0.0
DB02_to_DK05#alt5,5,fwd,63,4350.0,950.0,0.3114,0.0
DB02_to_DK05#alt5,5,fwd,64,4350.0,1000.0,0.3114,0.0
DB02_to_DK05#alt5,5,fwd,65,4350.0,1050.0,0.3077,0.0
DB02_to_DK05#alt5,5,fwd,66,4350.0,1100.0,0.2972,0.0
DB02_to_DK05#alt5,5,fwd,67,4350.0,1150.0,0.281,0.0
DB02_to_DK05#alt5,5,fwd,68,4350.0,1200.0,0.2636,0.0
DB02_to_DK05#alt5,5,fwd,69,4350.0,1250.0,0.2609,0.0
DB02_to_DK05#alt5,5,fwd,70,4350.0,1300.0,0.253,0.0
DB02_to_DK05#alt5,5,fwd,71,4350.0,1350.0,0.2407,0.0
DB02_to_DK05#alt5,5,fwd,72,4350.0,1400.0,0.2252,0.0
DB02_to_DK05#alt5,5,fwd,73,4333.33,1450.0,0.2076,0.0
DB02_to_DK05#alt5,5,fwd,74,4300.0,1500.0,0.2151,0.0
DB02_to_DK05#alt5,5,fwd,75,4250.0,1550.0,0.2151,0.0
DB02_to_DK05#alt5,5,fwd,76,4200.0,1600.0,0.2252,0.0
DB02_to_DK05#alt5,5,fwd,77,4150.0,1650.0,0.2384,0.0
DB02_to_DK05#alt5,5,fwd,78,4100.0,1700.0,0.2431,0.0
DB02_to_DK05#alt5,5,fwd,79,4050.0,1750.0,0.2384,0.0
DB02_to_DK05#alt5,5,fwd,80,4016.67,1800.0,0.2252,0.0
DB02_to_DK05#alt5,5,fwd,81,4000.0,1850.0,0.2151,0.0
DB02_to_DK05#alt5,5,fwd,82,4000.0,1900.0,0.2431,0.0
DB02_to_DK05#alt5,5,fwd,83,4000.0,1950.0,0.2721,0.0
DB02_to_DK05#alt5,5,fwd,84,4000.0,2000.0,0.3077,0.0
DB02_to_DK05#alt5,5,fwd,85,4000.0,2050.0,0.344,0.0
DB02_to_DK05#alt5,5,fwd,86,4000.0,2100.0,0.3784,0.0
DB02_to_DK05#alt5,5,fwd,87,4000.0,2150.0,0.4076,0.0
DB02_to_DK05#alt5,5,fwd,88,3983.33,2200.0,0.4275,0.0
DB02_to_DK05#alt5,5,fwd,89,3966.67,2250.0,0.3679,0.0
DB02_to_DK05#alt5,5,fwd,90,3950.0,2300.0,0.3679,0.0
DB02_to_DK05#alt5,5,fwd,91,3950.0,2350.0,0.3679,0.0
DB02_to_DK05#alt5,5,fwd,92,3950.0,2400.0,0.3628,0.0
DB02_to_DK05#alt5,5,fwd,93,3950.0,2450.0,0.3485,0.0
DB02_to_DK05#alt5,5,fwd,94,3950.0,2500.0,0.3269,0.0
DB02_to_DK05#alt5,5,fwd,95,3950.0,2550.0,0.3006,0.0
DB02_to_DK05#alt5,5,fwd,96,3950.0,2600.0,0.2721,0.0
DB02_to_DK05#alt5,5,fwd,97,3950.0,2650.0,0.2431,0.0
DB02_to_DK05#alt5,5,fwd,98,3950.0,2700.0,0.2151,0.0
DB02_to_DK05#alt5,5,fwd,99,3950.0,2750.0,0.1921,0.0
DB02_to_DK05#alt5,5,fwd,100,3950.0,2800.0,0.17,0.0
DB02_to_DK05#alt5,5,fwd,101,3950.0,2850.0,0.1495,0.0
DB02_to_DK05#alt5,5,fwd,102,3950.0,2900.0,0.1308,0.0
DB02_to_DK05#alt5,5,fwd,103,3950.0,2950.0,0.1138,0.0
DB02_to_DK05#alt5,5,fwd,104,3950.0,3000.0,0.1082,0.0
DB02_to_DK05#alt5,5,fwd,105,3933.33,3050.0,0.1117,0.0
DB02_to_DK05#alt5,5,fwd,106,3900.0,3100.0,0.1344,0.0
DB02_to_DK05#alt5,5,fwd,107,3850.0,3150.0,0.1599,0.0
DB02_to_DK05#alt5,5,fwd,108,3800.0,3200.0,0.1889,0.0
DB02_to_DK05#alt5,5,fwd,109,3750.0,3250.0,0.2231,0.0
DB02_to_DK05#alt5,5,fwd,110,3700.0,3300.0,0.2609,0.0
DB02_to_DK05#alt5,5,fwd,111,3650.0,3350.0,0.2972,0.0
DB02_to_DK05#alt5,5,fwd,112,3600.0,3400.0,0.3269,0.0
DB02_to_DK05#alt5,5,fwd,113,3550.0,3450.0,0.344,0.0
DB02_to_DK05#alt5,5,fwd,114,3500.0,3500.0,0.344,0.0
DB02_to_DK05#alt5,5,fwd,115,3450.0,3550.0,0.344,0.0
DB02_to_DK05#alt5,5,fwd,116,3400.0,3600.0,0.3269,0.0
DB02_to_DK05#alt5,5,fwd,117,3350.0,3633.33,0.2972,0.0
DB02_to_DK05#alt5,5,fwd,118,3300.0,3650.0,0.3077,0.0
DB02_to_DK05#alt5,5,fwd,119,3250.0,3650.0,0.3114,0.0
DB02_to_DK05#alt5,5,fwd,120,3200.0,3650.0,0.3114,0.0
DB02_to_DK05#alt5,5,fwd,121,3150.0,3633.33,0.3114,0.0
DB02_to_DK05#alt5,5,fwd,122,3100.0,3600.0,0.3679,0.0
DB02_to_DK05#alt5,5,fwd,123,3050.0,3550.0,0.4275,0.0
DB02_to_DK05#alt5,5,fwd,124,3000.0,3516.67,0.4746,0.0
DB02_to_DK05#alt5,5,fwd,125,2950.0,3500.0,0.4346,0.0
DB02_to_DK05#alt5,5,fwd,126,2900.0,3500.0,0.3895,0.0
DB02_to_DK05#alt5,5,fwd,127,2850.0,3500.0,0.344,0.0
DB02_to_DK05#alt5,5,fwd,128,2800.0,3500.0,0.3077,0.0
DB02_to_DK05#alt5,5,fwd,129,2750.0,3500.0,0.2721,0.0
DB02_to_DK05#alt5,5,fwd,130,2700.0,3483.33,0.2384,0.0
DB02_to_DK05#alt5,5,fwd,131,2650.0,3450.0,0.2252,0.0
DB02_to_DK05#alt5,5,fwd,132,2600.0,3400.0,0.2057,0.0
DB02_to_DK05#alt5,5,fwd,133,2550.0,3350.0,0.1827,0.0
DB02_to_DK05#alt5,5,fwd,134,2500.0,3300.0,0.1587,0.0
DB02_to_DK05#alt5,5,fwd,135,2450.0,3250.0,0.1551,0.0
DB02_to_DK05#alt5,5,fwd,136,2400.0,3200.0,0.1755,0.0
DB02_to_DK05#alt5,5,fwd,137,2350.0,3150.0,0.1937,0.0
DB02_to_DK05#alt5,5,fwd,138,2300.0,3100.0,0.2076,0.0
DB02_to_DK05#alt5,5,fwd,139,2266.67,3050.0,0.2151,0.0
DB02_to_DK05#alt5,5,fwd,140,2250.0,3000.0,0.2431,0.0
DB02_to_DK05#alt5,5,fwd,141,2250.0,2950.0,0.281,0.0
DB02_to_DK05#alt5,5,fwd,142,2250.0,2900.0,0.3269,0.0
DB02_to_DK05#alt5,5,fwd,143,2250.0,2850.0,0.3784,0.0
DB02_to_DK05#alt5,5,fwd,144,2250.0,2800.0,0.4346,0.0
DB02_to_DK05#alt5,5,fwd,145,2250.0,2750.0,0.4931,0.0
DK05_to_DB02#alt5,5,bwd,0,2250.0,2750.0,0.4931,0.0
DK05_to_DB02#alt5,5,bwd,1,2200.0,2800.0,0.3895,0.0
DK05_to_DB02#alt5,5,bwd,2,2166.67,2850.0,0.3077,0.0
DK05_to_DB02#alt5,5,bwd,3,2150.0,2900.0,0.2721,0.0
DK05_to_DB02#alt5,5,bwd,4,2150.0,2950.0,0.2384,0.0
DK05_to_DB02#alt5,5,bwd,5,2150.0,3000.0,0.2076,0.0
DK05_to_DB02#alt5,5,bwd,6,2150.0,3050.0,0.1798,0.0
DK05_to_DB02#alt5,5,bwd,7,2150.0,3100.0,0.1551,0.0
DK05_to_DB02#alt5,5,bwd,8,2150.0,3150.0,0.1344,0.0
DK05_to_DB02#alt5,5,bwd,9,2150.0,3200.0,0.1183,0.0
DK05_to_DB02#alt5,5,bwd,10,2150.0,3250.0,0.1138,0.0
DK05_to_DB02#alt5,5,bwd,11,2150.0,3300.0,0.1239,0.0
DK05_to_DB02#alt5,5,bwd,12,2150.0,3350.0,0.1335,0.0
DK05_to_DB02#alt5,5,bwd,13,2150.0,3400.0,0.1422,0.0
DK05_to_DB02#alt5,5,bwd,14,2150.0,3450.0,0.1495,0.0
DK05_to_DB02#alt5,5,bwd,15,2150.0,3500.0,0.1661,0.0
DK05_to_DB02#alt5,5,bwd,16,2150.0,3550.0,0.1937,0.0
DK05_to_DB02#alt5,5,bwd,17,2150.0,3600.0,0.2252,0.0
DK05_to_DB02#alt5,5,bwd,18,2166.67,3650.0,0.2609,0.0
DK05_to_DB02#alt5,5,bwd,19,2200.0,3700.0,0.2721,0.0
DK05_to_DB02#alt5,5,bwd,20,2250.0,3750.0,0.2721,0.0
DK05_to_DB02#alt5,5,bwd,21,2300.0,3800.0,0.2609,0.0
DK05_to_DB02#alt5,5,bwd,22,2350.0,3833.33,0.2407,0.0
DK05_to_DB02#alt5,5,bwd,23,2400.0,3850.0,0.2076,0.0
DK05_to_DB02#alt5,5,bwd,24,2450.0,3850.0,0.1873,0.0
DK05_to_DB02#alt5,5,bwd,25,2500.0,3850.0,0.1889,0.0
DK05_to_DB02#alt5,5,bwd,26,2550.0,3850.0,0.1937,0.0
DK05_to_DB02#alt5,5,bwd,27,2600.0,3850.0,0.2252,0.0
DK05_to_DB02#alt5,5,bwd,28,2650.0,3850.0,0.2609,0.0
DK05_to_DB02#alt5,5,bwd,29,2700.0,3850.0,0.3006,0.0
DK05_to_DB02#alt5,5,bwd,30,2750.0,3850.0,0.344,0.0
DK05_to_DB02#alt5,5,bwd,31,2800.0,3850.0,0.3895,0.0
DK05_to_DB02#alt5,5,bwd,32,2850.0,3850.0,0.4346,0.0
DK05_to_DB02#alt5,5,bwd,33,2900.0,3850.0,0.4746,0.0
DK05_to_DB02#alt5,5,bwd,34,2950.0,3850.0,0.503,0.0
DK05_to_DB02#alt5,5,bwd,35,3000.0,3850.0,0.5134,0.0
DK05_to_DB02#alt5,5,bwd,36,3050.0,3850.0,0.5134,0.0
DK05_to_DB02#alt5,5,bwd,37,3100.0,3850.0,0.5134,0.0
DK05_to_DB02#alt5,5,bwd,38,3150.0,3850.0,0.503,0.0
DK05_to_DB02#alt5,5,bwd,39,3200.0,3850.0,0.4746,0.0
DK05_to_DB02#alt5,5,bwd,40,3250.0,3850.0,0.4346,0.0
DK05_to_DB02#alt5,5,bwd,41,3300.0,3850.0,0.4346,0.0
DK05_to_DB02#alt5,5,bwd,42,3350.0,3850.0,0.4931,0.0
DK05_to_DB02#alt5,5,bwd,43,3400.0,3850.0,0.5483,0.0
DK05_to_DB02#alt5,5,bwd,44,3450.0,3850.0,0.5903,0.0
DK05_to_DB02#alt5,5,bwd,45,3500.0,3850.0,0.6065,0.0
DK05_to_DB02#alt5,5,bwd,46,3550.0,3850.0,0.6065,0.0
DK05_to_DB02#alt5,5,bwd,47,3600.0,3850.0,0.6065,0.0
DK05_to_DB02#alt5,5,bwd,48,3650.0,3850.0,0.6065,0.0
DK05_to_DB02#alt5,5,bwd,49,3700.0,3850.0,0.5903,0.0
DK05_to_DB02#alt5,5,bwd,50,3750.0,3833.33,0.5483,0.0
DK05_to_DB02#alt5,5,bwd,51,3800.0,3800.0,0.4346,0.0
DK05_to_DB02#alt5,5,bwd,52,3833.33,3750.0,0.344,0.0
DK05_to_DB02#alt5,5,bwd,53,3850.0,3700.0,0.3006,0.0
DK05_to_DB02#alt5,5,bwd,54,3850.0,3650.0,0.2609,0.0
DK05_to_DB02#alt5,5,bwd,55,3866.67,3600.0,0.2252,0.0
DK05_to_DB02#alt5,5,bwd,56,3900.0,3550.0,0.1798,0.0
DK05_to_DB02#alt5,5,bwd,57,3950.0,3500.0,0.1661,0.0
DK05_to_DB02#alt5,5,bwd,58,4000.0,3450.0,0.1495,0.0
DK05_to_DB02#alt5,5,bwd,59,4033.33,3400.0,0.1317,0.0
DK05_to_DB02#alt5,5,bwd,60,4050.0,3350.0,0.1117,0.0
DK05_to_DB02#alt5,5,bwd,61,4050.0,3300.0,0.0947,0.0
DK05_to_DB02#alt5,5,bwd,62,4050.0,3250.0,0.0821,0.0
DK05_to_DB02#alt5,5,bwd,63,4050.0,3200.0,0.0821,0.0
DK05_to_DB02#alt5,5,bwd,64,4050.0,3150.0,0.0821,0.0
DK05_to_DB02#alt5,5,bwd,65,4050.0,3100.0,0.0839,0.0
DK05_to_DB02#alt5,5,bwd,66,4066.67,3050.0,0.0981,0.0
DK05_to_DB02#alt5,5,bwd,67,4083.33,3000.0,0.1215,0.0
DK05_to_DB02#alt5,5,bwd,68,4100.0,2950.0,0.1422,0.0
DK05_to_DB02#alt5,5,bwd,69,4100.0,2900.0,0.1661,0.0
DK05_to_DB02#alt5,5,bwd,70,4100.0,2850.0,0.1937,0.0
DK05_to_DB02#alt5,5,bwd,71,4100.0,2800.0,0.2252,0.0
DK05_to_DB02#alt5,5,bwd,72,4116.67,2750.0,0.2609,0.0
DK05_to_DB02#alt5,5,bwd,73,4133.33,2700.0,0.3269,0.0
DK05_to_DB02#alt5,5,bwd,74,4150.0,2650.0,0.3784,0.0
DK05_to_DB02#alt5,5,bwd,75,4150.0,2600.0,0.4346,0.0
DK05_to_DB02#alt5,5,bwd,76,4150.0,2550.0,0.4931,0.0
DK05_to_DB02#alt5,5,bwd,77,4150.0,2500.0,0.5483,0.0
DK05_to_DB02#alt5,5,bwd,78,4150.0,2450.0,0.6241,0.0
DK05_to_DB02#alt5,5,bwd,79,4150.0,2400.0,0.6889,0.0
DK05_to_DB02#alt5,5,bwd,80,4150.0,2350.0,0.7165,0.0
DK05_to_DB02#alt5,5,bwd,81,4150.0,2300.0,0.7165,0.0
DK05_to_DB02#alt5,5,bwd,82,4150.0,2250.0,0.7165,0.0
DK05_to_DB02#alt5,5,bwd,83,4150.0,2200.0,0.6889,0.0
DK05_to_DB02#alt5,5,bwd,84,4200.0,2150.0,0.6889,0.0
DK05_to_DB02#alt5,5,bwd,85,4250.0,2100.0,0.6889,0.0
DK05_to_DB02#alt5,5,bwd,86,4300.0,2050.0,0.6889,0.0
DK05_to_DB02#alt5,5,bwd,87,4350.0,2000.0,0.6065,0.0
DK05_to_DB02#alt5,5,bwd,88,4400.0,1950.0,0.503,0.0
DK05_to_DB02#alt5,5,bwd,89,4450.0,1900.0,0.4076,0.0
DK05_to_DB02#alt5,5,bwd,90,4500.0,1850.0,0.3269,0.0
DK05_to_DB02#alt5,5,bwd,91,4550.0,1800.0,0.2609,0.0
DK05_to_DB02#alt5,5,bwd,92,4600.0,1750.0,0.2076,0.0
DK05_to_DB02#alt5,5,bwd,93,4633.33,1700.0,0.1648,0.0
DK05_to_DB02#alt5,5,bwd,94,4650.0,1650.0,0.1432,0.0
DK05_to_DB02#alt5,5,bwd,95,4650.0,1600.0,0.1239,0.0
DK05_to_DB02#alt5,5,bwd,96,4650.0,1550.0,0.1069,0.0
DK05_to_DB02#alt5,5,bwd,97,4650.0,1500.0,0.092,0.0
DK05_to_DB02#alt5,5,bwd,98,4650.0,1450.0,0.0839,0.0
DK05_to_DB02#alt5,5,bwd,99,4650.0,1400.0,0.0883,0.0
DK05_to_DB02#alt5,5,bwd,100,4650.0,1350.0,0.092,0.0
DK05_to_DB02#alt5,5,bwd,101,4650.0,1300.0,0.0947,0.0
DK05_to_DB02#alt5,5,bwd,102,4650.0,1250.0,0.0981,0.0
DK05_to_DB02#alt5,5,bwd,103,4650.0,1200.0,0.1036,0.0
DK05_to_DB02#alt5,5,bwd,104,4650.0,1150.0,0.1082,0.0
DK05_to_DB02#alt5,5,bwd,105,4650.0,1100.0,0.1117,0.0
DK05_to_DB02#alt5,5,bwd,106,4650.0,1050.0,0.1138,0.0
DK05_to_DB02#alt5,5,bwd,107,4650.0,1000.0,0.1146,0.0
DK05_to_DB02#alt5,5,bwd,108,4650.0,950.0,0.1239,0.0
DK05_to_DB02#alt5,5,bwd,109,4650.0,900.0,0.1335,0.0
DK05_to_DB02#alt5,5,bwd,110,4650.0,850.0,0.1422,0.0
DK05_to_DB02#alt5,5,bwd,111,4650.0,800.0,0.1495,0.0
DK05_to_DB02#alt5,5,bwd,112,4650.0,750.0,0.1551,0.0
DK05_to_DB02#alt5,5,bwd,113,4650.0,700.0,0.1587,0.0
DK05_to_DB02#alt5,5,bwd,114,4650.0,650.0,0.1599,0.0
DK05_to_DB02#alt5,5,bwd,115,4650.0,600.0,0.1599,0.0
DK05_to_DB02#alt5,5,bwd,116,4633.33,550.0,0.1599,0.0
DK05_to_DB02#alt5,5,bwd,117,4600.0,500.0,0.1889,0.0
DK05_to_DB02#alt5,5,bwd,118,4550.0,450.0,0.2211,0.0
DK05_to_DB02#alt5,5,bwd,119,4500.0,400.0,0.253,0.0
DK05_to_DB02#alt5,5,bwd,120,4450.0,350.0,0.281,0.0
DK05_to_DB02#alt5,5,bwd,121,4400.0,300.0,0.3006,0.0
DK05_to_DB02#alt5,5,bwd,122,4350.0,250.0,0.3077,0.0
DK05_to_DB02#alt5,5,bwd,123,4300.0,200.0,0.3077,0.0
DK05_to_DB02#alt5,5,bwd,124,4250.0,166.67,0.3077,0.0
DK05_to_DB02#alt5,5,bwd,125,4200.0,166.67,0.344,0.0
DK05_to_DB02#alt5,5,bwd,126,4150.0,200.0,0.4346,0.0
DK05_to_DB02#alt5,5,bwd,127,4100.0,250.0,0.5483,0.0
DK05_to_DB02#alt5,5,bwd,128,4050.0,283.33,0.6889,0.0
DK05_to_DB02#alt5,5,bwd,129,4000.0,300.0,0.7165,0.0
DK05_to_DB02#alt5,5,bwd,130,3950.0,300.0,0.7165,0.0
DK05_to_DB02#alt5,5,bwd,131,3900.0,300.0,0.7165,0.0
DK05_to_DB02#alt5,5,bwd,132,3850.0,300.0,0.7165,0.0
DK05_to_DB02#alt5,5,bwd,133,3800.0,300.0,0.7165,0.0
DK05_to_DB02#alt5,5,bwd,134,3750.0,300.0,0.6889,0.0
DK05_to_DB02#alt5,5,bwd,135,3700.0,300.0,0.6241,0.0
DK05_to_DB02#alt5,5,bwd,136,3650.0,300.0,0.5483,0.0
DK05_to_DB02#alt5,5,bwd,137,3600.0,300.0,0.4931,0.0
DK05_to_DB02#alt5,5,bwd,138,3550.0,300.0,0.4346,0.0
DK05_to_DB02#alt5,5,bwd,139,3500.0,283.33,0.3784,0.0
DK05_to_DB02#alt5,5,bwd,140,3450.0,266.67,0.3006,0.0
DK05_to_DB02#alt5,5,bwd,141,3400.0,250.0,0.2609,0.0
DK05_to_DB02#alt5,5,bwd,142,3350.0,250.0,0.2252,0.0
DK05_to_DB02#alt5,5,bwd,143,3300.0,250.0,0.1937,0.0
DK05_to_DB02#alt5,5,bwd,144,3250.0,250.0,0.1661,0.0
DK05_to_DB02#alt5,5,bwd,145,3200.0,266.67,0.1422,0.0
DK05_to_DB02#alt5,5,bwd,146,3150.0,300.0,0.1273,0.0
DK05_to_DB02#alt5,5,bwd,147,3100.0,333.33,0.1117,0.0
DK05_to_DB02#alt5,5,bwd,148,3050.0,350.0,0.0947,0.0
DK05_to_DB02#alt5,5,bwd,149,3000.0,350.0,0.1062,0.0
DK05_to_DB02#alt5,5,bwd,150,2950.0,350.0,0.1183,0.0
DK05_to_DB02#alt5,5,bwd,151,2900.0,350.0,0.1308,0.0
DK05_to_DB02#alt5,5,bwd,152,2850.0,333.33,0.1432,0.0
DK05_to_DB02#alt5,5,bwd,153,2800.0,316.67,0.1335,0.0
DK05_to_DB02#alt5,5,bwd,154,2750.0,300.0,0.1432,0.0
DK05_to_DB02#alt5,5,bwd,155,2700.0,300.0,0.1551,0.0
DK05_to_DB02#alt5,5,bwd,156,2650.0,316.67,0.1661,0.0
DK05_to_DB02#alt5,5,bwd,157,2600.0,350.0,0.2057,0.0
DK05_to_DB02#alt5,5,bwd,158,2550.0,400.0,0.253,0.0
DK05_to_DB02#alt5,5,bwd,159,2500.0,450.0,0.3077,0.0
DK05_to_DB02#alt5,5,bwd,160,2450.0,500.0,0.3679,0.0
DK05_to_DB02#alt5,5,bwd,161,2400.0,550.0,0.4346,0.0
DK05_to_DB02#alt5,5,bwd,162,2350.0,583.33,0.5134,0.0
DK05_to_DB02#alt5,5,bwd,163,2300.0,600.0,0.503,0.0
DK05_to_DB02#alt5,5,bwd,164,2250.0,600.0,0.4746,0.0
DK05_to_DB02#alt5,5,bwd,165,2200.0,600.0,0.4346,0.0
DK05_to_DB02#alt5,5,bwd,166,2150.0,600.0,0.4076,0.0
DB02_to_DK05#alt7,7,fwd,0,2150.0,600.0,0.4076,0.0
DB02_to_DK05#alt7,7,fwd,1,2200.0,550.0,0.3784,0.0
DB02_to_DK05#alt7,7,fwd,2,2250.0,500.0,0.3485,0.0
DB02_to_DK05#alt7,7,fwd,3,2300.0,450.0,0.3077,0.0
DB02_to_DK05#alt7,7,fwd,4,2350.0,433.33,0.3114,0.0
DB02_to_DK05#alt7,7,fwd,5,2400.0,433.33,0.3114,0.0
DB02_to_DK05#alt7,7,fwd,6,2450.0,450.0,0.3114,0.0
DB02_to_DK05#alt7,7,fwd,7,2500.0,450.0,0.3077,0.0
DB02_to_DK05#alt7,7,fwd,8,2550.0,450.0,0.2972,0.0
DB02_to_DK05#alt7,7,fwd,9,2600.0,450.0,0.281,0.0
DB02_to_DK05#alt7,7,fwd,10,2650.0,450.0,0.2609,0.0
DB02_to_DK05#alt7,7,fwd,11,2700.0,450.0,0.2407,0.0
DB02_to_DK05#alt7,7,fwd,12,2750.0,450.0,0.2252,0.0
DB02_to_DK05#alt7,7,fwd,13,2800.0,450.0,0.2076,0.0
DB02_to_DK05#alt7,7,fwd,14,2850.0,450.0,0.1889,0.0
DB02_to_DK05#alt7,7,fwd,15,2900.0,450.0,0.17,0.0
DB02_to_DK05#alt7,7,fwd,16,2950.0,450.0,0.1517,0.0
DB02_to_DK05#alt7,7,fwd,17,3000.0,450.0,0.1344,0.0
DB02_to_DK05#alt7,7,fwd,18,3050.0,450.0,0.1199,0.0
DB02_to_DK05#alt7,7,fwd,19,3100.0,450.0,0.1146,0.0
DB02_to_DK05#alt7,7,fwd,20,3150.0,450.0,0.1353,0.0
DB02_to_DK05#alt7,7,fwd,21,3200.0,433.33,0.1599,0.0
DB02_to_DK05#alt7,7,fwd,22,3250.0,400.0,0.1873,0.0
DB02_to_DK05#alt7,7,fwd,23,3300.0,383.33,0.2211,0.0
DB02_to_DK05#alt7,7,fwd,24,3350.0,383.33,0.2609,0.0
DB02_to_DK05#alt7,7,fwd,25,3400.0,400.0,0.3077,0.0
DB02_to_DK05#alt7,7,fwd,26,3450.0,400.0,0.3628,0.0
DB02_to_DK05#alt7,7,fwd,27,3500.0,400.0,0.4275,0.0
DB02_to_DK05#alt7,7,fwd,28,3550.0,383.33,0.503,0.0
DB02_to_DK05#alt7,7,fwd,29,3600.0,350.0,0.5483,0.0
DB02_to_DK05#alt7,7,fwd,30,3650.0,300.0,0.5483,0.0
DB02_to_DK05#alt7,7,fwd,31,3700.0,250.0,0.5483,0.0
DB02_to_DK05#alt7,7,fwd,32,3750.0,200.0,0.503,0.0
DB02_to_DK05#alt7,7,fwd,33,3800.0,150.0,0.4346,0.0
DB02_to_DK05#alt7,7,fwd,34,3850.0,100.0,0.3679,0.0
DB02_to_DK05#alt7,7,fwd,35,3900.0,66.67,0.3114,0.0
DB02_to_DK05#alt7,7,fwd,36,3950.0,50.0,0.3114,0.0
DB02_to_DK05#alt7,7,fwd,37,4000.0,50.0,0.3114,0.0
DB02_to_DK05#alt7,7,fwd,38,4050.0,50.0,0.3077,0.0
DB02_to_DK05#alt7,7,fwd,39,4100.0,50.0,0.2972,0.0
DB02_to_DK05#alt7,7,fwd,40,4150.0,50.0,0.281,0.0
DB02_to_DK05#alt7,7,fwd,41,4200.0,50.0,0.2609,0.0
DB02_to_DK05#alt7,7,fwd,42,4250.0,50.0,0.2384,0.0
DB02_to_DK05#alt7,7,fwd,43,4300.0,66.67,0.2151,0.0
DB02_to_DK05#alt7,7,fwd,44,4350.0,100.0,0.2151,0.0
DB02_to_DK05#alt7,7,fwd,45,4400.0,150.0,0.2151,0.0
DB02_to_DK05#alt7,7,fwd,46,4450.0,200.0,0.2151,0.0
DB02_to_DK05#alt7,7,fwd,47,4500.0,250.0,0.2076,0.0
DB02_to_DK05#alt7,7,fwd,48,4550.0,300.0,0.1937,0.0
DB02_to_DK05#alt7,7,fwd,49,4600.0,350.0,0.1755,0.0
DB02_to_DK05#alt7,7,fwd,50,4650.0,400.0,0.1551,0.0
DB02_to_DK05#alt7,7,fwd,51,4700.0,450.0,0.1344,0.0
DB02_to_DK05#alt7,7,fwd,52,4733.33,500.0,0.1146,0.0
DB02_to_DK05#alt7,7,fwd,53,4750.0,550.0,0.1146,0.0
DB02_to_DK05#alt7,7,fwd,54,4750.0,600.0,0.1146,0.0
DB02_to_DK05#alt7,7,fwd,55,4750.0,650.0,0.1146,0.0
DB02_to_DK05#alt7,7,fwd,56,4750.0,700.0,0.1138,0.0
DB02_to_DK05#alt7,7,fwd,57,4750.0,750.0,0.1117,0.0
DB02_to_DK05#alt7,7,fwd,58,4750.0,800.0,0.1082,0.0
DB02_to_DK05#alt7,7,fwd,59,4750.0,850.0,0.1036,0.0
DB02_to_DK05#alt7,7,fwd,60,4750.0,900.0,0.0981,0.0
DB02_to_DK05#alt7,7,fwd,61,4750.0,950.0,0.092,0.0
DB02_to_DK05#alt7,7,fwd,62,4750.0,1000.0,0.0854,0.0
DB02_to_DK05#alt7,7,fwd,63,4750.0,1050.0,0.0816,0.0
DB02_to_DK05#alt7,7,fwd,64,4750.0,1100.0,0.0803,0.0
DB02_to_DK05#alt7,7,fwd,65,4750.0,1150.0,0.0781,0.0
DB02_to_DK05#alt7,7,fwd,66,4750.0,1200.0,0.0752,0.0
DB02_to_DK05#alt7,7,fwd,67,4750.0,1250.0,0.0717,0.0
DB02_to_DK05#alt7,7,fwd,68,4750.0,1300.0,0.0681,0.0
DB02_to_DK05#alt7,7,fwd,69,4750.0,1350.0,0.0663,0.0
DB02_to_DK05#alt7,7,fwd,70,4750.0,1400.0,0.064,0.0
DB02_to_DK05#alt7,7,fwd,71,4750.0,1450.0,0.0681,0.0
DB02_to_DK05#alt7,7,fwd,72,4750.0,1500.0,0.0785,0.0
DB02_to_DK05#alt7,7,fwd,73,4750.0,1550.0,0.0904,0.0
DB02_to_DK05#alt7,7,fwd,74,4750.0,1600.0,0.1036,0.0
DB02_to_DK05#alt7,7,fwd,75,4750.0,1650.0,0.1183,0.0
DB02_to_DK05#alt7,7,fwd,76,4750.0,1700.0,0.1344,0.0
DB02_to_DK05#alt7,7,fwd,77,4733.33,1750.0,0.1517,0.0
DB02_to_DK05#alt7,7,fwd,78,4700.0,1800.0,0.1921,0.0
DB02_to_DK05#alt7,7,fwd,79,4650.0,1850.0,0.2431,0.0
DB02_to_DK05#alt7,7,fwd,80,4600.0,1900.0,0.3077,0.0
DB02_to_DK05#alt7,7,fwd,81,4566.67,1950.0,0.3895,0.0
DB02_to_DK05#alt7,7,fwd,82,4550.0,2000.0,0.4346,0.0
DB02_to_DK05#alt7,7,fwd,83,4550.0,2050.0,0.4931,0.0
DB02_to_DK05#alt7,7,fwd,84,4550.0,2100.0,0.5483,0.0
DB02_to_DK05#alt7,7,fwd,85,4550.0,2150.0,0.6241,0.0
DB02_to_DK05#alt7,7,fwd,86,4550.0,2200.0,0.6889,0.0
DB02_to_DK05#alt7,7,fwd,87,4550.0,2250.0,0.7165,0.0
DB02_to_DK05#alt7,7,fwd,88,4550.0,2300.0,0.7165,0.0
DB02_to_DK05#alt7,7,fwd,89,4550.0,2350.0,0.7165,0.0
DB02_to_DK05#alt7,7,fwd,90,4550.0,2400.0,0.6889,0.0
DB02_to_DK05#alt7,7,fwd,91,4500.0,2450.0,0.6889,0.0
DB02_to_DK05#alt7,7,fwd,92,4450.0,2500.0,0.6889,0.0
DB02_to_DK05#alt7,7,fwd,93,4400.0,2550.0,0.6065,0.0
DB02_to_DK05#alt7,7,fwd,94,4350.0,2600.0,0.5134,0.0
DB02_to_DK05#alt7,7,fwd,95,4300.0,2650.0,0.4346,0.0
DB02_to_DK05#alt7,7,fwd,96,4266.67,2700.0,0.3628,0.0
DB02_to_DK05#alt7,7,fwd,97,4233.33,2750.0,0.3077,0.0
DB02_to_DK05#alt7,7,fwd,98,4216.67,2800.0,0.253,0.0
DB02_to_DK05#alt7,7,fwd,99,4200.0,2850.0,0.2151,0.0
DB02_to_DK05#alt7,7,fwd,100,4200.0,2900.0,0.1827,0.0
DB02_to_DK05#alt7,7,fwd,101,4200.0,2950.0,0.1551,0.0
DB02_to_DK05#alt7,7,fwd,102,4200.0,3000.0,0.1317,0.0
DB02_to_DK05#alt7,7,fwd,103,4183.33,3050.0,0.1117,0.0
DB02_to_DK05#alt7,7,fwd,104,4150.0,3100.0,0.092,0.0
DB02_to_DK05#alt7,7,fwd,105,4100.0,3150.0,0.0752,0.0
DB02_to_DK05#alt7,7,fwd,106,4050.0,3200.0,0.0821,0.0
DB02_to_DK05#alt7,7,fwd,107,4000.0,3250.0,0.097,0.0
DB02_to_DK05#alt7,7,fwd,108,3950.0,3300.0,0.1138,0.0
DB02_to_DK05#alt7,7,fwd,109,3900.0,3350.0,0.1317,0.0
DB02_to_DK05#alt7,7,fwd,110,3850.0,3400.0,0.1495,0.0
DB02_to_DK05#alt7,7,fwd,111,3800.0,3450.0,0.1661,0.0
DB02_to_DK05#alt7,7,fwd,112,3750.0,3500.0,0.1827,0.0
DB02_to_DK05#alt7,7,fwd,113,3700.0,3550.0,0.2211,0.0
DB02_to_DK05#alt7,7,fwd,114,3650.0,3600.0,0.2636,0.0
DB02_to_DK05#alt7,7,fwd,115,3600.0,3633.33,0.3114,0.0
DB02_to_DK05#alt7,7,fwd,116,3550.0,3650.0,0.3114,0.0
DB02_to_DK05#alt7,7,fwd,117,3500.0,3633.33,0.3114,0.0
DB02_to_DK05#alt7,7,fwd,118,3450.0,3600.0,0.3006,0.0
DB02_to_DK05#alt7,7,fwd,119,3400.0,3550.0,0.3784,0.0
DB02_to_DK05#alt7,7,fwd,120,3350.0,3533.33,0.4076,0.0
DB02_to_DK05#alt7,7,fwd,121,3300.0,3533.33,0.4275,0.0
DB02_to_DK05#alt7,7,fwd,122,3250.0,3550.0,0.4346,0.0
DB02_to_DK05#alt7,7,fwd,123,3200.0,3566.67,0.4346,0.0
DB02_to_DK05#alt7,7,fwd,124,3150.0,3600.0,0.3679,0.0
DB02_to_DK05#alt7,7,fwd,125,3100.0,3633.33,0.3114,0.0
DB02_to_DK05#alt7,7,fwd,126,3050.0,3650.0,0.3077,0.0
DB02_to_DK05#alt7,7,fwd,127,3000.0,3650.0,0.2972,0.0
DB02_to_DK05#alt7,7,fwd,128,2950.0,3650.0,0.281,0.0
DB02_to_DK05#alt7,7,fwd,129,2900.0,3650.0,0.2609,0.0
DB02_to_DK05#alt7,7,fwd,130,2850.0,3650.0,0.2407,0.0
DB02_to_DK05#alt7,7,fwd,131,2800.0,3650.0,0.2252,0.0
DB02_to_DK05#alt7,7,fwd,132,2750.0,3633.33,0.2076,0.0
DB02_to_DK05#alt7,7,fwd,133,2700.0,3616.67,0.1921,0.0
DB02_to_DK05#alt7,7,fwd,134,2650.0,3583.33,0.17,0.0
DB02_to_DK05#alt7,7,fwd,135,2600.0,3550.0,0.1648,0.0
DB02_to_DK05#alt7,7,fwd,136,2550.0,3500.0,0.1551,0.0
DB02_to_DK05#alt7,7,fwd,137,2500.0,3450.0,0.1422,0.0
DB02_to_DK05#alt7,7,fwd,138,2450.0,3400.0,0.1273,0.0
DB02_to_DK05#alt7,7,fwd,139,2400.0,3350.0,0.1117,0.0
DB02_to_DK05#alt7,7,fwd,140,2366.67,3300.0,0.1215,0.0
DB02_to_DK05#alt7,7,fwd,141,2350.0,3250.0,0.1422,0.0
DB02_to_DK05#alt7,7,fwd,142,2333.33,3200.0,0.1661,0.0
DB02_to_DK05#alt7,7,fwd,143,2300.0,3150.0,0.1798,0.0
DB02_to_DK05#alt7,7,fwd,144,2266.67,3100.0,0.1889,0.0
DB02_to_DK05#alt7,7,fwd,145,2250.0,3050.0,0.2151,0.0
DB02_to_DK05#alt7,7,fwd,146,2250.0,3000.0,0.2431,0.0
DB02_to_DK05#alt7,7,fwd,147,2250.0,2950.0,0.281,0.0
DB02_to_DK05#alt7,7,fwd,148,2250.0,2900.0,0.3269,0.0
DB02_to_DK05#alt7,7,fwd,149,2250.0,2850.0,0.3784,0.0
DB02_to_DK05#alt7,7,fwd,150,2250.0,2800.0,0.4346,0.0
DB02_to_DK05#alt7,7,fwd,151,2250.0,2750.0,0.4931,0.0
DB01_to_DK05#alt0,0,fwd,0,750.0,4200.0,0.7165,0.0
DB01_to_DK05#alt0,0,fwd,1,800.0,4250.0,0.5903,0.0
DB01_to_DK05#alt0,0,fwd,2,850.0,4300.0,0.6065,0.0
DB01_to_DK05#alt0,0,fwd,3,900.0,4333.33,0.7165,0.0
DB01_to_DK05#alt0,0,fwd,4,950.0,4350.0,0.7165,0.0
DB01_to_DK05#alt0,0,fwd,5,1000.0,4350.0,0.6889,0.0
DB01_to_DK05#alt0,0,fwd,6,1050.0,4400.0,0.6889,0.0
DB01_to_DK05#alt0,0,fwd,7,1100.0,4450.0,0.6889,0.0
DB01_to_DK05#alt0,0,fwd,8,1150.0,4500.0,0.6065,0.0
DB01_to_DK05#alt0,0,fwd,9,1200.0,4550.0,0.5134,0.0
DB01_to_DK05#alt0,0,fwd,10,1250.0,4600.0,0.5134,0.0
DB01_to_DK05#alt0,0,fwd,11,1300.0,4650.0,0.6065,0.0
DB01_to_DK05#alt0,0,fwd,12,1350.0,4700.0,0.6889,0.0
DB01_to_DK05#alt0,0,fwd,13,1400.0,4750.0,0.6889,0.0
DB01_to_DK05#alt0,0,fwd,14,1450.0,4800.0,0.6065,0.0
DB01_to_DK05#alt0,0,fwd,15,1500.0,4833.33,0.5134,0.0
DB01_to_DK05#alt0,0,fwd,16,1550.0,4850.0,0.5134,0.0
DB01_to_DK05#alt0,0,fwd,17,1600.0,4850.0,0.503,0.0
DB01_to_DK05#alt0,0,fwd,18,1650.0,4866.67,0.5483,0.0
DB01_to_DK05#alt0,0,fwd,19,1700.0,4883.33,0.5483,0.0
DB01_to_DK05#alt0,0,fwd,20,1750.0,4900.0,0.6241,0.0
DB01_to_DK05#alt0,0,fwd,21,1800.0,4900.0,0.6889,0.0
DB01_to_DK05#alt0,0,fwd,22,1850.0,4900.0,0.7165,0.0
DB01_to_DK05#alt0,0,fwd,23,1900.0,4900.0,0.7165,0.0
DB01_to_DK05#alt0,0,fwd,24,1950.0,4900.0,0.7165,0.0
DB01_to_DK05#alt0,0,fwd,25,2000.0,4900.0,0.7165,0.0
DB01_to_DK05#alt0,0,fwd,26,2050.0,4883.33,0.6889,0.0
DB01_to_DK05#alt0,0,fwd,27,2100.0,4850.0,0.6889,0.0
DB01_to_DK05#alt0,0,fwd,28,2150.0,4816.67,0.6889,0.0
DB01_to_DK05#alt0,0,fwd,29,2200.0,4800.0,0.6241,0.0
DB01_to_DK05#alt0,0,fwd,30,2250.0,4783.33,0.5483,0.0
DB01_to_DK05#alt0,0,fwd,31,2300.0,4766.67,0.503,0.0
DB01_to_DK05#alt0,0,fwd,32,2350.0,4733.33,0.4275,0.0
DB01_to_DK05#alt0,0,fwd,33,2400.0,4716.67,0.4076,0.0
DB01_to_DK05#alt0,0,fwd,34,2450.0,4683.33,0.4275,0.0
DB01_to_DK05#alt0,0,fwd,35,2500.0,4666.67,0.5134,0.0
DB01_to_DK05#alt0,0,fwd,36,2550.0,4633.33,0.5134,0.0
DB01_to_DK05#alt0,0,fwd,37,2600.0,4600.0,0.5903,0.0
DB01_to_DK05#alt0,0,fwd,38,2633.33,4550.0,0.6241,0.0
DB01_to_DK05#alt0,0,fwd,39,2650.0,4500.0,0.6889,0.0
DB01_to_DK05#alt0,0,fwd,40,2650.0,4450.0,0.7165,0.0
DB01_to_DK05#alt0,0,fwd,41,2650.0,4400.0,0.7165,0.0
DB01_to_DK05#alt0,0,fwd,42,2633.33,4350.0,0.6889,0.0
DB01_to_DK05#alt0,0,fwd,43,2600.0,4300.0,0.6889,0.0
DB01_to_DK05#alt0,0,fwd,44,2550.0,4250.0,0.6889,0.0
DB01_to_DK05#alt0,0,fwd,45,2500.0,4200.0,0.6065,0.0
DB01_to_DK05#alt0,0,fwd,46,2450.0,4150.0,0.503,0.0
DB01_to_DK05#alt0,0,fwd,47,2416.67,4100.0,0.4076,0.0
DB01_to_DK05#alt0,0,fwd,48,2400.0,4050.0,0.3485,0.0
DB01_to_DK05#alt0,0,fwd,49,2400.0,4000.0,0.2972,0.0
DB01_to_DK05#alt0,0,fwd,50,2400.0,3950.0,0.253,0.0
DB01_to_DK05#alt0,0,fwd,51,2400.0,3900.0,0.2252,0.0
DB01_to_DK05#alt0,0,fwd,52,2400.0,3850.0,0.2076,0.0
DB01_to_DK05#alt0,0,fwd,53,2400.0,3800.0,0.1937,0.0
DB01_to_DK05#alt0,0,fwd,54,2400.0,3750.0,0.1798,0.0
DB01_to_DK05#alt0,0,fwd,55,2400.0,3700.0,0.1648,0.0
DB01_to_DK05#alt0,0,fwd,56,2400.0,3650.0,0.1495,0.0
DB01_to_DK05#alt0,0,fwd,57,2383.33,3600.0,0.1344,0.0
DB01_to_DK05#alt0,0,fwd,58,2366.67,3550.0,0.1344,0.0
DB01_to_DK05#alt0,0,fwd,59,2333.33,3500.0,0.1183,0.0
DB01_to_DK05#alt0,0,fwd,60,2316.67,3450.0,0.1138,0.0
DB01_to_DK05#alt0,0,fwd,61,2300.0,3400.0,0.0987,0.0
DB01_to_DK05#alt0,0,fwd,62,2300.0,3350.0,0.0981,0.0
DB01_to_DK05#alt0,0,fwd,63,2300.0,3300.0,0.1146,0.0
DB01_to_DK05#alt0,0,fwd,64,2316.67,3250.0,0.1335,0.0
DB01_to_DK05#alt0,0,fwd,65,2333.33,3200.0,0.1661,0.0
DB01_to_DK05#alt0,0,fwd,66,2350.0,3150.0,0.1937,0.0
DB01_to_DK05#alt0,0,fwd,67,2333.33,3100.0,0.2252,0.0
DB01_to_DK05#alt0,0,fwd,68,2316.67,3050.0,0.2384,0.0
DB01_to_DK05#alt0,0,fwd,69,2300.0,3000.0,0.2721,0.0
DB01_to_DK05#alt0,0,fwd,70,2283.33,2950.0,0.3077,0.0
DB01_to_DK05#alt0,0,fwd,71,2266.67,2900.0,0.3269,0.0
DB01_to_DK05#alt0,0,fwd,72,2250.0,2850.0,0.3784,0.0
DB01_to_DK05#alt0,0,fwd,73,2250.0,2800.0,0.4346,0.0
DB01_to_DK05#alt0,0,fwd,74,2250.0,2750.0,0.4931,0.0
DK05_to_DB01#alt0,0,bwd,0,2250.0,2750.0,0.4931,0.0
DK05_to_DB01#alt0,0,bwd,1,2200.0,2700.0,0.4931,0.0
DK05_to_DB01#alt0,0,bwd,2,2150.0,2666.67,0.4746,0.0
DK05_to_DB01#alt0,0,bwd,3,2100.0,2650.0,0.4076,0.0
DK05_to_DB01#alt0,0,bwd,4,2050.0,2650.0,0.3485,0.0
DK05_to_DB01#alt0,0,bwd,5,2000.0,2650.0,0.3006,0.0
DK05_to_DB01#alt0,0,bwd,6,1950.0,2633.33,0.2609,0.0
DK05_to_DB01#alt0,0,bwd,7,1900.0,2600.0,0.2407,0.0
DK05_to_DB01#alt0,0,bwd,8,1850.0,2566.67,0.3006,0.0
DK05_to_DB01#alt0,0,bwd,9,1800.0,2550.0,0.344,0.0
DK05_to_DB01#alt0,0,bwd,10,1750.0,2550.0,0.3895,0.0
DK05_to_DB01#alt0,0,bwd,11,1700.0,2550.0,0.4346,0.0
DK05_to_DB01#alt0,0,bwd,12,1650.0,2550.0,0.4931,0.0
DK05_to_DB01#alt0,0,bwd,13,1600.0,2550.0,0.5483,0.0
DK05_to_DB01#alt0,0,bwd,14,1550.0,2550.0,0.5903,0.0
DK05_to_DB01#alt0,0,bwd,15,1500.0,2550.0,0.6241,0.0
DK05_to_DB01#alt0,0,bwd,16,1450.0,2550.0,0.6889,0.0
DK05_to_DB01#alt0,0,bwd,17,1400.0,2550.0,0.7165,0.0
DK05_to_DB01#alt0,0,bwd,18,1350.0,2550.0,0.7165,0.0
DK05_to_DB01#alt0,0,bwd,19,1300.0,2550.0,0.7165,0.0
DK05_to_DB01#alt0,0,bwd,20,1250.0,2550.0,0.6889,0.0
DK05_to_DB01#alt0,0,bwd,21,1200.0,2566.67,0.6241,0.0
DK05_to_DB01#alt0,0,bwd,22,1150.0,2583.33,0.503,0.0
DK05_to_DB01#alt0,0,bwd,23,1100.0,2600.0,0.503,0.0
DK05_to_DB01#alt0,0,bwd,24,1050.0,2600.0,0.5134,0.0
DK05_to_DB01#alt0,0,bwd,25,1000.0,2600.0,0.5134,0.0
DK05_to_DB01#alt0,0,bwd,26,950.0,2616.67,0.5134,0.0
DK05_to_DB01#alt0,0,bwd,27,900.0,2650.0,0.6065,0.0
DK05_to_DB01#alt0,0,bwd,28,850.0,2683.33,0.7165,0.0
DK05_to_DB01#alt0,0,bwd,29,800.0,2700.0,0.7165,0.0
DK05_to_DB01#alt0,0,bwd,30,750.0,2716.67,0.6889,0.0
DK05_to_DB01#alt0,0,bwd,31,700.0,2750.0,0.6889,0.0
DK05_to_DB01#alt0,0,bwd,32,650.0,2800.0,0.6889,0.0
DK05_to_DB01#alt0,0,bwd,33,600.0,2850.0,0.6241,0.0
DK05_to_DB01#alt0,0,bwd,34,550.0,2900.0,0.5903,0.0
DK05_to_DB01#alt0,0,bwd,35,516.67,2950.0,0.5134,0.0
DK05_to_DB01#alt0,0,bwd,36,516.67,3000.0,0.5134,0.0
DK05_to_DB01#alt0,0,bwd,37,533.33,3050.0,0.6065,0.0
DK05_to_DB01#alt0,0,bwd,38,550.0,3100.0,0.5903,0.0
DK05_to_DB01#alt0,0,bwd,39,566.67,3150.0,0.5483,0.0
DK05_to_DB01#alt0,0,bwd,40,583.33,3200.0,0.5903,0.0
DK05_to_DB01#alt0,0,bwd,41,583.33,3250.0,0.5483,0.0
DK05_to_DB01#alt0,0,bwd,42,550.0,3283.33,0.4346,0.0
DK05_to_DB01#alt0,0,bwd,43,500.0,3300.0,0.3784,0.0
DK05_to_DB01#alt0,0,bwd,44,450.0,3316.67,0.3269,0.0
DK05_to_DB01#alt0,0,bwd,45,400.0,3333.33,0.2609,0.0
DK05_to_DB01#alt0,0,bwd,46,350.0,3350.0,0.2252,0.0
DK05_to_DB01#alt0,0,bwd,47,300.0,3350.0,0.1937,0.0
DK05_to_DB01#alt0,0,bwd,48,250.0,3350.0,0.1661,0.0
DK05_to_DB01#alt0,0,bwd,49,200.0,3366.67,0.1432,0.0
DK05_to_DB01#alt0,0,bwd,50,150.0,3400.0,0.1239,0.0
DK05_to_DB01#alt0,0,bwd,51,100.0,3450.0,0.1335,0.0
DK05_to_DB01#alt0,0,bwd,52,66.67,3500.0,0.1432,0.0
DK05_to_DB01#alt0,0,bwd,53,50.0,3550.0,0.1648,0.0
DK05_to_DB01#alt0,0,bwd,54,50.0,3600.0,0.1889,0.0
DK05_to_DB01#alt0,0,bwd,55,50.0,3650.0,0.2151,0.0
DK05_to_DB01#alt0,0,bwd,56,50.0,3700.0,0.2431,0.0
DK05_to_DB01#alt0,0,bwd,57,50.0,3750.0,0.2721,0.0
DK05_to_DB01#alt0,0,bwd,58,50.0,3800.0,0.3077,0.0
DK05_to_DB01#alt0,0,bwd,59,50.0,3850.0,0.344,0.0
DK05_to_DB01#alt0,0,bwd,60,50.0,3900.0,0.3784,0.0
DK05_to_DB01#alt0,0,bwd,61,50.0,3950.0,0.4076,0.0
DK05_to_DB01#alt0,0,bwd,62,66.67,4000.0,0.4275,0.0
DK05_to_DB01#alt0,0,bwd,63,100.0,4050.0,0.5134,0.0
DK05_to_DB01#alt0,0,bwd,64,150.0,4100.0,0.6065,0.0
DK05_to_DB01#alt0,0,bwd,65,183.33,4150.0,0.7165,0.0
DK05_to_DB01#alt0,0,bwd,66,200.0,4200.0,0.7165,0.0
DK05_to_DB01#alt0,0,bwd,67,200.0,4250.0,0.7165,0.0
DK05_to_DB01#alt0,0,bwd,68,200.0,4300.0,0.6889,0.0
DK05_to_DB01#alt0,0,bwd,69,250.0,4350.0,0.6889,0.0
DK05_to_DB01#alt0,0,bwd,70,300.0,4400.0,0.6889,0.0
DK05_to_DB01#alt0,0,bwd,71,350.0,4433.33,0.6241,0.0
DK05_to_DB01#alt0,0,bwd,72,400.0,4450.0,0.6889,0.0
DK05_to_DB01#alt0,0,bwd,73,450.0,4450.0,0.7165,0.0
DK05_to_DB01#alt0,0,bwd,74,500.0,4450.0,0.6889,0.0
DK05_to_DB01#alt0,0,bwd,75,550.0,4400.0,0.7165,0.0
DK05_to_DB01#alt0,0,bwd,76,600.0,4400.0,0.6889,0.0
DK05_to_DB01#alt0,0,bwd,77,650.0,4350.0,0.6889,0.0
DK05_to_DB01#alt0,0,bwd,78,700.0,4300.0,0.6889,0.0
DK05_to_DB01#alt0,0,bwd,79,733.33,4250.0,0.6889,0.0
DK05_to_DB01#alt0,0,bwd,80,750.0,4200.0,0.7165,0.0
DK05_to_DB01#alt1,1,bwd,0,2250.0,2750.0,0.4931,0.0
DK05_to_DB01#alt1,1,bwd,1,2300.0,2800.0,0.4746,0.0
DK05_to_DB01#alt1,1,bwd,2,2350.0,2850.0,0.4346,0.0
DK05_to_DB01#alt1,1,bwd,3,2400.0,2900.0,0.4346,0.0
DK05_to_DB01#alt1,1,bwd,4,2450.0,2950.0,0.4076,0.0
DK05_to_DB01#alt1,1,bwd,5,2500.0,3000.0,0.3628,0.0
DK05_to_DB01#alt1,1,bwd,6,2550.0,3050.0,0.3114,0.0
DK05_to_DB01#alt1,1,bwd,7,2600.0,3100.0,0.2609,0.0
DK05_to_DB01#alt1,1,bwd,8,2650.0,3150.0,0.2636,0.0
DK05_to_DB01#alt1,1,bwd,9,2700.0,3200.0,0.3114,0.0
DK05_to_DB01#alt1,1,bwd,10,2750.0,3250.0,0.3679,0.0
DK05_to_DB01#alt1,1,bwd,11,2800.0,3283.33,0.4275,0.0
DK05_to_DB01#alt1,1,bwd,12,2850.0,3316.67,0.503,0.0
DK05_to_DB01#alt1,1,bwd,13,2900.0,3350.0,0.5483,0.0
DK05_to_DB01#alt1,1,bwd,14,2950.0,3400.0,0.5483,0.0
DK05_to_DB01#alt1,1,bwd,15,2983.33,3450.0,0.5483,0.0
DK05_to_DB01#alt1,1,bwd,16,3000.0,3500.0,0.4746,0.0
DK05_to_DB01#alt1,1,bwd,17,3000.0,3550.0,0.4076,0.0
DK05_to_DB01#alt1,1,bwd,18,3000.0,3600.0,0.3485,0.0
DK05_to_DB01#alt1,1,bwd,19,3016.67,3650.0,0.2972,0.0
DK05_to_DB01#alt1,1,bwd,20,3050.0,3700.0,0.3114,0.0
DK05_to_DB01#alt1,1,bwd,21,3100.0,3750.0,0.3679,0.0
DK05_to_DB01#alt1,1,bwd,22,3150.0,3800.0,0.4275,0.0
DK05_to_DB01#alt1,1,bwd,23,3200.0,3850.0,0.4746,0.0
DK05_to_DB01#alt1,1,bwd,24,3233.33,3900.0,0.4931,0.0
DK05_to_DB01#alt1,1,bwd,25,3250.0,3950.0,0.5483,0.0
DK05_to_DB01#alt1,1,bwd,26,3250.0,4000.0,0.6241,0.0
DK05_to_DB01#alt1,1,bwd,27,3250.0,4050.0,0.6889,0.0
DK05_to_DB01#alt1,1,bwd,28,3250.0,4100.0,0.7165,0.0
DK05_to_DB01#alt1,1,bwd,29,3250.0,4150.0,0.7165,0.0
DK05_to_DB01#alt1,1,bwd,30,3250.0,4200.0,0.7165,0.0
DK05_to_DB01#alt1,1,bwd,31,3233.33,4250.0,0.6889,0.0
DK05_to_DB01#alt1,1,bwd,32,3200.0,4300.0,0.6889,0.0
DK05_to_DB01#alt1,1,bwd,33,3150.0,4350.0,0.6889,0.0
DK05_to_DB01#alt1,1,bwd,34,3100.0,4400.0,0.6065,0.0
DK05_to_DB01#alt1,1,bwd,35,3050.0,4450.0,0.5134,0.0
DK05_to_DB01#alt1,1,bwd,36,3000.0,4500.0,0.4346,0.0
DK05_to_DB01#alt1,1,bwd,37,2966.67,4550.0,0.3628,0.0
DK05_to_DB01#alt1,1,bwd,38,2950.0,4600.0,0.3077,0.0
DK05_to_DB01#alt1,1,bwd,39,2933.33,4650.0,0.2609,0.0
DK05_to_DB01#alt1,1,bwd,40,2900.0,4700.0,0.2384,0.0
DK05_to_DB01#alt1,1,bwd,41,2850.0,4750.0,0.2431,0.0
DK05_to_DB01#alt1,1,bwd,42,2800.0,4800.0,0.2384,0.0
DK05_to_DB01#alt1,1,bwd,43,2750.0,4850.0,0.2252,0.0
DK05_to_DB01#alt1,1,bwd,44,2700.0,4900.0,0.2057,0.0
DK05_to_DB01#alt1,1,bwd,45,2650.0,4933.33,0.1827,0.0
DK05_to_DB01#alt1,1,bwd,46,2600.0,4950.0,0.1873,0.0
DK05_to_DB01#alt1,1,bwd,47,2550.0,4950.0,0.1889,0.0
DK05_to_DB01#alt1,1,bwd,48,2500.0,4950.0,0.2076,0.0
DK05_to_DB01#alt1,1,bwd,49,2450.0,4950.0,0.2384,0.0
DK05_to_DB01#alt1,1,bwd,50,2400.0,4950.0,0.2721,0.0
DK05_to_DB01#alt1,1,bwd,51,2350.0,4950.0,0.3077,0.0
DK05_to_DB01#alt1,1,bwd,52,2300.0,4950.0,0.344,0.0
DK05_to_DB01#alt1,1,bwd,53,2250.0,4950.0,0.3895,0.0
DK05_to_DB01#alt1,1,bwd,54,2200.0,4950.0,0.4346,0.0
DK05_to_DB01#alt1,1,bwd,55,2150.0,4950.0,0.4931,0.0
DK05_to_DB01#alt1,1,bwd,56,2100.0,4950.0,0.5483,0.0
DK05_to_DB01#alt1,1,bwd,57,2050.0,4950.0,0.5903,0.0
DK05_to_DB01#alt1,1,bwd,58,2000.0,4950.0,0.6065,0.0
DK05_to_DB01#alt1,1,bwd,59,1950.0,4950.0,0.6065,0.0
DK05_to_DB01#alt1,1,bwd,60,1900.0,4950.0,0.6065,0.0
DK05_to_DB01#alt1,1,bwd,61,1850.0,4950.0,0.6065,0.0
DK05_to_DB01#alt1,1,bwd,62,1800.0,4950.0,0.5903,0.0
DK05_to_DB01#alt1,1,bwd,63,1750.0,4950.0,0.5483,0.0
DK05_to_DB01#alt1,1,bwd,64,1700.0,4950.0,0.4931,0.0
DK05_to_DB01#alt1,1,bwd,65,1650.0,4950.0,0.4346,0.0
DK05_to_DB01#alt1,1,bwd,66,1600.0,4950.0,0.3895,0.0
DK05_to_DB01#alt1,1,bwd,67,1550.0,4950.0,0.3679,0.0
DK05_to_DB01#alt1,1,bwd,68,1500.0,4950.0,0.3679,0.0
DK05_to_DB01#alt1,1,bwd,69,1450.0,4950.0,0.3679,0.0
DK05_to_DB01#alt1,1,bwd,70,1400.0,4950.0,0.3628,0.0
DK05_to_DB01#alt1,1,bwd,71,1350.0,4933.33,0.3485,0.0
DK05_to_DB01#alt1,1,bwd,72,1300.0,4900.0,0.3784,0.0
DK05_to_DB01#alt1,1,bwd,73,1250.0,4866.67,0.3895,0.0
DK05_to_DB01#alt1,1,bwd,74,1200.0,4850.0,0.344,0.0
DK05_to_DB01#alt1,1,bwd,75,1150.0,4850.0,0.3895,0.0
DK05_to_DB01#alt1,1,bwd,76,1100.0,4850.0,0.4346,0.0
DK05_to_DB01#alt1,1,bwd,77,1050.0,4850.0,0.4746,0.0
DK05_to_DB01#alt1,1,bwd,78,1000.0,4850.0,0.503,0.0
DK05_to_DB01#alt1,1,bwd,79,950.0,4850.0,0.5134,0.0
DK05_to_DB01#alt1,1,bwd,80,900.0,4833.33,0.5134,0.0
DK05_to_DB01#alt1,1,bwd,81,850.0,4800.0,0.6065,0.0
DK05_to_DB01#alt1,1,bwd,82,800.0,4766.67,0.7165,0.0
DK05_to_DB01#alt1,1,bwd,83,750.0,4733.33,0.6889,0.0
DK05_to_DB01#alt1,1,bwd,84,700.0,4700.0,0.6889,0.0
DK05_to_DB01#alt1,1,bwd,85,666.67,4650.0,0.6241,0.0
DK05_to_DB01#alt1,1,bwd,86,650.0,4600.0,0.6889,0.0
DK05_to_DB01#alt1,1,bwd,87,650.0,4550.0,0.7165,0.0
DK05_to_DB01#alt1,1,bwd,88,650.0,4500.0,0.7165,0.0
DK05_to_DB01#alt1,1,bwd,89,666.67,4450.0,0.6889,0.0
DK05_to_DB01#alt1,1,bwd,90,700.0,4400.0,0.6889,0.0
DK05_to_DB01#alt1,1,bwd,91,733.33,4350.0,0.6889,0.0
DK05_to_DB01#alt1,1,bwd,92,750.0,4300.0,0.6241,0.0
DK05_to_DB01#alt1,1,bwd,93,750.0,4250.0,0.6889,0.0
DK05_to_DB01#alt1,1,bwd,94,750.0,4200.0,0.7165,0.0
DB01_to_DK01#alt0,0,fwd,0,750.0,4200.0,0.7165,0.0
DB01_to_DK01#alt0,0,fwd,1,733.33,4250.0,0.6889,0.0
DB01_to_DK01#alt0,0,fwd,2,700.0,4300.0,0.6889,0.0
DB01_to_DK01#alt0,0,fwd,3,650.0,4350.0,0.6889,0.0
DB01_to_DK01#alt0,0,fwd,4,600.0,4400.0,0.6889,0.0
DB01_to_DK01#alt0,0,fwd,5,550.0,4450.0,0.6241,0.0
DB01_to_DK01#alt0,0,fwd,6,500.0,4500.0,0.5903,0.0
DB01_to_DK01#alt0,0,fwd,7,450.0,4533.33,0.5134,0.0
DB01_to_DK01#alt0,0,fwd,8,400.0,4550.0,0.503,0.0
DB01_to_DK01#alt0,0,fwd,9,350.0,4533.33,0.4746,0.0
DB01_to_DK01#alt0,0,fwd,10,300.0,4500.0,0.503,0.0
DB01_to_DK01#alt0,0,fwd,11,250.0,4450.0,0.5483,0.0
DB01_to_DK01#alt0,0,fwd,12,216.67,4400.0,0.5483,0.0
DB01_to_DK01#alt0,0,fwd,13,200.0,4350.0,0.6241,0.0
DB01_to_DK01#alt0,0,fwd,14,200.0,4300.0,0.6889,0.0
DB01_to_DK01#alt0,0,fwd,15,200.0,4250.0,0.7165,0.0
DB01_to_DK01#alt0,0,fwd,16,200.0,4200.0,0.7165,0.0
DB01_to_DK01#alt0,0,fwd,17,200.0,4150.0,0.7165,0.0
DB01_to_DK01#alt0,0,fwd,18,200.0,4100.0,0.7165,0.0
DB01_to_DK01#alt0,0,fwd,19,200.0,4050.0,0.7165,0.0
DB01_to_DK01#alt0,0,fwd,20,200.0,4000.0,0.6889,0.0
DB01_to_DK01#alt0,0,fwd,21,200.0,3950.0,0.6241,0.0
DB01_to_DK01#alt0,0,fwd,22,200.0,3900.0,0.5483,0.0
DB01_to_DK01#alt0,0,fwd,23,200.0,3850.0,0.4931,0.0
DK01_to_DB01#alt0,0,bwd,0,200.0,3850.0,0.4931,0.0
DK01_to_DB01#alt0,0,bwd,1,150.0,3900.0,0.4931,0.0
DK01_to_DB01#alt0,0,bwd,2,100.0,3950.0,0.4746,0.0
DK01_to_DB01#alt0,0,bwd,3,66.67,4000.0,0.4275,0.0
DK01_to_DB01#alt0,0,bwd,4,50.0,4050.0,0.4346,0.0
DK01_to_DB01#alt0,0,bwd,5,50.0,4100.0,0.4346,0.0
DK01_to_DB01#alt0,0,bwd,6,50.0,4150.0,0.4346,0.0
DK01_to_DB01#alt0,0,bwd,7,50.0,4200.0,0.4346,0.0
DK01_to_DB01#alt0,0,bwd,8,50.0,4250.0,0.4346,0.0
DK01_to_DB01#alt0,0,bwd,9,50.0,4300.0,0.4275,0.0
DK01_to_DB01#alt0,0,bwd,10,50.0,4350.0,0.4076,0.0
DK01_to_DB01#alt0,0,bwd,11,50.0,4400.0,0.3784,0.0
DK01_to_DB01#alt0,0,bwd,12,50.0,4450.0,0.344,0.0
DK01_to_DB01#alt0,0,bwd,13,50.0,4500.0,0.3077,0.0
DK01_to_DB01#alt0,0,bwd,14,50.0,4550.0,0.2721,0.0
DK01_to_DB01#alt0,0,bwd,15,50.0,4600.0,0.2431,0.0
DK01_to_DB01#alt0,0,bwd,16,50.0,4650.0,0.2151,0.0
DK01_to_DB01#alt0,0,bwd,17,50.0,4700.0,0.1889,0.0
DK01_to_DB01#alt0,0,bwd,18,66.67,4750.0,0.1648,0.0
DK01_to_DB01#alt0,0,bwd,19,100.0,4800.0,0.1551,0.0
DK01_to_DB01#alt0,0,bwd,20,150.0,4850.0,0.1432,0.0
DK01_to_DB01#alt0,0,bwd,21,200.0,4900.0,0.1335,0.0
DK01_to_DB01#alt0,0,bwd,22,250.0,4933.33,0.1239,0.0
DK01_to_DB01#alt0,0,bwd,23,300.0,4950.0,0.1432,0.0
DK01_to_DB01#alt0,0,bwd,24,350.0,4950.0,0.1648,0.0
DK01_to_DB01#alt0,0,bwd,25,400.0,4950.0,0.1889,0.0
DK01_to_DB01#alt0,0,bwd,26,450.0,4933.33,0.2151,0.0
DK01_to_DB01#alt0,0,bwd,27,500.0,4900.0,0.2721,0.0
DK01_to_DB01#alt0,0,bwd,28,550.0,4850.0,0.344,0.0
DK01_to_DB01#alt0,0,bwd,29,600.0,4800.0,0.4346,0.0
DK01_to_DB01#alt0,0,bwd,30,633.33,4750.0,0.5483,0.0
DK01_to_DB01#alt0,0,bwd,31,650.0,4700.0,0.5903,0.0
DK01_to_DB01#alt0,0,bwd,32,650.0,4650.0,0.6241,0.0
DK01_to_DB01#alt0,0,bwd,33,650.0,4600.0,0.6889,0.0
DK01_to_DB01#alt0,0,bwd,34,650.0,4550.0,0.7165,0.0
DK01_to_DB01#alt0,0,bwd,35,650.0,4500.0,0.7165,0.0
DK01_to_DB01#alt0,0,bwd,36,666.67,4450.0,0.6889,0.0
DK01_to_DB01#alt0,0,bwd,37,700.0,4400.0,0.6889,0.0
DK01_to_DB01#alt0,0,bwd,38,733.33,4350.0,0.6889,0.0
DK01_to_DB01#alt0,0,bwd,39,750.0,4300.0,0.6241,0.0
DK01_to_DB01#alt0,0,bwd,40,750.0,4250.0,0.6889,0.0
DK01_to_DB01#alt0,0,bwd,41,750.0,4200.0,0.7165,0.0
DB02_to_DK03#alt0,0,fwd,0,2150.0,600.0,0.4076,0.0
DB02_to_DK03#alt0,0,fwd,1,2200.0,566.67,0.3784,0.0
DB02_to_DK03#alt0,0,fwd,2,2250.0,550.0,0.4076,0.0
DB02_to_DK03#alt0,0,fwd,3,2300.0,550.0,0.4275,0.0
DB02_to_DK03#alt0,0,fwd,4,2350.0,550.0,0.4346,0.0
DB02_to_DK03#alt0,0,fwd,5,2400.0,550.0,0.4346,0.0
DB02_to_DK03#alt0,0,fwd,6,2450.0,550.0,0.4346,0.0
DB02_to_DK03#alt0,0,fwd,7,2500.0,550.0,0.4275,0.0
DB02_to_DK03#alt0,0,fwd,8,2550.0,550.0,0.4076,0.0
DB02_to_DK03#alt0,0,fwd,9,2600.0,550.0,0.3784,0.0
DB02_to_DK03#alt0,0,fwd,10,2650.0,566.67,0.3485,0.0
DB02_to_DK03#alt0,0,fwd,11,2700.0,600.0,0.3784,0.0
DB02_to_DK03#alt0,0,fwd,12,2750.0,650.0,0.3895,0.0
DB02_to_DK03#alt0,0,fwd,13,2800.0,700.0,0.3895,0.0
DB02_to_DK03#alt0,0,fwd,14,2850.0,750.0,0.3784,0.0
DB02_to_DK03#alt0,0,fwd,15,2900.0,800.0,0.3485,0.0
DB02_to_DK03#alt0,0,fwd,16,2950.0,850.0,0.3269,0.0
DB02_to_DK03#alt0,0,fwd,17,3000.0,900.0,0.2972,0.0
DB02_to_DK03#alt0,0,fwd,18,3050.0,950.0,0.2609,0.0
DB02_to_DK03#alt0,0,fwd,19,3100.0,1000.0,0.2231,0.0
DB02_to_DK03#alt0,0,fwd,20,3150.0,1050.0,0.2636,0.0
DB02_to_DK03#alt0,0,fwd,21,3166.67,1100.0,0.2636,0.0
DB02_to_DK03#alt0,0,fwd,22,3183.33,1150.0,0.3114,0.0
DB02_to_DK03#alt0,0,fwd,23,3200.0,1200.0,0.3114,0.0
DB02_to_DK03#alt0,0,fwd,24,3250.0,1250.0,0.3628,0.0
DB02_to_DK03#alt0,0,fwd,25,3300.0,1300.0,0.4076,0.0
DB02_to_DK03#alt0,0,fwd,26,3350.0,1350.0,0.4346,0.0
DB02_to_DK03#alt0,0,fwd,27,3400.0,1400.0,0.5134,0.0
DB02_to_DK03#alt0,0,fwd,28,3450.0,1450.0,0.5903,0.0
DB02_to_DK03#alt0,0,fwd,29,3500.0,1500.0,0.6241,0.0
DB02_to_DK03#alt0,0,fwd,30,3550.0,1550.0,0.5903,0.0
DB02_to_DK03#alt0,0,fwd,31,3600.0,1600.0,0.5483,0.0
DB02_to_DK03#alt0,0,fwd,32,3650.0,1650.0,0.503,0.0
DB02_to_DK03#alt0,0,fwd,33,3700.0,1700.0,0.4346,0.0
DB02_to_DK03#alt0,0,fwd,34,3733.33,1750.0,0.3628,0.0
DB02_to_DK03#alt0,0,fwd,35,3733.33,1800.0,0.3077,0.0
DB02_to_DK03#alt0,0,fwd,36,3716.67,1850.0,0.3077,0.0
DB02_to_DK03#alt0,0,fwd,37,3700.0,1900.0,0.2972,0.0
DB02_to_DK03#alt0,0,fwd,38,3700.0,1950.0,0.281,0.0
DB02_to_DK03#alt0,0,fwd,39,3700.0,2000.0,0.2609,0.0
DB02_to_DK03#alt0,0,fwd,40,3700.0,2050.0,0.2407,0.0
DB02_to_DK03#alt0,0,fwd,41,3700.0,2100.0,0.2252,0.0
DB02_to_DK03#alt0,0,fwd,42,3683.33,2150.0,0.2076,0.0
DB02_to_DK03#alt0,0,fwd,43,3650.0,2200.0,0.2151,0.0
DB02_to_DK03#alt0,0,fwd,44,3600.0,2250.0,0.2151,0.0
DB02_to_DK03#alt0,0,fwd,45,3566.67,2300.0,0.2151,0.0
DB02_to_DK03#alt0,0,fwd,46,3550.0,2350.0,0.1921,0.0
DB02_to_DK03#alt0,0,fwd,47,3550.0,2400.0,0.17,0.0
DB02_to_DK03#alt0,0,fwd,48,3550.0,2450.0,0.1495,0.0
DB02_to_DK03#alt0,0,fwd,49,3550.0,2500.0,0.1308,0.0
DB02_to_DK03#alt0,0,fwd,50,3550.0,2550.0,0.1308,0.0
DB02_to_DK03#alt0,0,fwd,51,3550.0,2600.0,0.1495,0.0
DB02_to_DK03#alt0,0,fwd,52,3533.33,2650.0,0.17,0.0
DB02_to_DK03#alt0,0,fwd,53,3500.0,2700.0,0.2151,0.0
DB02_to_DK03#alt0,0,fwd,54,3450.0,2750.0,0.2721,0.0
DB02_to_DK03#alt0,0,fwd,55,3416.67,2800.0,0.344,0.0
DB02_to_DK03#alt0,0,fwd,56,3400.0,2850.0,0.3895,0.0
DB02_to_DK03#alt0,0,fwd,57,3400.0,2900.0,0.4346,0.0
DB02_to_DK03#alt0,0,fwd,58,3400.0,2950.0,0.4931,0.0
DB02_to_DK03#alt0,0,fwd,59,3400.0,3000.0,0.5483,0.0
DB02_to_DK03#alt0,0,fwd,60,3400.0,3050.0,0.6241,0.0
DB02_to_DK03#alt0,0,fwd,61,3400.0,3100.0,0.6889,0.0
DB02_to_DK03#alt0,0,fwd,62,3400.0,3150.0,0.7165,0.0
DB02_to_DK03#alt0,0,fwd,63,3400.0,3200.0,0.7165,0.0
DB02_to_DK03#alt0,0,fwd,64,3416.67,3250.0,0.7165,0.0
DB02_to_DK03#alt0,0,fwd,65,3416.67,3300.0,0.6889,0.0
DB02_to_DK03#alt0,0,fwd,66,3400.0,3350.0,0.6241,0.0
DB02_to_DK03#alt0,0,fwd,67,3350.0,3400.0,0.6241,0.0
DB02_to_DK03#alt0,0,fwd,68,3300.0,3450.0,0.5903,0.0
DB02_to_DK03#alt0,0,fwd,69,3250.0,3500.0,0.5134,0.0
DB02_to_DK03#alt0,0,fwd,70,3200.0,3550.0,0.4346,0.0
DB02_to_DK03#alt0,0,fwd,71,3150.0,3600.0,0.3679,0.0
DB02_to_DK03#alt0,0,fwd,72,3100.0,3650.0,0.3114,0.0
DB02_to_DK03#alt0,0,fwd,73,3050.0,3700.0,0.3114,0.0
DB02_to_DK03#alt0,0,fwd,74,3000.0,3750.0,0.3679,0.0
DB02_to_DK03#alt0,0,fwd,75,2950.0,3800.0,0.4275,0.0
DB02_to_DK03#alt0,0,fwd,76,2900.0,3850.0,0.4746,0.0
DB02_to_DK03#alt0,0,fwd,77,2850.0,3900.0,0.4931,0.0
DB02_to_DK03#alt0,0,fwd,78,2800.0,3950.0,0.4746,0.0
DB02_to_DK03#alt0,0,fwd,79,2750.0,4000.0,0.4346,0.0
DB02_to_DK03#alt0,0,fwd,80,2700.0,4033.33,0.4076,0.0
DB02_to_DK03#alt0,0,fwd,81,2650.0,4050.0,0.3485,0.0
DB02_to_DK03#alt0,0,fwd,82,2600.0,4050.0,0.3485,0.0
DB02_to_DK03#alt0,0,fwd,83,2550.0,4050.0,0.3628,0.0
DK03_to_DB02#alt0,0,bwd,0,2550.0,4050.0,0.3628,0.0
DK03_to_DB02#alt0,0,bwd,1,2600.0,4000.0,0.2972,0.0
DK03_to_DB02#alt0,0,bwd,2,2650.0,3950.0,0.3006,0.0
DK03_to_DB02#alt0,0,bwd,3,2700.0,3900.0,0.3269,0.0
DK03_to_DB02#alt0,0,bwd,4,2750.0,3850.0,0.344,0.0
DK03_to_DB02#alt0,0,bwd,5,2800.0,3800.0,0.344,0.0
DK03_to_DB02#alt0,0,bwd,6,2850.0,3750.0,0.3269,0.0
DK03_to_DB02#alt0,0,bwd,7,2883.33,3700.0,0.2972,0.0
DK03_to_DB02#alt0,0,bwd,8,2916.67,3650.0,0.2609,0.0
DK03_to_DB02#alt0,0,bwd,9,2933.33,3600.0,0.3269,0.0
DK03_to_DB02#alt0,0,bwd,10,2950.0,3550.0,0.3784,0.0
DK03_to_DB02#alt0,0,bwd,11,2950.0,3500.0,0.4346,0.0
DK03_to_DB02#alt0,0,bwd,12,2950.0,3450.0,0.4931,0.0
DK03_to_DB02#alt0,0,bwd,13,2950.0,3400.0,0.5483,0.0
DK03_to_DB02#alt0,0,bwd,14,2950.0,3350.0,0.6241,0.0
DK03_to_DB02#alt0,0,bwd,15,2950.0,3300.0,0.6889,0.0
DK03_to_DB02#alt0,0,bwd,16,2950.0,3250.0,0.7165,0.0
DK03_to_DB02#alt0,0,bwd,17,2950.0,3200.0,0.7165,0.0
DK03_to_DB02#alt0,0,bwd,18,2950.0,3150.0,0.7165,0.0
DK03_to_DB02#alt0,0,bwd,19,2950.0,3100.0,0.6889,0.0
DK03_to_DB02#alt0,0,bwd,20,3000.0,3050.0,0.6889,0.0
DK03_to_DB02#alt0,0,bwd,21,3033.33,3000.0,0.6889,0.0
DK03_to_DB02#alt0,0,bwd,22,3033.33,2950.0,0.6241,0.0
DK03_to_DB02#alt0,0,bwd,23,3016.67,2900.0,0.4931,0.0
DK03_to_DB02#alt0,0,bwd,24,3016.67,2850.0,0.4346,0.0
DK03_to_DB02#alt0,0,bwd,25,3033.33,2800.0,0.4076,0.0
DK03_to_DB02#alt0,0,bwd,26,3050.0,2750.0,0.3485,0.0
DK03_to_DB02#alt0,0,bwd,27,3050.0,2700.0,0.2972,0.0
DK03_to_DB02#alt0,0,bwd,28,3050.0,2650.0,0.281,0.0
DK03_to_DB02#alt0,0,bwd,29,3050.0,2600.0,0.2972,0.0
DK03_to_DB02#alt0,0,bwd,30,3050.0,2550.0,0.3077,0.0
DK03_to_DB02#alt0,0,bwd,31,3033.33,2500.0,0.3114,0.0
DK03_to_DB02#alt0,0,bwd,32,3000.0,2450.0,0.3679,0.0
DK03_to_DB02#alt0,0,bwd,33,2950.0,2400.0,0.4346,0.0
DK03_to_DB02#alt0,0,bwd,34,2900.0,2350.0,0.5134,0.0
DK03_to_DB02#alt0,0,bwd,35,2850.0,2300.0,0.6065,0.0
DK03_to_DB02#alt0,0,bwd,36,2800.0,2250.0,0.6889,0.0
DK03_to_DB02#alt0,0,bwd,37,2750.0,2200.0,0.6889,0.0
DK03_to_DB02#alt0,0,bwd,38,2700.0,2150.0,0.6889,0.0
DK03_to_DB02#alt0,0,bwd,39,2650.0,2100.0,0.6241,0.0
DK03_to_DB02#alt0,0,bwd,40,2616.67,2050.0,0.5903,0.0
DK03_to_DB02#alt0,0,bwd,41,2600.0,2000.0,0.503,0.0
DK03_to_DB02#alt0,0,bwd,42,2600.0,1950.0,0.4275,0.0
DK03_to_DB02#alt0,0,bwd,43,2616.67,1900.0,0.3679,0.0
DK03_to_DB02#alt0,0,bwd,44,2633.33,1850.0,0.4346,0.0
DK03_to_DB02#alt0,0,bwd,45,2650.0,1800.0,0.4346,0.0
DK03_to_DB02#alt0,0,bwd,46,2650.0,1750.0,0.4931,0.0
DK03_to_DB02#alt0,0,bwd,47,2650.0,1700.0,0.5483,0.0
DK03_to_DB02#alt0,0,bwd,48,2666.67,1650.0,0.6241,0.0
DK03_to_DB02#alt0,0,bwd,49,2700.0,1600.0,0.5903,0.0
DK03_to_DB02#alt0,0,bwd,50,2733.33,1550.0,0.5483,0.0
DK03_to_DB02#alt0,0,bwd,51,2750.0,1500.0,0.5134,0.0
DK03_to_DB02#alt0,0,bwd,52,2750.0,1450.0,0.5134,0.0
DK03_to_DB02#alt0,0,bwd,53,2750.0,1400.0,0.5134,0.0
DK03_to_DB02#alt0,0,bwd,54,2750.0,1350.0,0.5134,0.0
DK03_to_DB02#alt0,0,bwd,55,2750.0,1300.0,0.5483,0.0
DK03_to_DB02#alt0,0,bwd,56,2750.0,1250.0,0.5903,0.0
DK03_to_DB02#alt0,0,bwd,57,2750.0,1200.0,0.6241,0.0
DK03_to_DB02#alt0,0,bwd,58,2750.0,1150.0,0.6889,0.0
DK03_to_DB02#alt0,0,bwd,59,2750.0,1100.0,0.7165,0.0
DK03_to_DB02#alt0,0,bwd,60,2750.0,1050.0,0.7165,0.0
DK03_to_DB02#alt0,0,bwd,61,2750.0,1000.0,0.7165,0.0
DK03_to_DB02#alt0,0,bwd,62,2733.33,950.0,0.6889,0.0
DK03_to_DB02#alt0,0,bwd,63,2716.67,900.0,0.7165,0.0
DK03_to_DB02#alt0,0,bwd,64,2683.33,850.0,0.6889,0.0
DK03_to_DB02#alt0,0,bwd,65,2650.0,800.0,0.6889,0.0
DK03_to_DB02#alt0,0,bwd,66,2600.0,750.0,0.6889,0.0
DK03_to_DB02#alt0,0,bwd,67,2550.0,700.0,0.6241,0.0
DK03_to_DB02#alt0,0,bwd,68,2500.0,666.67,0.5903,0.0
DK03_to_DB02#alt0,0,bwd,69,2450.0,650.0,0.6065,0.0
DK03_to_DB02#alt0,0,bwd,70,2400.0,633.33,0.6065,0.0
DK03_to_DB02#alt0,0,bwd,71,2350.0,616.67,0.5134,0.0
DK03_to_DB02#alt0,0,bwd,72,2300.0,600.0,0.503,0.0
DK03_to_DB02#alt0,0,bwd,73,2250.0,600.0,0.4746,0.0
DK03_to_DB02#alt0,0,bwd,74,2200.0,600.0,0.4346,0.0
DK03_to_DB02#alt0,0,bwd,75,2150.0,600.0,0.4076,0.0
DB02_to_DK03#alt1,1,fwd,0,2150.0,600.0,0.4076,0.0
DB02_to_DK03#alt1,1,fwd,1,2200.0,550.0,0.3784,0.0
DB02_to_DK03#alt1,1,fwd,2,2250.0,500.0,0.3485,0.0
DB02_to_DK03#alt1,1,fwd,3,2300.0,450.0,0.3077,0.0
DB02_to_DK03#alt1,1,fwd,4,2350.0,400.0,0.2636,0.0
DB02_to_DK03#alt1,1,fwd,5,2400.0,350.0,0.2231,0.0
DB02_to_DK03#alt1,1,fwd,6,2450.0,300.0,0.1889,0.0
DB02_to_DK03#alt1,1,fwd,7,2500.0,266.67,0.1587,0.0
DB02_to_DK03#alt1,1,fwd,8,2550.0,233.33,0.1551,0.0
DB02_to_DK03#alt1,1,fwd,9,2600.0,200.0,0.1273,0.0
DB02_to_DK03#alt1,1,fwd,10,2650.0,166.67,0.1036,0.0
DB02_to_DK03#alt1,1,fwd,11,2700.0,150.0,0.0981,0.0
DB02_to_DK03#alt1,1,fwd,12,2750.0,150.0,0.092,0.0
DB02_to_DK03#alt1,1,fwd,13,2800.0,150.0,0.0854,0.0
DB02_to_DK03#alt1,1,fwd,14,2850.0,150.0,0.079,0.0
DB02_to_DK03#alt1,1,fwd,15,2900.0,150.0,0.0736,0.0
DB02_to_DK03#alt1,1,fwd,16,2950.0,150.0,0.0681,0.0
DB02_to_DK03#alt1,1,fwd,17,3000.0,150.0,0.0677,0.0
DB02_to_DK03#alt1,1,fwd,18,3050.0,150.0,0.079,0.0
DB02_to_DK03#alt1,1,fwd,19,3100.0,133.33,0.092,0.0
DB02_to_DK03#alt1,1,fwd,20,3150.0,116.67,0.0987,0.0
DB02_to_DK03#alt1,1,fwd,21,3200.0,100.0,0.1138,0.0
DB02_to_DK03#alt1,1,fwd,22,3250.0,100.0,0.1308,0.0
DB02_to_DK03#alt1,1,fwd,23,3300.0,100.0,0.1495,0.0
DB02_to_DK03#alt1,1,fwd,24,3350.0,100.0,0.17,0.0
DB02_to_DK03#alt1,1,fwd,25,3400.0,83.33,0.1921,0.0
DB02_to_DK03#alt1,1,fwd,26,3450.0,66.67,0.1921,0.0
DB02_to_DK03#alt1,1,fwd,27,3500.0,50.0,0.2151,0.0
DB02_to_DK03#alt1,1,fwd,28,3550.0,50.0,0.2384,0.0
DB02_to_DK03#alt1,1,fwd,29,3600.0,50.0,0.2609,0.0
DB02_to_DK03#alt1,1,fwd,30,3650.0,50.0,0.281,0.0
DB02_to_DK03#alt1,1,fwd,31,3700.0,50.0,0.2972,0.0
DB02_to_DK03#alt1,1,fwd,32,3750.0,50.0,0.3077,0.0
DB02_to_DK03#alt1,1,fwd,33,3800.0,50.0,0.3114,0.0
DB02_to_DK03#alt1,1,fwd,34,3850.0,66.67,0.3114,0.0
DB02_to_DK03#alt1,1,fwd,35,3900.0,100.0,0.3679,0.0
DB02_to_DK03#alt1,1,fwd,36,3950.0,133.33,0.4346,0.0
DB02_to_DK03#alt1,1,fwd,37,4000.0,133.33,0.4346,0.0
DB02_to_DK03#alt1,1,fwd,38,4050.0,116.67,0.3628,0.0
DB02_to_DK03#alt1,1,fwd,39,4100.0,100.0,0.3485,0.0
DB02_to_DK03#alt1,1,fwd,40,4150.0,100.0,0.3269,0.0
DB02_to_DK03#alt1,1,fwd,41,4200.0,83.33,0.3006,0.0
DB02_to_DK03#alt1,1,fwd,42,4250.0,66.67,0.2384,0.0
DB02_to_DK03#alt1,1,fwd,43,4300.0,50.0,0.2151,0.0
DB02_to_DK03#alt1,1,fwd,44,4350.0,50.0,0.1921,0.0
DB02_to_DK03#alt1,1,fwd,45,4400.0,50.0,0.17,0.0
DB02_to_DK03#alt1,1,fwd,46,4450.0,66.67,0.1517,0.0
DB02_to_DK03#alt1,1,fwd,47,4500.0,100.0,0.1517,0.0
DB02_to_DK03#alt1,1,fwd,48,4550.0,150.0,0.1495,0.0
DB02_to_DK03#alt1,1,fwd,49,4600.0,200.0,0.1432,0.0
DB02_to_DK03#alt1,1,fwd,50,4650.0,250.0,0.1335,0.0
DB02_to_DK03#alt1,1,fwd,51,4700.0,300.0,0.1215,0.0
DB02_to_DK03#alt1,1,fwd,52,4750.0,350.0,0.1082,0.0
DB02_to_DK03#alt1,1,fwd,53,4800.0,400.0,0.0947,0.0
DB02_to_DK03#alt1,1,fwd,54,4833.33,450.0,0.0816,0.0
DB02_to_DK03#alt1,1,fwd,55,4850.0,500.0,0.0821,0.0
DB02_to_DK03#alt1,1,fwd,56,4850.0,550.0,0.0821,0.0
DB02_to_DK03#alt1,1,fwd,57,4850.0,600.0,0.0821,0.0
DB02_to_DK03#alt1,1,fwd,58,4850.0,650.0,0.0821,0.0
DB02_to_DK03#alt1,1,fwd,59,4850.0,700.0,0.0816,0.0
DB02_to_DK03#alt1,1,fwd,60,4850.0,750.0,0.0803,0.0
DB02_to_DK03#alt1,1,fwd,61,4850.0,800.0,0.0781,0.0
DB02_to_DK03#alt1,1,fwd,62,4850.0,850.0,0.0752,0.0
DB02_to_DK03#alt1,1,fwd,63,4850.0,900.0,0.0717,0.0
DB02_to_DK03#alt1,1,fwd,64,4850.0,950.0,0.0677,0.0
DB02_to_DK03#alt1,1,fwd,65,4850.0,1000.0,0.0634,0.0
DB02_to_DK03#alt1,1,fwd,66,4850.0,1050.0,0.0588,0.0
DB02_to_DK03#alt1,1,fwd,67,4850.0,1100.0,0.0577,0.0
DB02_to_DK03#alt1,1,fwd,68,4850.0,1150.0,0.0563,0.0
DB02_to_DK03#alt1,1,fwd,69,4850.0,1200.0,0.0544,0.0
DB02_to_DK03#alt1,1,fwd,70,4850.0,1250.0,0.0522,0.0
DB02_to_DK03#alt1,1,fwd,71,4850.0,1300.0,0.0496,0.0
DB02_to_DK03#alt1,1,fwd,72,4850.0,1350.0,0.0478,0.0
DB02_to_DK03#alt1,1,fwd,73,4850.0,1400.0,0.0496,0.0
DB02_to_DK03#alt1,1,fwd,74,4850.0,1450.0,0.0568,0.0
DB02_to_DK03#alt1,1,fwd,75,4850.0,1500.0,0.065,0.0
DB02_to_DK03#alt1,1,fwd,76,4850.0,1550.0,0.074,0.0
DB02_to_DK03#alt1,1,fwd,77,4850.0,1600.0,0.0839,0.0
DB02_to_DK03#alt1,1,fwd,78,4850.0,1650.0,0.0947,0.0
DB02_to_DK03#alt1,1,fwd,79,4850.0,1700.0,0.1062,0.0
DB02_to_DK03#alt1,1,fwd,80,4850.0,1750.0,0.1199,0.0
DB02_to_DK03#alt1,1,fwd,81,4833.33,1800.0,0.1344,0.0
DB02_to_DK03#alt1,1,fwd,82,4800.0,1850.0,0.17,0.0
DB02_to_DK03#alt1,1,fwd,83,4750.0,1900.0,0.2151,0.0
DB02_to_DK03#alt1,1,fwd,84,4700.0,1950.0,0.2721,0.0
DB02_to_DK03#alt1,1,fwd,85,4666.67,2000.0,0.344,0.0
DB02_to_DK03#alt1,1,fwd,86,4650.0,2050.0,0.3895,0.0
DB02_to_DK03#alt1,1,fwd,87,4650.0,2100.0,0.4346,0.0
DB02_to_DK03#alt1,1,fwd,88,4650.0,2150.0,0.4746,0.0
DB02_to_DK03#alt1,1,fwd,89,4650.0,2200.0,0.503,0.0
DB02_to_DK03#alt1,1,fwd,90,4650.0,2250.0,0.5134,0.0
DB02_to_DK03#alt1,1,fwd,91,4650.0,2300.0,0.5134,0.0
DB02_to_DK03#alt1,1,fwd,92,4650.0,2350.0,0.5134,0.0
DB02_to_DK03#alt1,1,fwd,93,4650.0,2400.0,0.503,0.0
DB02_to_DK03#alt1,1,fwd,94,4633.33,2450.0,0.4746,0.0
DB02_to_DK03#alt1,1,fwd,95,4600.0,2500.0,0.4931,0.0
DB02_to_DK03#alt1,1,fwd,96,4550.0,2550.0,0.4931,0.0
DB02_to_DK03#alt1,1,fwd,97,4500.0,2600.0,0.4746,0.0
DB02_to_DK03#alt1,1,fwd,98,4450.0,2650.0,0.4275,0.0
DB02_to_DK03#alt1,1,fwd,99,4400.0,2700.0,0.3679,0.0
DB02_to_DK03#alt1,1,fwd,100,4366.67,2750.0,0.3114,0.0
DB02_to_DK03#alt1,1,fwd,101,4333.33,2800.0,0.2636,0.0
DB02_to_DK03#alt1,1,fwd,102,4316.67,2850.0,0.2231,0.0
DB02_to_DK03#alt1,1,fwd,103,4300.0,2900.0,0.1889,0.0
DB02_to_DK03#alt1,1,fwd,104,4300.0,2950.0,0.1599,0.0
DB02_to_DK03#alt1,1,fwd,105,4300.0,3000.0,0.1353,0.0
DB02_to_DK03#alt1,1,fwd,106,4300.0,3050.0,0.1146,0.0
DB02_to_DK03#alt1,1,fwd,107,4283.33,3100.0,0.097,0.0
DB02_to_DK03#alt1,1,fwd,108,4250.0,3150.0,0.0816,0.0
DB02_to_DK03#alt1,1,fwd,109,4200.0,3200.0,0.0695,0.0
DB02_to_DK03#alt1,1,fwd,110,4166.67,3250.0,0.0821,0.0
DB02_to_DK03#alt1,1,fwd,111,4150.0,3300.0,0.097,0.0
DB02_to_DK03#alt1,1,fwd,112,4150.0,3350.0,0.1146,0.0
DB02_to_DK03#alt1,1,fwd,113,4150.0,3400.0,0.1353,0.0
DB02_to_DK03#alt1,1,fwd,114,4133.33,3450.0,0.1599,0.0
DB02_to_DK03#alt1,1,fwd,115,4100.0,3500.0,0.1873,0.0
DB02_to_DK03#alt1,1,fwd,116,4050.0,3550.0,0.2151,0.0
DB02_to_DK03#alt1,1,fwd,117,4000.0,3600.0,0.2407,0.0
DB02_to_DK03#alt1,1,fwd,118,3950.0,3650.0,0.2609,0.0
DB02_to_DK03#alt1,1,fwd,119,3900.0,3700.0,0.2721,0.0
DB02_to_DK03#alt1,1,fwd,120,3850.0,3750.0,0.344,0.0
DB02_to_DK03#alt1,1,fwd,121,3800.0,3800.0,0.4346,0.0
DB02_to_DK03#alt1,1,fwd,122,3750.0,3850.0,0.5483,0.0
DB02_to_DK03#alt1,1,fwd,123,3700.0,3883.33,0.6889,0.0
DB02_to_DK03#alt1,1,fwd,124,3650.0,3900.0,0.7165,0.0
DB02_to_DK03#alt1,1,fwd,125,3600.0,3900.0,0.7165,0.0
DB02_to_DK03#alt1,1,fwd,126,3550.0,3900.0,0.7165,0.0
DB02_to_DK03#alt1,1,fwd,127,3500.0,3900.0,0.7165,0.0
DB02_to_DK03#alt1,1,fwd,128,3450.0,3916.67,0.6889,0.0
DB02_to_DK03#alt1,1,fwd,129,3400.0,3933.33,0.6889,0.0
DB02_to_DK03#alt1,1,fwd,130,3350.0,3950.0,0.6241,0.0
DB02_to_DK03#alt1,1,fwd,131,3300.0,3950.0,0.5483,0.0
DB02_to_DK03#alt1,1,fwd,132,3250.0,3950.0,0.5483,0.0
DB02_to_DK03#alt1,1,fwd,133,3200.0,3950.0,0.6241,0.0
DB02_to_DK03#alt1,1,fwd,134,3150.0,3950.0,0.6889,0.0
DB02_to_DK03#alt1,1,fwd,135,3100.0,3950.0,0.7165,0.0
DB02_to_DK03#alt1,1,fwd,136,3050.0,3950.0,0.7165,0.0
DB02_to_DK03#alt1,1,fwd,137,3000.0,3950.0,0.7165,0.0
DB02_to_DK03#alt1,1,fwd,138,2950.0,3966.67,0.6889,0.0
DB02_to_DK03#alt1,1,fwd,139,2900.0,4000.0,0.6889,0.0
DB02_to_DK03#alt1,1,fwd,140,2850.0,4050.0,0.6241,0.0
DB02_to_DK03#alt1,1,fwd,141,2800.0,4066.67,0.5483,0.0
DB02_to_DK03#alt1,1,fwd,142,2750.0,4066.67,0.4746,0.0
DB02_to_DK03#alt1,1,fwd,143,2700.0,4050.0,0.4076,0.0
DB02_to_DK03#alt1,1,fwd,144,2650.0,4050.0,0.3485,0.0
DB02_to_DK03#alt1,1,fwd,145,2600.0,4050.0,0.3485,0.0
DB02_to_DK03#alt1,1,fwd,146,2550.0,4050.0,0.3628,0.0
DK03_to_DB02#alt1,1,bwd,0,2550.0,4050.0,0.3628,0.0
DK03_to_DB02#alt1,1,bwd,1,2600.0,4100.0,0.4076,0.0
DK03_to_DB02#alt1,1,bwd,2,2650.0,4150.0,0.4346,0.0
DK03_to_DB02#alt1,1,bwd,3,2700.0,4200.0,0.4346,0.0
DK03_to_DB02#alt1,1,bwd,4,2750.0,4250.0,0.4746,0.0
DK03_to_DB02#alt1,1,bwd,5,2800.0,4300.0,0.503,0.0
DK03_to_DB02#alt1,1,bwd,6,2850.0,4350.0,0.5483,0.0
DK03_to_DB02#alt1,1,bwd,7,2900.0,4400.0,0.5483,0.0
DK03_to_DB02#alt1,1,bwd,8,2950.0,4450.0,0.503,0.0
DK03_to_DB02#alt1,1,bwd,9,3000.0,4500.0,0.4346,0.0
DK03_to_DB02#alt1,1,bwd,10,3050.0,4550.0,0.3679,0.0
DK03_to_DB02#alt1,1,bwd,11,3100.0,4600.0,0.3114,0.0
DK03_to_DB02#alt1,1,bwd,12,3150.0,4650.0,0.2609,0.0
DK03_to_DB02#alt1,1,bwd,13,3200.0,4700.0,0.2211,0.0
DK03_to_DB02#alt1,1,bwd,14,3250.0,4750.0,0.2636,0.0
DK03_to_DB02#alt1,1,bwd,15,3300.0,4800.0,0.3114,0.0
DK03_to_DB02#alt1,1,bwd,16,3350.0,4850.0,0.3679,0.0
DK03_to_DB02#alt1,1,bwd,17,3400.0,4900.0,0.4275,0.0
DK03_to_DB02#alt1,1,bwd,18,3450.0,4933.33,0.4746,0.0
DK03_to_DB02#alt1,1,bwd,19,3500.0,4950.0,0.5483,0.0
DK03_to_DB02#alt1,1,bwd,20,3550.0,4950.0,0.6241,0.0
DK03_to_DB02#alt1,1,bwd,21,3600.0,4950.0,0.6889,0.0
DK03_to_DB02#alt1,1,bwd,22,3650.0,4950.0,0.7165,0.0
DK03_to_DB02#alt1,1,bwd,23,3700.0,4950.0,0.7165,0.0
DK03_to_DB02#alt1,1,bwd,24,3750.0,4933.33,0.6889,0.0
DK03_to_DB02#alt1,1,bwd,25,3800.0,4900.0,0.6889,0.0
DK03_to_DB02#alt1,1,bwd,26,3850.0,4850.0,0.6065,0.0
DK03_to_DB02#alt1,1,bwd,27,3900.0,4800.0,0.5134,0.0
DK03_to_DB02#alt1,1,bwd,28,3950.0,4750.0,0.4346,0.0
DK03_to_DB02#alt1,1,bwd,29,4000.0,4700.0,0.3628,0.0
DK03_to_DB02#alt1,1,bwd,30,4050.0,4650.0,0.2972,0.0
DK03_to_DB02#alt1,1,bwd,31,4100.0,4600.0,0.2407,0.0
DK03_to_DB02#alt1,1,bwd,32,4150.0,4550.0,0.2231,0.0
DK03_to_DB02#alt1,1,bwd,33,4200.0,4500.0,0.2636,0.0
DK03_to_DB02#alt1,1,bwd,34,4250.0,4450.0,0.3077,0.0
DK03_to_DB02#alt1,1,bwd,35,4300.0,4400.0,0.3485,0.0
DK03_to_DB02#alt1,1,bwd,36,4350.0,4350.0,0.3784,0.0
DK03_to_DB02#alt1,1,bwd,37,4400.0,4300.0,0.3895,0.0
DK03_to_DB02#alt1,1,bwd,38,4450.0,4250.0,0.3895,0.0
DK03_to_DB02#alt1,1,bwd,39,4500.0,4200.0,0.3784,0.0
DK03_to_DB02#alt1,1,bwd,40,4550.0,4150.0,0.3485,0.0
DK03_to_DB02#alt1,1,bwd,41,4600.0,4100.0,0.3077,0.0
DK03_to_DB02#alt1,1,bwd,42,4650.0,4050.0,0.2636,0.0
DK03_to_DB02#alt1,1,bwd,43,4700.0,4000.0,0.2211,0.0
DK03_to_DB02#alt1,1,bwd,44,4750.0,3950.0,0.1827,0.0
DK03_to_DB02#alt1,1,bwd,45,4783.33,3900.0,0.1495,0.0
DK03_to_DB02#alt1,1,bwd,46,4783.33,3850.0,0.1422,0.0
DK03_to_DB02#alt1,1,bwd,47,4766.67,3800.0,0.1551,0.0
DK03_to_DB02#alt1,1,bwd,48,4750.0,3750.0,0.1432,0.0
DK03_to_DB02#alt1,1,bwd,49,4750.0,3700.0,0.1308,0.0
DK03_to_DB02#alt1,1,bwd,50,4750.0,3650.0,0.1183,0.0
DK03_to_DB02#alt1,1,bwd,51,4750.0,3600.0,0.1062,0.0
DK03_to_DB02#alt1,1,bwd,52,4750.0,3550.0,0.0947,0.0
DK03_to_DB02#alt1,1,bwd,53,4750.0,3500.0,0.0839,0.0
DK03_to_DB02#alt1,1,bwd,54,4750.0,3450.0,0.0748,0.0
DK03_to_DB02#alt1,1,bwd,55,4750.0,3400.0,0.0663,0.0
DK03_to_DB02#alt1,1,bwd,56,4750.0,3350.0,0.0585,0.0
DK03_to_DB02#alt1,1,bwd,57,4750.0,3300.0,0.0514,0.0
DK03_to_DB02#alt1,1,bwd,58,4750.0,3250.0,0.0467,0.0
DK03_to_DB02#alt1,1,bwd,59,4750.0,3200.0,0.0544,0.0
DK03_to_DB02#alt1,1,bwd,60,4750.0,3150.0,0.0634,0.0
DK03_to_DB02#alt1,1,bwd,61,4750.0,3100.0,0.0736,0.0
DK03_to_DB02#alt1,1,bwd,62,4750.0,3050.0,0.0854,0.0
DK03_to_DB02#alt1,1,bwd,63,4750.0,3000.0,0.0987,0.0
DK03_to_DB02#alt1,1,bwd,64,4750.0,2950.0,0.1138,0.0
DK03_to_DB02#alt1,1,bwd,65,4750.0,2900.0,0.1308,0.0
DK03_to_DB02#alt1,1,bwd,66,4750.0,2850.0,0.1495,0.0
DK03_to_DB02#alt1,1,bwd,67,4750.0,2800.0,0.17,0.0
DK03_to_DB02#alt1,1,bwd,68,4750.0,2750.0,0.1921,0.0
DK03_to_DB02#alt1,1,bwd,69,4750.0,2700.0,0.2151,0.0
DK03_to_DB02#alt1,1,bwd,70,4750.0,2650.0,0.2431,0.0
DK03_to_DB02#alt1,1,bwd,71,4750.0,2600.0,0.2721,0.0
DK03_to_DB02#alt1,1,bwd,72,4750.0,2550.0,0.3006,0.0
DK03_to_DB02#alt1,1,bwd,73,4750.0,2500.0,0.3269,0.0
DK03_to_DB02#alt1,1,bwd,74,4750.0,2450.0,0.3485,0.0
DK03_to_DB02#alt1,1,bwd,75,4750.0,2400.0,0.3628,0.0
DK03_to_DB02#alt1,1,bwd,76,4750.0,2350.0,0.3679,0.0
DK03_to_DB02#alt1,1,bwd,77,4750.0,2300.0,0.3679,0.0
DK03_to_DB02#alt1,1,bwd,78,4750.0,2250.0,0.3679,0.0
DK03_to_DB02#alt1,1,bwd,79,4750.0,2200.0,0.3628,0.0
DK03_to_DB02#alt1,1,bwd,80,4750.0,2150.0,0.3485,0.0
DK03_to_DB02#alt1,1,bwd,81,4733.33,2100.0,0.3269,0.0
DK03_to_DB02#alt1,1,bwd,82,4700.0,2050.0,0.344,0.0
DK03_to_DB02#alt1,1,bwd,83,4650.0,2000.0,0.344,0.0
DK03_to_DB02#alt1,1,bwd,84,4600.0,1950.0,0.344,0.0
DK03_to_DB02#alt1,1,bwd,85,4550.0,1900.0,0.344,0.0
DK03_to_DB02#alt1,1,bwd,86,4500.0,1850.0,0.3269,0.0
DK03_to_DB02#alt1,1,bwd,87,4466.67,1800.0,0.2972,0.0
DK03_to_DB02#alt1,1,bwd,88,4450.0,1750.0,0.253,0.0
DK03_to_DB02#alt1,1,bwd,89,4450.0,1700.0,0.2151,0.0
DK03_to_DB02#alt1,1,bwd,90,4450.0,1650.0,0.1827,0.0
DK03_to_DB02#alt1,1,bwd,91,4450.0,1600.0,0.1551,0.0
DK03_to_DB02#alt1,1,bwd,92,4450.0,1550.0,0.1317,0.0
DK03_to_DB02#alt1,1,bwd,93,4450.0,1500.0,0.1432,0.0
DK03_to_DB02#alt1,1,bwd,94,4450.0,1450.0,0.1551,0.0
DK03_to_DB02#alt1,1,bwd,95,4450.0,1400.0,0.1661,0.0
DK03_to_DB02#alt1,1,bwd,96,4450.0,1350.0,0.1755,0.0
DK03_to_DB02#alt1,1,bwd,97,4450.0,1300.0,0.1827,0.0
DK03_to_DB02#alt1,1,bwd,98,4450.0,1250.0,0.1873,0.0
DK03_to_DB02#alt1,1,bwd,99,4450.0,1200.0,0.1937,0.0
DK03_to_DB02#alt1,1,bwd,100,4450.0,1150.0,0.2057,0.0
DK03_to_DB02#alt1,1,bwd,101,4450.0,1100.0,0.2151,0.0
DK03_to_DB02#alt1,1,bwd,102,4450.0,1050.0,0.2211,0.0
DK03_to_DB02#alt1,1,bwd,103,4450.0,1000.0,0.2231,0.0
DK03_to_DB02#alt1,1,bwd,104,4450.0,950.0,0.2231,0.0
DK03_to_DB02#alt1,1,bwd,105,4450.0,900.0,0.2384,0.0
DK03_to_DB02#alt1,1,bwd,106,4450.0,850.0,0.2609,0.0
DK03_to_DB02#alt1,1,bwd,107,4433.33,800.0,0.281,0.0
DK03_to_DB02#alt1,1,bwd,108,4400.0,750.0,0.3485,0.0
DK03_to_DB02#alt1,1,bwd,109,4350.0,700.0,0.4275,0.0
DK03_to_DB02#alt1,1,bwd,110,4316.67,650.0,0.5134,0.0
DK03_to_DB02#alt1,1,bwd,111,4283.33,600.0,0.5134,0.0
DK03_to_DB02#alt1,1,bwd,112,4266.67,550.0,0.6065,0.0
DK03_to_DB02#alt1,1,bwd,113,4233.33,500.0,0.6065,0.0
DK03_to_DB02#alt1,1,bwd,114,4200.0,450.0,0.6889,0.0
DK03_to_DB02#alt1,1,bwd,115,4150.0,400.0,0.6889,0.0
DK03_to_DB02#alt1,1,bwd,116,4100.0,350.0,0.6889,0.0
DK03_to_DB02#alt1,1,bwd,117,4050.0,300.0,0.6889,0.0
DK03_to_DB02#alt1,1,bwd,118,4000.0,266.67,0.6065,0.0
DK03_to_DB02#alt1,1,bwd,119,3950.0,250.0,0.6065,0.0
DK03_to_DB02#alt1,1,bwd,120,3900.0,250.0,0.6065,0.0
DK03_to_DB02#alt1,1,bwd,121,3850.0,233.33,0.6065,0.0
DK03_to_DB02#alt1,1,bwd,122,3800.0,200.0,0.5134,0.0
DK03_to_DB02#alt1,1,bwd,123,3750.0,183.33,0.503,0.0
DK03_to_DB02#alt1,1,bwd,124,3700.0,183.33,0.4746,0.0
DK03_to_DB02#alt1,1,bwd,125,3650.0,200.0,0.4346,0.0
DK03_to_DB02#alt1,1,bwd,126,3600.0,200.0,0.3895,0.0
DK03_to_DB02#alt1,1,bwd,127,3550.0,200.0,0.344,0.0
DK03_to_DB02#alt1,1,bwd,128,3500.0,200.0,0.3077,0.0
DK03_to_DB02#alt1,1,bwd,129,3450.0,200.0,0.2721,0.0
DK03_to_DB02#alt1,1,bwd,130,3400.0,200.0,0.2384,0.0
DK03_to_DB02#alt1,1,bwd,131,3350.0,200.0,0.2076,0.0
DK03_to_DB02#alt1,1,bwd,132,3300.0,200.0,0.1798,0.0
DK03_to_DB02#alt1,1,bwd,133,3250.0,216.67,0.1551,0.0
DK03_to_DB02#alt1,1,bwd,134,3200.0,233.33,0.1422,0.0
DK03_to_DB02#alt1,1,bwd,135,3150.0,250.0,0.1215,0.0
DK03_to_DB02#alt1,1,bwd,136,3100.0,250.0,0.1036,0.0
DK03_to_DB02#alt1,1,bwd,137,3050.0,250.0,0.0883,0.0
DK03_to_DB02#alt1,1,bwd,138,3000.0,266.67,0.0821,0.0
DK03_to_DB02#alt1,1,bwd,139,2950.0,283.33,0.1036,0.0
DK03_to_DB02#alt1,1,bwd,140,2900.0,316.67,0.1138,0.0
DK03_to_DB02#alt1,1,bwd,141,2850.0,333.33,0.1432,0.0
DK03_to_DB02#alt1,1,bwd,142,2800.0,333.33,0.1551,0.0
DK03_to_DB02#alt1,1,bwd,143,2750.0,316.67,0.1432,0.0
DK03_to_DB02#alt1,1,bwd,144,2700.0,300.0,0.1551,0.0
DK03_to_DB02#alt1,1,bwd,145,2650.0,300.0,0.1661,0.0
DK03_to_DB02#alt1,1,bwd,146,2600.0,300.0,0.1755,0.0
DK03_to_DB02#alt1,1,bwd,147,2550.0,283.33,0.1827,0.0
DK03_to_DB02#alt1,1,bwd,148,2500.0,266.67,0.1587,0.0
DK03_to_DB02#alt1,1,bwd,149,2450.0,250.0,0.1599,0.0
DK03_to_DB02#alt1,1,bwd,150,2400.0,266.67,0.1599,0.0
DK03_to_DB02#alt1,1,bwd,151,2350.0,283.33,0.1889,0.0
DK03_to_DB02#alt1,1,bwd,152,2300.0,316.67,0.1873,0.0
DK03_to_DB02#alt1,1,bwd,153,2250.0,350.0,0.2151,0.0
DK03_to_DB02#alt1,1,bwd,154,2200.0,400.0,0.2407,0.0
DK03_to_DB02#alt1,1,bwd,155,2166.67,450.0,0.2609,0.0
DK03_to_DB02#alt1,1,bwd,156,2150.0,500.0,0.3006,0.0
DK03_to_DB02#alt1,1,bwd,157,2150.0,550.0,0.3485,0.0
DK03_to_DB02#alt1,1,bwd,158,2150.0,600.0,0.4076,0.0
DB02_to_DK03#alt2,2,fwd,0,2150.0,600.0,0.4076,0.0
DB02_to_DK03#alt2,2,fwd,1,2200.0,550.0,0.3784,0.0
DB02_to_DK03#alt2,2,fwd,2,2250.0,500.0,0.3485,0.0
DB02_to_DK03#alt2,2,fwd,3,2300.0,450.0,0.3077,0.0
DB02_to_DK03#alt2,2,fwd,4,2350.0,416.67,0.2636,0.0
DB02_to_DK03#alt2,2,fwd,5,2400.0,383.33,0.2636,0.0
DB02_to_DK03#alt2,2,fwd,6,2450.0,383.33,0.2636,0.0
DB02_to_DK03#alt2,2,fwd,7,2500.0,366.67,0.2211,0.0
DB02_to_DK03#alt2,2,fwd,8,2550.0,383.33,0.253,0.0
DB02_to_DK03#alt2,2,fwd,9,2600.0,400.0,0.2407,0.0
DB02_to_DK03#alt2,2,fwd,10,2650.0,433.33,0.2609,0.0
DB02_to_DK03#alt2,2,fwd,11,2700.0,450.0,0.2407,0.0
DB02_to_DK03#alt2,2,fwd,12,2750.0,466.67,0.2252,0.0
DB02_to_DK03#alt2,2,fwd,13,2800.0,500.0,0.2384,0.0
DB02_to_DK03#alt2,2,fwd,14,2850.0,533.33,0.2431,0.0
DB02_to_DK03#alt2,2,fwd,15,2900.0,550.0,0.2151,0.0
DB02_to_DK03#alt2,2,fwd,16,2950.0,550.0,0.1921,0.0
DB02_to_DK03#alt2,2,fwd,17,3000.0,550.0,0.17,0.0
DB02_to_DK03#alt2,2,fwd,18,3050.0,550.0,0.1495,0.0
DB02_to_DK03#alt2,2,fwd,19,3100.0,550.0,0.1344,0.0
DB02_to_DK03#alt2,2,fwd,20,3150.0,550.0,0.1517,0.0
DB02_to_DK03#alt2,2,fwd,21,3200.0,550.0,0.17,0.0
DB02_to_DK03#alt2,2,fwd,22,3250.0,550.0,0.1921,0.0
DB02_to_DK03#alt2,2,fwd,23,3300.0,550.0,0.2231,0.0
DB02_to_DK03#alt2,2,fwd,24,3350.0,533.33,0.2636,0.0
DB02_to_DK03#alt2,2,fwd,25,3400.0,516.67,0.3114,0.0
DB02_to_DK03#alt2,2,fwd,26,3450.0,500.0,0.3679,0.0
DB02_to_DK03#alt2,2,fwd,27,3500.0,500.0,0.4346,0.0
DB02_to_DK03#alt2,2,fwd,28,3550.0,483.33,0.5134,0.0
DB02_to_DK03#alt2,2,fwd,29,3600.0,450.0,0.6065,0.0
DB02_to_DK03#alt2,2,fwd,30,3650.0,400.0,0.6889,0.0
DB02_to_DK03#alt2,2,fwd,31,3700.0,350.0,0.6889,0.0
DB02_to_DK03#alt2,2,fwd,32,3750.0,316.67,0.6889,0.0
DB02_to_DK03#alt2,2,fwd,33,3800.0,283.33,0.7165,0.0
DB02_to_DK03#alt2,2,fwd,34,3850.0,250.0,0.6065,0.0
DB02_to_DK03#alt2,2,fwd,35,3900.0,200.0,0.5134,0.0
DB02_to_DK03#alt2,2,fwd,36,3950.0,166.67,0.4346,0.0
DB02_to_DK03#alt2,2,fwd,37,4000.0,150.0,0.4346,0.0
DB02_to_DK03#alt2,2,fwd,38,4050.0,166.67,0.4275,0.0
DB02_to_DK03#alt2,2,fwd,39,4100.0,183.33,0.4746,0.0
DB02_to_DK03#alt2,2,fwd,40,4150.0,200.0,0.4346,0.0
DB02_to_DK03#alt2,2,fwd,41,4200.0,200.0,0.3895,0.0
DB02_to_DK03#alt2,2,fwd,42,4250.0,183.33,0.344,0.0
DB02_to_DK03#alt2,2,fwd,43,4300.0,166.67,0.2721,0.0
DB02_to_DK03#alt2,2,fwd,44,4350.0,133.33,0.2431,0.0
DB02_to_DK03#alt2,2,fwd,45,4400.0,100.0,0.1921,0.0
DB02_to_DK03#alt2,2,fwd,46,4450.0,66.67,0.1517,0.0
DB02_to_DK03#alt2,2,fwd,47,4500.0,50.0,0.1344,0.0
DB02_to_DK03#alt2,2,fwd,48,4550.0,50.0,0.1199,0.0
DB02_to_DK03#alt2,2,fwd,49,4600.0,66.67,0.1062,0.0
DB02_to_DK03#alt2,2,fwd,50,4650.0,100.0,0.1036,0.0
DB02_to_DK03#alt2,2,fwd,51,4700.0,150.0,0.0987,0.0
DB02_to_DK03#alt2,2,fwd,52,4750.0,200.0,0.092,0.0
DB02_to_DK03#alt2,2,fwd,53,4800.0,250.0,0.0839,0.0
DB02_to_DK03#alt2,2,fwd,54,4850.0,300.0,0.0752,0.0
DB02_to_DK03#alt2,2,fwd,55,4900.0,350.0,0.0663,0.0
DB02_to_DK03#alt2,2,fwd,56,4933.33,400.0,0.0577,0.0
DB02_to_DK03#alt2,2,fwd,57,4950.0,450.0,0.0585,0.0
DB02_to_DK03#alt2,2,fwd,58,4950.0,500.0,0.0588,0.0
DB02_to_DK03#alt2,2,fwd,59,4950.0,550.0,0.0588,0.0
DB02_to_DK03#alt2,2,fwd,60,4950.0,600.0,0.0588,0.0
DB02_to_DK03#alt2,2,fwd,61,4950.0,650.0,0.0588,0.0
DB02_to_DK03#alt2,2,fwd,62,4950.0,700.0,0.0585,0.0
DB02_to_DK03#alt2,2,fwd,63,4950.0,750.0,0.0577,0.0
DB02_to_DK03#alt2,2,fwd,64,4950.0,800.0,0.0563,0.0
DB02_to_DK03#alt2,2,fwd,65,4950.0,850.0,0.0544,0.0
DB02_to_DK03#alt2,2,fwd,66,4950.0,900.0,0.0522,0.0
DB02_to_DK03#alt2,2,fwd,67,4950.0,950.0,0.0496,0.0
DB02_to_DK03#alt2,2,fwd,68,4950.0,1000.0,0.0467,0.0
DB02_to_DK03#alt2,2,fwd,69,4950.0,1050.0,0.0437,0.0
DB02_to_DK03#alt2,2,fwd,70,4950.0,1100.0,0.0414,0.0
DB02_to_DK03#alt2,2,fwd,71,4950.0,1150.0,0.0405,0.0
DB02_to_DK03#alt2,2,fwd,72,4950.0,1200.0,0.0393,0.0
DB02_to_DK03#alt2,2,fwd,73,4950.0,1250.0,0.0378,0.0
DB02_to_DK03#alt2,2,fwd,74,4950.0,1300.0,0.0361,0.0
DB02_to_DK03#alt2,2,fwd,75,4950.0,1350.0,0.0357,0.0
DB02_to_DK03#alt2,2,fwd,76,4950.0,1400.0,0.0407,0.0
DB02_to_DK03#alt2,2,fwd,77,4950.0,1450.0,0.0463,0.0
DB02_to_DK03#alt2,2,fwd,78,4950.0,1500.0,0.0524,0.0
DB02_to_DK03#alt2,2,fwd,79,4950.0,1550.0,0.0591,0.0
DB02_to_DK03#alt2,2,fwd,80,4950.0,1600.0,0.0663,0.0
DB02_to_DK03#alt2,2,fwd,81,4950.0,1650.0,0.0748,0.0
DB02_to_DK03#alt2,2,fwd,82,4950.0,1700.0,0.0839,0.0
DB02_to_DK03#alt2,2,fwd,83,4950.0,1750.0,0.0947,0.0
DB02_to_DK03#alt2,2,fwd,84,4950.0,1800.0,0.1062,0.0
DB02_to_DK03#alt2,2,fwd,85,4950.0,1850.0,0.1183,0.0
DB02_to_DK03#alt2,2,fwd,86,4950.0,1900.0,0.1308,0.0
DB02_to_DK03#alt2,2,fwd,87,4950.0,1950.0,0.1432,0.0
DB02_to_DK03#alt2,2,fwd,88,4950.0,2000.0,0.1551,0.0
DB02_to_DK03#alt2,2,fwd,89,4950.0,2050.0,0.1661,0.0
DB02_to_DK03#alt2,2,fwd,90,4950.0,2100.0,0.1755,0.0
DB02_to_DK03#alt2,2,fwd,91,4950.0,2150.0,0.1827,0.0
DB02_to_DK03#alt2,2,fwd,92,4950.0,2200.0,0.1873,0.0
DB02_to_DK03#alt2,2,fwd,93,4950.0,2250.0,0.1889,0.0
DB02_to_DK03#alt2,2,fwd,94,4950.0,2300.0,0.1889,0.0
DB02_to_DK03#alt2,2,fwd,95,4933.33,2350.0,0.1889,0.0
DB02_to_DK03#alt2,2,fwd,96,4916.67,2400.0,0.2211,0.0
DB02_to_DK03#alt2,2,fwd,97,4900.0,2450.0,0.2151,0.0
DB02_to_DK03#alt2,2,fwd,98,4900.0,2500.0,0.2057,0.0
DB02_to_DK03#alt2,2,fwd,99,4900.0,2550.0,0.1937,0.0
DB02_to_DK03#alt2,2,fwd,100,4900.0,2600.0,0.1798,0.0
DB02_to_DK03#alt2,2,fwd,101,4900.0,2650.0,0.1648,0.0
DB02_to_DK03#alt2,2,fwd,102,4900.0,2700.0,0.1495,0.0
DB02_to_DK03#alt2,2,fwd,103,4900.0,2750.0,0.1344,0.0
DB02_to_DK03#alt2,2,fwd,104,4900.0,2800.0,0.1199,0.0
DB02_to_DK03#alt2,2,fwd,105,4900.0,2850.0,0.1062,0.0
DB02_to_DK03#alt2,2,fwd,106,4900.0,2900.0,0.0947,0.0
DB02_to_DK03#alt2,2,fwd,107,4900.0,2950.0,0.0839,0.0
DB02_to_DK03#alt2,2,fwd,108,4900.0,3000.0,0.074,0.0
DB02_to_DK03#alt2,2,fwd,109,4900.0,3050.0,0.065,0.0
DB02_to_DK03#alt2,2,fwd,110,4900.0,3100.0,0.0568,0.0
DB02_to_DK03#alt2,2,fwd,111,4900.0,3150.0,0.0496,0.0
DB02_to_DK03#alt2,2,fwd,112,4900.0,3200.0,0.0431,0.0
DB02_to_DK03#alt2,2,fwd,113,4900.0,3250.0,0.0374,0.0
DB02_to_DK03#alt2,2,fwd,114,4900.0,3300.0,0.0369,0.0
DB02_to_DK03#alt2,2,fwd,115,4900.0,3350.0,0.0414,0.0
DB02_to_DK03#alt2,2,fwd,116,4900.0,3400.0,0.0467,0.0
DB02_to_DK03#alt2,2,fwd,117,4900.0,3450.0,0.0524,0.0
DB02_to_DK03#alt2,2,fwd,118,4900.0,3500.0,0.0585,0.0
DB02_to_DK03#alt2,2,fwd,119,4900.0,3550.0,0.065,0.0
DB02_to_DK03#alt2,2,fwd,120,4900.0,3600.0,0.0717,0.0
DB02_to_DK03#alt2,2,fwd,121,4900.0,3650.0,0.0785,0.0
DB02_to_DK03#alt2,2,fwd,122,4900.0,3700.0,0.0854,0.0
DB02_to_DK03#alt2,2,fwd,123,4900.0,3750.0,0.092,0.0
DB02_to_DK03#alt2,2,fwd,124,4900.0,3800.0,0.0981,0.0
DB02_to_DK03#alt2,2,fwd,125,4900.0,3850.0,0.1036,0.0
DB02_to_DK03#alt2,2,fwd,126,4900.0,3900.0,0.1082,0.0
DB02_to_DK03#alt2,2,fwd,127,4883.33,3950.0,0.1117,0.0
DB02_to_DK03#alt2,2,fwd,128,4850.0,4000.0,0.1344,0.0
DB02_to_DK03#alt2,2,fwd,129,4800.0,4050.0,0.1599,0.0
DB02_to_DK03#alt2,2,fwd,130,4750.0,4100.0,0.1873,0.0
DB02_to_DK03#alt2,2,fwd,131,4700.0,4150.0,0.2151,0.0
DB02_to_DK03#alt2,2,fwd,132,4650.0,4200.0,0.2407,0.0
DB02_to_DK03#alt2,2,fwd,133,4600.0,4250.0,0.2609,0.0
DB02_to_DK03#alt2,2,fwd,134,4550.0,4300.0,0.2721,0.0
DB02_to_DK03#alt2,2,fwd,135,4500.0,4350.0,0.2721,0.0
DB02_to_DK03#alt2,2,fwd,136,4450.0,4400.0,0.2721,0.0
DB02_to_DK03#alt2,2,fwd,137,4400.0,4450.0,0.2609,0.0
DB02_to_DK03#alt2,2,fwd,138,4350.0,4500.0,0.2407,0.0
DB02_to_DK03#alt2,2,fwd,139,4300.0,4550.0,0.2151,0.0
DB02_to_DK03#alt2,2,fwd,140,4250.0,4600.0,0.1873,0.0
DB02_to_DK03#alt2,2,fwd,141,4200.0,4650.0,0.1827,0.0
DB02_to_DK03#alt2,2,fwd,142,4150.0,4666.67,0.2151,0.0
DB02_to_DK03#alt2,2,fwd,143,4100.0,4650.0,0.253,0.0
DB02_to_DK03#alt2,2,fwd,144,4050.0,4600.0,0.281,0.0
DB02_to_DK03#alt2,2,fwd,145,4000.0,4550.0,0.3077,0.0
DB02_to_DK03#alt2,2,fwd,146,3950.0,4516.67,0.3895,0.0
DB02_to_DK03#alt2,2,fwd,147,3900.0,4500.0,0.4346,0.0
DB02_to_DK03#alt2,2,fwd,148,3850.0,4500.0,0.4931,0.0
DB02_to_DK03#alt2,2,fwd,149,3800.0,4500.0,0.5483,0.0
DB02_to_DK03#alt2,2,fwd,150,3750.0,4500.0,0.6241,0.0
DB02_to_DK03#alt2,2,fwd,151,3700.0,4500.0,0.6889,0.0
DB02_to_DK03#alt2,2,fwd,152,3650.0,4500.0,0.7165,0.0
DB02_to_DK03#alt2,2,fwd,153,3600.0,4500.0,0.7165,0.0
DB02_to_DK03#alt2,2,fwd,154,3550.0,4483.33,0.6889,0.0
DB02_to_DK03#alt2,2,fwd,155,3500.0,4466.67,0.7165,0.0
DB02_to_DK03#alt2,2,fwd,156,3450.0,4433.33,0.6889,0.0
DB02_to_DK03#alt2,2,fwd,157,3400.0,4400.0,0.6889,0.0
DB02_to_DK03#alt2,2,fwd,158,3350.0,4366.67,0.6889,0.0
DB02_to_DK03#alt2,2,fwd,159,3300.0,4350.0,0.5903,0.0
DB02_to_DK03#alt2,2,fwd,160,3250.0,4350.0,0.5483,0.0
DB02_to_DK03#alt2,2,fwd,161,3200.0,4350.0,0.6241,0.0
DB02_to_DK03#alt2,2,fwd,162,3150.0,4350.0,0.6889,0.0
DB02_to_DK03#alt2,2,fwd,163,3100.0,4350.0,0.7165,0.0
DB02_to_DK03#alt2,2,fwd,164,3050.0,4350.0,0.7165,0.0
DB02_to_DK03#alt2,2,fwd,165,3000.0,4350.0,0.7165,0.0
DB02_to_DK03#alt2,2,fwd,166,2950.0,4333.33,0.6889,0.0
DB02_to_DK03#alt2,2,fwd,167,2900.0,4300.0,0.6889,0.0
DB02_to_DK03#alt2,2,fwd,168,2850.0,4250.0,0.6241,0.0
DB02_to_DK03#alt2,2,fwd,169,2800.0,4200.0,0.5903,0.0
DB02_to_DK03#alt2,2,fwd,170,2750.0,4166.67,0.5134,0.0
DB02_to_DK03#alt2,2,fwd,171,2700.0,4133.33,0.4346,0.0
DB02_to_DK03#alt2,2,fwd,172,2650.0,4100.0,0.3784,0.0
DB02_to_DK03#alt2,2,fwd,173,2600.0,4066.67,0.3485,0.0
DB02_to_DK03#alt2,2,fwd,174,2550.0,4050.0,0.3628,0.0
DK03_to_DB02#alt2,2,bwd,0,2550.0,4050.0,0.3628,0.0
DK03_to_DB02#alt2,2,bwd,1,2583.33,4100.0,0.4076,0.0
DK03_to_DB02#alt2,2,bwd,2,2616.67,4150.0,0.4746,0.0
DK03_to_DB02#alt2,2,bwd,3,2650.0,4200.0,0.4931,0.0
DK03_to_DB02#alt2,2,bwd,4,2700.0,4250.0,0.4931,0.0
DK03_to_DB02#alt2,2,bwd,5,2750.0,4300.0,0.4746,0.0
DK03_to_DB02#alt2,2,bwd,6,2800.0,4350.0,0.4746,0.0
DK03_to_DB02#alt2,2,bwd,7,2850.0,4400.0,0.4931,0.0
DK03_to_DB02#alt2,2,bwd,8,2900.0,4433.33,0.4746,0.0
DK03_to_DB02#alt2,2,bwd,9,2950.0,4450.0,0.503,0.0
DK03_to_DB02#alt2,2,bwd,10,3000.0,4466.67,0.5134,0.0
DK03_to_DB02#alt2,2,bwd,11,3050.0,4500.0,0.4346,0.0
DK03_to_DB02#alt2,2,bwd,12,3100.0,4516.67,0.4346,0.0
DK03_to_DB02#alt2,2,bwd,13,3150.0,4533.33,0.3628,0.0
DK03_to_DB02#alt2,2,bwd,14,3200.0,4550.0,0.3485,0.0
DK03_to_DB02#alt2,2,bwd,15,3250.0,4600.0,0.3077,0.0
DK03_to_DB02#alt2,2,bwd,16,3300.0,4650.0,0.3006,0.0
DK03_to_DB02#alt2,2,bwd,17,3350.0,4666.67,0.3485,0.0
DK03_to_DB02#alt2,2,bwd,18,3400.0,4650.0,0.4076,0.0
DK03_to_DB02#alt2,2,bwd,19,3450.0,4616.67,0.4346,0.0
DK03_to_DB02#alt2,2,bwd,20,3500.0,4600.0,0.4931,0.0
DK03_to_DB02#alt2,2,bwd,21,3550.0,4600.0,0.5483,0.0
DK03_to_DB02#alt2,2,bwd,22,3600.0,4600.0,0.5903,0.0
DK03_to_DB02#alt2,2,bwd,23,3650.0,4583.33,0.6065,0.0
DK03_to_DB02#alt2,2,bwd,24,3700.0,4550.0,0.5903,0.0
DK03_to_DB02#alt2,2,bwd,25,3750.0,4500.0,0.6241,0.0
DK03_to_DB02#alt2,2,bwd,26,3800.0,4450.0,0.6241,0.0
DK03_to_DB02#alt2,2,bwd,27,3833.33,4400.0,0.6241,0.0
DK03_to_DB02#alt2,2,bwd,28,3850.0,4350.0,0.6889,0.0
DK03_to_DB02#alt2,2,bwd,29,3850.0,4300.0,0.7165,0.0
DK03_to_DB02#alt2,2,bwd,30,3850.0,4250.0,0.7165,0.0
DK03_to_DB02#alt2,2,bwd,31,3850.0,4200.0,0.7165,0.0
DK03_to_DB02#alt2,2,bwd,32,3850.0,4150.0,0.7165,0.0
DK03_to_DB02#alt2,2,bwd,33,3850.0,4100.0,0.7165,0.0
DK03_to_DB02#alt2,2,bwd,34,3866.67,4050.0,0.6889,0.0
DK03_to_DB02#alt2,2,bwd,35,3900.0,4000.0,0.5483,0.0
DK03_to_DB02#alt2,2,bwd,36,3950.0,3950.0,0.5483,0.0
DK03_to_DB02#alt2,2,bwd,37,4000.0,3900.0,0.5483,0.0
DK03_to_DB02#alt2,2,bwd,38,4050.0,3850.0,0.5483,0.0
DK03_to_DB02#alt2,2,bwd,39,4100.0,3800.0,0.503,0.0
DK03_to_DB02#alt2,2,bwd,40,4150.0,3750.0,0.4346,0.0
DK03_to_DB02#alt2,2,bwd,41,4200.0,3700.0,0.3679,0.0
DK03_to_DB02#alt2,2,bwd,42,4250.0,3650.0,0.3077,0.0
DK03_to_DB02#alt2,2,bwd,43,4300.0,3600.0,0.253,0.0
DK03_to_DB02#alt2,2,bwd,44,4350.0,3550.0,0.2057,0.0
DK03_to_DB02#alt2,2,bwd,45,4400.0,3500.0,0.1661,0.0
DK03_to_DB02#alt2,2,bwd,46,4433.33,3450.0,0.1335,0.0
DK03_to_DB02#alt2,2,bwd,47,4450.0,3400.0,0.1146,0.0
DK03_to_DB02#alt2,2,bwd,48,4450.0,3350.0,0.0981,0.0
DK03_to_DB02#alt2,2,bwd,49,4450.0,3300.0,0.0839,0.0
DK03_to_DB02#alt2,2,bwd,50,4450.0,3250.0,0.0717,0.0
DK03_to_DB02#alt2,2,bwd,51,4450.0,3200.0,0.0691,0.0
DK03_to_DB02#alt2,2,bwd,52,4450.0,3150.0,0.0816,0.0
DK03_to_DB02#alt2,2,bwd,53,4450.0,3100.0,0.0964,0.0
DK03_to_DB02#alt2,2,bwd,54,4450.0,3050.0,0.1138,0.0
DK03_to_DB02#alt2,2,bwd,55,4450.0,3000.0,0.1344,0.0
DK03_to_DB02#alt2,2,bwd,56,4450.0,2950.0,0.1587,0.0
DK03_to_DB02#alt2,2,bwd,57,4450.0,2900.0,0.1873,0.0
DK03_to_DB02#alt2,2,bwd,58,4433.33,2850.0,0.2211,0.0
DK03_to_DB02#alt2,2,bwd,59,4400.0,2800.0,0.2636,0.0
DK03_to_DB02#alt2,2,bwd,60,4350.0,2750.0,0.3114,0.0
DK03_to_DB02#alt2,2,bwd,61,4300.0,2700.0,0.3679,0.0
DK03_to_DB02#alt2,2,bwd,62,4250.0,2650.0,0.4275,0.0
DK03_to_DB02#alt2,2,bwd,63,4200.0,2600.0,0.4746,0.0
DK03_to_DB02#alt2,2,bwd,64,4150.0,2550.0,0.4931,0.0
DK03_to_DB02#alt2,2,bwd,65,4100.0,2500.0,0.4931,0.0
DK03_to_DB02#alt2,2,bwd,66,4066.67,2450.0,0.4746,0.0
DK03_to_DB02#alt2,2,bwd,67,4050.0,2400.0,0.503,0.0
DK03_to_DB02#alt2,2,bwd,68,4050.0,2350.0,0.5134,0.0
DK03_to_DB02#alt2,2,bwd,69,4066.67,2300.0,0.5134,0.0
DK03_to_DB02#alt2,2,bwd,70,4083.33,2250.0,0.6065,0.0
DK03_to_DB02#alt2,2,bwd,71,4100.0,2200.0,0.5903,0.0
DK03_to_DB02#alt2,2,bwd,72,4100.0,2150.0,0.5483,0.0
DK03_to_DB02#alt2,2,bwd,73,4100.0,2100.0,0.4931,0.0
DK03_to_DB02#alt2,2,bwd,74,4100.0,2050.0,0.4346,0.0
DK03_to_DB02#alt2,2,bwd,75,4100.0,2000.0,0.3895,0.0
DK03_to_DB02#alt2,2,bwd,76,4100.0,1950.0,0.344,0.0
DK03_to_DB02#alt2,2,bwd,77,4083.33,1900.0,0.3077,0.0
DK03_to_DB02#alt2,2,bwd,78,4050.0,1850.0,0.2431,0.0
DK03_to_DB02#alt2,2,bwd,79,4000.0,1800.0,0.2252,0.0
DK03_to_DB02#alt2,2,bwd,80,3950.0,1750.0,0.281,0.0
DK03_to_DB02#alt2,2,bwd,81,3916.67,1700.0,0.3485,0.0
DK03_to_DB02#alt2,2,bwd,82,3900.0,1650.0,0.4076,0.0
DK03_to_DB02#alt2,2,bwd,83,3883.33,1600.0,0.4746,0.0
DK03_to_DB02#alt2,2,bwd,84,3850.0,1566.67,0.5903,0.0
DK03_to_DB02#alt2,2,bwd,85,3800.0,1550.0,0.6241,0.0
DK03_to_DB02#alt2,2,bwd,86,3750.0,1550.0,0.6889,0.0
DK03_to_DB02#alt2,2,bwd,87,3700.0,1550.0,0.7165,0.0
DK03_to_DB02#alt2,2,bwd,88,3650.0,1533.33,0.6889,0.0
DK03_to_DB02#alt2,2,bwd,89,3600.0,1516.67,0.7165,0.0
DK03_to_DB02#alt2,2,bwd,90,3550.0,1483.33,0.6889,0.0
DK03_to_DB02#alt2,2,bwd,91,3500.0,1450.0,0.6889,0.0
DK03_to_DB02#alt2,2,bwd,92,3466.67,1400.0,0.6065,0.0
DK03_to_DB02#alt2,2,bwd,93,3450.0,1350.0,0.6065,0.0
DK03_to_DB02#alt2,2,bwd,94,3450.0,1300.0,0.6241,0.0
DK03_to_DB02#alt2,2,bwd,95,3450.0,1250.0,0.6889,0.0
DK03_to_DB02#alt2,2,bwd,96,3450.0,1200.0,0.7165,0.0
DK03_to_DB02#alt2,2,bwd,97,3450.0,1150.0,0.7165,0.0
DK03_to_DB02#alt2,2,bwd,98,3450.0,1100.0,0.7165,0.0
DK03_to_DB02#alt2,2,bwd,99,3450.0,1050.0,0.7165,0.0
DK03_to_DB02#alt2,2,bwd,100,3450.0,1000.0,0.7165,0.0
DK03_to_DB02#alt2,2,bwd,101,3433.33,950.0,0.7165,0.0
DK03_to_DB02#alt2,2,bwd,102,3400.0,900.0,0.5903,0.0
DK03_to_DB02#alt2,2,bwd,103,3350.0,850.0,0.4746,0.0
DK03_to_DB02#alt2,2,bwd,104,3300.0,800.0,0.3784,0.0
DK03_to_DB02#alt2,2,bwd,105,3250.0,750.0,0.3006,0.0
DK03_to_DB02#alt2,2,bwd,106,3200.0,700.0,0.2384,0.0
DK03_to_DB02#alt2,2,bwd,107,3150.0,666.67,0.1889,0.0
DK03_to_DB02#alt2,2,bwd,108,3100.0,650.0,0.1648,0.0
DK03_to_DB02#alt2,2,bwd,109,3050.0,633.33,0.1798,0.0
DK03_to_DB02#alt2,2,bwd,110,3000.0,600.0,0.1889,0.0
DK03_to_DB02#alt2,2,bwd,111,2950.0,550.0,0.1921,0.0
DK03_to_DB02#alt2,2,bwd,112,2900.0,500.0,0.1921,0.0
DK03_to_DB02#alt2,2,bwd,113,2850.0,450.0,0.1889,0.0
DK03_to_DB02#alt2,2,bwd,114,2800.0,400.0,0.1798,0.0
DK03_to_DB02#alt2,2,bwd,115,2750.0,350.0,0.1661,0.0
DK03_to_DB02#alt2,2,bwd,116,2700.0,300.0,0.1551,0.0
DK03_to_DB02#alt2,2,bwd,117,2650.0,250.0,0.1422,0.0
DK03_to_DB02#alt2,2,bwd,118,2600.0,200.0,0.1273,0.0
DK03_to_DB02#alt2,2,bwd,119,2550.0,166.67,0.1117,0.0
DK03_to_DB02#alt2,2,bwd,120,2500.0,150.0,0.1138,0.0
DK03_to_DB02#alt2,2,bwd,121,2450.0,150.0,0.1146,0.0
DK03_to_DB02#alt2,2,bwd,122,2400.0,150.0,0.1146,0.0
DK03_to_DB02#alt2,2,bwd,123,2350.0,166.67,0.1146,0.0
DK03_to_DB02#alt2,2,bwd,124,2300.0,200.0,0.1344,0.0
DK03_to_DB02#alt2,2,bwd,125,2250.0,250.0,0.1551,0.0
DK03_to_DB02#alt2,2,bwd,126,2200.0,300.0,0.1755,0.0
DK03_to_DB02#alt2,2,bwd,127,2166.67,350.0,0.1937,0.0
DK03_to_DB02#alt2,2,bwd,128,2150.0,400.0,0.2252,0.0
DK03_to_DB02#alt2,2,bwd,129,2150.0,450.0,0.2609,0.0
DK03_to_DB02#alt2,2,bwd,130,2150.0,500.0,0.3006,0.0
DK03_to_DB02#alt2,2,bwd,131,2150.0,550.0,0.3485,0.0
DK03_to_DB02#alt2,2,bwd,132,2150.0,600.0,0.4076,0.0
DB02_to_DK03#alt3,3,fwd,0,2150.0,600.0,0.4076,0.0
DB02_to_DK03#alt3,3,fwd,1,2100.0,650.0,0.4346,0.0
DB02_to_DK03#alt3,3,fwd,2,2050.0,700.0,0.4346,0.0
DB02_to_DK03#alt3,3,fwd,3,2000.0,750.0,0.4346,0.0
DB02_to_DK03#alt3,3,fwd,4,1966.67,800.0,0.4076,0.0
DB02_to_DK03#alt3,3,fwd,5,1933.33,850.0,0.4346,0.0
DB02_to_DK03#alt3,3,fwd,6,1916.67,900.0,0.4076,0.0
DB02_to_DK03#alt3,3,fwd,7,1883.33,950.0,0.4275,0.0
DB02_to_DK03#alt3,3,fwd,8,1850.0,1000.0,0.3784,0.0
DB02_to_DK03#alt3,3,fwd,9,1800.0,1050.0,0.4076,0.0
DB02_to_DK03#alt3,3,fwd,10,1766.67,1100.0,0.4346,0.0
DB02_to_DK03#alt3,3,fwd,11,1750.0,1150.0,0.4275,0.0
DB02_to_DK03#alt3,3,fwd,12,1750.0,1200.0,0.4076,0.0
DB02_to_DK03#alt3,3,fwd,13,1750.0,1250.0,0.3784,0.0
DB02_to_DK03#alt3,3,fwd,14,1750.0,1300.0,0.344,0.0
DB02_to_DK03#alt3,3,fwd,15,1750.0,1350.0,0.3077,0.0
DB02_to_DK03#alt3,3,fwd,16,1750.0,1400.0,0.281,0.0
DB02_to_DK03#alt3,3,fwd,17,1750.0,1450.0,0.2609,0.0
DB02_to_DK03#alt3,3,fwd,18,1750.0,1500.0,0.2384,0.0
DB02_to_DK03#alt3,3,fwd,19,1750.0,1550.0,0.2231,0.0
DB02_to_DK03#alt3,3,fwd,20,1750.0,1600.0,0.2211,0.0
DB02_to_DK03#alt3,3,fwd,21,1733.33,1650.0,0.2151,0.0
DB02_to_DK03#alt3,3,fwd,22,1716.67,1700.0,0.2609,0.0
DB02_to_DK03#alt3,3,fwd,23,1700.0,1750.0,0.3006,0.0
DB02_to_DK03#alt3,3,fwd,24,1700.0,1800.0,0.344,0.0
DB02_to_DK03#alt3,3,fwd,25,1700.0,1850.0,0.3895,0.0
DB02_to_DK03#alt3,3,fwd,26,1700.0,1900.0,0.4346,0.0
DB02_to_DK03#alt3,3,fwd,27,1683.33,1950.0,0.4931,0.0
DB02_to_DK03#alt3,3,fwd,28,1666.67,2000.0,0.6241,0.0
DB02_to_DK03#alt3,3,fwd,29,1650.0,2050.0,0.6889,0.0
DB02_to_DK03#alt3,3,fwd,30,1650.0,2100.0,0.7165,0.0
DB02_to_DK03#alt3,3,fwd,31,1650.0,2150.0,0.7165,0.0
DB02_to_DK03#alt3,3,fwd,32,1650.0,2200.0,0.7165,0.0
DB02_to_DK03#alt3,3,fwd,33,1650.0,2250.0,0.7165,0.0
DB02_to_DK03#alt3,3,fwd,34,1650.0,2300.0,0.7165,0.0
DB02_to_DK03#alt3,3,fwd,35,1650.0,2350.0,0.7165,0.0
DB02_to_DK03#alt3,3,fwd,36,1650.0,2400.0,0.6889,0.0
DB02_to_DK03#alt3,3,fwd,37,1600.0,2450.0,0.6889,0.0
DB02_to_DK03#alt3,3,fwd,38,1566.67,2500.0,0.6889,0.0
DB02_to_DK03#alt3,3,fwd,39,1550.0,2550.0,0.5903,0.0
DB02_to_DK03#alt3,3,fwd,40,1550.0,2600.0,0.503,0.0
DB02_to_DK03#alt3,3,fwd,41,1550.0,2650.0,0.4346,0.0
DB02_to_DK03#alt3,3,fwd,42,1550.0,2700.0,0.3784,0.0
DB02_to_DK03#alt3,3,fwd,43,1550.0,2750.0,0.3269,0.0
DB02_to_DK03#alt3,3,fwd,44,1533.33,2800.0,0.281,0.0
DB02_to_DK03#alt3,3,fwd,45,1516.67,2850.0,0.3077,0.0
DB02_to_DK03#alt3,3,fwd,46,1516.67,2900.0,0.3114,0.0
DB02_to_DK03#alt3,3,fwd,47,1550.0,2950.0,0.2636,0.0
DB02_to_DK03#alt3,3,fwd,48,1600.0,3000.0,0.2252,0.0
DB02_to_DK03#alt3,3,fwd,49,1633.33,3050.0,0.2384,0.0
DB02_to_DK03#alt3,3,fwd,50,1650.0,3100.0,0.2721,0.0
DB02_to_DK03#alt3,3,fwd,51,1650.0,3150.0,0.3077,0.0
DB02_to_DK03#alt3,3,fwd,52,1650.0,3200.0,0.344,0.0
DB02_to_DK03#alt3,3,fwd,53,1650.0,3250.0,0.3895,0.0
DB02_to_DK03#alt3,3,fwd,54,1666.67,3300.0,0.4346,0.0
DB02_to_DK03#alt3,3,fwd,55,1700.0,3350.0,0.4346,0.0
DB02_to_DK03#alt3,3,fwd,56,1750.0,3400.0,0.4346,0.0
DB02_to_DK03#alt3,3,fwd,57,1800.0,3450.0,0.4346,0.0
DB02_to_DK03#alt3,3,fwd,58,1850.0,3500.0,0.4076,0.0
DB02_to_DK03#alt3,3,fwd,59,1900.0,3550.0,0.3628,0.0
DB02_to_DK03#alt3,3,fwd,60,1950.0,3600.0,0.3269,0.0
DB02_to_DK03#alt3,3,fwd,61,2000.0,3650.0,0.3077,0.0
DB02_to_DK03#alt3,3,fwd,62,2050.0,3700.0,0.3485,0.0
DB02_to_DK03#alt3,3,fwd,63,2100.0,3750.0,0.3784,0.0
DB02_to_DK03#alt3,3,fwd,64,2150.0,3800.0,0.3895,0.0
DB02_to_DK03#alt3,3,fwd,65,2200.0,3850.0,0.3784,0.0
DB02_to_DK03#alt3,3,fwd,66,2250.0,3900.0,0.3485,0.0
DB02_to_DK03#alt3,3,fwd,67,2300.0,3950.0,0.3269,0.0
DB02_to_DK03#alt3,3,fwd,68,2350.0,4000.0,0.2972,0.0
DB02_to_DK03#alt3,3,fwd,69,2400.0,4033.33,0.3485,0.0
DB02_to_DK03#alt3,3,fwd,70,2450.0,4050.0,0.3628,0.0
DB02_to_DK03#alt3,3,fwd,71,2500.0,4050.0,0.3679,0.0
DB02_to_DK03#alt3,3,fwd,72,2550.0,4050.0,0.3628,0.0
DK03_to_DB02#alt3,3,bwd,0,2550.0,4050.0,0.3628,0.0
DK03_to_DB02#alt3,3,bwd,1,2500.0,4000.0,0.3114,0.0
DK03_to_DB02#alt3,3,bwd,2,2450.0,3950.0,0.2609,0.0
DK03_to_DB02#alt3,3,bwd,3,2400.0,3900.0,0.2252,0.0
DK03_to_DB02#alt3,3,bwd,4,2350.0,3850.0,0.2407,0.0
DK03_to_DB02#alt3,3,bwd,5,2300.0,3800.0,0.2609,0.0
DK03_to_DB02#alt3,3,bwd,6,2250.0,3750.0,0.2721,0.0
DK03_to_DB02#alt3,3,bwd,7,2200.0,3700.0,0.2721,0.0
DK03_to_DB02#alt3,3,bwd,8,2150.0,3650.0,0.2609,0.0
DK03_to_DB02#alt3,3,bwd,9,2100.0,3600.0,0.2407,0.0
DK03_to_DB02#alt3,3,bwd,10,2050.0,3550.0,0.2252,0.0
DK03_to_DB02#alt3,3,bwd,11,2000.0,3500.0,0.253,0.0
DK03_to_DB02#alt3,3,bwd,12,1950.0,3450.0,0.281,0.0
DK03_to_DB02#alt3,3,bwd,13,1900.0,3400.0,0.3006,0.0
DK03_to_DB02#alt3,3,bwd,14,1850.0,3350.0,0.3077,0.0
DK03_to_DB02#alt3,3,bwd,15,1800.0,3300.0,0.3077,0.0
DK03_to_DB02#alt3,3,bwd,16,1766.67,3250.0,0.3077,0.0
DK03_to_DB02#alt3,3,bwd,17,1750.0,3200.0,0.2721,0.0
DK03_to_DB02#alt3,3,bwd,18,1750.0,3150.0,0.2431,0.0
DK03_to_DB02#alt3,3,bwd,19,1750.0,3100.0,0.2151,0.0
DK03_to_DB02#alt3,3,bwd,20,1750.0,3050.0,0.1921,0.0
DK03_to_DB02#alt3,3,bwd,21,1733.33,3000.0,0.17,0.0
DK03_to_DB02#alt3,3,bwd,22,1716.67,2950.0,0.1648,0.0
DK03_to_DB02#alt3,3,bwd,23,1700.0,2900.0,0.1661,0.0
DK03_to_DB02#alt3,3,bwd,24,1700.0,2850.0,0.1937,0.0
DK03_to_DB02#alt3,3,bwd,25,1716.67,2800.0,0.2252,0.0
DK03_to_DB02#alt3,3,bwd,26,1733.33,2750.0,0.2384,0.0
DK03_to_DB02#alt3,3,bwd,27,1750.0,2700.0,0.2721,0.0
DK03_to_DB02#alt3,3,bwd,28,1750.0,2650.0,0.3077,0.0
DK03_to_DB02#alt3,3,bwd,29,1750.0,2600.0,0.344,0.0
DK03_to_DB02#alt3,3,bwd,30,1750.0,2550.0,0.3895,0.0
DK03_to_DB02#alt3,3,bwd,31,1750.0,2500.0,0.4346,0.0
DK03_to_DB02#alt3,3,bwd,32,1750.0,2450.0,0.4746,0.0
DK03_to_DB02#alt3,3,bwd,33,1750.0,2400.0,0.503,0.0
DK03_to_DB02#alt3,3,bwd,34,1750.0,2350.0,0.5134,0.0
DK03_to_DB02#alt3,3,bwd,35,1750.0,2300.0,0.5134,0.0
DK03_to_DB02#alt3,3,bwd,36,1766.67,2250.0,0.5134,0.0
DK03_to_DB02#alt3,3,bwd,37,1800.0,2200.0,0.4346,0.0
DK03_to_DB02#alt3,3,bwd,38,1833.33,2150.0,0.3679,0.0
DK03_to_DB02#alt3,3,bwd,39,1850.0,2100.0,0.3679,0.0
DK03_to_DB02#alt3,3,bwd,40,1850.0,2050.0,0.3628,0.0
DK03_to_DB02#alt3,3,bwd,41,1850.0,2000.0,0.3485,0.0
DK03_to_DB02#alt3,3,bwd,42,1833.33,1950.0,0.3269,0.0
DK03_to_DB02#alt3,3,bwd,43,1800.0,1900.0,0.344,0.0
DK03_to_DB02#alt3,3,bwd,44,1766.67,1850.0,0.344,0.0
DK03_to_DB02#alt3,3,bwd,45,1750.0,1800.0,0.3077,0.0
DK03_to_DB02#alt3,3,bwd,46,1733.33,1750.0,0.2721,0.0
DK03_to_DB02#alt3,3,bwd,47,1700.0,1700.0,0.2609,0.0
DK03_to_DB02#alt3,3,bwd,48,1666.67,1650.0,0.2407,0.0
DK03_to_DB02#alt3,3,bwd,49,1650.0,1600.0,0.2231,0.0
DK03_to_DB02#alt3,3,bwd,50,1650.0,1550.0,0.2431,0.0
DK03_to_DB02#alt3,3,bwd,51,1650.0,1500.0,0.2721,0.0
DK03_to_DB02#alt3,3,bwd,52,1650.0,1450.0,0.3077,0.0
DK03_to_DB02#alt3,3,bwd,53,1650.0,1400.0,0.344,0.0
DK03_to_DB02#alt3,3,bwd,54,1650.0,1350.0,0.3895,0.0
DK03_to_DB02#alt3,3,bwd,55,1650.0,1300.0,0.4346,0.0
DK03_to_DB02#alt3,3,bwd,56,1650.0,1250.0,0.4931,0.0
DK03_to_DB02#alt3,3,bwd,57,1650.0,1200.0,0.5483,0.0
DK03_to_DB02#alt3,3,bwd,58,1650.0,1150.0,0.5903,0.0
DK03_to_DB02#alt3,3,bwd,59,1650.0,1100.0,0.6065,0.0
DK03_to_DB02#alt3,3,bwd,60,1650.0,1050.0,0.6241,0.0
DK03_to_DB02#alt3,3,bwd,61,1650.0,1000.0,0.6889,0.0
DK03_to_DB02#alt3,3,bwd,62,1666.67,950.0,0.7165,0.0
DK03_to_DB02#alt3,3,bwd,63,1700.0,900.0,0.6065,0.0
DK03_to_DB02#alt3,3,bwd,64,1750.0,850.0,0.5134,0.0
DK03_to_DB02#alt3,3,bwd,65,1800.0,800.0,0.4346,0.0
DK03_to_DB02#alt3,3,bwd,66,1850.0,750.0,0.3679,0.0
DK03_to_DB02#alt3,3,bwd,67,1900.0,700.0,0.3077,0.0
DK03_to_DB02#alt3,3,bwd,68,1950.0,650.0,0.3077,0.0
DK03_to_DB02#alt3,3,bwd,69,2000.0,616.67,0.3077,0.0
DK03_to_DB02#alt3,3,bwd,70,2050.0,600.0,0.344,0.0
DK03_to_DB02#alt3,3,bwd,71,2100.0,600.0,0.3784,0.0
DK03_to_DB02#alt3,3,bwd,72,2150.0,600.0,0.4076,0.0
DB02_to_DK03#alt4,4,fwd,0,2150.0,600.0,0.4076,0.0
DB02_to_DK03#alt4,4,fwd,1,2100.0,650.0,0.4346,0.0
DB02_to_DK03#alt4,4,fwd,2,2050.0,700.0,0.4346,0.0
DB02_to_DK03#alt4,4,fwd,3,2016.67,750.0,0.4346,0.0
DB02_to_DK03#alt4,4,fwd,4,1983.33,800.0,0.4746,0.0
DB02_to_DK03#alt4,4,fwd,5,1950.0,850.0,0.4346,0.0
DB02_to_DK03#alt4,4,fwd,6,1916.67,900.0,0.4076,0.0
DB02_to_DK03#alt4,4,fwd,7,1900.0,950.0,0.4275,0.0
DB02_to_DK03#alt4,4,fwd,8,1883.33,1000.0,0.4346,0.0
DB02_to_DK03#alt4,4,fwd,9,1850.0,1050.0,0.4076,0.0
DB02_to_DK03#alt4,4,fwd,10,1833.33,1100.0,0.4275,0.0
DB02_to_DK03#alt4,4,fwd,11,1833.33,1150.0,0.4346,0.0
DB02_to_DK03#alt4,4,fwd,12,1866.67,1200.0,0.4346,0.0
DB02_to_DK03#alt4,4,fwd,13,1883.33,1250.0,0.5134,0.0
DB02_to_DK03#alt4,4,fwd,14,1883.33,1300.0,0.503,0.0
DB02_to_DK03#alt4,4,fwd,15,1883.33,1350.0,0.4746,0.0
DB02_to_DK03#alt4,4,fwd,16,1883.33,1400.0,0.4346,0.0
DB02_to_DK03#alt4,4,fwd,17,1900.0,1450.0,0.3895,0.0
DB02_to_DK03#alt4,4,fwd,18,1916.67,1500.0,0.3679,0.0
DB02_to_DK03#alt4,4,fwd,19,1950.0,1550.0,0.4346,0.0
DB02_to_DK03#alt4,4,fwd,20,1983.33,1600.0,0.503,0.0
DB02_to_DK03#alt4,4,fwd,21,2016.67,1650.0,0.4746,0.0
DB02_to_DK03#alt4,4,fwd,22,2050.0,1700.0,0.4931,0.0
DB02_to_DK03#alt4,4,fwd,23,2100.0,1750.0,0.4931,0.0
DB02_to_DK03#alt4,4,fwd,24,2150.0,1800.0,0.4746,0.0
DB02_to_DK03#alt4,4,fwd,25,2200.0,1850.0,0.4346,0.0
DB02_to_DK03#alt4,4,fwd,26,2250.0,1900.0,0.4076,0.0
DB02_to_DK03#alt4,4,fwd,27,2300.0,1950.0,0.3784,0.0
DB02_to_DK03#alt4,4,fwd,28,2350.0,2000.0,0.4746,0.0
DB02_to_DK03#alt4,4,fwd,29,2400.0,2050.0,0.5903,0.0
DB02_to_DK03#alt4,4,fwd,30,2450.0,2083.33,0.7165,0.0
DB02_to_DK03#alt4,4,fwd,31,2500.0,2100.0,0.7165,0.0
DB02_to_DK03#alt4,4,fwd,32,2550.0,2100.0,0.7165,0.0
DB02_to_DK03#alt4,4,fwd,33,2600.0,2116.67,0.6889,0.0
DB02_to_DK03#alt4,4,fwd,34,2650.0,2133.33,0.7165,0.0
DB02_to_DK03#alt4,4,fwd,35,2700.0,2150.0,0.6889,0.0
DB02_to_DK03#alt4,4,fwd,36,2750.0,2200.0,0.6889,0.0
DB02_to_DK03#alt4,4,fwd,37,2783.33,2250.0,0.6889,0.0
DB02_to_DK03#alt4,4,fwd,38,2800.0,2300.0,0.7165,0.0
DB02_to_DK03#alt4,4,fwd,39,2800.0,2350.0,0.7165,0.0
DB02_to_DK03#alt4,4,fwd,40,2800.0,2400.0,0.7165,0.0
DB02_to_DK03#alt4,4,fwd,41,2816.67,2450.0,0.7165,0.0
DB02_to_DK03#alt4,4,fwd,42,2850.0,2500.0,0.6065,0.0
DB02_to_DK03#alt4,4,fwd,43,2883.33,2550.0,0.503,0.0
DB02_to_DK03#alt4,4,fwd,44,2883.33,2600.0,0.4746,0.0
DB02_to_DK03#alt4,4,fwd,45,2850.0,2650.0,0.4931,0.0
DB02_to_DK03#alt4,4,fwd,46,2816.67,2700.0,0.503,0.0
DB02_to_DK03#alt4,4,fwd,47,2800.0,2750.0,0.4746,0.0
DB02_to_DK03#alt4,4,fwd,48,2800.0,2800.0,0.4346,0.0
DB02_to_DK03#alt4,4,fwd,49,2800.0,2850.0,0.3895,0.0
DB02_to_DK03#alt4,4,fwd,50,2800.0,2900.0,0.344,0.0
DB02_to_DK03#alt4,4,fwd,51,2783.33,2950.0,0.344,0.0
DB02_to_DK03#alt4,4,fwd,52,2750.0,3000.0,0.3269,0.0
DB02_to_DK03#alt4,4,fwd,53,2700.0,3050.0,0.2972,0.0
DB02_to_DK03#alt4,4,fwd,54,2650.0,3100.0,0.2609,0.0
DB02_to_DK03#alt4,4,fwd,55,2600.0,3150.0,0.2231,0.0
DB02_to_DK03#alt4,4,fwd,56,2566.67,3200.0,0.1889,0.0
DB02_to_DK03#alt4,4,fwd,57,2533.33,3250.0,0.1889,0.0
DB02_to_DK03#alt4,4,fwd,58,2500.0,3300.0,0.1587,0.0
DB02_to_DK03#alt4,4,fwd,59,2466.67,3350.0,0.1317,0.0
DB02_to_DK03#alt4,4,fwd,60,2450.0,3400.0,0.1273,0.0
DB02_to_DK03#alt4,4,fwd,61,2466.67,3450.0,0.1215,0.0
DB02_to_DK03#alt4,4,fwd,62,2483.33,3500.0,0.1335,0.0
DB02_to_DK03#alt4,4,fwd,63,2500.0,3550.0,0.1239,0.0
DB02_to_DK03#alt4,4,fwd,64,2500.0,3600.0,0.1138,0.0
DB02_to_DK03#alt4,4,fwd,65,2500.0,3650.0,0.1183,0.0
DB02_to_DK03#alt4,4,fwd,66,2500.0,3700.0,0.1308,0.0
DB02_to_DK03#alt4,4,fwd,67,2500.0,3750.0,0.1432,0.0
DB02_to_DK03#alt4,4,fwd,68,2516.67,3800.0,0.1599,0.0
DB02_to_DK03#alt4,4,fwd,69,2533.33,3850.0,0.1937,0.0
DB02_to_DK03#alt4,4,fwd,70,2550.0,3900.0,0.2211,0.0
DB02_to_DK03#alt4,4,fwd,71,2550.0,3950.0,0.2609,0.0
DB02_to_DK03#alt4,4,fwd,72,2550.0,4000.0,0.3077,0.0
DB02_to_DK03#alt4,4,fwd,73,2550.0,4050.0,0.3628,0.0
DK03_to_DB02#alt4,4,bwd,0,2550.0,4050.0,0.3628,0.0
DK03_to_DB02#alt4,4,bwd,1,2600.0,4000.0,0.2972,0.0
DK03_to_DB02#alt4,4,bwd,2,2650.0,3966.67,0.3006,0.0
DK03_to_DB02#alt4,4,bwd,3,2700.0,3950.0,0.3485,0.0
DK03_to_DB02#alt4,4,bwd,4,2750.0,3950.0,0.4076,0.0
DK03_to_DB02#alt4,4,bwd,5,2800.0,3950.0,0.4746,0.0
DK03_to_DB02#alt4,4,bwd,6,2850.0,3933.33,0.5483,0.0
DK03_to_DB02#alt4,4,bwd,7,2900.0,3916.67,0.5483,0.0
DK03_to_DB02#alt4,4,bwd,8,2950.0,3900.0,0.5903,0.0
DK03_to_DB02#alt4,4,bwd,9,3000.0,3900.0,0.6065,0.0
DK03_to_DB02#alt4,4,bwd,10,3050.0,3900.0,0.6065,0.0
DK03_to_DB02#alt4,4,bwd,11,3100.0,3900.0,0.6065,0.0
DK03_to_DB02#alt4,4,bwd,12,3150.0,3883.33,0.5903,0.0
DK03_to_DB02#alt4,4,bwd,13,3200.0,3850.0,0.4746,0.0
DK03_to_DB02#alt4,4,bwd,14,3250.0,3800.0,0.3784,0.0
DK03_to_DB02#alt4,4,bwd,15,3300.0,3750.0,0.344,0.0
DK03_to_DB02#alt4,4,bwd,16,3350.0,3700.0,0.3269,0.0
DK03_to_DB02#alt4,4,bwd,17,3400.0,3650.0,0.2972,0.0
DK03_to_DB02#alt4,4,bwd,18,3450.0,3600.0,0.3006,0.0
DK03_to_DB02#alt4,4,bwd,19,3500.0,3550.0,0.3077,0.0
DK03_to_DB02#alt4,4,bwd,20,3550.0,3500.0,0.3077,0.0
DK03_to_DB02#alt4,4,bwd,21,3600.0,3450.0,0.3006,0.0
DK03_to_DB02#alt4,4,bwd,22,3650.0,3400.0,0.281,0.0
DK03_to_DB02#alt4,4,bwd,23,3700.0,3350.0,0.253,0.0
DK03_to_DB02#alt4,4,bwd,24,3750.0,3300.0,0.2211,0.0
DK03_to_DB02#alt4,4,bwd,25,3800.0,3250.0,0.1889,0.0
DK03_to_DB02#alt4,4,bwd,26,3833.33,3200.0,0.1599,0.0
DK03_to_DB02#alt4,4,bwd,27,3850.0,3150.0,0.1599,0.0
DK03_to_DB02#alt4,4,bwd,28,3850.0,3100.0,0.1587,0.0
DK03_to_DB02#alt4,4,bwd,29,3833.33,3050.0,0.1551,0.0
DK03_to_DB02#alt4,4,bwd,30,3816.67,3000.0,0.1755,0.0
DK03_to_DB02#alt4,4,bwd,31,3800.0,2950.0,0.1661,0.0
DK03_to_DB02#alt4,4,bwd,32,3800.0,2900.0,0.1551,0.0
DK03_to_DB02#alt4,4,bwd,33,3800.0,2850.0,0.1432,0.0
DK03_to_DB02#alt4,4,bwd,34,3800.0,2800.0,0.1308,0.0
DK03_to_DB02#alt4,4,bwd,35,3800.0,2750.0,0.1344,0.0
DK03_to_DB02#alt4,4,bwd,36,3800.0,2700.0,0.1495,0.0
DK03_to_DB02#alt4,4,bwd,37,3800.0,2650.0,0.1648,0.0
DK03_to_DB02#alt4,4,bwd,38,3800.0,2600.0,0.1798,0.0
DK03_to_DB02#alt4,4,bwd,39,3800.0,2550.0,0.1937,0.0
DK03_to_DB02#alt4,4,bwd,40,3800.0,2500.0,0.2057,0.0
DK03_to_DB02#alt4,4,bwd,41,3800.0,2450.0,0.2151,0.0
DK03_to_DB02#alt4,4,bwd,42,3800.0,2400.0,0.2211,0.0
DK03_to_DB02#alt4,4,bwd,43,3800.0,2350.0,0.2231,0.0
DK03_to_DB02#alt4,4,bwd,44,3800.0,2300.0,0.2231,0.0
DK03_to_DB02#alt4,4,bwd,45,3800.0,2250.0,0.2231,0.0
DK03_to_DB02#alt4,4,bwd,46,3800.0,2200.0,0.2211,0.0
DK03_to_DB02#alt4,4,bwd,47,3800.0,2150.0,0.2151,0.0
DK03_to_DB02#alt4,4,bwd,48,3800.0,2100.0,0.2057,0.0
DK03_to_DB02#alt4,4,bwd,49,3800.0,2050.0,0.1937,0.0
DK03_to_DB02#alt4,4,bwd,50,3783.33,2000.0,0.1937,0.0
DK03_to_DB02#alt4,4,bwd,51,3750.0,1950.0,0.2407,0.0
DK03_to_DB02#alt4,4,bwd,52,3700.0,1900.0,0.2972,0.0
DK03_to_DB02#alt4,4,bwd,53,3650.0,1850.0,0.3628,0.0
DK03_to_DB02#alt4,4,bwd,54,3600.0,1800.0,0.4346,0.0
DK03_to_DB02#alt4,4,bwd,55,3550.0,1750.0,0.5134,0.0
DK03_to_DB02#alt4,4,bwd,56,3500.0,1700.0,0.5903,0.0
DK03_to_DB02#alt4,4,bwd,57,3450.0,1650.0,0.6241,0.0
DK03_to_DB02#alt4,4,bwd,58,3400.0,1600.0,0.6889,0.0
DK03_to_DB02#alt4,4,bwd,59,3350.0,1550.0,0.6889,0.0
DK03_to_DB02#alt4,4,bwd,60,3300.0,1500.0,0.6889,0.0
DK03_to_DB02#alt4,4,bwd,61,3250.0,1450.0,0.6241,0.0
DK03_to_DB02#alt4,4,bwd,62,3200.0,1400.0,0.5903,0.0
DK03_to_DB02#alt4,4,bwd,63,3150.0,1350.0,0.5134,0.0
DK03_to_DB02#alt4,4,bwd,64,3100.0,1300.0,0.4346,0.0
DK03_to_DB02#alt4,4,bwd,65,3066.67,1250.0,0.3679,0.0
DK03_to_DB02#alt4,4,bwd,66,3050.0,1200.0,0.3114,0.0
DK03_to_DB02#alt4,4,bwd,67,3033.33,1150.0,0.2636,0.0
DK03_to_DB02#alt4,4,bwd,68,3000.0,1100.0,0.3114,0.0
DK03_to_DB02#alt4,4,bwd,69,2966.67,1050.0,0.3679,0.0
DK03_to_DB02#alt4,4,bwd,70,2950.0,1000.0,0.3679,0.0
DK03_to_DB02#alt4,4,bwd,71,2933.33,950.0,0.3628,0.0
DK03_to_DB02#alt4,4,bwd,72,2900.0,900.0,0.4076,0.0
DK03_to_DB02#alt4,4,bwd,73,2850.0,850.0,0.4346,0.0
DK03_to_DB02#alt4,4,bwd,74,2800.0,800.0,0.4746,0.0
DK03_to_DB02#alt4,4,bwd,75,2750.0,750.0,0.4931,0.0
DK03_to_DB02#alt4,4,bwd,76,2700.0,700.0,0.4931,0.0
DK03_to_DB02#alt4,4,bwd,77,2650.0,650.0,0.4746,0.0
DK03_to_DB02#alt4,4,bwd,78,2600.0,600.0,0.4346,0.0
DK03_to_DB02#alt4,4,bwd,79,2550.0,583.33,0.4746,0.0
DK03_to_DB02#alt4,4,bwd,80,2500.0,583.33,0.503,0.0
DK03_to_DB02#alt4,4,bwd,81,2450.0,600.0,0.5134,0.0
DK03_to_DB02#alt4,4,bwd,82,2400.0,600.0,0.5134,0.0
DK03_to_DB02#alt4,4,bwd,83,2350.0,600.0,0.5134,0.0
DK03_to_DB02#alt4,4,bwd,84,2300.0,600.0,0.503,0.0
DK03_to_DB02#alt4,4,bwd,85,2250.0,600.0,0.4746,0.0
DK03_to_DB02#alt4,4,bwd,86,2200.0,600.0,0.4346,0.0
DK03_to_DB02#alt4,4,bwd,87,2150.0,600.0,0.4076,0.0
DB02_to_DK03#alt5,5,fwd,0,2150.0,600.0,0.4076,0.0
DB02_to_DK03#alt5,5,fwd,1,2100.0,550.0,0.3269,0.0
DB02_to_DK03#alt5,5,fwd,2,2050.0,500.0,0.2609,0.0
DB02_to_DK03#alt5,5,fwd,3,2000.0,450.0,0.2076,0.0
DB02_to_DK03#alt5,5,fwd,4,1950.0,400.0,0.1937,0.0
DB02_to_DK03#alt5,5,fwd,5,1900.0,350.0,0.2076,0.0
DB02_to_DK03#alt5,5,fwd,6,1850.0,300.0,0.2151,0.0
DB02_to_DK03#alt5,5,fwd,7,1800.0,250.0,0.2151,0.0
DB02_to_DK03#alt5,5,fwd,8,1750.0,200.0,0.2151,0.0
DB02_to_DK03#alt5,5,fwd,9,1700.0,183.33,0.2431,0.0
DB02_to_DK03#alt5,5,fwd,10,1650.0,183.33,0.2721,0.0
DB02_to_DK03#alt5,5,fwd,11,1600.0,183.33,0.3077,0.0
DB02_to_DK03#alt5,5,fwd,12,1550.0,166.67,0.3077,0.0
DB02_to_DK03#alt5,5,fwd,13,1500.0,150.0,0.344,0.0
DB02_to_DK03#alt5,5,fwd,14,1450.0,150.0,0.3784,0.0
DB02_to_DK03#alt5,5,fwd,15,1400.0,150.0,0.4076,0.0
DB02_to_DK03#alt5,5,fwd,16,1350.0,150.0,0.4275,0.0
DB02_to_DK03#alt5,5,fwd,17,1300.0,150.0,0.4346,0.0
DB02_to_DK03#alt5,5,fwd,18,1250.0,150.0,0.4931,0.0
DB02_to_DK03#alt5,5,fwd,19,1200.0,150.0,0.5483,0.0
DB02_to_DK03#alt5,5,fwd,20,1150.0,150.0,0.6241,0.0
DB02_to_DK03#alt5,5,fwd,21,1100.0,150.0,0.6889,0.0
DB02_to_DK03#alt5,5,fwd,22,1050.0,150.0,0.7165,0.0
DB02_to_DK03#alt5,5,fwd,23,1000.0,150.0,0.7165,0.0
DB02_to_DK03#alt5,5,fwd,24,950.0,150.0,0.7165,0.0
DB02_to_DK03#alt5,5,fwd,25,900.0,150.0,0.7165,0.0
DB02_to_DK03#alt5,5,fwd,26,850.0,166.67,0.6889,0.0
DB02_to_DK03#alt5,5,fwd,27,800.0,200.0,0.6889,0.0
DB02_to_DK03#alt5,5,fwd,28,750.0,250.0,0.6889,0.0
DB02_to_DK03#alt5,5,fwd,29,700.0,300.0,0.6889,0.0
DB02_to_DK03#alt5,5,fwd,30,650.0,350.0,0.6241,0.0
DB02_to_DK03#alt5,5,fwd,31,600.0,400.0,0.6241,0.0
DB02_to_DK03#alt5,5,fwd,32,550.0,450.0,0.6241,0.0
DB02_to_DK03#alt5,5,fwd,33,500.0,500.0,0.6241,0.0
DB02_to_DK03#alt5,5,fwd,34,450.0,550.0,0.6889,0.0
DB02_to_DK03#alt5,5,fwd,35,400.0,583.33,0.7165,0.0
DB02_to_DK03#alt5,5,fwd,36,350.0,616.67,0.6889,0.0
DB02_to_DK03#alt5,5,fwd,37,300.0,650.0,0.6889,0.0
DB02_to_DK03#alt5,5,fwd,38,266.67,700.0,0.6241,0.0
DB02_to_DK03#alt5,5,fwd,39,250.0,750.0,0.6889,0.0
DB02_to_DK03#alt5,5,fwd,40,250.0,800.0,0.7165,0.0
DB02_to_DK03#alt5,5,fwd,41,250.0,850.0,0.7165,0.0
DB02_to_DK03#alt5,5,fwd,42,250.0,900.0,0.7165,0.0
DB02_to_DK03#alt5,5,fwd,43,266.67,950.0,0.6889,0.0
DB02_to_DK03#alt5,5,fwd,44,300.0,1000.0,0.6889,0.0
DB02_to_DK03#alt5,5,fwd,45,350.0,1050.0,0.6889,0.0
DB02_to_DK03#alt5,5,fwd,46,400.0,1100.0,0.6889,0.0
DB02_to_DK03#alt5,5,fwd,47,433.33,1150.0,0.6065,0.0
DB02_to_DK03#alt5,5,fwd,48,450.0,1200.0,0.5483,0.0
DB02_to_DK03#alt5,5,fwd,49,450.0,1250.0,0.4931,0.0
DB02_to_DK03#alt5,5,fwd,50,466.67,1300.0,0.4346,0.0
DB02_to_DK03#alt5,5,fwd,51,500.0,1350.0,0.4346,0.0
DB02_to_DK03#alt5,5,fwd,52,550.0,1400.0,0.4346,0.0
DB02_to_DK03#alt5,5,fwd,53,583.33,1450.0,0.4346,0.0
DB02_to_DK03#alt5,5,fwd,54,600.0,1500.0,0.3895,0.0
DB02_to_DK03#alt5,5,fwd,55,600.0,1550.0,0.344,0.0
DB02_to_DK03#alt5,5,fwd,56,600.0,1600.0,0.3114,0.0
DB02_to_DK03#alt5,5,fwd,57,600.0,1650.0,0.3114,0.0
DB02_to_DK03#alt5,5,fwd,58,616.67,1700.0,0.3077,0.0
DB02_to_DK03#alt5,5,fwd,59,650.0,1750.0,0.3485,0.0
DB02_to_DK03#alt5,5,fwd,60,700.0,1800.0,0.3784,0.0
DB02_to_DK03#alt5,5,fwd,61,750.0,1850.0,0.3895,0.0
DB02_to_DK03#alt5,5,fwd,62,800.0,1900.0,0.3895,0.0
DB02_to_DK03#alt5,5,fwd,63,850.0,1950.0,0.3784,0.0
DB02_to_DK03#alt5,5,fwd,64,900.0,2000.0,0.4076,0.0
DB02_to_DK03#alt5,5,fwd,65,950.0,2050.0,0.503,0.0
DB02_to_DK03#alt5,5,fwd,66,983.33,2100.0,0.6241,0.0
DB02_to_DK03#alt5,5,fwd,67,1000.0,2150.0,0.6889,0.0
DB02_to_DK03#alt5,5,fwd,68,1000.0,2200.0,0.7165,0.0
DB02_to_DK03#alt5,5,fwd,69,1000.0,2250.0,0.7165,0.0
DB02_to_DK03#alt5,5,fwd,70,1000.0,2300.0,0.7165,0.0
DB02_to_DK03#alt5,5,fwd,71,1016.67,2350.0,0.6889,0.0
DB02_to_DK03#alt5,5,fwd,72,1050.0,2400.0,0.6889,0.0
DB02_to_DK03#alt5,5,fwd,73,1100.0,2450.0,0.6889,0.0
DB02_to_DK03#alt5,5,fwd,74,1150.0,2500.0,0.6889,0.0
DB02_to_DK03#alt5,5,fwd,75,1200.0,2550.0,0.6241,0.0
DB02_to_DK03#alt5,5,fwd,76,1250.0,2600.0,0.5903,0.0
DB02_to_DK03#alt5,5,fwd,77,1300.0,2650.0,0.5134,0.0
DB02_to_DK03#alt5,5,fwd,78,1333.33,2700.0,0.4346,0.0
DB02_to_DK03#alt5,5,fwd,79,1350.0,2750.0,0.4346,0.0
DB02_to_DK03#alt5,5,fwd,80,1350.0,2800.0,0.4746,0.0
DB02_to_DK03#alt5,5,fwd,81,1350.0,2850.0,0.503,0.0
DB02_to_DK03#alt5,5,fwd,82,1350.0,2900.0,0.5134,0.0
DB02_to_DK03#alt5,5,fwd,83,1333.33,2950.0,0.5134,0.0
DB02_to_DK03#alt5,5,fwd,84,1333.33,3000.0,0.5134,0.0
DB02_to_DK03#alt5,5,fwd,85,1350.0,3050.0,0.5134,0.0
DB02_to_DK03#alt5,5,fwd,86,1400.0,3100.0,0.4346,0.0
DB02_to_DK03#alt5,5,fwd,87,1450.0,3150.0,0.4275,0.0
DB02_to_DK03#alt5,5,fwd,88,1500.0,3200.0,0.4746,0.0
DB02_to_DK03#alt5,5,fwd,89,1533.33,3250.0,0.4931,0.0
DB02_to_DK03#alt5,5,fwd,90,1550.0,3300.0,0.5483,0.0
DB02_to_DK03#alt5,5,fwd,91,1566.67,3350.0,0.6241,0.0
DB02_to_DK03#alt5,5,fwd,92,1600.0,3400.0,0.6241,0.0
DB02_to_DK03#alt5,5,fwd,93,1650.0,3450.0,0.6241,0.0
DB02_to_DK03#alt5,5,fwd,94,1700.0,3500.0,0.6241,0.0
DB02_to_DK03#alt5,5,fwd,95,1733.33,3550.0,0.5903,0.0
DB02_to_DK03#alt5,5,fwd,96,1750.0,3600.0,0.6065,0.0
DB02_to_DK03#alt5,5,fwd,97,1750.0,3650.0,0.6241,0.0
DB02_to_DK03#alt5,5,fwd,98,1750.0,3700.0,0.6889,0.0
DB02_to_DK03#alt5,5,fwd,99,1750.0,3750.0,0.7165,0.0
DB02_to_DK03#alt5,5,fwd,100,1750.0,3800.0,0.7165,0.0
DB02_to_DK03#alt5,5,fwd,101,1766.67,3850.0,0.7165,0.0
DB02_to_DK03#alt5,5,fwd,102,1800.0,3883.33,0.7165,0.0
DB02_to_DK03#alt5,5,fwd,103,1850.0,3900.0,0.7165,0.0
DB02_to_DK03#alt5,5,fwd,104,1900.0,3900.0,0.7165,0.0
DB02_to_DK03#alt5,5,fwd,105,1950.0,3900.0,0.7165,0.0
DB02_to_DK03#alt5,5,fwd,106,2000.0,3900.0,0.6889,0.0
DB02_to_DK03#alt5,5,fwd,107,2050.0,3950.0,0.6889,0.0
DB02_to_DK03#alt5,5,fwd,108,2100.0,4000.0,0.6241,0.0
DB02_to_DK03#alt5,5,fwd,109,2150.0,4033.33,0.5903,0.0
DB02_to_DK03#alt5,5,fwd,110,2200.0,4050.0,0.503,0.0
DB02_to_DK03#alt5,5,fwd,111,2250.0,4050.0,0.4275,0.0
DB02_to_DK03#alt5,5,fwd,112,2300.0,4050.0,0.3628,0.0
DB02_to_DK03#alt5,5,fwd,113,2350.0,4050.0,0.3269,0.0
DB02_to_DK03#alt5,5,fwd,114,2400.0,4050.0,0.3485,0.0
DB02_to_DK03#alt5,5,fwd,115,2450.0,4050.0,0.3628,0.0
DB02_to_DK03#alt5,5,fwd,116,2500.0,4050.0,0.3679,0.0
DB02_to_DK03#alt5,5,fwd,117,2550.0,4050.0,0.3628,0.0
DK03_to_DB02#alt6,6,bwd,0,2550.0,4050.0,0.3628,0.0
DK03_to_DB02#alt6,6,bwd,1,2500.0,4000.0,0.3114,0.0
DK03_to_DB02#alt6,6,bwd,2,2450.0,3950.0,0.2609,0.0
DK03_to_DB02#alt6,6,bwd,3,2400.0,3900.0,0.2252,0.0
DK03_to_DB02#alt6,6,bwd,4,2350.0,3866.67,0.2407,0.0
DK03_to_DB02#alt6,6,bwd,5,2300.0,3850.0,0.281,0.0
DK03_to_DB02#alt6,6,bwd,6,2250.0,3850.0,0.3269,0.0
DK03_to_DB02#alt6,6,bwd,7,2200.0,3850.0,0.3784,0.0
DK03_to_DB02#alt6,6,bwd,8,2150.0,3833.33,0.4346,0.0
DK03_to_DB02#alt6,6,bwd,9,2100.0,3816.67,0.4346,0.0
DK03_to_DB02#alt6,6,bwd,10,2050.0,3783.33,0.4746,0.0
DK03_to_DB02#alt6,6,bwd,11,2000.0,3750.0,0.4275,0.0
DK03_to_DB02#alt6,6,bwd,12,1950.0,3700.0,0.3679,0.0
DK03_to_DB02#alt6,6,bwd,13,1900.0,3650.0,0.4076,0.0
DK03_to_DB02#alt6,6,bwd,14,1850.0,3600.0,0.4346,0.0
DK03_to_DB02#alt6,6,bwd,15,1800.0,3550.0,0.503,0.0
DK03_to_DB02#alt6,6,bwd,16,1750.0,3500.0,0.5483,0.0
DK03_to_DB02#alt6,6,bwd,17,1700.0,3450.0,0.5483,0.0
DK03_to_DB02#alt6,6,bwd,18,1650.0,3400.0,0.5483,0.0
DK03_to_DB02#alt6,6,bwd,19,1600.0,3350.0,0.5483,0.0
DK03_to_DB02#alt6,6,bwd,20,1550.0,3300.0,0.5483,0.0
DK03_to_DB02#alt6,6,bwd,21,1500.0,3266.67,0.5483,0.0
DK03_to_DB02#alt6,6,bwd,22,1450.0,3250.0,0.5903,0.0
DK03_to_DB02#alt6,6,bwd,23,1400.0,3233.33,0.6065,0.0
DK03_to_DB02#alt6,6,bwd,24,1350.0,3200.0,0.5483,0.0
DK03_to_DB02#alt6,6,bwd,25,1300.0,3150.0,0.5903,0.0
DK03_to_DB02#alt6,6,bwd,26,1266.67,3100.0,0.7165,0.0
DK03_to_DB02#alt6,6,bwd,27,1250.0,3050.0,0.7165,0.0
DK03_to_DB02#alt6,6,bwd,28,1250.0,3000.0,0.7165,0.0
DK03_to_DB02#alt6,6,bwd,29,1250.0,2950.0,0.7165,0.0
DK03_to_DB02#alt6,6,bwd,30,1250.0,2900.0,0.7165,0.0
DK03_to_DB02#alt6,6,bwd,31,1233.33,2850.0,0.6889,0.0
DK03_to_DB02#alt6,6,bwd,32,1200.0,2800.0,0.6889,0.0
DK03_to_DB02#alt6,6,bwd,33,1150.0,2750.0,0.6889,0.0
DK03_to_DB02#alt6,6,bwd,34,1100.0,2700.0,0.6889,0.0
DK03_to_DB02#alt6,6,bwd,35,1050.0,2650.0,0.6065,0.0
DK03_to_DB02#alt6,6,bwd,36,1000.0,2600.0,0.5134,0.0
DK03_to_DB02#alt6,6,bwd,37,950.0,2550.0,0.4346,0.0
DK03_to_DB02#alt6,6,bwd,38,900.0,2500.0,0.3895,0.0
DK03_to_DB02#alt6,6,bwd,39,850.0,2450.0,0.3784,0.0
DK03_to_DB02#alt6,6,bwd,40,800.0,2400.0,0.3485,0.0
DK03_to_DB02#alt6,6,bwd,41,766.67,2350.0,0.3077,0.0
DK03_to_DB02#alt6,6,bwd,42,750.0,2300.0,0.3114,0.0
DK03_to_DB02#alt6,6,bwd,43,733.33,2250.0,0.3114,0.0
DK03_to_DB02#alt6,6,bwd,44,716.67,2200.0,0.2636,0.0
DK03_to_DB02#alt6,6,bwd,45,683.33,2150.0,0.2609,0.0
DK03_to_DB02#alt6,6,bwd,46,650.0,2100.0,0.2151,0.0
DK03_to_DB02#alt6,6,bwd,47,600.0,2050.0,0.1755,0.0
DK03_to_DB02#alt6,6,bwd,48,550.0,2000.0,0.17,0.0
DK03_to_DB02#alt6,6,bwd,49,500.0,1950.0,0.1648,0.0
DK03_to_DB02#alt6,6,bwd,50,483.33,1900.0,0.1798,0.0
DK03_to_DB02#alt6,6,bwd,51,483.33,1850.0,0.1937,0.0
DK03_to_DB02#alt6,6,bwd,52,483.33,1800.0,0.2057,0.0
DK03_to_DB02#alt6,6,bwd,53,450.0,1750.0,0.1827,0.0
DK03_to_DB02#alt6,6,bwd,54,400.0,1700.0,0.1587,0.0
DK03_to_DB02#alt6,6,bwd,55,350.0,1650.0,0.1517,0.0
DK03_to_DB02#alt6,6,bwd,56,300.0,1600.0,0.1517,0.0
DK03_to_DB02#alt6,6,bwd,57,250.0,1550.0,0.1517,0.0
DK03_to_DB02#alt6,6,bwd,58,200.0,1500.0,0.1551,0.0
DK03_to_DB02#alt6,6,bwd,59,150.0,1450.0,0.1648,0.0
DK03_to_DB02#alt6,6,bwd,60,100.0,1400.0,0.17,0.0
DK03_to_DB02#alt6,6,bwd,61,66.67,1350.0,0.17,0.0
DK03_to_DB02#alt6,6,bwd,62,50.0,1300.0,0.1921,0.0
DK03_to_DB02#alt6,6,bwd,63,50.0,1250.0,0.2151,0.0
DK03_to_DB02#alt6,6,bwd,64,50.0,1200.0,0.2431,0.0
DK03_to_DB02#alt6,6,bwd,65,50.0,1150.0,0.2721,0.0
DK03_to_DB02#alt6,6,bwd,66,50.0,1100.0,0.3006,0.0
DK03_to_DB02#alt6,6,bwd,67,50.0,1050.0,0.3269,0.0
DK03_to_DB02#alt6,6,bwd,68,50.0,1000.0,0.3485,0.0
DK03_to_DB02#alt6,6,bwd,69,50.0,950.0,0.3628,0.0
DK03_to_DB02#alt6,6,bwd,70,50.0,900.0,0.3679,0.0
DK03_to_DB02#alt6,6,bwd,71,50.0,850.0,0.3679,0.0
DK03_to_DB02#alt6,6,bwd,72,50.0,800.0,0.3679,0.0
DK03_to_DB02#alt6,6,bwd,73,50.0,750.0,0.3628,0.0
DK03_to_DB02#alt6,6,bwd,74,50.0,700.0,0.3485,0.0
DK03_to_DB02#alt6,6,bwd,75,50.0,650.0,0.3269,0.0
DK03_to_DB02#alt6,6,bwd,76,50.0,600.0,0.3006,0.0
DK03_to_DB02#alt6,6,bwd,77,50.0,550.0,0.281,0.0
DK03_to_DB02#alt6,6,bwd,78,50.0,500.0,0.2609,0.0
DK03_to_DB02#alt6,6,bwd,79,50.0,450.0,0.2384,0.0
DK03_to_DB02#alt6,6,bwd,80,50.0,400.0,0.2151,0.0
DK03_to_DB02#alt6,6,bwd,81,50.0,350.0,0.1921,0.0
DK03_to_DB02#alt6,6,bwd,82,66.67,300.0,0.17,0.0
DK03_to_DB02#alt6,6,bwd,83,100.0,250.0,0.1648,0.0
DK03_to_DB02#alt6,6,bwd,84,150.0,200.0,0.1551,0.0
DK03_to_DB02#alt6,6,bwd,85,200.0,150.0,0.1432,0.0
DK03_to_DB02#alt6,6,bwd,86,250.0,100.0,0.1344,0.0
DK03_to_DB02#alt6,6,bwd,87,300.0,66.67,0.1432,0.0
DK03_to_DB02#alt6,6,bwd,88,350.0,50.0,0.1648,0.0
DK03_to_DB02#alt6,6,bwd,89,400.0,50.0,0.1889,0.0
DK03_to_DB02#alt6,6,bwd,90,450.0,50.0,0.2151,0.0
DK03_to_DB02#alt6,6,bwd,91,500.0,50.0,0.2431,0.0
DK03_to_DB02#alt6,6,bwd,92,550.0,50.0,0.2721,0.0
DK03_to_DB02#alt6,6,bwd,93,600.0,50.0,0.3077,0.0
DK03_to_DB02#alt6,6,bwd,94,650.0,50.0,0.344,0.0
DK03_to_DB02#alt6,6,bwd,95,700.0,50.0,0.3895,0.0
DK03_to_DB02#alt6,6,bwd,96,750.0,50.0,0.4346,0.0
DK03_to_DB02#alt6,6,bwd,97,800.0,50.0,0.4746,0.0
DK03_to_DB02#alt6,6,bwd,98,850.0,50.0,0.503,0.0
DK03_to_DB02#alt6,6,bwd,99,900.0,50.0,0.5134,0.0
DK03_to_DB02#alt6,6,bwd,100,950.0,50.0,0.5134,0.0
DK03_to_DB02#alt6,6,bwd,101,1000.0,50.0,0.5134,0.0
DK03_to_DB02#alt6,6,bwd,102,1050.0,50.0,0.5134,0.0
DK03_to_DB02#alt6,6,bwd,103,1100.0,50.0,0.503,0.0
DK03_to_DB02#alt6,6,bwd,104,1150.0,50.0,0.4746,0.0
DK03_to_DB02#alt6,6,bwd,105,1200.0,50.0,0.4346,0.0
DK03_to_DB02#alt6,6,bwd,106,1250.0,50.0,0.3895,0.0
DK03_to_DB02#alt6,6,bwd,107,1300.0,66.67,0.344,0.0
DK03_to_DB02#alt6,6,bwd,108,1350.0,100.0,0.3628,0.0
DK03_to_DB02#alt6,6,bwd,109,1400.0,150.0,0.4076,0.0
DK03_to_DB02#alt6,6,bwd,110,1450.0,200.0,0.4346,0.0
DK03_to_DB02#alt6,6,bwd,111,1500.0,250.0,0.4346,0.0
DK03_to_DB02#alt6,6,bwd,112,1550.0,300.0,0.4346,0.0
DK03_to_DB02#alt6,6,bwd,113,1600.0,350.0,0.4346,0.0
DK03_to_DB02#alt6,6,bwd,114,1650.0,400.0,0.4346,0.0
DK03_to_DB02#alt6,6,bwd,115,1700.0,450.0,0.4346,0.0
DK03_to_DB02#alt6,6,bwd,116,1750.0,483.33,0.4076,0.0
DK03_to_DB02#alt6,6,bwd,117,1800.0,516.67,0.3485,0.0
DK03_to_DB02#alt6,6,bwd,118,1850.0,550.0,0.3077,0.0
DK03_to_DB02#alt6,6,bwd,119,1900.0,583.33,0.281,0.0
DK03_to_DB02#alt6,6,bwd,120,1950.0,600.0,0.2721,0.0
DK03_to_DB02#alt6,6,bwd,121,2000.0,600.0,0.3077,0.0
DK03_to_DB02#alt6,6,bwd,122,2050.0,600.0,0.344,0.0
DK03_to_DB02#alt6,6,bwd,123,2100.0,600.0,0.3784,0.0
DK03_to_DB02#alt6,6,bwd,124,2150.0,600.0,0.4076,0.0
DB02_to_DK04#alt0,0,fwd,0,2150.0,600.0,0.4076,0.0
DB02_to_DK04#alt0,0,fwd,1,2100.0,650.0,0.4346,0.0
DB02_to_DK04#alt0,0,fwd,2,2050.0,700.0,0.4346,0.0
DB02_to_DK04#alt0,0,fwd,3,2000.0,750.0,0.4346,0.0
DB02_to_DK04#alt0,0,fwd,4,1950.0,800.0,0.4076,0.0
DB02_to_DK04#alt0,0,fwd,5,1900.0,850.0,0.3784,0.0
DB02_to_DK04#alt0,0,fwd,6,1850.0,900.0,0.3679,0.0
DB02_to_DK04#alt0,0,fwd,7,1800.0,950.0,0.4346,0.0
DB02_to_DK04#alt0,0,fwd,8,1750.0,1000.0,0.503,0.0
DB02_to_DK04#alt0,0,fwd,9,1700.0,1050.0,0.5483,0.0
DB02_to_DK04#alt0,0,fwd,10,1650.0,1100.0,0.6065,0.0
DB02_to_DK04#alt0,0,fwd,11,1600.0,1150.0,0.6889,0.0
DB02_to_DK04#alt0,0,fwd,12,1550.0,1200.0,0.6889,0.0
DB02_to_DK04#alt0,0,fwd,13,1500.0,1250.0,0.6889,0.0
DB02_to_DK04#alt0,0,fwd,14,1450.0,1300.0,0.6889,0.0
DB02_to_DK04#alt0,0,fwd,15,1400.0,1350.0,0.6889,0.0
DB02_to_DK04#alt0,0,fwd,16,1350.0,1400.0,0.6889,0.0
DB02_to_DK04#alt0,0,fwd,17,1316.67,1450.0,0.6889,0.0
DB02_to_DK04#alt0,0,fwd,18,1300.0,1500.0,0.7165,0.0
DB02_to_DK04#alt0,0,fwd,19,1300.0,1550.0,0.7165,0.0
DB02_to_DK04#alt0,0,fwd,20,1300.0,1600.0,0.7165,0.0
DB02_to_DK04#alt0,0,fwd,21,1300.0,1650.0,0.7165,0.0
DB02_to_DK04#alt0,0,fwd,22,1300.0,1700.0,0.6889,0.0
DB02_to_DK04#alt0,0,fwd,23,1250.0,1750.0,0.6889,0.0
DB02_to_DK04#alt0,0,fwd,24,1200.0,1800.0,0.6889,0.0
DB02_to_DK04#alt0,0,fwd,25,1150.0,1850.0,0.6065,0.0
DB02_to_DK04#alt0,0,fwd,26,1100.0,1900.0,0.5483,0.0
DB02_to_DK04#alt0,0,fwd,27,1050.0,1950.0,0.5483,0.0
DB02_to_DK04#alt0,0,fwd,28,1000.0,2000.0,0.5483,0.0
DB02_to_DK04#alt0,0,fwd,29,950.0,2050.0,0.503,0.0
DB02_to_DK04#alt0,0,fwd,30,916.67,2100.0,0.4746,0.0
DB02_to_DK04#alt0,0,fwd,31,916.67,2150.0,0.503,0.0
DB02_to_DK04#alt0,0,fwd,32,933.33,2200.0,0.6065,0.0
DB02_to_DK04#alt0,0,fwd,33,950.0,2250.0,0.6065,0.0
DB02_to_DK04#alt0,0,fwd,34,966.67,2300.0,0.6065,0.0
DB02_to_DK04#alt0,0,fwd,35,1000.0,2350.0,0.6889,0.0
DB02_to_DK04#alt0,0,fwd,36,1050.0,2400.0,0.6889,0.0
DB02_to_DK04#alt0,0,fwd,37,1100.0,2450.0,0.6889,0.0
DB02_to_DK04#alt0,0,fwd,38,1150.0,2500.0,0.6889,0.0
DB02_to_DK04#alt0,0,fwd,39,1200.0,2550.0,0.6241,0.0
DB02_to_DK04#alt0,0,fwd,40,1250.0,2583.33,0.5903,0.0
DB02_to_DK04#alt0,0,fwd,41,1300.0,2600.0,0.6065,0.0
DK04_to_DB02#alt0,0,bwd,0,1300.0,2600.0,0.6065,0.0
DK04_to_DB02#alt0,0,bwd,1,1350.0,2566.67,0.7165,0.0
DK04_to_DB02#alt0,0,bwd,2,1400.0,2550.0,0.7165,0.0
DK04_to_DB02#alt0,0,bwd,3,1450.0,2533.33,0.6889,0.0
DK04_to_DB02#alt0,0,bwd,4,1500.0,2516.67,0.7165,0.0
DK04_to_DB02#alt0,0,bwd,5,1550.0,2483.33,0.6889,0.0
DK04_to_DB02#alt0,0,bwd,6,1600.0,2450.0,0.6889,0.0
DK04_to_DB02#alt0,0,bwd,7,1650.0,2400.0,0.6889,0.0
DK04_to_DB02#alt0,0,bwd,8,1700.0,2350.0,0.6065,0.0
DK04_to_DB02#alt0,0,bwd,9,1750.0,2300.0,0.5134,0.0
DK04_to_DB02#alt0,0,bwd,10,1800.0,2250.0,0.4346,0.0
DK04_to_DB02#alt0,0,bwd,11,1833.33,2200.0,0.3679,0.0
DK04_to_DB02#alt0,0,bwd,12,1850.0,2150.0,0.3679,0.0
DK04_to_DB02#alt0,0,bwd,13,1850.0,2100.0,0.3679,0.0
DK04_to_DB02#alt0,0,bwd,14,1850.0,2050.0,0.3628,0.0
DK04_to_DB02#alt0,0,bwd,15,1850.0,2000.0,0.3485,0.0
DK04_to_DB02#alt0,0,bwd,16,1850.0,1950.0,0.3269,0.0
DK04_to_DB02#alt0,0,bwd,17,1850.0,1900.0,0.3006,0.0
DK04_to_DB02#alt0,0,bwd,18,1850.0,1850.0,0.2721,0.0
DK04_to_DB02#alt0,0,bwd,19,1850.0,1800.0,0.2431,0.0
DK04_to_DB02#alt0,0,bwd,20,1850.0,1750.0,0.2609,0.0
DK04_to_DB02#alt0,0,bwd,21,1850.0,1700.0,0.281,0.0
DK04_to_DB02#alt0,0,bwd,22,1850.0,1650.0,0.2972,0.0
DK04_to_DB02#alt0,0,bwd,23,1850.0,1600.0,0.3077,0.0
DK04_to_DB02#alt0,0,bwd,24,1850.0,1550.0,0.3114,0.0
DK04_to_DB02#alt0,0,bwd,25,1866.67,1500.0,0.3114,0.0
DK04_to_DB02#alt0,0,bwd,26,1883.33,1450.0,0.3895,0.0
DK04_to_DB02#alt0,0,bwd,27,1900.0,1400.0,0.4346,0.0
DK04_to_DB02#alt0,0,bwd,28,1900.0,1350.0,0.4746,0.0
DK04_to_DB02#alt0,0,bwd,29,1900.0,1300.0,0.503,0.0
DK04_to_DB02#alt0,0,bwd,30,1900.0,1250.0,0.5134,0.0
DK04_to_DB02#alt0,0,bwd,31,1916.67,1200.0,0.5134,0.0
DK04_to_DB02#alt0,0,bwd,32,1950.0,1150.0,0.6065,0.0
DK04_to_DB02#alt0,0,bwd,33,2000.0,1100.0,0.6889,0.0
DK04_to_DB02#alt0,0,bwd,34,2033.33,1050.0,0.7165,0.0
DK04_to_DB02#alt0,0,bwd,35,2050.0,1000.0,0.7165,0.0
DK04_to_DB02#alt0,0,bwd,36,2066.67,950.0,0.6889,0.0
DK04_to_DB02#alt0,0,bwd,37,2083.33,900.0,0.7165,0.0
DK04_to_DB02#alt0,0,bwd,38,2116.67,850.0,0.6889,0.0
DK04_to_DB02#alt0,0,bwd,39,2133.33,800.0,0.6889,0.0
DK04_to_DB02#alt0,0,bwd,40,2150.0,750.0,0.6241,0.0
DK04_to_DB02#alt0,0,bwd,41,2150.0,700.0,0.5483,0.0
DK04_to_DB02#alt0,0,bwd,42,2150.0,650.0,0.4746,0.0
DK04_to_DB02#alt0,0,bwd,43,2150.0,600.0,0.4076,0.0
DB02_to_DK04#alt1,1,fwd,0,2150.0,600.0,0.4076,0.0
DB02_to_DK04#alt1,1,fwd,1,2100.0,550.0,0.3269,0.0
DB02_to_DK04#alt1,1,fwd,2,2050.0,500.0,0.2609,0.0
DB02_to_DK04#alt1,1,fwd,3,2000.0,450.0,0.2076,0.0
DB02_to_DK04#alt1,1,fwd,4,1983.33,400.0,0.1798,0.0
DB02_to_DK04#alt1,1,fwd,5,1983.33,350.0,0.1551,0.0
DB02_to_DK04#alt1,1,fwd,6,1983.33,300.0,0.1432,0.0
DB02_to_DK04#alt1,1,fwd,7,1950.0,250.0,0.1495,0.0
DB02_to_DK04#alt1,1,fwd,8,1900.0,200.0,0.1517,0.0
DB02_to_DK04#alt1,1,fwd,9,1850.0,150.0,0.1517,0.0
DB02_to_DK04#alt1,1,fwd,10,1800.0,100.0,0.1517,0.0
DB02_to_DK04#alt1,1,fwd,11,1750.0,66.67,0.1517,0.0
DB02_to_DK04#alt1,1,fwd,12,1700.0,50.0,0.17,0.0
DB02_to_DK04#alt1,1,fwd,13,1650.0,50.0,0.1921,0.0
DB02_to_DK04#alt1,1,fwd,14,1600.0,50.0,0.2151,0.0
DB02_to_DK04#alt1,1,fwd,15,1550.0,50.0,0.2384,0.0
DB02_to_DK04#alt1,1,fwd,16,1500.0,50.0,0.2609,0.0
DB02_to_DK04#alt1,1,fwd,17,1450.0,50.0,0.281,0.0
DB02_to_DK04#alt1,1,fwd,18,1400.0,50.0,0.2972,0.0
DB02_to_DK04#alt1,1,fwd,19,1350.0,50.0,0.3077,0.0
DB02_to_DK04#alt1,1,fwd,20,1300.0,50.0,0.344,0.0
DB02_to_DK04#alt1,1,fwd,21,1250.0,50.0,0.3895,0.0
DB02_to_DK04#alt1,1,fwd,22,1200.0,50.0,0.4346,0.0
DB02_to_DK04#alt1,1,fwd,23,1150.0,50.0,0.4746,0.0
DB02_to_DK04#alt1,1,fwd,24,1100.0,50.0,0.503,0.0
DB02_to_DK04#alt1,1,fwd,25,1050.0,50.0,0.5134,0.0
DB02_to_DK04#alt1,1,fwd,26,1000.0,50.0,0.5134,0.0
DB02_to_DK04#alt1,1,fwd,27,950.0,50.0,0.5134,0.0
DB02_to_DK04#alt1,1,fwd,28,900.0,66.67,0.5134,0.0
DB02_to_DK04#alt1,1,fwd,29,850.0,100.0,0.5903,0.0
DB02_to_DK04#alt1,1,fwd,30,800.0,133.33,0.6241,0.0
DB02_to_DK04#alt1,1,fwd,31,750.0,150.0,0.5483,0.0
DB02_to_DK04#alt1,1,fwd,32,700.0,166.67,0.4931,0.0
DB02_to_DK04#alt1,1,fwd,33,650.0,183.33,0.4931,0.0
DB02_to_DK04#alt1,1,fwd,34,600.0,216.67,0.4346,0.0
DB02_to_DK04#alt1,1,fwd,35,550.0,250.0,0.4076,0.0
DB02_to_DK04#alt1,1,fwd,36,500.0,300.0,0.3895,0.0
DB02_to_DK04#alt1,1,fwd,37,450.0,350.0,0.3895,0.0
DB02_to_DK04#alt1,1,fwd,38,400.0,400.0,0.4076,0.0
DB02_to_DK04#alt1,1,fwd,39,350.0,450.0,0.4346,0.0
DB02_to_DK04#alt1,1,fwd,40,300.0,500.0,0.4746,0.0
DB02_to_DK04#alt1,1,fwd,41,250.0,550.0,0.4931,0.0
DB02_to_DK04#alt1,1,fwd,42,200.0,600.0,0.4746,0.0
DB02_to_DK04#alt1,1,fwd,43,166.67,650.0,0.4346,0.0
DB02_to_DK04#alt1,1,fwd,44,150.0,700.0,0.4746,0.0
DB02_to_DK04#alt1,1,fwd,45,150.0,750.0,0.503,0.0
DB02_to_DK04#alt1,1,fwd,46,150.0,800.0,0.5134,0.0
DB02_to_DK04#alt1,1,fwd,47,150.0,850.0,0.5134,0.0
DB02_to_DK04#alt1,1,fwd,48,150.0,900.0,0.5134,0.0
DB02_to_DK04#alt1,1,fwd,49,150.0,950.0,0.503,0.0
DB02_to_DK04#alt1,1,fwd,50,166.67,1000.0,0.4746,0.0
DB02_to_DK04#alt1,1,fwd,51,200.0,1050.0,0.4931,0.0
DB02_to_DK04#alt1,1,fwd,52,233.33,1100.0,0.4931,0.0
DB02_to_DK04#alt1,1,fwd,53,250.0,1150.0,0.4346,0.0
DB02_to_DK04#alt1,1,fwd,54,250.0,1200.0,0.3895,0.0
DB02_to_DK04#alt1,1,fwd,55,250.0,1250.0,0.344,0.0
DB02_to_DK04#alt1,1,fwd,56,266.67,1300.0,0.3006,0.0
DB02_to_DK04#alt1,1,fwd,57,300.0,1350.0,0.281,0.0
DB02_to_DK04#alt1,1,fwd,58,350.0,1400.0,0.2721,0.0
DB02_to_DK04#alt1,1,fwd,59,400.0,1450.0,0.2721,0.0
DB02_to_DK04#alt1,1,fwd,60,450.0,1500.0,0.2721,0.0
DB02_to_DK04#alt1,1,fwd,61,500.0,1550.0,0.2721,0.0
DB02_to_DK04#alt1,1,fwd,62,550.0,1600.0,0.2721,0.0
DB02_to_DK04#alt1,1,fwd,63,583.33,1650.0,0.3114,0.0
DB02_to_DK04#alt1,1,fwd,64,600.0,1700.0,0.3077,0.0
DB02_to_DK04#alt1,1,fwd,65,616.67,1750.0,0.2972,0.0
DB02_to_DK04#alt1,1,fwd,66,650.0,1800.0,0.3269,0.0
DB02_to_DK04#alt1,1,fwd,67,700.0,1850.0,0.344,0.0
DB02_to_DK04#alt1,1,fwd,68,750.0,1900.0,0.344,0.0
DB02_to_DK04#alt1,1,fwd,69,783.33,1950.0,0.344,0.0
DB02_to_DK04#alt1,1,fwd,70,800.0,2000.0,0.3006,0.0
DB02_to_DK04#alt1,1,fwd,71,800.0,2050.0,0.3269,0.0
DB02_to_DK04#alt1,1,fwd,72,816.67,2100.0,0.3485,0.0
DB02_to_DK04#alt1,1,fwd,73,850.0,2150.0,0.4275,0.0
DB02_to_DK04#alt1,1,fwd,74,883.33,2200.0,0.5134,0.0
DB02_to_DK04#alt1,1,fwd,75,916.67,2250.0,0.5134,0.0
DB02_to_DK04#alt1,1,fwd,76,950.0,2300.0,0.6065,0.0
DB02_to_DK04#alt1,1,fwd,77,1000.0,2350.0,0.6889,0.0
DB02_to_DK04#alt1,1,fwd,78,1050.0,2400.0,0.6889,0.0
DB02_to_DK04#alt1,1,fwd,79,1100.0,2450.0,0.6889,0.0
DB02_to_DK04#alt1,1,fwd,80,1150.0,2500.0,0.6889,0.0
DB02_to_DK04#alt1,1,fwd,81,1200.0,2550.0,0.6241,0.0
DB02_to_DK04#alt1,1,fwd,82,1250.0,2583.33,0.5903,0.0
DB02_to_DK04#alt1,1,fwd,83,1300.0,2600.0,0.6065,0.0
DB02_to_DK04#alt3,3,fwd,0,2150.0,600.0,0.4076,0.0
DB02_to_DK04#alt3,3,fwd,1,2200.0,650.0,0.503,0.0
DB02_to_DK04#alt3,3,fwd,2,2250.0,683.33,0.6241,0.0
DB02_to_DK04#alt3,3,fwd,3,2300.0,700.0,0.6889,0.0
DB02_to_DK04#alt3,3,fwd,4,2350.0,700.0,0.7165,0.0
DB02_to_DK04#alt3,3,fwd,5,2400.0,700.0,0.7165,0.0
DB02_to_DK04#alt3,3,fwd,6,2450.0,700.0,0.7165,0.0
DB02_to_DK04#alt3,3,fwd,7,2500.0,716.67,0.6889,0.0
DB02_to_DK04#alt3,3,fwd,8,2550.0,733.33,0.7165,0.0
DB02_to_DK04#alt3,3,fwd,9,2600.0,750.0,0.6889,0.0
DB02_to_DK04#alt3,3,fwd,10,2650.0,800.0,0.6889,0.0
DB02_to_DK04#alt3,3,fwd,11,2700.0,850.0,0.6889,0.0
DB02_to_DK04#alt3,3,fwd,12,2733.33,900.0,0.6241,0.0
DB02_to_DK04#alt3,3,fwd,13,2750.0,950.0,0.6889,0.0
DB02_to_DK04#alt3,3,fwd,14,2750.0,1000.0,0.7165,0.0
DB02_to_DK04#alt3,3,fwd,15,2750.0,1050.0,0.7165,0.0
DB02_to_DK04#alt3,3,fwd,16,2750.0,1100.0,0.7165,0.0
DB02_to_DK04#alt3,3,fwd,17,2733.33,1150.0,0.6889,0.0
DB02_to_DK04#alt3,3,fwd,18,2716.67,1200.0,0.7165,0.0
DB02_to_DK04#alt3,3,fwd,19,2683.33,1250.0,0.6889,0.0
DB02_to_DK04#alt3,3,fwd,20,2666.67,1300.0,0.6889,0.0
DB02_to_DK04#alt3,3,fwd,21,2650.0,1350.0,0.7165,0.0
DB02_to_DK04#alt3,3,fwd,22,2650.0,1400.0,0.7165,0.0
DB02_to_DK04#alt3,3,fwd,23,2650.0,1450.0,0.7165,0.0
DB02_to_DK04#alt3,3,fwd,24,2650.0,1500.0,0.7165,0.0
DB02_to_DK04#alt3,3,fwd,25,2650.0,1550.0,0.7165,0.0
DB02_to_DK04#alt3,3,fwd,26,2650.0,1600.0,0.6889,0.0
DB02_to_DK04#alt3,3,fwd,27,2600.0,1650.0,0.6889,0.0
DB02_to_DK04#alt3,3,fwd,28,2550.0,1700.0,0.6889,0.0
DB02_to_DK04#alt3,3,fwd,29,2500.0,1750.0,0.6241,0.0
DB02_to_DK04#alt3,3,fwd,30,2450.0,1800.0,0.5903,0.0
DB02_to_DK04#alt3,3,fwd,31,2400.0,1850.0,0.5134,0.0
DB02_to_DK04#alt3,3,fwd,32,2350.0,1900.0,0.4346,0.0
DB02_to_DK04#alt3,3,fwd,33,2316.67,1950.0,0.3784,0.0
DB02_to_DK04#alt3,3,fwd,34,2300.0,2000.0,0.4346,0.0
DB02_to_DK04#alt3,3,fwd,35,2300.0,2050.0,0.4931,0.0
DB02_to_DK04#alt3,3,fwd,36,2283.33,2100.0,0.5483,0.0
DB02_to_DK04#alt3,3,fwd,37,2250.0,2150.0,0.5483,0.0
DB02_to_DK04#alt3,3,fwd,38,2200.0,2200.0,0.5483,0.0
DB02_to_DK04#alt3,3,fwd,39,2150.0,2250.0,0.5483,0.0
DB02_to_DK04#alt3,3,fwd,40,2100.0,2300.0,0.503,0.0
DB02_to_DK04#alt3,3,fwd,41,2050.0,2350.0,0.4346,0.0
DB02_to_DK04#alt3,3,fwd,42,2000.0,2400.0,0.3679,0.0
DB02_to_DK04#alt3,3,fwd,43,1950.0,2450.0,0.3114,0.0
DB02_to_DK04#alt3,3,fwd,44,1900.0,2500.0,0.281,0.0
DB02_to_DK04#alt3,3,fwd,45,1850.0,2550.0,0.3006,0.0
DB02_to_DK04#alt3,3,fwd,46,1800.0,2600.0,0.3077,0.0
DB02_to_DK04#alt3,3,fwd,47,1750.0,2633.33,0.3077,0.0
DB02_to_DK04#alt3,3,fwd,48,1700.0,2650.0,0.344,0.0
DB02_to_DK04#alt3,3,fwd,49,1650.0,2650.0,0.3784,0.0
DB02_to_DK04#alt3,3,fwd,50,1600.0,2650.0,0.4076,0.0
DB02_to_DK04#alt3,3,fwd,51,1550.0,2650.0,0.4346,0.0
DB02_to_DK04#alt3,3,fwd,52,1500.0,2633.33,0.4746,0.0
DB02_to_DK04#alt3,3,fwd,53,1450.0,2616.67,0.5903,0.0
DB02_to_DK04#alt3,3,fwd,54,1400.0,2600.0,0.6065,0.0
DB02_to_DK04#alt3,3,fwd,55,1350.0,2600.0,0.6065,0.0
DB02_to_DK04#alt3,3,fwd,56,1300.0,2600.0,0.6065,0.0
DB02_to_DK04#alt4,4,fwd,0,2150.0,600.0,0.4076,0.0
DB02_to_DK04#alt4,4,fwd,1,2100.0,550.0,0.3269,0.0
DB02_to_DK04#alt4,4,fwd,2,2050.0,500.0,0.2609,0.0
DB02_to_DK04#alt4,4,fwd,3,2000.0,450.0,0.2076,0.0
DB02_to_DK04#alt4,4,fwd,4,1950.0,416.67,0.1937,0.0
DB02_to_DK04#alt4,4,fwd,5,1900.0,400.0,0.2252,0.0
DB02_to_DK04#alt4,4,fwd,6,1850.0,400.0,0.2609,0.0
DB02_to_DK04#alt4,4,fwd,7,1800.0,383.33,0.3006,0.0
DB02_to_DK04#alt4,4,fwd,8,1750.0,350.0,0.3077,0.0
DB02_to_DK04#alt4,4,fwd,9,1700.0,300.0,0.3077,0.0
DB02_to_DK04#alt4,4,fwd,10,1650.0,266.67,0.3077,0.0
DB02_to_DK04#alt4,4,fwd,11,1600.0,250.0,0.344,0.0
DB02_to_DK04#alt4,4,fwd,12,1550.0,250.0,0.3895,0.0
DB02_to_DK04#alt4,4,fwd,13,1500.0,250.0,0.4346,0.0
DB02_to_DK04#alt4,4,fwd,14,1450.0,233.33,0.4931,0.0
DB02_to_DK04#alt4,4,fwd,15,1400.0,200.0,0.4746,0.0
DB02_to_DK04#alt4,4,fwd,16,1350.0,166.67,0.4275,0.0
DB02_to_DK04#alt4,4,fwd,17,1300.0,150.0,0.4346,0.0
DB02_to_DK04#alt4,4,fwd,18,1250.0,150.0,0.4931,0.0
DB02_to_DK04#alt4,4,fwd,19,1200.0,150.0,0.5483,0.0
DB02_to_DK04#alt4,4,fwd,20,1150.0,150.0,0.6241,0.0
DB02_to_DK04#alt4,4,fwd,21,1100.0,150.0,0.6889,0.0
DB02_to_DK04#alt4,4,fwd,22,1050.0,150.0,0.7165,0.0
DB02_to_DK04#alt4,4,fwd,23,1000.0,150.0,0.7165,0.0
DB02_to_DK04#alt4,4,fwd,24,950.0,150.0,0.7165,0.0
DB02_to_DK04#alt4,4,fwd,25,900.0,150.0,0.7165,0.0
DB02_to_DK04#alt4,4,fwd,26,850.0,166.67,0.6889,0.0
DB02_to_DK04#alt4,4,fwd,27,800.0,200.0,0.6889,0.0
DB02_to_DK04#alt4,4,fwd,28,750.0,250.0,0.6889,0.0
DB02_to_DK04#alt4,4,fwd,29,700.0,300.0,0.6889,0.0
DB02_to_DK04#alt4,4,fwd,30,650.0,350.0,0.6241,0.0
DB02_to_DK04#alt4,4,fwd,31,600.0,400.0,0.6241,0.0
DB02_to_DK04#alt4,4,fwd,32,550.0,450.0,0.6241,0.0
DB02_to_DK04#alt4,4,fwd,33,500.0,500.0,0.6241,0.0
DB02_to_DK04#alt4,4,fwd,34,450.0,550.0,0.6889,0.0
DB02_to_DK04#alt4,4,fwd,35,400.0,583.33,0.7165,0.0
DB02_to_DK04#alt4,4,fwd,36,350.0,616.67,0.6889,0.0
DB02_to_DK04#alt4,4,fwd,37,300.0,650.0,0.6889,0.0
DB02_to_DK04#alt4,4,fwd,38,266.67,700.0,0.6241,0.0
DB02_to_DK04#alt4,4,fwd,39,250.0,750.0,0.6889,0.0
DB02_to_DK04#alt4,4,fwd,40,250.0,800.0,0.7165,0.0
DB02_to_DK04#alt4,4,fwd,41,250.0,850.0,0.7165,0.0
DB02_to_DK04#alt4,4,fwd,42,250.0,900.0,0.7165,0.0
DB02_to_DK04#alt4,4,fwd,43,250.0,950.0,0.6889,0.0
DB02_to_DK04#alt4,4,fwd,44,250.0,1000.0,0.6241,0.0
DB02_to_DK04#alt4,4,fwd,45,250.0,1050.0,0.5483,0.0
DB02_to_DK04#alt4,4,fwd,46,250.0,1100.0,0.4931,0.0
DB02_to_DK04#alt4,4,fwd,47,250.0,1150.0,0.4346,0.0
DB02_to_DK04#alt4,4,fwd,48,250.0,1200.0,0.3895,0.0
DB02_to_DK04#alt4,4,fwd,49,250.0,1250.0,0.344,0.0
DB02_to_DK04#alt4,4,fwd,50,250.0,1300.0,0.3006,0.0
DB02_to_DK04#alt4,4,fwd,51,250.0,1350.0,0.2609,0.0
DB02_to_DK04#alt4,4,fwd,52,250.0,1400.0,0.2252,0.0
DB02_to_DK04#alt4,4,fwd,53,250.0,1450.0,0.1937,0.0
DB02_to_DK04#alt4,4,fwd,54,233.33,1500.0,0.17,0.0
DB02_to_DK04#alt4,4,fwd,55,200.0,1550.0,0.1344,0.0
DB02_to_DK04#alt4,4,fwd,56,150.0,1600.0,0.1069,0.0
DB02_to_DK04#alt4,4,fwd,57,100.0,1650.0,0.0854,0.0
DB02_to_DK04#alt4,4,fwd,58,66.67,1700.0,0.0681,0.0
DB02_to_DK04#alt4,4,fwd,59,50.0,1750.0,0.0591,0.0
DB02_to_DK04#alt4,4,fwd,60,50.0,1800.0,0.0524,0.0
DB02_to_DK04#alt4,4,fwd,61,50.0,1850.0,0.0467,0.0
DB02_to_DK04#alt4,4,fwd,62,50.0,1900.0,0.0444,0.0
DB02_to_DK04#alt4,4,fwd,63,66.67,1950.0,0.0423,0.0
DB02_to_DK04#alt4,4,fwd,64,100.0,2000.0,0.0467,0.0
DB02_to_DK04#alt4,4,fwd,65,150.0,2050.0,0.0507,0.0
DB02_to_DK04#alt4,4,fwd,66,200.0,2100.0,0.0542,0.0
DB02_to_DK04#alt4,4,fwd,67,250.0,2150.0,0.0585,0.0
DB02_to_DK04#alt4,4,fwd,68,300.0,2200.0,0.074,0.0
DB02_to_DK04#alt4,4,fwd,69,350.0,2250.0,0.0936,0.0
DB02_to_DK04#alt4,4,fwd,70,400.0,2300.0,0.1183,0.0
DB02_to_DK04#alt4,4,fwd,71,450.0,2350.0,0.1495,0.0
DB02_to_DK04#alt4,4,fwd,72,500.0,2400.0,0.1889,0.0
DB02_to_DK04#alt4,4,fwd,73,550.0,2450.0,0.2384,0.0
DB02_to_DK04#alt4,4,fwd,74,600.0,2500.0,0.3006,0.0
DB02_to_DK04#alt4,4,fwd,75,650.0,2550.0,0.3784,0.0
DB02_to_DK04#alt4,4,fwd,76,700.0,2583.33,0.4746,0.0
DB02_to_DK04#alt4,4,fwd,77,750.0,2600.0,0.503,0.0
DB02_to_DK04#alt4,4,fwd,78,800.0,2600.0,0.5134,0.0
DB02_to_DK04#alt4,4,fwd,79,850.0,2600.0,0.5134,0.0
DB02_to_DK04#alt4,4,fwd,80,900.0,2600.0,0.5134,0.0
DB02_to_DK04#alt4,4,fwd,81,950.0,2600.0,0.5134,0.0
DB02_to_DK04#alt4,4,fwd,82,1000.0,2600.0,0.5134,0.0
DB02_to_DK04#alt4,4,fwd,83,1050.0,2600.0,0.5134,0.0
DB02_to_DK04#alt4,4,fwd,84,1100.0,2600.0,0.503,0.0
DB02_to_DK04#alt4,4,fwd,85,1150.0,2600.0,0.503,0.0
DB02_to_DK04#alt4,4,fwd,86,1200.0,2600.0,0.5483,0.0
DB02_to_DK04#alt4,4,fwd,87,1250.0,2600.0,0.5903,0.0
DB02_to_DK04#alt4,4,fwd,88,1300.0,2600.0,0.6065,0.0
DB02_to_DK04#alt7,7,fwd,0,2150.0,600.0,0.4076,0.0
DB02_to_DK04#alt7,7,fwd,1,2200.0,550.0,0.3784,0.0
DB02_to_DK04#alt7,7,fwd,2,2250.0,500.0,0.3485,0.0
DB02_to_DK04#alt7,7,fwd,3,2300.0,450.0,0.3077,0.0
DB02_to_DK04#alt7,7,fwd,4,2350.0,400.0,0.2636,0.0
DB02_to_DK04#alt7,7,fwd,5,2400.0,350.0,0.2231,0.0
DB02_to_DK04#alt7,7,fwd,6,2450.0,300.0,0.1889,0.0
DB02_to_DK04#alt7,7,fwd,7,2500.0,266.67,0.1587,0.0
DB02_to_DK04#alt7,7,fwd,8,2550.0,250.0,0.1551,0.0
DB02_to_DK04#alt7,7,fwd,9,2600.0,233.33,0.1495,0.0
DB02_to_DK04#alt7,7,fwd,10,2650.0,216.67,0.1215,0.0
DB02_to_DK04#alt7,7,fwd,11,2700.0,200.0,0.1146,0.0
DB02_to_DK04#alt7,7,fwd,12,2750.0,216.67,0.1069,0.0
DB02_to_DK04#alt7,7,fwd,13,2800.0,233.33,0.1146,0.0
DB02_to_DK04#alt7,7,fwd,14,2850.0,266.67,0.1069,0.0
DB02_to_DK04#alt7,7,fwd,15,2900.0,300.0,0.1138,0.0
DB02_to_DK04#alt7,7,fwd,16,2950.0,350.0,0.1183,0.0
DB02_to_DK04#alt7,7,fwd,17,3000.0,400.0,0.1199,0.0
DB02_to_DK04#alt7,7,fwd,18,3050.0,450.0,0.1199,0.0
DB02_to_DK04#alt7,7,fwd,19,3100.0,500.0,0.1199,0.0
DB02_to_DK04#alt7,7,fwd,20,3150.0,550.0,0.1517,0.0
DB02_to_DK04#alt7,7,fwd,21,3200.0,600.0,0.1921,0.0
DB02_to_DK04#alt7,7,fwd,22,3250.0,650.0,0.2431,0.0
DB02_to_DK04#alt7,7,fwd,23,3300.0,700.0,0.3077,0.0
DB02_to_DK04#alt7,7,fwd,24,3333.33,750.0,0.3895,0.0
DB02_to_DK04#alt7,7,fwd,25,3350.0,800.0,0.4346,0.0
DB02_to_DK04#alt7,7,fwd,26,3350.0,850.0,0.4746,0.0
DB02_to_DK04#alt7,7,fwd,27,3350.0,900.0,0.503,0.0
DB02_to_DK04#alt7,7,fwd,28,3350.0,950.0,0.5134,0.0
DB02_to_DK04#alt7,7,fwd,29,3350.0,1000.0,0.5134,0.0
DB02_to_DK04#alt7,7,fwd,30,3350.0,1050.0,0.5134,0.0
DB02_to_DK04#alt7,7,fwd,31,3350.0,1100.0,0.5134,0.0
DB02_to_DK04#alt7,7,fwd,32,3350.0,1150.0,0.5134,0.0
DB02_to_DK04#alt7,7,fwd,33,3350.0,1200.0,0.5134,0.0
DB02_to_DK04#alt7,7,fwd,34,3350.0,1250.0,0.503,0.0
DB02_to_DK04#alt7,7,fwd,35,3366.67,1300.0,0.4746,0.0
DB02_to_DK04#alt7,7,fwd,36,3383.33,1350.0,0.5134,0.0
DB02_to_DK04#alt7,7,fwd,37,3400.0,1400.0,0.5134,0.0
DB02_to_DK04#alt7,7,fwd,38,3416.67,1450.0,0.503,0.0
DB02_to_DK04#alt7,7,fwd,39,3433.33,1500.0,0.5483,0.0
DB02_to_DK04#alt7,7,fwd,40,3450.0,1550.0,0.5483,0.0
DB02_to_DK04#alt7,7,fwd,41,3450.0,1600.0,0.5903,0.0
DB02_to_DK04#alt7,7,fwd,42,3450.0,1650.0,0.6241,0.0
DB02_to_DK04#alt7,7,fwd,43,3450.0,1700.0,0.6889,0.0
DB02_to_DK04#alt7,7,fwd,44,3450.0,1750.0,0.7165,0.0
DB02_to_DK04#alt7,7,fwd,45,3450.0,1800.0,0.7165,0.0
DB02_to_DK04#alt7,7,fwd,46,3433.33,1850.0,0.6889,0.0
DB02_to_DK04#alt7,7,fwd,47,3416.67,1900.0,0.7165,0.0
DB02_to_DK04#alt7,7,fwd,48,3383.33,1950.0,0.6889,0.0
DB02_to_DK04#alt7,7,fwd,49,3350.0,2000.0,0.6889,0.0
DB02_to_DK04#alt7,7,fwd,50,3300.0,2050.0,0.6889,0.0
DB02_to_DK04#alt7,7,fwd,51,3250.0,2100.0,0.6889,0.0
DB02_to_DK04#alt7,7,fwd,52,3216.67,2150.0,0.6065,0.0
DB02_to_DK04#alt7,7,fwd,53,3200.0,2200.0,0.5134,0.0
DB02_to_DK04#alt7,7,fwd,54,3200.0,2250.0,0.4346,0.0
DB02_to_DK04#alt7,7,fwd,55,3183.33,2300.0,0.3679,0.0
DB02_to_DK04#alt7,7,fwd,56,3150.0,2350.0,0.3114,0.0
DB02_to_DK04#alt7,7,fwd,57,3100.0,2400.0,0.2636,0.0
DB02_to_DK04#alt7,7,fwd,58,3050.0,2450.0,0.3114,0.0
DB02_to_DK04#alt7,7,fwd,59,3000.0,2500.0,0.3679,0.0
DB02_to_DK04#alt7,7,fwd,60,2950.0,2550.0,0.4275,0.0
DB02_to_DK04#alt7,7,fwd,61,2900.0,2600.0,0.4746,0.0
DB02_to_DK04#alt7,7,fwd,62,2850.0,2650.0,0.4931,0.0
DB02_to_DK04#alt7,7,fwd,63,2800.0,2700.0,0.503,0.0
DB02_to_DK04#alt7,7,fwd,64,2750.0,2750.0,0.5483,0.0
DB02_to_DK04#alt7,7,fwd,65,2700.0,2800.0,0.5483,0.0
DB02_to_DK04#alt7,7,fwd,66,2650.0,2850.0,0.5483,0.0
DB02_to_DK04#alt7,7,fwd,67,2600.0,2900.0,0.503,0.0
DB02_to_DK04#alt7,7,fwd,68,2550.0,2950.0,0.4346,0.0
DB02_to_DK04#alt7,7,fwd,69,2500.0,3000.0,0.3628,0.0
DB02_to_DK04#alt7,7,fwd,70,2450.0,3050.0,0.2972,0.0
DB02_to_DK04#alt7,7,fwd,71,2400.0,3100.0,0.2407,0.0
DB02_to_DK04#alt7,7,fwd,72,2350.0,3150.0,0.1937,0.0
DB02_to_DK04#alt7,7,fwd,73,2300.0,3200.0,0.1551,0.0
DB02_to_DK04#alt7,7,fwd,74,2250.0,3233.33,0.1239,0.0
DB02_to_DK04#alt7,7,fwd,75,2200.0,3250.0,0.1138,0.0
DB02_to_DK04#alt7,7,fwd,76,2150.0,3250.0,0.1138,0.0
DB02_to_DK04#alt7,7,fwd,77,2100.0,3250.0,0.1308,0.0
DB02_to_DK04#alt7,7,fwd,78,2050.0,3250.0,0.1495,0.0
DB02_to_DK04#alt7,7,fwd,79,2000.0,3250.0,0.17,0.0
DB02_to_DK04#alt7,7,fwd,80,1950.0,3250.0,0.1921,0.0
DB02_to_DK04#alt7,7,fwd,81,1900.0,3250.0,0.2151,0.0
DB02_to_DK04#alt7,7,fwd,82,1850.0,3250.0,0.2431,0.0
DB02_to_DK04#alt7,7,fwd,83,1800.0,3250.0,0.2721,0.0
DB02_to_DK04#alt7,7,fwd,84,1750.0,3233.33,0.3077,0.0
DB02_to_DK04#alt7,7,fwd,85,1700.0,3200.0,0.3077,0.0
DB02_to_DK04#alt7,7,fwd,86,1650.0,3166.67,0.3077,0.0
DB02_to_DK04#alt7,7,fwd,87,1600.0,3133.33,0.344,0.0
DB02_to_DK04#alt7,7,fwd,88,1550.0,3100.0,0.3269,0.0
DB02_to_DK04#alt7,7,fwd,89,1500.0,3050.0,0.3114,0.0
DB02_to_DK04#alt7,7,fwd,90,1450.0,3000.0,0.3679,0.0
DB02_to_DK04#alt7,7,fwd,91,1400.0,2950.0,0.4346,0.0
DB02_to_DK04#alt7,7,fwd,92,1350.0,2900.0,0.5134,0.0
DB02_to_DK04#alt7,7,fwd,93,1316.67,2850.0,0.5903,0.0
DB02_to_DK04#alt7,7,fwd,94,1300.0,2800.0,0.5483,0.0
DB02_to_DK04#alt7,7,fwd,95,1300.0,2750.0,0.4931,0.0
DB02_to_DK04#alt7,7,fwd,96,1300.0,2700.0,0.4346,0.0
DB02_to_DK04#alt7,7,fwd,97,1300.0,2650.0,0.5134,0.0
DB02_to_DK04#alt7,7,fwd,98,1300.0,2600.0,0.6065,0.0
DK04_to_DB02#alt7,7,bwd,0,1300.0,2600.0,0.6065,0.0
DK04_to_DB02#alt7,7,bwd,1,1350.0,2650.0,0.5134,0.0
DK04_to_DB02#alt7,7,bwd,2,1400.0,2700.0,0.4346,0.0
DK04_to_DB02#alt7,7,bwd,3,1450.0,2750.0,0.3628,0.0
DK04_to_DB02#alt7,7,bwd,4,1500.0,2800.0,0.2972,0.0
DK04_to_DB02#alt7,7,bwd,5,1550.0,2833.33,0.2609,0.0
DK04_to_DB02#alt7,7,bwd,6,1600.0,2850.0,0.2252,0.0
DK04_to_DB02#alt7,7,bwd,7,1650.0,2833.33,0.2076,0.0
DK04_to_DB02#alt7,7,bwd,8,1700.0,2800.0,0.2252,0.0
DK04_to_DB02#alt7,7,bwd,9,1750.0,2750.0,0.2384,0.0
DK04_to_DB02#alt7,7,bwd,10,1800.0,2700.0,0.2431,0.0
DK04_to_DB02#alt7,7,bwd,11,1850.0,2650.0,0.2431,0.0
DK04_to_DB02#alt7,7,bwd,12,1900.0,2600.0,0.2407,0.0
DK04_to_DB02#alt7,7,bwd,13,1950.0,2550.0,0.2972,0.0
DK04_to_DB02#alt7,7,bwd,14,2000.0,2500.0,0.3628,0.0
DK04_to_DB02#alt7,7,bwd,15,2050.0,2450.0,0.4346,0.0
DK04_to_DB02#alt7,7,bwd,16,2100.0,2400.0,0.5134,0.0
DK04_to_DB02#alt7,7,bwd,17,2150.0,2350.0,0.6065,0.0
DK04_to_DB02#alt7,7,bwd,18,2200.0,2300.0,0.6889,0.0
DK04_to_DB02#alt7,7,bwd,19,2250.0,2250.0,0.6889,0.0
DK04_to_DB02#alt7,7,bwd,20,2300.0,2200.0,0.6889,0.0
DK04_to_DB02#alt7,7,bwd,21,2350.0,2150.0,0.6889,0.0
DK04_to_DB02#alt7,7,bwd,22,2400.0,2100.0,0.6889,0.0
DK04_to_DB02#alt7,7,bwd,23,2450.0,2050.0,0.6065,0.0
DK04_to_DB02#alt7,7,bwd,24,2500.0,2000.0,0.5134,0.0
DK04_to_DB02#alt7,7,bwd,25,2550.0,1950.0,0.4346,0.0
DK04_to_DB02#alt7,7,bwd,26,2600.0,1900.0,0.3679,0.0
DK04_to_DB02#alt7,7,bwd,27,2650.0,1850.0,0.4346,0.0
DK04_to_DB02#alt7,7,bwd,28,2700.0,1800.0,0.5134,0.0
DK04_to_DB02#alt7,7,bwd,29,2750.0,1750.0,0.6065,0.0
DK04_to_DB02#alt7,7,bwd,30,2783.33,1700.0,0.7165,0.0
DK04_to_DB02#alt7,7,bwd,31,2800.0,1650.0,0.7165,0.0
DK04_to_DB02#alt7,7,bwd,32,2800.0,1600.0,0.6889,0.0
DK04_to_DB02#alt7,7,bwd,33,2850.0,1550.0,0.6889,0.0
DK04_to_DB02#alt7,7,bwd,34,2900.0,1500.0,0.6889,0.0
DK04_to_DB02#alt7,7,bwd,35,2950.0,1450.0,0.6241,0.0
DK04_to_DB02#alt7,7,bwd,36,3000.0,1400.0,0.5903,0.0
DK04_to_DB02#alt7,7,bwd,37,3033.33,1350.0,0.5134,0.0
DK04_to_DB02#alt7,7,bwd,38,3066.67,1300.0,0.4346,0.0
DK04_to_DB02#alt7,7,bwd,39,3100.0,1250.0,0.3679,0.0
DK04_to_DB02#alt7,7,bwd,40,3150.0,1200.0,0.3114,0.0
DK04_to_DB02#alt7,7,bwd,41,3200.0,1150.0,0.3114,0.0
DK04_to_DB02#alt7,7,bwd,42,3233.33,1100.0,0.3679,0.0
DK04_to_DB02#alt7,7,bwd,43,3250.0,1050.0,0.3679,0.0
DK04_to_DB02#alt7,7,bwd,44,3233.33,1000.0,0.3679,0.0
DK04_to_DB02#alt7,7,bwd,45,3200.0,950.0,0.3114,0.0
DK04_to_DB02#alt7,7,bwd,46,3150.0,900.0,0.2609,0.0
DK04_to_DB02#alt7,7,bwd,47,3100.0,850.0,0.2151,0.0
DK04_to_DB02#alt7,7,bwd,48,3050.0,800.0,0.2252,0.0
DK04_to_DB02#alt7,7,bwd,49,3000.0,750.0,0.2407,0.0
DK04_to_DB02#alt7,7,bwd,50,2950.0,700.0,0.2609,0.0
DK04_to_DB02#alt7,7,bwd,51,2900.0,650.0,0.2721,0.0
DK04_to_DB02#alt7,7,bwd,52,2850.0,600.0,0.2721,0.0
DK04_to_DB02#alt7,7,bwd,53,2800.0,550.0,0.2721,0.0
DK04_to_DB02#alt7,7,bwd,54,2750.0,500.0,0.2609,0.0
DK04_to_DB02#alt7,7,bwd,55,2700.0,466.67,0.2407,0.0
DK04_to_DB02#alt7,7,bwd,56,2650.0,450.0,0.2609,0.0
DK04_to_DB02#alt7,7,bwd,57,2600.0,466.67,0.281,0.0
DK04_to_DB02#alt7,7,bwd,58,2550.0,500.0,0.3485,0.0
DK04_to_DB02#alt7,7,bwd,59,2500.0,550.0,0.4275,0.0
DK04_to_DB02#alt7,7,bwd,60,2450.0,583.33,0.5134,0.0
DK04_to_DB02#alt7,7,bwd,61,2400.0,600.0,0.5134,0.0
DK04_to_DB02#alt7,7,bwd,62,2350.0,600.0,0.5134,0.0
DK04_to_DB02#alt7,7,bwd,63,2300.0,600.0,0.503,0.0
DK04_to_DB02#alt7,7,bwd,64,2250.0,600.0,0.4746,0.0
DK04_to_DB02#alt7,7,bwd,65,2200.0,600.0,0.4346,0.0
DK04_to_DB02#alt7,7,bwd,66,2150.0,600.0,0.4076,0.0
DB01_to_DK04#alt0,0,fwd,0,750.0,4200.0,0.7165,0.0
DB01_to_DK04#alt0,0,fwd,1,800.0,4250.0,0.5903,0.0
DB01_to_DK04#alt0,0,fwd,2,850.0,4300.0,0.6065,0.0
DB01_to_DK04#alt0,0,fwd,3,900.0,4333.33,0.7165,0.0
DB01_to_DK04#alt0,0,fwd,4,950.0,4350.0,0.7165,0.0
DB01_to_DK04#alt0,0,fwd,5,1000.0,4350.0,0.6889,0.0
DB01_to_DK04#alt0,0,fwd,6,1050.0,4350.0,0.6241,0.0
DB01_to_DK04#alt0,0,fwd,7,1100.0,4350.0,0.6889,0.0
DB01_to_DK04#alt0,0,fwd,8,1150.0,4366.67,0.7165,0.0
DB01_to_DK04#alt0,0,fwd,9,1200.0,4400.0,0.6065,0.0
DB01_to_DK04#alt0,0,fwd,10,1250.0,4450.0,0.5134,0.0
DB01_to_DK04#alt0,0,fwd,11,1300.0,4500.0,0.5903,0.0
DB01_to_DK04#alt0,0,fwd,12,1333.33,4550.0,0.7165,0.0
DB01_to_DK04#alt0,0,fwd,13,1350.0,4600.0,0.7165,0.0
DB01_to_DK04#alt0,0,fwd,14,1350.0,4650.0,0.7165,0.0
DB01_to_DK04#alt0,0,fwd,15,1350.0,4700.0,0.6889,0.0
DB01_to_DK04#alt0,0,fwd,16,1400.0,4750.0,0.6889,0.0
DB01_to_DK04#alt0,0,fwd,17,1450.0,4800.0,0.6065,0.0
DB01_to_DK04#alt0,0,fwd,18,1500.0,4833.33,0.5134,0.0
DB01_to_DK04#alt0,0,fwd,19,1550.0,4850.0,0.5134,0.0
DB01_to_DK04#alt0,0,fwd,20,1600.0,4866.67,0.503,0.0
DB01_to_DK04#alt0,0,fwd,21,1650.0,4900.0,0.4931,0.0
DB01_to_DK04#alt0,0,fwd,22,1700.0,4916.67,0.5483,0.0
DB01_to_DK04#alt0,0,fwd,23,1750.0,4916.67,0.6241,0.0
DB01_to_DK04#alt0,0,fwd,24,1800.0,4900.0,0.6889,0.0
DB01_to_DK04#alt0,0,fwd,25,1850.0,4900.0,0.7165,0.0
DB01_to_DK04#alt0,0,fwd,26,1900.0,4900.0,0.7165,0.0
DB01_to_DK04#alt0,0,fwd,27,1950.0,4900.0,0.7165,0.0
DB01_to_DK04#alt0,0,fwd,28,2000.0,4900.0,0.7165,0.0
DB01_to_DK04#alt0,0,fwd,29,2050.0,4883.33,0.6889,0.0
DB01_to_DK04#alt0,0,fwd,30,2100.0,4850.0,0.6889,0.0
DB01_to_DK04#alt0,0,fwd,31,2150.0,4800.0,0.6889,0.0
DB01_to_DK04#alt0,0,fwd,32,2183.33,4750.0,0.6889,0.0
DB01_to_DK04#alt0,0,fwd,33,2200.0,4700.0,0.7165,0.0
DB01_to_DK04#alt0,0,fwd,34,2200.0,4650.0,0.7165,0.0
DB01_to_DK04#alt0,0,fwd,35,2200.0,4600.0,0.7165,0.0
DB01_to_DK04#alt0,0,fwd,36,2183.33,4550.0,0.6889,0.0
DB01_to_DK04#alt0,0,fwd,37,2150.0,4500.0,0.6889,0.0
DB01_to_DK04#alt0,0,fwd,38,2116.67,4450.0,0.6889,0.0
DB01_to_DK04#alt0,0,fwd,39,2100.0,4400.0,0.6241,0.0
DB01_to_DK04#alt0,0,fwd,40,2100.0,4350.0,0.6889,0.0
DB01_to_DK04#alt0,0,fwd,41,2100.0,4300.0,0.7165,0.0
DB01_to_DK04#alt0,0,fwd,42,2100.0,4250.0,0.7165,0.0
DB01_to_DK04#alt0,0,fwd,43,2100.0,4200.0,0.7165,0.0
DB01_to_DK04#alt0,0,fwd,44,2100.0,4150.0,0.7165,0.0
DB01_to_DK04#alt0,0,fwd,45,2100.0,4100.0,0.7165,0.0
DB01_to_DK04#alt0,0,fwd,46,2083.33,4050.0,0.6889,0.0
DB01_to_DK04#alt0,0,fwd,47,2066.67,4000.0,0.7165,0.0
DB01_to_DK04#alt0,0,fwd,48,2033.33,3950.0,0.6889,0.0
DB01_to_DK04#alt0,0,fwd,49,2000.0,3900.0,0.6889,0.0
DB01_to_DK04#alt0,0,fwd,50,1950.0,3850.0,0.6065,0.0
DB01_to_DK04#alt0,0,fwd,51,1900.0,3800.0,0.5134,0.0
DB01_to_DK04#alt0,0,fwd,52,1850.0,3750.0,0.5134,0.0
DB01_to_DK04#alt0,0,fwd,53,1800.0,3700.0,0.5903,0.0
DB01_to_DK04#alt0,0,fwd,54,1750.0,3650.0,0.6241,0.0
DB01_to_DK04#alt0,0,fwd,55,1716.67,3600.0,0.7165,0.0
DB01_to_DK04#alt0,0,fwd,56,1683.33,3550.0,0.6889,0.0
DB01_to_DK04#alt0,0,fwd,57,1650.0,3500.0,0.6889,0.0
DB01_to_DK04#alt0,0,fwd,58,1600.0,3450.0,0.6889,0.0
DB01_to_DK04#alt0,0,fwd,59,1550.0,3400.0,0.6889,0.0
DB01_to_DK04#alt0,0,fwd,60,1500.0,3350.0,0.6889,0.0
DB01_to_DK04#alt0,0,fwd,61,1450.0,3300.0,0.6889,0.0
DB01_to_DK04#alt0,0,fwd,62,1400.0,3250.0,0.6065,0.0
DB01_to_DK04#alt0,0,fwd,63,1350.0,3200.0,0.5483,0.0
DB01_to_DK04#alt0,0,fwd,64,1316.67,3150.0,0.5903,0.0
DB01_to_DK04#alt0,0,fwd,65,1300.0,3100.0,0.6065,0.0
DB01_to_DK04#alt0,0,fwd,66,1300.0,3050.0,0.6065,0.0
DB01_to_DK04#alt0,0,fwd,67,1300.0,3000.0,0.6065,0.0
DB01_to_DK04#alt0,0,fwd,68,1300.0,2950.0,0.6065,0.0
DB01_to_DK04#alt0,0,fwd,69,1300.0,2900.0,0.6065,0.0
DB01_to_DK04#alt0,0,fwd,70,1300.0,2850.0,0.5903,0.0
DB01_to_DK04#alt0,0,fwd,71,1300.0,2800.0,0.5483,0.0
DB01_to_DK04#alt0,0,fwd,72,1300.0,2750.0,0.4931,0.0
DB01_to_DK04#alt0,0,fwd,73,1300.0,2700.0,0.4346,0.0
DB01_to_DK04#alt0,0,fwd,74,1300.0,2650.0,0.5134,0.0
DB01_to_DK04#alt0,0,fwd,75,1300.0,2600.0,0.6065,0.0
DK04_to_DB01#alt1,1,bwd,0,1300.0,2600.0,0.6065,0.0
DK04_to_DB01#alt1,1,bwd,1,1250.0,2650.0,0.503,0.0
DK04_to_DB01#alt1,1,bwd,2,1200.0,2683.33,0.5483,0.0
DK04_to_DB01#alt1,1,bwd,3,1150.0,2700.0,0.6241,0.0
DK04_to_DB01#alt1,1,bwd,4,1100.0,2700.0,0.6889,0.0
DK04_to_DB01#alt1,1,bwd,5,1050.0,2700.0,0.7165,0.0
DK04_to_DB01#alt1,1,bwd,6,1000.0,2700.0,0.7165,0.0
DK04_to_DB01#alt1,1,bwd,7,950.0,2700.0,0.7165,0.0
DK04_to_DB01#alt1,1,bwd,8,900.0,2700.0,0.7165,0.0
DK04_to_DB01#alt1,1,bwd,9,850.0,2700.0,0.7165,0.0
DK04_to_DB01#alt1,1,bwd,10,800.0,2700.0,0.7165,0.0
DK04_to_DB01#alt1,1,bwd,11,750.0,2716.67,0.6889,0.0
DK04_to_DB01#alt1,1,bwd,12,700.0,2750.0,0.6889,0.0
DK04_to_DB01#alt1,1,bwd,13,650.0,2800.0,0.6889,0.0
DK04_to_DB01#alt1,1,bwd,14,600.0,2850.0,0.6241,0.0
DK04_to_DB01#alt1,1,bwd,15,550.0,2900.0,0.5903,0.0
DK04_to_DB01#alt1,1,bwd,16,500.0,2950.0,0.5134,0.0
DK04_to_DB01#alt1,1,bwd,17,450.0,3000.0,0.4346,0.0
DK04_to_DB01#alt1,1,bwd,18,400.0,3050.0,0.3679,0.0
DK04_to_DB01#alt1,1,bwd,19,350.0,3100.0,0.3077,0.0
DK04_to_DB01#alt1,1,bwd,20,300.0,3150.0,0.253,0.0
DK04_to_DB01#alt1,1,bwd,21,250.0,3200.0,0.2057,0.0
DK04_to_DB01#alt1,1,bwd,22,216.67,3250.0,0.1661,0.0
DK04_to_DB01#alt1,1,bwd,23,200.0,3300.0,0.1551,0.0
DK04_to_DB01#alt1,1,bwd,24,200.0,3350.0,0.1432,0.0
DK04_to_DB01#alt1,1,bwd,25,183.33,3400.0,0.1335,0.0
DK04_to_DB01#alt1,1,bwd,26,150.0,3450.0,0.1432,0.0
DK04_to_DB01#alt1,1,bwd,27,116.67,3500.0,0.1551,0.0
DK04_to_DB01#alt1,1,bwd,28,83.33,3550.0,0.1798,0.0
DK04_to_DB01#alt1,1,bwd,29,66.67,3600.0,0.1889,0.0
DK04_to_DB01#alt1,1,bwd,30,50.0,3650.0,0.2151,0.0
DK04_to_DB01#alt1,1,bwd,31,50.0,3700.0,0.2431,0.0
DK04_to_DB01#alt1,1,bwd,32,50.0,3750.0,0.2721,0.0
DK04_to_DB01#alt1,1,bwd,33,50.0,3800.0,0.3077,0.0
DK04_to_DB01#alt1,1,bwd,34,66.67,3850.0,0.344,0.0
DK04_to_DB01#alt1,1,bwd,35,83.33,3900.0,0.4346,0.0
DK04_to_DB01#alt1,1,bwd,36,100.0,3950.0,0.4746,0.0
DK04_to_DB01#alt1,1,bwd,37,100.0,4000.0,0.503,0.0
DK04_to_DB01#alt1,1,bwd,38,100.0,4050.0,0.5134,0.0
DK04_to_DB01#alt1,1,bwd,39,100.0,4100.0,0.5134,0.0
DK04_to_DB01#alt1,1,bwd,40,100.0,4150.0,0.5134,0.0
DK04_to_DB01#alt1,1,bwd,41,100.0,4200.0,0.5134,0.0
DK04_to_DB01#alt1,1,bwd,42,116.67,4250.0,0.5134,0.0
DK04_to_DB01#alt1,1,bwd,43,150.0,4300.0,0.5903,0.0
DK04_to_DB01#alt1,1,bwd,44,200.0,4350.0,0.6241,0.0
DK04_to_DB01#alt1,1,bwd,45,250.0,4400.0,0.6241,0.0
DK04_to_DB01#alt1,1,bwd,46,300.0,4433.33,0.5903,0.0
DK04_to_DB01#alt1,1,bwd,47,350.0,4450.0,0.6241,0.0
DK04_to_DB01#alt1,1,bwd,48,400.0,4450.0,0.6889,0.0
DK04_to_DB01#alt1,1,bwd,49,450.0,4450.0,0.7165,0.0
DK04_to_DB01#alt1,1,bwd,50,500.0,4450.0,0.6889,0.0
DK04_to_DB01#alt1,1,bwd,51,550.0,4400.0,0.7165,0.0
DK04_to_DB01#alt1,1,bwd,52,600.0,4400.0,0.6889,0.0
DK04_to_DB01#alt1,1,bwd,53,650.0,4350.0,0.6889,0.0
DK04_to_DB01#alt1,1,bwd,54,700.0,4300.0,0.6889,0.0
DK04_to_DB01#alt1,1,bwd,55,733.33,4250.0,0.6889,0.0
DK04_to_DB01#alt1,1,bwd,56,750.0,4200.0,0.7165,0.0
DB01_to_DK04#alt4,4,fwd,0,750.0,4200.0,0.7165,0.0
DB01_to_DK04#alt4,4,fwd,1,800.0,4250.0,0.5903,0.0
DB01_to_DK04#alt4,4,fwd,2,850.0,4300.0,0.6065,0.0
DB01_to_DK04#alt4,4,fwd,3,900.0,4333.33,0.7165,0.0
DB01_to_DK04#alt4,4,fwd,4,950.0,4350.0,0.7165,0.0
DB01_to_DK04#alt4,4,fwd,5,1000.0,4350.0,0.6889,0.0
DB01_to_DK04#alt4,4,fwd,6,1050.0,4400.0,0.6889,0.0
DB01_to_DK04#alt4,4,fwd,7,1083.33,4450.0,0.6889,0.0
DB01_to_DK04#alt4,4,fwd,8,1100.0,4500.0,0.7165,0.0
DB01_to_DK04#alt4,4,fwd,9,1100.0,4550.0,0.7165,0.0
DB01_to_DK04#alt4,4,fwd,10,1100.0,4600.0,0.7165,0.0
DB01_to_DK04#alt4,4,fwd,11,1083.33,4650.0,0.6889,0.0
DB01_to_DK04#alt4,4,fwd,12,1083.33,4700.0,0.6241,0.0
DB01_to_DK04#alt4,4,fwd,13,1083.33,4750.0,0.5483,0.0
DB01_to_DK04#alt4,4,fwd,14,1116.67,4800.0,0.4931,0.0
DB01_to_DK04#alt4,4,fwd,15,1150.0,4850.0,0.3895,0.0
DB01_to_DK04#alt4,4,fwd,16,1200.0,4900.0,0.3077,0.0
DB01_to_DK04#alt4,4,fwd,17,1250.0,4933.33,0.3006,0.0
DB01_to_DK04#alt4,4,fwd,18,1300.0,4950.0,0.3269,0.0
DB01_to_DK04#alt4,4,fwd,19,1350.0,4950.0,0.3485,0.0
DB01_to_DK04#alt4,4,fwd,20,1400.0,4950.0,0.3628,0.0
DB01_to_DK04#alt4,4,fwd,21,1450.0,4950.0,0.3679,0.0
DB01_to_DK04#alt4,4,fwd,22,1500.0,4950.0,0.3679,0.0
DB01_to_DK04#alt4,4,fwd,23,1550.0,4950.0,0.3679,0.0
DB01_to_DK04#alt4,4,fwd,24,1600.0,4950.0,0.3895,0.0
DB01_to_DK04#alt4,4,fwd,25,1650.0,4950.0,0.4346,0.0
DB01_to_DK04#alt4,4,fwd,26,1700.0,4950.0,0.4931,0.0
DB01_to_DK04#alt4,4,fwd,27,1750.0,4950.0,0.5483,0.0
DB01_to_DK04#alt4,4,fwd,28,1800.0,4950.0,0.5903,0.0
DB01_to_DK04#alt4,4,fwd,29,1850.0,4950.0,0.6065,0.0
DB01_to_DK04#alt4,4,fwd,30,1900.0,4950.0,0.6065,0.0
DB01_to_DK04#alt4,4,fwd,31,1950.0,4950.0,0.6065,0.0
DB01_to_DK04#alt4,4,fwd,32,2000.0,4950.0,0.6065,0.0
DB01_to_DK04#alt4,4,fwd,33,2050.0,4950.0,0.5903,0.0
DB01_to_DK04#alt4,4,fwd,34,2100.0,4950.0,0.5483,0.0
DB01_to_DK04#alt4,4,fwd,35,2150.0,4950.0,0.4931,0.0
DB01_to_DK04#alt4,4,fwd,36,2200.0,4950.0,0.4346,0.0
DB01_to_DK04#alt4,4,fwd,37,2250.0,4950.0,0.3895,0.0
DB01_to_DK04#alt4,4,fwd,38,2300.0,4950.0,0.344,0.0
DB01_to_DK04#alt4,4,fwd,39,2350.0,4950.0,0.3077,0.0
DB01_to_DK04#alt4,4,fwd,40,2400.0,4950.0,0.2721,0.0
DB01_to_DK04#alt4,4,fwd,41,2450.0,4933.33,0.2384,0.0
DB01_to_DK04#alt4,4,fwd,42,2500.0,4900.0,0.2252,0.0
DB01_to_DK04#alt4,4,fwd,43,2550.0,4866.67,0.2636,0.0
DB01_to_DK04#alt4,4,fwd,44,2600.0,4833.33,0.2609,0.0
DB01_to_DK04#alt4,4,fwd,45,2650.0,4833.33,0.253,0.0
DB01_to_DK04#alt4,4,fwd,46,2700.0,4833.33,0.2407,0.0
DB01_to_DK04#alt4,4,fwd,47,2750.0,4833.33,0.2252,0.0
DB01_to_DK04#alt4,4,fwd,48,2800.0,4800.0,0.2384,0.0
DB01_to_DK04#alt4,4,fwd,49,2850.0,4750.0,0.2431,0.0
DB01_to_DK04#alt4,4,fwd,50,2900.0,4700.0,0.2384,0.0
DB01_to_DK04#alt4,4,fwd,51,2950.0,4650.0,0.2609,0.0
DB01_to_DK04#alt4,4,fwd,52,3000.0,4600.0,0.3114,0.0
DB01_to_DK04#alt4,4,fwd,53,3050.0,4550.0,0.3679,0.0
DB01_to_DK04#alt4,4,fwd,54,3100.0,4500.0,0.4346,0.0
DB01_to_DK04#alt4,4,fwd,55,3150.0,4450.0,0.503,0.0
DB01_to_DK04#alt4,4,fwd,56,3200.0,4400.0,0.5483,0.0
DB01_to_DK04#alt4,4,fwd,57,3250.0,4350.0,0.5483,0.0
DB01_to_DK04#alt4,4,fwd,58,3283.33,4300.0,0.6241,0.0
DB01_to_DK04#alt4,4,fwd,59,3300.0,4250.0,0.6889,0.0
DB01_to_DK04#alt4,4,fwd,60,3283.33,4200.0,0.7165,0.0
DB01_to_DK04#alt4,4,fwd,61,3266.67,4150.0,0.7165,0.0
DB01_to_DK04#alt4,4,fwd,62,3250.0,4100.0,0.7165,0.0
DB01_to_DK04#alt4,4,fwd,63,3233.33,4050.0,0.6889,0.0
DB01_to_DK04#alt4,4,fwd,64,3200.0,4000.0,0.6889,0.0
DB01_to_DK04#alt4,4,fwd,65,3150.0,3950.0,0.6889,0.0
DB01_to_DK04#alt4,4,fwd,66,3100.0,3900.0,0.6065,0.0
DB01_to_DK04#alt4,4,fwd,67,3050.0,3850.0,0.5134,0.0
DB01_to_DK04#alt4,4,fwd,68,3000.0,3800.0,0.4346,0.0
DB01_to_DK04#alt4,4,fwd,69,2950.0,3750.0,0.3628,0.0
DB01_to_DK04#alt4,4,fwd,70,2900.0,3700.0,0.2972,0.0
DB01_to_DK04#alt4,4,fwd,71,2850.0,3650.0,0.2407,0.0
DB01_to_DK04#alt4,4,fwd,72,2800.0,3600.0,0.2431,0.0
DB01_to_DK04#alt4,4,fwd,73,2750.0,3550.0,0.2431,0.0
DB01_to_DK04#alt4,4,fwd,74,2700.0,3500.0,0.2384,0.0
DB01_to_DK04#alt4,4,fwd,75,2650.0,3450.0,0.2252,0.0
DB01_to_DK04#alt4,4,fwd,76,2600.0,3400.0,0.2057,0.0
DB01_to_DK04#alt4,4,fwd,77,2550.0,3350.0,0.1827,0.0
DB01_to_DK04#alt4,4,fwd,78,2500.0,3300.0,0.1587,0.0
DB01_to_DK04#alt4,4,fwd,79,2450.0,3250.0,0.1551,0.0
DB01_to_DK04#alt4,4,fwd,80,2400.0,3200.0,0.1755,0.0
DB01_to_DK04#alt4,4,fwd,81,2350.0,3166.67,0.1937,0.0
DB01_to_DK04#alt4,4,fwd,82,2300.0,3133.33,0.1798,0.0
DB01_to_DK04#alt4,4,fwd,83,2250.0,3100.0,0.1889,0.0
DB01_to_DK04#alt4,4,fwd,84,2200.0,3066.67,0.1937,0.0
DB01_to_DK04#alt4,4,fwd,85,2150.0,3050.0,0.1798,0.0
DB01_to_DK04#alt4,4,fwd,86,2100.0,3033.33,0.1648,0.0
DB01_to_DK04#alt4,4,fwd,87,2050.0,3000.0,0.17,0.0
DB01_to_DK04#alt4,4,fwd,88,2000.0,2950.0,0.17,0.0
DB01_to_DK04#alt4,4,fwd,89,1950.0,2900.0,0.17,0.0
DB01_to_DK04#alt4,4,fwd,90,1900.0,2866.67,0.1648,0.0
DB01_to_DK04#alt4,4,fwd,91,1850.0,2833.33,0.1495,0.0
DB01_to_DK04#alt4,4,fwd,92,1800.0,2800.0,0.1889,0.0
DB01_to_DK04#alt4,4,fwd,93,1750.0,2750.0,0.2384,0.0
DB01_to_DK04#alt4,4,fwd,94,1700.0,2700.0,0.3006,0.0
DB01_to_DK04#alt4,4,fwd,95,1650.0,2666.67,0.3784,0.0
DB01_to_DK04#alt4,4,fwd,96,1600.0,2633.33,0.4076,0.0
DB01_to_DK04#alt4,4,fwd,97,1550.0,2616.67,0.503,0.0
DB01_to_DK04#alt4,4,fwd,98,1500.0,2600.0,0.5483,0.0
DB01_to_DK04#alt4,4,fwd,99,1450.0,2600.0,0.5903,0.0
DB01_to_DK04#alt4,4,fwd,100,1400.0,2600.0,0.6065,0.0
DB01_to_DK04#alt4,4,fwd,101,1350.0,2600.0,0.6065,0.0
DB01_to_DK04#alt4,4,fwd,102,1300.0,2600.0,0.6065,0.0
DB01_to_DK06#alt0,0,fwd,0,750.0,4200.0,0.7165,0.0
DB01_to_DK06#alt0,0,fwd,1,800.0,4250.0,0.5903,0.0
DB01_to_DK06#alt0,0,fwd,2,850.0,4300.0,0.6065,0.0
DB01_to_DK06#alt0,0,fwd,3,900.0,4333.33,0.7165,0.0
DB01_to_DK06#alt0,0,fwd,4,950.0,4350.0,0.7165,0.0
DB01_to_DK06#alt0,0,fwd,5,1000.0,4350.0,0.6889,0.0
DB01_to_DK06#alt0,0,fwd,6,1050.0,4400.0,0.6889,0.0
DB01_to_DK06#alt0,0,fwd,7,1100.0,4450.0,0.6889,0.0
DB01_to_DK06#alt0,0,fwd,8,1150.0,4500.0,0.6065,0.0
DB01_to_DK06#alt0,0,fwd,9,1200.0,4550.0,0.5134,0.0
DB01_to_DK06#alt0,0,fwd,10,1233.33,4600.0,0.5134,0.0
DB01_to_DK06#alt0,0,fwd,11,1250.0,4650.0,0.5134,0.0
DB01_to_DK06#alt0,0,fwd,12,1266.67,4700.0,0.503,0.0
DB01_to_DK06#alt0,0,fwd,13,1300.0,4750.0,0.5483,0.0
DB01_to_DK06#alt0,0,fwd,14,1350.0,4800.0,0.5483,0.0
DB01_to_DK06#alt0,0,fwd,15,1400.0,4833.33,0.503,0.0
DB01_to_DK06#alt0,0,fwd,16,1450.0,4850.0,0.5134,0.0
DB01_to_DK06#alt0,0,fwd,17,1500.0,4850.0,0.5134,0.0
DB01_to_DK06#alt0,0,fwd,18,1550.0,4850.0,0.5134,0.0
DB01_to_DK06#alt0,0,fwd,19,1600.0,4866.67,0.503,0.0
DB01_to_DK06#alt0,0,fwd,20,1650.0,4900.0,0.4931,0.0
DB01_to_DK06#alt0,0,fwd,21,1700.0,4916.67,0.5483,0.0
DB01_to_DK06#alt0,0,fwd,22,1750.0,4916.67,0.6241,0.0
DB01_to_DK06#alt0,0,fwd,23,1800.0,4900.0,0.6889,0.0
DB01_to_DK06#alt0,0,fwd,24,1850.0,4900.0,0.7165,0.0
DB01_to_DK06#alt0,0,fwd,25,1900.0,4900.0,0.7165,0.0
DB01_to_DK06#alt0,0,fwd,26,1950.0,4900.0,0.7165,0.0
DB01_to_DK06#alt0,0,fwd,27,2000.0,4900.0,0.7165,0.0
DB01_to_DK06#alt0,0,fwd,28,2050.0,4883.33,0.6889,0.0
DB01_to_DK06#alt0,0,fwd,29,2100.0,4866.67,0.6889,0.0
DB01_to_DK06#alt0,0,fwd,30,2150.0,4850.0,0.6241,0.0
DB01_to_DK06#alt0,0,fwd,31,2200.0,4850.0,0.5483,0.0
DB01_to_DK06#alt0,0,fwd,32,2250.0,4850.0,0.4931,0.0
DB01_to_DK06#alt0,0,fwd,33,2300.0,4850.0,0.4346,0.0
DB01_to_DK06#alt0,0,fwd,34,2350.0,4850.0,0.3784,0.0
DB01_to_DK06#alt0,0,fwd,35,2400.0,4833.33,0.3269,0.0
DB01_to_DK06#alt0,0,fwd,36,2450.0,4800.0,0.3077,0.0
DB01_to_DK06#alt0,0,fwd,37,2500.0,4750.0,0.3679,0.0
DB01_to_DK06#alt0,0,fwd,38,2550.0,4716.67,0.4346,0.0
DB01_to_DK06#alt0,0,fwd,39,2600.0,4683.33,0.4275,0.0
DB01_to_DK06#alt0,0,fwd,40,2650.0,4650.0,0.4746,0.0
DB01_to_DK06#alt0,0,fwd,41,2700.0,4600.0,0.4931,0.0
DB01_to_DK06#alt0,0,fwd,42,2750.0,4550.0,0.4746,0.0
DB01_to_DK06#alt0,0,fwd,43,2800.0,4500.0,0.4275,0.0
DB01_to_DK06#alt0,0,fwd,44,2850.0,4450.0,0.4346,0.0
DB01_to_DK06#alt0,0,fwd,45,2900.0,4400.0,0.5483,0.0
DB01_to_DK06#alt0,0,fwd,46,2950.0,4366.67,0.6889,0.0
DB01_to_DK06#alt0,0,fwd,47,3000.0,4350.0,0.7165,0.0
DB01_to_DK06#alt0,0,fwd,48,3050.0,4350.0,0.7165,0.0
DB01_to_DK06#alt0,0,fwd,49,3100.0,4350.0,0.7165,0.0
DB01_to_DK06#alt0,0,fwd,50,3150.0,4333.33,0.6889,0.0
DB01_to_DK06#alt0,0,fwd,51,3200.0,4300.0,0.6889,0.0
DB01_to_DK06#alt0,0,fwd,52,3250.0,4250.0,0.6889,0.0
DB01_to_DK06#alt0,0,fwd,53,3283.33,4200.0,0.7165,0.0
DB01_to_DK06#alt0,0,fwd,54,3300.0,4150.0,0.7165,0.0
DB01_to_DK06#alt0,0,fwd,55,3300.0,4100.0,0.7165,0.0
DB01_to_DK06#alt0,0,fwd,56,3316.67,4050.0,0.6889,0.0
DB01_to_DK06#alt0,0,fwd,57,3350.0,4000.0,0.6889,0.0
DB01_to_DK06#alt0,0,fwd,58,3400.0,3950.0,0.6889,0.0
DB01_to_DK06#alt0,0,fwd,59,3450.0,3900.0,0.6889,0.0
DB01_to_DK06#alt0,0,fwd,60,3500.0,3850.0,0.6065,0.0
DB01_to_DK06#alt0,0,fwd,61,3550.0,3800.0,0.5134,0.0
DB01_to_DK06#alt0,0,fwd,62,3600.0,3750.0,0.4346,0.0
DB01_to_DK06#alt0,0,fwd,63,3633.33,3700.0,0.3679,0.0
DB01_to_DK06#alt0,0,fwd,64,3633.33,3650.0,0.3114,0.0
DB01_to_DK06#alt0,0,fwd,65,3633.33,3600.0,0.2636,0.0
DB01_to_DK06#alt0,0,fwd,66,3650.0,3550.0,0.2231,0.0
DB01_to_DK06#alt0,0,fwd,67,3666.67,3500.0,0.2384,0.0
DB01_to_DK06#alt0,0,fwd,68,3683.33,3450.0,0.2252,0.0
DB01_to_DK06#alt0,0,fwd,69,3666.67,3400.0,0.281,0.0
DB01_to_DK06#alt0,0,fwd,70,3666.67,3350.0,0.2972,0.0
DB01_to_DK06#alt0,0,fwd,71,3666.67,3300.0,0.3077,0.0
DB01_to_DK06#alt0,0,fwd,72,3683.33,3250.0,0.2636,0.0
DB01_to_DK06#alt0,0,fwd,73,3700.0,3200.0,0.2636,0.0
DB01_to_DK06#alt0,0,fwd,74,3683.33,3150.0,0.2636,0.0
DB01_to_DK06#alt0,0,fwd,75,3666.67,3100.0,0.3077,0.0
DB01_to_DK06#alt0,0,fwd,76,3666.67,3050.0,0.2972,0.0
DB01_to_DK06#alt0,0,fwd,77,3666.67,3000.0,0.281,0.0
DB01_to_DK06#alt0,0,fwd,78,3650.0,2950.0,0.2609,0.0
DB01_to_DK06#alt0,0,fwd,79,3600.0,2900.0,0.2721,0.0
DB01_to_DK06#alt0,0,fwd,80,3583.33,2850.0,0.2431,0.0
DB01_to_DK06#alt0,0,fwd,81,3583.33,2800.0,0.2151,0.0
DB01_to_DK06#alt0,0,fwd,82,3600.0,2750.0,0.1921,0.0
DB01_to_DK06#alt0,0,fwd,83,3600.0,2700.0,0.17,0.0
DB01_to_DK06#alt0,0,fwd,84,3600.0,2650.0,0.1517,0.0
DB01_to_DK06#alt0,0,fwd,85,3600.0,2600.0,0.1344,0.0
DB01_to_DK06#alt0,0,fwd,86,3600.0,2550.0,0.1183,0.0
DB01_to_DK06#alt0,0,fwd,87,3600.0,2500.0,0.1183,0.0
DB01_to_DK06#alt0,0,fwd,88,3600.0,2450.0,0.1344,0.0
DB01_to_DK06#alt0,0,fwd,89,3600.0,2400.0,0.1517,0.0
DB01_to_DK06#alt0,0,fwd,90,3583.33,2350.0,0.17,0.0
DB01_to_DK06#alt0,0,fwd,91,3566.67,2300.0,0.2151,0.0
DB01_to_DK06#alt0,0,fwd,92,3550.0,2250.0,0.2431,0.0
DB01_to_DK06#alt0,0,fwd,93,3550.0,2200.0,0.2721,0.0
DB01_to_DK06#alt0,0,fwd,94,3550.0,2150.0,0.3077,0.0
DB01_to_DK06#alt0,0,fwd,95,3550.0,2100.0,0.344,0.0
DB01_to_DK06#alt0,0,fwd,96,3550.0,2050.0,0.3784,0.0
DB01_to_DK06#alt0,0,fwd,97,3550.0,2000.0,0.4076,0.0
DB01_to_DK06#alt0,0,fwd,98,3550.0,1950.0,0.4346,0.0
DB01_to_DK06#alt0,0,fwd,99,3550.0,1900.0,0.4746,0.0
DB01_to_DK06#alt0,0,fwd,100,3550.0,1850.0,0.503,0.0
DB01_to_DK06#alt0,0,fwd,101,3550.0,1800.0,0.5134,0.0
DB01_to_DK06#alt0,0,fwd,102,3533.33,1750.0,0.5134,0.0
DB01_to_DK06#alt0,0,fwd,103,3500.0,1700.0,0.5903,0.0
DB01_to_DK06#alt0,0,fwd,104,3450.0,1650.0,0.6241,0.0
DB01_to_DK06#alt0,0,fwd,105,3400.0,1600.0,0.6889,0.0
DB01_to_DK06#alt0,0,fwd,106,3350.0,1550.0,0.6889,0.0
DB01_to_DK06#alt0,0,fwd,107,3300.0,1500.0,0.6889,0.0
DB01_to_DK06#alt0,0,fwd,108,3266.67,1450.0,0.6241,0.0
DB01_to_DK06#alt0,0,fwd,109,3250.0,1400.0,0.5483,0.0
DB01_to_DK06#alt0,0,fwd,110,3250.0,1350.0,0.4746,0.0
DB01_to_DK06#alt0,0,fwd,111,3266.67,1300.0,0.4076,0.0
DB01_to_DK06#alt0,0,fwd,112,3283.33,1250.0,0.4275,0.0
DB01_to_DK06#alt0,0,fwd,113,3300.0,1200.0,0.4346,0.0
DB01_to_DK06#alt0,0,fwd,114,3300.0,1150.0,0.4346,0.0
DB01_to_DK06#alt0,0,fwd,115,3300.0,1100.0,0.4346,0.0
DB01_to_DK06#alt0,0,fwd,116,3300.0,1050.0,0.4346,0.0
DK06_to_DB01#alt0,0,bwd,0,3300.0,1050.0,0.4346,0.0
DK06_to_DB01#alt0,0,bwd,1,3350.0,1100.0,0.5134,0.0
DK06_to_DB01#alt0,0,bwd,2,3400.0,1150.0,0.6065,0.0
DK06_to_DB01#alt0,0,bwd,3,3433.33,1200.0,0.7165,0.0
DK06_to_DB01#alt0,0,bwd,4,3466.67,1250.0,0.6889,0.0
DK06_to_DB01#alt0,0,bwd,5,3483.33,1300.0,0.7165,0.0
DK06_to_DB01#alt0,0,bwd,6,3500.0,1350.0,0.7165,0.0
DK06_to_DB01#alt0,0,bwd,7,3500.0,1400.0,0.7165,0.0
DK06_to_DB01#alt0,0,bwd,8,3516.67,1450.0,0.6889,0.0
DK06_to_DB01#alt0,0,bwd,9,3550.0,1500.0,0.6889,0.0
DK06_to_DB01#alt0,0,bwd,10,3600.0,1550.0,0.6241,0.0
DK06_to_DB01#alt0,0,bwd,11,3650.0,1600.0,0.5903,0.0
DK06_to_DB01#alt0,0,bwd,12,3700.0,1650.0,0.5134,0.0
DK06_to_DB01#alt0,0,bwd,13,3750.0,1700.0,0.4275,0.0
DK06_to_DB01#alt0,0,bwd,14,3800.0,1750.0,0.3485,0.0
DK06_to_DB01#alt0,0,bwd,15,3833.33,1800.0,0.281,0.0
DK06_to_DB01#alt0,0,bwd,16,3850.0,1850.0,0.2407,0.0
DK06_to_DB01#alt0,0,bwd,17,3850.0,1900.0,0.2057,0.0
DK06_to_DB01#alt0,0,bwd,18,3850.0,1950.0,0.1889,0.0
DK06_to_DB01#alt0,0,bwd,19,3850.0,2000.0,0.2076,0.0
DK06_to_DB01#alt0,0,bwd,20,3866.67,2050.0,0.2252,0.0
DK06_to_DB01#alt0,0,bwd,21,3883.33,2100.0,0.281,0.0
DK06_to_DB01#alt0,0,bwd,22,3900.0,2150.0,0.2972,0.0
DK06_to_DB01#alt0,0,bwd,23,3900.0,2200.0,0.3077,0.0
DK06_to_DB01#alt0,0,bwd,24,3900.0,2250.0,0.3114,0.0
DK06_to_DB01#alt0,0,bwd,25,3900.0,2300.0,0.3114,0.0
DK06_to_DB01#alt0,0,bwd,26,3900.0,2350.0,0.3114,0.0
DK06_to_DB01#alt0,0,bwd,27,3900.0,2400.0,0.3077,0.0
DK06_to_DB01#alt0,0,bwd,28,3916.67,2450.0,0.2972,0.0
DK06_to_DB01#alt0,0,bwd,29,3950.0,2500.0,0.3269,0.0
DK06_to_DB01#alt0,0,bwd,30,4000.0,2550.0,0.344,0.0
DK06_to_DB01#alt0,0,bwd,31,4033.33,2600.0,0.344,0.0
DK06_to_DB01#alt0,0,bwd,32,4050.0,2650.0,0.3077,0.0
DK06_to_DB01#alt0,0,bwd,33,4050.0,2700.0,0.2721,0.0
DK06_to_DB01#alt0,0,bwd,34,4050.0,2750.0,0.2384,0.0
DK06_to_DB01#alt0,0,bwd,35,4066.67,2800.0,0.2076,0.0
DK06_to_DB01#alt0,0,bwd,36,4100.0,2850.0,0.1937,0.0
DK06_to_DB01#alt0,0,bwd,37,4133.33,2900.0,0.1755,0.0
DK06_to_DB01#alt0,0,bwd,38,4150.0,2950.0,0.1495,0.0
DK06_to_DB01#alt0,0,bwd,39,4166.67,3000.0,0.1273,0.0
DK06_to_DB01#alt0,0,bwd,40,4200.0,3050.0,0.1117,0.0
DK06_to_DB01#alt0,0,bwd,41,4233.33,3100.0,0.0964,0.0
DK06_to_DB01#alt0,0,bwd,42,4250.0,3150.0,0.0816,0.0
DK06_to_DB01#alt0,0,bwd,43,4250.0,3200.0,0.0691,0.0
DK06_to_DB01#alt0,0,bwd,44,4250.0,3250.0,0.0816,0.0
DK06_to_DB01#alt0,0,bwd,45,4250.0,3300.0,0.0964,0.0
DK06_to_DB01#alt0,0,bwd,46,4250.0,3350.0,0.1138,0.0
DK06_to_DB01#alt0,0,bwd,47,4233.33,3400.0,0.1344,0.0
DK06_to_DB01#alt0,0,bwd,48,4200.0,3450.0,0.1599,0.0
DK06_to_DB01#alt0,0,bwd,49,4150.0,3500.0,0.1889,0.0
DK06_to_DB01#alt0,0,bwd,50,4100.0,3550.0,0.2211,0.0
DK06_to_DB01#alt0,0,bwd,51,4066.67,3600.0,0.253,0.0
DK06_to_DB01#alt0,0,bwd,52,4050.0,3650.0,0.2972,0.0
DK06_to_DB01#alt0,0,bwd,53,4033.33,3700.0,0.3485,0.0
DK06_to_DB01#alt0,0,bwd,54,4000.0,3750.0,0.3784,0.0
DK06_to_DB01#alt0,0,bwd,55,3950.0,3800.0,0.3895,0.0
DK06_to_DB01#alt0,0,bwd,56,3900.0,3850.0,0.3895,0.0
DK06_to_DB01#alt0,0,bwd,57,3883.33,3900.0,0.4346,0.0
DK06_to_DB01#alt0,0,bwd,58,3900.0,3950.0,0.4931,0.0
DK06_to_DB01#alt0,0,bwd,59,3950.0,4000.0,0.5903,0.0
DK06_to_DB01#alt0,0,bwd,60,3966.67,4050.0,0.6065,0.0
DK06_to_DB01#alt0,0,bwd,61,3966.67,4100.0,0.5903,0.0
DK06_to_DB01#alt0,0,bwd,62,3950.0,4150.0,0.5483,0.0
DK06_to_DB01#alt0,0,bwd,63,3950.0,4200.0,0.5134,0.0
DK06_to_DB01#alt0,0,bwd,64,3950.0,4250.0,0.5134,0.0
DK06_to_DB01#alt0,0,bwd,65,3933.33,4300.0,0.5134,0.0
DK06_to_DB01#alt0,0,bwd,66,3900.0,4350.0,0.5903,0.0
DK06_to_DB01#alt0,0,bwd,67,3850.0,4400.0,0.6241,0.0
DK06_to_DB01#alt0,0,bwd,68,3800.0,4450.0,0.6241,0.0
DK06_to_DB01#alt0,0,bwd,69,3750.0,4500.0,0.6241,0.0
DK06_to_DB01#alt0,0,bwd,70,3700.0,4550.0,0.5903,0.0
DK06_to_DB01#alt0,0,bwd,71,3650.0,4600.0,0.6065,0.0
DK06_to_DB01#alt0,0,bwd,72,3600.0,4650.0,0.6889,0.0
DK06_to_DB01#alt0,0,bwd,73,3550.0,4700.0,0.6889,0.0
DK06_to_DB01#alt0,0,bwd,74,3500.0,4750.0,0.6065,0.0
DK06_to_DB01#alt0,0,bwd,75,3450.0,4800.0,0.5134,0.0
DK06_to_DB01#alt0,0,bwd,76,3400.0,4850.0,0.4346,0.0
DK06_to_DB01#alt0,0,bwd,77,3350.0,4900.0,0.3628,0.0
DK06_to_DB01#alt0,0,bwd,78,3300.0,4933.33,0.2972,0.0
DK06_to_DB01#alt0,0,bwd,79,3250.0,4950.0,0.253,0.0
DK06_to_DB01#alt0,0,bwd,80,3200.0,4950.0,0.2151,0.0
DK06_to_DB01#alt0,0,bwd,81,3150.0,4950.0,0.1827,0.0
DK06_to_DB01#alt0,0,bwd,82,3100.0,4950.0,0.1551,0.0
DK06_to_DB01#alt0,0,bwd,83,3050.0,4950.0,0.1317,0.0
DK06_to_DB01#alt0,0,bwd,84,3000.0,4950.0,0.1117,0.0
DK06_to_DB01#alt0,0,bwd,85,2950.0,4950.0,0.1183,0.0
DK06_to_DB01#alt0,0,bwd,86,2900.0,4950.0,0.1308,0.0
DK06_to_DB01#alt0,0,bwd,87,2850.0,4950.0,0.1432,0.0
DK06_to_DB01#alt0,0,bwd,88,2800.0,4950.0,0.1551,0.0
DK06_to_DB01#alt0,0,bwd,89,2750.0,4950.0,0.1661,0.0
DK06_to_DB01#alt0,0,bwd,90,2700.0,4950.0,0.1755,0.0
DK06_to_DB01#alt0,0,bwd,91,2650.0,4950.0,0.1827,0.0
DK06_to_DB01#alt0,0,bwd,92,2600.0,4950.0,0.1873,0.0
DK06_to_DB01#alt0,0,bwd,93,2550.0,4950.0,0.1889,0.0
DK06_to_DB01#alt0,0,bwd,94,2500.0,4950.0,0.2076,0.0
DK06_to_DB01#alt0,0,bwd,95,2450.0,4950.0,0.2384,0.0
DK06_to_DB01#alt0,0,bwd,96,2400.0,4950.0,0.2721,0.0
DK06_to_DB01#alt0,0,bwd,97,2350.0,4950.0,0.3077,0.0
DK06_to_DB01#alt0,0,bwd,98,2300.0,4950.0,0.344,0.0
DK06_to_DB01#alt0,0,bwd,99,2250.0,4950.0,0.3895,0.0
DK06_to_DB01#alt0,0,bwd,100,2200.0,4950.0,0.4346,0.0
DK06_to_DB01#alt0,0,bwd,101,2150.0,4933.33,0.4931,0.0
DK06_to_DB01#alt0,0,bwd,102,2100.0,4916.67,0.6241,0.0
DK06_to_DB01#alt0,0,bwd,103,2050.0,4900.0,0.6889,0.0
DK06_to_DB01#alt0,0,bwd,104,2000.0,4900.0,0.7165,0.0
DK06_to_DB01#alt0,0,bwd,105,1950.0,4900.0,0.7165,0.0
DK06_to_DB01#alt0,0,bwd,106,1900.0,4900.0,0.7165,0.0
DK06_to_DB01#alt0,0,bwd,107,1850.0,4900.0,0.7165,0.0
DK06_to_DB01#alt0,0,bwd,108,1800.0,4900.0,0.6889,0.0
DK06_to_DB01#alt0,0,bwd,109,1750.0,4850.0,0.6889,0.0
DK06_to_DB01#alt0,0,bwd,110,1700.0,4800.0,0.6889,0.0
DK06_to_DB01#alt0,0,bwd,111,1650.0,4766.67,0.6241,0.0
DK06_to_DB01#alt0,0,bwd,112,1600.0,4750.0,0.6889,0.0
DK06_to_DB01#alt0,0,bwd,113,1550.0,4750.0,0.7165,0.0
DK06_to_DB01#alt0,0,bwd,114,1500.0,4750.0,0.7165,0.0
DK06_to_DB01#alt0,0,bwd,115,1450.0,4750.0,0.7165,0.0
DK06_to_DB01#alt0,0,bwd,116,1400.0,4750.0,0.6889,0.0
DK06_to_DB01#alt0,0,bwd,117,1350.0,4700.0,0.6889,0.0
DK06_to_DB01#alt0,0,bwd,118,1350.0,4650.0,0.7165,0.0
DK06_to_DB01#alt0,0,bwd,119,1350.0,4600.0,0.7165,0.0
DK06_to_DB01#alt0,0,bwd,120,1350.0,4550.0,0.7165,0.0
DK06_to_DB01#alt0,0,bwd,121,1333.33,4500.0,0.6889,0.0
DK06_to_DB01#alt0,0,bwd,122,1300.0,4450.0,0.5483,0.0
DK06_to_DB01#alt0,0,bwd,123,1250.0,4400.0,0.6065,0.0
DK06_to_DB01#alt0,0,bwd,124,1200.0,4366.67,0.7165,0.0
DK06_to_DB01#alt0,0,bwd,125,1150.0,4350.0,0.7165,0.0
DK06_to_DB01#alt0,0,bwd,126,1100.0,4350.0,0.6889,0.0
DK06_to_DB01#alt0,0,bwd,127,1050.0,4300.0,0.7165,0.0
DK06_to_DB01#alt0,0,bwd,128,1000.0,4300.0,0.7165,0.0
DK06_to_DB01#alt0,0,bwd,129,950.0,4283.33,0.6889,0.0
DK06_to_DB01#alt0,0,bwd,130,900.0,4250.0,0.6889,0.0
DK06_to_DB01#alt0,0,bwd,131,850.0,4216.67,0.6889,0.0
DK06_to_DB01#alt0,0,bwd,132,800.0,4200.0,0.6241,0.0
DK06_to_DB01#alt0,0,bwd,133,750.0,4200.0,0.7165,0.0
DB01_to_DK06#alt2,2,fwd,0,750.0,4200.0,0.7165,0.0
DB01_to_DK06#alt2,2,fwd,1,800.0,4250.0,0.5903,0.0
DB01_to_DK06#alt2,2,fwd,2,850.0,4300.0,0.6065,0.0
DB01_to_DK06#alt2,2,fwd,3,900.0,4333.33,0.7165,0.0
DB01_to_DK06#alt2,2,fwd,4,950.0,4350.0,0.7165,0.0
DB01_to_DK06#alt2,2,fwd,5,1000.0,4350.0,0.6889,0.0
DB01_to_DK06#alt2,2,fwd,6,1050.0,4400.0,0.6889,0.0
DB01_to_DK06#alt2,2,fwd,7,1083.33,4450.0,0.6889,0.0
DB01_to_DK06#alt2,2,fwd,8,1100.0,4500.0,0.7165,0.0
DB01_to_DK06#alt2,2,fwd,9,1100.0,4550.0,0.7165,0.0
DB01_to_DK06#alt2,2,fwd,10,1116.67,4600.0,0.7165,0.0
DB01_to_DK06#alt2,2,fwd,11,1133.33,4650.0,0.5903,0.0
DB01_to_DK06#alt2,2,fwd,12,1150.0,4700.0,0.5483,0.0
DB01_to_DK06#alt2,2,fwd,13,1166.67,4750.0,0.4931,0.0
DB01_to_DK06#alt2,2,fwd,14,1200.0,4800.0,0.3895,0.0
DB01_to_DK06#alt2,2,fwd,15,1250.0,4850.0,0.3895,0.0
DB01_to_DK06#alt2,2,fwd,16,1300.0,4900.0,0.3784,0.0
DB01_to_DK06#alt2,2,fwd,17,1350.0,4933.33,0.3485,0.0
DB01_to_DK06#alt2,2,fwd,18,1400.0,4950.0,0.3628,0.0
DB01_to_DK06#alt2,2,fwd,19,1450.0,4950.0,0.3679,0.0
DB01_to_DK06#alt2,2,fwd,20,1500.0,4950.0,0.3679,0.0
DB01_to_DK06#alt2,2,fwd,21,1550.0,4950.0,0.3679,0.0
DB01_to_DK06#alt2,2,fwd,22,1600.0,4950.0,0.3895,0.0
DB01_to_DK06#alt2,2,fwd,23,1650.0,4950.0,0.4346,0.0
DB01_to_DK06#alt2,2,fwd,24,1700.0,4950.0,0.4931,0.0
DB01_to_DK06#alt2,2,fwd,25,1750.0,4950.0,0.5483,0.0
DB01_to_DK06#alt2,2,fwd,26,1800.0,4950.0,0.5903,0.0
DB01_to_DK06#alt2,2,fwd,27,1850.0,4950.0,0.6065,0.0
DB01_to_DK06#alt2,2,fwd,28,1900.0,4933.33,0.6065,0.0
DB01_to_DK06#alt2,2,fwd,29,1950.0,4916.67,0.7165,0.0
DB01_to_DK06#alt2,2,fwd,30,2000.0,4900.0,0.7165,0.0
DB01_to_DK06#alt2,2,fwd,31,2050.0,4883.33,0.6889,0.0
DB01_to_DK06#alt2,2,fwd,32,2100.0,4850.0,0.6889,0.0
DB01_to_DK06#alt2,2,fwd,33,2150.0,4800.0,0.6889,0.0
DB01_to_DK06#alt2,2,fwd,34,2200.0,4750.0,0.6889,0.0
DB01_to_DK06#alt2,2,fwd,35,2250.0,4700.0,0.6065,0.0
DB01_to_DK06#alt2,2,fwd,36,2300.0,4666.67,0.5134,0.0
DB01_to_DK06#alt2,2,fwd,37,2350.0,4650.0,0.4346,0.0
DB01_to_DK06#alt2,2,fwd,38,2400.0,4650.0,0.4746,0.0
DB01_to_DK06#alt2,2,fwd,39,2450.0,4633.33,0.503,0.0
DB01_to_DK06#alt2,2,fwd,40,2500.0,4633.33,0.5134,0.0
DB01_to_DK06#alt2,2,fwd,41,2550.0,4650.0,0.5134,0.0
DB01_to_DK06#alt2,2,fwd,42,2600.0,4683.33,0.4275,0.0
DB01_to_DK06#alt2,2,fwd,43,2650.0,4700.0,0.4076,0.0
DB01_to_DK06#alt2,2,fwd,44,2700.0,4700.0,0.3784,0.0
DB01_to_DK06#alt2,2,fwd,45,2750.0,4683.33,0.344,0.0
DB01_to_DK06#alt2,2,fwd,46,2800.0,4650.0,0.344,0.0
DB01_to_DK06#alt2,2,fwd,47,2850.0,4600.0,0.3269,0.0
DB01_to_DK06#alt2,2,fwd,48,2900.0,4566.67,0.3485,0.0
DB01_to_DK06#alt2,2,fwd,49,2950.0,4550.0,0.3628,0.0
DB01_to_DK06#alt2,2,fwd,50,3000.0,4550.0,0.3679,0.0
DB01_to_DK06#alt2,2,fwd,51,3050.0,4550.0,0.3679,0.0
DB01_to_DK06#alt2,2,fwd,52,3100.0,4550.0,0.3679,0.0
DB01_to_DK06#alt2,2,fwd,53,3150.0,4550.0,0.3628,0.0
DB01_to_DK06#alt2,2,fwd,54,3200.0,4550.0,0.3485,0.0
DB01_to_DK06#alt2,2,fwd,55,3250.0,4533.33,0.344,0.0
DB01_to_DK06#alt2,2,fwd,56,3300.0,4516.67,0.4346,0.0
DB01_to_DK06#alt2,2,fwd,57,3350.0,4500.0,0.4931,0.0
DB01_to_DK06#alt2,2,fwd,58,3400.0,4500.0,0.5483,0.0
DB01_to_DK06#alt2,2,fwd,59,3450.0,4500.0,0.5903,0.0
DB01_to_DK06#alt2,2,fwd,60,3500.0,4516.67,0.6241,0.0
DB01_to_DK06#alt2,2,fwd,61,3550.0,4533.33,0.5903,0.0
DB01_to_DK06#alt2,2,fwd,62,3600.0,4566.67,0.6065,0.0
DB01_to_DK06#alt2,2,fwd,63,3650.0,4600.0,0.6065,0.0
DB01_to_DK06#alt2,2,fwd,64,3700.0,4633.33,0.7165,0.0
DB01_to_DK06#alt2,2,fwd,65,3750.0,4666.67,0.6889,0.0
DB01_to_DK06#alt2,2,fwd,66,3800.0,4666.67,0.6241,0.0
DB01_to_DK06#alt2,2,fwd,67,3850.0,4650.0,0.5483,0.0
DB01_to_DK06#alt2,2,fwd,68,3900.0,4600.0,0.4346,0.0
DB01_to_DK06#alt2,2,fwd,69,3950.0,4550.0,0.344,0.0
DB01_to_DK06#alt2,2,fwd,70,4000.0,4500.0,0.344,0.0
DB01_to_DK06#alt2,2,fwd,71,4050.0,4450.0,0.3269,0.0
DB01_to_DK06#alt2,2,fwd,72,4100.0,4400.0,0.3628,0.0
DB01_to_DK06#alt2,2,fwd,73,4150.0,4350.0,0.4346,0.0
DB01_to_DK06#alt2,2,fwd,74,4200.0,4316.67,0.5134,0.0
DB01_to_DK06#alt2,2,fwd,75,4250.0,4283.33,0.503,0.0
DB01_to_DK06#alt2,2,fwd,76,4300.0,4250.0,0.5483,0.0
DB01_to_DK06#alt2,2,fwd,77,4350.0,4200.0,0.5483,0.0
DB01_to_DK06#alt2,2,fwd,78,4400.0,4150.0,0.5483,0.0
DB01_to_DK06#alt2,2,fwd,79,4450.0,4100.0,0.503,0.0
DB01_to_DK06#alt2,2,fwd,80,4500.0,4050.0,0.4346,0.0
DB01_to_DK06#alt2,2,fwd,81,4550.0,4000.0,0.3628,0.0
DB01_to_DK06#alt2,2,fwd,82,4600.0,3950.0,0.2972,0.0
DB01_to_DK06#alt2,2,fwd,83,4633.33,3900.0,0.2407,0.0
DB01_to_DK06#alt2,2,fwd,84,4650.0,3850.0,0.2252,0.0
DB01_to_DK06#alt2,2,fwd,85,4650.0,3800.0,0.2076,0.0
DB01_to_DK06#alt2,2,fwd,86,4650.0,3750.0,0.1889,0.0
DB01_to_DK06#alt2,2,fwd,87,4650.0,3700.0,0.17,0.0
DB01_to_DK06#alt2,2,fwd,88,4650.0,3650.0,0.1517,0.0
DB01_to_DK06#alt2,2,fwd,89,4650.0,3600.0,0.1344,0.0
DB01_to_DK06#alt2,2,fwd,90,4650.0,3550.0,0.1199,0.0
DB01_to_DK06#alt2,2,fwd,91,4650.0,3500.0,0.1062,0.0
DB01_to_DK06#alt2,2,fwd,92,4650.0,3450.0,0.0936,0.0
DB01_to_DK06#alt2,2,fwd,93,4650.0,3400.0,0.0821,0.0
DB01_to_DK06#alt2,2,fwd,94,4650.0,3350.0,0.0717,0.0
DB01_to_DK06#alt2,2,fwd,95,4650.0,3300.0,0.0624,0.0
DB01_to_DK06#alt2,2,fwd,96,4650.0,3250.0,0.0542,0.0
DB01_to_DK06#alt2,2,fwd,97,4650.0,3200.0,0.0612,0.0
DB01_to_DK06#alt2,2,fwd,98,4650.0,3150.0,0.0717,0.0
DB01_to_DK06#alt2,2,fwd,99,4650.0,3100.0,0.0839,0.0
DB01_to_DK06#alt2,2,fwd,100,4650.0,3050.0,0.0981,0.0
DB01_to_DK06#alt2,2,fwd,101,4650.0,3000.0,0.1146,0.0
DB01_to_DK06#alt2,2,fwd,102,4650.0,2950.0,0.1335,0.0
DB01_to_DK06#alt2,2,fwd,103,4650.0,2900.0,0.1551,0.0
DB01_to_DK06#alt2,2,fwd,104,4650.0,2850.0,0.1798,0.0
DB01_to_DK06#alt2,2,fwd,105,4650.0,2800.0,0.2076,0.0
DB01_to_DK06#alt2,2,fwd,106,4650.0,2750.0,0.2384,0.0
DB01_to_DK06#alt2,2,fwd,107,4650.0,2700.0,0.2721,0.0
DB01_to_DK06#alt2,2,fwd,108,4650.0,2650.0,0.3077,0.0
DB01_to_DK06#alt2,2,fwd,109,4666.67,2600.0,0.344,0.0
DB01_to_DK06#alt2,2,fwd,110,4700.0,2550.0,0.344,0.0
DB01_to_DK06#alt2,2,fwd,111,4733.33,2500.0,0.3269,0.0
DB01_to_DK06#alt2,2,fwd,112,4750.0,2450.0,0.3485,0.0
DB01_to_DK06#alt2,2,fwd,113,4750.0,2400.0,0.3628,0.0
DB01_to_DK06#alt2,2,fwd,114,4750.0,2350.0,0.3679,0.0
DB01_to_DK06#alt2,2,fwd,115,4750.0,2300.0,0.3679,0.0
DB01_to_DK06#alt2,2,fwd,116,4750.0,2250.0,0.3679,0.0
DB01_to_DK06#alt2,2,fwd,117,4750.0,2200.0,0.3628,0.0
DB01_to_DK06#alt2,2,fwd,118,4750.0,2150.0,0.3485,0.0
DB01_to_DK06#alt2,2,fwd,119,4750.0,2100.0,0.3269,0.0
DB01_to_DK06#alt2,2,fwd,120,4750.0,2050.0,0.3006,0.0
DB01_to_DK06#alt2,2,fwd,121,4750.0,2000.0,0.2721,0.0
DB01_to_DK06#alt2,2,fwd,122,4733.33,1950.0,0.2431,0.0
DB01_to_DK06#alt2,2,fwd,123,4700.0,1900.0,0.2431,0.0
DB01_to_DK06#alt2,2,fwd,124,4650.0,1850.0,0.2431,0.0
DB01_to_DK06#alt2,2,fwd,125,4600.0,1800.0,0.2384,0.0
DB01_to_DK06#alt2,2,fwd,126,4566.67,1750.0,0.2252,0.0
DB01_to_DK06#alt2,2,fwd,127,4550.0,1700.0,0.1937,0.0
DB01_to_DK06#alt2,2,fwd,128,4550.0,1650.0,0.1661,0.0
DB01_to_DK06#alt2,2,fwd,129,4550.0,1600.0,0.1422,0.0
DB01_to_DK06#alt2,2,fwd,130,4550.0,1550.0,0.1215,0.0
DB01_to_DK06#alt2,2,fwd,131,4550.0,1500.0,0.1069,0.0
DB01_to_DK06#alt2,2,fwd,132,4550.0,1450.0,0.1146,0.0
DB01_to_DK06#alt2,2,fwd,133,4550.0,1400.0,0.1215,0.0
DB01_to_DK06#alt2,2,fwd,134,4550.0,1350.0,0.1273,0.0
DB01_to_DK06#alt2,2,fwd,135,4550.0,1300.0,0.1317,0.0
DB01_to_DK06#alt2,2,fwd,136,4550.0,1250.0,0.1344,0.0
DB01_to_DK06#alt2,2,fwd,137,4550.0,1200.0,0.1422,0.0
DB01_to_DK06#alt2,2,fwd,138,4550.0,1150.0,0.1495,0.0
DB01_to_DK06#alt2,2,fwd,139,4550.0,1100.0,0.1551,0.0
DB01_to_DK06#alt2,2,fwd,140,4550.0,1050.0,0.1587,0.0
DB01_to_DK06#alt2,2,fwd,141,4550.0,1000.0,0.1599,0.0
DB01_to_DK06#alt2,2,fwd,142,4550.0,950.0,0.1648,0.0
DB01_to_DK06#alt2,2,fwd,143,4550.0,900.0,0.1798,0.0
DB01_to_DK06#alt2,2,fwd,144,4550.0,850.0,0.1937,0.0
DB01_to_DK06#alt2,2,fwd,145,4550.0,800.0,0.2057,0.0
DB01_to_DK06#alt2,2,fwd,146,4550.0,750.0,0.2151,0.0
DB01_to_DK06#alt2,2,fwd,147,4550.0,700.0,0.2211,0.0
DB01_to_DK06#alt2,2,fwd,148,4550.0,650.0,0.2231,0.0
DB01_to_DK06#alt2,2,fwd,149,4533.33,600.0,0.2231,0.0
DB01_to_DK06#alt2,2,fwd,150,4500.0,550.0,0.2636,0.0
DB01_to_DK06#alt2,2,fwd,151,4450.0,500.0,0.3114,0.0
DB01_to_DK06#alt2,2,fwd,152,4400.0,450.0,0.3628,0.0
DB01_to_DK06#alt2,2,fwd,153,4350.0,400.0,0.4076,0.0
DB01_to_DK06#alt2,2,fwd,154,4300.0,350.0,0.4346,0.0
DB01_to_DK06#alt2,2,fwd,155,4250.0,316.67,0.4346,0.0
DB01_to_DK06#alt2,2,fwd,156,4200.0,300.0,0.4931,0.0
DB01_to_DK06#alt2,2,fwd,157,4150.0,300.0,0.5483,0.0
DB01_to_DK06#alt2,2,fwd,158,4100.0,300.0,0.6241,0.0
DB01_to_DK06#alt2,2,fwd,159,4050.0,300.0,0.6889,0.0
DB01_to_DK06#alt2,2,fwd,160,4000.0,300.0,0.7165,0.0
DB01_to_DK06#alt2,2,fwd,161,3950.0,300.0,0.7165,0.0
DB01_to_DK06#alt2,2,fwd,162,3900.0,300.0,0.7165,0.0
DB01_to_DK06#alt2,2,fwd,163,3850.0,300.0,0.7165,0.0
DB01_to_DK06#alt2,2,fwd,164,3800.0,300.0,0.7165,0.0
DB01_to_DK06#alt2,2,fwd,165,3750.0,316.67,0.6889,0.0
DB01_to_DK06#alt2,2,fwd,166,3700.0,350.0,0.6889,0.0
DB01_to_DK06#alt2,2,fwd,167,3650.0,400.0,0.6889,0.0
DB01_to_DK06#alt2,2,fwd,168,3650.0,450.0,0.7165,0.0
DB01_to_DK06#alt2,2,fwd,169,3650.0,500.0,0.7165,0.0
DB01_to_DK06#alt2,2,fwd,170,3633.33,550.0,0.7165,0.0
DB01_to_DK06#alt2,2,fwd,171,3600.0,600.0,0.6065,0.0
DB01_to_DK06#alt2,2,fwd,172,3550.0,650.0,0.5134,0.0
DB01_to_DK06#alt2,2,fwd,173,3500.0,700.0,0.4746,0.0
DB01_to_DK06#alt2,2,fwd,174,3450.0,750.0,0.4931,0.0
DB01_to_DK06#alt2,2,fwd,175,3400.0,800.0,0.4931,0.0
DB01_to_DK06#alt2,2,fwd,176,3350.0,850.0,0.4746,0.0
DB01_to_DK06#alt2,2,fwd,177,3316.67,900.0,0.4275,0.0
DB01_to_DK06#alt2,2,fwd,178,3300.0,950.0,0.4346,0.0
DB01_to_DK06#alt2,2,fwd,179,3300.0,1000.0,0.4346,0.0
DB01_to_DK06#alt2,2,fwd,180,3300.0,1050.0,0.4346,0.0
DK06_to_DB01#alt2,2,bwd,0,3300.0,1050.0,0.4346,0.0
DK06_to_DB01#alt2,2,bwd,1,3250.0,1100.0,0.3679,0.0
DK06_to_DB01#alt2,2,bwd,2,3200.0,1150.0,0.3114,0.0
DK06_to_DB01#alt2,2,bwd,3,3150.0,1200.0,0.3114,0.0
DK06_to_DB01#alt2,2,bwd,4,3100.0,1250.0,0.3679,0.0
DK06_to_DB01#alt2,2,bwd,5,3050.0,1300.0,0.4346,0.0
DK06_to_DB01#alt2,2,bwd,6,3000.0,1350.0,0.503,0.0
DK06_to_DB01#alt2,2,bwd,7,2950.0,1400.0,0.5483,0.0
DK06_to_DB01#alt2,2,bwd,8,2900.0,1450.0,0.5903,0.0
DK06_to_DB01#alt2,2,bwd,9,2850.0,1500.0,0.6241,0.0
DK06_to_DB01#alt2,2,bwd,10,2800.0,1550.0,0.6241,0.0
DK06_to_DB01#alt2,2,bwd,11,2750.0,1600.0,0.5903,0.0
DK06_to_DB01#alt2,2,bwd,12,2700.0,1650.0,0.5483,0.0
DK06_to_DB01#alt2,2,bwd,13,2650.0,1700.0,0.5483,0.0
DK06_to_DB01#alt2,2,bwd,14,2600.0,1733.33,0.5483,0.0
DK06_to_DB01#alt2,2,bwd,15,2550.0,1750.0,0.5903,0.0
DK06_to_DB01#alt2,2,bwd,16,2500.0,1750.0,0.6241,0.0
DK06_to_DB01#alt2,2,bwd,17,2450.0,1750.0,0.6889,0.0
DK06_to_DB01#alt2,2,bwd,18,2400.0,1766.67,0.7165,0.0
DK06_to_DB01#alt2,2,bwd,19,2350.0,1800.0,0.6065,0.0
DK06_to_DB01#alt2,2,bwd,20,2300.0,1833.33,0.503,0.0
DK06_to_DB01#alt2,2,bwd,21,2250.0,1850.0,0.4746,0.0
DK06_to_DB01#alt2,2,bwd,22,2200.0,1850.0,0.4346,0.0
DK06_to_DB01#alt2,2,bwd,23,2150.0,1833.33,0.4076,0.0
DK06_to_DB01#alt2,2,bwd,24,2100.0,1816.67,0.4346,0.0
DK06_to_DB01#alt2,2,bwd,25,2050.0,1800.0,0.3895,0.0
DK06_to_DB01#alt2,2,bwd,26,2000.0,1800.0,0.344,0.0
DK06_to_DB01#alt2,2,bwd,27,1950.0,1800.0,0.3077,0.0
DK06_to_DB01#alt2,2,bwd,28,1900.0,1800.0,0.2721,0.0
DK06_to_DB01#alt2,2,bwd,29,1850.0,1800.0,0.2431,0.0
DK06_to_DB01#alt2,2,bwd,30,1800.0,1800.0,0.2721,0.0
DK06_to_DB01#alt2,2,bwd,31,1750.0,1800.0,0.3077,0.0
DK06_to_DB01#alt2,2,bwd,32,1700.0,1800.0,0.344,0.0
DK06_to_DB01#alt2,2,bwd,33,1650.0,1800.0,0.3784,0.0
DK06_to_DB01#alt2,2,bwd,34,1600.0,1800.0,0.4076,0.0
DK06_to_DB01#alt2,2,bwd,35,1550.0,1800.0,0.4346,0.0
DK06_to_DB01#alt2,2,bwd,36,1500.0,1800.0,0.4746,0.0
DK06_to_DB01#alt2,2,bwd,37,1450.0,1800.0,0.503,0.0
DK06_to_DB01#alt2,2,bwd,38,1400.0,1800.0,0.5134,0.0
DK06_to_DB01#alt2,2,bwd,39,1350.0,1800.0,0.5134,0.0
DK06_to_DB01#alt2,2,bwd,40,1300.0,1800.0,0.5483,0.0
DK06_to_DB01#alt2,2,bwd,41,1250.0,1800.0,0.6241,0.0
DK06_to_DB01#alt2,2,bwd,42,1200.0,1800.0,0.6889,0.0
DK06_to_DB01#alt2,2,bwd,43,1150.0,1800.0,0.7165,0.0
DK06_to_DB01#alt2,2,bwd,44,1100.0,1800.0,0.7165,0.0
DK06_to_DB01#alt2,2,bwd,45,1050.0,1800.0,0.7165,0.0
DK06_to_DB01#alt2,2,bwd,46,1000.0,1800.0,0.7165,0.0
DK06_to_DB01#alt2,2,bwd,47,950.0,1816.67,0.6889,0.0
DK06_to_DB01#alt2,2,bwd,48,900.0,1850.0,0.5483,0.0
DK06_to_DB01#alt2,2,bwd,49,850.0,1900.0,0.4346,0.0
DK06_to_DB01#alt2,2,bwd,50,800.0,1950.0,0.344,0.0
DK06_to_DB01#alt2,2,bwd,51,750.0,2000.0,0.2721,0.0
DK06_to_DB01#alt2,2,bwd,52,700.0,2050.0,0.2407,0.0
DK06_to_DB01#alt2,2,bwd,53,650.0,2100.0,0.2151,0.0
DK06_to_DB01#alt2,2,bwd,54,600.0,2150.0,0.1873,0.0
DK06_to_DB01#alt2,2,bwd,55,550.0,2200.0,0.1599,0.0
DK06_to_DB01#alt2,2,bwd,56,500.0,2250.0,0.1353,0.0
DK06_to_DB01#alt2,2,bwd,57,450.0,2300.0,0.1308,0.0
DK06_to_DB01#alt2,2,bwd,58,400.0,2350.0,0.1344,0.0
DK06_to_DB01#alt2,2,bwd,59,350.0,2400.0,0.1344,0.0
DK06_to_DB01#alt2,2,bwd,60,300.0,2450.0,0.1344,0.0
DK06_to_DB01#alt2,2,bwd,61,250.0,2500.0,0.1308,0.0
DK06_to_DB01#alt2,2,bwd,62,200.0,2550.0,0.1239,0.0
DK06_to_DB01#alt2,2,bwd,63,166.67,2600.0,0.1146,0.0
DK06_to_DB01#alt2,2,bwd,64,150.0,2650.0,0.1239,0.0
DK06_to_DB01#alt2,2,bwd,65,150.0,2700.0,0.1335,0.0
DK06_to_DB01#alt2,2,bwd,66,166.67,2750.0,0.1422,0.0
DK06_to_DB01#alt2,2,bwd,67,200.0,2800.0,0.1755,0.0
DK06_to_DB01#alt2,2,bwd,68,250.0,2850.0,0.2151,0.0
DK06_to_DB01#alt2,2,bwd,69,300.0,2900.0,0.2609,0.0
DK06_to_DB01#alt2,2,bwd,70,333.33,2950.0,0.3114,0.0
DK06_to_DB01#alt2,2,bwd,71,350.0,3000.0,0.3114,0.0
DK06_to_DB01#alt2,2,bwd,72,350.0,3050.0,0.3114,0.0
DK06_to_DB01#alt2,2,bwd,73,350.0,3100.0,0.3077,0.0
DK06_to_DB01#alt2,2,bwd,74,350.0,3150.0,0.2972,0.0
DK06_to_DB01#alt2,2,bwd,75,350.0,3200.0,0.281,0.0
DK06_to_DB01#alt2,2,bwd,76,350.0,3250.0,0.2609,0.0
DK06_to_DB01#alt2,2,bwd,77,350.0,3300.0,0.2407,0.0
DK06_to_DB01#alt2,2,bwd,78,350.0,3350.0,0.2252,0.0
DK06_to_DB01#alt2,2,bwd,79,350.0,3400.0,0.2076,0.0
DK06_to_DB01#alt2,2,bwd,80,350.0,3450.0,0.2057,0.0
DK06_to_DB01#alt2,2,bwd,81,333.33,3500.0,0.2151,0.0
DK06_to_DB01#alt2,2,bwd,82,316.67,3550.0,0.2407,0.0
DK06_to_DB01#alt2,2,bwd,83,300.0,3600.0,0.281,0.0
DK06_to_DB01#alt2,2,bwd,84,300.0,3650.0,0.3269,0.0
DK06_to_DB01#alt2,2,bwd,85,300.0,3700.0,0.3784,0.0
DK06_to_DB01#alt2,2,bwd,86,300.0,3750.0,0.4346,0.0
DK06_to_DB01#alt2,2,bwd,87,300.0,3800.0,0.503,0.0
DK06_to_DB01#alt2,2,bwd,88,283.33,3850.0,0.5903,0.0
DK06_to_DB01#alt2,2,bwd,89,250.0,3900.0,0.6241,0.0
DK06_to_DB01#alt2,2,bwd,90,216.67,3950.0,0.6241,0.0
DK06_to_DB01#alt2,2,bwd,91,200.0,4000.0,0.6889,0.0
DK06_to_DB01#alt2,2,bwd,92,200.0,4050.0,0.7165,0.0
DK06_to_DB01#alt2,2,bwd,93,200.0,4100.0,0.7165,0.0
DK06_to_DB01#alt2,2,bwd,94,200.0,4150.0,0.7165,0.0
DK06_to_DB01#alt2,2,bwd,95,200.0,4200.0,0.7165,0.0
DK06_to_DB01#alt2,2,bwd,96,200.0,4250.0,0.7165,0.0
DK06_to_DB01#alt2,2,bwd,97,200.0,4300.0,0.6889,0.0
DK06_to_DB01#alt2,2,bwd,98,250.0,4350.0,0.6889,0.0
DK06_to_DB01#alt2,2,bwd,99,300.0,4400.0,0.6889,0.0
DK06_to_DB01#alt2,2,bwd,100,350.0,4433.33,0.6241,0.0
DK06_to_DB01#alt2,2,bwd,101,400.0,4450.0,0.6889,0.0
DK06_to_DB01#alt2,2,bwd,102,450.0,4450.0,0.7165,0.0
DK06_to_DB01#alt2,2,bwd,103,500.0,4450.0,0.6889,0.0
DK06_to_DB01#alt2,2,bwd,104,550.0,4400.0,0.7165,0.0
DK06_to_DB01#alt2,2,bwd,105,600.0,4400.0,0.6889,0.0
DK06_to_DB01#alt2,2,bwd,106,650.0,4350.0,0.6889,0.0
DK06_to_DB01#alt2,2,bwd,107,700.0,4300.0,0.6889,0.0
DK06_to_DB01#alt2,2,bwd,108,733.33,4250.0,0.6889,0.0
DK06_to_DB01#alt2,2,bwd,109,750.0,4200.0,0.7165,0.0
DK06_to_DB01#alt4,4,bwd,0,3300.0,1050.0,0.4346,0.0
DK06_to_DB01#alt4,4,bwd,1,3250.0,1083.33,0.3679,0.0
DK06_to_DB01#alt4,4,bwd,2,3200.0,1100.0,0.3114,0.0
DK06_to_DB01#alt4,4,bwd,3,3150.0,1100.0,0.2636,0.0
DK06_to_DB01#alt4,4,bwd,4,3100.0,1116.67,0.2231,0.0
DK06_to_DB01#alt4,4,bwd,5,3050.0,1150.0,0.2636,0.0
DK06_to_DB01#alt4,4,bwd,6,3000.0,1200.0,0.3077,0.0
DK06_to_DB01#alt4,4,bwd,7,2950.0,1250.0,0.3485,0.0
DK06_to_DB01#alt4,4,bwd,8,2900.0,1300.0,0.3784,0.0
DK06_to_DB01#alt4,4,bwd,9,2850.0,1350.0,0.4076,0.0
DK06_to_DB01#alt4,4,bwd,10,2800.0,1400.0,0.4346,0.0
DK06_to_DB01#alt4,4,bwd,11,2750.0,1450.0,0.5134,0.0
DK06_to_DB01#alt4,4,bwd,12,2700.0,1500.0,0.6065,0.0
DK06_to_DB01#alt4,4,bwd,13,2666.67,1550.0,0.7165,0.0
DK06_to_DB01#alt4,4,bwd,14,2650.0,1600.0,0.6889,0.0
DK06_to_DB01#alt4,4,bwd,15,2600.0,1650.0,0.6889,0.0
DK06_to_DB01#alt4,4,bwd,16,2550.0,1700.0,0.6889,0.0
DK06_to_DB01#alt4,4,bwd,17,2500.0,1750.0,0.6241,0.0
DK06_to_DB01#alt4,4,bwd,18,2450.0,1800.0,0.5903,0.0
DK06_to_DB01#alt4,4,bwd,19,2400.0,1850.0,0.5134,0.0
DK06_to_DB01#alt4,4,bwd,20,2350.0,1883.33,0.4346,0.0
DK06_to_DB01#alt4,4,bwd,21,2300.0,1916.67,0.4275,0.0
DK06_to_DB01#alt4,4,bwd,22,2250.0,1916.67,0.4076,0.0
DK06_to_DB01#alt4,4,bwd,23,2200.0,1916.67,0.3784,0.0
DK06_to_DB01#alt4,4,bwd,24,2150.0,1900.0,0.3485,0.0
DK06_to_DB01#alt4,4,bwd,25,2100.0,1900.0,0.3269,0.0
DK06_to_DB01#alt4,4,bwd,26,2050.0,1900.0,0.3006,0.0
DK06_to_DB01#alt4,4,bwd,27,2000.0,1900.0,0.2721,0.0
DK06_to_DB01#alt4,4,bwd,28,1950.0,1900.0,0.2431,0.0
DK06_to_DB01#alt4,4,bwd,29,1900.0,1900.0,0.2609,0.0
DK06_to_DB01#alt4,4,bwd,30,1850.0,1900.0,0.3006,0.0
DK06_to_DB01#alt4,4,bwd,31,1800.0,1900.0,0.344,0.0
DK06_to_DB01#alt4,4,bwd,32,1750.0,1900.0,0.3895,0.0
DK06_to_DB01#alt4,4,bwd,33,1700.0,1900.0,0.4346,0.0
DK06_to_DB01#alt4,4,bwd,34,1650.0,1900.0,0.4931,0.0
DK06_to_DB01#alt4,4,bwd,35,1600.0,1900.0,0.5483,0.0
DK06_to_DB01#alt4,4,bwd,36,1550.0,1900.0,0.5903,0.0
DK06_to_DB01#alt4,4,bwd,37,1500.0,1900.0,0.6241,0.0
DK06_to_DB01#alt4,4,bwd,38,1450.0,1900.0,0.6889,0.0
DK06_to_DB01#alt4,4,bwd,39,1400.0,1900.0,0.7165,0.0
DK06_to_DB01#alt4,4,bwd,40,1350.0,1900.0,0.7165,0.0
DK06_to_DB01#alt4,4,bwd,41,1300.0,1900.0,0.7165,0.0
DK06_to_DB01#alt4,4,bwd,42,1250.0,1916.67,0.6889,0.0
DK06_to_DB01#alt4,4,bwd,43,1200.0,1916.67,0.6241,0.0
DK06_to_DB01#alt4,4,bwd,44,1150.0,1916.67,0.5903,0.0
DK06_to_DB01#alt4,4,bwd,45,1100.0,1900.0,0.5483,0.0
DK06_to_DB01#alt4,4,bwd,46,1050.0,1900.0,0.5134,0.0
DK06_to_DB01#alt4,4,bwd,47,1000.0,1916.67,0.5134,0.0
DK06_to_DB01#alt4,4,bwd,48,950.0,1950.0,0.4346,0.0
DK06_to_DB01#alt4,4,bwd,49,900.0,2000.0,0.4076,0.0
DK06_to_DB01#alt4,4,bwd,50,850.0,2050.0,0.3784,0.0
DK06_to_DB01#alt4,4,bwd,51,800.0,2100.0,0.3485,0.0
DK06_to_DB01#alt4,4,bwd,52,750.0,2150.0,0.3077,0.0
DK06_to_DB01#alt4,4,bwd,53,700.0,2200.0,0.2636,0.0
DK06_to_DB01#alt4,4,bwd,54,650.0,2250.0,0.2231,0.0
DK06_to_DB01#alt4,4,bwd,55,600.0,2300.0,0.1889,0.0
DK06_to_DB01#alt4,4,bwd,56,550.0,2350.0,0.1798,0.0
DK06_to_DB01#alt4,4,bwd,57,500.0,2400.0,0.1889,0.0
DK06_to_DB01#alt4,4,bwd,58,450.0,2450.0,0.1921,0.0
DK06_to_DB01#alt4,4,bwd,59,400.0,2500.0,0.1921,0.0
DK06_to_DB01#alt4,4,bwd,60,350.0,2550.0,0.1889,0.0
DK06_to_DB01#alt4,4,bwd,61,300.0,2600.0,0.1798,0.0
DK06_to_DB01#alt4,4,bwd,62,250.0,2650.0,0.1661,0.0
DK06_to_DB01#alt4,4,bwd,63,200.0,2700.0,0.1551,0.0
DK06_to_DB01#alt4,4,bwd,64,166.67,2750.0,0.1422,0.0
DK06_to_DB01#alt4,4,bwd,65,150.0,2800.0,0.1495,0.0
DK06_to_DB01#alt4,4,bwd,66,166.67,2850.0,0.1551,0.0
DK06_to_DB01#alt4,4,bwd,67,183.33,2900.0,0.1873,0.0
DK06_to_DB01#alt4,4,bwd,68,200.0,2950.0,0.1889,0.0
DK06_to_DB01#alt4,4,bwd,69,200.0,3000.0,0.1889,0.0
DK06_to_DB01#alt4,4,bwd,70,200.0,3050.0,0.1889,0.0
DK06_to_DB01#alt4,4,bwd,71,200.0,3100.0,0.1873,0.0
DK06_to_DB01#alt4,4,bwd,72,200.0,3150.0,0.1827,0.0
DK06_to_DB01#alt4,4,bwd,73,200.0,3200.0,0.1755,0.0
DK06_to_DB01#alt4,4,bwd,74,216.67,3250.0,0.1661,0.0
DK06_to_DB01#alt4,4,bwd,75,233.33,3300.0,0.1798,0.0
DK06_to_DB01#alt4,4,bwd,76,233.33,3350.0,0.1661,0.0
DK06_to_DB01#alt4,4,bwd,77,216.67,3400.0,0.1335,0.0
DK06_to_DB01#alt4,4,bwd,78,200.0,3450.0,0.1551,0.0
DK06_to_DB01#alt4,4,bwd,79,200.0,3500.0,0.1798,0.0
DK06_to_DB01#alt4,4,bwd,80,183.33,3550.0,0.2076,0.0
DK06_to_DB01#alt4,4,bwd,81,150.0,3600.0,0.2252,0.0
DK06_to_DB01#alt4,4,bwd,82,100.0,3650.0,0.2384,0.0
DK06_to_DB01#alt4,4,bwd,83,66.67,3700.0,0.2431,0.0
DK06_to_DB01#alt4,4,bwd,84,50.0,3750.0,0.2721,0.0
DK06_to_DB01#alt4,4,bwd,85,50.0,3800.0,0.3077,0.0
DK06_to_DB01#alt4,4,bwd,86,50.0,3850.0,0.344,0.0
DK06_to_DB01#alt4,4,bwd,87,50.0,3900.0,0.3784,0.0
DK06_to_DB01#alt4,4,bwd,88,50.0,3950.0,0.4076,0.0
DK06_to_DB01#alt4,4,bwd,89,50.0,4000.0,0.4275,0.0
DK06_to_DB01#alt4,4,bwd,90,50.0,4050.0,0.4346,0.0
DK06_to_DB01#alt4,4,bwd,91,50.0,4100.0,0.4346,0.0
DK06_to_DB01#alt4,4,bwd,92,50.0,4150.0,0.4346,0.0
DK06_to_DB01#alt4,4,bwd,93,50.0,4200.0,0.4346,0.0
DK06_to_DB01#alt4,4,bwd,94,50.0,4250.0,0.4346,0.0
DK06_to_DB01#alt4,4,bwd,95,50.0,4300.0,0.4275,0.0
DK06_to_DB01#alt4,4,bwd,96,66.67,4350.0,0.4076,0.0
DK06_to_DB01#alt4,4,bwd,97,100.0,4400.0,0.4346,0.0
DK06_to_DB01#alt4,4,bwd,98,150.0,4450.0,0.4346,0.0
DK06_to_DB01#alt4,4,bwd,99,200.0,4500.0,0.4346,0.0
DK06_to_DB01#alt4,4,bwd,100,250.0,4533.33,0.4076,0.0
DK06_to_DB01#alt4,4,bwd,101,300.0,4566.67,0.4346,0.0
DK06_to_DB01#alt4,4,bwd,102,350.0,4600.0,0.4076,0.0
DK06_to_DB01#alt4,4,bwd,103,400.0,4633.33,0.3628,0.0
DK06_to_DB01#alt4,4,bwd,104,450.0,4633.33,0.3679,0.0
DK06_to_DB01#alt4,4,bwd,105,500.0,4600.0,0.4275,0.0
DK06_to_DB01#alt4,4,bwd,106,550.0,4550.0,0.5134,0.0
DK06_to_DB01#alt4,4,bwd,107,600.0,4500.0,0.6065,0.0
DK06_to_DB01#alt4,4,bwd,108,650.0,4450.0,0.6889,0.0
DK06_to_DB01#alt4,4,bwd,109,700.0,4400.0,0.6889,0.0
DK06_to_DB01#alt4,4,bwd,110,733.33,4350.0,0.6889,0.0
DK06_to_DB01#alt4,4,bwd,111,750.0,4300.0,0.6241,0.0
DK06_to_DB01#alt4,4,bwd,112,750.0,4250.0,0.6889,0.0
DK06_to_DB01#alt4,4,bwd,113,750.0,4200.0,0.7165,0.0
DK06_to_DB01#alt5,5,bwd,0,3300.0,1050.0,0.4346,0.0
DK06_to_DB01#alt5,5,bwd,1,3350.0,1000.0,0.5134,0.0
DK06_to_DB01#alt5,5,bwd,2,3400.0,950.0,0.6065,0.0
DK06_to_DB01#alt5,5,bwd,3,3450.0,900.0,0.6889,0.0
DK06_to_DB01#alt5,5,bwd,4,3500.0,850.0,0.6889,0.0
DK06_to_DB01#alt5,5,bwd,5,3516.67,800.0,0.6241,0.0
DK06_to_DB01#alt5,5,bwd,6,3500.0,750.0,0.5483,0.0
DK06_to_DB01#alt5,5,bwd,7,3450.0,700.0,0.4346,0.0
DK06_to_DB01#alt5,5,bwd,8,3400.0,650.0,0.344,0.0
DK06_to_DB01#alt5,5,bwd,9,3350.0,600.0,0.2721,0.0
DK06_to_DB01#alt5,5,bwd,10,3300.0,550.0,0.2231,0.0
DK06_to_DB01#alt5,5,bwd,11,3250.0,500.0,0.1889,0.0
DK06_to_DB01#alt5,5,bwd,12,3200.0,450.0,0.1599,0.0
DK06_to_DB01#alt5,5,bwd,13,3150.0,400.0,0.1344,0.0
DK06_to_DB01#alt5,5,bwd,14,3100.0,350.0,0.1117,0.0
DK06_to_DB01#alt5,5,bwd,15,3050.0,300.0,0.092,0.0
DK06_to_DB01#alt5,5,bwd,16,3000.0,250.0,0.0821,0.0
DK06_to_DB01#alt5,5,bwd,17,2950.0,200.0,0.0785,0.0
DK06_to_DB01#alt5,5,bwd,18,2900.0,150.0,0.0736,0.0
DK06_to_DB01#alt5,5,bwd,19,2850.0,100.0,0.0681,0.0
DK06_to_DB01#alt5,5,bwd,20,2800.0,66.67,0.0634,0.0
DK06_to_DB01#alt5,5,bwd,21,2750.0,50.0,0.0677,0.0
DK06_to_DB01#alt5,5,bwd,22,2700.0,50.0,0.0717,0.0
DK06_to_DB01#alt5,5,bwd,23,2650.0,50.0,0.0752,0.0
DK06_to_DB01#alt5,5,bwd,24,2600.0,50.0,0.0781,0.0
DK06_to_DB01#alt5,5,bwd,25,2550.0,50.0,0.0803,0.0
DK06_to_DB01#alt5,5,bwd,26,2500.0,50.0,0.0816,0.0
DK06_to_DB01#alt5,5,bwd,27,2450.0,50.0,0.0821,0.0
DK06_to_DB01#alt5,5,bwd,28,2400.0,50.0,0.0821,0.0
DK06_to_DB01#alt5,5,bwd,29,2350.0,50.0,0.0821,0.0
DK06_to_DB01#alt5,5,bwd,30,2300.0,50.0,0.0816,0.0
DK06_to_DB01#alt5,5,bwd,31,2250.0,50.0,0.0803,0.0
DK06_to_DB01#alt5,5,bwd,32,2200.0,66.67,0.0781,0.0
DK06_to_DB01#alt5,5,bwd,33,2150.0,100.0,0.0883,0.0
DK06_to_DB01#alt5,5,bwd,34,2100.0,133.33,0.0981,0.0
DK06_to_DB01#alt5,5,bwd,35,2050.0,150.0,0.0936,0.0
DK06_to_DB01#alt5,5,bwd,36,2000.0,150.0,0.1062,0.0
DK06_to_DB01#alt5,5,bwd,37,1950.0,150.0,0.1199,0.0
DK06_to_DB01#alt5,5,bwd,38,1900.0,150.0,0.1344,0.0
DK06_to_DB01#alt5,5,bwd,39,1850.0,150.0,0.1517,0.0
DK06_to_DB01#alt5,5,bwd,40,1800.0,150.0,0.17,0.0
DK06_to_DB01#alt5,5,bwd,41,1750.0,150.0,0.1921,0.0
DK06_to_DB01#alt5,5,bwd,42,1700.0,150.0,0.2151,0.0
DK06_to_DB01#alt5,5,bwd,43,1650.0,150.0,0.2431,0.0
DK06_to_DB01#alt5,5,bwd,44,1600.0,150.0,0.2721,0.0
DK06_to_DB01#alt5,5,bwd,45,1550.0,150.0,0.3077,0.0
DK06_to_DB01#alt5,5,bwd,46,1500.0,150.0,0.344,0.0
DK06_to_DB01#alt5,5,bwd,47,1450.0,150.0,0.3784,0.0
DK06_to_DB01#alt5,5,bwd,48,1400.0,150.0,0.4076,0.0
DK06_to_DB01#alt5,5,bwd,49,1350.0,150.0,0.4275,0.0
DK06_to_DB01#alt5,5,bwd,50,1300.0,150.0,0.4346,0.0
DK06_to_DB01#alt5,5,bwd,51,1250.0,150.0,0.4931,0.0
DK06_to_DB01#alt5,5,bwd,52,1200.0,150.0,0.5483,0.0
DK06_to_DB01#alt5,5,bwd,53,1150.0,150.0,0.6241,0.0
DK06_to_DB01#alt5,5,bwd,54,1100.0,150.0,0.6889,0.0
DK06_to_DB01#alt5,5,bwd,55,1050.0,150.0,0.7165,0.0
DK06_to_DB01#alt5,5,bwd,56,1000.0,150.0,0.7165,0.0
DK06_to_DB01#alt5,5,bwd,57,950.0,150.0,0.7165,0.0
DK06_to_DB01#alt5,5,bwd,58,900.0,150.0,0.7165,0.0
DK06_to_DB01#alt5,5,bwd,59,850.0,166.67,0.6889,0.0
DK06_to_DB01#alt5,5,bwd,60,800.0,200.0,0.6889,0.0
DK06_to_DB01#alt5,5,bwd,61,750.0,250.0,0.6889,0.0
DK06_to_DB01#alt5,5,bwd,62,700.0,300.0,0.6889,0.0
DK06_to_DB01#alt5,5,bwd,63,650.0,350.0,0.6241,0.0
DK06_to_DB01#alt5,5,bwd,64,600.0,400.0,0.6241,0.0
DK06_to_DB01#alt5,5,bwd,65,550.0,450.0,0.6241,0.0
DK06_to_DB01#alt5,5,bwd,66,500.0,500.0,0.6241,0.0
DK06_to_DB01#alt5,5,bwd,67,450.0,550.0,0.6889,0.0
DK06_to_DB01#alt5,5,bwd,68,400.0,583.33,0.7165,0.0
DK06_to_DB01#alt5,5,bwd,69,350.0,616.67,0.6889,0.0
DK06_to_DB01#alt5,5,bwd,70,300.0,650.0,0.6889,0.0
DK06_to_DB01#alt5,5,bwd,71,266.67,700.0,0.6241,0.0
DK06_to_DB01#alt5,5,bwd,72,250.0,750.0,0.6889,0.0
DK06_to_DB01#alt5,5,bwd,73,250.0,800.0,0.7165,0.0
DK06_to_DB01#alt5,5,bwd,74,250.0,850.0,0.7165,0.0
DK06_to_DB01#alt5,5,bwd,75,250.0,900.0,0.7165,0.0
DK06_to_DB01#alt5,5,bwd,76,266.67,950.0,0.6889,0.0
DK06_to_DB01#alt5,5,bwd,77,300.0,1000.0,0.6889,0.0
DK06_to_DB01#alt5,5,bwd,78,333.33,1050.0,0.6889,0.0
DK06_to_DB01#alt5,5,bwd,79,350.0,1100.0,0.6241,0.0
DK06_to_DB01#alt5,5,bwd,80,350.0,1150.0,0.5483,0.0
DK06_to_DB01#alt5,5,bwd,81,350.0,1200.0,0.4746,0.0
DK06_to_DB01#alt5,5,bwd,82,350.0,1250.0,0.4076,0.0
DK06_to_DB01#alt5,5,bwd,83,350.0,1300.0,0.3485,0.0
DK06_to_DB01#alt5,5,bwd,84,350.0,1350.0,0.3077,0.0
DK06_to_DB01#alt5,5,bwd,85,350.0,1400.0,0.2721,0.0
DK06_to_DB01#alt5,5,bwd,86,333.33,1450.0,0.2431,0.0
DK06_to_DB01#alt5,5,bwd,87,300.0,1500.0,0.1921,0.0
DK06_to_DB01#alt5,5,bwd,88,250.0,1550.0,0.1517,0.0
DK06_to_DB01#alt5,5,bwd,89,200.0,1600.0,0.1199,0.0
DK06_to_DB01#alt5,5,bwd,90,166.67,1650.0,0.0947,0.0
DK06_to_DB01#alt5,5,bwd,91,150.0,1700.0,0.0839,0.0
DK06_to_DB01#alt5,5,bwd,92,150.0,1750.0,0.0748,0.0
DK06_to_DB01#alt5,5,bwd,93,133.33,1800.0,0.0663,0.0
DK06_to_DB01#alt5,5,bwd,94,100.0,1850.0,0.0544,0.0
DK06_to_DB01#alt5,5,bwd,95,66.67,1900.0,0.0444,0.0
DK06_to_DB01#alt5,5,bwd,96,50.0,1950.0,0.0423,0.0
DK06_to_DB01#alt5,5,bwd,97,50.0,2000.0,0.04,0.0
DK06_to_DB01#alt5,5,bwd,98,50.0,2050.0,0.0375,0.0
DK06_to_DB01#alt5,5,bwd,99,50.0,2100.0,0.0349,0.0
DK06_to_DB01#alt5,5,bwd,100,50.0,2150.0,0.0369,0.0
DK06_to_DB01#alt5,5,bwd,101,50.0,2200.0,0.0414,0.0
DK06_to_DB01#alt5,5,bwd,102,50.0,2250.0,0.0463,0.0
DK06_to_DB01#alt5,5,bwd,103,50.0,2300.0,0.0514,0.0
DK06_to_DB01#alt5,5,bwd,104,50.0,2350.0,0.0568,0.0
DK06_to_DB01#alt5,5,bwd,105,50.0,2400.0,0.0624,0.0
DK06_to_DB01#alt5,5,bwd,106,50.0,2450.0,0.0681,0.0
DK06_to_DB01#alt5,5,bwd,107,50.0,2500.0,0.0736,0.0
DK06_to_DB01#alt5,5,bwd,108,50.0,2550.0,0.079,0.0
DK06_to_DB01#alt5,5,bwd,109,50.0,2600.0,0.0854,0.0
DK06_to_DB01#alt5,5,bwd,110,50.0,2650.0,0.092,0.0
DK06_to_DB01#alt5,5,bwd,111,50.0,2700.0,0.0981,0.0
DK06_to_DB01#alt5,5,bwd,112,50.0,2750.0,0.1036,0.0
DK06_to_DB01#alt5,5,bwd,113,50.0,2800.0,0.1082,0.0
DK06_to_DB01#alt5,5,bwd,114,50.0,2850.0,0.1117,0.0
DK06_to_DB01#alt5,5,bwd,115,50.0,2900.0,0.1138,0.0
DK06_to_DB01#alt5,5,bwd,116,50.0,2950.0,0.1146,0.0
DK06_to_DB01#alt5,5,bwd,117,50.0,3000.0,0.1146,0.0
DK06_to_DB01#alt5,5,bwd,118,50.0,3050.0,0.1146,0.0
DK06_to_DB01#alt5,5,bwd,119,50.0,3100.0,0.1138,0.0
DK06_to_DB01#alt5,5,bwd,120,50.0,3150.0,0.1117,0.0
DK06_to_DB01#alt5,5,bwd,121,50.0,3200.0,0.1082,0.0
DK06_to_DB01#alt5,5,bwd,122,50.0,3250.0,0.1036,0.0
DK06_to_DB01#alt5,5,bwd,123,50.0,3300.0,0.0981,0.0
DK06_to_DB01#alt5,5,bwd,124,50.0,3350.0,0.092,0.0
DK06_to_DB01#alt5,5,bwd,125,50.0,3400.0,0.1069,0.0
DK06_to_DB01#alt5,5,bwd,126,50.0,3450.0,0.1239,0.0
DK06_to_DB01#alt5,5,bwd,127,50.0,3500.0,0.1432,0.0
DK06_to_DB01#alt5,5,bwd,128,50.0,3550.0,0.1648,0.0
DK06_to_DB01#alt5,5,bwd,129,50.0,3600.0,0.1889,0.0
DK06_to_DB01#alt5,5,bwd,130,50.0,3650.0,0.2151,0.0
DK06_to_DB01#alt5,5,bwd,131,50.0,3700.0,0.2431,0.0
DK06_to_DB01#alt5,5,bwd,132,50.0,3750.0,0.2721,0.0
DK06_to_DB01#alt5,5,bwd,133,50.0,3800.0,0.3077,0.0
DK06_to_DB01#alt5,5,bwd,134,50.0,3850.0,0.344,0.0
DK06_to_DB01#alt5,5,bwd,135,50.0,3900.0,0.3784,0.0
DK06_to_DB01#alt5,5,bwd,136,50.0,3950.0,0.4076,0.0
DK06_to_DB01#alt5,5,bwd,137,50.0,4000.0,0.4275,0.0
DK06_to_DB01#alt5,5,bwd,138,50.0,4050.0,0.4346,0.0
DK06_to_DB01#alt5,5,bwd,139,50.0,4100.0,0.4346,0.0
DK06_to_DB01#alt5,5,bwd,140,50.0,4150.0,0.4346,0.0
DK06_to_DB01#alt5,5,bwd,141,50.0,4200.0,0.4346,0.0
DK06_to_DB01#alt5,5,bwd,142,50.0,4250.0,0.4346,0.0
DK06_to_DB01#alt5,5,bwd,143,50.0,4300.0,0.4275,0.0
DK06_to_DB01#alt5,5,bwd,144,50.0,4350.0,0.4076,0.0
DK06_to_DB01#alt5,5,bwd,145,50.0,4400.0,0.3784,0.0
DK06_to_DB01#alt5,5,bwd,146,50.0,4450.0,0.344,0.0
DK06_to_DB01#alt5,5,bwd,147,50.0,4500.0,0.3077,0.0
DK06_to_DB01#alt5,5,bwd,148,50.0,4550.0,0.2721,0.0
DK06_to_DB01#alt5,5,bwd,149,50.0,4600.0,0.2431,0.0
DK06_to_DB01#alt5,5,bwd,150,50.0,4650.0,0.2151,0.0
DK06_to_DB01#alt5,5,bwd,151,66.67,4700.0,0.1889,0.0
DK06_to_DB01#alt5,5,bwd,152,100.0,4750.0,0.1798,0.0
DK06_to_DB01#alt5,5,bwd,153,150.0,4800.0,0.1661,0.0
DK06_to_DB01#alt5,5,bwd,154,200.0,4833.33,0.1551,0.0
DK06_to_DB01#alt5,5,bwd,155,250.0,4850.0,0.1661,0.0
DK06_to_DB01#alt5,5,bwd,156,300.0,4850.0,0.1755,0.0
DK06_to_DB01#alt5,5,bwd,157,350.0,4850.0,0.1937,0.0
DK06_to_DB01#alt5,5,bwd,158,400.0,4850.0,0.2252,0.0
DK06_to_DB01#alt5,5,bwd,159,450.0,4850.0,0.2609,0.0
DK06_to_DB01#alt5,5,bwd,160,500.0,4833.33,0.3006,0.0
DK06_to_DB01#alt5,5,bwd,161,550.0,4800.0,0.3784,0.0
DK06_to_DB01#alt5,5,bwd,162,600.0,4750.0,0.4746,0.0
DK06_to_DB01#alt5,5,bwd,163,633.33,4700.0,0.5903,0.0
DK06_to_DB01#alt5,5,bwd,164,650.0,4650.0,0.6241,0.0
DK06_to_DB01#alt5,5,bwd,165,650.0,4600.0,0.6889,0.0
DK06_to_DB01#alt5,5,bwd,166,650.0,4550.0,0.7165,0.0
DK06_to_DB01#alt5,5,bwd,167,650.0,4500.0,0.7165,0.0
DK06_to_DB01#alt5,5,bwd,168,666.67,4450.0,0.6889,0.0
DK06_to_DB01#alt5,5,bwd,169,700.0,4400.0,0.6889,0.0
DK06_to_DB01#alt5,5,bwd,170,733.33,4350.0,0.6889,0.0
DK06_to_DB01#alt5,5,bwd,171,750.0,4300.0,0.6241,0.0
DK06_to_DB01#alt5,5,bwd,172,750.0,4250.0,0.6889,0.0
DK06_to_DB01#alt5,5,bwd,173,750.0,4200.0,0.7165,0.0
DB01_to_DK03#alt0,0,fwd,0,750.0,4200.0,0.7165,0.0
DB01_to_DK03#alt0,0,fwd,1,800.0,4250.0,0.5903,0.0
DB01_to_DK03#alt0,0,fwd,2,850.0,4300.0,0.6065,0.0
DB01_to_DK03#alt0,0,fwd,3,900.0,4333.33,0.7165,0.0
DB01_to_DK03#alt0,0,fwd,4,950.0,4350.0,0.7165,0.0
DB01_to_DK03#alt0,0,fwd,5,1000.0,4350.0,0.6889,0.0
DB01_to_DK03#alt0,0,fwd,6,1050.0,4400.0,0.6889,0.0
DB01_to_DK03#alt0,0,fwd,7,1100.0,4450.0,0.6889,0.0
DB01_to_DK03#alt0,0,fwd,8,1150.0,4500.0,0.6065,0.0
DB01_to_DK03#alt0,0,fwd,9,1200.0,4550.0,0.5134,0.0
DB01_to_DK03#alt0,0,fwd,10,1233.33,4600.0,0.5134,0.0
DB01_to_DK03#alt0,0,fwd,11,1266.67,4650.0,0.5134,0.0
DB01_to_DK03#alt0,0,fwd,12,1300.0,4700.0,0.5903,0.0
DB01_to_DK03#alt0,0,fwd,13,1350.0,4750.0,0.6241,0.0
DB01_to_DK03#alt0,0,fwd,14,1400.0,4800.0,0.5903,0.0
DB01_to_DK03#alt0,0,fwd,15,1450.0,4833.33,0.5134,0.0
DB01_to_DK03#alt0,0,fwd,16,1500.0,4850.0,0.5134,0.0
DB01_to_DK03#alt0,0,fwd,17,1550.0,4850.0,0.5134,0.0
DB01_to_DK03#alt0,0,fwd,18,1600.0,4866.67,0.503,0.0
DB01_to_DK03#alt0,0,fwd,19,1650.0,4900.0,0.4931,0.0
DB01_to_DK03#alt0,0,fwd,20,1700.0,4933.33,0.4931,0.0
DB01_to_DK03#alt0,0,fwd,21,1750.0,4950.0,0.5483,0.0
DB01_to_DK03#alt0,0,fwd,22,1800.0,4950.0,0.5903,0.0
DB01_to_DK03#alt0,0,fwd,23,1850.0,4950.0,0.6065,0.0
DB01_to_DK03#alt0,0,fwd,24,1900.0,4933.33,0.6065,0.0
DB01_to_DK03#alt0,0,fwd,25,1950.0,4916.67,0.7165,0.0
DB01_to_DK03#alt0,0,fwd,26,2000.0,4900.0,0.7165,0.0
DB01_to_DK03#alt0,0,fwd,27,2050.0,4883.33,0.6889,0.0
DB01_to_DK03#alt0,0,fwd,28,2100.0,4850.0,0.6889,0.0
DB01_to_DK03#alt0,0,fwd,29,2150.0,4800.0,0.6889,0.0
DB01_to_DK03#alt0,0,fwd,30,2200.0,4750.0,0.6889,0.0
DB01_to_DK03#alt0,0,fwd,31,2250.0,4700.0,0.6065,0.0
DB01_to_DK03#alt0,0,fwd,32,2300.0,4650.0,0.5134,0.0
DB01_to_DK03#alt0,0,fwd,33,2350.0,4600.0,0.4931,0.0
DB01_to_DK03#alt0,0,fwd,34,2383.33,4550.0,0.6241,0.0
DB01_to_DK03#alt0,0,fwd,35,2400.0,4500.0,0.6889,0.0
DB01_to_DK03#alt0,0,fwd,36,2400.0,4450.0,0.7165,0.0
DB01_to_DK03#alt0,0,fwd,37,2400.0,4400.0,0.7165,0.0
DB01_to_DK03#alt0,0,fwd,38,2400.0,4350.0,0.7165,0.0
DB01_to_DK03#alt0,0,fwd,39,2400.0,4300.0,0.6889,0.0
DB01_to_DK03#alt0,0,fwd,40,2450.0,4250.0,0.6889,0.0
DB01_to_DK03#alt0,0,fwd,41,2500.0,4200.0,0.6065,0.0
DB01_to_DK03#alt0,0,fwd,42,2533.33,4150.0,0.503,0.0
DB01_to_DK03#alt0,0,fwd,43,2550.0,4100.0,0.4275,0.0
DB01_to_DK03#alt0,0,fwd,44,2550.0,4050.0,0.3628,0.0
DB01_to_DK03#alt3,3,fwd,0,750.0,4200.0,0.7165,0.0
DB01_to_DK03#alt3,3,fwd,1,733.33,4250.0,0.6889,0.0
DB01_to_DK03#alt3,3,fwd,2,700.0,4300.0,0.6889,0.0
DB01_to_DK03#alt3,3,fwd,3,650.0,4350.0,0.6889,0.0
DB01_to_DK03#alt3,3,fwd,4,600.0,4400.0,0.6889,0.0
DB01_to_DK03#alt3,3,fwd,5,550.0,4433.33,0.6241,0.0
DB01_to_DK03#alt3,3,fwd,6,500.0,4450.0,0.6889,0.0
DB01_to_DK03#alt3,3,fwd,7,450.0,4450.0,0.7165,0.0
DB01_to_DK03#alt3,3,fwd,8,400.0,4450.0,0.6889,0.0
DB01_to_DK03#alt3,3,fwd,9,350.0,4400.0,0.7165,0.0
DB01_to_DK03#alt3,3,fwd,10,300.0,4400.0,0.6889,0.0
DB01_to_DK03#alt3,3,fwd,11,250.0,4350.0,0.6889,0.0
DB01_to_DK03#alt3,3,fwd,12,200.0,4300.0,0.6889,0.0
DB01_to_DK03#alt3,3,fwd,13,200.0,4250.0,0.7165,0.0
DB01_to_DK03#alt3,3,fwd,14,200.0,4200.0,0.7165,0.0
DB01_to_DK03#alt3,3,fwd,15,200.0,4150.0,0.7165,0.0
DB01_to_DK03#alt3,3,fwd,16,200.0,4100.0,0.7165,0.0
DB01_to_DK03#alt3,3,fwd,17,200.0,4050.0,0.7165,0.0
DB01_to_DK03#alt3,3,fwd,18,200.0,4000.0,0.6889,0.0
DB01_to_DK03#alt3,3,fwd,19,250.0,3950.0,0.6889,0.0
DB01_to_DK03#alt3,3,fwd,20,300.0,3900.0,0.6889,0.0
DB01_to_DK03#alt3,3,fwd,21,350.0,3850.0,0.6241,0.0
DB01_to_DK03#alt3,3,fwd,22,400.0,3800.0,0.5903,0.0
DB01_to_DK03#alt3,3,fwd,23,450.0,3750.0,0.5134,0.0
DB01_to_DK03#alt3,3,fwd,24,500.0,3700.0,0.4346,0.0
DB01_to_DK03#alt3,3,fwd,25,533.33,3650.0,0.4746,0.0
DB01_to_DK03#alt3,3,fwd,26,550.0,3600.0,0.4346,0.0
DB01_to_DK03#alt3,3,fwd,27,550.0,3550.0,0.4275,0.0
DB01_to_DK03#alt3,3,fwd,28,566.67,3500.0,0.4076,0.0
DB01_to_DK03#alt3,3,fwd,29,583.33,3450.0,0.4346,0.0
DB01_to_DK03#alt3,3,fwd,30,600.0,3400.0,0.3895,0.0
DB01_to_DK03#alt3,3,fwd,31,600.0,3350.0,0.4346,0.0
DB01_to_DK03#alt3,3,fwd,32,600.0,3300.0,0.4931,0.0
DB01_to_DK03#alt3,3,fwd,33,600.0,3250.0,0.5483,0.0
DB01_to_DK03#alt3,3,fwd,34,600.0,3200.0,0.5903,0.0
DB01_to_DK03#alt3,3,fwd,35,600.0,3150.0,0.6241,0.0
DB01_to_DK03#alt3,3,fwd,36,600.0,3100.0,0.6889,0.0
DB01_to_DK03#alt3,3,fwd,37,600.0,3050.0,0.7165,0.0
DB01_to_DK03#alt3,3,fwd,38,600.0,3000.0,0.7165,0.0
DB01_to_DK03#alt3,3,fwd,39,600.0,2950.0,0.7165,0.0
DB01_to_DK03#alt3,3,fwd,40,616.67,2900.0,0.6889,0.0
DB01_to_DK03#alt3,3,fwd,41,633.33,2850.0,0.7165,0.0
DB01_to_DK03#alt3,3,fwd,42,650.0,2800.0,0.6889,0.0
DB01_to_DK03#alt3,3,fwd,43,700.0,2750.0,0.6889,0.0
DB01_to_DK03#alt3,3,fwd,44,750.0,2716.67,0.6889,0.0
DB01_to_DK03#alt3,3,fwd,45,800.0,2700.0,0.7165,0.0
DB01_to_DK03#alt3,3,fwd,46,850.0,2700.0,0.7165,0.0
DB01_to_DK03#alt3,3,fwd,47,900.0,2700.0,0.7165,0.0
DB01_to_DK03#alt3,3,fwd,48,950.0,2700.0,0.7165,0.0
DB01_to_DK03#alt3,3,fwd,49,1000.0,2700.0,0.7165,0.0
DB01_to_DK03#alt3,3,fwd,50,1050.0,2700.0,0.7165,0.0
DB01_to_DK03#alt3,3,fwd,51,1100.0,2700.0,0.6889,0.0
DB01_to_DK03#alt3,3,fwd,52,1150.0,2750.0,0.6889,0.0
DB01_to_DK03#alt3,3,fwd,53,1200.0,2800.0,0.6889,0.0
DB01_to_DK03#alt3,3,fwd,54,1250.0,2850.0,0.6889,0.0
DB01_to_DK03#alt3,3,fwd,55,1300.0,2900.0,0.6065,0.0
DB01_to_DK03#alt3,3,fwd,56,1350.0,2950.0,0.5134,0.0
DB01_to_DK03#alt3,3,fwd,57,1400.0,3000.0,0.4346,0.0
DB01_to_DK03#alt3,3,fwd,58,1450.0,3050.0,0.3679,0.0
DB01_to_DK03#alt3,3,fwd,59,1500.0,3100.0,0.3485,0.0
DB01_to_DK03#alt3,3,fwd,60,1550.0,3150.0,0.3784,0.0
DB01_to_DK03#alt3,3,fwd,61,1600.0,3200.0,0.3895,0.0
DB01_to_DK03#alt3,3,fwd,62,1650.0,3250.0,0.3895,0.0
DB01_to_DK03#alt3,3,fwd,63,1700.0,3300.0,0.3895,0.0
DB01_to_DK03#alt3,3,fwd,64,1750.0,3350.0,0.3895,0.0
DB01_to_DK03#alt3,3,fwd,65,1800.0,3400.0,0.3895,0.0
DB01_to_DK03#alt3,3,fwd,66,1850.0,3450.0,0.3784,0.0
DB01_to_DK03#alt3,3,fwd,67,1900.0,3500.0,0.3485,0.0
DB01_to_DK03#alt3,3,fwd,68,1950.0,3550.0,0.3077,0.0
DB01_to_DK03#alt3,3,fwd,69,2000.0,3600.0,0.281,0.0
DB01_to_DK03#alt3,3,fwd,70,2050.0,3650.0,0.2972,0.0
DB01_to_DK03#alt3,3,fwd,71,2100.0,3700.0,0.3269,0.0
DB01_to_DK03#alt3,3,fwd,72,2150.0,3750.0,0.344,0.0
DB01_to_DK03#alt3,3,fwd,73,2200.0,3800.0,0.344,0.0
DB01_to_DK03#alt3,3,fwd,74,2250.0,3850.0,0.3269,0.0
DB01_to_DK03#alt3,3,fwd,75,2300.0,3900.0,0.3006,0.0
DB01_to_DK03#alt3,3,fwd,76,2350.0,3950.0,0.281,0.0
DB01_to_DK03#alt3,3,fwd,77,2400.0,4000.0,0.2972,0.0
DB01_to_DK03#alt3,3,fwd,78,2450.0,4033.33,0.3628,0.0
DB01_to_DK03#alt3,3,fwd,79,2500.0,4050.0,0.3679,0.0
DB01_to_DK03#alt3,3,fwd,80,2550.0,4050.0,0.3628,0.0
DK03_to_DB01#alt6,6,bwd,0,2550.0,4050.0,0.3628,0.0
DK03_to_DB01#alt6,6,bwd,1,2600.0,4000.0,0.2972,0.0
DK03_to_DB01#alt6,6,bwd,2,2650.0,3950.0,0.3006,0.0
DK03_to_DB01#alt6,6,bwd,3,2683.33,3900.0,0.3269,0.0
DK03_to_DB01#alt6,6,bwd,4,2700.0,3850.0,0.3006,0.0
DK03_to_DB01#alt6,6,bwd,5,2700.0,3800.0,0.2721,0.0
DK03_to_DB01#alt6,6,bwd,6,2716.67,3750.0,0.2431,0.0
DK03_to_DB01#alt6,6,bwd,7,2750.0,3700.0,0.2384,0.0
DK03_to_DB01#alt6,6,bwd,8,2783.33,3650.0,0.2252,0.0
DK03_to_DB01#alt6,6,bwd,9,2800.0,3600.0,0.2431,0.0
DK03_to_DB01#alt6,6,bwd,10,2800.0,3550.0,0.2721,0.0
DK03_to_DB01#alt6,6,bwd,11,2800.0,3500.0,0.3077,0.0
DK03_to_DB01#alt6,6,bwd,12,2800.0,3450.0,0.344,0.0
DK03_to_DB01#alt6,6,bwd,13,2800.0,3400.0,0.3784,0.0
DK03_to_DB01#alt6,6,bwd,14,2800.0,3350.0,0.4076,0.0
DK03_to_DB01#alt6,6,bwd,15,2800.0,3300.0,0.4275,0.0
DK03_to_DB01#alt6,6,bwd,16,2800.0,3250.0,0.4346,0.0
DK03_to_DB01#alt6,6,bwd,17,2800.0,3200.0,0.4346,0.0
DK03_to_DB01#alt6,6,bwd,18,2800.0,3150.0,0.4346,0.0
DK03_to_DB01#alt6,6,bwd,19,2800.0,3100.0,0.4275,0.0
DK03_to_DB01#alt6,6,bwd,20,2800.0,3050.0,0.4076,0.0
DK03_to_DB01#alt6,6,bwd,21,2800.0,3000.0,0.3784,0.0
DK03_to_DB01#alt6,6,bwd,22,2800.0,2950.0,0.344,0.0
DK03_to_DB01#alt6,6,bwd,23,2800.0,2900.0,0.344,0.0
DK03_to_DB01#alt6,6,bwd,24,2800.0,2850.0,0.3895,0.0
DK03_to_DB01#alt6,6,bwd,25,2800.0,2800.0,0.4346,0.0
DK03_to_DB01#alt6,6,bwd,26,2800.0,2750.0,0.4746,0.0
DK03_to_DB01#alt6,6,bwd,27,2800.0,2700.0,0.503,0.0
DK03_to_DB01#alt6,6,bwd,28,2800.0,2650.0,0.5483,0.0
DK03_to_DB01#alt6,6,bwd,29,2800.0,2600.0,0.6241,0.0
DK03_to_DB01#alt6,6,bwd,30,2800.0,2550.0,0.6889,0.0
DK03_to_DB01#alt6,6,bwd,31,2800.0,2500.0,0.7165,0.0
DK03_to_DB01#alt6,6,bwd,32,2800.0,2450.0,0.7165,0.0
DK03_to_DB01#alt6,6,bwd,33,2800.0,2400.0,0.7165,0.0
DK03_to_DB01#alt6,6,bwd,34,2800.0,2350.0,0.7165,0.0
DK03_to_DB01#alt6,6,bwd,35,2800.0,2300.0,0.7165,0.0
DK03_to_DB01#alt6,6,bwd,36,2783.33,2250.0,0.6889,0.0
DK03_to_DB01#alt6,6,bwd,37,2750.0,2200.0,0.6889,0.0
DK03_to_DB01#alt6,6,bwd,38,2700.0,2150.0,0.6889,0.0
DK03_to_DB01#alt6,6,bwd,39,2650.0,2116.67,0.6241,0.0
DK03_to_DB01#alt6,6,bwd,40,2600.0,2100.0,0.6889,0.0
DK03_to_DB01#alt6,6,bwd,41,2550.0,2100.0,0.7165,0.0
DK03_to_DB01#alt6,6,bwd,42,2500.0,2100.0,0.7165,0.0
DK03_to_DB01#alt6,6,bwd,43,2450.0,2100.0,0.7165,0.0
DK03_to_DB01#alt6,6,bwd,44,2400.0,2083.33,0.6889,0.0
DK03_to_DB01#alt6,6,bwd,45,2350.0,2050.0,0.5483,0.0
DK03_to_DB01#alt6,6,bwd,46,2300.0,2016.67,0.4346,0.0
DK03_to_DB01#alt6,6,bwd,47,2250.0,2000.0,0.3895,0.0
DK03_to_DB01#alt6,6,bwd,48,2200.0,2000.0,0.344,0.0
DK03_to_DB01#alt6,6,bwd,49,2150.0,2000.0,0.3077,0.0
DK03_to_DB01#alt6,6,bwd,50,2100.0,1983.33,0.2721,0.0
DK03_to_DB01#alt6,6,bwd,51,2050.0,1950.0,0.2609,0.0
DK03_to_DB01#alt6,6,bwd,52,2000.0,1900.0,0.2721,0.0
DK03_to_DB01#alt6,6,bwd,53,1950.0,1850.0,0.2721,0.0
DK03_to_DB01#alt6,6,bwd,54,1900.0,1816.67,0.2721,0.0
DK03_to_DB01#alt6,6,bwd,55,1850.0,1800.0,0.2431,0.0
DK03_to_DB01#alt6,6,bwd,56,1800.0,1800.0,0.2721,0.0
DK03_to_DB01#alt6,6,bwd,57,1750.0,1800.0,0.3077,0.0
DK03_to_DB01#alt6,6,bwd,58,1700.0,1800.0,0.344,0.0
DK03_to_DB01#alt6,6,bwd,59,1650.0,1800.0,0.3784,0.0
DK03_to_DB01#alt6,6,bwd,60,1600.0,1800.0,0.4076,0.0
DK03_to_DB01#alt6,6,bwd,61,1550.0,1800.0,0.4346,0.0
DK03_to_DB01#alt6,6,bwd,62,1500.0,1800.0,0.4746,0.0
DK03_to_DB01#alt6,6,bwd,63,1450.0,1800.0,0.503,0.0
DK03_to_DB01#alt6,6,bwd,64,1400.0,1800.0,0.5134,0.0
DK03_to_DB01#alt6,6,bwd,65,1350.0,1800.0,0.5134,0.0
DK03_to_DB01#alt6,6,bwd,66,1300.0,1800.0,0.5483,0.0
DK03_to_DB01#alt6,6,bwd,67,1250.0,1800.0,0.6241,0.0
DK03_to_DB01#alt6,6,bwd,68,1200.0,1800.0,0.6889,0.0
DK03_to_DB01#alt6,6,bwd,69,1150.0,1800.0,0.7165,0.0
DK03_to_DB01#alt6,6,bwd,70,1100.0,1800.0,0.7165,0.0
DK03_to_DB01#alt6,6,bwd,71,1050.0,1800.0,0.7165,0.0
DK03_to_DB01#alt6,6,bwd,72,1000.0,1800.0,0.7165,0.0
DK03_to_DB01#alt6,6,bwd,73,950.0,1783.33,0.6889,0.0
DK03_to_DB01#alt6,6,bwd,74,900.0,1750.0,0.6889,0.0
DK03_to_DB01#alt6,6,bwd,75,850.0,1700.0,0.6889,0.0
DK03_to_DB01#alt6,6,bwd,76,800.0,1650.0,0.6065,0.0
DK03_to_DB01#alt6,6,bwd,77,750.0,1616.67,0.5134,0.0
DK03_to_DB01#alt6,6,bwd,78,700.0,1600.0,0.4346,0.0
DK03_to_DB01#alt6,6,bwd,79,650.0,1616.67,0.3679,0.0
DK03_to_DB01#alt6,6,bwd,80,600.0,1650.0,0.3114,0.0
DK03_to_DB01#alt6,6,bwd,81,550.0,1700.0,0.2609,0.0
DK03_to_DB01#alt6,6,bwd,82,500.0,1750.0,0.2151,0.0
DK03_to_DB01#alt6,6,bwd,83,450.0,1800.0,0.1755,0.0
DK03_to_DB01#alt6,6,bwd,84,400.0,1850.0,0.1422,0.0
DK03_to_DB01#alt6,6,bwd,85,350.0,1900.0,0.1146,0.0
DK03_to_DB01#alt6,6,bwd,86,300.0,1950.0,0.092,0.0
DK03_to_DB01#alt6,6,bwd,87,250.0,2000.0,0.0736,0.0
DK03_to_DB01#alt6,6,bwd,88,200.0,2050.0,0.0588,0.0
DK03_to_DB01#alt6,6,bwd,89,166.67,2100.0,0.0469,0.0
DK03_to_DB01#alt6,6,bwd,90,150.0,2150.0,0.0467,0.0
DK03_to_DB01#alt6,6,bwd,91,150.0,2200.0,0.0524,0.0
DK03_to_DB01#alt6,6,bwd,92,150.0,2250.0,0.0591,0.0
DK03_to_DB01#alt6,6,bwd,93,150.0,2300.0,0.0663,0.0
DK03_to_DB01#alt6,6,bwd,94,150.0,2350.0,0.074,0.0
DK03_to_DB01#alt6,6,bwd,95,150.0,2400.0,0.0821,0.0
DK03_to_DB01#alt6,6,bwd,96,150.0,2450.0,0.0904,0.0
DK03_to_DB01#alt6,6,bwd,97,150.0,2500.0,0.0987,0.0
DK03_to_DB01#alt6,6,bwd,98,150.0,2550.0,0.1069,0.0
DK03_to_DB01#alt6,6,bwd,99,150.0,2600.0,0.1146,0.0
DK03_to_DB01#alt6,6,bwd,100,150.0,2650.0,0.1239,0.0
DK03_to_DB01#alt6,6,bwd,101,150.0,2700.0,0.1335,0.0
DK03_to_DB01#alt6,6,bwd,102,150.0,2750.0,0.1422,0.0
DK03_to_DB01#alt6,6,bwd,103,150.0,2800.0,0.1495,0.0
DK03_to_DB01#alt6,6,bwd,104,150.0,2850.0,0.1551,0.0
DK03_to_DB01#alt6,6,bwd,105,150.0,2900.0,0.1587,0.0
DK03_to_DB01#alt6,6,bwd,106,166.67,2950.0,0.1599,0.0
DK03_to_DB01#alt6,6,bwd,107,183.33,3000.0,0.1889,0.0
DK03_to_DB01#alt6,6,bwd,108,200.0,3050.0,0.1889,0.0
DK03_to_DB01#alt6,6,bwd,109,200.0,3100.0,0.1873,0.0
DK03_to_DB01#alt6,6,bwd,110,200.0,3150.0,0.1827,0.0
DK03_to_DB01#alt6,6,bwd,111,200.0,3200.0,0.1755,0.0
DK03_to_DB01#alt6,6,bwd,112,200.0,3250.0,0.1661,0.0
DK03_to_DB01#alt6,6,bwd,113,200.0,3300.0,0.1551,0.0
DK03_to_DB01#alt6,6,bwd,114,200.0,3350.0,0.1432,0.0
DK03_to_DB01#alt6,6,bwd,115,200.0,3400.0,0.1335,0.0
DK03_to_DB01#alt6,6,bwd,116,200.0,3450.0,0.1551,0.0
DK03_to_DB01#alt6,6,bwd,117,200.0,3500.0,0.1798,0.0
DK03_to_DB01#alt6,6,bwd,118,183.33,3550.0,0.2076,0.0
DK03_to_DB01#alt6,6,bwd,119,150.0,3600.0,0.2252,0.0
DK03_to_DB01#alt6,6,bwd,120,100.0,3650.0,0.2384,0.0
DK03_to_DB01#alt6,6,bwd,121,66.67,3700.0,0.2431,0.0
DK03_to_DB01#alt6,6,bwd,122,50.0,3750.0,0.2721,0.0
DK03_to_DB01#alt6,6,bwd,123,50.0,3800.0,0.3077,0.0
DK03_to_DB01#alt6,6,bwd,124,50.0,3850.0,0.344,0.0
DK03_to_DB01#alt6,6,bwd,125,50.0,3900.0,0.3784,0.0
DK03_to_DB01#alt6,6,bwd,126,50.0,3950.0,0.4076,0.0
DK03_to_DB01#alt6,6,bwd,127,50.0,4000.0,0.4275,0.0
DK03_to_DB01#alt6,6,bwd,128,50.0,4050.0,0.4346,0.0
DK03_to_DB01#alt6,6,bwd,129,50.0,4100.0,0.4346,0.0
DK03_to_DB01#alt6,6,bwd,130,50.0,4150.0,0.4346,0.0
DK03_to_DB01#alt6,6,bwd,131,50.0,4200.0,0.4346,0.0
DK03_to_DB01#alt6,6,bwd,132,50.0,4250.0,0.4346,0.0
DK03_to_DB01#alt6,6,bwd,133,50.0,4300.0,0.4275,0.0
DK03_to_DB01#alt6,6,bwd,134,66.67,4350.0,0.4076,0.0
DK03_to_DB01#alt6,6,bwd,135,100.0,4400.0,0.4346,0.0
DK03_to_DB01#alt6,6,bwd,136,150.0,4450.0,0.4346,0.0
DK03_to_DB01#alt6,6,bwd,137,200.0,4500.0,0.4346,0.0
DK03_to_DB01#alt6,6,bwd,138,250.0,4533.33,0.4076,0.0
DK03_to_DB01#alt6,6,bwd,139,300.0,4550.0,0.4346,0.0
DK03_to_DB01#alt6,6,bwd,140,350.0,4550.0,0.4746,0.0
DK03_to_DB01#alt6,6,bwd,141,400.0,4550.0,0.503,0.0
DK03_to_DB01#alt6,6,bwd,142,450.0,4550.0,0.5134,0.0
DK03_to_DB01#alt6,6,bwd,143,500.0,4533.33,0.503,0.0
DK03_to_DB01#alt6,6,bwd,144,550.0,4500.0,0.5483,0.0
DK03_to_DB01#alt6,6,bwd,145,600.0,4450.0,0.5903,0.0
DK03_to_DB01#alt6,6,bwd,146,650.0,4400.0,0.6241,0.0
DK03_to_DB01#alt6,6,bwd,147,700.0,4350.0,0.6241,0.0
DK03_to_DB01#alt6,6,bwd,148,733.33,4300.0,0.6241,0.0
DK03_to_DB01#alt6,6,bwd,149,750.0,4250.0,0.6889,0.0
DK03_to_DB01#alt6,6,bwd,150,750.0,4200.0,0.7165,0.0
DB02_to_DK06#alt0,0,fwd,0,2150.0,600.0,0.4076,0.0
DB02_to_DK06#alt0,0,fwd,1,2200.0,650.0,0.503,0.0
DB02_to_DK06#alt0,0,fwd,2,2250.0,683.33,0.6241,0.0
DB02_to_DK06#alt0,0,fwd,3,2300.0,700.0,0.6889,0.0
DB02_to_DK06#alt0,0,fwd,4,2350.0,700.0,0.7165,0.0
DB02_to_DK06#alt0,0,fwd,5,2400.0,700.0,0.7165,0.0
DB02_to_DK06#alt0,0,fwd,6,2450.0,700.0,0.7165,0.0
DB02_to_DK06#alt0,0,fwd,7,2500.0,683.33,0.6889,0.0
DB02_to_DK06#alt0,0,fwd,8,2550.0,666.67,0.5483,0.0
DB02_to_DK06#alt0,0,fwd,9,2600.0,666.67,0.503,0.0
DB02_to_DK06#alt0,0,fwd,10,2650.0,683.33,0.5483,0.0
DB02_to_DK06#alt0,0,fwd,11,2700.0,716.67,0.4931,0.0
DB02_to_DK06#alt0,0,fwd,12,2750.0,750.0,0.4931,0.0
DB02_to_DK06#alt0,0,fwd,13,2800.0,800.0,0.4746,0.0
DB02_to_DK06#alt0,0,fwd,14,2850.0,850.0,0.4346,0.0
DB02_to_DK06#alt0,0,fwd,15,2900.0,900.0,0.4076,0.0
DB02_to_DK06#alt0,0,fwd,16,2950.0,950.0,0.3628,0.0
DB02_to_DK06#alt0,0,fwd,17,3000.0,1000.0,0.3114,0.0
DB02_to_DK06#alt0,0,fwd,18,3050.0,1033.33,0.2636,0.0
DB02_to_DK06#alt0,0,fwd,19,3100.0,1050.0,0.2231,0.0
DB02_to_DK06#alt0,0,fwd,20,3150.0,1050.0,0.2636,0.0
DB02_to_DK06#alt0,0,fwd,21,3200.0,1050.0,0.3114,0.0
DB02_to_DK06#alt0,0,fwd,22,3250.0,1050.0,0.3679,0.0
DB02_to_DK06#alt0,0,fwd,23,3300.0,1050.0,0.4346,0.0
DK06_to_DB02#alt0,0,bwd,0,3300.0,1050.0,0.4346,0.0
DK06_to_DB02#alt0,0,bwd,1,3250.0,1000.0,0.3679,0.0
DK06_to_DB02#alt0,0,bwd,2,3200.0,950.0,0.3114,0.0
DK06_to_DB02#alt0,0,bwd,3,3150.0,900.0,0.2609,0.0
DK06_to_DB02#alt0,0,bwd,4,3100.0,850.0,0.2151,0.0
DK06_to_DB02#alt0,0,bwd,5,3050.0,800.0,0.2252,0.0
DK06_to_DB02#alt0,0,bwd,6,3000.0,750.0,0.2407,0.0
DK06_to_DB02#alt0,0,bwd,7,2950.0,700.0,0.2609,0.0
DK06_to_DB02#alt0,0,bwd,8,2900.0,650.0,0.2721,0.0
DK06_to_DB02#alt0,0,bwd,9,2850.0,600.0,0.2721,0.0
DK06_to_DB02#alt0,0,bwd,10,2800.0,566.67,0.2721,0.0
DK06_to_DB02#alt0,0,bwd,11,2750.0,533.33,0.3006,0.0
DK06_to_DB02#alt0,0,bwd,12,2700.0,516.67,0.281,0.0
DK06_to_DB02#alt0,0,bwd,13,2650.0,500.0,0.3006,0.0
DK06_to_DB02#alt0,0,bwd,14,2600.0,483.33,0.3269,0.0
DK06_to_DB02#alt0,0,bwd,15,2550.0,483.33,0.3485,0.0
DK06_to_DB02#alt0,0,bwd,16,2500.0,483.33,0.3628,0.0
DK06_to_DB02#alt0,0,bwd,17,2450.0,500.0,0.3679,0.0
DK06_to_DB02#alt0,0,bwd,18,2400.0,516.67,0.3679,0.0
DK06_to_DB02#alt0,0,bwd,19,2350.0,550.0,0.4346,0.0
DK06_to_DB02#alt0,0,bwd,20,2300.0,583.33,0.503,0.0
DK06_to_DB02#alt0,0,bwd,21,2250.0,600.0,0.4746,0.0
DK06_to_DB02#alt0,0,bwd,22,2200.0,600.0,0.4346,0.0
DK06_to_DB02#alt0,0,bwd,23,2150.0,600.0,0.4076,0.0
DB02_to_DK06#alt1,1,fwd,0,2150.0,600.0,0.4076,0.0
DB02_to_DK06#alt1,1,fwd,1,2200.0,550.0,0.3784,0.0
DB02_to_DK06#alt1,1,fwd,2,2250.0,500.0,0.3485,0.0
DB02_to_DK06#alt1,1,fwd,3,2300.0,466.67,0.3077,0.0
DB02_to_DK06#alt1,1,fwd,4,2350.0,433.33,0.3114,0.0
DB02_to_DK06#alt1,1,fwd,5,2400.0,400.0,0.2636,0.0
DB02_to_DK06#alt1,1,fwd,6,2450.0,366.67,0.2231,0.0
DB02_to_DK06#alt1,1,fwd,7,2500.0,350.0,0.2211,0.0
DB02_to_DK06#alt1,1,fwd,8,2550.0,350.0,0.2151,0.0
DB02_to_DK06#alt1,1,fwd,9,2600.0,366.67,0.2057,0.0
DB02_to_DK06#alt1,1,fwd,10,2650.0,383.33,0.2252,0.0
DB02_to_DK06#alt1,1,fwd,11,2700.0,400.0,0.2076,0.0
DB02_to_DK06#alt1,1,fwd,12,2750.0,416.67,0.1937,0.0
DB02_to_DK06#alt1,1,fwd,13,2800.0,450.0,0.2076,0.0
DB02_to_DK06#alt1,1,fwd,14,2850.0,500.0,0.2151,0.0
DB02_to_DK06#alt1,1,fwd,15,2900.0,550.0,0.2151,0.0
DB02_to_DK06#alt1,1,fwd,16,2950.0,600.0,0.2151,0.0
DB02_to_DK06#alt1,1,fwd,17,3000.0,650.0,0.2076,0.0
DB02_to_DK06#alt1,1,fwd,18,3050.0,700.0,0.1937,0.0
DB02_to_DK06#alt1,1,fwd,19,3100.0,750.0,0.1937,0.0
DB02_to_DK06#alt1,1,fwd,20,3150.0,800.0,0.2407,0.0
DB02_to_DK06#alt1,1,fwd,21,3200.0,850.0,0.2972,0.0
DB02_to_DK06#alt1,1,fwd,22,3250.0,900.0,0.3628,0.0
DB02_to_DK06#alt1,1,fwd,23,3283.33,950.0,0.4346,0.0
DB02_to_DK06#alt1,1,fwd,24,3300.0,1000.0,0.4346,0.0
DB02_to_DK06#alt1,1,fwd,25,3300.0,1050.0,0.4346,0.0
DK06_to_DB02#alt1,1,bwd,0,3300.0,1050.0,0.4346,0.0
DK06_to_DB02#alt1,1,bwd,1,3350.0,1000.0,0.5134,0.0
DK06_to_DB02#alt1,1,bwd,2,3400.0,950.0,0.6065,0.0
DK06_to_DB02#alt1,1,bwd,3,3433.33,900.0,0.6889,0.0
DK06_to_DB02#alt1,1,bwd,4,3433.33,850.0,0.6241,0.0
DK06_to_DB02#alt1,1,bwd,5,3400.0,800.0,0.4931,0.0
DK06_to_DB02#alt1,1,bwd,6,3366.67,750.0,0.3895,0.0
DK06_to_DB02#alt1,1,bwd,7,3350.0,700.0,0.344,0.0
DK06_to_DB02#alt1,1,bwd,8,3333.33,650.0,0.3077,0.0
DK06_to_DB02#alt1,1,bwd,9,3300.0,600.0,0.2431,0.0
DK06_to_DB02#alt1,1,bwd,10,3250.0,550.0,0.1921,0.0
DK06_to_DB02#alt1,1,bwd,11,3200.0,500.0,0.1599,0.0
DK06_to_DB02#alt1,1,bwd,12,3150.0,450.0,0.1353,0.0
DK06_to_DB02#alt1,1,bwd,13,3100.0,400.0,0.1138,0.0
DK06_to_DB02#alt1,1,bwd,14,3050.0,350.0,0.0947,0.0
DK06_to_DB02#alt1,1,bwd,15,3000.0,300.0,0.0936,0.0
DK06_to_DB02#alt1,1,bwd,16,2950.0,250.0,0.0904,0.0
DK06_to_DB02#alt1,1,bwd,17,2900.0,200.0,0.0854,0.0
DK06_to_DB02#alt1,1,bwd,18,2850.0,166.67,0.079,0.0
DK06_to_DB02#alt1,1,bwd,19,2800.0,150.0,0.0854,0.0
DK06_to_DB02#alt1,1,bwd,20,2750.0,150.0,0.092,0.0
DK06_to_DB02#alt1,1,bwd,21,2700.0,150.0,0.0981,0.0
DK06_to_DB02#alt1,1,bwd,22,2650.0,150.0,0.1036,0.0
DK06_to_DB02#alt1,1,bwd,23,2600.0,166.67,0.1082,0.0
DK06_to_DB02#alt1,1,bwd,24,2550.0,200.0,0.1317,0.0
DK06_to_DB02#alt1,1,bwd,25,2500.0,233.33,0.1587,0.0
DK06_to_DB02#alt1,1,bwd,26,2450.0,250.0,0.1599,0.0
DK06_to_DB02#alt1,1,bwd,27,2400.0,250.0,0.1599,0.0
DK06_to_DB02#alt1,1,bwd,28,2350.0,266.67,0.1599,0.0
DK06_to_DB02#alt1,1,bwd,29,2300.0,300.0,0.1873,0.0
DK06_to_DB02#alt1,1,bwd,30,2250.0,350.0,0.2151,0.0
DK06_to_DB02#alt1,1,bwd,31,2200.0,400.0,0.2407,0.0
DK06_to_DB02#alt1,1,bwd,32,2166.67,450.0,0.2609,0.0
DK06_to_DB02#alt1,1,bwd,33,2150.0,500.0,0.3006,0.0
DK06_to_DB02#alt1,1,bwd,34,2150.0,550.0,0.3485,0.0
DK06_to_DB02#alt1,1,bwd,35,2150.0,600.0,0.4076,0.0
DK06_to_DB02#alt4,4,bwd,0,3300.0,1050.0,0.4346,0.0
DK06_to_DB02#alt4,4,bwd,1,3250.0,1000.0,0.3679,0.0
DK06_to_DB02#alt4,4,bwd,2,3200.0,966.67,0.3114,0.0
DK06_to_DB02#alt4,4,bwd,3,3150.0,950.0,0.2636,0.0
DK06_to_DB02#alt4,4,bwd,4,3100.0,950.0,0.2231,0.0
DK06_to_DB02#alt4,4,bwd,5,3050.0,933.33,0.2609,0.0
DK06_to_DB02#alt4,4,bwd,6,3000.0,900.0,0.2972,0.0
DK06_to_DB02#alt4,4,bwd,7,2950.0,850.0,0.3269,0.0
DK06_to_DB02#alt4,4,bwd,8,2900.0,800.0,0.3485,0.0
DK06_to_DB02#alt4,4,bwd,9,2850.0,750.0,0.3784,0.0
DK06_to_DB02#alt4,4,bwd,10,2800.0,700.0,0.3895,0.0
DK06_to_DB02#alt4,4,bwd,11,2750.0,650.0,0.3895,0.0
DK06_to_DB02#alt4,4,bwd,12,2700.0,616.67,0.3784,0.0
DK06_to_DB02#alt4,4,bwd,13,2650.0,600.0,0.4076,0.0
DK06_to_DB02#alt4,4,bwd,14,2600.0,600.0,0.4346,0.0
DK06_to_DB02#alt4,4,bwd,15,2550.0,600.0,0.4746,0.0
DK06_to_DB02#alt4,4,bwd,16,2500.0,600.0,0.503,0.0
DK06_to_DB02#alt4,4,bwd,17,2450.0,600.0,0.5134,0.0
DK06_to_DB02#alt4,4,bwd,18,2400.0,600.0,0.5134,0.0
DK06_to_DB02#alt4,4,bwd,19,2350.0,600.0,0.5134,0.0
DK06_to_DB02#alt4,4,bwd,20,2300.0,600.0,0.503,0.0
DK06_to_DB02#alt4,4,bwd,21,2250.0,600.0,0.4746,0.0
DK06_to_DB02#alt4,4,bwd,22,2200.0,600.0,0.4346,0.0
DK06_to_DB02#alt4,4,bwd,23,2150.0,600.0,0.4076,0.0
DK06_to_DB02#alt5,5,bwd,0,3300.0,1050.0,0.4346,0.0
DK06_to_DB02#alt5,5,bwd,1,3350.0,1000.0,0.5134,0.0
DK06_to_DB02#alt5,5,bwd,2,3400.0,950.0,0.6065,0.0
DK06_to_DB02#alt5,5,bwd,3,3450.0,900.0,0.6889,0.0
DK06_to_DB02#alt5,5,bwd,4,3500.0,850.0,0.6889,0.0
DK06_to_DB02#alt5,5,bwd,5,3533.33,800.0,0.6889,0.0
DK06_to_DB02#alt5,5,bwd,6,3550.0,750.0,0.5903,0.0
DK06_to_DB02#alt5,5,bwd,7,3550.0,700.0,0.503,0.0
DK06_to_DB02#alt5,5,bwd,8,3550.0,650.0,0.5134,0.0
DK06_to_DB02#alt5,5,bwd,9,3533.33,600.0,0.5134,0.0
DK06_to_DB02#alt5,5,bwd,10,3500.0,550.0,0.4346,0.0
DK06_to_DB02#alt5,5,bwd,11,3450.0,500.0,0.3679,0.0
DK06_to_DB02#alt5,5,bwd,12,3416.67,450.0,0.3114,0.0
DK06_to_DB02#alt5,5,bwd,13,3383.33,400.0,0.3077,0.0
DK06_to_DB02#alt5,5,bwd,14,3350.0,350.0,0.253,0.0
DK06_to_DB02#alt5,5,bwd,15,3300.0,300.0,0.2057,0.0
DK06_to_DB02#alt5,5,bwd,16,3250.0,250.0,0.1661,0.0
DK06_to_DB02#alt5,5,bwd,17,3200.0,200.0,0.1335,0.0
DK06_to_DB02#alt5,5,bwd,18,3150.0,150.0,0.1069,0.0
DK06_to_DB02#alt5,5,bwd,19,3100.0,100.0,0.0854,0.0
DK06_to_DB02#alt5,5,bwd,20,3050.0,66.67,0.0681,0.0
DK06_to_DB02#alt5,5,bwd,21,3000.0,50.0,0.0588,0.0
DK06_to_DB02#alt5,5,bwd,22,2950.0,50.0,0.0507,0.0
DK06_to_DB02#alt5,5,bwd,23,2900.0,50.0,0.0544,0.0
DK06_to_DB02#alt5,5,bwd,24,2850.0,50.0,0.0588,0.0
DK06_to_DB02#alt5,5,bwd,25,2800.0,50.0,0.0634,0.0
DK06_to_DB02#alt5,5,bwd,26,2750.0,50.0,0.0677,0.0
DK06_to_DB02#alt5,5,bwd,27,2700.0,50.0,0.0717,0.0
DK06_to_DB02#alt5,5,bwd,28,2650.0,50.0,0.0752,0.0
DK06_to_DB02#alt5,5,bwd,29,2600.0,50.0,0.0781,0.0
DK06_to_DB02#alt5,5,bwd,30,2550.0,50.0,0.0803,0.0
DK06_to_DB02#alt5,5,bwd,31,2500.0,50.0,0.0816,0.0
DK06_to_DB02#alt5,5,bwd,32,2450.0,66.67,0.0821,0.0
DK06_to_DB02#alt5,5,bwd,33,2400.0,100.0,0.097,0.0
DK06_to_DB02#alt5,5,bwd,34,2350.0,150.0,0.1146,0.0
DK06_to_DB02#alt5,5,bwd,35,2300.0,200.0,0.1344,0.0
DK06_to_DB02#alt5,5,bwd,36,2250.0,250.0,0.1551,0.0
DK06_to_DB02#alt5,5,bwd,37,2200.0,300.0,0.1755,0.0
DK06_to_DB02#alt5,5,bwd,38,2166.67,350.0,0.1937,0.0
DK06_to_DB02#alt5,5,bwd,39,2150.0,400.0,0.2252,0.0
DK06_to_DB02#alt5,5,bwd,40,2150.0,450.0,0.2609,0.0
DK06_to_DB02#alt5,5,bwd,41,2150.0,500.0,0.3006,0.0
DK06_to_DB02#alt5,5,bwd,42,2150.0,550.0,0.3485,0.0
DK06_to_DB02#alt5,5,bwd,43,2150.0,600.0,0.4076,0.0
DB01_to_DK02#alt0,0,fwd,0,750.0,4200.0,0.7165,0.0
DB01_to_DK02#alt0,0,fwd,1,733.33,4250.0,0.6889,0.0
DB01_to_DK02#alt0,0,fwd,2,700.0,4300.0,0.6889,0.0
DB01_to_DK02#alt0,0,fwd,3,650.0,4350.0,0.6889,0.0
DB01_to_DK02#alt0,0,fwd,4,600.0,4400.0,0.6889,0.0
DB01_to_DK02#alt0,0,fwd,5,550.0,4450.0,0.6241,0.0
DB01_to_DK02#alt0,0,fwd,6,500.0,4500.0,0.5903,0.0
DB01_to_DK02#alt0,0,fwd,7,450.0,4533.33,0.5134,0.0
DB01_to_DK02#alt0,0,fwd,8,400.0,4550.0,0.503,0.0
DB01_to_DK02#alt0,0,fwd,9,350.0,4533.33,0.4746,0.0
DB01_to_DK02#alt0,0,fwd,10,300.0,4500.0,0.503,0.0
DB01_to_DK02#alt0,0,fwd,11,250.0,4450.0,0.5483,0.0
DB01_to_DK02#alt0,0,fwd,12,200.0,4400.0,0.5483,0.0
DB01_to_DK02#alt0,0,fwd,13,150.0,4350.0,0.5483,0.0
DB01_to_DK02#alt0,0,fwd,14,116.67,4300.0,0.503,0.0
DB01_to_DK02#alt0,0,fwd,15,100.0,4250.0,0.5134,0.0
DB01_to_DK02#alt0,0,fwd,16,100.0,4200.0,0.5134,0.0
DB01_to_DK02#alt0,0,fwd,17,100.0,4150.0,0.5134,0.0
DB01_to_DK02#alt0,0,fwd,18,100.0,4100.0,0.5134,0.0
DB01_to_DK02#alt0,0,fwd,19,100.0,4050.0,0.5134,0.0
DB01_to_DK02#alt0,0,fwd,20,100.0,4000.0,0.503,0.0
DB01_to_DK02#alt0,0,fwd,21,100.0,3950.0,0.4746,0.0
DB01_to_DK02#alt0,0,fwd,22,100.0,3900.0,0.4346,0.0
DB01_to_DK02#alt0,0,fwd,23,100.0,3850.0,0.3895,0.0
DB01_to_DK02#alt0,0,fwd,24,116.67,3800.0,0.344,0.0
DB01_to_DK02#alt0,0,fwd,25,150.0,3750.0,0.344,0.0
DB01_to_DK02#alt0,0,fwd,26,200.0,3700.0,0.3269,0.0
DB01_to_DK02#alt0,0,fwd,27,233.33,3650.0,0.3006,0.0
DB01_to_DK02#alt0,0,fwd,28,250.0,3600.0,0.2609,0.0
DB01_to_DK02#alt0,0,fwd,29,250.0,3550.0,0.2252,0.0
DB01_to_DK02#alt0,0,fwd,30,250.0,3500.0,0.1937,0.0
DB01_to_DK02#alt0,0,fwd,31,250.0,3450.0,0.1661,0.0
DB01_to_DK02#alt0,0,fwd,32,250.0,3400.0,0.1551,0.0
DB01_to_DK02#alt0,0,fwd,33,250.0,3350.0,0.1661,0.0
DB01_to_DK02#alt0,0,fwd,34,250.0,3300.0,0.1798,0.0
DB01_to_DK02#alt0,0,fwd,35,250.0,3250.0,0.1937,0.0
DB01_to_DK02#alt0,0,fwd,36,250.0,3200.0,0.2057,0.0
DB01_to_DK02#alt0,0,fwd,37,250.0,3150.0,0.2151,0.0
DB01_to_DK02#alt0,0,fwd,38,250.0,3100.0,0.2211,0.0
DB01_to_DK02#alt0,0,fwd,39,250.0,3050.0,0.2231,0.0
DB01_to_DK02#alt0,0,fwd,40,250.0,3000.0,0.2231,0.0
DB01_to_DK02#alt0,0,fwd,41,250.0,2950.0,0.2231,0.0
DB01_to_DK02#alt0,0,fwd,42,250.0,2900.0,0.2211,0.0
DB01_to_DK02#alt0,0,fwd,43,250.0,2850.0,0.2151,0.0
DB01_to_DK02#alt0,0,fwd,44,250.0,2800.0,0.2057,0.0
DB01_to_DK02#alt0,0,fwd,45,250.0,2750.0,0.1937,0.0
DB01_to_DK02#alt0,0,fwd,46,250.0,2700.0,0.1798,0.0
DB01_to_DK02#alt0,0,fwd,47,250.0,2650.0,0.1661,0.0
DB01_to_DK02#alt0,0,fwd,48,250.0,2600.0,0.1551,0.0
DB01_to_DK02#alt0,0,fwd,49,250.0,2550.0,0.1432,0.0
DB01_to_DK02#alt0,0,fwd,50,250.0,2500.0,0.1308,0.0
DB01_to_DK02#alt0,0,fwd,51,266.67,2450.0,0.1183,0.0
DB01_to_DK02#alt0,0,fwd,52,300.0,2400.0,0.1199,0.0
DB01_to_DK02#alt0,0,fwd,53,333.33,2350.0,0.1199,0.0
DB01_to_DK02#alt0,0,fwd,54,366.67,2300.0,0.1062,0.0
DB01_to_DK02#alt0,0,fwd,55,400.0,2250.0,0.1036,0.0
DB01_to_DK02#alt0,0,fwd,56,450.0,2200.0,0.1146,0.0
DB01_to_DK02#alt0,0,fwd,57,500.0,2150.0,0.1344,0.0
DB01_to_DK02#alt0,0,fwd,58,550.0,2100.0,0.1551,0.0
DB01_to_DK02#alt0,0,fwd,59,600.0,2050.0,0.1755,0.0
DB01_to_DK02#alt0,0,fwd,60,650.0,2000.0,0.2151,0.0
DB01_to_DK02#alt0,0,fwd,61,700.0,1950.0,0.2721,0.0
DB01_to_DK02#alt0,0,fwd,62,750.0,1916.67,0.344,0.0
DB01_to_DK02#alt0,0,fwd,63,800.0,1900.0,0.3895,0.0
DB01_to_DK02#alt0,0,fwd,64,850.0,1900.0,0.4346,0.0
DB01_to_DK02#alt0,0,fwd,65,900.0,1900.0,0.4746,0.0
DB01_to_DK02#alt0,0,fwd,66,950.0,1900.0,0.503,0.0
DB01_to_DK02#alt0,0,fwd,67,1000.0,1900.0,0.5134,0.0
DB01_to_DK02#alt0,0,fwd,68,1050.0,1900.0,0.5134,0.0
DB01_to_DK02#alt0,0,fwd,69,1100.0,1900.0,0.5483,0.0
DB01_to_DK02#alt0,0,fwd,70,1150.0,1900.0,0.5903,0.0
DB01_to_DK02#alt0,0,fwd,71,1200.0,1900.0,0.6241,0.0
DB01_to_DK02#alt0,0,fwd,72,1250.0,1900.0,0.6889,0.0
DB01_to_DK02#alt0,0,fwd,73,1300.0,1900.0,0.7165,0.0
DB01_to_DK02#alt0,0,fwd,74,1350.0,1900.0,0.7165,0.0
DB01_to_DK02#alt0,0,fwd,75,1400.0,1900.0,0.7165,0.0
DB01_to_DK02#alt0,0,fwd,76,1450.0,1916.67,0.6889,0.0
DB01_to_DK02#alt0,0,fwd,77,1500.0,1933.33,0.7165,0.0
DB01_to_DK02#alt0,0,fwd,78,1550.0,1966.67,0.6889,0.0
DB01_to_DK02#alt0,0,fwd,79,1600.0,2000.0,0.6889,0.0
DB01_to_DK02#alt0,0,fwd,80,1650.0,2033.33,0.6889,0.0
DB01_to_DK02#alt0,0,fwd,81,1700.0,2050.0,0.5903,0.0
DB01_to_DK02#alt0,0,fwd,82,1750.0,2050.0,0.503,0.0
DB01_to_DK02#alt0,0,fwd,83,1800.0,2050.0,0.4275,0.0
DB01_to_DK02#alt0,0,fwd,84,1850.0,2050.0,0.3628,0.0
DB01_to_DK02#alt0,0,fwd,85,1900.0,2050.0,0.3077,0.0
DB01_to_DK02#alt0,0,fwd,86,1950.0,2066.67,0.2609,0.0
DB01_to_DK02#alt0,0,fwd,87,2000.0,2066.67,0.2431,0.0
DB01_to_DK02#alt0,0,fwd,88,2050.0,2066.67,0.2721,0.0
DB01_to_DK02#alt0,0,fwd,89,2100.0,2050.0,0.3077,0.0
DB01_to_DK02#alt0,0,fwd,90,2150.0,2066.67,0.344,0.0
DB01_to_DK02#alt0,0,fwd,91,2200.0,2083.33,0.4346,0.0
DB01_to_DK02#alt0,0,fwd,92,2250.0,2100.0,0.4931,0.0
DB01_to_DK02#alt0,0,fwd,93,2300.0,2100.0,0.5483,0.0
DB01_to_DK02#alt0,0,fwd,94,2350.0,2083.33,0.6241,0.0
DB01_to_DK02#alt0,0,fwd,95,2400.0,2066.67,0.5903,0.0
DB01_to_DK02#alt0,0,fwd,96,2450.0,2050.0,0.6065,0.0
DB01_to_DK02#alt0,0,fwd,97,2500.0,2050.0,0.6065,0.0
DB01_to_DK02#alt0,0,fwd,98,2550.0,2050.0,0.6065,0.0
DB01_to_DK02#alt0,0,fwd,99,2600.0,2050.0,0.5903,0.0
DB01_to_DK02#alt0,0,fwd,100,2650.0,2066.67,0.5483,0.0
DB01_to_DK02#alt0,0,fwd,101,2700.0,2100.0,0.5903,0.0
DB01_to_DK02#alt0,0,fwd,102,2750.0,2150.0,0.6241,0.0
DB01_to_DK02#alt0,0,fwd,103,2800.0,2200.0,0.6241,0.0
DB01_to_DK02#alt0,0,fwd,104,2850.0,2233.33,0.5903,0.0
DB01_to_DK02#alt0,0,fwd,105,2900.0,2250.0,0.503,0.0
DB01_to_DK02#alt0,0,fwd,106,2950.0,2250.0,0.4275,0.0
DB01_to_DK02#alt0,0,fwd,107,3000.0,2266.67,0.4275,0.0
DB01_to_DK02#alt0,0,fwd,108,3050.0,2300.0,0.3679,0.0
DB01_to_DK02#alt0,0,fwd,109,3100.0,2350.0,0.3114,0.0
DB01_to_DK02#alt0,0,fwd,110,3150.0,2400.0,0.2636,0.0
DB01_to_DK02#alt0,0,fwd,111,3200.0,2450.0,0.2231,0.0
DB01_to_DK02#alt0,0,fwd,112,3250.0,2500.0,0.1873,0.0
DB01_to_DK02#alt0,0,fwd,113,3300.0,2550.0,0.1827,0.0
DB01_to_DK02#alt0,0,fwd,114,3350.0,2600.0,0.2057,0.0
DB01_to_DK02#alt0,0,fwd,115,3400.0,2650.0,0.2252,0.0
DB01_to_DK02#alt0,0,fwd,116,3450.0,2700.0,0.2384,0.0
DB01_to_DK02#alt0,0,fwd,117,3500.0,2750.0,0.2431,0.0
DB01_to_DK02#alt0,0,fwd,118,3550.0,2800.0,0.2431,0.0
DB01_to_DK02#alt0,0,fwd,119,3600.0,2850.0,0.2431,0.0
DB01_to_DK02#alt0,0,fwd,120,3650.0,2900.0,0.2384,0.0
DB01_to_DK02#alt0,0,fwd,121,3700.0,2950.0,0.2252,0.0
DB01_to_DK02#alt0,0,fwd,122,3750.0,2983.33,0.2057,0.0
DB01_to_DK02#alt0,0,fwd,123,3800.0,3000.0,0.1755,0.0
DB01_to_DK02#alt0,0,fwd,124,3850.0,3000.0,0.1495,0.0
DB01_to_DK02#alt0,0,fwd,125,3900.0,3000.0,0.1273,0.0
DB01_to_DK02#alt0,0,fwd,126,3950.0,3000.0,0.1082,0.0
DB01_to_DK02#alt0,0,fwd,127,4000.0,3000.0,0.1069,0.0
DB01_to_DK02#alt0,0,fwd,128,4050.0,3000.0,0.1146,0.0
DB01_to_DK02#alt0,0,fwd,129,4100.0,3000.0,0.1215,0.0
DB01_to_DK02#alt0,0,fwd,130,4150.0,3000.0,0.1273,0.0
DK02_to_DB01#alt0,0,bwd,0,4150.0,3000.0,0.1273,0.0
DK02_to_DB01#alt0,0,bwd,1,4100.0,2950.0,0.1422,0.0
DK02_to_DB01#alt0,0,bwd,2,4050.0,2900.0,0.1551,0.0
DK02_to_DB01#alt0,0,bwd,3,4000.0,2850.0,0.1648,0.0
DK02_to_DB01#alt0,0,bwd,4,3950.0,2800.0,0.17,0.0
DK02_to_DB01#alt0,0,bwd,5,3900.0,2750.0,0.17,0.0
DK02_to_DB01#alt0,0,bwd,6,3850.0,2700.0,0.17,0.0
DK02_to_DB01#alt0,0,bwd,7,3800.0,2650.0,0.1648,0.0
DK02_to_DB01#alt0,0,bwd,8,3750.0,2600.0,0.1551,0.0
DK02_to_DB01#alt0,0,bwd,9,3700.0,2550.0,0.1422,0.0
DK02_to_DB01#alt0,0,bwd,10,3650.0,2500.0,0.1273,0.0
DK02_to_DB01#alt0,0,bwd,11,3600.0,2450.0,0.1344,0.0
DK02_to_DB01#alt0,0,bwd,12,3550.0,2400.0,0.17,0.0
DK02_to_DB01#alt0,0,bwd,13,3500.0,2350.0,0.2151,0.0
DK02_to_DB01#alt0,0,bwd,14,3450.0,2300.0,0.2721,0.0
DK02_to_DB01#alt0,0,bwd,15,3400.0,2250.0,0.344,0.0
DK02_to_DB01#alt0,0,bwd,16,3350.0,2200.0,0.4346,0.0
DK02_to_DB01#alt0,0,bwd,17,3300.0,2150.0,0.5483,0.0
DK02_to_DB01#alt0,0,bwd,18,3250.0,2116.67,0.6889,0.0
DK02_to_DB01#alt0,0,bwd,19,3200.0,2100.0,0.7165,0.0
DK02_to_DB01#alt0,0,bwd,20,3150.0,2100.0,0.7165,0.0
DK02_to_DB01#alt0,0,bwd,21,3100.0,2100.0,0.7165,0.0
DK02_to_DB01#alt0,0,bwd,22,3050.0,2100.0,0.7165,0.0
DK02_to_DB01#alt0,0,bwd,23,3000.0,2083.33,0.6889,0.0
DK02_to_DB01#alt0,0,bwd,24,2950.0,2083.33,0.6241,0.0
DK02_to_DB01#alt0,0,bwd,25,2900.0,2083.33,0.5903,0.0
DK02_to_DB01#alt0,0,bwd,26,2850.0,2100.0,0.5483,0.0
DK02_to_DB01#alt0,0,bwd,27,2800.0,2083.33,0.4931,0.0
DK02_to_DB01#alt0,0,bwd,28,2750.0,2050.0,0.4931,0.0
DK02_to_DB01#alt0,0,bwd,29,2700.0,2000.0,0.4746,0.0
DK02_to_DB01#alt0,0,bwd,30,2650.0,1966.67,0.4275,0.0
DK02_to_DB01#alt0,0,bwd,31,2600.0,1950.0,0.4275,0.0
DK02_to_DB01#alt0,0,bwd,32,2550.0,1950.0,0.4346,0.0
DK02_to_DB01#alt0,0,bwd,33,2500.0,1933.33,0.4346,0.0
DK02_to_DB01#alt0,0,bwd,34,2450.0,1900.0,0.4275,0.0
DK02_to_DB01#alt0,0,bwd,35,2400.0,1866.67,0.5134,0.0
DK02_to_DB01#alt0,0,bwd,36,2350.0,1850.0,0.5134,0.0
DK02_to_DB01#alt0,0,bwd,37,2300.0,1850.0,0.503,0.0
DK02_to_DB01#alt0,0,bwd,38,2250.0,1833.33,0.4746,0.0
DK02_to_DB01#alt0,0,bwd,39,2200.0,1816.67,0.503,0.0
DK02_to_DB01#alt0,0,bwd,40,2150.0,1783.33,0.4746,0.0
DK02_to_DB01#alt0,0,bwd,41,2100.0,1750.0,0.4931,0.0
DK02_to_DB01#alt0,0,bwd,42,2050.0,1700.0,0.4931,0.0
DK02_to_DB01#alt0,0,bwd,43,2000.0,1650.0,0.4746,0.0
DK02_to_DB01#alt0,0,bwd,44,1950.0,1600.0,0.4275,0.0
DK02_to_DB01#alt0,0,bwd,45,1900.0,1550.0,0.3679,0.0
DK02_to_DB01#alt0,0,bwd,46,1850.0,1516.67,0.3114,0.0
DK02_to_DB01#alt0,0,bwd,47,1800.0,1500.0,0.2721,0.0
DK02_to_DB01#alt0,0,bwd,48,1750.0,1500.0,0.2384,0.0
DK02_to_DB01#alt0,0,bwd,49,1700.0,1500.0,0.2431,0.0
DK02_to_DB01#alt0,0,bwd,50,1650.0,1500.0,0.2721,0.0
DK02_to_DB01#alt0,0,bwd,51,1600.0,1500.0,0.3077,0.0
DK02_to_DB01#alt0,0,bwd,52,1550.0,1516.67,0.344,0.0
DK02_to_DB01#alt0,0,bwd,53,1500.0,1550.0,0.3679,0.0
DK02_to_DB01#alt0,0,bwd,54,1450.0,1600.0,0.4346,0.0
DK02_to_DB01#alt0,0,bwd,55,1400.0,1650.0,0.5134,0.0
DK02_to_DB01#alt0,0,bwd,56,1350.0,1700.0,0.5903,0.0
DK02_to_DB01#alt0,0,bwd,57,1300.0,1750.0,0.6241,0.0
DK02_to_DB01#alt0,0,bwd,58,1250.0,1783.33,0.6241,0.0
DK02_to_DB01#alt0,0,bwd,59,1200.0,1800.0,0.6889,0.0
DK02_to_DB01#alt0,0,bwd,60,1150.0,1800.0,0.7165,0.0
DK02_to_DB01#alt0,0,bwd,61,1100.0,1800.0,0.7165,0.0
DK02_to_DB01#alt0,0,bwd,62,1050.0,1800.0,0.7165,0.0
DK02_to_DB01#alt0,0,bwd,63,1000.0,1800.0,0.7165,0.0
DK02_to_DB01#alt0,0,bwd,64,950.0,1783.33,0.6889,0.0
DK02_to_DB01#alt0,0,bwd,65,900.0,1750.0,0.6889,0.0
DK02_to_DB01#alt0,0,bwd,66,850.0,1716.67,0.6889,0.0
DK02_to_DB01#alt0,0,bwd,67,800.0,1700.0,0.5903,0.0
DK02_to_DB01#alt0,0,bwd,68,750.0,1700.0,0.503,0.0
DK02_to_DB01#alt0,0,bwd,69,700.0,1716.67,0.4275,0.0
DK02_to_DB01#alt0,0,bwd,70,650.0,1750.0,0.3485,0.0
DK02_to_DB01#alt0,0,bwd,71,600.0,1800.0,0.281,0.0
DK02_to_DB01#alt0,0,bwd,72,550.0,1850.0,0.2252,0.0
DK02_to_DB01#alt0,0,bwd,73,500.0,1900.0,0.1798,0.0
DK02_to_DB01#alt0,0,bwd,74,450.0,1950.0,0.1432,0.0
DK02_to_DB01#alt0,0,bwd,75,400.0,2000.0,0.1138,0.0
DK02_to_DB01#alt0,0,bwd,76,350.0,2050.0,0.0904,0.0
DK02_to_DB01#alt0,0,bwd,77,300.0,2100.0,0.0717,0.0
DK02_to_DB01#alt0,0,bwd,78,250.0,2150.0,0.0585,0.0
DK02_to_DB01#alt0,0,bwd,79,200.0,2200.0,0.0591,0.0
DK02_to_DB01#alt0,0,bwd,80,150.0,2250.0,0.0591,0.0
DK02_to_DB01#alt0,0,bwd,81,100.0,2300.0,0.0585,0.0
DK02_to_DB01#alt0,0,bwd,82,66.67,2350.0,0.0568,0.0
DK02_to_DB01#alt0,0,bwd,83,50.0,2400.0,0.0624,0.0
DK02_to_DB01#alt0,0,bwd,84,50.0,2450.0,0.0681,0.0
DK02_to_DB01#alt0,0,bwd,85,50.0,2500.0,0.0736,0.0
DK02_to_DB01#alt0,0,bwd,86,50.0,2550.0,0.079,0.0
DK02_to_DB01#alt0,0,bwd,87,50.0,2600.0,0.0854,0.0
DK02_to_DB01#alt0,0,bwd,88,50.0,2650.0,0.092,0.0
DK02_to_DB01#alt0,0,bwd,89,50.0,2700.0,0.0981,0.0
DK02_to_DB01#alt0,0,bwd,90,50.0,2750.0,0.1036,0.0
DK02_to_DB01#alt0,0,bwd,91,50.0,2800.0,0.1082,0.0
DK02_to_DB01#alt0,0,bwd,92,50.0,2850.0,0.1117,0.0
DK02_to_DB01#alt0,0,bwd,93,50.0,2900.0,0.1138,0.0
DK02_to_DB01#alt0,0,bwd,94,50.0,2950.0,0.1146,0.0
DK02_to_DB01#alt0,0,bwd,95,50.0,3000.0,0.1146,0.0
DK02_to_DB01#alt0,0,bwd,96,50.0,3050.0,0.1146,0.0
DK02_to_DB01#alt0,0,bwd,97,50.0,3100.0,0.1138,0.0
DK02_to_DB01#alt0,0,bwd,98,50.0,3150.0,0.1117,0.0
DK02_to_DB01#alt0,0,bwd,99,50.0,3200.0,0.1082,0.0
DK02_to_DB01#alt0,0,bwd,100,50.0,3250.0,0.1036,0.0
DK02_to_DB01#alt0,0,bwd,101,50.0,3300.0,0.0981,0.0
DK02_to_DB01#alt0,0,bwd,102,50.0,3350.0,0.092,0.0
DK02_to_DB01#alt0,0,bwd,103,50.0,3400.0,0.1069,0.0
DK02_to_DB01#alt0,0,bwd,104,50.0,3450.0,0.1239,0.0
DK02_to_DB01#alt0,0,bwd,105,50.0,3500.0,0.1432,0.0
DK02_to_DB01#alt0,0,bwd,106,50.0,3550.0,0.1648,0.0
DK02_to_DB01#alt0,0,bwd,107,50.0,3600.0,0.1889,0.0
DK02_to_DB01#alt0,0,bwd,108,50.0,3650.0,0.2151,0.0
DK02_to_DB01#alt0,0,bwd,109,50.0,3700.0,0.2431,0.0
DK02_to_DB01#alt0,0,bwd,110,50.0,3750.0,0.2721,0.0
DK02_to_DB01#alt0,0,bwd,111,50.0,3800.0,0.3077,0.0
DK02_to_DB01#alt0,0,bwd,112,50.0,3850.0,0.344,0.0
DK02_to_DB01#alt0,0,bwd,113,50.0,3900.0,0.3784,0.0
DK02_to_DB01#alt0,0,bwd,114,50.0,3950.0,0.4076,0.0
DK02_to_DB01#alt0,0,bwd,115,50.0,4000.0,0.4275,0.0
DK02_to_DB01#alt0,0,bwd,116,50.0,4050.0,0.4346,0.0
DK02_to_DB01#alt0,0,bwd,117,50.0,4100.0,0.4346,0.0
DK02_to_DB01#alt0,0,bwd,118,50.0,4150.0,0.4346,0.0
DK02_to_DB01#alt0,0,bwd,119,50.0,4200.0,0.4346,0.0
DK02_to_DB01#alt0,0,bwd,120,50.0,4250.0,0.4346,0.0
DK02_to_DB01#alt0,0,bwd,121,50.0,4300.0,0.4275,0.0
DK02_to_DB01#alt0,0,bwd,122,50.0,4350.0,0.4076,0.0
DK02_to_DB01#alt0,0,bwd,123,50.0,4400.0,0.3784,0.0
DK02_to_DB01#alt0,0,bwd,124,66.67,4450.0,0.344,0.0
DK02_to_DB01#alt0,0,bwd,125,100.0,4500.0,0.344,0.0
DK02_to_DB01#alt0,0,bwd,126,150.0,4550.0,0.344,0.0
DK02_to_DB01#alt0,0,bwd,127,200.0,4600.0,0.3269,0.0
DK02_to_DB01#alt0,0,bwd,128,250.0,4633.33,0.3006,0.0
DK02_to_DB01#alt0,0,bwd,129,300.0,4650.0,0.3269,0.0
DK02_to_DB01#alt0,0,bwd,130,350.0,4650.0,0.3485,0.0
DK02_to_DB01#alt0,0,bwd,131,400.0,4650.0,0.3628,0.0
DK02_to_DB01#alt0,0,bwd,132,450.0,4633.33,0.3679,0.0
DK02_to_DB01#alt0,0,bwd,133,500.0,4600.0,0.4275,0.0
DK02_to_DB01#alt0,0,bwd,134,550.0,4550.0,0.5134,0.0
DK02_to_DB01#alt0,0,bwd,135,600.0,4500.0,0.6065,0.0
DK02_to_DB01#alt0,0,bwd,136,650.0,4450.0,0.6889,0.0
DK02_to_DB01#alt0,0,bwd,137,700.0,4400.0,0.6889,0.0
DK02_to_DB01#alt0,0,bwd,138,733.33,4350.0,0.6889,0.0
DK02_to_DB01#alt0,0,bwd,139,750.0,4300.0,0.6241,0.0
DK02_to_DB01#alt0,0,bwd,140,750.0,4250.0,0.6889,0.0
DK02_to_DB01#alt0,0,bwd,141,750.0,4200.0,0.7165,0.0
DB01_to_DK02#alt1,1,fwd,0,750.0,4200.0,0.7165,0.0
DB01_to_DK02#alt1,1,fwd,1,800.0,4250.0,0.5903,0.0
DB01_to_DK02#alt1,1,fwd,2,850.0,4300.0,0.6065,0.0
DB01_to_DK02#alt1,1,fwd,3,900.0,4333.33,0.7165,0.0
DB01_to_DK02#alt1,1,fwd,4,950.0,4350.0,0.7165,0.0
DB01_to_DK02#alt1,1,fwd,5,1000.0,4350.0,0.6889,0.0
DB01_to_DK02#alt1,1,fwd,6,1050.0,4400.0,0.6889,0.0
DB01_to_DK02#alt1,1,fwd,7,1083.33,4450.0,0.6889,0.0
DB01_to_DK02#alt1,1,fwd,8,1100.0,4500.0,0.7165,0.0
DB01_to_DK02#alt1,1,fwd,9,1100.0,4550.0,0.7165,0.0
DB01_to_DK02#alt1,1,fwd,10,1116.67,4600.0,0.7165,0.0
DB01_to_DK02#alt1,1,fwd,11,1150.0,4650.0,0.5903,0.0
DB01_to_DK02#alt1,1,fwd,12,1200.0,4700.0,0.4746,0.0
DB01_to_DK02#alt1,1,fwd,13,1250.0,4750.0,0.4746,0.0
DB01_to_DK02#alt1,1,fwd,14,1300.0,4800.0,0.4931,0.0
DB01_to_DK02#alt1,1,fwd,15,1350.0,4833.33,0.4746,0.0
DB01_to_DK02#alt1,1,fwd,16,1400.0,4850.0,0.503,0.0
DB01_to_DK02#alt1,1,fwd,17,1450.0,4850.0,0.5134,0.0
DB01_to_DK02#alt1,1,fwd,18,1500.0,4850.0,0.5134,0.0
DB01_to_DK02#alt1,1,fwd,19,1550.0,4866.67,0.5134,0.0
DB01_to_DK02#alt1,1,fwd,20,1600.0,4900.0,0.4346,0.0
DB01_to_DK02#alt1,1,fwd,21,1650.0,4933.33,0.4346,0.0
DB01_to_DK02#alt1,1,fwd,22,1700.0,4950.0,0.4931,0.0
DB01_to_DK02#alt1,1,fwd,23,1750.0,4950.0,0.5483,0.0
DB01_to_DK02#alt1,1,fwd,24,1800.0,4950.0,0.5903,0.0
DB01_to_DK02#alt1,1,fwd,25,1850.0,4950.0,0.6065,0.0
DB01_to_DK02#alt1,1,fwd,26,1900.0,4950.0,0.6065,0.0
DB01_to_DK02#alt1,1,fwd,27,1950.0,4950.0,0.6065,0.0
DB01_to_DK02#alt1,1,fwd,28,2000.0,4933.33,0.6065,0.0
DB01_to_DK02#alt1,1,fwd,29,2050.0,4900.0,0.6889,0.0
DB01_to_DK02#alt1,1,fwd,30,2100.0,4866.67,0.6889,0.0
DB01_to_DK02#alt1,1,fwd,31,2150.0,4850.0,0.6241,0.0
DB01_to_DK02#alt1,1,fwd,32,2200.0,4850.0,0.5483,0.0
DB01_to_DK02#alt1,1,fwd,33,2250.0,4833.33,0.4931,0.0
DB01_to_DK02#alt1,1,fwd,34,2300.0,4800.0,0.4746,0.0
DB01_to_DK02#alt1,1,fwd,35,2350.0,4766.67,0.4275,0.0
DB01_to_DK02#alt1,1,fwd,36,2400.0,4750.0,0.3628,0.0
DB01_to_DK02#alt1,1,fwd,37,2450.0,4750.0,0.3628,0.0
DB01_to_DK02#alt1,1,fwd,38,2500.0,4750.0,0.3679,0.0
DB01_to_DK02#alt1,1,fwd,39,2550.0,4750.0,0.3679,0.0
DB01_to_DK02#alt1,1,fwd,40,2600.0,4750.0,0.3628,0.0
DB01_to_DK02#alt1,1,fwd,41,2650.0,4750.0,0.3485,0.0
DB01_to_DK02#alt1,1,fwd,42,2700.0,4750.0,0.3269,0.0
DB01_to_DK02#alt1,1,fwd,43,2750.0,4750.0,0.3006,0.0
DB01_to_DK02#alt1,1,fwd,44,2800.0,4750.0,0.2721,0.0
DB01_to_DK02#alt1,1,fwd,45,2850.0,4750.0,0.2431,0.0
DB01_to_DK02#alt1,1,fwd,46,2900.0,4733.33,0.2151,0.0
DB01_to_DK02#alt1,1,fwd,47,2950.0,4700.0,0.2211,0.0
DB01_to_DK02#alt1,1,fwd,48,3000.0,4666.67,0.2636,0.0
DB01_to_DK02#alt1,1,fwd,49,3050.0,4650.0,0.2636,0.0
DB01_to_DK02#alt1,1,fwd,50,3100.0,4633.33,0.2636,0.0
DB01_to_DK02#alt1,1,fwd,51,3150.0,4600.0,0.3077,0.0
DB01_to_DK02#alt1,1,fwd,52,3200.0,4566.67,0.3485,0.0
DB01_to_DK02#alt1,1,fwd,53,3250.0,4550.0,0.344,0.0
DB01_to_DK02#alt1,1,fwd,54,3300.0,4550.0,0.3895,0.0
DB01_to_DK02#alt1,1,fwd,55,3350.0,4550.0,0.4346,0.0
DB01_to_DK02#alt1,1,fwd,56,3400.0,4533.33,0.4746,0.0
DB01_to_DK02#alt1,1,fwd,57,3450.0,4516.67,0.5903,0.0
DB01_to_DK02#alt1,1,fwd,58,3500.0,4500.0,0.6241,0.0
DB01_to_DK02#alt1,1,fwd,59,3550.0,4500.0,0.6889,0.0
DB01_to_DK02#alt1,1,fwd,60,3600.0,4500.0,0.7165,0.0
DB01_to_DK02#alt1,1,fwd,61,3650.0,4500.0,0.7165,0.0
DB01_to_DK02#alt1,1,fwd,62,3700.0,4500.0,0.6889,0.0
DB01_to_DK02#alt1,1,fwd,63,3750.0,4450.0,0.6889,0.0
DB01_to_DK02#alt1,1,fwd,64,3800.0,4400.0,0.6889,0.0
DB01_to_DK02#alt1,1,fwd,65,3850.0,4350.0,0.6889,0.0
DB01_to_DK02#alt1,1,fwd,66,3900.0,4300.0,0.6065,0.0
DB01_to_DK02#alt1,1,fwd,67,3950.0,4250.0,0.5134,0.0
DB01_to_DK02#alt1,1,fwd,68,3983.33,4200.0,0.5483,0.0
DB01_to_DK02#alt1,1,fwd,69,4000.0,4150.0,0.6241,0.0
DB01_to_DK02#alt1,1,fwd,70,4000.0,4100.0,0.6889,0.0
DB01_to_DK02#alt1,1,fwd,71,4000.0,4050.0,0.7165,0.0
DB01_to_DK02#alt1,1,fwd,72,4000.0,4000.0,0.6889,0.0
DB01_to_DK02#alt1,1,fwd,73,4050.0,3950.0,0.6889,0.0
DB01_to_DK02#alt1,1,fwd,74,4100.0,3900.0,0.6889,0.0
DB01_to_DK02#alt1,1,fwd,75,4150.0,3850.0,0.6065,0.0
DB01_to_DK02#alt1,1,fwd,76,4200.0,3800.0,0.5134,0.0
DB01_to_DK02#alt1,1,fwd,77,4233.33,3750.0,0.4275,0.0
DB01_to_DK02#alt1,1,fwd,78,4233.33,3700.0,0.3628,0.0
DB01_to_DK02#alt1,1,fwd,79,4233.33,3650.0,0.3077,0.0
DB01_to_DK02#alt1,1,fwd,80,4233.33,3600.0,0.2609,0.0
DB01_to_DK02#alt1,1,fwd,81,4233.33,3550.0,0.2211,0.0
DB01_to_DK02#alt1,1,fwd,82,4216.67,3500.0,0.1889,0.0
DB01_to_DK02#alt1,1,fwd,83,4200.0,3450.0,0.1599,0.0
DB01_to_DK02#alt1,1,fwd,84,4183.33,3400.0,0.1353,0.0
DB01_to_DK02#alt1,1,fwd,85,4166.67,3350.0,0.1146,0.0
DB01_to_DK02#alt1,1,fwd,86,4150.0,3300.0,0.097,0.0
DB01_to_DK02#alt1,1,fwd,87,4150.0,3250.0,0.0821,0.0
DB01_to_DK02#alt1,1,fwd,88,4150.0,3200.0,0.0695,0.0
DB01_to_DK02#alt1,1,fwd,89,4150.0,3150.0,0.0781,0.0
DB01_to_DK02#alt1,1,fwd,90,4150.0,3100.0,0.092,0.0
DB01_to_DK02#alt1,1,fwd,91,4150.0,3050.0,0.1082,0.0
DB01_to_DK02#alt1,1,fwd,92,4150.0,3000.0,0.1273,0.0
DB01_to_DK02#alt2,2,fwd,0,750.0,4200.0,0.7165,0.0
DB01_to_DK02#alt2,2,fwd,1,733.33,4250.0,0.6889,0.0
DB01_to_DK02#alt2,2,fwd,2,700.0,4300.0,0.6889,0.0
DB01_to_DK02#alt2,2,fwd,3,650.0,4350.0,0.6889,0.0
DB01_to_DK02#alt2,2,fwd,4,600.0,4400.0,0.6889,0.0
DB01_to_DK02#alt2,2,fwd,5,550.0,4433.33,0.6241,0.0
DB01_to_DK02#alt2,2,fwd,6,500.0,4450.0,0.6889,0.0
DB01_to_DK02#alt2,2,fwd,7,450.0,4450.0,0.7165,0.0
DB01_to_DK02#alt2,2,fwd,8,400.0,4450.0,0.6889,0.0
DB01_to_DK02#alt2,2,fwd,9,350.0,4400.0,0.7165,0.0
DB01_to_DK02#alt2,2,fwd,10,300.0,4400.0,0.6889,0.0
DB01_to_DK02#alt2,2,fwd,11,250.0,4350.0,0.6889,0.0
DB01_to_DK02#alt2,2,fwd,12,200.0,4300.0,0.6889,0.0
DB01_to_DK02#alt2,2,fwd,13,200.0,4250.0,0.7165,0.0
DB01_to_DK02#alt2,2,fwd,14,200.0,4200.0,0.7165,0.0
DB01_to_DK02#alt2,2,fwd,15,200.0,4150.0,0.7165,0.0
DB01_to_DK02#alt2,2,fwd,16,200.0,4100.0,0.7165,0.0
DB01_to_DK02#alt2,2,fwd,17,200.0,4050.0,0.7165,0.0
DB01_to_DK02#alt2,2,fwd,18,200.0,4000.0,0.6889,0.0
DB01_to_DK02#alt2,2,fwd,19,250.0,3950.0,0.6889,0.0
DB01_to_DK02#alt2,2,fwd,20,300.0,3900.0,0.6889,0.0
DB01_to_DK02#alt2,2,fwd,21,350.0,3866.67,0.6241,0.0
DB01_to_DK02#alt2,2,fwd,22,400.0,3850.0,0.6889,0.0
DB01_to_DK02#alt2,2,fwd,23,450.0,3850.0,0.7165,0.0
DB01_to_DK02#alt2,2,fwd,24,500.0,3833.33,0.7165,0.0
DB01_to_DK02#alt2,2,fwd,25,550.0,3800.0,0.5903,0.0
DB01_to_DK02#alt2,2,fwd,26,600.0,3750.0,0.6065,0.0
DB01_to_DK02#alt2,2,fwd,27,650.0,3700.0,0.6889,0.0
DB01_to_DK02#alt2,2,fwd,28,683.33,3650.0,0.7165,0.0
DB01_to_DK02#alt2,2,fwd,29,700.0,3600.0,0.7165,0.0
DB01_to_DK02#alt2,2,fwd,30,716.67,3550.0,0.6889,0.0
DB01_to_DK02#alt2,2,fwd,31,750.0,3500.0,0.6889,0.0
DB01_to_DK02#alt2,2,fwd,32,783.33,3450.0,0.6889,0.0
DB01_to_DK02#alt2,2,fwd,33,783.33,3400.0,0.6241,0.0
DB01_to_DK02#alt2,2,fwd,34,750.0,3350.0,0.5903,0.0
DB01_to_DK02#alt2,2,fwd,35,700.0,3300.0,0.6241,0.0
DB01_to_DK02#alt2,2,fwd,36,650.0,3250.0,0.6241,0.0
DB01_to_DK02#alt2,2,fwd,37,616.67,3200.0,0.5903,0.0
DB01_to_DK02#alt2,2,fwd,38,600.0,3150.0,0.6241,0.0
DB01_to_DK02#alt2,2,fwd,39,600.0,3100.0,0.6889,0.0
DB01_to_DK02#alt2,2,fwd,40,600.0,3050.0,0.7165,0.0
DB01_to_DK02#alt2,2,fwd,41,600.0,3000.0,0.7165,0.0
DB01_to_DK02#alt2,2,fwd,42,600.0,2950.0,0.7165,0.0
DB01_to_DK02#alt2,2,fwd,43,616.67,2900.0,0.6889,0.0
DB01_to_DK02#alt2,2,fwd,44,633.33,2850.0,0.7165,0.0
DB01_to_DK02#alt2,2,fwd,45,650.0,2800.0,0.6889,0.0
DB01_to_DK02#alt2,2,fwd,46,700.0,2750.0,0.6889,0.0
DB01_to_DK02#alt2,2,fwd,47,750.0,2716.67,0.6889,0.0
DB01_to_DK02#alt2,2,fwd,48,800.0,2700.0,0.7165,0.0
DB01_to_DK02#alt2,2,fwd,49,850.0,2700.0,0.7165,0.0
DB01_to_DK02#alt2,2,fwd,50,900.0,2700.0,0.7165,0.0
DB01_to_DK02#alt2,2,fwd,51,950.0,2700.0,0.7165,0.0
DB01_to_DK02#alt2,2,fwd,52,1000.0,2700.0,0.7165,0.0
DB01_to_DK02#alt2,2,fwd,53,1050.0,2700.0,0.7165,0.0
DB01_to_DK02#alt2,2,fwd,54,1100.0,2700.0,0.6889,0.0
DB01_to_DK02#alt2,2,fwd,55,1150.0,2750.0,0.6889,0.0
DB01_to_DK02#alt2,2,fwd,56,1200.0,2800.0,0.6889,0.0
DB01_to_DK02#alt2,2,fwd,57,1250.0,2833.33,0.6889,0.0
DB01_to_DK02#alt2,2,fwd,58,1300.0,2850.0,0.5903,0.0
DB01_to_DK02#alt2,2,fwd,59,1350.0,2850.0,0.503,0.0
DB01_to_DK02#alt2,2,fwd,60,1400.0,2866.67,0.4275,0.0
DB01_to_DK02#alt2,2,fwd,61,1450.0,2900.0,0.3679,0.0
DB01_to_DK02#alt2,2,fwd,62,1500.0,2933.33,0.3114,0.0
DB01_to_DK02#alt2,2,fwd,63,1550.0,2950.0,0.2636,0.0
DB01_to_DK02#alt2,2,fwd,64,1600.0,2950.0,0.2231,0.0
DB01_to_DK02#alt2,2,fwd,65,1650.0,2950.0,0.1889,0.0
DB01_to_DK02#alt2,2,fwd,66,1700.0,2933.33,0.1648,0.0
DB01_to_DK02#alt2,2,fwd,67,1750.0,2933.33,0.1495,0.0
DB01_to_DK02#alt2,2,fwd,68,1800.0,2950.0,0.1344,0.0
DB01_to_DK02#alt2,2,fwd,69,1850.0,3000.0,0.1344,0.0
DB01_to_DK02#alt2,2,fwd,70,1900.0,3050.0,0.1344,0.0
DB01_to_DK02#alt2,2,fwd,71,1950.0,3100.0,0.1344,0.0
DB01_to_DK02#alt2,2,fwd,72,2000.0,3133.33,0.1344,0.0
DB01_to_DK02#alt2,2,fwd,73,2050.0,3133.33,0.1199,0.0
DB01_to_DK02#alt2,2,fwd,74,2100.0,3133.33,0.1239,0.0
DB01_to_DK02#alt2,2,fwd,75,2150.0,3150.0,0.1344,0.0
DB01_to_DK02#alt2,2,fwd,76,2200.0,3200.0,0.1308,0.0
DB01_to_DK02#alt2,2,fwd,77,2250.0,3250.0,0.1239,0.0
DB01_to_DK02#alt2,2,fwd,78,2300.0,3300.0,0.1146,0.0
DB01_to_DK02#alt2,2,fwd,79,2350.0,3350.0,0.1036,0.0
DB01_to_DK02#alt2,2,fwd,80,2400.0,3383.33,0.1082,0.0
DB01_to_DK02#alt2,2,fwd,81,2450.0,3400.0,0.1273,0.0
DB01_to_DK02#alt2,2,fwd,82,2500.0,3400.0,0.1495,0.0
DB01_to_DK02#alt2,2,fwd,83,2550.0,3400.0,0.1755,0.0
DB01_to_DK02#alt2,2,fwd,84,2600.0,3400.0,0.2057,0.0
DB01_to_DK02#alt2,2,fwd,85,2650.0,3400.0,0.2407,0.0
DB01_to_DK02#alt2,2,fwd,86,2700.0,3400.0,0.281,0.0
DB01_to_DK02#alt2,2,fwd,87,2750.0,3416.67,0.3269,0.0
DB01_to_DK02#alt2,2,fwd,88,2800.0,3433.33,0.344,0.0
DB01_to_DK02#alt2,2,fwd,89,2850.0,3433.33,0.3895,0.0
DB01_to_DK02#alt2,2,fwd,90,2900.0,3416.67,0.4931,0.0
DB01_to_DK02#alt2,2,fwd,91,2950.0,3400.0,0.5483,0.0
DB01_to_DK02#alt2,2,fwd,92,3000.0,3400.0,0.6241,0.0
DB01_to_DK02#alt2,2,fwd,93,3050.0,3400.0,0.6889,0.0
DB01_to_DK02#alt2,2,fwd,94,3100.0,3400.0,0.7165,0.0
DB01_to_DK02#alt2,2,fwd,95,3150.0,3400.0,0.7165,0.0
DB01_to_DK02#alt2,2,fwd,96,3200.0,3400.0,0.7165,0.0
DB01_to_DK02#alt2,2,fwd,97,3250.0,3400.0,0.7165,0.0
DB01_to_DK02#alt2,2,fwd,98,3300.0,3400.0,0.6889,0.0
DB01_to_DK02#alt2,2,fwd,99,3350.0,3350.0,0.6889,0.0
DB01_to_DK02#alt2,2,fwd,100,3400.0,3300.0,0.6889,0.0
DB01_to_DK02#alt2,2,fwd,101,3450.0,3266.67,0.6065,0.0
DB01_to_DK02#alt2,2,fwd,102,3500.0,3233.33,0.5134,0.0
DB01_to_DK02#alt2,2,fwd,103,3550.0,3216.67,0.4346,0.0
DB01_to_DK02#alt2,2,fwd,104,3600.0,3216.67,0.3679,0.0
DB01_to_DK02#alt2,2,fwd,105,3650.0,3216.67,0.3114,0.0
DB01_to_DK02#alt2,2,fwd,106,3700.0,3216.67,0.2636,0.0
DB01_to_DK02#alt2,2,fwd,107,3750.0,3200.0,0.2231,0.0
DB01_to_DK02#alt2,2,fwd,108,3800.0,3183.33,0.1889,0.0
DB01_to_DK02#alt2,2,fwd,109,3850.0,3150.0,0.1599,0.0
DB01_to_DK02#alt2,2,fwd,110,3900.0,3116.67,0.1344,0.0
DB01_to_DK02#alt2,2,fwd,111,3950.0,3083.33,0.1138,0.0
DB01_to_DK02#alt2,2,fwd,112,4000.0,3050.0,0.0947,0.0
DB01_to_DK02#alt2,2,fwd,113,4050.0,3016.67,0.1146,0.0
DB01_to_DK02#alt2,2,fwd,114,4100.0,3000.0,0.1215,0.0
DB01_to_DK02#alt2,2,fwd,115,4150.0,3000.0,0.1273,0.0
DK02_to_DB01#alt4,4,bwd,0,4150.0,3000.0,0.1273,0.0
DK02_to_DB01#alt4,4,bwd,1,4200.0,3050.0,0.1117,0.0
DK02_to_DB01#alt4,4,bwd,2,4250.0,3100.0,0.0964,0.0
DK02_to_DB01#alt4,4,bwd,3,4300.0,3150.0,0.0821,0.0
DK02_to_DB01#alt4,4,bwd,4,4333.33,3200.0,0.0695,0.0
DK02_to_DB01#alt4,4,bwd,5,4350.0,3250.0,0.0781,0.0
DK02_to_DB01#alt4,4,bwd,6,4350.0,3300.0,0.092,0.0
DK02_to_DB01#alt4,4,bwd,7,4350.0,3350.0,0.1082,0.0
DK02_to_DB01#alt4,4,bwd,8,4350.0,3400.0,0.1273,0.0
DK02_to_DB01#alt4,4,bwd,9,4350.0,3450.0,0.1495,0.0
DK02_to_DB01#alt4,4,bwd,10,4350.0,3500.0,0.1755,0.0
DK02_to_DB01#alt4,4,bwd,11,4350.0,3550.0,0.2057,0.0
DK02_to_DB01#alt4,4,bwd,12,4350.0,3600.0,0.2407,0.0
DK02_to_DB01#alt4,4,bwd,13,4350.0,3650.0,0.281,0.0
DK02_to_DB01#alt4,4,bwd,14,4350.0,3700.0,0.3269,0.0
DK02_to_DB01#alt4,4,bwd,15,4350.0,3750.0,0.3784,0.0
DK02_to_DB01#alt4,4,bwd,16,4350.0,3800.0,0.4346,0.0
DK02_to_DB01#alt4,4,bwd,17,4350.0,3850.0,0.4931,0.0
DK02_to_DB01#alt4,4,bwd,18,4350.0,3900.0,0.5483,0.0
DK02_to_DB01#alt4,4,bwd,19,4350.0,3950.0,0.6241,0.0
DK02_to_DB01#alt4,4,bwd,20,4350.0,4000.0,0.6889,0.0
DK02_to_DB01#alt4,4,bwd,21,4350.0,4050.0,0.7165,0.0
DK02_to_DB01#alt4,4,bwd,22,4350.0,4100.0,0.6889,0.0
DK02_to_DB01#alt4,4,bwd,23,4300.0,4150.0,0.6889,0.0
DK02_to_DB01#alt4,4,bwd,24,4250.0,4200.0,0.6889,0.0
DK02_to_DB01#alt4,4,bwd,25,4200.0,4250.0,0.6065,0.0
DK02_to_DB01#alt4,4,bwd,26,4150.0,4300.0,0.5134,0.0
DK02_to_DB01#alt4,4,bwd,27,4100.0,4350.0,0.4275,0.0
DK02_to_DB01#alt4,4,bwd,28,4050.0,4400.0,0.3485,0.0
DK02_to_DB01#alt4,4,bwd,29,4000.0,4450.0,0.3784,0.0
DK02_to_DB01#alt4,4,bwd,30,3950.0,4500.0,0.3895,0.0
DK02_to_DB01#alt4,4,bwd,31,3900.0,4550.0,0.3895,0.0
DK02_to_DB01#alt4,4,bwd,32,3850.0,4600.0,0.4931,0.0
DK02_to_DB01#alt4,4,bwd,33,3800.0,4633.33,0.6241,0.0
DK02_to_DB01#alt4,4,bwd,34,3750.0,4650.0,0.6889,0.0
DK02_to_DB01#alt4,4,bwd,35,3700.0,4650.0,0.7165,0.0
DK02_to_DB01#alt4,4,bwd,36,3650.0,4650.0,0.7165,0.0
DK02_to_DB01#alt4,4,bwd,37,3600.0,4650.0,0.6889,0.0
DK02_to_DB01#alt4,4,bwd,38,3550.0,4700.0,0.6889,0.0
DK02_to_DB01#alt4,4,bwd,39,3500.0,4733.33,0.6065,0.0
DK02_to_DB01#alt4,4,bwd,40,3450.0,4750.0,0.5134,0.0
DK02_to_DB01#alt4,4,bwd,41,3400.0,4750.0,0.4346,0.0
DK02_to_DB01#alt4,4,bwd,42,3350.0,4750.0,0.3679,0.0
DK02_to_DB01#alt4,4,bwd,43,3300.0,4766.67,0.3114,0.0
DK02_to_DB01#alt4,4,bwd,44,3250.0,4800.0,0.2636,0.0
DK02_to_DB01#alt4,4,bwd,45,3200.0,4833.33,0.2231,0.0
DK02_to_DB01#alt4,4,bwd,46,3150.0,4850.0,0.1889,0.0
DK02_to_DB01#alt4,4,bwd,47,3100.0,4850.0,0.1599,0.0
DK02_to_DB01#alt4,4,bwd,48,3050.0,4850.0,0.1353,0.0
DK02_to_DB01#alt4,4,bwd,49,3000.0,4850.0,0.1353,0.0
DK02_to_DB01#alt4,4,bwd,50,2950.0,4850.0,0.1517,0.0
DK02_to_DB01#alt4,4,bwd,51,2900.0,4850.0,0.17,0.0
DK02_to_DB01#alt4,4,bwd,52,2850.0,4850.0,0.1889,0.0
DK02_to_DB01#alt4,4,bwd,53,2800.0,4850.0,0.2076,0.0
DK02_to_DB01#alt4,4,bwd,54,2750.0,4850.0,0.2252,0.0
DK02_to_DB01#alt4,4,bwd,55,2700.0,4850.0,0.2407,0.0
DK02_to_DB01#alt4,4,bwd,56,2650.0,4850.0,0.253,0.0
DK02_to_DB01#alt4,4,bwd,57,2600.0,4850.0,0.2609,0.0
DK02_to_DB01#alt4,4,bwd,58,2550.0,4850.0,0.2636,0.0
DK02_to_DB01#alt4,4,bwd,59,2500.0,4850.0,0.2636,0.0
DK02_to_DB01#alt4,4,bwd,60,2450.0,4850.0,0.281,0.0
DK02_to_DB01#alt4,4,bwd,61,2400.0,4850.0,0.3269,0.0
DK02_to_DB01#alt4,4,bwd,62,2350.0,4850.0,0.3784,0.0
DK02_to_DB01#alt4,4,bwd,63,2300.0,4866.67,0.4346,0.0
DK02_to_DB01#alt4,4,bwd,64,2250.0,4900.0,0.4346,0.0
DK02_to_DB01#alt4,4,bwd,65,2200.0,4933.33,0.4346,0.0
DK02_to_DB01#alt4,4,bwd,66,2150.0,4933.33,0.4931,0.0
DK02_to_DB01#alt4,4,bwd,67,2100.0,4916.67,0.6241,0.0
DK02_to_DB01#alt4,4,bwd,68,2050.0,4900.0,0.6889,0.0
DK02_to_DB01#alt4,4,bwd,69,2000.0,4900.0,0.7165,0.0
DK02_to_DB01#alt4,4,bwd,70,1950.0,4900.0,0.7165,0.0
DK02_to_DB01#alt4,4,bwd,71,1900.0,4900.0,0.7165,0.0
DK02_to_DB01#alt4,4,bwd,72,1850.0,4900.0,0.7165,0.0
DK02_to_DB01#alt4,4,bwd,73,1800.0,4900.0,0.6889,0.0
DK02_to_DB01#alt4,4,bwd,74,1750.0,4850.0,0.6889,0.0
DK02_to_DB01#alt4,4,bwd,75,1700.0,4800.0,0.6889,0.0
DK02_to_DB01#alt4,4,bwd,76,1650.0,4766.67,0.6241,0.0
DK02_to_DB01#alt4,4,bwd,77,1600.0,4750.0,0.6889,0.0
DK02_to_DB01#alt4,4,bwd,78,1550.0,4750.0,0.7165,0.0
DK02_to_DB01#alt4,4,bwd,79,1500.0,4750.0,0.7165,0.0
DK02_to_DB01#alt4,4,bwd,80,1450.0,4750.0,0.7165,0.0
DK02_to_DB01#alt4,4,bwd,81,1400.0,4750.0,0.6889,0.0
DK02_to_DB01#alt4,4,bwd,82,1350.0,4700.0,0.6889,0.0
DK02_to_DB01#alt4,4,bwd,83,1350.0,4650.0,0.7165,0.0
DK02_to_DB01#alt4,4,bwd,84,1350.0,4600.0,0.7165,0.0
DK02_to_DB01#alt4,4,bwd,85,1333.33,4550.0,0.7165,0.0
DK02_to_DB01#alt4,4,bwd,86,1300.0,4500.0,0.5903,0.0
DK02_to_DB01#alt4,4,bwd,87,1250.0,4450.0,0.5134,0.0
DK02_to_DB01#alt4,4,bwd,88,1200.0,4400.0,0.6065,0.0
DK02_to_DB01#alt4,4,bwd,89,1150.0,4366.67,0.7165,0.0
DK02_to_DB01#alt4,4,bwd,90,1100.0,4350.0,0.6889,0.0
DK02_to_DB01#alt4,4,bwd,91,1050.0,4300.0,0.7165,0.0
DK02_to_DB01#alt4,4,bwd,92,1000.0,4300.0,0.7165,0.0
DK02_to_DB01#alt4,4,bwd,93,950.0,4283.33,0.6889,0.0
DK02_to_DB01#alt4,4,bwd,94,900.0,4250.0,0.6889,0.0
DK02_to_DB01#alt4,4,bwd,95,850.0,4216.67,0.6889,0.0
DK02_to_DB01#alt4,4,bwd,96,800.0,4200.0,0.6241,0.0
DK02_to_DB01#alt4,4,bwd,97,750.0,4200.0,0.7165,0.0
DK02_to_DB01#alt5,5,bwd,0,4150.0,3000.0,0.1273,0.0
DK02_to_DB01#alt5,5,bwd,1,4200.0,2966.67,0.1551,0.0
DK02_to_DB01#alt5,5,bwd,2,4250.0,2966.67,0.1587,0.0
DK02_to_DB01#alt5,5,bwd,3,4300.0,3000.0,0.1353,0.0
DK02_to_DB01#alt5,5,bwd,4,4350.0,3050.0,0.1146,0.0
DK02_to_DB01#alt5,5,bwd,5,4400.0,3100.0,0.097,0.0
DK02_to_DB01#alt5,5,bwd,6,4450.0,3150.0,0.0816,0.0
DK02_to_DB01#alt5,5,bwd,7,4500.0,3200.0,0.0681,0.0
DK02_to_DB01#alt5,5,bwd,8,4550.0,3250.0,0.0634,0.0
DK02_to_DB01#alt5,5,bwd,9,4600.0,3300.0,0.0681,0.0
DK02_to_DB01#alt5,5,bwd,10,4650.0,3350.0,0.0717,0.0
DK02_to_DB01#alt5,5,bwd,11,4700.0,3400.0,0.074,0.0
DK02_to_DB01#alt5,5,bwd,12,4750.0,3450.0,0.0748,0.0
DK02_to_DB01#alt5,5,bwd,13,4800.0,3500.0,0.0748,0.0
DK02_to_DB01#alt5,5,bwd,14,4833.33,3550.0,0.074,0.0
DK02_to_DB01#alt5,5,bwd,15,4850.0,3600.0,0.0821,0.0
DK02_to_DB01#alt5,5,bwd,16,4850.0,3650.0,0.0904,0.0
DK02_to_DB01#alt5,5,bwd,17,4850.0,3700.0,0.0987,0.0
DK02_to_DB01#alt5,5,bwd,18,4850.0,3750.0,0.1069,0.0
DK02_to_DB01#alt5,5,bwd,19,4850.0,3800.0,0.1146,0.0
DK02_to_DB01#alt5,5,bwd,20,4850.0,3850.0,0.1215,0.0
DK02_to_DB01#alt5,5,bwd,21,4850.0,3900.0,0.1273,0.0
DK02_to_DB01#alt5,5,bwd,22,4850.0,3950.0,0.1317,0.0
DK02_to_DB01#alt5,5,bwd,23,4850.0,4000.0,0.1344,0.0
DK02_to_DB01#alt5,5,bwd,24,4850.0,4050.0,0.1353,0.0
DK02_to_DB01#alt5,5,bwd,25,4850.0,4100.0,0.1344,0.0
DK02_to_DB01#alt5,5,bwd,26,4850.0,4150.0,0.1317,0.0
DK02_to_DB01#alt5,5,bwd,27,4850.0,4200.0,0.1273,0.0
DK02_to_DB01#alt5,5,bwd,28,4850.0,4250.0,0.1215,0.0
DK02_to_DB01#alt5,5,bwd,29,4850.0,4300.0,0.1146,0.0
DK02_to_DB01#alt5,5,bwd,30,4850.0,4350.0,0.1069,0.0
DK02_to_DB01#alt5,5,bwd,31,4850.0,4400.0,0.0987,0.0
DK02_to_DB01#alt5,5,bwd,32,4833.33,4450.0,0.0904,0.0
DK02_to_DB01#alt5,5,bwd,33,4800.0,4500.0,0.0936,0.0
DK02_to_DB01#alt5,5,bwd,34,4750.0,4550.0,0.0947,0.0
DK02_to_DB01#alt5,5,bwd,35,4700.0,4600.0,0.0947,0.0
DK02_to_DB01#alt5,5,bwd,36,4650.0,4650.0,0.0936,0.0
DK02_to_DB01#alt5,5,bwd,37,4600.0,4700.0,0.0904,0.0
DK02_to_DB01#alt5,5,bwd,38,4550.0,4750.0,0.0854,0.0
DK02_to_DB01#alt5,5,bwd,39,4500.0,4800.0,0.079,0.0
DK02_to_DB01#alt5,5,bwd,40,4450.0,4850.0,0.0821,0.0
DK02_to_DB01#alt5,5,bwd,41,4400.0,4900.0,0.0964,0.0
DK02_to_DB01#alt5,5,bwd,42,4350.0,4933.33,0.1117,0.0
DK02_to_DB01#alt5,5,bwd,43,4300.0,4950.0,0.1317,0.0
DK02_to_DB01#alt5,5,bwd,44,4250.0,4950.0,0.1551,0.0
DK02_to_DB01#alt5,5,bwd,45,4200.0,4950.0,0.1827,0.0
DK02_to_DB01#alt5,5,bwd,46,4150.0,4950.0,0.2151,0.0
DK02_to_DB01#alt5,5,bwd,47,4100.0,4950.0,0.253,0.0
DK02_to_DB01#alt5,5,bwd,48,4050.0,4950.0,0.2972,0.0
DK02_to_DB01#alt5,5,bwd,49,4000.0,4950.0,0.3485,0.0
DK02_to_DB01#alt5,5,bwd,50,3950.0,4950.0,0.4076,0.0
DK02_to_DB01#alt5,5,bwd,51,3900.0,4950.0,0.4746,0.0
DK02_to_DB01#alt5,5,bwd,52,3850.0,4950.0,0.5483,0.0
DK02_to_DB01#alt5,5,bwd,53,3800.0,4950.0,0.6241,0.0
DK02_to_DB01#alt5,5,bwd,54,3750.0,4950.0,0.6889,0.0
DK02_to_DB01#alt5,5,bwd,55,3700.0,4950.0,0.7165,0.0
DK02_to_DB01#alt5,5,bwd,56,3650.0,4950.0,0.7165,0.0
DK02_to_DB01#alt5,5,bwd,57,3600.0,4950.0,0.6889,0.0
DK02_to_DB01#alt5,5,bwd,58,3550.0,4950.0,0.6241,0.0
DK02_to_DB01#alt5,5,bwd,59,3500.0,4950.0,0.5483,0.0
DK02_to_DB01#alt5,5,bwd,60,3450.0,4950.0,0.4746,0.0
DK02_to_DB01#alt5,5,bwd,61,3400.0,4950.0,0.4076,0.0
DK02_to_DB01#alt5,5,bwd,62,3350.0,4950.0,0.3485,0.0
DK02_to_DB01#alt5,5,bwd,63,3300.0,4950.0,0.2972,0.0
DK02_to_DB01#alt5,5,bwd,64,3250.0,4950.0,0.253,0.0
DK02_to_DB01#alt5,5,bwd,65,3200.0,4950.0,0.2151,0.0
DK02_to_DB01#alt5,5,bwd,66,3150.0,4950.0,0.1827,0.0
DK02_to_DB01#alt5,5,bwd,67,3100.0,4950.0,0.1551,0.0
DK02_to_DB01#alt5,5,bwd,68,3050.0,4950.0,0.1317,0.0
DK02_to_DB01#alt5,5,bwd,69,3000.0,4950.0,0.1117,0.0
DK02_to_DB01#alt5,5,bwd,70,2950.0,4950.0,0.1183,0.0
DK02_to_DB01#alt5,5,bwd,71,2900.0,4950.0,0.1308,0.0
DK02_to_DB01#alt5,5,bwd,72,2850.0,4950.0,0.1432,0.0
DK02_to_DB01#alt5,5,bwd,73,2800.0,4950.0,0.1551,0.0
DK02_to_DB01#alt5,5,bwd,74,2750.0,4950.0,0.1661,0.0
DK02_to_DB01#alt5,5,bwd,75,2700.0,4950.0,0.1755,0.0
DK02_to_DB01#alt5,5,bwd,76,2650.0,4950.0,0.1827,0.0
DK02_to_DB01#alt5,5,bwd,77,2600.0,4950.0,0.1873,0.0
DK02_to_DB01#alt5,5,bwd,78,2550.0,4950.0,0.1889,0.0
DK02_to_DB01#alt5,5,bwd,79,2500.0,4950.0,0.2076,0.0
DK02_to_DB01#alt5,5,bwd,80,2450.0,4950.0,0.2384,0.0
DK02_to_DB01#alt5,5,bwd,81,2400.0,4950.0,0.2721,0.0
DK02_to_DB01#alt5,5,bwd,82,2350.0,4950.0,0.3077,0.0
DK02_to_DB01#alt5,5,bwd,83,2300.0,4950.0,0.344,0.0
DK02_to_DB01#alt5,5,bwd,84,2250.0,4950.0,0.3895,0.0
DK02_to_DB01#alt5,5,bwd,85,2200.0,4950.0,0.4346,0.0
DK02_to_DB01#alt5,5,bwd,86,2150.0,4950.0,0.4931,0.0
DK02_to_DB01#alt5,5,bwd,87,2100.0,4950.0,0.5483,0.0
DK02_to_DB01#alt5,5,bwd,88,2050.0,4950.0,0.5903,0.0
DK02_to_DB01#alt5,5,bwd,89,2000.0,4950.0,0.6065,0.0
DK02_to_DB01#alt5,5,bwd,90,1950.0,4950.0,0.6065,0.0
DK02_to_DB01#alt5,5,bwd,91,1900.0,4950.0,0.6065,0.0
DK02_to_DB01#alt5,5,bwd,92,1850.0,4950.0,0.6065,0.0
DK02_to_DB01#alt5,5,bwd,93,1800.0,4950.0,0.5903,0.0
DK02_to_DB01#alt5,5,bwd,94,1750.0,4950.0,0.5483,0.0
DK02_to_DB01#alt5,5,bwd,95,1700.0,4950.0,0.4931,0.0
DK02_to_DB01#alt5,5,bwd,96,1650.0,4950.0,0.4346,0.0
DK02_to_DB01#alt5,5,bwd,97,1600.0,4950.0,0.3895,0.0
DK02_to_DB01#alt5,5,bwd,98,1550.0,4950.0,0.3679,0.0
DK02_to_DB01#alt5,5,bwd,99,1500.0,4950.0,0.3679,0.0
DK02_to_DB01#alt5,5,bwd,100,1450.0,4950.0,0.3679,0.0
DK02_to_DB01#alt5,5,bwd,101,1400.0,4950.0,0.3628,0.0
DK02_to_DB01#alt5,5,bwd,102,1350.0,4950.0,0.3485,0.0
DK02_to_DB01#alt5,5,bwd,103,1300.0,4950.0,0.3269,0.0
DK02_to_DB01#alt5,5,bwd,104,1250.0,4950.0,0.3006,0.0
DK02_to_DB01#alt5,5,bwd,105,1200.0,4950.0,0.2721,0.0
DK02_to_DB01#alt5,5,bwd,106,1150.0,4950.0,0.3006,0.0
DK02_to_DB01#alt5,5,bwd,107,1100.0,4950.0,0.3269,0.0
DK02_to_DB01#alt5,5,bwd,108,1050.0,4950.0,0.3485,0.0
DK02_to_DB01#alt5,5,bwd,109,1000.0,4950.0,0.3628,0.0
DK02_to_DB01#alt5,5,bwd,110,950.0,4933.33,0.3679,0.0
DK02_to_DB01#alt5,5,bwd,111,900.0,4900.0,0.4346,0.0
DK02_to_DB01#alt5,5,bwd,112,850.0,4850.0,0.5134,0.0
DK02_to_DB01#alt5,5,bwd,113,800.0,4800.0,0.6065,0.0
DK02_to_DB01#alt5,5,bwd,114,750.0,4750.0,0.6889,0.0
DK02_to_DB01#alt5,5,bwd,115,700.0,4700.0,0.6889,0.0
DK02_to_DB01#alt5,5,bwd,116,666.67,4650.0,0.6241,0.0
DK02_to_DB01#alt5,5,bwd,117,650.0,4600.0,0.6889,0.0
DK02_to_DB01#alt5,5,bwd,118,650.0,4550.0,0.7165,0.0
DK02_to_DB01#alt5,5,bwd,119,650.0,4500.0,0.7165,0.0
DK02_to_DB01#alt5,5,bwd,120,666.67,4450.0,0.6889,0.0
DK02_to_DB01#alt5,5,bwd,121,700.0,4400.0,0.6889,0.0
DK02_to_DB01#alt5,5,bwd,122,733.33,4350.0,0.6889,0.0
DK02_to_DB01#alt5,5,bwd,123,750.0,4300.0,0.6241,0.0
DK02_to_DB01#alt5,5,bwd,124,750.0,4250.0,0.6889,0.0
DK02_to_DB01#alt5,5,bwd,125,750.0,4200.0,0.7165,0.0
DB02_to_DK02#alt0,0,fwd,0,2150.0,600.0,0.4076,0.0
DB02_to_DK02#alt0,0,fwd,1,2200.0,550.0,0.3784,0.0
DB02_to_DK02#alt0,0,fwd,2,2250.0,500.0,0.3485,0.0
DB02_to_DK02#alt0,0,fwd,3,2300.0,450.0,0.3077,0.0
DB02_to_DK02#alt0,0,fwd,4,2350.0,400.0,0.2636,0.0
DB02_to_DK02#alt0,0,fwd,5,2400.0,350.0,0.2231,0.0
DB02_to_DK02#alt0,0,fwd,6,2450.0,300.0,0.1889,0.0
DB02_to_DK02#alt0,0,fwd,7,2500.0,266.67,0.1587,0.0
DB02_to_DK02#alt0,0,fwd,8,2550.0,250.0,0.1551,0.0
DB02_to_DK02#alt0,0,fwd,9,2600.0,250.0,0.1495,0.0
DB02_to_DK02#alt0,0,fwd,10,2650.0,250.0,0.1422,0.0
DB02_to_DK02#alt0,0,fwd,11,2700.0,250.0,0.1335,0.0
DB02_to_DK02#alt0,0,fwd,12,2750.0,233.33,0.1239,0.0
DB02_to_DK02#alt0,0,fwd,13,2800.0,200.0,0.0987,0.0
DB02_to_DK02#alt0,0,fwd,14,2850.0,166.67,0.079,0.0
DB02_to_DK02#alt0,0,fwd,15,2900.0,150.0,0.0736,0.0
DB02_to_DK02#alt0,0,fwd,16,2950.0,150.0,0.0681,0.0
DB02_to_DK02#alt0,0,fwd,17,3000.0,150.0,0.0677,0.0
DB02_to_DK02#alt0,0,fwd,18,3050.0,150.0,0.079,0.0
DB02_to_DK02#alt0,0,fwd,19,3100.0,150.0,0.092,0.0
DB02_to_DK02#alt0,0,fwd,20,3150.0,150.0,0.1069,0.0
DB02_to_DK02#alt0,0,fwd,21,3200.0,150.0,0.1239,0.0
DB02_to_DK02#alt0,0,fwd,22,3250.0,150.0,0.1432,0.0
DB02_to_DK02#alt0,0,fwd,23,3300.0,150.0,0.1648,0.0
DB02_to_DK02#alt0,0,fwd,24,3350.0,150.0,0.1889,0.0
DB02_to_DK02#alt0,0,fwd,25,3400.0,150.0,0.2151,0.0
DB02_to_DK02#alt0,0,fwd,26,3450.0,150.0,0.2431,0.0
DB02_to_DK02#alt0,0,fwd,27,3500.0,150.0,0.2721,0.0
DB02_to_DK02#alt0,0,fwd,28,3550.0,150.0,0.3077,0.0
DB02_to_DK02#alt0,0,fwd,29,3600.0,150.0,0.344,0.0
DB02_to_DK02#alt0,0,fwd,30,3650.0,150.0,0.3784,0.0
DB02_to_DK02#alt0,0,fwd,31,3700.0,150.0,0.4076,0.0
DB02_to_DK02#alt0,0,fwd,32,3750.0,166.67,0.4275,0.0
DB02_to_DK02#alt0,0,fwd,33,3800.0,183.33,0.5134,0.0
DB02_to_DK02#alt0,0,fwd,34,3850.0,200.0,0.5134,0.0
DB02_to_DK02#alt0,0,fwd,35,3900.0,200.0,0.5134,0.0
DB02_to_DK02#alt0,0,fwd,36,3950.0,200.0,0.5134,0.0
DB02_to_DK02#alt0,0,fwd,37,4000.0,216.67,0.5134,0.0
DB02_to_DK02#alt0,0,fwd,38,4050.0,250.0,0.5903,0.0
DB02_to_DK02#alt0,0,fwd,39,4100.0,300.0,0.6241,0.0
DB02_to_DK02#alt0,0,fwd,40,4150.0,350.0,0.6241,0.0
DB02_to_DK02#alt0,0,fwd,41,4200.0,400.0,0.6241,0.0
DB02_to_DK02#alt0,0,fwd,42,4250.0,450.0,0.5903,0.0
DB02_to_DK02#alt0,0,fwd,43,4283.33,500.0,0.5134,0.0
DB02_to_DK02#alt0,0,fwd,44,4283.33,550.0,0.5134,0.0
DB02_to_DK02#alt0,0,fwd,45,4283.33,600.0,0.5134,0.0
DB02_to_DK02#alt0,0,fwd,46,4283.33,650.0,0.5134,0.0
DB02_to_DK02#alt0,0,fwd,47,4300.0,700.0,0.503,0.0
DB02_to_DK02#alt0,0,fwd,48,4300.0,750.0,0.4746,0.0
DB02_to_DK02#alt0,0,fwd,49,4300.0,800.0,0.4346,0.0
DB02_to_DK02#alt0,0,fwd,50,4300.0,850.0,0.3895,0.0
DB02_to_DK02#alt0,0,fwd,51,4300.0,900.0,0.3679,0.0
DB02_to_DK02#alt0,0,fwd,52,4300.0,950.0,0.3679,0.0
DB02_to_DK02#alt0,0,fwd,53,4283.33,1000.0,0.3679,0.0
DB02_to_DK02#alt0,0,fwd,54,4250.0,1050.0,0.4275,0.0
DB02_to_DK02#alt0,0,fwd,55,4216.67,1100.0,0.4746,0.0
DB02_to_DK02#alt0,0,fwd,56,4200.0,1150.0,0.4346,0.0
DB02_to_DK02#alt0,0,fwd,57,4200.0,1200.0,0.4346,0.0
DB02_to_DK02#alt0,0,fwd,58,4200.0,1250.0,0.4275,0.0
DB02_to_DK02#alt0,0,fwd,59,4200.0,1300.0,0.4076,0.0
DB02_to_DK02#alt0,0,fwd,60,4216.67,1350.0,0.3784,0.0
DB02_to_DK02#alt0,0,fwd,61,4233.33,1400.0,0.3006,0.0
DB02_to_DK02#alt0,0,fwd,62,4250.0,1450.0,0.2721,0.0
DB02_to_DK02#alt0,0,fwd,63,4233.33,1500.0,0.2431,0.0
DB02_to_DK02#alt0,0,fwd,64,4233.33,1550.0,0.2151,0.0
DB02_to_DK02#alt0,0,fwd,65,4233.33,1600.0,0.1937,0.0
DB02_to_DK02#alt0,0,fwd,66,4233.33,1650.0,0.1827,0.0
DB02_to_DK02#alt0,0,fwd,67,4216.67,1700.0,0.2057,0.0
DB02_to_DK02#alt0,0,fwd,68,4200.0,1750.0,0.2407,0.0
DB02_to_DK02#alt0,0,fwd,69,4200.0,1800.0,0.281,0.0
DB02_to_DK02#alt0,0,fwd,70,4183.33,1850.0,0.3269,0.0
DB02_to_DK02#alt0,0,fwd,71,4166.67,1900.0,0.344,0.0
DB02_to_DK02#alt0,0,fwd,72,4150.0,1950.0,0.3895,0.0
DB02_to_DK02#alt0,0,fwd,73,4150.0,2000.0,0.4346,0.0
DB02_to_DK02#alt0,0,fwd,74,4150.0,2050.0,0.4931,0.0
DB02_to_DK02#alt0,0,fwd,75,4150.0,2100.0,0.5483,0.0
DB02_to_DK02#alt0,0,fwd,76,4150.0,2150.0,0.6241,0.0
DB02_to_DK02#alt0,0,fwd,77,4150.0,2200.0,0.6889,0.0
DB02_to_DK02#alt0,0,fwd,78,4150.0,2250.0,0.7165,0.0
DB02_to_DK02#alt0,0,fwd,79,4150.0,2300.0,0.7165,0.0
DB02_to_DK02#alt0,0,fwd,80,4150.0,2350.0,0.7165,0.0
DB02_to_DK02#alt0,0,fwd,81,4150.0,2400.0,0.6889,0.0
DB02_to_DK02#alt0,0,fwd,82,4200.0,2450.0,0.6889,0.0
DB02_to_DK02#alt0,0,fwd,83,4216.67,2500.0,0.6241,0.0
DB02_to_DK02#alt0,0,fwd,84,4200.0,2550.0,0.5483,0.0
DB02_to_DK02#alt0,0,fwd,85,4166.67,2600.0,0.4346,0.0
DB02_to_DK02#alt0,0,fwd,86,4150.0,2650.0,0.3784,0.0
DB02_to_DK02#alt0,0,fwd,87,4150.0,2700.0,0.3269,0.0
DB02_to_DK02#alt0,0,fwd,88,4150.0,2750.0,0.281,0.0
DB02_to_DK02#alt0,0,fwd,89,4150.0,2800.0,0.2407,0.0
DB02_to_DK02#alt0,0,fwd,90,4150.0,2850.0,0.2057,0.0
DB02_to_DK02#alt0,0,fwd,91,4150.0,2900.0,0.1755,0.0
DB02_to_DK02#alt0,0,fwd,92,4150.0,2950.0,0.1495,0.0
DB02_to_DK02#alt0,0,fwd,93,4150.0,3000.0,0.1273,0.0
DK02_to_DB02#alt0,0,bwd,0,4150.0,3000.0,0.1273,0.0
DK02_to_DB02#alt0,0,bwd,1,4200.0,2950.0,0.1551,0.0
DK02_to_DB02#alt0,0,bwd,2,4250.0,2900.0,0.1873,0.0
DK02_to_DB02#alt0,0,bwd,3,4300.0,2850.0,0.2231,0.0
DK02_to_DB02#alt0,0,bwd,4,4350.0,2800.0,0.2636,0.0
DK02_to_DB02#alt0,0,bwd,5,4400.0,2750.0,0.3114,0.0
DK02_to_DB02#alt0,0,bwd,6,4450.0,2700.0,0.3628,0.0
DK02_to_DB02#alt0,0,bwd,7,4500.0,2650.0,0.4076,0.0
DK02_to_DB02#alt0,0,bwd,8,4550.0,2600.0,0.4346,0.0
DK02_to_DB02#alt0,0,bwd,9,4600.0,2550.0,0.4346,0.0
DK02_to_DB02#alt0,0,bwd,10,4633.33,2500.0,0.4346,0.0
DK02_to_DB02#alt0,0,bwd,11,4650.0,2450.0,0.4746,0.0
DK02_to_DB02#alt0,0,bwd,12,4650.0,2400.0,0.503,0.0
DK02_to_DB02#alt0,0,bwd,13,4650.0,2350.0,0.5134,0.0
DK02_to_DB02#alt0,0,bwd,14,4650.0,2300.0,0.5134,0.0
DK02_to_DB02#alt0,0,bwd,15,4650.0,2250.0,0.5134,0.0
DK02_to_DB02#alt0,0,bwd,16,4650.0,2200.0,0.503,0.0
DK02_to_DB02#alt0,0,bwd,17,4650.0,2150.0,0.4746,0.0
DK02_to_DB02#alt0,0,bwd,18,4650.0,2100.0,0.4346,0.0
DK02_to_DB02#alt0,0,bwd,19,4650.0,2050.0,0.3895,0.0
DK02_to_DB02#alt0,0,bwd,20,4650.0,2000.0,0.344,0.0
DK02_to_DB02#alt0,0,bwd,21,4650.0,1950.0,0.3077,0.0
DK02_to_DB02#alt0,0,bwd,22,4650.0,1900.0,0.2721,0.0
DK02_to_DB02#alt0,0,bwd,23,4650.0,1850.0,0.2431,0.0
DK02_to_DB02#alt0,0,bwd,24,4650.0,1800.0,0.2151,0.0
DK02_to_DB02#alt0,0,bwd,25,4650.0,1750.0,0.1889,0.0
DK02_to_DB02#alt0,0,bwd,26,4650.0,1700.0,0.1648,0.0
DK02_to_DB02#alt0,0,bwd,27,4650.0,1650.0,0.1432,0.0
DK02_to_DB02#alt0,0,bwd,28,4650.0,1600.0,0.1239,0.0
DK02_to_DB02#alt0,0,bwd,29,4650.0,1550.0,0.1069,0.0
DK02_to_DB02#alt0,0,bwd,30,4650.0,1500.0,0.092,0.0
DK02_to_DB02#alt0,0,bwd,31,4650.0,1450.0,0.0839,0.0
DK02_to_DB02#alt0,0,bwd,32,4650.0,1400.0,0.0883,0.0
DK02_to_DB02#alt0,0,bwd,33,4650.0,1350.0,0.092,0.0
DK02_to_DB02#alt0,0,bwd,34,4650.0,1300.0,0.0947,0.0
DK02_to_DB02#alt0,0,bwd,35,4650.0,1250.0,0.0981,0.0
DK02_to_DB02#alt0,0,bwd,36,4650.0,1200.0,0.1036,0.0
DK02_to_DB02#alt0,0,bwd,37,4650.0,1150.0,0.1082,0.0
DK02_to_DB02#alt0,0,bwd,38,4650.0,1100.0,0.1117,0.0
DK02_to_DB02#alt0,0,bwd,39,4650.0,1050.0,0.1138,0.0
DK02_to_DB02#alt0,0,bwd,40,4650.0,1000.0,0.1146,0.0
DK02_to_DB02#alt0,0,bwd,41,4650.0,950.0,0.1239,0.0
DK02_to_DB02#alt0,0,bwd,42,4650.0,900.0,0.1335,0.0
DK02_to_DB02#alt0,0,bwd,43,4650.0,850.0,0.1422,0.0
DK02_to_DB02#alt0,0,bwd,44,4650.0,800.0,0.1495,0.0
DK02_to_DB02#alt0,0,bwd,45,4650.0,750.0,0.1551,0.0
DK02_to_DB02#alt0,0,bwd,46,4633.33,700.0,0.1587,0.0
DK02_to_DB02#alt0,0,bwd,47,4633.33,650.0,0.1599,0.0
DK02_to_DB02#alt0,0,bwd,48,4616.67,600.0,0.1889,0.0
DK02_to_DB02#alt0,0,bwd,49,4600.0,550.0,0.1889,0.0
DK02_to_DB02#alt0,0,bwd,50,4550.0,500.0,0.2231,0.0
DK02_to_DB02#alt0,0,bwd,51,4500.0,450.0,0.2609,0.0
DK02_to_DB02#alt0,0,bwd,52,4450.0,400.0,0.2972,0.0
DK02_to_DB02#alt0,0,bwd,53,4400.0,350.0,0.3269,0.0
DK02_to_DB02#alt0,0,bwd,54,4350.0,300.0,0.344,0.0
DK02_to_DB02#alt0,0,bwd,55,4300.0,250.0,0.344,0.0
DK02_to_DB02#alt0,0,bwd,56,4250.0,200.0,0.344,0.0
DK02_to_DB02#alt0,0,bwd,57,4200.0,150.0,0.344,0.0
DK02_to_DB02#alt0,0,bwd,58,4150.0,100.0,0.3269,0.0
DK02_to_DB02#alt0,0,bwd,59,4100.0,66.67,0.2972,0.0
DK02_to_DB02#alt0,0,bwd,60,4050.0,50.0,0.3077,0.0
DK02_to_DB02#alt0,0,bwd,61,4000.0,50.0,0.3114,0.0
DK02_to_DB02#alt0,0,bwd,62,3950.0,50.0,0.3114,0.0
DK02_to_DB02#alt0,0,bwd,63,3900.0,50.0,0.3114,0.0
DK02_to_DB02#alt0,0,bwd,64,3850.0,50.0,0.3114,0.0
DK02_to_DB02#alt0,0,bwd,65,3800.0,50.0,0.3114,0.0
DK02_to_DB02#alt0,0,bwd,66,3750.0,50.0,0.3077,0.0
DK02_to_DB02#alt0,0,bwd,67,3700.0,50.0,0.2972,0.0
DK02_to_DB02#alt0,0,bwd,68,3650.0,50.0,0.281,0.0
DK02_to_DB02#alt0,0,bwd,69,3600.0,50.0,0.2609,0.0
DK02_to_DB02#alt0,0,bwd,70,3550.0,50.0,0.2384,0.0
DK02_to_DB02#alt0,0,bwd,71,3500.0,50.0,0.2151,0.0
DK02_to_DB02#alt0,0,bwd,72,3450.0,50.0,0.1921,0.0
DK02_to_DB02#alt0,0,bwd,73,3400.0,50.0,0.17,0.0
DK02_to_DB02#alt0,0,bwd,74,3350.0,50.0,0.1517,0.0
DK02_to_DB02#alt0,0,bwd,75,3300.0,50.0,0.1344,0.0
DK02_to_DB02#alt0,0,bwd,76,3250.0,50.0,0.1183,0.0
DK02_to_DB02#alt0,0,bwd,77,3200.0,50.0,0.1036,0.0
DK02_to_DB02#alt0,0,bwd,78,3150.0,50.0,0.0904,0.0
DK02_to_DB02#alt0,0,bwd,79,3100.0,50.0,0.0785,0.0
DK02_to_DB02#alt0,0,bwd,80,3050.0,50.0,0.0681,0.0
DK02_to_DB02#alt0,0,bwd,81,3000.0,50.0,0.0588,0.0
DK02_to_DB02#alt0,0,bwd,82,2950.0,50.0,0.0507,0.0
DK02_to_DB02#alt0,0,bwd,83,2900.0,50.0,0.0544,0.0
DK02_to_DB02#alt0,0,bwd,84,2850.0,50.0,0.0588,0.0
DK02_to_DB02#alt0,0,bwd,85,2800.0,50.0,0.0634,0.0
DK02_to_DB02#alt0,0,bwd,86,2750.0,50.0,0.0677,0.0
DK02_to_DB02#alt0,0,bwd,87,2700.0,50.0,0.0717,0.0
DK02_to_DB02#alt0,0,bwd,88,2650.0,50.0,0.0752,0.0
DK02_to_DB02#alt0,0,bwd,89,2600.0,50.0,0.0781,0.0
DK02_to_DB02#alt0,0,bwd,90,2550.0,50.0,0.0803,0.0
DK02_to_DB02#alt0,0,bwd,91,2500.0,50.0,0.0816,0.0
DK02_to_DB02#alt0,0,bwd,92,2450.0,50.0,0.0821,0.0
DK02_to_DB02#alt0,0,bwd,93,2400.0,66.67,0.0821,0.0
DK02_to_DB02#alt0,0,bwd,94,2350.0,100.0,0.097,0.0
DK02_to_DB02#alt0,0,bwd,95,2300.0,150.0,0.1138,0.0
DK02_to_DB02#alt0,0,bwd,96,2250.0,200.0,0.1317,0.0
DK02_to_DB02#alt0,0,bwd,97,2200.0,250.0,0.1495,0.0
DK02_to_DB02#alt0,0,bwd,98,2166.67,300.0,0.1661,0.0
DK02_to_DB02#alt0,0,bwd,99,2150.0,350.0,0.1937,0.0
DK02_to_DB02#alt0,0,bwd,100,2150.0,400.0,0.2252,0.0
DK02_to_DB02#alt0,0,bwd,101,2150.0,450.0,0.2609,0.0
DK02_to_DB02#alt0,0,bwd,102,2150.0,500.0,0.3006,0.0
DK02_to_DB02#alt0,0,bwd,103,2150.0,550.0,0.3485,0.0
DK02_to_DB02#alt0,0,bwd,104,2150.0,600.0,0.4076,0.0
DK02_to_DB02#alt1,1,bwd,0,4150.0,3000.0,0.1273,0.0
DK02_to_DB02#alt1,1,bwd,1,4100.0,2950.0,0.1422,0.0
DK02_to_DB02#alt1,1,bwd,2,4050.0,2900.0,0.1551,0.0
DK02_to_DB02#alt1,1,bwd,3,4000.0,2850.0,0.1648,0.0
DK02_to_DB02#alt1,1,bwd,4,3950.0,2800.0,0.17,0.0
DK02_to_DB02#alt1,1,bwd,5,3900.0,2750.0,0.17,0.0
DK02_to_DB02#alt1,1,bwd,6,3850.0,2700.0,0.17,0.0
DK02_to_DB02#alt1,1,bwd,7,3800.0,2650.0,0.1648,0.0
DK02_to_DB02#alt1,1,bwd,8,3750.0,2600.0,0.1551,0.0
DK02_to_DB02#alt1,1,bwd,9,3700.0,2550.0,0.1422,0.0
DK02_to_DB02#alt1,1,bwd,10,3650.0,2500.0,0.1273,0.0
DK02_to_DB02#alt1,1,bwd,11,3600.0,2450.0,0.1344,0.0
DK02_to_DB02#alt1,1,bwd,12,3550.0,2400.0,0.17,0.0
DK02_to_DB02#alt1,1,bwd,13,3500.0,2350.0,0.2151,0.0
DK02_to_DB02#alt1,1,bwd,14,3450.0,2300.0,0.2721,0.0
DK02_to_DB02#alt1,1,bwd,15,3400.0,2250.0,0.344,0.0
DK02_to_DB02#alt1,1,bwd,16,3350.0,2216.67,0.4346,0.0
DK02_to_DB02#alt1,1,bwd,17,3300.0,2200.0,0.4746,0.0
DK02_to_DB02#alt1,1,bwd,18,3250.0,2200.0,0.503,0.0
DK02_to_DB02#alt1,1,bwd,19,3200.0,2200.0,0.5134,0.0
DK02_to_DB02#alt1,1,bwd,20,3150.0,2200.0,0.5134,0.0
DK02_to_DB02#alt1,1,bwd,21,3100.0,2200.0,0.5134,0.0
DK02_to_DB02#alt1,1,bwd,22,3050.0,2183.33,0.5134,0.0
DK02_to_DB02#alt1,1,bwd,23,3000.0,2150.0,0.5903,0.0
DK02_to_DB02#alt1,1,bwd,24,2950.0,2100.0,0.6241,0.0
DK02_to_DB02#alt1,1,bwd,25,2900.0,2050.0,0.6889,0.0
DK02_to_DB02#alt1,1,bwd,26,2850.0,2000.0,0.6889,0.0
DK02_to_DB02#alt1,1,bwd,27,2800.0,1950.0,0.6889,0.0
DK02_to_DB02#alt1,1,bwd,28,2750.0,1900.0,0.6065,0.0
DK02_to_DB02#alt1,1,bwd,29,2700.0,1850.0,0.5134,0.0
DK02_to_DB02#alt1,1,bwd,30,2650.0,1800.0,0.4346,0.0
DK02_to_DB02#alt1,1,bwd,31,2600.0,1766.67,0.5483,0.0
DK02_to_DB02#alt1,1,bwd,32,2550.0,1750.0,0.5903,0.0
DK02_to_DB02#alt1,1,bwd,33,2500.0,1750.0,0.6241,0.0
DK02_to_DB02#alt1,1,bwd,34,2450.0,1750.0,0.6889,0.0
DK02_to_DB02#alt1,1,bwd,35,2400.0,1750.0,0.7165,0.0
DK02_to_DB02#alt1,1,bwd,36,2350.0,1750.0,0.7165,0.0
DK02_to_DB02#alt1,1,bwd,37,2300.0,1750.0,0.6889,0.0
DK02_to_DB02#alt1,1,bwd,38,2250.0,1700.0,0.7165,0.0
DK02_to_DB02#alt1,1,bwd,39,2200.0,1700.0,0.6889,0.0
DK02_to_DB02#alt1,1,bwd,40,2150.0,1650.0,0.6889,0.0
DK02_to_DB02#alt1,1,bwd,41,2100.0,1600.0,0.6889,0.0
DK02_to_DB02#alt1,1,bwd,42,2100.0,1550.0,0.7165,0.0
DK02_to_DB02#alt1,1,bwd,43,2100.0,1500.0,0.7165,0.0
DK02_to_DB02#alt1,1,bwd,44,2083.33,1450.0,0.7165,0.0
DK02_to_DB02#alt1,1,bwd,45,2050.0,1400.0,0.6065,0.0
DK02_to_DB02#alt1,1,bwd,46,2016.67,1350.0,0.6241,0.0
DK02_to_DB02#alt1,1,bwd,47,2000.0,1300.0,0.6889,0.0
DK02_to_DB02#alt1,1,bwd,48,2000.0,1250.0,0.7165,0.0
DK02_to_DB02#alt1,1,bwd,49,2000.0,1200.0,0.7165,0.0
DK02_to_DB02#alt1,1,bwd,50,2000.0,1150.0,0.7165,0.0
DK02_to_DB02#alt1,1,bwd,51,2016.67,1100.0,0.6889,0.0
DK02_to_DB02#alt1,1,bwd,52,2033.33,1050.0,0.7165,0.0
DK02_to_DB02#alt1,1,bwd,53,2050.0,1000.0,0.7165,0.0
DK02_to_DB02#alt1,1,bwd,54,2066.67,950.0,0.6889,0.0
DK02_to_DB02#alt1,1,bwd,55,2083.33,900.0,0.7165,0.0
DK02_to_DB02#alt1,1,bwd,56,2116.67,850.0,0.6889,0.0
DK02_to_DB02#alt1,1,bwd,57,2133.33,800.0,0.6889,0.0
DK02_to_DB02#alt1,1,bwd,58,2150.0,750.0,0.6241,0.0
DK02_to_DB02#alt1,1,bwd,59,2150.0,700.0,0.5483,0.0
DK02_to_DB02#alt1,1,bwd,60,2150.0,650.0,0.4746,0.0
DK02_to_DB02#alt1,1,bwd,61,2150.0,600.0,0.4076,0.0
DB02_to_DK02#alt2,2,fwd,0,2150.0,600.0,0.4076,0.0
DB02_to_DK02#alt2,2,fwd,1,2200.0,650.0,0.503,0.0
DB02_to_DK02#alt2,2,fwd,2,2250.0,683.33,0.6241,0.0
DB02_to_DK02#alt2,2,fwd,3,2300.0,700.0,0.6889,0.0
DB02_to_DK02#alt2,2,fwd,4,2350.0,700.0,0.7165,0.0
DB02_to_DK02#alt2,2,fwd,5,2400.0,700.0,0.7165,0.0
DB02_to_DK02#alt2,2,fwd,6,2450.0,700.0,0.7165,0.0
DB02_to_DK02#alt2,2,fwd,7,2500.0,716.67,0.6889,0.0
DB02_to_DK02#alt2,2,fwd,8,2550.0,733.33,0.7165,0.0
DB02_to_DK02#alt2,2,fwd,9,2600.0,750.0,0.6889,0.0
DB02_to_DK02#alt2,2,fwd,10,2650.0,800.0,0.6889,0.0
DB02_to_DK02#alt2,2,fwd,11,2700.0,850.0,0.6889,0.0
DB02_to_DK02#alt2,2,fwd,12,2750.0,900.0,0.6241,0.0
DB02_to_DK02#alt2,2,fwd,13,2800.0,950.0,0.5903,0.0
DB02_to_DK02#alt2,2,fwd,14,2833.33,1000.0,0.5134,0.0
DB02_to_DK02#alt2,2,fwd,15,2850.0,1050.0,0.5134,0.0
DB02_to_DK02#alt2,2,fwd,16,2866.67,1100.0,0.5134,0.0
DB02_to_DK02#alt2,2,fwd,17,2900.0,1150.0,0.4275,0.0
DB02_to_DK02#alt2,2,fwd,18,2950.0,1200.0,0.3485,0.0
DB02_to_DK02#alt2,2,fwd,19,3000.0,1250.0,0.3628,0.0
DB02_to_DK02#alt2,2,fwd,20,3050.0,1300.0,0.4346,0.0
DB02_to_DK02#alt2,2,fwd,21,3100.0,1350.0,0.5134,0.0
DB02_to_DK02#alt2,2,fwd,22,3150.0,1400.0,0.6065,0.0
DB02_to_DK02#alt2,2,fwd,23,3200.0,1450.0,0.6889,0.0
DB02_to_DK02#alt2,2,fwd,24,3250.0,1483.33,0.7165,0.0
DB02_to_DK02#alt2,2,fwd,25,3300.0,1500.0,0.6889,0.0
DB02_to_DK02#alt2,2,fwd,26,3350.0,1550.0,0.6889,0.0
DB02_to_DK02#alt2,2,fwd,27,3400.0,1600.0,0.6889,0.0
DB02_to_DK02#alt2,2,fwd,28,3450.0,1650.0,0.6241,0.0
DB02_to_DK02#alt2,2,fwd,29,3500.0,1700.0,0.5903,0.0
DB02_to_DK02#alt2,2,fwd,30,3550.0,1750.0,0.5134,0.0
DB02_to_DK02#alt2,2,fwd,31,3600.0,1800.0,0.4346,0.0
DB02_to_DK02#alt2,2,fwd,32,3650.0,1850.0,0.3628,0.0
DB02_to_DK02#alt2,2,fwd,33,3700.0,1900.0,0.2972,0.0
DB02_to_DK02#alt2,2,fwd,34,3750.0,1950.0,0.2407,0.0
DB02_to_DK02#alt2,2,fwd,35,3800.0,2000.0,0.1937,0.0
DB02_to_DK02#alt2,2,fwd,36,3850.0,2050.0,0.2252,0.0
DB02_to_DK02#alt2,2,fwd,37,3900.0,2100.0,0.281,0.0
DB02_to_DK02#alt2,2,fwd,38,3933.33,2150.0,0.3485,0.0
DB02_to_DK02#alt2,2,fwd,39,3966.67,2200.0,0.3628,0.0
DB02_to_DK02#alt2,2,fwd,40,4000.0,2250.0,0.4346,0.0
DB02_to_DK02#alt2,2,fwd,41,4033.33,2300.0,0.5134,0.0
DB02_to_DK02#alt2,2,fwd,42,4050.0,2350.0,0.5134,0.0
DB02_to_DK02#alt2,2,fwd,43,4050.0,2400.0,0.503,0.0
DB02_to_DK02#alt2,2,fwd,44,4066.67,2450.0,0.4746,0.0
DB02_to_DK02#alt2,2,fwd,45,4083.33,2500.0,0.4931,0.0
DB02_to_DK02#alt2,2,fwd,46,4116.67,2550.0,0.4346,0.0
DB02_to_DK02#alt2,2,fwd,47,4150.0,2600.0,0.4346,0.0
DB02_to_DK02#alt2,2,fwd,48,4166.67,2650.0,0.3784,0.0
DB02_to_DK02#alt2,2,fwd,49,4166.67,2700.0,0.3269,0.0
DB02_to_DK02#alt2,2,fwd,50,4150.0,2750.0,0.281,0.0
DB02_to_DK02#alt2,2,fwd,51,4150.0,2800.0,0.2407,0.0
DB02_to_DK02#alt2,2,fwd,52,4150.0,2850.0,0.2057,0.0
DB02_to_DK02#alt2,2,fwd,53,4150.0,2900.0,0.1755,0.0
DB02_to_DK02#alt2,2,fwd,54,4150.0,2950.0,0.1495,0.0
DB02_to_DK02#alt2,2,fwd,55,4150.0,3000.0,0.1273,0.0
DK02_to_DB02#alt3,3,bwd,0,4150.0,3000.0,0.1273,0.0
DK02_to_DB02#alt3,3,bwd,1,4200.0,2950.0,0.1551,0.0
DK02_to_DB02#alt3,3,bwd,2,4250.0,2900.0,0.1873,0.0
DK02_to_DB02#alt3,3,bwd,3,4300.0,2850.0,0.2231,0.0
DK02_to_DB02#alt3,3,bwd,4,4333.33,2800.0,0.2636,0.0
DK02_to_DB02#alt3,3,bwd,5,4350.0,2750.0,0.3114,0.0
DK02_to_DB02#alt3,3,bwd,6,4350.0,2700.0,0.3679,0.0
DK02_to_DB02#alt3,3,bwd,7,4366.67,2650.0,0.4346,0.0
DK02_to_DB02#alt3,3,bwd,8,4400.0,2600.0,0.5134,0.0
DK02_to_DB02#alt3,3,bwd,9,4450.0,2550.0,0.5903,0.0
DK02_to_DB02#alt3,3,bwd,10,4500.0,2500.0,0.6241,0.0
DK02_to_DB02#alt3,3,bwd,11,4533.33,2450.0,0.6241,0.0
DK02_to_DB02#alt3,3,bwd,12,4550.0,2400.0,0.6889,0.0
DK02_to_DB02#alt3,3,bwd,13,4550.0,2350.0,0.7165,0.0
DK02_to_DB02#alt3,3,bwd,14,4550.0,2300.0,0.7165,0.0
DK02_to_DB02#alt3,3,bwd,15,4550.0,2250.0,0.7165,0.0
DK02_to_DB02#alt3,3,bwd,16,4550.0,2200.0,0.6889,0.0
DK02_to_DB02#alt3,3,bwd,17,4550.0,2150.0,0.6241,0.0
DK02_to_DB02#alt3,3,bwd,18,4550.0,2100.0,0.5483,0.0
DK02_to_DB02#alt3,3,bwd,19,4550.0,2050.0,0.4931,0.0
DK02_to_DB02#alt3,3,bwd,20,4550.0,2000.0,0.4346,0.0
DK02_to_DB02#alt3,3,bwd,21,4533.33,1950.0,0.3895,0.0
DK02_to_DB02#alt3,3,bwd,22,4533.33,1900.0,0.344,0.0
DK02_to_DB02#alt3,3,bwd,23,4533.33,1850.0,0.3006,0.0
DK02_to_DB02#alt3,3,bwd,24,4550.0,1800.0,0.2609,0.0
DK02_to_DB02#alt3,3,bwd,25,4550.0,1750.0,0.2252,0.0
DK02_to_DB02#alt3,3,bwd,26,4550.0,1700.0,0.1937,0.0
DK02_to_DB02#alt3,3,bwd,27,4550.0,1650.0,0.1661,0.0
DK02_to_DB02#alt3,3,bwd,28,4550.0,1600.0,0.1422,0.0
DK02_to_DB02#alt3,3,bwd,29,4550.0,1550.0,0.1215,0.0
DK02_to_DB02#alt3,3,bwd,30,4550.0,1500.0,0.1069,0.0
DK02_to_DB02#alt3,3,bwd,31,4550.0,1450.0,0.1146,0.0
DK02_to_DB02#alt3,3,bwd,32,4550.0,1400.0,0.1215,0.0
DK02_to_DB02#alt3,3,bwd,33,4550.0,1350.0,0.1273,0.0
DK02_to_DB02#alt3,3,bwd,34,4550.0,1300.0,0.1317,0.0
DK02_to_DB02#alt3,3,bwd,35,4550.0,1250.0,0.1344,0.0
DK02_to_DB02#alt3,3,bwd,36,4550.0,1200.0,0.1422,0.0
DK02_to_DB02#alt3,3,bwd,37,4550.0,1150.0,0.1495,0.0
DK02_to_DB02#alt3,3,bwd,38,4550.0,1100.0,0.1551,0.0
DK02_to_DB02#alt3,3,bwd,39,4550.0,1050.0,0.1587,0.0
DK02_to_DB02#alt3,3,bwd,40,4550.0,1000.0,0.1599,0.0
DK02_to_DB02#alt3,3,bwd,41,4550.0,950.0,0.1648,0.0
DK02_to_DB02#alt3,3,bwd,42,4550.0,900.0,0.1798,0.0
DK02_to_DB02#alt3,3,bwd,43,4533.33,850.0,0.1937,0.0
DK02_to_DB02#alt3,3,bwd,44,4516.67,800.0,0.2407,0.0
DK02_to_DB02#alt3,3,bwd,45,4500.0,750.0,0.253,0.0
DK02_to_DB02#alt3,3,bwd,46,4500.0,700.0,0.2609,0.0
DK02_to_DB02#alt3,3,bwd,47,4483.33,650.0,0.2636,0.0
DK02_to_DB02#alt3,3,bwd,48,4450.0,600.0,0.3114,0.0
DK02_to_DB02#alt3,3,bwd,49,4400.0,550.0,0.3679,0.0
DK02_to_DB02#alt3,3,bwd,50,4350.0,500.0,0.4346,0.0
DK02_to_DB02#alt3,3,bwd,51,4300.0,450.0,0.503,0.0
DK02_to_DB02#alt3,3,bwd,52,4250.0,400.0,0.5483,0.0
DK02_to_DB02#alt3,3,bwd,53,4200.0,350.0,0.5483,0.0
DK02_to_DB02#alt3,3,bwd,54,4150.0,316.67,0.5483,0.0
DK02_to_DB02#alt3,3,bwd,55,4100.0,300.0,0.6241,0.0
DK02_to_DB02#alt3,3,bwd,56,4050.0,300.0,0.6889,0.0
DK02_to_DB02#alt3,3,bwd,57,4000.0,300.0,0.7165,0.0
DK02_to_DB02#alt3,3,bwd,58,3950.0,300.0,0.7165,0.0
DK02_to_DB02#alt3,3,bwd,59,3900.0,300.0,0.7165,0.0
DK02_to_DB02#alt3,3,bwd,60,3850.0,300.0,0.7165,0.0
DK02_to_DB02#alt3,3,bwd,61,3800.0,300.0,0.7165,0.0
DK02_to_DB02#alt3,3,bwd,62,3750.0,316.67,0.6889,0.0
DK02_to_DB02#alt3,3,bwd,63,3700.0,350.0,0.6889,0.0
DK02_to_DB02#alt3,3,bwd,64,3650.0,383.33,0.6889,0.0
DK02_to_DB02#alt3,3,bwd,65,3600.0,400.0,0.5903,0.0
DK02_to_DB02#alt3,3,bwd,66,3550.0,400.0,0.503,0.0
DK02_to_DB02#alt3,3,bwd,67,3500.0,416.67,0.4275,0.0
DK02_to_DB02#alt3,3,bwd,68,3450.0,450.0,0.3679,0.0
DK02_to_DB02#alt3,3,bwd,69,3400.0,483.33,0.3114,0.0
DK02_to_DB02#alt3,3,bwd,70,3350.0,500.0,0.2636,0.0
DK02_to_DB02#alt3,3,bwd,71,3300.0,500.0,0.2231,0.0
DK02_to_DB02#alt3,3,bwd,72,3250.0,500.0,0.1889,0.0
DK02_to_DB02#alt3,3,bwd,73,3200.0,500.0,0.1599,0.0
DK02_to_DB02#alt3,3,bwd,74,3150.0,500.0,0.1353,0.0
DK02_to_DB02#alt3,3,bwd,75,3100.0,500.0,0.1199,0.0
DK02_to_DB02#alt3,3,bwd,76,3050.0,500.0,0.1344,0.0
DK02_to_DB02#alt3,3,bwd,77,3000.0,500.0,0.1517,0.0
DK02_to_DB02#alt3,3,bwd,78,2950.0,500.0,0.17,0.0
DK02_to_DB02#alt3,3,bwd,79,2900.0,483.33,0.1921,0.0
DK02_to_DB02#alt3,3,bwd,80,2850.0,466.67,0.1889,0.0
DK02_to_DB02#alt3,3,bwd,81,2800.0,450.0,0.2076,0.0
DK02_to_DB02#alt3,3,bwd,82,2750.0,466.67,0.2252,0.0
DK02_to_DB02#alt3,3,bwd,83,2700.0,483.33,0.281,0.0
DK02_to_DB02#alt3,3,bwd,84,2650.0,500.0,0.3006,0.0
DK02_to_DB02#alt3,3,bwd,85,2600.0,500.0,0.3269,0.0
DK02_to_DB02#alt3,3,bwd,86,2550.0,516.67,0.3485,0.0
DK02_to_DB02#alt3,3,bwd,87,2500.0,550.0,0.4275,0.0
DK02_to_DB02#alt3,3,bwd,88,2450.0,583.33,0.5134,0.0
DK02_to_DB02#alt3,3,bwd,89,2400.0,600.0,0.5134,0.0
DK02_to_DB02#alt3,3,bwd,90,2350.0,600.0,0.5134,0.0
DK02_to_DB02#alt3,3,bwd,91,2300.0,600.0,0.503,0.0
DK02_to_DB02#alt3,3,bwd,92,2250.0,600.0,0.4746,0.0
DK02_to_DB02#alt3,3,bwd,93,2200.0,600.0,0.4346,0.0
DK02_to_DB02#alt3,3,bwd,94,2150.0,600.0,0.4076,0.0
DK02_to_DB02#alt4,4,bwd,0,4150.0,3000.0,0.1273,0.0
DK02_to_DB02#alt4,4,bwd,1,4100.0,2950.0,0.1422,0.0
DK02_to_DB02#alt4,4,bwd,2,4066.67,2900.0,0.1551,0.0
DK02_to_DB02#alt4,4,bwd,3,4050.0,2850.0,0.1798,0.0
DK02_to_DB02#alt4,4,bwd,4,4050.0,2800.0,0.2076,0.0
DK02_to_DB02#alt4,4,bwd,5,4050.0,2750.0,0.2384,0.0
DK02_to_DB02#alt4,4,bwd,6,4050.0,2700.0,0.2721,0.0
DK02_to_DB02#alt4,4,bwd,7,4033.33,2650.0,0.3077,0.0
DK02_to_DB02#alt4,4,bwd,8,4000.0,2600.0,0.3077,0.0
DK02_to_DB02#alt4,4,bwd,9,3966.67,2550.0,0.3006,0.0
DK02_to_DB02#alt4,4,bwd,10,3950.0,2500.0,0.3269,0.0
DK02_to_DB02#alt4,4,bwd,11,3950.0,2450.0,0.3485,0.0
DK02_to_DB02#alt4,4,bwd,12,3950.0,2400.0,0.3628,0.0
DK02_to_DB02#alt4,4,bwd,13,3950.0,2350.0,0.3679,0.0
DK02_to_DB02#alt4,4,bwd,14,3950.0,2300.0,0.3679,0.0
DK02_to_DB02#alt4,4,bwd,15,3933.33,2250.0,0.3679,0.0
DK02_to_DB02#alt4,4,bwd,16,3916.67,2200.0,0.3077,0.0
DK02_to_DB02#alt4,4,bwd,17,3916.67,2150.0,0.2972,0.0
DK02_to_DB02#alt4,4,bwd,18,3933.33,2100.0,0.3269,0.0
DK02_to_DB02#alt4,4,bwd,19,3950.0,2050.0,0.3006,0.0
DK02_to_DB02#alt4,4,bwd,20,3950.0,2000.0,0.2721,0.0
DK02_to_DB02#alt4,4,bwd,21,3950.0,1950.0,0.2431,0.0
DK02_to_DB02#alt4,4,bwd,22,3950.0,1900.0,0.2151,0.0
DK02_to_DB02#alt4,4,bwd,23,3950.0,1850.0,0.2076,0.0
DK02_to_DB02#alt4,4,bwd,24,3950.0,1800.0,0.2407,0.0
DK02_to_DB02#alt4,4,bwd,25,3933.33,1750.0,0.281,0.0
DK02_to_DB02#alt4,4,bwd,26,3900.0,1700.0,0.3485,0.0
DK02_to_DB02#alt4,4,bwd,27,3850.0,1650.0,0.4346,0.0
DK02_to_DB02#alt4,4,bwd,28,3800.0,1600.0,0.5483,0.0
DK02_to_DB02#alt4,4,bwd,29,3750.0,1566.67,0.6889,0.0
DK02_to_DB02#alt4,4,bwd,30,3700.0,1550.0,0.7165,0.0
DK02_to_DB02#alt4,4,bwd,31,3650.0,1533.33,0.6889,0.0
DK02_to_DB02#alt4,4,bwd,32,3600.0,1516.67,0.7165,0.0
DK02_to_DB02#alt4,4,bwd,33,3550.0,1483.33,0.6889,0.0
DK02_to_DB02#alt4,4,bwd,34,3500.0,1450.0,0.6889,0.0
DK02_to_DB02#alt4,4,bwd,35,3450.0,1400.0,0.6065,0.0
DK02_to_DB02#alt4,4,bwd,36,3400.0,1350.0,0.5134,0.0
DK02_to_DB02#alt4,4,bwd,37,3350.0,1300.0,0.4746,0.0
DK02_to_DB02#alt4,4,bwd,38,3300.0,1250.0,0.4275,0.0
DK02_to_DB02#alt4,4,bwd,39,3250.0,1200.0,0.3679,0.0
DK02_to_DB02#alt4,4,bwd,40,3200.0,1150.0,0.3114,0.0
DK02_to_DB02#alt4,4,bwd,41,3150.0,1100.0,0.2636,0.0
DK02_to_DB02#alt4,4,bwd,42,3100.0,1050.0,0.2231,0.0
DK02_to_DB02#alt4,4,bwd,43,3050.0,1000.0,0.2636,0.0
DK02_to_DB02#alt4,4,bwd,44,3000.0,950.0,0.3077,0.0
DK02_to_DB02#alt4,4,bwd,45,2950.0,900.0,0.3485,0.0
DK02_to_DB02#alt4,4,bwd,46,2900.0,850.0,0.3784,0.0
DK02_to_DB02#alt4,4,bwd,47,2850.0,800.0,0.4076,0.0
DK02_to_DB02#alt4,4,bwd,48,2800.0,750.0,0.4346,0.0
DK02_to_DB02#alt4,4,bwd,49,2750.0,700.0,0.4346,0.0
DK02_to_DB02#alt4,4,bwd,50,2700.0,650.0,0.4346,0.0
DK02_to_DB02#alt4,4,bwd,51,2650.0,616.67,0.4076,0.0
DK02_to_DB02#alt4,4,bwd,52,2600.0,600.0,0.4346,0.0
DK02_to_DB02#alt4,4,bwd,53,2550.0,600.0,0.4746,0.0
DK02_to_DB02#alt4,4,bwd,54,2500.0,600.0,0.503,0.0
DK02_to_DB02#alt4,4,bwd,55,2450.0,600.0,0.5134,0.0
DK02_to_DB02#alt4,4,bwd,56,2400.0,600.0,0.5134,0.0
DK02_to_DB02#alt4,4,bwd,57,2350.0,600.0,0.5134,0.0
DK02_to_DB02#alt4,4,bwd,58,2300.0,600.0,0.503,0.0
DK02_to_DB02#alt4,4,bwd,59,2250.0,600.0,0.4746,0.0
DK02_to_DB02#alt4,4,bwd,60,2200.0,600.0,0.4346,0.0
DK02_to_DB02#alt4,4,bwd,61,2150.0,600.0,0.4076,0.0
DB02_to_DK02#alt7,7,fwd,0,2150.0,600.0,0.4076,0.0
DB02_to_DK02#alt7,7,fwd,1,2100.0,650.0,0.4346,0.0
DB02_to_DK02#alt7,7,fwd,2,2050.0,700.0,0.4346,0.0
DB02_to_DK02#alt7,7,fwd,3,2016.67,750.0,0.4346,0.0
DB02_to_DK02#alt7,7,fwd,4,1983.33,800.0,0.4746,0.0
DB02_to_DK02#alt7,7,fwd,5,1950.0,850.0,0.4346,0.0
DB02_to_DK02#alt7,7,fwd,6,1916.67,900.0,0.4076,0.0
DB02_to_DK02#alt7,7,fwd,7,1900.0,950.0,0.4275,0.0
DB02_to_DK02#alt7,7,fwd,8,1900.0,1000.0,0.4346,0.0
DB02_to_DK02#alt7,7,fwd,9,1900.0,1050.0,0.4746,0.0
DB02_to_DK02#alt7,7,fwd,10,1900.0,1100.0,0.503,0.0
DB02_to_DK02#alt7,7,fwd,11,1900.0,1150.0,0.5134,0.0
DB02_to_DK02#alt7,7,fwd,12,1883.33,1200.0,0.5134,0.0
DB02_to_DK02#alt7,7,fwd,13,1866.67,1250.0,0.4346,0.0
DB02_to_DK02#alt7,7,fwd,14,1850.0,1300.0,0.4275,0.0
DB02_to_DK02#alt7,7,fwd,15,1866.67,1350.0,0.4076,0.0
DB02_to_DK02#alt7,7,fwd,16,1883.33,1400.0,0.4346,0.0
DB02_to_DK02#alt7,7,fwd,17,1900.0,1450.0,0.3895,0.0
DB02_to_DK02#alt7,7,fwd,18,1916.67,1500.0,0.3679,0.0
DB02_to_DK02#alt7,7,fwd,19,1950.0,1550.0,0.4346,0.0
DB02_to_DK02#alt7,7,fwd,20,2000.0,1600.0,0.503,0.0
DB02_to_DK02#alt7,7,fwd,21,2050.0,1650.0,0.5483,0.0
DB02_to_DK02#alt7,7,fwd,22,2100.0,1700.0,0.5483,0.0
DB02_to_DK02#alt7,7,fwd,23,2150.0,1750.0,0.5483,0.0
DB02_to_DK02#alt7,7,fwd,24,2200.0,1800.0,0.503,0.0
DB02_to_DK02#alt7,7,fwd,25,2250.0,1850.0,0.4746,0.0
DB02_to_DK02#alt7,7,fwd,26,2300.0,1900.0,0.4275,0.0
DB02_to_DK02#alt7,7,fwd,27,2350.0,1950.0,0.4076,0.0
DB02_to_DK02#alt7,7,fwd,28,2400.0,2000.0,0.503,0.0
DB02_to_DK02#alt7,7,fwd,29,2450.0,2050.0,0.6065,0.0
DB02_to_DK02#alt7,7,fwd,30,2500.0,2083.33,0.7165,0.0
DB02_to_DK02#alt7,7,fwd,31,2550.0,2100.0,0.7165,0.0
DB02_to_DK02#alt7,7,fwd,32,2600.0,2116.67,0.6889,0.0
DB02_to_DK02#alt7,7,fwd,33,2650.0,2133.33,0.7165,0.0
DB02_to_DK02#alt7,7,fwd,34,2700.0,2150.0,0.6889,0.0
DB02_to_DK02#alt7,7,fwd,35,2750.0,2200.0,0.6889,0.0
DB02_to_DK02#alt7,7,fwd,36,2800.0,2250.0,0.6889,0.0
DB02_to_DK02#alt7,7,fwd,37,2850.0,2300.0,0.6065,0.0
DB02_to_DK02#alt7,7,fwd,38,2900.0,2350.0,0.5134,0.0
DB02_to_DK02#alt7,7,fwd,39,2950.0,2400.0,0.4346,0.0
DB02_to_DK02#alt7,7,fwd,40,3000.0,2450.0,0.3679,0.0
DB02_to_DK02#alt7,7,fwd,41,3050.0,2500.0,0.3114,0.0
DB02_to_DK02#alt7,7,fwd,42,3100.0,2550.0,0.2609,0.0
DB02_to_DK02#alt7,7,fwd,43,3150.0,2600.0,0.2231,0.0
DB02_to_DK02#alt7,7,fwd,44,3200.0,2650.0,0.2636,0.0
DB02_to_DK02#alt7,7,fwd,45,3250.0,2700.0,0.3077,0.0
DB02_to_DK02#alt7,7,fwd,46,3300.0,2750.0,0.3485,0.0
DB02_to_DK02#alt7,7,fwd,47,3350.0,2800.0,0.3784,0.0
DB02_to_DK02#alt7,7,fwd,48,3400.0,2850.0,0.3895,0.0
DB02_to_DK02#alt7,7,fwd,49,3450.0,2900.0,0.3895,0.0
DB02_to_DK02#alt7,7,fwd,50,3500.0,2950.0,0.3895,0.0
DB02_to_DK02#alt7,7,fwd,51,3550.0,3000.0,0.3784,0.0
DB02_to_DK02#alt7,7,fwd,52,3600.0,3050.0,0.3485,0.0
DB02_to_DK02#alt7,7,fwd,53,3650.0,3083.33,0.3077,0.0
DB02_to_DK02#alt7,7,fwd,54,3700.0,3100.0,0.2609,0.0
DB02_to_DK02#alt7,7,fwd,55,3750.0,3100.0,0.2211,0.0
DB02_to_DK02#alt7,7,fwd,56,3800.0,3100.0,0.1873,0.0
DB02_to_DK02#alt7,7,fwd,57,3850.0,3100.0,0.1587,0.0
DB02_to_DK02#alt7,7,fwd,58,3900.0,3100.0,0.1344,0.0
DB02_to_DK02#alt7,7,fwd,59,3950.0,3100.0,0.1138,0.0
DB02_to_DK02#alt7,7,fwd,60,4000.0,3100.0,0.0964,0.0
DB02_to_DK02#alt7,7,fwd,61,4050.0,3100.0,0.0839,0.0
DB02_to_DK02#alt7,7,fwd,62,4100.0,3083.33,0.0883,0.0
DB02_to_DK02#alt7,7,fwd,63,4133.33,3050.0,0.1082,0.0
DB02_to_DK02#alt7,7,fwd,64,4150.0,3000.0,0.1273,0.0
DB02_to_DK01#alt0,0,fwd,0,2150.0,600.0,0.4076,0.0
DB02_to_DK01#alt0,0,fwd,1,2100.0,550.0,0.3269,0.0
DB02_to_DK01#alt0,0,fwd,2,2050.0,516.67,0.2609,0.0
DB02_to_DK01#alt0,0,fwd,3,2000.0,500.0,0.2384,0.0
DB02_to_DK01#alt0,0,fwd,4,1950.0,500.0,0.2151,0.0
DB02_to_DK01#alt0,0,fwd,5,1900.0,500.0,0.253,0.0
DB02_to_DK01#alt0,0,fwd,6,1850.0,483.33,0.2972,0.0
DB02_to_DK01#alt0,0,fwd,7,1800.0,450.0,0.3269,0.0
DB02_to_DK01#alt0,0,fwd,8,1750.0,400.0,0.344,0.0
DB02_to_DK01#alt0,0,fwd,9,1700.0,350.0,0.344,0.0
DB02_to_DK01#alt0,0,fwd,10,1650.0,316.67,0.344,0.0
DB02_to_DK01#alt0,0,fwd,11,1600.0,300.0,0.3895,0.0
DB02_to_DK01#alt0,0,fwd,12,1550.0,300.0,0.4346,0.0
DB02_to_DK01#alt0,0,fwd,13,1500.0,283.33,0.4931,0.0
DB02_to_DK01#alt0,0,fwd,14,1450.0,250.0,0.4931,0.0
DB02_to_DK01#alt0,0,fwd,15,1400.0,216.67,0.4746,0.0
DB02_to_DK01#alt0,0,fwd,16,1350.0,200.0,0.503,0.0
DB02_to_DK01#alt0,0,fwd,17,1300.0,200.0,0.5134,0.0
DB02_to_DK01#alt0,0,fwd,18,1250.0,183.33,0.5483,0.0
DB02_to_DK01#alt0,0,fwd,19,1200.0,166.67,0.5483,0.0
DB02_to_DK01#alt0,0,fwd,20,1150.0,150.0,0.6241,0.0
DB02_to_DK01#alt0,0,fwd,21,1100.0,150.0,0.6889,0.0
DB02_to_DK01#alt0,0,fwd,22,1050.0,150.0,0.7165,0.0
DB02_to_DK01#alt0,0,fwd,23,1000.0,150.0,0.7165,0.0
DB02_to_DK01#alt0,0,fwd,24,950.0,150.0,0.7165,0.0
DB02_to_DK01#alt0,0,fwd,25,900.0,150.0,0.7165,0.0
DB02_to_DK01#alt0,0,fwd,26,850.0,166.67,0.6889,0.0
DB02_to_DK01#alt0,0,fwd,27,800.0,200.0,0.6889,0.0
DB02_to_DK01#alt0,0,fwd,28,750.0,233.33,0.6889,0.0
DB02_to_DK01#alt0,0,fwd,29,700.0,266.67,0.6241,0.0
DB02_to_DK01#alt0,0,fwd,30,650.0,300.0,0.5903,0.0
DB02_to_DK01#alt0,0,fwd,31,600.0,350.0,0.5483,0.0
DB02_to_DK01#alt0,0,fwd,32,550.0,400.0,0.5483,0.0
DB02_to_DK01#alt0,0,fwd,33,500.0,450.0,0.5483,0.0
DB02_to_DK01#alt0,0,fwd,34,450.0,500.0,0.5903,0.0
DB02_to_DK01#alt0,0,fwd,35,400.0,550.0,0.6241,0.0
DB02_to_DK01#alt0,0,fwd,36,350.0,600.0,0.6889,0.0
DB02_to_DK01#alt0,0,fwd,37,300.0,650.0,0.6889,0.0
DB02_to_DK01#alt0,0,fwd,38,250.0,700.0,0.6241,0.0
DB02_to_DK01#alt0,0,fwd,39,200.0,750.0,0.5903,0.0
DB02_to_DK01#alt0,0,fwd,40,166.67,800.0,0.5134,0.0
DB02_to_DK01#alt0,0,fwd,41,150.0,850.0,0.5134,0.0
DB02_to_DK01#alt0,0,fwd,42,150.0,900.0,0.5134,0.0
DB02_to_DK01#alt0,0,fwd,43,150.0,950.0,0.503,0.0
DB02_to_DK01#alt0,0,fwd,44,166.67,1000.0,0.4746,0.0
DB02_to_DK01#alt0,0,fwd,45,200.0,1050.0,0.4931,0.0
DB02_to_DK01#alt0,0,fwd,46,250.0,1100.0,0.4931,0.0
DB02_to_DK01#alt0,0,fwd,47,283.33,1150.0,0.4931,0.0
DB02_to_DK01#alt0,0,fwd,48,300.0,1200.0,0.4346,0.0
DB02_to_DK01#alt0,0,fwd,49,283.33,1250.0,0.3784,0.0
DB02_to_DK01#alt0,0,fwd,50,266.67,1300.0,0.3006,0.0
DB02_to_DK01#alt0,0,fwd,51,250.0,1350.0,0.2609,0.0
DB02_to_DK01#alt0,0,fwd,52,250.0,1400.0,0.2252,0.0
DB02_to_DK01#alt0,0,fwd,53,250.0,1450.0,0.1937,0.0
DB02_to_DK01#alt0,0,fwd,54,250.0,1500.0,0.17,0.0
DB02_to_DK01#alt0,0,fwd,55,250.0,1550.0,0.1517,0.0
DB02_to_DK01#alt0,0,fwd,56,250.0,1600.0,0.1344,0.0
DB02_to_DK01#alt0,0,fwd,57,250.0,1650.0,0.1199,0.0
DB02_to_DK01#alt0,0,fwd,58,250.0,1700.0,0.1062,0.0
DB02_to_DK01#alt0,0,fwd,59,250.0,1750.0,0.0947,0.0
DB02_to_DK01#alt0,0,fwd,60,250.0,1800.0,0.092,0.0
DB02_to_DK01#alt0,0,fwd,61,250.0,1850.0,0.0883,0.0
DB02_to_DK01#alt0,0,fwd,62,250.0,1900.0,0.0839,0.0
DB02_to_DK01#alt0,0,fwd,63,250.0,1950.0,0.079,0.0
DB02_to_DK01#alt0,0,fwd,64,250.0,2000.0,0.0736,0.0
DB02_to_DK01#alt0,0,fwd,65,250.0,2050.0,0.0681,0.0
DB02_to_DK01#alt0,0,fwd,66,250.0,2100.0,0.0624,0.0
DB02_to_DK01#alt0,0,fwd,67,250.0,2150.0,0.0585,0.0
DB02_to_DK01#alt0,0,fwd,68,250.0,2200.0,0.0663,0.0
DB02_to_DK01#alt0,0,fwd,69,250.0,2250.0,0.0748,0.0
DB02_to_DK01#alt0,0,fwd,70,250.0,2300.0,0.0839,0.0
DB02_to_DK01#alt0,0,fwd,71,266.67,2350.0,0.0947,0.0
DB02_to_DK01#alt0,0,fwd,72,283.33,2400.0,0.1199,0.0
DB02_to_DK01#alt0,0,fwd,73,300.0,2450.0,0.1344,0.0
DB02_to_DK01#alt0,0,fwd,74,300.0,2500.0,0.1495,0.0
DB02_to_DK01#alt0,0,fwd,75,300.0,2550.0,0.1648,0.0
DB02_to_DK01#alt0,0,fwd,76,300.0,2600.0,0.1798,0.0
DB02_to_DK01#alt0,0,fwd,77,283.33,2650.0,0.1937,0.0
DB02_to_DK01#alt0,0,fwd,78,266.67,2700.0,0.1798,0.0
DB02_to_DK01#alt0,0,fwd,79,250.0,2750.0,0.1937,0.0
DB02_to_DK01#alt0,0,fwd,80,250.0,2800.0,0.2057,0.0
DB02_to_DK01#alt0,0,fwd,81,250.0,2850.0,0.2151,0.0
DB02_to_DK01#alt0,0,fwd,82,250.0,2900.0,0.2211,0.0
DB02_to_DK01#alt0,0,fwd,83,250.0,2950.0,0.2231,0.0
DB02_to_DK01#alt0,0,fwd,84,250.0,3000.0,0.2231,0.0
DB02_to_DK01#alt0,0,fwd,85,250.0,3050.0,0.2231,0.0
DB02_to_DK01#alt0,0,fwd,86,250.0,3100.0,0.2211,0.0
DB02_to_DK01#alt0,0,fwd,87,250.0,3150.0,0.2151,0.0
DB02_to_DK01#alt0,0,fwd,88,250.0,3200.0,0.2057,0.0
DB02_to_DK01#alt0,0,fwd,89,250.0,3250.0,0.1937,0.0
DB02_to_DK01#alt0,0,fwd,90,250.0,3300.0,0.1798,0.0
DB02_to_DK01#alt0,0,fwd,91,250.0,3350.0,0.1661,0.0
DB02_to_DK01#alt0,0,fwd,92,250.0,3400.0,0.1551,0.0
DB02_to_DK01#alt0,0,fwd,93,233.33,3450.0,0.1661,0.0
DB02_to_DK01#alt0,0,fwd,94,216.67,3500.0,0.1798,0.0
DB02_to_DK01#alt0,0,fwd,95,200.0,3550.0,0.2076,0.0
DB02_to_DK01#alt0,0,fwd,96,200.0,3600.0,0.2407,0.0
DB02_to_DK01#alt0,0,fwd,97,200.0,3650.0,0.281,0.0
DB02_to_DK01#alt0,0,fwd,98,200.0,3700.0,0.3269,0.0
DB02_to_DK01#alt0,0,fwd,99,200.0,3750.0,0.3784,0.0
DB02_to_DK01#alt0,0,fwd,100,200.0,3800.0,0.4346,0.0
DB02_to_DK01#alt0,0,fwd,101,200.0,3850.0,0.4931,0.0
DK01_to_DB02#alt0,0,bwd,0,200.0,3850.0,0.4931,0.0
DK01_to_DB02#alt0,0,bwd,1,250.0,3800.0,0.4746,0.0
DK01_to_DB02#alt0,0,bwd,2,300.0,3750.0,0.4346,0.0
DK01_to_DB02#alt0,0,bwd,3,350.0,3700.0,0.4076,0.0
DK01_to_DB02#alt0,0,bwd,4,400.0,3650.0,0.3628,0.0
DK01_to_DB02#alt0,0,bwd,5,433.33,3600.0,0.3269,0.0
DK01_to_DB02#alt0,0,bwd,6,450.0,3550.0,0.3077,0.0
DK01_to_DB02#alt0,0,bwd,7,466.67,3500.0,0.2972,0.0
DK01_to_DB02#alt0,0,bwd,8,483.33,3450.0,0.3269,0.0
DK01_to_DB02#alt0,0,bwd,9,500.0,3400.0,0.3077,0.0
DK01_to_DB02#alt0,0,bwd,10,500.0,3350.0,0.344,0.0
DK01_to_DB02#alt0,0,bwd,11,500.0,3300.0,0.3784,0.0
DK01_to_DB02#alt0,0,bwd,12,483.33,3250.0,0.4076,0.0
DK01_to_DB02#alt0,0,bwd,13,450.0,3200.0,0.3784,0.0
DK01_to_DB02#alt0,0,bwd,14,400.0,3150.0,0.3485,0.0
DK01_to_DB02#alt0,0,bwd,15,366.67,3100.0,0.3077,0.0
DK01_to_DB02#alt0,0,bwd,16,366.67,3050.0,0.3114,0.0
DK01_to_DB02#alt0,0,bwd,17,383.33,3000.0,0.3679,0.0
DK01_to_DB02#alt0,0,bwd,18,400.0,2950.0,0.3679,0.0
DK01_to_DB02#alt0,0,bwd,19,400.0,2900.0,0.3628,0.0
DK01_to_DB02#alt0,0,bwd,20,400.0,2850.0,0.3485,0.0
DK01_to_DB02#alt0,0,bwd,21,400.0,2800.0,0.3269,0.0
DK01_to_DB02#alt0,0,bwd,22,400.0,2750.0,0.3006,0.0
DK01_to_DB02#alt0,0,bwd,23,400.0,2700.0,0.281,0.0
DK01_to_DB02#alt0,0,bwd,24,400.0,2650.0,0.2609,0.0
DK01_to_DB02#alt0,0,bwd,25,400.0,2600.0,0.2384,0.0
DK01_to_DB02#alt0,0,bwd,26,416.67,2550.0,0.2151,0.0
DK01_to_DB02#alt0,0,bwd,27,450.0,2500.0,0.2151,0.0
DK01_to_DB02#alt0,0,bwd,28,500.0,2450.0,0.2151,0.0
DK01_to_DB02#alt0,0,bwd,29,550.0,2400.0,0.2076,0.0
DK01_to_DB02#alt0,0,bwd,30,600.0,2350.0,0.1937,0.0
DK01_to_DB02#alt0,0,bwd,31,650.0,2300.0,0.2231,0.0
DK01_to_DB02#alt0,0,bwd,32,700.0,2250.0,0.2636,0.0
DK01_to_DB02#alt0,0,bwd,33,750.0,2200.0,0.3114,0.0
DK01_to_DB02#alt0,0,bwd,34,800.0,2150.0,0.3628,0.0
DK01_to_DB02#alt0,0,bwd,35,850.0,2100.0,0.4076,0.0
DK01_to_DB02#alt0,0,bwd,36,900.0,2050.0,0.4346,0.0
DK01_to_DB02#alt0,0,bwd,37,950.0,2000.0,0.4746,0.0
DK01_to_DB02#alt0,0,bwd,38,1000.0,1950.0,0.4931,0.0
DK01_to_DB02#alt0,0,bwd,39,1050.0,1900.0,0.5134,0.0
DK01_to_DB02#alt0,0,bwd,40,1100.0,1850.0,0.6065,0.0
DK01_to_DB02#alt0,0,bwd,41,1150.0,1816.67,0.7165,0.0
DK01_to_DB02#alt0,0,bwd,42,1200.0,1800.0,0.6889,0.0
DK01_to_DB02#alt0,0,bwd,43,1250.0,1750.0,0.6889,0.0
DK01_to_DB02#alt0,0,bwd,44,1300.0,1700.0,0.6889,0.0
DK01_to_DB02#alt0,0,bwd,45,1350.0,1650.0,0.6065,0.0
DK01_to_DB02#alt0,0,bwd,46,1400.0,1600.0,0.5134,0.0
DK01_to_DB02#alt0,0,bwd,47,1450.0,1550.0,0.4346,0.0
DK01_to_DB02#alt0,0,bwd,48,1500.0,1500.0,0.3895,0.0
DK01_to_DB02#alt0,0,bwd,49,1533.33,1450.0,0.3895,0.0
DK01_to_DB02#alt0,0,bwd,50,1566.67,1400.0,0.4346,0.0
DK01_to_DB02#alt0,0,bwd,51,1600.0,1350.0,0.4346,0.0
DK01_to_DB02#alt0,0,bwd,52,1633.33,1300.0,0.4346,0.0
DK01_to_DB02#alt0,0,bwd,53,1650.0,1250.0,0.4931,0.0
DK01_to_DB02#alt0,0,bwd,54,1650.0,1200.0,0.5483,0.0
DK01_to_DB02#alt0,0,bwd,55,1650.0,1150.0,0.5903,0.0
DK01_to_DB02#alt0,0,bwd,56,1650.0,1100.0,0.6065,0.0
DK01_to_DB02#alt0,0,bwd,57,1650.0,1050.0,0.6241,0.0
DK01_to_DB02#alt0,0,bwd,58,1650.0,1000.0,0.6889,0.0
DK01_to_DB02#alt0,0,bwd,59,1650.0,950.0,0.7165,0.0
DK01_to_DB02#alt0,0,bwd,60,1666.67,900.0,0.7165,0.0
DK01_to_DB02#alt0,0,bwd,61,1700.0,850.0,0.6065,0.0
DK01_to_DB02#alt0,0,bwd,62,1750.0,800.0,0.5134,0.0
DK01_to_DB02#alt0,0,bwd,63,1800.0,750.0,0.4346,0.0
DK01_to_DB02#alt0,0,bwd,64,1850.0,700.0,0.3628,0.0
DK01_to_DB02#alt0,0,bwd,65,1900.0,650.0,0.2972,0.0
DK01_to_DB02#alt0,0,bwd,66,1950.0,616.67,0.2721,0.0
DK01_to_DB02#alt0,0,bwd,67,2000.0,600.0,0.3077,0.0
DK01_to_DB02#alt0,0,bwd,68,2050.0,600.0,0.344,0.0
DK01_to_DB02#alt0,0,bwd,69,2100.0,600.0,0.3784,0.0
DK01_to_DB02#alt0,0,bwd,70,2150.0,600.0,0.4076,0.0
DB02_to_DK01#alt2,2,fwd,0,2150.0,600.0,0.4076,0.0
DB02_to_DK01#alt2,2,fwd,1,2100.0,550.0,0.3269,0.0
DB02_to_DK01#alt2,2,fwd,2,2050.0,500.0,0.2609,0.0
DB02_to_DK01#alt2,2,fwd,3,2000.0,450.0,0.2076,0.0
DB02_to_DK01#alt2,2,fwd,4,1950.0,400.0,0.1937,0.0
DB02_to_DK01#alt2,2,fwd,5,1900.0,350.0,0.2076,0.0
DB02_to_DK01#alt2,2,fwd,6,1850.0,300.0,0.2151,0.0
DB02_to_DK01#alt2,2,fwd,7,1800.0,250.0,0.2151,0.0
DB02_to_DK01#alt2,2,fwd,8,1750.0,200.0,0.2151,0.0
DB02_to_DK01#alt2,2,fwd,9,1700.0,150.0,0.2151,0.0
DB02_to_DK01#alt2,2,fwd,10,1650.0,100.0,0.2151,0.0
DB02_to_DK01#alt2,2,fwd,11,1600.0,66.67,0.2151,0.0
DB02_to_DK01#alt2,2,fwd,12,1550.0,50.0,0.2384,0.0
DB02_to_DK01#alt2,2,fwd,13,1500.0,50.0,0.2609,0.0
DB02_to_DK01#alt2,2,fwd,14,1450.0,50.0,0.281,0.0
DB02_to_DK01#alt2,2,fwd,15,1400.0,50.0,0.2972,0.0
DB02_to_DK01#alt2,2,fwd,16,1350.0,50.0,0.3077,0.0
DB02_to_DK01#alt2,2,fwd,17,1300.0,50.0,0.344,0.0
DB02_to_DK01#alt2,2,fwd,18,1250.0,50.0,0.3895,0.0
DB02_to_DK01#alt2,2,fwd,19,1200.0,50.0,0.4346,0.0
DB02_to_DK01#alt2,2,fwd,20,1150.0,50.0,0.4746,0.0
DB02_to_DK01#alt2,2,fwd,21,1100.0,50.0,0.503,0.0
DB02_to_DK01#alt2,2,fwd,22,1050.0,50.0,0.5134,0.0
DB02_to_DK01#alt2,2,fwd,23,1000.0,50.0,0.5134,0.0
DB02_to_DK01#alt2,2,fwd,24,950.0,50.0,0.5134,0.0
DB02_to_DK01#alt2,2,fwd,25,900.0,50.0,0.5134,0.0
DB02_to_DK01#alt2,2,fwd,26,850.0,50.0,0.503,0.0
DB02_to_DK01#alt2,2,fwd,27,800.0,50.0,0.4746,0.0
DB02_to_DK01#alt2,2,fwd,28,750.0,50.0,0.4346,0.0
DB02_to_DK01#alt2,2,fwd,29,700.0,50.0,0.3895,0.0
DB02_to_DK01#alt2,2,fwd,30,650.0,50.0,0.344,0.0
DB02_to_DK01#alt2,2,fwd,31,600.0,50.0,0.3077,0.0
DB02_to_DK01#alt2,2,fwd,32,550.0,50.0,0.2721,0.0
DB02_to_DK01#alt2,2,fwd,33,500.0,50.0,0.2431,0.0
DB02_to_DK01#alt2,2,fwd,34,450.0,50.0,0.2151,0.0
DB02_to_DK01#alt2,2,fwd,35,400.0,50.0,0.1889,0.0
DB02_to_DK01#alt2,2,fwd,36,350.0,50.0,0.1648,0.0
DB02_to_DK01#alt2,2,fwd,37,300.0,50.0,0.1432,0.0
DB02_to_DK01#alt2,2,fwd,38,250.0,66.67,0.1239,0.0
DB02_to_DK01#alt2,2,fwd,39,200.0,100.0,0.1239,0.0
DB02_to_DK01#alt2,2,fwd,40,150.0,150.0,0.1335,0.0
DB02_to_DK01#alt2,2,fwd,41,100.0,200.0,0.1432,0.0
DB02_to_DK01#alt2,2,fwd,42,66.67,250.0,0.1495,0.0
DB02_to_DK01#alt2,2,fwd,43,50.0,300.0,0.17,0.0
DB02_to_DK01#alt2,2,fwd,44,50.0,350.0,0.1921,0.0
DB02_to_DK01#alt2,2,fwd,45,50.0,400.0,0.2151,0.0
DB02_to_DK01#alt2,2,fwd,46,50.0,450.0,0.2384,0.0
DB02_to_DK01#alt2,2,fwd,47,50.0,500.0,0.2609,0.0
DB02_to_DK01#alt2,2,fwd,48,50.0,550.0,0.281,0.0
DB02_to_DK01#alt2,2,fwd,49,50.0,600.0,0.3006,0.0
DB02_to_DK01#alt2,2,fwd,50,50.0,650.0,0.3269,0.0
DB02_to_DK01#alt2,2,fwd,51,50.0,700.0,0.3485,0.0
DB02_to_DK01#alt2,2,fwd,52,50.0,750.0,0.3628,0.0
DB02_to_DK01#alt2,2,fwd,53,50.0,800.0,0.3679,0.0
DB02_to_DK01#alt2,2,fwd,54,50.0,850.0,0.3679,0.0
DB02_to_DK01#alt2,2,fwd,55,50.0,900.0,0.3679,0.0
DB02_to_DK01#alt2,2,fwd,56,50.0,950.0,0.3628,0.0
DB02_to_DK01#alt2,2,fwd,57,50.0,1000.0,0.3485,0.0
DB02_to_DK01#alt2,2,fwd,58,50.0,1050.0,0.3269,0.0
DB02_to_DK01#alt2,2,fwd,59,50.0,1100.0,0.3006,0.0
DB02_to_DK01#alt2,2,fwd,60,50.0,1150.0,0.2721,0.0
DB02_to_DK01#alt2,2,fwd,61,50.0,1200.0,0.2431,0.0
DB02_to_DK01#alt2,2,fwd,62,50.0,1250.0,0.2151,0.0
DB02_to_DK01#alt2,2,fwd,63,50.0,1300.0,0.1921,0.0
DB02_to_DK01#alt2,2,fwd,64,50.0,1350.0,0.17,0.0
DB02_to_DK01#alt2,2,fwd,65,50.0,1400.0,0.1517,0.0
DB02_to_DK01#alt2,2,fwd,66,50.0,1450.0,0.1344,0.0
DB02_to_DK01#alt2,2,fwd,67,50.0,1500.0,0.1183,0.0
DB02_to_DK01#alt2,2,fwd,68,50.0,1550.0,0.1036,0.0
DB02_to_DK01#alt2,2,fwd,69,50.0,1600.0,0.0904,0.0
DB02_to_DK01#alt2,2,fwd,70,50.0,1650.0,0.0785,0.0
DB02_to_DK01#alt2,2,fwd,71,50.0,1700.0,0.0681,0.0
DB02_to_DK01#alt2,2,fwd,72,50.0,1750.0,0.0591,0.0
DB02_to_DK01#alt2,2,fwd,73,50.0,1800.0,0.0524,0.0
DB02_to_DK01#alt2,2,fwd,74,50.0,1850.0,0.0467,0.0
DB02_to_DK01#alt2,2,fwd,75,50.0,1900.0,0.0444,0.0
DB02_to_DK01#alt2,2,fwd,76,50.0,1950.0,0.0423,0.0
DB02_to_DK01#alt2,2,fwd,77,50.0,2000.0,0.04,0.0
DB02_to_DK01#alt2,2,fwd,78,50.0,2050.0,0.0375,0.0
DB02_to_DK01#alt2,2,fwd,79,50.0,2100.0,0.0349,0.0
DB02_to_DK01#alt2,2,fwd,80,50.0,2150.0,0.0369,0.0
DB02_to_DK01#alt2,2,fwd,81,50.0,2200.0,0.0414,0.0
DB02_to_DK01#alt2,2,fwd,82,50.0,2250.0,0.0463,0.0
DB02_to_DK01#alt2,2,fwd,83,50.0,2300.0,0.0514,0.0
DB02_to_DK01#alt2,2,fwd,84,50.0,2350.0,0.0568,0.0
DB02_to_DK01#alt2,2,fwd,85,50.0,2400.0,0.0624,0.0
DB02_to_DK01#alt2,2,fwd,86,50.0,2450.0,0.0681,0.0
DB02_to_DK01#alt2,2,fwd,87,50.0,2500.0,0.0736,0.0
DB02_to_DK01#alt2,2,fwd,88,50.0,2550.0,0.079,0.0
DB02_to_DK01#alt2,2,fwd,89,50.0,2600.0,0.0854,0.0
DB02_to_DK01#alt2,2,fwd,90,50.0,2650.0,0.092,0.0
DB02_to_DK01#alt2,2,fwd,91,50.0,2700.0,0.0981,0.0
DB02_to_DK01#alt2,2,fwd,92,50.0,2750.0,0.1036,0.0
DB02_to_DK01#alt2,2,fwd,93,50.0,2800.0,0.1082,0.0
DB02_to_DK01#alt2,2,fwd,94,50.0,2850.0,0.1117,0.0
DB02_to_DK01#alt2,2,fwd,95,50.0,2900.0,0.1138,0.0
DB02_to_DK01#alt2,2,fwd,96,50.0,2950.0,0.1146,0.0
DB02_to_DK01#alt2,2,fwd,97,50.0,3000.0,0.1146,0.0
DB02_to_DK01#alt2,2,fwd,98,50.0,3050.0,0.1146,0.0
DB02_to_DK01#alt2,2,fwd,99,50.0,3100.0,0.1138,0.0
DB02_to_DK01#alt2,2,fwd,100,50.0,3150.0,0.1117,0.0
DB02_to_DK01#alt2,2,fwd,101,66.67,3200.0,0.1082,0.0
DB02_to_DK01#alt2,2,fwd,102,100.0,3250.0,0.1215,0.0
DB02_to_DK01#alt2,2,fwd,103,150.0,3300.0,0.1335,0.0
DB02_to_DK01#alt2,2,fwd,104,200.0,3350.0,0.1432,0.0
DB02_to_DK01#alt2,2,fwd,105,216.67,3400.0,0.1335,0.0
DB02_to_DK01#alt2,2,fwd,106,216.67,3450.0,0.1551,0.0
DB02_to_DK01#alt2,2,fwd,107,200.0,3500.0,0.1798,0.0
DB02_to_DK01#alt2,2,fwd,108,200.0,3550.0,0.2076,0.0
DB02_to_DK01#alt2,2,fwd,109,200.0,3600.0,0.2407,0.0
DB02_to_DK01#alt2,2,fwd,110,200.0,3650.0,0.281,0.0
DB02_to_DK01#alt2,2,fwd,111,200.0,3700.0,0.3269,0.0
DB02_to_DK01#alt2,2,fwd,112,200.0,3750.0,0.3784,0.0
DB02_to_DK01#alt2,2,fwd,113,200.0,3800.0,0.4346,0.0
DB02_to_DK01#alt2,2,fwd,114,200.0,3850.0,0.4931,0.0
DK01_to_DB02#alt4,4,bwd,0,200.0,3850.0,0.4931,0.0
DK01_to_DB02#alt4,4,bwd,1,250.0,3800.0,0.4746,0.0
DK01_to_DB02#alt4,4,bwd,2,300.0,3750.0,0.4346,0.0
DK01_to_DB02#alt4,4,bwd,3,350.0,3700.0,0.4076,0.0
DK01_to_DB02#alt4,4,bwd,4,400.0,3650.0,0.3628,0.0
DK01_to_DB02#alt4,4,bwd,5,450.0,3600.0,0.3269,0.0
DK01_to_DB02#alt4,4,bwd,6,500.0,3550.0,0.3628,0.0
DK01_to_DB02#alt4,4,bwd,7,550.0,3500.0,0.4076,0.0
DK01_to_DB02#alt4,4,bwd,8,583.33,3450.0,0.4346,0.0
DK01_to_DB02#alt4,4,bwd,9,600.0,3400.0,0.3895,0.0
DK01_to_DB02#alt4,4,bwd,10,600.0,3350.0,0.4346,0.0
DK01_to_DB02#alt4,4,bwd,11,600.0,3300.0,0.4931,0.0
DK01_to_DB02#alt4,4,bwd,12,600.0,3250.0,0.5483,0.0
DK01_to_DB02#alt4,4,bwd,13,600.0,3200.0,0.5903,0.0
DK01_to_DB02#alt4,4,bwd,14,600.0,3150.0,0.6241,0.0
DK01_to_DB02#alt4,4,bwd,15,600.0,3100.0,0.6889,0.0
DK01_to_DB02#alt4,4,bwd,16,600.0,3050.0,0.7165,0.0
DK01_to_DB02#alt4,4,bwd,17,600.0,3000.0,0.7165,0.0
DK01_to_DB02#alt4,4,bwd,18,600.0,2950.0,0.7165,0.0
DK01_to_DB02#alt4,4,bwd,19,616.67,2900.0,0.6889,0.0
DK01_to_DB02#alt4,4,bwd,20,616.67,2850.0,0.6241,0.0
DK01_to_DB02#alt4,4,bwd,21,600.0,2800.0,0.5903,0.0
DK01_to_DB02#alt4,4,bwd,22,583.33,2750.0,0.5483,0.0
DK01_to_DB02#alt4,4,bwd,23,600.0,2700.0,0.4931,0.0
DK01_to_DB02#alt4,4,bwd,24,650.0,2650.0,0.4931,0.0
DK01_to_DB02#alt4,4,bwd,25,700.0,2600.0,0.4746,0.0
DK01_to_DB02#alt4,4,bwd,26,750.0,2550.0,0.4275,0.0
DK01_to_DB02#alt4,4,bwd,27,800.0,2500.0,0.3679,0.0
DK01_to_DB02#alt4,4,bwd,28,850.0,2450.0,0.3784,0.0
DK01_to_DB02#alt4,4,bwd,29,900.0,2400.0,0.4746,0.0
DK01_to_DB02#alt4,4,bwd,30,950.0,2350.0,0.5903,0.0
DK01_to_DB02#alt4,4,bwd,31,983.33,2300.0,0.7165,0.0
DK01_to_DB02#alt4,4,bwd,32,1000.0,2250.0,0.7165,0.0
DK01_to_DB02#alt4,4,bwd,33,1000.0,2200.0,0.7165,0.0
DK01_to_DB02#alt4,4,bwd,34,1016.67,2150.0,0.6889,0.0
DK01_to_DB02#alt4,4,bwd,35,1033.33,2100.0,0.7165,0.0
DK01_to_DB02#alt4,4,bwd,36,1066.67,2050.0,0.6889,0.0
DK01_to_DB02#alt4,4,bwd,37,1100.0,2000.0,0.6889,0.0
DK01_to_DB02#alt4,4,bwd,38,1150.0,1950.0,0.6889,0.0
DK01_to_DB02#alt4,4,bwd,39,1200.0,1900.0,0.6241,0.0
DK01_to_DB02#alt4,4,bwd,40,1250.0,1850.0,0.5903,0.0
DK01_to_DB02#alt4,4,bwd,41,1300.0,1800.0,0.5483,0.0
DK01_to_DB02#alt4,4,bwd,42,1350.0,1750.0,0.5483,0.0
DK01_to_DB02#alt4,4,bwd,43,1400.0,1700.0,0.503,0.0
DK01_to_DB02#alt4,4,bwd,44,1450.0,1650.0,0.4346,0.0
DK01_to_DB02#alt4,4,bwd,45,1500.0,1600.0,0.3679,0.0
DK01_to_DB02#alt4,4,bwd,46,1550.0,1550.0,0.3114,0.0
DK01_to_DB02#alt4,4,bwd,47,1600.0,1500.0,0.3077,0.0
DK01_to_DB02#alt4,4,bwd,48,1650.0,1450.0,0.3077,0.0
DK01_to_DB02#alt4,4,bwd,49,1700.0,1400.0,0.3077,0.0
DK01_to_DB02#alt4,4,bwd,50,1750.0,1350.0,0.3077,0.0
DK01_to_DB02#alt4,4,bwd,51,1800.0,1300.0,0.3628,0.0
DK01_to_DB02#alt4,4,bwd,52,1850.0,1250.0,0.4346,0.0
DK01_to_DB02#alt4,4,bwd,53,1900.0,1200.0,0.5134,0.0
DK01_to_DB02#alt4,4,bwd,54,1950.0,1150.0,0.6065,0.0
DK01_to_DB02#alt4,4,bwd,55,2000.0,1100.0,0.6889,0.0
DK01_to_DB02#alt4,4,bwd,56,2033.33,1050.0,0.7165,0.0
DK01_to_DB02#alt4,4,bwd,57,2050.0,1000.0,0.7165,0.0
DK01_to_DB02#alt4,4,bwd,58,2066.67,950.0,0.6889,0.0
DK01_to_DB02#alt4,4,bwd,59,2083.33,900.0,0.7165,0.0
DK01_to_DB02#alt4,4,bwd,60,2116.67,850.0,0.6889,0.0
DK01_to_DB02#alt4,4,bwd,61,2133.33,800.0,0.6889,0.0
DK01_to_DB02#alt4,4,bwd,62,2150.0,750.0,0.6241,0.0
DK01_to_DB02#alt4,4,bwd,63,2150.0,700.0,0.5483,0.0
DK01_to_DB02#alt4,4,bwd,64,2150.0,650.0,0.4746,0.0
DK01_to_DB02#alt4,4,bwd,65,2150.0,600.0,0.4076,0.0
