pair,alt,direction,seq,x,y,risk,conflict
DK01_to_DB02#alt0,0,fwd,0,1200.0,550.0,0.2151,0.0
DK01_to_DB02#alt0,0,fwd,1,1250.0,600.0,0.1873,0.0
DK01_to_DB02#alt0,0,fwd,2,1300.0,650.0,0.1599,0.0
DK01_to_DB02#alt0,0,fwd,3,1350.0,700.0,0.1353,0.0
DK01_to_DB02#alt0,0,fwd,4,1400.0,750.0,0.1138,0.0
DK01_to_DB02#alt0,0,fwd,5,1450.0,800.0,0.0947,0.0
DK01_to_DB02#alt0,0,fwd,6,1500.0,850.0,0.0803,0.0
DK01_to_DB02#alt0,0,fwd,7,1550.0,900.0,0.092,0.0
DK01_to_DB02#alt0,0,fwd,8,1600.0,950.0,0.1036,0.0
DK01_to_DB02#alt0,0,fwd,9,1650.0,1000.0,0.1146,0.0
DK01_to_DB02#alt0,0,fwd,10,1700.0,1050.0,0.1239,0.0
DK01_to_DB02#alt0,0,fwd,11,1750.0,1083.33,0.1308,0.0
DK01_to_DB02#alt0,0,fwd,12,1800.0,1100.0,0.1183,0.0
DB02_to_DK01#alt0,0,bwd,0,1800.0,1100.0,0.1183,0.0
DB02_to_DK01#alt0,0,bwd,1,1750.0,1150.0,0.1495,0.0
DB02_to_DK01#alt0,0,bwd,2,1700.0,1166.67,0.1648,0.0
DB02_to_DK01#alt0,0,bwd,3,1650.0,1150.0,0.1798,0.0
DB02_to_DK01#alt0,0,bwd,4,1600.0,1100.0,0.1661,0.0
DB02_to_DK01#alt0,0,bwd,5,1550.0,1050.0,0.1495,0.0
DB02_to_DK01#alt0,0,bwd,6,1500.0,1000.0,0.1317,0.0
DB02_to_DK01#alt0,0,bwd,7,1450.0,950.0,0.1138,0.0
DB02_to_DK01#alt0,0,bwd,8,1400.0,900.0,0.1036,0.0
DB02_to_DK01#alt0,0,bwd,9,1350.0,850.0,0.1273,0.0
DB02_to_DK01#alt0,0,bwd,10,1300.0,800.0,0.1551,0.0
DB02_to_DK01#alt0,0,bwd,11,1250.0,750.0,0.1873,0.0
DB02_to_DK01#alt0,0,bwd,12,1216.67,700.0,0.2231,0.0
DB02_to_DK01#alt0,0,bwd,13,1200.0,650.0,0.2231,0.0
DB02_to_DK01#alt0,0,bwd,14,1200.0,600.0,0.2211,0.0
DB02_to_DK01#alt0,0,bwd,15,1200.0,550.0,0.2151,0.0
DK01_to_DB02#alt1,1,fwd,0,1200.0,550.0,0.2151,0.0
DK01_to_DB02#alt1,1,fwd,1,1250.0,516.67,0.1755,0.0
DK01_to_DB02#alt1,1,fwd,2,1300.0,516.67,0.1495,0.0
DK01_to_DB02#alt1,1,fwd,3,1350.0,550.0,0.1317,0.0
DK01_to_DB02#alt1,1,fwd,4,1400.0,600.0,0.1138,0.0
DK01_to_DB02#alt1,1,fwd,5,1450.0,650.0,0.097,0.0
DK01_to_DB02#alt1,1,fwd,6,1500.0,700.0,0.0821,0.0
DK01_to_DB02#alt1,1,fwd,7,1550.0,750.0,0.0691,0.0
DK01_to_DB02#alt1,1,fwd,8,1600.0,800.0,0.064,0.0
DK01_to_DB02#alt1,1,fwd,9,1650.0,850.0,0.0717,0.0
DK01_to_DB02#alt1,1,fwd,10,1700.0,900.0,0.079,0.0
DK01_to_DB02#alt1,1,fwd,11,1750.0,950.0,0.0854,0.0
DK01_to_DB02#alt1,1,fwd,12,1783.33,1000.0,0.0904,0.0
DK01_to_DB02#alt1,1,fwd,13,1800.0,1050.0,0.1036,0.0
DK01_to_DB02#alt1,1,fwd,14,1800.0,1100.0,0.1183,0.0
DB02_to_DK01#alt1,1,bwd,0,1800.0,1100.0,0.1183,0.0
DB02_to_DK01#alt1,1,bwd,1,1850.0,1050.0,0.0936,0.0
DB02_to_DK01#alt1,1,bwd,2,1866.67,1000.0,0.0821,0.0
DB02_to_DK01#alt1,1,bwd,3,1850.0,950.0,0.0717,0.0
DB02_to_DK01#alt1,1,bwd,4,1800.0,900.0,0.0681,0.0
DB02_to_DK01#alt1,1,bwd,5,1750.0,850.0,0.0634,0.0
DB02_to_DK01#alt1,1,bwd,6,1700.0,800.0,0.058,0.0
DB02_to_DK01#alt1,1,bwd,7,1650.0,750.0,0.0522,0.0
DB02_to_DK01#alt1,1,bwd,8,1600.0,700.0,0.0588,0.0
DB02_to_DK01#alt1,1,bwd,9,1550.0,650.0,0.0695,0.0
DB02_to_DK01#alt1,1,bwd,10,1500.0,600.0,0.0816,0.0
DB02_to_DK01#alt1,1,bwd,11,1450.0,566.67,0.0947,0.0
DB02_to_DK01#alt1,1,bwd,12,1400.0,550.0,0.1117,0.0
DB02_to_DK01#alt1,1,bwd,13,1350.0,550.0,0.1317,0.0
DB02_to_DK01#alt1,1,bwd,14,1300.0,550.0,0.1551,0.0
DB02_to_DK01#alt1,1,bwd,15,1250.0,550.0,0.1827,0.0
DB02_to_DK01#alt1,1,bwd,16,1200.0,550.0,0.2151,0.0
DK01_to_DB02#alt2,2,fwd,0,1200.0,550.0,0.2151,0.0
DK01_to_DB02#alt2,2,fwd,1,1150.0,600.0,0.2609,0.0
DK01_to_DB02#alt2,2,fwd,2,1116.67,650.0,0.3114,0.0
DK01_to_DB02#alt2,2,fwd,3,1116.67,700.0,0.3114,0.0
DK01_to_DB02#alt2,2,fwd,4,1150.0,750.0,0.2609,0.0
DK01_to_DB02#alt2,2,fwd,5,1200.0,800.0,0.2151,0.0
DK01_to_DB02#alt2,2,fwd,6,1250.0,850.0,0.1755,0.0
DK01_to_DB02#alt2,2,fwd,7,1300.0,900.0,0.1422,0.0
DK01_to_DB02#alt2,2,fwd,8,1350.0,950.0,0.1146,0.0
DK01_to_DB02#alt2,2,fwd,9,1400.0,1000.0,0.1353,0.0
DK01_to_DB02#alt2,2,fwd,10,1450.0,1050.0,0.1587,0.0
DK01_to_DB02#alt2,2,fwd,11,1500.0,1083.33,0.1827,0.0
DK01_to_DB02#alt2,2,fwd,12,1550.0,1100.0,0.1755,0.0
DK01_to_DB02#alt2,2,fwd,13,1600.0,1100.0,0.1661,0.0
DK01_to_DB02#alt2,2,fwd,14,1650.0,1100.0,0.1551,0.0
DK01_to_DB02#alt2,2,fwd,15,1700.0,1100.0,0.1432,0.0
DK01_to_DB02#alt2,2,fwd,16,1750.0,1100.0,0.1308,0.0
DK01_to_DB02#alt2,2,fwd,17,1800.0,1100.0,0.1183,0.0
DB02_to_DK01#alt2,2,bwd,0,1800.0,1100.0,0.1183,0.0
DB02_to_DK01#alt2,2,bwd,1,1850.0,1050.0,0.0936,0.0
DB02_to_DK01#alt2,2,bwd,2,1900.0,1000.0,0.074,0.0
DB02_to_DK01#alt2,2,bwd,3,1916.67,950.0,0.065,0.0
DB02_to_DK01#alt2,2,bwd,4,1900.0,900.0,0.0568,0.0
DB02_to_DK01#alt2,2,bwd,5,1850.0,850.0,0.0542,0.0
DB02_to_DK01#alt2,2,bwd,6,1800.0,800.0,0.0507,0.0
DB02_to_DK01#alt2,2,bwd,7,1750.0,750.0,0.0467,0.0
DB02_to_DK01#alt2,2,bwd,8,1700.0,700.0,0.0423,0.0
DB02_to_DK01#alt2,2,bwd,9,1650.0,650.0,0.0498,0.0
DB02_to_DK01#alt2,2,bwd,10,1600.0,600.0,0.0585,0.0
DB02_to_DK01#alt2,2,bwd,11,1550.0,550.0,0.0681,0.0
DB02_to_DK01#alt2,2,bwd,12,1500.0,500.0,0.0781,0.0
DB02_to_DK01#alt2,2,bwd,13,1450.0,450.0,0.0883,0.0
DB02_to_DK01#alt2,2,bwd,14,1400.0,416.67,0.0981,0.0
DB02_to_DK01#alt2,2,bwd,15,1350.0,416.67,0.1146,0.0
DB02_to_DK01#alt2,2,bwd,16,1300.0,433.33,0.1422,0.0
DB02_to_DK01#alt2,2,bwd,17,1250.0,466.67,0.1661,0.0
DB02_to_DK01#alt2,2,bwd,18,1216.67,500.0,0.2057,0.0
DB02_to_DK01#alt2,2,bwd,19,1200.0,550.0,0.2151,0.0
DK01_to_DB02#alt3,3,fwd,0,1200.0,550.0,0.2151,0.0
DK01_to_DB02#alt3,3,fwd,1,1150.0,500.0,0.2407,0.0
DK01_to_DB02#alt3,3,fwd,2,1133.33,450.0,0.2252,0.0
DK01_to_DB02#alt3,3,fwd,3,1150.0,400.0,0.2076,0.0
DK01_to_DB02#alt3,3,fwd,4,1200.0,350.0,0.1648,0.0
DK01_to_DB02#alt3,3,fwd,5,1250.0,300.0,0.1308,0.0
DK01_to_DB02#alt3,3,fwd,6,1300.0,250.0,0.1036,0.0
DK01_to_DB02#alt3,3,fwd,7,1350.0,200.0,0.0821,0.0
DK01_to_DB02#alt3,3,fwd,8,1400.0,166.67,0.065,0.0
DK01_to_DB02#alt3,3,fwd,9,1450.0,166.67,0.0568,0.0
DK01_to_DB02#alt3,3,fwd,10,1500.0,200.0,0.0542,0.0
DK01_to_DB02#alt3,3,fwd,11,1550.0,250.0,0.0507,0.0
DK01_to_DB02#alt3,3,fwd,12,1600.0,300.0,0.0467,0.0
DK01_to_DB02#alt3,3,fwd,13,1650.0,350.0,0.0423,0.0
DK01_to_DB02#alt3,3,fwd,14,1700.0,400.0,0.0378,0.0
DK01_to_DB02#alt3,3,fwd,15,1750.0,450.0,0.0334,0.0
DK01_to_DB02#alt3,3,fwd,16,1800.0,500.0,0.0291,0.0
DK01_to_DB02#alt3,3,fwd,17,1850.0,550.0,0.0252,0.0
DK01_to_DB02#alt3,3,fwd,18,1900.0,600.0,0.0241,0.0
DK01_to_DB02#alt3,3,fwd,19,1950.0,650.0,0.0282,0.0
DK01_to_DB02#alt3,3,fwd,20,2000.0,700.0,0.0357,0.0
DK01_to_DB02#alt3,3,fwd,21,2033.33,750.0,0.045,0.0
DK01_to_DB02#alt3,3,fwd,22,2050.0,800.0,0.0496,0.0
DK01_to_DB02#alt3,3,fwd,23,2050.0,850.0,0.0544,0.0
DK01_to_DB02#alt3,3,fwd,24,2050.0,900.0,0.064,0.0
DK01_to_DB02#alt3,3,fwd,25,2050.0,950.0,0.0752,0.0
DK01_to_DB02#alt3,3,fwd,26,2033.33,1000.0,0.0883,0.0
DK01_to_DB02#alt3,3,fwd,27,2000.0,1050.0,0.0981,0.0
DK01_to_DB02#alt3,3,fwd,28,1950.0,1083.33,0.1069,0.0
DK01_to_DB02#alt3,3,fwd,29,1900.0,1100.0,0.0987,0.0
DK01_to_DB02#alt3,3,fwd,30,1850.0,1100.0,0.1062,0.0
DK01_to_DB02#alt3,3,fwd,31,1800.0,1100.0,0.1183,0.0
DB02_to_DK01#alt3,3,bwd,0,1800.0,1100.0,0.1183,0.0
DB02_to_DK01#alt3,3,bwd,1,1750.0,1150.0,0.1495,0.0
DB02_to_DK01#alt3,3,bwd,2,1700.0,1200.0,0.1889,0.0
DB02_to_DK01#alt3,3,bwd,3,1650.0,1250.0,0.2384,0.0
DB02_to_DK01#alt3,3,bwd,4,1600.0,1300.0,0.3006,0.0
DB02_to_DK01#alt3,3,bwd,5,1550.0,1316.67,0.3269,0.0
DB02_to_DK01#alt3,3,bwd,6,1500.0,1300.0,0.3485,0.0
DB02_to_DK01#alt3,3,bwd,7,1450.0,1250.0,0.3077,0.0
DB02_to_DK01#alt3,3,bwd,8,1400.0,1200.0,0.2636,0.0
DB02_to_DK01#alt3,3,bwd,9,1350.0,1150.0,0.2231,0.0
DB02_to_DK01#alt3,3,bwd,10,1300.0,1100.0,0.1889,0.0
DB02_to_DK01#alt3,3,bwd,11,1250.0,1050.0,0.1661,0.0
DB02_to_DK01#alt3,3,bwd,12,1200.0,1000.0,0.1648,0.0
DB02_to_DK01#alt3,3,bwd,13,1150.0,950.0,0.2076,0.0
DB02_to_DK01#alt3,3,bwd,14,1100.0,900.0,0.2609,0.0
DB02_to_DK01#alt3,3,bwd,15,1050.0,850.0,0.3269,0.0
DB02_to_DK01#alt3,3,bwd,16,1000.0,800.0,0.4076,0.0
DB02_to_DK01#alt3,3,bwd,17,966.67,750.0,0.503,0.0
DB02_to_DK01#alt3,3,bwd,18,966.67,700.0,0.5134,0.0
DB02_to_DK01#alt3,3,bwd,19,1000.0,650.0,0.4346,0.0
DB02_to_DK01#alt3,3,bwd,20,1050.0,600.0,0.3628,0.0
DB02_to_DK01#alt3,3,bwd,21,1100.0,566.67,0.2972,0.0
DB02_to_DK01#alt3,3,bwd,22,1150.0,550.0,0.253,0.0
DB02_to_DK01#alt3,3,bwd,23,1200.0,550.0,0.2151,0.0
DK01_to_DB02#alt4,4,fwd,0,1200.0,550.0,0.2151,0.0
DK01_to_DB02#alt4,4,fwd,1,1150.0,516.67,0.2407,0.0
DK01_to_DB02#alt4,4,fwd,2,1100.0,516.67,0.281,0.0
DK01_to_DB02#alt4,4,fwd,3,1050.0,550.0,0.3485,0.0
DK01_to_DB02#alt4,4,fwd,4,1000.0,600.0,0.4275,0.0
DK01_to_DB02#alt4,4,fwd,5,950.0,650.0,0.5134,0.0
DK01_to_DB02#alt4,4,fwd,6,900.0,700.0,0.6065,0.0
DK01_to_DB02#alt4,4,fwd,7,866.67,750.0,0.6889,0.0
DK01_to_DB02#alt4,4,fwd,8,866.67,800.0,0.6241,0.0
DK01_to_DB02#alt4,4,fwd,9,900.0,850.0,0.4931,0.0
DK01_to_DB02#alt4,4,fwd,10,950.0,900.0,0.3895,0.0
DK01_to_DB02#alt4,4,fwd,11,1000.0,950.0,0.3077,0.0
DK01_to_DB02#alt4,4,fwd,12,1050.0,1000.0,0.2431,0.0
DK01_to_DB02#alt4,4,fwd,13,1100.0,1050.0,0.1921,0.0
DK01_to_DB02#alt4,4,fwd,14,1150.0,1100.0,0.2151,0.0
DK01_to_DB02#alt4,4,fwd,15,1200.0,1150.0,0.2407,0.0
DK01_to_DB02#alt4,4,fwd,16,1250.0,1200.0,0.2636,0.0
DK01_to_DB02#alt4,4,fwd,17,1300.0,1250.0,0.3114,0.0
DK01_to_DB02#alt4,4,fwd,18,1350.0,1300.0,0.3679,0.0
DK01_to_DB02#alt4,4,fwd,19,1400.0,1350.0,0.4346,0.0
DK01_to_DB02#alt4,4,fwd,20,1450.0,1400.0,0.503,0.0
DK01_to_DB02#alt4,4,fwd,21,1500.0,1433.33,0.5483,0.0
DK01_to_DB02#alt4,4,fwd,22,1550.0,1450.0,0.4931,0.0
DK01_to_DB02#alt4,4,fwd,23,1600.0,1433.33,0.4346,0.0
DK01_to_DB02#alt4,4,fwd,24,1650.0,1416.67,0.344,0.0
DK01_to_DB02#alt4,4,fwd,25,1700.0,1383.33,0.3077,0.0
DK01_to_DB02#alt4,4,fwd,26,1750.0,1350.0,0.2431,0.0
DK01_to_DB02#alt4,4,fwd,27,1783.33,1300.0,0.1921,0.0
DK01_to_DB02#alt4,4,fwd,28,1800.0,1250.0,0.17,0.0
DK01_to_DB02#alt4,4,fwd,29,1800.0,1200.0,0.1517,0.0
DK01_to_DB02#alt4,4,fwd,30,1800.0,1150.0,0.1344,0.0
DK01_to_DB02#alt4,4,fwd,31,1800.0,1100.0,0.1183,0.0
DB02_to_DK01#alt4,4,bwd,0,1800.0,1100.0,0.1183,0.0
DB02_to_DK01#alt4,4,bwd,1,1850.0,1150.0,0.1199,0.0
DB02_to_DK01#alt4,4,bwd,2,1900.0,1183.33,0.1335,0.0
DB02_to_DK01#alt4,4,bwd,3,1950.0,1200.0,0.1432,0.0
DB02_to_DK01#alt4,4,bwd,4,2000.0,1183.33,0.1551,0.0
DB02_to_DK01#alt4,4,bwd,5,2050.0,1150.0,0.1422,0.0
DB02_to_DK01#alt4,4,bwd,6,2100.0,1100.0,0.1273,0.0
DB02_to_DK01#alt4,4,bwd,7,2133.33,1050.0,0.1117,0.0
DB02_to_DK01#alt4,4,bwd,8,2150.0,1000.0,0.0947,0.0
DB02_to_DK01#alt4,4,bwd,9,2150.0,950.0,0.0854,0.0
DB02_to_DK01#alt4,4,bwd,10,2150.0,900.0,0.0785,0.0
DB02_to_DK01#alt4,4,bwd,11,2150.0,850.0,0.0717,0.0
DB02_to_DK01#alt4,4,bwd,12,2150.0,800.0,0.065,0.0
DB02_to_DK01#alt4,4,bwd,13,2150.0,750.0,0.0585,0.0
DB02_to_DK01#alt4,4,bwd,14,2150.0,700.0,0.0524,0.0
DB02_to_DK01#alt4,4,bwd,15,2133.33,650.0,0.0467,0.0
DB02_to_DK01#alt4,4,bwd,16,2100.0,600.0,0.0369,0.0
DB02_to_DK01#alt4,4,bwd,17,2050.0,550.0,0.0291,0.0
DB02_to_DK01#alt4,4,bwd,18,2000.0,500.0,0.023,0.0
DB02_to_DK01#alt4,4,bwd,19,1950.0,450.0,0.0182,0.0
DB02_to_DK01#alt4,4,bwd,20,1900.0,400.0,0.0198,0.0
DB02_to_DK01#alt4,4,bwd,21,1850.0,350.0,0.0224,0.0
DB02_to_DK01#alt4,4,bwd,22,1800.0,300.0,0.025,0.0
DB02_to_DK01#alt4,4,bwd,23,1750.0,250.0,0.0276,0.0
DB02_to_DK01#alt4,4,bwd,24,1700.0,200.0,0.0301,0.0
DB02_to_DK01#alt4,4,bwd,25,1650.0,150.0,0.0323,0.0
DB02_to_DK01#alt4,4,bwd,26,1600.0,100.0,0.0342,0.0
DB02_to_DK01#alt4,4,bwd,27,1550.0,66.67,0.0357,0.0
DB02_to_DK01#alt4,4,bwd,28,1500.0,50.0,0.0407,0.0
DB02_to_DK01#alt4,4,bwd,29,1450.0,50.0,0.0467,0.0
DB02_to_DK01#alt4,4,bwd,30,1400.0,50.0,0.0544,0.0
DB02_to_DK01#alt4,4,bwd,31,1350.0,66.67,0.0634,0.0
DB02_to_DK01#alt4,4,bwd,32,1300.0,100.0,0.079,0.0
DB02_to_DK01#alt4,4,bwd,33,1250.0,150.0,0.0981,0.0
DB02_to_DK01#alt4,4,bwd,34,1216.67,200.0,0.1215,0.0
DB02_to_DK01#alt4,4,bwd,35,1200.0,250.0,0.1344,0.0
DB02_to_DK01#alt4,4,bwd,36,1200.0,300.0,0.1495,0.0
DB02_to_DK01#alt4,4,bwd,37,1200.0,350.0,0.1648,0.0
DB02_to_DK01#alt4,4,bwd,38,1200.0,400.0,0.1798,0.0
DB02_to_DK01#alt4,4,bwd,39,1200.0,450.0,0.1937,0.0
DB02_to_DK01#alt4,4,bwd,40,1200.0,500.0,0.2057,0.0
DB02_to_DK01#alt4,4,bwd,41,1200.0,550.0,0.2151,0.0
DK01_to_DB02#alt5,5,fwd,0,1200.0,550.0,0.2151,0.0
DK01_to_DB02#alt5,5,fwd,1,1250.0,500.0,0.1755,0.0
DK01_to_DB02#alt5,5,fwd,2,1300.0,450.0,0.1422,0.0
DK01_to_DB02#alt5,5,fwd,3,1350.0,400.0,0.1146,0.0
DK01_to_DB02#alt5,5,fwd,4,1400.0,350.0,0.092,0.0
DK01_to_DB02#alt5,5,fwd,5,1450.0,333.33,0.079,0.0
DK01_to_DB02#alt5,5,fwd,6,1500.0,350.0,0.0677,0.0
DK01_to_DB02#alt5,5,fwd,7,1550.0,400.0,0.0612,0.0
DK01_to_DB02#alt5,5,fwd,8,1600.0,450.0,0.0544,0.0
DK01_to_DB02#alt5,5,fwd,9,1650.0,500.0,0.0478,0.0
DK01_to_DB02#alt5,5,fwd,10,1700.0,550.0,0.0414,0.0
DK01_to_DB02#alt5,5,fwd,11,1750.0,600.0,0.0355,0.0
DK01_to_DB02#alt5,5,fwd,12,1800.0,650.0,0.0322,0.0
DK01_to_DB02#alt5,5,fwd,13,1850.0,700.0,0.0349,0.0
DK01_to_DB02#alt5,5,fwd,14,1900.0,750.0,0.0374,0.0
DK01_to_DB02#alt5,5,fwd,15,1933.33,800.0,0.0423,0.0
DK01_to_DB02#alt5,5,fwd,16,1933.33,850.0,0.0496,0.0
DK01_to_DB02#alt5,5,fwd,17,1900.0,900.0,0.0568,0.0
DK01_to_DB02#alt5,5,fwd,18,1850.0,950.0,0.0717,0.0
DK01_to_DB02#alt5,5,fwd,19,1816.67,1000.0,0.0904,0.0
DK01_to_DB02#alt5,5,fwd,20,1800.0,1050.0,0.1036,0.0
DK01_to_DB02#alt5,5,fwd,21,1800.0,1100.0,0.1183,0.0
DB02_to_DK01#alt5,5,bwd,0,1800.0,1100.0,0.1183,0.0
DB02_to_DK01#alt5,5,bwd,1,1850.0,1150.0,0.1199,0.0
DB02_to_DK01#alt5,5,bwd,2,1900.0,1200.0,0.1335,0.0
DB02_to_DK01#alt5,5,bwd,3,1950.0,1250.0,0.1661,0.0
DB02_to_DK01#alt5,5,bwd,4,2000.0,1300.0,0.2076,0.0
DB02_to_DK01#alt5,5,bwd,5,2016.67,1350.0,0.2407,0.0
DB02_to_DK01#alt5,5,bwd,6,2000.0,1400.0,0.281,0.0
DB02_to_DK01#alt5,5,bwd,7,1966.67,1450.0,0.3006,0.0
DB02_to_DK01#alt5,5,bwd,8,1950.0,1500.0,0.344,0.0
DB02_to_DK01#alt5,5,bwd,9,1950.0,1550.0,0.3895,0.0
DB02_to_DK01#alt5,5,bwd,10,1933.33,1600.0,0.4346,0.0
DB02_to_DK01#alt5,5,bwd,11,1900.0,1650.0,0.4346,0.0
DB02_to_DK01#alt5,5,bwd,12,1850.0,1700.0,0.4346,0.0
DB02_to_DK01#alt5,5,bwd,13,1800.0,1750.0,0.4076,0.0
DB02_to_DK01#alt5,5,bwd,14,1750.0,1800.0,0.4346,0.0
DB02_to_DK01#alt5,5,bwd,15,1700.0,1850.0,0.503,0.0
DB02_to_DK01#alt5,5,bwd,16,1650.0,1900.0,0.5483,0.0
DB02_to_DK01#alt5,5,bwd,17,1600.0,1950.0,0.5903,0.0
DB02_to_DK01#alt5,5,bwd,18,1550.0,2000.0,0.6241,0.0
DB02_to_DK01#alt5,5,bwd,19,1500.0,2050.0,0.6241,0.0
DB02_to_DK01#alt5,5,bwd,20,1450.0,2100.0,0.5903,0.0
DB02_to_DK01#alt5,5,bwd,21,1400.0,2150.0,0.5483,0.0
DB02_to_DK01#alt5,5,bwd,22,1350.0,2183.33,0.5483,0.0
DB02_to_DK01#alt5,5,bwd,23,1300.0,2200.0,0.4931,0.0
DB02_to_DK01#alt5,5,bwd,24,1250.0,2200.0,0.4346,0.0
DB02_to_DK01#alt5,5,bwd,25,1200.0,2216.67,0.4275,0.0
DB02_to_DK01#alt5,5,bwd,26,1150.0,2233.33,0.3784,0.0
DB02_to_DK01#alt5,5,bwd,27,1100.0,2250.0,0.3269,0.0
DB02_to_DK01#alt5,5,bwd,28,1050.0,2250.0,0.3006,0.0
DB02_to_DK01#alt5,5,bwd,29,1000.0,2250.0,0.2721,0.0
DB02_to_DK01#alt5,5,bwd,30,950.0,2250.0,0.2431,0.0
DB02_to_DK01#alt5,5,bwd,31,900.0,2266.67,0.2151,0.0
DB02_to_DK01#alt5,5,bwd,32,850.0,2283.33,0.17,0.0
DB02_to_DK01#alt5,5,bwd,33,800.0,2300.0,0.1517,0.0
DB02_to_DK01#alt5,5,bwd,34,750.0,2283.33,0.1344,0.0
DB02_to_DK01#alt5,5,bwd,35,716.67,2250.0,0.1432,0.0
DB02_to_DK01#alt5,5,bwd,36,700.0,2200.0,0.1648,0.0
DB02_to_DK01#alt5,5,bwd,37,700.0,2150.0,0.1889,0.0
DB02_to_DK01#alt5,5,bwd,38,700.0,2100.0,0.2151,0.0
DB02_to_DK01#alt5,5,bwd,39,700.0,2050.0,0.2431,0.0
DB02_to_DK01#alt5,5,bwd,40,700.0,2000.0,0.2721,0.0
DB02_to_DK01#alt5,5,bwd,41,700.0,1950.0,0.3077,0.0
DB02_to_DK01#alt5,5,bwd,42,700.0,1900.0,0.344,0.0
DB02_to_DK01#alt5,5,bwd,43,700.0,1850.0,0.3895,0.0
DB02_to_DK01#alt5,5,bwd,44,683.33,1800.0,0.4346,0.0
DB02_to_DK01#alt5,5,bwd,45,650.0,1750.0,0.4076,0.0
DB02_to_DK01#alt5,5,bwd,46,600.0,1700.0,0.3628,0.0
DB02_to_DK01#alt5,5,bwd,47,550.0,1650.0,0.3114,0.0
DB02_to_DK01#alt5,5,bwd,48,533.33,1600.0,0.3077,0.0
DB02_to_DK01#alt5,5,bwd,49,550.0,1550.0,0.2972,0.0
DB02_to_DK01#alt5,5,bwd,50,600.0,1500.0,0.3269,0.0
DB02_to_DK01#alt5,5,bwd,51,650.0,1450.0,0.3485,0.0
DB02_to_DK01#alt5,5,bwd,52,700.0,1400.0,0.3784,0.0
DB02_to_DK01#alt5,5,bwd,53,733.33,1350.0,0.3895,0.0
DB02_to_DK01#alt5,5,bwd,54,750.0,1300.0,0.344,0.0
DB02_to_DK01#alt5,5,bwd,55,750.0,1250.0,0.3006,0.0
DB02_to_DK01#alt5,5,bwd,56,750.0,1200.0,0.2609,0.0
DB02_to_DK01#alt5,5,bwd,57,750.0,1150.0,0.2252,0.0
DB02_to_DK01#alt5,5,bwd,58,750.0,1100.0,0.2636,0.0
DB02_to_DK01#alt5,5,bwd,59,750.0,1050.0,0.3114,0.0
DB02_to_DK01#alt5,5,bwd,60,750.0,1000.0,0.3679,0.0
DB02_to_DK01#alt5,5,bwd,61,750.0,950.0,0.4346,0.0
DB02_to_DK01#alt5,5,bwd,62,750.0,900.0,0.5134,0.0
DB02_to_DK01#alt5,5,bwd,63,766.67,850.0,0.6065,0.0
DB02_to_DK01#alt5,5,bwd,64,800.0,800.0,0.6889,0.0
DB02_to_DK01#alt5,5,bwd,65,833.33,750.0,0.6889,0.0
DB02_to_DK01#alt5,5,bwd,66,850.0,700.0,0.7165,0.0
DB02_to_DK01#alt5,5,bwd,67,850.0,650.0,0.7165,0.0
DB02_to_DK01#alt5,5,bwd,68,866.67,600.0,0.6889,0.0
DB02_to_DK01#alt5,5,bwd,69,900.0,566.67,0.5483,0.0
DB02_to_DK01#alt5,5,bwd,70,950.0,550.0,0.4746,0.0
DB02_to_DK01#alt5,5,bwd,71,1000.0,550.0,0.4076,0.0
DB02_to_DK01#alt5,5,bwd,72,1050.0,550.0,0.3485,0.0
DB02_to_DK01#alt5,5,bwd,73,1100.0,550.0,0.2972,0.0
DB02_to_DK01#alt5,5,bwd,74,1150.0,550.0,0.253,0.0
DB02_to_DK01#alt5,5,bwd,75,1200.0,550.0,0.2151,0.0
DK01_to_DB02#alt7,7,fwd,0,1200.0,550.0,0.2151,0.0
DK01_to_DB02#alt7,7,fwd,1,1150.0,500.0,0.2407,0.0
DK01_to_DB02#alt7,7,fwd,2,1100.0,450.0,0.2609,0.0
DK01_to_DB02#alt7,7,fwd,3,1050.0,400.0,0.2721,0.0
DK01_to_DB02#alt7,7,fwd,4,1000.0,350.0,0.2721,0.0
DK01_to_DB02#alt7,7,fwd,5,950.0,300.0,0.2972,0.0
DK01_to_DB02#alt7,7,fwd,6,900.0,250.0,0.3269,0.0
DK01_to_DB02#alt7,7,fwd,7,850.0,200.0,0.3485,0.0
DK01_to_DB02#alt7,7,fwd,8,800.0,166.67,0.3784,0.0
DK01_to_DB02#alt7,7,fwd,9,750.0,150.0,0.4346,0.0
DK01_to_DB02#alt7,7,fwd,10,700.0,150.0,0.4931,0.0
DK01_to_DB02#alt7,7,fwd,11,650.0,150.0,0.5483,0.0
DK01_to_DB02#alt7,7,fwd,12,600.0,150.0,0.6241,0.0
DK01_to_DB02#alt7,7,fwd,13,550.0,150.0,0.6889,0.0
DK01_to_DB02#alt7,7,fwd,14,500.0,150.0,0.7165,0.0
DK01_to_DB02#alt7,7,fwd,15,450.0,150.0,0.7165,0.0
DK01_to_DB02#alt7,7,fwd,16,400.0,150.0,0.7165,0.0
DK01_to_DB02#alt7,7,fwd,17,350.0,150.0,0.7165,0.0
DK01_to_DB02#alt7,7,fwd,18,300.0,150.0,0.7165,0.0
DK01_to_DB02#alt7,7,fwd,19,250.0,150.0,0.7165,0.0
DK01_to_DB02#alt7,7,fwd,20,200.0,150.0,0.6889,0.0
DK01_to_DB02#alt7,7,fwd,21,150.0,200.0,0.6889,0.0
DK01_to_DB02#alt7,7,fwd,22,100.0,250.0,0.6889,0.0
DK01_to_DB02#alt7,7,fwd,23,66.67,300.0,0.6241,0.0
DK01_to_DB02#alt7,7,fwd,24,50.0,350.0,0.6889,0.0
DK01_to_DB02#alt7,7,fwd,25,50.0,400.0,0.7165,0.0
DK01_to_DB02#alt7,7,fwd,26,50.0,450.0,0.7165,0.0
DK01_to_DB02#alt7,7,fwd,27,50.0,500.0,0.7165,0.0
DK01_to_DB02#alt7,7,fwd,28,66.67,550.0,0.6889,0.0
DK01_to_DB02#alt7,7,fwd,29,100.0,600.0,0.6889,0.0
DK01_to_DB02#alt7,7,fwd,30,133.33,650.0,0.6889,0.0
DK01_to_DB02#alt7,7,fwd,31,150.0,700.0,0.6241,0.0
DK01_to_DB02#alt7,7,fwd,32,150.0,750.0,0.5483,0.0
DK01_to_DB02#alt7,7,fwd,33,150.0,800.0,0.4931,0.0
DK01_to_DB02#alt7,7,fwd,34,150.0,850.0,0.4346,0.0
DK01_to_DB02#alt7,7,fwd,35,150.0,900.0,0.3784,0.0
DK01_to_DB02#alt7,7,fwd,36,150.0,950.0,0.3269,0.0
DK01_to_DB02#alt7,7,fwd,37,150.0,1000.0,0.281,0.0
DK01_to_DB02#alt7,7,fwd,38,150.0,1050.0,0.2407,0.0
DK01_to_DB02#alt7,7,fwd,39,150.0,1100.0,0.2057,0.0
DK01_to_DB02#alt7,7,fwd,40,150.0,1150.0,0.1755,0.0
DK01_to_DB02#alt7,7,fwd,41,150.0,1200.0,0.1495,0.0
DK01_to_DB02#alt7,7,fwd,42,150.0,1250.0,0.1273,0.0
DK01_to_DB02#alt7,7,fwd,43,150.0,1300.0,0.1082,0.0
DK01_to_DB02#alt7,7,fwd,44,150.0,1350.0,0.092,0.0
DK01_to_DB02#alt7,7,fwd,45,150.0,1400.0,0.0781,0.0
DK01_to_DB02#alt7,7,fwd,46,150.0,1450.0,0.0752,0.0
DK01_to_DB02#alt7,7,fwd,47,150.0,1500.0,0.0781,0.0
DK01_to_DB02#alt7,7,fwd,48,150.0,1550.0,0.0803,0.0
DK01_to_DB02#alt7,7,fwd,49,150.0,1600.0,0.0816,0.0
DK01_to_DB02#alt7,7,fwd,50,150.0,1650.0,0.0821,0.0
DK01_to_DB02#alt7,7,fwd,51,150.0,1700.0,0.0816,0.0
DK01_to_DB02#alt7,7,fwd,52,150.0,1750.0,0.0803,0.0
DK01_to_DB02#alt7,7,fwd,53,150.0,1800.0,0.0781,0.0
DK01_to_DB02#alt7,7,fwd,54,150.0,1850.0,0.0752,0.0
DK01_to_DB02#alt7,7,fwd,55,150.0,1900.0,0.0717,0.0
DK01_to_DB02#alt7,7,fwd,56,150.0,1950.0,0.0677,0.0
DK01_to_DB02#alt7,7,fwd,57,150.0,2000.0,0.0634,0.0
DK01_to_DB02#alt7,7,fwd,58,150.0,2050.0,0.0588,0.0
DK01_to_DB02#alt7,7,fwd,59,150.0,2100.0,0.0542,0.0
DK01_to_DB02#alt7,7,fwd,60,150.0,2150.0,0.0496,0.0
DK01_to_DB02#alt7,7,fwd,61,150.0,2200.0,0.045,0.0
DK01_to_DB02#alt7,7,fwd,62,150.0,2250.0,0.0407,0.0
DK01_to_DB02#alt7,7,fwd,63,150.0,2300.0,0.0366,0.0
DK01_to_DB02#alt7,7,fwd,64,166.67,2350.0,0.0327,0.0
DK01_to_DB02#alt7,7,fwd,65,200.0,2366.67,0.0369,0.0
DK01_to_DB02#alt7,7,fwd,66,250.0,2366.67,0.0414,0.0
DK01_to_DB02#alt7,7,fwd,67,300.0,2350.0,0.0467,0.0
DK01_to_DB02#alt7,7,fwd,68,350.0,2350.0,0.0524,0.0
DK01_to_DB02#alt7,7,fwd,69,400.0,2350.0,0.0591,0.0
DK01_to_DB02#alt7,7,fwd,70,450.0,2350.0,0.0663,0.0
DK01_to_DB02#alt7,7,fwd,71,500.0,2350.0,0.074,0.0
DK01_to_DB02#alt7,7,fwd,72,550.0,2366.67,0.0821,0.0
DK01_to_DB02#alt7,7,fwd,73,600.0,2383.33,0.0785,0.0
DK01_to_DB02#alt7,7,fwd,74,650.0,2400.0,0.0854,0.0
DK01_to_DB02#alt7,7,fwd,75,700.0,2400.0,0.097,0.0
DK01_to_DB02#alt7,7,fwd,76,750.0,2400.0,0.1146,0.0
DK01_to_DB02#alt7,7,fwd,77,800.0,2400.0,0.1353,0.0
DK01_to_DB02#alt7,7,fwd,78,850.0,2400.0,0.1599,0.0
DK01_to_DB02#alt7,7,fwd,79,900.0,2383.33,0.1889,0.0
DK01_to_DB02#alt7,7,fwd,80,950.0,2366.67,0.2211,0.0
DK01_to_DB02#alt7,7,fwd,81,1000.0,2350.0,0.2609,0.0
DK01_to_DB02#alt7,7,fwd,82,1050.0,2350.0,0.3077,0.0
DK01_to_DB02#alt7,7,fwd,83,1100.0,2350.0,0.3628,0.0
DK01_to_DB02#alt7,7,fwd,84,1150.0,2350.0,0.4275,0.0
DK01_to_DB02#alt7,7,fwd,85,1200.0,2333.33,0.503,0.0
DK01_to_DB02#alt7,7,fwd,86,1250.0,2316.67,0.5483,0.0
DK01_to_DB02#alt7,7,fwd,87,1300.0,2283.33,0.6241,0.0
DK01_to_DB02#alt7,7,fwd,88,1350.0,2250.0,0.6241,0.0
DK01_to_DB02#alt7,7,fwd,89,1400.0,2216.67,0.6241,0.0
DK01_to_DB02#alt7,7,fwd,90,1450.0,2200.0,0.6889,0.0
DK01_to_DB02#alt7,7,fwd,91,1500.0,2183.33,0.7165,0.0
DK01_to_DB02#alt7,7,fwd,92,1550.0,2150.0,0.6065,0.0
DK01_to_DB02#alt7,7,fwd,93,1600.0,2100.0,0.503,0.0
DK01_to_DB02#alt7,7,fwd,94,1650.0,2050.0,0.4346,0.0
DK01_to_DB02#alt7,7,fwd,95,1700.0,2000.0,0.4076,0.0
DK01_to_DB02#alt7,7,fwd,96,1750.0,1950.0,0.4346,0.0
DK01_to_DB02#alt7,7,fwd,97,1800.0,1900.0,0.503,0.0
DK01_to_DB02#alt7,7,fwd,98,1850.0,1850.0,0.5483,0.0
DK01_to_DB02#alt7,7,fwd,99,1900.0,1800.0,0.5903,0.0
DK01_to_DB02#alt7,7,fwd,100,1950.0,1750.0,0.6241,0.0
DK01_to_DB02#alt7,7,fwd,101,2000.0,1700.0,0.6241,0.0
DK01_to_DB02#alt7,7,fwd,102,2050.0,1650.0,0.6241,0.0
DK01_to_DB02#alt7,7,fwd,103,2100.0,1600.0,0.5903,0.0
DK01_to_DB02#alt7,7,fwd,104,2150.0,1550.0,0.5483,0.0
DK01_to_DB02#alt7,7,fwd,105,2166.67,1500.0,0.4746,0.0
DK01_to_DB02#alt7,7,fwd,106,2166.67,1450.0,0.4076,0.0
DK01_to_DB02#alt7,7,fwd,107,2150.0,1400.0,0.3485,0.0
DK01_to_DB02#alt7,7,fwd,108,2133.33,1350.0,0.2972,0.0
DK01_to_DB02#alt7,7,fwd,109,2100.0,1300.0,0.2407,0.0
DK01_to_DB02#alt7,7,fwd,110,2050.0,1250.0,0.1937,0.0
DK01_to_DB02#alt7,7,fwd,111,2000.0,1200.0,0.1551,0.0
DK01_to_DB02#alt7,7,fwd,112,1950.0,1150.0,0.1239,0.0
DK01_to_DB02#alt7,7,fwd,113,1900.0,1116.67,0.0987,0.0
DK01_to_DB02#alt7,7,fwd,114,1850.0,1100.0,0.1062,0.0
DK01_to_DB02#alt7,7,fwd,115,1800.0,1100.0,0.1183,0.0
DB02_to_DK03#alt0,0,fwd,0,1800.0,1100.0,0.1183,0.0
DB02_to_DK03#alt0,0,fwd,1,1750.0,1150.0,0.1495,0.0
DB02_to_DK03#alt0,0,fwd,2,1700.0,1200.0,0.1889,0.0
DB02_to_DK03#alt0,0,fwd,3,1650.0,1250.0,0.2384,0.0
DB02_to_DK03#alt0,0,fwd,4,1600.0,1283.33,0.3006,0.0
DB02_to_DK03#alt0,0,fwd,5,1550.0,1300.0,0.3269,0.0
DB02_to_DK03#alt0,0,fwd,6,1500.0,1300.0,0.3485,0.0
DB02_to_DK03#alt0,0,fwd,7,1450.0,1300.0,0.3628,0.0
DB02_to_DK03#alt0,0,fwd,8,1400.0,1283.33,0.3679,0.0
DB02_to_DK03#alt0,0,fwd,9,1350.0,1283.33,0.3679,0.0
DB02_to_DK03#alt0,0,fwd,10,1300.0,1266.67,0.3114,0.0
DB02_to_DK03#alt0,0,fwd,11,1250.0,1266.67,0.3114,0.0
DB02_to_DK03#alt0,0,fwd,12,1200.0,1250.0,0.3269,0.0
DB02_to_DK03#alt0,0,fwd,13,1150.0,1250.0,0.3485,0.0
DB02_to_DK03#alt0,0,fwd,14,1100.0,1250.0,0.3628,0.0
DB02_to_DK03#alt0,0,fwd,15,1050.0,1250.0,0.3679,0.0
DK03_to_DB02#alt0,0,bwd,0,1050.0,1250.0,0.3679,0.0
DK03_to_DB02#alt0,0,bwd,1,1100.0,1300.0,0.4275,0.0
DK03_to_DB02#alt0,0,bwd,2,1150.0,1350.0,0.4746,0.0
DK03_to_DB02#alt0,0,bwd,3,1200.0,1400.0,0.503,0.0
DK03_to_DB02#alt0,0,bwd,4,1250.0,1450.0,0.6065,0.0
DK03_to_DB02#alt0,0,bwd,5,1300.0,1483.33,0.7165,0.0
DK03_to_DB02#alt0,0,bwd,6,1350.0,1500.0,0.7165,0.0
DK03_to_DB02#alt0,0,bwd,7,1400.0,1500.0,0.7165,0.0
DK03_to_DB02#alt0,0,bwd,8,1450.0,1516.67,0.6889,0.0
DK03_to_DB02#alt0,0,bwd,9,1500.0,1533.33,0.6889,0.0
DK03_to_DB02#alt0,0,bwd,10,1550.0,1533.33,0.6241,0.0
DK03_to_DB02#alt0,0,bwd,11,1600.0,1500.0,0.4931,0.0
DK03_to_DB02#alt0,0,bwd,12,1650.0,1450.0,0.3895,0.0
DK03_to_DB02#alt0,0,bwd,13,1700.0,1400.0,0.3077,0.0
DK03_to_DB02#alt0,0,bwd,14,1750.0,1350.0,0.2431,0.0
DK03_to_DB02#alt0,0,bwd,15,1783.33,1300.0,0.1921,0.0
DK03_to_DB02#alt0,0,bwd,16,1800.0,1250.0,0.17,0.0
DK03_to_DB02#alt0,0,bwd,17,1800.0,1200.0,0.1517,0.0
DK03_to_DB02#alt0,0,bwd,18,1800.0,1150.0,0.1344,0.0
DK03_to_DB02#alt0,0,bwd,19,1800.0,1100.0,0.1183,0.0
DB02_to_DK03#alt1,1,fwd,0,1800.0,1100.0,0.1183,0.0
DB02_to_DK03#alt1,1,fwd,1,1750.0,1150.0,0.1495,0.0
DB02_to_DK03#alt1,1,fwd,2,1700.0,1183.33,0.1889,0.0
DB02_to_DK03#alt1,1,fwd,3,1650.0,1183.33,0.2076,0.0
DB02_to_DK03#alt1,1,fwd,4,1600.0,1183.33,0.2252,0.0
DB02_to_DK03#alt1,1,fwd,5,1550.0,1166.67,0.2057,0.0
DB02_to_DK03#alt1,1,fwd,6,1500.0,1166.67,0.2151,0.0
DB02_to_DK03#alt1,1,fwd,7,1450.0,1150.0,0.2211,0.0
DB02_to_DK03#alt1,1,fwd,8,1400.0,1166.67,0.2231,0.0
DB02_to_DK03#alt1,1,fwd,9,1350.0,1166.67,0.2231,0.0
DB02_to_DK03#alt1,1,fwd,10,1300.0,1166.67,0.2231,0.0
DB02_to_DK03#alt1,1,fwd,11,1250.0,1166.67,0.2252,0.0
DB02_to_DK03#alt1,1,fwd,12,1200.0,1183.33,0.281,0.0
DB02_to_DK03#alt1,1,fwd,13,1150.0,1216.67,0.2972,0.0
DB02_to_DK03#alt1,1,fwd,14,1100.0,1233.33,0.3628,0.0
DB02_to_DK03#alt1,1,fwd,15,1050.0,1250.0,0.3679,0.0
DK03_to_DB02#alt1,1,bwd,0,1050.0,1250.0,0.3679,0.0
DK03_to_DB02#alt1,1,bwd,1,1100.0,1200.0,0.3077,0.0
DK03_to_DB02#alt1,1,bwd,2,1150.0,1150.0,0.253,0.0
DK03_to_DB02#alt1,1,bwd,3,1200.0,1100.0,0.2057,0.0
DK03_to_DB02#alt1,1,bwd,4,1250.0,1066.67,0.1661,0.0
DK03_to_DB02#alt1,1,bwd,5,1300.0,1050.0,0.1599,0.0
DK03_to_DB02#alt1,1,bwd,6,1350.0,1050.0,0.1599,0.0
DK03_to_DB02#alt1,1,bwd,7,1400.0,1066.67,0.1599,0.0
DK03_to_DB02#alt1,1,bwd,8,1450.0,1066.67,0.1587,0.0
DK03_to_DB02#alt1,1,bwd,9,1500.0,1083.33,0.1827,0.0
DK03_to_DB02#alt1,1,bwd,10,1550.0,1083.33,0.1755,0.0
DK03_to_DB02#alt1,1,bwd,11,1600.0,1100.0,0.1661,0.0
DK03_to_DB02#alt1,1,bwd,12,1650.0,1100.0,0.1551,0.0
DK03_to_DB02#alt1,1,bwd,13,1700.0,1100.0,0.1432,0.0
DK03_to_DB02#alt1,1,bwd,14,1750.0,1100.0,0.1308,0.0
DK03_to_DB02#alt1,1,bwd,15,1800.0,1100.0,0.1183,0.0
DB02_to_DK03#alt2,2,fwd,0,1800.0,1100.0,0.1183,0.0
DB02_to_DK03#alt2,2,fwd,1,1850.0,1150.0,0.1199,0.0
DB02_to_DK03#alt2,2,fwd,2,1883.33,1200.0,0.1335,0.0
DB02_to_DK03#alt2,2,fwd,3,1900.0,1250.0,0.1551,0.0
DB02_to_DK03#alt2,2,fwd,4,1900.0,1300.0,0.1798,0.0
DB02_to_DK03#alt2,2,fwd,5,1883.33,1350.0,0.2076,0.0
DB02_to_DK03#alt2,2,fwd,6,1850.0,1400.0,0.2151,0.0
DB02_to_DK03#alt2,2,fwd,7,1800.0,1450.0,0.2721,0.0
DB02_to_DK03#alt2,2,fwd,8,1750.0,1500.0,0.344,0.0
DB02_to_DK03#alt2,2,fwd,9,1700.0,1550.0,0.4346,0.0
DB02_to_DK03#alt2,2,fwd,10,1650.0,1600.0,0.5483,0.0
DB02_to_DK03#alt2,2,fwd,11,1616.67,1650.0,0.6889,0.0
DB02_to_DK03#alt2,2,fwd,12,1600.0,1700.0,0.7165,0.0
DB02_to_DK03#alt2,2,fwd,13,1600.0,1750.0,0.7165,0.0
DB02_to_DK03#alt2,2,fwd,14,1600.0,1800.0,0.7165,0.0
DB02_to_DK03#alt2,2,fwd,15,1583.33,1850.0,0.6889,0.0
DB02_to_DK03#alt2,2,fwd,16,1566.67,1900.0,0.7165,0.0
DB02_to_DK03#alt2,2,fwd,17,1533.33,1950.0,0.6889,0.0
DB02_to_DK03#alt2,2,fwd,18,1500.0,2000.0,0.6889,0.0
DB02_to_DK03#alt2,2,fwd,19,1450.0,2050.0,0.6889,0.0
DB02_to_DK03#alt2,2,fwd,20,1400.0,2066.67,0.7165,0.0
DB02_to_DK03#alt2,2,fwd,21,1350.0,2083.33,0.6065,0.0
DB02_to_DK03#alt2,2,fwd,22,1300.0,2083.33,0.6065,0.0
DB02_to_DK03#alt2,2,fwd,23,1250.0,2100.0,0.6065,0.0
DB02_to_DK03#alt2,2,fwd,24,1200.0,2083.33,0.5903,0.0
DB02_to_DK03#alt2,2,fwd,25,1150.0,2050.0,0.6241,0.0
DB02_to_DK03#alt2,2,fwd,26,1100.0,2000.0,0.6241,0.0
DB02_to_DK03#alt2,2,fwd,27,1050.0,1966.67,0.6241,0.0
DB02_to_DK03#alt2,2,fwd,28,1000.0,1933.33,0.5483,0.0
DB02_to_DK03#alt2,2,fwd,29,950.0,1900.0,0.5903,0.0
DB02_to_DK03#alt2,2,fwd,30,900.0,1850.0,0.6241,0.0
DB02_to_DK03#alt2,2,fwd,31,850.0,1800.0,0.6241,0.0
DB02_to_DK03#alt2,2,fwd,32,816.67,1750.0,0.6241,0.0
DB02_to_DK03#alt2,2,fwd,33,800.0,1700.0,0.6889,0.0
DB02_to_DK03#alt2,2,fwd,34,800.0,1650.0,0.7165,0.0
DB02_to_DK03#alt2,2,fwd,35,816.67,1600.0,0.6889,0.0
DB02_to_DK03#alt2,2,fwd,36,833.33,1550.0,0.7165,0.0
DB02_to_DK03#alt2,2,fwd,37,850.0,1500.0,0.6889,0.0
DB02_to_DK03#alt2,2,fwd,38,900.0,1450.0,0.6889,0.0
DB02_to_DK03#alt2,2,fwd,39,950.0,1400.0,0.6065,0.0
DB02_to_DK03#alt2,2,fwd,40,1000.0,1350.0,0.5134,0.0
DB02_to_DK03#alt2,2,fwd,41,1033.33,1300.0,0.4346,0.0
DB02_to_DK03#alt2,2,fwd,42,1050.0,1250.0,0.3679,0.0
DK03_to_DB02#alt2,2,bwd,0,1050.0,1250.0,0.3679,0.0
DK03_to_DB02#alt2,2,bwd,1,1100.0,1300.0,0.4275,0.0
DK03_to_DB02#alt2,2,bwd,2,1150.0,1350.0,0.4746,0.0
DK03_to_DB02#alt2,2,bwd,3,1200.0,1383.33,0.503,0.0
DK03_to_DB02#alt2,2,bwd,4,1250.0,1400.0,0.5134,0.0
DK03_to_DB02#alt2,2,bwd,5,1300.0,1400.0,0.5134,0.0
DK03_to_DB02#alt2,2,bwd,6,1350.0,1400.0,0.5134,0.0
DK03_to_DB02#alt2,2,bwd,7,1400.0,1400.0,0.5134,0.0
DK03_to_DB02#alt2,2,bwd,8,1450.0,1400.0,0.503,0.0
DK03_to_DB02#alt2,2,bwd,9,1500.0,1400.0,0.4746,0.0
DK03_to_DB02#alt2,2,bwd,10,1550.0,1383.33,0.4346,0.0
DK03_to_DB02#alt2,2,bwd,11,1600.0,1350.0,0.344,0.0
DK03_to_DB02#alt2,2,bwd,12,1650.0,1300.0,0.2721,0.0
DK03_to_DB02#alt2,2,bwd,13,1700.0,1250.0,0.2151,0.0
DK03_to_DB02#alt2,2,bwd,14,1750.0,1200.0,0.17,0.0
DK03_to_DB02#alt2,2,bwd,15,1783.33,1150.0,0.1344,0.0
DK03_to_DB02#alt2,2,bwd,16,1800.0,1100.0,0.1183,0.0
DB02_to_DK03#alt3,3,fwd,0,1800.0,1100.0,0.1183,0.0
DB02_to_DK03#alt3,3,fwd,1,1850.0,1150.0,0.1199,0.0
DB02_to_DK03#alt3,3,fwd,2,1900.0,1200.0,0.1335,0.0
DB02_to_DK03#alt3,3,fwd,3,1950.0,1250.0,0.1661,0.0
DB02_to_DK03#alt3,3,fwd,4,1983.33,1300.0,0.2076,0.0
DB02_to_DK03#alt3,3,fwd,5,2016.67,1350.0,0.2407,0.0
DB02_to_DK03#alt3,3,fwd,6,2033.33,1400.0,0.3006,0.0
DB02_to_DK03#alt3,3,fwd,7,2050.0,1450.0,0.3485,0.0
DB02_to_DK03#alt3,3,fwd,8,2033.33,1500.0,0.4076,0.0
DB02_to_DK03#alt3,3,fwd,9,2000.0,1550.0,0.4346,0.0
DB02_to_DK03#alt3,3,fwd,10,1950.0,1600.0,0.4346,0.0
DB02_to_DK03#alt3,3,fwd,11,1916.67,1650.0,0.4346,0.0
DB02_to_DK03#alt3,3,fwd,12,1900.0,1700.0,0.4931,0.0
DB02_to_DK03#alt3,3,fwd,13,1900.0,1750.0,0.5483,0.0
DB02_to_DK03#alt3,3,fwd,14,1900.0,1800.0,0.5903,0.0
DB02_to_DK03#alt3,3,fwd,15,1900.0,1850.0,0.6241,0.0
DB02_to_DK03#alt3,3,fwd,16,1900.0,1900.0,0.6889,0.0
DB02_to_DK03#alt3,3,fwd,17,1883.33,1950.0,0.7165,0.0
DB02_to_DK03#alt3,3,fwd,18,1850.0,2000.0,0.6065,0.0
DB02_to_DK03#alt3,3,fwd,19,1816.67,2050.0,0.5134,0.0
DB02_to_DK03#alt3,3,fwd,20,1800.0,2100.0,0.5134,0.0
DB02_to_DK03#alt3,3,fwd,21,1800.0,2150.0,0.5134,0.0
DB02_to_DK03#alt3,3,fwd,22,1800.0,2200.0,0.5134,0.0
DB02_to_DK03#alt3,3,fwd,23,1800.0,2250.0,0.5483,0.0
DB02_to_DK03#alt3,3,fwd,24,1800.0,2300.0,0.5903,0.0
DB02_to_DK03#alt3,3,fwd,25,1800.0,2350.0,0.6241,0.0
DB02_to_DK03#alt3,3,fwd,26,1800.0,2400.0,0.6889,0.0
DB02_to_DK03#alt3,3,fwd,27,1800.0,2450.0,0.7165,0.0
DB02_to_DK03#alt3,3,fwd,28,1800.0,2500.0,0.7165,0.0
DB02_to_DK03#alt3,3,fwd,29,1783.33,2550.0,0.6889,0.0
DB02_to_DK03#alt3,3,fwd,30,1750.0,2600.0,0.6889,0.0
DB02_to_DK03#alt3,3,fwd,31,1700.0,2650.0,0.6889,0.0
DB02_to_DK03#alt3,3,fwd,32,1650.0,2700.0,0.6889,0.0
DB02_to_DK03#alt3,3,fwd,33,1600.0,2750.0,0.6065,0.0
DB02_to_DK03#alt3,3,fwd,34,1550.0,2800.0,0.5134,0.0
DB02_to_DK03#alt3,3,fwd,35,1500.0,2850.0,0.4346,0.0
DB02_to_DK03#alt3,3,fwd,36,1450.0,2883.33,0.4275,0.0
DB02_to_DK03#alt3,3,fwd,37,1400.0,2900.0,0.4346,0.0
DB02_to_DK03#alt3,3,fwd,38,1350.0,2900.0,0.4746,0.0
DB02_to_DK03#alt3,3,fwd,39,1300.0,2900.0,0.503,0.0
DB02_to_DK03#alt3,3,fwd,40,1250.0,2900.0,0.5134,0.0
DB02_to_DK03#alt3,3,fwd,41,1200.0,2900.0,0.503,0.0
DB02_to_DK03#alt3,3,fwd,42,1150.0,2900.0,0.4746,0.0
DB02_to_DK03#alt3,3,fwd,43,1100.0,2900.0,0.4346,0.0
DB02_to_DK03#alt3,3,fwd,44,1050.0,2900.0,0.4275,0.0
DB02_to_DK03#alt3,3,fwd,45,1000.0,2900.0,0.4076,0.0
DB02_to_DK03#alt3,3,fwd,46,950.0,2883.33,0.3784,0.0
DB02_to_DK03#alt3,3,fwd,47,900.0,2850.0,0.3006,0.0
DB02_to_DK03#alt3,3,fwd,48,866.67,2800.0,0.2407,0.0
DB02_to_DK03#alt3,3,fwd,49,850.0,2750.0,0.2076,0.0
DB02_to_DK03#alt3,3,fwd,50,833.33,2700.0,0.1798,0.0
DB02_to_DK03#alt3,3,fwd,51,816.67,2650.0,0.1432,0.0
DB02_to_DK03#alt3,3,fwd,52,783.33,2600.0,0.1344,0.0
DB02_to_DK03#alt3,3,fwd,53,750.0,2550.0,0.1146,0.0
DB02_to_DK03#alt3,3,fwd,54,700.0,2500.0,0.097,0.0
DB02_to_DK03#alt3,3,fwd,55,650.0,2450.0,0.0821,0.0
DB02_to_DK03#alt3,3,fwd,56,616.67,2400.0,0.0785,0.0
DB02_to_DK03#alt3,3,fwd,57,600.0,2350.0,0.0904,0.0
DB02_to_DK03#alt3,3,fwd,58,583.33,2300.0,0.1036,0.0
DB02_to_DK03#alt3,3,fwd,59,550.0,2250.0,0.1062,0.0
DB02_to_DK03#alt3,3,fwd,60,500.0,2200.0,0.1062,0.0
DB02_to_DK03#alt3,3,fwd,61,450.0,2150.0,0.1062,0.0
DB02_to_DK03#alt3,3,fwd,62,400.0,2100.0,0.1062,0.0
DB02_to_DK03#alt3,3,fwd,63,350.0,2050.0,0.1036,0.0
DB02_to_DK03#alt3,3,fwd,64,300.0,2000.0,0.0987,0.0
DB02_to_DK03#alt3,3,fwd,65,283.33,1950.0,0.1069,0.0
DB02_to_DK03#alt3,3,fwd,66,300.0,1900.0,0.1146,0.0
DB02_to_DK03#alt3,3,fwd,67,350.0,1850.0,0.1422,0.0
DB02_to_DK03#alt3,3,fwd,68,383.33,1800.0,0.1755,0.0
DB02_to_DK03#alt3,3,fwd,69,400.0,1750.0,0.1827,0.0
DB02_to_DK03#alt3,3,fwd,70,400.0,1700.0,0.1873,0.0
DB02_to_DK03#alt3,3,fwd,71,400.0,1650.0,0.1889,0.0
DB02_to_DK03#alt3,3,fwd,72,400.0,1600.0,0.1873,0.0
DB02_to_DK03#alt3,3,fwd,73,416.67,1550.0,0.1827,0.0
DB02_to_DK03#alt3,3,fwd,74,450.0,1500.0,0.2057,0.0
DB02_to_DK03#alt3,3,fwd,75,500.0,1450.0,0.2252,0.0
DB02_to_DK03#alt3,3,fwd,76,550.0,1400.0,0.2407,0.0
DB02_to_DK03#alt3,3,fwd,77,600.0,1350.0,0.2609,0.0
DB02_to_DK03#alt3,3,fwd,78,650.0,1300.0,0.2721,0.0
DB02_to_DK03#alt3,3,fwd,79,700.0,1266.67,0.2721,0.0
DB02_to_DK03#alt3,3,fwd,80,750.0,1250.0,0.3006,0.0
DB02_to_DK03#alt3,3,fwd,81,800.0,1250.0,0.3269,0.0
DB02_to_DK03#alt3,3,fwd,82,850.0,1250.0,0.3485,0.0
DB02_to_DK03#alt3,3,fwd,83,900.0,1250.0,0.3628,0.0
DB02_to_DK03#alt3,3,fwd,84,950.0,1250.0,0.3679,0.0
DB02_to_DK03#alt3,3,fwd,85,1000.0,1250.0,0.3679,0.0
DB02_to_DK03#alt3,3,fwd,86,1050.0,1250.0,0.3679,0.0
DK03_to_DB02#alt3,3,bwd,0,1050.0,1250.0,0.3679,0.0
DK03_to_DB02#alt3,3,bwd,1,1000.0,1200.0,0.3114,0.0
DK03_to_DB02#alt3,3,bwd,2,950.0,1166.67,0.2636,0.0
DK03_to_DB02#alt3,3,bwd,3,900.0,1150.0,0.2609,0.0
DK03_to_DB02#alt3,3,bwd,4,850.0,1150.0,0.253,0.0
DK03_to_DB02#alt3,3,bwd,5,800.0,1150.0,0.2407,0.0
DK03_to_DB02#alt3,3,bwd,6,750.0,1150.0,0.2252,0.0
DK03_to_DB02#alt3,3,bwd,7,700.0,1150.0,0.2231,0.0
DK03_to_DB02#alt3,3,bwd,8,650.0,1166.67,0.2211,0.0
DK03_to_DB02#alt3,3,bwd,9,600.0,1200.0,0.1921,0.0
DK03_to_DB02#alt3,3,bwd,10,550.0,1250.0,0.1889,0.0
DK03_to_DB02#alt3,3,bwd,11,500.0,1300.0,0.1798,0.0
DK03_to_DB02#alt3,3,bwd,12,450.0,1350.0,0.1661,0.0
DK03_to_DB02#alt3,3,bwd,13,400.0,1400.0,0.1551,0.0
DK03_to_DB02#alt3,3,bwd,14,350.0,1450.0,0.1422,0.0
DK03_to_DB02#alt3,3,bwd,15,300.0,1500.0,0.1273,0.0
DK03_to_DB02#alt3,3,bwd,16,250.0,1550.0,0.1117,0.0
DK03_to_DB02#alt3,3,bwd,17,200.0,1600.0,0.0964,0.0
DK03_to_DB02#alt3,3,bwd,18,150.0,1650.0,0.0821,0.0
DK03_to_DB02#alt3,3,bwd,19,100.0,1700.0,0.0691,0.0
DK03_to_DB02#alt3,3,bwd,20,66.67,1750.0,0.0577,0.0
DK03_to_DB02#alt3,3,bwd,21,50.0,1800.0,0.0563,0.0
DK03_to_DB02#alt3,3,bwd,22,50.0,1850.0,0.0544,0.0
DK03_to_DB02#alt3,3,bwd,23,50.0,1900.0,0.0522,0.0
DK03_to_DB02#alt3,3,bwd,24,50.0,1950.0,0.0496,0.0
DK03_to_DB02#alt3,3,bwd,25,50.0,2000.0,0.0467,0.0
DK03_to_DB02#alt3,3,bwd,26,50.0,2050.0,0.0437,0.0
DK03_to_DB02#alt3,3,bwd,27,50.0,2100.0,0.0405,0.0
DK03_to_DB02#alt3,3,bwd,28,50.0,2150.0,0.0374,0.0
DK03_to_DB02#alt3,3,bwd,29,50.0,2200.0,0.0342,0.0
DK03_to_DB02#alt3,3,bwd,30,50.0,2250.0,0.0312,0.0
DK03_to_DB02#alt3,3,bwd,31,50.0,2300.0,0.0282,0.0
DK03_to_DB02#alt3,3,bwd,32,50.0,2350.0,0.0255,0.0
DK03_to_DB02#alt3,3,bwd,33,66.67,2400.0,0.0229,0.0
DK03_to_DB02#alt3,3,bwd,34,100.0,2450.0,0.023,0.0
DK03_to_DB02#alt3,3,bwd,35,133.33,2500.0,0.0259,0.0
DK03_to_DB02#alt3,3,bwd,36,150.0,2550.0,0.0289,0.0
DK03_to_DB02#alt3,3,bwd,37,150.0,2600.0,0.0322,0.0
DK03_to_DB02#alt3,3,bwd,38,150.0,2650.0,0.0357,0.0
DK03_to_DB02#alt3,3,bwd,39,150.0,2700.0,0.0393,0.0
DK03_to_DB02#alt3,3,bwd,40,150.0,2750.0,0.0431,0.0
DK03_to_DB02#alt3,3,bwd,41,150.0,2800.0,0.0469,0.0
DK03_to_DB02#alt3,3,bwd,42,150.0,2850.0,0.0507,0.0
DK03_to_DB02#alt3,3,bwd,43,150.0,2900.0,0.0544,0.0
DK03_to_DB02#alt3,3,bwd,44,150.0,2950.0,0.0588,0.0
DK03_to_DB02#alt3,3,bwd,45,150.0,3000.0,0.0634,0.0
DK03_to_DB02#alt3,3,bwd,46,150.0,3050.0,0.0677,0.0
DK03_to_DB02#alt3,3,bwd,47,150.0,3100.0,0.0717,0.0
DK03_to_DB02#alt3,3,bwd,48,150.0,3150.0,0.0752,0.0
DK03_to_DB02#alt3,3,bwd,49,150.0,3200.0,0.079,0.0
DK03_to_DB02#alt3,3,bwd,50,150.0,3250.0,0.0839,0.0
DK03_to_DB02#alt3,3,bwd,51,150.0,3300.0,0.0883,0.0
DK03_to_DB02#alt3,3,bwd,52,150.0,3350.0,0.092,0.0
DK03_to_DB02#alt3,3,bwd,53,150.0,3400.0,0.0947,0.0
DK03_to_DB02#alt3,3,bwd,54,150.0,3450.0,0.0964,0.0
DK03_to_DB02#alt3,3,bwd,55,150.0,3500.0,0.097,0.0
DK03_to_DB02#alt3,3,bwd,56,150.0,3550.0,0.0964,0.0
DK03_to_DB02#alt3,3,bwd,57,166.67,3600.0,0.0947,0.0
DK03_to_DB02#alt3,3,bwd,58,200.0,3650.0,0.1082,0.0
DK03_to_DB02#alt3,3,bwd,59,250.0,3700.0,0.1215,0.0
DK03_to_DB02#alt3,3,bwd,60,300.0,3750.0,0.1495,0.0
DK03_to_DB02#alt3,3,bwd,61,350.0,3800.0,0.1827,0.0
DK03_to_DB02#alt3,3,bwd,62,400.0,3850.0,0.2211,0.0
DK03_to_DB02#alt3,3,bwd,63,450.0,3900.0,0.2636,0.0
DK03_to_DB02#alt3,3,bwd,64,500.0,3950.0,0.3114,0.0
DK03_to_DB02#alt3,3,bwd,65,550.0,3983.33,0.3679,0.0
DK03_to_DB02#alt3,3,bwd,66,600.0,4000.0,0.3679,0.0
DK03_to_DB02#alt3,3,bwd,67,650.0,4000.0,0.3679,0.0
DK03_to_DB02#alt3,3,bwd,68,700.0,4000.0,0.3628,0.0
DK03_to_DB02#alt3,3,bwd,69,750.0,4000.0,0.3784,0.0
DK03_to_DB02#alt3,3,bwd,70,800.0,4000.0,0.4076,0.0
DK03_to_DB02#alt3,3,bwd,71,850.0,4000.0,0.4346,0.0
DK03_to_DB02#alt3,3,bwd,72,900.0,4000.0,0.4746,0.0
DK03_to_DB02#alt3,3,bwd,73,950.0,4000.0,0.503,0.0
DK03_to_DB02#alt3,3,bwd,74,1000.0,4000.0,0.5483,0.0
DK03_to_DB02#alt3,3,bwd,75,1050.0,4000.0,0.5903,0.0
DK03_to_DB02#alt3,3,bwd,76,1100.0,4000.0,0.6065,0.0
DK03_to_DB02#alt3,3,bwd,77,1150.0,4000.0,0.6241,0.0
DK03_to_DB02#alt3,3,bwd,78,1200.0,4000.0,0.6889,0.0
DK03_to_DB02#alt3,3,bwd,79,1250.0,4000.0,0.7165,0.0
DK03_to_DB02#alt3,3,bwd,80,1300.0,3983.33,0.6889,0.0
DK03_to_DB02#alt3,3,bwd,81,1350.0,3966.67,0.7165,0.0
DK03_to_DB02#alt3,3,bwd,82,1400.0,3950.0,0.7165,0.0
DK03_to_DB02#alt3,3,bwd,83,1450.0,3933.33,0.6889,0.0
DK03_to_DB02#alt3,3,bwd,84,1500.0,3916.67,0.7165,0.0
DK03_to_DB02#alt3,3,bwd,85,1550.0,3883.33,0.6889,0.0
DK03_to_DB02#alt3,3,bwd,86,1600.0,3850.0,0.6889,0.0
DK03_to_DB02#alt3,3,bwd,87,1650.0,3800.0,0.6889,0.0
DK03_to_DB02#alt3,3,bwd,88,1700.0,3766.67,0.6241,0.0
DK03_to_DB02#alt3,3,bwd,89,1750.0,3733.33,0.5483,0.0
DK03_to_DB02#alt3,3,bwd,90,1800.0,3716.67,0.6889,0.0
DK03_to_DB02#alt3,3,bwd,91,1850.0,3700.0,0.7165,0.0
DK03_to_DB02#alt3,3,bwd,92,1900.0,3700.0,0.7165,0.0
DK03_to_DB02#alt3,3,bwd,93,1950.0,3700.0,0.7165,0.0
DK03_to_DB02#alt3,3,bwd,94,2000.0,3700.0,0.7165,0.0
DK03_to_DB02#alt3,3,bwd,95,2050.0,3700.0,0.7165,0.0
DK03_to_DB02#alt3,3,bwd,96,2100.0,3700.0,0.6889,0.0
DK03_to_DB02#alt3,3,bwd,97,2150.0,3650.0,0.6889,0.0
DK03_to_DB02#alt3,3,bwd,98,2200.0,3600.0,0.6889,0.0
DK03_to_DB02#alt3,3,bwd,99,2250.0,3550.0,0.6889,0.0
DK03_to_DB02#alt3,3,bwd,100,2283.33,3500.0,0.6065,0.0
DK03_to_DB02#alt3,3,bwd,101,2300.0,3450.0,0.6065,0.0
DK03_to_DB02#alt3,3,bwd,102,2300.0,3400.0,0.6065,0.0
DK03_to_DB02#alt3,3,bwd,103,2300.0,3350.0,0.6065,0.0
DK03_to_DB02#alt3,3,bwd,104,2300.0,3300.0,0.6065,0.0
DK03_to_DB02#alt3,3,bwd,105,2300.0,3250.0,0.5903,0.0
DK03_to_DB02#alt3,3,bwd,106,2300.0,3200.0,0.5483,0.0
DK03_to_DB02#alt3,3,bwd,107,2316.67,3150.0,0.6241,0.0
DK03_to_DB02#alt3,3,bwd,108,2350.0,3100.0,0.5903,0.0
DK03_to_DB02#alt3,3,bwd,109,2400.0,3050.0,0.5483,0.0
DK03_to_DB02#alt3,3,bwd,110,2450.0,3000.0,0.503,0.0
DK03_to_DB02#alt3,3,bwd,111,2500.0,2950.0,0.503,0.0
DK03_to_DB02#alt3,3,bwd,112,2550.0,2900.0,0.5483,0.0
DK03_to_DB02#alt3,3,bwd,113,2600.0,2850.0,0.5483,0.0
DK03_to_DB02#alt3,3,bwd,114,2650.0,2800.0,0.5483,0.0
DK03_to_DB02#alt3,3,bwd,115,2700.0,2750.0,0.503,0.0
DK03_to_DB02#alt3,3,bwd,116,2750.0,2700.0,0.4346,0.0
DK03_to_DB02#alt3,3,bwd,117,2800.0,2650.0,0.4346,0.0
DK03_to_DB02#alt3,3,bwd,118,2850.0,2600.0,0.4346,0.0
DK03_to_DB02#alt3,3,bwd,119,2900.0,2550.0,0.4346,0.0
DK03_to_DB02#alt3,3,bwd,120,2950.0,2500.0,0.4346,0.0
DK03_to_DB02#alt3,3,bwd,121,3000.0,2450.0,0.4076,0.0
DK03_to_DB02#alt3,3,bwd,122,3016.67,2400.0,0.4346,0.0
DK03_to_DB02#alt3,3,bwd,123,3016.67,2350.0,0.4746,0.0
DK03_to_DB02#alt3,3,bwd,124,3000.0,2300.0,0.503,0.0
DK03_to_DB02#alt3,3,bwd,125,2983.33,2250.0,0.5134,0.0
DK03_to_DB02#alt3,3,bwd,126,2966.67,2200.0,0.6065,0.0
DK03_to_DB02#alt3,3,bwd,127,2950.0,2150.0,0.6065,0.0
DK03_to_DB02#alt3,3,bwd,128,2950.0,2100.0,0.6065,0.0
DK03_to_DB02#alt3,3,bwd,129,2933.33,2050.0,0.6065,0.0
DK03_to_DB02#alt3,3,bwd,130,2916.67,2000.0,0.7165,0.0
DK03_to_DB02#alt3,3,bwd,131,2900.0,1950.0,0.7165,0.0
DK03_to_DB02#alt3,3,bwd,132,2900.0,1900.0,0.6889,0.0
DK03_to_DB02#alt3,3,bwd,133,2883.33,1850.0,0.6241,0.0
DK03_to_DB02#alt3,3,bwd,134,2866.67,1800.0,0.6889,0.0
DK03_to_DB02#alt3,3,bwd,135,2850.0,1750.0,0.6241,0.0
DK03_to_DB02#alt3,3,bwd,136,2833.33,1700.0,0.5483,0.0
DK03_to_DB02#alt3,3,bwd,137,2800.0,1650.0,0.5483,0.0
DK03_to_DB02#alt3,3,bwd,138,2750.0,1600.0,0.5903,0.0
DK03_to_DB02#alt3,3,bwd,139,2700.0,1566.67,0.6241,0.0
DK03_to_DB02#alt3,3,bwd,140,2650.0,1550.0,0.5483,0.0
DK03_to_DB02#alt3,3,bwd,141,2600.0,1533.33,0.5903,0.0
DK03_to_DB02#alt3,3,bwd,142,2550.0,1516.67,0.5134,0.0
DK03_to_DB02#alt3,3,bwd,143,2500.0,1483.33,0.5134,0.0
DK03_to_DB02#alt3,3,bwd,144,2450.0,1450.0,0.4346,0.0
DK03_to_DB02#alt3,3,bwd,145,2400.0,1400.0,0.3679,0.0
DK03_to_DB02#alt3,3,bwd,146,2350.0,1350.0,0.3114,0.0
DK03_to_DB02#alt3,3,bwd,147,2300.0,1300.0,0.2636,0.0
DK03_to_DB02#alt3,3,bwd,148,2250.0,1250.0,0.2231,0.0
DK03_to_DB02#alt3,3,bwd,149,2200.0,1200.0,0.1873,0.0
DK03_to_DB02#alt3,3,bwd,150,2150.0,1150.0,0.1551,0.0
DK03_to_DB02#alt3,3,bwd,151,2100.0,1116.67,0.1273,0.0
DK03_to_DB02#alt3,3,bwd,152,2050.0,1100.0,0.1215,0.0
DK03_to_DB02#alt3,3,bwd,153,2000.0,1100.0,0.1146,0.0
DK03_to_DB02#alt3,3,bwd,154,1950.0,1100.0,0.1069,0.0
DK03_to_DB02#alt3,3,bwd,155,1900.0,1100.0,0.0987,0.0
DK03_to_DB02#alt3,3,bwd,156,1850.0,1100.0,0.1062,0.0
DK03_to_DB02#alt3,3,bwd,157,1800.0,1100.0,0.1183,0.0
DB02_to_DK03#alt4,4,fwd,0,1800.0,1100.0,0.1183,0.0
DB02_to_DK03#alt4,4,fwd,1,1750.0,1050.0,0.1138,0.0
DB02_to_DK03#alt4,4,fwd,2,1700.0,1000.0,0.1069,0.0
DB02_to_DK03#alt4,4,fwd,3,1650.0,966.67,0.0981,0.0
DB02_to_DK03#alt4,4,fwd,4,1600.0,950.0,0.1036,0.0
DB02_to_DK03#alt4,4,fwd,5,1550.0,950.0,0.1082,0.0
DB02_to_DK03#alt4,4,fwd,6,1500.0,950.0,0.1117,0.0
DB02_to_DK03#alt4,4,fwd,7,1450.0,950.0,0.1138,0.0
DB02_to_DK03#alt4,4,fwd,8,1400.0,950.0,0.1146,0.0
DB02_to_DK03#alt4,4,fwd,9,1350.0,950.0,0.1146,0.0
DB02_to_DK03#alt4,4,fwd,10,1300.0,966.67,0.1335,0.0
DB02_to_DK03#alt4,4,fwd,11,1250.0,1000.0,0.1432,0.0
DB02_to_DK03#alt4,4,fwd,12,1200.0,1050.0,0.1755,0.0
DB02_to_DK03#alt4,4,fwd,13,1150.0,1100.0,0.2151,0.0
DB02_to_DK03#alt4,4,fwd,14,1100.0,1150.0,0.2609,0.0
DB02_to_DK03#alt4,4,fwd,15,1066.67,1200.0,0.3114,0.0
DB02_to_DK03#alt4,4,fwd,16,1050.0,1250.0,0.3679,0.0
DK03_to_DB02#alt5,5,bwd,0,1050.0,1250.0,0.3679,0.0
DK03_to_DB02#alt5,5,bwd,1,1000.0,1200.0,0.3114,0.0
DK03_to_DB02#alt5,5,bwd,2,966.67,1150.0,0.2636,0.0
DK03_to_DB02#alt5,5,bwd,3,966.67,1100.0,0.2252,0.0
DK03_to_DB02#alt5,5,bwd,4,1000.0,1050.0,0.2384,0.0
DK03_to_DB02#alt5,5,bwd,5,1050.0,1000.0,0.2431,0.0
DK03_to_DB02#alt5,5,bwd,6,1100.0,950.0,0.2384,0.0
DK03_to_DB02#alt5,5,bwd,7,1150.0,900.0,0.2252,0.0
DK03_to_DB02#alt5,5,bwd,8,1200.0,850.0,0.2057,0.0
DK03_to_DB02#alt5,5,bwd,9,1250.0,800.0,0.1827,0.0
DK03_to_DB02#alt5,5,bwd,10,1300.0,750.0,0.1587,0.0
DK03_to_DB02#alt5,5,bwd,11,1350.0,700.0,0.1353,0.0
DK03_to_DB02#alt5,5,bwd,12,1400.0,666.67,0.1146,0.0
DK03_to_DB02#alt5,5,bwd,13,1450.0,650.0,0.097,0.0
DK03_to_DB02#alt5,5,bwd,14,1500.0,666.67,0.0821,0.0
DK03_to_DB02#alt5,5,bwd,15,1550.0,700.0,0.0695,0.0
DK03_to_DB02#alt5,5,bwd,16,1600.0,750.0,0.0585,0.0
DK03_to_DB02#alt5,5,bwd,17,1650.0,800.0,0.0612,0.0
DK03_to_DB02#alt5,5,bwd,18,1700.0,850.0,0.0677,0.0
DK03_to_DB02#alt5,5,bwd,19,1750.0,900.0,0.0736,0.0
DK03_to_DB02#alt5,5,bwd,20,1783.33,950.0,0.0785,0.0
DK03_to_DB02#alt5,5,bwd,21,1800.0,1000.0,0.0904,0.0
DK03_to_DB02#alt5,5,bwd,22,1800.0,1050.0,0.1036,0.0
DK03_to_DB02#alt5,5,bwd,23,1800.0,1100.0,0.1183,0.0
DB02_to_DK03#alt6,6,fwd,0,1800.0,1100.0,0.1183,0.0
DB02_to_DK03#alt6,6,fwd,1,1850.0,1150.0,0.1199,0.0
DB02_to_DK03#alt6,6,fwd,2,1883.33,1200.0,0.1335,0.0
DB02_to_DK03#alt6,6,fwd,3,1900.0,1250.0,0.1551,0.0
DB02_to_DK03#alt6,6,fwd,4,1900.0,1300.0,0.1798,0.0
DB02_to_DK03#alt6,6,fwd,5,1900.0,1350.0,0.2076,0.0
DB02_to_DK03#alt6,6,fwd,6,1900.0,1400.0,0.2384,0.0
DB02_to_DK03#alt6,6,fwd,7,1900.0,1450.0,0.2721,0.0
DB02_to_DK03#alt6,6,fwd,8,1883.33,1500.0,0.3077,0.0
DB02_to_DK03#alt6,6,fwd,9,1850.0,1550.0,0.3077,0.0
DB02_to_DK03#alt6,6,fwd,10,1800.0,1600.0,0.3485,0.0
DB02_to_DK03#alt6,6,fwd,11,1750.0,1650.0,0.4275,0.0
DB02_to_DK03#alt6,6,fwd,12,1716.67,1700.0,0.5134,0.0
DB02_to_DK03#alt6,6,fwd,13,1700.0,1750.0,0.5134,0.0
DB02_to_DK03#alt6,6,fwd,14,1700.0,1800.0,0.5134,0.0
DB02_to_DK03#alt6,6,fwd,15,1700.0,1850.0,0.503,0.0
DB02_to_DK03#alt6,6,fwd,16,1700.0,1900.0,0.4746,0.0
DB02_to_DK03#alt6,6,fwd,17,1700.0,1950.0,0.4346,0.0
DB02_to_DK03#alt6,6,fwd,18,1700.0,2000.0,0.4076,0.0
DB02_to_DK03#alt6,6,fwd,19,1683.33,2050.0,0.3784,0.0
DB02_to_DK03#alt6,6,fwd,20,1650.0,2100.0,0.4746,0.0
DB02_to_DK03#alt6,6,fwd,21,1600.0,2150.0,0.5903,0.0
DB02_to_DK03#alt6,6,fwd,22,1550.0,2183.33,0.7165,0.0
DB02_to_DK03#alt6,6,fwd,23,1500.0,2200.0,0.7165,0.0
DB02_to_DK03#alt6,6,fwd,24,1450.0,2216.67,0.6889,0.0
DB02_to_DK03#alt6,6,fwd,25,1400.0,2216.67,0.6241,0.0
DB02_to_DK03#alt6,6,fwd,26,1350.0,2216.67,0.5483,0.0
DB02_to_DK03#alt6,6,fwd,27,1300.0,2200.0,0.4931,0.0
DB02_to_DK03#alt6,6,fwd,28,1250.0,2200.0,0.4346,0.0
DB02_to_DK03#alt6,6,fwd,29,1200.0,2200.0,0.4275,0.0
DB02_to_DK03#alt6,6,fwd,30,1150.0,2183.33,0.4076,0.0
DB02_to_DK03#alt6,6,fwd,31,1100.0,2166.67,0.4346,0.0
DB02_to_DK03#alt6,6,fwd,32,1050.0,2150.0,0.3895,0.0
DB02_to_DK03#alt6,6,fwd,33,1000.0,2150.0,0.344,0.0
DB02_to_DK03#alt6,6,fwd,34,950.0,2150.0,0.3077,0.0
DB02_to_DK03#alt6,6,fwd,35,900.0,2133.33,0.2721,0.0
DB02_to_DK03#alt6,6,fwd,36,850.0,2100.0,0.281,0.0
DB02_to_DK03#alt6,6,fwd,37,800.0,2050.0,0.3006,0.0
DB02_to_DK03#alt6,6,fwd,38,750.0,2000.0,0.3077,0.0
DB02_to_DK03#alt6,6,fwd,39,700.0,1950.0,0.3077,0.0
DB02_to_DK03#alt6,6,fwd,40,650.0,1900.0,0.3077,0.0
DB02_to_DK03#alt6,6,fwd,41,600.0,1850.0,0.3006,0.0
DB02_to_DK03#alt6,6,fwd,42,583.33,1800.0,0.3269,0.0
DB02_to_DK03#alt6,6,fwd,43,600.0,1750.0,0.3485,0.0
DB02_to_DK03#alt6,6,fwd,44,650.0,1700.0,0.4275,0.0
DB02_to_DK03#alt6,6,fwd,45,683.33,1650.0,0.5134,0.0
DB02_to_DK03#alt6,6,fwd,46,716.67,1600.0,0.503,0.0
DB02_to_DK03#alt6,6,fwd,47,750.0,1550.0,0.5483,0.0
DB02_to_DK03#alt6,6,fwd,48,800.0,1500.0,0.5903,0.0
DB02_to_DK03#alt6,6,fwd,49,850.0,1450.0,0.6241,0.0
DB02_to_DK03#alt6,6,fwd,50,900.0,1400.0,0.5903,0.0
DB02_to_DK03#alt6,6,fwd,51,933.33,1350.0,0.5134,0.0
DB02_to_DK03#alt6,6,fwd,52,966.67,1300.0,0.4346,0.0
DB02_to_DK03#alt6,6,fwd,53,1000.0,1266.67,0.3679,0.0
DB02_to_DK03#alt6,6,fwd,54,1050.0,1250.0,0.3679,0.0
DK03_to_DB02#alt6,6,bwd,0,1050.0,1250.0,0.3679,0.0
DK03_to_DB02#alt6,6,bwd,1,1000.0,1200.0,0.3114,0.0
DK03_to_DB02#alt6,6,bwd,2,950.0,1150.0,0.2636,0.0
DK03_to_DB02#alt6,6,bwd,3,900.0,1100.0,0.2407,0.0
DK03_to_DB02#alt6,6,bwd,4,866.67,1050.0,0.2972,0.0
DK03_to_DB02#alt6,6,bwd,5,850.0,1000.0,0.3485,0.0
DK03_to_DB02#alt6,6,bwd,6,850.0,950.0,0.4076,0.0
DK03_to_DB02#alt6,6,bwd,7,850.0,900.0,0.4746,0.0
DK03_to_DB02#alt6,6,bwd,8,850.0,850.0,0.5483,0.0
DK03_to_DB02#alt6,6,bwd,9,850.0,800.0,0.6241,0.0
DK03_to_DB02#alt6,6,bwd,10,850.0,750.0,0.6889,0.0
DK03_to_DB02#alt6,6,bwd,11,850.0,700.0,0.7165,0.0
DK03_to_DB02#alt6,6,bwd,12,850.0,650.0,0.7165,0.0
DK03_to_DB02#alt6,6,bwd,13,850.0,600.0,0.6889,0.0
DK03_to_DB02#alt6,6,bwd,14,800.0,550.0,0.6889,0.0
DK03_to_DB02#alt6,6,bwd,15,816.67,500.0,0.5903,0.0
DK03_to_DB02#alt6,6,bwd,16,850.0,450.0,0.4746,0.0
DK03_to_DB02#alt6,6,bwd,17,900.0,400.0,0.3784,0.0
DK03_to_DB02#alt6,6,bwd,18,950.0,350.0,0.3077,0.0
DK03_to_DB02#alt6,6,bwd,19,1000.0,300.0,0.253,0.0
DK03_to_DB02#alt6,6,bwd,20,1050.0,250.0,0.2057,0.0
DK03_to_DB02#alt6,6,bwd,21,1100.0,200.0,0.1661,0.0
DK03_to_DB02#alt6,6,bwd,22,1150.0,166.67,0.1335,0.0
DK03_to_DB02#alt6,6,bwd,23,1200.0,150.0,0.1146,0.0
DK03_to_DB02#alt6,6,bwd,24,1250.0,166.67,0.0981,0.0
DK03_to_DB02#alt6,6,bwd,25,1300.0,183.33,0.0936,0.0
DK03_to_DB02#alt6,6,bwd,26,1350.0,200.0,0.0821,0.0
DK03_to_DB02#alt6,6,bwd,27,1400.0,183.33,0.0717,0.0
DK03_to_DB02#alt6,6,bwd,28,1450.0,166.67,0.0568,0.0
DK03_to_DB02#alt6,6,bwd,29,1500.0,166.67,0.0496,0.0
DK03_to_DB02#alt6,6,bwd,30,1550.0,166.67,0.0431,0.0
DK03_to_DB02#alt6,6,bwd,31,1600.0,183.33,0.0405,0.0
DK03_to_DB02#alt6,6,bwd,32,1650.0,166.67,0.0323,0.0
DK03_to_DB02#alt6,6,bwd,33,1700.0,166.67,0.0279,0.0
DK03_to_DB02#alt6,6,bwd,34,1750.0,150.0,0.0241,0.0
DK03_to_DB02#alt6,6,bwd,35,1800.0,133.33,0.0207,0.0
DK03_to_DB02#alt6,6,bwd,36,1850.0,100.0,0.0166,0.0
DK03_to_DB02#alt6,6,bwd,37,1900.0,66.67,0.0133,0.0
DK03_to_DB02#alt6,6,bwd,38,1950.0,50.0,0.0121,0.0
DK03_to_DB02#alt6,6,bwd,39,2000.0,50.0,0.0143,0.0
DK03_to_DB02#alt6,6,bwd,40,2050.0,66.67,0.0168,0.0
DK03_to_DB02#alt6,6,bwd,41,2100.0,100.0,0.0204,0.0
DK03_to_DB02#alt6,6,bwd,42,2150.0,150.0,0.0247,0.0
DK03_to_DB02#alt6,6,bwd,43,2200.0,200.0,0.0297,0.0
DK03_to_DB02#alt6,6,bwd,44,2250.0,250.0,0.0355,0.0
DK03_to_DB02#alt6,6,bwd,45,2300.0,300.0,0.0421,0.0
DK03_to_DB02#alt6,6,bwd,46,2350.0,350.0,0.0498,0.0
DK03_to_DB02#alt6,6,bwd,47,2400.0,400.0,0.0588,0.0
DK03_to_DB02#alt6,6,bwd,48,2433.33,450.0,0.0691,0.0
DK03_to_DB02#alt6,6,bwd,49,2450.0,500.0,0.0681,0.0
DK03_to_DB02#alt6,6,bwd,50,2450.0,550.0,0.0681,0.0
DK03_to_DB02#alt6,6,bwd,51,2450.0,600.0,0.0785,0.0
DK03_to_DB02#alt6,6,bwd,52,2450.0,650.0,0.0904,0.0
DK03_to_DB02#alt6,6,bwd,53,2450.0,700.0,0.1036,0.0
DK03_to_DB02#alt6,6,bwd,54,2450.0,750.0,0.1183,0.0
DK03_to_DB02#alt6,6,bwd,55,2433.33,800.0,0.1344,0.0
DK03_to_DB02#alt6,6,bwd,56,2400.0,850.0,0.1344,0.0
DK03_to_DB02#alt6,6,bwd,57,2350.0,900.0,0.1344,0.0
DK03_to_DB02#alt6,6,bwd,58,2300.0,950.0,0.1308,0.0
DK03_to_DB02#alt6,6,bwd,59,2250.0,983.33,0.1239,0.0
DK03_to_DB02#alt6,6,bwd,60,2200.0,1000.0,0.1069,0.0
DK03_to_DB02#alt6,6,bwd,61,2150.0,1000.0,0.0947,0.0
DK03_to_DB02#alt6,6,bwd,62,2100.0,1016.67,0.092,0.0
DK03_to_DB02#alt6,6,bwd,63,2050.0,1050.0,0.1036,0.0
DK03_to_DB02#alt6,6,bwd,64,2000.0,1083.33,0.1146,0.0
DK03_to_DB02#alt6,6,bwd,65,1950.0,1100.0,0.1069,0.0
DK03_to_DB02#alt6,6,bwd,66,1900.0,1100.0,0.0987,0.0
DK03_to_DB02#alt6,6,bwd,67,1850.0,1100.0,0.1062,0.0
DK03_to_DB02#alt6,6,bwd,68,1800.0,1100.0,0.1183,0.0
DB02_to_DK03#alt7,7,fwd,0,1800.0,1100.0,0.1183,0.0
DB02_to_DK03#alt7,7,fwd,1,1850.0,1050.0,0.0936,0.0
DB02_to_DK03#alt7,7,fwd,2,1900.0,1000.0,0.074,0.0
DB02_to_DK03#alt7,7,fwd,3,1950.0,966.67,0.0677,0.0
DB02_to_DK03#alt7,7,fwd,4,2000.0,933.33,0.0717,0.0
DB02_to_DK03#alt7,7,fwd,5,2050.0,916.67,0.064,0.0
DB02_to_DK03#alt7,7,fwd,6,2100.0,900.0,0.0681,0.0
DB02_to_DK03#alt7,7,fwd,7,2150.0,916.67,0.0785,0.0
DB02_to_DK03#alt7,7,fwd,8,2200.0,950.0,0.0987,0.0
DB02_to_DK03#alt7,7,fwd,9,2250.0,1000.0,0.1239,0.0
DB02_to_DK03#alt7,7,fwd,10,2300.0,1050.0,0.1551,0.0
DB02_to_DK03#alt7,7,fwd,11,2350.0,1100.0,0.1937,0.0
DB02_to_DK03#alt7,7,fwd,12,2400.0,1150.0,0.2407,0.0
DB02_to_DK03#alt7,7,fwd,13,2450.0,1200.0,0.2972,0.0
DB02_to_DK03#alt7,7,fwd,14,2500.0,1233.33,0.3628,0.0
DB02_to_DK03#alt7,7,fwd,15,2550.0,1250.0,0.4275,0.0
DB02_to_DK03#alt7,7,fwd,16,2600.0,1250.0,0.503,0.0
DB02_to_DK03#alt7,7,fwd,17,2650.0,1233.33,0.5903,0.0
DB02_to_DK03#alt7,7,fwd,18,2700.0,1200.0,0.6241,0.0
DB02_to_DK03#alt7,7,fwd,19,2750.0,1166.67,0.6241,0.0
DB02_to_DK03#alt7,7,fwd,20,2800.0,1150.0,0.6889,0.0
DB02_to_DK03#alt7,7,fwd,21,2850.0,1133.33,0.7165,0.0
DB02_to_DK03#alt7,7,fwd,22,2900.0,1133.33,0.7165,0.0
DB02_to_DK03#alt7,7,fwd,23,2950.0,1150.0,0.6889,0.0
DB02_to_DK03#alt7,7,fwd,24,3000.0,1200.0,0.6889,0.0
DB02_to_DK03#alt7,7,fwd,25,3033.33,1250.0,0.6889,0.0
DB02_to_DK03#alt7,7,fwd,26,3050.0,1300.0,0.7165,0.0
DB02_to_DK03#alt7,7,fwd,27,3050.0,1350.0,0.7165,0.0
DB02_to_DK03#alt7,7,fwd,28,3050.0,1400.0,0.7165,0.0
DB02_to_DK03#alt7,7,fwd,29,3050.0,1450.0,0.7165,0.0
DB02_to_DK03#alt7,7,fwd,30,3050.0,1500.0,0.6889,0.0
DB02_to_DK03#alt7,7,fwd,31,3000.0,1550.0,0.6889,0.0
DB02_to_DK03#alt7,7,fwd,32,3000.0,1600.0,0.5903,0.0
DB02_to_DK03#alt7,7,fwd,33,3000.0,1650.0,0.503,0.0
DB02_to_DK03#alt7,7,fwd,34,3016.67,1700.0,0.4275,0.0
DB02_to_DK03#alt7,7,fwd,35,3033.33,1750.0,0.3485,0.0
DB02_to_DK03#alt7,7,fwd,36,3050.0,1800.0,0.3784,0.0
DB02_to_DK03#alt7,7,fwd,37,3050.0,1850.0,0.4076,0.0
DB02_to_DK03#alt7,7,fwd,38,3066.67,1900.0,0.4275,0.0
DB02_to_DK03#alt7,7,fwd,39,3083.33,1950.0,0.3679,0.0
DB02_to_DK03#alt7,7,fwd,40,3116.67,2000.0,0.3679,0.0
DB02_to_DK03#alt7,7,fwd,41,3133.33,2050.0,0.3114,0.0
DB02_to_DK03#alt7,7,fwd,42,3150.0,2100.0,0.3114,0.0
DB02_to_DK03#alt7,7,fwd,43,3150.0,2150.0,0.3114,0.0
DB02_to_DK03#alt7,7,fwd,44,3150.0,2200.0,0.3114,0.0
DB02_to_DK03#alt7,7,fwd,45,3150.0,2250.0,0.3114,0.0
DB02_to_DK03#alt7,7,fwd,46,3150.0,2300.0,0.3077,0.0
DB02_to_DK03#alt7,7,fwd,47,3150.0,2350.0,0.2972,0.0
DB02_to_DK03#alt7,7,fwd,48,3150.0,2400.0,0.281,0.0
DB02_to_DK03#alt7,7,fwd,49,3133.33,2450.0,0.2609,0.0
DB02_to_DK03#alt7,7,fwd,50,3116.67,2500.0,0.281,0.0
DB02_to_DK03#alt7,7,fwd,51,3116.67,2550.0,0.2609,0.0
DB02_to_DK03#alt7,7,fwd,52,3133.33,2600.0,0.253,0.0
DB02_to_DK03#alt7,7,fwd,53,3133.33,2650.0,0.2972,0.0
DB02_to_DK03#alt7,7,fwd,54,3100.0,2700.0,0.3269,0.0
DB02_to_DK03#alt7,7,fwd,55,3050.0,2750.0,0.344,0.0
DB02_to_DK03#alt7,7,fwd,56,3000.0,2800.0,0.344,0.0
DB02_to_DK03#alt7,7,fwd,57,2950.0,2850.0,0.344,0.0
DB02_to_DK03#alt7,7,fwd,58,2900.0,2900.0,0.344,0.0
DB02_to_DK03#alt7,7,fwd,59,2850.0,2950.0,0.3269,0.0
DB02_to_DK03#alt7,7,fwd,60,2800.0,3000.0,0.3269,0.0
DB02_to_DK03#alt7,7,fwd,61,2750.0,3050.0,0.344,0.0
DB02_to_DK03#alt7,7,fwd,62,2700.0,3100.0,0.344,0.0
DB02_to_DK03#alt7,7,fwd,63,2650.0,3150.0,0.344,0.0
DB02_to_DK03#alt7,7,fwd,64,2600.0,3200.0,0.3269,0.0
DB02_to_DK03#alt7,7,fwd,65,2566.67,3250.0,0.2972,0.0
DB02_to_DK03#alt7,7,fwd,66,2550.0,3300.0,0.3077,0.0
DB02_to_DK03#alt7,7,fwd,67,2566.67,3350.0,0.3114,0.0
DB02_to_DK03#alt7,7,fwd,68,2583.33,3400.0,0.3679,0.0
DB02_to_DK03#alt7,7,fwd,69,2600.0,3450.0,0.3679,0.0
DB02_to_DK03#alt7,7,fwd,70,2600.0,3500.0,0.4076,0.0
DB02_to_DK03#alt7,7,fwd,71,2600.0,3550.0,0.4746,0.0
DB02_to_DK03#alt7,7,fwd,72,2600.0,3600.0,0.5483,0.0
DB02_to_DK03#alt7,7,fwd,73,2600.0,3650.0,0.6241,0.0
DB02_to_DK03#alt7,7,fwd,74,2600.0,3700.0,0.6889,0.0
DB02_to_DK03#alt7,7,fwd,75,2600.0,3750.0,0.7165,0.0
DB02_to_DK03#alt7,7,fwd,76,2600.0,3800.0,0.7165,0.0
DB02_to_DK03#alt7,7,fwd,77,2600.0,3850.0,0.7165,0.0
DB02_to_DK03#alt7,7,fwd,78,2600.0,3900.0,0.6889,0.0
DB02_to_DK03#alt7,7,fwd,79,2550.0,3950.0,0.6889,0.0
DB02_to_DK03#alt7,7,fwd,80,2500.0,4000.0,0.6065,0.0
DB02_to_DK03#alt7,7,fwd,81,2466.67,4050.0,0.5134,0.0
DB02_to_DK03#alt7,7,fwd,82,2450.0,4100.0,0.4346,0.0
DB02_to_DK03#alt7,7,fwd,83,2450.0,4150.0,0.3679,0.0
DB02_to_DK03#alt7,7,fwd,84,2450.0,4200.0,0.3679,0.0
DB02_to_DK03#alt7,7,fwd,85,2450.0,4250.0,0.3679,0.0
DB02_to_DK03#alt7,7,fwd,86,2450.0,4300.0,0.3628,0.0
DB02_to_DK03#alt7,7,fwd,87,2433.33,4350.0,0.3485,0.0
DB02_to_DK03#alt7,7,fwd,88,2416.67,4400.0,0.3895,0.0
DB02_to_DK03#alt7,7,fwd,89,2383.33,4450.0,0.4346,0.0
DB02_to_DK03#alt7,7,fwd,90,2366.67,4500.0,0.5483,0.0
DB02_to_DK03#alt7,7,fwd,91,2350.0,4550.0,0.5903,0.0
DB02_to_DK03#alt7,7,fwd,92,2333.33,4600.0,0.6065,0.0
DB02_to_DK03#alt7,7,fwd,93,2316.67,4650.0,0.7165,0.0
DB02_to_DK03#alt7,7,fwd,94,2300.0,4700.0,0.7165,0.0
DB02_to_DK03#alt7,7,fwd,95,2300.0,4750.0,0.7165,0.0
DB02_to_DK03#alt7,7,fwd,96,2300.0,4800.0,0.6889,0.0
DB02_to_DK03#alt7,7,fwd,97,2250.0,4850.0,0.6889,0.0
DB02_to_DK03#alt7,7,fwd,98,2200.0,4900.0,0.6889,0.0
DB02_to_DK03#alt7,7,fwd,99,2150.0,4933.33,0.6241,0.0
DB02_to_DK03#alt7,7,fwd,100,2100.0,4950.0,0.6889,0.0
DB02_to_DK03#alt7,7,fwd,101,2050.0,4950.0,0.7165,0.0
DB02_to_DK03#alt7,7,fwd,102,2000.0,4950.0,0.7165,0.0
DB02_to_DK03#alt7,7,fwd,103,1950.0,4933.33,0.6889,0.0
DB02_to_DK03#alt7,7,fwd,104,1900.0,4900.0,0.6889,0.0
DB02_to_DK03#alt7,7,fwd,105,1850.0,4866.67,0.6889,0.0
DB02_to_DK03#alt7,7,fwd,106,1800.0,4850.0,0.6241,0.0
DB02_to_DK03#alt7,7,fwd,107,1750.0,4850.0,0.5483,0.0
DB02_to_DK03#alt7,7,fwd,108,1700.0,4850.0,0.4931,0.0
DB02_to_DK03#alt7,7,fwd,109,1650.0,4850.0,0.4346,0.0
DB02_to_DK03#alt7,7,fwd,110,1600.0,4850.0,0.3784,0.0
DB02_to_DK03#alt7,7,fwd,111,1550.0,4850.0,0.3269,0.0
DB02_to_DK03#alt7,7,fwd,112,1500.0,4850.0,0.281,0.0
DB02_to_DK03#alt7,7,fwd,113,1450.0,4850.0,0.2636,0.0
DB02_to_DK03#alt7,7,fwd,114,1400.0,4850.0,0.2636,0.0
DB02_to_DK03#alt7,7,fwd,115,1350.0,4850.0,0.2636,0.0
DB02_to_DK03#alt7,7,fwd,116,1300.0,4850.0,0.2636,0.0
DB02_to_DK03#alt7,7,fwd,117,1250.0,4833.33,0.2636,0.0
DB02_to_DK03#alt7,7,fwd,118,1200.0,4800.0,0.3077,0.0
DB02_to_DK03#alt7,7,fwd,119,1166.67,4750.0,0.3485,0.0
DB02_to_DK03#alt7,7,fwd,120,1133.33,4700.0,0.4076,0.0
DB02_to_DK03#alt7,7,fwd,121,1116.67,4650.0,0.4346,0.0
DB02_to_DK03#alt7,7,fwd,122,1100.0,4600.0,0.4931,0.0
DB02_to_DK03#alt7,7,fwd,123,1100.0,4550.0,0.5483,0.0
DB02_to_DK03#alt7,7,fwd,124,1083.33,4500.0,0.5903,0.0
DB02_to_DK03#alt7,7,fwd,125,1066.67,4450.0,0.6241,0.0
DB02_to_DK03#alt7,7,fwd,126,1050.0,4400.0,0.6889,0.0
DB02_to_DK03#alt7,7,fwd,127,1050.0,4350.0,0.7165,0.0
DB02_to_DK03#alt7,7,fwd,128,1050.0,4300.0,0.7165,0.0
DB02_to_DK03#alt7,7,fwd,129,1033.33,4250.0,0.6889,0.0
DB02_to_DK03#alt7,7,fwd,130,1000.0,4200.0,0.6889,0.0
DB02_to_DK03#alt7,7,fwd,131,950.0,4150.0,0.6889,0.0
DB02_to_DK03#alt7,7,fwd,132,900.0,4100.0,0.6065,0.0
DB02_to_DK03#alt7,7,fwd,133,850.0,4050.0,0.503,0.0
DB02_to_DK03#alt7,7,fwd,134,800.0,4000.0,0.4076,0.0
DB02_to_DK03#alt7,7,fwd,135,750.0,3950.0,0.3895,0.0
DB02_to_DK03#alt7,7,fwd,136,700.0,3900.0,0.3784,0.0
DB02_to_DK03#alt7,7,fwd,137,650.0,3850.0,0.3485,0.0
DB02_to_DK03#alt7,7,fwd,138,616.67,3800.0,0.3269,0.0
DB02_to_DK03#alt7,7,fwd,139,600.0,3750.0,0.3485,0.0
DB02_to_DK03#alt7,7,fwd,140,600.0,3700.0,0.3628,0.0
DB02_to_DK03#alt7,7,fwd,141,600.0,3650.0,0.3784,0.0
DB02_to_DK03#alt7,7,fwd,142,616.67,3600.0,0.4076,0.0
DB02_to_DK03#alt7,7,fwd,143,633.33,3550.0,0.503,0.0
DB02_to_DK03#alt7,7,fwd,144,633.33,3500.0,0.5134,0.0
DB02_to_DK03#alt7,7,fwd,145,616.67,3450.0,0.4275,0.0
DB02_to_DK03#alt7,7,fwd,146,600.0,3400.0,0.4076,0.0
DB02_to_DK03#alt7,7,fwd,147,600.0,3350.0,0.3784,0.0
DB02_to_DK03#alt7,7,fwd,148,583.33,3300.0,0.3628,0.0
DB02_to_DK03#alt7,7,fwd,149,566.67,3250.0,0.2972,0.0
DB02_to_DK03#alt7,7,fwd,150,550.0,3200.0,0.281,0.0
DB02_to_DK03#alt7,7,fwd,151,550.0,3150.0,0.2609,0.0
DB02_to_DK03#alt7,7,fwd,152,533.33,3100.0,0.2407,0.0
DB02_to_DK03#alt7,7,fwd,153,516.67,3050.0,0.1937,0.0
DB02_to_DK03#alt7,7,fwd,154,500.0,3000.0,0.1798,0.0
DB02_to_DK03#alt7,7,fwd,155,500.0,2950.0,0.1648,0.0
DB02_to_DK03#alt7,7,fwd,156,483.33,2900.0,0.1495,0.0
DB02_to_DK03#alt7,7,fwd,157,483.33,2850.0,0.1344,0.0
DB02_to_DK03#alt7,7,fwd,158,483.33,2800.0,0.1199,0.0
DB02_to_DK03#alt7,7,fwd,159,500.0,2750.0,0.1062,0.0
DB02_to_DK03#alt7,7,fwd,160,516.67,2700.0,0.0947,0.0
DB02_to_DK03#alt7,7,fwd,161,533.33,2650.0,0.0936,0.0
DB02_to_DK03#alt7,7,fwd,162,533.33,2600.0,0.0821,0.0
DB02_to_DK03#alt7,7,fwd,163,500.0,2550.0,0.065,0.0
DB02_to_DK03#alt7,7,fwd,164,450.0,2500.0,0.0514,0.0
DB02_to_DK03#alt7,7,fwd,165,416.67,2450.0,0.0463,0.0
DB02_to_DK03#alt7,7,fwd,166,400.0,2400.0,0.0524,0.0
DB02_to_DK03#alt7,7,fwd,167,400.0,2350.0,0.0591,0.0
DB02_to_DK03#alt7,7,fwd,168,400.0,2300.0,0.0663,0.0
DB02_to_DK03#alt7,7,fwd,169,416.67,2250.0,0.0748,0.0
DB02_to_DK03#alt7,7,fwd,170,450.0,2200.0,0.0947,0.0
DB02_to_DK03#alt7,7,fwd,171,500.0,2150.0,0.1199,0.0
DB02_to_DK03#alt7,7,fwd,172,516.67,2100.0,0.1344,0.0
DB02_to_DK03#alt7,7,fwd,173,516.67,2050.0,0.1517,0.0
DB02_to_DK03#alt7,7,fwd,174,500.0,2000.0,0.17,0.0
DB02_to_DK03#alt7,7,fwd,175,500.0,1950.0,0.1889,0.0
DB02_to_DK03#alt7,7,fwd,176,500.0,1900.0,0.2076,0.0
DB02_to_DK03#alt7,7,fwd,177,500.0,1850.0,0.2252,0.0
DB02_to_DK03#alt7,7,fwd,178,500.0,1800.0,0.2407,0.0
DB02_to_DK03#alt7,7,fwd,179,516.67,1750.0,0.253,0.0
DB02_to_DK03#alt7,7,fwd,180,550.0,1700.0,0.3077,0.0
DB02_to_DK03#alt7,7,fwd,181,583.33,1650.0,0.3679,0.0
DB02_to_DK03#alt7,7,fwd,182,616.67,1600.0,0.3628,0.0
DB02_to_DK03#alt7,7,fwd,183,650.0,1550.0,0.4076,0.0
DB02_to_DK03#alt7,7,fwd,184,700.0,1500.0,0.4346,0.0
DB02_to_DK03#alt7,7,fwd,185,750.0,1450.0,0.4746,0.0
DB02_to_DK03#alt7,7,fwd,186,800.0,1400.0,0.4931,0.0
DB02_to_DK03#alt7,7,fwd,187,850.0,1350.0,0.4746,0.0
DB02_to_DK03#alt7,7,fwd,188,900.0,1300.0,0.4275,0.0
DB02_to_DK03#alt7,7,fwd,189,950.0,1266.67,0.3679,0.0
DB02_to_DK03#alt7,7,fwd,190,1000.0,1250.0,0.3679,0.0
DB02_to_DK03#alt7,7,fwd,191,1050.0,1250.0,0.3679,0.0
DK03_to_DB02#alt7,7,bwd,0,1050.0,1250.0,0.3679,0.0
DK03_to_DB02#alt7,7,bwd,1,1000.0,1200.0,0.3114,0.0
DK03_to_DB02#alt7,7,bwd,2,950.0,1150.0,0.2636,0.0
DK03_to_DB02#alt7,7,bwd,3,900.0,1100.0,0.2407,0.0
DK03_to_DB02#alt7,7,bwd,4,850.0,1066.67,0.2972,0.0
DK03_to_DB02#alt7,7,bwd,5,800.0,1050.0,0.3077,0.0
DK03_to_DB02#alt7,7,bwd,6,750.0,1050.0,0.3114,0.0
DK03_to_DB02#alt7,7,bwd,7,700.0,1050.0,0.3114,0.0
DK03_to_DB02#alt7,7,bwd,8,650.0,1050.0,0.3077,0.0
DK03_to_DB02#alt7,7,bwd,9,600.0,1066.67,0.2972,0.0
DK03_to_DB02#alt7,7,bwd,10,550.0,1100.0,0.2407,0.0
DK03_to_DB02#alt7,7,bwd,11,500.0,1150.0,0.1937,0.0
DK03_to_DB02#alt7,7,bwd,12,450.0,1200.0,0.1599,0.0
DK03_to_DB02#alt7,7,bwd,13,400.0,1250.0,0.1353,0.0
DK03_to_DB02#alt7,7,bwd,14,350.0,1300.0,0.1146,0.0
DK03_to_DB02#alt7,7,bwd,15,300.0,1350.0,0.1069,0.0
DK03_to_DB02#alt7,7,bwd,16,283.33,1400.0,0.1146,0.0
DK03_to_DB02#alt7,7,bwd,17,283.33,1450.0,0.1215,0.0
DK03_to_DB02#alt7,7,bwd,18,300.0,1500.0,0.1273,0.0
DK03_to_DB02#alt7,7,bwd,19,300.0,1550.0,0.1317,0.0
DK03_to_DB02#alt7,7,bwd,20,300.0,1600.0,0.1344,0.0
DK03_to_DB02#alt7,7,bwd,21,283.33,1650.0,0.1353,0.0
DK03_to_DB02#alt7,7,bwd,22,266.67,1700.0,0.1138,0.0
DK03_to_DB02#alt7,7,bwd,23,250.0,1750.0,0.1117,0.0
DK03_to_DB02#alt7,7,bwd,24,250.0,1800.0,0.1082,0.0
DK03_to_DB02#alt7,7,bwd,25,250.0,1850.0,0.1036,0.0
DK03_to_DB02#alt7,7,bwd,26,250.0,1900.0,0.0981,0.0
DK03_to_DB02#alt7,7,bwd,27,250.0,1950.0,0.092,0.0
DK03_to_DB02#alt7,7,bwd,28,250.0,2000.0,0.0854,0.0
DK03_to_DB02#alt7,7,bwd,29,250.0,2050.0,0.0785,0.0
DK03_to_DB02#alt7,7,bwd,30,266.67,2100.0,0.0717,0.0
DK03_to_DB02#alt7,7,bwd,31,283.33,2150.0,0.074,0.0
DK03_to_DB02#alt7,7,bwd,32,300.0,2200.0,0.0663,0.0
DK03_to_DB02#alt7,7,bwd,33,300.0,2250.0,0.0591,0.0
DK03_to_DB02#alt7,7,bwd,34,300.0,2300.0,0.0524,0.0
DK03_to_DB02#alt7,7,bwd,35,300.0,2350.0,0.0467,0.0
DK03_to_DB02#alt7,7,bwd,36,300.0,2400.0,0.0414,0.0
DK03_to_DB02#alt7,7,bwd,37,283.33,2450.0,0.0369,0.0
DK03_to_DB02#alt7,7,bwd,38,283.33,2500.0,0.0369,0.0
DK03_to_DB02#alt7,7,bwd,39,300.0,2550.0,0.0414,0.0
DK03_to_DB02#alt7,7,bwd,40,333.33,2600.0,0.0524,0.0
DK03_to_DB02#alt7,7,bwd,41,366.67,2650.0,0.0591,0.0
DK03_to_DB02#alt7,7,bwd,42,400.0,2700.0,0.0748,0.0
DK03_to_DB02#alt7,7,bwd,43,450.0,2750.0,0.0947,0.0
DK03_to_DB02#alt7,7,bwd,44,500.0,2800.0,0.1199,0.0
DK03_to_DB02#alt7,7,bwd,45,550.0,2833.33,0.1517,0.0
DK03_to_DB02#alt7,7,bwd,46,600.0,2850.0,0.17,0.0
DK03_to_DB02#alt7,7,bwd,47,650.0,2866.67,0.1921,0.0
DK03_to_DB02#alt7,7,bwd,48,700.0,2883.33,0.2431,0.0
DK03_to_DB02#alt7,7,bwd,49,750.0,2916.67,0.2721,0.0
DK03_to_DB02#alt7,7,bwd,50,800.0,2950.0,0.344,0.0
DK03_to_DB02#alt7,7,bwd,51,850.0,2983.33,0.4346,0.0
DK03_to_DB02#alt7,7,bwd,52,900.0,3000.0,0.4746,0.0
DK03_to_DB02#alt7,7,bwd,53,950.0,3000.0,0.503,0.0
DK03_to_DB02#alt7,7,bwd,54,1000.0,3000.0,0.5483,0.0
DK03_to_DB02#alt7,7,bwd,55,1050.0,3000.0,0.5903,0.0
DK03_to_DB02#alt7,7,bwd,56,1100.0,3000.0,0.6065,0.0
DK03_to_DB02#alt7,7,bwd,57,1150.0,3000.0,0.6241,0.0
DK03_to_DB02#alt7,7,bwd,58,1200.0,3000.0,0.6889,0.0
DK03_to_DB02#alt7,7,bwd,59,1250.0,3000.0,0.7165,0.0
DK03_to_DB02#alt7,7,bwd,60,1300.0,3000.0,0.6889,0.0
DK03_to_DB02#alt7,7,bwd,61,1350.0,3000.0,0.6241,0.0
DK03_to_DB02#alt7,7,bwd,62,1400.0,3000.0,0.6065,0.0
DK03_to_DB02#alt7,7,bwd,63,1450.0,3000.0,0.5903,0.0
DK03_to_DB02#alt7,7,bwd,64,1500.0,2983.33,0.5483,0.0
DK03_to_DB02#alt7,7,bwd,65,1550.0,2950.0,0.4346,0.0
DK03_to_DB02#alt7,7,bwd,66,1600.0,2900.0,0.5134,0.0
DK03_to_DB02#alt7,7,bwd,67,1650.0,2850.0,0.6065,0.0
DK03_to_DB02#alt7,7,bwd,68,1683.33,2800.0,0.7165,0.0
DK03_to_DB02#alt7,7,bwd,69,1716.67,2750.0,0.6889,0.0
DK03_to_DB02#alt7,7,bwd,70,1750.0,2700.0,0.6889,0.0
DK03_to_DB02#alt7,7,bwd,71,1800.0,2650.0,0.6889,0.0
DK03_to_DB02#alt7,7,bwd,72,1850.0,2600.0,0.6241,0.0
DK03_to_DB02#alt7,7,bwd,73,1883.33,2550.0,0.5903,0.0
DK03_to_DB02#alt7,7,bwd,74,1900.0,2500.0,0.6065,0.0
DK03_to_DB02#alt7,7,bwd,75,1900.0,2450.0,0.5903,0.0
DK03_to_DB02#alt7,7,bwd,76,1900.0,2400.0,0.5903,0.0
DK03_to_DB02#alt7,7,bwd,77,1900.0,2350.0,0.6241,0.0
DK03_to_DB02#alt7,7,bwd,78,1900.0,2300.0,0.6889,0.0
DK03_to_DB02#alt7,7,bwd,79,1900.0,2250.0,0.7165,0.0
DK03_to_DB02#alt7,7,bwd,80,1900.0,2200.0,0.7165,0.0
DK03_to_DB02#alt7,7,bwd,81,1900.0,2150.0,0.7165,0.0
DK03_to_DB02#alt7,7,bwd,82,1900.0,2100.0,0.7165,0.0
DK03_to_DB02#alt7,7,bwd,83,1900.0,2050.0,0.7165,0.0
DK03_to_DB02#alt7,7,bwd,84,1900.0,2000.0,0.7165,0.0
DK03_to_DB02#alt7,7,bwd,85,1900.0,1950.0,0.7165,0.0
DK03_to_DB02#alt7,7,bwd,86,1916.67,1900.0,0.6889,0.0
DK03_to_DB02#alt7,7,bwd,87,1933.33,1850.0,0.7165,0.0
DK03_to_DB02#alt7,7,bwd,88,1950.0,1800.0,0.6889,0.0
DK03_to_DB02#alt7,7,bwd,89,2000.0,1750.0,0.6889,0.0
DK03_to_DB02#alt7,7,bwd,90,2050.0,1700.0,0.6889,0.0
DK03_to_DB02#alt7,7,bwd,91,2100.0,1650.0,0.6889,0.0
DK03_to_DB02#alt7,7,bwd,92,2150.0,1600.0,0.6241,0.0
DK03_to_DB02#alt7,7,bwd,93,2200.0,1550.0,0.5903,0.0
DK03_to_DB02#alt7,7,bwd,94,2216.67,1500.0,0.503,0.0
DK03_to_DB02#alt7,7,bwd,95,2216.67,1450.0,0.4275,0.0
DK03_to_DB02#alt7,7,bwd,96,2183.33,1400.0,0.3628,0.0
DK03_to_DB02#alt7,7,bwd,97,2150.0,1350.0,0.2972,0.0
DK03_to_DB02#alt7,7,bwd,98,2116.67,1300.0,0.2407,0.0
DK03_to_DB02#alt7,7,bwd,99,2083.33,1250.0,0.2057,0.0
DK03_to_DB02#alt7,7,bwd,100,2050.0,1200.0,0.1661,0.0
DK03_to_DB02#alt7,7,bwd,101,2000.0,1150.0,0.1335,0.0
DK03_to_DB02#alt7,7,bwd,102,1950.0,1116.67,0.1069,0.0
DK03_to_DB02#alt7,7,bwd,103,1900.0,1100.0,0.0987,0.0
DK03_to_DB02#alt7,7,bwd,104,1850.0,1100.0,0.1062,0.0
DK03_to_DB02#alt7,7,bwd,105,1800.0,1100.0,0.1183,0.0
DK01_to_DK03#alt0,0,fwd,0,1200.0,550.0,0.2151,0.0
DK01_to_DK03#alt0,0,fwd,1,1150.0,600.0,0.2609,0.0
DK01_to_DK03#alt0,0,fwd,2,1100.0,650.0,0.3114,0.0
DK01_to_DK03#alt0,0,fwd,3,1050.0,700.0,0.3679,0.0
DK01_to_DK03#alt0,0,fwd,4,1033.33,750.0,0.3628,0.0
DK01_to_DK03#alt0,0,fwd,5,1016.67,800.0,0.4076,0.0
DK01_to_DK03#alt0,0,fwd,6,1033.33,850.0,0.3269,0.0
DK01_to_DK03#alt0,0,fwd,7,1033.33,900.0,0.3006,0.0
DK01_to_DK03#alt0,0,fwd,8,1050.0,950.0,0.2721,0.0
DK01_to_DK03#alt0,0,fwd,9,1050.0,1000.0,0.2431,0.0
DK01_to_DK03#alt0,0,fwd,10,1050.0,1050.0,0.2151,0.0
DK01_to_DK03#alt0,0,fwd,11,1050.0,1100.0,0.2231,0.0
DK01_to_DK03#alt0,0,fwd,12,1050.0,1150.0,0.2636,0.0
DK01_to_DK03#alt0,0,fwd,13,1050.0,1200.0,0.3114,0.0
DK01_to_DK03#alt0,0,fwd,14,1050.0,1250.0,0.3679,0.0
DK03_to_DK01#alt0,0,bwd,0,1050.0,1250.0,0.3679,0.0
DK03_to_DK01#alt0,0,bwd,1,1000.0,1200.0,0.3114,0.0
DK03_to_DK01#alt0,0,bwd,2,966.67,1150.0,0.2636,0.0
DK03_to_DK01#alt0,0,bwd,3,950.0,1100.0,0.2252,0.0
DK03_to_DK01#alt0,0,bwd,4,950.0,1050.0,0.2609,0.0
DK03_to_DK01#alt0,0,bwd,5,950.0,1000.0,0.3006,0.0
DK03_to_DK01#alt0,0,bwd,6,950.0,950.0,0.344,0.0
DK03_to_DK01#alt0,0,bwd,7,950.0,900.0,0.3895,0.0
DK03_to_DK01#alt0,0,bwd,8,950.0,850.0,0.4346,0.0
DK03_to_DK01#alt0,0,bwd,9,950.0,800.0,0.4746,0.0
DK03_to_DK01#alt0,0,bwd,10,950.0,750.0,0.503,0.0
DK03_to_DK01#alt0,0,bwd,11,950.0,700.0,0.5134,0.0
DK03_to_DK01#alt0,0,bwd,12,966.67,650.0,0.5134,0.0
DK03_to_DK01#alt0,0,bwd,13,1000.0,600.0,0.4275,0.0
DK03_to_DK01#alt0,0,bwd,14,1050.0,566.67,0.3485,0.0
DK03_to_DK01#alt0,0,bwd,15,1100.0,550.0,0.2972,0.0
DK03_to_DK01#alt0,0,bwd,16,1150.0,550.0,0.253,0.0
DK03_to_DK01#alt0,0,bwd,17,1200.0,550.0,0.2151,0.0
DK01_to_DK03#alt1,1,fwd,0,1200.0,550.0,0.2151,0.0
DK01_to_DK03#alt1,1,fwd,1,1150.0,500.0,0.2407,0.0
DK01_to_DK03#alt1,1,fwd,2,1100.0,466.67,0.2609,0.0
DK01_to_DK03#alt1,1,fwd,3,1050.0,450.0,0.3006,0.0
DK01_to_DK03#alt1,1,fwd,4,1000.0,466.67,0.344,0.0
DK01_to_DK03#alt1,1,fwd,5,950.0,500.0,0.4346,0.0
DK01_to_DK03#alt1,1,fwd,6,900.0,550.0,0.5483,0.0
DK01_to_DK03#alt1,1,fwd,7,866.67,600.0,0.6889,0.0
DK01_to_DK03#alt1,1,fwd,8,850.0,650.0,0.7165,0.0
DK01_to_DK03#alt1,1,fwd,9,850.0,700.0,0.7165,0.0
DK01_to_DK03#alt1,1,fwd,10,833.33,750.0,0.6889,0.0
DK01_to_DK03#alt1,1,fwd,11,800.0,800.0,0.6889,0.0
DK01_to_DK03#alt1,1,fwd,12,750.0,850.0,0.6065,0.0
DK01_to_DK03#alt1,1,fwd,13,700.0,900.0,0.5134,0.0
DK01_to_DK03#alt1,1,fwd,14,666.67,950.0,0.4275,0.0
DK01_to_DK03#alt1,1,fwd,15,650.0,1000.0,0.3628,0.0
DK01_to_DK03#alt1,1,fwd,16,666.67,1050.0,0.3077,0.0
DK01_to_DK03#alt1,1,fwd,17,700.0,1100.0,0.2636,0.0
DK01_to_DK03#alt1,1,fwd,18,750.0,1150.0,0.2252,0.0
DK01_to_DK03#alt1,1,fwd,19,800.0,1200.0,0.281,0.0
DK01_to_DK03#alt1,1,fwd,20,850.0,1233.33,0.3485,0.0
DK01_to_DK03#alt1,1,fwd,21,900.0,1250.0,0.3628,0.0
DK01_to_DK03#alt1,1,fwd,22,950.0,1250.0,0.3679,0.0
DK01_to_DK03#alt1,1,fwd,23,1000.0,1250.0,0.3679,0.0
DK01_to_DK03#alt1,1,fwd,24,1050.0,1250.0,0.3679,0.0
DK03_to_DK01#alt1,1,bwd,0,1050.0,1250.0,0.3679,0.0
DK03_to_DK01#alt1,1,bwd,1,1100.0,1200.0,0.3077,0.0
DK03_to_DK01#alt1,1,bwd,2,1116.67,1150.0,0.2609,0.0
DK03_to_DK01#alt1,1,bwd,3,1133.33,1100.0,0.2151,0.0
DK03_to_DK01#alt1,1,bwd,4,1150.0,1050.0,0.1827,0.0
DK03_to_DK01#alt1,1,bwd,5,1183.33,1000.0,0.1648,0.0
DK03_to_DK01#alt1,1,bwd,6,1200.0,950.0,0.1798,0.0
DK03_to_DK01#alt1,1,bwd,7,1200.0,900.0,0.1937,0.0
DK03_to_DK01#alt1,1,bwd,8,1200.0,850.0,0.2057,0.0
DK03_to_DK01#alt1,1,bwd,9,1200.0,800.0,0.2151,0.0
DK03_to_DK01#alt1,1,bwd,10,1200.0,750.0,0.2211,0.0
DK03_to_DK01#alt1,1,bwd,11,1200.0,700.0,0.2231,0.0
DK03_to_DK01#alt1,1,bwd,12,1200.0,650.0,0.2231,0.0
DK03_to_DK01#alt1,1,bwd,13,1200.0,600.0,0.2211,0.0
DK03_to_DK01#alt1,1,bwd,14,1200.0,550.0,0.2151,0.0
DK01_to_DK03#alt2,2,fwd,0,1200.0,550.0,0.2151,0.0
DK01_to_DK03#alt2,2,fwd,1,1150.0,500.0,0.2407,0.0
DK01_to_DK03#alt2,2,fwd,2,1100.0,450.0,0.2609,0.0
DK01_to_DK03#alt2,2,fwd,3,1050.0,400.0,0.2721,0.0
DK01_to_DK03#alt2,2,fwd,4,1000.0,350.0,0.2721,0.0
DK01_to_DK03#alt2,2,fwd,5,966.67,300.0,0.2972,0.0
DK01_to_DK03#alt2,2,fwd,6,950.0,250.0,0.281,0.0
DK01_to_DK03#alt2,2,fwd,7,950.0,200.0,0.2609,0.0
DK01_to_DK03#alt2,2,fwd,8,933.33,150.0,0.2407,0.0
DK01_to_DK03#alt2,2,fwd,9,900.0,100.0,0.2609,0.0
DK01_to_DK03#alt2,2,fwd,10,850.0,66.67,0.2721,0.0
DK01_to_DK03#alt2,2,fwd,11,800.0,50.0,0.3077,0.0
DK01_to_DK03#alt2,2,fwd,12,750.0,50.0,0.344,0.0
DK01_to_DK03#alt2,2,fwd,13,700.0,50.0,0.3895,0.0
DK01_to_DK03#alt2,2,fwd,14,650.0,50.0,0.4346,0.0
DK01_to_DK03#alt2,2,fwd,15,600.0,50.0,0.4746,0.0
DK01_to_DK03#alt2,2,fwd,16,550.0,50.0,0.503,0.0
DK01_to_DK03#alt2,2,fwd,17,500.0,50.0,0.5134,0.0
DK01_to_DK03#alt2,2,fwd,18,450.0,50.0,0.5134,0.0
DK01_to_DK03#alt2,2,fwd,19,400.0,50.0,0.5134,0.0
DK01_to_DK03#alt2,2,fwd,20,350.0,50.0,0.5134,0.0
DK01_to_DK03#alt2,2,fwd,21,300.0,50.0,0.5134,0.0
DK01_to_DK03#alt2,2,fwd,22,250.0,50.0,0.5134,0.0
DK01_to_DK03#alt2,2,fwd,23,200.0,50.0,0.503,0.0
DK01_to_DK03#alt2,2,fwd,24,150.0,66.67,0.4746,0.0
DK01_to_DK03#alt2,2,fwd,25,100.0,100.0,0.4931,0.0
DK01_to_DK03#alt2,2,fwd,26,66.67,150.0,0.4931,0.0
DK01_to_DK03#alt2,2,fwd,27,50.0,200.0,0.5483,0.0
DK01_to_DK03#alt2,2,fwd,28,50.0,250.0,0.5903,0.0
DK01_to_DK03#alt2,2,fwd,29,50.0,300.0,0.6241,0.0
DK01_to_DK03#alt2,2,fwd,30,50.0,350.0,0.6889,0.0
DK01_to_DK03#alt2,2,fwd,31,50.0,400.0,0.7165,0.0
DK01_to_DK03#alt2,2,fwd,32,50.0,450.0,0.7165,0.0
DK01_to_DK03#alt2,2,fwd,33,50.0,500.0,0.7165,0.0
DK01_to_DK03#alt2,2,fwd,34,50.0,550.0,0.6889,0.0
DK01_to_DK03#alt2,2,fwd,35,66.67,600.0,0.6241,0.0
DK01_to_DK03#alt2,2,fwd,36,100.0,650.0,0.6241,0.0
DK01_to_DK03#alt2,2,fwd,37,150.0,700.0,0.6241,0.0
DK01_to_DK03#alt2,2,fwd,38,200.0,750.0,0.6241,0.0
DK01_to_DK03#alt2,2,fwd,39,250.0,800.0,0.5903,0.0
DK01_to_DK03#alt2,2,fwd,40,300.0,850.0,0.5134,0.0
DK01_to_DK03#alt2,2,fwd,41,350.0,900.0,0.4346,0.0
DK01_to_DK03#alt2,2,fwd,42,400.0,950.0,0.3679,0.0
DK01_to_DK03#alt2,2,fwd,43,450.0,1000.0,0.3114,0.0
DK01_to_DK03#alt2,2,fwd,44,500.0,1050.0,0.2609,0.0
DK01_to_DK03#alt2,2,fwd,45,550.0,1100.0,0.2407,0.0
DK01_to_DK03#alt2,2,fwd,46,600.0,1150.0,0.2151,0.0
DK01_to_DK03#alt2,2,fwd,47,650.0,1200.0,0.2151,0.0
DK01_to_DK03#alt2,2,fwd,48,700.0,1250.0,0.2721,0.0
DK01_to_DK03#alt2,2,fwd,49,750.0,1300.0,0.344,0.0
DK01_to_DK03#alt2,2,fwd,50,800.0,1333.33,0.4346,0.0
DK01_to_DK03#alt2,2,fwd,51,850.0,1350.0,0.4746,0.0
DK01_to_DK03#alt2,2,fwd,52,900.0,1350.0,0.503,0.0
DK01_to_DK03#alt2,2,fwd,53,950.0,1350.0,0.5134,0.0
DK01_to_DK03#alt2,2,fwd,54,1000.0,1333.33,0.5134,0.0
DK01_to_DK03#alt2,2,fwd,55,1033.33,1300.0,0.4346,0.0
DK01_to_DK03#alt2,2,fwd,56,1050.0,1250.0,0.3679,0.0
DK03_to_DK01#alt3,3,bwd,0,1050.0,1250.0,0.3679,0.0
DK03_to_DK01#alt3,3,bwd,1,1100.0,1200.0,0.3077,0.0
DK03_to_DK01#alt3,3,bwd,2,1150.0,1150.0,0.253,0.0
DK03_to_DK01#alt3,3,bwd,3,1200.0,1100.0,0.2057,0.0
DK03_to_DK01#alt3,3,bwd,4,1250.0,1050.0,0.1661,0.0
DK03_to_DK01#alt3,3,bwd,5,1283.33,1000.0,0.1353,0.0
DK03_to_DK01#alt3,3,bwd,6,1300.0,950.0,0.1335,0.0
DK03_to_DK01#alt3,3,bwd,7,1300.0,900.0,0.1422,0.0
DK03_to_DK01#alt3,3,bwd,8,1300.0,850.0,0.1495,0.0
DK03_to_DK01#alt3,3,bwd,9,1300.0,800.0,0.1551,0.0
DK03_to_DK01#alt3,3,bwd,10,1300.0,750.0,0.1587,0.0
DK03_to_DK01#alt3,3,bwd,11,1300.0,700.0,0.1599,0.0
DK03_to_DK01#alt3,3,bwd,12,1300.0,650.0,0.1599,0.0
DK03_to_DK01#alt3,3,bwd,13,1283.33,600.0,0.1587,0.0
DK03_to_DK01#alt3,3,bwd,14,1250.0,566.67,0.1827,0.0
DK03_to_DK01#alt3,3,bwd,15,1200.0,550.0,0.2151,0.0
DK01_to_DK03#alt7,7,fwd,0,1200.0,550.0,0.2151,0.0
DK01_to_DK03#alt7,7,fwd,1,1250.0,600.0,0.1873,0.0
DK01_to_DK03#alt7,7,fwd,2,1300.0,650.0,0.1599,0.0
DK01_to_DK03#alt7,7,fwd,3,1350.0,700.0,0.1353,0.0
DK01_to_DK03#alt7,7,fwd,4,1383.33,750.0,0.1138,0.0
DK01_to_DK03#alt7,7,fwd,5,1400.0,800.0,0.1117,0.0
DK01_to_DK03#alt7,7,fwd,6,1400.0,850.0,0.1082,0.0
DK01_to_DK03#alt7,7,fwd,7,1400.0,900.0,0.1036,0.0
DK01_to_DK03#alt7,7,fwd,8,1400.0,950.0,0.1146,0.0
DK01_to_DK03#alt7,7,fwd,9,1383.33,1000.0,0.1353,0.0
DK01_to_DK03#alt7,7,fwd,10,1350.0,1050.0,0.1599,0.0
DK01_to_DK03#alt7,7,fwd,11,1300.0,1100.0,0.1889,0.0
DK01_to_DK03#alt7,7,fwd,12,1250.0,1150.0,0.2252,0.0
DK01_to_DK03#alt7,7,fwd,13,1200.0,1200.0,0.281,0.0
DK01_to_DK03#alt7,7,fwd,14,1150.0,1233.33,0.3485,0.0
DK01_to_DK03#alt7,7,fwd,15,1100.0,1250.0,0.3628,0.0
DK01_to_DK03#alt7,7,fwd,16,1050.0,1250.0,0.3679,0.0
DK03_to_DK01#alt7,7,bwd,0,1050.0,1250.0,0.3679,0.0
DK03_to_DK01#alt7,7,bwd,1,1100.0,1300.0,0.4275,0.0
DK03_to_DK01#alt7,7,bwd,2,1150.0,1350.0,0.4746,0.0
DK03_to_DK01#alt7,7,bwd,3,1200.0,1400.0,0.503,0.0
DK03_to_DK01#alt7,7,bwd,4,1250.0,1450.0,0.6065,0.0
DK03_to_DK01#alt7,7,bwd,5,1300.0,1483.33,0.7165,0.0
DK03_to_DK01#alt7,7,bwd,6,1350.0,1500.0,0.7165,0.0
DK03_to_DK01#alt7,7,bwd,7,1400.0,1500.0,0.7165,0.0
DK03_to_DK01#alt7,7,bwd,8,1450.0,1516.67,0.6889,0.0
DK03_to_DK01#alt7,7,bwd,9,1500.0,1550.0,0.6889,0.0
DK03_to_DK01#alt7,7,bwd,10,1550.0,1600.0,0.6889,0.0
DK03_to_DK01#alt7,7,bwd,11,1600.0,1633.33,0.6889,0.0
DK03_to_DK01#alt7,7,bwd,12,1650.0,1650.0,0.5903,0.0
DK03_to_DK01#alt7,7,bwd,13,1700.0,1650.0,0.503,0.0
DK03_to_DK01#alt7,7,bwd,14,1750.0,1650.0,0.4275,0.0
DK03_to_DK01#alt7,7,bwd,15,1800.0,1650.0,0.3628,0.0
DK03_to_DK01#alt7,7,bwd,16,1850.0,1633.33,0.3895,0.0
DK03_to_DK01#alt7,7,bwd,17,1900.0,1616.67,0.3895,0.0
DK03_to_DK01#alt7,7,bwd,18,1950.0,1583.33,0.4346,0.0
DK03_to_DK01#alt7,7,bwd,19,2000.0,1550.0,0.4346,0.0
DK03_to_DK01#alt7,7,bwd,20,2050.0,1500.0,0.4076,0.0
DK03_to_DK01#alt7,7,bwd,21,2100.0,1450.0,0.3784,0.0
DK03_to_DK01#alt7,7,bwd,22,2150.0,1400.0,0.3485,0.0
DK03_to_DK01#alt7,7,bwd,23,2200.0,1350.0,0.3077,0.0
DK03_to_DK01#alt7,7,bwd,24,2250.0,1300.0,0.2636,0.0
DK03_to_DK01#alt7,7,bwd,25,2300.0,1250.0,0.2231,0.0
DK03_to_DK01#alt7,7,bwd,26,2350.0,1200.0,0.2151,0.0
DK03_to_DK01#alt7,7,bwd,27,2400.0,1150.0,0.2407,0.0
DK03_to_DK01#alt7,7,bwd,28,2450.0,1100.0,0.2609,0.0
DK03_to_DK01#alt7,7,bwd,29,2500.0,1050.0,0.2721,0.0
DK03_to_DK01#alt7,7,bwd,30,2533.33,1000.0,0.2721,0.0
DK03_to_DK01#alt7,7,bwd,31,2550.0,950.0,0.2431,0.0
DK03_to_DK01#alt7,7,bwd,32,2550.0,900.0,0.2151,0.0
DK03_to_DK01#alt7,7,bwd,33,2550.0,850.0,0.1889,0.0
DK03_to_DK01#alt7,7,bwd,34,2550.0,800.0,0.1648,0.0
DK03_to_DK01#alt7,7,bwd,35,2550.0,750.0,0.1432,0.0
DK03_to_DK01#alt7,7,bwd,36,2550.0,700.0,0.1239,0.0
DK03_to_DK01#alt7,7,bwd,37,2550.0,650.0,0.1069,0.0
DK03_to_DK01#alt7,7,bwd,38,2550.0,600.0,0.092,0.0
DK03_to_DK01#alt7,7,bwd,39,2550.0,550.0,0.092,0.0
DK03_to_DK01#alt7,7,bwd,40,2550.0,500.0,0.0947,0.0
DK03_to_DK01#alt7,7,bwd,41,2550.0,450.0,0.0964,0.0
DK03_to_DK01#alt7,7,bwd,42,2533.33,400.0,0.097,0.0
DK03_to_DK01#alt7,7,bwd,43,2500.0,350.0,0.0821,0.0
DK03_to_DK01#alt7,7,bwd,44,2450.0,300.0,0.0695,0.0
DK03_to_DK01#alt7,7,bwd,45,2400.0,250.0,0.0585,0.0
DK03_to_DK01#alt7,7,bwd,46,2350.0,200.0,0.0489,0.0
DK03_to_DK01#alt7,7,bwd,47,2300.0,183.33,0.0414,0.0
DK03_to_DK01#alt7,7,bwd,48,2250.0,200.0,0.0351,0.0
DK03_to_DK01#alt7,7,bwd,49,2200.0,250.0,0.0301,0.0
DK03_to_DK01#alt7,7,bwd,50,2150.0,283.33,0.0256,0.0
DK03_to_DK01#alt7,7,bwd,51,2100.0,316.67,0.0216,0.0
DK03_to_DK01#alt7,7,bwd,52,2050.0,316.67,0.0183,0.0
DK03_to_DK01#alt7,7,bwd,53,2000.0,316.67,0.0155,0.0
DK03_to_DK01#alt7,7,bwd,54,1950.0,316.67,0.0155,0.0
DK03_to_DK01#alt7,7,bwd,55,1900.0,350.0,0.019,0.0
DK03_to_DK01#alt7,7,bwd,56,1850.0,400.0,0.0233,0.0
DK03_to_DK01#alt7,7,bwd,57,1800.0,433.33,0.0284,0.0
DK03_to_DK01#alt7,7,bwd,58,1750.0,450.0,0.0334,0.0
DK03_to_DK01#alt7,7,bwd,59,1700.0,450.0,0.0393,0.0
DK03_to_DK01#alt7,7,bwd,60,1650.0,466.67,0.0463,0.0
DK03_to_DK01#alt7,7,bwd,61,1600.0,500.0,0.0563,0.0
DK03_to_DK01#alt7,7,bwd,62,1550.0,533.33,0.0681,0.0
DK03_to_DK01#alt7,7,bwd,63,1500.0,550.0,0.0803,0.0
DK03_to_DK01#alt7,7,bwd,64,1450.0,550.0,0.0947,0.0
DK03_to_DK01#alt7,7,bwd,65,1400.0,550.0,0.1117,0.0
DK03_to_DK01#alt7,7,bwd,66,1350.0,550.0,0.1317,0.0
DK03_to_DK01#alt7,7,bwd,67,1300.0,550.0,0.1551,0.0
DK03_to_DK01#alt7,7,bwd,68,1250.0,550.0,0.1827,0.0
DK03_to_DK01#alt7,7,bwd,69,1200.0,550.0,0.2151,0.0
DK01_to_DK02#alt0,0,fwd,0,1200.0,550.0,0.2151,0.0
DK01_to_DK02#alt0,0,fwd,1,1250.0,500.0,0.1755,0.0
DK01_to_DK02#alt0,0,fwd,2,1300.0,450.0,0.1422,0.0
DK01_to_DK02#alt0,0,fwd,3,1350.0,400.0,0.1146,0.0
DK01_to_DK02#alt0,0,fwd,4,1400.0,350.0,0.092,0.0
DK01_to_DK02#alt0,0,fwd,5,1450.0,316.67,0.0736,0.0
DK01_to_DK02#alt0,0,fwd,6,1500.0,300.0,0.0634,0.0
DK01_to_DK02#alt0,0,fwd,7,1550.0,283.33,0.0544,0.0
DK01_to_DK02#alt0,0,fwd,8,1600.0,266.67,0.0437,0.0
DK01_to_DK02#alt0,0,fwd,9,1650.0,250.0,0.0375,0.0
DK01_to_DK02#alt0,0,fwd,10,1700.0,233.33,0.0322,0.0
DK01_to_DK02#alt0,0,fwd,11,1750.0,216.67,0.0259,0.0
DK01_to_DK02#alt0,0,fwd,12,1800.0,183.33,0.0222,0.0
DK01_to_DK02#alt0,0,fwd,13,1850.0,150.0,0.0178,0.0
DK01_to_DK02#alt0,0,fwd,14,1900.0,116.67,0.0143,0.0
DK01_to_DK02#alt0,0,fwd,15,1950.0,100.0,0.0125,0.0
DK01_to_DK02#alt0,0,fwd,16,2000.0,83.33,0.0147,0.0
DK01_to_DK02#alt0,0,fwd,17,2050.0,66.67,0.0168,0.0
DK01_to_DK02#alt0,0,fwd,18,2100.0,50.0,0.0198,0.0
DK01_to_DK02#alt0,0,fwd,19,2150.0,50.0,0.0233,0.0
DK01_to_DK02#alt0,0,fwd,20,2200.0,50.0,0.0274,0.0
DK01_to_DK02#alt0,0,fwd,21,2250.0,50.0,0.0322,0.0
DK01_to_DK02#alt0,0,fwd,22,2300.0,66.67,0.0378,0.0
DK01_to_DK02#alt0,0,fwd,23,2350.0,100.0,0.0463,0.0
DK01_to_DK02#alt0,0,fwd,24,2400.0,150.0,0.0563,0.0
DK01_to_DK02#alt0,0,fwd,25,2450.0,200.0,0.0681,0.0
DK01_to_DK02#alt0,0,fwd,26,2500.0,250.0,0.0816,0.0
DK01_to_DK02#alt0,0,fwd,27,2550.0,300.0,0.097,0.0
DK01_to_DK02#alt0,0,fwd,28,2600.0,333.33,0.1146,0.0
DK01_to_DK02#alt0,0,fwd,29,2650.0,333.33,0.1353,0.0
DK01_to_DK02#alt0,0,fwd,30,2700.0,333.33,0.1599,0.0
DK01_to_DK02#alt0,0,fwd,31,2750.0,350.0,0.1889,0.0
DK01_to_DK02#alt0,0,fwd,32,2800.0,383.33,0.2231,0.0
DK01_to_DK02#alt0,0,fwd,33,2850.0,416.67,0.2636,0.0
DK01_to_DK02#alt0,0,fwd,34,2900.0,433.33,0.3077,0.0
DK01_to_DK02#alt0,0,fwd,35,2950.0,466.67,0.3628,0.0
DK01_to_DK02#alt0,0,fwd,36,3000.0,483.33,0.4076,0.0
DK01_to_DK02#alt0,0,fwd,37,3050.0,516.67,0.4746,0.0
DK01_to_DK02#alt0,0,fwd,38,3100.0,550.0,0.4931,0.0
DK01_to_DK02#alt0,0,fwd,39,3150.0,600.0,0.4931,0.0
DK01_to_DK02#alt0,0,fwd,40,3166.67,650.0,0.4346,0.0
DK01_to_DK02#alt0,0,fwd,41,3166.67,700.0,0.3895,0.0
DK01_to_DK02#alt0,0,fwd,42,3150.0,750.0,0.344,0.0
DK01_to_DK02#alt0,0,fwd,43,3133.33,800.0,0.3077,0.0
DK01_to_DK02#alt0,0,fwd,44,3116.67,850.0,0.2431,0.0
DK01_to_DK02#alt0,0,fwd,45,3116.67,900.0,0.2609,0.0
DK01_to_DK02#alt0,0,fwd,46,3150.0,950.0,0.2721,0.0
DK01_to_DK02#alt0,0,fwd,47,3200.0,1000.0,0.2721,0.0
DK01_to_DK02#alt0,0,fwd,48,3250.0,1050.0,0.2721,0.0
DK01_to_DK02#alt0,0,fwd,49,3300.0,1100.0,0.2609,0.0
DK01_to_DK02#alt0,0,fwd,50,3350.0,1150.0,0.2407,0.0
DK01_to_DK02#alt0,0,fwd,51,3400.0,1200.0,0.2151,0.0
DK01_to_DK02#alt0,0,fwd,52,3450.0,1250.0,0.1873,0.0
DK01_to_DK02#alt0,0,fwd,53,3500.0,1300.0,0.1599,0.0
DK01_to_DK02#alt0,0,fwd,54,3550.0,1350.0,0.1353,0.0
DK01_to_DK02#alt0,0,fwd,55,3600.0,1400.0,0.1146,0.0
DK01_to_DK02#alt0,0,fwd,56,3650.0,1450.0,0.1069,0.0
DK01_to_DK02#alt0,0,fwd,57,3700.0,1500.0,0.1335,0.0
DK01_to_DK02#alt0,0,fwd,58,3733.33,1550.0,0.1661,0.0
DK01_to_DK02#alt0,0,fwd,59,3750.0,1600.0,0.1755,0.0
DK01_to_DK02#alt0,0,fwd,60,3750.0,1650.0,0.1827,0.0
DK01_to_DK02#alt0,0,fwd,61,3750.0,1700.0,0.1873,0.0
DK01_to_DK02#alt0,0,fwd,62,3750.0,1750.0,0.1889,0.0
DK01_to_DK02#alt0,0,fwd,63,3750.0,1800.0,0.1889,0.0
DK01_to_DK02#alt0,0,fwd,64,3750.0,1850.0,0.1873,0.0
DK01_to_DK02#alt0,0,fwd,65,3750.0,1900.0,0.1827,0.0
DK01_to_DK02#alt0,0,fwd,66,3750.0,1950.0,0.1755,0.0
DK01_to_DK02#alt0,0,fwd,67,3750.0,2000.0,0.1661,0.0
DK01_to_DK02#alt0,0,fwd,68,3750.0,2050.0,0.1551,0.0
DK01_to_DK02#alt0,0,fwd,69,3750.0,2100.0,0.1432,0.0
DK01_to_DK02#alt0,0,fwd,70,3750.0,2150.0,0.1432,0.0
DK02_to_DK01#alt0,0,bwd,0,3750.0,2150.0,0.1432,0.0
DK02_to_DK01#alt0,0,bwd,1,3700.0,2100.0,0.1239,0.0
DK02_to_DK01#alt0,0,bwd,2,3650.0,2050.0,0.1146,0.0
DK02_to_DK01#alt0,0,bwd,3,3600.0,2000.0,0.1036,0.0
DK02_to_DK01#alt0,0,bwd,4,3550.0,1950.0,0.092,0.0
DK02_to_DK01#alt0,0,bwd,5,3500.0,1900.0,0.0964,0.0
DK02_to_DK01#alt0,0,bwd,6,3450.0,1850.0,0.1183,0.0
DK02_to_DK01#alt0,0,bwd,7,3400.0,1800.0,0.1495,0.0
DK02_to_DK01#alt0,0,bwd,8,3350.0,1750.0,0.1889,0.0
DK02_to_DK01#alt0,0,bwd,9,3300.0,1700.0,0.2384,0.0
DK02_to_DK01#alt0,0,bwd,10,3250.0,1650.0,0.3006,0.0
DK02_to_DK01#alt0,0,bwd,11,3200.0,1600.0,0.3784,0.0
DK02_to_DK01#alt0,0,bwd,12,3166.67,1550.0,0.4746,0.0
DK02_to_DK01#alt0,0,bwd,13,3150.0,1500.0,0.503,0.0
DK02_to_DK01#alt0,0,bwd,14,3150.0,1450.0,0.5134,0.0
DK02_to_DK01#alt0,0,bwd,15,3150.0,1400.0,0.5134,0.0
DK02_to_DK01#alt0,0,bwd,16,3150.0,1350.0,0.5134,0.0
DK02_to_DK01#alt0,0,bwd,17,3150.0,1300.0,0.5134,0.0
DK02_to_DK01#alt0,0,bwd,18,3133.33,1250.0,0.503,0.0
DK02_to_DK01#alt0,0,bwd,19,3100.0,1200.0,0.5483,0.0
DK02_to_DK01#alt0,0,bwd,20,3050.0,1150.0,0.5483,0.0
DK02_to_DK01#alt0,0,bwd,21,3016.67,1100.0,0.5483,0.0
DK02_to_DK01#alt0,0,bwd,22,2983.33,1050.0,0.4746,0.0
DK02_to_DK01#alt0,0,bwd,23,2950.0,1000.0,0.4275,0.0
DK02_to_DK01#alt0,0,bwd,24,2900.0,950.0,0.3679,0.0
DK02_to_DK01#alt0,0,bwd,25,2850.0,900.0,0.3114,0.0
DK02_to_DK01#alt0,0,bwd,26,2800.0,850.0,0.2609,0.0
DK02_to_DK01#alt0,0,bwd,27,2750.0,800.0,0.2151,0.0
DK02_to_DK01#alt0,0,bwd,28,2700.0,750.0,0.1755,0.0
DK02_to_DK01#alt0,0,bwd,29,2650.0,700.0,0.1422,0.0
DK02_to_DK01#alt0,0,bwd,30,2600.0,650.0,0.1146,0.0
DK02_to_DK01#alt0,0,bwd,31,2550.0,600.0,0.092,0.0
DK02_to_DK01#alt0,0,bwd,32,2500.0,550.0,0.0781,0.0
DK02_to_DK01#alt0,0,bwd,33,2450.0,516.67,0.0681,0.0
DK02_to_DK01#alt0,0,bwd,34,2400.0,500.0,0.0577,0.0
DK02_to_DK01#alt0,0,bwd,35,2350.0,483.33,0.0496,0.0
DK02_to_DK01#alt0,0,bwd,36,2300.0,466.67,0.042,0.0
DK02_to_DK01#alt0,0,bwd,37,2250.0,450.0,0.0357,0.0
DK02_to_DK01#alt0,0,bwd,38,2200.0,450.0,0.0322,0.0
DK02_to_DK01#alt0,0,bwd,39,2150.0,450.0,0.0289,0.0
DK02_to_DK01#alt0,0,bwd,40,2100.0,433.33,0.0259,0.0
DK02_to_DK01#alt0,0,bwd,41,2050.0,400.0,0.0204,0.0
DK02_to_DK01#alt0,0,bwd,42,2000.0,366.67,0.0161,0.0
DK02_to_DK01#alt0,0,bwd,43,1950.0,333.33,0.0162,0.0
DK02_to_DK01#alt0,0,bwd,44,1900.0,333.33,0.019,0.0
DK02_to_DK01#alt0,0,bwd,45,1850.0,333.33,0.0224,0.0
DK02_to_DK01#alt0,0,bwd,46,1800.0,350.0,0.0263,0.0
DK02_to_DK01#alt0,0,bwd,47,1750.0,350.0,0.0308,0.0
DK02_to_DK01#alt0,0,bwd,48,1700.0,366.67,0.0361,0.0
DK02_to_DK01#alt0,0,bwd,49,1650.0,400.0,0.0444,0.0
DK02_to_DK01#alt0,0,bwd,50,1600.0,433.33,0.0544,0.0
DK02_to_DK01#alt0,0,bwd,51,1550.0,450.0,0.064,0.0
DK02_to_DK01#alt0,0,bwd,52,1500.0,466.67,0.0752,0.0
DK02_to_DK01#alt0,0,bwd,53,1450.0,500.0,0.092,0.0
DK02_to_DK01#alt0,0,bwd,54,1400.0,533.33,0.1117,0.0
DK02_to_DK01#alt0,0,bwd,55,1350.0,550.0,0.1317,0.0
DK02_to_DK01#alt0,0,bwd,56,1300.0,550.0,0.1551,0.0
DK02_to_DK01#alt0,0,bwd,57,1250.0,550.0,0.1827,0.0
DK02_to_DK01#alt0,0,bwd,58,1200.0,550.0,0.2151,0.0
DK01_to_DK02#alt1,1,fwd,0,1200.0,550.0,0.2151,0.0
DK01_to_DK02#alt1,1,fwd,1,1250.0,500.0,0.1755,0.0
DK01_to_DK02#alt1,1,fwd,2,1300.0,466.67,0.1422,0.0
DK01_to_DK02#alt1,1,fwd,3,1350.0,450.0,0.1215,0.0
DK01_to_DK02#alt1,1,fwd,4,1400.0,433.33,0.1036,0.0
DK01_to_DK02#alt1,1,fwd,5,1450.0,416.67,0.0839,0.0
DK01_to_DK02#alt1,1,fwd,6,1500.0,400.0,0.0717,0.0
DK01_to_DK02#alt1,1,fwd,7,1550.0,416.67,0.0612,0.0
DK01_to_DK02#alt1,1,fwd,8,1600.0,450.0,0.0544,0.0
DK01_to_DK02#alt1,1,fwd,9,1650.0,500.0,0.0478,0.0
DK01_to_DK02#alt1,1,fwd,10,1700.0,533.33,0.0414,0.0
DK01_to_DK02#alt1,1,fwd,11,1750.0,550.0,0.0351,0.0
DK01_to_DK02#alt1,1,fwd,12,1800.0,550.0,0.0297,0.0
DK01_to_DK02#alt1,1,fwd,13,1850.0,550.0,0.0252,0.0
DK01_to_DK02#alt1,1,fwd,14,1900.0,566.67,0.0213,0.0
DK01_to_DK02#alt1,1,fwd,15,1950.0,600.0,0.0255,0.0
DK01_to_DK02#alt1,1,fwd,16,2000.0,616.67,0.0289,0.0
DK01_to_DK02#alt1,1,fwd,17,2050.0,633.33,0.0366,0.0
DK01_to_DK02#alt1,1,fwd,18,2100.0,650.0,0.0414,0.0
DK01_to_DK02#alt1,1,fwd,19,2150.0,700.0,0.0524,0.0
DK01_to_DK02#alt1,1,fwd,20,2200.0,750.0,0.0663,0.0
DK01_to_DK02#alt1,1,fwd,21,2250.0,800.0,0.0839,0.0
DK01_to_DK02#alt1,1,fwd,22,2300.0,850.0,0.1062,0.0
DK01_to_DK02#alt1,1,fwd,23,2350.0,900.0,0.1344,0.0
DK01_to_DK02#alt1,1,fwd,24,2400.0,950.0,0.17,0.0
DK01_to_DK02#alt1,1,fwd,25,2450.0,1000.0,0.2151,0.0
DK01_to_DK02#alt1,1,fwd,26,2500.0,1050.0,0.2721,0.0
DK01_to_DK02#alt1,1,fwd,27,2550.0,1100.0,0.344,0.0
DK01_to_DK02#alt1,1,fwd,28,2600.0,1150.0,0.4346,0.0
DK01_to_DK02#alt1,1,fwd,29,2650.0,1200.0,0.5483,0.0
DK01_to_DK02#alt1,1,fwd,30,2683.33,1250.0,0.6889,0.0
DK01_to_DK02#alt1,1,fwd,31,2700.0,1300.0,0.7165,0.0
DK01_to_DK02#alt1,1,fwd,32,2700.0,1350.0,0.7165,0.0
DK01_to_DK02#alt1,1,fwd,33,2700.0,1400.0,0.7165,0.0
DK01_to_DK02#alt1,1,fwd,34,2700.0,1450.0,0.7165,0.0
DK01_to_DK02#alt1,1,fwd,35,2700.0,1500.0,0.6889,0.0
DK01_to_DK02#alt1,1,fwd,36,2750.0,1550.0,0.6889,0.0
DK01_to_DK02#alt1,1,fwd,37,2800.0,1600.0,0.6065,0.0
DK01_to_DK02#alt1,1,fwd,38,2850.0,1650.0,0.5134,0.0
DK01_to_DK02#alt1,1,fwd,39,2900.0,1700.0,0.4931,0.0
DK01_to_DK02#alt1,1,fwd,40,2950.0,1750.0,0.4746,0.0
DK01_to_DK02#alt1,1,fwd,41,3000.0,1800.0,0.4346,0.0
DK01_to_DK02#alt1,1,fwd,42,3050.0,1850.0,0.4076,0.0
DK01_to_DK02#alt1,1,fwd,43,3100.0,1900.0,0.3628,0.0
DK01_to_DK02#alt1,1,fwd,44,3150.0,1933.33,0.3114,0.0
DK01_to_DK02#alt1,1,fwd,45,3200.0,1966.67,0.2636,0.0
DK01_to_DK02#alt1,1,fwd,46,3250.0,2000.0,0.2231,0.0
DK01_to_DK02#alt1,1,fwd,47,3300.0,2050.0,0.1889,0.0
DK01_to_DK02#alt1,1,fwd,48,3350.0,2100.0,0.1599,0.0
DK01_to_DK02#alt1,1,fwd,49,3400.0,2133.33,0.1353,0.0
DK01_to_DK02#alt1,1,fwd,50,3450.0,2150.0,0.1146,0.0
DK01_to_DK02#alt1,1,fwd,51,3500.0,2150.0,0.097,0.0
DK01_to_DK02#alt1,1,fwd,52,3550.0,2150.0,0.0947,0.0
DK01_to_DK02#alt1,1,fwd,53,3600.0,2150.0,0.1062,0.0
DK01_to_DK02#alt1,1,fwd,54,3650.0,2150.0,0.1183,0.0
DK01_to_DK02#alt1,1,fwd,55,3700.0,2150.0,0.1308,0.0
DK01_to_DK02#alt1,1,fwd,56,3750.0,2150.0,0.1432,0.0
DK02_to_DK01#alt1,1,bwd,0,3750.0,2150.0,0.1432,0.0
DK02_to_DK01#alt1,1,bwd,1,3700.0,2100.0,0.1239,0.0
DK02_to_DK01#alt1,1,bwd,2,3666.67,2050.0,0.1146,0.0
DK02_to_DK01#alt1,1,bwd,3,3633.33,2000.0,0.1215,0.0
DK02_to_DK01#alt1,1,bwd,4,3600.0,1950.0,0.1082,0.0
DK02_to_DK01#alt1,1,bwd,5,3566.67,1900.0,0.0947,0.0
DK02_to_DK01#alt1,1,bwd,6,3550.0,1850.0,0.0964,0.0
DK02_to_DK01#alt1,1,bwd,7,3533.33,1800.0,0.0987,0.0
DK02_to_DK01#alt1,1,bwd,8,3500.0,1750.0,0.1239,0.0
DK02_to_DK01#alt1,1,bwd,9,3450.0,1700.0,0.1551,0.0
DK02_to_DK01#alt1,1,bwd,10,3400.0,1650.0,0.1937,0.0
DK02_to_DK01#alt1,1,bwd,11,3350.0,1600.0,0.2407,0.0
DK02_to_DK01#alt1,1,bwd,12,3300.0,1550.0,0.2972,0.0
DK02_to_DK01#alt1,1,bwd,13,3266.67,1500.0,0.3628,0.0
DK02_to_DK01#alt1,1,bwd,14,3250.0,1450.0,0.3679,0.0
DK02_to_DK01#alt1,1,bwd,15,3250.0,1400.0,0.3679,0.0
DK02_to_DK01#alt1,1,bwd,16,3250.0,1350.0,0.3679,0.0
DK02_to_DK01#alt1,1,bwd,17,3233.33,1300.0,0.3679,0.0
DK02_to_DK01#alt1,1,bwd,18,3200.0,1250.0,0.4275,0.0
DK02_to_DK01#alt1,1,bwd,19,3150.0,1200.0,0.4746,0.0
DK02_to_DK01#alt1,1,bwd,20,3100.0,1150.0,0.4931,0.0
DK02_to_DK01#alt1,1,bwd,21,3066.67,1100.0,0.4931,0.0
DK02_to_DK01#alt1,1,bwd,22,3050.0,1050.0,0.4346,0.0
DK02_to_DK01#alt1,1,bwd,23,3033.33,1000.0,0.3784,0.0
DK02_to_DK01#alt1,1,bwd,24,3016.67,950.0,0.3485,0.0
DK02_to_DK01#alt1,1,bwd,25,2983.33,900.0,0.2972,0.0
DK02_to_DK01#alt1,1,bwd,26,2950.0,850.0,0.2609,0.0
DK02_to_DK01#alt1,1,bwd,27,2900.0,800.0,0.2231,0.0
DK02_to_DK01#alt1,1,bwd,28,2850.0,750.0,0.1889,0.0
DK02_to_DK01#alt1,1,bwd,29,2800.0,700.0,0.1648,0.0
DK02_to_DK01#alt1,1,bwd,30,2750.0,650.0,0.1551,0.0
DK02_to_DK01#alt1,1,bwd,31,2700.0,600.0,0.1422,0.0
DK02_to_DK01#alt1,1,bwd,32,2650.0,550.0,0.1273,0.0
DK02_to_DK01#alt1,1,bwd,33,2600.0,500.0,0.1117,0.0
DK02_to_DK01#alt1,1,bwd,34,2550.0,450.0,0.0964,0.0
DK02_to_DK01#alt1,1,bwd,35,2500.0,400.0,0.0821,0.0
DK02_to_DK01#alt1,1,bwd,36,2450.0,350.0,0.0695,0.0
DK02_to_DK01#alt1,1,bwd,37,2400.0,300.0,0.0588,0.0
DK02_to_DK01#alt1,1,bwd,38,2350.0,250.0,0.0496,0.0
DK02_to_DK01#alt1,1,bwd,39,2300.0,200.0,0.0414,0.0
DK02_to_DK01#alt1,1,bwd,40,2250.0,183.33,0.0351,0.0
DK02_to_DK01#alt1,1,bwd,41,2200.0,183.33,0.0297,0.0
DK02_to_DK01#alt1,1,bwd,42,2150.0,200.0,0.0252,0.0
DK02_to_DK01#alt1,1,bwd,43,2100.0,200.0,0.0213,0.0
DK02_to_DK01#alt1,1,bwd,44,2050.0,183.33,0.0181,0.0
DK02_to_DK01#alt1,1,bwd,45,2000.0,150.0,0.015,0.0
DK02_to_DK01#alt1,1,bwd,46,1950.0,100.0,0.0125,0.0
DK02_to_DK01#alt1,1,bwd,47,1900.0,66.67,0.0133,0.0
DK02_to_DK01#alt1,1,bwd,48,1850.0,50.0,0.0153,0.0
DK02_to_DK01#alt1,1,bwd,49,1800.0,50.0,0.0178,0.0
DK02_to_DK01#alt1,1,bwd,50,1750.0,50.0,0.0205,0.0
DK02_to_DK01#alt1,1,bwd,51,1700.0,66.67,0.0236,0.0
DK02_to_DK01#alt1,1,bwd,52,1650.0,100.0,0.0297,0.0
DK02_to_DK01#alt1,1,bwd,53,1600.0,150.0,0.0374,0.0
DK02_to_DK01#alt1,1,bwd,54,1550.0,200.0,0.0469,0.0
DK02_to_DK01#alt1,1,bwd,55,1500.0,233.33,0.0588,0.0
DK02_to_DK01#alt1,1,bwd,56,1450.0,266.67,0.0681,0.0
DK02_to_DK01#alt1,1,bwd,57,1400.0,300.0,0.0854,0.0
DK02_to_DK01#alt1,1,bwd,58,1350.0,350.0,0.1069,0.0
DK02_to_DK01#alt1,1,bwd,59,1300.0,400.0,0.1335,0.0
DK02_to_DK01#alt1,1,bwd,60,1250.0,450.0,0.1661,0.0
DK02_to_DK01#alt1,1,bwd,61,1216.67,500.0,0.2057,0.0
DK02_to_DK01#alt1,1,bwd,62,1200.0,550.0,0.2151,0.0
DK02_to_DK01#alt2,2,bwd,0,3750.0,2150.0,0.1432,0.0
DK02_to_DK01#alt2,2,bwd,1,3700.0,2200.0,0.1495,0.0
DK02_to_DK01#alt2,2,bwd,2,3650.0,2250.0,0.1517,0.0
DK02_to_DK01#alt2,2,bwd,3,3600.0,2283.33,0.1517,0.0
DK02_to_DK01#alt2,2,bwd,4,3550.0,2283.33,0.1344,0.0
DK02_to_DK01#alt2,2,bwd,5,3500.0,2266.67,0.1062,0.0
DK02_to_DK01#alt2,2,bwd,6,3450.0,2250.0,0.1146,0.0
DK02_to_DK01#alt2,2,bwd,7,3400.0,2233.33,0.1353,0.0
DK02_to_DK01#alt2,2,bwd,8,3350.0,2200.0,0.1599,0.0
DK02_to_DK01#alt2,2,bwd,9,3300.0,2166.67,0.1889,0.0
DK02_to_DK01#alt2,2,bwd,10,3250.0,2133.33,0.2231,0.0
DK02_to_DK01#alt2,2,bwd,11,3200.0,2100.0,0.2636,0.0
DK02_to_DK01#alt2,2,bwd,12,3150.0,2066.67,0.3114,0.0
DK02_to_DK01#alt2,2,bwd,13,3100.0,2033.33,0.3679,0.0
DK02_to_DK01#alt2,2,bwd,14,3050.0,2000.0,0.4346,0.0
DK02_to_DK01#alt2,2,bwd,15,3000.0,1950.0,0.5134,0.0
DK02_to_DK01#alt2,2,bwd,16,2950.0,1900.0,0.5903,0.0
DK02_to_DK01#alt2,2,bwd,17,2900.0,1850.0,0.6241,0.0
DK02_to_DK01#alt2,2,bwd,18,2850.0,1800.0,0.6889,0.0
DK02_to_DK01#alt2,2,bwd,19,2800.0,1750.0,0.6889,0.0
DK02_to_DK01#alt2,2,bwd,20,2750.0,1700.0,0.6889,0.0
DK02_to_DK01#alt2,2,bwd,21,2700.0,1650.0,0.6889,0.0
DK02_to_DK01#alt2,2,bwd,22,2650.0,1600.0,0.6241,0.0
DK02_to_DK01#alt2,2,bwd,23,2616.67,1550.0,0.5903,0.0
DK02_to_DK01#alt2,2,bwd,24,2583.33,1500.0,0.503,0.0
DK02_to_DK01#alt2,2,bwd,25,2550.0,1450.0,0.4346,0.0
DK02_to_DK01#alt2,2,bwd,26,2516.67,1400.0,0.3679,0.0
DK02_to_DK01#alt2,2,bwd,27,2483.33,1350.0,0.3679,0.0
DK02_to_DK01#alt2,2,bwd,28,2450.0,1300.0,0.3114,0.0
DK02_to_DK01#alt2,2,bwd,29,2400.0,1250.0,0.2609,0.0
DK02_to_DK01#alt2,2,bwd,30,2350.0,1200.0,0.2151,0.0
DK02_to_DK01#alt2,2,bwd,31,2300.0,1150.0,0.1755,0.0
DK02_to_DK01#alt2,2,bwd,32,2250.0,1100.0,0.1422,0.0
DK02_to_DK01#alt2,2,bwd,33,2200.0,1050.0,0.1146,0.0
DK02_to_DK01#alt2,2,bwd,34,2150.0,1000.0,0.0947,0.0
DK02_to_DK01#alt2,2,bwd,35,2100.0,950.0,0.0781,0.0
DK02_to_DK01#alt2,2,bwd,36,2050.0,900.0,0.064,0.0
DK02_to_DK01#alt2,2,bwd,37,2000.0,850.0,0.0522,0.0
DK02_to_DK01#alt2,2,bwd,38,1950.0,800.0,0.0423,0.0
DK02_to_DK01#alt2,2,bwd,39,1900.0,750.0,0.0374,0.0
DK02_to_DK01#alt2,2,bwd,40,1850.0,700.0,0.0349,0.0
DK02_to_DK01#alt2,2,bwd,41,1800.0,650.0,0.0322,0.0
DK02_to_DK01#alt2,2,bwd,42,1750.0,616.67,0.0355,0.0
DK02_to_DK01#alt2,2,bwd,43,1700.0,583.33,0.042,0.0
DK02_to_DK01#alt2,2,bwd,44,1650.0,566.67,0.0489,0.0
DK02_to_DK01#alt2,2,bwd,45,1600.0,566.67,0.0577,0.0
DK02_to_DK01#alt2,2,bwd,46,1550.0,566.67,0.0681,0.0
DK02_to_DK01#alt2,2,bwd,47,1500.0,566.67,0.0803,0.0
DK02_to_DK01#alt2,2,bwd,48,1450.0,550.0,0.0947,0.0
DK02_to_DK01#alt2,2,bwd,49,1400.0,550.0,0.1117,0.0
DK02_to_DK01#alt2,2,bwd,50,1350.0,550.0,0.1317,0.0
DK02_to_DK01#alt2,2,bwd,51,1300.0,550.0,0.1551,0.0
DK02_to_DK01#alt2,2,bwd,52,1250.0,550.0,0.1827,0.0
DK02_to_DK01#alt2,2,bwd,53,1200.0,550.0,0.2151,0.0
DK01_to_DK02#alt3,3,fwd,0,1200.0,550.0,0.2151,0.0
DK01_to_DK02#alt3,3,fwd,1,1150.0,500.0,0.2407,0.0
DK01_to_DK02#alt3,3,fwd,2,1133.33,450.0,0.2252,0.0
DK01_to_DK02#alt3,3,fwd,3,1150.0,400.0,0.2076,0.0
DK01_to_DK02#alt3,3,fwd,4,1200.0,350.0,0.1648,0.0
DK01_to_DK02#alt3,3,fwd,5,1250.0,300.0,0.1308,0.0
DK01_to_DK02#alt3,3,fwd,6,1300.0,250.0,0.1036,0.0
DK01_to_DK02#alt3,3,fwd,7,1350.0,200.0,0.0821,0.0
DK01_to_DK02#alt3,3,fwd,8,1400.0,150.0,0.065,0.0
DK01_to_DK02#alt3,3,fwd,9,1450.0,100.0,0.0514,0.0
DK01_to_DK02#alt3,3,fwd,10,1500.0,66.67,0.0407,0.0
DK01_to_DK02#alt3,3,fwd,11,1550.0,50.0,0.0357,0.0
DK01_to_DK02#alt3,3,fwd,12,1600.0,50.0,0.0312,0.0
DK01_to_DK02#alt3,3,fwd,13,1650.0,50.0,0.0272,0.0
DK01_to_DK02#alt3,3,fwd,14,1700.0,50.0,0.0236,0.0
DK01_to_DK02#alt3,3,fwd,15,1750.0,50.0,0.0205,0.0
DK01_to_DK02#alt3,3,fwd,16,1800.0,50.0,0.0178,0.0
DK01_to_DK02#alt3,3,fwd,17,1850.0,50.0,0.0153,0.0
DK01_to_DK02#alt3,3,fwd,18,1900.0,50.0,0.0133,0.0
DK01_to_DK02#alt3,3,fwd,19,1950.0,50.0,0.0121,0.0
DK01_to_DK02#alt3,3,fwd,20,2000.0,50.0,0.0143,0.0
DK01_to_DK02#alt3,3,fwd,21,2050.0,50.0,0.0168,0.0
DK01_to_DK02#alt3,3,fwd,22,2100.0,50.0,0.0198,0.0
DK01_to_DK02#alt3,3,fwd,23,2150.0,50.0,0.0233,0.0
DK01_to_DK02#alt3,3,fwd,24,2200.0,50.0,0.0274,0.0
DK01_to_DK02#alt3,3,fwd,25,2250.0,50.0,0.0322,0.0
DK01_to_DK02#alt3,3,fwd,26,2300.0,50.0,0.0378,0.0
DK01_to_DK02#alt3,3,fwd,27,2350.0,50.0,0.0444,0.0
DK01_to_DK02#alt3,3,fwd,28,2400.0,50.0,0.0522,0.0
DK01_to_DK02#alt3,3,fwd,29,2450.0,50.0,0.0612,0.0
DK01_to_DK02#alt3,3,fwd,30,2500.0,50.0,0.0717,0.0
DK01_to_DK02#alt3,3,fwd,31,2550.0,50.0,0.0839,0.0
DK01_to_DK02#alt3,3,fwd,32,2600.0,50.0,0.0981,0.0
DK01_to_DK02#alt3,3,fwd,33,2650.0,50.0,0.1146,0.0
DK01_to_DK02#alt3,3,fwd,34,2700.0,50.0,0.1335,0.0
DK01_to_DK02#alt3,3,fwd,35,2750.0,50.0,0.1551,0.0
DK01_to_DK02#alt3,3,fwd,36,2800.0,50.0,0.1798,0.0
DK01_to_DK02#alt3,3,fwd,37,2850.0,50.0,0.2076,0.0
DK01_to_DK02#alt3,3,fwd,38,2900.0,50.0,0.2384,0.0
DK01_to_DK02#alt3,3,fwd,39,2950.0,50.0,0.2721,0.0
DK01_to_DK02#alt3,3,fwd,40,3000.0,66.67,0.3077,0.0
DK01_to_DK02#alt3,3,fwd,41,3050.0,100.0,0.3895,0.0
DK01_to_DK02#alt3,3,fwd,42,3100.0,150.0,0.4931,0.0
DK01_to_DK02#alt3,3,fwd,43,3150.0,183.33,0.6241,0.0
DK01_to_DK02#alt3,3,fwd,44,3200.0,200.0,0.6889,0.0
DK01_to_DK02#alt3,3,fwd,45,3250.0,200.0,0.7165,0.0
DK01_to_DK02#alt3,3,fwd,46,3300.0,200.0,0.7165,0.0
DK01_to_DK02#alt3,3,fwd,47,3350.0,200.0,0.7165,0.0
DK01_to_DK02#alt3,3,fwd,48,3400.0,200.0,0.7165,0.0
DK01_to_DK02#alt3,3,fwd,49,3450.0,200.0,0.7165,0.0
DK01_to_DK02#alt3,3,fwd,50,3500.0,200.0,0.7165,0.0
DK01_to_DK02#alt3,3,fwd,51,3550.0,200.0,0.7165,0.0
DK01_to_DK02#alt3,3,fwd,52,3600.0,183.33,0.7165,0.0
DK01_to_DK02#alt3,3,fwd,53,3650.0,150.0,0.5903,0.0
DK01_to_DK02#alt3,3,fwd,54,3700.0,100.0,0.4746,0.0
DK01_to_DK02#alt3,3,fwd,55,3750.0,66.67,0.3784,0.0
DK01_to_DK02#alt3,3,fwd,56,3800.0,50.0,0.344,0.0
DK01_to_DK02#alt3,3,fwd,57,3850.0,50.0,0.3077,0.0
DK01_to_DK02#alt3,3,fwd,58,3900.0,66.67,0.344,0.0
DK01_to_DK02#alt3,3,fwd,59,3950.0,100.0,0.4346,0.0
DK01_to_DK02#alt3,3,fwd,60,4000.0,133.33,0.5483,0.0
DK01_to_DK02#alt3,3,fwd,61,4050.0,150.0,0.6241,0.0
DK01_to_DK02#alt3,3,fwd,62,4100.0,150.0,0.6889,0.0
DK01_to_DK02#alt3,3,fwd,63,4150.0,150.0,0.7165,0.0
DK01_to_DK02#alt3,3,fwd,64,4200.0,150.0,0.7165,0.0
DK01_to_DK02#alt3,3,fwd,65,4250.0,150.0,0.7165,0.0
DK01_to_DK02#alt3,3,fwd,66,4300.0,150.0,0.7165,0.0
DK01_to_DK02#alt3,3,fwd,67,4350.0,150.0,0.7165,0.0
DK01_to_DK02#alt3,3,fwd,68,4400.0,150.0,0.6889,0.0
DK01_to_DK02#alt3,3,fwd,69,4450.0,200.0,0.6889,0.0
DK01_to_DK02#alt3,3,fwd,70,4500.0,250.0,0.6889,0.0
DK01_to_DK02#alt3,3,fwd,71,4550.0,300.0,0.6065,0.0
DK01_to_DK02#alt3,3,fwd,72,4600.0,350.0,0.5134,0.0
DK01_to_DK02#alt3,3,fwd,73,4650.0,400.0,0.4346,0.0
DK01_to_DK02#alt3,3,fwd,74,4700.0,450.0,0.3679,0.0
DK01_to_DK02#alt3,3,fwd,75,4733.33,500.0,0.3114,0.0
DK01_to_DK02#alt3,3,fwd,76,4750.0,550.0,0.3077,0.0
DK01_to_DK02#alt3,3,fwd,77,4750.0,600.0,0.2972,0.0
DK01_to_DK02#alt3,3,fwd,78,4750.0,650.0,0.281,0.0
DK01_to_DK02#alt3,3,fwd,79,4750.0,700.0,0.2609,0.0
DK01_to_DK02#alt3,3,fwd,80,4750.0,750.0,0.2384,0.0
DK01_to_DK02#alt3,3,fwd,81,4750.0,800.0,0.2151,0.0
DK01_to_DK02#alt3,3,fwd,82,4750.0,850.0,0.1921,0.0
DK01_to_DK02#alt3,3,fwd,83,4750.0,900.0,0.17,0.0
DK01_to_DK02#alt3,3,fwd,84,4750.0,950.0,0.1517,0.0
DK01_to_DK02#alt3,3,fwd,85,4750.0,1000.0,0.1344,0.0
DK01_to_DK02#alt3,3,fwd,86,4750.0,1050.0,0.1199,0.0
DK01_to_DK02#alt3,3,fwd,87,4750.0,1100.0,0.1062,0.0
DK01_to_DK02#alt3,3,fwd,88,4750.0,1150.0,0.1138,0.0
DK01_to_DK02#alt3,3,fwd,89,4750.0,1200.0,0.1308,0.0
DK01_to_DK02#alt3,3,fwd,90,4750.0,1250.0,0.1495,0.0
DK01_to_DK02#alt3,3,fwd,91,4750.0,1300.0,0.17,0.0
DK01_to_DK02#alt3,3,fwd,92,4750.0,1350.0,0.1921,0.0
DK01_to_DK02#alt3,3,fwd,93,4750.0,1400.0,0.2151,0.0
DK01_to_DK02#alt3,3,fwd,94,4750.0,1450.0,0.2431,0.0
DK01_to_DK02#alt3,3,fwd,95,4750.0,1500.0,0.2721,0.0
DK01_to_DK02#alt3,3,fwd,96,4750.0,1550.0,0.3006,0.0
DK01_to_DK02#alt3,3,fwd,97,4750.0,1600.0,0.3269,0.0
DK01_to_DK02#alt3,3,fwd,98,4733.33,1650.0,0.3485,0.0
DK01_to_DK02#alt3,3,fwd,99,4700.0,1700.0,0.4275,0.0
DK01_to_DK02#alt3,3,fwd,100,4650.0,1750.0,0.5134,0.0
DK01_to_DK02#alt3,3,fwd,101,4600.0,1800.0,0.6065,0.0
DK01_to_DK02#alt3,3,fwd,102,4550.0,1850.0,0.6889,0.0
DK01_to_DK02#alt3,3,fwd,103,4500.0,1900.0,0.6889,0.0
DK01_to_DK02#alt3,3,fwd,104,4450.0,1950.0,0.6889,0.0
DK01_to_DK02#alt3,3,fwd,105,4400.0,2000.0,0.6065,0.0
DK01_to_DK02#alt3,3,fwd,106,4350.0,2050.0,0.5134,0.0
DK01_to_DK02#alt3,3,fwd,107,4300.0,2100.0,0.4346,0.0
DK01_to_DK02#alt3,3,fwd,108,4250.0,2150.0,0.3628,0.0
DK01_to_DK02#alt3,3,fwd,109,4200.0,2200.0,0.2972,0.0
DK01_to_DK02#alt3,3,fwd,110,4150.0,2250.0,0.2636,0.0
DK01_to_DK02#alt3,3,fwd,111,4100.0,2300.0,0.3114,0.0
DK01_to_DK02#alt3,3,fwd,112,4050.0,2333.33,0.3679,0.0
DK01_to_DK02#alt3,3,fwd,113,4000.0,2350.0,0.3628,0.0
DK01_to_DK02#alt3,3,fwd,114,3950.0,2350.0,0.3485,0.0
DK01_to_DK02#alt3,3,fwd,115,3900.0,2350.0,0.3269,0.0
DK01_to_DK02#alt3,3,fwd,116,3850.0,2333.33,0.3006,0.0
DK01_to_DK02#alt3,3,fwd,117,3800.0,2300.0,0.2384,0.0
DK01_to_DK02#alt3,3,fwd,118,3766.67,2250.0,0.1889,0.0
DK01_to_DK02#alt3,3,fwd,119,3750.0,2200.0,0.1648,0.0
DK01_to_DK02#alt3,3,fwd,120,3750.0,2150.0,0.1432,0.0
DK01_to_DK02#alt4,4,fwd,0,1200.0,550.0,0.2151,0.0
DK01_to_DK02#alt4,4,fwd,1,1150.0,500.0,0.2407,0.0
DK01_to_DK02#alt4,4,fwd,2,1100.0,450.0,0.2609,0.0
DK01_to_DK02#alt4,4,fwd,3,1050.0,400.0,0.2721,0.0
DK01_to_DK02#alt4,4,fwd,4,1000.0,350.0,0.2721,0.0
DK01_to_DK02#alt4,4,fwd,5,950.0,300.0,0.2972,0.0
DK01_to_DK02#alt4,4,fwd,6,900.0,250.0,0.3269,0.0
DK01_to_DK02#alt4,4,fwd,7,850.0,200.0,0.3485,0.0
DK01_to_DK02#alt4,4,fwd,8,800.0,166.67,0.3784,0.0
DK01_to_DK02#alt4,4,fwd,9,750.0,150.0,0.4346,0.0
DK01_to_DK02#alt4,4,fwd,10,700.0,150.0,0.4931,0.0
DK01_to_DK02#alt4,4,fwd,11,650.0,150.0,0.5483,0.0
DK01_to_DK02#alt4,4,fwd,12,600.0,150.0,0.6241,0.0
DK01_to_DK02#alt4,4,fwd,13,550.0,150.0,0.6889,0.0
DK01_to_DK02#alt4,4,fwd,14,500.0,150.0,0.7165,0.0
DK01_to_DK02#alt4,4,fwd,15,450.0,150.0,0.7165,0.0
DK01_to_DK02#alt4,4,fwd,16,400.0,150.0,0.7165,0.0
DK01_to_DK02#alt4,4,fwd,17,350.0,150.0,0.7165,0.0
DK01_to_DK02#alt4,4,fwd,18,300.0,150.0,0.7165,0.0
DK01_to_DK02#alt4,4,fwd,19,250.0,150.0,0.7165,0.0
DK01_to_DK02#alt4,4,fwd,20,200.0,150.0,0.6889,0.0
DK01_to_DK02#alt4,4,fwd,21,150.0,200.0,0.6889,0.0
DK01_to_DK02#alt4,4,fwd,22,100.0,250.0,0.6889,0.0
DK01_to_DK02#alt4,4,fwd,23,66.67,300.0,0.6241,0.0
DK01_to_DK02#alt4,4,fwd,24,50.0,350.0,0.6889,0.0
DK01_to_DK02#alt4,4,fwd,25,50.0,400.0,0.7165,0.0
DK01_to_DK02#alt4,4,fwd,26,50.0,450.0,0.7165,0.0
DK01_to_DK02#alt4,4,fwd,27,50.0,500.0,0.7165,0.0
DK01_to_DK02#alt4,4,fwd,28,50.0,550.0,0.6889,0.0
DK01_to_DK02#alt4,4,fwd,29,50.0,600.0,0.6241,0.0
DK01_to_DK02#alt4,4,fwd,30,50.0,650.0,0.5483,0.0
DK01_to_DK02#alt4,4,fwd,31,50.0,700.0,0.4931,0.0
DK01_to_DK02#alt4,4,fwd,32,50.0,750.0,0.4346,0.0
DK01_to_DK02#alt4,4,fwd,33,50.0,800.0,0.3895,0.0
DK01_to_DK02#alt4,4,fwd,34,50.0,850.0,0.344,0.0
DK01_to_DK02#alt4,4,fwd,35,50.0,900.0,0.3077,0.0
DK01_to_DK02#alt4,4,fwd,36,50.0,950.0,0.2721,0.0
DK01_to_DK02#alt4,4,fwd,37,50.0,1000.0,0.2384,0.0
DK01_to_DK02#alt4,4,fwd,38,50.0,1050.0,0.2076,0.0
DK01_to_DK02#alt4,4,fwd,39,50.0,1100.0,0.1798,0.0
DK01_to_DK02#alt4,4,fwd,40,50.0,1150.0,0.1551,0.0
DK01_to_DK02#alt4,4,fwd,41,50.0,1200.0,0.1335,0.0
DK01_to_DK02#alt4,4,fwd,42,50.0,1250.0,0.1146,0.0
DK01_to_DK02#alt4,4,fwd,43,50.0,1300.0,0.0981,0.0
DK01_to_DK02#alt4,4,fwd,44,50.0,1350.0,0.0839,0.0
DK01_to_DK02#alt4,4,fwd,45,50.0,1400.0,0.0717,0.0
DK01_to_DK02#alt4,4,fwd,46,50.0,1450.0,0.0612,0.0
DK01_to_DK02#alt4,4,fwd,47,50.0,1500.0,0.0563,0.0
DK01_to_DK02#alt4,4,fwd,48,50.0,1550.0,0.0577,0.0
DK01_to_DK02#alt4,4,fwd,49,50.0,1600.0,0.0585,0.0
DK01_to_DK02#alt4,4,fwd,50,50.0,1650.0,0.0588,0.0
DK01_to_DK02#alt4,4,fwd,51,66.67,1700.0,0.0585,0.0
DK01_to_DK02#alt4,4,fwd,52,100.0,1750.0,0.0681,0.0
DK01_to_DK02#alt4,4,fwd,53,133.33,1800.0,0.0781,0.0
DK01_to_DK02#alt4,4,fwd,54,150.0,1850.0,0.0752,0.0
DK01_to_DK02#alt4,4,fwd,55,150.0,1900.0,0.0717,0.0
DK01_to_DK02#alt4,4,fwd,56,150.0,1950.0,0.0677,0.0
DK01_to_DK02#alt4,4,fwd,57,150.0,2000.0,0.0634,0.0
DK01_to_DK02#alt4,4,fwd,58,166.67,2050.0,0.0588,0.0
DK01_to_DK02#alt4,4,fwd,59,183.33,2100.0,0.0624,0.0
DK01_to_DK02#alt4,4,fwd,60,200.0,2150.0,0.0568,0.0
DK01_to_DK02#alt4,4,fwd,61,200.0,2200.0,0.0514,0.0
DK01_to_DK02#alt4,4,fwd,62,200.0,2250.0,0.0463,0.0
DK01_to_DK02#alt4,4,fwd,63,200.0,2300.0,0.0414,0.0
DK01_to_DK02#alt4,4,fwd,64,216.67,2350.0,0.0369,0.0
DK01_to_DK02#alt4,4,fwd,65,233.33,2400.0,0.0369,0.0
DK01_to_DK02#alt4,4,fwd,66,250.0,2450.0,0.0327,0.0
DK01_to_DK02#alt4,4,fwd,67,250.0,2500.0,0.0327,0.0
DK01_to_DK02#alt4,4,fwd,68,250.0,2550.0,0.0369,0.0
DK01_to_DK02#alt4,4,fwd,69,250.0,2600.0,0.0414,0.0
DK01_to_DK02#alt4,4,fwd,70,250.0,2650.0,0.0463,0.0
DK01_to_DK02#alt4,4,fwd,71,266.67,2700.0,0.0514,0.0
DK01_to_DK02#alt4,4,fwd,72,300.0,2750.0,0.065,0.0
DK01_to_DK02#alt4,4,fwd,73,333.33,2800.0,0.0821,0.0
DK01_to_DK02#alt4,4,fwd,74,350.0,2850.0,0.0904,0.0
DK01_to_DK02#alt4,4,fwd,75,333.33,2900.0,0.0987,0.0
DK01_to_DK02#alt4,4,fwd,76,300.0,2950.0,0.092,0.0
DK01_to_DK02#alt4,4,fwd,77,266.67,3000.0,0.0854,0.0
DK01_to_DK02#alt4,4,fwd,78,250.0,3050.0,0.092,0.0
DK01_to_DK02#alt4,4,fwd,79,266.67,3100.0,0.0981,0.0
DK01_to_DK02#alt4,4,fwd,80,283.33,3150.0,0.1215,0.0
DK01_to_DK02#alt4,4,fwd,81,316.67,3200.0,0.1273,0.0
DK01_to_DK02#alt4,4,fwd,82,350.0,3250.0,0.1551,0.0
DK01_to_DK02#alt4,4,fwd,83,400.0,3300.0,0.1937,0.0
DK01_to_DK02#alt4,4,fwd,84,450.0,3350.0,0.2407,0.0
DK01_to_DK02#alt4,4,fwd,85,483.33,3400.0,0.2972,0.0
DK01_to_DK02#alt4,4,fwd,86,500.0,3450.0,0.3077,0.0
DK01_to_DK02#alt4,4,fwd,87,500.0,3500.0,0.3114,0.0
DK01_to_DK02#alt4,4,fwd,88,516.67,3550.0,0.3077,0.0
DK01_to_DK02#alt4,4,fwd,89,550.0,3600.0,0.3485,0.0
DK01_to_DK02#alt4,4,fwd,90,600.0,3650.0,0.3784,0.0
DK01_to_DK02#alt4,4,fwd,91,650.0,3700.0,0.4275,0.0
DK01_to_DK02#alt4,4,fwd,92,700.0,3750.0,0.4746,0.0
DK01_to_DK02#alt4,4,fwd,93,750.0,3800.0,0.503,0.0
DK01_to_DK02#alt4,4,fwd,94,800.0,3850.0,0.5483,0.0
DK01_to_DK02#alt4,4,fwd,95,850.0,3883.33,0.5483,0.0
DK01_to_DK02#alt4,4,fwd,96,900.0,3900.0,0.6241,0.0
DK01_to_DK02#alt4,4,fwd,97,950.0,3916.67,0.6889,0.0
DK01_to_DK02#alt4,4,fwd,98,1000.0,3950.0,0.6241,0.0
DK01_to_DK02#alt4,4,fwd,99,1050.0,4000.0,0.5903,0.0
DK01_to_DK02#alt4,4,fwd,100,1100.0,4050.0,0.5134,0.0
DK01_to_DK02#alt4,4,fwd,101,1150.0,4066.67,0.5483,0.0
DK01_to_DK02#alt4,4,fwd,102,1200.0,4066.67,0.6241,0.0
DK01_to_DK02#alt4,4,fwd,103,1250.0,4050.0,0.6889,0.0
DK01_to_DK02#alt4,4,fwd,104,1300.0,4050.0,0.7165,0.0
DK01_to_DK02#alt4,4,fwd,105,1350.0,4050.0,0.7165,0.0
DK01_to_DK02#alt4,4,fwd,106,1400.0,4033.33,0.7165,0.0
DK01_to_DK02#alt4,4,fwd,107,1450.0,4000.0,0.6241,0.0
DK01_to_DK02#alt4,4,fwd,108,1500.0,3950.0,0.6241,0.0
DK01_to_DK02#alt4,4,fwd,109,1550.0,3916.67,0.6889,0.0
DK01_to_DK02#alt4,4,fwd,110,1600.0,3900.0,0.6889,0.0
DK01_to_DK02#alt4,4,fwd,111,1650.0,3900.0,0.7165,0.0
DK01_to_DK02#alt4,4,fwd,112,1700.0,3883.33,0.7165,0.0
DK01_to_DK02#alt4,4,fwd,113,1750.0,3866.67,0.6065,0.0
DK01_to_DK02#alt4,4,fwd,114,1800.0,3833.33,0.5903,0.0
DK01_to_DK02#alt4,4,fwd,115,1850.0,3816.67,0.5134,0.0
DK01_to_DK02#alt4,4,fwd,116,1900.0,3800.0,0.5134,0.0
DK01_to_DK02#alt4,4,fwd,117,1950.0,3800.0,0.5134,0.0
DK01_to_DK02#alt4,4,fwd,118,2000.0,3800.0,0.5134,0.0
DK01_to_DK02#alt4,4,fwd,119,2050.0,3800.0,0.5134,0.0
DK01_to_DK02#alt4,4,fwd,120,2100.0,3800.0,0.503,0.0
DK01_to_DK02#alt4,4,fwd,121,2150.0,3783.33,0.4746,0.0
DK01_to_DK02#alt4,4,fwd,122,2200.0,3750.0,0.5134,0.0
DK01_to_DK02#alt4,4,fwd,123,2250.0,3700.0,0.5903,0.0
DK01_to_DK02#alt4,4,fwd,124,2300.0,3650.0,0.6241,0.0
DK01_to_DK02#alt4,4,fwd,125,2350.0,3616.67,0.5903,0.0
DK01_to_DK02#alt4,4,fwd,126,2400.0,3600.0,0.6065,0.0
DK01_to_DK02#alt4,4,fwd,127,2450.0,3600.0,0.6065,0.0
DK01_to_DK02#alt4,4,fwd,128,2500.0,3583.33,0.6065,0.0
DK01_to_DK02#alt4,4,fwd,129,2550.0,3550.0,0.503,0.0
DK01_to_DK02#alt4,4,fwd,130,2600.0,3500.0,0.4076,0.0
DK01_to_DK02#alt4,4,fwd,131,2650.0,3450.0,0.4346,0.0
DK01_to_DK02#alt4,4,fwd,132,2700.0,3400.0,0.5134,0.0
DK01_to_DK02#alt4,4,fwd,133,2750.0,3350.0,0.6065,0.0
DK01_to_DK02#alt4,4,fwd,134,2800.0,3300.0,0.6889,0.0
DK01_to_DK02#alt4,4,fwd,135,2850.0,3250.0,0.6889,0.0
DK01_to_DK02#alt4,4,fwd,136,2900.0,3200.0,0.6889,0.0
DK01_to_DK02#alt4,4,fwd,137,2950.0,3150.0,0.6065,0.0
DK01_to_DK02#alt4,4,fwd,138,3000.0,3100.0,0.6065,0.0
DK01_to_DK02#alt4,4,fwd,139,3050.0,3050.0,0.6889,0.0
DK01_to_DK02#alt4,4,fwd,140,3100.0,3000.0,0.6889,0.0
DK01_to_DK02#alt4,4,fwd,141,3150.0,2950.0,0.6889,0.0
DK01_to_DK02#alt4,4,fwd,142,3200.0,2900.0,0.6889,0.0
DK01_to_DK02#alt4,4,fwd,143,3250.0,2850.0,0.6065,0.0
DK01_to_DK02#alt4,4,fwd,144,3300.0,2816.67,0.5134,0.0
DK01_to_DK02#alt4,4,fwd,145,3350.0,2783.33,0.5134,0.0
DK01_to_DK02#alt4,4,fwd,146,3400.0,2750.0,0.4346,0.0
DK01_to_DK02#alt4,4,fwd,147,3450.0,2700.0,0.3679,0.0
DK01_to_DK02#alt4,4,fwd,148,3500.0,2650.0,0.3114,0.0
DK01_to_DK02#alt4,4,fwd,149,3550.0,2600.0,0.2609,0.0
DK01_to_DK02#alt4,4,fwd,150,3600.0,2550.0,0.2407,0.0
DK01_to_DK02#alt4,4,fwd,151,3650.0,2500.0,0.2609,0.0
DK01_to_DK02#alt4,4,fwd,152,3700.0,2450.0,0.2721,0.0
DK01_to_DK02#alt4,4,fwd,153,3733.33,2400.0,0.2721,0.0
DK01_to_DK02#alt4,4,fwd,154,3750.0,2350.0,0.2431,0.0
DK01_to_DK02#alt4,4,fwd,155,3750.0,2300.0,0.2151,0.0
DK01_to_DK02#alt4,4,fwd,156,3750.0,2250.0,0.1889,0.0
DK01_to_DK02#alt4,4,fwd,157,3750.0,2200.0,0.1648,0.0
DK01_to_DK02#alt4,4,fwd,158,3750.0,2150.0,0.1432,0.0
DK02_to_DK01#alt4,4,bwd,0,3750.0,2150.0,0.1432,0.0
DK02_to_DK01#alt4,4,bwd,1,3800.0,2200.0,0.1798,0.0
DK02_to_DK01#alt4,4,bwd,2,3833.33,2250.0,0.2252,0.0
DK02_to_DK01#alt4,4,bwd,3,3850.0,2300.0,0.2609,0.0
DK02_to_DK01#alt4,4,bwd,4,3850.0,2350.0,0.3006,0.0
DK02_to_DK01#alt4,4,bwd,5,3866.67,2400.0,0.344,0.0
DK02_to_DK01#alt4,4,bwd,6,3900.0,2450.0,0.4346,0.0
DK02_to_DK01#alt4,4,bwd,7,3950.0,2500.0,0.5483,0.0
DK02_to_DK01#alt4,4,bwd,8,4000.0,2533.33,0.6889,0.0
DK02_to_DK01#alt4,4,bwd,9,4050.0,2550.0,0.7165,0.0
DK02_to_DK01#alt4,4,bwd,10,4100.0,2550.0,0.7165,0.0
DK02_to_DK01#alt4,4,bwd,11,4150.0,2533.33,0.7165,0.0
DK02_to_DK01#alt4,4,bwd,12,4200.0,2516.67,0.6065,0.0
DK02_to_DK01#alt4,4,bwd,13,4250.0,2516.67,0.5903,0.0
DK02_to_DK01#alt4,4,bwd,14,4300.0,2550.0,0.6241,0.0
DK02_to_DK01#alt4,4,bwd,15,4350.0,2583.33,0.6241,0.0
DK02_to_DK01#alt4,4,bwd,16,4400.0,2600.0,0.5483,0.0
DK02_to_DK01#alt4,4,bwd,17,4450.0,2616.67,0.4746,0.0
DK02_to_DK01#alt4,4,bwd,18,4500.0,2650.0,0.4346,0.0
DK02_to_DK01#alt4,4,bwd,19,4550.0,2700.0,0.4076,0.0
DK02_to_DK01#alt4,4,bwd,20,4600.0,2750.0,0.3628,0.0
DK02_to_DK01#alt4,4,bwd,21,4650.0,2800.0,0.3114,0.0
DK02_to_DK01#alt4,4,bwd,22,4700.0,2850.0,0.2609,0.0
DK02_to_DK01#alt4,4,bwd,23,4733.33,2900.0,0.2151,0.0
DK02_to_DK01#alt4,4,bwd,24,4750.0,2950.0,0.2057,0.0
DK02_to_DK01#alt4,4,bwd,25,4750.0,3000.0,0.1937,0.0
DK02_to_DK01#alt4,4,bwd,26,4766.67,3050.0,0.1798,0.0
DK02_to_DK01#alt4,4,bwd,27,4783.33,3100.0,0.1432,0.0
DK02_to_DK01#alt4,4,bwd,28,4800.0,3150.0,0.1335,0.0
DK02_to_DK01#alt4,4,bwd,29,4800.0,3200.0,0.1239,0.0
DK02_to_DK01#alt4,4,bwd,30,4800.0,3250.0,0.1138,0.0
DK02_to_DK01#alt4,4,bwd,31,4800.0,3300.0,0.1036,0.0
DK02_to_DK01#alt4,4,bwd,32,4800.0,3350.0,0.0936,0.0
DK02_to_DK01#alt4,4,bwd,33,4800.0,3400.0,0.0839,0.0
DK02_to_DK01#alt4,4,bwd,34,4800.0,3450.0,0.0821,0.0
DK02_to_DK01#alt4,4,bwd,35,4800.0,3500.0,0.0816,0.0
DK02_to_DK01#alt4,4,bwd,36,4800.0,3550.0,0.0803,0.0
DK02_to_DK01#alt4,4,bwd,37,4783.33,3600.0,0.0781,0.0
DK02_to_DK01#alt4,4,bwd,38,4766.67,3650.0,0.0883,0.0
DK02_to_DK01#alt4,4,bwd,39,4750.0,3700.0,0.0839,0.0
DK02_to_DK01#alt4,4,bwd,40,4750.0,3750.0,0.079,0.0
DK02_to_DK01#alt4,4,bwd,41,4733.33,3800.0,0.0736,0.0
DK02_to_DK01#alt4,4,bwd,42,4700.0,3850.0,0.0821,0.0
DK02_to_DK01#alt4,4,bwd,43,4650.0,3883.33,0.0964,0.0
DK02_to_DK01#alt4,4,bwd,44,4600.0,3900.0,0.1138,0.0
DK02_to_DK01#alt4,4,bwd,45,4550.0,3916.67,0.1344,0.0
DK02_to_DK01#alt4,4,bwd,46,4500.0,3933.33,0.1551,0.0
DK02_to_DK01#alt4,4,bwd,47,4450.0,3950.0,0.1827,0.0
DK02_to_DK01#alt4,4,bwd,48,4400.0,3950.0,0.2151,0.0
DK02_to_DK01#alt4,4,bwd,49,4350.0,3950.0,0.253,0.0
DK02_to_DK01#alt4,4,bwd,50,4300.0,3950.0,0.2972,0.0
DK02_to_DK01#alt4,4,bwd,51,4250.0,3966.67,0.3485,0.0
DK02_to_DK01#alt4,4,bwd,52,4200.0,4000.0,0.3784,0.0
DK02_to_DK01#alt4,4,bwd,53,4150.0,4050.0,0.3895,0.0
DK02_to_DK01#alt4,4,bwd,54,4100.0,4100.0,0.3895,0.0
DK02_to_DK01#alt4,4,bwd,55,4050.0,4150.0,0.4346,0.0
DK02_to_DK01#alt4,4,bwd,56,4000.0,4200.0,0.503,0.0
DK02_to_DK01#alt4,4,bwd,57,3950.0,4250.0,0.5483,0.0
DK02_to_DK01#alt4,4,bwd,58,3900.0,4283.33,0.5483,0.0
DK02_to_DK01#alt4,4,bwd,59,3850.0,4316.67,0.6241,0.0
DK02_to_DK01#alt4,4,bwd,60,3800.0,4350.0,0.5903,0.0
DK02_to_DK01#alt4,4,bwd,61,3750.0,4400.0,0.5134,0.0
DK02_to_DK01#alt4,4,bwd,62,3700.0,4433.33,0.4346,0.0
DK02_to_DK01#alt4,4,bwd,63,3650.0,4450.0,0.4346,0.0
DK02_to_DK01#alt4,4,bwd,64,3600.0,4466.67,0.4275,0.0
DK02_to_DK01#alt4,4,bwd,65,3550.0,4483.33,0.3485,0.0
DK02_to_DK01#alt4,4,bwd,66,3500.0,4500.0,0.3269,0.0
DK02_to_DK01#alt4,4,bwd,67,3450.0,4500.0,0.3784,0.0
DK02_to_DK01#alt4,4,bwd,68,3400.0,4516.67,0.4346,0.0
DK02_to_DK01#alt4,4,bwd,69,3350.0,4533.33,0.4346,0.0
DK02_to_DK01#alt4,4,bwd,70,3300.0,4550.0,0.4931,0.0
DK02_to_DK01#alt4,4,bwd,71,3250.0,4566.67,0.5483,0.0
DK02_to_DK01#alt4,4,bwd,72,3200.0,4583.33,0.503,0.0
DK02_to_DK01#alt4,4,bwd,73,3150.0,4600.0,0.5483,0.0
DK02_to_DK01#alt4,4,bwd,74,3100.0,4583.33,0.5903,0.0
DK02_to_DK01#alt4,4,bwd,75,3050.0,4566.67,0.7165,0.0
DK02_to_DK01#alt4,4,bwd,76,3000.0,4550.0,0.7165,0.0
DK02_to_DK01#alt4,4,bwd,77,2950.0,4550.0,0.7165,0.0
DK02_to_DK01#alt4,4,bwd,78,2900.0,4550.0,0.6889,0.0
DK02_to_DK01#alt4,4,bwd,79,2850.0,4500.0,0.7165,0.0
DK02_to_DK01#alt4,4,bwd,80,2800.0,4483.33,0.6889,0.0
DK02_to_DK01#alt4,4,bwd,81,2750.0,4466.67,0.6889,0.0
DK02_to_DK01#alt4,4,bwd,82,2700.0,4466.67,0.6241,0.0
DK02_to_DK01#alt4,4,bwd,83,2650.0,4500.0,0.4931,0.0
DK02_to_DK01#alt4,4,bwd,84,2600.0,4550.0,0.3895,0.0
DK02_to_DK01#alt4,4,bwd,85,2550.0,4600.0,0.3114,0.0
DK02_to_DK01#alt4,4,bwd,86,2500.0,4650.0,0.3679,0.0
DK02_to_DK01#alt4,4,bwd,87,2450.0,4700.0,0.4346,0.0
DK02_to_DK01#alt4,4,bwd,88,2416.67,4750.0,0.5134,0.0
DK02_to_DK01#alt4,4,bwd,89,2400.0,4800.0,0.503,0.0
DK02_to_DK01#alt4,4,bwd,90,2383.33,4850.0,0.4746,0.0
DK02_to_DK01#alt4,4,bwd,91,2350.0,4900.0,0.4931,0.0
DK02_to_DK01#alt4,4,bwd,92,2300.0,4933.33,0.4931,0.0
DK02_to_DK01#alt4,4,bwd,93,2250.0,4950.0,0.5483,0.0
DK02_to_DK01#alt4,4,bwd,94,2200.0,4950.0,0.5903,0.0
DK02_to_DK01#alt4,4,bwd,95,2150.0,4950.0,0.6241,0.0
DK02_to_DK01#alt4,4,bwd,96,2100.0,4950.0,0.6889,0.0
DK02_to_DK01#alt4,4,bwd,97,2050.0,4950.0,0.7165,0.0
DK02_to_DK01#alt4,4,bwd,98,2000.0,4950.0,0.7165,0.0
DK02_to_DK01#alt4,4,bwd,99,1950.0,4950.0,0.6889,0.0
DK02_to_DK01#alt4,4,bwd,100,1900.0,4950.0,0.6241,0.0
DK02_to_DK01#alt4,4,bwd,101,1850.0,4950.0,0.5483,0.0
DK02_to_DK01#alt4,4,bwd,102,1800.0,4950.0,0.4931,0.0
DK02_to_DK01#alt4,4,bwd,103,1750.0,4950.0,0.4346,0.0
DK02_to_DK01#alt4,4,bwd,104,1700.0,4950.0,0.3895,0.0
DK02_to_DK01#alt4,4,bwd,105,1650.0,4950.0,0.344,0.0
DK02_to_DK01#alt4,4,bwd,106,1600.0,4950.0,0.3077,0.0
DK02_to_DK01#alt4,4,bwd,107,1550.0,4950.0,0.2721,0.0
DK02_to_DK01#alt4,4,bwd,108,1500.0,4950.0,0.2384,0.0
DK02_to_DK01#alt4,4,bwd,109,1450.0,4950.0,0.2076,0.0
DK02_to_DK01#alt4,4,bwd,110,1400.0,4950.0,0.1889,0.0
DK02_to_DK01#alt4,4,bwd,111,1350.0,4950.0,0.1889,0.0
DK02_to_DK01#alt4,4,bwd,112,1300.0,4950.0,0.1889,0.0
DK02_to_DK01#alt4,4,bwd,113,1250.0,4950.0,0.1889,0.0
DK02_to_DK01#alt4,4,bwd,114,1200.0,4933.33,0.1873,0.0
DK02_to_DK01#alt4,4,bwd,115,1150.0,4900.0,0.2151,0.0
DK02_to_DK01#alt4,4,bwd,116,1100.0,4850.0,0.2407,0.0
DK02_to_DK01#alt4,4,bwd,117,1050.0,4800.0,0.2609,0.0
DK02_to_DK01#alt4,4,bwd,118,1000.0,4766.67,0.3006,0.0
DK02_to_DK01#alt4,4,bwd,119,950.0,4750.0,0.344,0.0
DK02_to_DK01#alt4,4,bwd,120,900.0,4750.0,0.3895,0.0
DK02_to_DK01#alt4,4,bwd,121,850.0,4750.0,0.4346,0.0
DK02_to_DK01#alt4,4,bwd,122,800.0,4750.0,0.4931,0.0
DK02_to_DK01#alt4,4,bwd,123,750.0,4750.0,0.5483,0.0
DK02_to_DK01#alt4,4,bwd,124,700.0,4750.0,0.5903,0.0
DK02_to_DK01#alt4,4,bwd,125,650.0,4750.0,0.6241,0.0
DK02_to_DK01#alt4,4,bwd,126,600.0,4750.0,0.6889,0.0
DK02_to_DK01#alt4,4,bwd,127,550.0,4750.0,0.7165,0.0
DK02_to_DK01#alt4,4,bwd,128,500.0,4750.0,0.6889,0.0
DK02_to_DK01#alt4,4,bwd,129,450.0,4700.0,0.7165,0.0
DK02_to_DK01#alt4,4,bwd,130,400.0,4700.0,0.6889,0.0
DK02_to_DK01#alt4,4,bwd,131,350.0,4650.0,0.6889,0.0
DK02_to_DK01#alt4,4,bwd,132,300.0,4600.0,0.6889,0.0
DK02_to_DK01#alt4,4,bwd,133,250.0,4550.0,0.6889,0.0
DK02_to_DK01#alt4,4,bwd,134,200.0,4500.0,0.6065,0.0
DK02_to_DK01#alt4,4,bwd,135,150.0,4450.0,0.5134,0.0
DK02_to_DK01#alt4,4,bwd,136,100.0,4400.0,0.4275,0.0
DK02_to_DK01#alt4,4,bwd,137,66.67,4350.0,0.3485,0.0
DK02_to_DK01#alt4,4,bwd,138,50.0,4300.0,0.3269,0.0
DK02_to_DK01#alt4,4,bwd,139,50.0,4250.0,0.3006,0.0
DK02_to_DK01#alt4,4,bwd,140,50.0,4200.0,0.281,0.0
DK02_to_DK01#alt4,4,bwd,141,50.0,4150.0,0.2609,0.0
DK02_to_DK01#alt4,4,bwd,142,50.0,4100.0,0.2384,0.0
DK02_to_DK01#alt4,4,bwd,143,50.0,4050.0,0.2151,0.0
DK02_to_DK01#alt4,4,bwd,144,50.0,4000.0,0.1921,0.0
DK02_to_DK01#alt4,4,bwd,145,50.0,3950.0,0.17,0.0
DK02_to_DK01#alt4,4,bwd,146,50.0,3900.0,0.1517,0.0
DK02_to_DK01#alt4,4,bwd,147,50.0,3850.0,0.1344,0.0
DK02_to_DK01#alt4,4,bwd,148,50.0,3800.0,0.1183,0.0
DK02_to_DK01#alt4,4,bwd,149,50.0,3750.0,0.1036,0.0
DK02_to_DK01#alt4,4,bwd,150,50.0,3700.0,0.0904,0.0
DK02_to_DK01#alt4,4,bwd,151,50.0,3650.0,0.0785,0.0
DK02_to_DK01#alt4,4,bwd,152,50.0,3600.0,0.0681,0.0
DK02_to_DK01#alt4,4,bwd,153,50.0,3550.0,0.0691,0.0
DK02_to_DK01#alt4,4,bwd,154,50.0,3500.0,0.0695,0.0
DK02_to_DK01#alt4,4,bwd,155,50.0,3450.0,0.0691,0.0
DK02_to_DK01#alt4,4,bwd,156,50.0,3400.0,0.0681,0.0
DK02_to_DK01#alt4,4,bwd,157,50.0,3350.0,0.0663,0.0
DK02_to_DK01#alt4,4,bwd,158,50.0,3300.0,0.064,0.0
DK02_to_DK01#alt4,4,bwd,159,50.0,3250.0,0.0612,0.0
DK02_to_DK01#alt4,4,bwd,160,50.0,3200.0,0.058,0.0
DK02_to_DK01#alt4,4,bwd,161,50.0,3150.0,0.0544,0.0
DK02_to_DK01#alt4,4,bwd,162,50.0,3100.0,0.0522,0.0
DK02_to_DK01#alt4,4,bwd,163,50.0,3050.0,0.0496,0.0
DK02_to_DK01#alt4,4,bwd,164,50.0,3000.0,0.0467,0.0
DK02_to_DK01#alt4,4,bwd,165,50.0,2950.0,0.0437,0.0
DK02_to_DK01#alt4,4,bwd,166,50.0,2900.0,0.0405,0.0
DK02_to_DK01#alt4,4,bwd,167,50.0,2850.0,0.0375,0.0
DK02_to_DK01#alt4,4,bwd,168,50.0,2800.0,0.0349,0.0
DK02_to_DK01#alt4,4,bwd,169,50.0,2750.0,0.0323,0.0
DK02_to_DK01#alt4,4,bwd,170,50.0,2700.0,0.0297,0.0
DK02_to_DK01#alt4,4,bwd,171,50.0,2650.0,0.0272,0.0
DK02_to_DK01#alt4,4,bwd,172,50.0,2600.0,0.0247,0.0
DK02_to_DK01#alt4,4,bwd,173,66.67,2550.0,0.0224,0.0
DK02_to_DK01#alt4,4,bwd,174,100.0,2500.0,0.0229,0.0
DK02_to_DK01#alt4,4,bwd,175,150.0,2450.0,0.0259,0.0
DK02_to_DK01#alt4,4,bwd,176,200.0,2400.0,0.0327,0.0
DK02_to_DK01#alt4,4,bwd,177,250.0,2350.0,0.0414,0.0
DK02_to_DK01#alt4,4,bwd,178,300.0,2300.0,0.0524,0.0
DK02_to_DK01#alt4,4,bwd,179,350.0,2250.0,0.0663,0.0
DK02_to_DK01#alt4,4,bwd,180,383.33,2200.0,0.0839,0.0
DK02_to_DK01#alt4,4,bwd,181,400.0,2150.0,0.0947,0.0
DK02_to_DK01#alt4,4,bwd,182,400.0,2100.0,0.1062,0.0
DK02_to_DK01#alt4,4,bwd,183,400.0,2050.0,0.1183,0.0
DK02_to_DK01#alt4,4,bwd,184,400.0,2000.0,0.1308,0.0
DK02_to_DK01#alt4,4,bwd,185,383.33,1950.0,0.1432,0.0
DK02_to_DK01#alt4,4,bwd,186,366.67,1900.0,0.1335,0.0
DK02_to_DK01#alt4,4,bwd,187,333.33,1850.0,0.1422,0.0
DK02_to_DK01#alt4,4,bwd,188,316.67,1800.0,0.1273,0.0
DK02_to_DK01#alt4,4,bwd,189,283.33,1750.0,0.1317,0.0
DK02_to_DK01#alt4,4,bwd,190,266.67,1700.0,0.1138,0.0
DK02_to_DK01#alt4,4,bwd,191,250.0,1650.0,0.1146,0.0
DK02_to_DK01#alt4,4,bwd,192,233.33,1600.0,0.1138,0.0
DK02_to_DK01#alt4,4,bwd,193,233.33,1550.0,0.1117,0.0
DK02_to_DK01#alt4,4,bwd,194,233.33,1500.0,0.1082,0.0
DK02_to_DK01#alt4,4,bwd,195,250.0,1450.0,0.1036,0.0
DK02_to_DK01#alt4,4,bwd,196,250.0,1400.0,0.0981,0.0
DK02_to_DK01#alt4,4,bwd,197,250.0,1350.0,0.0964,0.0
DK02_to_DK01#alt4,4,bwd,198,250.0,1300.0,0.1138,0.0
DK02_to_DK01#alt4,4,bwd,199,266.67,1250.0,0.1344,0.0
DK02_to_DK01#alt4,4,bwd,200,283.33,1200.0,0.1599,0.0
DK02_to_DK01#alt4,4,bwd,201,300.0,1150.0,0.1889,0.0
DK02_to_DK01#alt4,4,bwd,202,300.0,1100.0,0.2231,0.0
DK02_to_DK01#alt4,4,bwd,203,300.0,1050.0,0.2636,0.0
DK02_to_DK01#alt4,4,bwd,204,316.67,1000.0,0.3114,0.0
DK02_to_DK01#alt4,4,bwd,205,350.0,950.0,0.3679,0.0
DK02_to_DK01#alt4,4,bwd,206,400.0,900.0,0.4346,0.0
DK02_to_DK01#alt4,4,bwd,207,450.0,850.0,0.5134,0.0
DK02_to_DK01#alt4,4,bwd,208,500.0,816.67,0.5903,0.0
DK02_to_DK01#alt4,4,bwd,209,550.0,800.0,0.5483,0.0
DK02_to_DK01#alt4,4,bwd,210,600.0,800.0,0.6241,0.0
DK02_to_DK01#alt4,4,bwd,211,650.0,800.0,0.6889,0.0
DK02_to_DK01#alt4,4,bwd,212,700.0,800.0,0.7165,0.0
DK02_to_DK01#alt4,4,bwd,213,750.0,800.0,0.7165,0.0
DK02_to_DK01#alt4,4,bwd,214,800.0,800.0,0.6889,0.0
DK02_to_DK01#alt4,4,bwd,215,850.0,750.0,0.6889,0.0
DK02_to_DK01#alt4,4,bwd,216,900.0,700.0,0.6065,0.0
DK02_to_DK01#alt4,4,bwd,217,950.0,650.0,0.5134,0.0
DK02_to_DK01#alt4,4,bwd,218,1000.0,600.0,0.4275,0.0
DK02_to_DK01#alt4,4,bwd,219,1050.0,566.67,0.3485,0.0
DK02_to_DK01#alt4,4,bwd,220,1100.0,550.0,0.2972,0.0
DK02_to_DK01#alt4,4,bwd,221,1150.0,550.0,0.253,0.0
DK02_to_DK01#alt4,4,bwd,222,1200.0,550.0,0.2151,0.0
DB02_to_DK02#alt0,0,fwd,0,1800.0,1100.0,0.1183,0.0
DB02_to_DK02#alt0,0,fwd,1,1850.0,1150.0,0.1199,0.0
DB02_to_DK02#alt0,0,fwd,2,1900.0,1200.0,0.1335,0.0
DB02_to_DK02#alt0,0,fwd,3,1950.0,1250.0,0.1661,0.0
DB02_to_DK02#alt0,0,fwd,4,2000.0,1300.0,0.2076,0.0
DB02_to_DK02#alt0,0,fwd,5,2050.0,1350.0,0.2609,0.0
DB02_to_DK02#alt0,0,fwd,6,2100.0,1400.0,0.3269,0.0
DB02_to_DK02#alt0,0,fwd,7,2150.0,1450.0,0.4076,0.0
DB02_to_DK02#alt0,0,fwd,8,2200.0,1500.0,0.503,0.0
DB02_to_DK02#alt0,0,fwd,9,2250.0,1550.0,0.6065,0.0
DB02_to_DK02#alt0,0,fwd,10,2300.0,1583.33,0.7165,0.0
DB02_to_DK02#alt0,0,fwd,11,2350.0,1600.0,0.7165,0.0
DB02_to_DK02#alt0,0,fwd,12,2400.0,1600.0,0.7165,0.0
DB02_to_DK02#alt0,0,fwd,13,2450.0,1600.0,0.7165,0.0
DB02_to_DK02#alt0,0,fwd,14,2500.0,1600.0,0.7165,0.0
DB02_to_DK02#alt0,0,fwd,15,2550.0,1600.0,0.7165,0.0
DB02_to_DK02#alt0,0,fwd,16,2600.0,1616.67,0.6889,0.0
DB02_to_DK02#alt0,0,fwd,17,2650.0,1633.33,0.7165,0.0
DB02_to_DK02#alt0,0,fwd,18,2700.0,1650.0,0.6889,0.0
DB02_to_DK02#alt0,0,fwd,19,2750.0,1666.67,0.6241,0.0
DB02_to_DK02#alt0,0,fwd,20,2800.0,1700.0,0.6241,0.0
DB02_to_DK02#alt0,0,fwd,21,2850.0,1750.0,0.6241,0.0
DB02_to_DK02#alt0,0,fwd,22,2900.0,1800.0,0.5903,0.0
DB02_to_DK02#alt0,0,fwd,23,2950.0,1850.0,0.5483,0.0
DB02_to_DK02#alt0,0,fwd,24,3000.0,1900.0,0.503,0.0
DB02_to_DK02#alt0,0,fwd,25,3050.0,1950.0,0.4346,0.0
DB02_to_DK02#alt0,0,fwd,26,3100.0,1983.33,0.3679,0.0
DB02_to_DK02#alt0,0,fwd,27,3150.0,2016.67,0.3114,0.0
DB02_to_DK02#alt0,0,fwd,28,3200.0,2050.0,0.2636,0.0
DB02_to_DK02#alt0,0,fwd,29,3250.0,2083.33,0.2231,0.0
DB02_to_DK02#alt0,0,fwd,30,3300.0,2116.67,0.1889,0.0
DB02_to_DK02#alt0,0,fwd,31,3350.0,2150.0,0.1599,0.0
DB02_to_DK02#alt0,0,fwd,32,3400.0,2166.67,0.1353,0.0
DB02_to_DK02#alt0,0,fwd,33,3450.0,2166.67,0.1146,0.0
DB02_to_DK02#alt0,0,fwd,34,3500.0,2150.0,0.097,0.0
DB02_to_DK02#alt0,0,fwd,35,3550.0,2150.0,0.0947,0.0
DB02_to_DK02#alt0,0,fwd,36,3600.0,2150.0,0.1062,0.0
DB02_to_DK02#alt0,0,fwd,37,3650.0,2150.0,0.1183,0.0
DB02_to_DK02#alt0,0,fwd,38,3700.0,2150.0,0.1308,0.0
DB02_to_DK02#alt0,0,fwd,39,3750.0,2150.0,0.1432,0.0
DK02_to_DB02#alt0,0,bwd,0,3750.0,2150.0,0.1432,0.0
DK02_to_DB02#alt0,0,bwd,1,3700.0,2100.0,0.1239,0.0
DK02_to_DB02#alt0,0,bwd,2,3650.0,2050.0,0.1146,0.0
DK02_to_DB02#alt0,0,bwd,3,3600.0,2016.67,0.1036,0.0
DK02_to_DB02#alt0,0,bwd,4,3550.0,1983.33,0.0883,0.0
DK02_to_DB02#alt0,0,bwd,5,3500.0,1950.0,0.097,0.0
DK02_to_DB02#alt0,0,bwd,6,3450.0,1900.0,0.1138,0.0
DK02_to_DB02#alt0,0,bwd,7,3400.0,1850.0,0.1344,0.0
DK02_to_DB02#alt0,0,bwd,8,3350.0,1800.0,0.17,0.0
DK02_to_DB02#alt0,0,bwd,9,3300.0,1750.0,0.2151,0.0
DK02_to_DB02#alt0,0,bwd,10,3250.0,1700.0,0.2721,0.0
DK02_to_DB02#alt0,0,bwd,11,3200.0,1650.0,0.344,0.0
DK02_to_DB02#alt0,0,bwd,12,3150.0,1600.0,0.4346,0.0
DK02_to_DB02#alt0,0,bwd,13,3100.0,1566.67,0.5483,0.0
DK02_to_DB02#alt0,0,bwd,14,3050.0,1550.0,0.6241,0.0
DK02_to_DB02#alt0,0,bwd,15,3000.0,1550.0,0.6889,0.0
DK02_to_DB02#alt0,0,bwd,16,2950.0,1550.0,0.7165,0.0
DK02_to_DB02#alt0,0,bwd,17,2900.0,1550.0,0.7165,0.0
DK02_to_DB02#alt0,0,bwd,18,2850.0,1550.0,0.7165,0.0
DK02_to_DB02#alt0,0,bwd,19,2800.0,1550.0,0.7165,0.0
DK02_to_DB02#alt0,0,bwd,20,2750.0,1533.33,0.6889,0.0
DK02_to_DB02#alt0,0,bwd,21,2700.0,1500.0,0.6889,0.0
DK02_to_DB02#alt0,0,bwd,22,2650.0,1450.0,0.6065,0.0
DK02_to_DB02#alt0,0,bwd,23,2600.0,1400.0,0.5134,0.0
DK02_to_DB02#alt0,0,bwd,24,2550.0,1350.0,0.4346,0.0
DK02_to_DB02#alt0,0,bwd,25,2500.0,1300.0,0.3679,0.0
DK02_to_DB02#alt0,0,bwd,26,2450.0,1250.0,0.3077,0.0
DK02_to_DB02#alt0,0,bwd,27,2400.0,1200.0,0.253,0.0
DK02_to_DB02#alt0,0,bwd,28,2350.0,1150.0,0.2057,0.0
DK02_to_DB02#alt0,0,bwd,29,2300.0,1116.67,0.1661,0.0
DK02_to_DB02#alt0,0,bwd,30,2250.0,1100.0,0.1422,0.0
DK02_to_DB02#alt0,0,bwd,31,2200.0,1100.0,0.1344,0.0
DK02_to_DB02#alt0,0,bwd,32,2150.0,1100.0,0.1317,0.0
DK02_to_DB02#alt0,0,bwd,33,2100.0,1100.0,0.1273,0.0
DK02_to_DB02#alt0,0,bwd,34,2050.0,1100.0,0.1215,0.0
DK02_to_DB02#alt0,0,bwd,35,2000.0,1100.0,0.1146,0.0
DK02_to_DB02#alt0,0,bwd,36,1950.0,1100.0,0.1069,0.0
DK02_to_DB02#alt0,0,bwd,37,1900.0,1100.0,0.0987,0.0
DK02_to_DB02#alt0,0,bwd,38,1850.0,1100.0,0.1062,0.0
DK02_to_DB02#alt0,0,bwd,39,1800.0,1100.0,0.1183,0.0
DK02_to_DB02#alt1,1,bwd,0,3750.0,2150.0,0.1432,0.0
DK02_to_DB02#alt1,1,bwd,1,3800.0,2100.0,0.1648,0.0
DK02_to_DB02#alt1,1,bwd,2,3850.0,2050.0,0.2076,0.0
DK02_to_DB02#alt1,1,bwd,3,3900.0,2000.0,0.2609,0.0
DK02_to_DB02#alt1,1,bwd,4,3933.33,1950.0,0.3269,0.0
DK02_to_DB02#alt1,1,bwd,5,3950.0,1900.0,0.3485,0.0
DK02_to_DB02#alt1,1,bwd,6,3950.0,1850.0,0.3628,0.0
DK02_to_DB02#alt1,1,bwd,7,3950.0,1800.0,0.3679,0.0
DK02_to_DB02#alt1,1,bwd,8,3950.0,1750.0,0.3679,0.0
DK02_to_DB02#alt1,1,bwd,9,3950.0,1700.0,0.3628,0.0
DK02_to_DB02#alt1,1,bwd,10,3950.0,1650.0,0.3485,0.0
DK02_to_DB02#alt1,1,bwd,11,3950.0,1600.0,0.3269,0.0
DK02_to_DB02#alt1,1,bwd,12,3933.33,1550.0,0.3006,0.0
DK02_to_DB02#alt1,1,bwd,13,3900.0,1500.0,0.2384,0.0
DK02_to_DB02#alt1,1,bwd,14,3850.0,1450.0,0.1889,0.0
DK02_to_DB02#alt1,1,bwd,15,3800.0,1400.0,0.1495,0.0
DK02_to_DB02#alt1,1,bwd,16,3750.0,1350.0,0.1344,0.0
DK02_to_DB02#alt1,1,bwd,17,3700.0,1300.0,0.1599,0.0
DK02_to_DB02#alt1,1,bwd,18,3650.0,1250.0,0.1889,0.0
DK02_to_DB02#alt1,1,bwd,19,3600.0,1200.0,0.2211,0.0
DK02_to_DB02#alt1,1,bwd,20,3550.0,1150.0,0.253,0.0
DK02_to_DB02#alt1,1,bwd,21,3500.0,1100.0,0.281,0.0
DK02_to_DB02#alt1,1,bwd,22,3450.0,1050.0,0.3006,0.0
DK02_to_DB02#alt1,1,bwd,23,3400.0,1000.0,0.3269,0.0
DK02_to_DB02#alt1,1,bwd,24,3350.0,966.67,0.344,0.0
DK02_to_DB02#alt1,1,bwd,25,3300.0,933.33,0.3077,0.0
DK02_to_DB02#alt1,1,bwd,26,3250.0,916.67,0.3077,0.0
DK02_to_DB02#alt1,1,bwd,27,3200.0,900.0,0.2721,0.0
DK02_to_DB02#alt1,1,bwd,28,3150.0,883.33,0.2431,0.0
DK02_to_DB02#alt1,1,bwd,29,3100.0,850.0,0.2431,0.0
DK02_to_DB02#alt1,1,bwd,30,3050.0,816.67,0.2431,0.0
DK02_to_DB02#alt1,1,bwd,31,3000.0,783.33,0.2151,0.0
DK02_to_DB02#alt1,1,bwd,32,2950.0,766.67,0.2151,0.0
DK02_to_DB02#alt1,1,bwd,33,2900.0,766.67,0.1921,0.0
DK02_to_DB02#alt1,1,bwd,34,2850.0,800.0,0.2231,0.0
DK02_to_DB02#alt1,1,bwd,35,2800.0,850.0,0.2609,0.0
DK02_to_DB02#alt1,1,bwd,36,2750.0,900.0,0.2972,0.0
DK02_to_DB02#alt1,1,bwd,37,2700.0,950.0,0.3269,0.0
DK02_to_DB02#alt1,1,bwd,38,2650.0,966.67,0.3006,0.0
DK02_to_DB02#alt1,1,bwd,39,2600.0,966.67,0.2721,0.0
DK02_to_DB02#alt1,1,bwd,40,2550.0,933.33,0.2431,0.0
DK02_to_DB02#alt1,1,bwd,41,2500.0,933.33,0.2151,0.0
DK02_to_DB02#alt1,1,bwd,42,2450.0,916.67,0.17,0.0
DK02_to_DB02#alt1,1,bwd,43,2400.0,916.67,0.1517,0.0
DK02_to_DB02#alt1,1,bwd,44,2350.0,900.0,0.1344,0.0
DK02_to_DB02#alt1,1,bwd,45,2300.0,916.67,0.1183,0.0
DK02_to_DB02#alt1,1,bwd,46,2250.0,950.0,0.1138,0.0
DK02_to_DB02#alt1,1,bwd,47,2200.0,983.33,0.1069,0.0
DK02_to_DB02#alt1,1,bwd,48,2150.0,1000.0,0.0947,0.0
DK02_to_DB02#alt1,1,bwd,49,2100.0,1000.0,0.092,0.0
DK02_to_DB02#alt1,1,bwd,50,2050.0,1000.0,0.0883,0.0
DK02_to_DB02#alt1,1,bwd,51,2000.0,1016.67,0.0839,0.0
DK02_to_DB02#alt1,1,bwd,52,1950.0,1050.0,0.092,0.0
DK02_to_DB02#alt1,1,bwd,53,1900.0,1083.33,0.0987,0.0
DK02_to_DB02#alt1,1,bwd,54,1850.0,1100.0,0.1062,0.0
DK02_to_DB02#alt1,1,bwd,55,1800.0,1100.0,0.1183,0.0
DK02_to_DB02#alt2,2,bwd,0,3750.0,2150.0,0.1432,0.0
DK02_to_DB02#alt2,2,bwd,1,3800.0,2200.0,0.1798,0.0
DK02_to_DB02#alt2,2,bwd,2,3850.0,2233.33,0.2252,0.0
DK02_to_DB02#alt2,2,bwd,3,3900.0,2250.0,0.2407,0.0
DK02_to_DB02#alt2,2,bwd,4,3950.0,2250.0,0.253,0.0
DK02_to_DB02#alt2,2,bwd,5,4000.0,2266.67,0.2609,0.0
DK02_to_DB02#alt2,2,bwd,6,4050.0,2300.0,0.3114,0.0
DK02_to_DB02#alt2,2,bwd,7,4100.0,2350.0,0.3679,0.0
DK02_to_DB02#alt2,2,bwd,8,4150.0,2383.33,0.4346,0.0
DK02_to_DB02#alt2,2,bwd,9,4200.0,2400.0,0.4346,0.0
DK02_to_DB02#alt2,2,bwd,10,4250.0,2416.67,0.4275,0.0
DK02_to_DB02#alt2,2,bwd,11,4300.0,2450.0,0.4746,0.0
DK02_to_DB02#alt2,2,bwd,12,4350.0,2483.33,0.4931,0.0
DK02_to_DB02#alt2,2,bwd,13,4400.0,2500.0,0.4346,0.0
DK02_to_DB02#alt2,2,bwd,14,4450.0,2500.0,0.3895,0.0
DK02_to_DB02#alt2,2,bwd,15,4500.0,2516.67,0.344,0.0
DK02_to_DB02#alt2,2,bwd,16,4550.0,2550.0,0.3269,0.0
DK02_to_DB02#alt2,2,bwd,17,4600.0,2600.0,0.3006,0.0
DK02_to_DB02#alt2,2,bwd,18,4650.0,2650.0,0.281,0.0
DK02_to_DB02#alt2,2,bwd,19,4700.0,2700.0,0.253,0.0
DK02_to_DB02#alt2,2,bwd,20,4750.0,2750.0,0.2211,0.0
DK02_to_DB02#alt2,2,bwd,21,4800.0,2800.0,0.1889,0.0
DK02_to_DB02#alt2,2,bwd,22,4850.0,2850.0,0.1587,0.0
DK02_to_DB02#alt2,2,bwd,23,4883.33,2900.0,0.1317,0.0
DK02_to_DB02#alt2,2,bwd,24,4900.0,2950.0,0.1273,0.0
DK02_to_DB02#alt2,2,bwd,25,4900.0,3000.0,0.1215,0.0
DK02_to_DB02#alt2,2,bwd,26,4900.0,3050.0,0.1146,0.0
DK02_to_DB02#alt2,2,bwd,27,4900.0,3100.0,0.1069,0.0
DK02_to_DB02#alt2,2,bwd,28,4900.0,3150.0,0.0987,0.0
DK02_to_DB02#alt2,2,bwd,29,4900.0,3200.0,0.092,0.0
DK02_to_DB02#alt2,2,bwd,30,4900.0,3250.0,0.0854,0.0
DK02_to_DB02#alt2,2,bwd,31,4900.0,3300.0,0.0785,0.0
DK02_to_DB02#alt2,2,bwd,32,4900.0,3350.0,0.0717,0.0
DK02_to_DB02#alt2,2,bwd,33,4900.0,3400.0,0.065,0.0
DK02_to_DB02#alt2,2,bwd,34,4900.0,3450.0,0.0588,0.0
DK02_to_DB02#alt2,2,bwd,35,4900.0,3500.0,0.0585,0.0
DK02_to_DB02#alt2,2,bwd,36,4900.0,3550.0,0.0577,0.0
DK02_to_DB02#alt2,2,bwd,37,4900.0,3600.0,0.0563,0.0
DK02_to_DB02#alt2,2,bwd,38,4883.33,3650.0,0.0544,0.0
DK02_to_DB02#alt2,2,bwd,39,4866.67,3700.0,0.0612,0.0
DK02_to_DB02#alt2,2,bwd,40,4850.0,3750.0,0.058,0.0
DK02_to_DB02#alt2,2,bwd,41,4850.0,3800.0,0.0544,0.0
DK02_to_DB02#alt2,2,bwd,42,4833.33,3850.0,0.0507,0.0
DK02_to_DB02#alt2,2,bwd,43,4800.0,3900.0,0.0585,0.0
DK02_to_DB02#alt2,2,bwd,44,4766.67,3950.0,0.0681,0.0
DK02_to_DB02#alt2,2,bwd,45,4733.33,4000.0,0.0663,0.0
DK02_to_DB02#alt2,2,bwd,46,4716.67,4050.0,0.0752,0.0
DK02_to_DB02#alt2,2,bwd,47,4700.0,4100.0,0.0717,0.0
DK02_to_DB02#alt2,2,bwd,48,4700.0,4150.0,0.0677,0.0
DK02_to_DB02#alt2,2,bwd,49,4700.0,4200.0,0.0634,0.0
DK02_to_DB02#alt2,2,bwd,50,4700.0,4250.0,0.0588,0.0
DK02_to_DB02#alt2,2,bwd,51,4700.0,4300.0,0.0624,0.0
DK02_to_DB02#alt2,2,bwd,52,4700.0,4350.0,0.0681,0.0
DK02_to_DB02#alt2,2,bwd,53,4683.33,4400.0,0.0736,0.0
DK02_to_DB02#alt2,2,bwd,54,4666.67,4450.0,0.092,0.0
DK02_to_DB02#alt2,2,bwd,55,4633.33,4500.0,0.0981,0.0
DK02_to_DB02#alt2,2,bwd,56,4600.0,4550.0,0.1215,0.0
DK02_to_DB02#alt2,2,bwd,57,4550.0,4600.0,0.1495,0.0
DK02_to_DB02#alt2,2,bwd,58,4500.0,4633.33,0.1827,0.0
DK02_to_DB02#alt2,2,bwd,59,4450.0,4650.0,0.2151,0.0
DK02_to_DB02#alt2,2,bwd,60,4400.0,4650.0,0.253,0.0
DK02_to_DB02#alt2,2,bwd,61,4350.0,4650.0,0.2972,0.0
DK02_to_DB02#alt2,2,bwd,62,4300.0,4650.0,0.3485,0.0
DK02_to_DB02#alt2,2,bwd,63,4250.0,4650.0,0.4076,0.0
DK02_to_DB02#alt2,2,bwd,64,4200.0,4650.0,0.4746,0.0
DK02_to_DB02#alt2,2,bwd,65,4150.0,4650.0,0.5483,0.0
DK02_to_DB02#alt2,2,bwd,66,4100.0,4650.0,0.6241,0.0
DK02_to_DB02#alt2,2,bwd,67,4050.0,4650.0,0.6889,0.0
DK02_to_DB02#alt2,2,bwd,68,4000.0,4650.0,0.7165,0.0
DK02_to_DB02#alt2,2,bwd,69,3950.0,4650.0,0.7165,0.0
DK02_to_DB02#alt2,2,bwd,70,3900.0,4650.0,0.6889,0.0
DK02_to_DB02#alt2,2,bwd,71,3850.0,4700.0,0.6889,0.0
DK02_to_DB02#alt2,2,bwd,72,3800.0,4750.0,0.6065,0.0
DK02_to_DB02#alt2,2,bwd,73,3750.0,4783.33,0.5134,0.0
DK02_to_DB02#alt2,2,bwd,74,3700.0,4800.0,0.4346,0.0
DK02_to_DB02#alt2,2,bwd,75,3650.0,4800.0,0.3679,0.0
DK02_to_DB02#alt2,2,bwd,76,3600.0,4800.0,0.3114,0.0
DK02_to_DB02#alt2,2,bwd,77,3550.0,4800.0,0.2636,0.0
DK02_to_DB02#alt2,2,bwd,78,3500.0,4800.0,0.2231,0.0
DK02_to_DB02#alt2,2,bwd,79,3450.0,4800.0,0.1889,0.0
DK02_to_DB02#alt2,2,bwd,80,3400.0,4800.0,0.2076,0.0
DK02_to_DB02#alt2,2,bwd,81,3350.0,4800.0,0.2252,0.0
DK02_to_DB02#alt2,2,bwd,82,3300.0,4800.0,0.2407,0.0
DK02_to_DB02#alt2,2,bwd,83,3250.0,4783.33,0.2609,0.0
DK02_to_DB02#alt2,2,bwd,84,3200.0,4750.0,0.3269,0.0
DK02_to_DB02#alt2,2,bwd,85,3150.0,4716.67,0.4076,0.0
DK02_to_DB02#alt2,2,bwd,86,3100.0,4700.0,0.4275,0.0
DK02_to_DB02#alt2,2,bwd,87,3050.0,4716.67,0.4346,0.0
DK02_to_DB02#alt2,2,bwd,88,3000.0,4750.0,0.3679,0.0
DK02_to_DB02#alt2,2,bwd,89,2950.0,4800.0,0.3114,0.0
DK02_to_DB02#alt2,2,bwd,90,2900.0,4833.33,0.2609,0.0
DK02_to_DB02#alt2,2,bwd,91,2850.0,4850.0,0.253,0.0
DK02_to_DB02#alt2,2,bwd,92,2800.0,4850.0,0.2407,0.0
DK02_to_DB02#alt2,2,bwd,93,2750.0,4850.0,0.2252,0.0
DK02_to_DB02#alt2,2,bwd,94,2700.0,4850.0,0.2076,0.0
DK02_to_DB02#alt2,2,bwd,95,2650.0,4850.0,0.2151,0.0
DK02_to_DB02#alt2,2,bwd,96,2600.0,4850.0,0.253,0.0
DK02_to_DB02#alt2,2,bwd,97,2550.0,4850.0,0.2972,0.0
DK02_to_DB02#alt2,2,bwd,98,2500.0,4866.67,0.3485,0.0
DK02_to_DB02#alt2,2,bwd,99,2450.0,4900.0,0.3784,0.0
DK02_to_DB02#alt2,2,bwd,100,2400.0,4933.33,0.3895,0.0
DK02_to_DB02#alt2,2,bwd,101,2350.0,4950.0,0.4346,0.0
DK02_to_DB02#alt2,2,bwd,102,2300.0,4950.0,0.4931,0.0
DK02_to_DB02#alt2,2,bwd,103,2250.0,4950.0,0.5483,0.0
DK02_to_DB02#alt2,2,bwd,104,2200.0,4950.0,0.5903,0.0
DK02_to_DB02#alt2,2,bwd,105,2150.0,4950.0,0.6241,0.0
DK02_to_DB02#alt2,2,bwd,106,2100.0,4950.0,0.6889,0.0
DK02_to_DB02#alt2,2,bwd,107,2050.0,4950.0,0.7165,0.0
DK02_to_DB02#alt2,2,bwd,108,2000.0,4950.0,0.7165,0.0
DK02_to_DB02#alt2,2,bwd,109,1950.0,4933.33,0.6889,0.0
DK02_to_DB02#alt2,2,bwd,110,1900.0,4900.0,0.6889,0.0
DK02_to_DB02#alt2,2,bwd,111,1850.0,4850.0,0.6889,0.0
DK02_to_DB02#alt2,2,bwd,112,1800.0,4800.0,0.6889,0.0
DK02_to_DB02#alt2,2,bwd,113,1750.0,4766.67,0.6889,0.0
DK02_to_DB02#alt2,2,bwd,114,1700.0,4750.0,0.5903,0.0
DK02_to_DB02#alt2,2,bwd,115,1650.0,4750.0,0.503,0.0
DK02_to_DB02#alt2,2,bwd,116,1600.0,4750.0,0.4275,0.0
DK02_to_DB02#alt2,2,bwd,117,1550.0,4750.0,0.3628,0.0
DK02_to_DB02#alt2,2,bwd,118,1500.0,4750.0,0.3679,0.0
DK02_to_DB02#alt2,2,bwd,119,1450.0,4750.0,0.3679,0.0
DK02_to_DB02#alt2,2,bwd,120,1400.0,4750.0,0.3679,0.0
DK02_to_DB02#alt2,2,bwd,121,1350.0,4750.0,0.3679,0.0
DK02_to_DB02#alt2,2,bwd,122,1300.0,4766.67,0.3679,0.0
DK02_to_DB02#alt2,2,bwd,123,1250.0,4800.0,0.3114,0.0
DK02_to_DB02#alt2,2,bwd,124,1200.0,4850.0,0.2609,0.0
DK02_to_DB02#alt2,2,bwd,125,1150.0,4900.0,0.2151,0.0
DK02_to_DB02#alt2,2,bwd,126,1100.0,4933.33,0.1755,0.0
DK02_to_DB02#alt2,2,bwd,127,1050.0,4933.33,0.17,0.0
DK02_to_DB02#alt2,2,bwd,128,1000.0,4900.0,0.2151,0.0
DK02_to_DB02#alt2,2,bwd,129,950.0,4866.67,0.2721,0.0
DK02_to_DB02#alt2,2,bwd,130,900.0,4850.0,0.3077,0.0
DK02_to_DB02#alt2,2,bwd,131,850.0,4850.0,0.344,0.0
DK02_to_DB02#alt2,2,bwd,132,800.0,4850.0,0.3784,0.0
DK02_to_DB02#alt2,2,bwd,133,750.0,4850.0,0.4076,0.0
DK02_to_DB02#alt2,2,bwd,134,700.0,4850.0,0.4346,0.0
DK02_to_DB02#alt2,2,bwd,135,650.0,4850.0,0.4746,0.0
DK02_to_DB02#alt2,2,bwd,136,600.0,4850.0,0.503,0.0
DK02_to_DB02#alt2,2,bwd,137,550.0,4850.0,0.5134,0.0
DK02_to_DB02#alt2,2,bwd,138,500.0,4850.0,0.503,0.0
DK02_to_DB02#alt2,2,bwd,139,450.0,4833.33,0.4746,0.0
DK02_to_DB02#alt2,2,bwd,140,400.0,4816.67,0.503,0.0
DK02_to_DB02#alt2,2,bwd,141,350.0,4783.33,0.4746,0.0
DK02_to_DB02#alt2,2,bwd,142,300.0,4750.0,0.4931,0.0
DK02_to_DB02#alt2,2,bwd,143,250.0,4700.0,0.4931,0.0
DK02_to_DB02#alt2,2,bwd,144,233.33,4650.0,0.5483,0.0
DK02_to_DB02#alt2,2,bwd,145,233.33,4600.0,0.6241,0.0
DK02_to_DB02#alt2,2,bwd,146,250.0,4550.0,0.6889,0.0
DK02_to_DB02#alt2,2,bwd,147,250.0,4500.0,0.7165,0.0
DK02_to_DB02#alt2,2,bwd,148,250.0,4450.0,0.7165,0.0
DK02_to_DB02#alt2,2,bwd,149,250.0,4400.0,0.6889,0.0
DK02_to_DB02#alt2,2,bwd,150,300.0,4350.0,0.7165,0.0
DK02_to_DB02#alt2,2,bwd,151,300.0,4300.0,0.6889,0.0
DK02_to_DB02#alt2,2,bwd,152,300.0,4250.0,0.6241,0.0
DK02_to_DB02#alt2,2,bwd,153,300.0,4200.0,0.5483,0.0
DK02_to_DB02#alt2,2,bwd,154,300.0,4150.0,0.4931,0.0
DK02_to_DB02#alt2,2,bwd,155,316.67,4100.0,0.4346,0.0
DK02_to_DB02#alt2,2,bwd,156,350.0,4050.0,0.4076,0.0
DK02_to_DB02#alt2,2,bwd,157,400.0,4000.0,0.3628,0.0
DK02_to_DB02#alt2,2,bwd,158,450.0,3950.0,0.3114,0.0
DK02_to_DB02#alt2,2,bwd,159,483.33,3900.0,0.2636,0.0
DK02_to_DB02#alt2,2,bwd,160,500.0,3850.0,0.2252,0.0
DK02_to_DB02#alt2,2,bwd,161,500.0,3800.0,0.2407,0.0
DK02_to_DB02#alt2,2,bwd,162,500.0,3750.0,0.253,0.0
DK02_to_DB02#alt2,2,bwd,163,500.0,3700.0,0.2609,0.0
DK02_to_DB02#alt2,2,bwd,164,516.67,3650.0,0.281,0.0
DK02_to_DB02#alt2,2,bwd,165,550.0,3600.0,0.3485,0.0
DK02_to_DB02#alt2,2,bwd,166,600.0,3550.0,0.4275,0.0
DK02_to_DB02#alt2,2,bwd,167,650.0,3500.0,0.5134,0.0
DK02_to_DB02#alt2,2,bwd,168,700.0,3450.0,0.5903,0.0
DK02_to_DB02#alt2,2,bwd,169,750.0,3400.0,0.6241,0.0
DK02_to_DB02#alt2,2,bwd,170,783.33,3350.0,0.7165,0.0
DK02_to_DB02#alt2,2,bwd,171,816.67,3300.0,0.6889,0.0
DK02_to_DB02#alt2,2,bwd,172,833.33,3250.0,0.7165,0.0
DK02_to_DB02#alt2,2,bwd,173,850.0,3200.0,0.6889,0.0
DK02_to_DB02#alt2,2,bwd,174,900.0,3150.0,0.6889,0.0
DK02_to_DB02#alt2,2,bwd,175,950.0,3100.0,0.6889,0.0
DK02_to_DB02#alt2,2,bwd,176,1000.0,3050.0,0.6241,0.0
DK02_to_DB02#alt2,2,bwd,177,1050.0,3000.0,0.5903,0.0
DK02_to_DB02#alt2,2,bwd,178,1100.0,2950.0,0.5134,0.0
DK02_to_DB02#alt2,2,bwd,179,1150.0,2900.0,0.4746,0.0
DK02_to_DB02#alt2,2,bwd,180,1200.0,2850.0,0.4275,0.0
DK02_to_DB02#alt2,2,bwd,181,1250.0,2800.0,0.3895,0.0
DK02_to_DB02#alt2,2,bwd,182,1283.33,2750.0,0.4931,0.0
DK02_to_DB02#alt2,2,bwd,183,1300.0,2700.0,0.5483,0.0
DK02_to_DB02#alt2,2,bwd,184,1300.0,2650.0,0.6241,0.0
DK02_to_DB02#alt2,2,bwd,185,1300.0,2600.0,0.6889,0.0
DK02_to_DB02#alt2,2,bwd,186,1300.0,2550.0,0.7165,0.0
DK02_to_DB02#alt2,2,bwd,187,1300.0,2500.0,0.7165,0.0
DK02_to_DB02#alt2,2,bwd,188,1300.0,2450.0,0.7165,0.0
DK02_to_DB02#alt2,2,bwd,189,1300.0,2400.0,0.7165,0.0
DK02_to_DB02#alt2,2,bwd,190,1316.67,2350.0,0.6889,0.0
DK02_to_DB02#alt2,2,bwd,191,1350.0,2300.0,0.6889,0.0
DK02_to_DB02#alt2,2,bwd,192,1400.0,2250.0,0.6889,0.0
DK02_to_DB02#alt2,2,bwd,193,1450.0,2200.0,0.6889,0.0
DK02_to_DB02#alt2,2,bwd,194,1500.0,2150.0,0.6065,0.0
DK02_to_DB02#alt2,2,bwd,195,1550.0,2100.0,0.5134,0.0
DK02_to_DB02#alt2,2,bwd,196,1600.0,2050.0,0.4931,0.0
DK02_to_DB02#alt2,2,bwd,197,1650.0,2000.0,0.4746,0.0
DK02_to_DB02#alt2,2,bwd,198,1700.0,1950.0,0.4346,0.0
DK02_to_DB02#alt2,2,bwd,199,1750.0,1900.0,0.4275,0.0
DK02_to_DB02#alt2,2,bwd,200,1783.33,1850.0,0.4746,0.0
DK02_to_DB02#alt2,2,bwd,201,1800.0,1800.0,0.4346,0.0
DK02_to_DB02#alt2,2,bwd,202,1800.0,1750.0,0.4076,0.0
DK02_to_DB02#alt2,2,bwd,203,1800.0,1700.0,0.3784,0.0
DK02_to_DB02#alt2,2,bwd,204,1800.0,1650.0,0.3628,0.0
DK02_to_DB02#alt2,2,bwd,205,1800.0,1600.0,0.3485,0.0
DK02_to_DB02#alt2,2,bwd,206,1800.0,1550.0,0.3269,0.0
DK02_to_DB02#alt2,2,bwd,207,1800.0,1500.0,0.3006,0.0
DK02_to_DB02#alt2,2,bwd,208,1800.0,1450.0,0.2721,0.0
DK02_to_DB02#alt2,2,bwd,209,1800.0,1400.0,0.2431,0.0
DK02_to_DB02#alt2,2,bwd,210,1800.0,1350.0,0.2151,0.0
DK02_to_DB02#alt2,2,bwd,211,1800.0,1300.0,0.1921,0.0
DK02_to_DB02#alt2,2,bwd,212,1800.0,1250.0,0.17,0.0
DK02_to_DB02#alt2,2,bwd,213,1800.0,1200.0,0.1517,0.0
DK02_to_DB02#alt2,2,bwd,214,1800.0,1150.0,0.1344,0.0
DK02_to_DB02#alt2,2,bwd,215,1800.0,1100.0,0.1183,0.0
DK02_to_DB02#alt3,3,bwd,0,3750.0,2150.0,0.1432,0.0
DK02_to_DB02#alt3,3,bwd,1,3800.0,2200.0,0.1798,0.0
DK02_to_DB02#alt3,3,bwd,2,3850.0,2233.33,0.2252,0.0
DK02_to_DB02#alt3,3,bwd,3,3900.0,2250.0,0.2407,0.0
DK02_to_DB02#alt3,3,bwd,4,3950.0,2250.0,0.253,0.0
DK02_to_DB02#alt3,3,bwd,5,4000.0,2250.0,0.2609,0.0
DK02_to_DB02#alt3,3,bwd,6,4050.0,2250.0,0.2636,0.0
DK02_to_DB02#alt3,3,bwd,7,4100.0,2250.0,0.2636,0.0
DK02_to_DB02#alt3,3,bwd,8,4150.0,2250.0,0.2636,0.0
DK02_to_DB02#alt3,3,bwd,9,4200.0,2233.33,0.2636,0.0
DK02_to_DB02#alt3,3,bwd,10,4250.0,2200.0,0.3077,0.0
DK02_to_DB02#alt3,3,bwd,11,4300.0,2150.0,0.3679,0.0
DK02_to_DB02#alt3,3,bwd,12,4350.0,2100.0,0.4346,0.0
DK02_to_DB02#alt3,3,bwd,13,4400.0,2066.67,0.5134,0.0
DK02_to_DB02#alt3,3,bwd,14,4450.0,2050.0,0.503,0.0
DK02_to_DB02#alt3,3,bwd,15,4500.0,2033.33,0.4746,0.0
DK02_to_DB02#alt3,3,bwd,16,4550.0,2000.0,0.4931,0.0
DK02_to_DB02#alt3,3,bwd,17,4600.0,1950.0,0.4931,0.0
DK02_to_DB02#alt3,3,bwd,18,4650.0,1900.0,0.4746,0.0
DK02_to_DB02#alt3,3,bwd,19,4700.0,1850.0,0.4275,0.0
DK02_to_DB02#alt3,3,bwd,20,4733.33,1800.0,0.3679,0.0
DK02_to_DB02#alt3,3,bwd,21,4750.0,1750.0,0.3679,0.0
DK02_to_DB02#alt3,3,bwd,22,4733.33,1700.0,0.3628,0.0
DK02_to_DB02#alt3,3,bwd,23,4700.0,1650.0,0.4076,0.0
DK02_to_DB02#alt3,3,bwd,24,4650.0,1600.0,0.4346,0.0
DK02_to_DB02#alt3,3,bwd,25,4600.0,1550.0,0.4346,0.0
DK02_to_DB02#alt3,3,bwd,26,4550.0,1500.0,0.4346,0.0
DK02_to_DB02#alt3,3,bwd,27,4516.67,1450.0,0.4076,0.0
DK02_to_DB02#alt3,3,bwd,28,4500.0,1400.0,0.3485,0.0
DK02_to_DB02#alt3,3,bwd,29,4500.0,1350.0,0.2972,0.0
DK02_to_DB02#alt3,3,bwd,30,4500.0,1300.0,0.253,0.0
DK02_to_DB02#alt3,3,bwd,31,4500.0,1250.0,0.2151,0.0
DK02_to_DB02#alt3,3,bwd,32,4483.33,1200.0,0.1827,0.0
DK02_to_DB02#alt3,3,bwd,33,4450.0,1150.0,0.1587,0.0
DK02_to_DB02#alt3,3,bwd,34,4400.0,1100.0,0.1827,0.0
DK02_to_DB02#alt3,3,bwd,35,4350.0,1050.0,0.2211,0.0
DK02_to_DB02#alt3,3,bwd,36,4300.0,1000.0,0.2636,0.0
DK02_to_DB02#alt3,3,bwd,37,4250.0,950.0,0.3114,0.0
DK02_to_DB02#alt3,3,bwd,38,4200.0,900.0,0.3679,0.0
DK02_to_DB02#alt3,3,bwd,39,4150.0,866.67,0.4275,0.0
DK02_to_DB02#alt3,3,bwd,40,4100.0,850.0,0.4076,0.0
DK02_to_DB02#alt3,3,bwd,41,4050.0,850.0,0.3784,0.0
DK02_to_DB02#alt3,3,bwd,42,4000.0,850.0,0.3895,0.0
DK02_to_DB02#alt3,3,bwd,43,3950.0,850.0,0.4346,0.0
DK02_to_DB02#alt3,3,bwd,44,3900.0,850.0,0.4931,0.0
DK02_to_DB02#alt3,3,bwd,45,3850.0,850.0,0.5483,0.0
DK02_to_DB02#alt3,3,bwd,46,3800.0,850.0,0.6241,0.0
DK02_to_DB02#alt3,3,bwd,47,3750.0,850.0,0.6889,0.0
DK02_to_DB02#alt3,3,bwd,48,3700.0,850.0,0.7165,0.0
DK02_to_DB02#alt3,3,bwd,49,3650.0,850.0,0.7165,0.0
DK02_to_DB02#alt3,3,bwd,50,3600.0,850.0,0.6889,0.0
DK02_to_DB02#alt3,3,bwd,51,3550.0,800.0,0.7165,0.0
DK02_to_DB02#alt3,3,bwd,52,3500.0,800.0,0.6889,0.0
DK02_to_DB02#alt3,3,bwd,53,3450.0,750.0,0.6889,0.0
DK02_to_DB02#alt3,3,bwd,54,3400.0,700.0,0.6889,0.0
DK02_to_DB02#alt3,3,bwd,55,3350.0,650.0,0.6889,0.0
DK02_to_DB02#alt3,3,bwd,56,3300.0,600.0,0.6889,0.0
DK02_to_DB02#alt3,3,bwd,57,3250.0,550.0,0.6889,0.0
DK02_to_DB02#alt3,3,bwd,58,3200.0,500.0,0.6889,0.0
DK02_to_DB02#alt3,3,bwd,59,3150.0,466.67,0.6889,0.0
DK02_to_DB02#alt3,3,bwd,60,3100.0,450.0,0.5903,0.0
DK02_to_DB02#alt3,3,bwd,61,3050.0,450.0,0.503,0.0
DK02_to_DB02#alt3,3,bwd,62,3000.0,450.0,0.4275,0.0
DK02_to_DB02#alt3,3,bwd,63,2950.0,450.0,0.3628,0.0
DK02_to_DB02#alt3,3,bwd,64,2900.0,450.0,0.3077,0.0
DK02_to_DB02#alt3,3,bwd,65,2850.0,450.0,0.2609,0.0
DK02_to_DB02#alt3,3,bwd,66,2800.0,450.0,0.2211,0.0
DK02_to_DB02#alt3,3,bwd,67,2750.0,450.0,0.1873,0.0
DK02_to_DB02#alt3,3,bwd,68,2700.0,450.0,0.1587,0.0
DK02_to_DB02#alt3,3,bwd,69,2650.0,450.0,0.1344,0.0
DK02_to_DB02#alt3,3,bwd,70,2600.0,466.67,0.1138,0.0
DK02_to_DB02#alt3,3,bwd,71,2550.0,500.0,0.0947,0.0
DK02_to_DB02#alt3,3,bwd,72,2500.0,550.0,0.0781,0.0
DK02_to_DB02#alt3,3,bwd,73,2450.0,600.0,0.0785,0.0
DK02_to_DB02#alt3,3,bwd,74,2400.0,650.0,0.0821,0.0
DK02_to_DB02#alt3,3,bwd,75,2350.0,683.33,0.0839,0.0
DK02_to_DB02#alt3,3,bwd,76,2300.0,700.0,0.0748,0.0
DK02_to_DB02#alt3,3,bwd,77,2250.0,700.0,0.0663,0.0
DK02_to_DB02#alt3,3,bwd,78,2200.0,700.0,0.0591,0.0
DK02_to_DB02#alt3,3,bwd,79,2150.0,700.0,0.0524,0.0
DK02_to_DB02#alt3,3,bwd,80,2100.0,716.67,0.0463,0.0
DK02_to_DB02#alt3,3,bwd,81,2050.0,750.0,0.045,0.0
DK02_to_DB02#alt3,3,bwd,82,2000.0,800.0,0.0444,0.0
DK02_to_DB02#alt3,3,bwd,83,1950.0,850.0,0.0496,0.0
DK02_to_DB02#alt3,3,bwd,84,1900.0,900.0,0.0568,0.0
DK02_to_DB02#alt3,3,bwd,85,1850.0,950.0,0.0717,0.0
DK02_to_DB02#alt3,3,bwd,86,1816.67,1000.0,0.0904,0.0
DK02_to_DB02#alt3,3,bwd,87,1800.0,1050.0,0.1036,0.0
DK02_to_DB02#alt3,3,bwd,88,1800.0,1100.0,0.1183,0.0
DB02_to_DK02#alt4,4,fwd,0,1800.0,1100.0,0.1183,0.0
DB02_to_DK02#alt4,4,fwd,1,1850.0,1050.0,0.0936,0.0
DB02_to_DK02#alt4,4,fwd,2,1900.0,1000.0,0.074,0.0
DB02_to_DK02#alt4,4,fwd,3,1950.0,950.0,0.0677,0.0
DB02_to_DK02#alt4,4,fwd,4,2000.0,900.0,0.0612,0.0
DB02_to_DK02#alt4,4,fwd,5,2050.0,850.0,0.0544,0.0
DB02_to_DK02#alt4,4,fwd,6,2100.0,800.0,0.0568,0.0
DB02_to_DK02#alt4,4,fwd,7,2150.0,750.0,0.0585,0.0
DB02_to_DK02#alt4,4,fwd,8,2200.0,700.0,0.0591,0.0
DB02_to_DK02#alt4,4,fwd,9,2250.0,650.0,0.0591,0.0
DB02_to_DK02#alt4,4,fwd,10,2300.0,600.0,0.0585,0.0
DB02_to_DK02#alt4,4,fwd,11,2350.0,550.0,0.0568,0.0
DB02_to_DK02#alt4,4,fwd,12,2400.0,500.0,0.0577,0.0
DB02_to_DK02#alt4,4,fwd,13,2450.0,450.0,0.0691,0.0
DB02_to_DK02#alt4,4,fwd,14,2500.0,400.0,0.0821,0.0
DB02_to_DK02#alt4,4,fwd,15,2550.0,350.0,0.097,0.0
DB02_to_DK02#alt4,4,fwd,16,2600.0,333.33,0.1146,0.0
DB02_to_DK02#alt4,4,fwd,17,2650.0,333.33,0.1353,0.0
DB02_to_DK02#alt4,4,fwd,18,2700.0,350.0,0.1599,0.0
DB02_to_DK02#alt4,4,fwd,19,2750.0,350.0,0.1889,0.0
DB02_to_DK02#alt4,4,fwd,20,2800.0,350.0,0.2231,0.0
DB02_to_DK02#alt4,4,fwd,21,2850.0,333.33,0.2636,0.0
DB02_to_DK02#alt4,4,fwd,22,2900.0,300.0,0.3114,0.0
DB02_to_DK02#alt4,4,fwd,23,2950.0,250.0,0.3628,0.0
DB02_to_DK02#alt4,4,fwd,24,3000.0,200.0,0.4076,0.0
DB02_to_DK02#alt4,4,fwd,25,3050.0,150.0,0.4346,0.0
DB02_to_DK02#alt4,4,fwd,26,3100.0,100.0,0.4346,0.0
DB02_to_DK02#alt4,4,fwd,27,3150.0,83.33,0.4746,0.0
DB02_to_DK02#alt4,4,fwd,28,3200.0,83.33,0.503,0.0
DB02_to_DK02#alt4,4,fwd,29,3250.0,83.33,0.5134,0.0
DB02_to_DK02#alt4,4,fwd,30,3300.0,66.67,0.4346,0.0
DB02_to_DK02#alt4,4,fwd,31,3350.0,50.0,0.4346,0.0
DB02_to_DK02#alt4,4,fwd,32,3400.0,66.67,0.4346,0.0
DB02_to_DK02#alt4,4,fwd,33,3450.0,83.33,0.5134,0.0
DB02_to_DK02#alt4,4,fwd,34,3500.0,100.0,0.5134,0.0
DB02_to_DK02#alt4,4,fwd,35,3550.0,116.67,0.5134,0.0
DB02_to_DK02#alt4,4,fwd,36,3600.0,150.0,0.6065,0.0
DB02_to_DK02#alt4,4,fwd,37,3650.0,200.0,0.6889,0.0
DB02_to_DK02#alt4,4,fwd,38,3700.0,233.33,0.6889,0.0
DB02_to_DK02#alt4,4,fwd,39,3750.0,233.33,0.6241,0.0
DB02_to_DK02#alt4,4,fwd,40,3800.0,200.0,0.4931,0.0
DB02_to_DK02#alt4,4,fwd,41,3850.0,166.67,0.3895,0.0
DB02_to_DK02#alt4,4,fwd,42,3900.0,150.0,0.4346,0.0
DB02_to_DK02#alt4,4,fwd,43,3950.0,150.0,0.4931,0.0
DB02_to_DK02#alt4,4,fwd,44,4000.0,150.0,0.5483,0.0
DB02_to_DK02#alt4,4,fwd,45,4050.0,150.0,0.6241,0.0
DB02_to_DK02#alt4,4,fwd,46,4100.0,150.0,0.6889,0.0
DB02_to_DK02#alt4,4,fwd,47,4150.0,150.0,0.7165,0.0
DB02_to_DK02#alt4,4,fwd,48,4200.0,150.0,0.7165,0.0
DB02_to_DK02#alt4,4,fwd,49,4250.0,150.0,0.7165,0.0
DB02_to_DK02#alt4,4,fwd,50,4300.0,150.0,0.7165,0.0
DB02_to_DK02#alt4,4,fwd,51,4350.0,150.0,0.7165,0.0
DB02_to_DK02#alt4,4,fwd,52,4400.0,150.0,0.6889,0.0
DB02_to_DK02#alt4,4,fwd,53,4450.0,200.0,0.6889,0.0
DB02_to_DK02#alt4,4,fwd,54,4483.33,250.0,0.6889,0.0
DB02_to_DK02#alt4,4,fwd,55,4500.0,300.0,0.7165,0.0
DB02_to_DK02#alt4,4,fwd,56,4500.0,350.0,0.7165,0.0
DB02_to_DK02#alt4,4,fwd,57,4516.67,400.0,0.7165,0.0
DB02_to_DK02#alt4,4,fwd,58,4550.0,450.0,0.6065,0.0
DB02_to_DK02#alt4,4,fwd,59,4600.0,500.0,0.5134,0.0
DB02_to_DK02#alt4,4,fwd,60,4633.33,550.0,0.4275,0.0
DB02_to_DK02#alt4,4,fwd,61,4650.0,600.0,0.4076,0.0
DB02_to_DK02#alt4,4,fwd,62,4650.0,650.0,0.3784,0.0
DB02_to_DK02#alt4,4,fwd,63,4650.0,700.0,0.344,0.0
DB02_to_DK02#alt4,4,fwd,64,4650.0,750.0,0.3077,0.0
DB02_to_DK02#alt4,4,fwd,65,4650.0,800.0,0.2721,0.0
DB02_to_DK02#alt4,4,fwd,66,4650.0,850.0,0.2431,0.0
DB02_to_DK02#alt4,4,fwd,67,4650.0,900.0,0.2151,0.0
DB02_to_DK02#alt4,4,fwd,68,4650.0,950.0,0.1921,0.0
DB02_to_DK02#alt4,4,fwd,69,4666.67,1000.0,0.17,0.0
DB02_to_DK02#alt4,4,fwd,70,4700.0,1050.0,0.1344,0.0
DB02_to_DK02#alt4,4,fwd,71,4750.0,1100.0,0.1062,0.0
DB02_to_DK02#alt4,4,fwd,72,4800.0,1150.0,0.1036,0.0
DB02_to_DK02#alt4,4,fwd,73,4833.33,1200.0,0.1062,0.0
DB02_to_DK02#alt4,4,fwd,74,4850.0,1250.0,0.1199,0.0
DB02_to_DK02#alt4,4,fwd,75,4850.0,1300.0,0.1344,0.0
DB02_to_DK02#alt4,4,fwd,76,4850.0,1350.0,0.1517,0.0
DB02_to_DK02#alt4,4,fwd,77,4850.0,1400.0,0.17,0.0
DB02_to_DK02#alt4,4,fwd,78,4850.0,1450.0,0.1889,0.0
DB02_to_DK02#alt4,4,fwd,79,4850.0,1500.0,0.2076,0.0
DB02_to_DK02#alt4,4,fwd,80,4850.0,1550.0,0.2252,0.0
DB02_to_DK02#alt4,4,fwd,81,4850.0,1600.0,0.2407,0.0
DB02_to_DK02#alt4,4,fwd,82,4850.0,1650.0,0.253,0.0
DB02_to_DK02#alt4,4,fwd,83,4866.67,1700.0,0.2609,0.0
DB02_to_DK02#alt4,4,fwd,84,4900.0,1750.0,0.2231,0.0
DB02_to_DK02#alt4,4,fwd,85,4933.33,1800.0,0.1889,0.0
DB02_to_DK02#alt4,4,fwd,86,4950.0,1850.0,0.1873,0.0
DB02_to_DK02#alt4,4,fwd,87,4950.0,1900.0,0.1827,0.0
DB02_to_DK02#alt4,4,fwd,88,4950.0,1950.0,0.1755,0.0
DB02_to_DK02#alt4,4,fwd,89,4950.0,2000.0,0.1661,0.0
DB02_to_DK02#alt4,4,fwd,90,4950.0,2050.0,0.1551,0.0
DB02_to_DK02#alt4,4,fwd,91,4933.33,2100.0,0.1432,0.0
DB02_to_DK02#alt4,4,fwd,92,4900.0,2150.0,0.1495,0.0
DB02_to_DK02#alt4,4,fwd,93,4850.0,2200.0,0.1517,0.0
DB02_to_DK02#alt4,4,fwd,94,4800.0,2250.0,0.1517,0.0
DB02_to_DK02#alt4,4,fwd,95,4750.0,2300.0,0.1495,0.0
DB02_to_DK02#alt4,4,fwd,96,4700.0,2350.0,0.1495,0.0
DB02_to_DK02#alt4,4,fwd,97,4650.0,2366.67,0.17,0.0
DB02_to_DK02#alt4,4,fwd,98,4600.0,2350.0,0.1921,0.0
DB02_to_DK02#alt4,4,fwd,99,4550.0,2316.67,0.2057,0.0
DB02_to_DK02#alt4,4,fwd,100,4500.0,2300.0,0.2151,0.0
DB02_to_DK02#alt4,4,fwd,101,4450.0,2300.0,0.2384,0.0
DB02_to_DK02#alt4,4,fwd,102,4400.0,2300.0,0.2609,0.0
DB02_to_DK02#alt4,4,fwd,103,4350.0,2300.0,0.281,0.0
DB02_to_DK02#alt4,4,fwd,104,4300.0,2283.33,0.2972,0.0
DB02_to_DK02#alt4,4,fwd,105,4250.0,2250.0,0.2609,0.0
DB02_to_DK02#alt4,4,fwd,106,4200.0,2200.0,0.2972,0.0
DB02_to_DK02#alt4,4,fwd,107,4150.0,2166.67,0.3269,0.0
DB02_to_DK02#alt4,4,fwd,108,4100.0,2150.0,0.3006,0.0
DB02_to_DK02#alt4,4,fwd,109,4050.0,2150.0,0.2721,0.0
DB02_to_DK02#alt4,4,fwd,110,4000.0,2150.0,0.2431,0.0
DB02_to_DK02#alt4,4,fwd,111,3950.0,2150.0,0.2151,0.0
DB02_to_DK02#alt4,4,fwd,112,3900.0,2150.0,0.1921,0.0
DB02_to_DK02#alt4,4,fwd,113,3850.0,2150.0,0.17,0.0
DB02_to_DK02#alt4,4,fwd,114,3800.0,2150.0,0.1551,0.0
DB02_to_DK02#alt4,4,fwd,115,3750.0,2150.0,0.1432,0.0
DK02_to_DB02#alt4,4,bwd,0,3750.0,2150.0,0.1432,0.0
DK02_to_DB02#alt4,4,bwd,1,3800.0,2200.0,0.1798,0.0
DK02_to_DB02#alt4,4,bwd,2,3850.0,2250.0,0.2252,0.0
DK02_to_DB02#alt4,4,bwd,3,3900.0,2300.0,0.281,0.0
DK02_to_DB02#alt4,4,bwd,4,3950.0,2350.0,0.3485,0.0
DK02_to_DB02#alt4,4,bwd,5,4000.0,2400.0,0.4275,0.0
DK02_to_DB02#alt4,4,bwd,6,4050.0,2450.0,0.5134,0.0
DK02_to_DB02#alt4,4,bwd,7,4100.0,2500.0,0.6065,0.0
DK02_to_DB02#alt4,4,bwd,8,4150.0,2533.33,0.7165,0.0
DK02_to_DB02#alt4,4,bwd,9,4200.0,2550.0,0.7165,0.0
DK02_to_DB02#alt4,4,bwd,10,4250.0,2566.67,0.6889,0.0
DK02_to_DB02#alt4,4,bwd,11,4300.0,2600.0,0.6889,0.0
DK02_to_DB02#alt4,4,bwd,12,4350.0,2650.0,0.6889,0.0
DK02_to_DB02#alt4,4,bwd,13,4383.33,2700.0,0.6241,0.0
DK02_to_DB02#alt4,4,bwd,14,4400.0,2750.0,0.6889,0.0
DK02_to_DB02#alt4,4,bwd,15,4400.0,2800.0,0.7165,0.0
DK02_to_DB02#alt4,4,bwd,16,4416.67,2850.0,0.6889,0.0
DK02_to_DB02#alt4,4,bwd,17,4433.33,2900.0,0.5483,0.0
DK02_to_DB02#alt4,4,bwd,18,4450.0,2950.0,0.503,0.0
DK02_to_DB02#alt4,4,bwd,19,4466.67,3000.0,0.4746,0.0
DK02_to_DB02#alt4,4,bwd,20,4500.0,3050.0,0.3784,0.0
DK02_to_DB02#alt4,4,bwd,21,4550.0,3100.0,0.3006,0.0
DK02_to_DB02#alt4,4,bwd,22,4583.33,3150.0,0.2384,0.0
DK02_to_DB02#alt4,4,bwd,23,4583.33,3200.0,0.2151,0.0
DK02_to_DB02#alt4,4,bwd,24,4550.0,3250.0,0.2151,0.0
DK02_to_DB02#alt4,4,bwd,25,4533.33,3300.0,0.1921,0.0
DK02_to_DB02#alt4,4,bwd,26,4516.67,3350.0,0.2211,0.0
DK02_to_DB02#alt4,4,bwd,27,4500.0,3400.0,0.2231,0.0
DK02_to_DB02#alt4,4,bwd,28,4466.67,3450.0,0.2636,0.0
DK02_to_DB02#alt4,4,bwd,29,4450.0,3500.0,0.2609,0.0
DK02_to_DB02#alt4,4,bwd,30,4450.0,3550.0,0.253,0.0
DK02_to_DB02#alt4,4,bwd,31,4466.67,3600.0,0.2407,0.0
DK02_to_DB02#alt4,4,bwd,32,4466.67,3650.0,0.2252,0.0
DK02_to_DB02#alt4,4,bwd,33,4450.0,3700.0,0.2076,0.0
DK02_to_DB02#alt4,4,bwd,34,4400.0,3750.0,0.2231,0.0
DK02_to_DB02#alt4,4,bwd,35,4350.0,3800.0,0.2636,0.0
DK02_to_DB02#alt4,4,bwd,36,4316.67,3850.0,0.3114,0.0
DK02_to_DB02#alt4,4,bwd,37,4300.0,3900.0,0.3077,0.0
DK02_to_DB02#alt4,4,bwd,38,4300.0,3950.0,0.2972,0.0
DK02_to_DB02#alt4,4,bwd,39,4300.0,4000.0,0.281,0.0
DK02_to_DB02#alt4,4,bwd,40,4283.33,4050.0,0.2609,0.0
DK02_to_DB02#alt4,4,bwd,41,4250.0,4100.0,0.2721,0.0
DK02_to_DB02#alt4,4,bwd,42,4200.0,4150.0,0.2721,0.0
DK02_to_DB02#alt4,4,bwd,43,4150.0,4200.0,0.3077,0.0
DK02_to_DB02#alt4,4,bwd,44,4100.0,4250.0,0.3485,0.0
DK02_to_DB02#alt4,4,bwd,45,4050.0,4300.0,0.3784,0.0
DK02_to_DB02#alt4,4,bwd,46,4000.0,4350.0,0.3895,0.0
DK02_to_DB02#alt4,4,bwd,47,3950.0,4366.67,0.4346,0.0
DK02_to_DB02#alt4,4,bwd,48,3900.0,4350.0,0.4931,0.0
DK02_to_DB02#alt4,4,bwd,49,3850.0,4316.67,0.6241,0.0
DK02_to_DB02#alt4,4,bwd,50,3800.0,4300.0,0.6889,0.0
DK02_to_DB02#alt4,4,bwd,51,3750.0,4300.0,0.7165,0.0
DK02_to_DB02#alt4,4,bwd,52,3700.0,4316.67,0.7165,0.0
DK02_to_DB02#alt4,4,bwd,53,3650.0,4333.33,0.6065,0.0
DK02_to_DB02#alt4,4,bwd,54,3600.0,4350.0,0.5903,0.0
DK02_to_DB02#alt4,4,bwd,55,3550.0,4366.67,0.5483,0.0
DK02_to_DB02#alt4,4,bwd,56,3500.0,4383.33,0.4346,0.0
DK02_to_DB02#alt4,4,bwd,57,3450.0,4400.0,0.4346,0.0
DK02_to_DB02#alt4,4,bwd,58,3400.0,4400.0,0.503,0.0
DK02_to_DB02#alt4,4,bwd,59,3350.0,4416.67,0.5903,0.0
DK02_to_DB02#alt4,4,bwd,60,3300.0,4450.0,0.6241,0.0
DK02_to_DB02#alt4,4,bwd,61,3250.0,4500.0,0.6241,0.0
DK02_to_DB02#alt4,4,bwd,62,3200.0,4550.0,0.5903,0.0
DK02_to_DB02#alt4,4,bwd,63,3150.0,4583.33,0.5483,0.0
DK02_to_DB02#alt4,4,bwd,64,3100.0,4600.0,0.5903,0.0
DK02_to_DB02#alt4,4,bwd,65,3050.0,4616.67,0.6065,0.0
DK02_to_DB02#alt4,4,bwd,66,3000.0,4633.33,0.5134,0.0
DK02_to_DB02#alt4,4,bwd,67,2950.0,4666.67,0.5134,0.0
DK02_to_DB02#alt4,4,bwd,68,2900.0,4700.0,0.4275,0.0
DK02_to_DB02#alt4,4,bwd,69,2850.0,4733.33,0.3485,0.0
DK02_to_DB02#alt4,4,bwd,70,2800.0,4750.0,0.3269,0.0
DK02_to_DB02#alt4,4,bwd,71,2750.0,4750.0,0.3006,0.0
DK02_to_DB02#alt4,4,bwd,72,2700.0,4750.0,0.281,0.0
DK02_to_DB02#alt4,4,bwd,73,2650.0,4750.0,0.2609,0.0
DK02_to_DB02#alt4,4,bwd,74,2600.0,4750.0,0.2636,0.0
DK02_to_DB02#alt4,4,bwd,75,2550.0,4766.67,0.3114,0.0
DK02_to_DB02#alt4,4,bwd,76,2500.0,4800.0,0.3628,0.0
DK02_to_DB02#alt4,4,bwd,77,2450.0,4833.33,0.4076,0.0
DK02_to_DB02#alt4,4,bwd,78,2400.0,4850.0,0.4746,0.0
DK02_to_DB02#alt4,4,bwd,79,2350.0,4850.0,0.5483,0.0
DK02_to_DB02#alt4,4,bwd,80,2300.0,4866.67,0.6241,0.0
DK02_to_DB02#alt4,4,bwd,81,2250.0,4900.0,0.6241,0.0
DK02_to_DB02#alt4,4,bwd,82,2200.0,4933.33,0.5903,0.0
DK02_to_DB02#alt4,4,bwd,83,2150.0,4950.0,0.6241,0.0
DK02_to_DB02#alt4,4,bwd,84,2100.0,4950.0,0.6889,0.0
DK02_to_DB02#alt4,4,bwd,85,2050.0,4950.0,0.7165,0.0
DK02_to_DB02#alt4,4,bwd,86,2000.0,4950.0,0.7165,0.0
DK02_to_DB02#alt4,4,bwd,87,1950.0,4950.0,0.6889,0.0
DK02_to_DB02#alt4,4,bwd,88,1900.0,4950.0,0.6241,0.0
DK02_to_DB02#alt4,4,bwd,89,1850.0,4950.0,0.5483,0.0
DK02_to_DB02#alt4,4,bwd,90,1800.0,4950.0,0.4931,0.0
DK02_to_DB02#alt4,4,bwd,91,1750.0,4950.0,0.4346,0.0
DK02_to_DB02#alt4,4,bwd,92,1700.0,4950.0,0.3895,0.0
DK02_to_DB02#alt4,4,bwd,93,1650.0,4950.0,0.344,0.0
DK02_to_DB02#alt4,4,bwd,94,1600.0,4950.0,0.3077,0.0
DK02_to_DB02#alt4,4,bwd,95,1550.0,4950.0,0.2721,0.0
DK02_to_DB02#alt4,4,bwd,96,1500.0,4950.0,0.2384,0.0
DK02_to_DB02#alt4,4,bwd,97,1450.0,4950.0,0.2076,0.0
DK02_to_DB02#alt4,4,bwd,98,1400.0,4950.0,0.1889,0.0
DK02_to_DB02#alt4,4,bwd,99,1350.0,4950.0,0.1889,0.0
DK02_to_DB02#alt4,4,bwd,100,1300.0,4950.0,0.1889,0.0
DK02_to_DB02#alt4,4,bwd,101,1250.0,4950.0,0.1889,0.0
DK02_to_DB02#alt4,4,bwd,102,1200.0,4950.0,0.1873,0.0
DK02_to_DB02#alt4,4,bwd,103,1150.0,4950.0,0.1827,0.0
DK02_to_DB02#alt4,4,bwd,104,1100.0,4950.0,0.1755,0.0
DK02_to_DB02#alt4,4,bwd,105,1050.0,4950.0,0.17,0.0
DK02_to_DB02#alt4,4,bwd,106,1000.0,4950.0,0.1921,0.0
DK02_to_DB02#alt4,4,bwd,107,950.0,4950.0,0.2151,0.0
DK02_to_DB02#alt4,4,bwd,108,900.0,4950.0,0.2384,0.0
DK02_to_DB02#alt4,4,bwd,109,850.0,4950.0,0.2609,0.0
DK02_to_DB02#alt4,4,bwd,110,800.0,4950.0,0.281,0.0
DK02_to_DB02#alt4,4,bwd,111,750.0,4950.0,0.3006,0.0
DK02_to_DB02#alt4,4,bwd,112,700.0,4950.0,0.3269,0.0
DK02_to_DB02#alt4,4,bwd,113,650.0,4950.0,0.3485,0.0
DK02_to_DB02#alt4,4,bwd,114,600.0,4950.0,0.3628,0.0
DK02_to_DB02#alt4,4,bwd,115,550.0,4950.0,0.3679,0.0
DK02_to_DB02#alt4,4,bwd,116,500.0,4950.0,0.3628,0.0
DK02_to_DB02#alt4,4,bwd,117,450.0,4950.0,0.3485,0.0
DK02_to_DB02#alt4,4,bwd,118,400.0,4933.33,0.3269,0.0
DK02_to_DB02#alt4,4,bwd,119,350.0,4916.67,0.3485,0.0
DK02_to_DB02#alt4,4,bwd,120,300.0,4883.33,0.3269,0.0
DK02_to_DB02#alt4,4,bwd,121,250.0,4850.0,0.344,0.0
DK02_to_DB02#alt4,4,bwd,122,200.0,4800.0,0.344,0.0
DK02_to_DB02#alt4,4,bwd,123,150.0,4750.0,0.344,0.0
DK02_to_DB02#alt4,4,bwd,124,116.67,4700.0,0.344,0.0
DK02_to_DB02#alt4,4,bwd,125,100.0,4650.0,0.3784,0.0
DK02_to_DB02#alt4,4,bwd,126,100.0,4600.0,0.4076,0.0
DK02_to_DB02#alt4,4,bwd,127,116.67,4550.0,0.4275,0.0
DK02_to_DB02#alt4,4,bwd,128,133.33,4500.0,0.5134,0.0
DK02_to_DB02#alt4,4,bwd,129,150.0,4450.0,0.5134,0.0
DK02_to_DB02#alt4,4,bwd,130,150.0,4400.0,0.503,0.0
DK02_to_DB02#alt4,4,bwd,131,150.0,4350.0,0.4746,0.0
DK02_to_DB02#alt4,4,bwd,132,150.0,4300.0,0.4346,0.0
DK02_to_DB02#alt4,4,bwd,133,150.0,4250.0,0.4076,0.0
DK02_to_DB02#alt4,4,bwd,134,150.0,4200.0,0.3784,0.0
DK02_to_DB02#alt4,4,bwd,135,150.0,4150.0,0.344,0.0
DK02_to_DB02#alt4,4,bwd,136,150.0,4100.0,0.3077,0.0
DK02_to_DB02#alt4,4,bwd,137,150.0,4050.0,0.2721,0.0
DK02_to_DB02#alt4,4,bwd,138,150.0,4000.0,0.2431,0.0
DK02_to_DB02#alt4,4,bwd,139,150.0,3950.0,0.2151,0.0
DK02_to_DB02#alt4,4,bwd,140,150.0,3900.0,0.1889,0.0
DK02_to_DB02#alt4,4,bwd,141,150.0,3850.0,0.1648,0.0
DK02_to_DB02#alt4,4,bwd,142,150.0,3800.0,0.1432,0.0
DK02_to_DB02#alt4,4,bwd,143,150.0,3750.0,0.1239,0.0
DK02_to_DB02#alt4,4,bwd,144,166.67,3700.0,0.1069,0.0
DK02_to_DB02#alt4,4,bwd,145,200.0,3650.0,0.1082,0.0
DK02_to_DB02#alt4,4,bwd,146,250.0,3600.0,0.1317,0.0
DK02_to_DB02#alt4,4,bwd,147,300.0,3550.0,0.1587,0.0
DK02_to_DB02#alt4,4,bwd,148,350.0,3500.0,0.1889,0.0
DK02_to_DB02#alt4,4,bwd,149,400.0,3450.0,0.2211,0.0
DK02_to_DB02#alt4,4,bwd,150,450.0,3400.0,0.253,0.0
DK02_to_DB02#alt4,4,bwd,151,500.0,3350.0,0.281,0.0
DK02_to_DB02#alt4,4,bwd,152,550.0,3300.0,0.3077,0.0
DK02_to_DB02#alt4,4,bwd,153,600.0,3250.0,0.3485,0.0
DK02_to_DB02#alt4,4,bwd,154,650.0,3200.0,0.3784,0.0
DK02_to_DB02#alt4,4,bwd,155,700.0,3150.0,0.4076,0.0
DK02_to_DB02#alt4,4,bwd,156,750.0,3100.0,0.4346,0.0
DK02_to_DB02#alt4,4,bwd,157,800.0,3050.0,0.4346,0.0
DK02_to_DB02#alt4,4,bwd,158,850.0,3000.0,0.4346,0.0
DK02_to_DB02#alt4,4,bwd,159,900.0,2950.0,0.4076,0.0
DK02_to_DB02#alt4,4,bwd,160,950.0,2900.0,0.3784,0.0
DK02_to_DB02#alt4,4,bwd,161,1000.0,2850.0,0.3485,0.0
DK02_to_DB02#alt4,4,bwd,162,1050.0,2800.0,0.3077,0.0
DK02_to_DB02#alt4,4,bwd,163,1100.0,2750.0,0.3006,0.0
DK02_to_DB02#alt4,4,bwd,164,1150.0,2716.67,0.3784,0.0
DK02_to_DB02#alt4,4,bwd,165,1200.0,2700.0,0.4346,0.0
DK02_to_DB02#alt4,4,bwd,166,1250.0,2700.0,0.4931,0.0
DK02_to_DB02#alt4,4,bwd,167,1300.0,2700.0,0.5483,0.0
DK02_to_DB02#alt4,4,bwd,168,1350.0,2700.0,0.6241,0.0
DK02_to_DB02#alt4,4,bwd,169,1400.0,2700.0,0.6889,0.0
DK02_to_DB02#alt4,4,bwd,170,1450.0,2700.0,0.7165,0.0
DK02_to_DB02#alt4,4,bwd,171,1500.0,2700.0,0.7165,0.0
DK02_to_DB02#alt4,4,bwd,172,1550.0,2700.0,0.7165,0.0
DK02_to_DB02#alt4,4,bwd,173,1600.0,2700.0,0.7165,0.0
DK02_to_DB02#alt4,4,bwd,174,1650.0,2683.33,0.6889,0.0
DK02_to_DB02#alt4,4,bwd,175,1700.0,2650.0,0.6889,0.0
DK02_to_DB02#alt4,4,bwd,176,1750.0,2600.0,0.6889,0.0
DK02_to_DB02#alt4,4,bwd,177,1783.33,2550.0,0.6889,0.0
DK02_to_DB02#alt4,4,bwd,178,1800.0,2500.0,0.7165,0.0
DK02_to_DB02#alt4,4,bwd,179,1800.0,2450.0,0.7165,0.0
DK02_to_DB02#alt4,4,bwd,180,1783.33,2400.0,0.6889,0.0
DK02_to_DB02#alt4,4,bwd,181,1766.67,2350.0,0.7165,0.0
DK02_to_DB02#alt4,4,bwd,182,1733.33,2300.0,0.6889,0.0
DK02_to_DB02#alt4,4,bwd,183,1733.33,2250.0,0.6241,0.0
DK02_to_DB02#alt4,4,bwd,184,1750.0,2200.0,0.5483,0.0
DK02_to_DB02#alt4,4,bwd,185,1783.33,2150.0,0.5134,0.0
DK02_to_DB02#alt4,4,bwd,186,1800.0,2100.0,0.5134,0.0
DK02_to_DB02#alt4,4,bwd,187,1800.0,2050.0,0.5134,0.0
DK02_to_DB02#alt4,4,bwd,188,1800.0,2000.0,0.5134,0.0
DK02_to_DB02#alt4,4,bwd,189,1800.0,1950.0,0.5134,0.0
DK02_to_DB02#alt4,4,bwd,190,1816.67,1900.0,0.503,0.0
DK02_to_DB02#alt4,4,bwd,191,1850.0,1850.0,0.5483,0.0
DK02_to_DB02#alt4,4,bwd,192,1883.33,1800.0,0.5903,0.0
DK02_to_DB02#alt4,4,bwd,193,1900.0,1750.0,0.5483,0.0
DK02_to_DB02#alt4,4,bwd,194,1900.0,1700.0,0.4931,0.0
DK02_to_DB02#alt4,4,bwd,195,1883.33,1650.0,0.4346,0.0
DK02_to_DB02#alt4,4,bwd,196,1850.0,1600.0,0.344,0.0
DK02_to_DB02#alt4,4,bwd,197,1816.67,1550.0,0.3269,0.0
DK02_to_DB02#alt4,4,bwd,198,1800.0,1500.0,0.3006,0.0
DK02_to_DB02#alt4,4,bwd,199,1800.0,1450.0,0.2721,0.0
DK02_to_DB02#alt4,4,bwd,200,1800.0,1400.0,0.2431,0.0
DK02_to_DB02#alt4,4,bwd,201,1800.0,1350.0,0.2151,0.0
DK02_to_DB02#alt4,4,bwd,202,1800.0,1300.0,0.1921,0.0
DK02_to_DB02#alt4,4,bwd,203,1800.0,1250.0,0.17,0.0
DK02_to_DB02#alt4,4,bwd,204,1800.0,1200.0,0.1517,0.0
DK02_to_DB02#alt4,4,bwd,205,1800.0,1150.0,0.1344,0.0
DK02_to_DB02#alt4,4,bwd,206,1800.0,1100.0,0.1183,0.0
DB02_to_DK02#alt5,5,fwd,0,1800.0,1100.0,0.1183,0.0
DB02_to_DK02#alt5,5,fwd,1,1850.0,1050.0,0.0936,0.0
DB02_to_DK02#alt5,5,fwd,2,1900.0,1000.0,0.074,0.0
DB02_to_DK02#alt5,5,fwd,3,1950.0,950.0,0.0677,0.0
DB02_to_DK02#alt5,5,fwd,4,2000.0,900.0,0.0612,0.0
DB02_to_DK02#alt5,5,fwd,5,2050.0,850.0,0.0544,0.0
DB02_to_DK02#alt5,5,fwd,6,2100.0,816.67,0.0568,0.0
DB02_to_DK02#alt5,5,fwd,7,2150.0,800.0,0.065,0.0
DB02_to_DK02#alt5,5,fwd,8,2200.0,800.0,0.074,0.0
DB02_to_DK02#alt5,5,fwd,9,2250.0,800.0,0.0839,0.0
DB02_to_DK02#alt5,5,fwd,10,2300.0,783.33,0.0947,0.0
DB02_to_DK02#alt5,5,fwd,11,2350.0,750.0,0.0947,0.0
DB02_to_DK02#alt5,5,fwd,12,2400.0,700.0,0.0936,0.0
DB02_to_DK02#alt5,5,fwd,13,2450.0,666.67,0.0904,0.0
DB02_to_DK02#alt5,5,fwd,14,2500.0,650.0,0.0987,0.0
DB02_to_DK02#alt5,5,fwd,15,2550.0,650.0,0.1069,0.0
DB02_to_DK02#alt5,5,fwd,16,2600.0,650.0,0.1146,0.0
DB02_to_DK02#alt5,5,fwd,17,2650.0,650.0,0.1215,0.0
DB02_to_DK02#alt5,5,fwd,18,2700.0,650.0,0.1335,0.0
DB02_to_DK02#alt5,5,fwd,19,2750.0,650.0,0.1551,0.0
DB02_to_DK02#alt5,5,fwd,20,2800.0,650.0,0.1798,0.0
DB02_to_DK02#alt5,5,fwd,21,2850.0,650.0,0.2076,0.0
DB02_to_DK02#alt5,5,fwd,22,2900.0,650.0,0.2384,0.0
DB02_to_DK02#alt5,5,fwd,23,2950.0,650.0,0.2721,0.0
DB02_to_DK02#alt5,5,fwd,24,3000.0,650.0,0.3077,0.0
DB02_to_DK02#alt5,5,fwd,25,3050.0,666.67,0.344,0.0
DB02_to_DK02#alt5,5,fwd,26,3100.0,700.0,0.344,0.0
DB02_to_DK02#alt5,5,fwd,27,3150.0,750.0,0.344,0.0
DB02_to_DK02#alt5,5,fwd,28,3200.0,783.33,0.344,0.0
DB02_to_DK02#alt5,5,fwd,29,3250.0,816.67,0.3895,0.0
DB02_to_DK02#alt5,5,fwd,30,3300.0,850.0,0.3895,0.0
DB02_to_DK02#alt5,5,fwd,31,3350.0,900.0,0.3895,0.0
DB02_to_DK02#alt5,5,fwd,32,3400.0,933.33,0.3784,0.0
DB02_to_DK02#alt5,5,fwd,33,3450.0,950.0,0.4076,0.0
DB02_to_DK02#alt5,5,fwd,34,3500.0,966.67,0.4346,0.0
DB02_to_DK02#alt5,5,fwd,35,3550.0,1000.0,0.4076,0.0
DB02_to_DK02#alt5,5,fwd,36,3600.0,1050.0,0.3628,0.0
DB02_to_DK02#alt5,5,fwd,37,3650.0,1100.0,0.3114,0.0
DB02_to_DK02#alt5,5,fwd,38,3700.0,1150.0,0.2636,0.0
DB02_to_DK02#alt5,5,fwd,39,3750.0,1200.0,0.2211,0.0
DB02_to_DK02#alt5,5,fwd,40,3800.0,1250.0,0.1827,0.0
DB02_to_DK02#alt5,5,fwd,41,3850.0,1300.0,0.1495,0.0
DB02_to_DK02#alt5,5,fwd,42,3900.0,1350.0,0.17,0.0
DB02_to_DK02#alt5,5,fwd,43,3950.0,1400.0,0.2151,0.0
DB02_to_DK02#alt5,5,fwd,44,4000.0,1450.0,0.2721,0.0
DB02_to_DK02#alt5,5,fwd,45,4033.33,1500.0,0.344,0.0
DB02_to_DK02#alt5,5,fwd,46,4050.0,1550.0,0.3895,0.0
DB02_to_DK02#alt5,5,fwd,47,4050.0,1600.0,0.4346,0.0
DB02_to_DK02#alt5,5,fwd,48,4050.0,1650.0,0.4746,0.0
DB02_to_DK02#alt5,5,fwd,49,4050.0,1700.0,0.503,0.0
DB02_to_DK02#alt5,5,fwd,50,4050.0,1750.0,0.5134,0.0
DB02_to_DK02#alt5,5,fwd,51,4050.0,1800.0,0.5134,0.0
DB02_to_DK02#alt5,5,fwd,52,4033.33,1850.0,0.503,0.0
DB02_to_DK02#alt5,5,fwd,53,4000.0,1900.0,0.4076,0.0
DB02_to_DK02#alt5,5,fwd,54,3966.67,1950.0,0.3269,0.0
DB02_to_DK02#alt5,5,fwd,55,3933.33,2000.0,0.3006,0.0
DB02_to_DK02#alt5,5,fwd,56,3900.0,2050.0,0.2384,0.0
DB02_to_DK02#alt5,5,fwd,57,3850.0,2100.0,0.1889,0.0
DB02_to_DK02#alt5,5,fwd,58,3800.0,2133.33,0.1551,0.0
DB02_to_DK02#alt5,5,fwd,59,3750.0,2150.0,0.1432,0.0
DK02_to_DB02#alt5,5,bwd,0,3750.0,2150.0,0.1432,0.0
DK02_to_DB02#alt5,5,bwd,1,3700.0,2200.0,0.1495,0.0
DK02_to_DB02#alt5,5,bwd,2,3650.0,2250.0,0.1517,0.0
DK02_to_DB02#alt5,5,bwd,3,3600.0,2300.0,0.1517,0.0
DK02_to_DB02#alt5,5,bwd,4,3550.0,2350.0,0.1495,0.0
DK02_to_DB02#alt5,5,bwd,5,3500.0,2400.0,0.1432,0.0
DK02_to_DB02#alt5,5,bwd,6,3450.0,2450.0,0.1599,0.0
DK02_to_DB02#alt5,5,bwd,7,3400.0,2500.0,0.1889,0.0
DK02_to_DB02#alt5,5,bwd,8,3350.0,2550.0,0.2231,0.0
DK02_to_DB02#alt5,5,bwd,9,3300.0,2566.67,0.2231,0.0
DK02_to_DB02#alt5,5,bwd,10,3250.0,2566.67,0.2231,0.0
DK02_to_DB02#alt5,5,bwd,11,3200.0,2550.0,0.2211,0.0
DK02_to_DB02#alt5,5,bwd,12,3150.0,2566.67,0.2252,0.0
DK02_to_DB02#alt5,5,bwd,13,3100.0,2566.67,0.2609,0.0
DK02_to_DB02#alt5,5,bwd,14,3050.0,2566.67,0.3006,0.0
DK02_to_DB02#alt5,5,bwd,15,3000.0,2550.0,0.344,0.0
DK02_to_DB02#alt5,5,bwd,16,2950.0,2566.67,0.3895,0.0
DK02_to_DB02#alt5,5,bwd,17,2900.0,2566.67,0.4346,0.0
DK02_to_DB02#alt5,5,bwd,18,2850.0,2550.0,0.4931,0.0
DK02_to_DB02#alt5,5,bwd,19,2800.0,2533.33,0.5483,0.0
DK02_to_DB02#alt5,5,bwd,20,2750.0,2550.0,0.6241,0.0
DK02_to_DB02#alt5,5,bwd,21,2700.0,2600.0,0.5903,0.0
DK02_to_DB02#alt5,5,bwd,22,2650.0,2650.0,0.6065,0.0
DK02_to_DB02#alt5,5,bwd,23,2616.67,2700.0,0.7165,0.0
DK02_to_DB02#alt5,5,bwd,24,2583.33,2750.0,0.6889,0.0
DK02_to_DB02#alt5,5,bwd,25,2550.0,2800.0,0.6889,0.0
DK02_to_DB02#alt5,5,bwd,26,2500.0,2850.0,0.6889,0.0
DK02_to_DB02#alt5,5,bwd,27,2450.0,2866.67,0.7165,0.0
DK02_to_DB02#alt5,5,bwd,28,2400.0,2900.0,0.6065,0.0
DK02_to_DB02#alt5,5,bwd,29,2366.67,2950.0,0.7165,0.0
DK02_to_DB02#alt5,5,bwd,30,2350.0,3000.0,0.6889,0.0
DK02_to_DB02#alt5,5,bwd,31,2300.0,3050.0,0.7165,0.0
DK02_to_DB02#alt5,5,bwd,32,2283.33,3100.0,0.6889,0.0
DK02_to_DB02#alt5,5,bwd,33,2266.67,3150.0,0.6889,0.0
DK02_to_DB02#alt5,5,bwd,34,2250.0,3200.0,0.6241,0.0
DK02_to_DB02#alt5,5,bwd,35,2250.0,3250.0,0.6889,0.0
DK02_to_DB02#alt5,5,bwd,36,2250.0,3300.0,0.7165,0.0
DK02_to_DB02#alt5,5,bwd,37,2250.0,3350.0,0.7165,0.0
DK02_to_DB02#alt5,5,bwd,38,2250.0,3400.0,0.7165,0.0
DK02_to_DB02#alt5,5,bwd,39,2250.0,3450.0,0.7165,0.0
DK02_to_DB02#alt5,5,bwd,40,2250.0,3500.0,0.7165,0.0
DK02_to_DB02#alt5,5,bwd,41,2233.33,3550.0,0.6889,0.0
DK02_to_DB02#alt5,5,bwd,42,2200.0,3600.0,0.6889,0.0
DK02_to_DB02#alt5,5,bwd,43,2150.0,3650.0,0.6889,0.0
DK02_to_DB02#alt5,5,bwd,44,2100.0,3700.0,0.6889,0.0
DK02_to_DB02#alt5,5,bwd,45,2050.0,3700.0,0.7165,0.0
DK02_to_DB02#alt5,5,bwd,46,2000.0,3700.0,0.7165,0.0
DK02_to_DB02#alt5,5,bwd,47,1950.0,3700.0,0.7165,0.0
DK02_to_DB02#alt5,5,bwd,48,1900.0,3700.0,0.7165,0.0
DK02_to_DB02#alt5,5,bwd,49,1850.0,3700.0,0.7165,0.0
DK02_to_DB02#alt5,5,bwd,50,1800.0,3716.67,0.6889,0.0
DK02_to_DB02#alt5,5,bwd,51,1750.0,3750.0,0.5483,0.0
DK02_to_DB02#alt5,5,bwd,52,1700.0,3800.0,0.5903,0.0
DK02_to_DB02#alt5,5,bwd,53,1650.0,3850.0,0.6241,0.0
DK02_to_DB02#alt5,5,bwd,54,1600.0,3900.0,0.6889,0.0
DK02_to_DB02#alt5,5,bwd,55,1550.0,3950.0,0.6889,0.0
DK02_to_DB02#alt5,5,bwd,56,1500.0,4000.0,0.6889,0.0
DK02_to_DB02#alt5,5,bwd,57,1450.0,4033.33,0.7165,0.0
DK02_to_DB02#alt5,5,bwd,58,1400.0,4050.0,0.7165,0.0
DK02_to_DB02#alt5,5,bwd,59,1350.0,4050.0,0.7165,0.0
DK02_to_DB02#alt5,5,bwd,60,1300.0,4050.0,0.7165,0.0
DK02_to_DB02#alt5,5,bwd,61,1250.0,4066.67,0.6889,0.0
DK02_to_DB02#alt5,5,bwd,62,1200.0,4083.33,0.6889,0.0
DK02_to_DB02#alt5,5,bwd,63,1150.0,4100.0,0.6241,0.0
DK02_to_DB02#alt5,5,bwd,64,1100.0,4083.33,0.5483,0.0
DK02_to_DB02#alt5,5,bwd,65,1050.0,4066.67,0.503,0.0
DK02_to_DB02#alt5,5,bwd,66,1000.0,4050.0,0.4746,0.0
DK02_to_DB02#alt5,5,bwd,67,950.0,4033.33,0.503,0.0
DK02_to_DB02#alt5,5,bwd,68,900.0,4000.0,0.4746,0.0
DK02_to_DB02#alt5,5,bwd,69,850.0,3950.0,0.4931,0.0
DK02_to_DB02#alt5,5,bwd,70,800.0,3900.0,0.4931,0.0
DK02_to_DB02#alt5,5,bwd,71,750.0,3850.0,0.4746,0.0
DK02_to_DB02#alt5,5,bwd,72,700.0,3800.0,0.4346,0.0
DK02_to_DB02#alt5,5,bwd,73,666.67,3750.0,0.4076,0.0
DK02_to_DB02#alt5,5,bwd,74,650.0,3700.0,0.4275,0.0
DK02_to_DB02#alt5,5,bwd,75,633.33,3650.0,0.4346,0.0
DK02_to_DB02#alt5,5,bwd,76,616.67,3600.0,0.4076,0.0
DK02_to_DB02#alt5,5,bwd,77,600.0,3550.0,0.4275,0.0
DK02_to_DB02#alt5,5,bwd,78,600.0,3500.0,0.4346,0.0
DK02_to_DB02#alt5,5,bwd,79,600.0,3450.0,0.4275,0.0
DK02_to_DB02#alt5,5,bwd,80,600.0,3400.0,0.4076,0.0
DK02_to_DB02#alt5,5,bwd,81,600.0,3350.0,0.3784,0.0
DK02_to_DB02#alt5,5,bwd,82,616.67,3300.0,0.3628,0.0
DK02_to_DB02#alt5,5,bwd,83,633.33,3250.0,0.4076,0.0
DK02_to_DB02#alt5,5,bwd,84,650.0,3200.0,0.3784,0.0
DK02_to_DB02#alt5,5,bwd,85,633.33,3150.0,0.3485,0.0
DK02_to_DB02#alt5,5,bwd,86,616.67,3100.0,0.281,0.0
DK02_to_DB02#alt5,5,bwd,87,600.0,3050.0,0.2609,0.0
DK02_to_DB02#alt5,5,bwd,88,600.0,3000.0,0.2384,0.0
DK02_to_DB02#alt5,5,bwd,89,616.67,2950.0,0.2151,0.0
DK02_to_DB02#alt5,5,bwd,90,650.0,2900.0,0.2151,0.0
DK02_to_DB02#alt5,5,bwd,91,700.0,2850.0,0.2151,0.0
DK02_to_DB02#alt5,5,bwd,92,750.0,2800.0,0.2076,0.0
DK02_to_DB02#alt5,5,bwd,93,800.0,2750.0,0.1937,0.0
DK02_to_DB02#alt5,5,bwd,94,850.0,2700.0,0.1798,0.0
DK02_to_DB02#alt5,5,bwd,95,900.0,2650.0,0.1827,0.0
DK02_to_DB02#alt5,5,bwd,96,950.0,2600.0,0.2211,0.0
DK02_to_DB02#alt5,5,bwd,97,1000.0,2550.0,0.2636,0.0
DK02_to_DB02#alt5,5,bwd,98,1050.0,2500.0,0.3114,0.0
DK02_to_DB02#alt5,5,bwd,99,1083.33,2450.0,0.3679,0.0
DK02_to_DB02#alt5,5,bwd,100,1100.0,2400.0,0.3679,0.0
DK02_to_DB02#alt5,5,bwd,101,1116.67,2350.0,0.3628,0.0
DK02_to_DB02#alt5,5,bwd,102,1150.0,2300.0,0.4076,0.0
DK02_to_DB02#alt5,5,bwd,103,1200.0,2250.0,0.4346,0.0
DK02_to_DB02#alt5,5,bwd,104,1250.0,2200.0,0.4346,0.0
DK02_to_DB02#alt5,5,bwd,105,1300.0,2150.0,0.5134,0.0
DK02_to_DB02#alt5,5,bwd,106,1350.0,2100.0,0.6065,0.0
DK02_to_DB02#alt5,5,bwd,107,1400.0,2066.67,0.7165,0.0
DK02_to_DB02#alt5,5,bwd,108,1450.0,2033.33,0.6889,0.0
DK02_to_DB02#alt5,5,bwd,109,1500.0,2000.0,0.6889,0.0
DK02_to_DB02#alt5,5,bwd,110,1550.0,1950.0,0.6889,0.0
DK02_to_DB02#alt5,5,bwd,111,1583.33,1900.0,0.6241,0.0
DK02_to_DB02#alt5,5,bwd,112,1600.0,1850.0,0.6889,0.0
DK02_to_DB02#alt5,5,bwd,113,1600.0,1800.0,0.7165,0.0
DK02_to_DB02#alt5,5,bwd,114,1616.67,1750.0,0.7165,0.0
DK02_to_DB02#alt5,5,bwd,115,1650.0,1700.0,0.6065,0.0
DK02_to_DB02#alt5,5,bwd,116,1683.33,1650.0,0.503,0.0
DK02_to_DB02#alt5,5,bwd,117,1700.0,1600.0,0.4746,0.0
DK02_to_DB02#alt5,5,bwd,118,1700.0,1550.0,0.4346,0.0
DK02_to_DB02#alt5,5,bwd,119,1716.67,1500.0,0.3895,0.0
DK02_to_DB02#alt5,5,bwd,120,1750.0,1450.0,0.3077,0.0
DK02_to_DB02#alt5,5,bwd,121,1783.33,1400.0,0.2431,0.0
DK02_to_DB02#alt5,5,bwd,122,1800.0,1350.0,0.2151,0.0
DK02_to_DB02#alt5,5,bwd,123,1800.0,1300.0,0.1921,0.0
DK02_to_DB02#alt5,5,bwd,124,1800.0,1250.0,0.17,0.0
DK02_to_DB02#alt5,5,bwd,125,1800.0,1200.0,0.1517,0.0
DK02_to_DB02#alt5,5,bwd,126,1800.0,1150.0,0.1344,0.0
DK02_to_DB02#alt5,5,bwd,127,1800.0,1100.0,0.1183,0.0
DK06_to_DK03#alt0,0,fwd,0,3600.0,1200.0,0.2211,0.0
DK06_to_DK03#alt0,0,fwd,1,3550.0,1166.67,0.253,0.0
DK06_to_DK03#alt0,0,fwd,2,3500.0,1150.0,0.2407,0.0
DK06_to_DK03#alt0,0,fwd,3,3450.0,1150.0,0.2252,0.0
DK06_to_DK03#alt0,0,fwd,4,3400.0,1150.0,0.2076,0.0
DK06_to_DK03#alt0,0,fwd,5,3350.0,1150.0,0.2407,0.0
DK06_to_DK03#alt0,0,fwd,6,3300.0,1150.0,0.281,0.0
DK06_to_DK03#alt0,0,fwd,7,3250.0,1150.0,0.3269,0.0
DK06_to_DK03#alt0,0,fwd,8,3200.0,1150.0,0.3784,0.0
DK06_to_DK03#alt0,0,fwd,9,3150.0,1150.0,0.4346,0.0
DK06_to_DK03#alt0,0,fwd,10,3100.0,1150.0,0.4931,0.0
DK06_to_DK03#alt0,0,fwd,11,3050.0,1150.0,0.5483,0.0
DK06_to_DK03#alt0,0,fwd,12,3000.0,1150.0,0.6241,0.0
DK06_to_DK03#alt0,0,fwd,13,2950.0,1150.0,0.6889,0.0
DK06_to_DK03#alt0,0,fwd,14,2900.0,1150.0,0.7165,0.0
DK06_to_DK03#alt0,0,fwd,15,2850.0,1150.0,0.7165,0.0
DK06_to_DK03#alt0,0,fwd,16,2800.0,1150.0,0.6889,0.0
DK06_to_DK03#alt0,0,fwd,17,2750.0,1200.0,0.6889,0.0
DK06_to_DK03#alt0,0,fwd,18,2700.0,1250.0,0.6889,0.0
DK06_to_DK03#alt0,0,fwd,19,2650.0,1300.0,0.6065,0.0
DK06_to_DK03#alt0,0,fwd,20,2600.0,1350.0,0.5134,0.0
DK06_to_DK03#alt0,0,fwd,21,2550.0,1400.0,0.4346,0.0
DK06_to_DK03#alt0,0,fwd,22,2500.0,1450.0,0.4346,0.0
DK06_to_DK03#alt0,0,fwd,23,2450.0,1500.0,0.5134,0.0
DK06_to_DK03#alt0,0,fwd,24,2400.0,1550.0,0.6065,0.0
DK06_to_DK03#alt0,0,fwd,25,2350.0,1583.33,0.7165,0.0
DK06_to_DK03#alt0,0,fwd,26,2300.0,1600.0,0.7165,0.0
DK06_to_DK03#alt0,0,fwd,27,2250.0,1600.0,0.7165,0.0
DK06_to_DK03#alt0,0,fwd,28,2200.0,1616.67,0.6889,0.0
DK06_to_DK03#alt0,0,fwd,29,2150.0,1633.33,0.7165,0.0
DK06_to_DK03#alt0,0,fwd,30,2100.0,1666.67,0.6889,0.0
DK06_to_DK03#alt0,0,fwd,31,2050.0,1683.33,0.6889,0.0
DK06_to_DK03#alt0,0,fwd,32,2000.0,1700.0,0.6241,0.0
DK06_to_DK03#alt0,0,fwd,33,1950.0,1716.67,0.5483,0.0
DK06_to_DK03#alt0,0,fwd,34,1900.0,1733.33,0.5483,0.0
DK06_to_DK03#alt0,0,fwd,35,1850.0,1733.33,0.4746,0.0
DK06_to_DK03#alt0,0,fwd,36,1800.0,1700.0,0.3784,0.0
DK06_to_DK03#alt0,0,fwd,37,1750.0,1650.0,0.4275,0.0
DK06_to_DK03#alt0,0,fwd,38,1700.0,1600.0,0.4746,0.0
DK06_to_DK03#alt0,0,fwd,39,1650.0,1550.0,0.4931,0.0
DK06_to_DK03#alt0,0,fwd,40,1600.0,1516.67,0.4931,0.0
DK06_to_DK03#alt0,0,fwd,41,1550.0,1500.0,0.5483,0.0
DK06_to_DK03#alt0,0,fwd,42,1500.0,1483.33,0.6241,0.0
DK06_to_DK03#alt0,0,fwd,43,1450.0,1466.67,0.5903,0.0
DK06_to_DK03#alt0,0,fwd,44,1400.0,1450.0,0.6065,0.0
DK06_to_DK03#alt0,0,fwd,45,1350.0,1466.67,0.6065,0.0
DK06_to_DK03#alt0,0,fwd,46,1300.0,1483.33,0.7165,0.0
DK06_to_DK03#alt0,0,fwd,47,1250.0,1483.33,0.7165,0.0
DK06_to_DK03#alt0,0,fwd,48,1200.0,1466.67,0.5903,0.0
DK06_to_DK03#alt0,0,fwd,49,1150.0,1450.0,0.6241,0.0
DK06_to_DK03#alt0,0,fwd,50,1100.0,1433.33,0.6889,0.0
DK06_to_DK03#alt0,0,fwd,51,1066.67,1400.0,0.6065,0.0
DK06_to_DK03#alt0,0,fwd,52,1050.0,1350.0,0.5134,0.0
DK06_to_DK03#alt0,0,fwd,53,1050.0,1300.0,0.4346,0.0
DK06_to_DK03#alt0,0,fwd,54,1050.0,1250.0,0.3679,0.0
DK03_to_DK06#alt0,0,bwd,0,1050.0,1250.0,0.3679,0.0
DK03_to_DK06#alt0,0,bwd,1,1000.0,1300.0,0.4346,0.0
DK03_to_DK06#alt0,0,bwd,2,950.0,1350.0,0.5134,0.0
DK03_to_DK06#alt0,0,bwd,3,900.0,1400.0,0.5903,0.0
DK03_to_DK06#alt0,0,bwd,4,850.0,1450.0,0.6241,0.0
DK03_to_DK06#alt0,0,bwd,5,816.67,1500.0,0.5903,0.0
DK03_to_DK06#alt0,0,bwd,6,783.33,1550.0,0.6241,0.0
DK03_to_DK06#alt0,0,bwd,7,783.33,1600.0,0.6889,0.0
DK03_to_DK06#alt0,0,bwd,8,783.33,1650.0,0.7165,0.0
DK03_to_DK06#alt0,0,bwd,9,800.0,1700.0,0.6889,0.0
DK03_to_DK06#alt0,0,bwd,10,800.0,1750.0,0.6241,0.0
DK03_to_DK06#alt0,0,bwd,11,800.0,1800.0,0.5483,0.0
DK03_to_DK06#alt0,0,bwd,12,800.0,1850.0,0.4931,0.0
DK03_to_DK06#alt0,0,bwd,13,800.0,1900.0,0.4346,0.0
DK03_to_DK06#alt0,0,bwd,14,800.0,1950.0,0.3895,0.0
DK03_to_DK06#alt0,0,bwd,15,800.0,2000.0,0.344,0.0
DK03_to_DK06#alt0,0,bwd,16,800.0,2050.0,0.3006,0.0
DK03_to_DK06#alt0,0,bwd,17,783.33,2100.0,0.2609,0.0
DK03_to_DK06#alt0,0,bwd,18,750.0,2150.0,0.2076,0.0
DK03_to_DK06#alt0,0,bwd,19,716.67,2200.0,0.1648,0.0
DK03_to_DK06#alt0,0,bwd,20,700.0,2250.0,0.1432,0.0
DK03_to_DK06#alt0,0,bwd,21,683.33,2300.0,0.1239,0.0
DK03_to_DK06#alt0,0,bwd,22,650.0,2350.0,0.0987,0.0
DK03_to_DK06#alt0,0,bwd,23,600.0,2400.0,0.0785,0.0
DK03_to_DK06#alt0,0,bwd,24,550.0,2450.0,0.0624,0.0
DK03_to_DK06#alt0,0,bwd,25,500.0,2500.0,0.0568,0.0
DK03_to_DK06#alt0,0,bwd,26,450.0,2550.0,0.0585,0.0
DK03_to_DK06#alt0,0,bwd,27,400.0,2600.0,0.0591,0.0
DK03_to_DK06#alt0,0,bwd,28,350.0,2650.0,0.0591,0.0
DK03_to_DK06#alt0,0,bwd,29,300.0,2700.0,0.0585,0.0
DK03_to_DK06#alt0,0,bwd,30,266.67,2750.0,0.0568,0.0
DK03_to_DK06#alt0,0,bwd,31,250.0,2800.0,0.0624,0.0
DK03_to_DK06#alt0,0,bwd,32,233.33,2850.0,0.0681,0.0
DK03_to_DK06#alt0,0,bwd,33,200.0,2900.0,0.0634,0.0
DK03_to_DK06#alt0,0,bwd,34,166.67,2950.0,0.0588,0.0
DK03_to_DK06#alt0,0,bwd,35,150.0,3000.0,0.0634,0.0
DK03_to_DK06#alt0,0,bwd,36,150.0,3050.0,0.0677,0.0
DK03_to_DK06#alt0,0,bwd,37,166.67,3100.0,0.0717,0.0
DK03_to_DK06#alt0,0,bwd,38,200.0,3150.0,0.0883,0.0
DK03_to_DK06#alt0,0,bwd,39,233.33,3200.0,0.1082,0.0
DK03_to_DK06#alt0,0,bwd,40,250.0,3250.0,0.1146,0.0
DK03_to_DK06#alt0,0,bwd,41,250.0,3300.0,0.1215,0.0
DK03_to_DK06#alt0,0,bwd,42,250.0,3350.0,0.1273,0.0
DK03_to_DK06#alt0,0,bwd,43,250.0,3400.0,0.1317,0.0
DK03_to_DK06#alt0,0,bwd,44,266.67,3450.0,0.1344,0.0
DK03_to_DK06#alt0,0,bwd,45,300.0,3500.0,0.1599,0.0
DK03_to_DK06#alt0,0,bwd,46,350.0,3550.0,0.1873,0.0
DK03_to_DK06#alt0,0,bwd,47,383.33,3600.0,0.2151,0.0
DK03_to_DK06#alt0,0,bwd,48,416.67,3650.0,0.2057,0.0
DK03_to_DK06#alt0,0,bwd,49,450.0,3700.0,0.2252,0.0
DK03_to_DK06#alt0,0,bwd,50,500.0,3750.0,0.253,0.0
DK03_to_DK06#alt0,0,bwd,51,550.0,3800.0,0.281,0.0
DK03_to_DK06#alt0,0,bwd,52,600.0,3850.0,0.3006,0.0
DK03_to_DK06#alt0,0,bwd,53,650.0,3900.0,0.3269,0.0
DK03_to_DK06#alt0,0,bwd,54,700.0,3950.0,0.344,0.0
DK03_to_DK06#alt0,0,bwd,55,750.0,4000.0,0.3784,0.0
DK03_to_DK06#alt0,0,bwd,56,800.0,4050.0,0.4746,0.0
DK03_to_DK06#alt0,0,bwd,57,850.0,4100.0,0.5903,0.0
DK03_to_DK06#alt0,0,bwd,58,900.0,4133.33,0.7165,0.0
DK03_to_DK06#alt0,0,bwd,59,950.0,4166.67,0.6889,0.0
DK03_to_DK06#alt0,0,bwd,60,1000.0,4200.0,0.6889,0.0
DK03_to_DK06#alt0,0,bwd,61,1050.0,4250.0,0.6889,0.0
DK03_to_DK06#alt0,0,bwd,62,1083.33,4300.0,0.7165,0.0
DK03_to_DK06#alt0,0,bwd,63,1100.0,4350.0,0.7165,0.0
DK03_to_DK06#alt0,0,bwd,64,1116.67,4400.0,0.6889,0.0
DK03_to_DK06#alt0,0,bwd,65,1133.33,4450.0,0.7165,0.0
DK03_to_DK06#alt0,0,bwd,66,1150.0,4500.0,0.6889,0.0
DK03_to_DK06#alt0,0,bwd,67,1200.0,4550.0,0.6889,0.0
DK03_to_DK06#alt0,0,bwd,68,1250.0,4600.0,0.6065,0.0
DK03_to_DK06#alt0,0,bwd,69,1300.0,4650.0,0.5134,0.0
DK03_to_DK06#alt0,0,bwd,70,1350.0,4700.0,0.4346,0.0
DK03_to_DK06#alt0,0,bwd,71,1400.0,4750.0,0.3679,0.0
DK03_to_DK06#alt0,0,bwd,72,1450.0,4800.0,0.3114,0.0
DK03_to_DK06#alt0,0,bwd,73,1500.0,4833.33,0.281,0.0
DK03_to_DK06#alt0,0,bwd,74,1550.0,4850.0,0.3269,0.0
DK03_to_DK06#alt0,0,bwd,75,1600.0,4866.67,0.3784,0.0
DK03_to_DK06#alt0,0,bwd,76,1650.0,4900.0,0.3895,0.0
DK03_to_DK06#alt0,0,bwd,77,1700.0,4933.33,0.3895,0.0
DK03_to_DK06#alt0,0,bwd,78,1750.0,4950.0,0.4346,0.0
DK03_to_DK06#alt0,0,bwd,79,1800.0,4950.0,0.4931,0.0
DK03_to_DK06#alt0,0,bwd,80,1850.0,4950.0,0.5483,0.0
DK03_to_DK06#alt0,0,bwd,81,1900.0,4950.0,0.6241,0.0
DK03_to_DK06#alt0,0,bwd,82,1950.0,4950.0,0.6889,0.0
DK03_to_DK06#alt0,0,bwd,83,2000.0,4950.0,0.7165,0.0
DK03_to_DK06#alt0,0,bwd,84,2050.0,4950.0,0.7165,0.0
DK03_to_DK06#alt0,0,bwd,85,2100.0,4950.0,0.6889,0.0
DK03_to_DK06#alt0,0,bwd,86,2150.0,4900.0,0.7165,0.0
DK03_to_DK06#alt0,0,bwd,87,2200.0,4900.0,0.6889,0.0
DK03_to_DK06#alt0,0,bwd,88,2250.0,4850.0,0.6889,0.0
DK03_to_DK06#alt0,0,bwd,89,2300.0,4800.0,0.6889,0.0
DK03_to_DK06#alt0,0,bwd,90,2350.0,4750.0,0.6065,0.0
DK03_to_DK06#alt0,0,bwd,91,2400.0,4700.0,0.5134,0.0
DK03_to_DK06#alt0,0,bwd,92,2450.0,4666.67,0.4346,0.0
DK03_to_DK06#alt0,0,bwd,93,2500.0,4650.0,0.3679,0.0
DK03_to_DK06#alt0,0,bwd,94,2550.0,4650.0,0.3114,0.0
DK03_to_DK06#alt0,0,bwd,95,2600.0,4650.0,0.3077,0.0
DK03_to_DK06#alt0,0,bwd,96,2650.0,4650.0,0.344,0.0
DK03_to_DK06#alt0,0,bwd,97,2700.0,4650.0,0.3784,0.0
DK03_to_DK06#alt0,0,bwd,98,2750.0,4666.67,0.4076,0.0
DK03_to_DK06#alt0,0,bwd,99,2800.0,4700.0,0.3784,0.0
DK03_to_DK06#alt0,0,bwd,100,2850.0,4750.0,0.3485,0.0
DK03_to_DK06#alt0,0,bwd,101,2900.0,4800.0,0.3077,0.0
DK03_to_DK06#alt0,0,bwd,102,2950.0,4850.0,0.2636,0.0
DK03_to_DK06#alt0,0,bwd,103,3000.0,4900.0,0.2231,0.0
DK03_to_DK06#alt0,0,bwd,104,3050.0,4933.33,0.1889,0.0
DK03_to_DK06#alt0,0,bwd,105,3100.0,4933.33,0.1873,0.0
DK03_to_DK06#alt0,0,bwd,106,3150.0,4916.67,0.2151,0.0
DK03_to_DK06#alt0,0,bwd,107,3200.0,4900.0,0.2057,0.0
DK03_to_DK06#alt0,0,bwd,108,3250.0,4900.0,0.1937,0.0
DK03_to_DK06#alt0,0,bwd,109,3300.0,4900.0,0.1798,0.0
DK03_to_DK06#alt0,0,bwd,110,3350.0,4900.0,0.1661,0.0
DK03_to_DK06#alt0,0,bwd,111,3400.0,4900.0,0.1551,0.0
DK03_to_DK06#alt0,0,bwd,112,3450.0,4900.0,0.1827,0.0
DK03_to_DK06#alt0,0,bwd,113,3500.0,4900.0,0.2151,0.0
DK03_to_DK06#alt0,0,bwd,114,3550.0,4900.0,0.253,0.0
DK03_to_DK06#alt0,0,bwd,115,3600.0,4900.0,0.2972,0.0
DK03_to_DK06#alt0,0,bwd,116,3650.0,4900.0,0.3485,0.0
DK03_to_DK06#alt0,0,bwd,117,3700.0,4900.0,0.4076,0.0
DK03_to_DK06#alt0,0,bwd,118,3750.0,4900.0,0.4746,0.0
DK03_to_DK06#alt0,0,bwd,119,3800.0,4900.0,0.5483,0.0
DK03_to_DK06#alt0,0,bwd,120,3850.0,4900.0,0.6241,0.0
DK03_to_DK06#alt0,0,bwd,121,3900.0,4900.0,0.6889,0.0
DK03_to_DK06#alt0,0,bwd,122,3950.0,4900.0,0.7165,0.0
DK03_to_DK06#alt0,0,bwd,123,4000.0,4900.0,0.7165,0.0
DK03_to_DK06#alt0,0,bwd,124,4050.0,4883.33,0.6889,0.0
DK03_to_DK06#alt0,0,bwd,125,4100.0,4850.0,0.6889,0.0
DK03_to_DK06#alt0,0,bwd,126,4150.0,4800.0,0.6065,0.0
DK03_to_DK06#alt0,0,bwd,127,4200.0,4750.0,0.5134,0.0
DK03_to_DK06#alt0,0,bwd,128,4250.0,4700.0,0.4275,0.0
DK03_to_DK06#alt0,0,bwd,129,4300.0,4650.0,0.3485,0.0
DK03_to_DK06#alt0,0,bwd,130,4350.0,4600.0,0.281,0.0
DK03_to_DK06#alt0,0,bwd,131,4400.0,4550.0,0.2252,0.0
DK03_to_DK06#alt0,0,bwd,132,4450.0,4500.0,0.1798,0.0
DK03_to_DK06#alt0,0,bwd,133,4500.0,4450.0,0.1432,0.0
DK03_to_DK06#alt0,0,bwd,134,4550.0,4400.0,0.1138,0.0
DK03_to_DK06#alt0,0,bwd,135,4583.33,4350.0,0.0904,0.0
DK03_to_DK06#alt0,0,bwd,136,4600.0,4300.0,0.0821,0.0
DK03_to_DK06#alt0,0,bwd,137,4600.0,4250.0,0.0785,0.0
DK03_to_DK06#alt0,0,bwd,138,4600.0,4200.0,0.0854,0.0
DK03_to_DK06#alt0,0,bwd,139,4600.0,4150.0,0.092,0.0
DK03_to_DK06#alt0,0,bwd,140,4600.0,4100.0,0.0981,0.0
DK03_to_DK06#alt0,0,bwd,141,4600.0,4050.0,0.1036,0.0
DK03_to_DK06#alt0,0,bwd,142,4600.0,4000.0,0.1082,0.0
DK03_to_DK06#alt0,0,bwd,143,4600.0,3950.0,0.1117,0.0
DK03_to_DK06#alt0,0,bwd,144,4600.0,3900.0,0.1138,0.0
DK03_to_DK06#alt0,0,bwd,145,4600.0,3850.0,0.1146,0.0
DK03_to_DK06#alt0,0,bwd,146,4600.0,3800.0,0.1146,0.0
DK03_to_DK06#alt0,0,bwd,147,4600.0,3750.0,0.1239,0.0
DK03_to_DK06#alt0,0,bwd,148,4600.0,3700.0,0.1335,0.0
DK03_to_DK06#alt0,0,bwd,149,4616.67,3650.0,0.1422,0.0
DK03_to_DK06#alt0,0,bwd,150,4633.33,3600.0,0.1273,0.0
DK03_to_DK06#alt0,0,bwd,151,4666.67,3550.0,0.1317,0.0
DK03_to_DK06#alt0,0,bwd,152,4683.33,3500.0,0.1138,0.0
DK03_to_DK06#alt0,0,bwd,153,4700.0,3450.0,0.1146,0.0
DK03_to_DK06#alt0,0,bwd,154,4700.0,3400.0,0.1146,0.0
DK03_to_DK06#alt0,0,bwd,155,4700.0,3350.0,0.1199,0.0
DK03_to_DK06#alt0,0,bwd,156,4700.0,3300.0,0.1344,0.0
DK03_to_DK06#alt0,0,bwd,157,4700.0,3250.0,0.1495,0.0
DK03_to_DK06#alt0,0,bwd,158,4716.67,3200.0,0.1648,0.0
DK03_to_DK06#alt0,0,bwd,159,4750.0,3150.0,0.1551,0.0
DK03_to_DK06#alt0,0,bwd,160,4783.33,3100.0,0.1432,0.0
DK03_to_DK06#alt0,0,bwd,161,4816.67,3050.0,0.1551,0.0
DK03_to_DK06#alt0,0,bwd,162,4833.33,3000.0,0.1422,0.0
DK03_to_DK06#alt0,0,bwd,163,4866.67,2950.0,0.1495,0.0
DK03_to_DK06#alt0,0,bwd,164,4900.0,2900.0,0.1317,0.0
DK03_to_DK06#alt0,0,bwd,165,4933.33,2850.0,0.1138,0.0
DK03_to_DK06#alt0,0,bwd,166,4933.33,2800.0,0.1146,0.0
DK03_to_DK06#alt0,0,bwd,167,4900.0,2750.0,0.1344,0.0
DK03_to_DK06#alt0,0,bwd,168,4866.67,2700.0,0.1551,0.0
DK03_to_DK06#alt0,0,bwd,169,4850.0,2650.0,0.1495,0.0
DK03_to_DK06#alt0,0,bwd,170,4850.0,2600.0,0.1422,0.0
DK03_to_DK06#alt0,0,bwd,171,4850.0,2550.0,0.1335,0.0
DK03_to_DK06#alt0,0,bwd,172,4833.33,2500.0,0.1239,0.0
DK03_to_DK06#alt0,0,bwd,173,4800.0,2450.0,0.1335,0.0
DK03_to_DK06#alt0,0,bwd,174,4750.0,2400.0,0.1432,0.0
DK03_to_DK06#alt0,0,bwd,175,4700.0,2350.0,0.1495,0.0
DK03_to_DK06#alt0,0,bwd,176,4666.67,2300.0,0.1798,0.0
DK03_to_DK06#alt0,0,bwd,177,4666.67,2250.0,0.2076,0.0
DK03_to_DK06#alt0,0,bwd,178,4666.67,2200.0,0.2384,0.0
DK03_to_DK06#alt0,0,bwd,179,4666.67,2150.0,0.2721,0.0
DK03_to_DK06#alt0,0,bwd,180,4666.67,2100.0,0.3077,0.0
DK03_to_DK06#alt0,0,bwd,181,4666.67,2050.0,0.344,0.0
DK03_to_DK06#alt0,0,bwd,182,4666.67,2000.0,0.3895,0.0
DK03_to_DK06#alt0,0,bwd,183,4633.33,1950.0,0.4346,0.0
DK03_to_DK06#alt0,0,bwd,184,4600.0,1900.0,0.5483,0.0
DK03_to_DK06#alt0,0,bwd,185,4566.67,1850.0,0.6889,0.0
DK03_to_DK06#alt0,0,bwd,186,4550.0,1800.0,0.7165,0.0
DK03_to_DK06#alt0,0,bwd,187,4550.0,1750.0,0.7165,0.0
DK03_to_DK06#alt0,0,bwd,188,4550.0,1700.0,0.6889,0.0
DK03_to_DK06#alt0,0,bwd,189,4500.0,1650.0,0.6889,0.0
DK03_to_DK06#alt0,0,bwd,190,4450.0,1600.0,0.6889,0.0
DK03_to_DK06#alt0,0,bwd,191,4400.0,1550.0,0.6065,0.0
DK03_to_DK06#alt0,0,bwd,192,4350.0,1500.0,0.5134,0.0
DK03_to_DK06#alt0,0,bwd,193,4300.0,1450.0,0.4346,0.0
DK03_to_DK06#alt0,0,bwd,194,4250.0,1400.0,0.3628,0.0
DK03_to_DK06#alt0,0,bwd,195,4200.0,1350.0,0.2972,0.0
DK03_to_DK06#alt0,0,bwd,196,4150.0,1300.0,0.2407,0.0
DK03_to_DK06#alt0,0,bwd,197,4100.0,1250.0,0.1937,0.0
DK03_to_DK06#alt0,0,bwd,198,4050.0,1216.67,0.1551,0.0
DK03_to_DK06#alt0,0,bwd,199,4000.0,1200.0,0.1648,0.0
DK03_to_DK06#alt0,0,bwd,200,3950.0,1183.33,0.1798,0.0
DK03_to_DK06#alt0,0,bwd,201,3900.0,1183.33,0.1937,0.0
DK03_to_DK06#alt0,0,bwd,202,3850.0,1183.33,0.2057,0.0
DK03_to_DK06#alt0,0,bwd,203,3800.0,1200.0,0.2151,0.0
DK03_to_DK06#alt0,0,bwd,204,3750.0,1200.0,0.2211,0.0
DK03_to_DK06#alt0,0,bwd,205,3700.0,1200.0,0.2231,0.0
DK03_to_DK06#alt0,0,bwd,206,3650.0,1200.0,0.2231,0.0
DK03_to_DK06#alt0,0,bwd,207,3600.0,1200.0,0.2211,0.0
DK06_to_DK03#alt1,1,fwd,0,3600.0,1200.0,0.2211,0.0
DK06_to_DK03#alt1,1,fwd,1,3550.0,1150.0,0.253,0.0
DK06_to_DK03#alt1,1,fwd,2,3500.0,1100.0,0.281,0.0
DK06_to_DK03#alt1,1,fwd,3,3450.0,1050.0,0.3006,0.0
DK06_to_DK03#alt1,1,fwd,4,3400.0,1000.0,0.3269,0.0
DK06_to_DK03#alt1,1,fwd,5,3350.0,950.0,0.344,0.0
DK06_to_DK03#alt1,1,fwd,6,3300.0,900.0,0.344,0.0
DK06_to_DK03#alt1,1,fwd,7,3250.0,850.0,0.344,0.0
DK06_to_DK03#alt1,1,fwd,8,3200.0,800.0,0.344,0.0
DK06_to_DK03#alt1,1,fwd,9,3150.0,750.0,0.344,0.0
DK06_to_DK03#alt1,1,fwd,10,3100.0,700.0,0.344,0.0
DK06_to_DK03#alt1,1,fwd,11,3050.0,666.67,0.344,0.0
DK06_to_DK03#alt1,1,fwd,12,3000.0,650.0,0.3077,0.0
DK06_to_DK03#alt1,1,fwd,13,2950.0,650.0,0.2721,0.0
DK06_to_DK03#alt1,1,fwd,14,2900.0,650.0,0.2384,0.0
DK06_to_DK03#alt1,1,fwd,15,2850.0,650.0,0.2076,0.0
DK06_to_DK03#alt1,1,fwd,16,2800.0,650.0,0.1798,0.0
DK06_to_DK03#alt1,1,fwd,17,2750.0,650.0,0.1551,0.0
DK06_to_DK03#alt1,1,fwd,18,2700.0,650.0,0.1335,0.0
DK06_to_DK03#alt1,1,fwd,19,2650.0,650.0,0.1215,0.0
DK06_to_DK03#alt1,1,fwd,20,2600.0,650.0,0.1146,0.0
DK06_to_DK03#alt1,1,fwd,21,2550.0,650.0,0.1069,0.0
DK06_to_DK03#alt1,1,fwd,22,2500.0,650.0,0.0987,0.0
DK06_to_DK03#alt1,1,fwd,23,2450.0,650.0,0.0904,0.0
DK06_to_DK03#alt1,1,fwd,24,2400.0,650.0,0.0821,0.0
DK06_to_DK03#alt1,1,fwd,25,2350.0,666.67,0.074,0.0
DK06_to_DK03#alt1,1,fwd,26,2300.0,683.33,0.0748,0.0
DK06_to_DK03#alt1,1,fwd,27,2250.0,700.0,0.0663,0.0
DK06_to_DK03#alt1,1,fwd,28,2200.0,683.33,0.0591,0.0
DK06_to_DK03#alt1,1,fwd,29,2150.0,666.67,0.0467,0.0
DK06_to_DK03#alt1,1,fwd,30,2100.0,666.67,0.0414,0.0
DK06_to_DK03#alt1,1,fwd,31,2050.0,700.0,0.0407,0.0
DK06_to_DK03#alt1,1,fwd,32,2000.0,750.0,0.0393,0.0
DK06_to_DK03#alt1,1,fwd,33,1950.0,800.0,0.0423,0.0
DK06_to_DK03#alt1,1,fwd,34,1900.0,850.0,0.0496,0.0
DK06_to_DK03#alt1,1,fwd,35,1850.0,883.33,0.0624,0.0
DK06_to_DK03#alt1,1,fwd,36,1800.0,916.67,0.0681,0.0
DK06_to_DK03#alt1,1,fwd,37,1750.0,950.0,0.0854,0.0
DK06_to_DK03#alt1,1,fwd,38,1700.0,1000.0,0.1069,0.0
DK06_to_DK03#alt1,1,fwd,39,1650.0,1050.0,0.1335,0.0
DK06_to_DK03#alt1,1,fwd,40,1600.0,1100.0,0.1661,0.0
DK06_to_DK03#alt1,1,fwd,41,1550.0,1150.0,0.2057,0.0
DK06_to_DK03#alt1,1,fwd,42,1500.0,1200.0,0.253,0.0
DK06_to_DK03#alt1,1,fwd,43,1450.0,1233.33,0.3077,0.0
DK06_to_DK03#alt1,1,fwd,44,1400.0,1250.0,0.3114,0.0
DK06_to_DK03#alt1,1,fwd,45,1350.0,1250.0,0.3114,0.0
DK06_to_DK03#alt1,1,fwd,46,1300.0,1250.0,0.3114,0.0
DK06_to_DK03#alt1,1,fwd,47,1250.0,1250.0,0.3114,0.0
DK06_to_DK03#alt1,1,fwd,48,1200.0,1250.0,0.3269,0.0
DK06_to_DK03#alt1,1,fwd,49,1150.0,1250.0,0.3485,0.0
DK06_to_DK03#alt1,1,fwd,50,1100.0,1250.0,0.3628,0.0
DK06_to_DK03#alt1,1,fwd,51,1050.0,1250.0,0.3679,0.0
DK03_to_DK06#alt1,1,bwd,0,1050.0,1250.0,0.3679,0.0
DK03_to_DK06#alt1,1,bwd,1,1000.0,1300.0,0.4346,0.0
DK03_to_DK06#alt1,1,bwd,2,950.0,1350.0,0.5134,0.0
DK03_to_DK06#alt1,1,bwd,3,900.0,1400.0,0.5903,0.0
DK03_to_DK06#alt1,1,bwd,4,850.0,1450.0,0.6241,0.0
DK03_to_DK06#alt1,1,bwd,5,800.0,1500.0,0.5903,0.0
DK03_to_DK06#alt1,1,bwd,6,750.0,1550.0,0.5483,0.0
DK03_to_DK06#alt1,1,bwd,7,716.67,1600.0,0.503,0.0
DK03_to_DK06#alt1,1,bwd,8,700.0,1650.0,0.5134,0.0
DK03_to_DK06#alt1,1,bwd,9,700.0,1700.0,0.503,0.0
DK03_to_DK06#alt1,1,bwd,10,683.33,1750.0,0.4746,0.0
DK03_to_DK06#alt1,1,bwd,11,650.0,1800.0,0.3784,0.0
DK03_to_DK06#alt1,1,bwd,12,616.67,1850.0,0.3006,0.0
DK03_to_DK06#alt1,1,bwd,13,600.0,1900.0,0.2721,0.0
DK03_to_DK06#alt1,1,bwd,14,600.0,1950.0,0.2431,0.0
DK03_to_DK06#alt1,1,bwd,15,600.0,2000.0,0.2151,0.0
DK03_to_DK06#alt1,1,bwd,16,600.0,2050.0,0.1921,0.0
DK03_to_DK06#alt1,1,bwd,17,600.0,2100.0,0.17,0.0
DK03_to_DK06#alt1,1,bwd,18,600.0,2150.0,0.1517,0.0
DK03_to_DK06#alt1,1,bwd,19,616.67,2200.0,0.1344,0.0
DK03_to_DK06#alt1,1,bwd,20,650.0,2250.0,0.1308,0.0
DK03_to_DK06#alt1,1,bwd,21,700.0,2300.0,0.1239,0.0
DK03_to_DK06#alt1,1,bwd,22,733.33,2350.0,0.1199,0.0
DK03_to_DK06#alt1,1,bwd,23,766.67,2400.0,0.1146,0.0
DK03_to_DK06#alt1,1,bwd,24,766.67,2450.0,0.1146,0.0
DK03_to_DK06#alt1,1,bwd,25,766.67,2500.0,0.1146,0.0
DK03_to_DK06#alt1,1,bwd,26,750.0,2550.0,0.1146,0.0
DK03_to_DK06#alt1,1,bwd,27,733.33,2600.0,0.1146,0.0
DK03_to_DK06#alt1,1,bwd,28,716.67,2650.0,0.1239,0.0
DK03_to_DK06#alt1,1,bwd,29,716.67,2700.0,0.1432,0.0
DK03_to_DK06#alt1,1,bwd,30,733.33,2750.0,0.1798,0.0
DK03_to_DK06#alt1,1,bwd,31,750.0,2800.0,0.2076,0.0
DK03_to_DK06#alt1,1,bwd,32,766.67,2850.0,0.2384,0.0
DK03_to_DK06#alt1,1,bwd,33,766.67,2900.0,0.2721,0.0
DK03_to_DK06#alt1,1,bwd,34,750.0,2950.0,0.3077,0.0
DK03_to_DK06#alt1,1,bwd,35,733.33,3000.0,0.344,0.0
DK03_to_DK06#alt1,1,bwd,36,733.33,3050.0,0.3895,0.0
DK03_to_DK06#alt1,1,bwd,37,750.0,3100.0,0.4346,0.0
DK03_to_DK06#alt1,1,bwd,38,750.0,3150.0,0.4746,0.0
DK03_to_DK06#alt1,1,bwd,39,750.0,3200.0,0.503,0.0
DK03_to_DK06#alt1,1,bwd,40,750.0,3250.0,0.5483,0.0
DK03_to_DK06#alt1,1,bwd,41,750.0,3300.0,0.5903,0.0
DK03_to_DK06#alt1,1,bwd,42,750.0,3350.0,0.6065,0.0
DK03_to_DK06#alt1,1,bwd,43,750.0,3400.0,0.6241,0.0
DK03_to_DK06#alt1,1,bwd,44,750.0,3450.0,0.6889,0.0
DK03_to_DK06#alt1,1,bwd,45,750.0,3500.0,0.7165,0.0
DK03_to_DK06#alt1,1,bwd,46,766.67,3550.0,0.6889,0.0
DK03_to_DK06#alt1,1,bwd,47,783.33,3600.0,0.7165,0.0
DK03_to_DK06#alt1,1,bwd,48,800.0,3650.0,0.7165,0.0
DK03_to_DK06#alt1,1,bwd,49,816.67,3700.0,0.6889,0.0
DK03_to_DK06#alt1,1,bwd,50,833.33,3750.0,0.7165,0.0
DK03_to_DK06#alt1,1,bwd,51,850.0,3800.0,0.6889,0.0
DK03_to_DK06#alt1,1,bwd,52,900.0,3850.0,0.6889,0.0
DK03_to_DK06#alt1,1,bwd,53,950.0,3900.0,0.6889,0.0
DK03_to_DK06#alt1,1,bwd,54,1000.0,3933.33,0.6241,0.0
DK03_to_DK06#alt1,1,bwd,55,1050.0,3966.67,0.6889,0.0
DK03_to_DK06#alt1,1,bwd,56,1100.0,3983.33,0.6065,0.0
DK03_to_DK06#alt1,1,bwd,57,1150.0,4000.0,0.6241,0.0
DK03_to_DK06#alt1,1,bwd,58,1200.0,4000.0,0.6889,0.0
DK03_to_DK06#alt1,1,bwd,59,1250.0,4000.0,0.7165,0.0
DK03_to_DK06#alt1,1,bwd,60,1300.0,3983.33,0.6889,0.0
DK03_to_DK06#alt1,1,bwd,61,1350.0,3966.67,0.7165,0.0
DK03_to_DK06#alt1,1,bwd,62,1400.0,3950.0,0.7165,0.0
DK03_to_DK06#alt1,1,bwd,63,1450.0,3933.33,0.6889,0.0
DK03_to_DK06#alt1,1,bwd,64,1500.0,3916.67,0.7165,0.0
DK03_to_DK06#alt1,1,bwd,65,1550.0,3883.33,0.6889,0.0
DK03_to_DK06#alt1,1,bwd,66,1600.0,3850.0,0.6889,0.0
DK03_to_DK06#alt1,1,bwd,67,1650.0,3816.67,0.6889,0.0
DK03_to_DK06#alt1,1,bwd,68,1700.0,3800.0,0.5903,0.0
DK03_to_DK06#alt1,1,bwd,69,1750.0,3800.0,0.5134,0.0
DK03_to_DK06#alt1,1,bwd,70,1800.0,3800.0,0.503,0.0
DK03_to_DK06#alt1,1,bwd,71,1850.0,3816.67,0.5134,0.0
DK03_to_DK06#alt1,1,bwd,72,1900.0,3850.0,0.503,0.0
DK03_to_DK06#alt1,1,bwd,73,1950.0,3883.33,0.5483,0.0
DK03_to_DK06#alt1,1,bwd,74,2000.0,3900.0,0.4931,0.0
DK03_to_DK06#alt1,1,bwd,75,2050.0,3900.0,0.4346,0.0
DK03_to_DK06#alt1,1,bwd,76,2100.0,3900.0,0.3895,0.0
DK03_to_DK06#alt1,1,bwd,77,2150.0,3900.0,0.4275,0.0
DK03_to_DK06#alt1,1,bwd,78,2200.0,3916.67,0.503,0.0
DK03_to_DK06#alt1,1,bwd,79,2250.0,3933.33,0.5483,0.0
DK03_to_DK06#alt1,1,bwd,80,2300.0,3950.0,0.6241,0.0
DK03_to_DK06#alt1,1,bwd,81,2350.0,3950.0,0.6889,0.0
DK03_to_DK06#alt1,1,bwd,82,2400.0,3950.0,0.7165,0.0
DK03_to_DK06#alt1,1,bwd,83,2450.0,3950.0,0.7165,0.0
DK03_to_DK06#alt1,1,bwd,84,2500.0,3950.0,0.7165,0.0
DK03_to_DK06#alt1,1,bwd,85,2550.0,3933.33,0.6889,0.0
DK03_to_DK06#alt1,1,bwd,86,2600.0,3900.0,0.6889,0.0
DK03_to_DK06#alt1,1,bwd,87,2650.0,3850.0,0.6065,0.0
DK03_to_DK06#alt1,1,bwd,88,2700.0,3816.67,0.5134,0.0
DK03_to_DK06#alt1,1,bwd,89,2750.0,3800.0,0.4746,0.0
DK03_to_DK06#alt1,1,bwd,90,2800.0,3783.33,0.503,0.0
DK03_to_DK06#alt1,1,bwd,91,2850.0,3766.67,0.4746,0.0
DK03_to_DK06#alt1,1,bwd,92,2900.0,3750.0,0.503,0.0
DK03_to_DK06#alt1,1,bwd,93,2950.0,3750.0,0.5134,0.0
DK03_to_DK06#alt1,1,bwd,94,3000.0,3766.67,0.5134,0.0
DK03_to_DK06#alt1,1,bwd,95,3050.0,3800.0,0.6065,0.0
DK03_to_DK06#alt1,1,bwd,96,3100.0,3850.0,0.6889,0.0
DK03_to_DK06#alt1,1,bwd,97,3150.0,3883.33,0.7165,0.0
DK03_to_DK06#alt1,1,bwd,98,3200.0,3900.0,0.6889,0.0
DK03_to_DK06#alt1,1,bwd,99,3250.0,3950.0,0.6889,0.0
DK03_to_DK06#alt1,1,bwd,100,3300.0,4000.0,0.6889,0.0
DK03_to_DK06#alt1,1,bwd,101,3350.0,4050.0,0.6241,0.0
DK03_to_DK06#alt1,1,bwd,102,3400.0,4100.0,0.5903,0.0
DK03_to_DK06#alt1,1,bwd,103,3450.0,4150.0,0.6065,0.0
DK03_to_DK06#alt1,1,bwd,104,3500.0,4200.0,0.6889,0.0
DK03_to_DK06#alt1,1,bwd,105,3550.0,4250.0,0.6889,0.0
DK03_to_DK06#alt1,1,bwd,106,3600.0,4300.0,0.6889,0.0
DK03_to_DK06#alt1,1,bwd,107,3650.0,4300.0,0.7165,0.0
DK03_to_DK06#alt1,1,bwd,108,3700.0,4300.0,0.7165,0.0
DK03_to_DK06#alt1,1,bwd,109,3750.0,4300.0,0.7165,0.0
DK03_to_DK06#alt1,1,bwd,110,3800.0,4300.0,0.6889,0.0
DK03_to_DK06#alt1,1,bwd,111,3850.0,4250.0,0.6889,0.0
DK03_to_DK06#alt1,1,bwd,112,3900.0,4200.0,0.6889,0.0
DK03_to_DK06#alt1,1,bwd,113,3950.0,4150.0,0.6065,0.0
DK03_to_DK06#alt1,1,bwd,114,4000.0,4100.0,0.5134,0.0
DK03_to_DK06#alt1,1,bwd,115,4033.33,4050.0,0.4931,0.0
DK03_to_DK06#alt1,1,bwd,116,4050.0,4000.0,0.5483,0.0
DK03_to_DK06#alt1,1,bwd,117,4050.0,3950.0,0.6241,0.0
DK03_to_DK06#alt1,1,bwd,118,4050.0,3900.0,0.6889,0.0
DK03_to_DK06#alt1,1,bwd,119,4050.0,3850.0,0.7165,0.0
DK03_to_DK06#alt1,1,bwd,120,4066.67,3800.0,0.7165,0.0
DK03_to_DK06#alt1,1,bwd,121,4100.0,3750.0,0.6065,0.0
DK03_to_DK06#alt1,1,bwd,122,4133.33,3700.0,0.5134,0.0
DK03_to_DK06#alt1,1,bwd,123,4166.67,3650.0,0.5134,0.0
DK03_to_DK06#alt1,1,bwd,124,4183.33,3600.0,0.4931,0.0
DK03_to_DK06#alt1,1,bwd,125,4200.0,3550.0,0.5483,0.0
DK03_to_DK06#alt1,1,bwd,126,4200.0,3500.0,0.5903,0.0
DK03_to_DK06#alt1,1,bwd,127,4200.0,3450.0,0.6065,0.0
DK03_to_DK06#alt1,1,bwd,128,4216.67,3400.0,0.6065,0.0
DK03_to_DK06#alt1,1,bwd,129,4233.33,3350.0,0.503,0.0
DK03_to_DK06#alt1,1,bwd,130,4266.67,3300.0,0.4746,0.0
DK03_to_DK06#alt1,1,bwd,131,4283.33,3250.0,0.3784,0.0
DK03_to_DK06#alt1,1,bwd,132,4316.67,3200.0,0.4076,0.0
DK03_to_DK06#alt1,1,bwd,133,4350.0,3150.0,0.4346,0.0
DK03_to_DK06#alt1,1,bwd,134,4400.0,3100.0,0.4346,0.0
DK03_to_DK06#alt1,1,bwd,135,4450.0,3050.0,0.4346,0.0
DK03_to_DK06#alt1,1,bwd,136,4500.0,3000.0,0.4076,0.0
DK03_to_DK06#alt1,1,bwd,137,4550.0,2950.0,0.3784,0.0
DK03_to_DK06#alt1,1,bwd,138,4600.0,2900.0,0.3485,0.0
DK03_to_DK06#alt1,1,bwd,139,4650.0,2850.0,0.3077,0.0
DK03_to_DK06#alt1,1,bwd,140,4700.0,2800.0,0.2636,0.0
DK03_to_DK06#alt1,1,bwd,141,4750.0,2750.0,0.2211,0.0
DK03_to_DK06#alt1,1,bwd,142,4800.0,2700.0,0.1827,0.0
DK03_to_DK06#alt1,1,bwd,143,4850.0,2650.0,0.1495,0.0
DK03_to_DK06#alt1,1,bwd,144,4900.0,2600.0,0.1215,0.0
DK03_to_DK06#alt1,1,bwd,145,4933.33,2550.0,0.0981,0.0
DK03_to_DK06#alt1,1,bwd,146,4950.0,2500.0,0.092,0.0
DK03_to_DK06#alt1,1,bwd,147,4950.0,2450.0,0.0854,0.0
DK03_to_DK06#alt1,1,bwd,148,4950.0,2400.0,0.079,0.0
DK03_to_DK06#alt1,1,bwd,149,4950.0,2350.0,0.0839,0.0
DK03_to_DK06#alt1,1,bwd,150,4950.0,2300.0,0.0947,0.0
DK03_to_DK06#alt1,1,bwd,151,4933.33,2250.0,0.1062,0.0
DK03_to_DK06#alt1,1,bwd,152,4900.0,2200.0,0.1344,0.0
DK03_to_DK06#alt1,1,bwd,153,4850.0,2150.0,0.17,0.0
DK03_to_DK06#alt1,1,bwd,154,4800.0,2100.0,0.2151,0.0
DK03_to_DK06#alt1,1,bwd,155,4766.67,2050.0,0.2721,0.0
DK03_to_DK06#alt1,1,bwd,156,4750.0,2000.0,0.3006,0.0
DK03_to_DK06#alt1,1,bwd,157,4750.0,1950.0,0.3269,0.0
DK03_to_DK06#alt1,1,bwd,158,4750.0,1900.0,0.3485,0.0
DK03_to_DK06#alt1,1,bwd,159,4733.33,1850.0,0.3628,0.0
DK03_to_DK06#alt1,1,bwd,160,4716.67,1800.0,0.4346,0.0
DK03_to_DK06#alt1,1,bwd,161,4700.0,1750.0,0.4346,0.0
DK03_to_DK06#alt1,1,bwd,162,4700.0,1700.0,0.4275,0.0
DK03_to_DK06#alt1,1,bwd,163,4700.0,1650.0,0.4076,0.0
DK03_to_DK06#alt1,1,bwd,164,4700.0,1600.0,0.3784,0.0
DK03_to_DK06#alt1,1,bwd,165,4700.0,1550.0,0.344,0.0
DK03_to_DK06#alt1,1,bwd,166,4683.33,1500.0,0.3077,0.0
DK03_to_DK06#alt1,1,bwd,167,4650.0,1450.0,0.3077,0.0
DK03_to_DK06#alt1,1,bwd,168,4600.0,1400.0,0.3006,0.0
DK03_to_DK06#alt1,1,bwd,169,4550.0,1350.0,0.281,0.0
DK03_to_DK06#alt1,1,bwd,170,4500.0,1300.0,0.253,0.0
DK03_to_DK06#alt1,1,bwd,171,4450.0,1250.0,0.2211,0.0
DK03_to_DK06#alt1,1,bwd,172,4400.0,1200.0,0.1889,0.0
DK03_to_DK06#alt1,1,bwd,173,4350.0,1150.0,0.1599,0.0
DK03_to_DK06#alt1,1,bwd,174,4300.0,1100.0,0.1889,0.0
DK03_to_DK06#alt1,1,bwd,175,4250.0,1066.67,0.2231,0.0
DK03_to_DK06#alt1,1,bwd,176,4200.0,1050.0,0.2231,0.0
DK03_to_DK06#alt1,1,bwd,177,4150.0,1050.0,0.2211,0.0
DK03_to_DK06#alt1,1,bwd,178,4100.0,1050.0,0.2151,0.0
DK03_to_DK06#alt1,1,bwd,179,4050.0,1050.0,0.2151,0.0
DK03_to_DK06#alt1,1,bwd,180,4000.0,1050.0,0.2431,0.0
DK03_to_DK06#alt1,1,bwd,181,3950.0,1066.67,0.2721,0.0
DK03_to_DK06#alt1,1,bwd,182,3900.0,1083.33,0.2609,0.0
DK03_to_DK06#alt1,1,bwd,183,3850.0,1116.67,0.281,0.0
DK03_to_DK06#alt1,1,bwd,184,3800.0,1150.0,0.253,0.0
DK03_to_DK06#alt1,1,bwd,185,3750.0,1183.33,0.2211,0.0
DK03_to_DK06#alt1,1,bwd,186,3700.0,1200.0,0.2231,0.0
DK03_to_DK06#alt1,1,bwd,187,3650.0,1200.0,0.2231,0.0
DK03_to_DK06#alt1,1,bwd,188,3600.0,1200.0,0.2211,0.0
DK03_to_DK06#alt2,2,bwd,0,1050.0,1250.0,0.3679,0.0
DK03_to_DK06#alt2,2,bwd,1,1100.0,1200.0,0.3077,0.0
DK03_to_DK06#alt2,2,bwd,2,1150.0,1150.0,0.253,0.0
DK03_to_DK06#alt2,2,bwd,3,1200.0,1100.0,0.2057,0.0
DK03_to_DK06#alt2,2,bwd,4,1250.0,1050.0,0.1661,0.0
DK03_to_DK06#alt2,2,bwd,5,1300.0,1000.0,0.1353,0.0
DK03_to_DK06#alt2,2,bwd,6,1350.0,950.0,0.1146,0.0
DK03_to_DK06#alt2,2,bwd,7,1400.0,900.0,0.1036,0.0
DK03_to_DK06#alt2,2,bwd,8,1450.0,850.0,0.092,0.0
DK03_to_DK06#alt2,2,bwd,9,1500.0,800.0,0.0803,0.0
DK03_to_DK06#alt2,2,bwd,10,1550.0,750.0,0.0691,0.0
DK03_to_DK06#alt2,2,bwd,11,1600.0,700.0,0.0588,0.0
DK03_to_DK06#alt2,2,bwd,12,1650.0,650.0,0.0498,0.0
DK03_to_DK06#alt2,2,bwd,13,1700.0,600.0,0.042,0.0
DK03_to_DK06#alt2,2,bwd,14,1750.0,550.0,0.0351,0.0
DK03_to_DK06#alt2,2,bwd,15,1800.0,500.0,0.0291,0.0
DK03_to_DK06#alt2,2,bwd,16,1850.0,450.0,0.0241,0.0
DK03_to_DK06#alt2,2,bwd,17,1900.0,400.0,0.0198,0.0
DK03_to_DK06#alt2,2,bwd,18,1950.0,350.0,0.0162,0.0
DK03_to_DK06#alt2,2,bwd,19,2000.0,316.67,0.0155,0.0
DK03_to_DK06#alt2,2,bwd,20,2050.0,300.0,0.0183,0.0
DK03_to_DK06#alt2,2,bwd,21,2100.0,300.0,0.0216,0.0
DK03_to_DK06#alt2,2,bwd,22,2150.0,300.0,0.0256,0.0
DK03_to_DK06#alt2,2,bwd,23,2200.0,300.0,0.0302,0.0
DK03_to_DK06#alt2,2,bwd,24,2250.0,300.0,0.0357,0.0
DK03_to_DK06#alt2,2,bwd,25,2300.0,300.0,0.0421,0.0
DK03_to_DK06#alt2,2,bwd,26,2350.0,300.0,0.0498,0.0
DK03_to_DK06#alt2,2,bwd,27,2400.0,300.0,0.0588,0.0
DK03_to_DK06#alt2,2,bwd,28,2450.0,300.0,0.0695,0.0
DK03_to_DK06#alt2,2,bwd,29,2500.0,300.0,0.0821,0.0
DK03_to_DK06#alt2,2,bwd,30,2550.0,300.0,0.097,0.0
DK03_to_DK06#alt2,2,bwd,31,2600.0,300.0,0.1146,0.0
DK03_to_DK06#alt2,2,bwd,32,2650.0,300.0,0.1353,0.0
DK03_to_DK06#alt2,2,bwd,33,2700.0,300.0,0.1599,0.0
DK03_to_DK06#alt2,2,bwd,34,2750.0,316.67,0.1889,0.0
DK03_to_DK06#alt2,2,bwd,35,2800.0,350.0,0.2231,0.0
DK03_to_DK06#alt2,2,bwd,36,2850.0,383.33,0.2636,0.0
DK03_to_DK06#alt2,2,bwd,37,2900.0,416.67,0.3114,0.0
DK03_to_DK06#alt2,2,bwd,38,2950.0,450.0,0.3628,0.0
DK03_to_DK06#alt2,2,bwd,39,3000.0,500.0,0.4076,0.0
DK03_to_DK06#alt2,2,bwd,40,3050.0,550.0,0.4346,0.0
DK03_to_DK06#alt2,2,bwd,41,3100.0,600.0,0.4346,0.0
DK03_to_DK06#alt2,2,bwd,42,3150.0,650.0,0.4346,0.0
DK03_to_DK06#alt2,2,bwd,43,3200.0,700.0,0.4346,0.0
DK03_to_DK06#alt2,2,bwd,44,3250.0,750.0,0.4346,0.0
DK03_to_DK06#alt2,2,bwd,45,3300.0,800.0,0.4346,0.0
DK03_to_DK06#alt2,2,bwd,46,3350.0,850.0,0.4346,0.0
DK03_to_DK06#alt2,2,bwd,47,3400.0,900.0,0.4346,0.0
DK03_to_DK06#alt2,2,bwd,48,3450.0,950.0,0.4076,0.0
DK03_to_DK06#alt2,2,bwd,49,3500.0,1000.0,0.3784,0.0
DK03_to_DK06#alt2,2,bwd,50,3550.0,1050.0,0.3485,0.0
DK03_to_DK06#alt2,2,bwd,51,3583.33,1100.0,0.3077,0.0
DK03_to_DK06#alt2,2,bwd,52,3600.0,1150.0,0.2609,0.0
DK03_to_DK06#alt2,2,bwd,53,3600.0,1200.0,0.2211,0.0
DK06_to_DK03#alt3,3,fwd,0,3600.0,1200.0,0.2211,0.0
DK06_to_DK03#alt3,3,fwd,1,3650.0,1150.0,0.2636,0.0
DK06_to_DK03#alt3,3,fwd,2,3666.67,1100.0,0.3114,0.0
DK06_to_DK03#alt3,3,fwd,3,3650.0,1050.0,0.3679,0.0
DK06_to_DK03#alt3,3,fwd,4,3600.0,1000.0,0.4275,0.0
DK06_to_DK03#alt3,3,fwd,5,3550.0,950.0,0.4746,0.0
DK06_to_DK03#alt3,3,fwd,6,3500.0,900.0,0.503,0.0
DK06_to_DK03#alt3,3,fwd,7,3450.0,850.0,0.5483,0.0
DK06_to_DK03#alt3,3,fwd,8,3400.0,800.0,0.5483,0.0
DK06_to_DK03#alt3,3,fwd,9,3350.0,750.0,0.5483,0.0
DK06_to_DK03#alt3,3,fwd,10,3300.0,700.0,0.5483,0.0
DK06_to_DK03#alt3,3,fwd,11,3250.0,650.0,0.5483,0.0
DK06_to_DK03#alt3,3,fwd,12,3200.0,600.0,0.5483,0.0
DK06_to_DK03#alt3,3,fwd,13,3166.67,550.0,0.5483,0.0
DK06_to_DK03#alt3,3,fwd,14,3150.0,500.0,0.6241,0.0
DK06_to_DK03#alt3,3,fwd,15,3150.0,450.0,0.6889,0.0
DK06_to_DK03#alt3,3,fwd,16,3133.33,400.0,0.7165,0.0
DK06_to_DK03#alt3,3,fwd,17,3100.0,350.0,0.6065,0.0
DK06_to_DK03#alt3,3,fwd,18,3050.0,300.0,0.5134,0.0
DK06_to_DK03#alt3,3,fwd,19,3000.0,250.0,0.4275,0.0
DK06_to_DK03#alt3,3,fwd,20,2950.0,200.0,0.3485,0.0
DK06_to_DK03#alt3,3,fwd,21,2900.0,150.0,0.281,0.0
DK06_to_DK03#alt3,3,fwd,22,2850.0,100.0,0.2252,0.0
DK06_to_DK03#alt3,3,fwd,23,2800.0,66.67,0.1798,0.0
DK06_to_DK03#alt3,3,fwd,24,2750.0,50.0,0.1551,0.0
DK06_to_DK03#alt3,3,fwd,25,2700.0,50.0,0.1335,0.0
DK06_to_DK03#alt3,3,fwd,26,2650.0,50.0,0.1146,0.0
DK06_to_DK03#alt3,3,fwd,27,2600.0,50.0,0.0981,0.0
DK06_to_DK03#alt3,3,fwd,28,2550.0,50.0,0.0839,0.0
DK06_to_DK03#alt3,3,fwd,29,2500.0,50.0,0.0717,0.0
DK06_to_DK03#alt3,3,fwd,30,2450.0,50.0,0.0612,0.0
DK06_to_DK03#alt3,3,fwd,31,2400.0,50.0,0.0522,0.0
DK06_to_DK03#alt3,3,fwd,32,2350.0,50.0,0.0444,0.0
DK06_to_DK03#alt3,3,fwd,33,2300.0,50.0,0.0378,0.0
DK06_to_DK03#alt3,3,fwd,34,2250.0,50.0,0.0322,0.0
DK06_to_DK03#alt3,3,fwd,35,2200.0,50.0,0.0274,0.0
DK06_to_DK03#alt3,3,fwd,36,2150.0,50.0,0.0233,0.0
DK06_to_DK03#alt3,3,fwd,37,2100.0,50.0,0.0198,0.0
DK06_to_DK03#alt3,3,fwd,38,2050.0,50.0,0.0168,0.0
DK06_to_DK03#alt3,3,fwd,39,2000.0,50.0,0.0143,0.0
DK06_to_DK03#alt3,3,fwd,40,1950.0,50.0,0.0121,0.0
DK06_to_DK03#alt3,3,fwd,41,1900.0,50.0,0.0133,0.0
DK06_to_DK03#alt3,3,fwd,42,1850.0,50.0,0.0153,0.0
DK06_to_DK03#alt3,3,fwd,43,1800.0,50.0,0.0178,0.0
DK06_to_DK03#alt3,3,fwd,44,1750.0,50.0,0.0205,0.0
DK06_to_DK03#alt3,3,fwd,45,1700.0,50.0,0.0236,0.0
DK06_to_DK03#alt3,3,fwd,46,1650.0,50.0,0.0272,0.0
DK06_to_DK03#alt3,3,fwd,47,1600.0,50.0,0.0312,0.0
DK06_to_DK03#alt3,3,fwd,48,1550.0,50.0,0.0357,0.0
DK06_to_DK03#alt3,3,fwd,49,1500.0,50.0,0.0407,0.0
DK06_to_DK03#alt3,3,fwd,50,1450.0,50.0,0.0467,0.0
DK06_to_DK03#alt3,3,fwd,51,1400.0,50.0,0.0544,0.0
DK06_to_DK03#alt3,3,fwd,52,1350.0,50.0,0.0634,0.0
DK06_to_DK03#alt3,3,fwd,53,1300.0,50.0,0.0736,0.0
DK06_to_DK03#alt3,3,fwd,54,1250.0,50.0,0.0854,0.0
DK06_to_DK03#alt3,3,fwd,55,1200.0,50.0,0.0987,0.0
DK06_to_DK03#alt3,3,fwd,56,1150.0,50.0,0.1146,0.0
DK06_to_DK03#alt3,3,fwd,57,1100.0,50.0,0.1335,0.0
DK06_to_DK03#alt3,3,fwd,58,1050.0,66.67,0.1551,0.0
DK06_to_DK03#alt3,3,fwd,59,1000.0,100.0,0.1937,0.0
DK06_to_DK03#alt3,3,fwd,60,950.0,150.0,0.2407,0.0
DK06_to_DK03#alt3,3,fwd,61,900.0,200.0,0.3006,0.0
DK06_to_DK03#alt3,3,fwd,62,850.0,250.0,0.3784,0.0
DK06_to_DK03#alt3,3,fwd,63,833.33,300.0,0.4076,0.0
DK06_to_DK03#alt3,3,fwd,64,833.33,350.0,0.4275,0.0
DK06_to_DK03#alt3,3,fwd,65,850.0,400.0,0.4346,0.0
DK06_to_DK03#alt3,3,fwd,66,850.0,450.0,0.4746,0.0
DK06_to_DK03#alt3,3,fwd,67,850.0,500.0,0.5483,0.0
DK06_to_DK03#alt3,3,fwd,68,850.0,550.0,0.6241,0.0
DK06_to_DK03#alt3,3,fwd,69,850.0,600.0,0.6889,0.0
DK06_to_DK03#alt3,3,fwd,70,850.0,650.0,0.7165,0.0
DK06_to_DK03#alt3,3,fwd,71,850.0,700.0,0.7165,0.0
DK06_to_DK03#alt3,3,fwd,72,833.33,750.0,0.6889,0.0
DK06_to_DK03#alt3,3,fwd,73,800.0,800.0,0.6889,0.0
DK06_to_DK03#alt3,3,fwd,74,766.67,850.0,0.6065,0.0
DK06_to_DK03#alt3,3,fwd,75,750.0,900.0,0.5134,0.0
DK06_to_DK03#alt3,3,fwd,76,750.0,950.0,0.4346,0.0
DK06_to_DK03#alt3,3,fwd,77,766.67,1000.0,0.3679,0.0
DK06_to_DK03#alt3,3,fwd,78,800.0,1050.0,0.3077,0.0
DK06_to_DK03#alt3,3,fwd,79,833.33,1100.0,0.253,0.0
DK06_to_DK03#alt3,3,fwd,80,866.67,1150.0,0.253,0.0
DK06_to_DK03#alt3,3,fwd,81,900.0,1200.0,0.3077,0.0
DK06_to_DK03#alt3,3,fwd,82,950.0,1233.33,0.3679,0.0
DK06_to_DK03#alt3,3,fwd,83,1000.0,1250.0,0.3679,0.0
DK06_to_DK03#alt3,3,fwd,84,1050.0,1250.0,0.3679,0.0
DK06_to_DK03#alt4,4,fwd,0,3600.0,1200.0,0.2211,0.0
DK06_to_DK03#alt4,4,fwd,1,3650.0,1250.0,0.1889,0.0
DK06_to_DK03#alt4,4,fwd,2,3700.0,1300.0,0.1599,0.0
DK06_to_DK03#alt4,4,fwd,3,3750.0,1350.0,0.1344,0.0
DK06_to_DK03#alt4,4,fwd,4,3800.0,1400.0,0.1495,0.0
DK06_to_DK03#alt4,4,fwd,5,3850.0,1450.0,0.1889,0.0
DK06_to_DK03#alt4,4,fwd,6,3900.0,1500.0,0.2384,0.0
DK06_to_DK03#alt4,4,fwd,7,3950.0,1550.0,0.3006,0.0
DK06_to_DK03#alt4,4,fwd,8,4000.0,1600.0,0.3784,0.0
DK06_to_DK03#alt4,4,fwd,9,4050.0,1650.0,0.4746,0.0
DK06_to_DK03#alt4,4,fwd,10,4100.0,1700.0,0.5903,0.0
DK06_to_DK03#alt4,4,fwd,11,4133.33,1750.0,0.7165,0.0
DK06_to_DK03#alt4,4,fwd,12,4150.0,1800.0,0.7165,0.0
DK06_to_DK03#alt4,4,fwd,13,4166.67,1850.0,0.6889,0.0
DK06_to_DK03#alt4,4,fwd,14,4200.0,1900.0,0.6889,0.0
DK06_to_DK03#alt4,4,fwd,15,4250.0,1950.0,0.6889,0.0
DK06_to_DK03#alt4,4,fwd,16,4300.0,2000.0,0.6065,0.0
DK06_to_DK03#alt4,4,fwd,17,4350.0,2050.0,0.5134,0.0
DK06_to_DK03#alt4,4,fwd,18,4400.0,2100.0,0.4346,0.0
DK06_to_DK03#alt4,4,fwd,19,4433.33,2150.0,0.3628,0.0
DK06_to_DK03#alt4,4,fwd,20,4450.0,2200.0,0.3077,0.0
DK06_to_DK03#alt4,4,fwd,21,4450.0,2250.0,0.2609,0.0
DK06_to_DK03#alt4,4,fwd,22,4433.33,2300.0,0.2384,0.0
DK06_to_DK03#alt4,4,fwd,23,4416.67,2350.0,0.3006,0.0
DK06_to_DK03#alt4,4,fwd,24,4400.0,2400.0,0.344,0.0
DK06_to_DK03#alt4,4,fwd,25,4400.0,2450.0,0.3895,0.0
DK06_to_DK03#alt4,4,fwd,26,4400.0,2500.0,0.4346,0.0
DK06_to_DK03#alt4,4,fwd,27,4416.67,2550.0,0.4931,0.0
DK06_to_DK03#alt4,4,fwd,28,4416.67,2600.0,0.5483,0.0
DK06_to_DK03#alt4,4,fwd,29,4416.67,2650.0,0.5903,0.0
DK06_to_DK03#alt4,4,fwd,30,4400.0,2700.0,0.6241,0.0
DK06_to_DK03#alt4,4,fwd,31,4400.0,2750.0,0.6889,0.0
DK06_to_DK03#alt4,4,fwd,32,4400.0,2800.0,0.7165,0.0
DK06_to_DK03#alt4,4,fwd,33,4383.33,2850.0,0.6889,0.0
DK06_to_DK03#alt4,4,fwd,34,4366.67,2900.0,0.7165,0.0
DK06_to_DK03#alt4,4,fwd,35,4333.33,2950.0,0.6889,0.0
DK06_to_DK03#alt4,4,fwd,36,4300.0,3000.0,0.6889,0.0
DK06_to_DK03#alt4,4,fwd,37,4250.0,3050.0,0.6889,0.0
DK06_to_DK03#alt4,4,fwd,38,4200.0,3100.0,0.6065,0.0
DK06_to_DK03#alt4,4,fwd,39,4166.67,3150.0,0.5903,0.0
DK06_to_DK03#alt4,4,fwd,40,4150.0,3200.0,0.6065,0.0
DK06_to_DK03#alt4,4,fwd,41,4166.67,3250.0,0.6065,0.0
DK06_to_DK03#alt4,4,fwd,42,4200.0,3300.0,0.5483,0.0
DK06_to_DK03#alt4,4,fwd,43,4250.0,3350.0,0.503,0.0
DK06_to_DK03#alt4,4,fwd,44,4300.0,3400.0,0.4346,0.0
DK06_to_DK03#alt4,4,fwd,45,4350.0,3450.0,0.3679,0.0
DK06_to_DK03#alt4,4,fwd,46,4383.33,3500.0,0.3077,0.0
DK06_to_DK03#alt4,4,fwd,47,4400.0,3550.0,0.2972,0.0
DK06_to_DK03#alt4,4,fwd,48,4400.0,3600.0,0.281,0.0
DK06_to_DK03#alt4,4,fwd,49,4400.0,3650.0,0.2609,0.0
DK06_to_DK03#alt4,4,fwd,50,4400.0,3700.0,0.2384,0.0
DK06_to_DK03#alt4,4,fwd,51,4400.0,3750.0,0.2231,0.0
DK06_to_DK03#alt4,4,fwd,52,4400.0,3800.0,0.2231,0.0
DK06_to_DK03#alt4,4,fwd,53,4400.0,3850.0,0.2231,0.0
DK06_to_DK03#alt4,4,fwd,54,4400.0,3900.0,0.2211,0.0
DK06_to_DK03#alt4,4,fwd,55,4416.67,3950.0,0.2151,0.0
DK06_to_DK03#alt4,4,fwd,56,4450.0,4000.0,0.1755,0.0
DK06_to_DK03#alt4,4,fwd,57,4483.33,4050.0,0.1422,0.0
DK06_to_DK03#alt4,4,fwd,58,4500.0,4100.0,0.1335,0.0
DK06_to_DK03#alt4,4,fwd,59,4483.33,4150.0,0.1239,0.0
DK06_to_DK03#alt4,4,fwd,60,4450.0,4200.0,0.1308,0.0
DK06_to_DK03#alt4,4,fwd,61,4400.0,4250.0,0.1344,0.0
DK06_to_DK03#alt4,4,fwd,62,4350.0,4300.0,0.1495,0.0
DK06_to_DK03#alt4,4,fwd,63,4300.0,4350.0,0.1889,0.0
DK06_to_DK03#alt4,4,fwd,64,4250.0,4400.0,0.2384,0.0
DK06_to_DK03#alt4,4,fwd,65,4200.0,4450.0,0.3006,0.0
DK06_to_DK03#alt4,4,fwd,66,4150.0,4500.0,0.3784,0.0
DK06_to_DK03#alt4,4,fwd,67,4100.0,4550.0,0.4746,0.0
DK06_to_DK03#alt4,4,fwd,68,4050.0,4600.0,0.5903,0.0
DK06_to_DK03#alt4,4,fwd,69,4000.0,4633.33,0.7165,0.0
DK06_to_DK03#alt4,4,fwd,70,3950.0,4650.0,0.7165,0.0
DK06_to_DK03#alt4,4,fwd,71,3900.0,4650.0,0.6889,0.0
DK06_to_DK03#alt4,4,fwd,72,3850.0,4666.67,0.6241,0.0
DK06_to_DK03#alt4,4,fwd,73,3800.0,4683.33,0.5903,0.0
DK06_to_DK03#alt4,4,fwd,74,3750.0,4700.0,0.503,0.0
DK06_to_DK03#alt4,4,fwd,75,3700.0,4700.0,0.4275,0.0
DK06_to_DK03#alt4,4,fwd,76,3650.0,4700.0,0.3628,0.0
DK06_to_DK03#alt4,4,fwd,77,3600.0,4700.0,0.3077,0.0
DK06_to_DK03#alt4,4,fwd,78,3550.0,4700.0,0.2609,0.0
DK06_to_DK03#alt4,4,fwd,79,3500.0,4700.0,0.2211,0.0
DK06_to_DK03#alt4,4,fwd,80,3450.0,4700.0,0.2431,0.0
DK06_to_DK03#alt4,4,fwd,81,3400.0,4700.0,0.2721,0.0
DK06_to_DK03#alt4,4,fwd,82,3350.0,4700.0,0.3006,0.0
DK06_to_DK03#alt4,4,fwd,83,3300.0,4716.67,0.3269,0.0
DK06_to_DK03#alt4,4,fwd,84,3250.0,4750.0,0.3006,0.0
DK06_to_DK03#alt4,4,fwd,85,3200.0,4800.0,0.281,0.0
DK06_to_DK03#alt4,4,fwd,86,3150.0,4850.0,0.253,0.0
DK06_to_DK03#alt4,4,fwd,87,3100.0,4900.0,0.2211,0.0
DK06_to_DK03#alt4,4,fwd,88,3050.0,4933.33,0.1889,0.0
DK06_to_DK03#alt4,4,fwd,89,3000.0,4950.0,0.1889,0.0
DK06_to_DK03#alt4,4,fwd,90,2950.0,4950.0,0.1889,0.0
DK06_to_DK03#alt4,4,fwd,91,2900.0,4950.0,0.1873,0.0
DK06_to_DK03#alt4,4,fwd,92,2850.0,4950.0,0.1827,0.0
DK06_to_DK03#alt4,4,fwd,93,2800.0,4950.0,0.1755,0.0
DK06_to_DK03#alt4,4,fwd,94,2750.0,4950.0,0.1661,0.0
DK06_to_DK03#alt4,4,fwd,95,2700.0,4950.0,0.1661,0.0
DK06_to_DK03#alt4,4,fwd,96,2650.0,4950.0,0.1937,0.0
DK06_to_DK03#alt4,4,fwd,97,2600.0,4950.0,0.2252,0.0
DK06_to_DK03#alt4,4,fwd,98,2550.0,4950.0,0.2609,0.0
DK06_to_DK03#alt4,4,fwd,99,2500.0,4950.0,0.3006,0.0
DK06_to_DK03#alt4,4,fwd,100,2450.0,4950.0,0.344,0.0
DK06_to_DK03#alt4,4,fwd,101,2400.0,4950.0,0.3895,0.0
DK06_to_DK03#alt4,4,fwd,102,2350.0,4950.0,0.4346,0.0
DK06_to_DK03#alt4,4,fwd,103,2300.0,4950.0,0.4931,0.0
DK06_to_DK03#alt4,4,fwd,104,2250.0,4950.0,0.5483,0.0
DK06_to_DK03#alt4,4,fwd,105,2200.0,4950.0,0.5903,0.0
DK06_to_DK03#alt4,4,fwd,106,2150.0,4950.0,0.6241,0.0
DK06_to_DK03#alt4,4,fwd,107,2100.0,4950.0,0.6889,0.0
DK06_to_DK03#alt4,4,fwd,108,2050.0,4950.0,0.7165,0.0
DK06_to_DK03#alt4,4,fwd,109,2000.0,4950.0,0.7165,0.0
DK06_to_DK03#alt4,4,fwd,110,1950.0,4933.33,0.6889,0.0
DK06_to_DK03#alt4,4,fwd,111,1900.0,4900.0,0.6889,0.0
DK06_to_DK03#alt4,4,fwd,112,1850.0,4866.67,0.6889,0.0
DK06_to_DK03#alt4,4,fwd,113,1800.0,4850.0,0.6241,0.0
DK06_to_DK03#alt4,4,fwd,114,1750.0,4850.0,0.5483,0.0
DK06_to_DK03#alt4,4,fwd,115,1700.0,4850.0,0.4931,0.0
DK06_to_DK03#alt4,4,fwd,116,1650.0,4850.0,0.4346,0.0
DK06_to_DK03#alt4,4,fwd,117,1600.0,4850.0,0.3784,0.0
DK06_to_DK03#alt4,4,fwd,118,1550.0,4850.0,0.3269,0.0
DK06_to_DK03#alt4,4,fwd,119,1500.0,4850.0,0.281,0.0
DK06_to_DK03#alt4,4,fwd,120,1450.0,4850.0,0.2636,0.0
DK06_to_DK03#alt4,4,fwd,121,1400.0,4850.0,0.2636,0.0
DK06_to_DK03#alt4,4,fwd,122,1350.0,4833.33,0.2636,0.0
DK06_to_DK03#alt4,4,fwd,123,1300.0,4800.0,0.3114,0.0
DK06_to_DK03#alt4,4,fwd,124,1250.0,4766.67,0.3679,0.0
DK06_to_DK03#alt4,4,fwd,125,1200.0,4750.0,0.3628,0.0
DK06_to_DK03#alt4,4,fwd,126,1150.0,4766.67,0.3485,0.0
DK06_to_DK03#alt4,4,fwd,127,1100.0,4800.0,0.281,0.0
DK06_to_DK03#alt4,4,fwd,128,1050.0,4833.33,0.2252,0.0
DK06_to_DK03#alt4,4,fwd,129,1000.0,4866.67,0.2431,0.0
DK06_to_DK03#alt4,4,fwd,130,950.0,4900.0,0.2431,0.0
DK06_to_DK03#alt4,4,fwd,131,900.0,4933.33,0.2384,0.0
DK06_to_DK03#alt4,4,fwd,132,850.0,4950.0,0.2609,0.0
DK06_to_DK03#alt4,4,fwd,133,800.0,4950.0,0.281,0.0
DK06_to_DK03#alt4,4,fwd,134,750.0,4950.0,0.3006,0.0
DK06_to_DK03#alt4,4,fwd,135,700.0,4950.0,0.3269,0.0
DK06_to_DK03#alt4,4,fwd,136,650.0,4950.0,0.3485,0.0
DK06_to_DK03#alt4,4,fwd,137,600.0,4950.0,0.3628,0.0
DK06_to_DK03#alt4,4,fwd,138,550.0,4950.0,0.3679,0.0
DK06_to_DK03#alt4,4,fwd,139,500.0,4950.0,0.3628,0.0
DK06_to_DK03#alt4,4,fwd,140,450.0,4950.0,0.3485,0.0
DK06_to_DK03#alt4,4,fwd,141,400.0,4950.0,0.3269,0.0
DK06_to_DK03#alt4,4,fwd,142,350.0,4950.0,0.3006,0.0
DK06_to_DK03#alt4,4,fwd,143,300.0,4950.0,0.281,0.0
DK06_to_DK03#alt4,4,fwd,144,250.0,4950.0,0.2609,0.0
DK06_to_DK03#alt4,4,fwd,145,200.0,4933.33,0.2384,0.0
DK06_to_DK03#alt4,4,fwd,146,150.0,4900.0,0.2431,0.0
DK06_to_DK03#alt4,4,fwd,147,100.0,4850.0,0.2431,0.0
DK06_to_DK03#alt4,4,fwd,148,66.67,4800.0,0.2431,0.0
DK06_to_DK03#alt4,4,fwd,149,50.0,4750.0,0.2721,0.0
DK06_to_DK03#alt4,4,fwd,150,50.0,4700.0,0.3006,0.0
DK06_to_DK03#alt4,4,fwd,151,50.0,4650.0,0.3269,0.0
DK06_to_DK03#alt4,4,fwd,152,50.0,4600.0,0.3485,0.0
DK06_to_DK03#alt4,4,fwd,153,50.0,4550.0,0.3628,0.0
DK06_to_DK03#alt4,4,fwd,154,50.0,4500.0,0.3679,0.0
DK06_to_DK03#alt4,4,fwd,155,50.0,4450.0,0.3679,0.0
DK06_to_DK03#alt4,4,fwd,156,50.0,4400.0,0.3628,0.0
DK06_to_DK03#alt4,4,fwd,157,50.0,4350.0,0.3485,0.0
DK06_to_DK03#alt4,4,fwd,158,50.0,4300.0,0.3269,0.0
DK06_to_DK03#alt4,4,fwd,159,50.0,4250.0,0.3006,0.0
DK06_to_DK03#alt4,4,fwd,160,50.0,4200.0,0.281,0.0
DK06_to_DK03#alt4,4,fwd,161,50.0,4150.0,0.2609,0.0
DK06_to_DK03#alt4,4,fwd,162,50.0,4100.0,0.2384,0.0
DK06_to_DK03#alt4,4,fwd,163,50.0,4050.0,0.2151,0.0
DK06_to_DK03#alt4,4,fwd,164,50.0,4000.0,0.1921,0.0
DK06_to_DK03#alt4,4,fwd,165,50.0,3950.0,0.17,0.0
DK06_to_DK03#alt4,4,fwd,166,50.0,3900.0,0.1517,0.0
DK06_to_DK03#alt4,4,fwd,167,50.0,3850.0,0.1344,0.0
DK06_to_DK03#alt4,4,fwd,168,50.0,3800.0,0.1183,0.0
DK06_to_DK03#alt4,4,fwd,169,50.0,3750.0,0.1036,0.0
DK06_to_DK03#alt4,4,fwd,170,50.0,3700.0,0.0904,0.0
DK06_to_DK03#alt4,4,fwd,171,50.0,3650.0,0.0785,0.0
DK06_to_DK03#alt4,4,fwd,172,50.0,3600.0,0.0681,0.0
DK06_to_DK03#alt4,4,fwd,173,50.0,3550.0,0.0691,0.0
DK06_to_DK03#alt4,4,fwd,174,50.0,3500.0,0.0695,0.0
DK06_to_DK03#alt4,4,fwd,175,50.0,3450.0,0.0691,0.0
DK06_to_DK03#alt4,4,fwd,176,50.0,3400.0,0.0681,0.0
DK06_to_DK03#alt4,4,fwd,177,50.0,3350.0,0.0663,0.0
DK06_to_DK03#alt4,4,fwd,178,50.0,3300.0,0.064,0.0
DK06_to_DK03#alt4,4,fwd,179,50.0,3250.0,0.0612,0.0
DK06_to_DK03#alt4,4,fwd,180,50.0,3200.0,0.058,0.0
DK06_to_DK03#alt4,4,fwd,181,50.0,3150.0,0.0544,0.0
DK06_to_DK03#alt4,4,fwd,182,50.0,3100.0,0.0522,0.0
DK06_to_DK03#alt4,4,fwd,183,50.0,3050.0,0.0496,0.0
DK06_to_DK03#alt4,4,fwd,184,50.0,3000.0,0.0467,0.0
DK06_to_DK03#alt4,4,fwd,185,50.0,2950.0,0.0437,0.0
DK06_to_DK03#alt4,4,fwd,186,50.0,2900.0,0.0405,0.0
DK06_to_DK03#alt4,4,fwd,187,50.0,2850.0,0.0375,0.0
DK06_to_DK03#alt4,4,fwd,188,50.0,2800.0,0.0349,0.0
DK06_to_DK03#alt4,4,fwd,189,50.0,2750.0,0.0323,0.0
DK06_to_DK03#alt4,4,fwd,190,50.0,2700.0,0.0297,0.0
DK06_to_DK03#alt4,4,fwd,191,50.0,2650.0,0.0272,0.0
DK06_to_DK03#alt4,4,fwd,192,50.0,2600.0,0.0247,0.0
DK06_to_DK03#alt4,4,fwd,193,50.0,2550.0,0.0224,0.0
DK06_to_DK03#alt4,4,fwd,194,50.0,2500.0,0.0201,0.0
DK06_to_DK03#alt4,4,fwd,195,50.0,2450.0,0.0204,0.0
DK06_to_DK03#alt4,4,fwd,196,66.67,2400.0,0.0229,0.0
DK06_to_DK03#alt4,4,fwd,197,100.0,2350.0,0.0289,0.0
DK06_to_DK03#alt4,4,fwd,198,133.33,2300.0,0.0366,0.0
DK06_to_DK03#alt4,4,fwd,199,166.67,2250.0,0.0407,0.0
DK06_to_DK03#alt4,4,fwd,200,200.0,2200.0,0.0514,0.0
DK06_to_DK03#alt4,4,fwd,201,250.0,2150.0,0.065,0.0
DK06_to_DK03#alt4,4,fwd,202,283.33,2100.0,0.0821,0.0
DK06_to_DK03#alt4,4,fwd,203,300.0,2050.0,0.0904,0.0
DK06_to_DK03#alt4,4,fwd,204,316.67,2000.0,0.0987,0.0
DK06_to_DK03#alt4,4,fwd,205,350.0,1950.0,0.1239,0.0
DK06_to_DK03#alt4,4,fwd,206,383.33,1900.0,0.1551,0.0
DK06_to_DK03#alt4,4,fwd,207,400.0,1850.0,0.1661,0.0
DK06_to_DK03#alt4,4,fwd,208,400.0,1800.0,0.1755,0.0
DK06_to_DK03#alt4,4,fwd,209,416.67,1750.0,0.1827,0.0
DK06_to_DK03#alt4,4,fwd,210,450.0,1700.0,0.2211,0.0
DK06_to_DK03#alt4,4,fwd,211,500.0,1650.0,0.2636,0.0
DK06_to_DK03#alt4,4,fwd,212,550.0,1600.0,0.3077,0.0
DK06_to_DK03#alt4,4,fwd,213,600.0,1550.0,0.3485,0.0
DK06_to_DK03#alt4,4,fwd,214,650.0,1500.0,0.3784,0.0
DK06_to_DK03#alt4,4,fwd,215,700.0,1450.0,0.4076,0.0
DK06_to_DK03#alt4,4,fwd,216,750.0,1400.0,0.4346,0.0
DK06_to_DK03#alt4,4,fwd,217,800.0,1350.0,0.4346,0.0
DK06_to_DK03#alt4,4,fwd,218,850.0,1300.0,0.4076,0.0
DK06_to_DK03#alt4,4,fwd,219,900.0,1266.67,0.3628,0.0
DK06_to_DK03#alt4,4,fwd,220,950.0,1250.0,0.3679,0.0
DK06_to_DK03#alt4,4,fwd,221,1000.0,1250.0,0.3679,0.0
DK06_to_DK03#alt4,4,fwd,222,1050.0,1250.0,0.3679,0.0
DK03_to_DK06#alt5,5,bwd,0,1050.0,1250.0,0.3679,0.0
DK03_to_DK06#alt5,5,bwd,1,1000.0,1300.0,0.4346,0.0
DK03_to_DK06#alt5,5,bwd,2,950.0,1333.33,0.5134,0.0
DK03_to_DK06#alt5,5,bwd,3,900.0,1350.0,0.503,0.0
DK03_to_DK06#alt5,5,bwd,4,850.0,1350.0,0.4746,0.0
DK03_to_DK06#alt5,5,bwd,5,800.0,1366.67,0.4346,0.0
DK03_to_DK06#alt5,5,bwd,6,750.0,1400.0,0.4346,0.0
DK03_to_DK06#alt5,5,bwd,7,700.0,1450.0,0.4076,0.0
DK03_to_DK06#alt5,5,bwd,8,650.0,1500.0,0.3784,0.0
DK03_to_DK06#alt5,5,bwd,9,600.0,1550.0,0.3485,0.0
DK03_to_DK06#alt5,5,bwd,10,550.0,1600.0,0.3077,0.0
DK03_to_DK06#alt5,5,bwd,11,516.67,1650.0,0.2636,0.0
DK03_to_DK06#alt5,5,bwd,12,500.0,1700.0,0.2609,0.0
DK03_to_DK06#alt5,5,bwd,13,500.0,1750.0,0.253,0.0
DK03_to_DK06#alt5,5,bwd,14,500.0,1800.0,0.2407,0.0
DK03_to_DK06#alt5,5,bwd,15,500.0,1850.0,0.2252,0.0
DK03_to_DK06#alt5,5,bwd,16,500.0,1900.0,0.2076,0.0
DK03_to_DK06#alt5,5,bwd,17,500.0,1950.0,0.1889,0.0
DK03_to_DK06#alt5,5,bwd,18,500.0,2000.0,0.17,0.0
DK03_to_DK06#alt5,5,bwd,19,500.0,2050.0,0.1517,0.0
DK03_to_DK06#alt5,5,bwd,20,500.0,2100.0,0.1344,0.0
DK03_to_DK06#alt5,5,bwd,21,500.0,2150.0,0.1199,0.0
DK03_to_DK06#alt5,5,bwd,22,500.0,2200.0,0.1062,0.0
DK03_to_DK06#alt5,5,bwd,23,500.0,2250.0,0.0947,0.0
DK03_to_DK06#alt5,5,bwd,24,500.0,2300.0,0.0839,0.0
DK03_to_DK06#alt5,5,bwd,25,516.67,2350.0,0.074,0.0
DK03_to_DK06#alt5,5,bwd,26,550.0,2400.0,0.0717,0.0
DK03_to_DK06#alt5,5,bwd,27,600.0,2450.0,0.0695,0.0
DK03_to_DK06#alt5,5,bwd,28,616.67,2500.0,0.0695,0.0
DK03_to_DK06#alt5,5,bwd,29,600.0,2550.0,0.0785,0.0
DK03_to_DK06#alt5,5,bwd,30,566.67,2600.0,0.0821,0.0
DK03_to_DK06#alt5,5,bwd,31,550.0,2650.0,0.0936,0.0
DK03_to_DK06#alt5,5,bwd,32,550.0,2700.0,0.1062,0.0
DK03_to_DK06#alt5,5,bwd,33,533.33,2750.0,0.1199,0.0
DK03_to_DK06#alt5,5,bwd,34,500.0,2800.0,0.1199,0.0
DK03_to_DK06#alt5,5,bwd,35,466.67,2850.0,0.1183,0.0
DK03_to_DK06#alt5,5,bwd,36,450.0,2900.0,0.1308,0.0
DK03_to_DK06#alt5,5,bwd,37,466.67,2950.0,0.1432,0.0
DK03_to_DK06#alt5,5,bwd,38,483.33,3000.0,0.1798,0.0
DK03_to_DK06#alt5,5,bwd,39,500.0,3050.0,0.1937,0.0
DK03_to_DK06#alt5,5,bwd,40,483.33,3100.0,0.2076,0.0
DK03_to_DK06#alt5,5,bwd,41,466.67,3150.0,0.1937,0.0
DK03_to_DK06#alt5,5,bwd,42,466.67,3200.0,0.2057,0.0
DK03_to_DK06#alt5,5,bwd,43,483.33,3250.0,0.253,0.0
DK03_to_DK06#alt5,5,bwd,44,500.0,3300.0,0.2609,0.0
DK03_to_DK06#alt5,5,bwd,45,500.0,3350.0,0.281,0.0
DK03_to_DK06#alt5,5,bwd,46,500.0,3400.0,0.2972,0.0
DK03_to_DK06#alt5,5,bwd,47,500.0,3450.0,0.3077,0.0
DK03_to_DK06#alt5,5,bwd,48,500.0,3500.0,0.3114,0.0
DK03_to_DK06#alt5,5,bwd,49,500.0,3550.0,0.3077,0.0
DK03_to_DK06#alt5,5,bwd,50,516.67,3600.0,0.2972,0.0
DK03_to_DK06#alt5,5,bwd,51,550.0,3650.0,0.3269,0.0
DK03_to_DK06#alt5,5,bwd,52,600.0,3700.0,0.3628,0.0
DK03_to_DK06#alt5,5,bwd,53,650.0,3750.0,0.4076,0.0
DK03_to_DK06#alt5,5,bwd,54,700.0,3800.0,0.4346,0.0
DK03_to_DK06#alt5,5,bwd,55,750.0,3850.0,0.4746,0.0
DK03_to_DK06#alt5,5,bwd,56,800.0,3900.0,0.4931,0.0
DK03_to_DK06#alt5,5,bwd,57,850.0,3950.0,0.4931,0.0
DK03_to_DK06#alt5,5,bwd,58,900.0,4000.0,0.4746,0.0
DK03_to_DK06#alt5,5,bwd,59,950.0,4050.0,0.503,0.0
DK03_to_DK06#alt5,5,bwd,60,1000.0,4083.33,0.5483,0.0
DK03_to_DK06#alt5,5,bwd,61,1050.0,4100.0,0.4931,0.0
DK03_to_DK06#alt5,5,bwd,62,1100.0,4083.33,0.5483,0.0
DK03_to_DK06#alt5,5,bwd,63,1150.0,4050.0,0.5483,0.0
DK03_to_DK06#alt5,5,bwd,64,1200.0,4016.67,0.6889,0.0
DK03_to_DK06#alt5,5,bwd,65,1250.0,4000.0,0.7165,0.0
DK03_to_DK06#alt5,5,bwd,66,1300.0,3983.33,0.6889,0.0
DK03_to_DK06#alt5,5,bwd,67,1350.0,3966.67,0.7165,0.0
DK03_to_DK06#alt5,5,bwd,68,1400.0,3950.0,0.7165,0.0
DK03_to_DK06#alt5,5,bwd,69,1450.0,3933.33,0.6889,0.0
DK03_to_DK06#alt5,5,bwd,70,1500.0,3916.67,0.7165,0.0
DK03_to_DK06#alt5,5,bwd,71,1550.0,3883.33,0.6889,0.0
DK03_to_DK06#alt5,5,bwd,72,1600.0,3850.0,0.6889,0.0
DK03_to_DK06#alt5,5,bwd,73,1650.0,3800.0,0.6889,0.0
DK03_to_DK06#alt5,5,bwd,74,1700.0,3750.0,0.6241,0.0
DK03_to_DK06#alt5,5,bwd,75,1750.0,3716.67,0.6241,0.0
DK03_to_DK06#alt5,5,bwd,76,1800.0,3700.0,0.6889,0.0
DK03_to_DK06#alt5,5,bwd,77,1850.0,3700.0,0.7165,0.0
DK03_to_DK06#alt5,5,bwd,78,1900.0,3700.0,0.7165,0.0
DK03_to_DK06#alt5,5,bwd,79,1950.0,3700.0,0.7165,0.0
DK03_to_DK06#alt5,5,bwd,80,2000.0,3700.0,0.7165,0.0
DK03_to_DK06#alt5,5,bwd,81,2050.0,3700.0,0.7165,0.0
DK03_to_DK06#alt5,5,bwd,82,2100.0,3700.0,0.6889,0.0
DK03_to_DK06#alt5,5,bwd,83,2150.0,3650.0,0.6889,0.0
DK03_to_DK06#alt5,5,bwd,84,2200.0,3600.0,0.6889,0.0
DK03_to_DK06#alt5,5,bwd,85,2250.0,3550.0,0.6889,0.0
DK03_to_DK06#alt5,5,bwd,86,2283.33,3500.0,0.6065,0.0
DK03_to_DK06#alt5,5,bwd,87,2316.67,3450.0,0.6065,0.0
DK03_to_DK06#alt5,5,bwd,88,2333.33,3400.0,0.5134,0.0
DK03_to_DK06#alt5,5,bwd,89,2350.0,3350.0,0.5134,0.0
DK03_to_DK06#alt5,5,bwd,90,2350.0,3300.0,0.5134,0.0
DK03_to_DK06#alt5,5,bwd,91,2366.67,3250.0,0.503,0.0
DK03_to_DK06#alt5,5,bwd,92,2400.0,3200.0,0.4346,0.0
DK03_to_DK06#alt5,5,bwd,93,2450.0,3150.0,0.4076,0.0
DK03_to_DK06#alt5,5,bwd,94,2500.0,3100.0,0.3784,0.0
DK03_to_DK06#alt5,5,bwd,95,2550.0,3050.0,0.3485,0.0
DK03_to_DK06#alt5,5,bwd,96,2600.0,3000.0,0.3784,0.0
DK03_to_DK06#alt5,5,bwd,97,2650.0,2950.0,0.3895,0.0
DK03_to_DK06#alt5,5,bwd,98,2683.33,2900.0,0.3895,0.0
DK03_to_DK06#alt5,5,bwd,99,2700.0,2850.0,0.4346,0.0
DK03_to_DK06#alt5,5,bwd,100,2716.67,2800.0,0.4746,0.0
DK03_to_DK06#alt5,5,bwd,101,2750.0,2750.0,0.4275,0.0
DK03_to_DK06#alt5,5,bwd,102,2783.33,2700.0,0.3784,0.0
DK03_to_DK06#alt5,5,bwd,103,2800.0,2650.0,0.4346,0.0
DK03_to_DK06#alt5,5,bwd,104,2816.67,2600.0,0.4931,0.0
DK03_to_DK06#alt5,5,bwd,105,2850.0,2550.0,0.4931,0.0
DK03_to_DK06#alt5,5,bwd,106,2883.33,2500.0,0.4931,0.0
DK03_to_DK06#alt5,5,bwd,107,2916.67,2450.0,0.5483,0.0
DK03_to_DK06#alt5,5,bwd,108,2950.0,2400.0,0.503,0.0
DK03_to_DK06#alt5,5,bwd,109,3000.0,2350.0,0.4746,0.0
DK03_to_DK06#alt5,5,bwd,110,3050.0,2300.0,0.4275,0.0
DK03_to_DK06#alt5,5,bwd,111,3100.0,2250.0,0.3679,0.0
DK03_to_DK06#alt5,5,bwd,112,3150.0,2200.0,0.3114,0.0
DK03_to_DK06#alt5,5,bwd,113,3200.0,2150.0,0.2636,0.0
DK03_to_DK06#alt5,5,bwd,114,3250.0,2100.0,0.2231,0.0
DK03_to_DK06#alt5,5,bwd,115,3300.0,2050.0,0.1889,0.0
DK03_to_DK06#alt5,5,bwd,116,3350.0,2000.0,0.1599,0.0
DK03_to_DK06#alt5,5,bwd,117,3400.0,1950.0,0.1353,0.0
DK03_to_DK06#alt5,5,bwd,118,3450.0,1900.0,0.1138,0.0
DK03_to_DK06#alt5,5,bwd,119,3500.0,1850.0,0.1036,0.0
DK03_to_DK06#alt5,5,bwd,120,3533.33,1800.0,0.0987,0.0
DK03_to_DK06#alt5,5,bwd,121,3566.67,1750.0,0.1069,0.0
DK03_to_DK06#alt5,5,bwd,122,3583.33,1700.0,0.1138,0.0
DK03_to_DK06#alt5,5,bwd,123,3600.0,1650.0,0.1117,0.0
DK03_to_DK06#alt5,5,bwd,124,3600.0,1600.0,0.1082,0.0
DK03_to_DK06#alt5,5,bwd,125,3600.0,1550.0,0.1117,0.0
DK03_to_DK06#alt5,5,bwd,126,3600.0,1500.0,0.1138,0.0
DK03_to_DK06#alt5,5,bwd,127,3600.0,1450.0,0.1146,0.0
DK03_to_DK06#alt5,5,bwd,128,3600.0,1400.0,0.1146,0.0
DK03_to_DK06#alt5,5,bwd,129,3600.0,1350.0,0.1344,0.0
DK03_to_DK06#alt5,5,bwd,130,3600.0,1300.0,0.1587,0.0
DK03_to_DK06#alt5,5,bwd,131,3600.0,1250.0,0.1873,0.0
DK03_to_DK06#alt5,5,bwd,132,3600.0,1200.0,0.2211,0.0
DK06_to_DK03#alt6,6,fwd,0,3600.0,1200.0,0.2211,0.0
DK06_to_DK03#alt6,6,fwd,1,3650.0,1250.0,0.1889,0.0
DK06_to_DK03#alt6,6,fwd,2,3700.0,1300.0,0.1599,0.0
DK06_to_DK03#alt6,6,fwd,3,3750.0,1350.0,0.1344,0.0
DK06_to_DK03#alt6,6,fwd,4,3800.0,1400.0,0.1495,0.0
DK06_to_DK03#alt6,6,fwd,5,3850.0,1450.0,0.1889,0.0
DK06_to_DK03#alt6,6,fwd,6,3900.0,1500.0,0.2384,0.0
DK06_to_DK03#alt6,6,fwd,7,3933.33,1550.0,0.3006,0.0
DK06_to_DK03#alt6,6,fwd,8,3950.0,1600.0,0.3269,0.0
DK06_to_DK03#alt6,6,fwd,9,3966.67,1650.0,0.3485,0.0
DK06_to_DK03#alt6,6,fwd,10,4000.0,1700.0,0.4275,0.0
DK06_to_DK03#alt6,6,fwd,11,4050.0,1750.0,0.5134,0.0
DK06_to_DK03#alt6,6,fwd,12,4100.0,1800.0,0.6065,0.0
DK06_to_DK03#alt6,6,fwd,13,4133.33,1850.0,0.6889,0.0
DK06_to_DK03#alt6,6,fwd,14,4150.0,1900.0,0.6241,0.0
DK06_to_DK03#alt6,6,fwd,15,4166.67,1950.0,0.5483,0.0
DK06_to_DK03#alt6,6,fwd,16,4183.33,2000.0,0.5483,0.0
DK06_to_DK03#alt6,6,fwd,17,4183.33,2050.0,0.4746,0.0
DK06_to_DK03#alt6,6,fwd,18,4166.67,2100.0,0.3784,0.0
DK06_to_DK03#alt6,6,fwd,19,4150.0,2150.0,0.3269,0.0
DK06_to_DK03#alt6,6,fwd,20,4133.33,2200.0,0.281,0.0
DK06_to_DK03#alt6,6,fwd,21,4100.0,2250.0,0.2636,0.0
DK06_to_DK03#alt6,6,fwd,22,4050.0,2300.0,0.3114,0.0
DK06_to_DK03#alt6,6,fwd,23,4000.0,2350.0,0.3628,0.0
DK06_to_DK03#alt6,6,fwd,24,3950.0,2400.0,0.4076,0.0
DK06_to_DK03#alt6,6,fwd,25,3900.0,2450.0,0.4346,0.0
DK06_to_DK03#alt6,6,fwd,26,3866.67,2500.0,0.4346,0.0
DK06_to_DK03#alt6,6,fwd,27,3866.67,2550.0,0.4931,0.0
DK06_to_DK03#alt6,6,fwd,28,3866.67,2600.0,0.5483,0.0
DK06_to_DK03#alt6,6,fwd,29,3850.0,2650.0,0.5903,0.0
DK06_to_DK03#alt6,6,fwd,30,3800.0,2700.0,0.5483,0.0
DK06_to_DK03#alt6,6,fwd,31,3750.0,2750.0,0.503,0.0
DK06_to_DK03#alt6,6,fwd,32,3700.0,2783.33,0.4346,0.0
DK06_to_DK03#alt6,6,fwd,33,3650.0,2800.0,0.4346,0.0
DK06_to_DK03#alt6,6,fwd,34,3600.0,2800.0,0.4746,0.0
DK06_to_DK03#alt6,6,fwd,35,3550.0,2800.0,0.503,0.0
DK06_to_DK03#alt6,6,fwd,36,3500.0,2800.0,0.5134,0.0
DK06_to_DK03#alt6,6,fwd,37,3450.0,2800.0,0.5134,0.0
DK06_to_DK03#alt6,6,fwd,38,3400.0,2800.0,0.5134,0.0
DK06_to_DK03#alt6,6,fwd,39,3350.0,2800.0,0.5134,0.0
DK06_to_DK03#alt6,6,fwd,40,3300.0,2800.0,0.5134,0.0
DK06_to_DK03#alt6,6,fwd,41,3250.0,2800.0,0.5134,0.0
DK06_to_DK03#alt6,6,fwd,42,3200.0,2800.0,0.503,0.0
DK06_to_DK03#alt6,6,fwd,43,3150.0,2816.67,0.4746,0.0
DK06_to_DK03#alt6,6,fwd,44,3100.0,2850.0,0.4931,0.0
DK06_to_DK03#alt6,6,fwd,45,3050.0,2900.0,0.4931,0.0
DK06_to_DK03#alt6,6,fwd,46,3000.0,2950.0,0.4931,0.0
DK06_to_DK03#alt6,6,fwd,47,2950.0,3000.0,0.4746,0.0
DK06_to_DK03#alt6,6,fwd,48,2900.0,3050.0,0.4275,0.0
DK06_to_DK03#alt6,6,fwd,49,2850.0,3100.0,0.4746,0.0
DK06_to_DK03#alt6,6,fwd,50,2800.0,3150.0,0.4931,0.0
DK06_to_DK03#alt6,6,fwd,51,2750.0,3200.0,0.4931,0.0
DK06_to_DK03#alt6,6,fwd,52,2700.0,3250.0,0.4746,0.0
DK06_to_DK03#alt6,6,fwd,53,2650.0,3300.0,0.4275,0.0
DK06_to_DK03#alt6,6,fwd,54,2600.0,3350.0,0.3679,0.0
DK06_to_DK03#alt6,6,fwd,55,2550.0,3400.0,0.3114,0.0
DK06_to_DK03#alt6,6,fwd,56,2516.67,3450.0,0.3679,0.0
DK06_to_DK03#alt6,6,fwd,57,2500.0,3500.0,0.4346,0.0
DK06_to_DK03#alt6,6,fwd,58,2500.0,3550.0,0.5134,0.0
DK06_to_DK03#alt6,6,fwd,59,2483.33,3600.0,0.6065,0.0
DK06_to_DK03#alt6,6,fwd,60,2450.0,3633.33,0.7165,0.0
DK06_to_DK03#alt6,6,fwd,61,2400.0,3650.0,0.7165,0.0
DK06_to_DK03#alt6,6,fwd,62,2350.0,3666.67,0.6889,0.0
DK06_to_DK03#alt6,6,fwd,63,2300.0,3700.0,0.6889,0.0
DK06_to_DK03#alt6,6,fwd,64,2250.0,3750.0,0.6065,0.0
DK06_to_DK03#alt6,6,fwd,65,2200.0,3800.0,0.5134,0.0
DK06_to_DK03#alt6,6,fwd,66,2150.0,3850.0,0.4346,0.0
DK06_to_DK03#alt6,6,fwd,67,2100.0,3883.33,0.3895,0.0
DK06_to_DK03#alt6,6,fwd,68,2050.0,3900.0,0.4346,0.0
DK06_to_DK03#alt6,6,fwd,69,2000.0,3900.0,0.4931,0.0
DK06_to_DK03#alt6,6,fwd,70,1950.0,3900.0,0.5483,0.0
DK06_to_DK03#alt6,6,fwd,71,1900.0,3900.0,0.5903,0.0
DK06_to_DK03#alt6,6,fwd,72,1850.0,3900.0,0.6241,0.0
DK06_to_DK03#alt6,6,fwd,73,1800.0,3900.0,0.6889,0.0
DK06_to_DK03#alt6,6,fwd,74,1750.0,3900.0,0.7165,0.0
DK06_to_DK03#alt6,6,fwd,75,1700.0,3900.0,0.7165,0.0
DK06_to_DK03#alt6,6,fwd,76,1650.0,3900.0,0.7165,0.0
DK06_to_DK03#alt6,6,fwd,77,1600.0,3900.0,0.6889,0.0
DK06_to_DK03#alt6,6,fwd,78,1550.0,3950.0,0.6889,0.0
DK06_to_DK03#alt6,6,fwd,79,1500.0,4000.0,0.6889,0.0
DK06_to_DK03#alt6,6,fwd,80,1450.0,4033.33,0.7165,0.0
DK06_to_DK03#alt6,6,fwd,81,1400.0,4050.0,0.7165,0.0
DK06_to_DK03#alt6,6,fwd,82,1350.0,4050.0,0.7165,0.0
DK06_to_DK03#alt6,6,fwd,83,1300.0,4050.0,0.7165,0.0
DK06_to_DK03#alt6,6,fwd,84,1250.0,4066.67,0.6889,0.0
DK06_to_DK03#alt6,6,fwd,85,1200.0,4100.0,0.6889,0.0
DK06_to_DK03#alt6,6,fwd,86,1150.0,4133.33,0.6889,0.0
DK06_to_DK03#alt6,6,fwd,87,1100.0,4150.0,0.6241,0.0
DK06_to_DK03#alt6,6,fwd,88,1050.0,4150.0,0.5483,0.0
DK06_to_DK03#alt6,6,fwd,89,1000.0,4150.0,0.6241,0.0
DK06_to_DK03#alt6,6,fwd,90,950.0,4150.0,0.6889,0.0
DK06_to_DK03#alt6,6,fwd,91,900.0,4150.0,0.7165,0.0
DK06_to_DK03#alt6,6,fwd,92,850.0,4166.67,0.6889,0.0
DK06_to_DK03#alt6,6,fwd,93,800.0,4183.33,0.6889,0.0
DK06_to_DK03#alt6,6,fwd,94,750.0,4200.0,0.6241,0.0
DK06_to_DK03#alt6,6,fwd,95,700.0,4200.0,0.6889,0.0
DK06_to_DK03#alt6,6,fwd,96,650.0,4200.0,0.7165,0.0
DK06_to_DK03#alt6,6,fwd,97,600.0,4200.0,0.7165,0.0
DK06_to_DK03#alt6,6,fwd,98,550.0,4183.33,0.7165,0.0
DK06_to_DK03#alt6,6,fwd,99,500.0,4150.0,0.6065,0.0
DK06_to_DK03#alt6,6,fwd,100,450.0,4100.0,0.5134,0.0
DK06_to_DK03#alt6,6,fwd,101,400.0,4050.0,0.4275,0.0
DK06_to_DK03#alt6,6,fwd,102,366.67,4000.0,0.3485,0.0
DK06_to_DK03#alt6,6,fwd,103,350.0,3950.0,0.2972,0.0
DK06_to_DK03#alt6,6,fwd,104,350.0,3900.0,0.253,0.0
DK06_to_DK03#alt6,6,fwd,105,366.67,3850.0,0.2151,0.0
DK06_to_DK03#alt6,6,fwd,106,383.33,3800.0,0.1873,0.0
DK06_to_DK03#alt6,6,fwd,107,400.0,3750.0,0.1827,0.0
DK06_to_DK03#alt6,6,fwd,108,400.0,3700.0,0.1937,0.0
DK06_to_DK03#alt6,6,fwd,109,400.0,3650.0,0.2057,0.0
DK06_to_DK03#alt6,6,fwd,110,400.0,3600.0,0.2151,0.0
DK06_to_DK03#alt6,6,fwd,111,383.33,3550.0,0.2211,0.0
DK06_to_DK03#alt6,6,fwd,112,366.67,3500.0,0.1889,0.0
DK06_to_DK03#alt6,6,fwd,113,350.0,3450.0,0.1873,0.0
DK06_to_DK03#alt6,6,fwd,114,350.0,3400.0,0.1827,0.0
DK06_to_DK03#alt6,6,fwd,115,350.0,3350.0,0.1755,0.0
DK06_to_DK03#alt6,6,fwd,116,350.0,3300.0,0.1661,0.0
DK06_to_DK03#alt6,6,fwd,117,350.0,3250.0,0.1551,0.0
DK06_to_DK03#alt6,6,fwd,118,350.0,3200.0,0.1495,0.0
DK06_to_DK03#alt6,6,fwd,119,350.0,3150.0,0.1422,0.0
DK06_to_DK03#alt6,6,fwd,120,350.0,3100.0,0.1335,0.0
DK06_to_DK03#alt6,6,fwd,121,350.0,3050.0,0.1239,0.0
DK06_to_DK03#alt6,6,fwd,122,350.0,3000.0,0.1146,0.0
DK06_to_DK03#alt6,6,fwd,123,333.33,2950.0,0.1069,0.0
DK06_to_DK03#alt6,6,fwd,124,316.67,2900.0,0.0854,0.0
DK06_to_DK03#alt6,6,fwd,125,300.0,2850.0,0.0785,0.0
DK06_to_DK03#alt6,6,fwd,126,283.33,2800.0,0.0717,0.0
DK06_to_DK03#alt6,6,fwd,127,283.33,2750.0,0.065,0.0
DK06_to_DK03#alt6,6,fwd,128,283.33,2700.0,0.0585,0.0
DK06_to_DK03#alt6,6,fwd,129,300.0,2650.0,0.0524,0.0
DK06_to_DK03#alt6,6,fwd,130,300.0,2600.0,0.0467,0.0
DK06_to_DK03#alt6,6,fwd,131,300.0,2550.0,0.0414,0.0
DK06_to_DK03#alt6,6,fwd,132,300.0,2500.0,0.0369,0.0
DK06_to_DK03#alt6,6,fwd,133,300.0,2450.0,0.0369,0.0
DK06_to_DK03#alt6,6,fwd,134,283.33,2400.0,0.0414,0.0
DK06_to_DK03#alt6,6,fwd,135,250.0,2350.0,0.0414,0.0
DK06_to_DK03#alt6,6,fwd,136,200.0,2300.0,0.0414,0.0
DK06_to_DK03#alt6,6,fwd,137,166.67,2250.0,0.0407,0.0
DK06_to_DK03#alt6,6,fwd,138,150.0,2200.0,0.045,0.0
DK06_to_DK03#alt6,6,fwd,139,150.0,2150.0,0.0496,0.0
DK06_to_DK03#alt6,6,fwd,140,166.67,2100.0,0.0542,0.0
DK06_to_DK03#alt6,6,fwd,141,200.0,2050.0,0.0681,0.0
DK06_to_DK03#alt6,6,fwd,142,233.33,2000.0,0.0854,0.0
DK06_to_DK03#alt6,6,fwd,143,250.0,1950.0,0.092,0.0
DK06_to_DK03#alt6,6,fwd,144,266.67,1900.0,0.0981,0.0
DK06_to_DK03#alt6,6,fwd,145,283.33,1850.0,0.1215,0.0
DK06_to_DK03#alt6,6,fwd,146,300.0,1800.0,0.1273,0.0
DK06_to_DK03#alt6,6,fwd,147,316.67,1750.0,0.1317,0.0
DK06_to_DK03#alt6,6,fwd,148,350.0,1700.0,0.1587,0.0
DK06_to_DK03#alt6,6,fwd,149,400.0,1650.0,0.1889,0.0
DK06_to_DK03#alt6,6,fwd,150,450.0,1600.0,0.2211,0.0
DK06_to_DK03#alt6,6,fwd,151,500.0,1550.0,0.253,0.0
DK06_to_DK03#alt6,6,fwd,152,533.33,1500.0,0.281,0.0
DK06_to_DK03#alt6,6,fwd,153,566.67,1450.0,0.2609,0.0
DK06_to_DK03#alt6,6,fwd,154,600.0,1400.0,0.281,0.0
DK06_to_DK03#alt6,6,fwd,155,650.0,1350.0,0.3006,0.0
DK06_to_DK03#alt6,6,fwd,156,700.0,1300.0,0.3077,0.0
DK06_to_DK03#alt6,6,fwd,157,750.0,1266.67,0.3006,0.0
DK06_to_DK03#alt6,6,fwd,158,800.0,1250.0,0.3269,0.0
DK06_to_DK03#alt6,6,fwd,159,850.0,1250.0,0.3485,0.0
DK06_to_DK03#alt6,6,fwd,160,900.0,1250.0,0.3628,0.0
DK06_to_DK03#alt6,6,fwd,161,950.0,1250.0,0.3679,0.0
DK06_to_DK03#alt6,6,fwd,162,1000.0,1250.0,0.3679,0.0
DK06_to_DK03#alt6,6,fwd,163,1050.0,1250.0,0.3679,0.0
DK03_to_DK05#alt0,0,fwd,0,1050.0,1250.0,0.3679,0.0
DK03_to_DK05#alt0,0,fwd,1,1000.0,1300.0,0.4346,0.0
DK03_to_DK05#alt0,0,fwd,2,950.0,1350.0,0.5134,0.0
DK03_to_DK05#alt0,0,fwd,3,900.0,1400.0,0.5903,0.0
DK03_to_DK05#alt0,0,fwd,4,850.0,1450.0,0.6241,0.0
DK03_to_DK05#alt0,0,fwd,5,800.0,1500.0,0.5903,0.0
DK03_to_DK05#alt0,0,fwd,6,750.0,1550.0,0.5483,0.0
DK03_to_DK05#alt0,0,fwd,7,700.0,1600.0,0.503,0.0
DK03_to_DK05#alt0,0,fwd,8,650.0,1650.0,0.4346,0.0
DK03_to_DK05#alt0,0,fwd,9,616.67,1700.0,0.3628,0.0
DK03_to_DK05#alt0,0,fwd,10,600.0,1750.0,0.3485,0.0
DK03_to_DK05#alt0,0,fwd,11,616.67,1800.0,0.3269,0.0
DK03_to_DK05#alt0,0,fwd,12,633.33,1850.0,0.344,0.0
DK03_to_DK05#alt0,0,fwd,13,650.0,1900.0,0.3077,0.0
DK03_to_DK05#alt0,0,fwd,14,650.0,1950.0,0.2721,0.0
DK03_to_DK05#alt0,0,fwd,15,650.0,2000.0,0.2431,0.0
DK03_to_DK05#alt0,0,fwd,16,650.0,2050.0,0.2151,0.0
DK03_to_DK05#alt0,0,fwd,17,650.0,2100.0,0.1921,0.0
DK03_to_DK05#alt0,0,fwd,18,650.0,2150.0,0.17,0.0
DK03_to_DK05#alt0,0,fwd,19,650.0,2200.0,0.1495,0.0
DK03_to_DK05#alt0,0,fwd,20,650.0,2250.0,0.1308,0.0
DK03_to_DK05#alt0,0,fwd,21,666.67,2300.0,0.1138,0.0
DK03_to_DK05#alt0,0,fwd,22,666.67,2350.0,0.0987,0.0
DK03_to_DK05#alt0,0,fwd,23,650.0,2400.0,0.0854,0.0
DK03_to_DK05#alt0,0,fwd,24,616.67,2450.0,0.0695,0.0
DK03_to_DK05#alt0,0,fwd,25,616.67,2500.0,0.0695,0.0
DK03_to_DK05#alt0,0,fwd,26,616.67,2550.0,0.0785,0.0
DK03_to_DK05#alt0,0,fwd,27,616.67,2600.0,0.0904,0.0
DK03_to_DK05#alt0,0,fwd,28,600.0,2650.0,0.1036,0.0
DK03_to_DK05#alt0,0,fwd,29,600.0,2700.0,0.1183,0.0
DK03_to_DK05#alt0,0,fwd,30,600.0,2750.0,0.1344,0.0
DK03_to_DK05#alt0,0,fwd,31,600.0,2800.0,0.1517,0.0
DK03_to_DK05#alt0,0,fwd,32,600.0,2850.0,0.17,0.0
DK03_to_DK05#alt0,0,fwd,33,616.67,2900.0,0.1921,0.0
DK03_to_DK05#alt0,0,fwd,34,633.33,2950.0,0.2431,0.0
DK03_to_DK05#alt0,0,fwd,35,666.67,3000.0,0.2721,0.0
DK03_to_DK05#alt0,0,fwd,36,666.67,3050.0,0.3006,0.0
DK03_to_DK05#alt0,0,fwd,37,650.0,3100.0,0.3269,0.0
DK03_to_DK05#alt0,0,fwd,38,616.67,3150.0,0.3006,0.0
DK03_to_DK05#alt0,0,fwd,39,616.67,3200.0,0.3269,0.0
DK03_to_DK05#alt0,0,fwd,40,650.0,3250.0,0.4076,0.0
DK03_to_DK05#alt0,0,fwd,41,683.33,3300.0,0.503,0.0
DK03_to_DK05#alt0,0,fwd,42,683.33,3350.0,0.5134,0.0
DK03_to_DK05#alt0,0,fwd,43,666.67,3400.0,0.4746,0.0
DK03_to_DK05#alt0,0,fwd,44,666.67,3450.0,0.503,0.0
DK03_to_DK05#alt0,0,fwd,45,700.0,3500.0,0.6065,0.0
DK03_to_DK05#alt0,0,fwd,46,733.33,3550.0,0.6889,0.0
DK03_to_DK05#alt0,0,fwd,47,766.67,3600.0,0.6241,0.0
DK03_to_DK05#alt0,0,fwd,48,783.33,3650.0,0.7165,0.0
DK03_to_DK05#alt0,0,fwd,49,816.67,3700.0,0.6889,0.0
DK03_to_DK05#alt0,0,fwd,50,833.33,3750.0,0.7165,0.0
DK03_to_DK05#alt0,0,fwd,51,850.0,3800.0,0.6889,0.0
DK03_to_DK05#alt0,0,fwd,52,900.0,3850.0,0.6889,0.0
DK03_to_DK05#alt0,0,fwd,53,950.0,3900.0,0.6889,0.0
DK03_to_DK05#alt0,0,fwd,54,1000.0,3933.33,0.6241,0.0
DK03_to_DK05#alt0,0,fwd,55,1050.0,3966.67,0.6889,0.0
DK03_to_DK05#alt0,0,fwd,56,1100.0,3983.33,0.6065,0.0
DK03_to_DK05#alt0,0,fwd,57,1150.0,4000.0,0.6241,0.0
DK03_to_DK05#alt0,0,fwd,58,1200.0,4000.0,0.6889,0.0
DK03_to_DK05#alt0,0,fwd,59,1250.0,4000.0,0.7165,0.0
DK03_to_DK05#alt0,0,fwd,60,1300.0,4000.0,0.6889,0.0
DK03_to_DK05#alt0,0,fwd,61,1350.0,3983.33,0.6241,0.0
DK03_to_DK05#alt0,0,fwd,62,1400.0,3966.67,0.7165,0.0
DK03_to_DK05#alt0,0,fwd,63,1450.0,3933.33,0.6889,0.0
DK03_to_DK05#alt0,0,fwd,64,1500.0,3916.67,0.7165,0.0
DK03_to_DK05#alt0,0,fwd,65,1550.0,3883.33,0.6889,0.0
DK03_to_DK05#alt0,0,fwd,66,1600.0,3883.33,0.6889,0.0
DK03_to_DK05#alt0,0,fwd,67,1650.0,3883.33,0.7165,0.0
DK03_to_DK05#alt0,0,fwd,68,1700.0,3900.0,0.7165,0.0
DK03_to_DK05#alt0,0,fwd,69,1750.0,3900.0,0.7165,0.0
DK03_to_DK05#alt0,0,fwd,70,1800.0,3916.67,0.6889,0.0
DK03_to_DK05#alt0,0,fwd,71,1850.0,3933.33,0.7165,0.0
DK03_to_DK05#alt0,0,fwd,72,1900.0,3950.0,0.6889,0.0
DK03_to_DK05#alt0,0,fwd,73,1950.0,4000.0,0.6889,0.0
DK03_to_DK05#alt0,0,fwd,74,2000.0,4050.0,0.6889,0.0
DK03_to_DK05#alt0,0,fwd,75,2050.0,4100.0,0.6065,0.0
DK03_to_DK05#alt0,0,fwd,76,2100.0,4150.0,0.5134,0.0
DK03_to_DK05#alt0,0,fwd,77,2150.0,4200.0,0.4346,0.0
DK03_to_DK05#alt0,0,fwd,78,2200.0,4250.0,0.4076,0.0
DK03_to_DK05#alt0,0,fwd,79,2250.0,4300.0,0.4346,0.0
DK03_to_DK05#alt0,0,fwd,80,2300.0,4350.0,0.4346,0.0
DK03_to_DK05#alt0,0,fwd,81,2350.0,4400.0,0.4346,0.0
DK03_to_DK05#alt0,0,fwd,82,2400.0,4416.67,0.3895,0.0
DK03_to_DK05#alt0,0,fwd,83,2450.0,4433.33,0.3784,0.0
DK03_to_DK05#alt0,0,fwd,84,2500.0,4416.67,0.3784,0.0
DK03_to_DK05#alt0,0,fwd,85,2550.0,4433.33,0.4076,0.0
DK03_to_DK05#alt0,0,fwd,86,2600.0,4450.0,0.4746,0.0
DK03_to_DK05#alt0,0,fwd,87,2650.0,4500.0,0.4931,0.0
DK03_to_DK05#alt0,0,fwd,88,2700.0,4533.33,0.4931,0.0
DK03_to_DK05#alt0,0,fwd,89,2750.0,4550.0,0.5483,0.0
DK03_to_DK05#alt0,0,fwd,90,2800.0,4550.0,0.5903,0.0
DK03_to_DK05#alt0,0,fwd,91,2850.0,4550.0,0.6241,0.0
DK03_to_DK05#alt0,0,fwd,92,2900.0,4550.0,0.6889,0.0
DK03_to_DK05#alt0,0,fwd,93,2950.0,4550.0,0.7165,0.0
DK03_to_DK05#alt0,0,fwd,94,3000.0,4550.0,0.7165,0.0
DK03_to_DK05#alt0,0,fwd,95,3050.0,4550.0,0.7165,0.0
DK03_to_DK05#alt0,0,fwd,96,3100.0,4550.0,0.6889,0.0
DK03_to_DK05#alt0,0,fwd,97,3150.0,4500.0,0.7165,0.0
DK03_to_DK05#alt0,0,fwd,98,3200.0,4483.33,0.6889,0.0
DK03_to_DK05#alt0,0,fwd,99,3250.0,4483.33,0.6241,0.0
DK03_to_DK05#alt0,0,fwd,100,3300.0,4466.67,0.6241,0.0
DK03_to_DK05#alt0,0,fwd,101,3350.0,4466.67,0.5483,0.0
DK03_to_DK05#alt0,0,fwd,102,3400.0,4450.0,0.4746,0.0
DK03_to_DK05#alt0,0,fwd,103,3450.0,4450.0,0.4076,0.0
DK03_to_DK05#alt0,0,fwd,104,3500.0,4433.33,0.3784,0.0
DK03_to_DK05#alt0,0,fwd,105,3550.0,4416.67,0.4746,0.0
DK03_to_DK05#alt0,0,fwd,106,3600.0,4400.0,0.503,0.0
DK03_to_DK05#alt0,0,fwd,107,3650.0,4400.0,0.5134,0.0
DK03_to_DK05#alt0,0,fwd,108,3700.0,4416.67,0.5134,0.0
DK03_to_DK05#alt0,0,fwd,109,3750.0,4433.33,0.4346,0.0
DK03_to_DK05#alt0,0,fwd,110,3800.0,4450.0,0.4275,0.0
DK03_to_DK05#alt0,0,fwd,111,3850.0,4433.33,0.4076,0.0
DK03_to_DK05#alt0,0,fwd,112,3900.0,4400.0,0.4346,0.0
DK03_to_DK05#alt0,0,fwd,113,3950.0,4350.0,0.4346,0.0
DK03_to_DK05#alt0,0,fwd,114,4000.0,4300.0,0.4346,0.0
DK03_to_DK05#alt0,0,fwd,115,4050.0,4250.0,0.4076,0.0
DK03_to_DK05#alt0,0,fwd,116,4100.0,4200.0,0.3628,0.0
DK03_to_DK05#alt0,0,fwd,117,4150.0,4150.0,0.3114,0.0
DK03_to_DK05#alt0,0,fwd,118,4200.0,4100.0,0.3077,0.0
DK03_to_DK05#alt0,0,fwd,119,4233.33,4050.0,0.3006,0.0
DK03_to_DK05#alt0,0,fwd,120,4233.33,4000.0,0.3269,0.0
DK03_to_DK05#alt0,0,fwd,121,4233.33,3950.0,0.3485,0.0
DK03_to_DK05#alt0,0,fwd,122,4250.0,3900.0,0.3628,0.0
DK03_to_DK05#alt0,0,fwd,123,4300.0,3866.67,0.3114,0.0
DK03_to_DK05#alt0,0,fwd,124,4350.0,3833.33,0.2636,0.0
DK03_to_DK05#alt0,0,fwd,125,4400.0,3800.0,0.2231,0.0
DK03_to_DK05#alt0,0,fwd,126,4450.0,3750.0,0.1889,0.0
DK03_to_DK05#alt0,0,fwd,127,4500.0,3700.0,0.1798,0.0
DK03_to_DK05#alt0,0,fwd,128,4550.0,3650.0,0.1661,0.0
DK03_to_DK05#alt0,0,fwd,129,4600.0,3600.0,0.1495,0.0
DK03_to_DK05#alt0,0,fwd,130,4650.0,3550.0,0.1317,0.0
DK03_to_DK05#alt0,0,fwd,131,4700.0,3500.0,0.1138,0.0
DK03_to_DK05#alt0,0,fwd,132,4733.33,3450.0,0.097,0.0
DK03_to_DK05#alt0,0,fwd,133,4750.0,3400.0,0.097,0.0
DK03_to_DK05#alt0,0,fwd,134,4750.0,3350.0,0.1062,0.0
DK03_to_DK05#alt0,0,fwd,135,4750.0,3300.0,0.1183,0.0
DK03_to_DK05#alt0,0,fwd,136,4750.0,3250.0,0.1308,0.0
DK03_to_DK05#alt0,0,fwd,137,4733.33,3200.0,0.1432,0.0
DK03_to_DK05#alt0,0,fwd,138,4733.33,3150.0,0.1551,0.0
DK03_to_DK05#alt0,0,fwd,139,4750.0,3100.0,0.1661,0.0
DK03_to_DK05#alt0,0,fwd,140,4783.33,3050.0,0.1551,0.0
DK03_to_DK05#alt0,0,fwd,141,4816.67,3000.0,0.1661,0.0
DK03_to_DK05#alt0,0,fwd,142,4833.33,2950.0,0.1495,0.0
DK03_to_DK05#alt0,0,fwd,143,4866.67,2900.0,0.1551,0.0
DK03_to_DK05#alt0,0,fwd,144,4900.0,2850.0,0.1344,0.0
DK03_to_DK05#alt0,0,fwd,145,4933.33,2800.0,0.1146,0.0
DK03_to_DK05#alt0,0,fwd,146,4950.0,2750.0,0.1138,0.0
DK03_to_DK05#alt0,0,fwd,147,4950.0,2700.0,0.1117,0.0
DK03_to_DK05#alt0,0,fwd,148,4933.33,2650.0,0.1082,0.0
DK03_to_DK05#alt0,0,fwd,149,4916.67,2600.0,0.1215,0.0
DK03_to_DK05#alt0,0,fwd,150,4900.0,2550.0,0.1146,0.0
DK03_to_DK05#alt0,0,fwd,151,4900.0,2500.0,0.1069,0.0
DK03_to_DK05#alt0,0,fwd,152,4900.0,2450.0,0.0987,0.0
DK03_to_DK05#alt0,0,fwd,153,4900.0,2400.0,0.092,0.0
DK03_to_DK05#alt0,0,fwd,154,4916.67,2350.0,0.0947,0.0
DK03_to_DK05#alt0,0,fwd,155,4933.33,2300.0,0.0947,0.0
DK03_to_DK05#alt0,0,fwd,156,4950.0,2250.0,0.1062,0.0
DK05_to_DK03#alt0,0,bwd,0,4950.0,2250.0,0.1062,0.0
DK05_to_DK03#alt0,0,bwd,1,4933.33,2200.0,0.1183,0.0
DK05_to_DK03#alt0,0,bwd,2,4900.0,2150.0,0.1495,0.0
DK05_to_DK03#alt0,0,bwd,3,4866.67,2100.0,0.1889,0.0
DK05_to_DK03#alt0,0,bwd,4,4850.0,2050.0,0.2076,0.0
DK05_to_DK03#alt0,0,bwd,5,4850.0,2000.0,0.2252,0.0
DK05_to_DK03#alt0,0,bwd,6,4850.0,1950.0,0.2407,0.0
DK05_to_DK03#alt0,0,bwd,7,4866.67,1900.0,0.253,0.0
DK05_to_DK03#alt0,0,bwd,8,4900.0,1850.0,0.2211,0.0
DK05_to_DK03#alt0,0,bwd,9,4933.33,1800.0,0.1889,0.0
DK05_to_DK03#alt0,0,bwd,10,4950.0,1750.0,0.1889,0.0
DK05_to_DK03#alt0,0,bwd,11,4950.0,1700.0,0.1873,0.0
DK05_to_DK03#alt0,0,bwd,12,4950.0,1650.0,0.1827,0.0
DK05_to_DK03#alt0,0,bwd,13,4950.0,1600.0,0.1755,0.0
DK05_to_DK03#alt0,0,bwd,14,4950.0,1550.0,0.1661,0.0
DK05_to_DK03#alt0,0,bwd,15,4950.0,1500.0,0.1551,0.0
DK05_to_DK03#alt0,0,bwd,16,4950.0,1450.0,0.1432,0.0
DK05_to_DK03#alt0,0,bwd,17,4950.0,1400.0,0.1308,0.0
DK05_to_DK03#alt0,0,bwd,18,4950.0,1350.0,0.1183,0.0
DK05_to_DK03#alt0,0,bwd,19,4950.0,1300.0,0.1062,0.0
DK05_to_DK03#alt0,0,bwd,20,4933.33,1250.0,0.0947,0.0
DK05_to_DK03#alt0,0,bwd,21,4900.0,1200.0,0.0947,0.0
DK05_to_DK03#alt0,0,bwd,22,4866.67,1150.0,0.0936,0.0
DK05_to_DK03#alt0,0,bwd,23,4850.0,1100.0,0.0839,0.0
DK05_to_DK03#alt0,0,bwd,24,4850.0,1050.0,0.0947,0.0
DK05_to_DK03#alt0,0,bwd,25,4850.0,1000.0,0.1062,0.0
DK05_to_DK03#alt0,0,bwd,26,4850.0,950.0,0.1199,0.0
DK05_to_DK03#alt0,0,bwd,27,4850.0,900.0,0.1344,0.0
DK05_to_DK03#alt0,0,bwd,28,4850.0,850.0,0.1495,0.0
DK05_to_DK03#alt0,0,bwd,29,4850.0,800.0,0.1648,0.0
DK05_to_DK03#alt0,0,bwd,30,4850.0,750.0,0.1798,0.0
DK05_to_DK03#alt0,0,bwd,31,4850.0,700.0,0.1937,0.0
DK05_to_DK03#alt0,0,bwd,32,4850.0,650.0,0.2057,0.0
DK05_to_DK03#alt0,0,bwd,33,4833.33,600.0,0.2151,0.0
DK05_to_DK03#alt0,0,bwd,34,4800.0,550.0,0.2609,0.0
DK05_to_DK03#alt0,0,bwd,35,4750.0,500.0,0.3114,0.0
DK05_to_DK03#alt0,0,bwd,36,4700.0,450.0,0.3679,0.0
DK05_to_DK03#alt0,0,bwd,37,4666.67,400.0,0.4346,0.0
DK05_to_DK03#alt0,0,bwd,38,4633.33,350.0,0.4346,0.0
DK05_to_DK03#alt0,0,bwd,39,4600.0,300.0,0.5134,0.0
DK05_to_DK03#alt0,0,bwd,40,4550.0,250.0,0.5903,0.0
DK05_to_DK03#alt0,0,bwd,41,4500.0,200.0,0.6241,0.0
DK05_to_DK03#alt0,0,bwd,42,4450.0,150.0,0.6241,0.0
DK05_to_DK03#alt0,0,bwd,43,4400.0,100.0,0.5903,0.0
DK05_to_DK03#alt0,0,bwd,44,4350.0,66.67,0.5134,0.0
DK05_to_DK03#alt0,0,bwd,45,4300.0,50.0,0.5134,0.0
DK05_to_DK03#alt0,0,bwd,46,4250.0,50.0,0.5134,0.0
DK05_to_DK03#alt0,0,bwd,47,4200.0,50.0,0.5134,0.0
DK05_to_DK03#alt0,0,bwd,48,4150.0,50.0,0.5134,0.0
DK05_to_DK03#alt0,0,bwd,49,4100.0,50.0,0.503,0.0
DK05_to_DK03#alt0,0,bwd,50,4050.0,50.0,0.4746,0.0
DK05_to_DK03#alt0,0,bwd,51,4000.0,50.0,0.4346,0.0
DK05_to_DK03#alt0,0,bwd,52,3950.0,50.0,0.3895,0.0
DK05_to_DK03#alt0,0,bwd,53,3900.0,50.0,0.344,0.0
DK05_to_DK03#alt0,0,bwd,54,3850.0,50.0,0.3077,0.0
DK05_to_DK03#alt0,0,bwd,55,3800.0,50.0,0.344,0.0
DK05_to_DK03#alt0,0,bwd,56,3750.0,50.0,0.3784,0.0
DK05_to_DK03#alt0,0,bwd,57,3700.0,50.0,0.4076,0.0
DK05_to_DK03#alt0,0,bwd,58,3650.0,50.0,0.4275,0.0
DK05_to_DK03#alt0,0,bwd,59,3600.0,50.0,0.4346,0.0
DK05_to_DK03#alt0,0,bwd,60,3550.0,50.0,0.4346,0.0
DK05_to_DK03#alt0,0,bwd,61,3500.0,66.67,0.4346,0.0
DK05_to_DK03#alt0,0,bwd,62,3450.0,100.0,0.5134,0.0
DK05_to_DK03#alt0,0,bwd,63,3400.0,133.33,0.6065,0.0
DK05_to_DK03#alt0,0,bwd,64,3350.0,150.0,0.6065,0.0
DK05_to_DK03#alt0,0,bwd,65,3300.0,150.0,0.6065,0.0
DK05_to_DK03#alt0,0,bwd,66,3250.0,150.0,0.6065,0.0
DK05_to_DK03#alt0,0,bwd,67,3200.0,150.0,0.5903,0.0
DK05_to_DK03#alt0,0,bwd,68,3150.0,150.0,0.5483,0.0
DK05_to_DK03#alt0,0,bwd,69,3100.0,150.0,0.4931,0.0
DK05_to_DK03#alt0,0,bwd,70,3050.0,150.0,0.4346,0.0
DK05_to_DK03#alt0,0,bwd,71,3000.0,150.0,0.3784,0.0
DK05_to_DK03#alt0,0,bwd,72,2950.0,166.67,0.3269,0.0
DK05_to_DK03#alt0,0,bwd,73,2900.0,183.33,0.2972,0.0
DK05_to_DK03#alt0,0,bwd,74,2850.0,200.0,0.253,0.0
DK05_to_DK03#alt0,0,bwd,75,2800.0,200.0,0.2151,0.0
DK05_to_DK03#alt0,0,bwd,76,2750.0,200.0,0.1827,0.0
DK05_to_DK03#alt0,0,bwd,77,2700.0,200.0,0.1551,0.0
DK05_to_DK03#alt0,0,bwd,78,2650.0,200.0,0.1317,0.0
DK05_to_DK03#alt0,0,bwd,79,2600.0,183.33,0.1117,0.0
DK05_to_DK03#alt0,0,bwd,80,2550.0,166.67,0.092,0.0
DK05_to_DK03#alt0,0,bwd,81,2500.0,150.0,0.0781,0.0
DK05_to_DK03#alt0,0,bwd,82,2450.0,150.0,0.0663,0.0
DK05_to_DK03#alt0,0,bwd,83,2400.0,150.0,0.0563,0.0
DK05_to_DK03#alt0,0,bwd,84,2350.0,150.0,0.0478,0.0
DK05_to_DK03#alt0,0,bwd,85,2300.0,150.0,0.0405,0.0
DK05_to_DK03#alt0,0,bwd,86,2250.0,150.0,0.0344,0.0
DK05_to_DK03#alt0,0,bwd,87,2200.0,166.67,0.0291,0.0
DK05_to_DK03#alt0,0,bwd,88,2150.0,200.0,0.0252,0.0
DK05_to_DK03#alt0,0,bwd,89,2100.0,250.0,0.0216,0.0
DK05_to_DK03#alt0,0,bwd,90,2050.0,283.33,0.0183,0.0
DK05_to_DK03#alt0,0,bwd,91,2000.0,300.0,0.0155,0.0
DK05_to_DK03#alt0,0,bwd,92,1950.0,300.0,0.0155,0.0
DK05_to_DK03#alt0,0,bwd,93,1900.0,316.67,0.0182,0.0
DK05_to_DK03#alt0,0,bwd,94,1850.0,350.0,0.0224,0.0
DK05_to_DK03#alt0,0,bwd,95,1800.0,400.0,0.0274,0.0
DK05_to_DK03#alt0,0,bwd,96,1750.0,450.0,0.0334,0.0
DK05_to_DK03#alt0,0,bwd,97,1700.0,500.0,0.0405,0.0
DK05_to_DK03#alt0,0,bwd,98,1650.0,550.0,0.0489,0.0
DK05_to_DK03#alt0,0,bwd,99,1600.0,600.0,0.0585,0.0
DK05_to_DK03#alt0,0,bwd,100,1550.0,650.0,0.0695,0.0
DK05_to_DK03#alt0,0,bwd,101,1500.0,700.0,0.0821,0.0
DK05_to_DK03#alt0,0,bwd,102,1450.0,750.0,0.0964,0.0
DK05_to_DK03#alt0,0,bwd,103,1400.0,800.0,0.1117,0.0
DK05_to_DK03#alt0,0,bwd,104,1350.0,850.0,0.1273,0.0
DK05_to_DK03#alt0,0,bwd,105,1300.0,900.0,0.1422,0.0
DK05_to_DK03#alt0,0,bwd,106,1250.0,950.0,0.1551,0.0
DK05_to_DK03#alt0,0,bwd,107,1200.0,1000.0,0.1648,0.0
DK05_to_DK03#alt0,0,bwd,108,1150.0,1050.0,0.1827,0.0
DK05_to_DK03#alt0,0,bwd,109,1100.0,1100.0,0.2211,0.0
DK05_to_DK03#alt0,0,bwd,110,1066.67,1150.0,0.2636,0.0
DK05_to_DK03#alt0,0,bwd,111,1050.0,1200.0,0.3114,0.0
DK05_to_DK03#alt0,0,bwd,112,1050.0,1250.0,0.3679,0.0
DK03_to_DK05#alt1,1,fwd,0,1050.0,1250.0,0.3679,0.0
DK03_to_DK05#alt1,1,fwd,1,1100.0,1300.0,0.4275,0.0
DK03_to_DK05#alt1,1,fwd,2,1150.0,1333.33,0.4746,0.0
DK03_to_DK05#alt1,1,fwd,3,1200.0,1366.67,0.4346,0.0
DK03_to_DK05#alt1,1,fwd,4,1250.0,1400.0,0.5134,0.0
DK03_to_DK05#alt1,1,fwd,5,1300.0,1450.0,0.6065,0.0
DK03_to_DK05#alt1,1,fwd,6,1350.0,1483.33,0.7165,0.0
DK03_to_DK05#alt1,1,fwd,7,1400.0,1500.0,0.7165,0.0
DK03_to_DK05#alt1,1,fwd,8,1450.0,1516.67,0.6889,0.0
DK03_to_DK05#alt1,1,fwd,9,1500.0,1550.0,0.6889,0.0
DK03_to_DK05#alt1,1,fwd,10,1550.0,1600.0,0.6889,0.0
DK03_to_DK05#alt1,1,fwd,11,1600.0,1650.0,0.6889,0.0
DK03_to_DK05#alt1,1,fwd,12,1650.0,1683.33,0.6065,0.0
DK03_to_DK05#alt1,1,fwd,13,1700.0,1700.0,0.5134,0.0
DK03_to_DK05#alt1,1,fwd,14,1750.0,1683.33,0.4346,0.0
DK03_to_DK05#alt1,1,fwd,15,1800.0,1666.67,0.3628,0.0
DK03_to_DK05#alt1,1,fwd,16,1850.0,1650.0,0.3895,0.0
DK03_to_DK05#alt1,1,fwd,17,1900.0,1650.0,0.4346,0.0
DK03_to_DK05#alt1,1,fwd,18,1950.0,1633.33,0.4931,0.0
DK03_to_DK05#alt1,1,fwd,19,2000.0,1616.67,0.4931,0.0
DK03_to_DK05#alt1,1,fwd,20,2050.0,1600.0,0.5483,0.0
DK03_to_DK05#alt1,1,fwd,21,2100.0,1600.0,0.5903,0.0
DK03_to_DK05#alt1,1,fwd,22,2150.0,1600.0,0.6241,0.0
DK03_to_DK05#alt1,1,fwd,23,2200.0,1600.0,0.6889,0.0
DK03_to_DK05#alt1,1,fwd,24,2250.0,1600.0,0.7165,0.0
DK03_to_DK05#alt1,1,fwd,25,2300.0,1600.0,0.7165,0.0
DK03_to_DK05#alt1,1,fwd,26,2350.0,1600.0,0.7165,0.0
DK03_to_DK05#alt1,1,fwd,27,2400.0,1600.0,0.7165,0.0
DK03_to_DK05#alt1,1,fwd,28,2450.0,1600.0,0.7165,0.0
DK03_to_DK05#alt1,1,fwd,29,2500.0,1600.0,0.7165,0.0
DK03_to_DK05#alt1,1,fwd,30,2550.0,1600.0,0.7165,0.0
DK03_to_DK05#alt1,1,fwd,31,2600.0,1616.67,0.6889,0.0
DK03_to_DK05#alt1,1,fwd,32,2650.0,1633.33,0.7165,0.0
DK03_to_DK05#alt1,1,fwd,33,2700.0,1650.0,0.6889,0.0
DK03_to_DK05#alt1,1,fwd,34,2750.0,1700.0,0.6889,0.0
DK03_to_DK05#alt1,1,fwd,35,2800.0,1750.0,0.6889,0.0
DK03_to_DK05#alt1,1,fwd,36,2850.0,1800.0,0.6889,0.0
DK03_to_DK05#alt1,1,fwd,37,2900.0,1850.0,0.6241,0.0
DK03_to_DK05#alt1,1,fwd,38,2950.0,1900.0,0.5903,0.0
DK03_to_DK05#alt1,1,fwd,39,2983.33,1950.0,0.5134,0.0
DK03_to_DK05#alt1,1,fwd,40,3000.0,2000.0,0.5134,0.0
DK03_to_DK05#alt1,1,fwd,41,3000.0,2050.0,0.5134,0.0
DK03_to_DK05#alt1,1,fwd,42,3000.0,2100.0,0.5134,0.0
DK03_to_DK05#alt1,1,fwd,43,3016.67,2150.0,0.5134,0.0
DK03_to_DK05#alt1,1,fwd,44,3050.0,2200.0,0.4346,0.0
DK03_to_DK05#alt1,1,fwd,45,3100.0,2250.0,0.3679,0.0
DK03_to_DK05#alt1,1,fwd,46,3150.0,2300.0,0.3077,0.0
DK03_to_DK05#alt1,1,fwd,47,3200.0,2350.0,0.253,0.0
DK03_to_DK05#alt1,1,fwd,48,3250.0,2400.0,0.2057,0.0
DK03_to_DK05#alt1,1,fwd,49,3300.0,2450.0,0.1661,0.0
DK03_to_DK05#alt1,1,fwd,50,3350.0,2500.0,0.1889,0.0
DK03_to_DK05#alt1,1,fwd,51,3400.0,2550.0,0.2231,0.0
DK03_to_DK05#alt1,1,fwd,52,3450.0,2583.33,0.2636,0.0
DK03_to_DK05#alt1,1,fwd,53,3500.0,2616.67,0.2636,0.0
DK03_to_DK05#alt1,1,fwd,54,3550.0,2616.67,0.2609,0.0
DK03_to_DK05#alt1,1,fwd,55,3600.0,2616.67,0.2609,0.0
DK03_to_DK05#alt1,1,fwd,56,3650.0,2583.33,0.3006,0.0
DK03_to_DK05#alt1,1,fwd,57,3700.0,2566.67,0.3269,0.0
DK03_to_DK05#alt1,1,fwd,58,3750.0,2550.0,0.3784,0.0
DK03_to_DK05#alt1,1,fwd,59,3800.0,2533.33,0.4346,0.0
DK03_to_DK05#alt1,1,fwd,60,3850.0,2516.67,0.4346,0.0
DK03_to_DK05#alt1,1,fwd,61,3900.0,2500.0,0.4931,0.0
DK03_to_DK05#alt1,1,fwd,62,3950.0,2483.33,0.5483,0.0
DK03_to_DK05#alt1,1,fwd,63,4000.0,2466.67,0.503,0.0
DK03_to_DK05#alt1,1,fwd,64,4050.0,2433.33,0.5134,0.0
DK03_to_DK05#alt1,1,fwd,65,4100.0,2400.0,0.4346,0.0
DK03_to_DK05#alt1,1,fwd,66,4150.0,2350.0,0.3679,0.0
DK03_to_DK05#alt1,1,fwd,67,4200.0,2300.0,0.3114,0.0
DK03_to_DK05#alt1,1,fwd,68,4250.0,2250.0,0.2609,0.0
DK03_to_DK05#alt1,1,fwd,69,4300.0,2216.67,0.3114,0.0
DK03_to_DK05#alt1,1,fwd,70,4350.0,2200.0,0.3114,0.0
DK03_to_DK05#alt1,1,fwd,71,4400.0,2200.0,0.3114,0.0
DK03_to_DK05#alt1,1,fwd,72,4450.0,2200.0,0.3077,0.0
DK03_to_DK05#alt1,1,fwd,73,4500.0,2200.0,0.2972,0.0
DK03_to_DK05#alt1,1,fwd,74,4550.0,2216.67,0.281,0.0
DK03_to_DK05#alt1,1,fwd,75,4600.0,2233.33,0.2252,0.0
DK03_to_DK05#alt1,1,fwd,76,4650.0,2250.0,0.2076,0.0
DK03_to_DK05#alt1,1,fwd,77,4700.0,2250.0,0.1889,0.0
DK03_to_DK05#alt1,1,fwd,78,4750.0,2250.0,0.17,0.0
DK03_to_DK05#alt1,1,fwd,79,4800.0,2250.0,0.1517,0.0
DK03_to_DK05#alt1,1,fwd,80,4850.0,2250.0,0.1344,0.0
DK03_to_DK05#alt1,1,fwd,81,4900.0,2250.0,0.1199,0.0
DK03_to_DK05#alt1,1,fwd,82,4950.0,2250.0,0.1062,0.0
DK05_to_DK03#alt1,1,bwd,0,4950.0,2250.0,0.1062,0.0
DK05_to_DK03#alt1,1,bwd,1,4900.0,2300.0,0.1062,0.0
DK05_to_DK03#alt1,1,bwd,2,4850.0,2350.0,0.1062,0.0
DK05_to_DK03#alt1,1,bwd,3,4800.0,2400.0,0.1239,0.0
DK05_to_DK03#alt1,1,bwd,4,4750.0,2450.0,0.1551,0.0
DK05_to_DK03#alt1,1,bwd,5,4700.0,2500.0,0.1937,0.0
DK05_to_DK03#alt1,1,bwd,6,4650.0,2550.0,0.2407,0.0
DK05_to_DK03#alt1,1,bwd,7,4600.0,2600.0,0.3006,0.0
DK05_to_DK03#alt1,1,bwd,8,4550.0,2650.0,0.3784,0.0
DK05_to_DK03#alt1,1,bwd,9,4516.67,2700.0,0.4746,0.0
DK05_to_DK03#alt1,1,bwd,10,4500.0,2750.0,0.503,0.0
DK05_to_DK03#alt1,1,bwd,11,4483.33,2800.0,0.5134,0.0
DK05_to_DK03#alt1,1,bwd,12,4450.0,2850.0,0.5903,0.0
DK05_to_DK03#alt1,1,bwd,13,4400.0,2900.0,0.6241,0.0
DK05_to_DK03#alt1,1,bwd,14,4366.67,2950.0,0.6889,0.0
DK05_to_DK03#alt1,1,bwd,15,4333.33,3000.0,0.6241,0.0
DK05_to_DK03#alt1,1,bwd,16,4300.0,3050.0,0.6241,0.0
DK05_to_DK03#alt1,1,bwd,17,4250.0,3100.0,0.5903,0.0
DK05_to_DK03#alt1,1,bwd,18,4216.67,3150.0,0.5134,0.0
DK05_to_DK03#alt1,1,bwd,19,4183.33,3200.0,0.5134,0.0
DK05_to_DK03#alt1,1,bwd,20,4166.67,3250.0,0.6065,0.0
DK05_to_DK03#alt1,1,bwd,21,4150.0,3300.0,0.6241,0.0
DK05_to_DK03#alt1,1,bwd,22,4150.0,3350.0,0.6889,0.0
DK05_to_DK03#alt1,1,bwd,23,4150.0,3400.0,0.7165,0.0
DK05_to_DK03#alt1,1,bwd,24,4150.0,3450.0,0.7165,0.0
DK05_to_DK03#alt1,1,bwd,25,4150.0,3500.0,0.6889,0.0
DK05_to_DK03#alt1,1,bwd,26,4100.0,3550.0,0.6889,0.0
DK05_to_DK03#alt1,1,bwd,27,4066.67,3600.0,0.6889,0.0
DK05_to_DK03#alt1,1,bwd,28,4050.0,3650.0,0.7165,0.0
DK05_to_DK03#alt1,1,bwd,29,4050.0,3700.0,0.7165,0.0
DK05_to_DK03#alt1,1,bwd,30,4066.67,3750.0,0.7165,0.0
DK05_to_DK03#alt1,1,bwd,31,4083.33,3800.0,0.6065,0.0
DK05_to_DK03#alt1,1,bwd,32,4083.33,3850.0,0.6065,0.0
DK05_to_DK03#alt1,1,bwd,33,4050.0,3900.0,0.6889,0.0
DK05_to_DK03#alt1,1,bwd,34,4000.0,3950.0,0.6889,0.0
DK05_to_DK03#alt1,1,bwd,35,3950.0,4000.0,0.6889,0.0
DK05_to_DK03#alt1,1,bwd,36,3916.67,4050.0,0.6889,0.0
DK05_to_DK03#alt1,1,bwd,37,3900.0,4100.0,0.7165,0.0
DK05_to_DK03#alt1,1,bwd,38,3900.0,4150.0,0.7165,0.0
DK05_to_DK03#alt1,1,bwd,39,3900.0,4200.0,0.6889,0.0
DK05_to_DK03#alt1,1,bwd,40,3850.0,4250.0,0.6889,0.0
DK05_to_DK03#alt1,1,bwd,41,3800.0,4300.0,0.6889,0.0
DK05_to_DK03#alt1,1,bwd,42,3750.0,4316.67,0.7165,0.0
DK05_to_DK03#alt1,1,bwd,43,3700.0,4316.67,0.7165,0.0
DK05_to_DK03#alt1,1,bwd,44,3650.0,4300.0,0.7165,0.0
DK05_to_DK03#alt1,1,bwd,45,3600.0,4300.0,0.6889,0.0
DK05_to_DK03#alt1,1,bwd,46,3550.0,4250.0,0.6889,0.0
DK05_to_DK03#alt1,1,bwd,47,3500.0,4200.0,0.6889,0.0
DK05_to_DK03#alt1,1,bwd,48,3483.33,4150.0,0.7165,0.0
DK05_to_DK03#alt1,1,bwd,49,3450.0,4100.0,0.6065,0.0
DK05_to_DK03#alt1,1,bwd,50,3400.0,4050.0,0.5483,0.0
DK05_to_DK03#alt1,1,bwd,51,3350.0,4000.0,0.5903,0.0
DK05_to_DK03#alt1,1,bwd,52,3300.0,3950.0,0.6241,0.0
DK05_to_DK03#alt1,1,bwd,53,3250.0,3900.0,0.6241,0.0
DK05_to_DK03#alt1,1,bwd,54,3200.0,3850.0,0.5903,0.0
DK05_to_DK03#alt1,1,bwd,55,3150.0,3816.67,0.5483,0.0
DK05_to_DK03#alt1,1,bwd,56,3100.0,3816.67,0.5903,0.0
DK05_to_DK03#alt1,1,bwd,57,3050.0,3833.33,0.7165,0.0
DK05_to_DK03#alt1,1,bwd,58,3000.0,3850.0,0.7165,0.0
DK05_to_DK03#alt1,1,bwd,59,2950.0,3850.0,0.7165,0.0
DK05_to_DK03#alt1,1,bwd,60,2900.0,3850.0,0.6889,0.0
DK05_to_DK03#alt1,1,bwd,61,2850.0,3900.0,0.7165,0.0
DK05_to_DK03#alt1,1,bwd,62,2800.0,3900.0,0.6889,0.0
DK05_to_DK03#alt1,1,bwd,63,2750.0,3950.0,0.6889,0.0
DK05_to_DK03#alt1,1,bwd,64,2700.0,4000.0,0.6889,0.0
DK05_to_DK03#alt1,1,bwd,65,2650.0,4050.0,0.6241,0.0
DK05_to_DK03#alt1,1,bwd,66,2600.0,4100.0,0.5903,0.0
DK05_to_DK03#alt1,1,bwd,67,2550.0,4150.0,0.5134,0.0
DK05_to_DK03#alt1,1,bwd,68,2500.0,4183.33,0.4346,0.0
DK05_to_DK03#alt1,1,bwd,69,2450.0,4183.33,0.3679,0.0
DK05_to_DK03#alt1,1,bwd,70,2400.0,4150.0,0.3679,0.0
DK05_to_DK03#alt1,1,bwd,71,2350.0,4100.0,0.4275,0.0
DK05_to_DK03#alt1,1,bwd,72,2300.0,4050.0,0.4746,0.0
DK05_to_DK03#alt1,1,bwd,73,2250.0,4016.67,0.4931,0.0
DK05_to_DK03#alt1,1,bwd,74,2200.0,4000.0,0.4346,0.0
DK05_to_DK03#alt1,1,bwd,75,2150.0,3983.33,0.4076,0.0
DK05_to_DK03#alt1,1,bwd,76,2100.0,3950.0,0.4346,0.0
DK05_to_DK03#alt1,1,bwd,77,2050.0,3900.0,0.4346,0.0
DK05_to_DK03#alt1,1,bwd,78,2000.0,3850.0,0.4346,0.0
DK05_to_DK03#alt1,1,bwd,79,1950.0,3816.67,0.5134,0.0
DK05_to_DK03#alt1,1,bwd,80,1900.0,3816.67,0.5134,0.0
DK05_to_DK03#alt1,1,bwd,81,1850.0,3850.0,0.5483,0.0
DK05_to_DK03#alt1,1,bwd,82,1800.0,3883.33,0.6889,0.0
DK05_to_DK03#alt1,1,bwd,83,1750.0,3900.0,0.7165,0.0
DK05_to_DK03#alt1,1,bwd,84,1700.0,3900.0,0.7165,0.0
DK05_to_DK03#alt1,1,bwd,85,1650.0,3900.0,0.7165,0.0
DK05_to_DK03#alt1,1,bwd,86,1600.0,3900.0,0.6889,0.0
DK05_to_DK03#alt1,1,bwd,87,1550.0,3950.0,0.6889,0.0
DK05_to_DK03#alt1,1,bwd,88,1500.0,4000.0,0.6889,0.0
DK05_to_DK03#alt1,1,bwd,89,1450.0,4033.33,0.7165,0.0
DK05_to_DK03#alt1,1,bwd,90,1400.0,4050.0,0.7165,0.0
DK05_to_DK03#alt1,1,bwd,91,1350.0,4050.0,0.7165,0.0
DK05_to_DK03#alt1,1,bwd,92,1300.0,4050.0,0.7165,0.0
DK05_to_DK03#alt1,1,bwd,93,1250.0,4066.67,0.6889,0.0
DK05_to_DK03#alt1,1,bwd,94,1200.0,4083.33,0.6889,0.0
DK05_to_DK03#alt1,1,bwd,95,1150.0,4100.0,0.6241,0.0
DK05_to_DK03#alt1,1,bwd,96,1100.0,4100.0,0.5483,0.0
DK05_to_DK03#alt1,1,bwd,97,1050.0,4083.33,0.4931,0.0
DK05_to_DK03#alt1,1,bwd,98,1000.0,4050.0,0.4746,0.0
DK05_to_DK03#alt1,1,bwd,99,950.0,4000.0,0.503,0.0
DK05_to_DK03#alt1,1,bwd,100,900.0,3950.0,0.5483,0.0
DK05_to_DK03#alt1,1,bwd,101,850.0,3900.0,0.5483,0.0
DK05_to_DK03#alt1,1,bwd,102,800.0,3850.0,0.5483,0.0
DK05_to_DK03#alt1,1,bwd,103,750.0,3800.0,0.503,0.0
DK05_to_DK03#alt1,1,bwd,104,716.67,3750.0,0.4746,0.0
DK05_to_DK03#alt1,1,bwd,105,700.0,3700.0,0.503,0.0
DK05_to_DK03#alt1,1,bwd,106,683.33,3650.0,0.5134,0.0
DK05_to_DK03#alt1,1,bwd,107,683.33,3600.0,0.5483,0.0
DK05_to_DK03#alt1,1,bwd,108,700.0,3550.0,0.5903,0.0
DK05_to_DK03#alt1,1,bwd,109,733.33,3500.0,0.7165,0.0
DK05_to_DK03#alt1,1,bwd,110,766.67,3450.0,0.6889,0.0
DK05_to_DK03#alt1,1,bwd,111,783.33,3400.0,0.7165,0.0
DK05_to_DK03#alt1,1,bwd,112,800.0,3350.0,0.7165,0.0
DK05_to_DK03#alt1,1,bwd,113,816.67,3300.0,0.6889,0.0
DK05_to_DK03#alt1,1,bwd,114,833.33,3250.0,0.7165,0.0
DK05_to_DK03#alt1,1,bwd,115,850.0,3200.0,0.6889,0.0
DK05_to_DK03#alt1,1,bwd,116,900.0,3150.0,0.6889,0.0
DK05_to_DK03#alt1,1,bwd,117,900.0,3100.0,0.6241,0.0
DK05_to_DK03#alt1,1,bwd,118,900.0,3050.0,0.5483,0.0
DK05_to_DK03#alt1,1,bwd,119,900.0,3000.0,0.4746,0.0
DK05_to_DK03#alt1,1,bwd,120,900.0,2950.0,0.4076,0.0
DK05_to_DK03#alt1,1,bwd,121,900.0,2900.0,0.3485,0.0
DK05_to_DK03#alt1,1,bwd,122,900.0,2850.0,0.3006,0.0
DK05_to_DK03#alt1,1,bwd,123,916.67,2800.0,0.2609,0.0
DK05_to_DK03#alt1,1,bwd,124,916.67,2750.0,0.2252,0.0
DK05_to_DK03#alt1,1,bwd,125,900.0,2700.0,0.1937,0.0
DK05_to_DK03#alt1,1,bwd,126,866.67,2650.0,0.1551,0.0
DK05_to_DK03#alt1,1,bwd,127,850.0,2600.0,0.1587,0.0
DK05_to_DK03#alt1,1,bwd,128,850.0,2550.0,0.1599,0.0
DK05_to_DK03#alt1,1,bwd,129,866.67,2500.0,0.1599,0.0
DK05_to_DK03#alt1,1,bwd,130,866.67,2450.0,0.1599,0.0
DK05_to_DK03#alt1,1,bwd,131,850.0,2400.0,0.1599,0.0
DK05_to_DK03#alt1,1,bwd,132,816.67,2350.0,0.1344,0.0
DK05_to_DK03#alt1,1,bwd,133,800.0,2300.0,0.1517,0.0
DK05_to_DK03#alt1,1,bwd,134,783.33,2250.0,0.17,0.0
DK05_to_DK03#alt1,1,bwd,135,766.67,2200.0,0.1798,0.0
DK05_to_DK03#alt1,1,bwd,136,750.0,2150.0,0.2076,0.0
DK05_to_DK03#alt1,1,bwd,137,750.0,2100.0,0.2384,0.0
DK05_to_DK03#alt1,1,bwd,138,750.0,2050.0,0.2721,0.0
DK05_to_DK03#alt1,1,bwd,139,750.0,2000.0,0.3077,0.0
DK05_to_DK03#alt1,1,bwd,140,750.0,1950.0,0.344,0.0
DK05_to_DK03#alt1,1,bwd,141,750.0,1900.0,0.3895,0.0
DK05_to_DK03#alt1,1,bwd,142,766.67,1850.0,0.4346,0.0
DK05_to_DK03#alt1,1,bwd,143,783.33,1800.0,0.5483,0.0
DK05_to_DK03#alt1,1,bwd,144,800.0,1750.0,0.6241,0.0
DK05_to_DK03#alt1,1,bwd,145,800.0,1700.0,0.6889,0.0
DK05_to_DK03#alt1,1,bwd,146,800.0,1650.0,0.7165,0.0
DK05_to_DK03#alt1,1,bwd,147,816.67,1600.0,0.6889,0.0
DK05_to_DK03#alt1,1,bwd,148,833.33,1550.0,0.7165,0.0
DK05_to_DK03#alt1,1,bwd,149,850.0,1500.0,0.6889,0.0
DK05_to_DK03#alt1,1,bwd,150,900.0,1450.0,0.6889,0.0
DK05_to_DK03#alt1,1,bwd,151,950.0,1433.33,0.7165,0.0
DK05_to_DK03#alt1,1,bwd,152,1000.0,1400.0,0.6065,0.0
DK05_to_DK03#alt1,1,bwd,153,1033.33,1350.0,0.5134,0.0
DK05_to_DK03#alt1,1,bwd,154,1050.0,1300.0,0.4346,0.0
DK05_to_DK03#alt1,1,bwd,155,1050.0,1250.0,0.3679,0.0
DK03_to_DK05#alt2,2,fwd,0,1050.0,1250.0,0.3679,0.0
DK03_to_DK05#alt2,2,fwd,1,1000.0,1300.0,0.4346,0.0
DK03_to_DK05#alt2,2,fwd,2,950.0,1350.0,0.5134,0.0
DK03_to_DK05#alt2,2,fwd,3,900.0,1400.0,0.5903,0.0
DK03_to_DK05#alt2,2,fwd,4,850.0,1450.0,0.6241,0.0
DK03_to_DK05#alt2,2,fwd,5,800.0,1500.0,0.5903,0.0
DK03_to_DK05#alt2,2,fwd,6,750.0,1550.0,0.5483,0.0
DK03_to_DK05#alt2,2,fwd,7,700.0,1600.0,0.503,0.0
DK03_to_DK05#alt2,2,fwd,8,650.0,1650.0,0.4346,0.0
DK03_to_DK05#alt2,2,fwd,9,600.0,1700.0,0.3628,0.0
DK03_to_DK05#alt2,2,fwd,10,550.0,1750.0,0.2972,0.0
DK03_to_DK05#alt2,2,fwd,11,500.0,1800.0,0.2407,0.0
DK03_to_DK05#alt2,2,fwd,12,450.0,1850.0,0.1937,0.0
DK03_to_DK05#alt2,2,fwd,13,400.0,1900.0,0.1551,0.0
DK03_to_DK05#alt2,2,fwd,14,366.67,1950.0,0.1239,0.0
DK03_to_DK05#alt2,2,fwd,15,350.0,2000.0,0.1138,0.0
DK03_to_DK05#alt2,2,fwd,16,350.0,2050.0,0.1036,0.0
DK03_to_DK05#alt2,2,fwd,17,350.0,2100.0,0.0936,0.0
DK03_to_DK05#alt2,2,fwd,18,350.0,2150.0,0.0839,0.0
DK03_to_DK05#alt2,2,fwd,19,366.67,2200.0,0.0748,0.0
DK03_to_DK05#alt2,2,fwd,20,400.0,2250.0,0.0748,0.0
DK03_to_DK05#alt2,2,fwd,21,416.67,2300.0,0.0663,0.0
DK03_to_DK05#alt2,2,fwd,22,416.67,2350.0,0.0591,0.0
DK03_to_DK05#alt2,2,fwd,23,400.0,2400.0,0.0524,0.0
DK03_to_DK05#alt2,2,fwd,24,400.0,2450.0,0.0463,0.0
DK03_to_DK05#alt2,2,fwd,25,400.0,2500.0,0.0463,0.0
DK03_to_DK05#alt2,2,fwd,26,416.67,2550.0,0.0524,0.0
DK03_to_DK05#alt2,2,fwd,27,416.67,2600.0,0.0591,0.0
DK03_to_DK05#alt2,2,fwd,28,416.67,2650.0,0.0663,0.0
DK03_to_DK05#alt2,2,fwd,29,400.0,2700.0,0.0748,0.0
DK03_to_DK05#alt2,2,fwd,30,400.0,2750.0,0.0839,0.0
DK03_to_DK05#alt2,2,fwd,31,400.0,2800.0,0.0936,0.0
DK03_to_DK05#alt2,2,fwd,32,400.0,2850.0,0.1036,0.0
DK03_to_DK05#alt2,2,fwd,33,416.67,2900.0,0.1138,0.0
DK03_to_DK05#alt2,2,fwd,34,433.33,2950.0,0.1432,0.0
DK03_to_DK05#alt2,2,fwd,35,450.0,3000.0,0.1551,0.0
DK03_to_DK05#alt2,2,fwd,36,466.67,3050.0,0.1661,0.0
DK03_to_DK05#alt2,2,fwd,37,483.33,3100.0,0.2076,0.0
DK03_to_DK05#alt2,2,fwd,38,483.33,3150.0,0.2252,0.0
DK03_to_DK05#alt2,2,fwd,39,466.67,3200.0,0.2057,0.0
DK03_to_DK05#alt2,2,fwd,40,450.0,3250.0,0.2151,0.0
DK03_to_DK05#alt2,2,fwd,41,433.33,3300.0,0.2252,0.0
DK03_to_DK05#alt2,2,fwd,42,433.33,3350.0,0.2407,0.0
DK03_to_DK05#alt2,2,fwd,43,433.33,3400.0,0.253,0.0
DK03_to_DK05#alt2,2,fwd,44,450.0,3450.0,0.2609,0.0
DK03_to_DK05#alt2,2,fwd,45,450.0,3500.0,0.2636,0.0
DK03_to_DK05#alt2,2,fwd,46,466.67,3550.0,0.2609,0.0
DK03_to_DK05#alt2,2,fwd,47,500.0,3600.0,0.2972,0.0
DK03_to_DK05#alt2,2,fwd,48,533.33,3650.0,0.3269,0.0
DK03_to_DK05#alt2,2,fwd,49,550.0,3700.0,0.3077,0.0
DK03_to_DK05#alt2,2,fwd,50,566.67,3750.0,0.2972,0.0
DK03_to_DK05#alt2,2,fwd,51,583.33,3800.0,0.3269,0.0
DK03_to_DK05#alt2,2,fwd,52,600.0,3850.0,0.3006,0.0
DK03_to_DK05#alt2,2,fwd,53,616.67,3900.0,0.281,0.0
DK03_to_DK05#alt2,2,fwd,54,650.0,3950.0,0.3114,0.0
DK03_to_DK05#alt2,2,fwd,55,700.0,4000.0,0.3628,0.0
DK03_to_DK05#alt2,2,fwd,56,750.0,4050.0,0.4346,0.0
DK03_to_DK05#alt2,2,fwd,57,800.0,4100.0,0.5483,0.0
DK03_to_DK05#alt2,2,fwd,58,850.0,4133.33,0.6889,0.0
DK03_to_DK05#alt2,2,fwd,59,900.0,4150.0,0.7165,0.0
DK03_to_DK05#alt2,2,fwd,60,950.0,4166.67,0.6889,0.0
DK03_to_DK05#alt2,2,fwd,61,1000.0,4200.0,0.6889,0.0
DK03_to_DK05#alt2,2,fwd,62,1050.0,4250.0,0.6889,0.0
DK03_to_DK05#alt2,2,fwd,63,1083.33,4300.0,0.7165,0.0
DK03_to_DK05#alt2,2,fwd,64,1100.0,4350.0,0.7165,0.0
DK03_to_DK05#alt2,2,fwd,65,1116.67,4400.0,0.6889,0.0
DK03_to_DK05#alt2,2,fwd,66,1133.33,4450.0,0.7165,0.0
DK03_to_DK05#alt2,2,fwd,67,1150.0,4500.0,0.6889,0.0
DK03_to_DK05#alt2,2,fwd,68,1200.0,4550.0,0.6889,0.0
DK03_to_DK05#alt2,2,fwd,69,1250.0,4566.67,0.7165,0.0
DK03_to_DK05#alt2,2,fwd,70,1300.0,4600.0,0.6065,0.0
DK03_to_DK05#alt2,2,fwd,71,1350.0,4650.0,0.5134,0.0
DK03_to_DK05#alt2,2,fwd,72,1400.0,4700.0,0.4346,0.0
DK03_to_DK05#alt2,2,fwd,73,1450.0,4750.0,0.3679,0.0
DK03_to_DK05#alt2,2,fwd,74,1500.0,4800.0,0.3114,0.0
DK03_to_DK05#alt2,2,fwd,75,1550.0,4850.0,0.3269,0.0
DK03_to_DK05#alt2,2,fwd,76,1600.0,4883.33,0.344,0.0
DK03_to_DK05#alt2,2,fwd,77,1650.0,4900.0,0.3895,0.0
DK03_to_DK05#alt2,2,fwd,78,1700.0,4900.0,0.4346,0.0
DK03_to_DK05#alt2,2,fwd,79,1750.0,4916.67,0.4931,0.0
DK03_to_DK05#alt2,2,fwd,80,1800.0,4933.33,0.4931,0.0
DK03_to_DK05#alt2,2,fwd,81,1850.0,4950.0,0.5483,0.0
DK03_to_DK05#alt2,2,fwd,82,1900.0,4950.0,0.6241,0.0
DK03_to_DK05#alt2,2,fwd,83,1950.0,4950.0,0.6889,0.0
DK03_to_DK05#alt2,2,fwd,84,2000.0,4950.0,0.7165,0.0
DK03_to_DK05#alt2,2,fwd,85,2050.0,4950.0,0.7165,0.0
DK03_to_DK05#alt2,2,fwd,86,2100.0,4950.0,0.6889,0.0
DK03_to_DK05#alt2,2,fwd,87,2150.0,4900.0,0.7165,0.0
DK03_to_DK05#alt2,2,fwd,88,2200.0,4900.0,0.6889,0.0
DK03_to_DK05#alt2,2,fwd,89,2250.0,4850.0,0.6889,0.0
DK03_to_DK05#alt2,2,fwd,90,2300.0,4800.0,0.6889,0.0
DK03_to_DK05#alt2,2,fwd,91,2350.0,4750.0,0.6065,0.0
DK03_to_DK05#alt2,2,fwd,92,2400.0,4716.67,0.5134,0.0
DK03_to_DK05#alt2,2,fwd,93,2450.0,4700.0,0.4346,0.0
DK03_to_DK05#alt2,2,fwd,94,2500.0,4700.0,0.3679,0.0
DK03_to_DK05#alt2,2,fwd,95,2550.0,4700.0,0.3114,0.0
DK03_to_DK05#alt2,2,fwd,96,2600.0,4700.0,0.2721,0.0
DK03_to_DK05#alt2,2,fwd,97,2650.0,4683.33,0.3006,0.0
DK03_to_DK05#alt2,2,fwd,98,2700.0,4666.67,0.3784,0.0
DK03_to_DK05#alt2,2,fwd,99,2750.0,4650.0,0.4076,0.0
DK03_to_DK05#alt2,2,fwd,100,2800.0,4650.0,0.4346,0.0
DK03_to_DK05#alt2,2,fwd,101,2850.0,4650.0,0.4746,0.0
DK03_to_DK05#alt2,2,fwd,102,2900.0,4650.0,0.503,0.0
DK03_to_DK05#alt2,2,fwd,103,2950.0,4650.0,0.5134,0.0
DK03_to_DK05#alt2,2,fwd,104,3000.0,4650.0,0.5134,0.0
DK03_to_DK05#alt2,2,fwd,105,3050.0,4650.0,0.5134,0.0
DK03_to_DK05#alt2,2,fwd,106,3100.0,4650.0,0.503,0.0
DK03_to_DK05#alt2,2,fwd,107,3150.0,4633.33,0.4746,0.0
DK03_to_DK05#alt2,2,fwd,108,3200.0,4616.67,0.503,0.0
DK03_to_DK05#alt2,2,fwd,109,3250.0,4600.0,0.4746,0.0
DK03_to_DK05#alt2,2,fwd,110,3300.0,4600.0,0.4346,0.0
DK03_to_DK05#alt2,2,fwd,111,3350.0,4583.33,0.3895,0.0
DK03_to_DK05#alt2,2,fwd,112,3400.0,4583.33,0.344,0.0
DK03_to_DK05#alt2,2,fwd,113,3450.0,4566.67,0.344,0.0
DK03_to_DK05#alt2,2,fwd,114,3500.0,4566.67,0.3006,0.0
DK03_to_DK05#alt2,2,fwd,115,3550.0,4550.0,0.2972,0.0
DK03_to_DK05#alt2,2,fwd,116,3600.0,4550.0,0.3077,0.0
DK03_to_DK05#alt2,2,fwd,117,3650.0,4550.0,0.3114,0.0
DK03_to_DK05#alt2,2,fwd,118,3700.0,4550.0,0.344,0.0
DK03_to_DK05#alt2,2,fwd,119,3750.0,4550.0,0.3895,0.0
DK03_to_DK05#alt2,2,fwd,120,3800.0,4550.0,0.4346,0.0
DK03_to_DK05#alt2,2,fwd,121,3850.0,4533.33,0.4746,0.0
DK03_to_DK05#alt2,2,fwd,122,3900.0,4516.67,0.4275,0.0
DK03_to_DK05#alt2,2,fwd,123,3950.0,4483.33,0.4346,0.0
DK03_to_DK05#alt2,2,fwd,124,4000.0,4450.0,0.3679,0.0
DK03_to_DK05#alt2,2,fwd,125,4050.0,4400.0,0.3077,0.0
DK03_to_DK05#alt2,2,fwd,126,4100.0,4350.0,0.3006,0.0
DK03_to_DK05#alt2,2,fwd,127,4150.0,4300.0,0.281,0.0
DK03_to_DK05#alt2,2,fwd,128,4200.0,4250.0,0.253,0.0
DK03_to_DK05#alt2,2,fwd,129,4250.0,4200.0,0.2211,0.0
DK03_to_DK05#alt2,2,fwd,130,4300.0,4150.0,0.2151,0.0
DK03_to_DK05#alt2,2,fwd,131,4350.0,4100.0,0.2076,0.0
DK03_to_DK05#alt2,2,fwd,132,4400.0,4050.0,0.1937,0.0
DK03_to_DK05#alt2,2,fwd,133,4450.0,4000.0,0.1755,0.0
DK03_to_DK05#alt2,2,fwd,134,4483.33,3950.0,0.1551,0.0
DK03_to_DK05#alt2,2,fwd,135,4516.67,3900.0,0.1587,0.0
DK03_to_DK05#alt2,2,fwd,136,4533.33,3850.0,0.1353,0.0
DK03_to_DK05#alt2,2,fwd,137,4550.0,3800.0,0.1353,0.0
DK03_to_DK05#alt2,2,fwd,138,4550.0,3750.0,0.1432,0.0
DK03_to_DK05#alt2,2,fwd,139,4533.33,3700.0,0.1551,0.0
DK03_to_DK05#alt2,2,fwd,140,4533.33,3650.0,0.1661,0.0
DK03_to_DK05#alt2,2,fwd,141,4533.33,3600.0,0.1755,0.0
DK03_to_DK05#alt2,2,fwd,142,4566.67,3550.0,0.1827,0.0
DK03_to_DK05#alt2,2,fwd,143,4583.33,3500.0,0.1587,0.0
DK03_to_DK05#alt2,2,fwd,144,4616.67,3450.0,0.1599,0.0
DK03_to_DK05#alt2,2,fwd,145,4633.33,3400.0,0.1353,0.0
DK03_to_DK05#alt2,2,fwd,146,4650.0,3350.0,0.1344,0.0
DK03_to_DK05#alt2,2,fwd,147,4650.0,3300.0,0.1517,0.0
DK03_to_DK05#alt2,2,fwd,148,4650.0,3250.0,0.17,0.0
DK03_to_DK05#alt2,2,fwd,149,4650.0,3200.0,0.1889,0.0
DK03_to_DK05#alt2,2,fwd,150,4666.67,3150.0,0.2076,0.0
DK03_to_DK05#alt2,2,fwd,151,4683.33,3100.0,0.1937,0.0
DK03_to_DK05#alt2,2,fwd,152,4700.0,3050.0,0.2076,0.0
DK03_to_DK05#alt2,2,fwd,153,4700.0,3000.0,0.2252,0.0
DK03_to_DK05#alt2,2,fwd,154,4716.67,2950.0,0.2407,0.0
DK03_to_DK05#alt2,2,fwd,155,4733.33,2900.0,0.2151,0.0
DK03_to_DK05#alt2,2,fwd,156,4750.0,2850.0,0.2211,0.0
DK03_to_DK05#alt2,2,fwd,157,4766.67,2800.0,0.2231,0.0
DK03_to_DK05#alt2,2,fwd,158,4766.67,2750.0,0.2211,0.0
DK03_to_DK05#alt2,2,fwd,159,4783.33,2700.0,0.1827,0.0
DK03_to_DK05#alt2,2,fwd,160,4783.33,2650.0,0.1755,0.0
DK03_to_DK05#alt2,2,fwd,161,4816.67,2600.0,0.1661,0.0
DK03_to_DK05#alt2,2,fwd,162,4850.0,2550.0,0.1335,0.0
DK03_to_DK05#alt2,2,fwd,163,4900.0,2500.0,0.1069,0.0
DK03_to_DK05#alt2,2,fwd,164,4933.33,2450.0,0.0854,0.0
DK03_to_DK05#alt2,2,fwd,165,4950.0,2400.0,0.079,0.0
DK03_to_DK05#alt2,2,fwd,166,4950.0,2350.0,0.0839,0.0
DK03_to_DK05#alt2,2,fwd,167,4950.0,2300.0,0.0947,0.0
DK03_to_DK05#alt2,2,fwd,168,4950.0,2250.0,0.1062,0.0
DK05_to_DK03#alt2,2,bwd,0,4950.0,2250.0,0.1062,0.0
DK05_to_DK03#alt2,2,bwd,1,4933.33,2300.0,0.0947,0.0
DK05_to_DK03#alt2,2,bwd,2,4933.33,2350.0,0.0839,0.0
DK05_to_DK03#alt2,2,bwd,3,4950.0,2400.0,0.079,0.0
DK05_to_DK03#alt2,2,bwd,4,4950.0,2450.0,0.0854,0.0
DK05_to_DK03#alt2,2,bwd,5,4950.0,2500.0,0.092,0.0
DK05_to_DK03#alt2,2,bwd,6,4950.0,2550.0,0.0981,0.0
DK05_to_DK03#alt2,2,bwd,7,4950.0,2600.0,0.1036,0.0
DK05_to_DK03#alt2,2,bwd,8,4950.0,2650.0,0.1082,0.0
DK05_to_DK03#alt2,2,bwd,9,4950.0,2700.0,0.1117,0.0
DK05_to_DK03#alt2,2,bwd,10,4950.0,2750.0,0.1138,0.0
DK05_to_DK03#alt2,2,bwd,11,4950.0,2800.0,0.1146,0.0
DK05_to_DK03#alt2,2,bwd,12,4950.0,2850.0,0.1138,0.0
DK05_to_DK03#alt2,2,bwd,13,4950.0,2900.0,0.1117,0.0
DK05_to_DK03#alt2,2,bwd,14,4950.0,2950.0,0.1082,0.0
DK05_to_DK03#alt2,2,bwd,15,4950.0,3000.0,0.1036,0.0
DK05_to_DK03#alt2,2,bwd,16,4950.0,3050.0,0.0981,0.0
DK05_to_DK03#alt2,2,bwd,17,4950.0,3100.0,0.092,0.0
DK05_to_DK03#alt2,2,bwd,18,4950.0,3150.0,0.0854,0.0
DK05_to_DK03#alt2,2,bwd,19,4950.0,3200.0,0.079,0.0
DK05_to_DK03#alt2,2,bwd,20,4950.0,3250.0,0.0736,0.0
DK05_to_DK03#alt2,2,bwd,21,4950.0,3300.0,0.0681,0.0
DK05_to_DK03#alt2,2,bwd,22,4950.0,3350.0,0.0624,0.0
DK05_to_DK03#alt2,2,bwd,23,4950.0,3400.0,0.0568,0.0
DK05_to_DK03#alt2,2,bwd,24,4950.0,3450.0,0.0514,0.0
DK05_to_DK03#alt2,2,bwd,25,4950.0,3500.0,0.0496,0.0
DK05_to_DK03#alt2,2,bwd,26,4950.0,3550.0,0.0489,0.0
DK05_to_DK03#alt2,2,bwd,27,4950.0,3600.0,0.0478,0.0
DK05_to_DK03#alt2,2,bwd,28,4950.0,3650.0,0.0463,0.0
DK05_to_DK03#alt2,2,bwd,29,4950.0,3700.0,0.0444,0.0
DK05_to_DK03#alt2,2,bwd,30,4950.0,3750.0,0.0423,0.0
DK05_to_DK03#alt2,2,bwd,31,4950.0,3800.0,0.04,0.0
DK05_to_DK03#alt2,2,bwd,32,4950.0,3850.0,0.0375,0.0
DK05_to_DK03#alt2,2,bwd,33,4950.0,3900.0,0.0355,0.0
DK05_to_DK03#alt2,2,bwd,34,4950.0,3950.0,0.0351,0.0
DK05_to_DK03#alt2,2,bwd,35,4950.0,4000.0,0.0344,0.0
DK05_to_DK03#alt2,2,bwd,36,4950.0,4050.0,0.0334,0.0
DK05_to_DK03#alt2,2,bwd,37,4933.33,4100.0,0.0322,0.0
DK05_to_DK03#alt2,2,bwd,38,4916.67,4150.0,0.0361,0.0
DK05_to_DK03#alt2,2,bwd,39,4900.0,4200.0,0.0342,0.0
DK05_to_DK03#alt2,2,bwd,40,4900.0,4250.0,0.0323,0.0
DK05_to_DK03#alt2,2,bwd,41,4900.0,4300.0,0.0349,0.0
DK05_to_DK03#alt2,2,bwd,42,4900.0,4350.0,0.0375,0.0
DK05_to_DK03#alt2,2,bwd,43,4900.0,4400.0,0.04,0.0
DK05_to_DK03#alt2,2,bwd,44,4900.0,4450.0,0.0423,0.0
DK05_to_DK03#alt2,2,bwd,45,4883.33,4500.0,0.0444,0.0
DK05_to_DK03#alt2,2,bwd,46,4866.67,4550.0,0.0544,0.0
DK05_to_DK03#alt2,2,bwd,47,4833.33,4600.0,0.0563,0.0
DK05_to_DK03#alt2,2,bwd,48,4800.0,4650.0,0.0681,0.0
DK05_to_DK03#alt2,2,bwd,49,4750.0,4700.0,0.0816,0.0
DK05_to_DK03#alt2,2,bwd,50,4700.0,4750.0,0.097,0.0
DK05_to_DK03#alt2,2,bwd,51,4650.0,4800.0,0.1146,0.0
DK05_to_DK03#alt2,2,bwd,52,4600.0,4850.0,0.1344,0.0
DK05_to_DK03#alt2,2,bwd,53,4550.0,4900.0,0.1551,0.0
DK05_to_DK03#alt2,2,bwd,54,4500.0,4933.33,0.1755,0.0
DK05_to_DK03#alt2,2,bwd,55,4450.0,4950.0,0.2057,0.0
DK05_to_DK03#alt2,2,bwd,56,4400.0,4950.0,0.2407,0.0
DK05_to_DK03#alt2,2,bwd,57,4350.0,4950.0,0.281,0.0
DK05_to_DK03#alt2,2,bwd,58,4300.0,4950.0,0.3269,0.0
DK05_to_DK03#alt2,2,bwd,59,4250.0,4950.0,0.3784,0.0
DK05_to_DK03#alt2,2,bwd,60,4200.0,4950.0,0.4346,0.0
DK05_to_DK03#alt2,2,bwd,61,4150.0,4950.0,0.4931,0.0
DK05_to_DK03#alt2,2,bwd,62,4100.0,4950.0,0.5483,0.0
DK05_to_DK03#alt2,2,bwd,63,4050.0,4950.0,0.5903,0.0
DK05_to_DK03#alt2,2,bwd,64,4000.0,4950.0,0.6065,0.0
DK05_to_DK03#alt2,2,bwd,65,3950.0,4950.0,0.6065,0.0
DK05_to_DK03#alt2,2,bwd,66,3900.0,4933.33,0.5903,0.0
DK05_to_DK03#alt2,2,bwd,67,3850.0,4900.0,0.6241,0.0
DK05_to_DK03#alt2,2,bwd,68,3800.0,4866.67,0.5903,0.0
DK05_to_DK03#alt2,2,bwd,69,3750.0,4850.0,0.503,0.0
DK05_to_DK03#alt2,2,bwd,70,3700.0,4850.0,0.4275,0.0
DK05_to_DK03#alt2,2,bwd,71,3650.0,4850.0,0.3628,0.0
DK05_to_DK03#alt2,2,bwd,72,3600.0,4850.0,0.3077,0.0
DK05_to_DK03#alt2,2,bwd,73,3550.0,4850.0,0.2609,0.0
DK05_to_DK03#alt2,2,bwd,74,3500.0,4850.0,0.2211,0.0
DK05_to_DK03#alt2,2,bwd,75,3450.0,4850.0,0.1873,0.0
DK05_to_DK03#alt2,2,bwd,76,3400.0,4850.0,0.1798,0.0
DK05_to_DK03#alt2,2,bwd,77,3350.0,4850.0,0.1937,0.0
DK05_to_DK03#alt2,2,bwd,78,3300.0,4833.33,0.2076,0.0
DK05_to_DK03#alt2,2,bwd,79,3250.0,4816.67,0.2609,0.0
DK05_to_DK03#alt2,2,bwd,80,3200.0,4800.0,0.281,0.0
DK05_to_DK03#alt2,2,bwd,81,3150.0,4800.0,0.2972,0.0
DK05_to_DK03#alt2,2,bwd,82,3100.0,4800.0,0.3077,0.0
DK05_to_DK03#alt2,2,bwd,83,3050.0,4816.67,0.3114,0.0
DK05_to_DK03#alt2,2,bwd,84,3000.0,4833.33,0.2636,0.0
DK05_to_DK03#alt2,2,bwd,85,2950.0,4850.0,0.2636,0.0
DK05_to_DK03#alt2,2,bwd,86,2900.0,4850.0,0.2609,0.0
DK05_to_DK03#alt2,2,bwd,87,2850.0,4850.0,0.253,0.0
DK05_to_DK03#alt2,2,bwd,88,2800.0,4850.0,0.2407,0.0
DK05_to_DK03#alt2,2,bwd,89,2750.0,4850.0,0.2252,0.0
DK05_to_DK03#alt2,2,bwd,90,2700.0,4833.33,0.2076,0.0
DK05_to_DK03#alt2,2,bwd,91,2650.0,4816.67,0.2252,0.0
DK05_to_DK03#alt2,2,bwd,92,2600.0,4816.67,0.2609,0.0
DK05_to_DK03#alt2,2,bwd,93,2550.0,4833.33,0.2972,0.0
DK05_to_DK03#alt2,2,bwd,94,2500.0,4866.67,0.3485,0.0
DK05_to_DK03#alt2,2,bwd,95,2450.0,4900.0,0.3784,0.0
DK05_to_DK03#alt2,2,bwd,96,2400.0,4933.33,0.3895,0.0
DK05_to_DK03#alt2,2,bwd,97,2350.0,4950.0,0.4346,0.0
DK05_to_DK03#alt2,2,bwd,98,2300.0,4950.0,0.4931,0.0
DK05_to_DK03#alt2,2,bwd,99,2250.0,4950.0,0.5483,0.0
DK05_to_DK03#alt2,2,bwd,100,2200.0,4950.0,0.5903,0.0
DK05_to_DK03#alt2,2,bwd,101,2150.0,4950.0,0.6241,0.0
DK05_to_DK03#alt2,2,bwd,102,2100.0,4950.0,0.6889,0.0
DK05_to_DK03#alt2,2,bwd,103,2050.0,4950.0,0.7165,0.0
DK05_to_DK03#alt2,2,bwd,104,2000.0,4950.0,0.7165,0.0
DK05_to_DK03#alt2,2,bwd,105,1950.0,4933.33,0.6889,0.0
DK05_to_DK03#alt2,2,bwd,106,1900.0,4900.0,0.6889,0.0
DK05_to_DK03#alt2,2,bwd,107,1850.0,4850.0,0.6889,0.0
DK05_to_DK03#alt2,2,bwd,108,1800.0,4800.0,0.6889,0.0
DK05_to_DK03#alt2,2,bwd,109,1750.0,4750.0,0.6889,0.0
DK05_to_DK03#alt2,2,bwd,110,1700.0,4700.0,0.6065,0.0
DK05_to_DK03#alt2,2,bwd,111,1650.0,4666.67,0.5134,0.0
DK05_to_DK03#alt2,2,bwd,112,1600.0,4650.0,0.4746,0.0
DK05_to_DK03#alt2,2,bwd,113,1550.0,4650.0,0.503,0.0
DK05_to_DK03#alt2,2,bwd,114,1500.0,4650.0,0.5134,0.0
DK05_to_DK03#alt2,2,bwd,115,1450.0,4650.0,0.5134,0.0
DK05_to_DK03#alt2,2,bwd,116,1400.0,4650.0,0.5134,0.0
DK05_to_DK03#alt2,2,bwd,117,1350.0,4650.0,0.5134,0.0
DK05_to_DK03#alt2,2,bwd,118,1300.0,4650.0,0.5134,0.0
DK05_to_DK03#alt2,2,bwd,119,1250.0,4650.0,0.5134,0.0
DK05_to_DK03#alt2,2,bwd,120,1200.0,4650.0,0.503,0.0
DK05_to_DK03#alt2,2,bwd,121,1150.0,4650.0,0.4746,0.0
DK05_to_DK03#alt2,2,bwd,122,1100.0,4650.0,0.4346,0.0
DK05_to_DK03#alt2,2,bwd,123,1050.0,4650.0,0.3895,0.0
DK05_to_DK03#alt2,2,bwd,124,1000.0,4650.0,0.3628,0.0
DK05_to_DK03#alt2,2,bwd,125,950.0,4666.67,0.4076,0.0
DK05_to_DK03#alt2,2,bwd,126,900.0,4700.0,0.4346,0.0
DK05_to_DK03#alt2,2,bwd,127,850.0,4750.0,0.4346,0.0
DK05_to_DK03#alt2,2,bwd,128,800.0,4800.0,0.4346,0.0
DK05_to_DK03#alt2,2,bwd,129,750.0,4833.33,0.4076,0.0
DK05_to_DK03#alt2,2,bwd,130,700.0,4833.33,0.4346,0.0
DK05_to_DK03#alt2,2,bwd,131,650.0,4800.0,0.5483,0.0
DK05_to_DK03#alt2,2,bwd,132,600.0,4766.67,0.6889,0.0
DK05_to_DK03#alt2,2,bwd,133,550.0,4750.0,0.7165,0.0
DK05_to_DK03#alt2,2,bwd,134,500.0,4750.0,0.6889,0.0
DK05_to_DK03#alt2,2,bwd,135,450.0,4700.0,0.7165,0.0
DK05_to_DK03#alt2,2,bwd,136,400.0,4700.0,0.6889,0.0
DK05_to_DK03#alt2,2,bwd,137,350.0,4650.0,0.6889,0.0
DK05_to_DK03#alt2,2,bwd,138,300.0,4600.0,0.6889,0.0
DK05_to_DK03#alt2,2,bwd,139,266.67,4550.0,0.6889,0.0
DK05_to_DK03#alt2,2,bwd,140,250.0,4500.0,0.7165,0.0
DK05_to_DK03#alt2,2,bwd,141,250.0,4450.0,0.7165,0.0
DK05_to_DK03#alt2,2,bwd,142,250.0,4400.0,0.6889,0.0
DK05_to_DK03#alt2,2,bwd,143,250.0,4350.0,0.6241,0.0
DK05_to_DK03#alt2,2,bwd,144,250.0,4300.0,0.5903,0.0
DK05_to_DK03#alt2,2,bwd,145,250.0,4250.0,0.5483,0.0
DK05_to_DK03#alt2,2,bwd,146,250.0,4200.0,0.4931,0.0
DK05_to_DK03#alt2,2,bwd,147,250.0,4150.0,0.4346,0.0
DK05_to_DK03#alt2,2,bwd,148,250.0,4100.0,0.3895,0.0
DK05_to_DK03#alt2,2,bwd,149,250.0,4050.0,0.344,0.0
DK05_to_DK03#alt2,2,bwd,150,250.0,4000.0,0.3006,0.0
DK05_to_DK03#alt2,2,bwd,151,250.0,3950.0,0.2609,0.0
DK05_to_DK03#alt2,2,bwd,152,250.0,3900.0,0.2252,0.0
DK05_to_DK03#alt2,2,bwd,153,250.0,3850.0,0.1937,0.0
DK05_to_DK03#alt2,2,bwd,154,250.0,3800.0,0.1661,0.0
DK05_to_DK03#alt2,2,bwd,155,250.0,3750.0,0.1422,0.0
DK05_to_DK03#alt2,2,bwd,156,250.0,3700.0,0.1215,0.0
DK05_to_DK03#alt2,2,bwd,157,250.0,3650.0,0.1273,0.0
DK05_to_DK03#alt2,2,bwd,158,250.0,3600.0,0.1317,0.0
DK05_to_DK03#alt2,2,bwd,159,250.0,3550.0,0.1344,0.0
DK05_to_DK03#alt2,2,bwd,160,250.0,3500.0,0.1353,0.0
DK05_to_DK03#alt2,2,bwd,161,250.0,3450.0,0.1344,0.0
DK05_to_DK03#alt2,2,bwd,162,250.0,3400.0,0.1317,0.0
DK05_to_DK03#alt2,2,bwd,163,250.0,3350.0,0.1273,0.0
DK05_to_DK03#alt2,2,bwd,164,250.0,3300.0,0.1215,0.0
DK05_to_DK03#alt2,2,bwd,165,250.0,3250.0,0.1146,0.0
DK05_to_DK03#alt2,2,bwd,166,250.0,3200.0,0.1082,0.0
DK05_to_DK03#alt2,2,bwd,167,250.0,3150.0,0.1036,0.0
DK05_to_DK03#alt2,2,bwd,168,250.0,3100.0,0.0981,0.0
DK05_to_DK03#alt2,2,bwd,169,250.0,3050.0,0.092,0.0
DK05_to_DK03#alt2,2,bwd,170,233.33,3000.0,0.0854,0.0
DK05_to_DK03#alt2,2,bwd,171,200.0,2950.0,0.0681,0.0
DK05_to_DK03#alt2,2,bwd,172,166.67,2900.0,0.0544,0.0
DK05_to_DK03#alt2,2,bwd,173,150.0,2850.0,0.0507,0.0
DK05_to_DK03#alt2,2,bwd,174,150.0,2800.0,0.0469,0.0
DK05_to_DK03#alt2,2,bwd,175,150.0,2750.0,0.0431,0.0
DK05_to_DK03#alt2,2,bwd,176,150.0,2700.0,0.0393,0.0
DK05_to_DK03#alt2,2,bwd,177,150.0,2650.0,0.0357,0.0
DK05_to_DK03#alt2,2,bwd,178,150.0,2600.0,0.0322,0.0
DK05_to_DK03#alt2,2,bwd,179,150.0,2550.0,0.0289,0.0
DK05_to_DK03#alt2,2,bwd,180,133.33,2500.0,0.0259,0.0
DK05_to_DK03#alt2,2,bwd,181,100.0,2450.0,0.023,0.0
DK05_to_DK03#alt2,2,bwd,182,66.67,2400.0,0.0229,0.0
DK05_to_DK03#alt2,2,bwd,183,50.0,2350.0,0.0255,0.0
DK05_to_DK03#alt2,2,bwd,184,50.0,2300.0,0.0282,0.0
DK05_to_DK03#alt2,2,bwd,185,50.0,2250.0,0.0312,0.0
DK05_to_DK03#alt2,2,bwd,186,50.0,2200.0,0.0342,0.0
DK05_to_DK03#alt2,2,bwd,187,50.0,2150.0,0.0374,0.0
DK05_to_DK03#alt2,2,bwd,188,50.0,2100.0,0.0405,0.0
DK05_to_DK03#alt2,2,bwd,189,66.67,2050.0,0.0437,0.0
DK05_to_DK03#alt2,2,bwd,190,100.0,2000.0,0.0544,0.0
DK05_to_DK03#alt2,2,bwd,191,150.0,1950.0,0.0677,0.0
DK05_to_DK03#alt2,2,bwd,192,183.33,1900.0,0.0839,0.0
DK05_to_DK03#alt2,2,bwd,193,200.0,1850.0,0.0883,0.0
DK05_to_DK03#alt2,2,bwd,194,200.0,1800.0,0.092,0.0
DK05_to_DK03#alt2,2,bwd,195,200.0,1750.0,0.0947,0.0
DK05_to_DK03#alt2,2,bwd,196,216.67,1700.0,0.0964,0.0
DK05_to_DK03#alt2,2,bwd,197,250.0,1650.0,0.1146,0.0
DK05_to_DK03#alt2,2,bwd,198,300.0,1600.0,0.1344,0.0
DK05_to_DK03#alt2,2,bwd,199,350.0,1550.0,0.1551,0.0
DK05_to_DK03#alt2,2,bwd,200,400.0,1500.0,0.1755,0.0
DK05_to_DK03#alt2,2,bwd,201,450.0,1450.0,0.1937,0.0
DK05_to_DK03#alt2,2,bwd,202,500.0,1400.0,0.2076,0.0
DK05_to_DK03#alt2,2,bwd,203,550.0,1350.0,0.2252,0.0
DK05_to_DK03#alt2,2,bwd,204,600.0,1300.0,0.2384,0.0
DK05_to_DK03#alt2,2,bwd,205,650.0,1266.67,0.2431,0.0
DK05_to_DK03#alt2,2,bwd,206,700.0,1250.0,0.2721,0.0
DK05_to_DK03#alt2,2,bwd,207,750.0,1250.0,0.3006,0.0
DK05_to_DK03#alt2,2,bwd,208,800.0,1250.0,0.3269,0.0
DK05_to_DK03#alt2,2,bwd,209,850.0,1250.0,0.3485,0.0
DK05_to_DK03#alt2,2,bwd,210,900.0,1250.0,0.3628,0.0
DK05_to_DK03#alt2,2,bwd,211,950.0,1250.0,0.3679,0.0
DK05_to_DK03#alt2,2,bwd,212,1000.0,1250.0,0.3679,0.0
DK05_to_DK03#alt2,2,bwd,213,1050.0,1250.0,0.3679,0.0
DK05_to_DK03#alt3,3,bwd,0,4950.0,2250.0,0.1062,0.0
DK05_to_DK03#alt3,3,bwd,1,4900.0,2200.0,0.1344,0.0
DK05_to_DK03#alt3,3,bwd,2,4850.0,2150.0,0.17,0.0
DK05_to_DK03#alt3,3,bwd,3,4800.0,2100.0,0.2151,0.0
DK05_to_DK03#alt3,3,bwd,4,4750.0,2050.0,0.2721,0.0
DK05_to_DK03#alt3,3,bwd,5,4700.0,2000.0,0.344,0.0
DK05_to_DK03#alt3,3,bwd,6,4666.67,1950.0,0.4346,0.0
DK05_to_DK03#alt3,3,bwd,7,4650.0,1900.0,0.4746,0.0
DK05_to_DK03#alt3,3,bwd,8,4650.0,1850.0,0.503,0.0
DK05_to_DK03#alt3,3,bwd,9,4633.33,1800.0,0.5134,0.0
DK05_to_DK03#alt3,3,bwd,10,4600.0,1750.0,0.6065,0.0
DK05_to_DK03#alt3,3,bwd,11,4550.0,1700.0,0.6889,0.0
DK05_to_DK03#alt3,3,bwd,12,4500.0,1650.0,0.6889,0.0
DK05_to_DK03#alt3,3,bwd,13,4466.67,1600.0,0.6889,0.0
DK05_to_DK03#alt3,3,bwd,14,4433.33,1550.0,0.5903,0.0
DK05_to_DK03#alt3,3,bwd,15,4416.67,1500.0,0.5134,0.0
DK05_to_DK03#alt3,3,bwd,16,4383.33,1450.0,0.4346,0.0
DK05_to_DK03#alt3,3,bwd,17,4350.0,1400.0,0.3679,0.0
DK05_to_DK03#alt3,3,bwd,18,4300.0,1350.0,0.3114,0.0
DK05_to_DK03#alt3,3,bwd,19,4250.0,1300.0,0.2609,0.0
DK05_to_DK03#alt3,3,bwd,20,4200.0,1250.0,0.2151,0.0
DK05_to_DK03#alt3,3,bwd,21,4150.0,1200.0,0.1755,0.0
DK05_to_DK03#alt3,3,bwd,22,4100.0,1150.0,0.1551,0.0
DK05_to_DK03#alt3,3,bwd,23,4050.0,1100.0,0.1921,0.0
DK05_to_DK03#alt3,3,bwd,24,4000.0,1050.0,0.2431,0.0
DK05_to_DK03#alt3,3,bwd,25,3950.0,1000.0,0.3077,0.0
DK05_to_DK03#alt3,3,bwd,26,3900.0,950.0,0.3895,0.0
DK05_to_DK03#alt3,3,bwd,27,3850.0,900.0,0.4931,0.0
DK05_to_DK03#alt3,3,bwd,28,3800.0,866.67,0.6241,0.0
DK05_to_DK03#alt3,3,bwd,29,3750.0,850.0,0.6889,0.0
DK05_to_DK03#alt3,3,bwd,30,3700.0,850.0,0.7165,0.0
DK05_to_DK03#alt3,3,bwd,31,3650.0,850.0,0.7165,0.0
DK05_to_DK03#alt3,3,bwd,32,3600.0,850.0,0.6889,0.0
DK05_to_DK03#alt3,3,bwd,33,3550.0,800.0,0.7165,0.0
DK05_to_DK03#alt3,3,bwd,34,3500.0,800.0,0.6889,0.0
DK05_to_DK03#alt3,3,bwd,35,3450.0,750.0,0.6889,0.0
DK05_to_DK03#alt3,3,bwd,36,3400.0,700.0,0.6889,0.0
DK05_to_DK03#alt3,3,bwd,37,3350.0,650.0,0.6889,0.0
DK05_to_DK03#alt3,3,bwd,38,3300.0,600.0,0.6889,0.0
DK05_to_DK03#alt3,3,bwd,39,3250.0,566.67,0.6889,0.0
DK05_to_DK03#alt3,3,bwd,40,3200.0,550.0,0.6241,0.0
DK05_to_DK03#alt3,3,bwd,41,3150.0,550.0,0.5483,0.0
DK05_to_DK03#alt3,3,bwd,42,3100.0,550.0,0.4931,0.0
DK05_to_DK03#alt3,3,bwd,43,3050.0,550.0,0.4346,0.0
DK05_to_DK03#alt3,3,bwd,44,3000.0,550.0,0.3784,0.0
DK05_to_DK03#alt3,3,bwd,45,2950.0,550.0,0.3269,0.0
DK05_to_DK03#alt3,3,bwd,46,2900.0,550.0,0.281,0.0
DK05_to_DK03#alt3,3,bwd,47,2850.0,550.0,0.2407,0.0
DK05_to_DK03#alt3,3,bwd,48,2800.0,550.0,0.2057,0.0
DK05_to_DK03#alt3,3,bwd,49,2750.0,550.0,0.1755,0.0
DK05_to_DK03#alt3,3,bwd,50,2700.0,550.0,0.1495,0.0
DK05_to_DK03#alt3,3,bwd,51,2650.0,550.0,0.1273,0.0
DK05_to_DK03#alt3,3,bwd,52,2600.0,550.0,0.1082,0.0
DK05_to_DK03#alt3,3,bwd,53,2550.0,550.0,0.092,0.0
DK05_to_DK03#alt3,3,bwd,54,2500.0,550.0,0.0781,0.0
DK05_to_DK03#alt3,3,bwd,55,2450.0,550.0,0.0681,0.0
DK05_to_DK03#alt3,3,bwd,56,2400.0,550.0,0.0624,0.0
DK05_to_DK03#alt3,3,bwd,57,2350.0,550.0,0.0568,0.0
DK05_to_DK03#alt3,3,bwd,58,2300.0,550.0,0.0514,0.0
DK05_to_DK03#alt3,3,bwd,59,2250.0,550.0,0.0463,0.0
DK05_to_DK03#alt3,3,bwd,60,2200.0,550.0,0.0414,0.0
DK05_to_DK03#alt3,3,bwd,61,2150.0,550.0,0.0369,0.0
DK05_to_DK03#alt3,3,bwd,62,2100.0,566.67,0.0327,0.0
DK05_to_DK03#alt3,3,bwd,63,2050.0,600.0,0.0327,0.0
DK05_to_DK03#alt3,3,bwd,64,2000.0,650.0,0.0322,0.0
DK05_to_DK03#alt3,3,bwd,65,1950.0,700.0,0.0312,0.0
DK05_to_DK03#alt3,3,bwd,66,1900.0,750.0,0.0374,0.0
DK05_to_DK03#alt3,3,bwd,67,1850.0,783.33,0.0469,0.0
DK05_to_DK03#alt3,3,bwd,68,1800.0,816.67,0.0507,0.0
DK05_to_DK03#alt3,3,bwd,69,1750.0,850.0,0.0634,0.0
DK05_to_DK03#alt3,3,bwd,70,1700.0,900.0,0.079,0.0
DK05_to_DK03#alt3,3,bwd,71,1650.0,950.0,0.0981,0.0
DK05_to_DK03#alt3,3,bwd,72,1600.0,1000.0,0.1215,0.0
DK05_to_DK03#alt3,3,bwd,73,1550.0,1050.0,0.1495,0.0
DK05_to_DK03#alt3,3,bwd,74,1500.0,1100.0,0.1827,0.0
DK05_to_DK03#alt3,3,bwd,75,1450.0,1150.0,0.2211,0.0
DK05_to_DK03#alt3,3,bwd,76,1400.0,1200.0,0.2636,0.0
DK05_to_DK03#alt3,3,bwd,77,1350.0,1233.33,0.3114,0.0
DK05_to_DK03#alt3,3,bwd,78,1300.0,1250.0,0.3114,0.0
DK05_to_DK03#alt3,3,bwd,79,1250.0,1250.0,0.3114,0.0
DK05_to_DK03#alt3,3,bwd,80,1200.0,1250.0,0.3269,0.0
DK05_to_DK03#alt3,3,bwd,81,1150.0,1250.0,0.3485,0.0
DK05_to_DK03#alt3,3,bwd,82,1100.0,1250.0,0.3628,0.0
DK05_to_DK03#alt3,3,bwd,83,1050.0,1250.0,0.3679,0.0
DK05_to_DK03#alt4,4,bwd,0,4950.0,2250.0,0.1062,0.0
DK05_to_DK03#alt4,4,bwd,1,4900.0,2200.0,0.1344,0.0
DK05_to_DK03#alt4,4,bwd,2,4850.0,2166.67,0.17,0.0
DK05_to_DK03#alt4,4,bwd,3,4800.0,2133.33,0.1921,0.0
DK05_to_DK03#alt4,4,bwd,4,4750.0,2100.0,0.2431,0.0
DK05_to_DK03#alt4,4,bwd,5,4700.0,2066.67,0.3077,0.0
DK05_to_DK03#alt4,4,bwd,6,4650.0,2033.33,0.344,0.0
DK05_to_DK03#alt4,4,bwd,7,4600.0,2000.0,0.4346,0.0
DK05_to_DK03#alt4,4,bwd,8,4550.0,1966.67,0.5483,0.0
DK05_to_DK03#alt4,4,bwd,9,4500.0,1950.0,0.6241,0.0
DK05_to_DK03#alt4,4,bwd,10,4450.0,1950.0,0.6889,0.0
DK05_to_DK03#alt4,4,bwd,11,4400.0,1950.0,0.7165,0.0
DK05_to_DK03#alt4,4,bwd,12,4350.0,1950.0,0.7165,0.0
DK05_to_DK03#alt4,4,bwd,13,4300.0,1950.0,0.7165,0.0
DK05_to_DK03#alt4,4,bwd,14,4250.0,1933.33,0.6889,0.0
DK05_to_DK03#alt4,4,bwd,15,4200.0,1900.0,0.6889,0.0
DK05_to_DK03#alt4,4,bwd,16,4150.0,1850.0,0.6889,0.0
DK05_to_DK03#alt4,4,bwd,17,4100.0,1800.0,0.6065,0.0
DK05_to_DK03#alt4,4,bwd,18,4050.0,1750.0,0.5134,0.0
DK05_to_DK03#alt4,4,bwd,19,4000.0,1700.0,0.4275,0.0
DK05_to_DK03#alt4,4,bwd,20,3950.0,1650.0,0.3485,0.0
DK05_to_DK03#alt4,4,bwd,21,3900.0,1600.0,0.281,0.0
DK05_to_DK03#alt4,4,bwd,22,3850.0,1566.67,0.2252,0.0
DK05_to_DK03#alt4,4,bwd,23,3800.0,1533.33,0.1937,0.0
DK05_to_DK03#alt4,4,bwd,24,3750.0,1533.33,0.1661,0.0
DK05_to_DK03#alt4,4,bwd,25,3700.0,1533.33,0.1422,0.0
DK05_to_DK03#alt4,4,bwd,26,3650.0,1550.0,0.1215,0.0
DK05_to_DK03#alt4,4,bwd,27,3600.0,1550.0,0.1117,0.0
DK05_to_DK03#alt4,4,bwd,28,3550.0,1550.0,0.1317,0.0
DK05_to_DK03#alt4,4,bwd,29,3500.0,1550.0,0.1551,0.0
DK05_to_DK03#alt4,4,bwd,30,3450.0,1550.0,0.1827,0.0
DK05_to_DK03#alt4,4,bwd,31,3400.0,1550.0,0.2151,0.0
DK05_to_DK03#alt4,4,bwd,32,3350.0,1550.0,0.253,0.0
DK05_to_DK03#alt4,4,bwd,33,3300.0,1550.0,0.2972,0.0
DK05_to_DK03#alt4,4,bwd,34,3250.0,1550.0,0.3485,0.0
DK05_to_DK03#alt4,4,bwd,35,3200.0,1550.0,0.4076,0.0
DK05_to_DK03#alt4,4,bwd,36,3150.0,1550.0,0.4746,0.0
DK05_to_DK03#alt4,4,bwd,37,3100.0,1550.0,0.5483,0.0
DK05_to_DK03#alt4,4,bwd,38,3050.0,1550.0,0.6241,0.0
DK05_to_DK03#alt4,4,bwd,39,3000.0,1550.0,0.6889,0.0
DK05_to_DK03#alt4,4,bwd,40,2950.0,1550.0,0.7165,0.0
DK05_to_DK03#alt4,4,bwd,41,2900.0,1550.0,0.7165,0.0
DK05_to_DK03#alt4,4,bwd,42,2850.0,1550.0,0.7165,0.0
DK05_to_DK03#alt4,4,bwd,43,2800.0,1550.0,0.7165,0.0
DK05_to_DK03#alt4,4,bwd,44,2750.0,1533.33,0.6889,0.0
DK05_to_DK03#alt4,4,bwd,45,2700.0,1500.0,0.6889,0.0
DK05_to_DK03#alt4,4,bwd,46,2650.0,1450.0,0.6065,0.0
DK05_to_DK03#alt4,4,bwd,47,2600.0,1416.67,0.5134,0.0
DK05_to_DK03#alt4,4,bwd,48,2550.0,1400.0,0.4346,0.0
DK05_to_DK03#alt4,4,bwd,49,2500.0,1400.0,0.3679,0.0
DK05_to_DK03#alt4,4,bwd,50,2450.0,1400.0,0.3679,0.0
DK05_to_DK03#alt4,4,bwd,51,2400.0,1416.67,0.3679,0.0
DK05_to_DK03#alt4,4,bwd,52,2350.0,1450.0,0.4346,0.0
DK05_to_DK03#alt4,4,bwd,53,2300.0,1483.33,0.5134,0.0
DK05_to_DK03#alt4,4,bwd,54,2250.0,1500.0,0.5134,0.0
DK05_to_DK03#alt4,4,bwd,55,2200.0,1500.0,0.503,0.0
DK05_to_DK03#alt4,4,bwd,56,2150.0,1516.67,0.4746,0.0
DK05_to_DK03#alt4,4,bwd,57,2100.0,1516.67,0.4346,0.0
DK05_to_DK03#alt4,4,bwd,58,2050.0,1516.67,0.4076,0.0
DK05_to_DK03#alt4,4,bwd,59,2000.0,1500.0,0.3784,0.0
DK05_to_DK03#alt4,4,bwd,60,1950.0,1500.0,0.344,0.0
DK05_to_DK03#alt4,4,bwd,61,1900.0,1500.0,0.3077,0.0
DK05_to_DK03#alt4,4,bwd,62,1850.0,1500.0,0.2721,0.0
DK05_to_DK03#alt4,4,bwd,63,1800.0,1500.0,0.3006,0.0
DK05_to_DK03#alt4,4,bwd,64,1750.0,1500.0,0.344,0.0
DK05_to_DK03#alt4,4,bwd,65,1700.0,1500.0,0.3895,0.0
DK05_to_DK03#alt4,4,bwd,66,1650.0,1500.0,0.4346,0.0
DK05_to_DK03#alt4,4,bwd,67,1600.0,1500.0,0.4931,0.0
DK05_to_DK03#alt4,4,bwd,68,1550.0,1500.0,0.5483,0.0
DK05_to_DK03#alt4,4,bwd,69,1500.0,1500.0,0.6241,0.0
DK05_to_DK03#alt4,4,bwd,70,1450.0,1500.0,0.6889,0.0
DK05_to_DK03#alt4,4,bwd,71,1400.0,1500.0,0.7165,0.0
DK05_to_DK03#alt4,4,bwd,72,1350.0,1500.0,0.7165,0.0
DK05_to_DK03#alt4,4,bwd,73,1300.0,1500.0,0.7165,0.0
DK05_to_DK03#alt4,4,bwd,74,1250.0,1483.33,0.7165,0.0
DK05_to_DK03#alt4,4,bwd,75,1200.0,1466.67,0.5903,0.0
DK05_to_DK03#alt4,4,bwd,76,1150.0,1450.0,0.6241,0.0
DK05_to_DK03#alt4,4,bwd,77,1100.0,1433.33,0.6889,0.0
DK05_to_DK03#alt4,4,bwd,78,1066.67,1400.0,0.6065,0.0
DK05_to_DK03#alt4,4,bwd,79,1050.0,1350.0,0.5134,0.0
DK05_to_DK03#alt4,4,bwd,80,1050.0,1300.0,0.4346,0.0
DK05_to_DK03#alt4,4,bwd,81,1050.0,1250.0,0.3679,0.0
DK03_to_DK05#alt7,7,fwd,0,1050.0,1250.0,0.3679,0.0
DK03_to_DK05#alt7,7,fwd,1,1100.0,1200.0,0.3077,0.0
DK03_to_DK05#alt7,7,fwd,2,1150.0,1166.67,0.253,0.0
DK03_to_DK05#alt7,7,fwd,3,1200.0,1133.33,0.2407,0.0
DK03_to_DK05#alt7,7,fwd,4,1250.0,1100.0,0.1937,0.0
DK03_to_DK05#alt7,7,fwd,5,1300.0,1050.0,0.1599,0.0
DK03_to_DK05#alt7,7,fwd,6,1350.0,1000.0,0.1353,0.0
DK03_to_DK05#alt7,7,fwd,7,1400.0,950.0,0.1146,0.0
DK03_to_DK05#alt7,7,fwd,8,1450.0,900.0,0.0964,0.0
DK03_to_DK05#alt7,7,fwd,9,1500.0,850.0,0.0803,0.0
DK03_to_DK05#alt7,7,fwd,10,1550.0,800.0,0.0681,0.0
DK03_to_DK05#alt7,7,fwd,11,1600.0,783.33,0.064,0.0
DK03_to_DK05#alt7,7,fwd,12,1650.0,766.67,0.0522,0.0
DK03_to_DK05#alt7,7,fwd,13,1700.0,750.0,0.0496,0.0
DK03_to_DK05#alt7,7,fwd,14,1750.0,700.0,0.04,0.0
DK03_to_DK05#alt7,7,fwd,15,1800.0,650.0,0.0322,0.0
DK03_to_DK05#alt7,7,fwd,16,1850.0,600.0,0.0259,0.0
DK03_to_DK05#alt7,7,fwd,17,1900.0,550.0,0.0213,0.0
DK03_to_DK05#alt7,7,fwd,18,1950.0,500.0,0.0204,0.0
DK03_to_DK05#alt7,7,fwd,19,2000.0,450.0,0.0204,0.0
DK03_to_DK05#alt7,7,fwd,20,2050.0,416.67,0.0204,0.0
DK03_to_DK05#alt7,7,fwd,21,2100.0,400.0,0.0229,0.0
DK03_to_DK05#alt7,7,fwd,22,2150.0,400.0,0.0256,0.0
DK03_to_DK05#alt7,7,fwd,23,2200.0,400.0,0.0302,0.0
DK03_to_DK05#alt7,7,fwd,24,2250.0,416.67,0.0357,0.0
DK03_to_DK05#alt7,7,fwd,25,2300.0,433.33,0.042,0.0
DK03_to_DK05#alt7,7,fwd,26,2350.0,450.0,0.0496,0.0
DK03_to_DK05#alt7,7,fwd,27,2400.0,450.0,0.0585,0.0
DK03_to_DK05#alt7,7,fwd,28,2450.0,450.0,0.0691,0.0
DK03_to_DK05#alt7,7,fwd,29,2500.0,433.33,0.0816,0.0
DK03_to_DK05#alt7,7,fwd,30,2550.0,400.0,0.097,0.0
DK03_to_DK05#alt7,7,fwd,31,2600.0,350.0,0.1146,0.0
DK03_to_DK05#alt7,7,fwd,32,2650.0,316.67,0.1353,0.0
DK03_to_DK05#alt7,7,fwd,33,2700.0,300.0,0.1599,0.0
DK03_to_DK05#alt7,7,fwd,34,2750.0,300.0,0.1889,0.0
DK03_to_DK05#alt7,7,fwd,35,2800.0,300.0,0.2231,0.0
DK03_to_DK05#alt7,7,fwd,36,2850.0,300.0,0.2636,0.0
DK03_to_DK05#alt7,7,fwd,37,2900.0,300.0,0.3114,0.0
DK03_to_DK05#alt7,7,fwd,38,2950.0,283.33,0.3679,0.0
DK03_to_DK05#alt7,7,fwd,39,3000.0,250.0,0.4275,0.0
DK03_to_DK05#alt7,7,fwd,40,3050.0,216.67,0.4746,0.0
DK03_to_DK05#alt7,7,fwd,41,3100.0,200.0,0.5483,0.0
DK03_to_DK05#alt7,7,fwd,42,3150.0,200.0,0.6241,0.0
DK03_to_DK05#alt7,7,fwd,43,3200.0,200.0,0.6889,0.0
DK03_to_DK05#alt7,7,fwd,44,3250.0,200.0,0.7165,0.0
DK03_to_DK05#alt7,7,fwd,45,3300.0,200.0,0.7165,0.0
DK03_to_DK05#alt7,7,fwd,46,3350.0,200.0,0.7165,0.0
DK03_to_DK05#alt7,7,fwd,47,3400.0,200.0,0.7165,0.0
DK03_to_DK05#alt7,7,fwd,48,3450.0,200.0,0.7165,0.0
DK03_to_DK05#alt7,7,fwd,49,3500.0,200.0,0.7165,0.0
DK03_to_DK05#alt7,7,fwd,50,3550.0,200.0,0.7165,0.0
DK03_to_DK05#alt7,7,fwd,51,3600.0,200.0,0.7165,0.0
DK03_to_DK05#alt7,7,fwd,52,3650.0,216.67,0.6889,0.0
DK03_to_DK05#alt7,7,fwd,53,3700.0,250.0,0.6889,0.0
DK03_to_DK05#alt7,7,fwd,54,3750.0,300.0,0.6889,0.0
DK03_to_DK05#alt7,7,fwd,55,3800.0,333.33,0.7165,0.0
DK03_to_DK05#alt7,7,fwd,56,3850.0,366.67,0.6889,0.0
DK03_to_DK05#alt7,7,fwd,57,3900.0,400.0,0.6889,0.0
DK03_to_DK05#alt7,7,fwd,58,3933.33,450.0,0.7165,0.0
DK03_to_DK05#alt7,7,fwd,59,3966.67,500.0,0.6889,0.0
DK03_to_DK05#alt7,7,fwd,60,3983.33,550.0,0.7165,0.0
DK03_to_DK05#alt7,7,fwd,61,4000.0,600.0,0.6889,0.0
DK03_to_DK05#alt7,7,fwd,62,4050.0,650.0,0.6889,0.0
DK03_to_DK05#alt7,7,fwd,63,4100.0,683.33,0.6241,0.0
DK03_to_DK05#alt7,7,fwd,64,4150.0,700.0,0.6889,0.0
DK03_to_DK05#alt7,7,fwd,65,4200.0,716.67,0.7165,0.0
DK03_to_DK05#alt7,7,fwd,66,4250.0,750.0,0.6065,0.0
DK03_to_DK05#alt7,7,fwd,67,4300.0,800.0,0.5134,0.0
DK03_to_DK05#alt7,7,fwd,68,4350.0,850.0,0.4275,0.0
DK03_to_DK05#alt7,7,fwd,69,4400.0,900.0,0.3485,0.0
DK03_to_DK05#alt7,7,fwd,70,4450.0,950.0,0.281,0.0
DK03_to_DK05#alt7,7,fwd,71,4500.0,1000.0,0.2252,0.0
DK03_to_DK05#alt7,7,fwd,72,4550.0,1050.0,0.1798,0.0
DK03_to_DK05#alt7,7,fwd,73,4583.33,1100.0,0.1432,0.0
DK03_to_DK05#alt7,7,fwd,74,4600.0,1150.0,0.1422,0.0
DK03_to_DK05#alt7,7,fwd,75,4600.0,1200.0,0.1661,0.0
DK03_to_DK05#alt7,7,fwd,76,4600.0,1250.0,0.1937,0.0
DK03_to_DK05#alt7,7,fwd,77,4616.67,1300.0,0.2252,0.0
DK03_to_DK05#alt7,7,fwd,78,4650.0,1350.0,0.2384,0.0
DK03_to_DK05#alt7,7,fwd,79,4683.33,1400.0,0.2431,0.0
DK03_to_DK05#alt7,7,fwd,80,4716.67,1450.0,0.2721,0.0
DK03_to_DK05#alt7,7,fwd,81,4750.0,1500.0,0.2721,0.0
DK03_to_DK05#alt7,7,fwd,82,4800.0,1550.0,0.2609,0.0
DK03_to_DK05#alt7,7,fwd,83,4833.33,1600.0,0.2407,0.0
DK03_to_DK05#alt7,7,fwd,84,4850.0,1650.0,0.253,0.0
DK03_to_DK05#alt7,7,fwd,85,4850.0,1700.0,0.2609,0.0
DK03_to_DK05#alt7,7,fwd,86,4850.0,1750.0,0.2636,0.0
DK03_to_DK05#alt7,7,fwd,87,4850.0,1800.0,0.2636,0.0
DK03_to_DK05#alt7,7,fwd,88,4866.67,1850.0,0.2609,0.0
DK03_to_DK05#alt7,7,fwd,89,4900.0,1900.0,0.2151,0.0
DK03_to_DK05#alt7,7,fwd,90,4933.33,1950.0,0.1755,0.0
DK03_to_DK05#alt7,7,fwd,91,4950.0,2000.0,0.1661,0.0
DK03_to_DK05#alt7,7,fwd,92,4950.0,2050.0,0.1551,0.0
DK03_to_DK05#alt7,7,fwd,93,4950.0,2100.0,0.1432,0.0
DK03_to_DK05#alt7,7,fwd,94,4950.0,2150.0,0.1308,0.0
DK03_to_DK05#alt7,7,fwd,95,4950.0,2200.0,0.1183,0.0
DK03_to_DK05#alt7,7,fwd,96,4950.0,2250.0,0.1062,0.0
DB02_to_DK06#alt0,0,fwd,0,1800.0,1100.0,0.1183,0.0
DB02_to_DK06#alt0,0,fwd,1,1850.0,1050.0,0.0936,0.0
DB02_to_DK06#alt0,0,fwd,2,1900.0,1016.67,0.074,0.0
DB02_to_DK06#alt0,0,fwd,3,1950.0,983.33,0.079,0.0
DB02_to_DK06#alt0,0,fwd,4,2000.0,966.67,0.0717,0.0
DB02_to_DK06#alt0,0,fwd,5,2050.0,950.0,0.0752,0.0
DB02_to_DK06#alt0,0,fwd,6,2100.0,933.33,0.0781,0.0
DB02_to_DK06#alt0,0,fwd,7,2150.0,916.67,0.0785,0.0
DB02_to_DK06#alt0,0,fwd,8,2200.0,900.0,0.0904,0.0
DB02_to_DK06#alt0,0,fwd,9,2250.0,916.67,0.1036,0.0
DB02_to_DK06#alt0,0,fwd,10,2300.0,933.33,0.1308,0.0
DB02_to_DK06#alt0,0,fwd,11,2350.0,933.33,0.1495,0.0
DB02_to_DK06#alt0,0,fwd,12,2400.0,916.67,0.1517,0.0
DB02_to_DK06#alt0,0,fwd,13,2450.0,900.0,0.17,0.0
DB02_to_DK06#alt0,0,fwd,14,2500.0,900.0,0.1921,0.0
DB02_to_DK06#alt0,0,fwd,15,2550.0,916.67,0.2151,0.0
DB02_to_DK06#alt0,0,fwd,16,2600.0,933.33,0.2721,0.0
DB02_to_DK06#alt0,0,fwd,17,2650.0,950.0,0.3006,0.0
DB02_to_DK06#alt0,0,fwd,18,2700.0,950.0,0.3269,0.0
DB02_to_DK06#alt0,0,fwd,19,2750.0,950.0,0.3485,0.0
DB02_to_DK06#alt0,0,fwd,20,2800.0,950.0,0.3628,0.0
DB02_to_DK06#alt0,0,fwd,21,2850.0,950.0,0.3679,0.0
DB02_to_DK06#alt0,0,fwd,22,2900.0,950.0,0.3679,0.0
DB02_to_DK06#alt0,0,fwd,23,2950.0,950.0,0.3628,0.0
DB02_to_DK06#alt0,0,fwd,24,3000.0,950.0,0.3485,0.0
DB02_to_DK06#alt0,0,fwd,25,3050.0,966.67,0.3269,0.0
DB02_to_DK06#alt0,0,fwd,26,3100.0,1000.0,0.344,0.0
DB02_to_DK06#alt0,0,fwd,27,3150.0,1050.0,0.344,0.0
DB02_to_DK06#alt0,0,fwd,28,3200.0,1100.0,0.344,0.0
DB02_to_DK06#alt0,0,fwd,29,3250.0,1150.0,0.3269,0.0
DB02_to_DK06#alt0,0,fwd,30,3300.0,1183.33,0.2972,0.0
DB02_to_DK06#alt0,0,fwd,31,3350.0,1200.0,0.253,0.0
DB02_to_DK06#alt0,0,fwd,32,3400.0,1200.0,0.2151,0.0
DB02_to_DK06#alt0,0,fwd,33,3450.0,1200.0,0.1937,0.0
DB02_to_DK06#alt0,0,fwd,34,3500.0,1200.0,0.2057,0.0
DB02_to_DK06#alt0,0,fwd,35,3550.0,1200.0,0.2151,0.0
DB02_to_DK06#alt0,0,fwd,36,3600.0,1200.0,0.2211,0.0
DB02_to_DK06#alt1,1,fwd,0,1800.0,1100.0,0.1183,0.0
DB02_to_DK06#alt1,1,fwd,1,1850.0,1150.0,0.1199,0.0
DB02_to_DK06#alt1,1,fwd,2,1900.0,1183.33,0.1335,0.0
DB02_to_DK06#alt1,1,fwd,3,1950.0,1200.0,0.1432,0.0
DB02_to_DK06#alt1,1,fwd,4,2000.0,1200.0,0.1551,0.0
DB02_to_DK06#alt1,1,fwd,5,2050.0,1200.0,0.1661,0.0
DB02_to_DK06#alt1,1,fwd,6,2100.0,1183.33,0.1755,0.0
DB02_to_DK06#alt1,1,fwd,7,2150.0,1166.67,0.1551,0.0
DB02_to_DK06#alt1,1,fwd,8,2200.0,1150.0,0.1587,0.0
DB02_to_DK06#alt1,1,fwd,9,2250.0,1150.0,0.1599,0.0
DB02_to_DK06#alt1,1,fwd,10,2300.0,1150.0,0.1755,0.0
DB02_to_DK06#alt1,1,fwd,11,2350.0,1150.0,0.2057,0.0
DB02_to_DK06#alt1,1,fwd,12,2400.0,1150.0,0.2407,0.0
DB02_to_DK06#alt1,1,fwd,13,2450.0,1150.0,0.281,0.0
DB02_to_DK06#alt1,1,fwd,14,2500.0,1150.0,0.3269,0.0
DB02_to_DK06#alt1,1,fwd,15,2550.0,1150.0,0.3784,0.0
DB02_to_DK06#alt1,1,fwd,16,2600.0,1150.0,0.4346,0.0
DB02_to_DK06#alt1,1,fwd,17,2650.0,1150.0,0.4931,0.0
DB02_to_DK06#alt1,1,fwd,18,2700.0,1150.0,0.5483,0.0
DB02_to_DK06#alt1,1,fwd,19,2750.0,1150.0,0.6241,0.0
DB02_to_DK06#alt1,1,fwd,20,2800.0,1150.0,0.6889,0.0
DB02_to_DK06#alt1,1,fwd,21,2850.0,1150.0,0.7165,0.0
DB02_to_DK06#alt1,1,fwd,22,2900.0,1150.0,0.7165,0.0
DB02_to_DK06#alt1,1,fwd,23,2950.0,1166.67,0.6889,0.0
DB02_to_DK06#alt1,1,fwd,24,3000.0,1200.0,0.6889,0.0
DB02_to_DK06#alt1,1,fwd,25,3050.0,1250.0,0.6889,0.0
DB02_to_DK06#alt1,1,fwd,26,3100.0,1283.33,0.6065,0.0
DB02_to_DK06#alt1,1,fwd,27,3150.0,1300.0,0.5134,0.0
DB02_to_DK06#alt1,1,fwd,28,3200.0,1300.0,0.4346,0.0
DB02_to_DK06#alt1,1,fwd,29,3250.0,1300.0,0.3679,0.0
DB02_to_DK06#alt1,1,fwd,30,3300.0,1300.0,0.3114,0.0
DB02_to_DK06#alt1,1,fwd,31,3350.0,1300.0,0.2636,0.0
DB02_to_DK06#alt1,1,fwd,32,3400.0,1300.0,0.2231,0.0
DB02_to_DK06#alt1,1,fwd,33,3450.0,1300.0,0.1889,0.0
DB02_to_DK06#alt1,1,fwd,34,3500.0,1300.0,0.1599,0.0
DB02_to_DK06#alt1,1,fwd,35,3550.0,1283.33,0.1551,0.0
DB02_to_DK06#alt1,1,fwd,36,3583.33,1250.0,0.1873,0.0
DB02_to_DK06#alt1,1,fwd,37,3600.0,1200.0,0.2211,0.0
DB02_to_DK06#alt2,2,fwd,0,1800.0,1100.0,0.1183,0.0
DB02_to_DK06#alt2,2,fwd,1,1850.0,1050.0,0.0936,0.0
DB02_to_DK06#alt2,2,fwd,2,1900.0,1000.0,0.074,0.0
DB02_to_DK06#alt2,2,fwd,3,1950.0,950.0,0.0677,0.0
DB02_to_DK06#alt2,2,fwd,4,2000.0,900.0,0.0612,0.0
DB02_to_DK06#alt2,2,fwd,5,2050.0,850.0,0.0544,0.0
DB02_to_DK06#alt2,2,fwd,6,2100.0,800.0,0.0568,0.0
DB02_to_DK06#alt2,2,fwd,7,2150.0,750.0,0.0585,0.0
DB02_to_DK06#alt2,2,fwd,8,2200.0,700.0,0.0591,0.0
DB02_to_DK06#alt2,2,fwd,9,2250.0,666.67,0.0591,0.0
DB02_to_DK06#alt2,2,fwd,10,2300.0,650.0,0.0663,0.0
DB02_to_DK06#alt2,2,fwd,11,2350.0,650.0,0.074,0.0
DB02_to_DK06#alt2,2,fwd,12,2400.0,650.0,0.0821,0.0
DB02_to_DK06#alt2,2,fwd,13,2450.0,650.0,0.0904,0.0
DB02_to_DK06#alt2,2,fwd,14,2500.0,650.0,0.0987,0.0
DB02_to_DK06#alt2,2,fwd,15,2550.0,650.0,0.1069,0.0
DB02_to_DK06#alt2,2,fwd,16,2600.0,650.0,0.1146,0.0
DB02_to_DK06#alt2,2,fwd,17,2650.0,650.0,0.1215,0.0
DB02_to_DK06#alt2,2,fwd,18,2700.0,650.0,0.1335,0.0
DB02_to_DK06#alt2,2,fwd,19,2750.0,650.0,0.1551,0.0
DB02_to_DK06#alt2,2,fwd,20,2800.0,650.0,0.1798,0.0
DB02_to_DK06#alt2,2,fwd,21,2850.0,650.0,0.2076,0.0
DB02_to_DK06#alt2,2,fwd,22,2900.0,650.0,0.2384,0.0
DB02_to_DK06#alt2,2,fwd,23,2950.0,650.0,0.2721,0.0
DB02_to_DK06#alt2,2,fwd,24,3000.0,650.0,0.3077,0.0
DB02_to_DK06#alt2,2,fwd,25,3050.0,650.0,0.344,0.0
DB02_to_DK06#alt2,2,fwd,26,3100.0,666.67,0.3895,0.0
DB02_to_DK06#alt2,2,fwd,27,3150.0,700.0,0.3895,0.0
DB02_to_DK06#alt2,2,fwd,28,3200.0,750.0,0.3895,0.0
DB02_to_DK06#alt2,2,fwd,29,3250.0,800.0,0.3895,0.0
DB02_to_DK06#alt2,2,fwd,30,3300.0,833.33,0.3895,0.0
DB02_to_DK06#alt2,2,fwd,31,3350.0,866.67,0.4346,0.0
DB02_to_DK06#alt2,2,fwd,32,3400.0,900.0,0.4346,0.0
DB02_to_DK06#alt2,2,fwd,33,3450.0,933.33,0.4076,0.0
DB02_to_DK06#alt2,2,fwd,34,3500.0,966.67,0.4346,0.0
DB02_to_DK06#alt2,2,fwd,35,3550.0,1000.0,0.4076,0.0
DB02_to_DK06#alt2,2,fwd,36,3583.33,1050.0,0.3628,0.0
DB02_to_DK06#alt2,2,fwd,37,3600.0,1100.0,0.3077,0.0
DB02_to_DK06#alt2,2,fwd,38,3600.0,1150.0,0.2609,0.0
DB02_to_DK06#alt2,2,fwd,39,3600.0,1200.0,0.2211,0.0
DB02_to_DK06#alt3,3,fwd,0,1800.0,1100.0,0.1183,0.0
DB02_to_DK06#alt3,3,fwd,1,1850.0,1150.0,0.1199,0.0
DB02_to_DK06#alt3,3,fwd,2,1900.0,1200.0,0.1335,0.0
DB02_to_DK06#alt3,3,fwd,3,1950.0,1233.33,0.1661,0.0
DB02_to_DK06#alt3,3,fwd,4,2000.0,1250.0,0.1798,0.0
DB02_to_DK06#alt3,3,fwd,5,2050.0,1250.0,0.1937,0.0
DB02_to_DK06#alt3,3,fwd,6,2100.0,1266.67,0.2057,0.0
DB02_to_DK06#alt3,3,fwd,7,2150.0,1283.33,0.253,0.0
DB02_to_DK06#alt3,3,fwd,8,2200.0,1316.67,0.2609,0.0
DB02_to_DK06#alt3,3,fwd,9,2250.0,1350.0,0.3114,0.0
DB02_to_DK06#alt3,3,fwd,10,2300.0,1400.0,0.3679,0.0
DB02_to_DK06#alt3,3,fwd,11,2350.0,1450.0,0.4346,0.0
DB02_to_DK06#alt3,3,fwd,12,2400.0,1483.33,0.5134,0.0
DB02_to_DK06#alt3,3,fwd,13,2450.0,1500.0,0.5134,0.0
DB02_to_DK06#alt3,3,fwd,14,2500.0,1500.0,0.5134,0.0
DB02_to_DK06#alt3,3,fwd,15,2550.0,1500.0,0.5134,0.0
DB02_to_DK06#alt3,3,fwd,16,2600.0,1516.67,0.503,0.0
DB02_to_DK06#alt3,3,fwd,17,2650.0,1533.33,0.5483,0.0
DB02_to_DK06#alt3,3,fwd,18,2700.0,1550.0,0.6241,0.0
DB02_to_DK06#alt3,3,fwd,19,2750.0,1550.0,0.6889,0.0
DB02_to_DK06#alt3,3,fwd,20,2800.0,1550.0,0.7165,0.0
DB02_to_DK06#alt3,3,fwd,21,2850.0,1550.0,0.7165,0.0
DB02_to_DK06#alt3,3,fwd,22,2900.0,1550.0,0.7165,0.0
DB02_to_DK06#alt3,3,fwd,23,2950.0,1550.0,0.7165,0.0
DB02_to_DK06#alt3,3,fwd,24,3000.0,1550.0,0.6889,0.0
DB02_to_DK06#alt3,3,fwd,25,3050.0,1500.0,0.6889,0.0
DB02_to_DK06#alt3,3,fwd,26,3100.0,1450.0,0.6065,0.0
DB02_to_DK06#alt3,3,fwd,27,3150.0,1416.67,0.5134,0.0
DB02_to_DK06#alt3,3,fwd,28,3200.0,1400.0,0.4346,0.0
DB02_to_DK06#alt3,3,fwd,29,3250.0,1400.0,0.3679,0.0
DB02_to_DK06#alt3,3,fwd,30,3300.0,1400.0,0.3114,0.0
DB02_to_DK06#alt3,3,fwd,31,3350.0,1400.0,0.2636,0.0
DB02_to_DK06#alt3,3,fwd,32,3400.0,1383.33,0.2231,0.0
DB02_to_DK06#alt3,3,fwd,33,3450.0,1350.0,0.1889,0.0
DB02_to_DK06#alt3,3,fwd,34,3500.0,1316.67,0.1599,0.0
DB02_to_DK06#alt3,3,fwd,35,3550.0,1283.33,0.1551,0.0
DB02_to_DK06#alt3,3,fwd,36,3583.33,1250.0,0.1873,0.0
DB02_to_DK06#alt3,3,fwd,37,3600.0,1200.0,0.2211,0.0
DK06_to_DB02#alt4,4,bwd,0,3600.0,1200.0,0.2211,0.0
DK06_to_DB02#alt4,4,bwd,1,3650.0,1150.0,0.2636,0.0
DK06_to_DB02#alt4,4,bwd,2,3683.33,1100.0,0.3114,0.0
DK06_to_DB02#alt4,4,bwd,3,3683.33,1050.0,0.3679,0.0
DK06_to_DB02#alt4,4,bwd,4,3650.0,1000.0,0.4346,0.0
DK06_to_DB02#alt4,4,bwd,5,3600.0,950.0,0.503,0.0
DK06_to_DB02#alt4,4,bwd,6,3550.0,900.0,0.5483,0.0
DK06_to_DB02#alt4,4,bwd,7,3500.0,850.0,0.5903,0.0
DK06_to_DB02#alt4,4,bwd,8,3450.0,800.0,0.6241,0.0
DK06_to_DB02#alt4,4,bwd,9,3400.0,750.0,0.6241,0.0
DK06_to_DB02#alt4,4,bwd,10,3350.0,700.0,0.6241,0.0
DK06_to_DB02#alt4,4,bwd,11,3300.0,650.0,0.6241,0.0
DK06_to_DB02#alt4,4,bwd,12,3250.0,600.0,0.6241,0.0
DK06_to_DB02#alt4,4,bwd,13,3200.0,566.67,0.6241,0.0
DK06_to_DB02#alt4,4,bwd,14,3150.0,550.0,0.5483,0.0
DK06_to_DB02#alt4,4,bwd,15,3100.0,550.0,0.4931,0.0
DK06_to_DB02#alt4,4,bwd,16,3050.0,550.0,0.4346,0.0
DK06_to_DB02#alt4,4,bwd,17,3000.0,550.0,0.3784,0.0
DK06_to_DB02#alt4,4,bwd,18,2950.0,550.0,0.3269,0.0
DK06_to_DB02#alt4,4,bwd,19,2900.0,550.0,0.281,0.0
DK06_to_DB02#alt4,4,bwd,20,2850.0,550.0,0.2407,0.0
DK06_to_DB02#alt4,4,bwd,21,2800.0,550.0,0.2057,0.0
DK06_to_DB02#alt4,4,bwd,22,2750.0,550.0,0.1755,0.0
DK06_to_DB02#alt4,4,bwd,23,2700.0,550.0,0.1495,0.0
DK06_to_DB02#alt4,4,bwd,24,2650.0,550.0,0.1273,0.0
DK06_to_DB02#alt4,4,bwd,25,2600.0,550.0,0.1082,0.0
DK06_to_DB02#alt4,4,bwd,26,2550.0,550.0,0.092,0.0
DK06_to_DB02#alt4,4,bwd,27,2500.0,550.0,0.0781,0.0
DK06_to_DB02#alt4,4,bwd,28,2450.0,550.0,0.0681,0.0
DK06_to_DB02#alt4,4,bwd,29,2400.0,550.0,0.0624,0.0
DK06_to_DB02#alt4,4,bwd,30,2350.0,550.0,0.0568,0.0
DK06_to_DB02#alt4,4,bwd,31,2300.0,550.0,0.0514,0.0
DK06_to_DB02#alt4,4,bwd,32,2250.0,550.0,0.0463,0.0
DK06_to_DB02#alt4,4,bwd,33,2200.0,566.67,0.0414,0.0
DK06_to_DB02#alt4,4,bwd,34,2150.0,600.0,0.0414,0.0
DK06_to_DB02#alt4,4,bwd,35,2100.0,650.0,0.0414,0.0
DK06_to_DB02#alt4,4,bwd,36,2050.0,700.0,0.0407,0.0
DK06_to_DB02#alt4,4,bwd,37,2000.0,750.0,0.0393,0.0
DK06_to_DB02#alt4,4,bwd,38,1950.0,800.0,0.0423,0.0
DK06_to_DB02#alt4,4,bwd,39,1900.0,850.0,0.0496,0.0
DK06_to_DB02#alt4,4,bwd,40,1850.0,900.0,0.0624,0.0
DK06_to_DB02#alt4,4,bwd,41,1816.67,950.0,0.0785,0.0
DK06_to_DB02#alt4,4,bwd,42,1800.0,1000.0,0.0904,0.0
DK06_to_DB02#alt4,4,bwd,43,1800.0,1050.0,0.1036,0.0
DK06_to_DB02#alt4,4,bwd,44,1800.0,1100.0,0.1183,0.0
DK06_to_DB02#alt6,6,bwd,0,3600.0,1200.0,0.2211,0.0
DK06_to_DB02#alt6,6,bwd,1,3650.0,1250.0,0.1889,0.0
DK06_to_DB02#alt6,6,bwd,2,3683.33,1300.0,0.1599,0.0
DK06_to_DB02#alt6,6,bwd,3,3683.33,1350.0,0.1353,0.0
DK06_to_DB02#alt6,6,bwd,4,3650.0,1400.0,0.1146,0.0
DK06_to_DB02#alt6,6,bwd,5,3600.0,1450.0,0.1146,0.0
DK06_to_DB02#alt6,6,bwd,6,3550.0,1500.0,0.1344,0.0
DK06_to_DB02#alt6,6,bwd,7,3500.0,1550.0,0.1551,0.0
DK06_to_DB02#alt6,6,bwd,8,3450.0,1600.0,0.1755,0.0
DK06_to_DB02#alt6,6,bwd,9,3400.0,1633.33,0.1937,0.0
DK06_to_DB02#alt6,6,bwd,10,3350.0,1650.0,0.2252,0.0
DK06_to_DB02#alt6,6,bwd,11,3300.0,1650.0,0.2609,0.0
DK06_to_DB02#alt6,6,bwd,12,3250.0,1650.0,0.3006,0.0
DK06_to_DB02#alt6,6,bwd,13,3200.0,1650.0,0.344,0.0
DK06_to_DB02#alt6,6,bwd,14,3150.0,1650.0,0.3895,0.0
DK06_to_DB02#alt6,6,bwd,15,3100.0,1650.0,0.4346,0.0
DK06_to_DB02#alt6,6,bwd,16,3050.0,1650.0,0.4746,0.0
DK06_to_DB02#alt6,6,bwd,17,3000.0,1650.0,0.503,0.0
DK06_to_DB02#alt6,6,bwd,18,2950.0,1650.0,0.5134,0.0
DK06_to_DB02#alt6,6,bwd,19,2900.0,1650.0,0.5134,0.0
DK06_to_DB02#alt6,6,bwd,20,2850.0,1650.0,0.5134,0.0
DK06_to_DB02#alt6,6,bwd,21,2800.0,1650.0,0.5483,0.0
DK06_to_DB02#alt6,6,bwd,22,2750.0,1633.33,0.6241,0.0
DK06_to_DB02#alt6,6,bwd,23,2700.0,1616.67,0.5903,0.0
DK06_to_DB02#alt6,6,bwd,24,2650.0,1600.0,0.6241,0.0
DK06_to_DB02#alt6,6,bwd,25,2600.0,1600.0,0.6889,0.0
DK06_to_DB02#alt6,6,bwd,26,2550.0,1600.0,0.7165,0.0
DK06_to_DB02#alt6,6,bwd,27,2500.0,1600.0,0.7165,0.0
DK06_to_DB02#alt6,6,bwd,28,2450.0,1600.0,0.7165,0.0
DK06_to_DB02#alt6,6,bwd,29,2400.0,1600.0,0.7165,0.0
DK06_to_DB02#alt6,6,bwd,30,2350.0,1600.0,0.7165,0.0
DK06_to_DB02#alt6,6,bwd,31,2300.0,1600.0,0.7165,0.0
DK06_to_DB02#alt6,6,bwd,32,2250.0,1600.0,0.7165,0.0
DK06_to_DB02#alt6,6,bwd,33,2200.0,1616.67,0.6889,0.0
DK06_to_DB02#alt6,6,bwd,34,2150.0,1633.33,0.7165,0.0
DK06_to_DB02#alt6,6,bwd,35,2100.0,1633.33,0.6889,0.0
DK06_to_DB02#alt6,6,bwd,36,2050.0,1600.0,0.5483,0.0
DK06_to_DB02#alt6,6,bwd,37,2000.0,1550.0,0.4346,0.0
DK06_to_DB02#alt6,6,bwd,38,1950.0,1500.0,0.344,0.0
DK06_to_DB02#alt6,6,bwd,39,1900.0,1450.0,0.2721,0.0
DK06_to_DB02#alt6,6,bwd,40,1850.0,1400.0,0.2151,0.0
DK06_to_DB02#alt6,6,bwd,41,1816.67,1350.0,0.2151,0.0
DK06_to_DB02#alt6,6,bwd,42,1800.0,1300.0,0.1921,0.0
DK06_to_DB02#alt6,6,bwd,43,1800.0,1250.0,0.17,0.0
DK06_to_DB02#alt6,6,bwd,44,1800.0,1200.0,0.1517,0.0
DK06_to_DB02#alt6,6,bwd,45,1800.0,1150.0,0.1344,0.0
DK06_to_DB02#alt6,6,bwd,46,1800.0,1100.0,0.1183,0.0
DK06_to_DB02#alt7,7,bwd,0,3600.0,1200.0,0.2211,0.0
DK06_to_DB02#alt7,7,bwd,1,3650.0,1150.0,0.2636,0.0
DK06_to_DB02#alt7,7,bwd,2,3700.0,1100.0,0.3114,0.0
DK06_to_DB02#alt7,7,bwd,3,3750.0,1050.0,0.3628,0.0
DK06_to_DB02#alt7,7,bwd,4,3800.0,1000.0,0.4076,0.0
DK06_to_DB02#alt7,7,bwd,5,3850.0,950.0,0.4346,0.0
DK06_to_DB02#alt7,7,bwd,6,3900.0,900.0,0.4346,0.0
DK06_to_DB02#alt7,7,bwd,7,3933.33,850.0,0.4346,0.0
DK06_to_DB02#alt7,7,bwd,8,3950.0,800.0,0.4931,0.0
DK06_to_DB02#alt7,7,bwd,9,3950.0,750.0,0.5483,0.0
DK06_to_DB02#alt7,7,bwd,10,3950.0,700.0,0.5903,0.0
DK06_to_DB02#alt7,7,bwd,11,3950.0,650.0,0.6241,0.0
DK06_to_DB02#alt7,7,bwd,12,3950.0,600.0,0.6889,0.0
DK06_to_DB02#alt7,7,bwd,13,3950.0,550.0,0.7165,0.0
DK06_to_DB02#alt7,7,bwd,14,3950.0,500.0,0.6889,0.0
DK06_to_DB02#alt7,7,bwd,15,3950.0,450.0,0.7165,0.0
DK06_to_DB02#alt7,7,bwd,16,3950.0,400.0,0.7165,0.0
DK06_to_DB02#alt7,7,bwd,17,3950.0,350.0,0.7165,0.0
DK06_to_DB02#alt7,7,bwd,18,3933.33,300.0,0.6889,0.0
DK06_to_DB02#alt7,7,bwd,19,3900.0,250.0,0.5483,0.0
DK06_to_DB02#alt7,7,bwd,20,3850.0,200.0,0.4346,0.0
DK06_to_DB02#alt7,7,bwd,21,3800.0,150.0,0.4346,0.0
DK06_to_DB02#alt7,7,bwd,22,3750.0,100.0,0.4346,0.0
DK06_to_DB02#alt7,7,bwd,23,3700.0,66.67,0.4076,0.0
DK06_to_DB02#alt7,7,bwd,24,3650.0,50.0,0.4275,0.0
DK06_to_DB02#alt7,7,bwd,25,3600.0,50.0,0.4346,0.0
DK06_to_DB02#alt7,7,bwd,26,3550.0,50.0,0.4346,0.0
DK06_to_DB02#alt7,7,bwd,27,3500.0,50.0,0.4346,0.0
DK06_to_DB02#alt7,7,bwd,28,3450.0,50.0,0.4346,0.0
DK06_to_DB02#alt7,7,bwd,29,3400.0,50.0,0.4346,0.0
DK06_to_DB02#alt7,7,bwd,30,3350.0,50.0,0.4346,0.0
DK06_to_DB02#alt7,7,bwd,31,3300.0,50.0,0.4346,0.0
DK06_to_DB02#alt7,7,bwd,32,3250.0,50.0,0.4346,0.0
DK06_to_DB02#alt7,7,bwd,33,3200.0,50.0,0.4275,0.0
DK06_to_DB02#alt7,7,bwd,34,3150.0,50.0,0.4076,0.0
DK06_to_DB02#alt7,7,bwd,35,3100.0,66.67,0.3784,0.0
DK06_to_DB02#alt7,7,bwd,36,3050.0,100.0,0.3895,0.0
DK06_to_DB02#alt7,7,bwd,37,3000.0,133.33,0.3784,0.0
DK06_to_DB02#alt7,7,bwd,38,2950.0,150.0,0.3269,0.0
DK06_to_DB02#alt7,7,bwd,39,2900.0,166.67,0.281,0.0
DK06_to_DB02#alt7,7,bwd,40,2850.0,200.0,0.253,0.0
DK06_to_DB02#alt7,7,bwd,41,2800.0,250.0,0.2211,0.0
DK06_to_DB02#alt7,7,bwd,42,2750.0,300.0,0.1889,0.0
DK06_to_DB02#alt7,7,bwd,43,2700.0,333.33,0.1599,0.0
DK06_to_DB02#alt7,7,bwd,44,2650.0,333.33,0.1353,0.0
DK06_to_DB02#alt7,7,bwd,45,2600.0,333.33,0.1146,0.0
DK06_to_DB02#alt7,7,bwd,46,2550.0,350.0,0.097,0.0
DK06_to_DB02#alt7,7,bwd,47,2500.0,383.33,0.0821,0.0
DK06_to_DB02#alt7,7,bwd,48,2450.0,416.67,0.0695,0.0
DK06_to_DB02#alt7,7,bwd,49,2400.0,433.33,0.0585,0.0
DK06_to_DB02#alt7,7,bwd,50,2350.0,450.0,0.0496,0.0
DK06_to_DB02#alt7,7,bwd,51,2300.0,450.0,0.042,0.0
DK06_to_DB02#alt7,7,bwd,52,2250.0,466.67,0.0357,0.0
DK06_to_DB02#alt7,7,bwd,53,2200.0,500.0,0.0366,0.0
DK06_to_DB02#alt7,7,bwd,54,2150.0,533.33,0.0369,0.0
DK06_to_DB02#alt7,7,bwd,55,2100.0,550.0,0.0327,0.0
DK06_to_DB02#alt7,7,bwd,56,2050.0,566.67,0.0291,0.0
DK06_to_DB02#alt7,7,bwd,57,2000.0,600.0,0.0289,0.0
DK06_to_DB02#alt7,7,bwd,58,1950.0,650.0,0.0282,0.0
DK06_to_DB02#alt7,7,bwd,59,1900.0,700.0,0.0323,0.0
DK06_to_DB02#alt7,7,bwd,60,1850.0,750.0,0.0405,0.0
DK06_to_DB02#alt7,7,bwd,61,1816.67,800.0,0.0507,0.0
DK06_to_DB02#alt7,7,bwd,62,1800.0,850.0,0.0588,0.0
DK06_to_DB02#alt7,7,bwd,63,1800.0,900.0,0.0681,0.0
DK06_to_DB02#alt7,7,bwd,64,1800.0,950.0,0.0785,0.0
DK06_to_DB02#alt7,7,bwd,65,1800.0,1000.0,0.0904,0.0
DK06_to_DB02#alt7,7,bwd,66,1800.0,1050.0,0.1036,0.0
DK06_to_DB02#alt7,7,bwd,67,1800.0,1100.0,0.1183,0.0
DB02_to_DK05#alt0,0,fwd,0,1800.0,1100.0,0.1183,0.0
DB02_to_DK05#alt0,0,fwd,1,1850.0,1150.0,0.1199,0.0
DB02_to_DK05#alt0,0,fwd,2,1900.0,1200.0,0.1335,0.0
DB02_to_DK05#alt0,0,fwd,3,1950.0,1250.0,0.1661,0.0
DB02_to_DK05#alt0,0,fwd,4,2000.0,1300.0,0.2076,0.0
DB02_to_DK05#alt0,0,fwd,5,2050.0,1350.0,0.2609,0.0
DB02_to_DK05#alt0,0,fwd,6,2100.0,1400.0,0.3269,0.0
DB02_to_DK05#alt0,0,fwd,7,2150.0,1450.0,0.4076,0.0
DB02_to_DK05#alt0,0,fwd,8,2200.0,1483.33,0.503,0.0
DB02_to_DK05#alt0,0,fwd,9,2250.0,1500.0,0.5134,0.0
DB02_to_DK05#alt0,0,fwd,10,2300.0,1500.0,0.5134,0.0
DB02_to_DK05#alt0,0,fwd,11,2350.0,1516.67,0.5134,0.0
DB02_to_DK05#alt0,0,fwd,12,2400.0,1550.0,0.6065,0.0
DB02_to_DK05#alt0,0,fwd,13,2450.0,1583.33,0.7165,0.0
DB02_to_DK05#alt0,0,fwd,14,2500.0,1600.0,0.7165,0.0
DB02_to_DK05#alt0,0,fwd,15,2550.0,1600.0,0.7165,0.0
DB02_to_DK05#alt0,0,fwd,16,2600.0,1616.67,0.6889,0.0
DB02_to_DK05#alt0,0,fwd,17,2650.0,1633.33,0.7165,0.0
DB02_to_DK05#alt0,0,fwd,18,2700.0,1650.0,0.6889,0.0
DB02_to_DK05#alt0,0,fwd,19,2750.0,1700.0,0.6889,0.0
DB02_to_DK05#alt0,0,fwd,20,2800.0,1750.0,0.6889,0.0
DB02_to_DK05#alt0,0,fwd,21,2850.0,1800.0,0.6889,0.0
DB02_to_DK05#alt0,0,fwd,22,2883.33,1850.0,0.6241,0.0
DB02_to_DK05#alt0,0,fwd,23,2900.0,1900.0,0.6889,0.0
DB02_to_DK05#alt0,0,fwd,24,2900.0,1950.0,0.7165,0.0
DB02_to_DK05#alt0,0,fwd,25,2900.0,2000.0,0.7165,0.0
DB02_to_DK05#alt0,0,fwd,26,2916.67,2050.0,0.7165,0.0
DB02_to_DK05#alt0,0,fwd,27,2950.0,2100.0,0.6065,0.0
DB02_to_DK05#alt0,0,fwd,28,3000.0,2150.0,0.5134,0.0
DB02_to_DK05#alt0,0,fwd,29,3050.0,2200.0,0.4346,0.0
DB02_to_DK05#alt0,0,fwd,30,3100.0,2250.0,0.3679,0.0
DB02_to_DK05#alt0,0,fwd,31,3150.0,2300.0,0.3077,0.0
DB02_to_DK05#alt0,0,fwd,32,3200.0,2350.0,0.253,0.0
DB02_to_DK05#alt0,0,fwd,33,3250.0,2400.0,0.2057,0.0
DB02_to_DK05#alt0,0,fwd,34,3300.0,2450.0,0.1661,0.0
DB02_to_DK05#alt0,0,fwd,35,3350.0,2483.33,0.1889,0.0
DB02_to_DK05#alt0,0,fwd,36,3400.0,2500.0,0.1889,0.0
DB02_to_DK05#alt0,0,fwd,37,3450.0,2500.0,0.1889,0.0
DB02_to_DK05#alt0,0,fwd,38,3500.0,2500.0,0.1889,0.0
DB02_to_DK05#alt0,0,fwd,39,3550.0,2483.33,0.1937,0.0
DB02_to_DK05#alt0,0,fwd,40,3600.0,2466.67,0.2076,0.0
DB02_to_DK05#alt0,0,fwd,41,3650.0,2450.0,0.2384,0.0
DB02_to_DK05#alt0,0,fwd,42,3700.0,2450.0,0.2721,0.0
DB02_to_DK05#alt0,0,fwd,43,3750.0,2450.0,0.3077,0.0
DB02_to_DK05#alt0,0,fwd,44,3800.0,2450.0,0.344,0.0
DB02_to_DK05#alt0,0,fwd,45,3850.0,2450.0,0.3895,0.0
DB02_to_DK05#alt0,0,fwd,46,3900.0,2450.0,0.4346,0.0
DB02_to_DK05#alt0,0,fwd,47,3950.0,2450.0,0.4746,0.0
DB02_to_DK05#alt0,0,fwd,48,4000.0,2450.0,0.503,0.0
DB02_to_DK05#alt0,0,fwd,49,4050.0,2450.0,0.5134,0.0
DB02_to_DK05#alt0,0,fwd,50,4100.0,2450.0,0.5134,0.0
DB02_to_DK05#alt0,0,fwd,51,4150.0,2450.0,0.5134,0.0
DB02_to_DK05#alt0,0,fwd,52,4200.0,2433.33,0.5134,0.0
DB02_to_DK05#alt0,0,fwd,53,4250.0,2416.67,0.4275,0.0
DB02_to_DK05#alt0,0,fwd,54,4300.0,2400.0,0.4076,0.0
DB02_to_DK05#alt0,0,fwd,55,4350.0,2400.0,0.3784,0.0
DB02_to_DK05#alt0,0,fwd,56,4400.0,2400.0,0.344,0.0
DB02_to_DK05#alt0,0,fwd,57,4450.0,2383.33,0.3077,0.0
DB02_to_DK05#alt0,0,fwd,58,4500.0,2366.67,0.2431,0.0
DB02_to_DK05#alt0,0,fwd,59,4550.0,2333.33,0.2151,0.0
DB02_to_DK05#alt0,0,fwd,60,4600.0,2300.0,0.1937,0.0
DB02_to_DK05#alt0,0,fwd,61,4650.0,2266.67,0.2076,0.0
DB02_to_DK05#alt0,0,fwd,62,4700.0,2250.0,0.1889,0.0
DB02_to_DK05#alt0,0,fwd,63,4750.0,2250.0,0.17,0.0
DB02_to_DK05#alt0,0,fwd,64,4800.0,2250.0,0.1517,0.0
DB02_to_DK05#alt0,0,fwd,65,4850.0,2250.0,0.1344,0.0
DB02_to_DK05#alt0,0,fwd,66,4900.0,2250.0,0.1199,0.0
DB02_to_DK05#alt0,0,fwd,67,4950.0,2250.0,0.1062,0.0
DK05_to_DB02#alt0,0,bwd,0,4950.0,2250.0,0.1062,0.0
DK05_to_DB02#alt0,0,bwd,1,4900.0,2200.0,0.1344,0.0
DK05_to_DB02#alt0,0,bwd,2,4850.0,2166.67,0.17,0.0
DK05_to_DB02#alt0,0,bwd,3,4800.0,2150.0,0.1921,0.0
DK05_to_DB02#alt0,0,bwd,4,4750.0,2133.33,0.2151,0.0
DK05_to_DB02#alt0,0,bwd,5,4700.0,2116.67,0.2721,0.0
DK05_to_DB02#alt0,0,bwd,6,4650.0,2100.0,0.3077,0.0
DK05_to_DB02#alt0,0,bwd,7,4600.0,2100.0,0.344,0.0
DK05_to_DB02#alt0,0,bwd,8,4550.0,2100.0,0.3784,0.0
DK05_to_DB02#alt0,0,bwd,9,4500.0,2100.0,0.4076,0.0
DK05_to_DB02#alt0,0,bwd,10,4450.0,2100.0,0.4275,0.0
DK05_to_DB02#alt0,0,bwd,11,4400.0,2100.0,0.4346,0.0
DK05_to_DB02#alt0,0,bwd,12,4350.0,2083.33,0.4346,0.0
DK05_to_DB02#alt0,0,bwd,13,4300.0,2050.0,0.5134,0.0
DK05_to_DB02#alt0,0,bwd,14,4250.0,2000.0,0.5903,0.0
DK05_to_DB02#alt0,0,bwd,15,4200.0,1950.0,0.6241,0.0
DK05_to_DB02#alt0,0,bwd,16,4150.0,1900.0,0.6241,0.0
DK05_to_DB02#alt0,0,bwd,17,4100.0,1850.0,0.5903,0.0
DK05_to_DB02#alt0,0,bwd,18,4050.0,1800.0,0.5134,0.0
DK05_to_DB02#alt0,0,bwd,19,4000.0,1783.33,0.4346,0.0
DK05_to_DB02#alt0,0,bwd,20,3950.0,1766.67,0.3679,0.0
DK05_to_DB02#alt0,0,bwd,21,3900.0,1766.67,0.3114,0.0
DK05_to_DB02#alt0,0,bwd,22,3850.0,1750.0,0.2636,0.0
DK05_to_DB02#alt0,0,bwd,23,3800.0,1750.0,0.2231,0.0
DK05_to_DB02#alt0,0,bwd,24,3750.0,1750.0,0.1889,0.0
DK05_to_DB02#alt0,0,bwd,25,3700.0,1750.0,0.1599,0.0
DK05_to_DB02#alt0,0,bwd,26,3650.0,1750.0,0.1353,0.0
DK05_to_DB02#alt0,0,bwd,27,3600.0,1750.0,0.1146,0.0
DK05_to_DB02#alt0,0,bwd,28,3550.0,1750.0,0.1069,0.0
DK05_to_DB02#alt0,0,bwd,29,3500.0,1750.0,0.1239,0.0
DK05_to_DB02#alt0,0,bwd,30,3450.0,1750.0,0.1432,0.0
DK05_to_DB02#alt0,0,bwd,31,3400.0,1766.67,0.1648,0.0
DK05_to_DB02#alt0,0,bwd,32,3350.0,1800.0,0.17,0.0
DK05_to_DB02#alt0,0,bwd,33,3300.0,1816.67,0.1921,0.0
DK05_to_DB02#alt0,0,bwd,34,3250.0,1800.0,0.2151,0.0
DK05_to_DB02#alt0,0,bwd,35,3200.0,1766.67,0.2721,0.0
DK05_to_DB02#alt0,0,bwd,36,3150.0,1733.33,0.3006,0.0
DK05_to_DB02#alt0,0,bwd,37,3100.0,1700.0,0.3784,0.0
DK05_to_DB02#alt0,0,bwd,38,3050.0,1650.0,0.4746,0.0
DK05_to_DB02#alt0,0,bwd,39,3000.0,1600.0,0.5903,0.0
DK05_to_DB02#alt0,0,bwd,40,2950.0,1566.67,0.7165,0.0
DK05_to_DB02#alt0,0,bwd,41,2900.0,1550.0,0.7165,0.0
DK05_to_DB02#alt0,0,bwd,42,2850.0,1550.0,0.7165,0.0
DK05_to_DB02#alt0,0,bwd,43,2800.0,1550.0,0.7165,0.0
DK05_to_DB02#alt0,0,bwd,44,2750.0,1533.33,0.6889,0.0
DK05_to_DB02#alt0,0,bwd,45,2700.0,1500.0,0.6889,0.0
DK05_to_DB02#alt0,0,bwd,46,2650.0,1450.0,0.6065,0.0
DK05_to_DB02#alt0,0,bwd,47,2600.0,1400.0,0.5134,0.0
DK05_to_DB02#alt0,0,bwd,48,2550.0,1350.0,0.4346,0.0
DK05_to_DB02#alt0,0,bwd,49,2500.0,1316.67,0.3679,0.0
DK05_to_DB02#alt0,0,bwd,50,2450.0,1283.33,0.3114,0.0
DK05_to_DB02#alt0,0,bwd,51,2400.0,1250.0,0.2609,0.0
DK05_to_DB02#alt0,0,bwd,52,2350.0,1216.67,0.2151,0.0
DK05_to_DB02#alt0,0,bwd,53,2300.0,1183.33,0.1889,0.0
DK05_to_DB02#alt0,0,bwd,54,2250.0,1150.0,0.1599,0.0
DK05_to_DB02#alt0,0,bwd,55,2200.0,1116.67,0.1344,0.0
DK05_to_DB02#alt0,0,bwd,56,2150.0,1100.0,0.1317,0.0
DK05_to_DB02#alt0,0,bwd,57,2100.0,1100.0,0.1273,0.0
DK05_to_DB02#alt0,0,bwd,58,2050.0,1100.0,0.1215,0.0
DK05_to_DB02#alt0,0,bwd,59,2000.0,1100.0,0.1146,0.0
DK05_to_DB02#alt0,0,bwd,60,1950.0,1100.0,0.1069,0.0
DK05_to_DB02#alt0,0,bwd,61,1900.0,1100.0,0.0987,0.0
DK05_to_DB02#alt0,0,bwd,62,1850.0,1100.0,0.1062,0.0
DK05_to_DB02#alt0,0,bwd,63,1800.0,1100.0,0.1183,0.0
DB02_to_DK05#alt1,1,fwd,0,1800.0,1100.0,0.1183,0.0
DB02_to_DK05#alt1,1,fwd,1,1750.0,1050.0,0.1138,0.0
DB02_to_DK05#alt1,1,fwd,2,1716.67,1000.0,0.1069,0.0
DB02_to_DK05#alt1,1,fwd,3,1716.67,950.0,0.092,0.0
DB02_to_DK05#alt1,1,fwd,4,1750.0,900.0,0.0736,0.0
DB02_to_DK05#alt1,1,fwd,5,1800.0,850.0,0.0588,0.0
DB02_to_DK05#alt1,1,fwd,6,1850.0,800.0,0.0469,0.0
DB02_to_DK05#alt1,1,fwd,7,1900.0,750.0,0.0374,0.0
DB02_to_DK05#alt1,1,fwd,8,1950.0,700.0,0.0312,0.0
DB02_to_DK05#alt1,1,fwd,9,2000.0,650.0,0.0322,0.0
DB02_to_DK05#alt1,1,fwd,10,2050.0,600.0,0.0327,0.0
DB02_to_DK05#alt1,1,fwd,11,2100.0,550.0,0.0327,0.0
DB02_to_DK05#alt1,1,fwd,12,2150.0,500.0,0.0327,0.0
DB02_to_DK05#alt1,1,fwd,13,2200.0,450.0,0.0322,0.0
DB02_to_DK05#alt1,1,fwd,14,2250.0,400.0,0.0357,0.0
DB02_to_DK05#alt1,1,fwd,15,2300.0,350.0,0.0421,0.0
DB02_to_DK05#alt1,1,fwd,16,2350.0,300.0,0.0498,0.0
DB02_to_DK05#alt1,1,fwd,17,2400.0,250.0,0.0585,0.0
DB02_to_DK05#alt1,1,fwd,18,2450.0,216.67,0.0681,0.0
DB02_to_DK05#alt1,1,fwd,19,2500.0,183.33,0.0803,0.0
DB02_to_DK05#alt1,1,fwd,20,2550.0,150.0,0.092,0.0
DB02_to_DK05#alt1,1,fwd,21,2600.0,100.0,0.1036,0.0
DB02_to_DK05#alt1,1,fwd,22,2650.0,66.67,0.1146,0.0
DB02_to_DK05#alt1,1,fwd,23,2700.0,50.0,0.1335,0.0
DB02_to_DK05#alt1,1,fwd,24,2750.0,50.0,0.1551,0.0
DB02_to_DK05#alt1,1,fwd,25,2800.0,50.0,0.1798,0.0
DB02_to_DK05#alt1,1,fwd,26,2850.0,50.0,0.2076,0.0
DB02_to_DK05#alt1,1,fwd,27,2900.0,50.0,0.2384,0.0
DB02_to_DK05#alt1,1,fwd,28,2950.0,50.0,0.2721,0.0
DB02_to_DK05#alt1,1,fwd,29,3000.0,50.0,0.3077,0.0
DB02_to_DK05#alt1,1,fwd,30,3050.0,66.67,0.344,0.0
DB02_to_DK05#alt1,1,fwd,31,3100.0,83.33,0.4346,0.0
DB02_to_DK05#alt1,1,fwd,32,3150.0,100.0,0.4746,0.0
DB02_to_DK05#alt1,1,fwd,33,3200.0,100.0,0.503,0.0
DB02_to_DK05#alt1,1,fwd,34,3250.0,100.0,0.5134,0.0
DB02_to_DK05#alt1,1,fwd,35,3300.0,100.0,0.5134,0.0
DB02_to_DK05#alt1,1,fwd,36,3350.0,116.67,0.5134,0.0
DB02_to_DK05#alt1,1,fwd,37,3400.0,133.33,0.6065,0.0
DB02_to_DK05#alt1,1,fwd,38,3450.0,150.0,0.6065,0.0
DB02_to_DK05#alt1,1,fwd,39,3500.0,133.33,0.6065,0.0
DB02_to_DK05#alt1,1,fwd,40,3550.0,116.67,0.5134,0.0
DB02_to_DK05#alt1,1,fwd,41,3600.0,116.67,0.5134,0.0
DB02_to_DK05#alt1,1,fwd,42,3650.0,133.33,0.5903,0.0
DB02_to_DK05#alt1,1,fwd,43,3700.0,150.0,0.5483,0.0
DB02_to_DK05#alt1,1,fwd,44,3750.0,150.0,0.4931,0.0
DB02_to_DK05#alt1,1,fwd,45,3800.0,150.0,0.4346,0.0
DB02_to_DK05#alt1,1,fwd,46,3850.0,166.67,0.3895,0.0
DB02_to_DK05#alt1,1,fwd,47,3900.0,166.67,0.4346,0.0
DB02_to_DK05#alt1,1,fwd,48,3950.0,166.67,0.4931,0.0
DB02_to_DK05#alt1,1,fwd,49,4000.0,150.0,0.5483,0.0
DB02_to_DK05#alt1,1,fwd,50,4050.0,150.0,0.6241,0.0
DB02_to_DK05#alt1,1,fwd,51,4100.0,150.0,0.6889,0.0
DB02_to_DK05#alt1,1,fwd,52,4150.0,150.0,0.7165,0.0
DB02_to_DK05#alt1,1,fwd,53,4200.0,150.0,0.7165,0.0
DB02_to_DK05#alt1,1,fwd,54,4250.0,150.0,0.7165,0.0
DB02_to_DK05#alt1,1,fwd,55,4300.0,150.0,0.7165,0.0
DB02_to_DK05#alt1,1,fwd,56,4350.0,150.0,0.7165,0.0
DB02_to_DK05#alt1,1,fwd,57,4400.0,150.0,0.6889,0.0
DB02_to_DK05#alt1,1,fwd,58,4450.0,200.0,0.6889,0.0
DB02_to_DK05#alt1,1,fwd,59,4500.0,250.0,0.6889,0.0
DB02_to_DK05#alt1,1,fwd,60,4550.0,300.0,0.6065,0.0
DB02_to_DK05#alt1,1,fwd,61,4600.0,350.0,0.5134,0.0
DB02_to_DK05#alt1,1,fwd,62,4633.33,400.0,0.4346,0.0
DB02_to_DK05#alt1,1,fwd,63,4666.67,450.0,0.4346,0.0
DB02_to_DK05#alt1,1,fwd,64,4683.33,500.0,0.3679,0.0
DB02_to_DK05#alt1,1,fwd,65,4700.0,550.0,0.3628,0.0
DB02_to_DK05#alt1,1,fwd,66,4716.67,600.0,0.3485,0.0
DB02_to_DK05#alt1,1,fwd,67,4750.0,650.0,0.281,0.0
DB02_to_DK05#alt1,1,fwd,68,4783.33,700.0,0.2252,0.0
DB02_to_DK05#alt1,1,fwd,69,4800.0,750.0,0.2076,0.0
DB02_to_DK05#alt1,1,fwd,70,4800.0,800.0,0.1889,0.0
DB02_to_DK05#alt1,1,fwd,71,4800.0,850.0,0.17,0.0
DB02_to_DK05#alt1,1,fwd,72,4800.0,900.0,0.1517,0.0
DB02_to_DK05#alt1,1,fwd,73,4800.0,950.0,0.1344,0.0
DB02_to_DK05#alt1,1,fwd,74,4800.0,1000.0,0.1199,0.0
DB02_to_DK05#alt1,1,fwd,75,4800.0,1050.0,0.1062,0.0
DB02_to_DK05#alt1,1,fwd,76,4800.0,1100.0,0.0947,0.0
DB02_to_DK05#alt1,1,fwd,77,4800.0,1150.0,0.1036,0.0
DB02_to_DK05#alt1,1,fwd,78,4800.0,1200.0,0.1183,0.0
DB02_to_DK05#alt1,1,fwd,79,4800.0,1250.0,0.1344,0.0
DB02_to_DK05#alt1,1,fwd,80,4800.0,1300.0,0.1517,0.0
DB02_to_DK05#alt1,1,fwd,81,4800.0,1350.0,0.17,0.0
DB02_to_DK05#alt1,1,fwd,82,4800.0,1400.0,0.1921,0.0
DB02_to_DK05#alt1,1,fwd,83,4800.0,1450.0,0.2151,0.0
DB02_to_DK05#alt1,1,fwd,84,4800.0,1500.0,0.2384,0.0
DB02_to_DK05#alt1,1,fwd,85,4800.0,1550.0,0.2609,0.0
DB02_to_DK05#alt1,1,fwd,86,4800.0,1600.0,0.281,0.0
DB02_to_DK05#alt1,1,fwd,87,4816.67,1650.0,0.2972,0.0
DB02_to_DK05#alt1,1,fwd,88,4833.33,1700.0,0.2609,0.0
DB02_to_DK05#alt1,1,fwd,89,4850.0,1750.0,0.2636,0.0
DB02_to_DK05#alt1,1,fwd,90,4850.0,1800.0,0.2636,0.0
DB02_to_DK05#alt1,1,fwd,91,4866.67,1850.0,0.2609,0.0
DB02_to_DK05#alt1,1,fwd,92,4900.0,1900.0,0.2151,0.0
DB02_to_DK05#alt1,1,fwd,93,4933.33,1950.0,0.1755,0.0
DB02_to_DK05#alt1,1,fwd,94,4950.0,2000.0,0.1661,0.0
DB02_to_DK05#alt1,1,fwd,95,4950.0,2050.0,0.1551,0.0
DB02_to_DK05#alt1,1,fwd,96,4950.0,2100.0,0.1432,0.0
DB02_to_DK05#alt1,1,fwd,97,4950.0,2150.0,0.1308,0.0
DB02_to_DK05#alt1,1,fwd,98,4950.0,2200.0,0.1183,0.0
DB02_to_DK05#alt1,1,fwd,99,4950.0,2250.0,0.1062,0.0
DB02_to_DK05#alt2,2,fwd,0,1800.0,1100.0,0.1183,0.0
DB02_to_DK05#alt2,2,fwd,1,1850.0,1050.0,0.0936,0.0
DB02_to_DK05#alt2,2,fwd,2,1900.0,1000.0,0.074,0.0
DB02_to_DK05#alt2,2,fwd,3,1950.0,950.0,0.0677,0.0
DB02_to_DK05#alt2,2,fwd,4,2000.0,900.0,0.0612,0.0
DB02_to_DK05#alt2,2,fwd,5,2050.0,850.0,0.0544,0.0
DB02_to_DK05#alt2,2,fwd,6,2100.0,800.0,0.0568,0.0
DB02_to_DK05#alt2,2,fwd,7,2150.0,750.0,0.0585,0.0
DB02_to_DK05#alt2,2,fwd,8,2200.0,700.0,0.0591,0.0
DB02_to_DK05#alt2,2,fwd,9,2250.0,666.67,0.0591,0.0
DB02_to_DK05#alt2,2,fwd,10,2300.0,650.0,0.0663,0.0
DB02_to_DK05#alt2,2,fwd,11,2350.0,650.0,0.074,0.0
DB02_to_DK05#alt2,2,fwd,12,2400.0,650.0,0.0821,0.0
DB02_to_DK05#alt2,2,fwd,13,2450.0,650.0,0.0904,0.0
DB02_to_DK05#alt2,2,fwd,14,2500.0,650.0,0.0987,0.0
DB02_to_DK05#alt2,2,fwd,15,2550.0,650.0,0.1069,0.0
DB02_to_DK05#alt2,2,fwd,16,2600.0,650.0,0.1146,0.0
DB02_to_DK05#alt2,2,fwd,17,2650.0,650.0,0.1215,0.0
DB02_to_DK05#alt2,2,fwd,18,2700.0,650.0,0.1335,0.0
DB02_to_DK05#alt2,2,fwd,19,2750.0,650.0,0.1551,0.0
DB02_to_DK05#alt2,2,fwd,20,2800.0,650.0,0.1798,0.0
DB02_to_DK05#alt2,2,fwd,21,2850.0,650.0,0.2076,0.0
DB02_to_DK05#alt2,2,fwd,22,2900.0,650.0,0.2384,0.0
DB02_to_DK05#alt2,2,fwd,23,2950.0,666.67,0.2721,0.0
DB02_to_DK05#alt2,2,fwd,24,3000.0,700.0,0.2721,0.0
DB02_to_DK05#alt2,2,fwd,25,3050.0,733.33,0.2721,0.0
DB02_to_DK05#alt2,2,fwd,26,3100.0,750.0,0.3077,0.0
DB02_to_DK05#alt2,2,fwd,27,3150.0,750.0,0.344,0.0
DB02_to_DK05#alt2,2,fwd,28,3200.0,766.67,0.3895,0.0
DB02_to_DK05#alt2,2,fwd,29,3250.0,800.0,0.3895,0.0
DB02_to_DK05#alt2,2,fwd,30,3300.0,833.33,0.3895,0.0
DB02_to_DK05#alt2,2,fwd,31,3350.0,850.0,0.4346,0.0
DB02_to_DK05#alt2,2,fwd,32,3400.0,850.0,0.4931,0.0
DB02_to_DK05#alt2,2,fwd,33,3450.0,850.0,0.5483,0.0
DB02_to_DK05#alt2,2,fwd,34,3500.0,850.0,0.5903,0.0
DB02_to_DK05#alt2,2,fwd,35,3550.0,850.0,0.6241,0.0
DB02_to_DK05#alt2,2,fwd,36,3600.0,850.0,0.6889,0.0
DB02_to_DK05#alt2,2,fwd,37,3650.0,850.0,0.7165,0.0
DB02_to_DK05#alt2,2,fwd,38,3700.0,850.0,0.7165,0.0
DB02_to_DK05#alt2,2,fwd,39,3750.0,833.33,0.6889,0.0
DB02_to_DK05#alt2,2,fwd,40,3800.0,800.0,0.6889,0.0
DB02_to_DK05#alt2,2,fwd,41,3850.0,783.33,0.6241,0.0
DB02_to_DK05#alt2,2,fwd,42,3900.0,783.33,0.5483,0.0
DB02_to_DK05#alt2,2,fwd,43,3950.0,816.67,0.4931,0.0
DB02_to_DK05#alt2,2,fwd,44,4000.0,850.0,0.3895,0.0
DB02_to_DK05#alt2,2,fwd,45,4050.0,900.0,0.3269,0.0
DB02_to_DK05#alt2,2,fwd,46,4100.0,950.0,0.2972,0.0
DB02_to_DK05#alt2,2,fwd,47,4150.0,1000.0,0.2609,0.0
DB02_to_DK05#alt2,2,fwd,48,4200.0,1050.0,0.2231,0.0
DB02_to_DK05#alt2,2,fwd,49,4250.0,1100.0,0.1889,0.0
DB02_to_DK05#alt2,2,fwd,50,4300.0,1150.0,0.1599,0.0
DB02_to_DK05#alt2,2,fwd,51,4350.0,1200.0,0.1889,0.0
DB02_to_DK05#alt2,2,fwd,52,4400.0,1250.0,0.2231,0.0
DB02_to_DK05#alt2,2,fwd,53,4450.0,1300.0,0.2609,0.0
DB02_to_DK05#alt2,2,fwd,54,4500.0,1350.0,0.2972,0.0
DB02_to_DK05#alt2,2,fwd,55,4550.0,1400.0,0.3269,0.0
DB02_to_DK05#alt2,2,fwd,56,4600.0,1450.0,0.344,0.0
DB02_to_DK05#alt2,2,fwd,57,4650.0,1500.0,0.344,0.0
DB02_to_DK05#alt2,2,fwd,58,4700.0,1550.0,0.344,0.0
DB02_to_DK05#alt2,2,fwd,59,4733.33,1600.0,0.3269,0.0
DB02_to_DK05#alt2,2,fwd,60,4750.0,1650.0,0.3485,0.0
DB02_to_DK05#alt2,2,fwd,61,4750.0,1700.0,0.3628,0.0
DB02_to_DK05#alt2,2,fwd,62,4750.0,1750.0,0.3679,0.0
DB02_to_DK05#alt2,2,fwd,63,4766.67,1800.0,0.3679,0.0
DB02_to_DK05#alt2,2,fwd,64,4800.0,1850.0,0.3077,0.0
DB02_to_DK05#alt2,2,fwd,65,4850.0,1900.0,0.253,0.0
DB02_to_DK05#alt2,2,fwd,66,4900.0,1950.0,0.2057,0.0
DB02_to_DK05#alt2,2,fwd,67,4933.33,2000.0,0.1661,0.0
DB02_to_DK05#alt2,2,fwd,68,4950.0,2050.0,0.1551,0.0
DB02_to_DK05#alt2,2,fwd,69,4950.0,2100.0,0.1432,0.0
DB02_to_DK05#alt2,2,fwd,70,4950.0,2150.0,0.1308,0.0
DB02_to_DK05#alt2,2,fwd,71,4950.0,2200.0,0.1183,0.0
DB02_to_DK05#alt2,2,fwd,72,4950.0,2250.0,0.1062,0.0
DB02_to_DK05#alt3,3,fwd,0,1800.0,1100.0,0.1183,0.0
DB02_to_DK05#alt3,3,fwd,1,1750.0,1150.0,0.1495,0.0
DB02_to_DK05#alt3,3,fwd,2,1716.67,1200.0,0.1889,0.0
DB02_to_DK05#alt3,3,fwd,3,1700.0,1250.0,0.2151,0.0
DB02_to_DK05#alt3,3,fwd,4,1700.0,1300.0,0.2431,0.0
DB02_to_DK05#alt3,3,fwd,5,1700.0,1350.0,0.2721,0.0
DB02_to_DK05#alt3,3,fwd,6,1700.0,1400.0,0.3077,0.0
DB02_to_DK05#alt3,3,fwd,7,1700.0,1450.0,0.344,0.0
DB02_to_DK05#alt3,3,fwd,8,1683.33,1500.0,0.3895,0.0
DB02_to_DK05#alt3,3,fwd,9,1650.0,1550.0,0.4931,0.0
DB02_to_DK05#alt3,3,fwd,10,1616.67,1600.0,0.6241,0.0
DB02_to_DK05#alt3,3,fwd,11,1600.0,1650.0,0.6889,0.0
DB02_to_DK05#alt3,3,fwd,12,1616.67,1700.0,0.7165,0.0
DB02_to_DK05#alt3,3,fwd,13,1650.0,1750.0,0.6065,0.0
DB02_to_DK05#alt3,3,fwd,14,1700.0,1800.0,0.5134,0.0
DB02_to_DK05#alt3,3,fwd,15,1750.0,1850.0,0.4275,0.0
DB02_to_DK05#alt3,3,fwd,16,1800.0,1900.0,0.503,0.0
DB02_to_DK05#alt3,3,fwd,17,1850.0,1950.0,0.6065,0.0
DB02_to_DK05#alt3,3,fwd,18,1883.33,2000.0,0.7165,0.0
DB02_to_DK05#alt3,3,fwd,19,1900.0,2050.0,0.7165,0.0
DB02_to_DK05#alt3,3,fwd,20,1900.0,2100.0,0.7165,0.0
DB02_to_DK05#alt3,3,fwd,21,1900.0,2150.0,0.7165,0.0
DB02_to_DK05#alt3,3,fwd,22,1900.0,2200.0,0.7165,0.0
DB02_to_DK05#alt3,3,fwd,23,1900.0,2250.0,0.7165,0.0
DB02_to_DK05#alt3,3,fwd,24,1916.67,2300.0,0.6889,0.0
DB02_to_DK05#alt3,3,fwd,25,1933.33,2350.0,0.7165,0.0
DB02_to_DK05#alt3,3,fwd,26,1950.0,2400.0,0.6889,0.0
DB02_to_DK05#alt3,3,fwd,27,1933.33,2450.0,0.6889,0.0
DB02_to_DK05#alt3,3,fwd,28,1900.0,2500.0,0.6065,0.0
DB02_to_DK05#alt3,3,fwd,29,1850.0,2550.0,0.5903,0.0
DB02_to_DK05#alt3,3,fwd,30,1800.0,2600.0,0.6241,0.0
DB02_to_DK05#alt3,3,fwd,31,1750.0,2650.0,0.6241,0.0
DB02_to_DK05#alt3,3,fwd,32,1700.0,2700.0,0.6241,0.0
DB02_to_DK05#alt3,3,fwd,33,1650.0,2750.0,0.5903,0.0
DB02_to_DK05#alt3,3,fwd,34,1600.0,2783.33,0.5134,0.0
DB02_to_DK05#alt3,3,fwd,35,1550.0,2800.0,0.5134,0.0
DB02_to_DK05#alt3,3,fwd,36,1500.0,2816.67,0.5134,0.0
DB02_to_DK05#alt3,3,fwd,37,1450.0,2850.0,0.4346,0.0
DB02_to_DK05#alt3,3,fwd,38,1400.0,2900.0,0.4346,0.0
DB02_to_DK05#alt3,3,fwd,39,1350.0,2950.0,0.5483,0.0
DB02_to_DK05#alt3,3,fwd,40,1300.0,2983.33,0.6889,0.0
DB02_to_DK05#alt3,3,fwd,41,1250.0,3000.0,0.7165,0.0
DB02_to_DK05#alt3,3,fwd,42,1200.0,3016.67,0.6889,0.0
DB02_to_DK05#alt3,3,fwd,43,1150.0,3033.33,0.7165,0.0
DB02_to_DK05#alt3,3,fwd,44,1100.0,3050.0,0.7165,0.0
DB02_to_DK05#alt3,3,fwd,45,1050.0,3066.67,0.6889,0.0
DB02_to_DK05#alt3,3,fwd,46,1000.0,3083.33,0.7165,0.0
DB02_to_DK05#alt3,3,fwd,47,950.0,3116.67,0.6889,0.0
DB02_to_DK05#alt3,3,fwd,48,900.0,3150.0,0.6889,0.0
DB02_to_DK05#alt3,3,fwd,49,850.0,3200.0,0.6889,0.0
DB02_to_DK05#alt3,3,fwd,50,800.0,3250.0,0.6241,0.0
DB02_to_DK05#alt3,3,fwd,51,766.67,3300.0,0.5903,0.0
DB02_to_DK05#alt3,3,fwd,52,750.0,3350.0,0.6065,0.0
DB02_to_DK05#alt3,3,fwd,53,750.0,3400.0,0.6241,0.0
DB02_to_DK05#alt3,3,fwd,54,750.0,3450.0,0.6889,0.0
DB02_to_DK05#alt3,3,fwd,55,750.0,3500.0,0.7165,0.0
DB02_to_DK05#alt3,3,fwd,56,766.67,3550.0,0.6889,0.0
DB02_to_DK05#alt3,3,fwd,57,783.33,3600.0,0.7165,0.0
DB02_to_DK05#alt3,3,fwd,58,800.0,3650.0,0.7165,0.0
DB02_to_DK05#alt3,3,fwd,59,816.67,3700.0,0.6889,0.0
DB02_to_DK05#alt3,3,fwd,60,833.33,3750.0,0.7165,0.0
DB02_to_DK05#alt3,3,fwd,61,850.0,3800.0,0.6889,0.0
DB02_to_DK05#alt3,3,fwd,62,900.0,3850.0,0.6889,0.0
DB02_to_DK05#alt3,3,fwd,63,950.0,3900.0,0.6889,0.0
DB02_to_DK05#alt3,3,fwd,64,1000.0,3950.0,0.6241,0.0
DB02_to_DK05#alt3,3,fwd,65,1050.0,3983.33,0.5903,0.0
DB02_to_DK05#alt3,3,fwd,66,1100.0,4000.0,0.6065,0.0
DB02_to_DK05#alt3,3,fwd,67,1150.0,4000.0,0.6241,0.0
DB02_to_DK05#alt3,3,fwd,68,1200.0,4000.0,0.6889,0.0
DB02_to_DK05#alt3,3,fwd,69,1250.0,4000.0,0.7165,0.0
DB02_to_DK05#alt3,3,fwd,70,1300.0,3983.33,0.6889,0.0
DB02_to_DK05#alt3,3,fwd,71,1350.0,3966.67,0.7165,0.0
DB02_to_DK05#alt3,3,fwd,72,1400.0,3950.0,0.7165,0.0
DB02_to_DK05#alt3,3,fwd,73,1450.0,3933.33,0.6889,0.0
DB02_to_DK05#alt3,3,fwd,74,1500.0,3916.67,0.7165,0.0
DB02_to_DK05#alt3,3,fwd,75,1550.0,3900.0,0.6889,0.0
DB02_to_DK05#alt3,3,fwd,76,1600.0,3900.0,0.6889,0.0
DB02_to_DK05#alt3,3,fwd,77,1650.0,3900.0,0.7165,0.0
DB02_to_DK05#alt3,3,fwd,78,1700.0,3900.0,0.7165,0.0
DB02_to_DK05#alt3,3,fwd,79,1750.0,3900.0,0.7165,0.0
DB02_to_DK05#alt3,3,fwd,80,1800.0,3916.67,0.6889,0.0
DB02_to_DK05#alt3,3,fwd,81,1850.0,3933.33,0.7165,0.0
DB02_to_DK05#alt3,3,fwd,82,1900.0,3950.0,0.6889,0.0
DB02_to_DK05#alt3,3,fwd,83,1950.0,4000.0,0.6889,0.0
DB02_to_DK05#alt3,3,fwd,84,1983.33,4050.0,0.6889,0.0
DB02_to_DK05#alt3,3,fwd,85,2000.0,4100.0,0.7165,0.0
DB02_to_DK05#alt3,3,fwd,86,2000.0,4150.0,0.7165,0.0
DB02_to_DK05#alt3,3,fwd,87,2016.67,4200.0,0.7165,0.0
DB02_to_DK05#alt3,3,fwd,88,2050.0,4250.0,0.6065,0.0
DB02_to_DK05#alt3,3,fwd,89,2100.0,4300.0,0.5134,0.0
DB02_to_DK05#alt3,3,fwd,90,2150.0,4350.0,0.5903,0.0
DB02_to_DK05#alt3,3,fwd,91,2200.0,4400.0,0.6241,0.0
DB02_to_DK05#alt3,3,fwd,92,2250.0,4450.0,0.6241,0.0
DB02_to_DK05#alt3,3,fwd,93,2300.0,4500.0,0.6241,0.0
DB02_to_DK05#alt3,3,fwd,94,2350.0,4533.33,0.5903,0.0
DB02_to_DK05#alt3,3,fwd,95,2400.0,4550.0,0.503,0.0
DB02_to_DK05#alt3,3,fwd,96,2450.0,4550.0,0.4275,0.0
DB02_to_DK05#alt3,3,fwd,97,2500.0,4550.0,0.3628,0.0
DB02_to_DK05#alt3,3,fwd,98,2550.0,4550.0,0.344,0.0
DB02_to_DK05#alt3,3,fwd,99,2600.0,4550.0,0.3895,0.0
DB02_to_DK05#alt3,3,fwd,100,2650.0,4550.0,0.4346,0.0
DB02_to_DK05#alt3,3,fwd,101,2700.0,4550.0,0.4931,0.0
DB02_to_DK05#alt3,3,fwd,102,2750.0,4550.0,0.5483,0.0
DB02_to_DK05#alt3,3,fwd,103,2800.0,4550.0,0.5903,0.0
DB02_to_DK05#alt3,3,fwd,104,2850.0,4550.0,0.6241,0.0
DB02_to_DK05#alt3,3,fwd,105,2900.0,4550.0,0.6889,0.0
DB02_to_DK05#alt3,3,fwd,106,2950.0,4550.0,0.7165,0.0
DB02_to_DK05#alt3,3,fwd,107,3000.0,4550.0,0.7165,0.0
DB02_to_DK05#alt3,3,fwd,108,3050.0,4550.0,0.7165,0.0
DB02_to_DK05#alt3,3,fwd,109,3100.0,4550.0,0.6889,0.0
DB02_to_DK05#alt3,3,fwd,110,3150.0,4500.0,0.7165,0.0
DB02_to_DK05#alt3,3,fwd,111,3200.0,4500.0,0.6889,0.0
DB02_to_DK05#alt3,3,fwd,112,3250.0,4500.0,0.6241,0.0
DB02_to_DK05#alt3,3,fwd,113,3300.0,4500.0,0.5483,0.0
DB02_to_DK05#alt3,3,fwd,114,3350.0,4516.67,0.4931,0.0
DB02_to_DK05#alt3,3,fwd,115,3400.0,4533.33,0.3895,0.0
DB02_to_DK05#alt3,3,fwd,116,3450.0,4550.0,0.344,0.0
DB02_to_DK05#alt3,3,fwd,117,3500.0,4550.0,0.3006,0.0
DB02_to_DK05#alt3,3,fwd,118,3550.0,4550.0,0.2972,0.0
DB02_to_DK05#alt3,3,fwd,119,3600.0,4550.0,0.3077,0.0
DB02_to_DK05#alt3,3,fwd,120,3650.0,4550.0,0.3114,0.0
DB02_to_DK05#alt3,3,fwd,121,3700.0,4550.0,0.344,0.0
DB02_to_DK05#alt3,3,fwd,122,3750.0,4550.0,0.3895,0.0
DB02_to_DK05#alt3,3,fwd,123,3800.0,4550.0,0.4346,0.0
DB02_to_DK05#alt3,3,fwd,124,3850.0,4550.0,0.4746,0.0
DB02_to_DK05#alt3,3,fwd,125,3900.0,4533.33,0.503,0.0
DB02_to_DK05#alt3,3,fwd,126,3950.0,4516.67,0.4346,0.0
DB02_to_DK05#alt3,3,fwd,127,4000.0,4483.33,0.4346,0.0
DB02_to_DK05#alt3,3,fwd,128,4050.0,4450.0,0.3628,0.0
DB02_to_DK05#alt3,3,fwd,129,4100.0,4400.0,0.2972,0.0
DB02_to_DK05#alt3,3,fwd,130,4150.0,4350.0,0.2609,0.0
DB02_to_DK05#alt3,3,fwd,131,4200.0,4300.0,0.2407,0.0
DB02_to_DK05#alt3,3,fwd,132,4250.0,4250.0,0.2151,0.0
DB02_to_DK05#alt3,3,fwd,133,4300.0,4200.0,0.1921,0.0
DB02_to_DK05#alt3,3,fwd,134,4350.0,4150.0,0.1889,0.0
DB02_to_DK05#alt3,3,fwd,135,4400.0,4100.0,0.1798,0.0
DB02_to_DK05#alt3,3,fwd,136,4450.0,4050.0,0.1661,0.0
DB02_to_DK05#alt3,3,fwd,137,4500.0,4000.0,0.1495,0.0
DB02_to_DK05#alt3,3,fwd,138,4550.0,3950.0,0.1317,0.0
DB02_to_DK05#alt3,3,fwd,139,4600.0,3900.0,0.1138,0.0
DB02_to_DK05#alt3,3,fwd,140,4650.0,3850.0,0.097,0.0
DB02_to_DK05#alt3,3,fwd,141,4700.0,3800.0,0.0854,0.0
DB02_to_DK05#alt3,3,fwd,142,4750.0,3750.0,0.079,0.0
DB02_to_DK05#alt3,3,fwd,143,4800.0,3700.0,0.0717,0.0
DB02_to_DK05#alt3,3,fwd,144,4850.0,3650.0,0.064,0.0
DB02_to_DK05#alt3,3,fwd,145,4900.0,3600.0,0.0563,0.0
DB02_to_DK05#alt3,3,fwd,146,4933.33,3550.0,0.0489,0.0
DB02_to_DK05#alt3,3,fwd,147,4950.0,3500.0,0.0496,0.0
DB02_to_DK05#alt3,3,fwd,148,4950.0,3450.0,0.0514,0.0
DB02_to_DK05#alt3,3,fwd,149,4950.0,3400.0,0.0568,0.0
DB02_to_DK05#alt3,3,fwd,150,4950.0,3350.0,0.0624,0.0
DB02_to_DK05#alt3,3,fwd,151,4950.0,3300.0,0.0681,0.0
DB02_to_DK05#alt3,3,fwd,152,4950.0,3250.0,0.0736,0.0
DB02_to_DK05#alt3,3,fwd,153,4950.0,3200.0,0.079,0.0
DB02_to_DK05#alt3,3,fwd,154,4950.0,3150.0,0.0854,0.0
DB02_to_DK05#alt3,3,fwd,155,4950.0,3100.0,0.092,0.0
DB02_to_DK05#alt3,3,fwd,156,4950.0,3050.0,0.0981,0.0
DB02_to_DK05#alt3,3,fwd,157,4950.0,3000.0,0.1036,0.0
DB02_to_DK05#alt3,3,fwd,158,4950.0,2950.0,0.1082,0.0
DB02_to_DK05#alt3,3,fwd,159,4950.0,2900.0,0.1117,0.0
DB02_to_DK05#alt3,3,fwd,160,4950.0,2850.0,0.1138,0.0
DB02_to_DK05#alt3,3,fwd,161,4950.0,2800.0,0.1146,0.0
DB02_to_DK05#alt3,3,fwd,162,4950.0,2750.0,0.1138,0.0
DB02_to_DK05#alt3,3,fwd,163,4950.0,2700.0,0.1117,0.0
DB02_to_DK05#alt3,3,fwd,164,4950.0,2650.0,0.1082,0.0
DB02_to_DK05#alt3,3,fwd,165,4950.0,2600.0,0.1036,0.0
DB02_to_DK05#alt3,3,fwd,166,4950.0,2550.0,0.0981,0.0
DB02_to_DK05#alt3,3,fwd,167,4950.0,2500.0,0.092,0.0
DB02_to_DK05#alt3,3,fwd,168,4950.0,2450.0,0.0854,0.0
DB02_to_DK05#alt3,3,fwd,169,4950.0,2400.0,0.079,0.0
DB02_to_DK05#alt3,3,fwd,170,4950.0,2350.0,0.0839,0.0
DB02_to_DK05#alt3,3,fwd,171,4950.0,2300.0,0.0947,0.0
DB02_to_DK05#alt3,3,fwd,172,4950.0,2250.0,0.1062,0.0
DB02_to_DK05#alt4,4,fwd,0,1800.0,1100.0,0.1183,0.0
DB02_to_DK05#alt4,4,fwd,1,1850.0,1050.0,0.0936,0.0
DB02_to_DK05#alt4,4,fwd,2,1900.0,1000.0,0.074,0.0
DB02_to_DK05#alt4,4,fwd,3,1950.0,950.0,0.0677,0.0
DB02_to_DK05#alt4,4,fwd,4,2000.0,900.0,0.0612,0.0
DB02_to_DK05#alt4,4,fwd,5,2050.0,850.0,0.0544,0.0
DB02_to_DK05#alt4,4,fwd,6,2100.0,800.0,0.0568,0.0
DB02_to_DK05#alt4,4,fwd,7,2150.0,750.0,0.0585,0.0
DB02_to_DK05#alt4,4,fwd,8,2200.0,700.0,0.0591,0.0
DB02_to_DK05#alt4,4,fwd,9,2250.0,650.0,0.0591,0.0
DB02_to_DK05#alt4,4,fwd,10,2300.0,600.0,0.0585,0.0
DB02_to_DK05#alt4,4,fwd,11,2350.0,550.0,0.0568,0.0
DB02_to_DK05#alt4,4,fwd,12,2400.0,500.0,0.0577,0.0
DB02_to_DK05#alt4,4,fwd,13,2450.0,466.67,0.0691,0.0
DB02_to_DK05#alt4,4,fwd,14,2500.0,450.0,0.0816,0.0
DB02_to_DK05#alt4,4,fwd,15,2550.0,450.0,0.0964,0.0
DB02_to_DK05#alt4,4,fwd,16,2600.0,450.0,0.1138,0.0
DB02_to_DK05#alt4,4,fwd,17,2650.0,450.0,0.1344,0.0
DB02_to_DK05#alt4,4,fwd,18,2700.0,450.0,0.1587,0.0
DB02_to_DK05#alt4,4,fwd,19,2750.0,433.33,0.1873,0.0
DB02_to_DK05#alt4,4,fwd,20,2800.0,400.0,0.2231,0.0
DB02_to_DK05#alt4,4,fwd,21,2850.0,350.0,0.2636,0.0
DB02_to_DK05#alt4,4,fwd,22,2900.0,300.0,0.3114,0.0
DB02_to_DK05#alt4,4,fwd,23,2950.0,250.0,0.3628,0.0
DB02_to_DK05#alt4,4,fwd,24,3000.0,200.0,0.4076,0.0
DB02_to_DK05#alt4,4,fwd,25,3050.0,150.0,0.4346,0.0
DB02_to_DK05#alt4,4,fwd,26,3100.0,100.0,0.4346,0.0
DB02_to_DK05#alt4,4,fwd,27,3150.0,66.67,0.4076,0.0
DB02_to_DK05#alt4,4,fwd,28,3200.0,50.0,0.4275,0.0
DB02_to_DK05#alt4,4,fwd,29,3250.0,50.0,0.4346,0.0
DB02_to_DK05#alt4,4,fwd,30,3300.0,50.0,0.4346,0.0
DB02_to_DK05#alt4,4,fwd,31,3350.0,50.0,0.4346,0.0
DB02_to_DK05#alt4,4,fwd,32,3400.0,50.0,0.4346,0.0
DB02_to_DK05#alt4,4,fwd,33,3450.0,50.0,0.4346,0.0
DB02_to_DK05#alt4,4,fwd,34,3500.0,50.0,0.4346,0.0
DB02_to_DK05#alt4,4,fwd,35,3550.0,50.0,0.4346,0.0
DB02_to_DK05#alt4,4,fwd,36,3600.0,50.0,0.4346,0.0
DB02_to_DK05#alt4,4,fwd,37,3650.0,50.0,0.4275,0.0
DB02_to_DK05#alt4,4,fwd,38,3700.0,50.0,0.4076,0.0
DB02_to_DK05#alt4,4,fwd,39,3750.0,50.0,0.3784,0.0
DB02_to_DK05#alt4,4,fwd,40,3800.0,50.0,0.344,0.0
DB02_to_DK05#alt4,4,fwd,41,3850.0,50.0,0.3077,0.0
DB02_to_DK05#alt4,4,fwd,42,3900.0,50.0,0.344,0.0
DB02_to_DK05#alt4,4,fwd,43,3950.0,50.0,0.3895,0.0
DB02_to_DK05#alt4,4,fwd,44,4000.0,50.0,0.4346,0.0
DB02_to_DK05#alt4,4,fwd,45,4050.0,50.0,0.4746,0.0
DB02_to_DK05#alt4,4,fwd,46,4100.0,50.0,0.503,0.0
DB02_to_DK05#alt4,4,fwd,47,4150.0,50.0,0.5134,0.0
DB02_to_DK05#alt4,4,fwd,48,4200.0,50.0,0.5134,0.0
DB02_to_DK05#alt4,4,fwd,49,4250.0,50.0,0.5134,0.0
DB02_to_DK05#alt4,4,fwd,50,4300.0,50.0,0.5134,0.0
DB02_to_DK05#alt4,4,fwd,51,4350.0,50.0,0.5134,0.0
DB02_to_DK05#alt4,4,fwd,52,4400.0,50.0,0.503,0.0
DB02_to_DK05#alt4,4,fwd,53,4450.0,50.0,0.4746,0.0
DB02_to_DK05#alt4,4,fwd,54,4500.0,50.0,0.4346,0.0
DB02_to_DK05#alt4,4,fwd,55,4550.0,50.0,0.3895,0.0
DB02_to_DK05#alt4,4,fwd,56,4600.0,50.0,0.344,0.0
DB02_to_DK05#alt4,4,fwd,57,4650.0,50.0,0.3077,0.0
DB02_to_DK05#alt4,4,fwd,58,4700.0,50.0,0.2721,0.0
DB02_to_DK05#alt4,4,fwd,59,4750.0,50.0,0.2384,0.0
DB02_to_DK05#alt4,4,fwd,60,4800.0,50.0,0.2076,0.0
DB02_to_DK05#alt4,4,fwd,61,4850.0,50.0,0.1798,0.0
DB02_to_DK05#alt4,4,fwd,62,4900.0,66.67,0.1551,0.0
DB02_to_DK05#alt4,4,fwd,63,4933.33,100.0,0.1422,0.0
DB02_to_DK05#alt4,4,fwd,64,4950.0,150.0,0.1495,0.0
DB02_to_DK05#alt4,4,fwd,65,4950.0,200.0,0.1551,0.0
DB02_to_DK05#alt4,4,fwd,66,4950.0,250.0,0.1587,0.0
DB02_to_DK05#alt4,4,fwd,67,4950.0,300.0,0.1599,0.0
DB02_to_DK05#alt4,4,fwd,68,4950.0,350.0,0.1599,0.0
DB02_to_DK05#alt4,4,fwd,69,4950.0,400.0,0.1599,0.0
DB02_to_DK05#alt4,4,fwd,70,4950.0,450.0,0.1599,0.0
DB02_to_DK05#alt4,4,fwd,71,4950.0,500.0,0.1599,0.0
DB02_to_DK05#alt4,4,fwd,72,4950.0,550.0,0.1587,0.0
DB02_to_DK05#alt4,4,fwd,73,4950.0,600.0,0.1551,0.0
DB02_to_DK05#alt4,4,fwd,74,4950.0,650.0,0.1495,0.0
DB02_to_DK05#alt4,4,fwd,75,4950.0,700.0,0.1422,0.0
DB02_to_DK05#alt4,4,fwd,76,4950.0,750.0,0.1335,0.0
DB02_to_DK05#alt4,4,fwd,77,4950.0,800.0,0.1239,0.0
DB02_to_DK05#alt4,4,fwd,78,4950.0,850.0,0.1138,0.0
DB02_to_DK05#alt4,4,fwd,79,4950.0,900.0,0.1036,0.0
DB02_to_DK05#alt4,4,fwd,80,4950.0,950.0,0.0936,0.0
DB02_to_DK05#alt4,4,fwd,81,4950.0,1000.0,0.0839,0.0
DB02_to_DK05#alt4,4,fwd,82,4950.0,1050.0,0.0748,0.0
DB02_to_DK05#alt4,4,fwd,83,4950.0,1100.0,0.0663,0.0
DB02_to_DK05#alt4,4,fwd,84,4950.0,1150.0,0.0748,0.0
DB02_to_DK05#alt4,4,fwd,85,4950.0,1200.0,0.0839,0.0
DB02_to_DK05#alt4,4,fwd,86,4950.0,1250.0,0.0947,0.0
DB02_to_DK05#alt4,4,fwd,87,4950.0,1300.0,0.1062,0.0
DB02_to_DK05#alt4,4,fwd,88,4950.0,1350.0,0.1183,0.0
DB02_to_DK05#alt4,4,fwd,89,4950.0,1400.0,0.1308,0.0
DB02_to_DK05#alt4,4,fwd,90,4950.0,1450.0,0.1432,0.0
DB02_to_DK05#alt4,4,fwd,91,4950.0,1500.0,0.1551,0.0
DB02_to_DK05#alt4,4,fwd,92,4950.0,1550.0,0.1661,0.0
DB02_to_DK05#alt4,4,fwd,93,4950.0,1600.0,0.1755,0.0
DB02_to_DK05#alt4,4,fwd,94,4950.0,1650.0,0.1827,0.0
DB02_to_DK05#alt4,4,fwd,95,4950.0,1700.0,0.1873,0.0
DB02_to_DK05#alt4,4,fwd,96,4950.0,1750.0,0.1889,0.0
DB02_to_DK05#alt4,4,fwd,97,4950.0,1800.0,0.1889,0.0
DB02_to_DK05#alt4,4,fwd,98,4950.0,1850.0,0.1873,0.0
DB02_to_DK05#alt4,4,fwd,99,4950.0,1900.0,0.1827,0.0
DB02_to_DK05#alt4,4,fwd,100,4950.0,1950.0,0.1755,0.0
DB02_to_DK05#alt4,4,fwd,101,4950.0,2000.0,0.1661,0.0
DB02_to_DK05#alt4,4,fwd,102,4950.0,2050.0,0.1551,0.0
DB02_to_DK05#alt4,4,fwd,103,4950.0,2100.0,0.1432,0.0
DB02_to_DK05#alt4,4,fwd,104,4950.0,2150.0,0.1308,0.0
DB02_to_DK05#alt4,4,fwd,105,4950.0,2200.0,0.1183,0.0
DB02_to_DK05#alt4,4,fwd,106,4950.0,2250.0,0.1062,0.0
DB02_to_DK05#alt5,5,fwd,0,1800.0,1100.0,0.1183,0.0
DB02_to_DK05#alt5,5,fwd,1,1750.0,1150.0,0.1495,0.0
DB02_to_DK05#alt5,5,fwd,2,1700.0,1200.0,0.1889,0.0
DB02_to_DK05#alt5,5,fwd,3,1683.33,1250.0,0.2151,0.0
DB02_to_DK05#alt5,5,fwd,4,1683.33,1300.0,0.2431,0.0
DB02_to_DK05#alt5,5,fwd,5,1683.33,1350.0,0.2721,0.0
DB02_to_DK05#alt5,5,fwd,6,1650.0,1400.0,0.344,0.0
DB02_to_DK05#alt5,5,fwd,7,1616.67,1450.0,0.4346,0.0
DB02_to_DK05#alt5,5,fwd,8,1600.0,1500.0,0.4931,0.0
DB02_to_DK05#alt5,5,fwd,9,1600.0,1550.0,0.5483,0.0
DB02_to_DK05#alt5,5,fwd,10,1600.0,1600.0,0.6241,0.0
DB02_to_DK05#alt5,5,fwd,11,1600.0,1650.0,0.6889,0.0
DB02_to_DK05#alt5,5,fwd,12,1600.0,1700.0,0.7165,0.0
DB02_to_DK05#alt5,5,fwd,13,1600.0,1750.0,0.7165,0.0
DB02_to_DK05#alt5,5,fwd,14,1600.0,1800.0,0.7165,0.0
DB02_to_DK05#alt5,5,fwd,15,1583.33,1850.0,0.6889,0.0
DB02_to_DK05#alt5,5,fwd,16,1566.67,1900.0,0.7165,0.0
DB02_to_DK05#alt5,5,fwd,17,1533.33,1950.0,0.6889,0.0
DB02_to_DK05#alt5,5,fwd,18,1500.0,2000.0,0.6889,0.0
DB02_to_DK05#alt5,5,fwd,19,1450.0,2050.0,0.6889,0.0
DB02_to_DK05#alt5,5,fwd,20,1400.0,2100.0,0.6065,0.0
DB02_to_DK05#alt5,5,fwd,21,1350.0,2150.0,0.5134,0.0
DB02_to_DK05#alt5,5,fwd,22,1300.0,2200.0,0.4931,0.0
DB02_to_DK05#alt5,5,fwd,23,1250.0,2250.0,0.4931,0.0
DB02_to_DK05#alt5,5,fwd,24,1216.67,2300.0,0.4746,0.0
DB02_to_DK05#alt5,5,fwd,25,1200.0,2350.0,0.503,0.0
DB02_to_DK05#alt5,5,fwd,26,1200.0,2400.0,0.5134,0.0
DB02_to_DK05#alt5,5,fwd,27,1200.0,2450.0,0.5134,0.0
DB02_to_DK05#alt5,5,fwd,28,1183.33,2500.0,0.5134,0.0
DB02_to_DK05#alt5,5,fwd,29,1150.0,2550.0,0.4346,0.0
DB02_to_DK05#alt5,5,fwd,30,1100.0,2600.0,0.3628,0.0
DB02_to_DK05#alt5,5,fwd,31,1050.0,2650.0,0.2972,0.0
DB02_to_DK05#alt5,5,fwd,32,1000.0,2700.0,0.2407,0.0
DB02_to_DK05#alt5,5,fwd,33,950.0,2750.0,0.2407,0.0
DB02_to_DK05#alt5,5,fwd,34,900.0,2800.0,0.2609,0.0
DB02_to_DK05#alt5,5,fwd,35,850.0,2850.0,0.281,0.0
DB02_to_DK05#alt5,5,fwd,36,800.0,2900.0,0.3006,0.0
DB02_to_DK05#alt5,5,fwd,37,750.0,2950.0,0.3077,0.0
DB02_to_DK05#alt5,5,fwd,38,700.0,3000.0,0.3077,0.0
DB02_to_DK05#alt5,5,fwd,39,650.0,3050.0,0.3006,0.0
DB02_to_DK05#alt5,5,fwd,40,600.0,3100.0,0.281,0.0
DB02_to_DK05#alt5,5,fwd,41,550.0,3150.0,0.2609,0.0
DB02_to_DK05#alt5,5,fwd,42,500.0,3200.0,0.2407,0.0
DB02_to_DK05#alt5,5,fwd,43,450.0,3250.0,0.2151,0.0
DB02_to_DK05#alt5,5,fwd,44,400.0,3300.0,0.1937,0.0
DB02_to_DK05#alt5,5,fwd,45,366.67,3350.0,0.1755,0.0
DB02_to_DK05#alt5,5,fwd,46,350.0,3400.0,0.1827,0.0
DB02_to_DK05#alt5,5,fwd,47,350.0,3450.0,0.1873,0.0
DB02_to_DK05#alt5,5,fwd,48,350.0,3500.0,0.1889,0.0
DB02_to_DK05#alt5,5,fwd,49,350.0,3550.0,0.1873,0.0
DB02_to_DK05#alt5,5,fwd,50,350.0,3600.0,0.1827,0.0
DB02_to_DK05#alt5,5,fwd,51,350.0,3650.0,0.1755,0.0
DB02_to_DK05#alt5,5,fwd,52,350.0,3700.0,0.1661,0.0
DB02_to_DK05#alt5,5,fwd,53,366.67,3750.0,0.1551,0.0
DB02_to_DK05#alt5,5,fwd,54,400.0,3800.0,0.1873,0.0
DB02_to_DK05#alt5,5,fwd,55,450.0,3850.0,0.2231,0.0
DB02_to_DK05#alt5,5,fwd,56,500.0,3900.0,0.2636,0.0
DB02_to_DK05#alt5,5,fwd,57,550.0,3950.0,0.3114,0.0
DB02_to_DK05#alt5,5,fwd,58,600.0,4000.0,0.3679,0.0
DB02_to_DK05#alt5,5,fwd,59,650.0,4050.0,0.4346,0.0
DB02_to_DK05#alt5,5,fwd,60,700.0,4100.0,0.503,0.0
DB02_to_DK05#alt5,5,fwd,61,750.0,4133.33,0.5483,0.0
DB02_to_DK05#alt5,5,fwd,62,800.0,4150.0,0.6241,0.0
DB02_to_DK05#alt5,5,fwd,63,850.0,4150.0,0.6889,0.0
DB02_to_DK05#alt5,5,fwd,64,900.0,4150.0,0.7165,0.0
DB02_to_DK05#alt5,5,fwd,65,950.0,4166.67,0.6889,0.0
DB02_to_DK05#alt5,5,fwd,66,1000.0,4200.0,0.6889,0.0
DB02_to_DK05#alt5,5,fwd,67,1033.33,4250.0,0.6889,0.0
DB02_to_DK05#alt5,5,fwd,68,1050.0,4300.0,0.7165,0.0
DB02_to_DK05#alt5,5,fwd,69,1050.0,4350.0,0.7165,0.0
DB02_to_DK05#alt5,5,fwd,70,1033.33,4400.0,0.6889,0.0
DB02_to_DK05#alt5,5,fwd,71,1033.33,4450.0,0.6241,0.0
DB02_to_DK05#alt5,5,fwd,72,1050.0,4500.0,0.5483,0.0
DB02_to_DK05#alt5,5,fwd,73,1100.0,4550.0,0.5483,0.0
DB02_to_DK05#alt5,5,fwd,74,1150.0,4600.0,0.5483,0.0
DB02_to_DK05#alt5,5,fwd,75,1200.0,4650.0,0.503,0.0
DB02_to_DK05#alt5,5,fwd,76,1250.0,4700.0,0.4346,0.0
DB02_to_DK05#alt5,5,fwd,77,1300.0,4750.0,0.3679,0.0
DB02_to_DK05#alt5,5,fwd,78,1350.0,4800.0,0.3114,0.0
DB02_to_DK05#alt5,5,fwd,79,1400.0,4850.0,0.2636,0.0
DB02_to_DK05#alt5,5,fwd,80,1450.0,4900.0,0.2252,0.0
DB02_to_DK05#alt5,5,fwd,81,1500.0,4933.33,0.2384,0.0
DB02_to_DK05#alt5,5,fwd,82,1550.0,4950.0,0.2721,0.0
DB02_to_DK05#alt5,5,fwd,83,1600.0,4950.0,0.3077,0.0
DB02_to_DK05#alt5,5,fwd,84,1650.0,4950.0,0.344,0.0
DB02_to_DK05#alt5,5,fwd,85,1700.0,4950.0,0.3895,0.0
DB02_to_DK05#alt5,5,fwd,86,1750.0,4950.0,0.4346,0.0
DB02_to_DK05#alt5,5,fwd,87,1800.0,4950.0,0.4931,0.0
DB02_to_DK05#alt5,5,fwd,88,1850.0,4950.0,0.5483,0.0
DB02_to_DK05#alt5,5,fwd,89,1900.0,4950.0,0.6241,0.0
DB02_to_DK05#alt5,5,fwd,90,1950.0,4950.0,0.6889,0.0
DB02_to_DK05#alt5,5,fwd,91,2000.0,4950.0,0.7165,0.0
DB02_to_DK05#alt5,5,fwd,92,2050.0,4950.0,0.7165,0.0
DB02_to_DK05#alt5,5,fwd,93,2100.0,4950.0,0.6889,0.0
DB02_to_DK05#alt5,5,fwd,94,2150.0,4900.0,0.7165,0.0
DB02_to_DK05#alt5,5,fwd,95,2200.0,4900.0,0.6889,0.0
DB02_to_DK05#alt5,5,fwd,96,2250.0,4850.0,0.6889,0.0
DB02_to_DK05#alt5,5,fwd,97,2300.0,4800.0,0.6889,0.0
DB02_to_DK05#alt5,5,fwd,98,2350.0,4750.0,0.6065,0.0
DB02_to_DK05#alt5,5,fwd,99,2400.0,4700.0,0.5134,0.0
DB02_to_DK05#alt5,5,fwd,100,2450.0,4666.67,0.4346,0.0
DB02_to_DK05#alt5,5,fwd,101,2500.0,4650.0,0.3679,0.0
DB02_to_DK05#alt5,5,fwd,102,2550.0,4650.0,0.3114,0.0
DB02_to_DK05#alt5,5,fwd,103,2600.0,4650.0,0.3077,0.0
DB02_to_DK05#alt5,5,fwd,104,2650.0,4650.0,0.344,0.0
DB02_to_DK05#alt5,5,fwd,105,2700.0,4650.0,0.3784,0.0
DB02_to_DK05#alt5,5,fwd,106,2750.0,4650.0,0.4076,0.0
DB02_to_DK05#alt5,5,fwd,107,2800.0,4650.0,0.4346,0.0
DB02_to_DK05#alt5,5,fwd,108,2850.0,4650.0,0.4746,0.0
DB02_to_DK05#alt5,5,fwd,109,2900.0,4666.67,0.503,0.0
DB02_to_DK05#alt5,5,fwd,110,2950.0,4700.0,0.4346,0.0
DB02_to_DK05#alt5,5,fwd,111,3000.0,4750.0,0.3679,0.0
DB02_to_DK05#alt5,5,fwd,112,3050.0,4800.0,0.3114,0.0
DB02_to_DK05#alt5,5,fwd,113,3100.0,4833.33,0.2609,0.0
DB02_to_DK05#alt5,5,fwd,114,3150.0,4850.0,0.253,0.0
DB02_to_DK05#alt5,5,fwd,115,3200.0,4833.33,0.2407,0.0
DB02_to_DK05#alt5,5,fwd,116,3250.0,4816.67,0.2609,0.0
DB02_to_DK05#alt5,5,fwd,117,3300.0,4800.0,0.2407,0.0
DB02_to_DK05#alt5,5,fwd,118,3350.0,4800.0,0.2252,0.0
DB02_to_DK05#alt5,5,fwd,119,3400.0,4800.0,0.2076,0.0
DB02_to_DK05#alt5,5,fwd,120,3450.0,4800.0,0.1889,0.0
DB02_to_DK05#alt5,5,fwd,121,3500.0,4800.0,0.2231,0.0
DB02_to_DK05#alt5,5,fwd,122,3550.0,4783.33,0.2636,0.0
DB02_to_DK05#alt5,5,fwd,123,3600.0,4750.0,0.3114,0.0
DB02_to_DK05#alt5,5,fwd,124,3650.0,4700.0,0.3628,0.0
DB02_to_DK05#alt5,5,fwd,125,3700.0,4666.67,0.4076,0.0
DB02_to_DK05#alt5,5,fwd,126,3750.0,4650.0,0.4746,0.0
DB02_to_DK05#alt5,5,fwd,127,3800.0,4650.0,0.5483,0.0
DB02_to_DK05#alt5,5,fwd,128,3850.0,4633.33,0.6241,0.0
DB02_to_DK05#alt5,5,fwd,129,3900.0,4600.0,0.5903,0.0
DB02_to_DK05#alt5,5,fwd,130,3950.0,4566.67,0.5134,0.0
DB02_to_DK05#alt5,5,fwd,131,4000.0,4550.0,0.5134,0.0
DB02_to_DK05#alt5,5,fwd,132,4050.0,4550.0,0.503,0.0
DB02_to_DK05#alt5,5,fwd,133,4100.0,4533.33,0.4746,0.0
DB02_to_DK05#alt5,5,fwd,134,4150.0,4500.0,0.3784,0.0
DB02_to_DK05#alt5,5,fwd,135,4200.0,4450.0,0.3006,0.0
DB02_to_DK05#alt5,5,fwd,136,4250.0,4400.0,0.2384,0.0
DB02_to_DK05#alt5,5,fwd,137,4300.0,4350.0,0.1889,0.0
DB02_to_DK05#alt5,5,fwd,138,4350.0,4300.0,0.1495,0.0
DB02_to_DK05#alt5,5,fwd,139,4400.0,4250.0,0.1344,0.0
DB02_to_DK05#alt5,5,fwd,140,4450.0,4200.0,0.1308,0.0
DB02_to_DK05#alt5,5,fwd,141,4500.0,4150.0,0.1239,0.0
DB02_to_DK05#alt5,5,fwd,142,4550.0,4100.0,0.1146,0.0
DB02_to_DK05#alt5,5,fwd,143,4600.0,4050.0,0.1036,0.0
DB02_to_DK05#alt5,5,fwd,144,4650.0,4000.0,0.092,0.0
DB02_to_DK05#alt5,5,fwd,145,4700.0,3950.0,0.0803,0.0
DB02_to_DK05#alt5,5,fwd,146,4750.0,3900.0,0.0691,0.0
DB02_to_DK05#alt5,5,fwd,147,4800.0,3850.0,0.0588,0.0
DB02_to_DK05#alt5,5,fwd,148,4833.33,3800.0,0.0544,0.0
DB02_to_DK05#alt5,5,fwd,149,4850.0,3750.0,0.058,0.0
DB02_to_DK05#alt5,5,fwd,150,4850.0,3700.0,0.0612,0.0
DB02_to_DK05#alt5,5,fwd,151,4850.0,3650.0,0.064,0.0
DB02_to_DK05#alt5,5,fwd,152,4850.0,3600.0,0.0663,0.0
DB02_to_DK05#alt5,5,fwd,153,4850.0,3550.0,0.0681,0.0
DB02_to_DK05#alt5,5,fwd,154,4850.0,3500.0,0.0691,0.0
DB02_to_DK05#alt5,5,fwd,155,4850.0,3450.0,0.0695,0.0
DB02_to_DK05#alt5,5,fwd,156,4850.0,3400.0,0.074,0.0
DB02_to_DK05#alt5,5,fwd,157,4850.0,3350.0,0.0821,0.0
DB02_to_DK05#alt5,5,fwd,158,4850.0,3300.0,0.0904,0.0
DB02_to_DK05#alt5,5,fwd,159,4850.0,3250.0,0.0987,0.0
DB02_to_DK05#alt5,5,fwd,160,4850.0,3200.0,0.1069,0.0
DB02_to_DK05#alt5,5,fwd,161,4850.0,3150.0,0.1146,0.0
DB02_to_DK05#alt5,5,fwd,162,4850.0,3100.0,0.1239,0.0
DB02_to_DK05#alt5,5,fwd,163,4850.0,3050.0,0.1335,0.0
DB02_to_DK05#alt5,5,fwd,164,4850.0,3000.0,0.1422,0.0
DB02_to_DK05#alt5,5,fwd,165,4850.0,2950.0,0.1495,0.0
DB02_to_DK05#alt5,5,fwd,166,4850.0,2900.0,0.1551,0.0
DB02_to_DK05#alt5,5,fwd,167,4850.0,2850.0,0.1587,0.0
DB02_to_DK05#alt5,5,fwd,168,4850.0,2800.0,0.1599,0.0
DB02_to_DK05#alt5,5,fwd,169,4850.0,2750.0,0.1587,0.0
DB02_to_DK05#alt5,5,fwd,170,4866.67,2700.0,0.1551,0.0
DB02_to_DK05#alt5,5,fwd,171,4900.0,2650.0,0.1273,0.0
DB02_to_DK05#alt5,5,fwd,172,4933.33,2600.0,0.1036,0.0
DB02_to_DK05#alt5,5,fwd,173,4950.0,2550.0,0.0981,0.0
DB02_to_DK05#alt5,5,fwd,174,4950.0,2500.0,0.092,0.0
DB02_to_DK05#alt5,5,fwd,175,4950.0,2450.0,0.0854,0.0
DB02_to_DK05#alt5,5,fwd,176,4950.0,2400.0,0.079,0.0
DB02_to_DK05#alt5,5,fwd,177,4950.0,2350.0,0.0839,0.0
DB02_to_DK05#alt5,5,fwd,178,4950.0,2300.0,0.0947,0.0
DB02_to_DK05#alt5,5,fwd,179,4950.0,2250.0,0.1062,0.0
DB02_to_DK05#alt6,6,fwd,0,1800.0,1100.0,0.1183,0.0
DB02_to_DK05#alt6,6,fwd,1,1850.0,1050.0,0.0936,0.0
DB02_to_DK05#alt6,6,fwd,2,1900.0,1016.67,0.074,0.0
DB02_to_DK05#alt6,6,fwd,3,1950.0,1000.0,0.079,0.0
DB02_to_DK05#alt6,6,fwd,4,2000.0,1000.0,0.0839,0.0
DB02_to_DK05#alt6,6,fwd,5,2050.0,983.33,0.0883,0.0
DB02_to_DK05#alt6,6,fwd,6,2100.0,950.0,0.0781,0.0
DB02_to_DK05#alt6,6,fwd,7,2150.0,916.67,0.0785,0.0
DB02_to_DK05#alt6,6,fwd,8,2200.0,900.0,0.0904,0.0
DB02_to_DK05#alt6,6,fwd,9,2250.0,900.0,0.1036,0.0
DB02_to_DK05#alt6,6,fwd,10,2300.0,916.67,0.1183,0.0
DB02_to_DK05#alt6,6,fwd,11,2350.0,933.33,0.1495,0.0
DB02_to_DK05#alt6,6,fwd,12,2400.0,950.0,0.17,0.0
DB02_to_DK05#alt6,6,fwd,13,2450.0,933.33,0.1921,0.0
DB02_to_DK05#alt6,6,fwd,14,2500.0,900.0,0.1921,0.0
DB02_to_DK05#alt6,6,fwd,15,2550.0,866.67,0.1889,0.0
DB02_to_DK05#alt6,6,fwd,16,2600.0,850.0,0.2076,0.0
DB02_to_DK05#alt6,6,fwd,17,2650.0,850.0,0.2252,0.0
DB02_to_DK05#alt6,6,fwd,18,2700.0,850.0,0.2407,0.0
DB02_to_DK05#alt6,6,fwd,19,2750.0,850.0,0.253,0.0
DB02_to_DK05#alt6,6,fwd,20,2800.0,850.0,0.2609,0.0
DB02_to_DK05#alt6,6,fwd,21,2850.0,850.0,0.2636,0.0
DB02_to_DK05#alt6,6,fwd,22,2900.0,850.0,0.2636,0.0
DB02_to_DK05#alt6,6,fwd,23,2950.0,850.0,0.2609,0.0
DB02_to_DK05#alt6,6,fwd,24,3000.0,850.0,0.253,0.0
DB02_to_DK05#alt6,6,fwd,25,3050.0,850.0,0.2407,0.0
DB02_to_DK05#alt6,6,fwd,26,3100.0,850.0,0.2431,0.0
DB02_to_DK05#alt6,6,fwd,27,3150.0,850.0,0.2721,0.0
DB02_to_DK05#alt6,6,fwd,28,3200.0,850.0,0.3077,0.0
DB02_to_DK05#alt6,6,fwd,29,3250.0,850.0,0.344,0.0
DB02_to_DK05#alt6,6,fwd,30,3300.0,866.67,0.3895,0.0
DB02_to_DK05#alt6,6,fwd,31,3350.0,900.0,0.3895,0.0
DB02_to_DK05#alt6,6,fwd,32,3400.0,933.33,0.3784,0.0
DB02_to_DK05#alt6,6,fwd,33,3450.0,950.0,0.4076,0.0
DB02_to_DK05#alt6,6,fwd,34,3500.0,950.0,0.4346,0.0
DB02_to_DK05#alt6,6,fwd,35,3550.0,950.0,0.4746,0.0
DB02_to_DK05#alt6,6,fwd,36,3600.0,950.0,0.503,0.0
DB02_to_DK05#alt6,6,fwd,37,3650.0,950.0,0.5134,0.0
DB02_to_DK05#alt6,6,fwd,38,3700.0,966.67,0.5134,0.0
DB02_to_DK05#alt6,6,fwd,39,3750.0,1000.0,0.4275,0.0
DB02_to_DK05#alt6,6,fwd,40,3800.0,1050.0,0.3485,0.0
DB02_to_DK05#alt6,6,fwd,41,3850.0,1100.0,0.281,0.0
DB02_to_DK05#alt6,6,fwd,42,3900.0,1150.0,0.2252,0.0
DB02_to_DK05#alt6,6,fwd,43,3950.0,1200.0,0.1798,0.0
DB02_to_DK05#alt6,6,fwd,44,4000.0,1250.0,0.1648,0.0
DB02_to_DK05#alt6,6,fwd,45,4050.0,1300.0,0.2076,0.0
DB02_to_DK05#alt6,6,fwd,46,4100.0,1350.0,0.2609,0.0
DB02_to_DK05#alt6,6,fwd,47,4150.0,1400.0,0.3269,0.0
DB02_to_DK05#alt6,6,fwd,48,4200.0,1450.0,0.4076,0.0
DB02_to_DK05#alt6,6,fwd,49,4250.0,1500.0,0.503,0.0
DB02_to_DK05#alt6,6,fwd,50,4300.0,1550.0,0.6065,0.0
DB02_to_DK05#alt6,6,fwd,51,4350.0,1583.33,0.7165,0.0
DB02_to_DK05#alt6,6,fwd,52,4400.0,1600.0,0.7165,0.0
DB02_to_DK05#alt6,6,fwd,53,4450.0,1616.67,0.6889,0.0
DB02_to_DK05#alt6,6,fwd,54,4500.0,1650.0,0.6889,0.0
DB02_to_DK05#alt6,6,fwd,55,4550.0,1700.0,0.6889,0.0
DB02_to_DK05#alt6,6,fwd,56,4600.0,1750.0,0.6065,0.0
DB02_to_DK05#alt6,6,fwd,57,4650.0,1800.0,0.5134,0.0
DB02_to_DK05#alt6,6,fwd,58,4700.0,1850.0,0.4275,0.0
DB02_to_DK05#alt6,6,fwd,59,4750.0,1900.0,0.3485,0.0
DB02_to_DK05#alt6,6,fwd,60,4800.0,1950.0,0.281,0.0
DB02_to_DK05#alt6,6,fwd,61,4850.0,2000.0,0.2252,0.0
DB02_to_DK05#alt6,6,fwd,62,4900.0,2050.0,0.1798,0.0
DB02_to_DK05#alt6,6,fwd,63,4933.33,2100.0,0.1432,0.0
DB02_to_DK05#alt6,6,fwd,64,4950.0,2150.0,0.1308,0.0
DB02_to_DK05#alt6,6,fwd,65,4950.0,2200.0,0.1183,0.0
DB02_to_DK05#alt6,6,fwd,66,4950.0,2250.0,0.1062,0.0
DK05_to_DB02#alt6,6,bwd,0,4950.0,2250.0,0.1062,0.0
DK05_to_DB02#alt6,6,bwd,1,4900.0,2200.0,0.1344,0.0
DK05_to_DB02#alt6,6,bwd,2,4850.0,2150.0,0.17,0.0
DK05_to_DB02#alt6,6,bwd,3,4800.0,2100.0,0.2151,0.0
DK05_to_DB02#alt6,6,bwd,4,4750.0,2050.0,0.2721,0.0
DK05_to_DB02#alt6,6,bwd,5,4700.0,2000.0,0.344,0.0
DK05_to_DB02#alt6,6,bwd,6,4650.0,1950.0,0.4346,0.0
DK05_to_DB02#alt6,6,bwd,7,4600.0,1900.0,0.5483,0.0
DK05_to_DB02#alt6,6,bwd,8,4566.67,1850.0,0.6889,0.0
DK05_to_DB02#alt6,6,bwd,9,4550.0,1800.0,0.7165,0.0
DK05_to_DB02#alt6,6,bwd,10,4566.67,1750.0,0.7165,0.0
DK05_to_DB02#alt6,6,bwd,11,4583.33,1700.0,0.5903,0.0
DK05_to_DB02#alt6,6,bwd,12,4600.0,1650.0,0.5483,0.0
DK05_to_DB02#alt6,6,bwd,13,4600.0,1600.0,0.4931,0.0
DK05_to_DB02#alt6,6,bwd,14,4600.0,1550.0,0.4346,0.0
DK05_to_DB02#alt6,6,bwd,15,4600.0,1500.0,0.3895,0.0
DK05_to_DB02#alt6,6,bwd,16,4600.0,1450.0,0.344,0.0
DK05_to_DB02#alt6,6,bwd,17,4600.0,1400.0,0.3006,0.0
DK05_to_DB02#alt6,6,bwd,18,4583.33,1350.0,0.2609,0.0
DK05_to_DB02#alt6,6,bwd,19,4550.0,1300.0,0.2407,0.0
DK05_to_DB02#alt6,6,bwd,20,4500.0,1250.0,0.2151,0.0
DK05_to_DB02#alt6,6,bwd,21,4466.67,1200.0,0.1873,0.0
DK05_to_DB02#alt6,6,bwd,22,4450.0,1150.0,0.1587,0.0
DK05_to_DB02#alt6,6,bwd,23,4433.33,1100.0,0.1755,0.0
DK05_to_DB02#alt6,6,bwd,24,4400.0,1050.0,0.2151,0.0
DK05_to_DB02#alt6,6,bwd,25,4350.0,1000.0,0.2609,0.0
DK05_to_DB02#alt6,6,bwd,26,4300.0,950.0,0.3114,0.0
DK05_to_DB02#alt6,6,bwd,27,4250.0,900.0,0.3679,0.0
DK05_to_DB02#alt6,6,bwd,28,4200.0,850.0,0.4346,0.0
DK05_to_DB02#alt6,6,bwd,29,4150.0,800.0,0.503,0.0
DK05_to_DB02#alt6,6,bwd,30,4100.0,750.0,0.5483,0.0
DK05_to_DB02#alt6,6,bwd,31,4050.0,700.0,0.5903,0.0
DK05_to_DB02#alt6,6,bwd,32,4000.0,650.0,0.6241,0.0
DK05_to_DB02#alt6,6,bwd,33,3966.67,600.0,0.6889,0.0
DK05_to_DB02#alt6,6,bwd,34,3950.0,550.0,0.7165,0.0
DK05_to_DB02#alt6,6,bwd,35,3950.0,500.0,0.6889,0.0
DK05_to_DB02#alt6,6,bwd,36,3900.0,450.0,0.7165,0.0
DK05_to_DB02#alt6,6,bwd,37,3900.0,400.0,0.6889,0.0
DK05_to_DB02#alt6,6,bwd,38,3850.0,350.0,0.6889,0.0
DK05_to_DB02#alt6,6,bwd,39,3800.0,300.0,0.6241,0.0
DK05_to_DB02#alt6,6,bwd,40,3750.0,250.0,0.6241,0.0
DK05_to_DB02#alt6,6,bwd,41,3700.0,216.67,0.6241,0.0
DK05_to_DB02#alt6,6,bwd,42,3650.0,200.0,0.6889,0.0
DK05_to_DB02#alt6,6,bwd,43,3600.0,200.0,0.7165,0.0
DK05_to_DB02#alt6,6,bwd,44,3550.0,200.0,0.7165,0.0
DK05_to_DB02#alt6,6,bwd,45,3500.0,200.0,0.7165,0.0
DK05_to_DB02#alt6,6,bwd,46,3450.0,200.0,0.7165,0.0
DK05_to_DB02#alt6,6,bwd,47,3400.0,200.0,0.7165,0.0
DK05_to_DB02#alt6,6,bwd,48,3350.0,200.0,0.7165,0.0
DK05_to_DB02#alt6,6,bwd,49,3300.0,200.0,0.7165,0.0
DK05_to_DB02#alt6,6,bwd,50,3250.0,200.0,0.7165,0.0
DK05_to_DB02#alt6,6,bwd,51,3200.0,200.0,0.6889,0.0
DK05_to_DB02#alt6,6,bwd,52,3150.0,250.0,0.6889,0.0
DK05_to_DB02#alt6,6,bwd,53,3100.0,300.0,0.6065,0.0
DK05_to_DB02#alt6,6,bwd,54,3050.0,316.67,0.5134,0.0
DK05_to_DB02#alt6,6,bwd,55,3000.0,316.67,0.4346,0.0
DK05_to_DB02#alt6,6,bwd,56,2950.0,316.67,0.3679,0.0
DK05_to_DB02#alt6,6,bwd,57,2900.0,316.67,0.3114,0.0
DK05_to_DB02#alt6,6,bwd,58,2850.0,316.67,0.2636,0.0
DK05_to_DB02#alt6,6,bwd,59,2800.0,300.0,0.2231,0.0
DK05_to_DB02#alt6,6,bwd,60,2750.0,300.0,0.1889,0.0
DK05_to_DB02#alt6,6,bwd,61,2700.0,300.0,0.1599,0.0
DK05_to_DB02#alt6,6,bwd,62,2650.0,300.0,0.1353,0.0
DK05_to_DB02#alt6,6,bwd,63,2600.0,300.0,0.1146,0.0
DK05_to_DB02#alt6,6,bwd,64,2550.0,300.0,0.097,0.0
DK05_to_DB02#alt6,6,bwd,65,2500.0,300.0,0.0821,0.0
DK05_to_DB02#alt6,6,bwd,66,2450.0,316.67,0.0695,0.0
DK05_to_DB02#alt6,6,bwd,67,2400.0,350.0,0.0588,0.0
DK05_to_DB02#alt6,6,bwd,68,2350.0,400.0,0.0498,0.0
DK05_to_DB02#alt6,6,bwd,69,2300.0,450.0,0.042,0.0
DK05_to_DB02#alt6,6,bwd,70,2250.0,500.0,0.0407,0.0
DK05_to_DB02#alt6,6,bwd,71,2200.0,550.0,0.0414,0.0
DK05_to_DB02#alt6,6,bwd,72,2150.0,600.0,0.0414,0.0
DK05_to_DB02#alt6,6,bwd,73,2100.0,650.0,0.0414,0.0
DK05_to_DB02#alt6,6,bwd,74,2050.0,700.0,0.0407,0.0
DK05_to_DB02#alt6,6,bwd,75,2000.0,750.0,0.0393,0.0
DK05_to_DB02#alt6,6,bwd,76,1950.0,800.0,0.0423,0.0
DK05_to_DB02#alt6,6,bwd,77,1900.0,850.0,0.0496,0.0
DK05_to_DB02#alt6,6,bwd,78,1850.0,900.0,0.0624,0.0
DK05_to_DB02#alt6,6,bwd,79,1816.67,950.0,0.0785,0.0
DK05_to_DB02#alt6,6,bwd,80,1800.0,1000.0,0.0904,0.0
DK05_to_DB02#alt6,6,bwd,81,1800.0,1050.0,0.1036,0.0
DK05_to_DB02#alt6,6,bwd,82,1800.0,1100.0,0.1183,0.0
DK02_to_DK05#alt0,0,fwd,0,3750.0,2150.0,0.1432,0.0
DK02_to_DK05#alt0,0,fwd,1,3800.0,2183.33,0.1798,0.0
DK02_to_DK05#alt0,0,fwd,2,3850.0,2183.33,0.1937,0.0
DK02_to_DK05#alt0,0,fwd,3,3900.0,2183.33,0.2057,0.0
DK02_to_DK05#alt0,0,fwd,4,3950.0,2183.33,0.2151,0.0
DK02_to_DK05#alt0,0,fwd,5,4000.0,2200.0,0.2211,0.0
DK02_to_DK05#alt0,0,fwd,6,4050.0,2200.0,0.2384,0.0
DK02_to_DK05#alt0,0,fwd,7,4100.0,2216.67,0.2609,0.0
DK02_to_DK05#alt0,0,fwd,8,4150.0,2250.0,0.2636,0.0
DK02_to_DK05#alt0,0,fwd,9,4200.0,2266.67,0.2636,0.0
DK02_to_DK05#alt0,0,fwd,10,4250.0,2266.67,0.2609,0.0
DK02_to_DK05#alt0,0,fwd,11,4300.0,2250.0,0.2636,0.0
DK02_to_DK05#alt0,0,fwd,12,4350.0,2250.0,0.2636,0.0
DK02_to_DK05#alt0,0,fwd,13,4400.0,2250.0,0.2636,0.0
DK02_to_DK05#alt0,0,fwd,14,4450.0,2250.0,0.2609,0.0
DK02_to_DK05#alt0,0,fwd,15,4500.0,2250.0,0.253,0.0
DK02_to_DK05#alt0,0,fwd,16,4550.0,2250.0,0.2407,0.0
DK02_to_DK05#alt0,0,fwd,17,4600.0,2250.0,0.2252,0.0
DK02_to_DK05#alt0,0,fwd,18,4650.0,2250.0,0.2076,0.0
DK02_to_DK05#alt0,0,fwd,19,4700.0,2250.0,0.1889,0.0
DK02_to_DK05#alt0,0,fwd,20,4750.0,2250.0,0.17,0.0
DK02_to_DK05#alt0,0,fwd,21,4800.0,2250.0,0.1517,0.0
DK02_to_DK05#alt0,0,fwd,22,4850.0,2250.0,0.1344,0.0
DK02_to_DK05#alt0,0,fwd,23,4900.0,2250.0,0.1199,0.0
DK02_to_DK05#alt0,0,fwd,24,4950.0,2250.0,0.1062,0.0
DK05_to_DK02#alt0,0,bwd,0,4950.0,2250.0,0.1062,0.0
DK05_to_DK02#alt0,0,bwd,1,4900.0,2200.0,0.1344,0.0
DK05_to_DK02#alt0,0,bwd,2,4850.0,2166.67,0.17,0.0
DK05_to_DK02#alt0,0,bwd,3,4800.0,2150.0,0.1921,0.0
DK05_to_DK02#alt0,0,bwd,4,4750.0,2150.0,0.2151,0.0
DK05_to_DK02#alt0,0,bwd,5,4700.0,2133.33,0.2431,0.0
DK05_to_DK02#alt0,0,bwd,6,4650.0,2133.33,0.2721,0.0
DK05_to_DK02#alt0,0,bwd,7,4600.0,2133.33,0.3006,0.0
DK05_to_DK02#alt0,0,bwd,8,4550.0,2133.33,0.3269,0.0
DK05_to_DK02#alt0,0,bwd,9,4500.0,2133.33,0.3485,0.0
DK05_to_DK02#alt0,0,bwd,10,4450.0,2133.33,0.3628,0.0
DK05_to_DK02#alt0,0,bwd,11,4400.0,2150.0,0.3679,0.0
DK05_to_DK02#alt0,0,bwd,12,4350.0,2150.0,0.3679,0.0
DK05_to_DK02#alt0,0,bwd,13,4300.0,2150.0,0.3679,0.0
DK05_to_DK02#alt0,0,bwd,14,4250.0,2150.0,0.3628,0.0
DK05_to_DK02#alt0,0,bwd,15,4200.0,2150.0,0.3485,0.0
DK05_to_DK02#alt0,0,bwd,16,4150.0,2150.0,0.3269,0.0
DK05_to_DK02#alt0,0,bwd,17,4100.0,2150.0,0.3006,0.0
DK05_to_DK02#alt0,0,bwd,18,4050.0,2150.0,0.2721,0.0
DK05_to_DK02#alt0,0,bwd,19,4000.0,2150.0,0.2431,0.0
DK05_to_DK02#alt0,0,bwd,20,3950.0,2150.0,0.2151,0.0
DK05_to_DK02#alt0,0,bwd,21,3900.0,2150.0,0.1921,0.0
DK05_to_DK02#alt0,0,bwd,22,3850.0,2150.0,0.17,0.0
DK05_to_DK02#alt0,0,bwd,23,3800.0,2150.0,0.1551,0.0
DK05_to_DK02#alt0,0,bwd,24,3750.0,2150.0,0.1432,0.0
DK02_to_DK05#alt1,1,fwd,0,3750.0,2150.0,0.1432,0.0
DK02_to_DK05#alt1,1,fwd,1,3800.0,2200.0,0.1798,0.0
DK02_to_DK05#alt1,1,fwd,2,3850.0,2250.0,0.2252,0.0
DK02_to_DK05#alt1,1,fwd,3,3900.0,2283.33,0.281,0.0
DK02_to_DK05#alt1,1,fwd,4,3950.0,2300.0,0.2972,0.0
DK02_to_DK05#alt1,1,fwd,5,4000.0,2316.67,0.3077,0.0
DK02_to_DK05#alt1,1,fwd,6,4050.0,2333.33,0.3679,0.0
DK02_to_DK05#alt1,1,fwd,7,4100.0,2350.0,0.3679,0.0
DK02_to_DK05#alt1,1,fwd,8,4150.0,2350.0,0.3679,0.0
DK02_to_DK05#alt1,1,fwd,9,4200.0,2350.0,0.3679,0.0
DK02_to_DK05#alt1,1,fwd,10,4250.0,2350.0,0.3628,0.0
DK02_to_DK05#alt1,1,fwd,11,4300.0,2350.0,0.3485,0.0
DK02_to_DK05#alt1,1,fwd,12,4350.0,2350.0,0.3269,0.0
DK02_to_DK05#alt1,1,fwd,13,4400.0,2350.0,0.3006,0.0
DK02_to_DK05#alt1,1,fwd,14,4450.0,2366.67,0.2721,0.0
DK02_to_DK05#alt1,1,fwd,15,4500.0,2366.67,0.2431,0.0
DK02_to_DK05#alt1,1,fwd,16,4550.0,2366.67,0.2151,0.0
DK02_to_DK05#alt1,1,fwd,17,4600.0,2350.0,0.1921,0.0
DK02_to_DK05#alt1,1,fwd,18,4650.0,2333.33,0.17,0.0
DK02_to_DK05#alt1,1,fwd,19,4700.0,2300.0,0.1648,0.0
DK02_to_DK05#alt1,1,fwd,20,4750.0,2266.67,0.17,0.0
DK02_to_DK05#alt1,1,fwd,21,4800.0,2250.0,0.1517,0.0
DK02_to_DK05#alt1,1,fwd,22,4850.0,2250.0,0.1344,0.0
DK02_to_DK05#alt1,1,fwd,23,4900.0,2250.0,0.1199,0.0
DK02_to_DK05#alt1,1,fwd,24,4950.0,2250.0,0.1062,0.0
DK02_to_DK05#alt2,2,fwd,0,3750.0,2150.0,0.1432,0.0
DK02_to_DK05#alt2,2,fwd,1,3800.0,2200.0,0.1798,0.0
DK02_to_DK05#alt2,2,fwd,2,3850.0,2250.0,0.2252,0.0
DK02_to_DK05#alt2,2,fwd,3,3900.0,2300.0,0.281,0.0
DK02_to_DK05#alt2,2,fwd,4,3950.0,2350.0,0.3485,0.0
DK02_to_DK05#alt2,2,fwd,5,4000.0,2400.0,0.4275,0.0
DK02_to_DK05#alt2,2,fwd,6,4050.0,2450.0,0.5134,0.0
DK02_to_DK05#alt2,2,fwd,7,4100.0,2500.0,0.6065,0.0
DK02_to_DK05#alt2,2,fwd,8,4150.0,2533.33,0.7165,0.0
DK02_to_DK05#alt2,2,fwd,9,4200.0,2550.0,0.7165,0.0
DK02_to_DK05#alt2,2,fwd,10,4250.0,2566.67,0.6889,0.0
DK02_to_DK05#alt2,2,fwd,11,4300.0,2600.0,0.6889,0.0
DK02_to_DK05#alt2,2,fwd,12,4350.0,2633.33,0.6889,0.0
DK02_to_DK05#alt2,2,fwd,13,4400.0,2650.0,0.5903,0.0
DK02_to_DK05#alt2,2,fwd,14,4450.0,2650.0,0.503,0.0
DK02_to_DK05#alt2,2,fwd,15,4500.0,2650.0,0.4346,0.0
DK02_to_DK05#alt2,2,fwd,16,4550.0,2650.0,0.3784,0.0
DK02_to_DK05#alt2,2,fwd,17,4600.0,2650.0,0.3269,0.0
DK02_to_DK05#alt2,2,fwd,18,4650.0,2650.0,0.281,0.0
DK02_to_DK05#alt2,2,fwd,19,4700.0,2633.33,0.2407,0.0
DK02_to_DK05#alt2,2,fwd,20,4750.0,2600.0,0.1937,0.0
DK02_to_DK05#alt2,2,fwd,21,4800.0,2550.0,0.1551,0.0
DK02_to_DK05#alt2,2,fwd,22,4850.0,2500.0,0.1239,0.0
DK02_to_DK05#alt2,2,fwd,23,4900.0,2450.0,0.0987,0.0
DK02_to_DK05#alt2,2,fwd,24,4933.33,2400.0,0.079,0.0
DK02_to_DK05#alt2,2,fwd,25,4950.0,2350.0,0.0839,0.0
DK02_to_DK05#alt2,2,fwd,26,4950.0,2300.0,0.0947,0.0
DK02_to_DK05#alt2,2,fwd,27,4950.0,2250.0,0.1062,0.0
DK05_to_DK02#alt2,2,bwd,0,4950.0,2250.0,0.1062,0.0
DK05_to_DK02#alt2,2,bwd,1,4900.0,2200.0,0.1344,0.0
DK05_to_DK02#alt2,2,bwd,2,4850.0,2150.0,0.17,0.0
DK05_to_DK02#alt2,2,bwd,3,4800.0,2100.0,0.2151,0.0
DK05_to_DK02#alt2,2,bwd,4,4750.0,2050.0,0.2721,0.0
DK05_to_DK02#alt2,2,bwd,5,4700.0,2016.67,0.344,0.0
DK05_to_DK02#alt2,2,bwd,6,4650.0,2000.0,0.3895,0.0
DK05_to_DK02#alt2,2,bwd,7,4600.0,2000.0,0.4346,0.0
DK05_to_DK02#alt2,2,bwd,8,4550.0,2000.0,0.4931,0.0
DK05_to_DK02#alt2,2,bwd,9,4500.0,2000.0,0.5483,0.0
DK05_to_DK02#alt2,2,bwd,10,4450.0,2000.0,0.5903,0.0
DK05_to_DK02#alt2,2,bwd,11,4400.0,2000.0,0.6065,0.0
DK05_to_DK02#alt2,2,bwd,12,4350.0,2016.67,0.6065,0.0
DK05_to_DK02#alt2,2,bwd,13,4300.0,2033.33,0.5134,0.0
DK05_to_DK02#alt2,2,bwd,14,4250.0,2050.0,0.503,0.0
DK05_to_DK02#alt2,2,bwd,15,4200.0,2050.0,0.4746,0.0
DK05_to_DK02#alt2,2,bwd,16,4150.0,2050.0,0.4346,0.0
DK05_to_DK02#alt2,2,bwd,17,4100.0,2050.0,0.3895,0.0
DK05_to_DK02#alt2,2,bwd,18,4050.0,2066.67,0.344,0.0
DK05_to_DK02#alt2,2,bwd,19,4000.0,2100.0,0.2721,0.0
DK05_to_DK02#alt2,2,bwd,20,3950.0,2133.33,0.2151,0.0
DK05_to_DK02#alt2,2,bwd,21,3900.0,2150.0,0.1921,0.0
DK05_to_DK02#alt2,2,bwd,22,3850.0,2150.0,0.17,0.0
DK05_to_DK02#alt2,2,bwd,23,3800.0,2150.0,0.1551,0.0
DK05_to_DK02#alt2,2,bwd,24,3750.0,2150.0,0.1432,0.0
DK02_to_DK05#alt7,7,fwd,0,3750.0,2150.0,0.1432,0.0
DK02_to_DK05#alt7,7,fwd,1,3800.0,2100.0,0.1648,0.0
DK02_to_DK05#alt7,7,fwd,2,3850.0,2050.0,0.2076,0.0
DK02_to_DK05#alt7,7,fwd,3,3900.0,2000.0,0.2609,0.0
DK02_to_DK05#alt7,7,fwd,4,3950.0,1950.0,0.3269,0.0
DK02_to_DK05#alt7,7,fwd,5,4000.0,1900.0,0.4076,0.0
DK02_to_DK05#alt7,7,fwd,6,4050.0,1850.0,0.503,0.0
DK02_to_DK05#alt7,7,fwd,7,4100.0,1800.0,0.6065,0.0
DK02_to_DK05#alt7,7,fwd,8,4133.33,1750.0,0.7165,0.0
DK02_to_DK05#alt7,7,fwd,9,4150.0,1700.0,0.6889,0.0
DK02_to_DK05#alt7,7,fwd,10,4200.0,1650.0,0.6889,0.0
DK02_to_DK05#alt7,7,fwd,11,4250.0,1616.67,0.6889,0.0
DK02_to_DK05#alt7,7,fwd,12,4300.0,1600.0,0.7165,0.0
DK02_to_DK05#alt7,7,fwd,13,4350.0,1600.0,0.7165,0.0
DK02_to_DK05#alt7,7,fwd,14,4400.0,1600.0,0.7165,0.0
DK02_to_DK05#alt7,7,fwd,15,4450.0,1616.67,0.6889,0.0
DK02_to_DK05#alt7,7,fwd,16,4500.0,1650.0,0.6889,0.0
DK02_to_DK05#alt7,7,fwd,17,4550.0,1700.0,0.6889,0.0
DK02_to_DK05#alt7,7,fwd,18,4600.0,1750.0,0.6065,0.0
DK02_to_DK05#alt7,7,fwd,19,4650.0,1800.0,0.5134,0.0
DK02_to_DK05#alt7,7,fwd,20,4700.0,1850.0,0.4275,0.0
DK02_to_DK05#alt7,7,fwd,21,4750.0,1900.0,0.3485,0.0
DK02_to_DK05#alt7,7,fwd,22,4800.0,1950.0,0.281,0.0
DK02_to_DK05#alt7,7,fwd,23,4850.0,2000.0,0.2252,0.0
DK02_to_DK05#alt7,7,fwd,24,4900.0,2050.0,0.1798,0.0
DK02_to_DK05#alt7,7,fwd,25,4933.33,2100.0,0.1432,0.0
DK02_to_DK05#alt7,7,fwd,26,4950.0,2150.0,0.1308,0.0
DK02_to_DK05#alt7,7,fwd,27,4950.0,2200.0,0.1183,0.0
DK02_to_DK05#alt7,7,fwd,28,4950.0,2250.0,0.1062,0.0
DK06_to_DK02#alt0,0,fwd,0,3600.0,1200.0,0.2211,0.0
DK06_to_DK02#alt0,0,fwd,1,3650.0,1250.0,0.1889,0.0
DK06_to_DK02#alt0,0,fwd,2,3700.0,1300.0,0.1599,0.0
DK06_to_DK02#alt0,0,fwd,3,3733.33,1350.0,0.1344,0.0
DK06_to_DK02#alt0,0,fwd,4,3750.0,1400.0,0.1308,0.0
DK06_to_DK02#alt0,0,fwd,5,3750.0,1450.0,0.1432,0.0
DK06_to_DK02#alt0,0,fwd,6,3750.0,1500.0,0.1551,0.0
DK06_to_DK02#alt0,0,fwd,7,3750.0,1550.0,0.1661,0.0
DK06_to_DK02#alt0,0,fwd,8,3750.0,1600.0,0.1755,0.0
DK06_to_DK02#alt0,0,fwd,9,3750.0,1650.0,0.1827,0.0
DK06_to_DK02#alt0,0,fwd,10,3750.0,1700.0,0.1873,0.0
DK06_to_DK02#alt0,0,fwd,11,3750.0,1750.0,0.1889,0.0
DK06_to_DK02#alt0,0,fwd,12,3750.0,1800.0,0.1889,0.0
DK06_to_DK02#alt0,0,fwd,13,3750.0,1850.0,0.1873,0.0
DK06_to_DK02#alt0,0,fwd,14,3750.0,1900.0,0.1827,0.0
DK06_to_DK02#alt0,0,fwd,15,3750.0,1950.0,0.1755,0.0
DK06_to_DK02#alt0,0,fwd,16,3750.0,2000.0,0.1661,0.0
DK06_to_DK02#alt0,0,fwd,17,3750.0,2050.0,0.1551,0.0
DK06_to_DK02#alt0,0,fwd,18,3750.0,2100.0,0.1432,0.0
DK06_to_DK02#alt0,0,fwd,19,3750.0,2150.0,0.1432,0.0
DK02_to_DK06#alt0,0,bwd,0,3750.0,2150.0,0.1432,0.0
DK02_to_DK06#alt0,0,bwd,1,3800.0,2100.0,0.1648,0.0
DK02_to_DK06#alt0,0,bwd,2,3833.33,2050.0,0.2076,0.0
DK02_to_DK06#alt0,0,bwd,3,3850.0,2000.0,0.2252,0.0
DK02_to_DK06#alt0,0,bwd,4,3850.0,1950.0,0.2407,0.0
DK02_to_DK06#alt0,0,bwd,5,3850.0,1900.0,0.253,0.0
DK02_to_DK06#alt0,0,bwd,6,3850.0,1850.0,0.2609,0.0
DK02_to_DK06#alt0,0,bwd,7,3850.0,1800.0,0.2636,0.0
DK02_to_DK06#alt0,0,bwd,8,3850.0,1750.0,0.2636,0.0
DK02_to_DK06#alt0,0,bwd,9,3850.0,1700.0,0.2609,0.0
DK02_to_DK06#alt0,0,bwd,10,3850.0,1650.0,0.253,0.0
DK02_to_DK06#alt0,0,bwd,11,3850.0,1600.0,0.2407,0.0
DK02_to_DK06#alt0,0,bwd,12,3850.0,1550.0,0.2252,0.0
DK02_to_DK06#alt0,0,bwd,13,3850.0,1500.0,0.2076,0.0
DK02_to_DK06#alt0,0,bwd,14,3850.0,1450.0,0.1889,0.0
DK02_to_DK06#alt0,0,bwd,15,3833.33,1400.0,0.17,0.0
DK02_to_DK06#alt0,0,bwd,16,3800.0,1350.0,0.1344,0.0
DK02_to_DK06#alt0,0,bwd,17,3750.0,1300.0,0.1587,0.0
DK02_to_DK06#alt0,0,bwd,18,3700.0,1250.0,0.1889,0.0
DK02_to_DK06#alt0,0,bwd,19,3650.0,1216.67,0.2231,0.0
DK02_to_DK06#alt0,0,bwd,20,3600.0,1200.0,0.2211,0.0
DK02_to_DK06#alt1,1,bwd,0,3750.0,2150.0,0.1432,0.0
DK02_to_DK06#alt1,1,bwd,1,3700.0,2100.0,0.1239,0.0
DK02_to_DK06#alt1,1,bwd,2,3666.67,2050.0,0.1146,0.0
DK02_to_DK06#alt1,1,bwd,3,3650.0,2000.0,0.1215,0.0
DK02_to_DK06#alt1,1,bwd,4,3650.0,1950.0,0.1273,0.0
DK02_to_DK06#alt1,1,bwd,5,3650.0,1900.0,0.1317,0.0
DK02_to_DK06#alt1,1,bwd,6,3650.0,1850.0,0.1344,0.0
DK02_to_DK06#alt1,1,bwd,7,3650.0,1800.0,0.1353,0.0
DK02_to_DK06#alt1,1,bwd,8,3650.0,1750.0,0.1353,0.0
DK02_to_DK06#alt1,1,bwd,9,3650.0,1700.0,0.1344,0.0
DK02_to_DK06#alt1,1,bwd,10,3650.0,1650.0,0.1317,0.0
DK02_to_DK06#alt1,1,bwd,11,3650.0,1600.0,0.1273,0.0
DK02_to_DK06#alt1,1,bwd,12,3633.33,1550.0,0.1215,0.0
DK02_to_DK06#alt1,1,bwd,13,3616.67,1500.0,0.1138,0.0
DK02_to_DK06#alt1,1,bwd,14,3600.0,1450.0,0.1146,0.0
DK02_to_DK06#alt1,1,bwd,15,3600.0,1400.0,0.1146,0.0
DK02_to_DK06#alt1,1,bwd,16,3600.0,1350.0,0.1344,0.0
DK02_to_DK06#alt1,1,bwd,17,3600.0,1300.0,0.1587,0.0
DK02_to_DK06#alt1,1,bwd,18,3600.0,1250.0,0.1873,0.0
DK02_to_DK06#alt1,1,bwd,19,3600.0,1200.0,0.2211,0.0
DK02_to_DK06#alt3,3,bwd,0,3750.0,2150.0,0.1432,0.0
DK02_to_DK06#alt3,3,bwd,1,3800.0,2100.0,0.1648,0.0
DK02_to_DK06#alt3,3,bwd,2,3850.0,2050.0,0.2076,0.0
DK02_to_DK06#alt3,3,bwd,3,3900.0,2000.0,0.2609,0.0
DK02_to_DK06#alt3,3,bwd,4,3933.33,1950.0,0.3269,0.0
DK02_to_DK06#alt3,3,bwd,5,3950.0,1900.0,0.3485,0.0
DK02_to_DK06#alt3,3,bwd,6,3950.0,1850.0,0.3628,0.0
DK02_to_DK06#alt3,3,bwd,7,3966.67,1800.0,0.3679,0.0
DK02_to_DK06#alt3,3,bwd,8,4000.0,1750.0,0.4346,0.0
DK02_to_DK06#alt3,3,bwd,9,4033.33,1700.0,0.503,0.0
DK02_to_DK06#alt3,3,bwd,10,4050.0,1650.0,0.4746,0.0
DK02_to_DK06#alt3,3,bwd,11,4050.0,1600.0,0.4346,0.0
DK02_to_DK06#alt3,3,bwd,12,4050.0,1550.0,0.3895,0.0
DK02_to_DK06#alt3,3,bwd,13,4033.33,1500.0,0.344,0.0
DK02_to_DK06#alt3,3,bwd,14,4000.0,1450.0,0.2721,0.0
DK02_to_DK06#alt3,3,bwd,15,3950.0,1400.0,0.2151,0.0
DK02_to_DK06#alt3,3,bwd,16,3900.0,1350.0,0.17,0.0
DK02_to_DK06#alt3,3,bwd,17,3850.0,1300.0,0.1495,0.0
DK02_to_DK06#alt3,3,bwd,18,3800.0,1250.0,0.1827,0.0
DK02_to_DK06#alt3,3,bwd,19,3750.0,1216.67,0.2211,0.0
DK02_to_DK06#alt3,3,bwd,20,3700.0,1200.0,0.2231,0.0
DK02_to_DK06#alt3,3,bwd,21,3650.0,1200.0,0.2231,0.0
DK02_to_DK06#alt3,3,bwd,22,3600.0,1200.0,0.2211,0.0
DK06_to_DK02#alt4,4,fwd,0,3600.0,1200.0,0.2211,0.0
DK06_to_DK02#alt4,4,fwd,1,3550.0,1250.0,0.1827,0.0
DK06_to_DK02#alt4,4,fwd,2,3516.67,1300.0,0.1599,0.0
DK06_to_DK02#alt4,4,fwd,3,3500.0,1350.0,0.1599,0.0
DK06_to_DK02#alt4,4,fwd,4,3500.0,1400.0,0.1599,0.0
DK06_to_DK02#alt4,4,fwd,5,3483.33,1450.0,0.1599,0.0
DK06_to_DK02#alt4,4,fwd,6,3466.67,1500.0,0.1873,0.0
DK06_to_DK02#alt4,4,fwd,7,3450.0,1550.0,0.1827,0.0
DK06_to_DK02#alt4,4,fwd,8,3450.0,1600.0,0.1755,0.0
DK06_to_DK02#alt4,4,fwd,9,3450.0,1650.0,0.1661,0.0
DK06_to_DK02#alt4,4,fwd,10,3450.0,1700.0,0.1551,0.0
DK06_to_DK02#alt4,4,fwd,11,3450.0,1750.0,0.1432,0.0
DK06_to_DK02#alt4,4,fwd,12,3450.0,1800.0,0.1308,0.0
DK06_to_DK02#alt4,4,fwd,13,3466.67,1850.0,0.1183,0.0
DK06_to_DK02#alt4,4,fwd,14,3500.0,1900.0,0.0964,0.0
DK06_to_DK02#alt4,4,fwd,15,3533.33,1950.0,0.092,0.0
DK06_to_DK02#alt4,4,fwd,16,3566.67,2000.0,0.0883,0.0
DK06_to_DK02#alt4,4,fwd,17,3600.0,2050.0,0.0981,0.0
DK06_to_DK02#alt4,4,fwd,18,3650.0,2100.0,0.1069,0.0
DK06_to_DK02#alt4,4,fwd,19,3700.0,2133.33,0.1308,0.0
DK06_to_DK02#alt4,4,fwd,20,3750.0,2150.0,0.1432,0.0
DB02_to_DK04#alt0,0,fwd,0,1800.0,1100.0,0.1183,0.0
DB02_to_DK04#alt0,0,fwd,1,1750.0,1150.0,0.1495,0.0
DB02_to_DK04#alt0,0,fwd,2,1700.0,1200.0,0.1889,0.0
DB02_to_DK04#alt0,0,fwd,3,1666.67,1250.0,0.2384,0.0
DB02_to_DK04#alt0,0,fwd,4,1650.0,1300.0,0.2721,0.0
DB02_to_DK04#alt0,0,fwd,5,1650.0,1350.0,0.3077,0.0
DB02_to_DK04#alt0,0,fwd,6,1650.0,1400.0,0.344,0.0
DB02_to_DK04#alt0,0,fwd,7,1650.0,1450.0,0.3895,0.0
DB02_to_DK04#alt0,0,fwd,8,1650.0,1500.0,0.4346,0.0
DB02_to_DK04#alt0,0,fwd,9,1650.0,1550.0,0.4931,0.0
DB02_to_DK04#alt0,0,fwd,10,1650.0,1600.0,0.5483,0.0
DB02_to_DK04#alt0,0,fwd,11,1650.0,1650.0,0.5903,0.0
DB02_to_DK04#alt0,0,fwd,12,1650.0,1700.0,0.6065,0.0
DB02_to_DK04#alt0,0,fwd,13,1650.0,1750.0,0.6065,0.0
DB02_to_DK04#alt0,0,fwd,14,1650.0,1800.0,0.6065,0.0
DB02_to_DK04#alt0,0,fwd,15,1633.33,1850.0,0.5903,0.0
DB02_to_DK04#alt0,0,fwd,16,1616.67,1900.0,0.6241,0.0
DB02_to_DK04#alt0,0,fwd,17,1583.33,1950.0,0.5903,0.0
DB02_to_DK04#alt0,0,fwd,18,1550.0,2000.0,0.6241,0.0
DB02_to_DK04#alt0,0,fwd,19,1500.0,2050.0,0.6241,0.0
DB02_to_DK04#alt0,0,fwd,20,1450.0,2100.0,0.5903,0.0
DB02_to_DK04#alt0,0,fwd,21,1400.0,2150.0,0.5483,0.0
DB02_to_DK04#alt0,0,fwd,22,1350.0,2200.0,0.5483,0.0
DB02_to_DK04#alt0,0,fwd,23,1316.67,2250.0,0.5483,0.0
DB02_to_DK04#alt0,0,fwd,24,1300.0,2300.0,0.6241,0.0
DB02_to_DK04#alt0,0,fwd,25,1300.0,2350.0,0.6889,0.0
DB02_to_DK04#alt0,0,fwd,26,1300.0,2400.0,0.7165,0.0
DB02_to_DK04#alt0,0,fwd,27,1300.0,2450.0,0.7165,0.0
DB02_to_DK04#alt0,0,fwd,28,1300.0,2500.0,0.7165,0.0
DB02_to_DK04#alt0,0,fwd,29,1300.0,2550.0,0.7165,0.0
DB02_to_DK04#alt0,0,fwd,30,1300.0,2600.0,0.6889,0.0
DB02_to_DK04#alt0,0,fwd,31,1350.0,2650.0,0.6889,0.0
DB02_to_DK04#alt0,0,fwd,32,1400.0,2700.0,0.6889,0.0
DB02_to_DK04#alt0,0,fwd,33,1450.0,2750.0,0.6065,0.0
DB02_to_DK04#alt0,0,fwd,34,1500.0,2800.0,0.5134,0.0
DK04_to_DB02#alt0,0,bwd,0,1500.0,2800.0,0.5134,0.0
DK04_to_DB02#alt0,0,bwd,1,1550.0,2750.0,0.6065,0.0
DK04_to_DB02#alt0,0,bwd,2,1600.0,2716.67,0.7165,0.0
DK04_to_DB02#alt0,0,bwd,3,1650.0,2683.33,0.6889,0.0
DK04_to_DB02#alt0,0,bwd,4,1700.0,2650.0,0.6889,0.0
DK04_to_DB02#alt0,0,bwd,5,1750.0,2600.0,0.6889,0.0
DK04_to_DB02#alt0,0,bwd,6,1800.0,2550.0,0.6889,0.0
DK04_to_DB02#alt0,0,bwd,7,1833.33,2500.0,0.6065,0.0
DK04_to_DB02#alt0,0,bwd,8,1850.0,2450.0,0.6065,0.0
DK04_to_DB02#alt0,0,bwd,9,1850.0,2400.0,0.5903,0.0
DK04_to_DB02#alt0,0,bwd,10,1850.0,2350.0,0.5483,0.0
DK04_to_DB02#alt0,0,bwd,11,1850.0,2300.0,0.5903,0.0
DK04_to_DB02#alt0,0,bwd,12,1866.67,2250.0,0.6065,0.0
DK04_to_DB02#alt0,0,bwd,13,1883.33,2200.0,0.7165,0.0
DK04_to_DB02#alt0,0,bwd,14,1883.33,2150.0,0.7165,0.0
DK04_to_DB02#alt0,0,bwd,15,1866.67,2100.0,0.6065,0.0
DK04_to_DB02#alt0,0,bwd,16,1833.33,2050.0,0.6065,0.0
DK04_to_DB02#alt0,0,bwd,17,1816.67,2000.0,0.5134,0.0
DK04_to_DB02#alt0,0,bwd,18,1800.0,1950.0,0.5134,0.0
DK04_to_DB02#alt0,0,bwd,19,1800.0,1900.0,0.503,0.0
DK04_to_DB02#alt0,0,bwd,20,1800.0,1850.0,0.4746,0.0
DK04_to_DB02#alt0,0,bwd,21,1800.0,1800.0,0.4346,0.0
DK04_to_DB02#alt0,0,bwd,22,1800.0,1750.0,0.4076,0.0
DK04_to_DB02#alt0,0,bwd,23,1800.0,1700.0,0.3784,0.0
DK04_to_DB02#alt0,0,bwd,24,1800.0,1650.0,0.3628,0.0
DK04_to_DB02#alt0,0,bwd,25,1800.0,1600.0,0.3485,0.0
DK04_to_DB02#alt0,0,bwd,26,1800.0,1550.0,0.3269,0.0
DK04_to_DB02#alt0,0,bwd,27,1800.0,1500.0,0.3006,0.0
DK04_to_DB02#alt0,0,bwd,28,1800.0,1450.0,0.2721,0.0
DK04_to_DB02#alt0,0,bwd,29,1800.0,1400.0,0.2431,0.0
DK04_to_DB02#alt0,0,bwd,30,1800.0,1350.0,0.2151,0.0
DK04_to_DB02#alt0,0,bwd,31,1800.0,1300.0,0.1921,0.0
DK04_to_DB02#alt0,0,bwd,32,1800.0,1250.0,0.17,0.0
DK04_to_DB02#alt0,0,bwd,33,1800.0,1200.0,0.1517,0.0
DK04_to_DB02#alt0,0,bwd,34,1800.0,1150.0,0.1344,0.0
DK04_to_DB02#alt0,0,bwd,35,1800.0,1100.0,0.1183,0.0
DK04_to_DB02#alt4,4,bwd,0,1500.0,2800.0,0.5134,0.0
DK04_to_DB02#alt4,4,bwd,1,1450.0,2833.33,0.4346,0.0
DK04_to_DB02#alt4,4,bwd,2,1400.0,2833.33,0.4275,0.0
DK04_to_DB02#alt4,4,bwd,3,1350.0,2816.67,0.4746,0.0
DK04_to_DB02#alt4,4,bwd,4,1300.0,2783.33,0.4346,0.0
DK04_to_DB02#alt4,4,bwd,5,1250.0,2750.0,0.4346,0.0
DK04_to_DB02#alt4,4,bwd,6,1200.0,2700.0,0.4346,0.0
DK04_to_DB02#alt4,4,bwd,7,1150.0,2650.0,0.4076,0.0
DK04_to_DB02#alt4,4,bwd,8,1100.0,2600.0,0.3628,0.0
DK04_to_DB02#alt4,4,bwd,9,1050.0,2550.0,0.3114,0.0
DK04_to_DB02#alt4,4,bwd,10,1000.0,2500.0,0.2636,0.0
DK04_to_DB02#alt4,4,bwd,11,950.0,2450.0,0.2231,0.0
DK04_to_DB02#alt4,4,bwd,12,900.0,2400.0,0.1889,0.0
DK04_to_DB02#alt4,4,bwd,13,883.33,2350.0,0.1873,0.0
DK04_to_DB02#alt4,4,bwd,14,883.33,2300.0,0.1921,0.0
DK04_to_DB02#alt4,4,bwd,15,900.0,2250.0,0.2151,0.0
DK04_to_DB02#alt4,4,bwd,16,900.0,2200.0,0.2431,0.0
DK04_to_DB02#alt4,4,bwd,17,900.0,2150.0,0.2721,0.0
DK04_to_DB02#alt4,4,bwd,18,883.33,2100.0,0.3077,0.0
DK04_to_DB02#alt4,4,bwd,19,850.0,2050.0,0.3269,0.0
DK04_to_DB02#alt4,4,bwd,20,800.0,2000.0,0.344,0.0
DK04_to_DB02#alt4,4,bwd,21,750.0,1950.0,0.344,0.0
DK04_to_DB02#alt4,4,bwd,22,733.33,1900.0,0.3895,0.0
DK04_to_DB02#alt4,4,bwd,23,733.33,1850.0,0.4346,0.0
DK04_to_DB02#alt4,4,bwd,24,766.67,1800.0,0.4931,0.0
DK04_to_DB02#alt4,4,bwd,25,783.33,1750.0,0.6241,0.0
DK04_to_DB02#alt4,4,bwd,26,800.0,1700.0,0.6889,0.0
DK04_to_DB02#alt4,4,bwd,27,800.0,1650.0,0.7165,0.0
DK04_to_DB02#alt4,4,bwd,28,816.67,1600.0,0.6889,0.0
DK04_to_DB02#alt4,4,bwd,29,833.33,1550.0,0.7165,0.0
DK04_to_DB02#alt4,4,bwd,30,850.0,1500.0,0.6889,0.0
DK04_to_DB02#alt4,4,bwd,31,900.0,1450.0,0.6889,0.0
DK04_to_DB02#alt4,4,bwd,32,950.0,1450.0,0.7165,0.0
DK04_to_DB02#alt4,4,bwd,33,1000.0,1450.0,0.7165,0.0
DK04_to_DB02#alt4,4,bwd,34,1050.0,1450.0,0.7165,0.0
DK04_to_DB02#alt4,4,bwd,35,1100.0,1433.33,0.6889,0.0
DK04_to_DB02#alt4,4,bwd,36,1150.0,1400.0,0.5483,0.0
DK04_to_DB02#alt4,4,bwd,37,1200.0,1350.0,0.4346,0.0
DK04_to_DB02#alt4,4,bwd,38,1250.0,1300.0,0.3679,0.0
DK04_to_DB02#alt4,4,bwd,39,1300.0,1250.0,0.3114,0.0
DK04_to_DB02#alt4,4,bwd,40,1350.0,1200.0,0.2636,0.0
DK04_to_DB02#alt4,4,bwd,41,1400.0,1150.0,0.2231,0.0
DK04_to_DB02#alt4,4,bwd,42,1450.0,1116.67,0.1873,0.0
DK04_to_DB02#alt4,4,bwd,43,1500.0,1100.0,0.1827,0.0
DK04_to_DB02#alt4,4,bwd,44,1550.0,1100.0,0.1755,0.0
DK04_to_DB02#alt4,4,bwd,45,1600.0,1100.0,0.1661,0.0
DK04_to_DB02#alt4,4,bwd,46,1650.0,1100.0,0.1551,0.0
DK04_to_DB02#alt4,4,bwd,47,1700.0,1100.0,0.1432,0.0
DK04_to_DB02#alt4,4,bwd,48,1750.0,1100.0,0.1308,0.0
DK04_to_DB02#alt4,4,bwd,49,1800.0,1100.0,0.1183,0.0
DK04_to_DB02#alt5,5,bwd,0,1500.0,2800.0,0.5134,0.0
DK04_to_DB02#alt5,5,bwd,1,1450.0,2850.0,0.4346,0.0
DK04_to_DB02#alt5,5,bwd,2,1400.0,2883.33,0.4346,0.0
DK04_to_DB02#alt5,5,bwd,3,1350.0,2900.0,0.4746,0.0
DK04_to_DB02#alt5,5,bwd,4,1300.0,2883.33,0.503,0.0
DK04_to_DB02#alt5,5,bwd,5,1250.0,2850.0,0.4346,0.0
DK04_to_DB02#alt5,5,bwd,6,1200.0,2800.0,0.3628,0.0
DK04_to_DB02#alt5,5,bwd,7,1150.0,2750.0,0.344,0.0
DK04_to_DB02#alt5,5,bwd,8,1100.0,2700.0,0.3269,0.0
DK04_to_DB02#alt5,5,bwd,9,1050.0,2650.0,0.2972,0.0
DK04_to_DB02#alt5,5,bwd,10,1000.0,2600.0,0.2609,0.0
DK04_to_DB02#alt5,5,bwd,11,950.0,2550.0,0.2231,0.0
DK04_to_DB02#alt5,5,bwd,12,900.0,2500.0,0.1889,0.0
DK04_to_DB02#alt5,5,bwd,13,850.0,2450.0,0.1599,0.0
DK04_to_DB02#alt5,5,bwd,14,800.0,2400.0,0.1353,0.0
DK04_to_DB02#alt5,5,bwd,15,750.0,2350.0,0.1199,0.0
DK04_to_DB02#alt5,5,bwd,16,700.0,2300.0,0.1239,0.0
DK04_to_DB02#alt5,5,bwd,17,650.0,2250.0,0.1308,0.0
DK04_to_DB02#alt5,5,bwd,18,600.0,2200.0,0.1344,0.0
DK04_to_DB02#alt5,5,bwd,19,550.0,2150.0,0.1344,0.0
DK04_to_DB02#alt5,5,bwd,20,500.0,2100.0,0.1344,0.0
DK04_to_DB02#alt5,5,bwd,21,450.0,2050.0,0.1344,0.0
DK04_to_DB02#alt5,5,bwd,22,400.0,2000.0,0.1308,0.0
DK04_to_DB02#alt5,5,bwd,23,350.0,1950.0,0.1239,0.0
DK04_to_DB02#alt5,5,bwd,24,300.0,1900.0,0.1146,0.0
DK04_to_DB02#alt5,5,bwd,25,250.0,1850.0,0.1036,0.0
DK04_to_DB02#alt5,5,bwd,26,200.0,1800.0,0.092,0.0
DK04_to_DB02#alt5,5,bwd,27,150.0,1750.0,0.0803,0.0
DK04_to_DB02#alt5,5,bwd,28,100.0,1700.0,0.0691,0.0
DK04_to_DB02#alt5,5,bwd,29,66.67,1650.0,0.0588,0.0
DK04_to_DB02#alt5,5,bwd,30,50.0,1600.0,0.0585,0.0
DK04_to_DB02#alt5,5,bwd,31,50.0,1550.0,0.0577,0.0
DK04_to_DB02#alt5,5,bwd,32,50.0,1500.0,0.0563,0.0
DK04_to_DB02#alt5,5,bwd,33,50.0,1450.0,0.0612,0.0
DK04_to_DB02#alt5,5,bwd,34,50.0,1400.0,0.0717,0.0
DK04_to_DB02#alt5,5,bwd,35,50.0,1350.0,0.0839,0.0
DK04_to_DB02#alt5,5,bwd,36,66.67,1300.0,0.0981,0.0
DK04_to_DB02#alt5,5,bwd,37,100.0,1250.0,0.1215,0.0
DK04_to_DB02#alt5,5,bwd,38,150.0,1200.0,0.1495,0.0
DK04_to_DB02#alt5,5,bwd,39,200.0,1150.0,0.1827,0.0
DK04_to_DB02#alt5,5,bwd,40,250.0,1100.0,0.2211,0.0
DK04_to_DB02#alt5,5,bwd,41,300.0,1050.0,0.2636,0.0
DK04_to_DB02#alt5,5,bwd,42,350.0,1000.0,0.3114,0.0
DK04_to_DB02#alt5,5,bwd,43,400.0,966.67,0.3679,0.0
DK04_to_DB02#alt5,5,bwd,44,450.0,950.0,0.3679,0.0
DK04_to_DB02#alt5,5,bwd,45,500.0,950.0,0.3628,0.0
DK04_to_DB02#alt5,5,bwd,46,550.0,950.0,0.3784,0.0
DK04_to_DB02#alt5,5,bwd,47,600.0,950.0,0.4076,0.0
DK04_to_DB02#alt5,5,bwd,48,650.0,950.0,0.4275,0.0
DK04_to_DB02#alt5,5,bwd,49,700.0,950.0,0.4346,0.0
DK04_to_DB02#alt5,5,bwd,50,750.0,950.0,0.4346,0.0
DK04_to_DB02#alt5,5,bwd,51,800.0,950.0,0.4275,0.0
DK04_to_DB02#alt5,5,bwd,52,850.0,950.0,0.4076,0.0
DK04_to_DB02#alt5,5,bwd,53,900.0,950.0,0.3784,0.0
DK04_to_DB02#alt5,5,bwd,54,950.0,950.0,0.344,0.0
DK04_to_DB02#alt5,5,bwd,55,1000.0,933.33,0.3077,0.0
DK04_to_DB02#alt5,5,bwd,56,1050.0,916.67,0.3006,0.0
DK04_to_DB02#alt5,5,bwd,57,1100.0,916.67,0.2609,0.0
DK04_to_DB02#alt5,5,bwd,58,1150.0,950.0,0.2076,0.0
DK04_to_DB02#alt5,5,bwd,59,1200.0,1000.0,0.1648,0.0
DK04_to_DB02#alt5,5,bwd,60,1250.0,1050.0,0.1661,0.0
DK04_to_DB02#alt5,5,bwd,61,1300.0,1083.33,0.1889,0.0
DK04_to_DB02#alt5,5,bwd,62,1350.0,1100.0,0.1889,0.0
DK04_to_DB02#alt5,5,bwd,63,1400.0,1100.0,0.1889,0.0
DK04_to_DB02#alt5,5,bwd,64,1450.0,1100.0,0.1873,0.0
DK04_to_DB02#alt5,5,bwd,65,1500.0,1100.0,0.1827,0.0
DK04_to_DB02#alt5,5,bwd,66,1550.0,1100.0,0.1755,0.0
DK04_to_DB02#alt5,5,bwd,67,1600.0,1100.0,0.1661,0.0
DK04_to_DB02#alt5,5,bwd,68,1650.0,1100.0,0.1551,0.0
DK04_to_DB02#alt5,5,bwd,69,1700.0,1100.0,0.1432,0.0
DK04_to_DB02#alt5,5,bwd,70,1750.0,1100.0,0.1308,0.0
DK04_to_DB02#alt5,5,bwd,71,1800.0,1100.0,0.1183,0.0
DB02_to_DK04#alt7,7,fwd,0,1800.0,1100.0,0.1183,0.0
DB02_to_DK04#alt7,7,fwd,1,1750.0,1050.0,0.1138,0.0
DB02_to_DK04#alt7,7,fwd,2,1700.0,1000.0,0.1069,0.0
DB02_to_DK04#alt7,7,fwd,3,1650.0,950.0,0.0981,0.0
DB02_to_DK04#alt7,7,fwd,4,1600.0,900.0,0.0883,0.0
DB02_to_DK04#alt7,7,fwd,5,1550.0,866.67,0.0781,0.0
DB02_to_DK04#alt7,7,fwd,6,1500.0,833.33,0.0803,0.0
DB02_to_DK04#alt7,7,fwd,7,1450.0,816.67,0.0947,0.0
DB02_to_DK04#alt7,7,fwd,8,1400.0,800.0,0.1117,0.0
DB02_to_DK04#alt7,7,fwd,9,1350.0,800.0,0.1317,0.0
DB02_to_DK04#alt7,7,fwd,10,1300.0,783.33,0.1551,0.0
DB02_to_DK04#alt7,7,fwd,11,1250.0,783.33,0.1827,0.0
DB02_to_DK04#alt7,7,fwd,12,1200.0,800.0,0.2151,0.0
DB02_to_DK04#alt7,7,fwd,13,1150.0,850.0,0.2407,0.0
DB02_to_DK04#alt7,7,fwd,14,1100.0,900.0,0.2609,0.0
DB02_to_DK04#alt7,7,fwd,15,1050.0,950.0,0.2721,0.0
DB02_to_DK04#alt7,7,fwd,16,1000.0,1000.0,0.2721,0.0
DB02_to_DK04#alt7,7,fwd,17,950.0,1050.0,0.2609,0.0
DB02_to_DK04#alt7,7,fwd,18,900.0,1100.0,0.2407,0.0
DB02_to_DK04#alt7,7,fwd,19,850.0,1133.33,0.253,0.0
DB02_to_DK04#alt7,7,fwd,20,800.0,1166.67,0.2407,0.0
DB02_to_DK04#alt7,7,fwd,21,750.0,1200.0,0.2609,0.0
DB02_to_DK04#alt7,7,fwd,22,700.0,1250.0,0.2721,0.0
DB02_to_DK04#alt7,7,fwd,23,650.0,1300.0,0.2721,0.0
DB02_to_DK04#alt7,7,fwd,24,600.0,1350.0,0.2609,0.0
DB02_to_DK04#alt7,7,fwd,25,550.0,1400.0,0.2407,0.0
DB02_to_DK04#alt7,7,fwd,26,516.67,1450.0,0.2252,0.0
DB02_to_DK04#alt7,7,fwd,27,500.0,1500.0,0.2407,0.0
DB02_to_DK04#alt7,7,fwd,28,500.0,1550.0,0.253,0.0
DB02_to_DK04#alt7,7,fwd,29,500.0,1600.0,0.2609,0.0
DB02_to_DK04#alt7,7,fwd,30,500.0,1650.0,0.2636,0.0
DB02_to_DK04#alt7,7,fwd,31,500.0,1700.0,0.2609,0.0
DB02_to_DK04#alt7,7,fwd,32,500.0,1750.0,0.253,0.0
DB02_to_DK04#alt7,7,fwd,33,500.0,1800.0,0.2407,0.0
DB02_to_DK04#alt7,7,fwd,34,500.0,1850.0,0.2252,0.0
DB02_to_DK04#alt7,7,fwd,35,500.0,1900.0,0.2076,0.0
DB02_to_DK04#alt7,7,fwd,36,516.67,1950.0,0.1889,0.0
DB02_to_DK04#alt7,7,fwd,37,550.0,2000.0,0.1921,0.0
DB02_to_DK04#alt7,7,fwd,38,600.0,2050.0,0.1921,0.0
DB02_to_DK04#alt7,7,fwd,39,650.0,2100.0,0.1921,0.0
DB02_to_DK04#alt7,7,fwd,40,700.0,2150.0,0.1889,0.0
DB02_to_DK04#alt7,7,fwd,41,750.0,2200.0,0.1798,0.0
DB02_to_DK04#alt7,7,fwd,42,783.33,2250.0,0.17,0.0
DB02_to_DK04#alt7,7,fwd,43,800.0,2300.0,0.1517,0.0
DB02_to_DK04#alt7,7,fwd,44,783.33,2350.0,0.1344,0.0
DB02_to_DK04#alt7,7,fwd,45,766.67,2400.0,0.1146,0.0
DB02_to_DK04#alt7,7,fwd,46,766.67,2450.0,0.1146,0.0
DB02_to_DK04#alt7,7,fwd,47,800.0,2500.0,0.1353,0.0
DB02_to_DK04#alt7,7,fwd,48,833.33,2550.0,0.1599,0.0
DB02_to_DK04#alt7,7,fwd,49,850.0,2600.0,0.1587,0.0
DB02_to_DK04#alt7,7,fwd,50,866.67,2650.0,0.1551,0.0
DB02_to_DK04#alt7,7,fwd,51,900.0,2700.0,0.1937,0.0
DB02_to_DK04#alt7,7,fwd,52,950.0,2750.0,0.2407,0.0
DB02_to_DK04#alt7,7,fwd,53,1000.0,2800.0,0.2972,0.0
DB02_to_DK04#alt7,7,fwd,54,1050.0,2850.0,0.3628,0.0
DB02_to_DK04#alt7,7,fwd,55,1100.0,2900.0,0.4346,0.0
DB02_to_DK04#alt7,7,fwd,56,1150.0,2950.0,0.5483,0.0
DB02_to_DK04#alt7,7,fwd,57,1200.0,2983.33,0.6889,0.0
DB02_to_DK04#alt7,7,fwd,58,1250.0,3000.0,0.7165,0.0
DB02_to_DK04#alt7,7,fwd,59,1300.0,3016.67,0.6889,0.0
DB02_to_DK04#alt7,7,fwd,60,1350.0,3033.33,0.7165,0.0
DB02_to_DK04#alt7,7,fwd,61,1400.0,3033.33,0.7165,0.0
DB02_to_DK04#alt7,7,fwd,62,1450.0,3000.0,0.5903,0.0
DB02_to_DK04#alt7,7,fwd,63,1483.33,2950.0,0.4746,0.0
DB02_to_DK04#alt7,7,fwd,64,1500.0,2900.0,0.4076,0.0
DB02_to_DK04#alt7,7,fwd,65,1500.0,2850.0,0.4346,0.0
DB02_to_DK04#alt7,7,fwd,66,1500.0,2800.0,0.5134,0.0
DK04_to_DB01#alt0,0,fwd,0,1500.0,2800.0,0.5134,0.0
DK04_to_DB01#alt0,0,fwd,1,1450.0,2850.0,0.4346,0.0
DK04_to_DB01#alt0,0,fwd,2,1400.0,2900.0,0.4346,0.0
DK04_to_DB01#alt0,0,fwd,3,1350.0,2933.33,0.5483,0.0
DK04_to_DB01#alt0,0,fwd,4,1300.0,2966.67,0.5903,0.0
DK04_to_DB01#alt0,0,fwd,5,1250.0,2983.33,0.7165,0.0
DK04_to_DB01#alt0,0,fwd,6,1200.0,3016.67,0.6889,0.0
DK04_to_DB01#alt0,0,fwd,7,1150.0,3033.33,0.7165,0.0
DK04_to_DB01#alt0,0,fwd,8,1100.0,3050.0,0.7165,0.0
DK04_to_DB01#alt0,0,fwd,9,1050.0,3066.67,0.6889,0.0
DK04_to_DB01#alt0,0,fwd,10,1000.0,3083.33,0.7165,0.0
DK04_to_DB01#alt0,0,fwd,11,950.0,3116.67,0.6889,0.0
DK04_to_DB01#alt0,0,fwd,12,900.0,3150.0,0.6889,0.0
DK04_to_DB01#alt0,0,fwd,13,850.0,3200.0,0.6889,0.0
DK04_to_DB01#alt0,0,fwd,14,800.0,3250.0,0.6241,0.0
DK04_to_DB01#alt0,0,fwd,15,750.0,3300.0,0.5903,0.0
DK04_to_DB01#alt0,0,fwd,16,700.0,3350.0,0.5134,0.0
DK04_to_DB01#alt0,0,fwd,17,666.67,3400.0,0.4746,0.0
DK04_to_DB01#alt0,0,fwd,18,650.0,3450.0,0.503,0.0
DK04_to_DB01#alt0,0,fwd,19,650.0,3500.0,0.5134,0.0
DK04_to_DB01#alt0,0,fwd,20,666.67,3550.0,0.503,0.0
DK04_to_DB01#alt0,0,fwd,21,700.0,3600.0,0.5483,0.0
DK04_to_DB01#alt0,0,fwd,22,750.0,3650.0,0.6065,0.0
DK04_to_DB01#alt0,0,fwd,23,800.0,3700.0,0.6889,0.0
DK04_to_DB01#alt0,0,fwd,24,833.33,3750.0,0.7165,0.0
DK04_to_DB01#alt0,0,fwd,25,850.0,3800.0,0.6889,0.0
DK04_to_DB01#alt0,0,fwd,26,900.0,3850.0,0.6889,0.0
DK04_to_DB01#alt0,0,fwd,27,950.0,3883.33,0.6889,0.0
DK04_to_DB01#alt0,0,fwd,28,1000.0,3900.0,0.7165,0.0
DB01_to_DK04#alt0,0,bwd,0,1000.0,3900.0,0.7165,0.0
DB01_to_DK04#alt0,0,bwd,1,950.0,3916.67,0.6889,0.0
DB01_to_DK04#alt0,0,bwd,2,900.0,3900.0,0.6241,0.0
DB01_to_DK04#alt0,0,bwd,3,850.0,3850.0,0.6241,0.0
DB01_to_DK04#alt0,0,bwd,4,800.0,3800.0,0.5903,0.0
DB01_to_DK04#alt0,0,bwd,5,750.0,3750.0,0.5483,0.0
DB01_to_DK04#alt0,0,bwd,6,700.0,3700.0,0.503,0.0
DB01_to_DK04#alt0,0,bwd,7,650.0,3650.0,0.4346,0.0
DB01_to_DK04#alt0,0,bwd,8,600.0,3600.0,0.4076,0.0
DB01_to_DK04#alt0,0,bwd,9,566.67,3550.0,0.3628,0.0
DB01_to_DK04#alt0,0,bwd,10,550.0,3500.0,0.3679,0.0
DB01_to_DK04#alt0,0,bwd,11,550.0,3450.0,0.3628,0.0
DB01_to_DK04#alt0,0,bwd,12,566.67,3400.0,0.3485,0.0
DB01_to_DK04#alt0,0,bwd,13,600.0,3350.0,0.3784,0.0
DB01_to_DK04#alt0,0,bwd,14,650.0,3300.0,0.4275,0.0
DB01_to_DK04#alt0,0,bwd,15,700.0,3250.0,0.4746,0.0
DB01_to_DK04#alt0,0,bwd,16,750.0,3200.0,0.503,0.0
DB01_to_DK04#alt0,0,bwd,17,800.0,3150.0,0.5483,0.0
DB01_to_DK04#alt0,0,bwd,18,850.0,3100.0,0.5483,0.0
DB01_to_DK04#alt0,0,bwd,19,900.0,3050.0,0.5483,0.0
DB01_to_DK04#alt0,0,bwd,20,950.0,3000.0,0.503,0.0
DB01_to_DK04#alt0,0,bwd,21,1000.0,2950.0,0.4746,0.0
DB01_to_DK04#alt0,0,bwd,22,1050.0,2900.0,0.4275,0.0
DB01_to_DK04#alt0,0,bwd,23,1100.0,2850.0,0.3784,0.0
DB01_to_DK04#alt0,0,bwd,24,1150.0,2816.67,0.3485,0.0
DB01_to_DK04#alt0,0,bwd,25,1200.0,2800.0,0.3628,0.0
DB01_to_DK04#alt0,0,bwd,26,1250.0,2800.0,0.3895,0.0
DB01_to_DK04#alt0,0,bwd,27,1300.0,2800.0,0.4346,0.0
DB01_to_DK04#alt0,0,bwd,28,1350.0,2800.0,0.4746,0.0
DB01_to_DK04#alt0,0,bwd,29,1400.0,2800.0,0.503,0.0
DB01_to_DK04#alt0,0,bwd,30,1450.0,2800.0,0.5134,0.0
DB01_to_DK04#alt0,0,bwd,31,1500.0,2800.0,0.5134,0.0
DB01_to_DK04#alt1,1,bwd,0,1000.0,3900.0,0.7165,0.0
DB01_to_DK04#alt1,1,bwd,1,950.0,3950.0,0.5903,0.0
DB01_to_DK04#alt1,1,bwd,2,900.0,4000.0,0.4746,0.0
DB01_to_DK04#alt1,1,bwd,3,850.0,4050.0,0.503,0.0
DB01_to_DK04#alt1,1,bwd,4,800.0,4100.0,0.5483,0.0
DB01_to_DK04#alt1,1,bwd,5,750.0,4150.0,0.5483,0.0
DB01_to_DK04#alt1,1,bwd,6,700.0,4183.33,0.6889,0.0
DB01_to_DK04#alt1,1,bwd,7,650.0,4200.0,0.7165,0.0
DB01_to_DK04#alt1,1,bwd,8,600.0,4183.33,0.7165,0.0
DB01_to_DK04#alt1,1,bwd,9,550.0,4150.0,0.6065,0.0
DB01_to_DK04#alt1,1,bwd,10,500.0,4100.0,0.5134,0.0
DB01_to_DK04#alt1,1,bwd,11,450.0,4050.0,0.4346,0.0
DB01_to_DK04#alt1,1,bwd,12,400.0,4000.0,0.3628,0.0
DB01_to_DK04#alt1,1,bwd,13,350.0,3950.0,0.2972,0.0
DB01_to_DK04#alt1,1,bwd,14,300.0,3900.0,0.2407,0.0
DB01_to_DK04#alt1,1,bwd,15,250.0,3850.0,0.1937,0.0
DB01_to_DK04#alt1,1,bwd,16,200.0,3800.0,0.1551,0.0
DB01_to_DK04#alt1,1,bwd,17,166.67,3750.0,0.1239,0.0
DB01_to_DK04#alt1,1,bwd,18,150.0,3700.0,0.1069,0.0
DB01_to_DK04#alt1,1,bwd,19,150.0,3650.0,0.092,0.0
DB01_to_DK04#alt1,1,bwd,20,150.0,3600.0,0.0947,0.0
DB01_to_DK04#alt1,1,bwd,21,150.0,3550.0,0.0964,0.0
DB01_to_DK04#alt1,1,bwd,22,150.0,3500.0,0.097,0.0
DB01_to_DK04#alt1,1,bwd,23,166.67,3450.0,0.0964,0.0
DB01_to_DK04#alt1,1,bwd,24,200.0,3400.0,0.1117,0.0
DB01_to_DK04#alt1,1,bwd,25,250.0,3350.0,0.1273,0.0
DB01_to_DK04#alt1,1,bwd,26,300.0,3300.0,0.1422,0.0
DB01_to_DK04#alt1,1,bwd,27,333.33,3250.0,0.1551,0.0
DB01_to_DK04#alt1,1,bwd,28,366.67,3200.0,0.1495,0.0
DB01_to_DK04#alt1,1,bwd,29,400.0,3150.0,0.1661,0.0
DB01_to_DK04#alt1,1,bwd,30,450.0,3100.0,0.1798,0.0
DB01_to_DK04#alt1,1,bwd,31,500.0,3050.0,0.1937,0.0
DB01_to_DK04#alt1,1,bwd,32,550.0,3000.0,0.2076,0.0
DB01_to_DK04#alt1,1,bwd,33,600.0,2950.0,0.2151,0.0
DB01_to_DK04#alt1,1,bwd,34,650.0,2900.0,0.2151,0.0
DB01_to_DK04#alt1,1,bwd,35,700.0,2850.0,0.2151,0.0
DB01_to_DK04#alt1,1,bwd,36,750.0,2816.67,0.2076,0.0
DB01_to_DK04#alt1,1,bwd,37,800.0,2800.0,0.2252,0.0
DB01_to_DK04#alt1,1,bwd,38,850.0,2800.0,0.2407,0.0
DB01_to_DK04#alt1,1,bwd,39,900.0,2800.0,0.2609,0.0
DB01_to_DK04#alt1,1,bwd,40,950.0,2800.0,0.281,0.0
DB01_to_DK04#alt1,1,bwd,41,1000.0,2800.0,0.2972,0.0
DB01_to_DK04#alt1,1,bwd,42,1050.0,2800.0,0.3077,0.0
DB01_to_DK04#alt1,1,bwd,43,1100.0,2800.0,0.3269,0.0
DB01_to_DK04#alt1,1,bwd,44,1150.0,2800.0,0.3485,0.0
DB01_to_DK04#alt1,1,bwd,45,1200.0,2800.0,0.3628,0.0
DB01_to_DK04#alt1,1,bwd,46,1250.0,2800.0,0.3895,0.0
DB01_to_DK04#alt1,1,bwd,47,1300.0,2800.0,0.4346,0.0
DB01_to_DK04#alt1,1,bwd,48,1350.0,2800.0,0.4746,0.0
DB01_to_DK04#alt1,1,bwd,49,1400.0,2800.0,0.503,0.0
DB01_to_DK04#alt1,1,bwd,50,1450.0,2800.0,0.5134,0.0
DB01_to_DK04#alt1,1,bwd,51,1500.0,2800.0,0.5134,0.0
DK04_to_DB01#alt5,5,fwd,0,1500.0,2800.0,0.5134,0.0
DK04_to_DB01#alt5,5,fwd,1,1450.0,2750.0,0.6065,0.0
DK04_to_DB01#alt5,5,fwd,2,1400.0,2700.0,0.6889,0.0
DK04_to_DB01#alt5,5,fwd,3,1350.0,2650.0,0.6889,0.0
DK04_to_DB01#alt5,5,fwd,4,1300.0,2600.0,0.6889,0.0
DK04_to_DB01#alt5,5,fwd,5,1250.0,2550.0,0.6065,0.0
DK04_to_DB01#alt5,5,fwd,6,1200.0,2516.67,0.5134,0.0
DK04_to_DB01#alt5,5,fwd,7,1150.0,2500.0,0.4346,0.0
DK04_to_DB01#alt5,5,fwd,8,1100.0,2500.0,0.3679,0.0
DK04_to_DB01#alt5,5,fwd,9,1050.0,2500.0,0.3114,0.0
DK04_to_DB01#alt5,5,fwd,10,1000.0,2500.0,0.2636,0.0
DK04_to_DB01#alt5,5,fwd,11,950.0,2500.0,0.2231,0.0
DK04_to_DB01#alt5,5,fwd,12,900.0,2500.0,0.1889,0.0
DK04_to_DB01#alt5,5,fwd,13,850.0,2516.67,0.1599,0.0
DK04_to_DB01#alt5,5,fwd,14,800.0,2550.0,0.1353,0.0
DK04_to_DB01#alt5,5,fwd,15,750.0,2583.33,0.1146,0.0
DK04_to_DB01#alt5,5,fwd,16,700.0,2616.67,0.1069,0.0
DK04_to_DB01#alt5,5,fwd,17,650.0,2650.0,0.1138,0.0
DK04_to_DB01#alt5,5,fwd,18,600.0,2683.33,0.1183,0.0
DK04_to_DB01#alt5,5,fwd,19,550.0,2716.67,0.1062,0.0
DK04_to_DB01#alt5,5,fwd,20,500.0,2750.0,0.1062,0.0
DK04_to_DB01#alt5,5,fwd,21,450.0,2800.0,0.1062,0.0
DK04_to_DB01#alt5,5,fwd,22,400.0,2850.0,0.1036,0.0
DK04_to_DB01#alt5,5,fwd,23,350.0,2900.0,0.0987,0.0
DK04_to_DB01#alt5,5,fwd,24,300.0,2950.0,0.092,0.0
DK04_to_DB01#alt5,5,fwd,25,250.0,3000.0,0.0854,0.0
DK04_to_DB01#alt5,5,fwd,26,200.0,3050.0,0.079,0.0
DK04_to_DB01#alt5,5,fwd,27,150.0,3100.0,0.0717,0.0
DK04_to_DB01#alt5,5,fwd,28,100.0,3150.0,0.064,0.0
DK04_to_DB01#alt5,5,fwd,29,66.67,3200.0,0.058,0.0
DK04_to_DB01#alt5,5,fwd,30,50.0,3250.0,0.0612,0.0
DK04_to_DB01#alt5,5,fwd,31,50.0,3300.0,0.064,0.0
DK04_to_DB01#alt5,5,fwd,32,50.0,3350.0,0.0663,0.0
DK04_to_DB01#alt5,5,fwd,33,50.0,3400.0,0.0681,0.0
DK04_to_DB01#alt5,5,fwd,34,50.0,3450.0,0.0691,0.0
DK04_to_DB01#alt5,5,fwd,35,50.0,3500.0,0.0695,0.0
DK04_to_DB01#alt5,5,fwd,36,50.0,3550.0,0.0691,0.0
DK04_to_DB01#alt5,5,fwd,37,50.0,3600.0,0.0681,0.0
DK04_to_DB01#alt5,5,fwd,38,50.0,3650.0,0.0785,0.0
DK04_to_DB01#alt5,5,fwd,39,50.0,3700.0,0.0904,0.0
DK04_to_DB01#alt5,5,fwd,40,50.0,3750.0,0.1036,0.0
DK04_to_DB01#alt5,5,fwd,41,66.67,3800.0,0.1183,0.0
DK04_to_DB01#alt5,5,fwd,42,100.0,3850.0,0.1495,0.0
DK04_to_DB01#alt5,5,fwd,43,150.0,3900.0,0.1889,0.0
DK04_to_DB01#alt5,5,fwd,44,200.0,3950.0,0.2384,0.0
DK04_to_DB01#alt5,5,fwd,45,250.0,4000.0,0.3006,0.0
DK04_to_DB01#alt5,5,fwd,46,300.0,4050.0,0.3784,0.0
DK04_to_DB01#alt5,5,fwd,47,350.0,4100.0,0.4746,0.0
DK04_to_DB01#alt5,5,fwd,48,400.0,4150.0,0.5903,0.0
DK04_to_DB01#alt5,5,fwd,49,450.0,4183.33,0.7165,0.0
DK04_to_DB01#alt5,5,fwd,50,500.0,4200.0,0.7165,0.0
DK04_to_DB01#alt5,5,fwd,51,550.0,4200.0,0.7165,0.0
DK04_to_DB01#alt5,5,fwd,52,600.0,4200.0,0.7165,0.0
DK04_to_DB01#alt5,5,fwd,53,650.0,4183.33,0.7165,0.0
DK04_to_DB01#alt5,5,fwd,54,700.0,4166.67,0.5903,0.0
DK04_to_DB01#alt5,5,fwd,55,750.0,4150.0,0.5483,0.0
DK04_to_DB01#alt5,5,fwd,56,800.0,4133.33,0.6241,0.0
DK04_to_DB01#alt5,5,fwd,57,850.0,4100.0,0.5903,0.0
DK04_to_DB01#alt5,5,fwd,58,900.0,4050.0,0.5134,0.0
DK04_to_DB01#alt5,5,fwd,59,950.0,4000.0,0.503,0.0
DK04_to_DB01#alt5,5,fwd,60,983.33,3950.0,0.6241,0.0
DK04_to_DB01#alt5,5,fwd,61,1000.0,3900.0,0.7165,0.0
DK03_to_DK02#alt0,0,fwd,0,1050.0,1250.0,0.3679,0.0
DK03_to_DK02#alt0,0,fwd,1,1100.0,1300.0,0.4275,0.0
DK03_to_DK02#alt0,0,fwd,2,1150.0,1350.0,0.4746,0.0
DK03_to_DK02#alt0,0,fwd,3,1200.0,1400.0,0.503,0.0
DK03_to_DK02#alt0,0,fwd,4,1250.0,1450.0,0.6065,0.0
DK03_to_DK02#alt0,0,fwd,5,1300.0,1483.33,0.7165,0.0
DK03_to_DK02#alt0,0,fwd,6,1350.0,1500.0,0.7165,0.0
DK03_to_DK02#alt0,0,fwd,7,1400.0,1500.0,0.7165,0.0
DK03_to_DK02#alt0,0,fwd,8,1450.0,1516.67,0.6889,0.0
DK03_to_DK02#alt0,0,fwd,9,1500.0,1550.0,0.6889,0.0
DK03_to_DK02#alt0,0,fwd,10,1550.0,1600.0,0.6889,0.0
DK03_to_DK02#alt0,0,fwd,11,1600.0,1650.0,0.6889,0.0
DK03_to_DK02#alt0,0,fwd,12,1650.0,1700.0,0.6065,0.0
DK03_to_DK02#alt0,0,fwd,13,1700.0,1733.33,0.5134,0.0
DK03_to_DK02#alt0,0,fwd,14,1750.0,1733.33,0.4346,0.0
DK03_to_DK02#alt0,0,fwd,15,1800.0,1700.0,0.3784,0.0
DK03_to_DK02#alt0,0,fwd,16,1850.0,1666.67,0.3895,0.0
DK03_to_DK02#alt0,0,fwd,17,1900.0,1650.0,0.4346,0.0
DK03_to_DK02#alt0,0,fwd,18,1950.0,1650.0,0.4931,0.0
DK03_to_DK02#alt0,0,fwd,19,2000.0,1633.33,0.5483,0.0
DK03_to_DK02#alt0,0,fwd,20,2050.0,1616.67,0.5483,0.0
DK03_to_DK02#alt0,0,fwd,21,2100.0,1600.0,0.5903,0.0
DK03_to_DK02#alt0,0,fwd,22,2150.0,1600.0,0.6241,0.0
DK03_to_DK02#alt0,0,fwd,23,2200.0,1600.0,0.6889,0.0
DK03_to_DK02#alt0,0,fwd,24,2250.0,1600.0,0.7165,0.0
DK03_to_DK02#alt0,0,fwd,25,2300.0,1600.0,0.7165,0.0
DK03_to_DK02#alt0,0,fwd,26,2350.0,1600.0,0.7165,0.0
DK03_to_DK02#alt0,0,fwd,27,2400.0,1600.0,0.7165,0.0
DK03_to_DK02#alt0,0,fwd,28,2450.0,1600.0,0.7165,0.0
DK03_to_DK02#alt0,0,fwd,29,2500.0,1600.0,0.7165,0.0
DK03_to_DK02#alt0,0,fwd,30,2550.0,1600.0,0.7165,0.0
DK03_to_DK02#alt0,0,fwd,31,2600.0,1616.67,0.6889,0.0
DK03_to_DK02#alt0,0,fwd,32,2650.0,1633.33,0.7165,0.0
DK03_to_DK02#alt0,0,fwd,33,2700.0,1650.0,0.6889,0.0
DK03_to_DK02#alt0,0,fwd,34,2750.0,1700.0,0.6889,0.0
DK03_to_DK02#alt0,0,fwd,35,2800.0,1750.0,0.6889,0.0
DK03_to_DK02#alt0,0,fwd,36,2850.0,1800.0,0.6889,0.0
DK03_to_DK02#alt0,0,fwd,37,2900.0,1850.0,0.6241,0.0
DK03_to_DK02#alt0,0,fwd,38,2950.0,1900.0,0.5903,0.0
DK03_to_DK02#alt0,0,fwd,39,3000.0,1950.0,0.5134,0.0
DK03_to_DK02#alt0,0,fwd,40,3050.0,2000.0,0.4346,0.0
DK03_to_DK02#alt0,0,fwd,41,3100.0,2050.0,0.3679,0.0
DK03_to_DK02#alt0,0,fwd,42,3150.0,2100.0,0.3114,0.0
DK03_to_DK02#alt0,0,fwd,43,3200.0,2150.0,0.2636,0.0
DK03_to_DK02#alt0,0,fwd,44,3250.0,2200.0,0.2231,0.0
DK03_to_DK02#alt0,0,fwd,45,3300.0,2233.33,0.1889,0.0
DK03_to_DK02#alt0,0,fwd,46,3350.0,2250.0,0.1599,0.0
DK03_to_DK02#alt0,0,fwd,47,3400.0,2250.0,0.1353,0.0
DK03_to_DK02#alt0,0,fwd,48,3450.0,2233.33,0.1146,0.0
DK03_to_DK02#alt0,0,fwd,49,3500.0,2200.0,0.097,0.0
DK03_to_DK02#alt0,0,fwd,50,3550.0,2166.67,0.0947,0.0
DK03_to_DK02#alt0,0,fwd,51,3600.0,2150.0,0.1062,0.0
DK03_to_DK02#alt0,0,fwd,52,3650.0,2150.0,0.1183,0.0
DK03_to_DK02#alt0,0,fwd,53,3700.0,2150.0,0.1308,0.0
DK03_to_DK02#alt0,0,fwd,54,3750.0,2150.0,0.1432,0.0
DK02_to_DK03#alt0,0,bwd,0,3750.0,2150.0,0.1432,0.0
DK02_to_DK03#alt0,0,bwd,1,3700.0,2200.0,0.1495,0.0
DK02_to_DK03#alt0,0,bwd,2,3650.0,2233.33,0.1517,0.0
DK02_to_DK03#alt0,0,bwd,3,3600.0,2233.33,0.1344,0.0
DK02_to_DK03#alt0,0,bwd,4,3550.0,2200.0,0.1062,0.0
DK02_to_DK03#alt0,0,bwd,5,3500.0,2150.0,0.097,0.0
DK02_to_DK03#alt0,0,bwd,6,3450.0,2100.0,0.1146,0.0
DK02_to_DK03#alt0,0,bwd,7,3400.0,2050.0,0.1353,0.0
DK02_to_DK03#alt0,0,bwd,8,3350.0,2000.0,0.1599,0.0
DK02_to_DK03#alt0,0,bwd,9,3300.0,1950.0,0.1889,0.0
DK02_to_DK03#alt0,0,bwd,10,3250.0,1900.0,0.2211,0.0
DK02_to_DK03#alt0,0,bwd,11,3200.0,1850.0,0.253,0.0
DK02_to_DK03#alt0,0,bwd,12,3150.0,1800.0,0.281,0.0
DK02_to_DK03#alt0,0,bwd,13,3100.0,1750.0,0.3269,0.0
DK02_to_DK03#alt0,0,bwd,14,3050.0,1700.0,0.4076,0.0
DK02_to_DK03#alt0,0,bwd,15,3000.0,1650.0,0.503,0.0
DK02_to_DK03#alt0,0,bwd,16,2950.0,1600.0,0.6065,0.0
DK02_to_DK03#alt0,0,bwd,17,2900.0,1566.67,0.7165,0.0
DK02_to_DK03#alt0,0,bwd,18,2850.0,1550.0,0.7165,0.0
DK02_to_DK03#alt0,0,bwd,19,2800.0,1550.0,0.7165,0.0
DK02_to_DK03#alt0,0,bwd,20,2750.0,1533.33,0.6889,0.0
DK02_to_DK03#alt0,0,bwd,21,2700.0,1516.67,0.6889,0.0
DK02_to_DK03#alt0,0,bwd,22,2650.0,1500.0,0.5903,0.0
DK02_to_DK03#alt0,0,bwd,23,2600.0,1500.0,0.503,0.0
DK02_to_DK03#alt0,0,bwd,24,2550.0,1500.0,0.5134,0.0
DK02_to_DK03#alt0,0,bwd,25,2500.0,1500.0,0.5134,0.0
DK02_to_DK03#alt0,0,bwd,26,2450.0,1500.0,0.5134,0.0
DK02_to_DK03#alt0,0,bwd,27,2400.0,1500.0,0.5134,0.0
DK02_to_DK03#alt0,0,bwd,28,2350.0,1500.0,0.5134,0.0
DK02_to_DK03#alt0,0,bwd,29,2300.0,1500.0,0.5134,0.0
DK02_to_DK03#alt0,0,bwd,30,2250.0,1500.0,0.5134,0.0
DK02_to_DK03#alt0,0,bwd,31,2200.0,1500.0,0.503,0.0
DK02_to_DK03#alt0,0,bwd,32,2150.0,1516.67,0.4746,0.0
DK02_to_DK03#alt0,0,bwd,33,2100.0,1533.33,0.503,0.0
DK02_to_DK03#alt0,0,bwd,34,2050.0,1550.0,0.4746,0.0
DK02_to_DK03#alt0,0,bwd,35,2000.0,1550.0,0.4346,0.0
DK02_to_DK03#alt0,0,bwd,36,1950.0,1550.0,0.3895,0.0
DK02_to_DK03#alt0,0,bwd,37,1900.0,1533.33,0.344,0.0
DK02_to_DK03#alt0,0,bwd,38,1850.0,1500.0,0.2721,0.0
DK02_to_DK03#alt0,0,bwd,39,1800.0,1450.0,0.2721,0.0
DK02_to_DK03#alt0,0,bwd,40,1750.0,1400.0,0.2721,0.0
DK02_to_DK03#alt0,0,bwd,41,1700.0,1350.0,0.2721,0.0
DK02_to_DK03#alt0,0,bwd,42,1650.0,1300.0,0.2721,0.0
DK02_to_DK03#alt0,0,bwd,43,1600.0,1266.67,0.2609,0.0
DK02_to_DK03#alt0,0,bwd,44,1550.0,1250.0,0.281,0.0
DK02_to_DK03#alt0,0,bwd,45,1500.0,1266.67,0.2972,0.0
DK02_to_DK03#alt0,0,bwd,46,1450.0,1266.67,0.3077,0.0
DK02_to_DK03#alt0,0,bwd,47,1400.0,1266.67,0.3114,0.0
DK02_to_DK03#alt0,0,bwd,48,1350.0,1250.0,0.3114,0.0
DK02_to_DK03#alt0,0,bwd,49,1300.0,1250.0,0.3114,0.0
DK02_to_DK03#alt0,0,bwd,50,1250.0,1250.0,0.3114,0.0
DK02_to_DK03#alt0,0,bwd,51,1200.0,1250.0,0.3269,0.0
DK02_to_DK03#alt0,0,bwd,52,1150.0,1250.0,0.3485,0.0
DK02_to_DK03#alt0,0,bwd,53,1100.0,1250.0,0.3628,0.0
DK02_to_DK03#alt0,0,bwd,54,1050.0,1250.0,0.3679,0.0
DK03_to_DK02#alt1,1,fwd,0,1050.0,1250.0,0.3679,0.0
DK03_to_DK02#alt1,1,fwd,1,1000.0,1300.0,0.4346,0.0
DK03_to_DK02#alt1,1,fwd,2,950.0,1333.33,0.5134,0.0
DK03_to_DK02#alt1,1,fwd,3,900.0,1350.0,0.503,0.0
DK03_to_DK02#alt1,1,fwd,4,850.0,1350.0,0.4746,0.0
DK03_to_DK02#alt1,1,fwd,5,800.0,1366.67,0.4346,0.0
DK03_to_DK02#alt1,1,fwd,6,750.0,1400.0,0.4346,0.0
DK03_to_DK02#alt1,1,fwd,7,700.0,1450.0,0.4076,0.0
DK03_to_DK02#alt1,1,fwd,8,650.0,1500.0,0.3784,0.0
DK03_to_DK02#alt1,1,fwd,9,600.0,1550.0,0.3485,0.0
DK03_to_DK02#alt1,1,fwd,10,550.0,1600.0,0.3077,0.0
DK03_to_DK02#alt1,1,fwd,11,500.0,1650.0,0.2636,0.0
DK03_to_DK02#alt1,1,fwd,12,450.0,1700.0,0.2211,0.0
DK03_to_DK02#alt1,1,fwd,13,400.0,1750.0,0.1827,0.0
DK03_to_DK02#alt1,1,fwd,14,350.0,1800.0,0.1495,0.0
DK03_to_DK02#alt1,1,fwd,15,300.0,1850.0,0.1215,0.0
DK03_to_DK02#alt1,1,fwd,16,250.0,1900.0,0.0981,0.0
DK03_to_DK02#alt1,1,fwd,17,200.0,1950.0,0.079,0.0
DK03_to_DK02#alt1,1,fwd,18,166.67,2000.0,0.0634,0.0
DK03_to_DK02#alt1,1,fwd,19,150.0,2050.0,0.0588,0.0
DK03_to_DK02#alt1,1,fwd,20,150.0,2100.0,0.0542,0.0
DK03_to_DK02#alt1,1,fwd,21,150.0,2150.0,0.0496,0.0
DK03_to_DK02#alt1,1,fwd,22,150.0,2200.0,0.045,0.0
DK03_to_DK02#alt1,1,fwd,23,150.0,2250.0,0.0407,0.0
DK03_to_DK02#alt1,1,fwd,24,150.0,2300.0,0.0366,0.0
DK03_to_DK02#alt1,1,fwd,25,150.0,2350.0,0.0327,0.0
DK03_to_DK02#alt1,1,fwd,26,150.0,2400.0,0.0291,0.0
DK03_to_DK02#alt1,1,fwd,27,150.0,2450.0,0.0259,0.0
DK03_to_DK02#alt1,1,fwd,28,150.0,2500.0,0.0259,0.0
DK03_to_DK02#alt1,1,fwd,29,150.0,2550.0,0.0289,0.0
DK03_to_DK02#alt1,1,fwd,30,150.0,2600.0,0.0322,0.0
DK03_to_DK02#alt1,1,fwd,31,133.33,2650.0,0.0357,0.0
DK03_to_DK02#alt1,1,fwd,32,100.0,2700.0,0.0342,0.0
DK03_to_DK02#alt1,1,fwd,33,66.67,2750.0,0.0323,0.0
DK03_to_DK02#alt1,1,fwd,34,50.0,2800.0,0.0349,0.0
DK03_to_DK02#alt1,1,fwd,35,50.0,2850.0,0.0375,0.0
DK03_to_DK02#alt1,1,fwd,36,50.0,2900.0,0.0405,0.0
DK03_to_DK02#alt1,1,fwd,37,50.0,2950.0,0.0437,0.0
DK03_to_DK02#alt1,1,fwd,38,50.0,3000.0,0.0467,0.0
DK03_to_DK02#alt1,1,fwd,39,50.0,3050.0,0.0496,0.0
DK03_to_DK02#alt1,1,fwd,40,50.0,3100.0,0.0522,0.0
DK03_to_DK02#alt1,1,fwd,41,50.0,3150.0,0.0544,0.0
DK03_to_DK02#alt1,1,fwd,42,50.0,3200.0,0.058,0.0
DK03_to_DK02#alt1,1,fwd,43,50.0,3250.0,0.0612,0.0
DK03_to_DK02#alt1,1,fwd,44,50.0,3300.0,0.064,0.0
DK03_to_DK02#alt1,1,fwd,45,50.0,3350.0,0.0663,0.0
DK03_to_DK02#alt1,1,fwd,46,50.0,3400.0,0.0681,0.0
DK03_to_DK02#alt1,1,fwd,47,50.0,3450.0,0.0691,0.0
DK03_to_DK02#alt1,1,fwd,48,50.0,3500.0,0.0695,0.0
DK03_to_DK02#alt1,1,fwd,49,50.0,3550.0,0.0691,0.0
DK03_to_DK02#alt1,1,fwd,50,50.0,3600.0,0.0681,0.0
DK03_to_DK02#alt1,1,fwd,51,50.0,3650.0,0.0785,0.0
DK03_to_DK02#alt1,1,fwd,52,50.0,3700.0,0.0904,0.0
DK03_to_DK02#alt1,1,fwd,53,50.0,3750.0,0.1036,0.0
DK03_to_DK02#alt1,1,fwd,54,50.0,3800.0,0.1183,0.0
DK03_to_DK02#alt1,1,fwd,55,50.0,3850.0,0.1344,0.0
DK03_to_DK02#alt1,1,fwd,56,50.0,3900.0,0.1517,0.0
DK03_to_DK02#alt1,1,fwd,57,66.67,3950.0,0.17,0.0
DK03_to_DK02#alt1,1,fwd,58,100.0,4000.0,0.2151,0.0
DK03_to_DK02#alt1,1,fwd,59,133.33,4050.0,0.2721,0.0
DK03_to_DK02#alt1,1,fwd,60,150.0,4100.0,0.3077,0.0
DK03_to_DK02#alt1,1,fwd,61,150.0,4150.0,0.344,0.0
DK03_to_DK02#alt1,1,fwd,62,150.0,4200.0,0.3784,0.0
DK03_to_DK02#alt1,1,fwd,63,150.0,4250.0,0.4076,0.0
DK03_to_DK02#alt1,1,fwd,64,150.0,4300.0,0.4346,0.0
DK03_to_DK02#alt1,1,fwd,65,150.0,4350.0,0.4746,0.0
DK03_to_DK02#alt1,1,fwd,66,150.0,4400.0,0.503,0.0
DK03_to_DK02#alt1,1,fwd,67,150.0,4450.0,0.5134,0.0
DK03_to_DK02#alt1,1,fwd,68,150.0,4500.0,0.5134,0.0
DK03_to_DK02#alt1,1,fwd,69,166.67,4550.0,0.503,0.0
DK03_to_DK02#alt1,1,fwd,70,200.0,4600.0,0.5483,0.0
DK03_to_DK02#alt1,1,fwd,71,250.0,4650.0,0.5483,0.0
DK03_to_DK02#alt1,1,fwd,72,300.0,4700.0,0.5483,0.0
DK03_to_DK02#alt1,1,fwd,73,350.0,4733.33,0.5483,0.0
DK03_to_DK02#alt1,1,fwd,74,400.0,4750.0,0.5903,0.0
DK03_to_DK02#alt1,1,fwd,75,450.0,4750.0,0.6241,0.0
DK03_to_DK02#alt1,1,fwd,76,500.0,4750.0,0.6889,0.0
DK03_to_DK02#alt1,1,fwd,77,550.0,4750.0,0.7165,0.0
DK03_to_DK02#alt1,1,fwd,78,600.0,4750.0,0.6889,0.0
DK03_to_DK02#alt1,1,fwd,79,650.0,4700.0,0.7165,0.0
DK03_to_DK02#alt1,1,fwd,80,700.0,4700.0,0.6889,0.0
DK03_to_DK02#alt1,1,fwd,81,750.0,4650.0,0.6889,0.0
DK03_to_DK02#alt1,1,fwd,82,800.0,4600.0,0.6889,0.0
DK03_to_DK02#alt1,1,fwd,83,850.0,4566.67,0.6065,0.0
DK03_to_DK02#alt1,1,fwd,84,900.0,4550.0,0.5134,0.0
DK03_to_DK02#alt1,1,fwd,85,950.0,4550.0,0.5134,0.0
DK03_to_DK02#alt1,1,fwd,86,1000.0,4550.0,0.503,0.0
DK03_to_DK02#alt1,1,fwd,87,1050.0,4550.0,0.4746,0.0
DK03_to_DK02#alt1,1,fwd,88,1100.0,4550.0,0.5483,0.0
DK03_to_DK02#alt1,1,fwd,89,1150.0,4550.0,0.6241,0.0
DK03_to_DK02#alt1,1,fwd,90,1200.0,4550.0,0.6889,0.0
DK03_to_DK02#alt1,1,fwd,91,1250.0,4550.0,0.7165,0.0
DK03_to_DK02#alt1,1,fwd,92,1300.0,4550.0,0.7165,0.0
DK03_to_DK02#alt1,1,fwd,93,1350.0,4550.0,0.7165,0.0
DK03_to_DK02#alt1,1,fwd,94,1400.0,4566.67,0.7165,0.0
DK03_to_DK02#alt1,1,fwd,95,1450.0,4600.0,0.6065,0.0
DK03_to_DK02#alt1,1,fwd,96,1500.0,4650.0,0.5134,0.0
DK03_to_DK02#alt1,1,fwd,97,1550.0,4700.0,0.4275,0.0
DK03_to_DK02#alt1,1,fwd,98,1600.0,4750.0,0.4275,0.0
DK03_to_DK02#alt1,1,fwd,99,1650.0,4800.0,0.4746,0.0
DK03_to_DK02#alt1,1,fwd,100,1700.0,4850.0,0.4931,0.0
DK03_to_DK02#alt1,1,fwd,101,1750.0,4900.0,0.4931,0.0
DK03_to_DK02#alt1,1,fwd,102,1800.0,4933.33,0.4931,0.0
DK03_to_DK02#alt1,1,fwd,103,1850.0,4950.0,0.5483,0.0
DK03_to_DK02#alt1,1,fwd,104,1900.0,4950.0,0.6241,0.0
DK03_to_DK02#alt1,1,fwd,105,1950.0,4950.0,0.6889,0.0
DK03_to_DK02#alt1,1,fwd,106,2000.0,4950.0,0.7165,0.0
DK03_to_DK02#alt1,1,fwd,107,2050.0,4950.0,0.7165,0.0
DK03_to_DK02#alt1,1,fwd,108,2100.0,4950.0,0.6889,0.0
DK03_to_DK02#alt1,1,fwd,109,2150.0,4900.0,0.7165,0.0
DK03_to_DK02#alt1,1,fwd,110,2200.0,4900.0,0.6889,0.0
DK03_to_DK02#alt1,1,fwd,111,2250.0,4850.0,0.6889,0.0
DK03_to_DK02#alt1,1,fwd,112,2300.0,4800.0,0.6889,0.0
DK03_to_DK02#alt1,1,fwd,113,2316.67,4750.0,0.7165,0.0
DK03_to_DK02#alt1,1,fwd,114,2350.0,4700.0,0.6065,0.0
DK03_to_DK02#alt1,1,fwd,115,2400.0,4650.0,0.5134,0.0
DK03_to_DK02#alt1,1,fwd,116,2450.0,4600.0,0.4346,0.0
DK03_to_DK02#alt1,1,fwd,117,2500.0,4550.0,0.3628,0.0
DK03_to_DK02#alt1,1,fwd,118,2550.0,4500.0,0.3784,0.0
DK03_to_DK02#alt1,1,fwd,119,2600.0,4450.0,0.4746,0.0
DK03_to_DK02#alt1,1,fwd,120,2633.33,4400.0,0.5903,0.0
DK03_to_DK02#alt1,1,fwd,121,2650.0,4350.0,0.6241,0.0
DK03_to_DK02#alt1,1,fwd,122,2650.0,4300.0,0.6889,0.0
DK03_to_DK02#alt1,1,fwd,123,2650.0,4250.0,0.7165,0.0
DK03_to_DK02#alt1,1,fwd,124,2650.0,4200.0,0.7165,0.0
DK03_to_DK02#alt1,1,fwd,125,2650.0,4150.0,0.7165,0.0
DK03_to_DK02#alt1,1,fwd,126,2650.0,4100.0,0.6889,0.0
DK03_to_DK02#alt1,1,fwd,127,2700.0,4050.0,0.7165,0.0
DK03_to_DK02#alt1,1,fwd,128,2700.0,4000.0,0.6889,0.0
DK03_to_DK02#alt1,1,fwd,129,2700.0,3950.0,0.6241,0.0
DK03_to_DK02#alt1,1,fwd,130,2700.0,3900.0,0.5483,0.0
DK03_to_DK02#alt1,1,fwd,131,2716.67,3850.0,0.5134,0.0
DK03_to_DK02#alt1,1,fwd,132,2750.0,3800.0,0.4746,0.0
DK03_to_DK02#alt1,1,fwd,133,2783.33,3750.0,0.4346,0.0
DK03_to_DK02#alt1,1,fwd,134,2800.0,3700.0,0.4931,0.0
DK03_to_DK02#alt1,1,fwd,135,2800.0,3650.0,0.5483,0.0
DK03_to_DK02#alt1,1,fwd,136,2800.0,3600.0,0.6241,0.0
DK03_to_DK02#alt1,1,fwd,137,2800.0,3550.0,0.6889,0.0
DK03_to_DK02#alt1,1,fwd,138,2800.0,3500.0,0.7165,0.0
DK03_to_DK02#alt1,1,fwd,139,2800.0,3450.0,0.7165,0.0
DK03_to_DK02#alt1,1,fwd,140,2800.0,3400.0,0.7165,0.0
DK03_to_DK02#alt1,1,fwd,141,2800.0,3350.0,0.7165,0.0
DK03_to_DK02#alt1,1,fwd,142,2800.0,3300.0,0.6889,0.0
DK03_to_DK02#alt1,1,fwd,143,2850.0,3250.0,0.6889,0.0
DK03_to_DK02#alt1,1,fwd,144,2900.0,3200.0,0.6889,0.0
DK03_to_DK02#alt1,1,fwd,145,2950.0,3150.0,0.6065,0.0
DK03_to_DK02#alt1,1,fwd,146,3000.0,3100.0,0.6065,0.0
DK03_to_DK02#alt1,1,fwd,147,3050.0,3050.0,0.6889,0.0
DK03_to_DK02#alt1,1,fwd,148,3100.0,3000.0,0.6889,0.0
DK03_to_DK02#alt1,1,fwd,149,3150.0,2950.0,0.6889,0.0
DK03_to_DK02#alt1,1,fwd,150,3200.0,2900.0,0.6889,0.0
DK03_to_DK02#alt1,1,fwd,151,3250.0,2900.0,0.7165,0.0
DK03_to_DK02#alt1,1,fwd,152,3300.0,2900.0,0.7165,0.0
DK03_to_DK02#alt1,1,fwd,153,3350.0,2900.0,0.7165,0.0
DK03_to_DK02#alt1,1,fwd,154,3400.0,2883.33,0.7165,0.0
DK03_to_DK02#alt1,1,fwd,155,3450.0,2850.0,0.6065,0.0
DK03_to_DK02#alt1,1,fwd,156,3500.0,2800.0,0.5134,0.0
DK03_to_DK02#alt1,1,fwd,157,3550.0,2750.0,0.4275,0.0
DK03_to_DK02#alt1,1,fwd,158,3600.0,2700.0,0.3485,0.0
DK03_to_DK02#alt1,1,fwd,159,3650.0,2650.0,0.3269,0.0
DK03_to_DK02#alt1,1,fwd,160,3700.0,2600.0,0.3485,0.0
DK03_to_DK02#alt1,1,fwd,161,3733.33,2550.0,0.3784,0.0
DK03_to_DK02#alt1,1,fwd,162,3750.0,2500.0,0.344,0.0
DK03_to_DK02#alt1,1,fwd,163,3750.0,2450.0,0.3077,0.0
DK03_to_DK02#alt1,1,fwd,164,3750.0,2400.0,0.2721,0.0
DK03_to_DK02#alt1,1,fwd,165,3750.0,2350.0,0.2431,0.0
DK03_to_DK02#alt1,1,fwd,166,3750.0,2300.0,0.2151,0.0
DK03_to_DK02#alt1,1,fwd,167,3750.0,2250.0,0.1889,0.0
DK03_to_DK02#alt1,1,fwd,168,3750.0,2200.0,0.1648,0.0
DK03_to_DK02#alt1,1,fwd,169,3750.0,2150.0,0.1432,0.0
DK02_to_DK03#alt1,1,bwd,0,3750.0,2150.0,0.1432,0.0
DK02_to_DK03#alt1,1,bwd,1,3700.0,2200.0,0.1495,0.0
DK02_to_DK03#alt1,1,bwd,2,3650.0,2250.0,0.1517,0.0
DK02_to_DK03#alt1,1,bwd,3,3600.0,2300.0,0.1517,0.0
DK02_to_DK03#alt1,1,bwd,4,3550.0,2350.0,0.1495,0.0
DK02_to_DK03#alt1,1,bwd,5,3500.0,2400.0,0.1432,0.0
DK02_to_DK03#alt1,1,bwd,6,3450.0,2450.0,0.1599,0.0
DK02_to_DK03#alt1,1,bwd,7,3400.0,2500.0,0.1889,0.0
DK02_to_DK03#alt1,1,bwd,8,3350.0,2550.0,0.2231,0.0
DK02_to_DK03#alt1,1,bwd,9,3300.0,2600.0,0.2636,0.0
DK02_to_DK03#alt1,1,bwd,10,3250.0,2650.0,0.3114,0.0
DK02_to_DK03#alt1,1,bwd,11,3200.0,2683.33,0.3628,0.0
DK02_to_DK03#alt1,1,bwd,12,3150.0,2700.0,0.3485,0.0
DK02_to_DK03#alt1,1,bwd,13,3100.0,2700.0,0.3269,0.0
DK02_to_DK03#alt1,1,bwd,14,3050.0,2700.0,0.3006,0.0
DK02_to_DK03#alt1,1,bwd,15,3000.0,2700.0,0.2721,0.0
DK02_to_DK03#alt1,1,bwd,16,2950.0,2716.67,0.2721,0.0
DK02_to_DK03#alt1,1,bwd,17,2900.0,2750.0,0.2721,0.0
DK02_to_DK03#alt1,1,bwd,18,2850.0,2800.0,0.2972,0.0
DK02_to_DK03#alt1,1,bwd,19,2800.0,2850.0,0.3269,0.0
DK02_to_DK03#alt1,1,bwd,20,2750.0,2900.0,0.344,0.0
DK02_to_DK03#alt1,1,bwd,21,2700.0,2950.0,0.344,0.0
DK02_to_DK03#alt1,1,bwd,22,2650.0,3000.0,0.344,0.0
DK02_to_DK03#alt1,1,bwd,23,2600.0,3050.0,0.3269,0.0
DK02_to_DK03#alt1,1,bwd,24,2550.0,3100.0,0.3269,0.0
DK02_to_DK03#alt1,1,bwd,25,2500.0,3150.0,0.3485,0.0
DK02_to_DK03#alt1,1,bwd,26,2450.0,3200.0,0.3784,0.0
DK02_to_DK03#alt1,1,bwd,27,2400.0,3250.0,0.4275,0.0
DK02_to_DK03#alt1,1,bwd,28,2350.0,3300.0,0.5134,0.0
DK02_to_DK03#alt1,1,bwd,29,2300.0,3350.0,0.6065,0.0
DK02_to_DK03#alt1,1,bwd,30,2266.67,3400.0,0.7165,0.0
DK02_to_DK03#alt1,1,bwd,31,2250.0,3450.0,0.7165,0.0
DK02_to_DK03#alt1,1,bwd,32,2250.0,3500.0,0.7165,0.0
DK02_to_DK03#alt1,1,bwd,33,2233.33,3550.0,0.6889,0.0
DK02_to_DK03#alt1,1,bwd,34,2200.0,3600.0,0.6889,0.0
DK02_to_DK03#alt1,1,bwd,35,2150.0,3650.0,0.6889,0.0
DK02_to_DK03#alt1,1,bwd,36,2100.0,3700.0,0.6889,0.0
DK02_to_DK03#alt1,1,bwd,37,2050.0,3700.0,0.7165,0.0
DK02_to_DK03#alt1,1,bwd,38,2000.0,3700.0,0.7165,0.0
DK02_to_DK03#alt1,1,bwd,39,1950.0,3716.67,0.7165,0.0
DK02_to_DK03#alt1,1,bwd,40,1900.0,3750.0,0.6065,0.0
DK02_to_DK03#alt1,1,bwd,41,1850.0,3783.33,0.5134,0.0
DK02_to_DK03#alt1,1,bwd,42,1800.0,3816.67,0.503,0.0
DK02_to_DK03#alt1,1,bwd,43,1750.0,3850.0,0.6065,0.0
DK02_to_DK03#alt1,1,bwd,44,1700.0,3883.33,0.7165,0.0
DK02_to_DK03#alt1,1,bwd,45,1650.0,3900.0,0.7165,0.0
DK02_to_DK03#alt1,1,bwd,46,1600.0,3900.0,0.6889,0.0
DK02_to_DK03#alt1,1,bwd,47,1550.0,3950.0,0.6889,0.0
DK02_to_DK03#alt1,1,bwd,48,1500.0,4000.0,0.6889,0.0
DK02_to_DK03#alt1,1,bwd,49,1450.0,4033.33,0.7165,0.0
DK02_to_DK03#alt1,1,bwd,50,1400.0,4050.0,0.7165,0.0
DK02_to_DK03#alt1,1,bwd,51,1350.0,4050.0,0.7165,0.0
DK02_to_DK03#alt1,1,bwd,52,1300.0,4050.0,0.7165,0.0
DK02_to_DK03#alt1,1,bwd,53,1250.0,4066.67,0.6889,0.0
DK02_to_DK03#alt1,1,bwd,54,1200.0,4100.0,0.6889,0.0
DK02_to_DK03#alt1,1,bwd,55,1150.0,4133.33,0.6889,0.0
DK02_to_DK03#alt1,1,bwd,56,1100.0,4150.0,0.6241,0.0
DK02_to_DK03#alt1,1,bwd,57,1050.0,4150.0,0.5483,0.0
DK02_to_DK03#alt1,1,bwd,58,1000.0,4150.0,0.6241,0.0
DK02_to_DK03#alt1,1,bwd,59,950.0,4150.0,0.6889,0.0
DK02_to_DK03#alt1,1,bwd,60,900.0,4150.0,0.7165,0.0
DK02_to_DK03#alt1,1,bwd,61,850.0,4166.67,0.6889,0.0
DK02_to_DK03#alt1,1,bwd,62,800.0,4183.33,0.6889,0.0
DK02_to_DK03#alt1,1,bwd,63,750.0,4200.0,0.6241,0.0
DK02_to_DK03#alt1,1,bwd,64,700.0,4183.33,0.6889,0.0
DK02_to_DK03#alt1,1,bwd,65,650.0,4150.0,0.6065,0.0
DK02_to_DK03#alt1,1,bwd,66,600.0,4116.67,0.5134,0.0
DK02_to_DK03#alt1,1,bwd,67,550.0,4083.33,0.5134,0.0
DK02_to_DK03#alt1,1,bwd,68,500.0,4050.0,0.4346,0.0
DK02_to_DK03#alt1,1,bwd,69,450.0,4000.0,0.3679,0.0
DK02_to_DK03#alt1,1,bwd,70,400.0,3950.0,0.3077,0.0
DK02_to_DK03#alt1,1,bwd,71,350.0,3900.0,0.253,0.0
DK02_to_DK03#alt1,1,bwd,72,300.0,3850.0,0.2057,0.0
DK02_to_DK03#alt1,1,bwd,73,250.0,3800.0,0.1661,0.0
DK02_to_DK03#alt1,1,bwd,74,200.0,3750.0,0.1335,0.0
DK02_to_DK03#alt1,1,bwd,75,166.67,3700.0,0.1069,0.0
DK02_to_DK03#alt1,1,bwd,76,150.0,3650.0,0.092,0.0
DK02_to_DK03#alt1,1,bwd,77,150.0,3600.0,0.0947,0.0
DK02_to_DK03#alt1,1,bwd,78,150.0,3550.0,0.0964,0.0
DK02_to_DK03#alt1,1,bwd,79,150.0,3500.0,0.097,0.0
DK02_to_DK03#alt1,1,bwd,80,150.0,3450.0,0.0964,0.0
DK02_to_DK03#alt1,1,bwd,81,150.0,3400.0,0.0947,0.0
DK02_to_DK03#alt1,1,bwd,82,150.0,3350.0,0.092,0.0
DK02_to_DK03#alt1,1,bwd,83,150.0,3300.0,0.0883,0.0
DK02_to_DK03#alt1,1,bwd,84,150.0,3250.0,0.0839,0.0
DK02_to_DK03#alt1,1,bwd,85,150.0,3200.0,0.079,0.0
DK02_to_DK03#alt1,1,bwd,86,150.0,3150.0,0.0752,0.0
DK02_to_DK03#alt1,1,bwd,87,150.0,3100.0,0.0717,0.0
DK02_to_DK03#alt1,1,bwd,88,150.0,3050.0,0.0677,0.0
DK02_to_DK03#alt1,1,bwd,89,150.0,3000.0,0.0634,0.0
DK02_to_DK03#alt1,1,bwd,90,150.0,2950.0,0.0588,0.0
DK02_to_DK03#alt1,1,bwd,91,150.0,2900.0,0.0544,0.0
DK02_to_DK03#alt1,1,bwd,92,166.67,2850.0,0.0507,0.0
DK02_to_DK03#alt1,1,bwd,93,200.0,2800.0,0.0542,0.0
DK02_to_DK03#alt1,1,bwd,94,233.33,2750.0,0.0568,0.0
DK02_to_DK03#alt1,1,bwd,95,250.0,2700.0,0.0514,0.0
DK02_to_DK03#alt1,1,bwd,96,250.0,2650.0,0.0463,0.0
DK02_to_DK03#alt1,1,bwd,97,250.0,2600.0,0.0414,0.0
DK02_to_DK03#alt1,1,bwd,98,266.67,2550.0,0.0369,0.0
DK02_to_DK03#alt1,1,bwd,99,266.67,2500.0,0.0327,0.0
DK02_to_DK03#alt1,1,bwd,100,266.67,2450.0,0.0327,0.0
DK02_to_DK03#alt1,1,bwd,101,250.0,2400.0,0.0369,0.0
DK02_to_DK03#alt1,1,bwd,102,250.0,2350.0,0.0414,0.0
DK02_to_DK03#alt1,1,bwd,103,250.0,2300.0,0.0467,0.0
DK02_to_DK03#alt1,1,bwd,104,250.0,2250.0,0.0524,0.0
DK02_to_DK03#alt1,1,bwd,105,266.67,2200.0,0.0585,0.0
DK02_to_DK03#alt1,1,bwd,106,283.33,2150.0,0.074,0.0
DK02_to_DK03#alt1,1,bwd,107,300.0,2100.0,0.0821,0.0
DK02_to_DK03#alt1,1,bwd,108,300.0,2050.0,0.0904,0.0
DK02_to_DK03#alt1,1,bwd,109,300.0,2000.0,0.0987,0.0
DK02_to_DK03#alt1,1,bwd,110,300.0,1950.0,0.1069,0.0
DK02_to_DK03#alt1,1,bwd,111,300.0,1900.0,0.1146,0.0
DK02_to_DK03#alt1,1,bwd,112,300.0,1850.0,0.1215,0.0
DK02_to_DK03#alt1,1,bwd,113,300.0,1800.0,0.1273,0.0
DK02_to_DK03#alt1,1,bwd,114,300.0,1750.0,0.1317,0.0
DK02_to_DK03#alt1,1,bwd,115,316.67,1700.0,0.1344,0.0
DK02_to_DK03#alt1,1,bwd,116,350.0,1650.0,0.1599,0.0
DK02_to_DK03#alt1,1,bwd,117,400.0,1600.0,0.1873,0.0
DK02_to_DK03#alt1,1,bwd,118,450.0,1550.0,0.2151,0.0
DK02_to_DK03#alt1,1,bwd,119,500.0,1500.0,0.2407,0.0
DK02_to_DK03#alt1,1,bwd,120,550.0,1450.0,0.2609,0.0
DK02_to_DK03#alt1,1,bwd,121,600.0,1400.0,0.281,0.0
DK02_to_DK03#alt1,1,bwd,122,650.0,1350.0,0.3006,0.0
DK02_to_DK03#alt1,1,bwd,123,700.0,1300.0,0.3077,0.0
DK02_to_DK03#alt1,1,bwd,124,750.0,1266.67,0.3006,0.0
DK02_to_DK03#alt1,1,bwd,125,800.0,1250.0,0.3269,0.0
DK02_to_DK03#alt1,1,bwd,126,850.0,1250.0,0.3485,0.0
DK02_to_DK03#alt1,1,bwd,127,900.0,1250.0,0.3628,0.0
DK02_to_DK03#alt1,1,bwd,128,950.0,1250.0,0.3679,0.0
DK02_to_DK03#alt1,1,bwd,129,1000.0,1250.0,0.3679,0.0
DK02_to_DK03#alt1,1,bwd,130,1050.0,1250.0,0.3679,0.0
DK02_to_DK03#alt3,3,bwd,0,3750.0,2150.0,0.1432,0.0
DK02_to_DK03#alt3,3,bwd,1,3700.0,2100.0,0.1239,0.0
DK02_to_DK03#alt3,3,bwd,2,3650.0,2050.0,0.1146,0.0
DK02_to_DK03#alt3,3,bwd,3,3600.0,2000.0,0.1036,0.0
DK02_to_DK03#alt3,3,bwd,4,3550.0,1950.0,0.092,0.0
DK02_to_DK03#alt3,3,bwd,5,3500.0,1900.0,0.0964,0.0
DK02_to_DK03#alt3,3,bwd,6,3450.0,1850.0,0.1183,0.0
DK02_to_DK03#alt3,3,bwd,7,3400.0,1800.0,0.1495,0.0
DK02_to_DK03#alt3,3,bwd,8,3350.0,1750.0,0.1889,0.0
DK02_to_DK03#alt3,3,bwd,9,3300.0,1700.0,0.2384,0.0
DK02_to_DK03#alt3,3,bwd,10,3250.0,1650.0,0.3006,0.0
DK02_to_DK03#alt3,3,bwd,11,3200.0,1600.0,0.3784,0.0
DK02_to_DK03#alt3,3,bwd,12,3150.0,1550.0,0.4746,0.0
DK02_to_DK03#alt3,3,bwd,13,3100.0,1500.0,0.5903,0.0
DK02_to_DK03#alt3,3,bwd,14,3066.67,1450.0,0.7165,0.0
DK02_to_DK03#alt3,3,bwd,15,3050.0,1400.0,0.7165,0.0
DK02_to_DK03#alt3,3,bwd,16,3050.0,1350.0,0.7165,0.0
DK02_to_DK03#alt3,3,bwd,17,3050.0,1300.0,0.7165,0.0
DK02_to_DK03#alt3,3,bwd,18,3033.33,1250.0,0.6889,0.0
DK02_to_DK03#alt3,3,bwd,19,3000.0,1200.0,0.6889,0.0
DK02_to_DK03#alt3,3,bwd,20,2950.0,1150.0,0.6889,0.0
DK02_to_DK03#alt3,3,bwd,21,2900.0,1100.0,0.6065,0.0
DK02_to_DK03#alt3,3,bwd,22,2850.0,1050.0,0.5134,0.0
DK02_to_DK03#alt3,3,bwd,23,2800.0,1000.0,0.4275,0.0
DK02_to_DK03#alt3,3,bwd,24,2750.0,950.0,0.3485,0.0
DK02_to_DK03#alt3,3,bwd,25,2700.0,900.0,0.281,0.0
DK02_to_DK03#alt3,3,bwd,26,2650.0,850.0,0.2252,0.0
DK02_to_DK03#alt3,3,bwd,27,2600.0,800.0,0.1798,0.0
DK02_to_DK03#alt3,3,bwd,28,2550.0,750.0,0.1432,0.0
DK02_to_DK03#alt3,3,bwd,29,2500.0,700.0,0.1138,0.0
DK02_to_DK03#alt3,3,bwd,30,2450.0,650.0,0.0904,0.0
DK02_to_DK03#alt3,3,bwd,31,2400.0,600.0,0.0717,0.0
DK02_to_DK03#alt3,3,bwd,32,2350.0,550.0,0.0568,0.0
DK02_to_DK03#alt3,3,bwd,33,2300.0,500.0,0.045,0.0
DK02_to_DK03#alt3,3,bwd,34,2250.0,450.0,0.0357,0.0
DK02_to_DK03#alt3,3,bwd,35,2200.0,400.0,0.0302,0.0
DK02_to_DK03#alt3,3,bwd,36,2150.0,350.0,0.0256,0.0
DK02_to_DK03#alt3,3,bwd,37,2100.0,300.0,0.0216,0.0
DK02_to_DK03#alt3,3,bwd,38,2050.0,250.0,0.0183,0.0
DK02_to_DK03#alt3,3,bwd,39,2000.0,233.33,0.0155,0.0
DK02_to_DK03#alt3,3,bwd,40,1950.0,250.0,0.0148,0.0
DK02_to_DK03#alt3,3,bwd,41,1900.0,283.33,0.0182,0.0
DK02_to_DK03#alt3,3,bwd,42,1850.0,316.67,0.0213,0.0
DK02_to_DK03#alt3,3,bwd,43,1800.0,350.0,0.0263,0.0
DK02_to_DK03#alt3,3,bwd,44,1750.0,400.0,0.0322,0.0
DK02_to_DK03#alt3,3,bwd,45,1700.0,450.0,0.0393,0.0
DK02_to_DK03#alt3,3,bwd,46,1650.0,500.0,0.0478,0.0
DK02_to_DK03#alt3,3,bwd,47,1600.0,550.0,0.0577,0.0
DK02_to_DK03#alt3,3,bwd,48,1550.0,600.0,0.0691,0.0
DK02_to_DK03#alt3,3,bwd,49,1500.0,650.0,0.0821,0.0
DK02_to_DK03#alt3,3,bwd,50,1450.0,700.0,0.097,0.0
DK02_to_DK03#alt3,3,bwd,51,1400.0,750.0,0.1138,0.0
DK02_to_DK03#alt3,3,bwd,52,1350.0,800.0,0.1317,0.0
DK02_to_DK03#alt3,3,bwd,53,1300.0,850.0,0.1495,0.0
DK02_to_DK03#alt3,3,bwd,54,1250.0,900.0,0.1661,0.0
DK02_to_DK03#alt3,3,bwd,55,1200.0,950.0,0.1798,0.0
DK02_to_DK03#alt3,3,bwd,56,1150.0,1000.0,0.1889,0.0
DK02_to_DK03#alt3,3,bwd,57,1100.0,1050.0,0.1921,0.0
DK02_to_DK03#alt3,3,bwd,58,1066.67,1100.0,0.2231,0.0
DK02_to_DK03#alt3,3,bwd,59,1050.0,1150.0,0.2636,0.0
DK02_to_DK03#alt3,3,bwd,60,1050.0,1200.0,0.3114,0.0
DK02_to_DK03#alt3,3,bwd,61,1050.0,1250.0,0.3679,0.0
DK03_to_DK02#alt4,4,fwd,0,1050.0,1250.0,0.3679,0.0
DK03_to_DK02#alt4,4,fwd,1,1000.0,1200.0,0.3114,0.0
DK03_to_DK02#alt4,4,fwd,2,950.0,1150.0,0.2636,0.0
DK03_to_DK02#alt4,4,fwd,3,900.0,1100.0,0.2407,0.0
DK03_to_DK02#alt4,4,fwd,4,866.67,1050.0,0.2972,0.0
DK03_to_DK02#alt4,4,fwd,5,850.0,1000.0,0.3485,0.0
DK03_to_DK02#alt4,4,fwd,6,850.0,950.0,0.4076,0.0
DK03_to_DK02#alt4,4,fwd,7,850.0,900.0,0.4746,0.0
DK03_to_DK02#alt4,4,fwd,8,850.0,850.0,0.5483,0.0
DK03_to_DK02#alt4,4,fwd,9,850.0,800.0,0.6241,0.0
DK03_to_DK02#alt4,4,fwd,10,850.0,750.0,0.6889,0.0
DK03_to_DK02#alt4,4,fwd,11,850.0,700.0,0.7165,0.0
DK03_to_DK02#alt4,4,fwd,12,850.0,650.0,0.7165,0.0
DK03_to_DK02#alt4,4,fwd,13,850.0,600.0,0.6889,0.0
DK03_to_DK02#alt4,4,fwd,14,800.0,550.0,0.6889,0.0
DK03_to_DK02#alt4,4,fwd,15,750.0,500.0,0.6065,0.0
DK03_to_DK02#alt4,4,fwd,16,716.67,450.0,0.7165,0.0
DK03_to_DK02#alt4,4,fwd,17,700.0,400.0,0.7165,0.0
DK03_to_DK02#alt4,4,fwd,18,716.67,350.0,0.6889,0.0
DK03_to_DK02#alt4,4,fwd,19,750.0,300.0,0.5483,0.0
DK03_to_DK02#alt4,4,fwd,20,800.0,250.0,0.4346,0.0
DK03_to_DK02#alt4,4,fwd,21,850.0,200.0,0.3485,0.0
DK03_to_DK02#alt4,4,fwd,22,900.0,150.0,0.281,0.0
DK03_to_DK02#alt4,4,fwd,23,950.0,100.0,0.2252,0.0
DK03_to_DK02#alt4,4,fwd,24,1000.0,66.67,0.1798,0.0
DK03_to_DK02#alt4,4,fwd,25,1050.0,50.0,0.1551,0.0
DK03_to_DK02#alt4,4,fwd,26,1100.0,50.0,0.1335,0.0
DK03_to_DK02#alt4,4,fwd,27,1150.0,50.0,0.1146,0.0
DK03_to_DK02#alt4,4,fwd,28,1200.0,50.0,0.0987,0.0
DK03_to_DK02#alt4,4,fwd,29,1250.0,50.0,0.0854,0.0
DK03_to_DK02#alt4,4,fwd,30,1300.0,50.0,0.0736,0.0
DK03_to_DK02#alt4,4,fwd,31,1350.0,50.0,0.0634,0.0
DK03_to_DK02#alt4,4,fwd,32,1400.0,50.0,0.0544,0.0
DK03_to_DK02#alt4,4,fwd,33,1450.0,50.0,0.0467,0.0
DK03_to_DK02#alt4,4,fwd,34,1500.0,50.0,0.0407,0.0
DK03_to_DK02#alt4,4,fwd,35,1550.0,50.0,0.0357,0.0
DK03_to_DK02#alt4,4,fwd,36,1600.0,50.0,0.0312,0.0
DK03_to_DK02#alt4,4,fwd,37,1650.0,50.0,0.0272,0.0
DK03_to_DK02#alt4,4,fwd,38,1700.0,50.0,0.0236,0.0
DK03_to_DK02#alt4,4,fwd,39,1750.0,50.0,0.0205,0.0
DK03_to_DK02#alt4,4,fwd,40,1800.0,50.0,0.0178,0.0
DK03_to_DK02#alt4,4,fwd,41,1850.0,50.0,0.0153,0.0
DK03_to_DK02#alt4,4,fwd,42,1900.0,50.0,0.0133,0.0
DK03_to_DK02#alt4,4,fwd,43,1950.0,50.0,0.0121,0.0
DK03_to_DK02#alt4,4,fwd,44,2000.0,50.0,0.0143,0.0
DK03_to_DK02#alt4,4,fwd,45,2050.0,50.0,0.0168,0.0
DK03_to_DK02#alt4,4,fwd,46,2100.0,50.0,0.0198,0.0
DK03_to_DK02#alt4,4,fwd,47,2150.0,50.0,0.0233,0.0
DK03_to_DK02#alt4,4,fwd,48,2200.0,50.0,0.0274,0.0
DK03_to_DK02#alt4,4,fwd,49,2250.0,50.0,0.0322,0.0
DK03_to_DK02#alt4,4,fwd,50,2300.0,50.0,0.0378,0.0
DK03_to_DK02#alt4,4,fwd,51,2350.0,50.0,0.0444,0.0
DK03_to_DK02#alt4,4,fwd,52,2400.0,50.0,0.0522,0.0
DK03_to_DK02#alt4,4,fwd,53,2450.0,66.67,0.0612,0.0
DK03_to_DK02#alt4,4,fwd,54,2500.0,100.0,0.0752,0.0
DK03_to_DK02#alt4,4,fwd,55,2550.0,150.0,0.092,0.0
DK03_to_DK02#alt4,4,fwd,56,2600.0,183.33,0.1117,0.0
DK03_to_DK02#alt4,4,fwd,57,2650.0,183.33,0.1317,0.0
DK03_to_DK02#alt4,4,fwd,58,2700.0,166.67,0.1495,0.0
DK03_to_DK02#alt4,4,fwd,59,2750.0,150.0,0.1755,0.0
DK03_to_DK02#alt4,4,fwd,60,2800.0,150.0,0.2057,0.0
DK03_to_DK02#alt4,4,fwd,61,2850.0,166.67,0.2407,0.0
DK03_to_DK02#alt4,4,fwd,62,2900.0,183.33,0.2972,0.0
DK03_to_DK02#alt4,4,fwd,63,2950.0,200.0,0.3485,0.0
DK03_to_DK02#alt4,4,fwd,64,3000.0,200.0,0.4076,0.0
DK03_to_DK02#alt4,4,fwd,65,3050.0,200.0,0.4746,0.0
DK03_to_DK02#alt4,4,fwd,66,3100.0,200.0,0.5483,0.0
DK03_to_DK02#alt4,4,fwd,67,3150.0,200.0,0.6241,0.0
DK03_to_DK02#alt4,4,fwd,68,3200.0,200.0,0.6889,0.0
DK03_to_DK02#alt4,4,fwd,69,3250.0,200.0,0.7165,0.0
DK03_to_DK02#alt4,4,fwd,70,3300.0,200.0,0.7165,0.0
DK03_to_DK02#alt4,4,fwd,71,3350.0,200.0,0.7165,0.0
DK03_to_DK02#alt4,4,fwd,72,3400.0,200.0,0.7165,0.0
DK03_to_DK02#alt4,4,fwd,73,3450.0,200.0,0.7165,0.0
DK03_to_DK02#alt4,4,fwd,74,3500.0,200.0,0.7165,0.0
DK03_to_DK02#alt4,4,fwd,75,3550.0,200.0,0.7165,0.0
DK03_to_DK02#alt4,4,fwd,76,3600.0,200.0,0.7165,0.0
DK03_to_DK02#alt4,4,fwd,77,3650.0,216.67,0.6889,0.0
DK03_to_DK02#alt4,4,fwd,78,3700.0,250.0,0.6889,0.0
DK03_to_DK02#alt4,4,fwd,79,3750.0,300.0,0.6889,0.0
DK03_to_DK02#alt4,4,fwd,80,3800.0,333.33,0.7165,0.0
DK03_to_DK02#alt4,4,fwd,81,3850.0,366.67,0.6889,0.0
DK03_to_DK02#alt4,4,fwd,82,3900.0,400.0,0.6889,0.0
DK03_to_DK02#alt4,4,fwd,83,3933.33,450.0,0.7165,0.0
DK03_to_DK02#alt4,4,fwd,84,3966.67,500.0,0.6889,0.0
DK03_to_DK02#alt4,4,fwd,85,3983.33,550.0,0.7165,0.0
DK03_to_DK02#alt4,4,fwd,86,4000.0,600.0,0.6889,0.0
DK03_to_DK02#alt4,4,fwd,87,4050.0,650.0,0.6889,0.0
DK03_to_DK02#alt4,4,fwd,88,4100.0,700.0,0.6241,0.0
DK03_to_DK02#alt4,4,fwd,89,4150.0,750.0,0.5903,0.0
DK03_to_DK02#alt4,4,fwd,90,4183.33,800.0,0.5134,0.0
DK03_to_DK02#alt4,4,fwd,91,4183.33,850.0,0.4346,0.0
DK03_to_DK02#alt4,4,fwd,92,4166.67,900.0,0.3628,0.0
DK03_to_DK02#alt4,4,fwd,93,4150.0,950.0,0.3077,0.0
DK03_to_DK02#alt4,4,fwd,94,4150.0,1000.0,0.2609,0.0
DK03_to_DK02#alt4,4,fwd,95,4150.0,1050.0,0.2211,0.0
DK03_to_DK02#alt4,4,fwd,96,4150.0,1100.0,0.1873,0.0
DK03_to_DK02#alt4,4,fwd,97,4150.0,1150.0,0.1587,0.0
DK03_to_DK02#alt4,4,fwd,98,4150.0,1200.0,0.1755,0.0
DK03_to_DK02#alt4,4,fwd,99,4150.0,1250.0,0.2057,0.0
DK03_to_DK02#alt4,4,fwd,100,4150.0,1300.0,0.2407,0.0
DK03_to_DK02#alt4,4,fwd,101,4150.0,1350.0,0.281,0.0
DK03_to_DK02#alt4,4,fwd,102,4150.0,1400.0,0.3269,0.0
DK03_to_DK02#alt4,4,fwd,103,4150.0,1450.0,0.3784,0.0
DK03_to_DK02#alt4,4,fwd,104,4150.0,1500.0,0.4346,0.0
DK03_to_DK02#alt4,4,fwd,105,4150.0,1550.0,0.4931,0.0
DK03_to_DK02#alt4,4,fwd,106,4150.0,1600.0,0.5483,0.0
DK03_to_DK02#alt4,4,fwd,107,4150.0,1650.0,0.6241,0.0
DK03_to_DK02#alt4,4,fwd,108,4150.0,1700.0,0.6889,0.0
DK03_to_DK02#alt4,4,fwd,109,4133.33,1750.0,0.7165,0.0
DK03_to_DK02#alt4,4,fwd,110,4100.0,1800.0,0.6065,0.0
DK03_to_DK02#alt4,4,fwd,111,4050.0,1850.0,0.503,0.0
DK03_to_DK02#alt4,4,fwd,112,4000.0,1900.0,0.4076,0.0
DK03_to_DK02#alt4,4,fwd,113,3950.0,1950.0,0.3269,0.0
DK03_to_DK02#alt4,4,fwd,114,3900.0,2000.0,0.2609,0.0
DK03_to_DK02#alt4,4,fwd,115,3850.0,2050.0,0.2076,0.0
DK03_to_DK02#alt4,4,fwd,116,3800.0,2100.0,0.1648,0.0
DK03_to_DK02#alt4,4,fwd,117,3750.0,2150.0,0.1432,0.0
DK03_to_DK02#alt6,6,fwd,0,1050.0,1250.0,0.3679,0.0
DK03_to_DK02#alt6,6,fwd,1,1100.0,1200.0,0.3077,0.0
DK03_to_DK02#alt6,6,fwd,2,1150.0,1150.0,0.253,0.0
DK03_to_DK02#alt6,6,fwd,3,1200.0,1100.0,0.2057,0.0
DK03_to_DK02#alt6,6,fwd,4,1250.0,1050.0,0.1661,0.0
DK03_to_DK02#alt6,6,fwd,5,1300.0,1000.0,0.1353,0.0
DK03_to_DK02#alt6,6,fwd,6,1350.0,950.0,0.1146,0.0
DK03_to_DK02#alt6,6,fwd,7,1400.0,900.0,0.1036,0.0
DK03_to_DK02#alt6,6,fwd,8,1450.0,850.0,0.092,0.0
DK03_to_DK02#alt6,6,fwd,9,1500.0,800.0,0.0803,0.0
DK03_to_DK02#alt6,6,fwd,10,1550.0,750.0,0.0691,0.0
DK03_to_DK02#alt6,6,fwd,11,1600.0,700.0,0.0588,0.0
DK03_to_DK02#alt6,6,fwd,12,1650.0,666.67,0.0498,0.0
DK03_to_DK02#alt6,6,fwd,13,1700.0,650.0,0.0421,0.0
DK03_to_DK02#alt6,6,fwd,14,1750.0,633.33,0.0357,0.0
DK03_to_DK02#alt6,6,fwd,15,1800.0,600.0,0.0301,0.0
DK03_to_DK02#alt6,6,fwd,16,1850.0,566.67,0.0252,0.0
DK03_to_DK02#alt6,6,fwd,17,1900.0,550.0,0.0213,0.0
DK03_to_DK02#alt6,6,fwd,18,1950.0,550.0,0.0229,0.0
DK03_to_DK02#alt6,6,fwd,19,2000.0,550.0,0.0259,0.0
DK03_to_DK02#alt6,6,fwd,20,2050.0,550.0,0.0291,0.0
DK03_to_DK02#alt6,6,fwd,21,2100.0,550.0,0.0327,0.0
DK03_to_DK02#alt6,6,fwd,22,2150.0,550.0,0.0369,0.0
DK03_to_DK02#alt6,6,fwd,23,2200.0,550.0,0.0414,0.0
DK03_to_DK02#alt6,6,fwd,24,2250.0,550.0,0.0463,0.0
DK03_to_DK02#alt6,6,fwd,25,2300.0,550.0,0.0514,0.0
DK03_to_DK02#alt6,6,fwd,26,2350.0,550.0,0.0568,0.0
DK03_to_DK02#alt6,6,fwd,27,2400.0,550.0,0.0624,0.0
DK03_to_DK02#alt6,6,fwd,28,2450.0,550.0,0.0681,0.0
DK03_to_DK02#alt6,6,fwd,29,2500.0,566.67,0.0781,0.0
DK03_to_DK02#alt6,6,fwd,30,2550.0,600.0,0.092,0.0
DK03_to_DK02#alt6,6,fwd,31,2600.0,650.0,0.1146,0.0
DK03_to_DK02#alt6,6,fwd,32,2650.0,700.0,0.1422,0.0
DK03_to_DK02#alt6,6,fwd,33,2700.0,750.0,0.1755,0.0
DK03_to_DK02#alt6,6,fwd,34,2750.0,800.0,0.2151,0.0
DK03_to_DK02#alt6,6,fwd,35,2800.0,850.0,0.2609,0.0
DK03_to_DK02#alt6,6,fwd,36,2850.0,900.0,0.3114,0.0
DK03_to_DK02#alt6,6,fwd,37,2900.0,950.0,0.3679,0.0
DK03_to_DK02#alt6,6,fwd,38,2950.0,1000.0,0.4275,0.0
DK03_to_DK02#alt6,6,fwd,39,3000.0,1050.0,0.4746,0.0
DK03_to_DK02#alt6,6,fwd,40,3050.0,1100.0,0.4931,0.0
DK03_to_DK02#alt6,6,fwd,41,3100.0,1150.0,0.4931,0.0
DK03_to_DK02#alt6,6,fwd,42,3150.0,1200.0,0.4746,0.0
DK03_to_DK02#alt6,6,fwd,43,3200.0,1250.0,0.4275,0.0
DK03_to_DK02#alt6,6,fwd,44,3250.0,1300.0,0.3679,0.0
DK03_to_DK02#alt6,6,fwd,45,3300.0,1350.0,0.3114,0.0
DK03_to_DK02#alt6,6,fwd,46,3350.0,1400.0,0.2636,0.0
DK03_to_DK02#alt6,6,fwd,47,3400.0,1450.0,0.2231,0.0
DK03_to_DK02#alt6,6,fwd,48,3450.0,1500.0,0.1873,0.0
DK03_to_DK02#alt6,6,fwd,49,3500.0,1550.0,0.1551,0.0
DK03_to_DK02#alt6,6,fwd,50,3550.0,1600.0,0.1273,0.0
DK03_to_DK02#alt6,6,fwd,51,3600.0,1650.0,0.1117,0.0
DK03_to_DK02#alt6,6,fwd,52,3650.0,1700.0,0.1344,0.0
DK03_to_DK02#alt6,6,fwd,53,3700.0,1750.0,0.1599,0.0
DK03_to_DK02#alt6,6,fwd,54,3733.33,1800.0,0.1889,0.0
DK03_to_DK02#alt6,6,fwd,55,3750.0,1850.0,0.1873,0.0
DK03_to_DK02#alt6,6,fwd,56,3750.0,1900.0,0.1827,0.0
DK03_to_DK02#alt6,6,fwd,57,3750.0,1950.0,0.1755,0.0
DK03_to_DK02#alt6,6,fwd,58,3750.0,2000.0,0.1661,0.0
DK03_to_DK02#alt6,6,fwd,59,3750.0,2050.0,0.1551,0.0
DK03_to_DK02#alt6,6,fwd,60,3750.0,2100.0,0.1432,0.0
DK03_to_DK02#alt6,6,fwd,61,3750.0,2150.0,0.1432,0.0
DK03_to_DK02#alt7,7,fwd,0,1050.0,1250.0,0.3679,0.0
DK03_to_DK02#alt7,7,fwd,1,1000.0,1300.0,0.4346,0.0
DK03_to_DK02#alt7,7,fwd,2,950.0,1350.0,0.5134,0.0
DK03_to_DK02#alt7,7,fwd,3,900.0,1400.0,0.5903,0.0
DK03_to_DK02#alt7,7,fwd,4,850.0,1450.0,0.6241,0.0
DK03_to_DK02#alt7,7,fwd,5,800.0,1500.0,0.5903,0.0
DK03_to_DK02#alt7,7,fwd,6,750.0,1550.0,0.5483,0.0
DK03_to_DK02#alt7,7,fwd,7,716.67,1600.0,0.503,0.0
DK03_to_DK02#alt7,7,fwd,8,700.0,1650.0,0.5134,0.0
DK03_to_DK02#alt7,7,fwd,9,700.0,1700.0,0.503,0.0
DK03_to_DK02#alt7,7,fwd,10,683.33,1750.0,0.4746,0.0
DK03_to_DK02#alt7,7,fwd,11,650.0,1800.0,0.3784,0.0
DK03_to_DK02#alt7,7,fwd,12,600.0,1850.0,0.3006,0.0
DK03_to_DK02#alt7,7,fwd,13,550.0,1900.0,0.2384,0.0
DK03_to_DK02#alt7,7,fwd,14,516.67,1950.0,0.1889,0.0
DK03_to_DK02#alt7,7,fwd,15,500.0,2000.0,0.17,0.0
DK03_to_DK02#alt7,7,fwd,16,500.0,2050.0,0.1517,0.0
DK03_to_DK02#alt7,7,fwd,17,500.0,2100.0,0.1344,0.0
DK03_to_DK02#alt7,7,fwd,18,500.0,2150.0,0.1199,0.0
DK03_to_DK02#alt7,7,fwd,19,500.0,2200.0,0.1062,0.0
DK03_to_DK02#alt7,7,fwd,20,500.0,2250.0,0.0947,0.0
DK03_to_DK02#alt7,7,fwd,21,500.0,2300.0,0.0839,0.0
DK03_to_DK02#alt7,7,fwd,22,500.0,2350.0,0.074,0.0
DK03_to_DK02#alt7,7,fwd,23,500.0,2400.0,0.065,0.0
DK03_to_DK02#alt7,7,fwd,24,500.0,2450.0,0.0568,0.0
DK03_to_DK02#alt7,7,fwd,25,483.33,2500.0,0.0568,0.0
DK03_to_DK02#alt7,7,fwd,26,466.67,2550.0,0.0585,0.0
DK03_to_DK02#alt7,7,fwd,27,466.67,2600.0,0.0663,0.0
DK03_to_DK02#alt7,7,fwd,28,466.67,2650.0,0.0748,0.0
DK03_to_DK02#alt7,7,fwd,29,466.67,2700.0,0.0839,0.0
DK03_to_DK02#alt7,7,fwd,30,450.0,2750.0,0.0947,0.0
DK03_to_DK02#alt7,7,fwd,31,450.0,2800.0,0.1062,0.0
DK03_to_DK02#alt7,7,fwd,32,450.0,2850.0,0.1183,0.0
DK03_to_DK02#alt7,7,fwd,33,450.0,2900.0,0.1308,0.0
DK03_to_DK02#alt7,7,fwd,34,450.0,2950.0,0.1432,0.0
DK03_to_DK02#alt7,7,fwd,35,450.0,3000.0,0.1551,0.0
DK03_to_DK02#alt7,7,fwd,36,450.0,3050.0,0.1661,0.0
DK03_to_DK02#alt7,7,fwd,37,450.0,3100.0,0.1798,0.0
DK03_to_DK02#alt7,7,fwd,38,450.0,3150.0,0.1937,0.0
DK03_to_DK02#alt7,7,fwd,39,450.0,3200.0,0.2057,0.0
DK03_to_DK02#alt7,7,fwd,40,450.0,3250.0,0.2151,0.0
DK03_to_DK02#alt7,7,fwd,41,450.0,3300.0,0.2252,0.0
DK03_to_DK02#alt7,7,fwd,42,450.0,3350.0,0.2407,0.0
DK03_to_DK02#alt7,7,fwd,43,450.0,3400.0,0.253,0.0
DK03_to_DK02#alt7,7,fwd,44,450.0,3450.0,0.2609,0.0
DK03_to_DK02#alt7,7,fwd,45,450.0,3500.0,0.2636,0.0
DK03_to_DK02#alt7,7,fwd,46,450.0,3550.0,0.2609,0.0
DK03_to_DK02#alt7,7,fwd,47,466.67,3600.0,0.253,0.0
DK03_to_DK02#alt7,7,fwd,48,500.0,3650.0,0.281,0.0
DK03_to_DK02#alt7,7,fwd,49,550.0,3700.0,0.3077,0.0
DK03_to_DK02#alt7,7,fwd,50,600.0,3750.0,0.3485,0.0
DK03_to_DK02#alt7,7,fwd,51,650.0,3800.0,0.3784,0.0
DK03_to_DK02#alt7,7,fwd,52,700.0,3850.0,0.4076,0.0
DK03_to_DK02#alt7,7,fwd,53,750.0,3900.0,0.4346,0.0
DK03_to_DK02#alt7,7,fwd,54,800.0,3950.0,0.4346,0.0
DK03_to_DK02#alt7,7,fwd,55,850.0,4000.0,0.4346,0.0
DK03_to_DK02#alt7,7,fwd,56,900.0,4050.0,0.5134,0.0
DK03_to_DK02#alt7,7,fwd,57,950.0,4066.67,0.503,0.0
DK03_to_DK02#alt7,7,fwd,58,1000.0,4050.0,0.4746,0.0
DK03_to_DK02#alt7,7,fwd,59,1050.0,4016.67,0.5903,0.0
DK03_to_DK02#alt7,7,fwd,60,1100.0,4000.0,0.6065,0.0
DK03_to_DK02#alt7,7,fwd,61,1150.0,4000.0,0.6241,0.0
DK03_to_DK02#alt7,7,fwd,62,1200.0,4000.0,0.6889,0.0
DK03_to_DK02#alt7,7,fwd,63,1250.0,4000.0,0.7165,0.0
DK03_to_DK02#alt7,7,fwd,64,1300.0,3983.33,0.6889,0.0
DK03_to_DK02#alt7,7,fwd,65,1350.0,3966.67,0.7165,0.0
DK03_to_DK02#alt7,7,fwd,66,1400.0,3950.0,0.7165,0.0
DK03_to_DK02#alt7,7,fwd,67,1450.0,3933.33,0.6889,0.0
DK03_to_DK02#alt7,7,fwd,68,1500.0,3916.67,0.7165,0.0
DK03_to_DK02#alt7,7,fwd,69,1550.0,3883.33,0.6889,0.0
DK03_to_DK02#alt7,7,fwd,70,1600.0,3850.0,0.6889,0.0
DK03_to_DK02#alt7,7,fwd,71,1650.0,3816.67,0.6889,0.0
DK03_to_DK02#alt7,7,fwd,72,1700.0,3800.0,0.5903,0.0
DK03_to_DK02#alt7,7,fwd,73,1750.0,3800.0,0.5134,0.0
DK03_to_DK02#alt7,7,fwd,74,1800.0,3800.0,0.503,0.0
DK03_to_DK02#alt7,7,fwd,75,1850.0,3800.0,0.5134,0.0
DK03_to_DK02#alt7,7,fwd,76,1900.0,3800.0,0.5134,0.0
DK03_to_DK02#alt7,7,fwd,77,1950.0,3800.0,0.5134,0.0
DK03_to_DK02#alt7,7,fwd,78,2000.0,3800.0,0.5134,0.0
DK03_to_DK02#alt7,7,fwd,79,2050.0,3800.0,0.5134,0.0
DK03_to_DK02#alt7,7,fwd,80,2100.0,3800.0,0.503,0.0
DK03_to_DK02#alt7,7,fwd,81,2150.0,3783.33,0.4746,0.0
DK03_to_DK02#alt7,7,fwd,82,2200.0,3750.0,0.5134,0.0
DK03_to_DK02#alt7,7,fwd,83,2250.0,3700.0,0.5903,0.0
DK03_to_DK02#alt7,7,fwd,84,2300.0,3650.0,0.6241,0.0
DK03_to_DK02#alt7,7,fwd,85,2350.0,3600.0,0.5903,0.0
DK03_to_DK02#alt7,7,fwd,86,2400.0,3550.0,0.5134,0.0
DK03_to_DK02#alt7,7,fwd,87,2450.0,3500.0,0.4346,0.0
DK03_to_DK02#alt7,7,fwd,88,2500.0,3450.0,0.3679,0.0
DK03_to_DK02#alt7,7,fwd,89,2550.0,3400.0,0.3114,0.0
DK03_to_DK02#alt7,7,fwd,90,2600.0,3350.0,0.3679,0.0
DK03_to_DK02#alt7,7,fwd,91,2650.0,3300.0,0.4275,0.0
DK03_to_DK02#alt7,7,fwd,92,2700.0,3250.0,0.4746,0.0
DK03_to_DK02#alt7,7,fwd,93,2750.0,3200.0,0.4931,0.0
DK03_to_DK02#alt7,7,fwd,94,2800.0,3150.0,0.4931,0.0
DK03_to_DK02#alt7,7,fwd,95,2850.0,3100.0,0.4746,0.0
DK03_to_DK02#alt7,7,fwd,96,2900.0,3050.0,0.4275,0.0
DK03_to_DK02#alt7,7,fwd,97,2950.0,3000.0,0.4746,0.0
DK03_to_DK02#alt7,7,fwd,98,3000.0,2950.0,0.4931,0.0
DK03_to_DK02#alt7,7,fwd,99,3050.0,2916.67,0.4931,0.0
DK03_to_DK02#alt7,7,fwd,100,3100.0,2900.0,0.5483,0.0
DK03_to_DK02#alt7,7,fwd,101,3150.0,2900.0,0.6241,0.0
DK03_to_DK02#alt7,7,fwd,102,3200.0,2900.0,0.6889,0.0
DK03_to_DK02#alt7,7,fwd,103,3250.0,2900.0,0.7165,0.0
DK03_to_DK02#alt7,7,fwd,104,3300.0,2900.0,0.7165,0.0
DK03_to_DK02#alt7,7,fwd,105,3350.0,2900.0,0.7165,0.0
DK03_to_DK02#alt7,7,fwd,106,3400.0,2900.0,0.7165,0.0
DK03_to_DK02#alt7,7,fwd,107,3450.0,2900.0,0.7165,0.0
DK03_to_DK02#alt7,7,fwd,108,3500.0,2900.0,0.7165,0.0
DK03_to_DK02#alt7,7,fwd,109,3550.0,2883.33,0.6889,0.0
DK03_to_DK02#alt7,7,fwd,110,3600.0,2850.0,0.5483,0.0
DK03_to_DK02#alt7,7,fwd,111,3650.0,2800.0,0.4346,0.0
DK03_to_DK02#alt7,7,fwd,112,3700.0,2750.0,0.4275,0.0
DK03_to_DK02#alt7,7,fwd,113,3733.33,2700.0,0.4746,0.0
DK03_to_DK02#alt7,7,fwd,114,3750.0,2650.0,0.4346,0.0
DK03_to_DK02#alt7,7,fwd,115,3750.0,2600.0,0.4076,0.0
DK03_to_DK02#alt7,7,fwd,116,3750.0,2550.0,0.3784,0.0
DK03_to_DK02#alt7,7,fwd,117,3750.0,2500.0,0.344,0.0
DK03_to_DK02#alt7,7,fwd,118,3750.0,2450.0,0.3077,0.0
DK03_to_DK02#alt7,7,fwd,119,3750.0,2400.0,0.2721,0.0
DK03_to_DK02#alt7,7,fwd,120,3750.0,2350.0,0.2431,0.0
DK03_to_DK02#alt7,7,fwd,121,3750.0,2300.0,0.2151,0.0
DK03_to_DK02#alt7,7,fwd,122,3750.0,2250.0,0.1889,0.0
DK03_to_DK02#alt7,7,fwd,123,3750.0,2200.0,0.1648,0.0
DK03_to_DK02#alt7,7,fwd,124,3750.0,2150.0,0.1432,0.0
DK01_to_DB01#alt0,0,fwd,0,1200.0,550.0,0.2151,0.0
DK01_to_DB01#alt0,0,fwd,1,1150.0,600.0,0.2609,0.0
DK01_to_DB01#alt0,0,fwd,2,1100.0,650.0,0.3114,0.0
DK01_to_DB01#alt0,0,fwd,3,1050.0,700.0,0.3679,0.0
DK01_to_DB01#alt0,0,fwd,4,1000.0,750.0,0.4275,0.0
DK01_to_DB01#alt0,0,fwd,5,950.0,800.0,0.4746,0.0
DK01_to_DB01#alt0,0,fwd,6,900.0,850.0,0.4931,0.0
DK01_to_DB01#alt0,0,fwd,7,850.0,883.33,0.4746,0.0
DK01_to_DB01#alt0,0,fwd,8,800.0,900.0,0.503,0.0
DK01_to_DB01#alt0,0,fwd,9,750.0,883.33,0.5134,0.0
DK01_to_DB01#alt0,0,fwd,10,700.0,866.67,0.6065,0.0
DK01_to_DB01#alt0,0,fwd,11,650.0,850.0,0.5903,0.0
DK01_to_DB01#alt0,0,fwd,12,600.0,866.67,0.5483,0.0
DK01_to_DB01#alt0,0,fwd,13,550.0,900.0,0.4346,0.0
DK01_to_DB01#alt0,0,fwd,14,500.0,950.0,0.3628,0.0
DK01_to_DB01#alt0,0,fwd,15,450.0,1000.0,0.3114,0.0
DK01_to_DB01#alt0,0,fwd,16,400.0,1050.0,0.2636,0.0
DK01_to_DB01#alt0,0,fwd,17,350.0,1100.0,0.2231,0.0
DK01_to_DB01#alt0,0,fwd,18,300.0,1150.0,0.1889,0.0
DK01_to_DB01#alt0,0,fwd,19,250.0,1200.0,0.1587,0.0
DK01_to_DB01#alt0,0,fwd,20,216.67,1250.0,0.1317,0.0
DK01_to_DB01#alt0,0,fwd,21,183.33,1300.0,0.1117,0.0
DK01_to_DB01#alt0,0,fwd,22,166.67,1350.0,0.092,0.0
DK01_to_DB01#alt0,0,fwd,23,150.0,1400.0,0.0781,0.0
DK01_to_DB01#alt0,0,fwd,24,150.0,1450.0,0.0752,0.0
DK01_to_DB01#alt0,0,fwd,25,150.0,1500.0,0.0781,0.0
DK01_to_DB01#alt0,0,fwd,26,166.67,1550.0,0.0803,0.0
DK01_to_DB01#alt0,0,fwd,27,183.33,1600.0,0.0964,0.0
DK01_to_DB01#alt0,0,fwd,28,200.0,1650.0,0.097,0.0
DK01_to_DB01#alt0,0,fwd,29,200.0,1700.0,0.0964,0.0
DK01_to_DB01#alt0,0,fwd,30,200.0,1750.0,0.0947,0.0
DK01_to_DB01#alt0,0,fwd,31,200.0,1800.0,0.092,0.0
DK01_to_DB01#alt0,0,fwd,32,200.0,1850.0,0.0883,0.0
DK01_to_DB01#alt0,0,fwd,33,200.0,1900.0,0.0839,0.0
DK01_to_DB01#alt0,0,fwd,34,216.67,1950.0,0.079,0.0
DK01_to_DB01#alt0,0,fwd,35,233.33,2000.0,0.0854,0.0
DK01_to_DB01#alt0,0,fwd,36,250.0,2050.0,0.0785,0.0
DK01_to_DB01#alt0,0,fwd,37,266.67,2100.0,0.0717,0.0
DK01_to_DB01#alt0,0,fwd,38,300.0,2150.0,0.074,0.0
DK01_to_DB01#alt0,0,fwd,39,333.33,2200.0,0.0748,0.0
DK01_to_DB01#alt0,0,fwd,40,350.0,2250.0,0.0663,0.0
DK01_to_DB01#alt0,0,fwd,41,350.0,2300.0,0.0591,0.0
DK01_to_DB01#alt0,0,fwd,42,350.0,2350.0,0.0524,0.0
DK01_to_DB01#alt0,0,fwd,43,350.0,2400.0,0.0467,0.0
DK01_to_DB01#alt0,0,fwd,44,350.0,2450.0,0.0414,0.0
DK01_to_DB01#alt0,0,fwd,45,350.0,2500.0,0.0414,0.0
DK01_to_DB01#alt0,0,fwd,46,350.0,2550.0,0.0467,0.0
DK01_to_DB01#alt0,0,fwd,47,350.0,2600.0,0.0524,0.0
DK01_to_DB01#alt0,0,fwd,48,350.0,2650.0,0.0591,0.0
DK01_to_DB01#alt0,0,fwd,49,350.0,2700.0,0.0663,0.0
DK01_to_DB01#alt0,0,fwd,50,350.0,2750.0,0.074,0.0
DK01_to_DB01#alt0,0,fwd,51,350.0,2800.0,0.0821,0.0
DK01_to_DB01#alt0,0,fwd,52,350.0,2850.0,0.0904,0.0
DK01_to_DB01#alt0,0,fwd,53,350.0,2900.0,0.0987,0.0
DK01_to_DB01#alt0,0,fwd,54,350.0,2950.0,0.1069,0.0
DK01_to_DB01#alt0,0,fwd,55,350.0,3000.0,0.1146,0.0
DK01_to_DB01#alt0,0,fwd,56,350.0,3050.0,0.1239,0.0
DK01_to_DB01#alt0,0,fwd,57,350.0,3100.0,0.1335,0.0
DK01_to_DB01#alt0,0,fwd,58,350.0,3150.0,0.1422,0.0
DK01_to_DB01#alt0,0,fwd,59,350.0,3200.0,0.1495,0.0
DK01_to_DB01#alt0,0,fwd,60,350.0,3250.0,0.1551,0.0
DK01_to_DB01#alt0,0,fwd,61,366.67,3300.0,0.1661,0.0
DK01_to_DB01#alt0,0,fwd,62,400.0,3350.0,0.2057,0.0
DK01_to_DB01#alt0,0,fwd,63,450.0,3400.0,0.253,0.0
DK01_to_DB01#alt0,0,fwd,64,500.0,3450.0,0.3077,0.0
DK01_to_DB01#alt0,0,fwd,65,550.0,3500.0,0.3679,0.0
DK01_to_DB01#alt0,0,fwd,66,600.0,3550.0,0.4275,0.0
DK01_to_DB01#alt0,0,fwd,67,650.0,3600.0,0.4746,0.0
DK01_to_DB01#alt0,0,fwd,68,700.0,3650.0,0.5134,0.0
DK01_to_DB01#alt0,0,fwd,69,750.0,3700.0,0.5903,0.0
DK01_to_DB01#alt0,0,fwd,70,800.0,3750.0,0.6241,0.0
DK01_to_DB01#alt0,0,fwd,71,850.0,3800.0,0.6889,0.0
DK01_to_DB01#alt0,0,fwd,72,900.0,3850.0,0.6889,0.0
DK01_to_DB01#alt0,0,fwd,73,950.0,3883.33,0.6889,0.0
DK01_to_DB01#alt0,0,fwd,74,1000.0,3900.0,0.7165,0.0
DB01_to_DK01#alt0,0,bwd,0,1000.0,3900.0,0.7165,0.0
DB01_to_DK01#alt0,0,bwd,1,950.0,3950.0,0.5903,0.0
DB01_to_DK01#alt0,0,bwd,2,900.0,3983.33,0.4746,0.0
DB01_to_DK01#alt0,0,bwd,3,850.0,3983.33,0.4346,0.0
DB01_to_DK01#alt0,0,bwd,4,800.0,3950.0,0.4346,0.0
DB01_to_DK01#alt0,0,bwd,5,750.0,3900.0,0.4346,0.0
DB01_to_DK01#alt0,0,bwd,6,700.0,3850.0,0.4076,0.0
DB01_to_DK01#alt0,0,bwd,7,650.0,3800.0,0.3784,0.0
DB01_to_DK01#alt0,0,bwd,8,600.0,3750.0,0.3485,0.0
DB01_to_DK01#alt0,0,bwd,9,550.0,3700.0,0.3077,0.0
DB01_to_DK01#alt0,0,bwd,10,500.0,3650.0,0.281,0.0
DB01_to_DK01#alt0,0,bwd,11,450.0,3600.0,0.253,0.0
DB01_to_DK01#alt0,0,bwd,12,400.0,3550.0,0.2211,0.0
DB01_to_DK01#alt0,0,bwd,13,350.0,3500.0,0.1889,0.0
DB01_to_DK01#alt0,0,bwd,14,300.0,3450.0,0.1587,0.0
DB01_to_DK01#alt0,0,bwd,15,266.67,3400.0,0.1317,0.0
DB01_to_DK01#alt0,0,bwd,16,250.0,3350.0,0.1273,0.0
DB01_to_DK01#alt0,0,bwd,17,250.0,3300.0,0.1215,0.0
DB01_to_DK01#alt0,0,bwd,18,250.0,3250.0,0.1146,0.0
DB01_to_DK01#alt0,0,bwd,19,250.0,3200.0,0.1082,0.0
DB01_to_DK01#alt0,0,bwd,20,250.0,3150.0,0.1036,0.0
DB01_to_DK01#alt0,0,bwd,21,250.0,3100.0,0.0981,0.0
DB01_to_DK01#alt0,0,bwd,22,250.0,3050.0,0.092,0.0
DB01_to_DK01#alt0,0,bwd,23,250.0,3000.0,0.0854,0.0
DB01_to_DK01#alt0,0,bwd,24,233.33,2950.0,0.079,0.0
DB01_to_DK01#alt0,0,bwd,25,200.0,2900.0,0.0634,0.0
DB01_to_DK01#alt0,0,bwd,26,150.0,2850.0,0.0507,0.0
DB01_to_DK01#alt0,0,bwd,27,100.0,2800.0,0.0405,0.0
DB01_to_DK01#alt0,0,bwd,28,66.67,2750.0,0.0323,0.0
DB01_to_DK01#alt0,0,bwd,29,50.0,2700.0,0.0297,0.0
DB01_to_DK01#alt0,0,bwd,30,50.0,2650.0,0.0272,0.0
DB01_to_DK01#alt0,0,bwd,31,50.0,2600.0,0.0247,0.0
DB01_to_DK01#alt0,0,bwd,32,50.0,2550.0,0.0224,0.0
DB01_to_DK01#alt0,0,bwd,33,50.0,2500.0,0.0201,0.0
DB01_to_DK01#alt0,0,bwd,34,50.0,2450.0,0.0204,0.0
DB01_to_DK01#alt0,0,bwd,35,50.0,2400.0,0.0229,0.0
DB01_to_DK01#alt0,0,bwd,36,50.0,2350.0,0.0255,0.0
DB01_to_DK01#alt0,0,bwd,37,50.0,2300.0,0.0282,0.0
DB01_to_DK01#alt0,0,bwd,38,50.0,2250.0,0.0312,0.0
DB01_to_DK01#alt0,0,bwd,39,50.0,2200.0,0.0342,0.0
DB01_to_DK01#alt0,0,bwd,40,50.0,2150.0,0.0374,0.0
DB01_to_DK01#alt0,0,bwd,41,50.0,2100.0,0.0405,0.0
DB01_to_DK01#alt0,0,bwd,42,50.0,2050.0,0.0437,0.0
DB01_to_DK01#alt0,0,bwd,43,50.0,2000.0,0.0467,0.0
DB01_to_DK01#alt0,0,bwd,44,50.0,1950.0,0.0496,0.0
DB01_to_DK01#alt0,0,bwd,45,50.0,1900.0,0.0522,0.0
DB01_to_DK01#alt0,0,bwd,46,50.0,1850.0,0.0544,0.0
DB01_to_DK01#alt0,0,bwd,47,50.0,1800.0,0.0563,0.0
DB01_to_DK01#alt0,0,bwd,48,50.0,1750.0,0.0577,0.0
DB01_to_DK01#alt0,0,bwd,49,66.67,1700.0,0.0585,0.0
DB01_to_DK01#alt0,0,bwd,50,83.33,1650.0,0.0695,0.0
DB01_to_DK01#alt0,0,bwd,51,100.0,1600.0,0.0691,0.0
DB01_to_DK01#alt0,0,bwd,52,100.0,1550.0,0.0681,0.0
DB01_to_DK01#alt0,0,bwd,53,100.0,1500.0,0.0663,0.0
DB01_to_DK01#alt0,0,bwd,54,100.0,1450.0,0.064,0.0
DB01_to_DK01#alt0,0,bwd,55,100.0,1400.0,0.0752,0.0
DB01_to_DK01#alt0,0,bwd,56,100.0,1350.0,0.0883,0.0
DB01_to_DK01#alt0,0,bwd,57,100.0,1300.0,0.1036,0.0
DB01_to_DK01#alt0,0,bwd,58,100.0,1250.0,0.1215,0.0
DB01_to_DK01#alt0,0,bwd,59,116.67,1200.0,0.1422,0.0
DB01_to_DK01#alt0,0,bwd,60,150.0,1150.0,0.1755,0.0
DB01_to_DK01#alt0,0,bwd,61,200.0,1100.0,0.2151,0.0
DB01_to_DK01#alt0,0,bwd,62,250.0,1050.0,0.2609,0.0
DB01_to_DK01#alt0,0,bwd,63,300.0,1000.0,0.3114,0.0
DB01_to_DK01#alt0,0,bwd,64,350.0,950.0,0.3679,0.0
DB01_to_DK01#alt0,0,bwd,65,400.0,900.0,0.4346,0.0
DB01_to_DK01#alt0,0,bwd,66,450.0,850.0,0.5134,0.0
DB01_to_DK01#alt0,0,bwd,67,500.0,816.67,0.5903,0.0
DB01_to_DK01#alt0,0,bwd,68,550.0,800.0,0.5483,0.0
DB01_to_DK01#alt0,0,bwd,69,600.0,800.0,0.6241,0.0
DB01_to_DK01#alt0,0,bwd,70,650.0,800.0,0.6889,0.0
DB01_to_DK01#alt0,0,bwd,71,700.0,800.0,0.7165,0.0
DB01_to_DK01#alt0,0,bwd,72,750.0,800.0,0.7165,0.0
DB01_to_DK01#alt0,0,bwd,73,800.0,800.0,0.6889,0.0
DB01_to_DK01#alt0,0,bwd,74,850.0,750.0,0.6889,0.0
DB01_to_DK01#alt0,0,bwd,75,900.0,700.0,0.6065,0.0
DB01_to_DK01#alt0,0,bwd,76,950.0,650.0,0.5134,0.0
DB01_to_DK01#alt0,0,bwd,77,1000.0,600.0,0.4275,0.0
DB01_to_DK01#alt0,0,bwd,78,1050.0,566.67,0.3485,0.0
DB01_to_DK01#alt0,0,bwd,79,1100.0,550.0,0.2972,0.0
DB01_to_DK01#alt0,0,bwd,80,1150.0,550.0,0.253,0.0
DB01_to_DK01#alt0,0,bwd,81,1200.0,550.0,0.2151,0.0
DB01_to_DK01#alt3,3,bwd,0,1000.0,3900.0,0.7165,0.0
DB01_to_DK01#alt3,3,bwd,1,950.0,3950.0,0.5903,0.0
DB01_to_DK01#alt3,3,bwd,2,900.0,3966.67,0.5483,0.0
DB01_to_DK01#alt3,3,bwd,3,850.0,3950.0,0.4931,0.0
DB01_to_DK01#alt3,3,bwd,4,800.0,3900.0,0.4931,0.0
DB01_to_DK01#alt3,3,bwd,5,750.0,3850.0,0.4746,0.0
DB01_to_DK01#alt3,3,bwd,6,700.0,3800.0,0.4346,0.0
DB01_to_DK01#alt3,3,bwd,7,650.0,3750.0,0.4076,0.0
DB01_to_DK01#alt3,3,bwd,8,600.0,3700.0,0.3628,0.0
DB01_to_DK01#alt3,3,bwd,9,566.67,3650.0,0.3269,0.0
DB01_to_DK01#alt3,3,bwd,10,550.0,3600.0,0.3485,0.0
DB01_to_DK01#alt3,3,bwd,11,550.0,3550.0,0.3628,0.0
DB01_to_DK01#alt3,3,bwd,12,550.0,3500.0,0.3679,0.0
DB01_to_DK01#alt3,3,bwd,13,550.0,3450.0,0.3628,0.0
DB01_to_DK01#alt3,3,bwd,14,550.0,3400.0,0.3485,0.0
DB01_to_DK01#alt3,3,bwd,15,550.0,3350.0,0.3269,0.0
DB01_to_DK01#alt3,3,bwd,16,550.0,3300.0,0.3077,0.0
DB01_to_DK01#alt3,3,bwd,17,550.0,3250.0,0.2972,0.0
DB01_to_DK01#alt3,3,bwd,18,550.0,3200.0,0.281,0.0
DB01_to_DK01#alt3,3,bwd,19,550.0,3150.0,0.2609,0.0
DB01_to_DK01#alt3,3,bwd,20,550.0,3100.0,0.2407,0.0
DB01_to_DK01#alt3,3,bwd,21,550.0,3050.0,0.2252,0.0
DB01_to_DK01#alt3,3,bwd,22,550.0,3000.0,0.2076,0.0
DB01_to_DK01#alt3,3,bwd,23,550.0,2950.0,0.1889,0.0
DB01_to_DK01#alt3,3,bwd,24,550.0,2900.0,0.17,0.0
DB01_to_DK01#alt3,3,bwd,25,550.0,2850.0,0.1517,0.0
DB01_to_DK01#alt3,3,bwd,26,550.0,2800.0,0.1344,0.0
DB01_to_DK01#alt3,3,bwd,27,550.0,2750.0,0.1199,0.0
DB01_to_DK01#alt3,3,bwd,28,550.0,2700.0,0.1062,0.0
DB01_to_DK01#alt3,3,bwd,29,550.0,2650.0,0.0936,0.0
DB01_to_DK01#alt3,3,bwd,30,550.0,2600.0,0.0821,0.0
DB01_to_DK01#alt3,3,bwd,31,550.0,2550.0,0.0717,0.0
DB01_to_DK01#alt3,3,bwd,32,550.0,2500.0,0.0624,0.0
DB01_to_DK01#alt3,3,bwd,33,550.0,2450.0,0.0624,0.0
DB01_to_DK01#alt3,3,bwd,34,550.0,2400.0,0.0717,0.0
DB01_to_DK01#alt3,3,bwd,35,550.0,2350.0,0.0821,0.0
DB01_to_DK01#alt3,3,bwd,36,566.67,2300.0,0.0936,0.0
DB01_to_DK01#alt3,3,bwd,37,566.67,2250.0,0.1062,0.0
DB01_to_DK01#alt3,3,bwd,38,583.33,2200.0,0.1344,0.0
DB01_to_DK01#alt3,3,bwd,39,583.33,2150.0,0.1517,0.0
DB01_to_DK01#alt3,3,bwd,40,600.0,2100.0,0.17,0.0
DB01_to_DK01#alt3,3,bwd,41,600.0,2050.0,0.1921,0.0
DB01_to_DK01#alt3,3,bwd,42,600.0,2000.0,0.2151,0.0
DB01_to_DK01#alt3,3,bwd,43,600.0,1950.0,0.2431,0.0
DB01_to_DK01#alt3,3,bwd,44,600.0,1900.0,0.2721,0.0
DB01_to_DK01#alt3,3,bwd,45,600.0,1850.0,0.3006,0.0
DB01_to_DK01#alt3,3,bwd,46,600.0,1800.0,0.3269,0.0
DB01_to_DK01#alt3,3,bwd,47,600.0,1750.0,0.3485,0.0
DB01_to_DK01#alt3,3,bwd,48,600.0,1700.0,0.3628,0.0
DB01_to_DK01#alt3,3,bwd,49,600.0,1650.0,0.3679,0.0
DB01_to_DK01#alt3,3,bwd,50,616.67,1600.0,0.3628,0.0
DB01_to_DK01#alt3,3,bwd,51,650.0,1550.0,0.4076,0.0
DB01_to_DK01#alt3,3,bwd,52,683.33,1500.0,0.4346,0.0
DB01_to_DK01#alt3,3,bwd,53,700.0,1450.0,0.4076,0.0
DB01_to_DK01#alt3,3,bwd,54,716.67,1400.0,0.3784,0.0
DB01_to_DK01#alt3,3,bwd,55,750.0,1350.0,0.3895,0.0
DB01_to_DK01#alt3,3,bwd,56,800.0,1300.0,0.3784,0.0
DB01_to_DK01#alt3,3,bwd,57,833.33,1250.0,0.3485,0.0
DB01_to_DK01#alt3,3,bwd,58,866.67,1200.0,0.2972,0.0
DB01_to_DK01#alt3,3,bwd,59,900.0,1150.0,0.2609,0.0
DB01_to_DK01#alt3,3,bwd,60,950.0,1100.0,0.2252,0.0
DB01_to_DK01#alt3,3,bwd,61,1000.0,1050.0,0.2384,0.0
DB01_to_DK01#alt3,3,bwd,62,1050.0,1000.0,0.2431,0.0
DB01_to_DK01#alt3,3,bwd,63,1100.0,950.0,0.2384,0.0
DB01_to_DK01#alt3,3,bwd,64,1150.0,900.0,0.2252,0.0
DB01_to_DK01#alt3,3,bwd,65,1183.33,850.0,0.2057,0.0
DB01_to_DK01#alt3,3,bwd,66,1200.0,800.0,0.2151,0.0
DB01_to_DK01#alt3,3,bwd,67,1200.0,750.0,0.2211,0.0
DB01_to_DK01#alt3,3,bwd,68,1200.0,700.0,0.2231,0.0
DB01_to_DK01#alt3,3,bwd,69,1200.0,650.0,0.2231,0.0
DB01_to_DK01#alt3,3,bwd,70,1200.0,600.0,0.2211,0.0
DB01_to_DK01#alt3,3,bwd,71,1200.0,550.0,0.2151,0.0
DK01_to_DB01#alt4,4,fwd,0,1200.0,550.0,0.2151,0.0
DK01_to_DB01#alt4,4,fwd,1,1150.0,600.0,0.2609,0.0
DK01_to_DB01#alt4,4,fwd,2,1100.0,650.0,0.3114,0.0
DK01_to_DB01#alt4,4,fwd,3,1050.0,700.0,0.3679,0.0
DK01_to_DB01#alt4,4,fwd,4,1000.0,750.0,0.4275,0.0
DK01_to_DB01#alt4,4,fwd,5,950.0,800.0,0.4746,0.0
DK01_to_DB01#alt4,4,fwd,6,900.0,850.0,0.4931,0.0
DK01_to_DB01#alt4,4,fwd,7,850.0,900.0,0.4746,0.0
DK01_to_DB01#alt4,4,fwd,8,800.0,950.0,0.4275,0.0
DK01_to_DB01#alt4,4,fwd,9,750.0,1000.0,0.3679,0.0
DK01_to_DB01#alt4,4,fwd,10,700.0,1050.0,0.3114,0.0
DK01_to_DB01#alt4,4,fwd,11,650.0,1100.0,0.2609,0.0
DK01_to_DB01#alt4,4,fwd,12,600.0,1150.0,0.2151,0.0
DK01_to_DB01#alt4,4,fwd,13,550.0,1200.0,0.1755,0.0
DK01_to_DB01#alt4,4,fwd,14,516.67,1250.0,0.1648,0.0
DK01_to_DB01#alt4,4,fwd,15,500.0,1300.0,0.1798,0.0
DK01_to_DB01#alt4,4,fwd,16,500.0,1350.0,0.1937,0.0
DK01_to_DB01#alt4,4,fwd,17,516.67,1400.0,0.2076,0.0
DK01_to_DB01#alt4,4,fwd,18,550.0,1450.0,0.2609,0.0
DK01_to_DB01#alt4,4,fwd,19,600.0,1500.0,0.3269,0.0
DK01_to_DB01#alt4,4,fwd,20,650.0,1550.0,0.4076,0.0
DK01_to_DB01#alt4,4,fwd,21,683.33,1600.0,0.503,0.0
DK01_to_DB01#alt4,4,fwd,22,700.0,1650.0,0.5134,0.0
DK01_to_DB01#alt4,4,fwd,23,700.0,1700.0,0.503,0.0
DK01_to_DB01#alt4,4,fwd,24,700.0,1750.0,0.4746,0.0
DK01_to_DB01#alt4,4,fwd,25,700.0,1800.0,0.4346,0.0
DK01_to_DB01#alt4,4,fwd,26,700.0,1850.0,0.3895,0.0
DK01_to_DB01#alt4,4,fwd,27,700.0,1900.0,0.344,0.0
DK01_to_DB01#alt4,4,fwd,28,700.0,1950.0,0.3077,0.0
DK01_to_DB01#alt4,4,fwd,29,700.0,2000.0,0.2721,0.0
DK01_to_DB01#alt4,4,fwd,30,700.0,2050.0,0.2431,0.0
DK01_to_DB01#alt4,4,fwd,31,683.33,2100.0,0.2151,0.0
DK01_to_DB01#alt4,4,fwd,32,666.67,2150.0,0.17,0.0
DK01_to_DB01#alt4,4,fwd,33,650.0,2200.0,0.1495,0.0
DK01_to_DB01#alt4,4,fwd,34,650.0,2250.0,0.1308,0.0
DK01_to_DB01#alt4,4,fwd,35,650.0,2300.0,0.1138,0.0
DK01_to_DB01#alt4,4,fwd,36,650.0,2350.0,0.0987,0.0
DK01_to_DB01#alt4,4,fwd,37,650.0,2400.0,0.0854,0.0
DK01_to_DB01#alt4,4,fwd,38,650.0,2450.0,0.0821,0.0
DK01_to_DB01#alt4,4,fwd,39,650.0,2500.0,0.0821,0.0
DK01_to_DB01#alt4,4,fwd,40,650.0,2550.0,0.0854,0.0
DK01_to_DB01#alt4,4,fwd,41,650.0,2600.0,0.0987,0.0
DK01_to_DB01#alt4,4,fwd,42,650.0,2650.0,0.1138,0.0
DK01_to_DB01#alt4,4,fwd,43,650.0,2700.0,0.1308,0.0
DK01_to_DB01#alt4,4,fwd,44,666.67,2750.0,0.1495,0.0
DK01_to_DB01#alt4,4,fwd,45,700.0,2800.0,0.1889,0.0
DK01_to_DB01#alt4,4,fwd,46,733.33,2850.0,0.2384,0.0
DK01_to_DB01#alt4,4,fwd,47,750.0,2900.0,0.2721,0.0
DK01_to_DB01#alt4,4,fwd,48,733.33,2950.0,0.3077,0.0
DK01_to_DB01#alt4,4,fwd,49,716.67,3000.0,0.3077,0.0
DK01_to_DB01#alt4,4,fwd,50,716.67,3050.0,0.344,0.0
DK01_to_DB01#alt4,4,fwd,51,733.33,3100.0,0.4346,0.0
DK01_to_DB01#alt4,4,fwd,52,750.0,3150.0,0.4746,0.0
DK01_to_DB01#alt4,4,fwd,53,766.67,3200.0,0.503,0.0
DK01_to_DB01#alt4,4,fwd,54,766.67,3250.0,0.5483,0.0
DK01_to_DB01#alt4,4,fwd,55,766.67,3300.0,0.5903,0.0
DK01_to_DB01#alt4,4,fwd,56,750.0,3350.0,0.6065,0.0
DK01_to_DB01#alt4,4,fwd,57,750.0,3400.0,0.6241,0.0
DK01_to_DB01#alt4,4,fwd,58,750.0,3450.0,0.6889,0.0
DK01_to_DB01#alt4,4,fwd,59,750.0,3500.0,0.7165,0.0
DK01_to_DB01#alt4,4,fwd,60,766.67,3550.0,0.6889,0.0
DK01_to_DB01#alt4,4,fwd,61,783.33,3600.0,0.7165,0.0
DK01_to_DB01#alt4,4,fwd,62,800.0,3650.0,0.7165,0.0
DK01_to_DB01#alt4,4,fwd,63,816.67,3700.0,0.6889,0.0
DK01_to_DB01#alt4,4,fwd,64,833.33,3750.0,0.7165,0.0
DK01_to_DB01#alt4,4,fwd,65,850.0,3800.0,0.6889,0.0
DK01_to_DB01#alt4,4,fwd,66,900.0,3850.0,0.6889,0.0
DK01_to_DB01#alt4,4,fwd,67,950.0,3883.33,0.6889,0.0
DK01_to_DB01#alt4,4,fwd,68,1000.0,3900.0,0.7165,0.0
DK01_to_DK05#alt0,0,fwd,0,1200.0,550.0,0.2151,0.0
DK01_to_DK05#alt0,0,fwd,1,1250.0,500.0,0.1755,0.0
DK01_to_DK05#alt0,0,fwd,2,1300.0,450.0,0.1422,0.0
DK01_to_DK05#alt0,0,fwd,3,1350.0,400.0,0.1146,0.0
DK01_to_DK05#alt0,0,fwd,4,1400.0,350.0,0.092,0.0
DK01_to_DK05#alt0,0,fwd,5,1450.0,316.67,0.0736,0.0
DK01_to_DK05#alt0,0,fwd,6,1500.0,300.0,0.0634,0.0
DK01_to_DK05#alt0,0,fwd,7,1550.0,300.0,0.0544,0.0
DK01_to_DK05#alt0,0,fwd,8,1600.0,283.33,0.0467,0.0
DK01_to_DK05#alt0,0,fwd,9,1650.0,250.0,0.0375,0.0
DK01_to_DK05#alt0,0,fwd,10,1700.0,200.0,0.0301,0.0
DK01_to_DK05#alt0,0,fwd,11,1750.0,166.67,0.0241,0.0
DK01_to_DK05#alt0,0,fwd,12,1800.0,150.0,0.0207,0.0
DK01_to_DK05#alt0,0,fwd,13,1850.0,150.0,0.0178,0.0
DK01_to_DK05#alt0,0,fwd,14,1900.0,150.0,0.0153,0.0
DK01_to_DK05#alt0,0,fwd,15,1950.0,150.0,0.0131,0.0
DK01_to_DK05#alt0,0,fwd,16,2000.0,150.0,0.015,0.0
DK01_to_DK05#alt0,0,fwd,17,2050.0,150.0,0.0178,0.0
DK01_to_DK05#alt0,0,fwd,18,2100.0,150.0,0.0209,0.0
DK01_to_DK05#alt0,0,fwd,19,2150.0,166.67,0.0247,0.0
DK01_to_DK05#alt0,0,fwd,20,2200.0,183.33,0.0297,0.0
DK01_to_DK05#alt0,0,fwd,21,2250.0,200.0,0.0351,0.0
DK01_to_DK05#alt0,0,fwd,22,2300.0,200.0,0.0414,0.0
DK01_to_DK05#alt0,0,fwd,23,2350.0,200.0,0.0489,0.0
DK01_to_DK05#alt0,0,fwd,24,2400.0,200.0,0.0577,0.0
DK01_to_DK05#alt0,0,fwd,25,2450.0,200.0,0.0681,0.0
DK01_to_DK05#alt0,0,fwd,26,2500.0,200.0,0.0803,0.0
DK01_to_DK05#alt0,0,fwd,27,2550.0,183.33,0.0947,0.0
DK01_to_DK05#alt0,0,fwd,28,2600.0,166.67,0.1082,0.0
DK01_to_DK05#alt0,0,fwd,29,2650.0,150.0,0.1273,0.0
DK01_to_DK05#alt0,0,fwd,30,2700.0,150.0,0.1495,0.0
DK01_to_DK05#alt0,0,fwd,31,2750.0,150.0,0.1755,0.0
DK01_to_DK05#alt0,0,fwd,32,2800.0,150.0,0.2057,0.0
DK01_to_DK05#alt0,0,fwd,33,2850.0,150.0,0.2407,0.0
DK01_to_DK05#alt0,0,fwd,34,2900.0,150.0,0.281,0.0
DK01_to_DK05#alt0,0,fwd,35,2950.0,150.0,0.3269,0.0
DK01_to_DK05#alt0,0,fwd,36,3000.0,150.0,0.3784,0.0
DK01_to_DK05#alt0,0,fwd,37,3050.0,150.0,0.4346,0.0
DK01_to_DK05#alt0,0,fwd,38,3100.0,133.33,0.4931,0.0
DK01_to_DK05#alt0,0,fwd,39,3150.0,116.67,0.4746,0.0
DK01_to_DK05#alt0,0,fwd,40,3200.0,100.0,0.503,0.0
DK01_to_DK05#alt0,0,fwd,41,3250.0,100.0,0.5134,0.0
DK01_to_DK05#alt0,0,fwd,42,3300.0,100.0,0.5134,0.0
DK01_to_DK05#alt0,0,fwd,43,3350.0,100.0,0.5134,0.0
DK01_to_DK05#alt0,0,fwd,44,3400.0,116.67,0.5134,0.0
DK01_to_DK05#alt0,0,fwd,45,3450.0,133.33,0.6065,0.0
DK01_to_DK05#alt0,0,fwd,46,3500.0,150.0,0.6065,0.0
DK01_to_DK05#alt0,0,fwd,47,3550.0,150.0,0.6065,0.0
DK01_to_DK05#alt0,0,fwd,48,3600.0,166.67,0.6065,0.0
DK01_to_DK05#alt0,0,fwd,49,3650.0,200.0,0.6889,0.0
DK01_to_DK05#alt0,0,fwd,50,3700.0,250.0,0.6889,0.0
DK01_to_DK05#alt0,0,fwd,51,3750.0,300.0,0.6889,0.0
DK01_to_DK05#alt0,0,fwd,52,3800.0,333.33,0.7165,0.0
DK01_to_DK05#alt0,0,fwd,53,3850.0,366.67,0.6889,0.0
DK01_to_DK05#alt0,0,fwd,54,3900.0,400.0,0.6889,0.0
DK01_to_DK05#alt0,0,fwd,55,3933.33,450.0,0.7165,0.0
DK01_to_DK05#alt0,0,fwd,56,3966.67,500.0,0.6889,0.0
DK01_to_DK05#alt0,0,fwd,57,3983.33,550.0,0.7165,0.0
DK01_to_DK05#alt0,0,fwd,58,4000.0,600.0,0.6889,0.0
DK01_to_DK05#alt0,0,fwd,59,4050.0,650.0,0.6889,0.0
DK01_to_DK05#alt0,0,fwd,60,4100.0,683.33,0.6241,0.0
DK01_to_DK05#alt0,0,fwd,61,4150.0,700.0,0.6889,0.0
DK01_to_DK05#alt0,0,fwd,62,4200.0,700.0,0.7165,0.0
DK01_to_DK05#alt0,0,fwd,63,4250.0,716.67,0.7165,0.0
DK01_to_DK05#alt0,0,fwd,64,4300.0,750.0,0.6065,0.0
DK01_to_DK05#alt0,0,fwd,65,4350.0,800.0,0.503,0.0
DK01_to_DK05#alt0,0,fwd,66,4400.0,850.0,0.4076,0.0
DK01_to_DK05#alt0,0,fwd,67,4450.0,900.0,0.3269,0.0
DK01_to_DK05#alt0,0,fwd,68,4500.0,950.0,0.2609,0.0
DK01_to_DK05#alt0,0,fwd,69,4550.0,1000.0,0.2076,0.0
DK01_to_DK05#alt0,0,fwd,70,4600.0,1050.0,0.1648,0.0
DK01_to_DK05#alt0,0,fwd,71,4650.0,1100.0,0.1308,0.0
DK01_to_DK05#alt0,0,fwd,72,4683.33,1150.0,0.1239,0.0
DK01_to_DK05#alt0,0,fwd,73,4716.67,1200.0,0.1432,0.0
DK01_to_DK05#alt0,0,fwd,74,4750.0,1250.0,0.1495,0.0
DK01_to_DK05#alt0,0,fwd,75,4800.0,1300.0,0.1517,0.0
DK01_to_DK05#alt0,0,fwd,76,4833.33,1350.0,0.1517,0.0
DK01_to_DK05#alt0,0,fwd,77,4866.67,1400.0,0.17,0.0
DK01_to_DK05#alt0,0,fwd,78,4900.0,1450.0,0.1648,0.0
DK01_to_DK05#alt0,0,fwd,79,4933.33,1500.0,0.1551,0.0
DK01_to_DK05#alt0,0,fwd,80,4950.0,1550.0,0.1661,0.0
DK01_to_DK05#alt0,0,fwd,81,4950.0,1600.0,0.1755,0.0
DK01_to_DK05#alt0,0,fwd,82,4950.0,1650.0,0.1827,0.0
DK01_to_DK05#alt0,0,fwd,83,4950.0,1700.0,0.1873,0.0
DK01_to_DK05#alt0,0,fwd,84,4950.0,1750.0,0.1889,0.0
DK01_to_DK05#alt0,0,fwd,85,4950.0,1800.0,0.1889,0.0
DK01_to_DK05#alt0,0,fwd,86,4950.0,1850.0,0.1873,0.0
DK01_to_DK05#alt0,0,fwd,87,4950.0,1900.0,0.1827,0.0
DK01_to_DK05#alt0,0,fwd,88,4950.0,1950.0,0.1755,0.0
DK01_to_DK05#alt0,0,fwd,89,4950.0,2000.0,0.1661,0.0
DK01_to_DK05#alt0,0,fwd,90,4950.0,2050.0,0.1551,0.0
DK01_to_DK05#alt0,0,fwd,91,4950.0,2100.0,0.1432,0.0
DK01_to_DK05#alt0,0,fwd,92,4950.0,2150.0,0.1308,0.0
DK01_to_DK05#alt0,0,fwd,93,4950.0,2200.0,0.1183,0.0
DK01_to_DK05#alt0,0,fwd,94,4950.0,2250.0,0.1062,0.0
DK05_to_DK01#alt0,0,bwd,0,4950.0,2250.0,0.1062,0.0
DK05_to_DK01#alt0,0,bwd,1,4900.0,2200.0,0.1344,0.0
DK05_to_DK01#alt0,0,bwd,2,4866.67,2150.0,0.17,0.0
DK05_to_DK01#alt0,0,bwd,3,4850.0,2100.0,0.1889,0.0
DK05_to_DK01#alt0,0,bwd,4,4850.0,2050.0,0.2076,0.0
DK05_to_DK01#alt0,0,bwd,5,4850.0,2000.0,0.2252,0.0
DK05_to_DK01#alt0,0,bwd,6,4833.33,1950.0,0.2407,0.0
DK05_to_DK01#alt0,0,bwd,7,4800.0,1900.0,0.2972,0.0
DK05_to_DK01#alt0,0,bwd,8,4750.0,1850.0,0.3628,0.0
DK05_to_DK01#alt0,0,bwd,9,4700.0,1800.0,0.4346,0.0
DK05_to_DK01#alt0,0,bwd,10,4650.0,1750.0,0.5134,0.0
DK05_to_DK01#alt0,0,bwd,11,4600.0,1700.0,0.5903,0.0
DK05_to_DK01#alt0,0,bwd,12,4550.0,1650.0,0.6241,0.0
DK05_to_DK01#alt0,0,bwd,13,4500.0,1600.0,0.6241,0.0
DK05_to_DK01#alt0,0,bwd,14,4450.0,1550.0,0.5903,0.0
DK05_to_DK01#alt0,0,bwd,15,4400.0,1500.0,0.5134,0.0
DK05_to_DK01#alt0,0,bwd,16,4350.0,1450.0,0.4346,0.0
DK05_to_DK01#alt0,0,bwd,17,4300.0,1400.0,0.3679,0.0
DK05_to_DK01#alt0,0,bwd,18,4250.0,1350.0,0.3077,0.0
DK05_to_DK01#alt0,0,bwd,19,4200.0,1300.0,0.253,0.0
DK05_to_DK01#alt0,0,bwd,20,4150.0,1250.0,0.2057,0.0
DK05_to_DK01#alt0,0,bwd,21,4100.0,1200.0,0.1661,0.0
DK05_to_DK01#alt0,0,bwd,22,4050.0,1150.0,0.17,0.0
DK05_to_DK01#alt0,0,bwd,23,4000.0,1100.0,0.2151,0.0
DK05_to_DK01#alt0,0,bwd,24,3950.0,1050.0,0.2721,0.0
DK05_to_DK01#alt0,0,bwd,25,3900.0,1000.0,0.344,0.0
DK05_to_DK01#alt0,0,bwd,26,3850.0,950.0,0.4346,0.0
DK05_to_DK01#alt0,0,bwd,27,3800.0,900.0,0.5483,0.0
DK05_to_DK01#alt0,0,bwd,28,3750.0,866.67,0.6889,0.0
DK05_to_DK01#alt0,0,bwd,29,3700.0,850.0,0.7165,0.0
DK05_to_DK01#alt0,0,bwd,30,3650.0,850.0,0.7165,0.0
DK05_to_DK01#alt0,0,bwd,31,3600.0,850.0,0.6889,0.0
DK05_to_DK01#alt0,0,bwd,32,3550.0,800.0,0.7165,0.0
DK05_to_DK01#alt0,0,bwd,33,3500.0,800.0,0.6889,0.0
DK05_to_DK01#alt0,0,bwd,34,3450.0,750.0,0.6889,0.0
DK05_to_DK01#alt0,0,bwd,35,3400.0,700.0,0.6889,0.0
DK05_to_DK01#alt0,0,bwd,36,3350.0,650.0,0.6889,0.0
DK05_to_DK01#alt0,0,bwd,37,3300.0,600.0,0.6889,0.0
DK05_to_DK01#alt0,0,bwd,38,3250.0,550.0,0.6889,0.0
DK05_to_DK01#alt0,0,bwd,39,3200.0,500.0,0.6889,0.0
DK05_to_DK01#alt0,0,bwd,40,3150.0,450.0,0.6889,0.0
DK05_to_DK01#alt0,0,bwd,41,3100.0,400.0,0.6065,0.0
DK05_to_DK01#alt0,0,bwd,42,3050.0,366.67,0.5134,0.0
DK05_to_DK01#alt0,0,bwd,43,3000.0,350.0,0.4346,0.0
DK05_to_DK01#alt0,0,bwd,44,2950.0,350.0,0.3679,0.0
DK05_to_DK01#alt0,0,bwd,45,2900.0,350.0,0.3114,0.0
DK05_to_DK01#alt0,0,bwd,46,2850.0,350.0,0.2636,0.0
DK05_to_DK01#alt0,0,bwd,47,2800.0,350.0,0.2231,0.0
DK05_to_DK01#alt0,0,bwd,48,2750.0,350.0,0.1889,0.0
DK05_to_DK01#alt0,0,bwd,49,2700.0,333.33,0.1599,0.0
DK05_to_DK01#alt0,0,bwd,50,2650.0,316.67,0.1353,0.0
DK05_to_DK01#alt0,0,bwd,51,2600.0,300.0,0.1146,0.0
DK05_to_DK01#alt0,0,bwd,52,2550.0,300.0,0.097,0.0
DK05_to_DK01#alt0,0,bwd,53,2500.0,300.0,0.0821,0.0
DK05_to_DK01#alt0,0,bwd,54,2450.0,300.0,0.0695,0.0
DK05_to_DK01#alt0,0,bwd,55,2400.0,300.0,0.0588,0.0
DK05_to_DK01#alt0,0,bwd,56,2350.0,300.0,0.0498,0.0
DK05_to_DK01#alt0,0,bwd,57,2300.0,283.33,0.0421,0.0
DK05_to_DK01#alt0,0,bwd,58,2250.0,266.67,0.0355,0.0
DK05_to_DK01#alt0,0,bwd,59,2200.0,233.33,0.0301,0.0
DK05_to_DK01#alt0,0,bwd,60,2150.0,216.67,0.0252,0.0
DK05_to_DK01#alt0,0,bwd,61,2100.0,200.0,0.0213,0.0
DK05_to_DK01#alt0,0,bwd,62,2050.0,216.67,0.0181,0.0
DK05_to_DK01#alt0,0,bwd,63,2000.0,250.0,0.0155,0.0
DK05_to_DK01#alt0,0,bwd,64,1950.0,266.67,0.0148,0.0
DK05_to_DK01#alt0,0,bwd,65,1900.0,283.33,0.0182,0.0
DK05_to_DK01#alt0,0,bwd,66,1850.0,283.33,0.0213,0.0
DK05_to_DK01#alt0,0,bwd,67,1800.0,300.0,0.025,0.0
DK05_to_DK01#alt0,0,bwd,68,1750.0,316.67,0.0293,0.0
DK05_to_DK01#alt0,0,bwd,69,1700.0,350.0,0.0361,0.0
DK05_to_DK01#alt0,0,bwd,70,1650.0,400.0,0.0444,0.0
DK05_to_DK01#alt0,0,bwd,71,1600.0,433.33,0.0544,0.0
DK05_to_DK01#alt0,0,bwd,72,1550.0,450.0,0.064,0.0
DK05_to_DK01#alt0,0,bwd,73,1500.0,466.67,0.0752,0.0
DK05_to_DK01#alt0,0,bwd,74,1450.0,500.0,0.092,0.0
DK05_to_DK01#alt0,0,bwd,75,1400.0,533.33,0.1117,0.0
DK05_to_DK01#alt0,0,bwd,76,1350.0,550.0,0.1317,0.0
DK05_to_DK01#alt0,0,bwd,77,1300.0,550.0,0.1551,0.0
DK05_to_DK01#alt0,0,bwd,78,1250.0,550.0,0.1827,0.0
DK05_to_DK01#alt0,0,bwd,79,1200.0,550.0,0.2151,0.0
DK05_to_DK01#alt1,1,bwd,0,4950.0,2250.0,0.1062,0.0
DK05_to_DK01#alt1,1,bwd,1,4900.0,2200.0,0.1344,0.0
DK05_to_DK01#alt1,1,bwd,2,4866.67,2150.0,0.17,0.0
DK05_to_DK01#alt1,1,bwd,3,4850.0,2100.0,0.1889,0.0
DK05_to_DK01#alt1,1,bwd,4,4850.0,2050.0,0.2076,0.0
DK05_to_DK01#alt1,1,bwd,5,4850.0,2000.0,0.2252,0.0
DK05_to_DK01#alt1,1,bwd,6,4850.0,1950.0,0.2407,0.0
DK05_to_DK01#alt1,1,bwd,7,4850.0,1900.0,0.253,0.0
DK05_to_DK01#alt1,1,bwd,8,4850.0,1850.0,0.2609,0.0
DK05_to_DK01#alt1,1,bwd,9,4850.0,1800.0,0.2636,0.0
DK05_to_DK01#alt1,1,bwd,10,4850.0,1750.0,0.2636,0.0
DK05_to_DK01#alt1,1,bwd,11,4850.0,1700.0,0.2609,0.0
DK05_to_DK01#alt1,1,bwd,12,4850.0,1650.0,0.253,0.0
DK05_to_DK01#alt1,1,bwd,13,4850.0,1600.0,0.2407,0.0
DK05_to_DK01#alt1,1,bwd,14,4850.0,1550.0,0.2252,0.0
DK05_to_DK01#alt1,1,bwd,15,4833.33,1500.0,0.2076,0.0
DK05_to_DK01#alt1,1,bwd,16,4800.0,1450.0,0.2151,0.0
DK05_to_DK01#alt1,1,bwd,17,4750.0,1400.0,0.2151,0.0
DK05_to_DK01#alt1,1,bwd,18,4716.67,1350.0,0.2151,0.0
DK05_to_DK01#alt1,1,bwd,19,4700.0,1300.0,0.1889,0.0
DK05_to_DK01#alt1,1,bwd,20,4700.0,1250.0,0.1648,0.0
DK05_to_DK01#alt1,1,bwd,21,4700.0,1200.0,0.1432,0.0
DK05_to_DK01#alt1,1,bwd,22,4700.0,1150.0,0.1239,0.0
DK05_to_DK01#alt1,1,bwd,23,4716.67,1100.0,0.1183,0.0
DK05_to_DK01#alt1,1,bwd,24,4733.33,1050.0,0.1199,0.0
DK05_to_DK01#alt1,1,bwd,25,4750.0,1000.0,0.1344,0.0
DK05_to_DK01#alt1,1,bwd,26,4733.33,950.0,0.1517,0.0
DK05_to_DK01#alt1,1,bwd,27,4700.0,900.0,0.1921,0.0
DK05_to_DK01#alt1,1,bwd,28,4650.0,850.0,0.2431,0.0
DK05_to_DK01#alt1,1,bwd,29,4600.0,800.0,0.3077,0.0
DK05_to_DK01#alt1,1,bwd,30,4550.0,750.0,0.3895,0.0
DK05_to_DK01#alt1,1,bwd,31,4516.67,700.0,0.4931,0.0
DK05_to_DK01#alt1,1,bwd,32,4500.0,650.0,0.5483,0.0
DK05_to_DK01#alt1,1,bwd,33,4500.0,600.0,0.6241,0.0
DK05_to_DK01#alt1,1,bwd,34,4500.0,550.0,0.6889,0.0
DK05_to_DK01#alt1,1,bwd,35,4500.0,500.0,0.7165,0.0
DK05_to_DK01#alt1,1,bwd,36,4500.0,450.0,0.7165,0.0
DK05_to_DK01#alt1,1,bwd,37,4500.0,400.0,0.7165,0.0
DK05_to_DK01#alt1,1,bwd,38,4500.0,350.0,0.7165,0.0
DK05_to_DK01#alt1,1,bwd,39,4500.0,300.0,0.7165,0.0
DK05_to_DK01#alt1,1,bwd,40,4483.33,250.0,0.6889,0.0
DK05_to_DK01#alt1,1,bwd,41,4450.0,200.0,0.6889,0.0
DK05_to_DK01#alt1,1,bwd,42,4400.0,150.0,0.6889,0.0
DK05_to_DK01#alt1,1,bwd,43,4350.0,100.0,0.6065,0.0
DK05_to_DK01#alt1,1,bwd,44,4300.0,66.67,0.5134,0.0
DK05_to_DK01#alt1,1,bwd,45,4250.0,50.0,0.5134,0.0
DK05_to_DK01#alt1,1,bwd,46,4200.0,50.0,0.5134,0.0
DK05_to_DK01#alt1,1,bwd,47,4150.0,50.0,0.5134,0.0
DK05_to_DK01#alt1,1,bwd,48,4100.0,50.0,0.503,0.0
DK05_to_DK01#alt1,1,bwd,49,4050.0,50.0,0.4746,0.0
DK05_to_DK01#alt1,1,bwd,50,4000.0,50.0,0.4346,0.0
DK05_to_DK01#alt1,1,bwd,51,3950.0,50.0,0.3895,0.0
DK05_to_DK01#alt1,1,bwd,52,3900.0,50.0,0.344,0.0
DK05_to_DK01#alt1,1,bwd,53,3850.0,50.0,0.3077,0.0
DK05_to_DK01#alt1,1,bwd,54,3800.0,50.0,0.344,0.0
DK05_to_DK01#alt1,1,bwd,55,3750.0,50.0,0.3784,0.0
DK05_to_DK01#alt1,1,bwd,56,3700.0,50.0,0.4076,0.0
DK05_to_DK01#alt1,1,bwd,57,3650.0,50.0,0.4275,0.0
DK05_to_DK01#alt1,1,bwd,58,3600.0,50.0,0.4346,0.0
DK05_to_DK01#alt1,1,bwd,59,3550.0,50.0,0.4346,0.0
DK05_to_DK01#alt1,1,bwd,60,3500.0,50.0,0.4346,0.0
DK05_to_DK01#alt1,1,bwd,61,3450.0,50.0,0.4346,0.0
DK05_to_DK01#alt1,1,bwd,62,3400.0,50.0,0.4346,0.0
DK05_to_DK01#alt1,1,bwd,63,3350.0,50.0,0.4346,0.0
DK05_to_DK01#alt1,1,bwd,64,3300.0,50.0,0.4346,0.0
DK05_to_DK01#alt1,1,bwd,65,3250.0,50.0,0.4346,0.0
DK05_to_DK01#alt1,1,bwd,66,3200.0,50.0,0.4275,0.0
DK05_to_DK01#alt1,1,bwd,67,3150.0,50.0,0.4076,0.0
DK05_to_DK01#alt1,1,bwd,68,3100.0,50.0,0.3784,0.0
DK05_to_DK01#alt1,1,bwd,69,3050.0,50.0,0.344,0.0
DK05_to_DK01#alt1,1,bwd,70,3000.0,50.0,0.3077,0.0
DK05_to_DK01#alt1,1,bwd,71,2950.0,50.0,0.2721,0.0
DK05_to_DK01#alt1,1,bwd,72,2900.0,50.0,0.2384,0.0
DK05_to_DK01#alt1,1,bwd,73,2850.0,50.0,0.2076,0.0
DK05_to_DK01#alt1,1,bwd,74,2800.0,50.0,0.1798,0.0
DK05_to_DK01#alt1,1,bwd,75,2750.0,50.0,0.1551,0.0
DK05_to_DK01#alt1,1,bwd,76,2700.0,50.0,0.1335,0.0
DK05_to_DK01#alt1,1,bwd,77,2650.0,50.0,0.1146,0.0
DK05_to_DK01#alt1,1,bwd,78,2600.0,50.0,0.0981,0.0
DK05_to_DK01#alt1,1,bwd,79,2550.0,50.0,0.0839,0.0
DK05_to_DK01#alt1,1,bwd,80,2500.0,50.0,0.0717,0.0
DK05_to_DK01#alt1,1,bwd,81,2450.0,50.0,0.0612,0.0
DK05_to_DK01#alt1,1,bwd,82,2400.0,50.0,0.0522,0.0
DK05_to_DK01#alt1,1,bwd,83,2350.0,50.0,0.0444,0.0
DK05_to_DK01#alt1,1,bwd,84,2300.0,50.0,0.0378,0.0
DK05_to_DK01#alt1,1,bwd,85,2250.0,50.0,0.0322,0.0
DK05_to_DK01#alt1,1,bwd,86,2200.0,50.0,0.0274,0.0
DK05_to_DK01#alt1,1,bwd,87,2150.0,50.0,0.0233,0.0
DK05_to_DK01#alt1,1,bwd,88,2100.0,50.0,0.0198,0.0
DK05_to_DK01#alt1,1,bwd,89,2050.0,50.0,0.0168,0.0
DK05_to_DK01#alt1,1,bwd,90,2000.0,50.0,0.0143,0.0
DK05_to_DK01#alt1,1,bwd,91,1950.0,50.0,0.0121,0.0
DK05_to_DK01#alt1,1,bwd,92,1900.0,50.0,0.0133,0.0
DK05_to_DK01#alt1,1,bwd,93,1850.0,50.0,0.0153,0.0
DK05_to_DK01#alt1,1,bwd,94,1800.0,50.0,0.0178,0.0
DK05_to_DK01#alt1,1,bwd,95,1750.0,50.0,0.0205,0.0
DK05_to_DK01#alt1,1,bwd,96,1700.0,50.0,0.0236,0.0
DK05_to_DK01#alt1,1,bwd,97,1650.0,50.0,0.0272,0.0
DK05_to_DK01#alt1,1,bwd,98,1600.0,50.0,0.0312,0.0
DK05_to_DK01#alt1,1,bwd,99,1550.0,66.67,0.0357,0.0
DK05_to_DK01#alt1,1,bwd,100,1500.0,100.0,0.045,0.0
DK05_to_DK01#alt1,1,bwd,101,1450.0,150.0,0.0568,0.0
DK05_to_DK01#alt1,1,bwd,102,1400.0,200.0,0.0717,0.0
DK05_to_DK01#alt1,1,bwd,103,1350.0,250.0,0.0904,0.0
DK05_to_DK01#alt1,1,bwd,104,1300.0,300.0,0.1138,0.0
DK05_to_DK01#alt1,1,bwd,105,1250.0,350.0,0.1432,0.0
DK05_to_DK01#alt1,1,bwd,106,1216.67,400.0,0.1798,0.0
DK05_to_DK01#alt1,1,bwd,107,1200.0,450.0,0.1937,0.0
DK05_to_DK01#alt1,1,bwd,108,1200.0,500.0,0.2057,0.0
DK05_to_DK01#alt1,1,bwd,109,1200.0,550.0,0.2151,0.0
DK01_to_DK05#alt4,4,fwd,0,1200.0,550.0,0.2151,0.0
DK01_to_DK05#alt4,4,fwd,1,1250.0,600.0,0.1873,0.0
DK01_to_DK05#alt4,4,fwd,2,1300.0,633.33,0.1599,0.0
DK01_to_DK05#alt4,4,fwd,3,1350.0,650.0,0.1353,0.0
DK01_to_DK05#alt4,4,fwd,4,1400.0,650.0,0.1146,0.0
DK01_to_DK05#alt4,4,fwd,5,1450.0,650.0,0.097,0.0
DK01_to_DK05#alt4,4,fwd,6,1500.0,650.0,0.0821,0.0
DK01_to_DK05#alt4,4,fwd,7,1550.0,650.0,0.0695,0.0
DK01_to_DK05#alt4,4,fwd,8,1600.0,650.0,0.0588,0.0
DK01_to_DK05#alt4,4,fwd,9,1650.0,650.0,0.0498,0.0
DK01_to_DK05#alt4,4,fwd,10,1700.0,650.0,0.0421,0.0
DK01_to_DK05#alt4,4,fwd,11,1750.0,650.0,0.0357,0.0
DK01_to_DK05#alt4,4,fwd,12,1800.0,650.0,0.0322,0.0
DK01_to_DK05#alt4,4,fwd,13,1850.0,650.0,0.0301,0.0
DK01_to_DK05#alt4,4,fwd,14,1900.0,650.0,0.0279,0.0
DK01_to_DK05#alt4,4,fwd,15,1950.0,650.0,0.0282,0.0
DK01_to_DK05#alt4,4,fwd,16,2000.0,650.0,0.0322,0.0
DK01_to_DK05#alt4,4,fwd,17,2050.0,650.0,0.0366,0.0
DK01_to_DK05#alt4,4,fwd,18,2100.0,650.0,0.0414,0.0
DK01_to_DK05#alt4,4,fwd,19,2150.0,650.0,0.0467,0.0
DK01_to_DK05#alt4,4,fwd,20,2200.0,650.0,0.0524,0.0
DK01_to_DK05#alt4,4,fwd,21,2250.0,650.0,0.0591,0.0
DK01_to_DK05#alt4,4,fwd,22,2300.0,650.0,0.0663,0.0
DK01_to_DK05#alt4,4,fwd,23,2350.0,650.0,0.074,0.0
DK01_to_DK05#alt4,4,fwd,24,2400.0,650.0,0.0821,0.0
DK01_to_DK05#alt4,4,fwd,25,2450.0,650.0,0.0904,0.0
DK01_to_DK05#alt4,4,fwd,26,2500.0,650.0,0.0987,0.0
DK01_to_DK05#alt4,4,fwd,27,2550.0,650.0,0.1069,0.0
DK01_to_DK05#alt4,4,fwd,28,2600.0,650.0,0.1146,0.0
DK01_to_DK05#alt4,4,fwd,29,2650.0,650.0,0.1215,0.0
DK01_to_DK05#alt4,4,fwd,30,2700.0,650.0,0.1335,0.0
DK01_to_DK05#alt4,4,fwd,31,2750.0,650.0,0.1551,0.0
DK01_to_DK05#alt4,4,fwd,32,2800.0,666.67,0.1798,0.0
DK01_to_DK05#alt4,4,fwd,33,2850.0,700.0,0.1889,0.0
DK01_to_DK05#alt4,4,fwd,34,2900.0,750.0,0.1921,0.0
DK01_to_DK05#alt4,4,fwd,35,2950.0,800.0,0.2211,0.0
DK01_to_DK05#alt4,4,fwd,36,3000.0,850.0,0.253,0.0
DK01_to_DK05#alt4,4,fwd,37,3050.0,900.0,0.281,0.0
DK01_to_DK05#alt4,4,fwd,38,3100.0,933.33,0.3006,0.0
DK01_to_DK05#alt4,4,fwd,39,3150.0,950.0,0.2721,0.0
DK01_to_DK05#alt4,4,fwd,40,3200.0,950.0,0.2431,0.0
DK01_to_DK05#alt4,4,fwd,41,3250.0,950.0,0.2721,0.0
DK01_to_DK05#alt4,4,fwd,42,3300.0,950.0,0.3077,0.0
DK01_to_DK05#alt4,4,fwd,43,3350.0,950.0,0.344,0.0
DK01_to_DK05#alt4,4,fwd,44,3400.0,950.0,0.3784,0.0
DK01_to_DK05#alt4,4,fwd,45,3450.0,950.0,0.4076,0.0
DK01_to_DK05#alt4,4,fwd,46,3500.0,950.0,0.4346,0.0
DK01_to_DK05#alt4,4,fwd,47,3550.0,950.0,0.4746,0.0
DK01_to_DK05#alt4,4,fwd,48,3600.0,950.0,0.503,0.0
DK01_to_DK05#alt4,4,fwd,49,3650.0,950.0,0.5134,0.0
DK01_to_DK05#alt4,4,fwd,50,3700.0,950.0,0.5134,0.0
DK01_to_DK05#alt4,4,fwd,51,3750.0,950.0,0.503,0.0
DK01_to_DK05#alt4,4,fwd,52,3800.0,950.0,0.4746,0.0
DK01_to_DK05#alt4,4,fwd,53,3850.0,950.0,0.4346,0.0
DK01_to_DK05#alt4,4,fwd,54,3900.0,950.0,0.3895,0.0
DK01_to_DK05#alt4,4,fwd,55,3950.0,966.67,0.344,0.0
DK01_to_DK05#alt4,4,fwd,56,4000.0,1000.0,0.2721,0.0
DK01_to_DK05#alt4,4,fwd,57,4050.0,1050.0,0.2151,0.0
DK01_to_DK05#alt4,4,fwd,58,4100.0,1100.0,0.1827,0.0
DK01_to_DK05#alt4,4,fwd,59,4150.0,1150.0,0.1587,0.0
DK01_to_DK05#alt4,4,fwd,60,4200.0,1200.0,0.1827,0.0
DK01_to_DK05#alt4,4,fwd,61,4250.0,1250.0,0.2211,0.0
DK01_to_DK05#alt4,4,fwd,62,4300.0,1300.0,0.2636,0.0
DK01_to_DK05#alt4,4,fwd,63,4350.0,1350.0,0.3114,0.0
DK01_to_DK05#alt4,4,fwd,64,4400.0,1400.0,0.3679,0.0
DK01_to_DK05#alt4,4,fwd,65,4450.0,1450.0,0.4275,0.0
DK01_to_DK05#alt4,4,fwd,66,4500.0,1500.0,0.4746,0.0
DK01_to_DK05#alt4,4,fwd,67,4550.0,1550.0,0.4931,0.0
DK01_to_DK05#alt4,4,fwd,68,4600.0,1600.0,0.4931,0.0
DK01_to_DK05#alt4,4,fwd,69,4650.0,1650.0,0.4746,0.0
DK01_to_DK05#alt4,4,fwd,70,4700.0,1700.0,0.4275,0.0
DK01_to_DK05#alt4,4,fwd,71,4750.0,1750.0,0.3679,0.0
DK01_to_DK05#alt4,4,fwd,72,4800.0,1800.0,0.3114,0.0
DK01_to_DK05#alt4,4,fwd,73,4850.0,1850.0,0.2609,0.0
DK01_to_DK05#alt4,4,fwd,74,4900.0,1900.0,0.2151,0.0
DK01_to_DK05#alt4,4,fwd,75,4933.33,1950.0,0.1755,0.0
DK01_to_DK05#alt4,4,fwd,76,4950.0,2000.0,0.1661,0.0
DK01_to_DK05#alt4,4,fwd,77,4950.0,2050.0,0.1551,0.0
DK01_to_DK05#alt4,4,fwd,78,4950.0,2100.0,0.1432,0.0
DK01_to_DK05#alt4,4,fwd,79,4950.0,2150.0,0.1308,0.0
DK01_to_DK05#alt4,4,fwd,80,4950.0,2200.0,0.1183,0.0
DK01_to_DK05#alt4,4,fwd,81,4950.0,2250.0,0.1062,0.0
DK01_to_DK05#alt5,5,fwd,0,1200.0,550.0,0.2151,0.0
DK01_to_DK05#alt5,5,fwd,1,1250.0,500.0,0.1755,0.0
DK01_to_DK05#alt5,5,fwd,2,1300.0,466.67,0.1422,0.0
DK01_to_DK05#alt5,5,fwd,3,1350.0,433.33,0.1215,0.0
DK01_to_DK05#alt5,5,fwd,4,1400.0,416.67,0.0981,0.0
DK01_to_DK05#alt5,5,fwd,5,1450.0,400.0,0.0839,0.0
DK01_to_DK05#alt5,5,fwd,6,1500.0,400.0,0.0717,0.0
DK01_to_DK05#alt5,5,fwd,7,1550.0,400.0,0.0612,0.0
DK01_to_DK05#alt5,5,fwd,8,1600.0,400.0,0.0522,0.0
DK01_to_DK05#alt5,5,fwd,9,1650.0,400.0,0.0444,0.0
DK01_to_DK05#alt5,5,fwd,10,1700.0,400.0,0.0378,0.0
DK01_to_DK05#alt5,5,fwd,11,1750.0,400.0,0.0322,0.0
DK01_to_DK05#alt5,5,fwd,12,1800.0,400.0,0.0274,0.0
DK01_to_DK05#alt5,5,fwd,13,1850.0,400.0,0.0233,0.0
DK01_to_DK05#alt5,5,fwd,14,1900.0,400.0,0.0198,0.0
DK01_to_DK05#alt5,5,fwd,15,1950.0,400.0,0.0168,0.0
DK01_to_DK05#alt5,5,fwd,16,2000.0,400.0,0.0182,0.0
DK01_to_DK05#alt5,5,fwd,17,2050.0,400.0,0.0204,0.0
DK01_to_DK05#alt5,5,fwd,18,2100.0,400.0,0.0229,0.0
DK01_to_DK05#alt5,5,fwd,19,2150.0,400.0,0.0256,0.0
DK01_to_DK05#alt5,5,fwd,20,2200.0,400.0,0.0302,0.0
DK01_to_DK05#alt5,5,fwd,21,2250.0,400.0,0.0357,0.0
DK01_to_DK05#alt5,5,fwd,22,2300.0,400.0,0.0421,0.0
DK01_to_DK05#alt5,5,fwd,23,2350.0,400.0,0.0498,0.0
DK01_to_DK05#alt5,5,fwd,24,2400.0,416.67,0.0588,0.0
DK01_to_DK05#alt5,5,fwd,25,2450.0,450.0,0.0691,0.0
DK01_to_DK05#alt5,5,fwd,26,2500.0,500.0,0.0803,0.0
DK01_to_DK05#alt5,5,fwd,27,2550.0,550.0,0.092,0.0
DK01_to_DK05#alt5,5,fwd,28,2600.0,600.0,0.1036,0.0
DK01_to_DK05#alt5,5,fwd,29,2650.0,650.0,0.1215,0.0
DK01_to_DK05#alt5,5,fwd,30,2700.0,700.0,0.1495,0.0
DK01_to_DK05#alt5,5,fwd,31,2750.0,750.0,0.1827,0.0
DK01_to_DK05#alt5,5,fwd,32,2800.0,800.0,0.2211,0.0
DK01_to_DK05#alt5,5,fwd,33,2850.0,850.0,0.2636,0.0
DK01_to_DK05#alt5,5,fwd,34,2900.0,900.0,0.3114,0.0
DK01_to_DK05#alt5,5,fwd,35,2950.0,933.33,0.3628,0.0
DK01_to_DK05#alt5,5,fwd,36,3000.0,966.67,0.3485,0.0
DK01_to_DK05#alt5,5,fwd,37,3050.0,1000.0,0.3784,0.0
DK01_to_DK05#alt5,5,fwd,38,3100.0,1033.33,0.3895,0.0
DK01_to_DK05#alt5,5,fwd,39,3150.0,1066.67,0.344,0.0
DK01_to_DK05#alt5,5,fwd,40,3200.0,1100.0,0.344,0.0
DK01_to_DK05#alt5,5,fwd,41,3250.0,1150.0,0.3269,0.0
DK01_to_DK05#alt5,5,fwd,42,3300.0,1200.0,0.2972,0.0
DK01_to_DK05#alt5,5,fwd,43,3350.0,1250.0,0.2609,0.0
DK01_to_DK05#alt5,5,fwd,44,3400.0,1300.0,0.2231,0.0
DK01_to_DK05#alt5,5,fwd,45,3450.0,1350.0,0.1889,0.0
DK01_to_DK05#alt5,5,fwd,46,3500.0,1400.0,0.1599,0.0
DK01_to_DK05#alt5,5,fwd,47,3550.0,1450.0,0.1353,0.0
DK01_to_DK05#alt5,5,fwd,48,3600.0,1500.0,0.1138,0.0
DK01_to_DK05#alt5,5,fwd,49,3650.0,1550.0,0.1215,0.0
DK01_to_DK05#alt5,5,fwd,50,3700.0,1600.0,0.1495,0.0
DK01_to_DK05#alt5,5,fwd,51,3750.0,1650.0,0.1827,0.0
DK01_to_DK05#alt5,5,fwd,52,3800.0,1700.0,0.2211,0.0
DK01_to_DK05#alt5,5,fwd,53,3850.0,1750.0,0.2636,0.0
DK01_to_DK05#alt5,5,fwd,54,3900.0,1800.0,0.3114,0.0
DK01_to_DK05#alt5,5,fwd,55,3950.0,1850.0,0.3628,0.0
DK01_to_DK05#alt5,5,fwd,56,4000.0,1900.0,0.4076,0.0
DK01_to_DK05#alt5,5,fwd,57,4050.0,1950.0,0.4346,0.0
DK01_to_DK05#alt5,5,fwd,58,4100.0,2000.0,0.4346,0.0
DK01_to_DK05#alt5,5,fwd,59,4150.0,2050.0,0.4346,0.0
DK01_to_DK05#alt5,5,fwd,60,4200.0,2100.0,0.4076,0.0
DK01_to_DK05#alt5,5,fwd,61,4250.0,2133.33,0.3628,0.0
DK01_to_DK05#alt5,5,fwd,62,4300.0,2150.0,0.3679,0.0
DK01_to_DK05#alt5,5,fwd,63,4350.0,2150.0,0.3679,0.0
DK01_to_DK05#alt5,5,fwd,64,4400.0,2150.0,0.3679,0.0
DK01_to_DK05#alt5,5,fwd,65,4450.0,2166.67,0.3628,0.0
DK01_to_DK05#alt5,5,fwd,66,4500.0,2200.0,0.2972,0.0
DK01_to_DK05#alt5,5,fwd,67,4550.0,2233.33,0.2407,0.0
DK01_to_DK05#alt5,5,fwd,68,4600.0,2250.0,0.2252,0.0
DK01_to_DK05#alt5,5,fwd,69,4650.0,2250.0,0.2076,0.0
DK01_to_DK05#alt5,5,fwd,70,4700.0,2250.0,0.1889,0.0
DK01_to_DK05#alt5,5,fwd,71,4750.0,2250.0,0.17,0.0
DK01_to_DK05#alt5,5,fwd,72,4800.0,2250.0,0.1517,0.0
DK01_to_DK05#alt5,5,fwd,73,4850.0,2250.0,0.1344,0.0
DK01_to_DK05#alt5,5,fwd,74,4900.0,2250.0,0.1199,0.0
DK01_to_DK05#alt5,5,fwd,75,4950.0,2250.0,0.1062,0.0
DK01_to_DK05#alt6,6,fwd,0,1200.0,550.0,0.2151,0.0
DK01_to_DK05#alt6,6,fwd,1,1250.0,600.0,0.1873,0.0
DK01_to_DK05#alt6,6,fwd,2,1300.0,650.0,0.1599,0.0
DK01_to_DK05#alt6,6,fwd,3,1350.0,700.0,0.1353,0.0
DK01_to_DK05#alt6,6,fwd,4,1400.0,733.33,0.1138,0.0
DK01_to_DK05#alt6,6,fwd,5,1450.0,750.0,0.0964,0.0
DK01_to_DK05#alt6,6,fwd,6,1500.0,750.0,0.0816,0.0
DK01_to_DK05#alt6,6,fwd,7,1550.0,750.0,0.0691,0.0
DK01_to_DK05#alt6,6,fwd,8,1600.0,750.0,0.0585,0.0
DK01_to_DK05#alt6,6,fwd,9,1650.0,750.0,0.0522,0.0
DK01_to_DK05#alt6,6,fwd,10,1700.0,750.0,0.0496,0.0
DK01_to_DK05#alt6,6,fwd,11,1750.0,766.67,0.0467,0.0
DK01_to_DK05#alt6,6,fwd,12,1800.0,800.0,0.0507,0.0
DK01_to_DK05#alt6,6,fwd,13,1850.0,850.0,0.0542,0.0
DK01_to_DK05#alt6,6,fwd,14,1900.0,883.33,0.0568,0.0
DK01_to_DK05#alt6,6,fwd,15,1950.0,916.67,0.058,0.0
DK01_to_DK05#alt6,6,fwd,16,2000.0,950.0,0.0717,0.0
DK01_to_DK05#alt6,6,fwd,17,2050.0,1000.0,0.0883,0.0
DK01_to_DK05#alt6,6,fwd,18,2100.0,1050.0,0.1082,0.0
DK01_to_DK05#alt6,6,fwd,19,2150.0,1100.0,0.1317,0.0
DK01_to_DK05#alt6,6,fwd,20,2200.0,1150.0,0.1587,0.0
DK01_to_DK05#alt6,6,fwd,21,2250.0,1200.0,0.1889,0.0
DK01_to_DK05#alt6,6,fwd,22,2300.0,1250.0,0.2231,0.0
DK01_to_DK05#alt6,6,fwd,23,2350.0,1283.33,0.2636,0.0
DK01_to_DK05#alt6,6,fwd,24,2400.0,1300.0,0.2636,0.0
DK01_to_DK05#alt6,6,fwd,25,2450.0,1300.0,0.3114,0.0
DK01_to_DK05#alt6,6,fwd,26,2500.0,1300.0,0.3679,0.0
DK01_to_DK05#alt6,6,fwd,27,2550.0,1300.0,0.4346,0.0
DK01_to_DK05#alt6,6,fwd,28,2600.0,1316.67,0.5134,0.0
DK01_to_DK05#alt6,6,fwd,29,2650.0,1350.0,0.6065,0.0
DK01_to_DK05#alt6,6,fwd,30,2683.33,1400.0,0.7165,0.0
DK01_to_DK05#alt6,6,fwd,31,2700.0,1450.0,0.7165,0.0
DK01_to_DK05#alt6,6,fwd,32,2700.0,1500.0,0.6889,0.0
DK01_to_DK05#alt6,6,fwd,33,2750.0,1550.0,0.6889,0.0
DK01_to_DK05#alt6,6,fwd,34,2800.0,1600.0,0.6065,0.0
DK01_to_DK05#alt6,6,fwd,35,2850.0,1650.0,0.5134,0.0
DK01_to_DK05#alt6,6,fwd,36,2900.0,1700.0,0.4931,0.0
DK01_to_DK05#alt6,6,fwd,37,2950.0,1750.0,0.4746,0.0
DK01_to_DK05#alt6,6,fwd,38,3000.0,1800.0,0.4346,0.0
DK01_to_DK05#alt6,6,fwd,39,3016.67,1850.0,0.4746,0.0
DK01_to_DK05#alt6,6,fwd,40,3000.0,1900.0,0.503,0.0
DK01_to_DK05#alt6,6,fwd,41,2950.0,1950.0,0.6065,0.0
DK01_to_DK05#alt6,6,fwd,42,2916.67,2000.0,0.7165,0.0
DK01_to_DK05#alt6,6,fwd,43,2900.0,2050.0,0.7165,0.0
DK01_to_DK05#alt6,6,fwd,44,2900.0,2100.0,0.7165,0.0
DK01_to_DK05#alt6,6,fwd,45,2900.0,2150.0,0.7165,0.0
DK01_to_DK05#alt6,6,fwd,46,2916.67,2200.0,0.7165,0.0
DK01_to_DK05#alt6,6,fwd,47,2950.0,2250.0,0.6065,0.0
DK01_to_DK05#alt6,6,fwd,48,3000.0,2300.0,0.503,0.0
DK01_to_DK05#alt6,6,fwd,49,3050.0,2350.0,0.4076,0.0
DK01_to_DK05#alt6,6,fwd,50,3100.0,2400.0,0.3269,0.0
DK01_to_DK05#alt6,6,fwd,51,3150.0,2450.0,0.2609,0.0
DK01_to_DK05#alt6,6,fwd,52,3200.0,2500.0,0.2076,0.0
DK01_to_DK05#alt6,6,fwd,53,3250.0,2550.0,0.2231,0.0
DK01_to_DK05#alt6,6,fwd,54,3300.0,2600.0,0.2636,0.0
DK01_to_DK05#alt6,6,fwd,55,3350.0,2650.0,0.3114,0.0
DK01_to_DK05#alt6,6,fwd,56,3400.0,2683.33,0.3679,0.0
DK01_to_DK05#alt6,6,fwd,57,3450.0,2700.0,0.3679,0.0
DK01_to_DK05#alt6,6,fwd,58,3500.0,2700.0,0.3679,0.0
DK01_to_DK05#alt6,6,fwd,59,3550.0,2683.33,0.3628,0.0
DK01_to_DK05#alt6,6,fwd,60,3600.0,2650.0,0.2972,0.0
DK01_to_DK05#alt6,6,fwd,61,3650.0,2600.0,0.3006,0.0
DK01_to_DK05#alt6,6,fwd,62,3700.0,2566.67,0.3269,0.0
DK01_to_DK05#alt6,6,fwd,63,3750.0,2550.0,0.3784,0.0
DK01_to_DK05#alt6,6,fwd,64,3800.0,2550.0,0.4346,0.0
DK01_to_DK05#alt6,6,fwd,65,3850.0,2550.0,0.4931,0.0
DK01_to_DK05#alt6,6,fwd,66,3900.0,2550.0,0.5483,0.0
DK01_to_DK05#alt6,6,fwd,67,3950.0,2550.0,0.6241,0.0
DK01_to_DK05#alt6,6,fwd,68,4000.0,2550.0,0.6889,0.0
DK01_to_DK05#alt6,6,fwd,69,4050.0,2550.0,0.7165,0.0
DK01_to_DK05#alt6,6,fwd,70,4100.0,2550.0,0.7165,0.0
DK01_to_DK05#alt6,6,fwd,71,4150.0,2550.0,0.7165,0.0
DK01_to_DK05#alt6,6,fwd,72,4200.0,2550.0,0.7165,0.0
DK01_to_DK05#alt6,6,fwd,73,4250.0,2550.0,0.6889,0.0
DK01_to_DK05#alt6,6,fwd,74,4300.0,2550.0,0.6241,0.0
DK01_to_DK05#alt6,6,fwd,75,4350.0,2550.0,0.5483,0.0
DK01_to_DK05#alt6,6,fwd,76,4400.0,2550.0,0.4931,0.0
DK01_to_DK05#alt6,6,fwd,77,4450.0,2550.0,0.4346,0.0
DK01_to_DK05#alt6,6,fwd,78,4500.0,2550.0,0.3784,0.0
DK01_to_DK05#alt6,6,fwd,79,4550.0,2550.0,0.3269,0.0
DK01_to_DK05#alt6,6,fwd,80,4600.0,2550.0,0.281,0.0
DK01_to_DK05#alt6,6,fwd,81,4650.0,2550.0,0.2407,0.0
DK01_to_DK05#alt6,6,fwd,82,4700.0,2550.0,0.2076,0.0
DK01_to_DK05#alt6,6,fwd,83,4750.0,2550.0,0.1798,0.0
DK01_to_DK05#alt6,6,fwd,84,4800.0,2533.33,0.1551,0.0
DK01_to_DK05#alt6,6,fwd,85,4850.0,2500.0,0.1239,0.0
DK01_to_DK05#alt6,6,fwd,86,4900.0,2450.0,0.0987,0.0
DK01_to_DK05#alt6,6,fwd,87,4933.33,2400.0,0.079,0.0
DK01_to_DK05#alt6,6,fwd,88,4950.0,2350.0,0.0839,0.0
DK01_to_DK05#alt6,6,fwd,89,4950.0,2300.0,0.0947,0.0
DK01_to_DK05#alt6,6,fwd,90,4950.0,2250.0,0.1062,0.0
DK05_to_DK01#alt6,6,bwd,0,4950.0,2250.0,0.1062,0.0
DK05_to_DK01#alt6,6,bwd,1,4900.0,2200.0,0.1344,0.0
DK05_to_DK01#alt6,6,bwd,2,4850.0,2150.0,0.17,0.0
DK05_to_DK01#alt6,6,bwd,3,4800.0,2100.0,0.2151,0.0
DK05_to_DK01#alt6,6,bwd,4,4750.0,2050.0,0.2721,0.0
DK05_to_DK01#alt6,6,bwd,5,4700.0,2000.0,0.344,0.0
DK05_to_DK01#alt6,6,bwd,6,4650.0,1950.0,0.4346,0.0
DK05_to_DK01#alt6,6,bwd,7,4600.0,1900.0,0.5483,0.0
DK05_to_DK01#alt6,6,bwd,8,4566.67,1850.0,0.6889,0.0
DK05_to_DK01#alt6,6,bwd,9,4550.0,1800.0,0.7165,0.0
DK05_to_DK01#alt6,6,bwd,10,4550.0,1750.0,0.7165,0.0
DK05_to_DK01#alt6,6,bwd,11,4550.0,1700.0,0.6889,0.0
DK05_to_DK01#alt6,6,bwd,12,4500.0,1650.0,0.6889,0.0
DK05_to_DK01#alt6,6,bwd,13,4450.0,1616.67,0.6889,0.0
DK05_to_DK01#alt6,6,bwd,14,4400.0,1600.0,0.7165,0.0
DK05_to_DK01#alt6,6,bwd,15,4350.0,1600.0,0.7165,0.0
DK05_to_DK01#alt6,6,bwd,16,4300.0,1583.33,0.7165,0.0
DK05_to_DK01#alt6,6,bwd,17,4250.0,1550.0,0.5903,0.0
DK05_to_DK01#alt6,6,bwd,18,4200.0,1500.0,0.4746,0.0
DK05_to_DK01#alt6,6,bwd,19,4150.0,1450.0,0.3784,0.0
DK05_to_DK01#alt6,6,bwd,20,4100.0,1400.0,0.3006,0.0
DK05_to_DK01#alt6,6,bwd,21,4050.0,1350.0,0.2384,0.0
DK05_to_DK01#alt6,6,bwd,22,4000.0,1300.0,0.1889,0.0
DK05_to_DK01#alt6,6,bwd,23,3950.0,1250.0,0.1551,0.0
DK05_to_DK01#alt6,6,bwd,24,3900.0,1200.0,0.1937,0.0
DK05_to_DK01#alt6,6,bwd,25,3850.0,1150.0,0.2407,0.0
DK05_to_DK01#alt6,6,bwd,26,3800.0,1100.0,0.2972,0.0
DK05_to_DK01#alt6,6,bwd,27,3750.0,1050.0,0.3628,0.0
DK05_to_DK01#alt6,6,bwd,28,3700.0,1000.0,0.4346,0.0
DK05_to_DK01#alt6,6,bwd,29,3650.0,966.67,0.5134,0.0
DK05_to_DK01#alt6,6,bwd,30,3600.0,933.33,0.503,0.0
DK05_to_DK01#alt6,6,bwd,31,3550.0,916.67,0.5483,0.0
DK05_to_DK01#alt6,6,bwd,32,3500.0,883.33,0.503,0.0
DK05_to_DK01#alt6,6,bwd,33,3450.0,850.0,0.5483,0.0
DK05_to_DK01#alt6,6,bwd,34,3400.0,800.0,0.5483,0.0
DK05_to_DK01#alt6,6,bwd,35,3350.0,750.0,0.5483,0.0
DK05_to_DK01#alt6,6,bwd,36,3300.0,700.0,0.5483,0.0
DK05_to_DK01#alt6,6,bwd,37,3250.0,666.67,0.5483,0.0
DK05_to_DK01#alt6,6,bwd,38,3200.0,633.33,0.4931,0.0
DK05_to_DK01#alt6,6,bwd,39,3150.0,600.0,0.4931,0.0
DK05_to_DK01#alt6,6,bwd,40,3100.0,566.67,0.4931,0.0
DK05_to_DK01#alt6,6,bwd,41,3050.0,550.0,0.4346,0.0
DK05_to_DK01#alt6,6,bwd,42,3000.0,550.0,0.3784,0.0
DK05_to_DK01#alt6,6,bwd,43,2950.0,550.0,0.3269,0.0
DK05_to_DK01#alt6,6,bwd,44,2900.0,550.0,0.281,0.0
DK05_to_DK01#alt6,6,bwd,45,2850.0,550.0,0.2407,0.0
DK05_to_DK01#alt6,6,bwd,46,2800.0,550.0,0.2057,0.0
DK05_to_DK01#alt6,6,bwd,47,2750.0,550.0,0.1755,0.0
DK05_to_DK01#alt6,6,bwd,48,2700.0,550.0,0.1495,0.0
DK05_to_DK01#alt6,6,bwd,49,2650.0,550.0,0.1273,0.0
DK05_to_DK01#alt6,6,bwd,50,2600.0,550.0,0.1082,0.0
DK05_to_DK01#alt6,6,bwd,51,2550.0,550.0,0.092,0.0
DK05_to_DK01#alt6,6,bwd,52,2500.0,550.0,0.0781,0.0
DK05_to_DK01#alt6,6,bwd,53,2450.0,550.0,0.0681,0.0
DK05_to_DK01#alt6,6,bwd,54,2400.0,550.0,0.0624,0.0
DK05_to_DK01#alt6,6,bwd,55,2350.0,550.0,0.0568,0.0
DK05_to_DK01#alt6,6,bwd,56,2300.0,550.0,0.0514,0.0
DK05_to_DK01#alt6,6,bwd,57,2250.0,550.0,0.0463,0.0
DK05_to_DK01#alt6,6,bwd,58,2200.0,550.0,0.0414,0.0
DK05_to_DK01#alt6,6,bwd,59,2150.0,550.0,0.0369,0.0
DK05_to_DK01#alt6,6,bwd,60,2100.0,550.0,0.0327,0.0
DK05_to_DK01#alt6,6,bwd,61,2050.0,550.0,0.0291,0.0
DK05_to_DK01#alt6,6,bwd,62,2000.0,550.0,0.0259,0.0
DK05_to_DK01#alt6,6,bwd,63,1950.0,550.0,0.0229,0.0
DK05_to_DK01#alt6,6,bwd,64,1900.0,550.0,0.0213,0.0
DK05_to_DK01#alt6,6,bwd,65,1850.0,550.0,0.0252,0.0
DK05_to_DK01#alt6,6,bwd,66,1800.0,550.0,0.0297,0.0
DK05_to_DK01#alt6,6,bwd,67,1750.0,550.0,0.0351,0.0
DK05_to_DK01#alt6,6,bwd,68,1700.0,550.0,0.0414,0.0
DK05_to_DK01#alt6,6,bwd,69,1650.0,550.0,0.0489,0.0
DK05_to_DK01#alt6,6,bwd,70,1600.0,550.0,0.0577,0.0
DK05_to_DK01#alt6,6,bwd,71,1550.0,550.0,0.0681,0.0
DK05_to_DK01#alt6,6,bwd,72,1500.0,550.0,0.0803,0.0
DK05_to_DK01#alt6,6,bwd,73,1450.0,550.0,0.0947,0.0
DK05_to_DK01#alt6,6,bwd,74,1400.0,550.0,0.1117,0.0
DK05_to_DK01#alt6,6,bwd,75,1350.0,550.0,0.1317,0.0
DK05_to_DK01#alt6,6,bwd,76,1300.0,550.0,0.1551,0.0
DK05_to_DK01#alt6,6,bwd,77,1250.0,550.0,0.1827,0.0
DK05_to_DK01#alt6,6,bwd,78,1200.0,550.0,0.2151,0.0
DK03_to_DK04#alt0,0,fwd,0,1050.0,1250.0,0.3679,0.0
DK03_to_DK04#alt0,0,fwd,1,1000.0,1300.0,0.4346,0.0
DK03_to_DK04#alt0,0,fwd,2,950.0,1350.0,0.5134,0.0
DK03_to_DK04#alt0,0,fwd,3,900.0,1400.0,0.5903,0.0
DK03_to_DK04#alt0,0,fwd,4,850.0,1450.0,0.6241,0.0
DK03_to_DK04#alt0,0,fwd,5,816.67,1500.0,0.5903,0.0
DK03_to_DK04#alt0,0,fwd,6,800.0,1550.0,0.6241,0.0
DK03_to_DK04#alt0,0,fwd,7,800.0,1600.0,0.6889,0.0
DK03_to_DK04#alt0,0,fwd,8,800.0,1650.0,0.7165,0.0
DK03_to_DK04#alt0,0,fwd,9,800.0,1700.0,0.6889,0.0
DK03_to_DK04#alt0,0,fwd,10,850.0,1750.0,0.6889,0.0
DK03_to_DK04#alt0,0,fwd,11,900.0,1800.0,0.6889,0.0
DK03_to_DK04#alt0,0,fwd,12,950.0,1850.0,0.6889,0.0
DK03_to_DK04#alt0,0,fwd,13,1000.0,1900.0,0.6065,0.0
DK03_to_DK04#alt0,0,fwd,14,1050.0,1950.0,0.6241,0.0
DK03_to_DK04#alt0,0,fwd,15,1100.0,2000.0,0.6241,0.0
DK03_to_DK04#alt0,0,fwd,16,1133.33,2050.0,0.6241,0.0
DK03_to_DK04#alt0,0,fwd,17,1150.0,2100.0,0.5483,0.0
DK03_to_DK04#alt0,0,fwd,18,1150.0,2150.0,0.4746,0.0
DK03_to_DK04#alt0,0,fwd,19,1166.67,2200.0,0.4076,0.0
DK03_to_DK04#alt0,0,fwd,20,1200.0,2250.0,0.4346,0.0
DK03_to_DK04#alt0,0,fwd,21,1250.0,2300.0,0.5483,0.0
DK03_to_DK04#alt0,0,fwd,22,1283.33,2350.0,0.6889,0.0
DK03_to_DK04#alt0,0,fwd,23,1300.0,2400.0,0.7165,0.0
DK03_to_DK04#alt0,0,fwd,24,1300.0,2450.0,0.7165,0.0
DK03_to_DK04#alt0,0,fwd,25,1300.0,2500.0,0.7165,0.0
DK03_to_DK04#alt0,0,fwd,26,1300.0,2550.0,0.7165,0.0
DK03_to_DK04#alt0,0,fwd,27,1300.0,2600.0,0.6889,0.0
DK03_to_DK04#alt0,0,fwd,28,1350.0,2650.0,0.6889,0.0
DK03_to_DK04#alt0,0,fwd,29,1400.0,2700.0,0.6889,0.0
DK03_to_DK04#alt0,0,fwd,30,1450.0,2716.67,0.7165,0.0
DK03_to_DK04#alt0,0,fwd,31,1483.33,2750.0,0.6065,0.0
DK03_to_DK04#alt0,0,fwd,32,1500.0,2800.0,0.5134,0.0
DK04_to_DK03#alt2,2,bwd,0,1500.0,2800.0,0.5134,0.0
DK04_to_DK03#alt2,2,bwd,1,1450.0,2750.0,0.6065,0.0
DK04_to_DK03#alt2,2,bwd,2,1400.0,2700.0,0.6889,0.0
DK04_to_DK03#alt2,2,bwd,3,1350.0,2650.0,0.6889,0.0
DK04_to_DK03#alt2,2,bwd,4,1300.0,2600.0,0.6889,0.0
DK04_to_DK03#alt2,2,bwd,5,1250.0,2550.0,0.6065,0.0
DK04_to_DK03#alt2,2,bwd,6,1200.0,2500.0,0.5134,0.0
DK04_to_DK03#alt2,2,bwd,7,1150.0,2450.0,0.4346,0.0
DK04_to_DK03#alt2,2,bwd,8,1100.0,2400.0,0.3679,0.0
DK04_to_DK03#alt2,2,bwd,9,1050.0,2350.0,0.3077,0.0
DK04_to_DK03#alt2,2,bwd,10,1000.0,2300.0,0.253,0.0
DK04_to_DK03#alt2,2,bwd,11,950.0,2250.0,0.2431,0.0
DK04_to_DK03#alt2,2,bwd,12,900.0,2200.0,0.2431,0.0
DK04_to_DK03#alt2,2,bwd,13,850.0,2150.0,0.2431,0.0
DK04_to_DK03#alt2,2,bwd,14,800.0,2100.0,0.2609,0.0
DK04_to_DK03#alt2,2,bwd,15,750.0,2050.0,0.2721,0.0
DK04_to_DK03#alt2,2,bwd,16,700.0,2000.0,0.2721,0.0
DK04_to_DK03#alt2,2,bwd,17,650.0,1950.0,0.2721,0.0
DK04_to_DK03#alt2,2,bwd,18,616.67,1900.0,0.2721,0.0
DK04_to_DK03#alt2,2,bwd,19,600.0,1850.0,0.3006,0.0
DK04_to_DK03#alt2,2,bwd,20,600.0,1800.0,0.3269,0.0
DK04_to_DK03#alt2,2,bwd,21,600.0,1750.0,0.3485,0.0
DK04_to_DK03#alt2,2,bwd,22,600.0,1700.0,0.3628,0.0
DK04_to_DK03#alt2,2,bwd,23,600.0,1650.0,0.3679,0.0
DK04_to_DK03#alt2,2,bwd,24,600.0,1600.0,0.3628,0.0
DK04_to_DK03#alt2,2,bwd,25,616.67,1550.0,0.3485,0.0
DK04_to_DK03#alt2,2,bwd,26,650.0,1500.0,0.3784,0.0
DK04_to_DK03#alt2,2,bwd,27,700.0,1450.0,0.4076,0.0
DK04_to_DK03#alt2,2,bwd,28,750.0,1400.0,0.4346,0.0
DK04_to_DK03#alt2,2,bwd,29,800.0,1350.0,0.4346,0.0
DK04_to_DK03#alt2,2,bwd,30,850.0,1300.0,0.4076,0.0
DK04_to_DK03#alt2,2,bwd,31,900.0,1266.67,0.3628,0.0
DK04_to_DK03#alt2,2,bwd,32,950.0,1250.0,0.3679,0.0
DK04_to_DK03#alt2,2,bwd,33,1000.0,1250.0,0.3679,0.0
DK04_to_DK03#alt2,2,bwd,34,1050.0,1250.0,0.3679,0.0
DK03_to_DK04#alt3,3,fwd,0,1050.0,1250.0,0.3679,0.0
DK03_to_DK04#alt3,3,fwd,1,1100.0,1300.0,0.4275,0.0
DK03_to_DK04#alt3,3,fwd,2,1150.0,1350.0,0.4746,0.0
DK03_to_DK04#alt3,3,fwd,3,1200.0,1400.0,0.503,0.0
DK03_to_DK04#alt3,3,fwd,4,1250.0,1450.0,0.6065,0.0
DK03_to_DK04#alt3,3,fwd,5,1300.0,1483.33,0.7165,0.0
DK03_to_DK04#alt3,3,fwd,6,1350.0,1500.0,0.7165,0.0
DK03_to_DK04#alt3,3,fwd,7,1400.0,1500.0,0.7165,0.0
DK03_to_DK04#alt3,3,fwd,8,1450.0,1516.67,0.6889,0.0
DK03_to_DK04#alt3,3,fwd,9,1500.0,1550.0,0.6889,0.0
DK03_to_DK04#alt3,3,fwd,10,1550.0,1600.0,0.6889,0.0
DK03_to_DK04#alt3,3,fwd,11,1583.33,1650.0,0.6889,0.0
DK03_to_DK04#alt3,3,fwd,12,1600.0,1700.0,0.7165,0.0
DK03_to_DK04#alt3,3,fwd,13,1600.0,1750.0,0.7165,0.0
DK03_to_DK04#alt3,3,fwd,14,1616.67,1800.0,0.7165,0.0
DK03_to_DK04#alt3,3,fwd,15,1650.0,1850.0,0.5903,0.0
DK03_to_DK04#alt3,3,fwd,16,1683.33,1900.0,0.4746,0.0
DK03_to_DK04#alt3,3,fwd,17,1700.0,1950.0,0.4346,0.0
DK03_to_DK04#alt3,3,fwd,18,1700.0,2000.0,0.4076,0.0
DK03_to_DK04#alt3,3,fwd,19,1700.0,2050.0,0.3784,0.0
DK03_to_DK04#alt3,3,fwd,20,1716.67,2100.0,0.4346,0.0
DK03_to_DK04#alt3,3,fwd,21,1750.0,2150.0,0.4746,0.0
DK03_to_DK04#alt3,3,fwd,22,1783.33,2200.0,0.5134,0.0
DK03_to_DK04#alt3,3,fwd,23,1800.0,2250.0,0.5483,0.0
DK03_to_DK04#alt3,3,fwd,24,1800.0,2300.0,0.5903,0.0
DK03_to_DK04#alt3,3,fwd,25,1800.0,2350.0,0.6241,0.0
DK03_to_DK04#alt3,3,fwd,26,1800.0,2400.0,0.6889,0.0
DK03_to_DK04#alt3,3,fwd,27,1800.0,2450.0,0.7165,0.0
DK03_to_DK04#alt3,3,fwd,28,1800.0,2500.0,0.7165,0.0
DK03_to_DK04#alt3,3,fwd,29,1783.33,2550.0,0.6889,0.0
DK03_to_DK04#alt3,3,fwd,30,1750.0,2600.0,0.6889,0.0
DK03_to_DK04#alt3,3,fwd,31,1700.0,2650.0,0.6889,0.0
DK03_to_DK04#alt3,3,fwd,32,1650.0,2700.0,0.6889,0.0
DK03_to_DK04#alt3,3,fwd,33,1600.0,2750.0,0.6065,0.0
DK03_to_DK04#alt3,3,fwd,34,1550.0,2783.33,0.5134,0.0
DK03_to_DK04#alt3,3,fwd,35,1500.0,2800.0,0.5134,0.0
DK04_to_DK03#alt3,3,bwd,0,1500.0,2800.0,0.5134,0.0
DK04_to_DK03#alt3,3,bwd,1,1450.0,2850.0,0.4346,0.0
DK04_to_DK03#alt3,3,bwd,2,1400.0,2883.33,0.4346,0.0
DK04_to_DK03#alt3,3,bwd,3,1350.0,2900.0,0.4746,0.0
DK04_to_DK03#alt3,3,bwd,4,1300.0,2883.33,0.503,0.0
DK04_to_DK03#alt3,3,bwd,5,1250.0,2850.0,0.4346,0.0
DK04_to_DK03#alt3,3,bwd,6,1200.0,2800.0,0.3628,0.0
DK04_to_DK03#alt3,3,bwd,7,1150.0,2750.0,0.344,0.0
DK04_to_DK03#alt3,3,bwd,8,1100.0,2700.0,0.3269,0.0
DK04_to_DK03#alt3,3,bwd,9,1050.0,2650.0,0.2972,0.0
DK04_to_DK03#alt3,3,bwd,10,1000.0,2600.0,0.2609,0.0
DK04_to_DK03#alt3,3,bwd,11,950.0,2550.0,0.2231,0.0
DK04_to_DK03#alt3,3,bwd,12,900.0,2500.0,0.1889,0.0
DK04_to_DK03#alt3,3,bwd,13,850.0,2450.0,0.1599,0.0
DK04_to_DK03#alt3,3,bwd,14,800.0,2400.0,0.1353,0.0
DK04_to_DK03#alt3,3,bwd,15,750.0,2350.0,0.1199,0.0
DK04_to_DK03#alt3,3,bwd,16,700.0,2300.0,0.1239,0.0
DK04_to_DK03#alt3,3,bwd,17,650.0,2250.0,0.1308,0.0
DK04_to_DK03#alt3,3,bwd,18,600.0,2200.0,0.1344,0.0
DK04_to_DK03#alt3,3,bwd,19,550.0,2150.0,0.1344,0.0
DK04_to_DK03#alt3,3,bwd,20,516.67,2100.0,0.1344,0.0
DK04_to_DK03#alt3,3,bwd,21,500.0,2050.0,0.1517,0.0
DK04_to_DK03#alt3,3,bwd,22,500.0,2000.0,0.17,0.0
DK04_to_DK03#alt3,3,bwd,23,500.0,1950.0,0.1889,0.0
DK04_to_DK03#alt3,3,bwd,24,500.0,1900.0,0.2076,0.0
DK04_to_DK03#alt3,3,bwd,25,500.0,1850.0,0.2252,0.0
DK04_to_DK03#alt3,3,bwd,26,500.0,1800.0,0.2407,0.0
DK04_to_DK03#alt3,3,bwd,27,500.0,1750.0,0.253,0.0
DK04_to_DK03#alt3,3,bwd,28,500.0,1700.0,0.2609,0.0
DK04_to_DK03#alt3,3,bwd,29,500.0,1650.0,0.2636,0.0
DK04_to_DK03#alt3,3,bwd,30,500.0,1600.0,0.2609,0.0
DK04_to_DK03#alt3,3,bwd,31,516.67,1550.0,0.253,0.0
DK04_to_DK03#alt3,3,bwd,32,550.0,1500.0,0.281,0.0
DK04_to_DK03#alt3,3,bwd,33,600.0,1450.0,0.3006,0.0
DK04_to_DK03#alt3,3,bwd,34,650.0,1400.0,0.3269,0.0
DK04_to_DK03#alt3,3,bwd,35,700.0,1350.0,0.344,0.0
DK04_to_DK03#alt3,3,bwd,36,750.0,1300.0,0.344,0.0
DK04_to_DK03#alt3,3,bwd,37,800.0,1266.67,0.3269,0.0
DK04_to_DK03#alt3,3,bwd,38,850.0,1250.0,0.3485,0.0
DK04_to_DK03#alt3,3,bwd,39,900.0,1250.0,0.3628,0.0
DK04_to_DK03#alt3,3,bwd,40,950.0,1250.0,0.3679,0.0
DK04_to_DK03#alt3,3,bwd,41,1000.0,1250.0,0.3679,0.0
DK04_to_DK03#alt3,3,bwd,42,1050.0,1250.0,0.3679,0.0
DK03_to_DK04#alt7,7,fwd,0,1050.0,1250.0,0.3679,0.0
DK03_to_DK04#alt7,7,fwd,1,1000.0,1200.0,0.3114,0.0
DK03_to_DK04#alt7,7,fwd,2,950.0,1166.67,0.2636,0.0
DK03_to_DK04#alt7,7,fwd,3,900.0,1150.0,0.2609,0.0
DK03_to_DK04#alt7,7,fwd,4,850.0,1150.0,0.253,0.0
DK03_to_DK04#alt7,7,fwd,5,800.0,1166.67,0.2407,0.0
DK03_to_DK04#alt7,7,fwd,6,750.0,1200.0,0.2609,0.0
DK03_to_DK04#alt7,7,fwd,7,700.0,1250.0,0.2721,0.0
DK03_to_DK04#alt7,7,fwd,8,650.0,1300.0,0.2721,0.0
DK03_to_DK04#alt7,7,fwd,9,600.0,1350.0,0.2609,0.0
DK03_to_DK04#alt7,7,fwd,10,550.0,1400.0,0.2407,0.0
DK03_to_DK04#alt7,7,fwd,11,500.0,1450.0,0.2252,0.0
DK03_to_DK04#alt7,7,fwd,12,450.0,1500.0,0.2057,0.0
DK03_to_DK04#alt7,7,fwd,13,416.67,1550.0,0.1827,0.0
DK03_to_DK04#alt7,7,fwd,14,400.0,1600.0,0.1873,0.0
DK03_to_DK04#alt7,7,fwd,15,400.0,1650.0,0.1889,0.0
DK03_to_DK04#alt7,7,fwd,16,400.0,1700.0,0.1873,0.0
DK03_to_DK04#alt7,7,fwd,17,400.0,1750.0,0.1827,0.0
DK03_to_DK04#alt7,7,fwd,18,400.0,1800.0,0.1755,0.0
DK03_to_DK04#alt7,7,fwd,19,400.0,1850.0,0.1661,0.0
DK03_to_DK04#alt7,7,fwd,20,400.0,1900.0,0.1551,0.0
DK03_to_DK04#alt7,7,fwd,21,400.0,1950.0,0.1432,0.0
DK03_to_DK04#alt7,7,fwd,22,400.0,2000.0,0.1308,0.0
DK03_to_DK04#alt7,7,fwd,23,400.0,2050.0,0.1183,0.0
DK03_to_DK04#alt7,7,fwd,24,400.0,2100.0,0.1062,0.0
DK03_to_DK04#alt7,7,fwd,25,416.67,2150.0,0.0947,0.0
DK03_to_DK04#alt7,7,fwd,26,450.0,2200.0,0.0947,0.0
DK03_to_DK04#alt7,7,fwd,27,500.0,2250.0,0.0947,0.0
DK03_to_DK04#alt7,7,fwd,28,550.0,2300.0,0.0936,0.0
DK03_to_DK04#alt7,7,fwd,29,600.0,2350.0,0.0904,0.0
DK03_to_DK04#alt7,7,fwd,30,650.0,2400.0,0.0854,0.0
DK03_to_DK04#alt7,7,fwd,31,700.0,2450.0,0.097,0.0
DK03_to_DK04#alt7,7,fwd,32,750.0,2500.0,0.1146,0.0
DK03_to_DK04#alt7,7,fwd,33,800.0,2550.0,0.1353,0.0
DK03_to_DK04#alt7,7,fwd,34,850.0,2600.0,0.1587,0.0
DK03_to_DK04#alt7,7,fwd,35,900.0,2650.0,0.1827,0.0
DK03_to_DK04#alt7,7,fwd,36,950.0,2700.0,0.2057,0.0
DK03_to_DK04#alt7,7,fwd,37,1000.0,2750.0,0.253,0.0
DK03_to_DK04#alt7,7,fwd,38,1050.0,2800.0,0.3077,0.0
DK03_to_DK04#alt7,7,fwd,39,1100.0,2850.0,0.3784,0.0
DK03_to_DK04#alt7,7,fwd,40,1150.0,2900.0,0.4746,0.0
DK03_to_DK04#alt7,7,fwd,41,1200.0,2950.0,0.5903,0.0
DK03_to_DK04#alt7,7,fwd,42,1250.0,2983.33,0.7165,0.0
DK03_to_DK04#alt7,7,fwd,43,1300.0,3016.67,0.6889,0.0
DK03_to_DK04#alt7,7,fwd,44,1350.0,3033.33,0.7165,0.0
DK03_to_DK04#alt7,7,fwd,45,1400.0,3033.33,0.7165,0.0
DK03_to_DK04#alt7,7,fwd,46,1450.0,3000.0,0.5903,0.0
DK03_to_DK04#alt7,7,fwd,47,1483.33,2950.0,0.4746,0.0
DK03_to_DK04#alt7,7,fwd,48,1500.0,2900.0,0.4076,0.0
DK03_to_DK04#alt7,7,fwd,49,1500.0,2850.0,0.4346,0.0
DK03_to_DK04#alt7,7,fwd,50,1500.0,2800.0,0.5134,0.0
DB02_to_DB01#alt0,0,fwd,0,1800.0,1100.0,0.1183,0.0
DB02_to_DB01#alt0,0,fwd,1,1750.0,1150.0,0.1495,0.0
DB02_to_DB01#alt0,0,fwd,2,1716.67,1200.0,0.1889,0.0
DB02_to_DB01#alt0,0,fwd,3,1700.0,1250.0,0.2151,0.0
DB02_to_DB01#alt0,0,fwd,4,1700.0,1300.0,0.2431,0.0
DB02_to_DB01#alt0,0,fwd,5,1700.0,1350.0,0.2721,0.0
DB02_to_DB01#alt0,0,fwd,6,1700.0,1400.0,0.3077,0.0
DB02_to_DB01#alt0,0,fwd,7,1700.0,1450.0,0.344,0.0
DB02_to_DB01#alt0,0,fwd,8,1700.0,1500.0,0.3895,0.0
DB02_to_DB01#alt0,0,fwd,9,1700.0,1550.0,0.4346,0.0
DB02_to_DB01#alt0,0,fwd,10,1700.0,1600.0,0.4746,0.0
DB02_to_DB01#alt0,0,fwd,11,1700.0,1650.0,0.503,0.0
DB02_to_DB01#alt0,0,fwd,12,1700.0,1700.0,0.5134,0.0
DB02_to_DB01#alt0,0,fwd,13,1700.0,1750.0,0.5134,0.0
DB02_to_DB01#alt0,0,fwd,14,1683.33,1800.0,0.5134,0.0
DB02_to_DB01#alt0,0,fwd,15,1650.0,1850.0,0.5903,0.0
DB02_to_DB01#alt0,0,fwd,16,1600.0,1900.0,0.6241,0.0
DB02_to_DB01#alt0,0,fwd,17,1550.0,1950.0,0.6889,0.0
DB02_to_DB01#alt0,0,fwd,18,1500.0,2000.0,0.6889,0.0
DB02_to_DB01#alt0,0,fwd,19,1450.0,2033.33,0.6889,0.0
DB02_to_DB01#alt0,0,fwd,20,1400.0,2050.0,0.7165,0.0
DB02_to_DB01#alt0,0,fwd,21,1350.0,2050.0,0.7165,0.0
DB02_to_DB01#alt0,0,fwd,22,1300.0,2066.67,0.7165,0.0
DB02_to_DB01#alt0,0,fwd,23,1250.0,2100.0,0.6065,0.0
DB02_to_DB01#alt0,0,fwd,24,1200.0,2150.0,0.503,0.0
DB02_to_DB01#alt0,0,fwd,25,1150.0,2200.0,0.4076,0.0
DB02_to_DB01#alt0,0,fwd,26,1100.0,2250.0,0.3269,0.0
DB02_to_DB01#alt0,0,fwd,27,1050.0,2300.0,0.2972,0.0
DB02_to_DB01#alt0,0,fwd,28,1000.0,2350.0,0.2609,0.0
DB02_to_DB01#alt0,0,fwd,29,950.0,2400.0,0.2231,0.0
DB02_to_DB01#alt0,0,fwd,30,900.0,2450.0,0.1889,0.0
DB02_to_DB01#alt0,0,fwd,31,850.0,2500.0,0.1599,0.0
DB02_to_DB01#alt0,0,fwd,32,800.0,2550.0,0.1353,0.0
DB02_to_DB01#alt0,0,fwd,33,750.0,2600.0,0.1146,0.0
DB02_to_DB01#alt0,0,fwd,34,700.0,2650.0,0.1239,0.0
DB02_to_DB01#alt0,0,fwd,35,666.67,2700.0,0.1308,0.0
DB02_to_DB01#alt0,0,fwd,36,650.0,2750.0,0.1495,0.0
DB02_to_DB01#alt0,0,fwd,37,650.0,2800.0,0.17,0.0
DB02_to_DB01#alt0,0,fwd,38,650.0,2850.0,0.1921,0.0
DB02_to_DB01#alt0,0,fwd,39,650.0,2900.0,0.2151,0.0
DB02_to_DB01#alt0,0,fwd,40,650.0,2950.0,0.2431,0.0
DB02_to_DB01#alt0,0,fwd,41,650.0,3000.0,0.2721,0.0
DB02_to_DB01#alt0,0,fwd,42,650.0,3050.0,0.3006,0.0
DB02_to_DB01#alt0,0,fwd,43,650.0,3100.0,0.3269,0.0
DB02_to_DB01#alt0,0,fwd,44,650.0,3150.0,0.3485,0.0
DB02_to_DB01#alt0,0,fwd,45,650.0,3200.0,0.3784,0.0
DB02_to_DB01#alt0,0,fwd,46,650.0,3250.0,0.4076,0.0
DB02_to_DB01#alt0,0,fwd,47,650.0,3300.0,0.4275,0.0
DB02_to_DB01#alt0,0,fwd,48,650.0,3350.0,0.4346,0.0
DB02_to_DB01#alt0,0,fwd,49,650.0,3400.0,0.4746,0.0
DB02_to_DB01#alt0,0,fwd,50,650.0,3450.0,0.503,0.0
DB02_to_DB01#alt0,0,fwd,51,650.0,3500.0,0.5134,0.0
DB02_to_DB01#alt0,0,fwd,52,650.0,3550.0,0.503,0.0
DB02_to_DB01#alt0,0,fwd,53,666.67,3600.0,0.4746,0.0
DB02_to_DB01#alt0,0,fwd,54,700.0,3650.0,0.5134,0.0
DB02_to_DB01#alt0,0,fwd,55,750.0,3700.0,0.5903,0.0
DB02_to_DB01#alt0,0,fwd,56,800.0,3750.0,0.6241,0.0
DB02_to_DB01#alt0,0,fwd,57,850.0,3800.0,0.6889,0.0
DB02_to_DB01#alt0,0,fwd,58,900.0,3850.0,0.6889,0.0
DB02_to_DB01#alt0,0,fwd,59,950.0,3883.33,0.6889,0.0
DB02_to_DB01#alt0,0,fwd,60,1000.0,3900.0,0.7165,0.0
DB01_to_DB02#alt0,0,bwd,0,1000.0,3900.0,0.7165,0.0
DB01_to_DB02#alt0,0,bwd,1,950.0,3883.33,0.6889,0.0
DB01_to_DB02#alt0,0,bwd,2,900.0,3850.0,0.6889,0.0
DB01_to_DB02#alt0,0,bwd,3,850.0,3800.0,0.6889,0.0
DB01_to_DB02#alt0,0,bwd,4,800.0,3750.0,0.6241,0.0
DB01_to_DB02#alt0,0,bwd,5,766.67,3700.0,0.5903,0.0
DB01_to_DB02#alt0,0,bwd,6,750.0,3650.0,0.6065,0.0
DB01_to_DB02#alt0,0,bwd,7,750.0,3600.0,0.6241,0.0
DB01_to_DB02#alt0,0,bwd,8,750.0,3550.0,0.6889,0.0
DB01_to_DB02#alt0,0,bwd,9,750.0,3500.0,0.7165,0.0
DB01_to_DB02#alt0,0,bwd,10,766.67,3450.0,0.6889,0.0
DB01_to_DB02#alt0,0,bwd,11,783.33,3400.0,0.7165,0.0
DB01_to_DB02#alt0,0,bwd,12,800.0,3350.0,0.7165,0.0
DB01_to_DB02#alt0,0,bwd,13,816.67,3300.0,0.6889,0.0
DB01_to_DB02#alt0,0,bwd,14,833.33,3250.0,0.7165,0.0
DB01_to_DB02#alt0,0,bwd,15,850.0,3200.0,0.6889,0.0
DB01_to_DB02#alt0,0,bwd,16,833.33,3150.0,0.6241,0.0
DB01_to_DB02#alt0,0,bwd,17,833.33,3100.0,0.5483,0.0
DB01_to_DB02#alt0,0,bwd,18,833.33,3050.0,0.4931,0.0
DB01_to_DB02#alt0,0,bwd,19,850.0,3000.0,0.4346,0.0
DB01_to_DB02#alt0,0,bwd,20,850.0,2950.0,0.3784,0.0
DB01_to_DB02#alt0,0,bwd,21,866.67,2900.0,0.3269,0.0
DB01_to_DB02#alt0,0,bwd,22,900.0,2850.0,0.3006,0.0
DB01_to_DB02#alt0,0,bwd,23,950.0,2800.0,0.281,0.0
DB01_to_DB02#alt0,0,bwd,24,1000.0,2750.0,0.253,0.0
DB01_to_DB02#alt0,0,bwd,25,1050.0,2700.0,0.281,0.0
DB01_to_DB02#alt0,0,bwd,26,1100.0,2650.0,0.3485,0.0
DB01_to_DB02#alt0,0,bwd,27,1150.0,2600.0,0.4275,0.0
DB01_to_DB02#alt0,0,bwd,28,1200.0,2550.0,0.5134,0.0
DB01_to_DB02#alt0,0,bwd,29,1250.0,2500.0,0.6065,0.0
DB01_to_DB02#alt0,0,bwd,30,1283.33,2450.0,0.7165,0.0
DB01_to_DB02#alt0,0,bwd,31,1300.0,2400.0,0.7165,0.0
DB01_to_DB02#alt0,0,bwd,32,1316.67,2350.0,0.6889,0.0
DB01_to_DB02#alt0,0,bwd,33,1350.0,2300.0,0.6889,0.0
DB01_to_DB02#alt0,0,bwd,34,1400.0,2250.0,0.6889,0.0
DB01_to_DB02#alt0,0,bwd,35,1450.0,2200.0,0.6889,0.0
DB01_to_DB02#alt0,0,bwd,36,1500.0,2150.0,0.6065,0.0
DB01_to_DB02#alt0,0,bwd,37,1550.0,2100.0,0.5134,0.0
DB01_to_DB02#alt0,0,bwd,38,1600.0,2050.0,0.4931,0.0
DB01_to_DB02#alt0,0,bwd,39,1650.0,2000.0,0.4746,0.0
DB01_to_DB02#alt0,0,bwd,40,1700.0,1950.0,0.4346,0.0
DB01_to_DB02#alt0,0,bwd,41,1750.0,1900.0,0.4275,0.0
DB01_to_DB02#alt0,0,bwd,42,1800.0,1850.0,0.4746,0.0
DB01_to_DB02#alt0,0,bwd,43,1850.0,1800.0,0.503,0.0
DB01_to_DB02#alt0,0,bwd,44,1883.33,1750.0,0.5483,0.0
DB01_to_DB02#alt0,0,bwd,45,1900.0,1700.0,0.4931,0.0
DB01_to_DB02#alt0,0,bwd,46,1900.0,1650.0,0.4346,0.0
DB01_to_DB02#alt0,0,bwd,47,1900.0,1600.0,0.3895,0.0
DB01_to_DB02#alt0,0,bwd,48,1900.0,1550.0,0.344,0.0
DB01_to_DB02#alt0,0,bwd,49,1883.33,1500.0,0.3077,0.0
DB01_to_DB02#alt0,0,bwd,50,1850.0,1450.0,0.2431,0.0
DB01_to_DB02#alt0,0,bwd,51,1816.67,1400.0,0.2431,0.0
DB01_to_DB02#alt0,0,bwd,52,1800.0,1350.0,0.2151,0.0
DB01_to_DB02#alt0,0,bwd,53,1800.0,1300.0,0.1921,0.0
DB01_to_DB02#alt0,0,bwd,54,1800.0,1250.0,0.17,0.0
DB01_to_DB02#alt0,0,bwd,55,1800.0,1200.0,0.1517,0.0
DB01_to_DB02#alt0,0,bwd,56,1800.0,1150.0,0.1344,0.0
DB01_to_DB02#alt0,0,bwd,57,1800.0,1100.0,0.1183,0.0
DB02_to_DB01#alt1,1,fwd,0,1800.0,1100.0,0.1183,0.0
DB02_to_DB01#alt1,1,fwd,1,1850.0,1150.0,0.1199,0.0
DB02_to_DB01#alt1,1,fwd,2,1900.0,1183.33,0.1335,0.0
DB02_to_DB01#alt1,1,fwd,3,1950.0,1200.0,0.1432,0.0
DB02_to_DB01#alt1,1,fwd,4,2000.0,1200.0,0.1551,0.0
DB02_to_DB01#alt1,1,fwd,5,2050.0,1216.67,0.1661,0.0
DB02_to_DB01#alt1,1,fwd,6,2100.0,1250.0,0.2057,0.0
DB02_to_DB01#alt1,1,fwd,7,2150.0,1283.33,0.253,0.0
DB02_to_DB01#alt1,1,fwd,8,2200.0,1300.0,0.2609,0.0
DB02_to_DB01#alt1,1,fwd,9,2250.0,1300.0,0.2636,0.0
DB02_to_DB01#alt1,1,fwd,10,2300.0,1300.0,0.2636,0.0
DB02_to_DB01#alt1,1,fwd,11,2350.0,1300.0,0.2636,0.0
DB02_to_DB01#alt1,1,fwd,12,2400.0,1300.0,0.2636,0.0
DB02_to_DB01#alt1,1,fwd,13,2450.0,1300.0,0.3114,0.0
DB02_to_DB01#alt1,1,fwd,14,2500.0,1300.0,0.3679,0.0
DB02_to_DB01#alt1,1,fwd,15,2550.0,1300.0,0.4346,0.0
DB02_to_DB01#alt1,1,fwd,16,2600.0,1316.67,0.5134,0.0
DB02_to_DB01#alt1,1,fwd,17,2650.0,1350.0,0.6065,0.0
DB02_to_DB01#alt1,1,fwd,18,2683.33,1400.0,0.7165,0.0
DB02_to_DB01#alt1,1,fwd,19,2700.0,1450.0,0.7165,0.0
DB02_to_DB01#alt1,1,fwd,20,2700.0,1500.0,0.6889,0.0
DB02_to_DB01#alt1,1,fwd,21,2750.0,1550.0,0.6889,0.0
DB02_to_DB01#alt1,1,fwd,22,2800.0,1600.0,0.6065,0.0
DB02_to_DB01#alt1,1,fwd,23,2850.0,1650.0,0.5134,0.0
DB02_to_DB01#alt1,1,fwd,24,2900.0,1700.0,0.4931,0.0
DB02_to_DB01#alt1,1,fwd,25,2950.0,1750.0,0.4746,0.0
DB02_to_DB01#alt1,1,fwd,26,3000.0,1800.0,0.4346,0.0
DB02_to_DB01#alt1,1,fwd,27,3016.67,1850.0,0.4746,0.0
DB02_to_DB01#alt1,1,fwd,28,3000.0,1900.0,0.503,0.0
DB02_to_DB01#alt1,1,fwd,29,2950.0,1950.0,0.6065,0.0
DB02_to_DB01#alt1,1,fwd,30,2916.67,2000.0,0.7165,0.0
DB02_to_DB01#alt1,1,fwd,31,2900.0,2050.0,0.7165,0.0
DB02_to_DB01#alt1,1,fwd,32,2900.0,2100.0,0.7165,0.0
DB02_to_DB01#alt1,1,fwd,33,2900.0,2150.0,0.7165,0.0
DB02_to_DB01#alt1,1,fwd,34,2900.0,2200.0,0.7165,0.0
DB02_to_DB01#alt1,1,fwd,35,2900.0,2250.0,0.7165,0.0
DB02_to_DB01#alt1,1,fwd,36,2883.33,2300.0,0.6889,0.0
DB02_to_DB01#alt1,1,fwd,37,2866.67,2350.0,0.7165,0.0
DB02_to_DB01#alt1,1,fwd,38,2850.0,2400.0,0.6889,0.0
DB02_to_DB01#alt1,1,fwd,39,2800.0,2450.0,0.6889,0.0
DB02_to_DB01#alt1,1,fwd,40,2750.0,2500.0,0.6889,0.0
DB02_to_DB01#alt1,1,fwd,41,2700.0,2550.0,0.6889,0.0
DB02_to_DB01#alt1,1,fwd,42,2650.0,2600.0,0.6241,0.0
DB02_to_DB01#alt1,1,fwd,43,2616.67,2650.0,0.7165,0.0
DB02_to_DB01#alt1,1,fwd,44,2600.0,2700.0,0.7165,0.0
DB02_to_DB01#alt1,1,fwd,45,2583.33,2750.0,0.6889,0.0
DB02_to_DB01#alt1,1,fwd,46,2550.0,2800.0,0.6889,0.0
DB02_to_DB01#alt1,1,fwd,47,2500.0,2850.0,0.6889,0.0
DB02_to_DB01#alt1,1,fwd,48,2450.0,2900.0,0.6065,0.0
DB02_to_DB01#alt1,1,fwd,49,2400.0,2950.0,0.6065,0.0
DB02_to_DB01#alt1,1,fwd,50,2350.0,3000.0,0.6889,0.0
DB02_to_DB01#alt1,1,fwd,51,2316.67,3050.0,0.7165,0.0
DB02_to_DB01#alt1,1,fwd,52,2283.33,3100.0,0.6889,0.0
DB02_to_DB01#alt1,1,fwd,53,2266.67,3150.0,0.6889,0.0
DB02_to_DB01#alt1,1,fwd,54,2250.0,3200.0,0.6241,0.0
DB02_to_DB01#alt1,1,fwd,55,2250.0,3250.0,0.6889,0.0
DB02_to_DB01#alt1,1,fwd,56,2250.0,3300.0,0.7165,0.0
DB02_to_DB01#alt1,1,fwd,57,2250.0,3350.0,0.7165,0.0
DB02_to_DB01#alt1,1,fwd,58,2250.0,3400.0,0.7165,0.0
DB02_to_DB01#alt1,1,fwd,59,2266.67,3450.0,0.7165,0.0
DB02_to_DB01#alt1,1,fwd,60,2283.33,3500.0,0.6065,0.0
DB02_to_DB01#alt1,1,fwd,61,2283.33,3550.0,0.5903,0.0
DB02_to_DB01#alt1,1,fwd,62,2250.0,3600.0,0.6241,0.0
DB02_to_DB01#alt1,1,fwd,63,2200.0,3650.0,0.6241,0.0
DB02_to_DB01#alt1,1,fwd,64,2150.0,3700.0,0.6241,0.0
DB02_to_DB01#alt1,1,fwd,65,2100.0,3750.0,0.5903,0.0
DB02_to_DB01#alt1,1,fwd,66,2050.0,3800.0,0.5134,0.0
DB02_to_DB01#alt1,1,fwd,67,2000.0,3850.0,0.4346,0.0
DB02_to_DB01#alt1,1,fwd,68,1950.0,3883.33,0.5483,0.0
DB02_to_DB01#alt1,1,fwd,69,1900.0,3900.0,0.5903,0.0
DB02_to_DB01#alt1,1,fwd,70,1850.0,3900.0,0.6241,0.0
DB02_to_DB01#alt1,1,fwd,71,1800.0,3900.0,0.6889,0.0
DB02_to_DB01#alt1,1,fwd,72,1750.0,3900.0,0.7165,0.0
DB02_to_DB01#alt1,1,fwd,73,1700.0,3900.0,0.7165,0.0
DB02_to_DB01#alt1,1,fwd,74,1650.0,3900.0,0.7165,0.0
DB02_to_DB01#alt1,1,fwd,75,1600.0,3900.0,0.6889,0.0
DB02_to_DB01#alt1,1,fwd,76,1550.0,3950.0,0.6889,0.0
DB02_to_DB01#alt1,1,fwd,77,1500.0,4000.0,0.6889,0.0
DB02_to_DB01#alt1,1,fwd,78,1450.0,4016.67,0.6241,0.0
DB02_to_DB01#alt1,1,fwd,79,1400.0,4016.67,0.6065,0.0
DB02_to_DB01#alt1,1,fwd,80,1350.0,4000.0,0.6241,0.0
DB02_to_DB01#alt1,1,fwd,81,1300.0,4000.0,0.6889,0.0
DB02_to_DB01#alt1,1,fwd,82,1250.0,4000.0,0.7165,0.0
DB02_to_DB01#alt1,1,fwd,83,1200.0,3983.33,0.6889,0.0
DB02_to_DB01#alt1,1,fwd,84,1150.0,3983.33,0.6241,0.0
DB02_to_DB01#alt1,1,fwd,85,1100.0,3983.33,0.6065,0.0
DB02_to_DB01#alt1,1,fwd,86,1050.0,3983.33,0.5903,0.0
DB02_to_DB01#alt1,1,fwd,87,1016.67,3950.0,0.6241,0.0
DB02_to_DB01#alt1,1,fwd,88,1000.0,3900.0,0.7165,0.0
DB01_to_DB02#alt1,1,bwd,0,1000.0,3900.0,0.7165,0.0
DB01_to_DB02#alt1,1,bwd,1,950.0,3950.0,0.5903,0.0
DB01_to_DB02#alt1,1,bwd,2,900.0,4000.0,0.4746,0.0
DB01_to_DB02#alt1,1,bwd,3,850.0,4050.0,0.503,0.0
DB01_to_DB02#alt1,1,bwd,4,800.0,4083.33,0.5483,0.0
DB01_to_DB02#alt1,1,bwd,5,750.0,4100.0,0.4931,0.0
DB01_to_DB02#alt1,1,bwd,6,700.0,4100.0,0.503,0.0
DB01_to_DB02#alt1,1,bwd,7,650.0,4100.0,0.5134,0.0
DB01_to_DB02#alt1,1,bwd,8,600.0,4100.0,0.5134,0.0
DB01_to_DB02#alt1,1,bwd,9,550.0,4083.33,0.5134,0.0
DB01_to_DB02#alt1,1,bwd,10,500.0,4050.0,0.4346,0.0
DB01_to_DB02#alt1,1,bwd,11,450.0,4000.0,0.3679,0.0
DB01_to_DB02#alt1,1,bwd,12,400.0,3950.0,0.3077,0.0
DB01_to_DB02#alt1,1,bwd,13,350.0,3900.0,0.253,0.0
DB01_to_DB02#alt1,1,bwd,14,300.0,3850.0,0.2057,0.0
DB01_to_DB02#alt1,1,bwd,15,266.67,3800.0,0.1661,0.0
DB01_to_DB02#alt1,1,bwd,16,250.0,3750.0,0.1422,0.0
DB01_to_DB02#alt1,1,bwd,17,250.0,3700.0,0.1215,0.0
DB01_to_DB02#alt1,1,bwd,18,250.0,3650.0,0.1273,0.0
DB01_to_DB02#alt1,1,bwd,19,250.0,3600.0,0.1317,0.0
DB01_to_DB02#alt1,1,bwd,20,250.0,3550.0,0.1344,0.0
DB01_to_DB02#alt1,1,bwd,21,250.0,3500.0,0.1353,0.0
DB01_to_DB02#alt1,1,bwd,22,250.0,3450.0,0.1344,0.0
DB01_to_DB02#alt1,1,bwd,23,250.0,3400.0,0.1317,0.0
DB01_to_DB02#alt1,1,bwd,24,250.0,3350.0,0.1273,0.0
DB01_to_DB02#alt1,1,bwd,25,250.0,3300.0,0.1215,0.0
DB01_to_DB02#alt1,1,bwd,26,250.0,3250.0,0.1146,0.0
DB01_to_DB02#alt1,1,bwd,27,250.0,3200.0,0.1082,0.0
DB01_to_DB02#alt1,1,bwd,28,250.0,3150.0,0.1036,0.0
DB01_to_DB02#alt1,1,bwd,29,250.0,3100.0,0.0981,0.0
DB01_to_DB02#alt1,1,bwd,30,250.0,3050.0,0.092,0.0
DB01_to_DB02#alt1,1,bwd,31,250.0,3000.0,0.0854,0.0
DB01_to_DB02#alt1,1,bwd,32,250.0,2950.0,0.079,0.0
DB01_to_DB02#alt1,1,bwd,33,250.0,2900.0,0.0736,0.0
DB01_to_DB02#alt1,1,bwd,34,250.0,2850.0,0.0681,0.0
DB01_to_DB02#alt1,1,bwd,35,250.0,2800.0,0.0624,0.0
DB01_to_DB02#alt1,1,bwd,36,250.0,2750.0,0.0568,0.0
DB01_to_DB02#alt1,1,bwd,37,250.0,2700.0,0.0514,0.0
DB01_to_DB02#alt1,1,bwd,38,250.0,2650.0,0.0463,0.0
DB01_to_DB02#alt1,1,bwd,39,250.0,2600.0,0.0414,0.0
DB01_to_DB02#alt1,1,bwd,40,250.0,2550.0,0.0369,0.0
DB01_to_DB02#alt1,1,bwd,41,250.0,2500.0,0.0327,0.0
DB01_to_DB02#alt1,1,bwd,42,250.0,2450.0,0.0327,0.0
DB01_to_DB02#alt1,1,bwd,43,250.0,2400.0,0.0369,0.0
DB01_to_DB02#alt1,1,bwd,44,250.0,2350.0,0.0414,0.0
DB01_to_DB02#alt1,1,bwd,45,250.0,2300.0,0.0467,0.0
DB01_to_DB02#alt1,1,bwd,46,250.0,2250.0,0.0524,0.0
DB01_to_DB02#alt1,1,bwd,47,250.0,2200.0,0.0585,0.0
DB01_to_DB02#alt1,1,bwd,48,266.67,2150.0,0.065,0.0
DB01_to_DB02#alt1,1,bwd,49,283.33,2100.0,0.0821,0.0
DB01_to_DB02#alt1,1,bwd,50,300.0,2050.0,0.0904,0.0
DB01_to_DB02#alt1,1,bwd,51,300.0,2000.0,0.0987,0.0
DB01_to_DB02#alt1,1,bwd,52,300.0,1950.0,0.1069,0.0
DB01_to_DB02#alt1,1,bwd,53,283.33,1900.0,0.1146,0.0
DB01_to_DB02#alt1,1,bwd,54,283.33,1850.0,0.1215,0.0
DB01_to_DB02#alt1,1,bwd,55,283.33,1800.0,0.1273,0.0
DB01_to_DB02#alt1,1,bwd,56,300.0,1750.0,0.1317,0.0
DB01_to_DB02#alt1,1,bwd,57,283.33,1700.0,0.1344,0.0
DB01_to_DB02#alt1,1,bwd,58,266.67,1650.0,0.1146,0.0
DB01_to_DB02#alt1,1,bwd,59,250.0,1600.0,0.1138,0.0
DB01_to_DB02#alt1,1,bwd,60,250.0,1550.0,0.1117,0.0
DB01_to_DB02#alt1,1,bwd,61,266.67,1500.0,0.1082,0.0
DB01_to_DB02#alt1,1,bwd,62,283.33,1450.0,0.1215,0.0
DB01_to_DB02#alt1,1,bwd,63,300.0,1400.0,0.1146,0.0
DB01_to_DB02#alt1,1,bwd,64,300.0,1350.0,0.1069,0.0
DB01_to_DB02#alt1,1,bwd,65,316.67,1300.0,0.1146,0.0
DB01_to_DB02#alt1,1,bwd,66,350.0,1250.0,0.1353,0.0
DB01_to_DB02#alt1,1,bwd,67,400.0,1200.0,0.1599,0.0
DB01_to_DB02#alt1,1,bwd,68,450.0,1150.0,0.1889,0.0
DB01_to_DB02#alt1,1,bwd,69,500.0,1100.0,0.2252,0.0
DB01_to_DB02#alt1,1,bwd,70,550.0,1050.0,0.281,0.0
DB01_to_DB02#alt1,1,bwd,71,600.0,1033.33,0.2972,0.0
DB01_to_DB02#alt1,1,bwd,72,650.0,1033.33,0.3077,0.0
DB01_to_DB02#alt1,1,bwd,73,700.0,1050.0,0.3114,0.0
DB01_to_DB02#alt1,1,bwd,74,750.0,1033.33,0.3114,0.0
DB01_to_DB02#alt1,1,bwd,75,800.0,1016.67,0.3628,0.0
DB01_to_DB02#alt1,1,bwd,76,850.0,1000.0,0.3485,0.0
DB01_to_DB02#alt1,1,bwd,77,900.0,983.33,0.3269,0.0
DB01_to_DB02#alt1,1,bwd,78,950.0,950.0,0.344,0.0
DB01_to_DB02#alt1,1,bwd,79,1000.0,900.0,0.344,0.0
DB01_to_DB02#alt1,1,bwd,80,1050.0,850.0,0.3269,0.0
DB01_to_DB02#alt1,1,bwd,81,1100.0,833.33,0.281,0.0
DB01_to_DB02#alt1,1,bwd,82,1150.0,850.0,0.2407,0.0
DB01_to_DB02#alt1,1,bwd,83,1200.0,900.0,0.1937,0.0
DB01_to_DB02#alt1,1,bwd,84,1250.0,950.0,0.1551,0.0
DB01_to_DB02#alt1,1,bwd,85,1300.0,983.33,0.1353,0.0
DB01_to_DB02#alt1,1,bwd,86,1350.0,1000.0,0.1353,0.0
DB01_to_DB02#alt1,1,bwd,87,1400.0,1000.0,0.1353,0.0
DB01_to_DB02#alt1,1,bwd,88,1450.0,1016.67,0.1344,0.0
DB01_to_DB02#alt1,1,bwd,89,1500.0,1050.0,0.1551,0.0
DB01_to_DB02#alt1,1,bwd,90,1550.0,1083.33,0.1755,0.0
DB01_to_DB02#alt1,1,bwd,91,1600.0,1100.0,0.1661,0.0
DB01_to_DB02#alt1,1,bwd,92,1650.0,1100.0,0.1551,0.0
DB01_to_DB02#alt1,1,bwd,93,1700.0,1100.0,0.1432,0.0
DB01_to_DB02#alt1,1,bwd,94,1750.0,1100.0,0.1308,0.0
DB01_to_DB02#alt1,1,bwd,95,1800.0,1100.0,0.1183,0.0
DB02_to_DB01#alt3,3,fwd,0,1800.0,1100.0,0.1183,0.0
DB02_to_DB01#alt3,3,fwd,1,1750.0,1050.0,0.1138,0.0
DB02_to_DB01#alt3,3,fwd,2,1700.0,1016.67,0.1069,0.0
DB02_to_DB01#alt3,3,fwd,3,1650.0,1000.0,0.1146,0.0
DB02_to_DB01#alt3,3,fwd,4,1600.0,1000.0,0.1215,0.0
DB02_to_DB01#alt3,3,fwd,5,1550.0,1000.0,0.1273,0.0
DB02_to_DB01#alt3,3,fwd,6,1500.0,1000.0,0.1317,0.0
DB02_to_DB01#alt3,3,fwd,7,1450.0,983.33,0.1344,0.0
DB02_to_DB01#alt3,3,fwd,8,1400.0,950.0,0.1146,0.0
DB02_to_DB01#alt3,3,fwd,9,1350.0,900.0,0.1215,0.0
DB02_to_DB01#alt3,3,fwd,10,1300.0,866.67,0.1495,0.0
DB02_to_DB01#alt3,3,fwd,11,1250.0,850.0,0.1755,0.0
DB02_to_DB01#alt3,3,fwd,12,1200.0,866.67,0.2057,0.0
DB02_to_DB01#alt3,3,fwd,13,1150.0,883.33,0.2252,0.0
DB02_to_DB01#alt3,3,fwd,14,1100.0,916.67,0.2609,0.0
DB02_to_DB01#alt3,3,fwd,15,1050.0,950.0,0.2721,0.0
DB02_to_DB01#alt3,3,fwd,16,1000.0,1000.0,0.2721,0.0
DB02_to_DB01#alt3,3,fwd,17,950.0,1050.0,0.2609,0.0
DB02_to_DB01#alt3,3,fwd,18,900.0,1100.0,0.2407,0.0
DB02_to_DB01#alt3,3,fwd,19,850.0,1133.33,0.253,0.0
DB02_to_DB01#alt3,3,fwd,20,800.0,1166.67,0.2407,0.0
DB02_to_DB01#alt3,3,fwd,21,750.0,1200.0,0.2609,0.0
DB02_to_DB01#alt3,3,fwd,22,700.0,1250.0,0.2721,0.0
DB02_to_DB01#alt3,3,fwd,23,650.0,1300.0,0.2721,0.0
DB02_to_DB01#alt3,3,fwd,24,600.0,1350.0,0.2609,0.0
DB02_to_DB01#alt3,3,fwd,25,550.0,1400.0,0.2407,0.0
DB02_to_DB01#alt3,3,fwd,26,500.0,1450.0,0.2252,0.0
DB02_to_DB01#alt3,3,fwd,27,450.0,1500.0,0.2057,0.0
DB02_to_DB01#alt3,3,fwd,28,416.67,1550.0,0.1827,0.0
DB02_to_DB01#alt3,3,fwd,29,400.0,1600.0,0.1873,0.0
DB02_to_DB01#alt3,3,fwd,30,400.0,1650.0,0.1889,0.0
DB02_to_DB01#alt3,3,fwd,31,400.0,1700.0,0.1873,0.0
DB02_to_DB01#alt3,3,fwd,32,400.0,1750.0,0.1827,0.0
DB02_to_DB01#alt3,3,fwd,33,400.0,1800.0,0.1755,0.0
DB02_to_DB01#alt3,3,fwd,34,400.0,1850.0,0.1661,0.0
DB02_to_DB01#alt3,3,fwd,35,400.0,1900.0,0.1551,0.0
DB02_to_DB01#alt3,3,fwd,36,400.0,1950.0,0.1432,0.0
DB02_to_DB01#alt3,3,fwd,37,400.0,2000.0,0.1308,0.0
DB02_to_DB01#alt3,3,fwd,38,400.0,2050.0,0.1183,0.0
DB02_to_DB01#alt3,3,fwd,39,400.0,2100.0,0.1062,0.0
DB02_to_DB01#alt3,3,fwd,40,400.0,2150.0,0.0947,0.0
DB02_to_DB01#alt3,3,fwd,41,400.0,2200.0,0.0839,0.0
DB02_to_DB01#alt3,3,fwd,42,400.0,2250.0,0.0748,0.0
DB02_to_DB01#alt3,3,fwd,43,400.0,2300.0,0.0663,0.0
DB02_to_DB01#alt3,3,fwd,44,400.0,2350.0,0.0591,0.0
DB02_to_DB01#alt3,3,fwd,45,383.33,2400.0,0.0524,0.0
DB02_to_DB01#alt3,3,fwd,46,366.67,2450.0,0.0414,0.0
DB02_to_DB01#alt3,3,fwd,47,350.0,2500.0,0.0414,0.0
DB02_to_DB01#alt3,3,fwd,48,350.0,2550.0,0.0467,0.0
DB02_to_DB01#alt3,3,fwd,49,350.0,2600.0,0.0524,0.0
DB02_to_DB01#alt3,3,fwd,50,350.0,2650.0,0.0591,0.0
DB02_to_DB01#alt3,3,fwd,51,350.0,2700.0,0.0663,0.0
DB02_to_DB01#alt3,3,fwd,52,350.0,2750.0,0.074,0.0
DB02_to_DB01#alt3,3,fwd,53,350.0,2800.0,0.0821,0.0
DB02_to_DB01#alt3,3,fwd,54,350.0,2850.0,0.0904,0.0
DB02_to_DB01#alt3,3,fwd,55,350.0,2900.0,0.0987,0.0
DB02_to_DB01#alt3,3,fwd,56,350.0,2950.0,0.1069,0.0
DB02_to_DB01#alt3,3,fwd,57,350.0,3000.0,0.1146,0.0
DB02_to_DB01#alt3,3,fwd,58,350.0,3050.0,0.1239,0.0
DB02_to_DB01#alt3,3,fwd,59,350.0,3100.0,0.1335,0.0
DB02_to_DB01#alt3,3,fwd,60,350.0,3150.0,0.1422,0.0
DB02_to_DB01#alt3,3,fwd,61,350.0,3200.0,0.1495,0.0
DB02_to_DB01#alt3,3,fwd,62,350.0,3250.0,0.1551,0.0
DB02_to_DB01#alt3,3,fwd,63,350.0,3300.0,0.1661,0.0
DB02_to_DB01#alt3,3,fwd,64,350.0,3350.0,0.1755,0.0
DB02_to_DB01#alt3,3,fwd,65,350.0,3400.0,0.1827,0.0
DB02_to_DB01#alt3,3,fwd,66,350.0,3450.0,0.1873,0.0
DB02_to_DB01#alt3,3,fwd,67,350.0,3500.0,0.1889,0.0
DB02_to_DB01#alt3,3,fwd,68,350.0,3550.0,0.1873,0.0
DB02_to_DB01#alt3,3,fwd,69,366.67,3600.0,0.1827,0.0
DB02_to_DB01#alt3,3,fwd,70,400.0,3650.0,0.2057,0.0
DB02_to_DB01#alt3,3,fwd,71,450.0,3700.0,0.2252,0.0
DB02_to_DB01#alt3,3,fwd,72,500.0,3750.0,0.253,0.0
DB02_to_DB01#alt3,3,fwd,73,550.0,3800.0,0.281,0.0
DB02_to_DB01#alt3,3,fwd,74,600.0,3850.0,0.3006,0.0
DB02_to_DB01#alt3,3,fwd,75,650.0,3883.33,0.3269,0.0
DB02_to_DB01#alt3,3,fwd,76,700.0,3900.0,0.3784,0.0
DB02_to_DB01#alt3,3,fwd,77,750.0,3900.0,0.4346,0.0
DB02_to_DB01#alt3,3,fwd,78,800.0,3900.0,0.4931,0.0
DB02_to_DB01#alt3,3,fwd,79,850.0,3900.0,0.5483,0.0
DB02_to_DB01#alt3,3,fwd,80,900.0,3900.0,0.6241,0.0
DB02_to_DB01#alt3,3,fwd,81,950.0,3900.0,0.6889,0.0
DB02_to_DB01#alt3,3,fwd,82,1000.0,3900.0,0.7165,0.0
DB02_to_DB01#alt5,5,fwd,0,1800.0,1100.0,0.1183,0.0
DB02_to_DB01#alt5,5,fwd,1,1750.0,1050.0,0.1138,0.0
DB02_to_DB01#alt5,5,fwd,2,1700.0,1000.0,0.1069,0.0
DB02_to_DB01#alt5,5,fwd,3,1650.0,950.0,0.0981,0.0
DB02_to_DB01#alt5,5,fwd,4,1600.0,900.0,0.0883,0.0
DB02_to_DB01#alt5,5,fwd,5,1550.0,866.67,0.0781,0.0
DB02_to_DB01#alt5,5,fwd,6,1500.0,833.33,0.0803,0.0
DB02_to_DB01#alt5,5,fwd,7,1450.0,816.67,0.0947,0.0
DB02_to_DB01#alt5,5,fwd,8,1400.0,800.0,0.1117,0.0
DB02_to_DB01#alt5,5,fwd,9,1350.0,800.0,0.1317,0.0
DB02_to_DB01#alt5,5,fwd,10,1300.0,800.0,0.1551,0.0
DB02_to_DB01#alt5,5,fwd,11,1250.0,800.0,0.1827,0.0
DB02_to_DB01#alt5,5,fwd,12,1200.0,800.0,0.2151,0.0
DB02_to_DB01#alt5,5,fwd,13,1150.0,800.0,0.253,0.0
DB02_to_DB01#alt5,5,fwd,14,1100.0,816.67,0.2972,0.0
DB02_to_DB01#alt5,5,fwd,15,1050.0,850.0,0.3269,0.0
DB02_to_DB01#alt5,5,fwd,16,1000.0,900.0,0.344,0.0
DB02_to_DB01#alt5,5,fwd,17,950.0,916.67,0.3895,0.0
DB02_to_DB01#alt5,5,fwd,18,900.0,916.67,0.4346,0.0
DB02_to_DB01#alt5,5,fwd,19,850.0,883.33,0.4746,0.0
DB02_to_DB01#alt5,5,fwd,20,800.0,850.0,0.5903,0.0
DB02_to_DB01#alt5,5,fwd,21,750.0,816.67,0.7165,0.0
DB02_to_DB01#alt5,5,fwd,22,700.0,800.0,0.7165,0.0
DB02_to_DB01#alt5,5,fwd,23,650.0,783.33,0.6889,0.0
DB02_to_DB01#alt5,5,fwd,24,600.0,766.67,0.6889,0.0
DB02_to_DB01#alt5,5,fwd,25,550.0,750.0,0.6241,0.0
DB02_to_DB01#alt5,5,fwd,26,500.0,750.0,0.6889,0.0
DB02_to_DB01#alt5,5,fwd,27,450.0,750.0,0.7165,0.0
DB02_to_DB01#alt5,5,fwd,28,400.0,750.0,0.7165,0.0
DB02_to_DB01#alt5,5,fwd,29,350.0,766.67,0.7165,0.0
DB02_to_DB01#alt5,5,fwd,30,300.0,800.0,0.6065,0.0
DB02_to_DB01#alt5,5,fwd,31,250.0,850.0,0.503,0.0
DB02_to_DB01#alt5,5,fwd,32,200.0,900.0,0.4076,0.0
DB02_to_DB01#alt5,5,fwd,33,150.0,950.0,0.3269,0.0
DB02_to_DB01#alt5,5,fwd,34,100.0,1000.0,0.2609,0.0
DB02_to_DB01#alt5,5,fwd,35,66.67,1050.0,0.2076,0.0
DB02_to_DB01#alt5,5,fwd,36,50.0,1100.0,0.1798,0.0
DB02_to_DB01#alt5,5,fwd,37,50.0,1150.0,0.1551,0.0
DB02_to_DB01#alt5,5,fwd,38,50.0,1200.0,0.1335,0.0
DB02_to_DB01#alt5,5,fwd,39,50.0,1250.0,0.1146,0.0
DB02_to_DB01#alt5,5,fwd,40,50.0,1300.0,0.0981,0.0
DB02_to_DB01#alt5,5,fwd,41,50.0,1350.0,0.0839,0.0
DB02_to_DB01#alt5,5,fwd,42,50.0,1400.0,0.0717,0.0
DB02_to_DB01#alt5,5,fwd,43,50.0,1450.0,0.0612,0.0
DB02_to_DB01#alt5,5,fwd,44,50.0,1500.0,0.0563,0.0
DB02_to_DB01#alt5,5,fwd,45,50.0,1550.0,0.0577,0.0
DB02_to_DB01#alt5,5,fwd,46,50.0,1600.0,0.0585,0.0
DB02_to_DB01#alt5,5,fwd,47,50.0,1650.0,0.0588,0.0
DB02_to_DB01#alt5,5,fwd,48,50.0,1700.0,0.0585,0.0
DB02_to_DB01#alt5,5,fwd,49,50.0,1750.0,0.0577,0.0
DB02_to_DB01#alt5,5,fwd,50,50.0,1800.0,0.0563,0.0
DB02_to_DB01#alt5,5,fwd,51,50.0,1850.0,0.0544,0.0
DB02_to_DB01#alt5,5,fwd,52,50.0,1900.0,0.0522,0.0
DB02_to_DB01#alt5,5,fwd,53,50.0,1950.0,0.0496,0.0
DB02_to_DB01#alt5,5,fwd,54,50.0,2000.0,0.0467,0.0
DB02_to_DB01#alt5,5,fwd,55,50.0,2050.0,0.0437,0.0
DB02_to_DB01#alt5,5,fwd,56,50.0,2100.0,0.0405,0.0
DB02_to_DB01#alt5,5,fwd,57,50.0,2150.0,0.0374,0.0
DB02_to_DB01#alt5,5,fwd,58,50.0,2200.0,0.0342,0.0
DB02_to_DB01#alt5,5,fwd,59,50.0,2250.0,0.0312,0.0
DB02_to_DB01#alt5,5,fwd,60,50.0,2300.0,0.0282,0.0
DB02_to_DB01#alt5,5,fwd,61,50.0,2350.0,0.0255,0.0
DB02_to_DB01#alt5,5,fwd,62,50.0,2400.0,0.0229,0.0
DB02_to_DB01#alt5,5,fwd,63,50.0,2450.0,0.0204,0.0
DB02_to_DB01#alt5,5,fwd,64,50.0,2500.0,0.0201,0.0
DB02_to_DB01#alt5,5,fwd,65,50.0,2550.0,0.0224,0.0
DB02_to_DB01#alt5,5,fwd,66,50.0,2600.0,0.0247,0.0
DB02_to_DB01#alt5,5,fwd,67,50.0,2650.0,0.0272,0.0
DB02_to_DB01#alt5,5,fwd,68,50.0,2700.0,0.0297,0.0
DB02_to_DB01#alt5,5,fwd,69,50.0,2750.0,0.0323,0.0
DB02_to_DB01#alt5,5,fwd,70,50.0,2800.0,0.0349,0.0
DB02_to_DB01#alt5,5,fwd,71,50.0,2850.0,0.0375,0.0
DB02_to_DB01#alt5,5,fwd,72,50.0,2900.0,0.0405,0.0
DB02_to_DB01#alt5,5,fwd,73,50.0,2950.0,0.0437,0.0
DB02_to_DB01#alt5,5,fwd,74,50.0,3000.0,0.0467,0.0
DB02_to_DB01#alt5,5,fwd,75,50.0,3050.0,0.0496,0.0
DB02_to_DB01#alt5,5,fwd,76,50.0,3100.0,0.0522,0.0
DB02_to_DB01#alt5,5,fwd,77,50.0,3150.0,0.0544,0.0
DB02_to_DB01#alt5,5,fwd,78,50.0,3200.0,0.058,0.0
DB02_to_DB01#alt5,5,fwd,79,50.0,3250.0,0.0612,0.0
DB02_to_DB01#alt5,5,fwd,80,50.0,3300.0,0.064,0.0
DB02_to_DB01#alt5,5,fwd,81,50.0,3350.0,0.0663,0.0
DB02_to_DB01#alt5,5,fwd,82,50.0,3400.0,0.0681,0.0
DB02_to_DB01#alt5,5,fwd,83,50.0,3450.0,0.0691,0.0
DB02_to_DB01#alt5,5,fwd,84,50.0,3500.0,0.0695,0.0
DB02_to_DB01#alt5,5,fwd,85,50.0,3550.0,0.0691,0.0
DB02_to_DB01#alt5,5,fwd,86,50.0,3600.0,0.0681,0.0
DB02_to_DB01#alt5,5,fwd,87,50.0,3650.0,0.0785,0.0
DB02_to_DB01#alt5,5,fwd,88,50.0,3700.0,0.0904,0.0
DB02_to_DB01#alt5,5,fwd,89,50.0,3750.0,0.1036,0.0
DB02_to_DB01#alt5,5,fwd,90,66.67,3800.0,0.1183,0.0
DB02_to_DB01#alt5,5,fwd,91,100.0,3850.0,0.1495,0.0
DB02_to_DB01#alt5,5,fwd,92,150.0,3900.0,0.1889,0.0
DB02_to_DB01#alt5,5,fwd,93,200.0,3950.0,0.2384,0.0
DB02_to_DB01#alt5,5,fwd,94,250.0,4000.0,0.3006,0.0
DB02_to_DB01#alt5,5,fwd,95,300.0,4050.0,0.3784,0.0
DB02_to_DB01#alt5,5,fwd,96,350.0,4100.0,0.4746,0.0
DB02_to_DB01#alt5,5,fwd,97,400.0,4150.0,0.5903,0.0
DB02_to_DB01#alt5,5,fwd,98,450.0,4183.33,0.7165,0.0
DB02_to_DB01#alt5,5,fwd,99,500.0,4200.0,0.7165,0.0
DB02_to_DB01#alt5,5,fwd,100,550.0,4200.0,0.7165,0.0
DB02_to_DB01#alt5,5,fwd,101,600.0,4200.0,0.7165,0.0
DB02_to_DB01#alt5,5,fwd,102,650.0,4183.33,0.7165,0.0
DB02_to_DB01#alt5,5,fwd,103,700.0,4166.67,0.5903,0.0
DB02_to_DB01#alt5,5,fwd,104,750.0,4150.0,0.5483,0.0
DB02_to_DB01#alt5,5,fwd,105,800.0,4150.0,0.6241,0.0
DB02_to_DB01#alt5,5,fwd,106,850.0,4150.0,0.6889,0.0
DB02_to_DB01#alt5,5,fwd,107,900.0,4133.33,0.7165,0.0
DB02_to_DB01#alt5,5,fwd,108,950.0,4100.0,0.5903,0.0
DB02_to_DB01#alt5,5,fwd,109,983.33,4050.0,0.4746,0.0
DB02_to_DB01#alt5,5,fwd,110,1000.0,4000.0,0.5483,0.0
DB02_to_DB01#alt5,5,fwd,111,1000.0,3950.0,0.6241,0.0
DB02_to_DB01#alt5,5,fwd,112,1000.0,3900.0,0.7165,0.0
DK01_to_DK04#alt0,0,fwd,0,1200.0,550.0,0.2151,0.0
DK01_to_DK04#alt0,0,fwd,1,1250.0,600.0,0.1873,0.0
DK01_to_DK04#alt0,0,fwd,2,1300.0,650.0,0.1599,0.0
DK01_to_DK04#alt0,0,fwd,3,1350.0,700.0,0.1353,0.0
DK01_to_DK04#alt0,0,fwd,4,1400.0,750.0,0.1138,0.0
DK01_to_DK04#alt0,0,fwd,5,1450.0,800.0,0.0947,0.0
DK01_to_DK04#alt0,0,fwd,6,1483.33,850.0,0.0803,0.0
DK01_to_DK04#alt0,0,fwd,7,1500.0,900.0,0.0947,0.0
DK01_to_DK04#alt0,0,fwd,8,1500.0,950.0,0.1117,0.0
DK01_to_DK04#alt0,0,fwd,9,1500.0,1000.0,0.1317,0.0
DK01_to_DK04#alt0,0,fwd,10,1500.0,1050.0,0.1551,0.0
DK01_to_DK04#alt0,0,fwd,11,1516.67,1100.0,0.1827,0.0
DK01_to_DK04#alt0,0,fwd,12,1516.67,1150.0,0.2151,0.0
DK01_to_DK04#alt0,0,fwd,13,1516.67,1200.0,0.253,0.0
DK01_to_DK04#alt0,0,fwd,14,1516.67,1250.0,0.2972,0.0
DK01_to_DK04#alt0,0,fwd,15,1550.0,1300.0,0.3269,0.0
DK01_to_DK04#alt0,0,fwd,16,1600.0,1350.0,0.344,0.0
DK01_to_DK04#alt0,0,fwd,17,1650.0,1400.0,0.344,0.0
DK01_to_DK04#alt0,0,fwd,18,1700.0,1450.0,0.344,0.0
DK01_to_DK04#alt0,0,fwd,19,1750.0,1500.0,0.344,0.0
DK01_to_DK04#alt0,0,fwd,20,1783.33,1550.0,0.3269,0.0
DK01_to_DK04#alt0,0,fwd,21,1800.0,1600.0,0.3485,0.0
DK01_to_DK04#alt0,0,fwd,22,1800.0,1650.0,0.3628,0.0
DK01_to_DK04#alt0,0,fwd,23,1800.0,1700.0,0.3784,0.0
DK01_to_DK04#alt0,0,fwd,24,1800.0,1750.0,0.4076,0.0
DK01_to_DK04#alt0,0,fwd,25,1800.0,1800.0,0.4346,0.0
DK01_to_DK04#alt0,0,fwd,26,1800.0,1850.0,0.4746,0.0
DK01_to_DK04#alt0,0,fwd,27,1800.0,1900.0,0.503,0.0
DK01_to_DK04#alt0,0,fwd,28,1800.0,1950.0,0.5134,0.0
DK01_to_DK04#alt0,0,fwd,29,1800.0,2000.0,0.5134,0.0
DK01_to_DK04#alt0,0,fwd,30,1800.0,2050.0,0.5134,0.0
DK01_to_DK04#alt0,0,fwd,31,1800.0,2100.0,0.5134,0.0
DK01_to_DK04#alt0,0,fwd,32,1800.0,2150.0,0.5134,0.0
DK01_to_DK04#alt0,0,fwd,33,1800.0,2200.0,0.5134,0.0
DK01_to_DK04#alt0,0,fwd,34,1800.0,2250.0,0.5483,0.0
DK01_to_DK04#alt0,0,fwd,35,1800.0,2300.0,0.5903,0.0
DK01_to_DK04#alt0,0,fwd,36,1800.0,2350.0,0.6241,0.0
DK01_to_DK04#alt0,0,fwd,37,1800.0,2400.0,0.6889,0.0
DK01_to_DK04#alt0,0,fwd,38,1800.0,2450.0,0.7165,0.0
DK01_to_DK04#alt0,0,fwd,39,1800.0,2500.0,0.7165,0.0
DK01_to_DK04#alt0,0,fwd,40,1783.33,2550.0,0.6889,0.0
DK01_to_DK04#alt0,0,fwd,41,1750.0,2600.0,0.6889,0.0
DK01_to_DK04#alt0,0,fwd,42,1700.0,2650.0,0.6889,0.0
DK01_to_DK04#alt0,0,fwd,43,1650.0,2700.0,0.6889,0.0
DK01_to_DK04#alt0,0,fwd,44,1600.0,2750.0,0.6065,0.0
DK01_to_DK04#alt0,0,fwd,45,1550.0,2783.33,0.5134,0.0
DK01_to_DK04#alt0,0,fwd,46,1500.0,2800.0,0.5134,0.0
DK04_to_DK01#alt0,0,bwd,0,1500.0,2800.0,0.5134,0.0
DK04_to_DK01#alt0,0,bwd,1,1450.0,2850.0,0.4346,0.0
DK04_to_DK01#alt0,0,bwd,2,1400.0,2883.33,0.4346,0.0
DK04_to_DK01#alt0,0,bwd,3,1350.0,2900.0,0.4746,0.0
DK04_to_DK01#alt0,0,bwd,4,1300.0,2900.0,0.503,0.0
DK04_to_DK01#alt0,0,bwd,5,1250.0,2900.0,0.5134,0.0
DK04_to_DK01#alt0,0,bwd,6,1200.0,2900.0,0.503,0.0
DK04_to_DK01#alt0,0,bwd,7,1150.0,2883.33,0.4746,0.0
DK04_to_DK01#alt0,0,bwd,8,1100.0,2866.67,0.3784,0.0
DK04_to_DK01#alt0,0,bwd,9,1050.0,2833.33,0.3628,0.0
DK04_to_DK01#alt0,0,bwd,10,1000.0,2800.0,0.2972,0.0
DK04_to_DK01#alt0,0,bwd,11,950.0,2750.0,0.2407,0.0
DK04_to_DK01#alt0,0,bwd,12,900.0,2700.0,0.1937,0.0
DK04_to_DK01#alt0,0,bwd,13,850.0,2650.0,0.1551,0.0
DK04_to_DK01#alt0,0,bwd,14,800.0,2600.0,0.1344,0.0
DK04_to_DK01#alt0,0,bwd,15,750.0,2550.0,0.1146,0.0
DK04_to_DK01#alt0,0,bwd,16,700.0,2500.0,0.097,0.0
DK04_to_DK01#alt0,0,bwd,17,650.0,2450.0,0.0821,0.0
DK04_to_DK01#alt0,0,bwd,18,600.0,2400.0,0.0785,0.0
DK04_to_DK01#alt0,0,bwd,19,550.0,2350.0,0.0821,0.0
DK04_to_DK01#alt0,0,bwd,20,500.0,2300.0,0.0839,0.0
DK04_to_DK01#alt0,0,bwd,21,450.0,2250.0,0.0839,0.0
DK04_to_DK01#alt0,0,bwd,22,400.0,2200.0,0.0839,0.0
DK04_to_DK01#alt0,0,bwd,23,350.0,2150.0,0.0839,0.0
DK04_to_DK01#alt0,0,bwd,24,300.0,2100.0,0.0821,0.0
DK04_to_DK01#alt0,0,bwd,25,266.67,2050.0,0.0785,0.0
DK04_to_DK01#alt0,0,bwd,26,250.0,2000.0,0.0854,0.0
DK04_to_DK01#alt0,0,bwd,27,250.0,1950.0,0.092,0.0
DK04_to_DK01#alt0,0,bwd,28,250.0,1900.0,0.0981,0.0
DK04_to_DK01#alt0,0,bwd,29,250.0,1850.0,0.1036,0.0
DK04_to_DK01#alt0,0,bwd,30,266.67,1800.0,0.1082,0.0
DK04_to_DK01#alt0,0,bwd,31,283.33,1750.0,0.1317,0.0
DK04_to_DK01#alt0,0,bwd,32,283.33,1700.0,0.1344,0.0
DK04_to_DK01#alt0,0,bwd,33,266.67,1650.0,0.1146,0.0
DK04_to_DK01#alt0,0,bwd,34,250.0,1600.0,0.1138,0.0
DK04_to_DK01#alt0,0,bwd,35,250.0,1550.0,0.1117,0.0
DK04_to_DK01#alt0,0,bwd,36,250.0,1500.0,0.1082,0.0
DK04_to_DK01#alt0,0,bwd,37,250.0,1450.0,0.1036,0.0
DK04_to_DK01#alt0,0,bwd,38,250.0,1400.0,0.0981,0.0
DK04_to_DK01#alt0,0,bwd,39,250.0,1350.0,0.0964,0.0
DK04_to_DK01#alt0,0,bwd,40,250.0,1300.0,0.1138,0.0
DK04_to_DK01#alt0,0,bwd,41,250.0,1250.0,0.1344,0.0
DK04_to_DK01#alt0,0,bwd,42,250.0,1200.0,0.1587,0.0
DK04_to_DK01#alt0,0,bwd,43,250.0,1150.0,0.1873,0.0
DK04_to_DK01#alt0,0,bwd,44,250.0,1100.0,0.2211,0.0
DK04_to_DK01#alt0,0,bwd,45,266.67,1050.0,0.2609,0.0
DK04_to_DK01#alt0,0,bwd,46,300.0,1000.0,0.3114,0.0
DK04_to_DK01#alt0,0,bwd,47,350.0,950.0,0.3679,0.0
DK04_to_DK01#alt0,0,bwd,48,400.0,900.0,0.4346,0.0
DK04_to_DK01#alt0,0,bwd,49,450.0,850.0,0.5134,0.0
DK04_to_DK01#alt0,0,bwd,50,500.0,816.67,0.5903,0.0
DK04_to_DK01#alt0,0,bwd,51,550.0,800.0,0.5483,0.0
DK04_to_DK01#alt0,0,bwd,52,600.0,800.0,0.6241,0.0
DK04_to_DK01#alt0,0,bwd,53,650.0,800.0,0.6889,0.0
DK04_to_DK01#alt0,0,bwd,54,700.0,800.0,0.7165,0.0
DK04_to_DK01#alt0,0,bwd,55,750.0,800.0,0.7165,0.0
DK04_to_DK01#alt0,0,bwd,56,800.0,800.0,0.6889,0.0
DK04_to_DK01#alt0,0,bwd,57,850.0,750.0,0.6889,0.0
DK04_to_DK01#alt0,0,bwd,58,900.0,700.0,0.6065,0.0
DK04_to_DK01#alt0,0,bwd,59,950.0,650.0,0.5134,0.0
DK04_to_DK01#alt0,0,bwd,60,1000.0,600.0,0.4275,0.0
DK04_to_DK01#alt0,0,bwd,61,1050.0,566.67,0.3485,0.0
DK04_to_DK01#alt0,0,bwd,62,1100.0,550.0,0.2972,0.0
DK04_to_DK01#alt0,0,bwd,63,1150.0,550.0,0.253,0.0
DK04_to_DK01#alt0,0,bwd,64,1200.0,550.0,0.2151,0.0
DK01_to_DK04#alt1,1,fwd,0,1200.0,550.0,0.2151,0.0
DK01_to_DK04#alt1,1,fwd,1,1150.0,500.0,0.2407,0.0
DK01_to_DK04#alt1,1,fwd,2,1100.0,450.0,0.2609,0.0
DK01_to_DK04#alt1,1,fwd,3,1050.0,400.0,0.2721,0.0
DK01_to_DK04#alt1,1,fwd,4,1000.0,350.0,0.2721,0.0
DK01_to_DK04#alt1,1,fwd,5,950.0,300.0,0.2972,0.0
DK01_to_DK04#alt1,1,fwd,6,900.0,250.0,0.3269,0.0
DK01_to_DK04#alt1,1,fwd,7,850.0,200.0,0.3485,0.0
DK01_to_DK04#alt1,1,fwd,8,800.0,150.0,0.3784,0.0
DK01_to_DK04#alt1,1,fwd,9,750.0,100.0,0.3895,0.0
DK01_to_DK04#alt1,1,fwd,10,700.0,66.67,0.3895,0.0
DK01_to_DK04#alt1,1,fwd,11,650.0,50.0,0.4346,0.0
DK01_to_DK04#alt1,1,fwd,12,600.0,50.0,0.4746,0.0
DK01_to_DK04#alt1,1,fwd,13,550.0,50.0,0.503,0.0
DK01_to_DK04#alt1,1,fwd,14,500.0,50.0,0.5134,0.0
DK01_to_DK04#alt1,1,fwd,15,450.0,50.0,0.5134,0.0
DK01_to_DK04#alt1,1,fwd,16,400.0,50.0,0.5134,0.0
DK01_to_DK04#alt1,1,fwd,17,350.0,50.0,0.5134,0.0
DK01_to_DK04#alt1,1,fwd,18,300.0,50.0,0.5134,0.0
DK01_to_DK04#alt1,1,fwd,19,250.0,50.0,0.5134,0.0
DK01_to_DK04#alt1,1,fwd,20,200.0,50.0,0.503,0.0
DK01_to_DK04#alt1,1,fwd,21,150.0,66.67,0.4746,0.0
DK01_to_DK04#alt1,1,fwd,22,100.0,100.0,0.4931,0.0
DK01_to_DK04#alt1,1,fwd,23,66.67,150.0,0.4931,0.0
DK01_to_DK04#alt1,1,fwd,24,50.0,200.0,0.5483,0.0
DK01_to_DK04#alt1,1,fwd,25,50.0,250.0,0.5903,0.0
DK01_to_DK04#alt1,1,fwd,26,50.0,300.0,0.6241,0.0
DK01_to_DK04#alt1,1,fwd,27,50.0,350.0,0.6889,0.0
DK01_to_DK04#alt1,1,fwd,28,50.0,400.0,0.7165,0.0
DK01_to_DK04#alt1,1,fwd,29,50.0,450.0,0.7165,0.0
DK01_to_DK04#alt1,1,fwd,30,50.0,500.0,0.7165,0.0
DK01_to_DK04#alt1,1,fwd,31,66.67,550.0,0.6889,0.0
DK01_to_DK04#alt1,1,fwd,32,100.0,600.0,0.6889,0.0
DK01_to_DK04#alt1,1,fwd,33,133.33,650.0,0.6889,0.0
DK01_to_DK04#alt1,1,fwd,34,150.0,700.0,0.6241,0.0
DK01_to_DK04#alt1,1,fwd,35,150.0,750.0,0.5483,0.0
DK01_to_DK04#alt1,1,fwd,36,150.0,800.0,0.4931,0.0
DK01_to_DK04#alt1,1,fwd,37,150.0,850.0,0.4346,0.0
DK01_to_DK04#alt1,1,fwd,38,150.0,900.0,0.3784,0.0
DK01_to_DK04#alt1,1,fwd,39,150.0,950.0,0.3269,0.0
DK01_to_DK04#alt1,1,fwd,40,150.0,1000.0,0.281,0.0
DK01_to_DK04#alt1,1,fwd,41,150.0,1050.0,0.2407,0.0
DK01_to_DK04#alt1,1,fwd,42,150.0,1100.0,0.2057,0.0
DK01_to_DK04#alt1,1,fwd,43,150.0,1150.0,0.1755,0.0
DK01_to_DK04#alt1,1,fwd,44,150.0,1200.0,0.1495,0.0
DK01_to_DK04#alt1,1,fwd,45,166.67,1250.0,0.1273,0.0
DK01_to_DK04#alt1,1,fwd,46,200.0,1300.0,0.1117,0.0
DK01_to_DK04#alt1,1,fwd,47,250.0,1350.0,0.0964,0.0
DK01_to_DK04#alt1,1,fwd,48,300.0,1400.0,0.1146,0.0
DK01_to_DK04#alt1,1,fwd,49,350.0,1450.0,0.1422,0.0
DK01_to_DK04#alt1,1,fwd,50,400.0,1500.0,0.1755,0.0
DK01_to_DK04#alt1,1,fwd,51,450.0,1550.0,0.2151,0.0
DK01_to_DK04#alt1,1,fwd,52,483.33,1600.0,0.2609,0.0
DK01_to_DK04#alt1,1,fwd,53,500.0,1650.0,0.2636,0.0
DK01_to_DK04#alt1,1,fwd,54,516.67,1700.0,0.2609,0.0
DK01_to_DK04#alt1,1,fwd,55,550.0,1750.0,0.2972,0.0
DK01_to_DK04#alt1,1,fwd,56,583.33,1800.0,0.3269,0.0
DK01_to_DK04#alt1,1,fwd,57,600.0,1850.0,0.3006,0.0
DK01_to_DK04#alt1,1,fwd,58,616.67,1900.0,0.2721,0.0
DK01_to_DK04#alt1,1,fwd,59,650.0,1950.0,0.2721,0.0
DK01_to_DK04#alt1,1,fwd,60,700.0,2000.0,0.2721,0.0
DK01_to_DK04#alt1,1,fwd,61,750.0,2050.0,0.2721,0.0
DK01_to_DK04#alt1,1,fwd,62,783.33,2100.0,0.2609,0.0
DK01_to_DK04#alt1,1,fwd,63,800.0,2150.0,0.2252,0.0
DK01_to_DK04#alt1,1,fwd,64,816.67,2200.0,0.1937,0.0
DK01_to_DK04#alt1,1,fwd,65,850.0,2250.0,0.1921,0.0
DK01_to_DK04#alt1,1,fwd,66,900.0,2300.0,0.1921,0.0
DK01_to_DK04#alt1,1,fwd,67,950.0,2350.0,0.2211,0.0
DK01_to_DK04#alt1,1,fwd,68,1000.0,2400.0,0.2636,0.0
DK01_to_DK04#alt1,1,fwd,69,1050.0,2450.0,0.3114,0.0
DK01_to_DK04#alt1,1,fwd,70,1100.0,2500.0,0.3679,0.0
DK01_to_DK04#alt1,1,fwd,71,1150.0,2550.0,0.4346,0.0
DK01_to_DK04#alt1,1,fwd,72,1200.0,2600.0,0.503,0.0
DK01_to_DK04#alt1,1,fwd,73,1250.0,2650.0,0.5483,0.0
DK01_to_DK04#alt1,1,fwd,74,1300.0,2700.0,0.5483,0.0
DK01_to_DK04#alt1,1,fwd,75,1350.0,2750.0,0.5483,0.0
DK01_to_DK04#alt1,1,fwd,76,1400.0,2783.33,0.503,0.0
DK01_to_DK04#alt1,1,fwd,77,1450.0,2800.0,0.5134,0.0
DK01_to_DK04#alt1,1,fwd,78,1500.0,2800.0,0.5134,0.0
DK04_to_DK01#alt2,2,bwd,0,1500.0,2800.0,0.5134,0.0
DK04_to_DK01#alt2,2,bwd,1,1450.0,2750.0,0.6065,0.0
DK04_to_DK01#alt2,2,bwd,2,1400.0,2700.0,0.6889,0.0
DK04_to_DK01#alt2,2,bwd,3,1350.0,2650.0,0.6889,0.0
DK04_to_DK01#alt2,2,bwd,4,1300.0,2600.0,0.6889,0.0
DK04_to_DK01#alt2,2,bwd,5,1250.0,2550.0,0.6065,0.0
DK04_to_DK01#alt2,2,bwd,6,1200.0,2500.0,0.5134,0.0
DK04_to_DK01#alt2,2,bwd,7,1150.0,2450.0,0.4346,0.0
DK04_to_DK01#alt2,2,bwd,8,1116.67,2400.0,0.3679,0.0
DK04_to_DK01#alt2,2,bwd,9,1083.33,2350.0,0.3628,0.0
DK04_to_DK01#alt2,2,bwd,10,1050.0,2300.0,0.2972,0.0
DK04_to_DK01#alt2,2,bwd,11,1000.0,2250.0,0.2721,0.0
DK04_to_DK01#alt2,2,bwd,12,950.0,2200.0,0.2721,0.0
DK04_to_DK01#alt2,2,bwd,13,916.67,2150.0,0.2721,0.0
DK04_to_DK01#alt2,2,bwd,14,900.0,2100.0,0.3077,0.0
DK04_to_DK01#alt2,2,bwd,15,883.33,2050.0,0.3485,0.0
DK04_to_DK01#alt2,2,bwd,16,850.0,2000.0,0.3784,0.0
DK04_to_DK01#alt2,2,bwd,17,800.0,1950.0,0.3895,0.0
DK04_to_DK01#alt2,2,bwd,18,750.0,1900.0,0.3895,0.0
DK04_to_DK01#alt2,2,bwd,19,716.67,1850.0,0.3895,0.0
DK04_to_DK01#alt2,2,bwd,20,683.33,1800.0,0.4346,0.0
DK04_to_DK01#alt2,2,bwd,21,650.0,1750.0,0.4076,0.0
DK04_to_DK01#alt2,2,bwd,22,616.67,1700.0,0.3628,0.0
DK04_to_DK01#alt2,2,bwd,23,600.0,1650.0,0.3679,0.0
DK04_to_DK01#alt2,2,bwd,24,600.0,1600.0,0.3628,0.0
DK04_to_DK01#alt2,2,bwd,25,600.0,1550.0,0.3485,0.0
DK04_to_DK01#alt2,2,bwd,26,600.0,1500.0,0.3269,0.0
DK04_to_DK01#alt2,2,bwd,27,616.67,1450.0,0.3006,0.0
DK04_to_DK01#alt2,2,bwd,28,650.0,1400.0,0.3269,0.0
DK04_to_DK01#alt2,2,bwd,29,700.0,1350.0,0.344,0.0
DK04_to_DK01#alt2,2,bwd,30,750.0,1300.0,0.344,0.0
DK04_to_DK01#alt2,2,bwd,31,800.0,1250.0,0.3269,0.0
DK04_to_DK01#alt2,2,bwd,32,850.0,1200.0,0.2972,0.0
DK04_to_DK01#alt2,2,bwd,33,900.0,1150.0,0.2609,0.0
DK04_to_DK01#alt2,2,bwd,34,950.0,1100.0,0.2252,0.0
DK04_to_DK01#alt2,2,bwd,35,1000.0,1050.0,0.2384,0.0
DK04_to_DK01#alt2,2,bwd,36,1050.0,1000.0,0.2431,0.0
DK04_to_DK01#alt2,2,bwd,37,1100.0,950.0,0.2384,0.0
DK04_to_DK01#alt2,2,bwd,38,1150.0,900.0,0.2252,0.0
DK04_to_DK01#alt2,2,bwd,39,1183.33,850.0,0.2057,0.0
DK04_to_DK01#alt2,2,bwd,40,1200.0,800.0,0.2151,0.0
DK04_to_DK01#alt2,2,bwd,41,1200.0,750.0,0.2211,0.0
DK04_to_DK01#alt2,2,bwd,42,1200.0,700.0,0.2231,0.0
DK04_to_DK01#alt2,2,bwd,43,1200.0,650.0,0.2231,0.0
DK04_to_DK01#alt2,2,bwd,44,1200.0,600.0,0.2211,0.0
DK04_to_DK01#alt2,2,bwd,45,1200.0,550.0,0.2151,0.0
DK03_to_DB01#alt0,0,fwd,0,1050.0,1250.0,0.3679,0.0
DK03_to_DB01#alt0,0,fwd,1,1000.0,1300.0,0.4346,0.0
DK03_to_DB01#alt0,0,fwd,2,950.0,1350.0,0.5134,0.0
DK03_to_DB01#alt0,0,fwd,3,900.0,1400.0,0.5903,0.0
DK03_to_DB01#alt0,0,fwd,4,850.0,1450.0,0.6241,0.0
DK03_to_DB01#alt0,0,fwd,5,800.0,1500.0,0.5903,0.0
DK03_to_DB01#alt0,0,fwd,6,750.0,1550.0,0.5483,0.0
DK03_to_DB01#alt0,0,fwd,7,700.0,1600.0,0.503,0.0
DK03_to_DB01#alt0,0,fwd,8,650.0,1650.0,0.4346,0.0
DK03_to_DB01#alt0,0,fwd,9,600.0,1700.0,0.3628,0.0
DK03_to_DB01#alt0,0,fwd,10,550.0,1750.0,0.2972,0.0
DK03_to_DB01#alt0,0,fwd,11,516.67,1800.0,0.2407,0.0
DK03_to_DB01#alt0,0,fwd,12,500.0,1850.0,0.2252,0.0
DK03_to_DB01#alt0,0,fwd,13,500.0,1900.0,0.2076,0.0
DK03_to_DB01#alt0,0,fwd,14,500.0,1950.0,0.1889,0.0
DK03_to_DB01#alt0,0,fwd,15,500.0,2000.0,0.17,0.0
DK03_to_DB01#alt0,0,fwd,16,500.0,2050.0,0.1517,0.0
DK03_to_DB01#alt0,0,fwd,17,500.0,2100.0,0.1344,0.0
DK03_to_DB01#alt0,0,fwd,18,500.0,2150.0,0.1199,0.0
DK03_to_DB01#alt0,0,fwd,19,483.33,2200.0,0.1062,0.0
DK03_to_DB01#alt0,0,fwd,20,450.0,2250.0,0.0839,0.0
DK03_to_DB01#alt0,0,fwd,21,416.67,2300.0,0.0663,0.0
DK03_to_DB01#alt0,0,fwd,22,400.0,2350.0,0.0591,0.0
DK03_to_DB01#alt0,0,fwd,23,400.0,2400.0,0.0524,0.0
DK03_to_DB01#alt0,0,fwd,24,400.0,2450.0,0.0463,0.0
DK03_to_DB01#alt0,0,fwd,25,416.67,2500.0,0.0463,0.0
DK03_to_DB01#alt0,0,fwd,26,433.33,2550.0,0.0585,0.0
DK03_to_DB01#alt0,0,fwd,27,450.0,2600.0,0.0663,0.0
DK03_to_DB01#alt0,0,fwd,28,450.0,2650.0,0.0748,0.0
DK03_to_DB01#alt0,0,fwd,29,450.0,2700.0,0.0839,0.0
DK03_to_DB01#alt0,0,fwd,30,450.0,2750.0,0.0947,0.0
DK03_to_DB01#alt0,0,fwd,31,450.0,2800.0,0.1062,0.0
DK03_to_DB01#alt0,0,fwd,32,450.0,2850.0,0.1183,0.0
DK03_to_DB01#alt0,0,fwd,33,450.0,2900.0,0.1308,0.0
DK03_to_DB01#alt0,0,fwd,34,450.0,2950.0,0.1432,0.0
DK03_to_DB01#alt0,0,fwd,35,450.0,3000.0,0.1551,0.0
DK03_to_DB01#alt0,0,fwd,36,450.0,3050.0,0.1661,0.0
DK03_to_DB01#alt0,0,fwd,37,450.0,3100.0,0.1798,0.0
DK03_to_DB01#alt0,0,fwd,38,466.67,3150.0,0.1937,0.0
DK03_to_DB01#alt0,0,fwd,39,500.0,3200.0,0.2407,0.0
DK03_to_DB01#alt0,0,fwd,40,533.33,3250.0,0.2972,0.0
DK03_to_DB01#alt0,0,fwd,41,550.0,3300.0,0.3077,0.0
DK03_to_DB01#alt0,0,fwd,42,550.0,3350.0,0.3269,0.0
DK03_to_DB01#alt0,0,fwd,43,550.0,3400.0,0.3485,0.0
DK03_to_DB01#alt0,0,fwd,44,550.0,3450.0,0.3628,0.0
DK03_to_DB01#alt0,0,fwd,45,550.0,3500.0,0.3679,0.0
DK03_to_DB01#alt0,0,fwd,46,566.67,3550.0,0.3628,0.0
DK03_to_DB01#alt0,0,fwd,47,600.0,3600.0,0.4076,0.0
DK03_to_DB01#alt0,0,fwd,48,650.0,3650.0,0.4346,0.0
DK03_to_DB01#alt0,0,fwd,49,700.0,3700.0,0.503,0.0
DK03_to_DB01#alt0,0,fwd,50,750.0,3750.0,0.5483,0.0
DK03_to_DB01#alt0,0,fwd,51,800.0,3800.0,0.5903,0.0
DK03_to_DB01#alt0,0,fwd,52,850.0,3850.0,0.6241,0.0
DK03_to_DB01#alt0,0,fwd,53,900.0,3883.33,0.6241,0.0
DK03_to_DB01#alt0,0,fwd,54,950.0,3900.0,0.6889,0.0
DK03_to_DB01#alt0,0,fwd,55,1000.0,3900.0,0.7165,0.0
DB01_to_DK03#alt0,0,bwd,0,1000.0,3900.0,0.7165,0.0
DB01_to_DK03#alt0,0,bwd,1,950.0,3950.0,0.5903,0.0
DB01_to_DK03#alt0,0,bwd,2,900.0,4000.0,0.4746,0.0
DB01_to_DK03#alt0,0,bwd,3,850.0,4050.0,0.503,0.0
DB01_to_DK03#alt0,0,bwd,4,800.0,4083.33,0.5483,0.0
DB01_to_DK03#alt0,0,bwd,5,750.0,4100.0,0.4931,0.0
DB01_to_DK03#alt0,0,bwd,6,700.0,4100.0,0.503,0.0
DB01_to_DK03#alt0,0,bwd,7,650.0,4100.0,0.5134,0.0
DB01_to_DK03#alt0,0,bwd,8,600.0,4100.0,0.5134,0.0
DB01_to_DK03#alt0,0,bwd,9,550.0,4083.33,0.5134,0.0
DB01_to_DK03#alt0,0,bwd,10,500.0,4050.0,0.4346,0.0
DB01_to_DK03#alt0,0,bwd,11,450.0,4000.0,0.3679,0.0
DB01_to_DK03#alt0,0,bwd,12,400.0,3950.0,0.3077,0.0
DB01_to_DK03#alt0,0,bwd,13,350.0,3900.0,0.253,0.0
DB01_to_DK03#alt0,0,bwd,14,300.0,3850.0,0.2057,0.0
DB01_to_DK03#alt0,0,bwd,15,250.0,3800.0,0.1661,0.0
DB01_to_DK03#alt0,0,bwd,16,200.0,3750.0,0.1335,0.0
DB01_to_DK03#alt0,0,bwd,17,166.67,3700.0,0.1069,0.0
DB01_to_DK03#alt0,0,bwd,18,150.0,3650.0,0.092,0.0
DB01_to_DK03#alt0,0,bwd,19,150.0,3600.0,0.0947,0.0
DB01_to_DK03#alt0,0,bwd,20,150.0,3550.0,0.0964,0.0
DB01_to_DK03#alt0,0,bwd,21,150.0,3500.0,0.097,0.0
DB01_to_DK03#alt0,0,bwd,22,150.0,3450.0,0.0964,0.0
DB01_to_DK03#alt0,0,bwd,23,150.0,3400.0,0.0947,0.0
DB01_to_DK03#alt0,0,bwd,24,150.0,3350.0,0.092,0.0
DB01_to_DK03#alt0,0,bwd,25,150.0,3300.0,0.0883,0.0
DB01_to_DK03#alt0,0,bwd,26,150.0,3250.0,0.0839,0.0
DB01_to_DK03#alt0,0,bwd,27,150.0,3200.0,0.079,0.0
DB01_to_DK03#alt0,0,bwd,28,150.0,3150.0,0.0752,0.0
DB01_to_DK03#alt0,0,bwd,29,150.0,3100.0,0.0717,0.0
DB01_to_DK03#alt0,0,bwd,30,150.0,3050.0,0.0677,0.0
DB01_to_DK03#alt0,0,bwd,31,150.0,3000.0,0.0634,0.0
DB01_to_DK03#alt0,0,bwd,32,150.0,2950.0,0.0588,0.0
DB01_to_DK03#alt0,0,bwd,33,150.0,2900.0,0.0544,0.0
DB01_to_DK03#alt0,0,bwd,34,150.0,2850.0,0.0507,0.0
DB01_to_DK03#alt0,0,bwd,35,150.0,2800.0,0.0469,0.0
DB01_to_DK03#alt0,0,bwd,36,150.0,2750.0,0.0431,0.0
DB01_to_DK03#alt0,0,bwd,37,150.0,2700.0,0.0393,0.0
DB01_to_DK03#alt0,0,bwd,38,150.0,2650.0,0.0357,0.0
DB01_to_DK03#alt0,0,bwd,39,150.0,2600.0,0.0322,0.0
DB01_to_DK03#alt0,0,bwd,40,150.0,2550.0,0.0289,0.0
DB01_to_DK03#alt0,0,bwd,41,150.0,2500.0,0.0259,0.0
DB01_to_DK03#alt0,0,bwd,42,150.0,2450.0,0.0259,0.0
DB01_to_DK03#alt0,0,bwd,43,150.0,2400.0,0.0291,0.0
DB01_to_DK03#alt0,0,bwd,44,150.0,2350.0,0.0327,0.0
DB01_to_DK03#alt0,0,bwd,45,150.0,2300.0,0.0366,0.0
DB01_to_DK03#alt0,0,bwd,46,150.0,2250.0,0.0407,0.0
DB01_to_DK03#alt0,0,bwd,47,150.0,2200.0,0.045,0.0
DB01_to_DK03#alt0,0,bwd,48,150.0,2150.0,0.0496,0.0
DB01_to_DK03#alt0,0,bwd,49,166.67,2100.0,0.0542,0.0
DB01_to_DK03#alt0,0,bwd,50,200.0,2050.0,0.0681,0.0
DB01_to_DK03#alt0,0,bwd,51,250.0,2000.0,0.0854,0.0
DB01_to_DK03#alt0,0,bwd,52,300.0,1950.0,0.1069,0.0
DB01_to_DK03#alt0,0,bwd,53,350.0,1900.0,0.1335,0.0
DB01_to_DK03#alt0,0,bwd,54,400.0,1850.0,0.1661,0.0
DB01_to_DK03#alt0,0,bwd,55,450.0,1800.0,0.2057,0.0
DB01_to_DK03#alt0,0,bwd,56,500.0,1750.0,0.253,0.0
DB01_to_DK03#alt0,0,bwd,57,550.0,1700.0,0.3077,0.0
DB01_to_DK03#alt0,0,bwd,58,583.33,1650.0,0.3679,0.0
DB01_to_DK03#alt0,0,bwd,59,616.67,1600.0,0.3628,0.0
DB01_to_DK03#alt0,0,bwd,60,650.0,1550.0,0.4076,0.0
DB01_to_DK03#alt0,0,bwd,61,700.0,1500.0,0.4346,0.0
DB01_to_DK03#alt0,0,bwd,62,750.0,1450.0,0.4746,0.0
DB01_to_DK03#alt0,0,bwd,63,800.0,1400.0,0.4931,0.0
DB01_to_DK03#alt0,0,bwd,64,850.0,1350.0,0.4746,0.0
DB01_to_DK03#alt0,0,bwd,65,900.0,1300.0,0.4275,0.0
DB01_to_DK03#alt0,0,bwd,66,950.0,1266.67,0.3679,0.0
DB01_to_DK03#alt0,0,bwd,67,1000.0,1250.0,0.3679,0.0
DB01_to_DK03#alt0,0,bwd,68,1050.0,1250.0,0.3679,0.0
DK03_to_DB01#alt1,1,fwd,0,1050.0,1250.0,0.3679,0.0
DK03_to_DB01#alt1,1,fwd,1,1000.0,1200.0,0.3114,0.0
DK03_to_DB01#alt1,1,fwd,2,950.0,1166.67,0.2636,0.0
DK03_to_DB01#alt1,1,fwd,3,900.0,1150.0,0.2609,0.0
DK03_to_DB01#alt1,1,fwd,4,850.0,1150.0,0.253,0.0
DK03_to_DB01#alt1,1,fwd,5,800.0,1166.67,0.2407,0.0
DK03_to_DB01#alt1,1,fwd,6,750.0,1200.0,0.2609,0.0
DK03_to_DB01#alt1,1,fwd,7,700.0,1250.0,0.2721,0.0
DK03_to_DB01#alt1,1,fwd,8,650.0,1300.0,0.2721,0.0
DK03_to_DB01#alt1,1,fwd,9,600.0,1350.0,0.2609,0.0
DK03_to_DB01#alt1,1,fwd,10,550.0,1400.0,0.2407,0.0
DK03_to_DB01#alt1,1,fwd,11,500.0,1450.0,0.2252,0.0
DK03_to_DB01#alt1,1,fwd,12,450.0,1500.0,0.2057,0.0
DK03_to_DB01#alt1,1,fwd,13,400.0,1550.0,0.1827,0.0
DK03_to_DB01#alt1,1,fwd,14,350.0,1600.0,0.1587,0.0
DK03_to_DB01#alt1,1,fwd,15,300.0,1650.0,0.1353,0.0
DK03_to_DB01#alt1,1,fwd,16,250.0,1700.0,0.1138,0.0
DK03_to_DB01#alt1,1,fwd,17,200.0,1750.0,0.0947,0.0
DK03_to_DB01#alt1,1,fwd,18,150.0,1800.0,0.0781,0.0
DK03_to_DB01#alt1,1,fwd,19,100.0,1850.0,0.064,0.0
DK03_to_DB01#alt1,1,fwd,20,66.67,1900.0,0.0522,0.0
DK03_to_DB01#alt1,1,fwd,21,50.0,1950.0,0.0496,0.0
DK03_to_DB01#alt1,1,fwd,22,50.0,2000.0,0.0467,0.0
DK03_to_DB01#alt1,1,fwd,23,50.0,2050.0,0.0437,0.0
DK03_to_DB01#alt1,1,fwd,24,50.0,2100.0,0.0405,0.0
DK03_to_DB01#alt1,1,fwd,25,50.0,2150.0,0.0374,0.0
DK03_to_DB01#alt1,1,fwd,26,50.0,2200.0,0.0342,0.0
DK03_to_DB01#alt1,1,fwd,27,50.0,2250.0,0.0312,0.0
DK03_to_DB01#alt1,1,fwd,28,50.0,2300.0,0.0282,0.0
DK03_to_DB01#alt1,1,fwd,29,50.0,2350.0,0.0255,0.0
DK03_to_DB01#alt1,1,fwd,30,50.0,2400.0,0.0229,0.0
DK03_to_DB01#alt1,1,fwd,31,50.0,2450.0,0.0204,0.0
DK03_to_DB01#alt1,1,fwd,32,50.0,2500.0,0.0201,0.0
DK03_to_DB01#alt1,1,fwd,33,50.0,2550.0,0.0224,0.0
DK03_to_DB01#alt1,1,fwd,34,50.0,2600.0,0.0247,0.0
DK03_to_DB01#alt1,1,fwd,35,50.0,2650.0,0.0272,0.0
DK03_to_DB01#alt1,1,fwd,36,50.0,2700.0,0.0297,0.0
DK03_to_DB01#alt1,1,fwd,37,50.0,2750.0,0.0323,0.0
DK03_to_DB01#alt1,1,fwd,38,50.0,2800.0,0.0349,0.0
DK03_to_DB01#alt1,1,fwd,39,50.0,2850.0,0.0375,0.0
DK03_to_DB01#alt1,1,fwd,40,50.0,2900.0,0.0405,0.0
DK03_to_DB01#alt1,1,fwd,41,50.0,2950.0,0.0437,0.0
DK03_to_DB01#alt1,1,fwd,42,50.0,3000.0,0.0467,0.0
DK03_to_DB01#alt1,1,fwd,43,50.0,3050.0,0.0496,0.0
DK03_to_DB01#alt1,1,fwd,44,50.0,3100.0,0.0522,0.0
DK03_to_DB01#alt1,1,fwd,45,50.0,3150.0,0.0544,0.0
DK03_to_DB01#alt1,1,fwd,46,50.0,3200.0,0.058,0.0
DK03_to_DB01#alt1,1,fwd,47,50.0,3250.0,0.0612,0.0
DK03_to_DB01#alt1,1,fwd,48,50.0,3300.0,0.064,0.0
DK03_to_DB01#alt1,1,fwd,49,50.0,3350.0,0.0663,0.0
DK03_to_DB01#alt1,1,fwd,50,50.0,3400.0,0.0681,0.0
DK03_to_DB01#alt1,1,fwd,51,50.0,3450.0,0.0691,0.0
DK03_to_DB01#alt1,1,fwd,52,50.0,3500.0,0.0695,0.0
DK03_to_DB01#alt1,1,fwd,53,50.0,3550.0,0.0691,0.0
DK03_to_DB01#alt1,1,fwd,54,50.0,3600.0,0.0681,0.0
DK03_to_DB01#alt1,1,fwd,55,50.0,3650.0,0.0785,0.0
DK03_to_DB01#alt1,1,fwd,56,50.0,3700.0,0.0904,0.0
DK03_to_DB01#alt1,1,fwd,57,50.0,3750.0,0.1036,0.0
DK03_to_DB01#alt1,1,fwd,58,66.67,3800.0,0.1183,0.0
DK03_to_DB01#alt1,1,fwd,59,100.0,3850.0,0.1495,0.0
DK03_to_DB01#alt1,1,fwd,60,133.33,3900.0,0.1889,0.0
DK03_to_DB01#alt1,1,fwd,61,166.67,3950.0,0.2151,0.0
DK03_to_DB01#alt1,1,fwd,62,200.0,4000.0,0.2721,0.0
DK03_to_DB01#alt1,1,fwd,63,250.0,4050.0,0.344,0.0
DK03_to_DB01#alt1,1,fwd,64,300.0,4100.0,0.4346,0.0
DK03_to_DB01#alt1,1,fwd,65,350.0,4150.0,0.5483,0.0
DK03_to_DB01#alt1,1,fwd,66,400.0,4183.33,0.6889,0.0
DK03_to_DB01#alt1,1,fwd,67,450.0,4200.0,0.7165,0.0
DK03_to_DB01#alt1,1,fwd,68,500.0,4200.0,0.7165,0.0
DK03_to_DB01#alt1,1,fwd,69,550.0,4200.0,0.7165,0.0
DK03_to_DB01#alt1,1,fwd,70,600.0,4200.0,0.7165,0.0
DK03_to_DB01#alt1,1,fwd,71,650.0,4183.33,0.7165,0.0
DK03_to_DB01#alt1,1,fwd,72,700.0,4166.67,0.5903,0.0
DK03_to_DB01#alt1,1,fwd,73,750.0,4150.0,0.5483,0.0
DK03_to_DB01#alt1,1,fwd,74,800.0,4150.0,0.6241,0.0
DK03_to_DB01#alt1,1,fwd,75,850.0,4150.0,0.6889,0.0
DK03_to_DB01#alt1,1,fwd,76,900.0,4133.33,0.7165,0.0
DK03_to_DB01#alt1,1,fwd,77,950.0,4100.0,0.5903,0.0
DK03_to_DB01#alt1,1,fwd,78,983.33,4050.0,0.4746,0.0
DK03_to_DB01#alt1,1,fwd,79,1000.0,4000.0,0.5483,0.0
DK03_to_DB01#alt1,1,fwd,80,1000.0,3950.0,0.6241,0.0
DK03_to_DB01#alt1,1,fwd,81,1000.0,3900.0,0.7165,0.0
DK03_to_DB01#alt3,3,fwd,0,1050.0,1250.0,0.3679,0.0
DK03_to_DB01#alt3,3,fwd,1,1000.0,1300.0,0.4346,0.0
DK03_to_DB01#alt3,3,fwd,2,950.0,1350.0,0.5134,0.0
DK03_to_DB01#alt3,3,fwd,3,900.0,1400.0,0.5903,0.0
DK03_to_DB01#alt3,3,fwd,4,850.0,1450.0,0.6241,0.0
DK03_to_DB01#alt3,3,fwd,5,816.67,1500.0,0.5903,0.0
DK03_to_DB01#alt3,3,fwd,6,800.0,1550.0,0.6241,0.0
DK03_to_DB01#alt3,3,fwd,7,800.0,1600.0,0.6889,0.0
DK03_to_DB01#alt3,3,fwd,8,800.0,1650.0,0.7165,0.0
DK03_to_DB01#alt3,3,fwd,9,800.0,1700.0,0.6889,0.0
DK03_to_DB01#alt3,3,fwd,10,850.0,1750.0,0.6889,0.0
DK03_to_DB01#alt3,3,fwd,11,883.33,1800.0,0.6889,0.0
DK03_to_DB01#alt3,3,fwd,12,900.0,1850.0,0.6241,0.0
DK03_to_DB01#alt3,3,fwd,13,900.0,1900.0,0.5483,0.0
DK03_to_DB01#alt3,3,fwd,14,900.0,1950.0,0.4746,0.0
DK03_to_DB01#alt3,3,fwd,15,883.33,2000.0,0.4076,0.0
DK03_to_DB01#alt3,3,fwd,16,850.0,2050.0,0.3269,0.0
DK03_to_DB01#alt3,3,fwd,17,800.0,2100.0,0.2609,0.0
DK03_to_DB01#alt3,3,fwd,18,750.0,2150.0,0.2076,0.0
DK03_to_DB01#alt3,3,fwd,19,700.0,2200.0,0.1648,0.0
DK03_to_DB01#alt3,3,fwd,20,650.0,2250.0,0.1308,0.0
DK03_to_DB01#alt3,3,fwd,21,600.0,2300.0,0.1036,0.0
DK03_to_DB01#alt3,3,fwd,22,550.0,2350.0,0.0821,0.0
DK03_to_DB01#alt3,3,fwd,23,516.67,2400.0,0.065,0.0
DK03_to_DB01#alt3,3,fwd,24,516.67,2450.0,0.0568,0.0
DK03_to_DB01#alt3,3,fwd,25,533.33,2500.0,0.0624,0.0
DK03_to_DB01#alt3,3,fwd,26,566.67,2550.0,0.0717,0.0
DK03_to_DB01#alt3,3,fwd,27,600.0,2600.0,0.0904,0.0
DK03_to_DB01#alt3,3,fwd,28,650.0,2650.0,0.1138,0.0
DK03_to_DB01#alt3,3,fwd,29,700.0,2700.0,0.1432,0.0
DK03_to_DB01#alt3,3,fwd,30,733.33,2750.0,0.1798,0.0
DK03_to_DB01#alt3,3,fwd,31,750.0,2800.0,0.2076,0.0
DK03_to_DB01#alt3,3,fwd,32,750.0,2850.0,0.2384,0.0
DK03_to_DB01#alt3,3,fwd,33,750.0,2900.0,0.2721,0.0
DK03_to_DB01#alt3,3,fwd,34,750.0,2950.0,0.3077,0.0
DK03_to_DB01#alt3,3,fwd,35,750.0,3000.0,0.344,0.0
DK03_to_DB01#alt3,3,fwd,36,750.0,3050.0,0.3895,0.0
DK03_to_DB01#alt3,3,fwd,37,750.0,3100.0,0.4346,0.0
DK03_to_DB01#alt3,3,fwd,38,750.0,3150.0,0.4746,0.0
DK03_to_DB01#alt3,3,fwd,39,750.0,3200.0,0.503,0.0
DK03_to_DB01#alt3,3,fwd,40,750.0,3250.0,0.5483,0.0
DK03_to_DB01#alt3,3,fwd,41,750.0,3300.0,0.5903,0.0
DK03_to_DB01#alt3,3,fwd,42,750.0,3350.0,0.6065,0.0
DK03_to_DB01#alt3,3,fwd,43,750.0,3400.0,0.6241,0.0
DK03_to_DB01#alt3,3,fwd,44,750.0,3450.0,0.6889,0.0
DK03_to_DB01#alt3,3,fwd,45,750.0,3500.0,0.7165,0.0
DK03_to_DB01#alt3,3,fwd,46,766.67,3550.0,0.6889,0.0
DK03_to_DB01#alt3,3,fwd,47,783.33,3600.0,0.7165,0.0
DK03_to_DB01#alt3,3,fwd,48,800.0,3650.0,0.7165,0.0
DK03_to_DB01#alt3,3,fwd,49,816.67,3700.0,0.6889,0.0
DK03_to_DB01#alt3,3,fwd,50,833.33,3750.0,0.7165,0.0
DK03_to_DB01#alt3,3,fwd,51,850.0,3800.0,0.6889,0.0
DK03_to_DB01#alt3,3,fwd,52,900.0,3850.0,0.6889,0.0
DK03_to_DB01#alt3,3,fwd,53,950.0,3883.33,0.6889,0.0
DK03_to_DB01#alt3,3,fwd,54,1000.0,3900.0,0.7165,0.0
DK06_to_DB01#alt0,0,fwd,0,3600.0,1200.0,0.2211,0.0
DK06_to_DB01#alt0,0,fwd,1,3550.0,1250.0,0.1827,0.0
DK06_to_DB01#alt0,0,fwd,2,3500.0,1300.0,0.1599,0.0
DK06_to_DB01#alt0,0,fwd,3,3450.0,1350.0,0.1889,0.0
DK06_to_DB01#alt0,0,fwd,4,3400.0,1400.0,0.2231,0.0
DK06_to_DB01#alt0,0,fwd,5,3350.0,1450.0,0.2636,0.0
DK06_to_DB01#alt0,0,fwd,6,3333.33,1500.0,0.2609,0.0
DK06_to_DB01#alt0,0,fwd,7,3333.33,1550.0,0.253,0.0
DK06_to_DB01#alt0,0,fwd,8,3333.33,1600.0,0.2407,0.0
DK06_to_DB01#alt0,0,fwd,9,3300.0,1650.0,0.2609,0.0
DK06_to_DB01#alt0,0,fwd,10,3266.67,1700.0,0.2721,0.0
DK06_to_DB01#alt0,0,fwd,11,3250.0,1750.0,0.2431,0.0
DK06_to_DB01#alt0,0,fwd,12,3250.0,1800.0,0.2151,0.0
DK06_to_DB01#alt0,0,fwd,13,3250.0,1850.0,0.2151,0.0
DK06_to_DB01#alt0,0,fwd,14,3250.0,1900.0,0.2211,0.0
DK06_to_DB01#alt0,0,fwd,15,3233.33,1950.0,0.2231,0.0
DK06_to_DB01#alt0,0,fwd,16,3200.0,2000.0,0.2636,0.0
DK06_to_DB01#alt0,0,fwd,17,3150.0,2050.0,0.3114,0.0
DK06_to_DB01#alt0,0,fwd,18,3100.0,2100.0,0.3679,0.0
DK06_to_DB01#alt0,0,fwd,19,3050.0,2150.0,0.4346,0.0
DK06_to_DB01#alt0,0,fwd,20,3000.0,2200.0,0.5134,0.0
DK06_to_DB01#alt0,0,fwd,21,2950.0,2250.0,0.6065,0.0
DK06_to_DB01#alt0,0,fwd,22,2900.0,2300.0,0.6889,0.0
DK06_to_DB01#alt0,0,fwd,23,2866.67,2350.0,0.7165,0.0
DK06_to_DB01#alt0,0,fwd,24,2850.0,2400.0,0.6889,0.0
DK06_to_DB01#alt0,0,fwd,25,2800.0,2450.0,0.6889,0.0
DK06_to_DB01#alt0,0,fwd,26,2750.0,2500.0,0.6889,0.0
DK06_to_DB01#alt0,0,fwd,27,2700.0,2550.0,0.6889,0.0
DK06_to_DB01#alt0,0,fwd,28,2650.0,2600.0,0.6241,0.0
DK06_to_DB01#alt0,0,fwd,29,2616.67,2650.0,0.7165,0.0
DK06_to_DB01#alt0,0,fwd,30,2600.0,2700.0,0.7165,0.0
DK06_to_DB01#alt0,0,fwd,31,2583.33,2750.0,0.6889,0.0
DK06_to_DB01#alt0,0,fwd,32,2550.0,2800.0,0.6889,0.0
DK06_to_DB01#alt0,0,fwd,33,2500.0,2850.0,0.6889,0.0
DK06_to_DB01#alt0,0,fwd,34,2450.0,2900.0,0.6065,0.0
DK06_to_DB01#alt0,0,fwd,35,2400.0,2950.0,0.6065,0.0
DK06_to_DB01#alt0,0,fwd,36,2366.67,3000.0,0.6889,0.0
DK06_to_DB01#alt0,0,fwd,37,2350.0,3050.0,0.6241,0.0
DK06_to_DB01#alt0,0,fwd,38,2350.0,3100.0,0.5903,0.0
DK06_to_DB01#alt0,0,fwd,39,2350.0,3150.0,0.5483,0.0
DK06_to_DB01#alt0,0,fwd,40,2350.0,3200.0,0.4931,0.0
DK06_to_DB01#alt0,0,fwd,41,2350.0,3250.0,0.503,0.0
DK06_to_DB01#alt0,0,fwd,42,2350.0,3300.0,0.5134,0.0
DK06_to_DB01#alt0,0,fwd,43,2350.0,3350.0,0.5134,0.0
DK06_to_DB01#alt0,0,fwd,44,2350.0,3400.0,0.5134,0.0
DK06_to_DB01#alt0,0,fwd,45,2350.0,3450.0,0.5134,0.0
DK06_to_DB01#alt0,0,fwd,46,2333.33,3500.0,0.5134,0.0
DK06_to_DB01#alt0,0,fwd,47,2316.67,3550.0,0.5903,0.0
DK06_to_DB01#alt0,0,fwd,48,2300.0,3600.0,0.5483,0.0
DK06_to_DB01#alt0,0,fwd,49,2300.0,3650.0,0.6241,0.0
DK06_to_DB01#alt0,0,fwd,50,2300.0,3700.0,0.6889,0.0
DK06_to_DB01#alt0,0,fwd,51,2283.33,3750.0,0.7165,0.0
DK06_to_DB01#alt0,0,fwd,52,2250.0,3800.0,0.6065,0.0
DK06_to_DB01#alt0,0,fwd,53,2200.0,3850.0,0.5134,0.0
DK06_to_DB01#alt0,0,fwd,54,2150.0,3900.0,0.4275,0.0
DK06_to_DB01#alt0,0,fwd,55,2100.0,3933.33,0.4346,0.0
DK06_to_DB01#alt0,0,fwd,56,2050.0,3933.33,0.4931,0.0
DK06_to_DB01#alt0,0,fwd,57,2000.0,3916.67,0.4931,0.0
DK06_to_DB01#alt0,0,fwd,58,1950.0,3900.0,0.5483,0.0
DK06_to_DB01#alt0,0,fwd,59,1900.0,3900.0,0.5903,0.0
DK06_to_DB01#alt0,0,fwd,60,1850.0,3900.0,0.6241,0.0
DK06_to_DB01#alt0,0,fwd,61,1800.0,3900.0,0.6889,0.0
DK06_to_DB01#alt0,0,fwd,62,1750.0,3900.0,0.7165,0.0
DK06_to_DB01#alt0,0,fwd,63,1700.0,3900.0,0.7165,0.0
DK06_to_DB01#alt0,0,fwd,64,1650.0,3900.0,0.7165,0.0
DK06_to_DB01#alt0,0,fwd,65,1600.0,3900.0,0.6889,0.0
DK06_to_DB01#alt0,0,fwd,66,1550.0,3950.0,0.6889,0.0
DK06_to_DB01#alt0,0,fwd,67,1500.0,4000.0,0.6889,0.0
DK06_to_DB01#alt0,0,fwd,68,1450.0,4033.33,0.7165,0.0
DK06_to_DB01#alt0,0,fwd,69,1400.0,4050.0,0.7165,0.0
DK06_to_DB01#alt0,0,fwd,70,1350.0,4050.0,0.7165,0.0
DK06_to_DB01#alt0,0,fwd,71,1300.0,4050.0,0.7165,0.0
DK06_to_DB01#alt0,0,fwd,72,1250.0,4066.67,0.6889,0.0
DK06_to_DB01#alt0,0,fwd,73,1200.0,4083.33,0.6889,0.0
DK06_to_DB01#alt0,0,fwd,74,1150.0,4083.33,0.6241,0.0
DK06_to_DB01#alt0,0,fwd,75,1100.0,4050.0,0.5134,0.0
DK06_to_DB01#alt0,0,fwd,76,1050.0,4000.0,0.5903,0.0
DK06_to_DB01#alt0,0,fwd,77,1016.67,3950.0,0.6241,0.0
DK06_to_DB01#alt0,0,fwd,78,1000.0,3900.0,0.7165,0.0
DB01_to_DK06#alt0,0,bwd,0,1000.0,3900.0,0.7165,0.0
DB01_to_DK06#alt0,0,bwd,1,1050.0,3950.0,0.6889,0.0
DB01_to_DK06#alt0,0,bwd,2,1100.0,3983.33,0.6065,0.0
DB01_to_DK06#alt0,0,bwd,3,1150.0,4000.0,0.6241,0.0
DB01_to_DK06#alt0,0,bwd,4,1200.0,4000.0,0.6889,0.0
DB01_to_DK06#alt0,0,bwd,5,1250.0,4000.0,0.7165,0.0
DB01_to_DK06#alt0,0,bwd,6,1300.0,3983.33,0.6889,0.0
DB01_to_DK06#alt0,0,bwd,7,1350.0,3966.67,0.7165,0.0
DB01_to_DK06#alt0,0,bwd,8,1400.0,3950.0,0.7165,0.0
DB01_to_DK06#alt0,0,bwd,9,1450.0,3933.33,0.6889,0.0
DB01_to_DK06#alt0,0,bwd,10,1500.0,3916.67,0.7165,0.0
DB01_to_DK06#alt0,0,bwd,11,1550.0,3883.33,0.6889,0.0
DB01_to_DK06#alt0,0,bwd,12,1600.0,3850.0,0.6889,0.0
DB01_to_DK06#alt0,0,bwd,13,1650.0,3800.0,0.6889,0.0
DB01_to_DK06#alt0,0,bwd,14,1700.0,3750.0,0.6241,0.0
DB01_to_DK06#alt0,0,bwd,15,1750.0,3733.33,0.5483,0.0
DB01_to_DK06#alt0,0,bwd,16,1800.0,3750.0,0.5903,0.0
DB01_to_DK06#alt0,0,bwd,17,1850.0,3800.0,0.5134,0.0
DB01_to_DK06#alt0,0,bwd,18,1900.0,3850.0,0.503,0.0
DB01_to_DK06#alt0,0,bwd,19,1950.0,3900.0,0.5483,0.0
DB01_to_DK06#alt0,0,bwd,20,2000.0,3950.0,0.5483,0.0
DB01_to_DK06#alt0,0,bwd,21,2050.0,4000.0,0.5483,0.0
DB01_to_DK06#alt0,0,bwd,22,2100.0,4050.0,0.503,0.0
DB01_to_DK06#alt0,0,bwd,23,2150.0,4083.33,0.4346,0.0
DB01_to_DK06#alt0,0,bwd,24,2200.0,4100.0,0.3679,0.0
DB01_to_DK06#alt0,0,bwd,25,2250.0,4083.33,0.3784,0.0
DB01_to_DK06#alt0,0,bwd,26,2300.0,4050.0,0.4746,0.0
DB01_to_DK06#alt0,0,bwd,27,2350.0,4000.0,0.5903,0.0
DB01_to_DK06#alt0,0,bwd,28,2400.0,3966.67,0.7165,0.0
DB01_to_DK06#alt0,0,bwd,29,2450.0,3950.0,0.7165,0.0
DB01_to_DK06#alt0,0,bwd,30,2500.0,3950.0,0.7165,0.0
DB01_to_DK06#alt0,0,bwd,31,2550.0,3933.33,0.6889,0.0
DB01_to_DK06#alt0,0,bwd,32,2600.0,3900.0,0.6889,0.0
DB01_to_DK06#alt0,0,bwd,33,2650.0,3850.0,0.6065,0.0
DB01_to_DK06#alt0,0,bwd,34,2683.33,3800.0,0.5134,0.0
DB01_to_DK06#alt0,0,bwd,35,2700.0,3750.0,0.5134,0.0
DB01_to_DK06#alt0,0,bwd,36,2700.0,3700.0,0.503,0.0
DB01_to_DK06#alt0,0,bwd,37,2700.0,3650.0,0.4746,0.0
DB01_to_DK06#alt0,0,bwd,38,2700.0,3600.0,0.4746,0.0
DB01_to_DK06#alt0,0,bwd,39,2700.0,3550.0,0.503,0.0
DB01_to_DK06#alt0,0,bwd,40,2716.67,3500.0,0.5134,0.0
DB01_to_DK06#alt0,0,bwd,41,2750.0,3450.0,0.6065,0.0
DB01_to_DK06#alt0,0,bwd,42,2783.33,3400.0,0.7165,0.0
DB01_to_DK06#alt0,0,bwd,43,2800.0,3350.0,0.7165,0.0
DB01_to_DK06#alt0,0,bwd,44,2800.0,3300.0,0.6889,0.0
DB01_to_DK06#alt0,0,bwd,45,2850.0,3250.0,0.6889,0.0
DB01_to_DK06#alt0,0,bwd,46,2900.0,3200.0,0.6889,0.0
DB01_to_DK06#alt0,0,bwd,47,2950.0,3150.0,0.6065,0.0
DB01_to_DK06#alt0,0,bwd,48,3000.0,3100.0,0.6065,0.0
DB01_to_DK06#alt0,0,bwd,49,3050.0,3050.0,0.6889,0.0
DB01_to_DK06#alt0,0,bwd,50,3100.0,3000.0,0.6889,0.0
DB01_to_DK06#alt0,0,bwd,51,3150.0,2950.0,0.6889,0.0
DB01_to_DK06#alt0,0,bwd,52,3183.33,2900.0,0.6889,0.0
DB01_to_DK06#alt0,0,bwd,53,3216.67,2850.0,0.5903,0.0
DB01_to_DK06#alt0,0,bwd,54,3216.67,2800.0,0.503,0.0
DB01_to_DK06#alt0,0,bwd,55,3233.33,2750.0,0.4346,0.0
DB01_to_DK06#alt0,0,bwd,56,3216.67,2700.0,0.3628,0.0
DB01_to_DK06#alt0,0,bwd,57,3233.33,2650.0,0.3114,0.0
DB01_to_DK06#alt0,0,bwd,58,3250.0,2600.0,0.2636,0.0
DB01_to_DK06#alt0,0,bwd,59,3300.0,2550.0,0.2231,0.0
DB01_to_DK06#alt0,0,bwd,60,3333.33,2500.0,0.1889,0.0
DB01_to_DK06#alt0,0,bwd,61,3350.0,2450.0,0.1599,0.0
DB01_to_DK06#alt0,0,bwd,62,3350.0,2400.0,0.1495,0.0
DB01_to_DK06#alt0,0,bwd,63,3350.0,2350.0,0.1551,0.0
DB01_to_DK06#alt0,0,bwd,64,3350.0,2300.0,0.1587,0.0
DB01_to_DK06#alt0,0,bwd,65,3366.67,2250.0,0.1599,0.0
DB01_to_DK06#alt0,0,bwd,66,3366.67,2200.0,0.1599,0.0
DB01_to_DK06#alt0,0,bwd,67,3383.33,2150.0,0.1353,0.0
DB01_to_DK06#alt0,0,bwd,68,3366.67,2100.0,0.1599,0.0
DB01_to_DK06#alt0,0,bwd,69,3366.67,2050.0,0.1599,0.0
DB01_to_DK06#alt0,0,bwd,70,3350.0,2000.0,0.1599,0.0
DB01_to_DK06#alt0,0,bwd,71,3366.67,1950.0,0.1599,0.0
DB01_to_DK06#alt0,0,bwd,72,3400.0,1900.0,0.1344,0.0
DB01_to_DK06#alt0,0,bwd,73,3450.0,1850.0,0.1183,0.0
DB01_to_DK06#alt0,0,bwd,74,3500.0,1800.0,0.1138,0.0
DB01_to_DK06#alt0,0,bwd,75,3533.33,1750.0,0.1069,0.0
DB01_to_DK06#alt0,0,bwd,76,3550.0,1700.0,0.1146,0.0
DB01_to_DK06#alt0,0,bwd,77,3550.0,1650.0,0.1215,0.0
DB01_to_DK06#alt0,0,bwd,78,3566.67,1600.0,0.1273,0.0
DB01_to_DK06#alt0,0,bwd,79,3583.33,1550.0,0.1117,0.0
DB01_to_DK06#alt0,0,bwd,80,3600.0,1500.0,0.1138,0.0
DB01_to_DK06#alt0,0,bwd,81,3600.0,1450.0,0.1146,0.0
DB01_to_DK06#alt0,0,bwd,82,3600.0,1400.0,0.1146,0.0
DB01_to_DK06#alt0,0,bwd,83,3600.0,1350.0,0.1344,0.0
DB01_to_DK06#alt0,0,bwd,84,3600.0,1300.0,0.1587,0.0
DB01_to_DK06#alt0,0,bwd,85,3600.0,1250.0,0.1873,0.0
DB01_to_DK06#alt0,0,bwd,86,3600.0,1200.0,0.2211,0.0
DK06_to_DB01#alt1,1,fwd,0,3600.0,1200.0,0.2211,0.0
DK06_to_DB01#alt1,1,fwd,1,3550.0,1250.0,0.1827,0.0
DK06_to_DB01#alt1,1,fwd,2,3500.0,1300.0,0.1599,0.0
DK06_to_DB01#alt1,1,fwd,3,3466.67,1350.0,0.1889,0.0
DK06_to_DB01#alt1,1,fwd,4,3450.0,1400.0,0.1889,0.0
DK06_to_DB01#alt1,1,fwd,5,3450.0,1450.0,0.1889,0.0
DK06_to_DB01#alt1,1,fwd,6,3450.0,1500.0,0.1873,0.0
DK06_to_DB01#alt1,1,fwd,7,3433.33,1550.0,0.1827,0.0
DK06_to_DB01#alt1,1,fwd,8,3400.0,1600.0,0.2057,0.0
DK06_to_DB01#alt1,1,fwd,9,3366.67,1650.0,0.2252,0.0
DK06_to_DB01#alt1,1,fwd,10,3333.33,1700.0,0.2076,0.0
DK06_to_DB01#alt1,1,fwd,11,3300.0,1750.0,0.2151,0.0
DK06_to_DB01#alt1,1,fwd,12,3266.67,1800.0,0.2151,0.0
DK06_to_DB01#alt1,1,fwd,13,3250.0,1850.0,0.2151,0.0
DK06_to_DB01#alt1,1,fwd,14,3250.0,1900.0,0.2211,0.0
DK06_to_DB01#alt1,1,fwd,15,3250.0,1950.0,0.2231,0.0
DK06_to_DB01#alt1,1,fwd,16,3250.0,2000.0,0.2231,0.0
DK06_to_DB01#alt1,1,fwd,17,3233.33,2050.0,0.2231,0.0
DK06_to_DB01#alt1,1,fwd,18,3200.0,2100.0,0.2636,0.0
DK06_to_DB01#alt1,1,fwd,19,3150.0,2150.0,0.3114,0.0
DK06_to_DB01#alt1,1,fwd,20,3116.67,2200.0,0.3679,0.0
DK06_to_DB01#alt1,1,fwd,21,3100.0,2250.0,0.3679,0.0
DK06_to_DB01#alt1,1,fwd,22,3100.0,2300.0,0.3628,0.0
DK06_to_DB01#alt1,1,fwd,23,3100.0,2350.0,0.3485,0.0
DK06_to_DB01#alt1,1,fwd,24,3100.0,2400.0,0.3269,0.0
DK06_to_DB01#alt1,1,fwd,25,3100.0,2450.0,0.3006,0.0
DK06_to_DB01#alt1,1,fwd,26,3083.33,2500.0,0.281,0.0
DK06_to_DB01#alt1,1,fwd,27,3050.0,2550.0,0.3006,0.0
DK06_to_DB01#alt1,1,fwd,28,3000.0,2600.0,0.3077,0.0
DK06_to_DB01#alt1,1,fwd,29,2950.0,2650.0,0.3077,0.0
DK06_to_DB01#alt1,1,fwd,30,2916.67,2700.0,0.3077,0.0
DK06_to_DB01#alt1,1,fwd,31,2900.0,2750.0,0.2721,0.0
DK06_to_DB01#alt1,1,fwd,32,2900.0,2800.0,0.2721,0.0
DK06_to_DB01#alt1,1,fwd,33,2900.0,2850.0,0.3077,0.0
DK06_to_DB01#alt1,1,fwd,34,2883.33,2900.0,0.344,0.0
DK06_to_DB01#alt1,1,fwd,35,2850.0,2950.0,0.3269,0.0
DK06_to_DB01#alt1,1,fwd,36,2816.67,3000.0,0.3269,0.0
DK06_to_DB01#alt1,1,fwd,37,2800.0,3050.0,0.3784,0.0
DK06_to_DB01#alt1,1,fwd,38,2800.0,3100.0,0.4346,0.0
DK06_to_DB01#alt1,1,fwd,39,2800.0,3150.0,0.4931,0.0
DK06_to_DB01#alt1,1,fwd,40,2800.0,3200.0,0.5483,0.0
DK06_to_DB01#alt1,1,fwd,41,2800.0,3250.0,0.6241,0.0
DK06_to_DB01#alt1,1,fwd,42,2800.0,3300.0,0.6889,0.0
DK06_to_DB01#alt1,1,fwd,43,2800.0,3350.0,0.7165,0.0
DK06_to_DB01#alt1,1,fwd,44,2800.0,3400.0,0.7165,0.0
DK06_to_DB01#alt1,1,fwd,45,2800.0,3450.0,0.7165,0.0
DK06_to_DB01#alt1,1,fwd,46,2800.0,3500.0,0.7165,0.0
DK06_to_DB01#alt1,1,fwd,47,2816.67,3550.0,0.6889,0.0
DK06_to_DB01#alt1,1,fwd,48,2850.0,3600.0,0.6889,0.0
DK06_to_DB01#alt1,1,fwd,49,2866.67,3650.0,0.6241,0.0
DK06_to_DB01#alt1,1,fwd,50,2850.0,3700.0,0.5483,0.0
DK06_to_DB01#alt1,1,fwd,51,2816.67,3750.0,0.4346,0.0
DK06_to_DB01#alt1,1,fwd,52,2783.33,3800.0,0.503,0.0
DK06_to_DB01#alt1,1,fwd,53,2750.0,3850.0,0.5483,0.0
DK06_to_DB01#alt1,1,fwd,54,2716.67,3900.0,0.5483,0.0
DK06_to_DB01#alt1,1,fwd,55,2683.33,3950.0,0.6241,0.0
DK06_to_DB01#alt1,1,fwd,56,2666.67,4000.0,0.5903,0.0
DK06_to_DB01#alt1,1,fwd,57,2650.0,4050.0,0.6241,0.0
DK06_to_DB01#alt1,1,fwd,58,2650.0,4100.0,0.6889,0.0
DK06_to_DB01#alt1,1,fwd,59,2650.0,4150.0,0.7165,0.0
DK06_to_DB01#alt1,1,fwd,60,2650.0,4200.0,0.7165,0.0
DK06_to_DB01#alt1,1,fwd,61,2650.0,4250.0,0.7165,0.0
DK06_to_DB01#alt1,1,fwd,62,2650.0,4300.0,0.6889,0.0
DK06_to_DB01#alt1,1,fwd,63,2700.0,4350.0,0.7165,0.0
DK06_to_DB01#alt1,1,fwd,64,2683.33,4400.0,0.6889,0.0
DK06_to_DB01#alt1,1,fwd,65,2650.0,4450.0,0.5483,0.0
DK06_to_DB01#alt1,1,fwd,66,2600.0,4500.0,0.4346,0.0
DK06_to_DB01#alt1,1,fwd,67,2550.0,4550.0,0.344,0.0
DK06_to_DB01#alt1,1,fwd,68,2516.67,4600.0,0.3679,0.0
DK06_to_DB01#alt1,1,fwd,69,2500.0,4650.0,0.3679,0.0
DK06_to_DB01#alt1,1,fwd,70,2483.33,4700.0,0.3679,0.0
DK06_to_DB01#alt1,1,fwd,71,2450.0,4750.0,0.4346,0.0
DK06_to_DB01#alt1,1,fwd,72,2400.0,4800.0,0.503,0.0
DK06_to_DB01#alt1,1,fwd,73,2350.0,4850.0,0.5483,0.0
DK06_to_DB01#alt1,1,fwd,74,2300.0,4900.0,0.5483,0.0
DK06_to_DB01#alt1,1,fwd,75,2250.0,4933.33,0.5483,0.0
DK06_to_DB01#alt1,1,fwd,76,2200.0,4950.0,0.5903,0.0
DK06_to_DB01#alt1,1,fwd,77,2150.0,4950.0,0.6241,0.0
DK06_to_DB01#alt1,1,fwd,78,2100.0,4950.0,0.6889,0.0
DK06_to_DB01#alt1,1,fwd,79,2050.0,4950.0,0.7165,0.0
DK06_to_DB01#alt1,1,fwd,80,2000.0,4950.0,0.7165,0.0
DK06_to_DB01#alt1,1,fwd,81,1950.0,4933.33,0.6889,0.0
DK06_to_DB01#alt1,1,fwd,82,1900.0,4900.0,0.6889,0.0
DK06_to_DB01#alt1,1,fwd,83,1850.0,4850.0,0.6889,0.0
DK06_to_DB01#alt1,1,fwd,84,1800.0,4800.0,0.6889,0.0
DK06_to_DB01#alt1,1,fwd,85,1750.0,4750.0,0.6889,0.0
DK06_to_DB01#alt1,1,fwd,86,1700.0,4700.0,0.6065,0.0
DK06_to_DB01#alt1,1,fwd,87,1650.0,4650.0,0.5134,0.0
DK06_to_DB01#alt1,1,fwd,88,1600.0,4600.0,0.5483,0.0
DK06_to_DB01#alt1,1,fwd,89,1550.0,4566.67,0.6889,0.0
DK06_to_DB01#alt1,1,fwd,90,1500.0,4550.0,0.7165,0.0
DK06_to_DB01#alt1,1,fwd,91,1450.0,4550.0,0.7165,0.0
DK06_to_DB01#alt1,1,fwd,92,1400.0,4550.0,0.7165,0.0
DK06_to_DB01#alt1,1,fwd,93,1350.0,4550.0,0.7165,0.0
DK06_to_DB01#alt1,1,fwd,94,1300.0,4550.0,0.7165,0.0
DK06_to_DB01#alt1,1,fwd,95,1250.0,4550.0,0.7165,0.0
DK06_to_DB01#alt1,1,fwd,96,1200.0,4550.0,0.6889,0.0
DK06_to_DB01#alt1,1,fwd,97,1150.0,4500.0,0.6889,0.0
DK06_to_DB01#alt1,1,fwd,98,1100.0,4450.0,0.6241,0.0
DK06_to_DB01#alt1,1,fwd,99,1066.67,4400.0,0.6889,0.0
DK06_to_DB01#alt1,1,fwd,100,1050.0,4350.0,0.7165,0.0
DK06_to_DB01#alt1,1,fwd,101,1050.0,4300.0,0.7165,0.0
DK06_to_DB01#alt1,1,fwd,102,1033.33,4250.0,0.6889,0.0
DK06_to_DB01#alt1,1,fwd,103,1016.67,4200.0,0.6889,0.0
DK06_to_DB01#alt1,1,fwd,104,1000.0,4150.0,0.6241,0.0
DK06_to_DB01#alt1,1,fwd,105,1000.0,4100.0,0.5483,0.0
DK06_to_DB01#alt1,1,fwd,106,1000.0,4050.0,0.4746,0.0
DK06_to_DB01#alt1,1,fwd,107,1000.0,4000.0,0.5483,0.0
DK06_to_DB01#alt1,1,fwd,108,1000.0,3950.0,0.6241,0.0
DK06_to_DB01#alt1,1,fwd,109,1000.0,3900.0,0.7165,0.0
DB01_to_DK06#alt5,5,bwd,0,1000.0,3900.0,0.7165,0.0
DB01_to_DK06#alt5,5,bwd,1,1050.0,3950.0,0.6889,0.0
DB01_to_DK06#alt5,5,bwd,2,1100.0,3983.33,0.6065,0.0
DB01_to_DK06#alt5,5,bwd,3,1150.0,4000.0,0.6241,0.0
DB01_to_DK06#alt5,5,bwd,4,1200.0,4000.0,0.6889,0.0
DB01_to_DK06#alt5,5,bwd,5,1250.0,4000.0,0.7165,0.0
DB01_to_DK06#alt5,5,bwd,6,1300.0,3983.33,0.6889,0.0
DB01_to_DK06#alt5,5,bwd,7,1350.0,3966.67,0.7165,0.0
DB01_to_DK06#alt5,5,bwd,8,1400.0,3950.0,0.7165,0.0
DB01_to_DK06#alt5,5,bwd,9,1450.0,3933.33,0.6889,0.0
DB01_to_DK06#alt5,5,bwd,10,1500.0,3916.67,0.7165,0.0
DB01_to_DK06#alt5,5,bwd,11,1550.0,3900.0,0.6889,0.0
DB01_to_DK06#alt5,5,bwd,12,1600.0,3900.0,0.6889,0.0
DB01_to_DK06#alt5,5,bwd,13,1650.0,3900.0,0.7165,0.0
DB01_to_DK06#alt5,5,bwd,14,1700.0,3900.0,0.7165,0.0
DB01_to_DK06#alt5,5,bwd,15,1750.0,3900.0,0.7165,0.0
DB01_to_DK06#alt5,5,bwd,16,1800.0,3916.67,0.6889,0.0
DB01_to_DK06#alt5,5,bwd,17,1850.0,3933.33,0.7165,0.0
DB01_to_DK06#alt5,5,bwd,18,1900.0,3950.0,0.6889,0.0
DB01_to_DK06#alt5,5,bwd,19,1950.0,4000.0,0.6889,0.0
DB01_to_DK06#alt5,5,bwd,20,1983.33,4050.0,0.6889,0.0
DB01_to_DK06#alt5,5,bwd,21,2000.0,4100.0,0.7165,0.0
DB01_to_DK06#alt5,5,bwd,22,2000.0,4150.0,0.7165,0.0
DB01_to_DK06#alt5,5,bwd,23,2000.0,4200.0,0.7165,0.0
DB01_to_DK06#alt5,5,bwd,24,2016.67,4250.0,0.7165,0.0
DB01_to_DK06#alt5,5,bwd,25,2050.0,4300.0,0.6065,0.0
DB01_to_DK06#alt5,5,bwd,26,2100.0,4350.0,0.6065,0.0
DB01_to_DK06#alt5,5,bwd,27,2150.0,4383.33,0.6889,0.0
DB01_to_DK06#alt5,5,bwd,28,2200.0,4400.0,0.6241,0.0
DB01_to_DK06#alt5,5,bwd,29,2250.0,4400.0,0.5483,0.0
DB01_to_DK06#alt5,5,bwd,30,2300.0,4416.67,0.4931,0.0
DB01_to_DK06#alt5,5,bwd,31,2350.0,4433.33,0.4931,0.0
DB01_to_DK06#alt5,5,bwd,32,2400.0,4450.0,0.4346,0.0
DB01_to_DK06#alt5,5,bwd,33,2450.0,4450.0,0.3784,0.0
DB01_to_DK06#alt5,5,bwd,34,2500.0,4450.0,0.3485,0.0
DB01_to_DK06#alt5,5,bwd,35,2550.0,4450.0,0.4076,0.0
DB01_to_DK06#alt5,5,bwd,36,2600.0,4466.67,0.4746,0.0
DB01_to_DK06#alt5,5,bwd,37,2650.0,4500.0,0.4931,0.0
DB01_to_DK06#alt5,5,bwd,38,2700.0,4533.33,0.4931,0.0
DB01_to_DK06#alt5,5,bwd,39,2750.0,4550.0,0.5483,0.0
DB01_to_DK06#alt5,5,bwd,40,2800.0,4550.0,0.5903,0.0
DB01_to_DK06#alt5,5,bwd,41,2850.0,4550.0,0.6241,0.0
DB01_to_DK06#alt5,5,bwd,42,2900.0,4550.0,0.6889,0.0
DB01_to_DK06#alt5,5,bwd,43,2950.0,4550.0,0.7165,0.0
DB01_to_DK06#alt5,5,bwd,44,3000.0,4550.0,0.7165,0.0
DB01_to_DK06#alt5,5,bwd,45,3050.0,4550.0,0.7165,0.0
DB01_to_DK06#alt5,5,bwd,46,3100.0,4550.0,0.6889,0.0
DB01_to_DK06#alt5,5,bwd,47,3150.0,4500.0,0.7165,0.0
DB01_to_DK06#alt5,5,bwd,48,3200.0,4500.0,0.6889,0.0
DB01_to_DK06#alt5,5,bwd,49,3250.0,4450.0,0.6889,0.0
DB01_to_DK06#alt5,5,bwd,50,3300.0,4400.0,0.6889,0.0
DB01_to_DK06#alt5,5,bwd,51,3350.0,4350.0,0.6241,0.0
DB01_to_DK06#alt5,5,bwd,52,3400.0,4316.67,0.5903,0.0
DB01_to_DK06#alt5,5,bwd,53,3450.0,4300.0,0.503,0.0
DB01_to_DK06#alt5,5,bwd,54,3500.0,4300.0,0.5483,0.0
DB01_to_DK06#alt5,5,bwd,55,3550.0,4300.0,0.6241,0.0
DB01_to_DK06#alt5,5,bwd,56,3600.0,4300.0,0.6889,0.0
DB01_to_DK06#alt5,5,bwd,57,3650.0,4300.0,0.7165,0.0
DB01_to_DK06#alt5,5,bwd,58,3700.0,4300.0,0.7165,0.0
DB01_to_DK06#alt5,5,bwd,59,3750.0,4300.0,0.7165,0.0
DB01_to_DK06#alt5,5,bwd,60,3800.0,4300.0,0.6889,0.0
DB01_to_DK06#alt5,5,bwd,61,3850.0,4250.0,0.6889,0.0
DB01_to_DK06#alt5,5,bwd,62,3900.0,4200.0,0.6889,0.0
DB01_to_DK06#alt5,5,bwd,63,3950.0,4150.0,0.6065,0.0
DB01_to_DK06#alt5,5,bwd,64,4000.0,4100.0,0.5134,0.0
DB01_to_DK06#alt5,5,bwd,65,4050.0,4050.0,0.4931,0.0
DB01_to_DK06#alt5,5,bwd,66,4100.0,4000.0,0.4931,0.0
DB01_to_DK06#alt5,5,bwd,67,4150.0,3950.0,0.4746,0.0
DB01_to_DK06#alt5,5,bwd,68,4183.33,3900.0,0.4275,0.0
DB01_to_DK06#alt5,5,bwd,69,4200.0,3850.0,0.4346,0.0
DB01_to_DK06#alt5,5,bwd,70,4216.67,3800.0,0.4346,0.0
DB01_to_DK06#alt5,5,bwd,71,4250.0,3750.0,0.3679,0.0
DB01_to_DK06#alt5,5,bwd,72,4283.33,3700.0,0.3114,0.0
DB01_to_DK06#alt5,5,bwd,73,4300.0,3650.0,0.344,0.0
DB01_to_DK06#alt5,5,bwd,74,4300.0,3600.0,0.3784,0.0
DB01_to_DK06#alt5,5,bwd,75,4300.0,3550.0,0.4076,0.0
DB01_to_DK06#alt5,5,bwd,76,4316.67,3500.0,0.4275,0.0
DB01_to_DK06#alt5,5,bwd,77,4350.0,3450.0,0.3679,0.0
DB01_to_DK06#alt5,5,bwd,78,4383.33,3400.0,0.3114,0.0
DB01_to_DK06#alt5,5,bwd,79,4400.0,3350.0,0.3077,0.0
DB01_to_DK06#alt5,5,bwd,80,4416.67,3300.0,0.2972,0.0
DB01_to_DK06#alt5,5,bwd,81,4416.67,3250.0,0.3006,0.0
DB01_to_DK06#alt5,5,bwd,82,4416.67,3200.0,0.344,0.0
DB01_to_DK06#alt5,5,bwd,83,4400.0,3150.0,0.3895,0.0
DB01_to_DK06#alt5,5,bwd,84,4400.0,3100.0,0.4346,0.0
DB01_to_DK06#alt5,5,bwd,85,4400.0,3050.0,0.4931,0.0
DB01_to_DK06#alt5,5,bwd,86,4400.0,3000.0,0.5483,0.0
DB01_to_DK06#alt5,5,bwd,87,4400.0,2950.0,0.5903,0.0
DB01_to_DK06#alt5,5,bwd,88,4400.0,2900.0,0.6241,0.0
DB01_to_DK06#alt5,5,bwd,89,4400.0,2850.0,0.6889,0.0
DB01_to_DK06#alt5,5,bwd,90,4400.0,2800.0,0.7165,0.0
DB01_to_DK06#alt5,5,bwd,91,4383.33,2750.0,0.6889,0.0
DB01_to_DK06#alt5,5,bwd,92,4366.67,2700.0,0.7165,0.0
DB01_to_DK06#alt5,5,bwd,93,4333.33,2650.0,0.6889,0.0
DB01_to_DK06#alt5,5,bwd,94,4300.0,2600.0,0.6889,0.0
DB01_to_DK06#alt5,5,bwd,95,4250.0,2550.0,0.6889,0.0
DB01_to_DK06#alt5,5,bwd,96,4200.0,2500.0,0.6065,0.0
DB01_to_DK06#alt5,5,bwd,97,4166.67,2450.0,0.5134,0.0
DB01_to_DK06#alt5,5,bwd,98,4150.0,2400.0,0.4346,0.0
DB01_to_DK06#alt5,5,bwd,99,4150.0,2350.0,0.3679,0.0
DB01_to_DK06#alt5,5,bwd,100,4150.0,2300.0,0.3114,0.0
DB01_to_DK06#alt5,5,bwd,101,4150.0,2250.0,0.2636,0.0
DB01_to_DK06#alt5,5,bwd,102,4150.0,2200.0,0.281,0.0
DB01_to_DK06#alt5,5,bwd,103,4150.0,2150.0,0.3269,0.0
DB01_to_DK06#alt5,5,bwd,104,4150.0,2100.0,0.3784,0.0
DB01_to_DK06#alt5,5,bwd,105,4150.0,2050.0,0.4346,0.0
DB01_to_DK06#alt5,5,bwd,106,4150.0,2000.0,0.4931,0.0
DB01_to_DK06#alt5,5,bwd,107,4150.0,1950.0,0.5483,0.0
DB01_to_DK06#alt5,5,bwd,108,4150.0,1900.0,0.6241,0.0
DB01_to_DK06#alt5,5,bwd,109,4150.0,1850.0,0.6889,0.0
DB01_to_DK06#alt5,5,bwd,110,4150.0,1800.0,0.7165,0.0
DB01_to_DK06#alt5,5,bwd,111,4150.0,1750.0,0.7165,0.0
DB01_to_DK06#alt5,5,bwd,112,4150.0,1700.0,0.6889,0.0
DB01_to_DK06#alt5,5,bwd,113,4150.0,1650.0,0.6241,0.0
DB01_to_DK06#alt5,5,bwd,114,4133.33,1600.0,0.5483,0.0
DB01_to_DK06#alt5,5,bwd,115,4100.0,1550.0,0.4346,0.0
DB01_to_DK06#alt5,5,bwd,116,4050.0,1500.0,0.344,0.0
DB01_to_DK06#alt5,5,bwd,117,4000.0,1450.0,0.2721,0.0
DB01_to_DK06#alt5,5,bwd,118,3950.0,1400.0,0.2151,0.0
DB01_to_DK06#alt5,5,bwd,119,3900.0,1350.0,0.17,0.0
DB01_to_DK06#alt5,5,bwd,120,3850.0,1300.0,0.1495,0.0
DB01_to_DK06#alt5,5,bwd,121,3800.0,1250.0,0.1827,0.0
DB01_to_DK06#alt5,5,bwd,122,3750.0,1216.67,0.2211,0.0
DB01_to_DK06#alt5,5,bwd,123,3700.0,1200.0,0.2231,0.0
DB01_to_DK06#alt5,5,bwd,124,3650.0,1200.0,0.2231,0.0
DB01_to_DK06#alt5,5,bwd,125,3600.0,1200.0,0.2211,0.0
DK06_to_DK04#alt0,0,fwd,0,3600.0,1200.0,0.2211,0.0
DK06_to_DK04#alt0,0,fwd,1,3550.0,1150.0,0.253,0.0
DK06_to_DK04#alt0,0,fwd,2,3500.0,1116.67,0.281,0.0
DK06_to_DK04#alt0,0,fwd,3,3450.0,1083.33,0.2609,0.0
DK06_to_DK04#alt0,0,fwd,4,3400.0,1066.67,0.281,0.0
DK06_to_DK04#alt0,0,fwd,5,3350.0,1050.0,0.2609,0.0
DK06_to_DK04#alt0,0,fwd,6,3300.0,1050.0,0.2384,0.0
DK06_to_DK04#alt0,0,fwd,7,3250.0,1050.0,0.2721,0.0
DK06_to_DK04#alt0,0,fwd,8,3200.0,1050.0,0.3077,0.0
DK06_to_DK04#alt0,0,fwd,9,3150.0,1050.0,0.344,0.0
DK06_to_DK04#alt0,0,fwd,10,3100.0,1050.0,0.3895,0.0
DK06_to_DK04#alt0,0,fwd,11,3050.0,1050.0,0.4346,0.0
DK06_to_DK04#alt0,0,fwd,12,3000.0,1050.0,0.4746,0.0
DK06_to_DK04#alt0,0,fwd,13,2950.0,1050.0,0.503,0.0
DK06_to_DK04#alt0,0,fwd,14,2900.0,1066.67,0.5134,0.0
DK06_to_DK04#alt0,0,fwd,15,2850.0,1100.0,0.6065,0.0
DK06_to_DK04#alt0,0,fwd,16,2800.0,1150.0,0.6889,0.0
DK06_to_DK04#alt0,0,fwd,17,2750.0,1200.0,0.6889,0.0
DK06_to_DK04#alt0,0,fwd,18,2700.0,1250.0,0.6889,0.0
DK06_to_DK04#alt0,0,fwd,19,2650.0,1300.0,0.6065,0.0
DK06_to_DK04#alt0,0,fwd,20,2600.0,1350.0,0.5134,0.0
DK06_to_DK04#alt0,0,fwd,21,2550.0,1400.0,0.4346,0.0
DK06_to_DK04#alt0,0,fwd,22,2500.0,1450.0,0.4346,0.0
DK06_to_DK04#alt0,0,fwd,23,2450.0,1483.33,0.5134,0.0
DK06_to_DK04#alt0,0,fwd,24,2400.0,1516.67,0.5134,0.0
DK06_to_DK04#alt0,0,fwd,25,2350.0,1550.0,0.6065,0.0
DK06_to_DK04#alt0,0,fwd,26,2300.0,1583.33,0.7165,0.0
DK06_to_DK04#alt0,0,fwd,27,2250.0,1600.0,0.7165,0.0
DK06_to_DK04#alt0,0,fwd,28,2200.0,1616.67,0.6889,0.0
DK06_to_DK04#alt0,0,fwd,29,2150.0,1633.33,0.7165,0.0
DK06_to_DK04#alt0,0,fwd,30,2100.0,1650.0,0.6889,0.0
DK06_to_DK04#alt0,0,fwd,31,2050.0,1700.0,0.6889,0.0
DK06_to_DK04#alt0,0,fwd,32,2000.0,1750.0,0.6889,0.0
DK06_to_DK04#alt0,0,fwd,33,1950.0,1800.0,0.6889,0.0
DK06_to_DK04#alt0,0,fwd,34,1916.67,1850.0,0.6241,0.0
DK06_to_DK04#alt0,0,fwd,35,1900.0,1900.0,0.6889,0.0
DK06_to_DK04#alt0,0,fwd,36,1900.0,1950.0,0.7165,0.0
DK06_to_DK04#alt0,0,fwd,37,1900.0,2000.0,0.7165,0.0
DK06_to_DK04#alt0,0,fwd,38,1900.0,2050.0,0.7165,0.0
DK06_to_DK04#alt0,0,fwd,39,1900.0,2100.0,0.7165,0.0
DK06_to_DK04#alt0,0,fwd,40,1900.0,2150.0,0.7165,0.0
DK06_to_DK04#alt0,0,fwd,41,1900.0,2200.0,0.7165,0.0
DK06_to_DK04#alt0,0,fwd,42,1900.0,2250.0,0.7165,0.0
DK06_to_DK04#alt0,0,fwd,43,1916.67,2300.0,0.6889,0.0
DK06_to_DK04#alt0,0,fwd,44,1933.33,2350.0,0.7165,0.0
DK06_to_DK04#alt0,0,fwd,45,1933.33,2400.0,0.6889,0.0
DK06_to_DK04#alt0,0,fwd,46,1916.67,2450.0,0.5903,0.0
DK06_to_DK04#alt0,0,fwd,47,1883.33,2500.0,0.6065,0.0
DK06_to_DK04#alt0,0,fwd,48,1850.0,2550.0,0.5903,0.0
DK06_to_DK04#alt0,0,fwd,49,1800.0,2600.0,0.6241,0.0
DK06_to_DK04#alt0,0,fwd,50,1750.0,2650.0,0.6241,0.0
DK06_to_DK04#alt0,0,fwd,51,1700.0,2700.0,0.6241,0.0
DK06_to_DK04#alt0,0,fwd,52,1650.0,2750.0,0.5903,0.0
DK06_to_DK04#alt0,0,fwd,53,1600.0,2783.33,0.5134,0.0
DK06_to_DK04#alt0,0,fwd,54,1550.0,2800.0,0.5134,0.0
DK06_to_DK04#alt0,0,fwd,55,1500.0,2800.0,0.5134,0.0
DK06_to_DK04#alt2,2,fwd,0,3600.0,1200.0,0.2211,0.0
DK06_to_DK04#alt2,2,fwd,1,3550.0,1150.0,0.253,0.0
DK06_to_DK04#alt2,2,fwd,2,3500.0,1116.67,0.281,0.0
DK06_to_DK04#alt2,2,fwd,3,3450.0,1100.0,0.2609,0.0
DK06_to_DK04#alt2,2,fwd,4,3400.0,1083.33,0.2407,0.0
DK06_to_DK04#alt2,2,fwd,5,3350.0,1066.67,0.2609,0.0
DK06_to_DK04#alt2,2,fwd,6,3300.0,1033.33,0.2384,0.0
DK06_to_DK04#alt2,2,fwd,7,3250.0,1000.0,0.2431,0.0
DK06_to_DK04#alt2,2,fwd,8,3200.0,966.67,0.2431,0.0
DK06_to_DK04#alt2,2,fwd,9,3150.0,950.0,0.2721,0.0
DK06_to_DK04#alt2,2,fwd,10,3100.0,950.0,0.3006,0.0
DK06_to_DK04#alt2,2,fwd,11,3050.0,950.0,0.3269,0.0
DK06_to_DK04#alt2,2,fwd,12,3000.0,950.0,0.3485,0.0
DK06_to_DK04#alt2,2,fwd,13,2950.0,950.0,0.3628,0.0
DK06_to_DK04#alt2,2,fwd,14,2900.0,950.0,0.3679,0.0
DK06_to_DK04#alt2,2,fwd,15,2850.0,966.67,0.3679,0.0
DK06_to_DK04#alt2,2,fwd,16,2800.0,1000.0,0.4275,0.0
DK06_to_DK04#alt2,2,fwd,17,2750.0,1033.33,0.4746,0.0
DK06_to_DK04#alt2,2,fwd,18,2700.0,1050.0,0.4346,0.0
DK06_to_DK04#alt2,2,fwd,19,2650.0,1050.0,0.3895,0.0
DK06_to_DK04#alt2,2,fwd,20,2600.0,1050.0,0.344,0.0
DK06_to_DK04#alt2,2,fwd,21,2550.0,1066.67,0.3077,0.0
DK06_to_DK04#alt2,2,fwd,22,2500.0,1100.0,0.3006,0.0
DK06_to_DK04#alt2,2,fwd,23,2450.0,1150.0,0.281,0.0
DK06_to_DK04#alt2,2,fwd,24,2400.0,1200.0,0.253,0.0
DK06_to_DK04#alt2,2,fwd,25,2350.0,1250.0,0.2231,0.0
DK06_to_DK04#alt2,2,fwd,26,2300.0,1300.0,0.2636,0.0
DK06_to_DK04#alt2,2,fwd,27,2250.0,1350.0,0.3114,0.0
DK06_to_DK04#alt2,2,fwd,28,2200.0,1400.0,0.3628,0.0
DK06_to_DK04#alt2,2,fwd,29,2150.0,1450.0,0.4076,0.0
DK06_to_DK04#alt2,2,fwd,30,2100.0,1500.0,0.4346,0.0
DK06_to_DK04#alt2,2,fwd,31,2050.0,1550.0,0.4746,0.0
DK06_to_DK04#alt2,2,fwd,32,2000.0,1600.0,0.4931,0.0
DK06_to_DK04#alt2,2,fwd,33,1950.0,1650.0,0.4931,0.0
DK06_to_DK04#alt2,2,fwd,34,1900.0,1700.0,0.4931,0.0
DK06_to_DK04#alt2,2,fwd,35,1850.0,1750.0,0.4746,0.0
DK06_to_DK04#alt2,2,fwd,36,1816.67,1800.0,0.4346,0.0
DK06_to_DK04#alt2,2,fwd,37,1800.0,1850.0,0.4746,0.0
DK06_to_DK04#alt2,2,fwd,38,1800.0,1900.0,0.503,0.0
DK06_to_DK04#alt2,2,fwd,39,1800.0,1950.0,0.5134,0.0
DK06_to_DK04#alt2,2,fwd,40,1800.0,2000.0,0.5134,0.0
DK06_to_DK04#alt2,2,fwd,41,1800.0,2050.0,0.5134,0.0
DK06_to_DK04#alt2,2,fwd,42,1800.0,2100.0,0.5134,0.0
DK06_to_DK04#alt2,2,fwd,43,1800.0,2150.0,0.5134,0.0
DK06_to_DK04#alt2,2,fwd,44,1800.0,2200.0,0.5134,0.0
DK06_to_DK04#alt2,2,fwd,45,1800.0,2250.0,0.5483,0.0
DK06_to_DK04#alt2,2,fwd,46,1800.0,2300.0,0.5903,0.0
DK06_to_DK04#alt2,2,fwd,47,1800.0,2350.0,0.6241,0.0
DK06_to_DK04#alt2,2,fwd,48,1800.0,2400.0,0.6889,0.0
DK06_to_DK04#alt2,2,fwd,49,1800.0,2450.0,0.7165,0.0
DK06_to_DK04#alt2,2,fwd,50,1800.0,2500.0,0.7165,0.0
DK06_to_DK04#alt2,2,fwd,51,1783.33,2550.0,0.6889,0.0
DK06_to_DK04#alt2,2,fwd,52,1750.0,2600.0,0.6889,0.0
DK06_to_DK04#alt2,2,fwd,53,1700.0,2650.0,0.6889,0.0
DK06_to_DK04#alt2,2,fwd,54,1650.0,2700.0,0.6889,0.0
DK06_to_DK04#alt2,2,fwd,55,1600.0,2750.0,0.6065,0.0
DK06_to_DK04#alt2,2,fwd,56,1550.0,2783.33,0.5134,0.0
DK06_to_DK04#alt2,2,fwd,57,1500.0,2800.0,0.5134,0.0
DK06_to_DK04#alt5,5,fwd,0,3600.0,1200.0,0.2211,0.0
DK06_to_DK04#alt5,5,fwd,1,3550.0,1150.0,0.253,0.0
DK06_to_DK04#alt5,5,fwd,2,3500.0,1100.0,0.281,0.0
DK06_to_DK04#alt5,5,fwd,3,3450.0,1050.0,0.3006,0.0
DK06_to_DK04#alt5,5,fwd,4,3400.0,1000.0,0.3269,0.0
DK06_to_DK04#alt5,5,fwd,5,3350.0,950.0,0.344,0.0
DK06_to_DK04#alt5,5,fwd,6,3300.0,900.0,0.344,0.0
DK06_to_DK04#alt5,5,fwd,7,3250.0,866.67,0.344,0.0
DK06_to_DK04#alt5,5,fwd,8,3200.0,850.0,0.3077,0.0
DK06_to_DK04#alt5,5,fwd,9,3150.0,850.0,0.2721,0.0
DK06_to_DK04#alt5,5,fwd,10,3100.0,850.0,0.2431,0.0
DK06_to_DK04#alt5,5,fwd,11,3050.0,850.0,0.2407,0.0
DK06_to_DK04#alt5,5,fwd,12,3000.0,850.0,0.253,0.0
DK06_to_DK04#alt5,5,fwd,13,2950.0,850.0,0.2609,0.0
DK06_to_DK04#alt5,5,fwd,14,2900.0,850.0,0.2636,0.0
DK06_to_DK04#alt5,5,fwd,15,2850.0,850.0,0.2636,0.0
DK06_to_DK04#alt5,5,fwd,16,2800.0,866.67,0.2609,0.0
DK06_to_DK04#alt5,5,fwd,17,2750.0,900.0,0.2972,0.0
DK06_to_DK04#alt5,5,fwd,18,2700.0,933.33,0.3269,0.0
DK06_to_DK04#alt5,5,fwd,19,2650.0,950.0,0.3006,0.0
DK06_to_DK04#alt5,5,fwd,20,2600.0,950.0,0.2721,0.0
DK06_to_DK04#alt5,5,fwd,21,2550.0,966.67,0.2431,0.0
DK06_to_DK04#alt5,5,fwd,22,2500.0,1000.0,0.2431,0.0
DK06_to_DK04#alt5,5,fwd,23,2450.0,1050.0,0.2384,0.0
DK06_to_DK04#alt5,5,fwd,24,2400.0,1100.0,0.2252,0.0
DK06_to_DK04#alt5,5,fwd,25,2350.0,1150.0,0.2057,0.0
DK06_to_DK04#alt5,5,fwd,26,2300.0,1200.0,0.1889,0.0
DK06_to_DK04#alt5,5,fwd,27,2250.0,1250.0,0.2231,0.0
DK06_to_DK04#alt5,5,fwd,28,2200.0,1300.0,0.2609,0.0
DK06_to_DK04#alt5,5,fwd,29,2150.0,1350.0,0.2972,0.0
DK06_to_DK04#alt5,5,fwd,30,2100.0,1400.0,0.3269,0.0
DK06_to_DK04#alt5,5,fwd,31,2050.0,1450.0,0.3485,0.0
DK06_to_DK04#alt5,5,fwd,32,2000.0,1500.0,0.3784,0.0
DK06_to_DK04#alt5,5,fwd,33,1950.0,1550.0,0.3895,0.0
DK06_to_DK04#alt5,5,fwd,34,1900.0,1600.0,0.3895,0.0
DK06_to_DK04#alt5,5,fwd,35,1850.0,1650.0,0.3895,0.0
DK06_to_DK04#alt5,5,fwd,36,1800.0,1700.0,0.3784,0.0
DK06_to_DK04#alt5,5,fwd,37,1750.0,1750.0,0.4346,0.0
DK06_to_DK04#alt5,5,fwd,38,1700.0,1800.0,0.5134,0.0
DK06_to_DK04#alt5,5,fwd,39,1650.0,1850.0,0.5903,0.0
DK06_to_DK04#alt5,5,fwd,40,1600.0,1900.0,0.6241,0.0
DK06_to_DK04#alt5,5,fwd,41,1550.0,1950.0,0.6889,0.0
DK06_to_DK04#alt5,5,fwd,42,1500.0,2000.0,0.6889,0.0
DK06_to_DK04#alt5,5,fwd,43,1450.0,2050.0,0.6889,0.0
DK06_to_DK04#alt5,5,fwd,44,1400.0,2100.0,0.6065,0.0
DK06_to_DK04#alt5,5,fwd,45,1350.0,2150.0,0.5134,0.0
DK06_to_DK04#alt5,5,fwd,46,1300.0,2200.0,0.4931,0.0
DK06_to_DK04#alt5,5,fwd,47,1250.0,2250.0,0.4931,0.0
DK06_to_DK04#alt5,5,fwd,48,1216.67,2300.0,0.4746,0.0
DK06_to_DK04#alt5,5,fwd,49,1200.0,2350.0,0.503,0.0
DK06_to_DK04#alt5,5,fwd,50,1200.0,2400.0,0.5134,0.0
DK06_to_DK04#alt5,5,fwd,51,1200.0,2450.0,0.5134,0.0
DK06_to_DK04#alt5,5,fwd,52,1200.0,2500.0,0.5134,0.0
DK06_to_DK04#alt5,5,fwd,53,1200.0,2550.0,0.5134,0.0
DK06_to_DK04#alt5,5,fwd,54,1200.0,2600.0,0.503,0.0
DK06_to_DK04#alt5,5,fwd,55,1216.67,2650.0,0.4746,0.0
DK06_to_DK04#alt5,5,fwd,56,1250.0,2700.0,0.4931,0.0
DK06_to_DK04#alt5,5,fwd,57,1300.0,2750.0,0.4931,0.0
DK06_to_DK04#alt5,5,fwd,58,1350.0,2783.33,0.4746,0.0
DK06_to_DK04#alt5,5,fwd,59,1400.0,2800.0,0.503,0.0
DK06_to_DK04#alt5,5,fwd,60,1450.0,2800.0,0.5134,0.0
DK06_to_DK04#alt5,5,fwd,61,1500.0,2800.0,0.5134,0.0
DK02_to_DK04#alt0,0,fwd,0,3750.0,2150.0,0.1432,0.0
DK02_to_DK04#alt0,0,fwd,1,3700.0,2100.0,0.1239,0.0
DK02_to_DK04#alt0,0,fwd,2,3650.0,2066.67,0.1146,0.0
DK02_to_DK04#alt0,0,fwd,3,3600.0,2033.33,0.0981,0.0
DK02_to_DK04#alt0,0,fwd,4,3550.0,2000.0,0.0883,0.0
DK02_to_DK04#alt0,0,fwd,5,3500.0,1950.0,0.097,0.0
DK02_to_DK04#alt0,0,fwd,6,3450.0,1900.0,0.1138,0.0
DK02_to_DK04#alt0,0,fwd,7,3400.0,1850.0,0.1344,0.0
DK02_to_DK04#alt0,0,fwd,8,3350.0,1800.0,0.17,0.0
DK02_to_DK04#alt0,0,fwd,9,3300.0,1766.67,0.2151,0.0
DK02_to_DK04#alt0,0,fwd,10,3250.0,1750.0,0.2431,0.0
DK02_to_DK04#alt0,0,fwd,11,3200.0,1733.33,0.2721,0.0
DK02_to_DK04#alt0,0,fwd,12,3150.0,1700.0,0.344,0.0
DK02_to_DK04#alt0,0,fwd,13,3100.0,1666.67,0.4346,0.0
DK02_to_DK04#alt0,0,fwd,14,3050.0,1650.0,0.4746,0.0
DK02_to_DK04#alt0,0,fwd,15,3000.0,1650.0,0.503,0.0
DK02_to_DK04#alt0,0,fwd,16,2950.0,1650.0,0.5134,0.0
DK02_to_DK04#alt0,0,fwd,17,2900.0,1650.0,0.5134,0.0
DK02_to_DK04#alt0,0,fwd,18,2850.0,1650.0,0.5134,0.0
DK02_to_DK04#alt0,0,fwd,19,2800.0,1650.0,0.5483,0.0
DK02_to_DK04#alt0,0,fwd,20,2750.0,1633.33,0.6241,0.0
DK02_to_DK04#alt0,0,fwd,21,2700.0,1616.67,0.5903,0.0
DK02_to_DK04#alt0,0,fwd,22,2650.0,1600.0,0.6241,0.0
DK02_to_DK04#alt0,0,fwd,23,2600.0,1600.0,0.6889,0.0
DK02_to_DK04#alt0,0,fwd,24,2550.0,1600.0,0.7165,0.0
DK02_to_DK04#alt0,0,fwd,25,2500.0,1600.0,0.7165,0.0
DK02_to_DK04#alt0,0,fwd,26,2450.0,1600.0,0.7165,0.0
DK02_to_DK04#alt0,0,fwd,27,2400.0,1600.0,0.7165,0.0
DK02_to_DK04#alt0,0,fwd,28,2350.0,1600.0,0.7165,0.0
DK02_to_DK04#alt0,0,fwd,29,2300.0,1600.0,0.7165,0.0
DK02_to_DK04#alt0,0,fwd,30,2250.0,1600.0,0.7165,0.0
DK02_to_DK04#alt0,0,fwd,31,2200.0,1616.67,0.6889,0.0
DK02_to_DK04#alt0,0,fwd,32,2150.0,1633.33,0.7165,0.0
DK02_to_DK04#alt0,0,fwd,33,2100.0,1650.0,0.6889,0.0
DK02_to_DK04#alt0,0,fwd,34,2050.0,1700.0,0.6889,0.0
DK02_to_DK04#alt0,0,fwd,35,2000.0,1750.0,0.6889,0.0
DK02_to_DK04#alt0,0,fwd,36,1950.0,1800.0,0.6889,0.0
DK02_to_DK04#alt0,0,fwd,37,1916.67,1850.0,0.6241,0.0
DK02_to_DK04#alt0,0,fwd,38,1900.0,1900.0,0.6889,0.0
DK02_to_DK04#alt0,0,fwd,39,1900.0,1950.0,0.7165,0.0
DK02_to_DK04#alt0,0,fwd,40,1900.0,2000.0,0.7165,0.0
DK02_to_DK04#alt0,0,fwd,41,1900.0,2050.0,0.7165,0.0
DK02_to_DK04#alt0,0,fwd,42,1900.0,2100.0,0.7165,0.0
DK02_to_DK04#alt0,0,fwd,43,1900.0,2150.0,0.7165,0.0
DK02_to_DK04#alt0,0,fwd,44,1900.0,2200.0,0.7165,0.0
DK02_to_DK04#alt0,0,fwd,45,1900.0,2250.0,0.7165,0.0
DK02_to_DK04#alt0,0,fwd,46,1916.67,2300.0,0.6889,0.0
DK02_to_DK04#alt0,0,fwd,47,1933.33,2350.0,0.7165,0.0
DK02_to_DK04#alt0,0,fwd,48,1950.0,2400.0,0.6889,0.0
DK02_to_DK04#alt0,0,fwd,49,1933.33,2450.0,0.6889,0.0
DK02_to_DK04#alt0,0,fwd,50,1900.0,2500.0,0.6065,0.0
DK02_to_DK04#alt0,0,fwd,51,1850.0,2550.0,0.5903,0.0
DK02_to_DK04#alt0,0,fwd,52,1800.0,2600.0,0.6241,0.0
DK02_to_DK04#alt0,0,fwd,53,1750.0,2650.0,0.6241,0.0
DK02_to_DK04#alt0,0,fwd,54,1700.0,2700.0,0.6241,0.0
DK02_to_DK04#alt0,0,fwd,55,1650.0,2750.0,0.5903,0.0
DK02_to_DK04#alt0,0,fwd,56,1600.0,2783.33,0.5134,0.0
DK02_to_DK04#alt0,0,fwd,57,1550.0,2800.0,0.5134,0.0
DK02_to_DK04#alt0,0,fwd,58,1500.0,2800.0,0.5134,0.0
DK04_to_DK02#alt0,0,bwd,0,1500.0,2800.0,0.5134,0.0
DK04_to_DK02#alt0,0,bwd,1,1550.0,2850.0,0.4346,0.0
DK04_to_DK02#alt0,0,bwd,2,1583.33,2900.0,0.5134,0.0
DK04_to_DK02#alt0,0,bwd,3,1583.33,2950.0,0.5134,0.0
DK04_to_DK02#alt0,0,bwd,4,1550.0,2983.33,0.503,0.0
DK04_to_DK02#alt0,0,bwd,5,1500.0,3000.0,0.5483,0.0
DK04_to_DK02#alt0,0,bwd,6,1450.0,3000.0,0.5903,0.0
DK04_to_DK02#alt0,0,bwd,7,1400.0,3000.0,0.6065,0.0
DK04_to_DK02#alt0,0,bwd,8,1350.0,3000.0,0.6241,0.0
DK04_to_DK02#alt0,0,bwd,9,1300.0,3000.0,0.6889,0.0
DK04_to_DK02#alt0,0,bwd,10,1250.0,3000.0,0.7165,0.0
DK04_to_DK02#alt0,0,bwd,11,1200.0,3016.67,0.6889,0.0
DK04_to_DK02#alt0,0,bwd,12,1150.0,3033.33,0.7165,0.0
DK04_to_DK02#alt0,0,bwd,13,1100.0,3050.0,0.7165,0.0
DK04_to_DK02#alt0,0,bwd,14,1050.0,3066.67,0.6889,0.0
DK04_to_DK02#alt0,0,bwd,15,1000.0,3083.33,0.7165,0.0
DK04_to_DK02#alt0,0,bwd,16,950.0,3116.67,0.6889,0.0
DK04_to_DK02#alt0,0,bwd,17,900.0,3150.0,0.6889,0.0
DK04_to_DK02#alt0,0,bwd,18,850.0,3200.0,0.6889,0.0
DK04_to_DK02#alt0,0,bwd,19,800.0,3250.0,0.6241,0.0
DK04_to_DK02#alt0,0,bwd,20,750.0,3300.0,0.5903,0.0
DK04_to_DK02#alt0,0,bwd,21,700.0,3350.0,0.5134,0.0
DK04_to_DK02#alt0,0,bwd,22,650.0,3400.0,0.4746,0.0
DK04_to_DK02#alt0,0,bwd,23,600.0,3450.0,0.4275,0.0
DK04_to_DK02#alt0,0,bwd,24,550.0,3500.0,0.3679,0.0
DK04_to_DK02#alt0,0,bwd,25,500.0,3550.0,0.3077,0.0
DK04_to_DK02#alt0,0,bwd,26,450.0,3600.0,0.253,0.0
DK04_to_DK02#alt0,0,bwd,27,400.0,3650.0,0.2057,0.0
DK04_to_DK02#alt0,0,bwd,28,350.0,3700.0,0.1661,0.0
DK04_to_DK02#alt0,0,bwd,29,300.0,3750.0,0.1495,0.0
DK04_to_DK02#alt0,0,bwd,30,266.67,3800.0,0.1661,0.0
DK04_to_DK02#alt0,0,bwd,31,250.0,3850.0,0.1937,0.0
DK04_to_DK02#alt0,0,bwd,32,250.0,3900.0,0.2252,0.0
DK04_to_DK02#alt0,0,bwd,33,250.0,3950.0,0.2609,0.0
DK04_to_DK02#alt0,0,bwd,34,250.0,4000.0,0.3006,0.0
DK04_to_DK02#alt0,0,bwd,35,250.0,4050.0,0.344,0.0
DK04_to_DK02#alt0,0,bwd,36,250.0,4100.0,0.3895,0.0
DK04_to_DK02#alt0,0,bwd,37,250.0,4150.0,0.4346,0.0
DK04_to_DK02#alt0,0,bwd,38,250.0,4200.0,0.4931,0.0
DK04_to_DK02#alt0,0,bwd,39,250.0,4250.0,0.5483,0.0
DK04_to_DK02#alt0,0,bwd,40,250.0,4300.0,0.5903,0.0
DK04_to_DK02#alt0,0,bwd,41,233.33,4350.0,0.6241,0.0
DK04_to_DK02#alt0,0,bwd,42,200.0,4400.0,0.5903,0.0
DK04_to_DK02#alt0,0,bwd,43,166.67,4450.0,0.5134,0.0
DK04_to_DK02#alt0,0,bwd,44,150.0,4500.0,0.5134,0.0
DK04_to_DK02#alt0,0,bwd,45,150.0,4550.0,0.503,0.0
DK04_to_DK02#alt0,0,bwd,46,166.67,4600.0,0.4746,0.0
DK04_to_DK02#alt0,0,bwd,47,200.0,4650.0,0.4931,0.0
DK04_to_DK02#alt0,0,bwd,48,250.0,4700.0,0.4931,0.0
DK04_to_DK02#alt0,0,bwd,49,300.0,4750.0,0.4931,0.0
DK04_to_DK02#alt0,0,bwd,50,350.0,4800.0,0.4746,0.0
DK04_to_DK02#alt0,0,bwd,51,400.0,4850.0,0.4346,0.0
DK04_to_DK02#alt0,0,bwd,52,450.0,4900.0,0.4076,0.0
DK04_to_DK02#alt0,0,bwd,53,500.0,4933.33,0.3628,0.0
DK04_to_DK02#alt0,0,bwd,54,550.0,4950.0,0.3679,0.0
DK04_to_DK02#alt0,0,bwd,55,600.0,4950.0,0.3628,0.0
DK04_to_DK02#alt0,0,bwd,56,650.0,4950.0,0.3485,0.0
DK04_to_DK02#alt0,0,bwd,57,700.0,4950.0,0.3269,0.0
DK04_to_DK02#alt0,0,bwd,58,750.0,4950.0,0.3006,0.0
DK04_to_DK02#alt0,0,bwd,59,800.0,4950.0,0.281,0.0
DK04_to_DK02#alt0,0,bwd,60,850.0,4950.0,0.2609,0.0
DK04_to_DK02#alt0,0,bwd,61,900.0,4950.0,0.2384,0.0
DK04_to_DK02#alt0,0,bwd,62,950.0,4950.0,0.2151,0.0
DK04_to_DK02#alt0,0,bwd,63,1000.0,4950.0,0.1921,0.0
DK04_to_DK02#alt0,0,bwd,64,1050.0,4950.0,0.17,0.0
DK04_to_DK02#alt0,0,bwd,65,1100.0,4950.0,0.1755,0.0
DK04_to_DK02#alt0,0,bwd,66,1150.0,4950.0,0.1827,0.0
DK04_to_DK02#alt0,0,bwd,67,1200.0,4950.0,0.1873,0.0
DK04_to_DK02#alt0,0,bwd,68,1250.0,4950.0,0.1889,0.0
DK04_to_DK02#alt0,0,bwd,69,1300.0,4950.0,0.1889,0.0
DK04_to_DK02#alt0,0,bwd,70,1350.0,4950.0,0.1889,0.0
DK04_to_DK02#alt0,0,bwd,71,1400.0,4950.0,0.1889,0.0
DK04_to_DK02#alt0,0,bwd,72,1450.0,4950.0,0.2076,0.0
DK04_to_DK02#alt0,0,bwd,73,1500.0,4950.0,0.2384,0.0
DK04_to_DK02#alt0,0,bwd,74,1550.0,4950.0,0.2721,0.0
DK04_to_DK02#alt0,0,bwd,75,1600.0,4950.0,0.3077,0.0
DK04_to_DK02#alt0,0,bwd,76,1650.0,4950.0,0.344,0.0
DK04_to_DK02#alt0,0,bwd,77,1700.0,4950.0,0.3895,0.0
DK04_to_DK02#alt0,0,bwd,78,1750.0,4950.0,0.4346,0.0
DK04_to_DK02#alt0,0,bwd,79,1800.0,4950.0,0.4931,0.0
DK04_to_DK02#alt0,0,bwd,80,1850.0,4950.0,0.5483,0.0
DK04_to_DK02#alt0,0,bwd,81,1900.0,4950.0,0.6241,0.0
DK04_to_DK02#alt0,0,bwd,82,1950.0,4950.0,0.6889,0.0
DK04_to_DK02#alt0,0,bwd,83,2000.0,4950.0,0.7165,0.0
DK04_to_DK02#alt0,0,bwd,84,2050.0,4950.0,0.7165,0.0
DK04_to_DK02#alt0,0,bwd,85,2100.0,4950.0,0.6889,0.0
DK04_to_DK02#alt0,0,bwd,86,2150.0,4900.0,0.7165,0.0
DK04_to_DK02#alt0,0,bwd,87,2200.0,4900.0,0.6889,0.0
DK04_to_DK02#alt0,0,bwd,88,2250.0,4850.0,0.6889,0.0
DK04_to_DK02#alt0,0,bwd,89,2300.0,4800.0,0.6889,0.0
DK04_to_DK02#alt0,0,bwd,90,2350.0,4750.0,0.6065,0.0
DK04_to_DK02#alt0,0,bwd,91,2400.0,4700.0,0.5134,0.0
DK04_to_DK02#alt0,0,bwd,92,2450.0,4650.0,0.4346,0.0
DK04_to_DK02#alt0,0,bwd,93,2500.0,4600.0,0.3679,0.0
DK04_to_DK02#alt0,0,bwd,94,2550.0,4550.0,0.344,0.0
DK04_to_DK02#alt0,0,bwd,95,2600.0,4500.0,0.4346,0.0
DK04_to_DK02#alt0,0,bwd,96,2633.33,4450.0,0.5483,0.0
DK04_to_DK02#alt0,0,bwd,97,2650.0,4400.0,0.5903,0.0
DK04_to_DK02#alt0,0,bwd,98,2650.0,4350.0,0.6241,0.0
DK04_to_DK02#alt0,0,bwd,99,2650.0,4300.0,0.6889,0.0
DK04_to_DK02#alt0,0,bwd,100,2650.0,4250.0,0.7165,0.0
DK04_to_DK02#alt0,0,bwd,101,2650.0,4200.0,0.7165,0.0
DK04_to_DK02#alt0,0,bwd,102,2650.0,4150.0,0.7165,0.0
DK04_to_DK02#alt0,0,bwd,103,2650.0,4100.0,0.6889,0.0
DK04_to_DK02#alt0,0,bwd,104,2700.0,4050.0,0.7165,0.0
DK04_to_DK02#alt0,0,bwd,105,2700.0,4000.0,0.6889,0.0
DK04_to_DK02#alt0,0,bwd,106,2750.0,3950.0,0.6889,0.0
DK04_to_DK02#alt0,0,bwd,107,2800.0,3900.0,0.6889,0.0
DK04_to_DK02#alt0,0,bwd,108,2850.0,3850.0,0.6241,0.0
DK04_to_DK02#alt0,0,bwd,109,2883.33,3800.0,0.5903,0.0
DK04_to_DK02#alt0,0,bwd,110,2883.33,3750.0,0.503,0.0
DK04_to_DK02#alt0,0,bwd,111,2850.0,3700.0,0.5483,0.0
DK04_to_DK02#alt0,0,bwd,112,2816.67,3650.0,0.5483,0.0
DK04_to_DK02#alt0,0,bwd,113,2800.0,3600.0,0.6241,0.0
DK04_to_DK02#alt0,0,bwd,114,2800.0,3550.0,0.6889,0.0
DK04_to_DK02#alt0,0,bwd,115,2800.0,3500.0,0.7165,0.0
DK04_to_DK02#alt0,0,bwd,116,2800.0,3450.0,0.7165,0.0
DK04_to_DK02#alt0,0,bwd,117,2800.0,3400.0,0.7165,0.0
DK04_to_DK02#alt0,0,bwd,118,2800.0,3350.0,0.7165,0.0
DK04_to_DK02#alt0,0,bwd,119,2800.0,3300.0,0.6889,0.0
DK04_to_DK02#alt0,0,bwd,120,2850.0,3250.0,0.6889,0.0
DK04_to_DK02#alt0,0,bwd,121,2900.0,3200.0,0.6889,0.0
DK04_to_DK02#alt0,0,bwd,122,2950.0,3183.33,0.7165,0.0
DK04_to_DK02#alt0,0,bwd,123,3000.0,3150.0,0.6065,0.0
DK04_to_DK02#alt0,0,bwd,124,3033.33,3100.0,0.7165,0.0
DK04_to_DK02#alt0,0,bwd,125,3066.67,3050.0,0.6889,0.0
DK04_to_DK02#alt0,0,bwd,126,3100.0,3000.0,0.6889,0.0
DK04_to_DK02#alt0,0,bwd,127,3150.0,2950.0,0.6889,0.0
DK04_to_DK02#alt0,0,bwd,128,3200.0,2900.0,0.6889,0.0
DK04_to_DK02#alt0,0,bwd,129,3250.0,2850.0,0.6065,0.0
DK04_to_DK02#alt0,0,bwd,130,3300.0,2800.0,0.5134,0.0
DK04_to_DK02#alt0,0,bwd,131,3350.0,2750.0,0.4346,0.0
DK04_to_DK02#alt0,0,bwd,132,3400.0,2700.0,0.3679,0.0
DK04_to_DK02#alt0,0,bwd,133,3450.0,2650.0,0.3114,0.0
DK04_to_DK02#alt0,0,bwd,134,3500.0,2600.0,0.2636,0.0
DK04_to_DK02#alt0,0,bwd,135,3550.0,2550.0,0.2211,0.0
DK04_to_DK02#alt0,0,bwd,136,3600.0,2500.0,0.2252,0.0
DK04_to_DK02#alt0,0,bwd,137,3650.0,2450.0,0.2384,0.0
DK04_to_DK02#alt0,0,bwd,138,3700.0,2400.0,0.2431,0.0
DK04_to_DK02#alt0,0,bwd,139,3733.33,2350.0,0.2431,0.0
DK04_to_DK02#alt0,0,bwd,140,3750.0,2300.0,0.2151,0.0
DK04_to_DK02#alt0,0,bwd,141,3750.0,2250.0,0.1889,0.0
DK04_to_DK02#alt0,0,bwd,142,3750.0,2200.0,0.1648,0.0
DK04_to_DK02#alt0,0,bwd,143,3750.0,2150.0,0.1432,0.0
DK04_to_DK02#alt4,4,bwd,0,1500.0,2800.0,0.5134,0.0
DK04_to_DK02#alt4,4,bwd,1,1450.0,2750.0,0.6065,0.0
DK04_to_DK02#alt4,4,bwd,2,1400.0,2700.0,0.6889,0.0
DK04_to_DK02#alt4,4,bwd,3,1350.0,2650.0,0.6889,0.0
DK04_to_DK02#alt4,4,bwd,4,1300.0,2600.0,0.6889,0.0
DK04_to_DK02#alt4,4,bwd,5,1300.0,2550.0,0.7165,0.0
DK04_to_DK02#alt4,4,bwd,6,1300.0,2500.0,0.7165,0.0
DK04_to_DK02#alt4,4,bwd,7,1300.0,2450.0,0.7165,0.0
DK04_to_DK02#alt4,4,bwd,8,1300.0,2400.0,0.7165,0.0
DK04_to_DK02#alt4,4,bwd,9,1316.67,2350.0,0.6889,0.0
DK04_to_DK02#alt4,4,bwd,10,1350.0,2300.0,0.6889,0.0
DK04_to_DK02#alt4,4,bwd,11,1400.0,2250.0,0.6889,0.0
DK04_to_DK02#alt4,4,bwd,12,1450.0,2200.0,0.6889,0.0
DK04_to_DK02#alt4,4,bwd,13,1500.0,2150.0,0.6065,0.0
DK04_to_DK02#alt4,4,bwd,14,1550.0,2100.0,0.5134,0.0
DK04_to_DK02#alt4,4,bwd,15,1600.0,2050.0,0.4931,0.0
DK04_to_DK02#alt4,4,bwd,16,1650.0,2000.0,0.4746,0.0
DK04_to_DK02#alt4,4,bwd,17,1683.33,1950.0,0.4346,0.0
DK04_to_DK02#alt4,4,bwd,18,1700.0,1900.0,0.4746,0.0
DK04_to_DK02#alt4,4,bwd,19,1716.67,1850.0,0.503,0.0
DK04_to_DK02#alt4,4,bwd,20,1750.0,1800.0,0.4346,0.0
DK04_to_DK02#alt4,4,bwd,21,1800.0,1750.0,0.4076,0.0
DK04_to_DK02#alt4,4,bwd,22,1850.0,1700.0,0.4346,0.0
DK04_to_DK02#alt4,4,bwd,23,1900.0,1650.0,0.4346,0.0
DK04_to_DK02#alt4,4,bwd,24,1950.0,1600.0,0.4346,0.0
DK04_to_DK02#alt4,4,bwd,25,2000.0,1550.0,0.4346,0.0
DK04_to_DK02#alt4,4,bwd,26,2050.0,1516.67,0.4076,0.0
DK04_to_DK02#alt4,4,bwd,27,2100.0,1500.0,0.4346,0.0
DK04_to_DK02#alt4,4,bwd,28,2150.0,1500.0,0.4746,0.0
DK04_to_DK02#alt4,4,bwd,29,2200.0,1500.0,0.503,0.0
DK04_to_DK02#alt4,4,bwd,30,2250.0,1500.0,0.5134,0.0
DK04_to_DK02#alt4,4,bwd,31,2300.0,1500.0,0.5134,0.0
DK04_to_DK02#alt4,4,bwd,32,2350.0,1500.0,0.5134,0.0
DK04_to_DK02#alt4,4,bwd,33,2400.0,1500.0,0.5134,0.0
DK04_to_DK02#alt4,4,bwd,34,2450.0,1500.0,0.5134,0.0
DK04_to_DK02#alt4,4,bwd,35,2500.0,1516.67,0.5134,0.0
DK04_to_DK02#alt4,4,bwd,36,2550.0,1550.0,0.6065,0.0
DK04_to_DK02#alt4,4,bwd,37,2600.0,1600.0,0.6889,0.0
DK04_to_DK02#alt4,4,bwd,38,2650.0,1633.33,0.7165,0.0
DK04_to_DK02#alt4,4,bwd,39,2700.0,1650.0,0.6889,0.0
DK04_to_DK02#alt4,4,bwd,40,2750.0,1700.0,0.6889,0.0
DK04_to_DK02#alt4,4,bwd,41,2800.0,1750.0,0.6889,0.0
DK04_to_DK02#alt4,4,bwd,42,2850.0,1800.0,0.6889,0.0
DK04_to_DK02#alt4,4,bwd,43,2900.0,1850.0,0.6241,0.0
DK04_to_DK02#alt4,4,bwd,44,2950.0,1900.0,0.5903,0.0
DK04_to_DK02#alt4,4,bwd,45,3000.0,1950.0,0.5134,0.0
DK04_to_DK02#alt4,4,bwd,46,3050.0,2000.0,0.4346,0.0
DK04_to_DK02#alt4,4,bwd,47,3100.0,2050.0,0.3679,0.0
DK04_to_DK02#alt4,4,bwd,48,3150.0,2100.0,0.3114,0.0
DK04_to_DK02#alt4,4,bwd,49,3200.0,2150.0,0.2636,0.0
DK04_to_DK02#alt4,4,bwd,50,3250.0,2200.0,0.2231,0.0
DK04_to_DK02#alt4,4,bwd,51,3300.0,2250.0,0.1889,0.0
DK04_to_DK02#alt4,4,bwd,52,3350.0,2300.0,0.1587,0.0
DK04_to_DK02#alt4,4,bwd,53,3400.0,2333.33,0.1317,0.0
DK04_to_DK02#alt4,4,bwd,54,3450.0,2350.0,0.1146,0.0
DK04_to_DK02#alt4,4,bwd,55,3500.0,2350.0,0.1308,0.0
DK04_to_DK02#alt4,4,bwd,56,3550.0,2333.33,0.1495,0.0
DK04_to_DK02#alt4,4,bwd,57,3600.0,2300.0,0.1517,0.0
DK04_to_DK02#alt4,4,bwd,58,3650.0,2266.67,0.1517,0.0
DK04_to_DK02#alt4,4,bwd,59,3700.0,2233.33,0.17,0.0
DK04_to_DK02#alt4,4,bwd,60,3733.33,2200.0,0.1648,0.0
DK04_to_DK02#alt4,4,bwd,61,3750.0,2150.0,0.1432,0.0
DK02_to_DK04#alt7,7,fwd,0,3750.0,2150.0,0.1432,0.0
DK02_to_DK04#alt7,7,fwd,1,3700.0,2100.0,0.1239,0.0
DK02_to_DK04#alt7,7,fwd,2,3650.0,2050.0,0.1146,0.0
DK02_to_DK04#alt7,7,fwd,3,3600.0,2000.0,0.1036,0.0
DK02_to_DK04#alt7,7,fwd,4,3550.0,1950.0,0.092,0.0
DK02_to_DK04#alt7,7,fwd,5,3500.0,1900.0,0.0964,0.0
DK02_to_DK04#alt7,7,fwd,6,3450.0,1850.0,0.1183,0.0
DK02_to_DK04#alt7,7,fwd,7,3400.0,1800.0,0.1495,0.0
DK02_to_DK04#alt7,7,fwd,8,3350.0,1750.0,0.1889,0.0
DK02_to_DK04#alt7,7,fwd,9,3300.0,1700.0,0.2384,0.0
DK02_to_DK04#alt7,7,fwd,10,3250.0,1650.0,0.3006,0.0
DK02_to_DK04#alt7,7,fwd,11,3200.0,1600.0,0.3784,0.0
DK02_to_DK04#alt7,7,fwd,12,3150.0,1566.67,0.4746,0.0
DK02_to_DK04#alt7,7,fwd,13,3100.0,1550.0,0.5483,0.0
DK02_to_DK04#alt7,7,fwd,14,3050.0,1550.0,0.6241,0.0
DK02_to_DK04#alt7,7,fwd,15,3000.0,1550.0,0.6889,0.0
DK02_to_DK04#alt7,7,fwd,16,2950.0,1550.0,0.7165,0.0
DK02_to_DK04#alt7,7,fwd,17,2900.0,1550.0,0.7165,0.0
DK02_to_DK04#alt7,7,fwd,18,2850.0,1550.0,0.7165,0.0
DK02_to_DK04#alt7,7,fwd,19,2800.0,1550.0,0.7165,0.0
DK02_to_DK04#alt7,7,fwd,20,2750.0,1533.33,0.6889,0.0
DK02_to_DK04#alt7,7,fwd,21,2700.0,1500.0,0.6889,0.0
DK02_to_DK04#alt7,7,fwd,22,2650.0,1450.0,0.6065,0.0
DK02_to_DK04#alt7,7,fwd,23,2600.0,1416.67,0.5134,0.0
DK02_to_DK04#alt7,7,fwd,24,2550.0,1400.0,0.4346,0.0
DK02_to_DK04#alt7,7,fwd,25,2500.0,1400.0,0.3679,0.0
DK02_to_DK04#alt7,7,fwd,26,2450.0,1400.0,0.3679,0.0
DK02_to_DK04#alt7,7,fwd,27,2400.0,1400.0,0.3679,0.0
DK02_to_DK04#alt7,7,fwd,28,2350.0,1400.0,0.3679,0.0
DK02_to_DK04#alt7,7,fwd,29,2300.0,1400.0,0.3679,0.0
DK02_to_DK04#alt7,7,fwd,30,2250.0,1400.0,0.3679,0.0
DK02_to_DK04#alt7,7,fwd,31,2200.0,1400.0,0.3628,0.0
DK02_to_DK04#alt7,7,fwd,32,2150.0,1400.0,0.3485,0.0
DK02_to_DK04#alt7,7,fwd,33,2100.0,1400.0,0.3269,0.0
DK02_to_DK04#alt7,7,fwd,34,2050.0,1416.67,0.3006,0.0
DK02_to_DK04#alt7,7,fwd,35,2000.0,1450.0,0.3269,0.0
DK02_to_DK04#alt7,7,fwd,36,1950.0,1500.0,0.344,0.0
DK02_to_DK04#alt7,7,fwd,37,1900.0,1550.0,0.344,0.0
DK02_to_DK04#alt7,7,fwd,38,1850.0,1600.0,0.344,0.0
DK02_to_DK04#alt7,7,fwd,39,1800.0,1650.0,0.3628,0.0
DK02_to_DK04#alt7,7,fwd,40,1750.0,1700.0,0.4346,0.0
DK02_to_DK04#alt7,7,fwd,41,1700.0,1750.0,0.5134,0.0
DK02_to_DK04#alt7,7,fwd,42,1650.0,1800.0,0.6065,0.0
DK02_to_DK04#alt7,7,fwd,43,1600.0,1850.0,0.6889,0.0
DK02_to_DK04#alt7,7,fwd,44,1566.67,1900.0,0.7165,0.0
DK02_to_DK04#alt7,7,fwd,45,1533.33,1950.0,0.6889,0.0
DK02_to_DK04#alt7,7,fwd,46,1500.0,2000.0,0.6889,0.0
DK02_to_DK04#alt7,7,fwd,47,1450.0,2033.33,0.6889,0.0
DK02_to_DK04#alt7,7,fwd,48,1400.0,2066.67,0.7165,0.0
DK02_to_DK04#alt7,7,fwd,49,1350.0,2100.0,0.6065,0.0
DK02_to_DK04#alt7,7,fwd,50,1300.0,2150.0,0.5134,0.0
DK02_to_DK04#alt7,7,fwd,51,1250.0,2200.0,0.4346,0.0
DK02_to_DK04#alt7,7,fwd,52,1200.0,2250.0,0.4346,0.0
DK02_to_DK04#alt7,7,fwd,53,1150.0,2300.0,0.4076,0.0
DK02_to_DK04#alt7,7,fwd,54,1100.0,2350.0,0.3628,0.0
DK02_to_DK04#alt7,7,fwd,55,1066.67,2400.0,0.3114,0.0
DK02_to_DK04#alt7,7,fwd,56,1066.67,2450.0,0.3114,0.0
DK02_to_DK04#alt7,7,fwd,57,1083.33,2500.0,0.3679,0.0
DK02_to_DK04#alt7,7,fwd,58,1116.67,2550.0,0.3679,0.0
DK02_to_DK04#alt7,7,fwd,59,1150.0,2600.0,0.4275,0.0
DK02_to_DK04#alt7,7,fwd,60,1200.0,2650.0,0.4746,0.0
DK02_to_DK04#alt7,7,fwd,61,1250.0,2700.0,0.4931,0.0
DK02_to_DK04#alt7,7,fwd,62,1300.0,2750.0,0.4931,0.0
DK02_to_DK04#alt7,7,fwd,63,1350.0,2783.33,0.4746,0.0
DK02_to_DK04#alt7,7,fwd,64,1400.0,2800.0,0.503,0.0
DK02_to_DK04#alt7,7,fwd,65,1450.0,2800.0,0.5134,0.0
DK02_to_DK04#alt7,7,fwd,66,1500.0,2800.0,0.5134,0.0
DK06_to_DK05#alt0,0,fwd,0,3600.0,1200.0,0.2211,0.0
DK06_to_DK05#alt0,0,fwd,1,3650.0,1150.0,0.2636,0.0
DK06_to_DK05#alt0,0,fwd,2,3700.0,1116.67,0.3114,0.0
DK06_to_DK05#alt0,0,fwd,3,3750.0,1100.0,0.3077,0.0
DK06_to_DK05#alt0,0,fwd,4,3800.0,1100.0,0.2972,0.0
DK06_to_DK05#alt0,0,fwd,5,3850.0,1100.0,0.281,0.0
DK06_to_DK05#alt0,0,fwd,6,3900.0,1100.0,0.2609,0.0
DK06_to_DK05#alt0,0,fwd,7,3950.0,1116.67,0.2384,0.0
DK06_to_DK05#alt0,0,fwd,8,4000.0,1133.33,0.1889,0.0
DK06_to_DK05#alt0,0,fwd,9,4050.0,1166.67,0.17,0.0
DK06_to_DK05#alt0,0,fwd,10,4100.0,1200.0,0.1661,0.0
DK06_to_DK05#alt0,0,fwd,11,4150.0,1250.0,0.2057,0.0
DK06_to_DK05#alt0,0,fwd,12,4200.0,1283.33,0.253,0.0
DK06_to_DK05#alt0,0,fwd,13,4250.0,1316.67,0.2609,0.0
DK06_to_DK05#alt0,0,fwd,14,4300.0,1333.33,0.3114,0.0
DK06_to_DK05#alt0,0,fwd,15,4350.0,1366.67,0.3114,0.0
DK06_to_DK05#alt0,0,fwd,16,4400.0,1400.0,0.3679,0.0
DK06_to_DK05#alt0,0,fwd,17,4450.0,1450.0,0.4275,0.0
DK06_to_DK05#alt0,0,fwd,18,4500.0,1500.0,0.4746,0.0
DK06_to_DK05#alt0,0,fwd,19,4550.0,1550.0,0.4931,0.0
DK06_to_DK05#alt0,0,fwd,20,4600.0,1600.0,0.4931,0.0
DK06_to_DK05#alt0,0,fwd,21,4650.0,1650.0,0.4746,0.0
DK06_to_DK05#alt0,0,fwd,22,4700.0,1700.0,0.4275,0.0
DK06_to_DK05#alt0,0,fwd,23,4750.0,1750.0,0.3679,0.0
DK06_to_DK05#alt0,0,fwd,24,4800.0,1800.0,0.3114,0.0
DK06_to_DK05#alt0,0,fwd,25,4850.0,1850.0,0.2609,0.0
DK06_to_DK05#alt0,0,fwd,26,4900.0,1900.0,0.2151,0.0
DK06_to_DK05#alt0,0,fwd,27,4933.33,1950.0,0.1755,0.0
DK06_to_DK05#alt0,0,fwd,28,4950.0,2000.0,0.1661,0.0
DK06_to_DK05#alt0,0,fwd,29,4950.0,2050.0,0.1551,0.0
DK06_to_DK05#alt0,0,fwd,30,4950.0,2100.0,0.1432,0.0
DK06_to_DK05#alt0,0,fwd,31,4950.0,2150.0,0.1308,0.0
DK06_to_DK05#alt0,0,fwd,32,4950.0,2200.0,0.1183,0.0
DK06_to_DK05#alt0,0,fwd,33,4950.0,2250.0,0.1062,0.0
DK05_to_DK06#alt0,0,bwd,0,4950.0,2250.0,0.1062,0.0
DK05_to_DK06#alt0,0,bwd,1,4900.0,2200.0,0.1344,0.0
DK05_to_DK06#alt0,0,bwd,2,4850.0,2150.0,0.17,0.0
DK05_to_DK06#alt0,0,bwd,3,4800.0,2100.0,0.2151,0.0
DK05_to_DK06#alt0,0,bwd,4,4750.0,2050.0,0.2721,0.0
DK05_to_DK06#alt0,0,bwd,5,4700.0,2000.0,0.344,0.0
DK05_to_DK06#alt0,0,bwd,6,4650.0,1950.0,0.4346,0.0
DK05_to_DK06#alt0,0,bwd,7,4600.0,1900.0,0.5483,0.0
DK05_to_DK06#alt0,0,bwd,8,4566.67,1850.0,0.6889,0.0
DK05_to_DK06#alt0,0,bwd,9,4550.0,1800.0,0.7165,0.0
DK05_to_DK06#alt0,0,bwd,10,4550.0,1750.0,0.7165,0.0
DK05_to_DK06#alt0,0,bwd,11,4550.0,1700.0,0.6889,0.0
DK05_to_DK06#alt0,0,bwd,12,4500.0,1650.0,0.6889,0.0
DK05_to_DK06#alt0,0,bwd,13,4450.0,1616.67,0.6889,0.0
DK05_to_DK06#alt0,0,bwd,14,4400.0,1600.0,0.7165,0.0
DK05_to_DK06#alt0,0,bwd,15,4350.0,1600.0,0.7165,0.0
DK05_to_DK06#alt0,0,bwd,16,4300.0,1583.33,0.7165,0.0
DK05_to_DK06#alt0,0,bwd,17,4250.0,1550.0,0.5903,0.0
DK05_to_DK06#alt0,0,bwd,18,4200.0,1500.0,0.4746,0.0
DK05_to_DK06#alt0,0,bwd,19,4150.0,1450.0,0.3784,0.0
DK05_to_DK06#alt0,0,bwd,20,4100.0,1400.0,0.3006,0.0
DK05_to_DK06#alt0,0,bwd,21,4050.0,1350.0,0.2384,0.0
DK05_to_DK06#alt0,0,bwd,22,4000.0,1300.0,0.1889,0.0
DK05_to_DK06#alt0,0,bwd,23,3950.0,1250.0,0.1551,0.0
DK05_to_DK06#alt0,0,bwd,24,3900.0,1216.67,0.1937,0.0
DK05_to_DK06#alt0,0,bwd,25,3850.0,1200.0,0.2057,0.0
DK05_to_DK06#alt0,0,bwd,26,3800.0,1200.0,0.2151,0.0
DK05_to_DK06#alt0,0,bwd,27,3750.0,1200.0,0.2211,0.0
DK05_to_DK06#alt0,0,bwd,28,3700.0,1200.0,0.2231,0.0
DK05_to_DK06#alt0,0,bwd,29,3650.0,1200.0,0.2231,0.0
DK05_to_DK06#alt0,0,bwd,30,3600.0,1200.0,0.2211,0.0
DK06_to_DK05#alt1,1,fwd,0,3600.0,1200.0,0.2211,0.0
DK06_to_DK05#alt1,1,fwd,1,3650.0,1150.0,0.2636,0.0
DK06_to_DK05#alt1,1,fwd,2,3700.0,1100.0,0.3114,0.0
DK06_to_DK05#alt1,1,fwd,3,3750.0,1050.0,0.3628,0.0
DK06_to_DK05#alt1,1,fwd,4,3800.0,1000.0,0.4076,0.0
DK06_to_DK05#alt1,1,fwd,5,3850.0,966.67,0.4346,0.0
DK06_to_DK05#alt1,1,fwd,6,3900.0,950.0,0.3895,0.0
DK06_to_DK05#alt1,1,fwd,7,3950.0,950.0,0.344,0.0
DK06_to_DK05#alt1,1,fwd,8,4000.0,933.33,0.3077,0.0
DK06_to_DK05#alt1,1,fwd,9,4050.0,933.33,0.281,0.0
DK06_to_DK05#alt1,1,fwd,10,4100.0,950.0,0.2972,0.0
DK06_to_DK05#alt1,1,fwd,11,4150.0,1000.0,0.2609,0.0
DK06_to_DK05#alt1,1,fwd,12,4200.0,1050.0,0.2231,0.0
DK06_to_DK05#alt1,1,fwd,13,4250.0,1100.0,0.1889,0.0
DK06_to_DK05#alt1,1,fwd,14,4300.0,1150.0,0.1599,0.0
DK06_to_DK05#alt1,1,fwd,15,4350.0,1200.0,0.1889,0.0
DK06_to_DK05#alt1,1,fwd,16,4400.0,1250.0,0.2231,0.0
DK06_to_DK05#alt1,1,fwd,17,4450.0,1300.0,0.2609,0.0
DK06_to_DK05#alt1,1,fwd,18,4500.0,1350.0,0.2972,0.0
DK06_to_DK05#alt1,1,fwd,19,4550.0,1400.0,0.3269,0.0
DK06_to_DK05#alt1,1,fwd,20,4600.0,1450.0,0.344,0.0
DK06_to_DK05#alt1,1,fwd,21,4650.0,1500.0,0.344,0.0
DK06_to_DK05#alt1,1,fwd,22,4700.0,1550.0,0.344,0.0
DK06_to_DK05#alt1,1,fwd,23,4750.0,1600.0,0.3269,0.0
DK06_to_DK05#alt1,1,fwd,24,4800.0,1650.0,0.2972,0.0
DK06_to_DK05#alt1,1,fwd,25,4850.0,1700.0,0.2609,0.0
DK06_to_DK05#alt1,1,fwd,26,4900.0,1750.0,0.2231,0.0
DK06_to_DK05#alt1,1,fwd,27,4933.33,1800.0,0.1889,0.0
DK06_to_DK05#alt1,1,fwd,28,4950.0,1850.0,0.1873,0.0
DK06_to_DK05#alt1,1,fwd,29,4950.0,1900.0,0.1827,0.0
DK06_to_DK05#alt1,1,fwd,30,4950.0,1950.0,0.1755,0.0
DK06_to_DK05#alt1,1,fwd,31,4950.0,2000.0,0.1661,0.0
DK06_to_DK05#alt1,1,fwd,32,4950.0,2050.0,0.1551,0.0
DK06_to_DK05#alt1,1,fwd,33,4950.0,2100.0,0.1432,0.0
DK06_to_DK05#alt1,1,fwd,34,4950.0,2150.0,0.1308,0.0
DK06_to_DK05#alt1,1,fwd,35,4950.0,2200.0,0.1183,0.0
DK06_to_DK05#alt1,1,fwd,36,4950.0,2250.0,0.1062,0.0
DK06_to_DK05#alt2,2,fwd,0,3600.0,1200.0,0.2211,0.0
DK06_to_DK05#alt2,2,fwd,1,3650.0,1250.0,0.1889,0.0
DK06_to_DK05#alt2,2,fwd,2,3700.0,1300.0,0.1599,0.0
DK06_to_DK05#alt2,2,fwd,3,3750.0,1350.0,0.1344,0.0
DK06_to_DK05#alt2,2,fwd,4,3800.0,1400.0,0.1495,0.0
DK06_to_DK05#alt2,2,fwd,5,3850.0,1450.0,0.1889,0.0
DK06_to_DK05#alt2,2,fwd,6,3900.0,1500.0,0.2384,0.0
DK06_to_DK05#alt2,2,fwd,7,3950.0,1550.0,0.3006,0.0
DK06_to_DK05#alt2,2,fwd,8,4000.0,1600.0,0.3784,0.0
DK06_to_DK05#alt2,2,fwd,9,4050.0,1650.0,0.4746,0.0
DK06_to_DK05#alt2,2,fwd,10,4100.0,1700.0,0.5903,0.0
DK06_to_DK05#alt2,2,fwd,11,4133.33,1750.0,0.7165,0.0
DK06_to_DK05#alt2,2,fwd,12,4150.0,1800.0,0.7165,0.0
DK06_to_DK05#alt2,2,fwd,13,4166.67,1850.0,0.6889,0.0
DK06_to_DK05#alt2,2,fwd,14,4200.0,1900.0,0.6889,0.0
DK06_to_DK05#alt2,2,fwd,15,4250.0,1950.0,0.6889,0.0
DK06_to_DK05#alt2,2,fwd,16,4300.0,2000.0,0.6065,0.0
DK06_to_DK05#alt2,2,fwd,17,4350.0,2050.0,0.5134,0.0
DK06_to_DK05#alt2,2,fwd,18,4400.0,2100.0,0.4346,0.0
DK06_to_DK05#alt2,2,fwd,19,4450.0,2133.33,0.3628,0.0
DK06_to_DK05#alt2,2,fwd,20,4500.0,2166.67,0.3485,0.0
DK06_to_DK05#alt2,2,fwd,21,4550.0,2200.0,0.281,0.0
DK06_to_DK05#alt2,2,fwd,22,4600.0,2233.33,0.2252,0.0
DK06_to_DK05#alt2,2,fwd,23,4650.0,2250.0,0.2076,0.0
DK06_to_DK05#alt2,2,fwd,24,4700.0,2250.0,0.1889,0.0
DK06_to_DK05#alt2,2,fwd,25,4750.0,2250.0,0.17,0.0
DK06_to_DK05#alt2,2,fwd,26,4800.0,2250.0,0.1517,0.0
DK06_to_DK05#alt2,2,fwd,27,4850.0,2250.0,0.1344,0.0
DK06_to_DK05#alt2,2,fwd,28,4900.0,2250.0,0.1199,0.0
DK06_to_DK05#alt2,2,fwd,29,4950.0,2250.0,0.1062,0.0
DK05_to_DK06#alt5,5,bwd,0,4950.0,2250.0,0.1062,0.0
DK05_to_DK06#alt5,5,bwd,1,4900.0,2300.0,0.1062,0.0
DK05_to_DK06#alt5,5,bwd,2,4850.0,2333.33,0.1062,0.0
DK05_to_DK06#alt5,5,bwd,3,4800.0,2350.0,0.1183,0.0
DK05_to_DK06#alt5,5,bwd,4,4750.0,2350.0,0.1308,0.0
DK05_to_DK06#alt5,5,bwd,5,4700.0,2350.0,0.1495,0.0
DK05_to_DK06#alt5,5,bwd,6,4650.0,2350.0,0.17,0.0
DK05_to_DK06#alt5,5,bwd,7,4600.0,2350.0,0.1921,0.0
DK05_to_DK06#alt5,5,bwd,8,4550.0,2333.33,0.2151,0.0
DK05_to_DK06#alt5,5,bwd,9,4500.0,2300.0,0.2151,0.0
DK05_to_DK06#alt5,5,bwd,10,4450.0,2250.0,0.2609,0.0
DK05_to_DK06#alt5,5,bwd,11,4400.0,2200.0,0.3114,0.0
DK05_to_DK06#alt5,5,bwd,12,4350.0,2150.0,0.3679,0.0
DK05_to_DK06#alt5,5,bwd,13,4300.0,2100.0,0.4346,0.0
DK05_to_DK06#alt5,5,bwd,14,4250.0,2050.0,0.503,0.0
DK05_to_DK06#alt5,5,bwd,15,4200.0,2000.0,0.5483,0.0
DK05_to_DK06#alt5,5,bwd,16,4150.0,1950.0,0.5483,0.0
DK05_to_DK06#alt5,5,bwd,17,4100.0,1900.0,0.5483,0.0
DK05_to_DK06#alt5,5,bwd,18,4050.0,1850.0,0.503,0.0
DK05_to_DK06#alt5,5,bwd,19,4000.0,1800.0,0.4346,0.0
DK05_to_DK06#alt5,5,bwd,20,3950.0,1750.0,0.3679,0.0
DK05_to_DK06#alt5,5,bwd,21,3900.0,1700.0,0.3077,0.0
DK05_to_DK06#alt5,5,bwd,22,3850.0,1650.0,0.253,0.0
DK05_to_DK06#alt5,5,bwd,23,3800.0,1600.0,0.2057,0.0
DK05_to_DK06#alt5,5,bwd,24,3750.0,1550.0,0.1661,0.0
DK05_to_DK06#alt5,5,bwd,25,3700.0,1500.0,0.1335,0.0
DK05_to_DK06#alt5,5,bwd,26,3650.0,1450.0,0.1069,0.0
DK05_to_DK06#alt5,5,bwd,27,3616.67,1400.0,0.1146,0.0
DK05_to_DK06#alt5,5,bwd,28,3600.0,1350.0,0.1344,0.0
DK05_to_DK06#alt5,5,bwd,29,3600.0,1300.0,0.1587,0.0
DK05_to_DK06#alt5,5,bwd,30,3600.0,1250.0,0.1873,0.0
DK05_to_DK06#alt5,5,bwd,31,3600.0,1200.0,0.2211,0.0
DK01_to_DK06#alt0,0,fwd,0,1200.0,550.0,0.2151,0.0
DK01_to_DK06#alt0,0,fwd,1,1250.0,500.0,0.1755,0.0
DK01_to_DK06#alt0,0,fwd,2,1300.0,466.67,0.1422,0.0
DK01_to_DK06#alt0,0,fwd,3,1350.0,450.0,0.1215,0.0
DK01_to_DK06#alt0,0,fwd,4,1400.0,450.0,0.1036,0.0
DK01_to_DK06#alt0,0,fwd,5,1450.0,433.33,0.0883,0.0
DK01_to_DK06#alt0,0,fwd,6,1500.0,400.0,0.0717,0.0
DK01_to_DK06#alt0,0,fwd,7,1550.0,350.0,0.058,0.0
DK01_to_DK06#alt0,0,fwd,8,1600.0,316.67,0.0467,0.0
DK01_to_DK06#alt0,0,fwd,9,1650.0,300.0,0.04,0.0
DK01_to_DK06#alt0,0,fwd,10,1700.0,300.0,0.0342,0.0
DK01_to_DK06#alt0,0,fwd,11,1750.0,300.0,0.0293,0.0
DK01_to_DK06#alt0,0,fwd,12,1800.0,300.0,0.025,0.0
DK01_to_DK06#alt0,0,fwd,13,1850.0,300.0,0.0213,0.0
DK01_to_DK06#alt0,0,fwd,14,1900.0,300.0,0.0182,0.0
DK01_to_DK06#alt0,0,fwd,15,1950.0,300.0,0.0155,0.0
DK01_to_DK06#alt0,0,fwd,16,2000.0,300.0,0.0155,0.0
DK01_to_DK06#alt0,0,fwd,17,2050.0,300.0,0.0183,0.0
DK01_to_DK06#alt0,0,fwd,18,2100.0,300.0,0.0216,0.0
DK01_to_DK06#alt0,0,fwd,19,2150.0,300.0,0.0256,0.0
DK01_to_DK06#alt0,0,fwd,20,2200.0,316.67,0.0302,0.0
DK01_to_DK06#alt0,0,fwd,21,2250.0,350.0,0.0357,0.0
DK01_to_DK06#alt0,0,fwd,22,2300.0,383.33,0.0421,0.0
DK01_to_DK06#alt0,0,fwd,23,2350.0,400.0,0.0498,0.0
DK01_to_DK06#alt0,0,fwd,24,2400.0,400.0,0.0588,0.0
DK01_to_DK06#alt0,0,fwd,25,2450.0,416.67,0.0695,0.0
DK01_to_DK06#alt0,0,fwd,26,2500.0,433.33,0.0816,0.0
DK01_to_DK06#alt0,0,fwd,27,2550.0,450.0,0.0964,0.0
DK01_to_DK06#alt0,0,fwd,28,2600.0,466.67,0.1138,0.0
DK01_to_DK06#alt0,0,fwd,29,2650.0,500.0,0.1317,0.0
DK01_to_DK06#alt0,0,fwd,30,2700.0,550.0,0.1495,0.0
DK01_to_DK06#alt0,0,fwd,31,2750.0,600.0,0.1661,0.0
DK01_to_DK06#alt0,0,fwd,32,2800.0,650.0,0.1798,0.0
DK01_to_DK06#alt0,0,fwd,33,2850.0,700.0,0.1889,0.0
DK01_to_DK06#alt0,0,fwd,34,2900.0,733.33,0.1921,0.0
DK01_to_DK06#alt0,0,fwd,35,2950.0,750.0,0.2151,0.0
DK01_to_DK06#alt0,0,fwd,36,3000.0,750.0,0.2431,0.0
DK01_to_DK06#alt0,0,fwd,37,3050.0,750.0,0.2721,0.0
DK01_to_DK06#alt0,0,fwd,38,3100.0,750.0,0.3077,0.0
DK01_to_DK06#alt0,0,fwd,39,3150.0,766.67,0.344,0.0
DK01_to_DK06#alt0,0,fwd,40,3200.0,800.0,0.344,0.0
DK01_to_DK06#alt0,0,fwd,41,3250.0,850.0,0.344,0.0
DK01_to_DK06#alt0,0,fwd,42,3300.0,900.0,0.344,0.0
DK01_to_DK06#alt0,0,fwd,43,3350.0,950.0,0.344,0.0
DK01_to_DK06#alt0,0,fwd,44,3400.0,1000.0,0.3269,0.0
DK01_to_DK06#alt0,0,fwd,45,3450.0,1050.0,0.3006,0.0
DK01_to_DK06#alt0,0,fwd,46,3500.0,1083.33,0.281,0.0
DK01_to_DK06#alt0,0,fwd,47,3550.0,1116.67,0.2972,0.0
DK01_to_DK06#alt0,0,fwd,48,3583.33,1150.0,0.2609,0.0
DK01_to_DK06#alt0,0,fwd,49,3600.0,1200.0,0.2211,0.0
DK01_to_DK06#alt2,2,fwd,0,1200.0,550.0,0.2151,0.0
DK01_to_DK06#alt2,2,fwd,1,1250.0,600.0,0.1873,0.0
DK01_to_DK06#alt2,2,fwd,2,1300.0,633.33,0.1599,0.0
DK01_to_DK06#alt2,2,fwd,3,1350.0,666.67,0.1353,0.0
DK01_to_DK06#alt2,2,fwd,4,1400.0,700.0,0.1146,0.0
DK01_to_DK06#alt2,2,fwd,5,1450.0,733.33,0.0964,0.0
DK01_to_DK06#alt2,2,fwd,6,1500.0,750.0,0.0816,0.0
DK01_to_DK06#alt2,2,fwd,7,1550.0,750.0,0.0691,0.0
DK01_to_DK06#alt2,2,fwd,8,1600.0,766.67,0.0585,0.0
DK01_to_DK06#alt2,2,fwd,9,1650.0,766.67,0.0522,0.0
DK01_to_DK06#alt2,2,fwd,10,1700.0,766.67,0.0496,0.0
DK01_to_DK06#alt2,2,fwd,11,1750.0,750.0,0.0467,0.0
DK01_to_DK06#alt2,2,fwd,12,1800.0,766.67,0.0437,0.0
DK01_to_DK06#alt2,2,fwd,13,1850.0,783.33,0.0469,0.0
DK01_to_DK06#alt2,2,fwd,14,1900.0,800.0,0.0431,0.0
DK01_to_DK06#alt2,2,fwd,15,1950.0,800.0,0.0423,0.0
DK01_to_DK06#alt2,2,fwd,16,2000.0,800.0,0.0444,0.0
DK01_to_DK06#alt2,2,fwd,17,2050.0,800.0,0.0496,0.0
DK01_to_DK06#alt2,2,fwd,18,2100.0,800.0,0.0568,0.0
DK01_to_DK06#alt2,2,fwd,19,2150.0,800.0,0.065,0.0
DK01_to_DK06#alt2,2,fwd,20,2200.0,800.0,0.074,0.0
DK01_to_DK06#alt2,2,fwd,21,2250.0,800.0,0.0839,0.0
DK01_to_DK06#alt2,2,fwd,22,2300.0,800.0,0.0947,0.0
DK01_to_DK06#alt2,2,fwd,23,2350.0,800.0,0.1062,0.0
DK01_to_DK06#alt2,2,fwd,24,2400.0,783.33,0.1199,0.0
DK01_to_DK06#alt2,2,fwd,25,2450.0,766.67,0.1183,0.0
DK01_to_DK06#alt2,2,fwd,26,2500.0,750.0,0.1308,0.0
DK01_to_DK06#alt2,2,fwd,27,2550.0,750.0,0.1432,0.0
DK01_to_DK06#alt2,2,fwd,28,2600.0,750.0,0.1551,0.0
DK01_to_DK06#alt2,2,fwd,29,2650.0,750.0,0.1661,0.0
DK01_to_DK06#alt2,2,fwd,30,2700.0,766.67,0.1755,0.0
DK01_to_DK06#alt2,2,fwd,31,2750.0,800.0,0.2151,0.0
DK01_to_DK06#alt2,2,fwd,32,2800.0,850.0,0.2609,0.0
DK01_to_DK06#alt2,2,fwd,33,2850.0,900.0,0.3114,0.0
DK01_to_DK06#alt2,2,fwd,34,2900.0,933.33,0.3679,0.0
DK01_to_DK06#alt2,2,fwd,35,2950.0,950.0,0.3628,0.0
DK01_to_DK06#alt2,2,fwd,36,3000.0,950.0,0.3485,0.0
DK01_to_DK06#alt2,2,fwd,37,3050.0,966.67,0.3269,0.0
DK01_to_DK06#alt2,2,fwd,38,3100.0,1000.0,0.344,0.0
DK01_to_DK06#alt2,2,fwd,39,3150.0,1050.0,0.344,0.0
DK01_to_DK06#alt2,2,fwd,40,3200.0,1100.0,0.344,0.0
DK01_to_DK06#alt2,2,fwd,41,3250.0,1150.0,0.3269,0.0
DK01_to_DK06#alt2,2,fwd,42,3300.0,1183.33,0.2972,0.0
DK01_to_DK06#alt2,2,fwd,43,3350.0,1200.0,0.253,0.0
DK01_to_DK06#alt2,2,fwd,44,3400.0,1200.0,0.2151,0.0
DK01_to_DK06#alt2,2,fwd,45,3450.0,1200.0,0.1937,0.0
DK01_to_DK06#alt2,2,fwd,46,3500.0,1200.0,0.2057,0.0
DK01_to_DK06#alt2,2,fwd,47,3550.0,1200.0,0.2151,0.0
DK01_to_DK06#alt2,2,fwd,48,3600.0,1200.0,0.2211,0.0
DK01_to_DK06#alt3,3,fwd,0,1200.0,550.0,0.2151,0.0
DK01_to_DK06#alt3,3,fwd,1,1250.0,500.0,0.1755,0.0
DK01_to_DK06#alt3,3,fwd,2,1300.0,450.0,0.1422,0.0
DK01_to_DK06#alt3,3,fwd,3,1350.0,400.0,0.1146,0.0
DK01_to_DK06#alt3,3,fwd,4,1400.0,350.0,0.092,0.0
DK01_to_DK06#alt3,3,fwd,5,1450.0,300.0,0.0736,0.0
DK01_to_DK06#alt3,3,fwd,6,1500.0,250.0,0.0588,0.0
DK01_to_DK06#alt3,3,fwd,7,1550.0,200.0,0.0469,0.0
DK01_to_DK06#alt3,3,fwd,8,1600.0,166.67,0.0374,0.0
DK01_to_DK06#alt3,3,fwd,9,1650.0,150.0,0.0323,0.0
DK01_to_DK06#alt3,3,fwd,10,1700.0,150.0,0.0279,0.0
DK01_to_DK06#alt3,3,fwd,11,1750.0,150.0,0.0241,0.0
DK01_to_DK06#alt3,3,fwd,12,1800.0,150.0,0.0207,0.0
DK01_to_DK06#alt3,3,fwd,13,1850.0,150.0,0.0178,0.0
DK01_to_DK06#alt3,3,fwd,14,1900.0,150.0,0.0153,0.0
DK01_to_DK06#alt3,3,fwd,15,1950.0,150.0,0.0131,0.0
DK01_to_DK06#alt3,3,fwd,16,2000.0,150.0,0.015,0.0
DK01_to_DK06#alt3,3,fwd,17,2050.0,150.0,0.0178,0.0
DK01_to_DK06#alt3,3,fwd,18,2100.0,150.0,0.0209,0.0
DK01_to_DK06#alt3,3,fwd,19,2150.0,150.0,0.0247,0.0
DK01_to_DK06#alt3,3,fwd,20,2200.0,166.67,0.0291,0.0
DK01_to_DK06#alt3,3,fwd,21,2250.0,183.33,0.0351,0.0
DK01_to_DK06#alt3,3,fwd,22,2300.0,200.0,0.0414,0.0
DK01_to_DK06#alt3,3,fwd,23,2350.0,200.0,0.0489,0.0
DK01_to_DK06#alt3,3,fwd,24,2400.0,200.0,0.0577,0.0
DK01_to_DK06#alt3,3,fwd,25,2450.0,200.0,0.0681,0.0
DK01_to_DK06#alt3,3,fwd,26,2500.0,200.0,0.0803,0.0
DK01_to_DK06#alt3,3,fwd,27,2550.0,200.0,0.0947,0.0
DK01_to_DK06#alt3,3,fwd,28,2600.0,200.0,0.1117,0.0
DK01_to_DK06#alt3,3,fwd,29,2650.0,200.0,0.1317,0.0
DK01_to_DK06#alt3,3,fwd,30,2700.0,216.67,0.1551,0.0
DK01_to_DK06#alt3,3,fwd,31,2750.0,250.0,0.1873,0.0
DK01_to_DK06#alt3,3,fwd,32,2800.0,300.0,0.2231,0.0
DK01_to_DK06#alt3,3,fwd,33,2850.0,333.33,0.2636,0.0
DK01_to_DK06#alt3,3,fwd,34,2900.0,366.67,0.3114,0.0
DK01_to_DK06#alt3,3,fwd,35,2950.0,400.0,0.3679,0.0
DK01_to_DK06#alt3,3,fwd,36,3000.0,450.0,0.4275,0.0
DK01_to_DK06#alt3,3,fwd,37,3050.0,500.0,0.4746,0.0
DK01_to_DK06#alt3,3,fwd,38,3100.0,550.0,0.4931,0.0
DK01_to_DK06#alt3,3,fwd,39,3150.0,600.0,0.4931,0.0
DK01_to_DK06#alt3,3,fwd,40,3200.0,650.0,0.4931,0.0
DK01_to_DK06#alt3,3,fwd,41,3250.0,700.0,0.4931,0.0
DK01_to_DK06#alt3,3,fwd,42,3300.0,750.0,0.4931,0.0
DK01_to_DK06#alt3,3,fwd,43,3350.0,800.0,0.4931,0.0
DK01_to_DK06#alt3,3,fwd,44,3400.0,850.0,0.4931,0.0
DK01_to_DK06#alt3,3,fwd,45,3450.0,900.0,0.4746,0.0
DK01_to_DK06#alt3,3,fwd,46,3500.0,950.0,0.4346,0.0
DK01_to_DK06#alt3,3,fwd,47,3550.0,1000.0,0.4076,0.0
DK01_to_DK06#alt3,3,fwd,48,3583.33,1050.0,0.3628,0.0
DK01_to_DK06#alt3,3,fwd,49,3600.0,1100.0,0.3077,0.0
DK01_to_DK06#alt3,3,fwd,50,3600.0,1150.0,0.2609,0.0
DK01_to_DK06#alt3,3,fwd,51,3600.0,1200.0,0.2211,0.0
DK06_to_DK01#alt6,6,bwd,0,3600.0,1200.0,0.2211,0.0
DK06_to_DK01#alt6,6,bwd,1,3650.0,1150.0,0.2636,0.0
DK06_to_DK01#alt6,6,bwd,2,3700.0,1100.0,0.3114,0.0
DK06_to_DK01#alt6,6,bwd,3,3750.0,1050.0,0.3628,0.0
DK06_to_DK01#alt6,6,bwd,4,3800.0,1000.0,0.4076,0.0
DK06_to_DK01#alt6,6,bwd,5,3850.0,950.0,0.4346,0.0
DK06_to_DK01#alt6,6,bwd,6,3900.0,900.0,0.4346,0.0
DK06_to_DK01#alt6,6,bwd,7,3933.33,850.0,0.4346,0.0
DK06_to_DK01#alt6,6,bwd,8,3933.33,800.0,0.4931,0.0
DK06_to_DK01#alt6,6,bwd,9,3933.33,750.0,0.5483,0.0
DK06_to_DK01#alt6,6,bwd,10,3933.33,700.0,0.5903,0.0
DK06_to_DK01#alt6,6,bwd,11,3950.0,650.0,0.6241,0.0
DK06_to_DK01#alt6,6,bwd,12,3950.0,600.0,0.6889,0.0
DK06_to_DK01#alt6,6,bwd,13,3950.0,550.0,0.7165,0.0
DK06_to_DK01#alt6,6,bwd,14,3933.33,500.0,0.6889,0.0
DK06_to_DK01#alt6,6,bwd,15,3933.33,450.0,0.7165,0.0
DK06_to_DK01#alt6,6,bwd,16,3916.67,400.0,0.6889,0.0
DK06_to_DK01#alt6,6,bwd,17,3900.0,350.0,0.6241,0.0
DK06_to_DK01#alt6,6,bwd,18,3850.0,300.0,0.5903,0.0
DK06_to_DK01#alt6,6,bwd,19,3800.0,250.0,0.5483,0.0
DK06_to_DK01#alt6,6,bwd,20,3750.0,200.0,0.5483,0.0
DK06_to_DK01#alt6,6,bwd,21,3700.0,150.0,0.5483,0.0
DK06_to_DK01#alt6,6,bwd,22,3650.0,100.0,0.503,0.0
DK06_to_DK01#alt6,6,bwd,23,3600.0,66.67,0.4346,0.0
DK06_to_DK01#alt6,6,bwd,24,3550.0,50.0,0.4346,0.0
DK06_to_DK01#alt6,6,bwd,25,3500.0,50.0,0.4346,0.0
DK06_to_DK01#alt6,6,bwd,26,3450.0,50.0,0.4346,0.0
DK06_to_DK01#alt6,6,bwd,27,3400.0,50.0,0.4346,0.0
DK06_to_DK01#alt6,6,bwd,28,3350.0,50.0,0.4346,0.0
DK06_to_DK01#alt6,6,bwd,29,3300.0,50.0,0.4346,0.0
DK06_to_DK01#alt6,6,bwd,30,3250.0,50.0,0.4346,0.0
DK06_to_DK01#alt6,6,bwd,31,3200.0,50.0,0.4275,0.0
DK06_to_DK01#alt6,6,bwd,32,3150.0,50.0,0.4076,0.0
DK06_to_DK01#alt6,6,bwd,33,3100.0,50.0,0.3784,0.0
DK06_to_DK01#alt6,6,bwd,34,3050.0,50.0,0.344,0.0
DK06_to_DK01#alt6,6,bwd,35,3000.0,50.0,0.3077,0.0
DK06_to_DK01#alt6,6,bwd,36,2950.0,50.0,0.2721,0.0
DK06_to_DK01#alt6,6,bwd,37,2900.0,50.0,0.2384,0.0
DK06_to_DK01#alt6,6,bwd,38,2850.0,50.0,0.2076,0.0
DK06_to_DK01#alt6,6,bwd,39,2800.0,50.0,0.1798,0.0
DK06_to_DK01#alt6,6,bwd,40,2750.0,50.0,0.1551,0.0
DK06_to_DK01#alt6,6,bwd,41,2700.0,50.0,0.1335,0.0
DK06_to_DK01#alt6,6,bwd,42,2650.0,50.0,0.1146,0.0
DK06_to_DK01#alt6,6,bwd,43,2600.0,50.0,0.0981,0.0
DK06_to_DK01#alt6,6,bwd,44,2550.0,50.0,0.0839,0.0
DK06_to_DK01#alt6,6,bwd,45,2500.0,50.0,0.0717,0.0
DK06_to_DK01#alt6,6,bwd,46,2450.0,50.0,0.0612,0.0
DK06_to_DK01#alt6,6,bwd,47,2400.0,50.0,0.0522,0.0
DK06_to_DK01#alt6,6,bwd,48,2350.0,50.0,0.0444,0.0
DK06_to_DK01#alt6,6,bwd,49,2300.0,50.0,0.0378,0.0
DK06_to_DK01#alt6,6,bwd,50,2250.0,50.0,0.0322,0.0
DK06_to_DK01#alt6,6,bwd,51,2200.0,50.0,0.0274,0.0
DK06_to_DK01#alt6,6,bwd,52,2150.0,50.0,0.0233,0.0
DK06_to_DK01#alt6,6,bwd,53,2100.0,50.0,0.0198,0.0
DK06_to_DK01#alt6,6,bwd,54,2050.0,50.0,0.0168,0.0
DK06_to_DK01#alt6,6,bwd,55,2000.0,50.0,0.0143,0.0
DK06_to_DK01#alt6,6,bwd,56,1950.0,50.0,0.0121,0.0
DK06_to_DK01#alt6,6,bwd,57,1900.0,50.0,0.0133,0.0
DK06_to_DK01#alt6,6,bwd,58,1850.0,50.0,0.0153,0.0
DK06_to_DK01#alt6,6,bwd,59,1800.0,50.0,0.0178,0.0
DK06_to_DK01#alt6,6,bwd,60,1750.0,50.0,0.0205,0.0
DK06_to_DK01#alt6,6,bwd,61,1700.0,50.0,0.0236,0.0
DK06_to_DK01#alt6,6,bwd,62,1650.0,50.0,0.0272,0.0
DK06_to_DK01#alt6,6,bwd,63,1600.0,50.0,0.0312,0.0
DK06_to_DK01#alt6,6,bwd,64,1550.0,50.0,0.0357,0.0
DK06_to_DK01#alt6,6,bwd,65,1500.0,50.0,0.0407,0.0
DK06_to_DK01#alt6,6,bwd,66,1450.0,66.67,0.0467,0.0
DK06_to_DK01#alt6,6,bwd,67,1400.0,100.0,0.0585,0.0
DK06_to_DK01#alt6,6,bwd,68,1350.0,150.0,0.074,0.0
DK06_to_DK01#alt6,6,bwd,69,1300.0,200.0,0.0936,0.0
DK06_to_DK01#alt6,6,bwd,70,1250.0,250.0,0.1183,0.0
DK06_to_DK01#alt6,6,bwd,71,1216.67,300.0,0.1495,0.0
DK06_to_DK01#alt6,6,bwd,72,1200.0,350.0,0.1648,0.0
DK06_to_DK01#alt6,6,bwd,73,1200.0,400.0,0.1798,0.0
DK06_to_DK01#alt6,6,bwd,74,1200.0,450.0,0.1937,0.0
DK06_to_DK01#alt6,6,bwd,75,1200.0,500.0,0.2057,0.0
DK06_to_DK01#alt6,6,bwd,76,1200.0,550.0,0.2151,0.0
DK05_to_DK04#alt0,0,fwd,0,4950.0,2250.0,0.1062,0.0
DK05_to_DK04#alt0,0,fwd,1,4900.0,2300.0,0.1062,0.0
DK05_to_DK04#alt0,0,fwd,2,4866.67,2350.0,0.1062,0.0
DK05_to_DK04#alt0,0,fwd,3,4850.0,2400.0,0.1069,0.0
DK05_to_DK04#alt0,0,fwd,4,4850.0,2450.0,0.1146,0.0
DK05_to_DK04#alt0,0,fwd,5,4850.0,2500.0,0.1239,0.0
DK05_to_DK04#alt0,0,fwd,6,4850.0,2550.0,0.1335,0.0
DK05_to_DK04#alt0,0,fwd,7,4850.0,2600.0,0.1422,0.0
DK05_to_DK04#alt0,0,fwd,8,4850.0,2650.0,0.1495,0.0
DK05_to_DK04#alt0,0,fwd,9,4833.33,2700.0,0.1551,0.0
DK05_to_DK04#alt0,0,fwd,10,4800.0,2750.0,0.1873,0.0
DK05_to_DK04#alt0,0,fwd,11,4766.67,2800.0,0.2231,0.0
DK05_to_DK04#alt0,0,fwd,12,4750.0,2850.0,0.2211,0.0
DK05_to_DK04#alt0,0,fwd,13,4750.0,2900.0,0.2151,0.0
DK05_to_DK04#alt0,0,fwd,14,4750.0,2950.0,0.2057,0.0
DK05_to_DK04#alt0,0,fwd,15,4750.0,3000.0,0.1937,0.0
DK05_to_DK04#alt0,0,fwd,16,4750.0,3050.0,0.1798,0.0
DK05_to_DK04#alt0,0,fwd,17,4750.0,3100.0,0.1661,0.0
DK05_to_DK04#alt0,0,fwd,18,4750.0,3150.0,0.1551,0.0
DK05_to_DK04#alt0,0,fwd,19,4750.0,3200.0,0.1432,0.0
DK05_to_DK04#alt0,0,fwd,20,4750.0,3250.0,0.1308,0.0
DK05_to_DK04#alt0,0,fwd,21,4750.0,3300.0,0.1183,0.0
DK05_to_DK04#alt0,0,fwd,22,4750.0,3350.0,0.1062,0.0
DK05_to_DK04#alt0,0,fwd,23,4750.0,3400.0,0.097,0.0
DK05_to_DK04#alt0,0,fwd,24,4750.0,3450.0,0.097,0.0
DK05_to_DK04#alt0,0,fwd,25,4733.33,3500.0,0.0964,0.0
DK05_to_DK04#alt0,0,fwd,26,4716.67,3550.0,0.1117,0.0
DK05_to_DK04#alt0,0,fwd,27,4700.0,3600.0,0.1082,0.0
DK05_to_DK04#alt0,0,fwd,28,4700.0,3650.0,0.1036,0.0
DK05_to_DK04#alt0,0,fwd,29,4700.0,3700.0,0.0981,0.0
DK05_to_DK04#alt0,0,fwd,30,4716.67,3750.0,0.092,0.0
DK05_to_DK04#alt0,0,fwd,31,4750.0,3800.0,0.0736,0.0
DK05_to_DK04#alt0,0,fwd,32,4800.0,3850.0,0.0588,0.0
DK05_to_DK04#alt0,0,fwd,33,4833.33,3900.0,0.0496,0.0
DK05_to_DK04#alt0,0,fwd,34,4833.33,3950.0,0.0489,0.0
DK05_to_DK04#alt0,0,fwd,35,4816.67,4000.0,0.0563,0.0
DK05_to_DK04#alt0,0,fwd,36,4800.0,4050.0,0.0544,0.0
DK05_to_DK04#alt0,0,fwd,37,4800.0,4100.0,0.0522,0.0
DK05_to_DK04#alt0,0,fwd,38,4800.0,4150.0,0.0496,0.0
DK05_to_DK04#alt0,0,fwd,39,4783.33,4200.0,0.0467,0.0
DK05_to_DK04#alt0,0,fwd,40,4750.0,4250.0,0.0507,0.0
DK05_to_DK04#alt0,0,fwd,41,4700.0,4300.0,0.0624,0.0
DK05_to_DK04#alt0,0,fwd,42,4650.0,4350.0,0.0785,0.0
DK05_to_DK04#alt0,0,fwd,43,4600.0,4400.0,0.0987,0.0
DK05_to_DK04#alt0,0,fwd,44,4550.0,4450.0,0.1239,0.0
DK05_to_DK04#alt0,0,fwd,45,4500.0,4500.0,0.1551,0.0
DK05_to_DK04#alt0,0,fwd,46,4450.0,4550.0,0.1937,0.0
DK05_to_DK04#alt0,0,fwd,47,4400.0,4600.0,0.2407,0.0
DK05_to_DK04#alt0,0,fwd,48,4350.0,4650.0,0.2972,0.0
DK05_to_DK04#alt0,0,fwd,49,4300.0,4700.0,0.3628,0.0
DK05_to_DK04#alt0,0,fwd,50,4250.0,4750.0,0.4346,0.0
DK05_to_DK04#alt0,0,fwd,51,4200.0,4800.0,0.5134,0.0
DK05_to_DK04#alt0,0,fwd,52,4150.0,4850.0,0.5903,0.0
DK05_to_DK04#alt0,0,fwd,53,4100.0,4900.0,0.6241,0.0
DK05_to_DK04#alt0,0,fwd,54,4050.0,4933.33,0.5903,0.0
DK05_to_DK04#alt0,0,fwd,55,4000.0,4950.0,0.6065,0.0
DK05_to_DK04#alt0,0,fwd,56,3950.0,4950.0,0.6065,0.0
DK05_to_DK04#alt0,0,fwd,57,3900.0,4950.0,0.5903,0.0
DK05_to_DK04#alt0,0,fwd,58,3850.0,4950.0,0.5483,0.0
DK05_to_DK04#alt0,0,fwd,59,3800.0,4950.0,0.4931,0.0
DK05_to_DK04#alt0,0,fwd,60,3750.0,4950.0,0.4346,0.0
DK05_to_DK04#alt0,0,fwd,61,3700.0,4950.0,0.3784,0.0
DK05_to_DK04#alt0,0,fwd,62,3650.0,4950.0,0.3269,0.0
DK05_to_DK04#alt0,0,fwd,63,3600.0,4950.0,0.281,0.0
DK05_to_DK04#alt0,0,fwd,64,3550.0,4950.0,0.2407,0.0
DK05_to_DK04#alt0,0,fwd,65,3500.0,4950.0,0.2057,0.0
DK05_to_DK04#alt0,0,fwd,66,3450.0,4950.0,0.1755,0.0
DK05_to_DK04#alt0,0,fwd,67,3400.0,4950.0,0.1495,0.0
DK05_to_DK04#alt0,0,fwd,68,3350.0,4950.0,0.1432,0.0
DK05_to_DK04#alt0,0,fwd,69,3300.0,4950.0,0.1551,0.0
DK05_to_DK04#alt0,0,fwd,70,3250.0,4950.0,0.1661,0.0
DK05_to_DK04#alt0,0,fwd,71,3200.0,4950.0,0.1755,0.0
DK05_to_DK04#alt0,0,fwd,72,3150.0,4950.0,0.1827,0.0
DK05_to_DK04#alt0,0,fwd,73,3100.0,4950.0,0.1873,0.0
DK05_to_DK04#alt0,0,fwd,74,3050.0,4950.0,0.1889,0.0
DK05_to_DK04#alt0,0,fwd,75,3000.0,4950.0,0.1889,0.0
DK05_to_DK04#alt0,0,fwd,76,2950.0,4950.0,0.1889,0.0
DK05_to_DK04#alt0,0,fwd,77,2900.0,4950.0,0.1873,0.0
DK05_to_DK04#alt0,0,fwd,78,2850.0,4950.0,0.1827,0.0
DK05_to_DK04#alt0,0,fwd,79,2800.0,4950.0,0.1755,0.0
DK05_to_DK04#alt0,0,fwd,80,2750.0,4950.0,0.1661,0.0
DK05_to_DK04#alt0,0,fwd,81,2700.0,4950.0,0.1661,0.0
DK05_to_DK04#alt0,0,fwd,82,2650.0,4950.0,0.1937,0.0
DK05_to_DK04#alt0,0,fwd,83,2600.0,4950.0,0.2252,0.0
DK05_to_DK04#alt0,0,fwd,84,2550.0,4950.0,0.2609,0.0
DK05_to_DK04#alt0,0,fwd,85,2500.0,4950.0,0.3006,0.0
DK05_to_DK04#alt0,0,fwd,86,2450.0,4950.0,0.344,0.0
DK05_to_DK04#alt0,0,fwd,87,2400.0,4950.0,0.3895,0.0
DK05_to_DK04#alt0,0,fwd,88,2350.0,4950.0,0.4346,0.0
DK05_to_DK04#alt0,0,fwd,89,2300.0,4950.0,0.4931,0.0
DK05_to_DK04#alt0,0,fwd,90,2250.0,4950.0,0.5483,0.0
DK05_to_DK04#alt0,0,fwd,91,2200.0,4950.0,0.5903,0.0
DK05_to_DK04#alt0,0,fwd,92,2150.0,4950.0,0.6241,0.0
DK05_to_DK04#alt0,0,fwd,93,2100.0,4950.0,0.6889,0.0
DK05_to_DK04#alt0,0,fwd,94,2050.0,4950.0,0.7165,0.0
DK05_to_DK04#alt0,0,fwd,95,2000.0,4950.0,0.7165,0.0
DK05_to_DK04#alt0,0,fwd,96,1950.0,4933.33,0.6889,0.0
DK05_to_DK04#alt0,0,fwd,97,1900.0,4900.0,0.6889,0.0
DK05_to_DK04#alt0,0,fwd,98,1850.0,4850.0,0.6889,0.0
DK05_to_DK04#alt0,0,fwd,99,1800.0,4800.0,0.6889,0.0
DK05_to_DK04#alt0,0,fwd,100,1750.0,4766.67,0.6889,0.0
DK05_to_DK04#alt0,0,fwd,101,1700.0,4750.0,0.5903,0.0
DK05_to_DK04#alt0,0,fwd,102,1650.0,4750.0,0.503,0.0
DK05_to_DK04#alt0,0,fwd,103,1600.0,4750.0,0.4275,0.0
DK05_to_DK04#alt0,0,fwd,104,1550.0,4750.0,0.3628,0.0
DK05_to_DK04#alt0,0,fwd,105,1500.0,4750.0,0.3679,0.0
DK05_to_DK04#alt0,0,fwd,106,1450.0,4750.0,0.3679,0.0
DK05_to_DK04#alt0,0,fwd,107,1400.0,4750.0,0.3679,0.0
DK05_to_DK04#alt0,0,fwd,108,1350.0,4750.0,0.3679,0.0
DK05_to_DK04#alt0,0,fwd,109,1300.0,4750.0,0.3679,0.0
DK05_to_DK04#alt0,0,fwd,110,1250.0,4750.0,0.3679,0.0
DK05_to_DK04#alt0,0,fwd,111,1200.0,4750.0,0.3628,0.0
DK05_to_DK04#alt0,0,fwd,112,1150.0,4750.0,0.3485,0.0
DK05_to_DK04#alt0,0,fwd,113,1100.0,4750.0,0.3269,0.0
DK05_to_DK04#alt0,0,fwd,114,1050.0,4750.0,0.3006,0.0
DK05_to_DK04#alt0,0,fwd,115,1000.0,4750.0,0.3006,0.0
DK05_to_DK04#alt0,0,fwd,116,950.0,4750.0,0.344,0.0
DK05_to_DK04#alt0,0,fwd,117,900.0,4750.0,0.3895,0.0
DK05_to_DK04#alt0,0,fwd,118,850.0,4750.0,0.4346,0.0
DK05_to_DK04#alt0,0,fwd,119,800.0,4750.0,0.4931,0.0
DK05_to_DK04#alt0,0,fwd,120,750.0,4750.0,0.5483,0.0
DK05_to_DK04#alt0,0,fwd,121,700.0,4750.0,0.5903,0.0
DK05_to_DK04#alt0,0,fwd,122,650.0,4750.0,0.6241,0.0
DK05_to_DK04#alt0,0,fwd,123,600.0,4750.0,0.6889,0.0
DK05_to_DK04#alt0,0,fwd,124,550.0,4750.0,0.7165,0.0
DK05_to_DK04#alt0,0,fwd,125,500.0,4750.0,0.6889,0.0
DK05_to_DK04#alt0,0,fwd,126,450.0,4700.0,0.7165,0.0
DK05_to_DK04#alt0,0,fwd,127,400.0,4700.0,0.6889,0.0
DK05_to_DK04#alt0,0,fwd,128,350.0,4650.0,0.6889,0.0
DK05_to_DK04#alt0,0,fwd,129,300.0,4600.0,0.6889,0.0
DK05_to_DK04#alt0,0,fwd,130,266.67,4550.0,0.6889,0.0
DK05_to_DK04#alt0,0,fwd,131,250.0,4500.0,0.7165,0.0
DK05_to_DK04#alt0,0,fwd,132,250.0,4450.0,0.7165,0.0
DK05_to_DK04#alt0,0,fwd,133,250.0,4400.0,0.6889,0.0
DK05_to_DK04#alt0,0,fwd,134,300.0,4350.0,0.7165,0.0
DK05_to_DK04#alt0,0,fwd,135,316.67,4300.0,0.6889,0.0
DK05_to_DK04#alt0,0,fwd,136,333.33,4250.0,0.6889,0.0
DK05_to_DK04#alt0,0,fwd,137,350.0,4200.0,0.6241,0.0
DK05_to_DK04#alt0,0,fwd,138,366.67,4150.0,0.5483,0.0
DK05_to_DK04#alt0,0,fwd,139,400.0,4100.0,0.503,0.0
DK05_to_DK04#alt0,0,fwd,140,450.0,4050.0,0.4346,0.0
DK05_to_DK04#alt0,0,fwd,141,500.0,4000.0,0.3679,0.0
DK05_to_DK04#alt0,0,fwd,142,550.0,3950.0,0.3114,0.0
DK05_to_DK04#alt0,0,fwd,143,600.0,3900.0,0.281,0.0
DK05_to_DK04#alt0,0,fwd,144,633.33,3850.0,0.3485,0.0
DK05_to_DK04#alt0,0,fwd,145,650.0,3800.0,0.3784,0.0
DK05_to_DK04#alt0,0,fwd,146,650.0,3750.0,0.4076,0.0
DK05_to_DK04#alt0,0,fwd,147,666.67,3700.0,0.4275,0.0
DK05_to_DK04#alt0,0,fwd,148,700.0,3650.0,0.5134,0.0
DK05_to_DK04#alt0,0,fwd,149,733.33,3600.0,0.6241,0.0
DK05_to_DK04#alt0,0,fwd,150,750.0,3550.0,0.6889,0.0
DK05_to_DK04#alt0,0,fwd,151,750.0,3500.0,0.7165,0.0
DK05_to_DK04#alt0,0,fwd,152,766.67,3450.0,0.6889,0.0
DK05_to_DK04#alt0,0,fwd,153,783.33,3400.0,0.7165,0.0
DK05_to_DK04#alt0,0,fwd,154,800.0,3350.0,0.7165,0.0
DK05_to_DK04#alt0,0,fwd,155,816.67,3300.0,0.6889,0.0
DK05_to_DK04#alt0,0,fwd,156,833.33,3250.0,0.7165,0.0
DK05_to_DK04#alt0,0,fwd,157,850.0,3200.0,0.6889,0.0
DK05_to_DK04#alt0,0,fwd,158,900.0,3150.0,0.6889,0.0
DK05_to_DK04#alt0,0,fwd,159,950.0,3100.0,0.6889,0.0
DK05_to_DK04#alt0,0,fwd,160,1000.0,3050.0,0.6241,0.0
DK05_to_DK04#alt0,0,fwd,161,1050.0,3016.67,0.5903,0.0
DK05_to_DK04#alt0,0,fwd,162,1100.0,3000.0,0.6065,0.0
DK05_to_DK04#alt0,0,fwd,163,1150.0,3000.0,0.6241,0.0
DK05_to_DK04#alt0,0,fwd,164,1200.0,3000.0,0.6889,0.0
DK05_to_DK04#alt0,0,fwd,165,1250.0,3000.0,0.7165,0.0
DK05_to_DK04#alt0,0,fwd,166,1300.0,3000.0,0.6889,0.0
DK05_to_DK04#alt0,0,fwd,167,1350.0,3000.0,0.6241,0.0
DK05_to_DK04#alt0,0,fwd,168,1400.0,2983.33,0.6065,0.0
DK05_to_DK04#alt0,0,fwd,169,1450.0,2950.0,0.503,0.0
DK05_to_DK04#alt0,0,fwd,170,1483.33,2900.0,0.4076,0.0
DK05_to_DK04#alt0,0,fwd,171,1500.0,2850.0,0.4346,0.0
DK05_to_DK04#alt0,0,fwd,172,1500.0,2800.0,0.5134,0.0
DK04_to_DK05#alt0,0,bwd,0,1500.0,2800.0,0.5134,0.0
DK04_to_DK05#alt0,0,bwd,1,1450.0,2850.0,0.4346,0.0
DK04_to_DK05#alt0,0,bwd,2,1400.0,2883.33,0.4346,0.0
DK04_to_DK05#alt0,0,bwd,3,1350.0,2900.0,0.4746,0.0
DK04_to_DK05#alt0,0,bwd,4,1300.0,2900.0,0.503,0.0
DK04_to_DK05#alt0,0,bwd,5,1250.0,2900.0,0.5134,0.0
DK04_to_DK05#alt0,0,bwd,6,1200.0,2900.0,0.503,0.0
DK04_to_DK05#alt0,0,bwd,7,1150.0,2900.0,0.4746,0.0
DK04_to_DK05#alt0,0,bwd,8,1100.0,2900.0,0.4346,0.0
DK04_to_DK05#alt0,0,bwd,9,1050.0,2900.0,0.4275,0.0
DK04_to_DK05#alt0,0,bwd,10,1000.0,2916.67,0.4076,0.0
DK04_to_DK05#alt0,0,bwd,11,950.0,2950.0,0.4346,0.0
DK04_to_DK05#alt0,0,bwd,12,900.0,3000.0,0.4746,0.0
DK04_to_DK05#alt0,0,bwd,13,850.0,3050.0,0.4931,0.0
DK04_to_DK05#alt0,0,bwd,14,800.0,3100.0,0.4931,0.0
DK04_to_DK05#alt0,0,bwd,15,750.0,3150.0,0.4746,0.0
DK04_to_DK05#alt0,0,bwd,16,700.0,3200.0,0.4346,0.0
DK04_to_DK05#alt0,0,bwd,17,650.0,3250.0,0.4076,0.0
DK04_to_DK05#alt0,0,bwd,18,600.0,3300.0,0.3628,0.0
DK04_to_DK05#alt0,0,bwd,19,550.0,3350.0,0.3269,0.0
DK04_to_DK05#alt0,0,bwd,20,500.0,3400.0,0.2972,0.0
DK04_to_DK05#alt0,0,bwd,21,450.0,3450.0,0.2609,0.0
DK04_to_DK05#alt0,0,bwd,22,400.0,3500.0,0.2231,0.0
DK04_to_DK05#alt0,0,bwd,23,350.0,3550.0,0.1873,0.0
DK04_to_DK05#alt0,0,bwd,24,300.0,3600.0,0.1551,0.0
DK04_to_DK05#alt0,0,bwd,25,250.0,3650.0,0.1273,0.0
DK04_to_DK05#alt0,0,bwd,26,200.0,3700.0,0.1146,0.0
DK04_to_DK05#alt0,0,bwd,27,150.0,3750.0,0.1239,0.0
DK04_to_DK05#alt0,0,bwd,28,100.0,3800.0,0.1308,0.0
DK04_to_DK05#alt0,0,bwd,29,66.67,3850.0,0.1344,0.0
DK04_to_DK05#alt0,0,bwd,30,50.0,3900.0,0.1517,0.0
DK04_to_DK05#alt0,0,bwd,31,50.0,3950.0,0.17,0.0
DK04_to_DK05#alt0,0,bwd,32,50.0,4000.0,0.1921,0.0
DK04_to_DK05#alt0,0,bwd,33,50.0,4050.0,0.2151,0.0
DK04_to_DK05#alt0,0,bwd,34,50.0,4100.0,0.2384,0.0
DK04_to_DK05#alt0,0,bwd,35,50.0,4150.0,0.2609,0.0
DK04_to_DK05#alt0,0,bwd,36,50.0,4200.0,0.281,0.0
DK04_to_DK05#alt0,0,bwd,37,50.0,4250.0,0.3006,0.0
DK04_to_DK05#alt0,0,bwd,38,50.0,4300.0,0.3269,0.0
DK04_to_DK05#alt0,0,bwd,39,50.0,4350.0,0.3485,0.0
DK04_to_DK05#alt0,0,bwd,40,50.0,4400.0,0.3628,0.0
DK04_to_DK05#alt0,0,bwd,41,50.0,4450.0,0.3679,0.0
DK04_to_DK05#alt0,0,bwd,42,50.0,4500.0,0.3679,0.0
DK04_to_DK05#alt0,0,bwd,43,50.0,4550.0,0.3628,0.0
DK04_to_DK05#alt0,0,bwd,44,66.67,4600.0,0.3485,0.0
DK04_to_DK05#alt0,0,bwd,45,100.0,4650.0,0.3784,0.0
DK04_to_DK05#alt0,0,bwd,46,150.0,4700.0,0.3895,0.0
DK04_to_DK05#alt0,0,bwd,47,200.0,4750.0,0.3895,0.0
DK04_to_DK05#alt0,0,bwd,48,250.0,4800.0,0.3895,0.0
DK04_to_DK05#alt0,0,bwd,49,300.0,4833.33,0.3784,0.0
DK04_to_DK05#alt0,0,bwd,50,350.0,4850.0,0.4076,0.0
DK04_to_DK05#alt0,0,bwd,51,400.0,4850.0,0.4346,0.0
DK04_to_DK05#alt0,0,bwd,52,450.0,4850.0,0.4746,0.0
DK04_to_DK05#alt0,0,bwd,53,500.0,4850.0,0.503,0.0
DK04_to_DK05#alt0,0,bwd,54,550.0,4850.0,0.5134,0.0
DK04_to_DK05#alt0,0,bwd,55,600.0,4850.0,0.503,0.0
DK04_to_DK05#alt0,0,bwd,56,650.0,4850.0,0.4746,0.0
DK04_to_DK05#alt0,0,bwd,57,700.0,4850.0,0.4346,0.0
DK04_to_DK05#alt0,0,bwd,58,750.0,4850.0,0.4076,0.0
DK04_to_DK05#alt0,0,bwd,59,800.0,4850.0,0.3784,0.0
DK04_to_DK05#alt0,0,bwd,60,850.0,4850.0,0.344,0.0
DK04_to_DK05#alt0,0,bwd,61,900.0,4850.0,0.3077,0.0
DK04_to_DK05#alt0,0,bwd,62,950.0,4850.0,0.2721,0.0
DK04_to_DK05#alt0,0,bwd,63,1000.0,4850.0,0.2431,0.0
DK04_to_DK05#alt0,0,bwd,64,1050.0,4850.0,0.2252,0.0
DK04_to_DK05#alt0,0,bwd,65,1100.0,4850.0,0.2407,0.0
DK04_to_DK05#alt0,0,bwd,66,1150.0,4850.0,0.253,0.0
DK04_to_DK05#alt0,0,bwd,67,1200.0,4850.0,0.2609,0.0
DK04_to_DK05#alt0,0,bwd,68,1250.0,4850.0,0.2636,0.0
DK04_to_DK05#alt0,0,bwd,69,1300.0,4850.0,0.2636,0.0
DK04_to_DK05#alt0,0,bwd,70,1350.0,4850.0,0.2636,0.0
DK04_to_DK05#alt0,0,bwd,71,1400.0,4850.0,0.2636,0.0
DK04_to_DK05#alt0,0,bwd,72,1450.0,4850.0,0.2636,0.0
DK04_to_DK05#alt0,0,bwd,73,1500.0,4850.0,0.281,0.0
DK04_to_DK05#alt0,0,bwd,74,1550.0,4850.0,0.3269,0.0
DK04_to_DK05#alt0,0,bwd,75,1600.0,4850.0,0.3784,0.0
DK04_to_DK05#alt0,0,bwd,76,1650.0,4866.67,0.4346,0.0
DK04_to_DK05#alt0,0,bwd,77,1700.0,4900.0,0.4346,0.0
DK04_to_DK05#alt0,0,bwd,78,1750.0,4933.33,0.4346,0.0
DK04_to_DK05#alt0,0,bwd,79,1800.0,4950.0,0.4931,0.0
DK04_to_DK05#alt0,0,bwd,80,1850.0,4950.0,0.5483,0.0
DK04_to_DK05#alt0,0,bwd,81,1900.0,4950.0,0.6241,0.0
DK04_to_DK05#alt0,0,bwd,82,1950.0,4950.0,0.6889,0.0
DK04_to_DK05#alt0,0,bwd,83,2000.0,4950.0,0.7165,0.0
DK04_to_DK05#alt0,0,bwd,84,2050.0,4950.0,0.7165,0.0
DK04_to_DK05#alt0,0,bwd,85,2100.0,4950.0,0.6889,0.0
DK04_to_DK05#alt0,0,bwd,86,2150.0,4900.0,0.7165,0.0
DK04_to_DK05#alt0,0,bwd,87,2200.0,4883.33,0.6889,0.0
DK04_to_DK05#alt0,0,bwd,88,2250.0,4866.67,0.6889,0.0
DK04_to_DK05#alt0,0,bwd,89,2300.0,4833.33,0.6241,0.0
DK04_to_DK05#alt0,0,bwd,90,2350.0,4800.0,0.5903,0.0
DK04_to_DK05#alt0,0,bwd,91,2400.0,4766.67,0.5134,0.0
DK04_to_DK05#alt0,0,bwd,92,2450.0,4750.0,0.4346,0.0
DK04_to_DK05#alt0,0,bwd,93,2500.0,4750.0,0.3679,0.0
DK04_to_DK05#alt0,0,bwd,94,2550.0,4750.0,0.3114,0.0
DK04_to_DK05#alt0,0,bwd,95,2600.0,4750.0,0.2636,0.0
DK04_to_DK05#alt0,0,bwd,96,2650.0,4750.0,0.2609,0.0
DK04_to_DK05#alt0,0,bwd,97,2700.0,4750.0,0.281,0.0
DK04_to_DK05#alt0,0,bwd,98,2750.0,4750.0,0.3006,0.0
DK04_to_DK05#alt0,0,bwd,99,2800.0,4750.0,0.3269,0.0
DK04_to_DK05#alt0,0,bwd,100,2850.0,4750.0,0.3485,0.0
DK04_to_DK05#alt0,0,bwd,101,2900.0,4750.0,0.3628,0.0
DK04_to_DK05#alt0,0,bwd,102,2950.0,4750.0,0.3679,0.0
DK04_to_DK05#alt0,0,bwd,103,3000.0,4750.0,0.3679,0.0
DK04_to_DK05#alt0,0,bwd,104,3050.0,4733.33,0.3679,0.0
DK04_to_DK05#alt0,0,bwd,105,3100.0,4700.0,0.4275,0.0
DK04_to_DK05#alt0,0,bwd,106,3150.0,4650.0,0.4746,0.0
DK04_to_DK05#alt0,0,bwd,107,3200.0,4616.67,0.503,0.0
DK04_to_DK05#alt0,0,bwd,108,3250.0,4600.0,0.4746,0.0
DK04_to_DK05#alt0,0,bwd,109,3300.0,4600.0,0.4346,0.0
DK04_to_DK05#alt0,0,bwd,110,3350.0,4600.0,0.3895,0.0
DK04_to_DK05#alt0,0,bwd,111,3400.0,4600.0,0.344,0.0
DK04_to_DK05#alt0,0,bwd,112,3450.0,4600.0,0.3077,0.0
DK04_to_DK05#alt0,0,bwd,113,3500.0,4600.0,0.2721,0.0
DK04_to_DK05#alt0,0,bwd,114,3550.0,4600.0,0.253,0.0
DK04_to_DK05#alt0,0,bwd,115,3600.0,4600.0,0.281,0.0
DK04_to_DK05#alt0,0,bwd,116,3650.0,4600.0,0.3269,0.0
DK04_to_DK05#alt0,0,bwd,117,3700.0,4600.0,0.3784,0.0
DK04_to_DK05#alt0,0,bwd,118,3750.0,4583.33,0.4346,0.0
DK04_to_DK05#alt0,0,bwd,119,3800.0,4550.0,0.4346,0.0
DK04_to_DK05#alt0,0,bwd,120,3850.0,4500.0,0.4076,0.0
DK04_to_DK05#alt0,0,bwd,121,3900.0,4466.67,0.3784,0.0
DK04_to_DK05#alt0,0,bwd,122,3950.0,4433.33,0.3679,0.0
DK04_to_DK05#alt0,0,bwd,123,4000.0,4400.0,0.344,0.0
DK04_to_DK05#alt0,0,bwd,124,4050.0,4350.0,0.344,0.0
DK04_to_DK05#alt0,0,bwd,125,4100.0,4300.0,0.3269,0.0
DK04_to_DK05#alt0,0,bwd,126,4150.0,4250.0,0.2972,0.0
DK04_to_DK05#alt0,0,bwd,127,4200.0,4200.0,0.2609,0.0
DK04_to_DK05#alt0,0,bwd,128,4250.0,4150.0,0.2431,0.0
DK04_to_DK05#alt0,0,bwd,129,4300.0,4100.0,0.2384,0.0
DK04_to_DK05#alt0,0,bwd,130,4350.0,4050.0,0.2252,0.0
DK04_to_DK05#alt0,0,bwd,131,4400.0,4000.0,0.2057,0.0
DK04_to_DK05#alt0,0,bwd,132,4450.0,3950.0,0.1827,0.0
DK04_to_DK05#alt0,0,bwd,133,4483.33,3900.0,0.1587,0.0
DK04_to_DK05#alt0,0,bwd,134,4516.67,3850.0,0.1599,0.0
DK04_to_DK05#alt0,0,bwd,135,4550.0,3800.0,0.1353,0.0
DK04_to_DK05#alt0,0,bwd,136,4600.0,3750.0,0.1239,0.0
DK04_to_DK05#alt0,0,bwd,137,4650.0,3700.0,0.1146,0.0
DK04_to_DK05#alt0,0,bwd,138,4700.0,3650.0,0.1036,0.0
DK04_to_DK05#alt0,0,bwd,139,4750.0,3600.0,0.092,0.0
DK04_to_DK05#alt0,0,bwd,140,4800.0,3550.0,0.0803,0.0
DK04_to_DK05#alt0,0,bwd,141,4833.33,3500.0,0.0691,0.0
DK04_to_DK05#alt0,0,bwd,142,4850.0,3450.0,0.0695,0.0
DK04_to_DK05#alt0,0,bwd,143,4850.0,3400.0,0.074,0.0
DK04_to_DK05#alt0,0,bwd,144,4850.0,3350.0,0.0821,0.0
DK04_to_DK05#alt0,0,bwd,145,4850.0,3300.0,0.0904,0.0
DK04_to_DK05#alt0,0,bwd,146,4850.0,3250.0,0.0987,0.0
DK04_to_DK05#alt0,0,bwd,147,4850.0,3200.0,0.1069,0.0
DK04_to_DK05#alt0,0,bwd,148,4866.67,3150.0,0.1146,0.0
DK04_to_DK05#alt0,0,bwd,149,4900.0,3100.0,0.1069,0.0
DK04_to_DK05#alt0,0,bwd,150,4933.33,3050.0,0.0981,0.0
DK04_to_DK05#alt0,0,bwd,151,4933.33,3000.0,0.1036,0.0
DK04_to_DK05#alt0,0,bwd,152,4916.67,2950.0,0.1273,0.0
DK04_to_DK05#alt0,0,bwd,153,4900.0,2900.0,0.1317,0.0
DK04_to_DK05#alt0,0,bwd,154,4900.0,2850.0,0.1344,0.0
DK04_to_DK05#alt0,0,bwd,155,4916.67,2800.0,0.1353,0.0
DK04_to_DK05#alt0,0,bwd,156,4933.33,2750.0,0.1138,0.0
DK04_to_DK05#alt0,0,bwd,157,4950.0,2700.0,0.1117,0.0
DK04_to_DK05#alt0,0,bwd,158,4950.0,2650.0,0.1082,0.0
DK04_to_DK05#alt0,0,bwd,159,4950.0,2600.0,0.1036,0.0
DK04_to_DK05#alt0,0,bwd,160,4950.0,2550.0,0.0981,0.0
DK04_to_DK05#alt0,0,bwd,161,4950.0,2500.0,0.092,0.0
DK04_to_DK05#alt0,0,bwd,162,4950.0,2450.0,0.0854,0.0
DK04_to_DK05#alt0,0,bwd,163,4950.0,2400.0,0.079,0.0
DK04_to_DK05#alt0,0,bwd,164,4950.0,2350.0,0.0839,0.0
DK04_to_DK05#alt0,0,bwd,165,4950.0,2300.0,0.0947,0.0
DK04_to_DK05#alt0,0,bwd,166,4950.0,2250.0,0.1062,0.0
DK04_to_DK05#alt3,3,bwd,0,1500.0,2800.0,0.5134,0.0
DK04_to_DK05#alt3,3,bwd,1,1550.0,2750.0,0.6065,0.0
DK04_to_DK05#alt3,3,bwd,2,1600.0,2716.67,0.7165,0.0
DK04_to_DK05#alt3,3,bwd,3,1650.0,2683.33,0.6889,0.0
DK04_to_DK05#alt3,3,bwd,4,1700.0,2650.0,0.6889,0.0
DK04_to_DK05#alt3,3,bwd,5,1750.0,2600.0,0.6889,0.0
DK04_to_DK05#alt3,3,bwd,6,1783.33,2550.0,0.6889,0.0
DK04_to_DK05#alt3,3,bwd,7,1800.0,2500.0,0.7165,0.0
DK04_to_DK05#alt3,3,bwd,8,1800.0,2450.0,0.7165,0.0
DK04_to_DK05#alt3,3,bwd,9,1783.33,2400.0,0.6889,0.0
DK04_to_DK05#alt3,3,bwd,10,1766.67,2350.0,0.7165,0.0
DK04_to_DK05#alt3,3,bwd,11,1750.0,2300.0,0.6889,0.0
DK04_to_DK05#alt3,3,bwd,12,1700.0,2250.0,0.6889,0.0
DK04_to_DK05#alt3,3,bwd,13,1700.0,2200.0,0.5903,0.0
DK04_to_DK05#alt3,3,bwd,14,1700.0,2150.0,0.503,0.0
DK04_to_DK05#alt3,3,bwd,15,1700.0,2100.0,0.4346,0.0
DK04_to_DK05#alt3,3,bwd,16,1700.0,2050.0,0.3784,0.0
DK04_to_DK05#alt3,3,bwd,17,1700.0,2000.0,0.4076,0.0
DK04_to_DK05#alt3,3,bwd,18,1700.0,1950.0,0.4346,0.0
DK04_to_DK05#alt3,3,bwd,19,1700.0,1900.0,0.4746,0.0
DK04_to_DK05#alt3,3,bwd,20,1700.0,1850.0,0.503,0.0
DK04_to_DK05#alt3,3,bwd,21,1700.0,1800.0,0.5134,0.0
DK04_to_DK05#alt3,3,bwd,22,1716.67,1750.0,0.5134,0.0
DK04_to_DK05#alt3,3,bwd,23,1750.0,1700.0,0.4346,0.0
DK04_to_DK05#alt3,3,bwd,24,1800.0,1650.0,0.3628,0.0
DK04_to_DK05#alt3,3,bwd,25,1850.0,1600.0,0.344,0.0
DK04_to_DK05#alt3,3,bwd,26,1900.0,1550.0,0.344,0.0
DK04_to_DK05#alt3,3,bwd,27,1950.0,1500.0,0.344,0.0
DK04_to_DK05#alt3,3,bwd,28,2000.0,1450.0,0.3269,0.0
DK04_to_DK05#alt3,3,bwd,29,2050.0,1400.0,0.3006,0.0
DK04_to_DK05#alt3,3,bwd,30,2100.0,1350.0,0.281,0.0
DK04_to_DK05#alt3,3,bwd,31,2150.0,1300.0,0.253,0.0
DK04_to_DK05#alt3,3,bwd,32,2200.0,1250.0,0.2211,0.0
DK04_to_DK05#alt3,3,bwd,33,2250.0,1200.0,0.1889,0.0
DK04_to_DK05#alt3,3,bwd,34,2300.0,1166.67,0.1755,0.0
DK04_to_DK05#alt3,3,bwd,35,2350.0,1150.0,0.2057,0.0
DK04_to_DK05#alt3,3,bwd,36,2400.0,1150.0,0.2407,0.0
DK04_to_DK05#alt3,3,bwd,37,2450.0,1150.0,0.281,0.0
DK04_to_DK05#alt3,3,bwd,38,2500.0,1150.0,0.3269,0.0
DK04_to_DK05#alt3,3,bwd,39,2550.0,1150.0,0.3784,0.0
DK04_to_DK05#alt3,3,bwd,40,2600.0,1150.0,0.4346,0.0
DK04_to_DK05#alt3,3,bwd,41,2650.0,1150.0,0.4931,0.0
DK04_to_DK05#alt3,3,bwd,42,2700.0,1150.0,0.5483,0.0
DK04_to_DK05#alt3,3,bwd,43,2750.0,1150.0,0.6241,0.0
DK04_to_DK05#alt3,3,bwd,44,2800.0,1150.0,0.6889,0.0
DK04_to_DK05#alt3,3,bwd,45,2850.0,1150.0,0.7165,0.0
DK04_to_DK05#alt3,3,bwd,46,2900.0,1150.0,0.7165,0.0
DK04_to_DK05#alt3,3,bwd,47,2950.0,1166.67,0.6889,0.0
DK04_to_DK05#alt3,3,bwd,48,3000.0,1200.0,0.6889,0.0
DK04_to_DK05#alt3,3,bwd,49,3050.0,1250.0,0.6889,0.0
DK04_to_DK05#alt3,3,bwd,50,3100.0,1300.0,0.6065,0.0
DK04_to_DK05#alt3,3,bwd,51,3150.0,1350.0,0.5134,0.0
DK04_to_DK05#alt3,3,bwd,52,3200.0,1400.0,0.4346,0.0
DK04_to_DK05#alt3,3,bwd,53,3250.0,1450.0,0.3679,0.0
DK04_to_DK05#alt3,3,bwd,54,3300.0,1500.0,0.3077,0.0
DK04_to_DK05#alt3,3,bwd,55,3350.0,1550.0,0.253,0.0
DK04_to_DK05#alt3,3,bwd,56,3400.0,1600.0,0.2057,0.0
DK04_to_DK05#alt3,3,bwd,57,3450.0,1650.0,0.1661,0.0
DK04_to_DK05#alt3,3,bwd,58,3500.0,1700.0,0.1335,0.0
DK04_to_DK05#alt3,3,bwd,59,3550.0,1750.0,0.1069,0.0
DK04_to_DK05#alt3,3,bwd,60,3600.0,1800.0,0.1146,0.0
DK04_to_DK05#alt3,3,bwd,61,3650.0,1850.0,0.1344,0.0
DK04_to_DK05#alt3,3,bwd,62,3700.0,1900.0,0.1551,0.0
DK04_to_DK05#alt3,3,bwd,63,3750.0,1933.33,0.1755,0.0
DK04_to_DK05#alt3,3,bwd,64,3800.0,1966.67,0.2057,0.0
DK04_to_DK05#alt3,3,bwd,65,3850.0,2000.0,0.2252,0.0
DK04_to_DK05#alt3,3,bwd,66,3900.0,2050.0,0.2384,0.0
DK04_to_DK05#alt3,3,bwd,67,3950.0,2100.0,0.2431,0.0
DK04_to_DK05#alt3,3,bwd,68,4000.0,2150.0,0.2431,0.0
DK04_to_DK05#alt3,3,bwd,69,4050.0,2200.0,0.2384,0.0
DK04_to_DK05#alt3,3,bwd,70,4100.0,2250.0,0.2636,0.0
DK04_to_DK05#alt3,3,bwd,71,4150.0,2300.0,0.3114,0.0
DK04_to_DK05#alt3,3,bwd,72,4200.0,2350.0,0.3679,0.0
DK04_to_DK05#alt3,3,bwd,73,4250.0,2400.0,0.4275,0.0
DK04_to_DK05#alt3,3,bwd,74,4300.0,2433.33,0.4746,0.0
DK04_to_DK05#alt3,3,bwd,75,4350.0,2450.0,0.4346,0.0
DK04_to_DK05#alt3,3,bwd,76,4400.0,2450.0,0.3895,0.0
DK04_to_DK05#alt3,3,bwd,77,4450.0,2450.0,0.344,0.0
DK04_to_DK05#alt3,3,bwd,78,4500.0,2450.0,0.3077,0.0
DK04_to_DK05#alt3,3,bwd,79,4550.0,2450.0,0.2721,0.0
DK04_to_DK05#alt3,3,bwd,80,4600.0,2450.0,0.2384,0.0
DK04_to_DK05#alt3,3,bwd,81,4650.0,2450.0,0.2076,0.0
DK04_to_DK05#alt3,3,bwd,82,4700.0,2450.0,0.1798,0.0
DK04_to_DK05#alt3,3,bwd,83,4750.0,2433.33,0.1551,0.0
DK04_to_DK05#alt3,3,bwd,84,4800.0,2400.0,0.1239,0.0
DK04_to_DK05#alt3,3,bwd,85,4850.0,2350.0,0.1062,0.0
DK04_to_DK05#alt3,3,bwd,86,4900.0,2300.0,0.1062,0.0
DK04_to_DK05#alt3,3,bwd,87,4950.0,2250.0,0.1062,0.0
DK04_to_DK05#alt4,4,bwd,0,1500.0,2800.0,0.5134,0.0
DK04_to_DK05#alt4,4,bwd,1,1550.0,2850.0,0.4346,0.0
DK04_to_DK05#alt4,4,bwd,2,1600.0,2883.33,0.5134,0.0
DK04_to_DK05#alt4,4,bwd,3,1650.0,2883.33,0.6065,0.0
DK04_to_DK05#alt4,4,bwd,4,1683.33,2850.0,0.7165,0.0
DK04_to_DK05#alt4,4,bwd,5,1700.0,2800.0,0.7165,0.0
DK04_to_DK05#alt4,4,bwd,6,1716.67,2750.0,0.6889,0.0
DK04_to_DK05#alt4,4,bwd,7,1750.0,2700.0,0.6889,0.0
DK04_to_DK05#alt4,4,bwd,8,1800.0,2650.0,0.6889,0.0
DK04_to_DK05#alt4,4,bwd,9,1850.0,2600.0,0.6241,0.0
DK04_to_DK05#alt4,4,bwd,10,1883.33,2550.0,0.5903,0.0
DK04_to_DK05#alt4,4,bwd,11,1900.0,2500.0,0.6065,0.0
DK04_to_DK05#alt4,4,bwd,12,1900.0,2450.0,0.5903,0.0
DK04_to_DK05#alt4,4,bwd,13,1900.0,2400.0,0.5903,0.0
DK04_to_DK05#alt4,4,bwd,14,1900.0,2350.0,0.6241,0.0
DK04_to_DK05#alt4,4,bwd,15,1900.0,2300.0,0.6889,0.0
DK04_to_DK05#alt4,4,bwd,16,1900.0,2250.0,0.7165,0.0
DK04_to_DK05#alt4,4,bwd,17,1900.0,2200.0,0.7165,0.0
DK04_to_DK05#alt4,4,bwd,18,1900.0,2150.0,0.7165,0.0
DK04_to_DK05#alt4,4,bwd,19,1900.0,2100.0,0.7165,0.0
DK04_to_DK05#alt4,4,bwd,20,1900.0,2050.0,0.7165,0.0
DK04_to_DK05#alt4,4,bwd,21,1900.0,2000.0,0.7165,0.0
DK04_to_DK05#alt4,4,bwd,22,1900.0,1950.0,0.7165,0.0
DK04_to_DK05#alt4,4,bwd,23,1916.67,1900.0,0.6889,0.0
DK04_to_DK05#alt4,4,bwd,24,1933.33,1850.0,0.7165,0.0
DK04_to_DK05#alt4,4,bwd,25,1950.0,1800.0,0.6889,0.0
DK04_to_DK05#alt4,4,bwd,26,2000.0,1750.0,0.6889,0.0
DK04_to_DK05#alt4,4,bwd,27,2050.0,1700.0,0.6889,0.0
DK04_to_DK05#alt4,4,bwd,28,2100.0,1650.0,0.6889,0.0
DK04_to_DK05#alt4,4,bwd,29,2150.0,1616.67,0.6241,0.0
DK04_to_DK05#alt4,4,bwd,30,2200.0,1600.0,0.6889,0.0
DK04_to_DK05#alt4,4,bwd,31,2250.0,1600.0,0.7165,0.0
DK04_to_DK05#alt4,4,bwd,32,2300.0,1600.0,0.7165,0.0
DK04_to_DK05#alt4,4,bwd,33,2350.0,1600.0,0.7165,0.0
DK04_to_DK05#alt4,4,bwd,34,2400.0,1600.0,0.7165,0.0
DK04_to_DK05#alt4,4,bwd,35,2450.0,1600.0,0.7165,0.0
DK04_to_DK05#alt4,4,bwd,36,2500.0,1600.0,0.7165,0.0
DK04_to_DK05#alt4,4,bwd,37,2550.0,1600.0,0.7165,0.0
DK04_to_DK05#alt4,4,bwd,38,2600.0,1616.67,0.6889,0.0
DK04_to_DK05#alt4,4,bwd,39,2650.0,1633.33,0.7165,0.0
DK04_to_DK05#alt4,4,bwd,40,2700.0,1650.0,0.6889,0.0
DK04_to_DK05#alt4,4,bwd,41,2750.0,1700.0,0.6889,0.0
DK04_to_DK05#alt4,4,bwd,42,2800.0,1750.0,0.6889,0.0
DK04_to_DK05#alt4,4,bwd,43,2850.0,1800.0,0.6889,0.0
DK04_to_DK05#alt4,4,bwd,44,2883.33,1850.0,0.6241,0.0
DK04_to_DK05#alt4,4,bwd,45,2900.0,1900.0,0.6889,0.0
DK04_to_DK05#alt4,4,bwd,46,2900.0,1950.0,0.7165,0.0
DK04_to_DK05#alt4,4,bwd,47,2900.0,2000.0,0.7165,0.0
DK04_to_DK05#alt4,4,bwd,48,2916.67,2050.0,0.7165,0.0
DK04_to_DK05#alt4,4,bwd,49,2950.0,2100.0,0.6065,0.0
DK04_to_DK05#alt4,4,bwd,50,3000.0,2150.0,0.5134,0.0
DK04_to_DK05#alt4,4,bwd,51,3050.0,2200.0,0.4346,0.0
DK04_to_DK05#alt4,4,bwd,52,3100.0,2250.0,0.3679,0.0
DK04_to_DK05#alt4,4,bwd,53,3150.0,2300.0,0.3077,0.0
DK04_to_DK05#alt4,4,bwd,54,3200.0,2350.0,0.253,0.0
DK04_to_DK05#alt4,4,bwd,55,3250.0,2400.0,0.2057,0.0
DK04_to_DK05#alt4,4,bwd,56,3300.0,2450.0,0.1661,0.0
DK04_to_DK05#alt4,4,bwd,57,3350.0,2500.0,0.1889,0.0
DK04_to_DK05#alt4,4,bwd,58,3400.0,2550.0,0.2231,0.0
DK04_to_DK05#alt4,4,bwd,59,3450.0,2600.0,0.2636,0.0
DK04_to_DK05#alt4,4,bwd,60,3500.0,2650.0,0.3114,0.0
DK04_to_DK05#alt4,4,bwd,61,3550.0,2683.33,0.3628,0.0
DK04_to_DK05#alt4,4,bwd,62,3600.0,2700.0,0.3485,0.0
DK04_to_DK05#alt4,4,bwd,63,3650.0,2683.33,0.3485,0.0
DK04_to_DK05#alt4,4,bwd,64,3700.0,2650.0,0.3784,0.0
DK04_to_DK05#alt4,4,bwd,65,3750.0,2600.0,0.4076,0.0
DK04_to_DK05#alt4,4,bwd,66,3800.0,2566.67,0.4346,0.0
DK04_to_DK05#alt4,4,bwd,67,3850.0,2550.0,0.4931,0.0
DK04_to_DK05#alt4,4,bwd,68,3900.0,2550.0,0.5483,0.0
DK04_to_DK05#alt4,4,bwd,69,3950.0,2550.0,0.6241,0.0
DK04_to_DK05#alt4,4,bwd,70,4000.0,2533.33,0.6889,0.0
DK04_to_DK05#alt4,4,bwd,71,4050.0,2500.0,0.6065,0.0
DK04_to_DK05#alt4,4,bwd,72,4100.0,2450.0,0.5134,0.0
DK04_to_DK05#alt4,4,bwd,73,4150.0,2400.0,0.4346,0.0
DK04_to_DK05#alt4,4,bwd,74,4200.0,2366.67,0.3679,0.0
DK04_to_DK05#alt4,4,bwd,75,4250.0,2350.0,0.3628,0.0
DK04_to_DK05#alt4,4,bwd,76,4300.0,2350.0,0.3485,0.0
DK04_to_DK05#alt4,4,bwd,77,4350.0,2350.0,0.3269,0.0
DK04_to_DK05#alt4,4,bwd,78,4400.0,2350.0,0.3006,0.0
DK04_to_DK05#alt4,4,bwd,79,4450.0,2350.0,0.2721,0.0
DK04_to_DK05#alt4,4,bwd,80,4500.0,2350.0,0.2431,0.0
DK04_to_DK05#alt4,4,bwd,81,4550.0,2350.0,0.2151,0.0
DK04_to_DK05#alt4,4,bwd,82,4600.0,2350.0,0.1921,0.0
DK04_to_DK05#alt4,4,bwd,83,4650.0,2333.33,0.17,0.0
DK04_to_DK05#alt4,4,bwd,84,4700.0,2300.0,0.1648,0.0
DK04_to_DK05#alt4,4,bwd,85,4750.0,2266.67,0.17,0.0
DK04_to_DK05#alt4,4,bwd,86,4800.0,2250.0,0.1517,0.0
DK04_to_DK05#alt4,4,bwd,87,4850.0,2250.0,0.1344,0.0
DK04_to_DK05#alt4,4,bwd,88,4900.0,2250.0,0.1199,0.0
DK04_to_DK05#alt4,4,bwd,89,4950.0,2250.0,0.1062,0.0
DK05_to_DK04#alt6,6,fwd,0,4950.0,2250.0,0.1062,0.0
DK05_to_DK04#alt6,6,fwd,1,4900.0,2200.0,0.1344,0.0
DK05_to_DK04#alt6,6,fwd,2,4866.67,2150.0,0.17,0.0
DK05_to_DK04#alt6,6,fwd,3,4850.0,2100.0,0.1889,0.0
DK05_to_DK04#alt6,6,fwd,4,4850.0,2050.0,0.2076,0.0
DK05_to_DK04#alt6,6,fwd,5,4850.0,2000.0,0.2252,0.0
DK05_to_DK04#alt6,6,fwd,6,4850.0,1950.0,0.2407,0.0
DK05_to_DK04#alt6,6,fwd,7,4850.0,1900.0,0.253,0.0
DK05_to_DK04#alt6,6,fwd,8,4850.0,1850.0,0.2609,0.0
DK05_to_DK04#alt6,6,fwd,9,4850.0,1800.0,0.2636,0.0
DK05_to_DK04#alt6,6,fwd,10,4850.0,1750.0,0.2636,0.0
DK05_to_DK04#alt6,6,fwd,11,4850.0,1700.0,0.2609,0.0
DK05_to_DK04#alt6,6,fwd,12,4850.0,1650.0,0.253,0.0
DK05_to_DK04#alt6,6,fwd,13,4850.0,1600.0,0.2407,0.0
DK05_to_DK04#alt6,6,fwd,14,4850.0,1550.0,0.2252,0.0
DK05_to_DK04#alt6,6,fwd,15,4850.0,1500.0,0.2076,0.0
DK05_to_DK04#alt6,6,fwd,16,4850.0,1450.0,0.1889,0.0
DK05_to_DK04#alt6,6,fwd,17,4850.0,1400.0,0.17,0.0
DK05_to_DK04#alt6,6,fwd,18,4850.0,1350.0,0.1517,0.0
DK05_to_DK04#alt6,6,fwd,19,4850.0,1300.0,0.1344,0.0
DK05_to_DK04#alt6,6,fwd,20,4850.0,1250.0,0.1199,0.0
DK05_to_DK04#alt6,6,fwd,21,4850.0,1200.0,0.1062,0.0
DK05_to_DK04#alt6,6,fwd,22,4850.0,1150.0,0.0936,0.0
DK05_to_DK04#alt6,6,fwd,23,4850.0,1100.0,0.0839,0.0
DK05_to_DK04#alt6,6,fwd,24,4850.0,1050.0,0.0947,0.0
DK05_to_DK04#alt6,6,fwd,25,4850.0,1000.0,0.1062,0.0
DK05_to_DK04#alt6,6,fwd,26,4850.0,950.0,0.1199,0.0
DK05_to_DK04#alt6,6,fwd,27,4850.0,900.0,0.1344,0.0
DK05_to_DK04#alt6,6,fwd,28,4850.0,850.0,0.1495,0.0
DK05_to_DK04#alt6,6,fwd,29,4850.0,800.0,0.1648,0.0
DK05_to_DK04#alt6,6,fwd,30,4850.0,750.0,0.1798,0.0
DK05_to_DK04#alt6,6,fwd,31,4850.0,700.0,0.1937,0.0
DK05_to_DK04#alt6,6,fwd,32,4850.0,650.0,0.2057,0.0
DK05_to_DK04#alt6,6,fwd,33,4850.0,600.0,0.2151,0.0
DK05_to_DK04#alt6,6,fwd,34,4850.0,550.0,0.2211,0.0
DK05_to_DK04#alt6,6,fwd,35,4850.0,500.0,0.2231,0.0
DK05_to_DK04#alt6,6,fwd,36,4833.33,450.0,0.2231,0.0
DK05_to_DK04#alt6,6,fwd,37,4800.0,400.0,0.2636,0.0
DK05_to_DK04#alt6,6,fwd,38,4750.0,350.0,0.3114,0.0
DK05_to_DK04#alt6,6,fwd,39,4700.0,300.0,0.3679,0.0
DK05_to_DK04#alt6,6,fwd,40,4650.0,250.0,0.4275,0.0
DK05_to_DK04#alt6,6,fwd,41,4600.0,200.0,0.4746,0.0
DK05_to_DK04#alt6,6,fwd,42,4550.0,150.0,0.4931,0.0
DK05_to_DK04#alt6,6,fwd,43,4500.0,100.0,0.4931,0.0
DK05_to_DK04#alt6,6,fwd,44,4450.0,66.67,0.4746,0.0
DK05_to_DK04#alt6,6,fwd,45,4400.0,50.0,0.503,0.0
DK05_to_DK04#alt6,6,fwd,46,4350.0,50.0,0.5134,0.0
DK05_to_DK04#alt6,6,fwd,47,4300.0,50.0,0.5134,0.0
DK05_to_DK04#alt6,6,fwd,48,4250.0,50.0,0.5134,0.0
DK05_to_DK04#alt6,6,fwd,49,4200.0,50.0,0.5134,0.0
DK05_to_DK04#alt6,6,fwd,50,4150.0,50.0,0.5134,0.0
DK05_to_DK04#alt6,6,fwd,51,4100.0,50.0,0.503,0.0
DK05_to_DK04#alt6,6,fwd,52,4050.0,50.0,0.4746,0.0
DK05_to_DK04#alt6,6,fwd,53,4000.0,50.0,0.4346,0.0
DK05_to_DK04#alt6,6,fwd,54,3950.0,50.0,0.3895,0.0
DK05_to_DK04#alt6,6,fwd,55,3900.0,50.0,0.344,0.0
DK05_to_DK04#alt6,6,fwd,56,3850.0,50.0,0.3077,0.0
DK05_to_DK04#alt6,6,fwd,57,3800.0,50.0,0.344,0.0
DK05_to_DK04#alt6,6,fwd,58,3750.0,50.0,0.3784,0.0
DK05_to_DK04#alt6,6,fwd,59,3700.0,50.0,0.4076,0.0
DK05_to_DK04#alt6,6,fwd,60,3650.0,50.0,0.4275,0.0
DK05_to_DK04#alt6,6,fwd,61,3600.0,50.0,0.4346,0.0
DK05_to_DK04#alt6,6,fwd,62,3550.0,50.0,0.4346,0.0
DK05_to_DK04#alt6,6,fwd,63,3500.0,50.0,0.4346,0.0
DK05_to_DK04#alt6,6,fwd,64,3450.0,50.0,0.4346,0.0
DK05_to_DK04#alt6,6,fwd,65,3400.0,50.0,0.4346,0.0
DK05_to_DK04#alt6,6,fwd,66,3350.0,50.0,0.4346,0.0
DK05_to_DK04#alt6,6,fwd,67,3300.0,50.0,0.4346,0.0
DK05_to_DK04#alt6,6,fwd,68,3250.0,50.0,0.4346,0.0
DK05_to_DK04#alt6,6,fwd,69,3200.0,50.0,0.4275,0.0
DK05_to_DK04#alt6,6,fwd,70,3150.0,50.0,0.4076,0.0
DK05_to_DK04#alt6,6,fwd,71,3100.0,50.0,0.3784,0.0
DK05_to_DK04#alt6,6,fwd,72,3050.0,50.0,0.344,0.0
DK05_to_DK04#alt6,6,fwd,73,3000.0,50.0,0.3077,0.0
DK05_to_DK04#alt6,6,fwd,74,2950.0,50.0,0.2721,0.0
DK05_to_DK04#alt6,6,fwd,75,2900.0,50.0,0.2384,0.0
DK05_to_DK04#alt6,6,fwd,76,2850.0,50.0,0.2076,0.0
DK05_to_DK04#alt6,6,fwd,77,2800.0,50.0,0.1798,0.0
DK05_to_DK04#alt6,6,fwd,78,2750.0,50.0,0.1551,0.0
DK05_to_DK04#alt6,6,fwd,79,2700.0,50.0,0.1335,0.0
DK05_to_DK04#alt6,6,fwd,80,2650.0,50.0,0.1146,0.0
DK05_to_DK04#alt6,6,fwd,81,2600.0,50.0,0.0981,0.0
DK05_to_DK04#alt6,6,fwd,82,2550.0,50.0,0.0839,0.0
DK05_to_DK04#alt6,6,fwd,83,2500.0,50.0,0.0717,0.0
DK05_to_DK04#alt6,6,fwd,84,2450.0,50.0,0.0612,0.0
DK05_to_DK04#alt6,6,fwd,85,2400.0,50.0,0.0522,0.0
DK05_to_DK04#alt6,6,fwd,86,2350.0,50.0,0.0444,0.0
DK05_to_DK04#alt6,6,fwd,87,2300.0,50.0,0.0378,0.0
DK05_to_DK04#alt6,6,fwd,88,2250.0,50.0,0.0322,0.0
DK05_to_DK04#alt6,6,fwd,89,2200.0,50.0,0.0274,0.0
DK05_to_DK04#alt6,6,fwd,90,2150.0,50.0,0.0233,0.0
DK05_to_DK04#alt6,6,fwd,91,2100.0,50.0,0.0198,0.0
DK05_to_DK04#alt6,6,fwd,92,2050.0,50.0,0.0168,0.0
DK05_to_DK04#alt6,6,fwd,93,2000.0,50.0,0.0143,0.0
DK05_to_DK04#alt6,6,fwd,94,1950.0,50.0,0.0121,0.0
DK05_to_DK04#alt6,6,fwd,95,1900.0,50.0,0.0133,0.0
DK05_to_DK04#alt6,6,fwd,96,1850.0,50.0,0.0153,0.0
DK05_to_DK04#alt6,6,fwd,97,1800.0,50.0,0.0178,0.0
DK05_to_DK04#alt6,6,fwd,98,1750.0,50.0,0.0205,0.0
DK05_to_DK04#alt6,6,fwd,99,1700.0,50.0,0.0236,0.0
DK05_to_DK04#alt6,6,fwd,100,1650.0,50.0,0.0272,0.0
DK05_to_DK04#alt6,6,fwd,101,1600.0,50.0,0.0312,0.0
DK05_to_DK04#alt6,6,fwd,102,1550.0,50.0,0.0357,0.0
DK05_to_DK04#alt6,6,fwd,103,1500.0,50.0,0.0407,0.0
DK05_to_DK04#alt6,6,fwd,104,1450.0,50.0,0.0467,0.0
DK05_to_DK04#alt6,6,fwd,105,1400.0,50.0,0.0544,0.0
DK05_to_DK04#alt6,6,fwd,106,1350.0,50.0,0.0634,0.0
DK05_to_DK04#alt6,6,fwd,107,1300.0,50.0,0.0736,0.0
DK05_to_DK04#alt6,6,fwd,108,1250.0,50.0,0.0854,0.0
DK05_to_DK04#alt6,6,fwd,109,1200.0,50.0,0.0987,0.0
DK05_to_DK04#alt6,6,fwd,110,1150.0,50.0,0.1146,0.0
DK05_to_DK04#alt6,6,fwd,111,1100.0,50.0,0.1335,0.0
DK05_to_DK04#alt6,6,fwd,112,1050.0,50.0,0.1551,0.0
DK05_to_DK04#alt6,6,fwd,113,1000.0,50.0,0.1798,0.0
DK05_to_DK04#alt6,6,fwd,114,950.0,50.0,0.2076,0.0
DK05_to_DK04#alt6,6,fwd,115,900.0,50.0,0.2384,0.0
DK05_to_DK04#alt6,6,fwd,116,850.0,50.0,0.2721,0.0
DK05_to_DK04#alt6,6,fwd,117,800.0,50.0,0.3077,0.0
DK05_to_DK04#alt6,6,fwd,118,750.0,50.0,0.344,0.0
DK05_to_DK04#alt6,6,fwd,119,700.0,50.0,0.3895,0.0
DK05_to_DK04#alt6,6,fwd,120,650.0,50.0,0.4346,0.0
DK05_to_DK04#alt6,6,fwd,121,600.0,50.0,0.4746,0.0
DK05_to_DK04#alt6,6,fwd,122,550.0,50.0,0.503,0.0
DK05_to_DK04#alt6,6,fwd,123,500.0,50.0,0.5134,0.0
DK05_to_DK04#alt6,6,fwd,124,450.0,50.0,0.5134,0.0
DK05_to_DK04#alt6,6,fwd,125,400.0,50.0,0.5134,0.0
DK05_to_DK04#alt6,6,fwd,126,350.0,50.0,0.5134,0.0
DK05_to_DK04#alt6,6,fwd,127,300.0,50.0,0.5134,0.0
DK05_to_DK04#alt6,6,fwd,128,250.0,50.0,0.5134,0.0
DK05_to_DK04#alt6,6,fwd,129,200.0,50.0,0.503,0.0
DK05_to_DK04#alt6,6,fwd,130,150.0,66.67,0.4746,0.0
DK05_to_DK04#alt6,6,fwd,131,100.0,100.0,0.4931,0.0
DK05_to_DK04#alt6,6,fwd,132,66.67,150.0,0.4931,0.0
DK05_to_DK04#alt6,6,fwd,133,50.0,200.0,0.5483,0.0
DK05_to_DK04#alt6,6,fwd,134,50.0,250.0,0.5903,0.0
DK05_to_DK04#alt6,6,fwd,135,50.0,300.0,0.6241,0.0
DK05_to_DK04#alt6,6,fwd,136,50.0,350.0,0.6889,0.0
DK05_to_DK04#alt6,6,fwd,137,50.0,400.0,0.7165,0.0
DK05_to_DK04#alt6,6,fwd,138,50.0,450.0,0.7165,0.0
DK05_to_DK04#alt6,6,fwd,139,50.0,500.0,0.7165,0.0
DK05_to_DK04#alt6,6,fwd,140,66.67,550.0,0.6889,0.0
DK05_to_DK04#alt6,6,fwd,141,100.0,600.0,0.6889,0.0
DK05_to_DK04#alt6,6,fwd,142,133.33,650.0,0.6889,0.0
DK05_to_DK04#alt6,6,fwd,143,150.0,700.0,0.6241,0.0
DK05_to_DK04#alt6,6,fwd,144,150.0,750.0,0.5483,0.0
DK05_to_DK04#alt6,6,fwd,145,150.0,800.0,0.4931,0.0
DK05_to_DK04#alt6,6,fwd,146,150.0,850.0,0.4346,0.0
DK05_to_DK04#alt6,6,fwd,147,150.0,900.0,0.3784,0.0
DK05_to_DK04#alt6,6,fwd,148,150.0,950.0,0.3269,0.0
DK05_to_DK04#alt6,6,fwd,149,150.0,1000.0,0.281,0.0
DK05_to_DK04#alt6,6,fwd,150,150.0,1050.0,0.2407,0.0
DK05_to_DK04#alt6,6,fwd,151,150.0,1100.0,0.2057,0.0
DK05_to_DK04#alt6,6,fwd,152,150.0,1150.0,0.1755,0.0
DK05_to_DK04#alt6,6,fwd,153,150.0,1200.0,0.1495,0.0
DK05_to_DK04#alt6,6,fwd,154,150.0,1250.0,0.1273,0.0
DK05_to_DK04#alt6,6,fwd,155,150.0,1300.0,0.1082,0.0
DK05_to_DK04#alt6,6,fwd,156,150.0,1350.0,0.092,0.0
DK05_to_DK04#alt6,6,fwd,157,150.0,1400.0,0.0781,0.0
DK05_to_DK04#alt6,6,fwd,158,150.0,1450.0,0.0752,0.0
DK05_to_DK04#alt6,6,fwd,159,166.67,1500.0,0.0781,0.0
DK05_to_DK04#alt6,6,fwd,160,200.0,1550.0,0.0947,0.0
DK05_to_DK04#alt6,6,fwd,161,250.0,1600.0,0.1138,0.0
DK05_to_DK04#alt6,6,fwd,162,300.0,1650.0,0.1353,0.0
DK05_to_DK04#alt6,6,fwd,163,350.0,1700.0,0.1587,0.0
DK05_to_DK04#alt6,6,fwd,164,400.0,1750.0,0.1827,0.0
DK05_to_DK04#alt6,6,fwd,165,450.0,1800.0,0.2057,0.0
DK05_to_DK04#alt6,6,fwd,166,500.0,1850.0,0.2252,0.0
DK05_to_DK04#alt6,6,fwd,167,550.0,1900.0,0.2384,0.0
DK05_to_DK04#alt6,6,fwd,168,600.0,1950.0,0.2431,0.0
DK05_to_DK04#alt6,6,fwd,169,650.0,2000.0,0.2431,0.0
DK05_to_DK04#alt6,6,fwd,170,683.33,2050.0,0.2431,0.0
DK05_to_DK04#alt6,6,fwd,171,716.67,2100.0,0.2151,0.0
DK05_to_DK04#alt6,6,fwd,172,750.0,2150.0,0.2076,0.0
DK05_to_DK04#alt6,6,fwd,173,800.0,2200.0,0.1937,0.0
DK05_to_DK04#alt6,6,fwd,174,850.0,2250.0,0.1921,0.0
DK05_to_DK04#alt6,6,fwd,175,900.0,2300.0,0.1921,0.0
DK05_to_DK04#alt6,6,fwd,176,933.33,2350.0,0.2211,0.0
DK05_to_DK04#alt6,6,fwd,177,966.67,2400.0,0.2231,0.0
DK05_to_DK04#alt6,6,fwd,178,1000.0,2450.0,0.2636,0.0
DK05_to_DK04#alt6,6,fwd,179,1050.0,2500.0,0.3114,0.0
DK05_to_DK04#alt6,6,fwd,180,1100.0,2550.0,0.3679,0.0
DK05_to_DK04#alt6,6,fwd,181,1150.0,2600.0,0.4275,0.0
DK05_to_DK04#alt6,6,fwd,182,1200.0,2650.0,0.4746,0.0
DK05_to_DK04#alt6,6,fwd,183,1250.0,2700.0,0.4931,0.0
DK05_to_DK04#alt6,6,fwd,184,1300.0,2750.0,0.4931,0.0
DK05_to_DK04#alt6,6,fwd,185,1350.0,2783.33,0.4746,0.0
DK05_to_DK04#alt6,6,fwd,186,1400.0,2800.0,0.503,0.0
DK05_to_DK04#alt6,6,fwd,187,1450.0,2800.0,0.5134,0.0
DK05_to_DK04#alt6,6,fwd,188,1500.0,2800.0,0.5134,0.0
DK02_to_DB01#alt0,0,fwd,0,3750.0,2150.0,0.1432,0.0
DK02_to_DB01#alt0,0,fwd,1,3700.0,2200.0,0.1495,0.0
DK02_to_DB01#alt0,0,fwd,2,3650.0,2250.0,0.1517,0.0
DK02_to_DB01#alt0,0,fwd,3,3600.0,2300.0,0.1517,0.0
DK02_to_DB01#alt0,0,fwd,4,3550.0,2350.0,0.1495,0.0
DK02_to_DB01#alt0,0,fwd,5,3500.0,2400.0,0.1432,0.0
DK02_to_DB01#alt0,0,fwd,6,3450.0,2450.0,0.1599,0.0
DK02_to_DB01#alt0,0,fwd,7,3400.0,2500.0,0.1889,0.0
DK02_to_DB01#alt0,0,fwd,8,3350.0,2550.0,0.2231,0.0
DK02_to_DB01#alt0,0,fwd,9,3300.0,2600.0,0.2636,0.0
DK02_to_DB01#alt0,0,fwd,10,3250.0,2650.0,0.3114,0.0
DK02_to_DB01#alt0,0,fwd,11,3200.0,2700.0,0.3628,0.0
DK02_to_DB01#alt0,0,fwd,12,3150.0,2750.0,0.4076,0.0
DK02_to_DB01#alt0,0,fwd,13,3100.0,2800.0,0.4346,0.0
DK02_to_DB01#alt0,0,fwd,14,3050.0,2850.0,0.4346,0.0
DK02_to_DB01#alt0,0,fwd,15,3000.0,2900.0,0.4346,0.0
DK02_to_DB01#alt0,0,fwd,16,2950.0,2950.0,0.4346,0.0
DK02_to_DB01#alt0,0,fwd,17,2900.0,3000.0,0.4076,0.0
DK02_to_DB01#alt0,0,fwd,18,2850.0,3050.0,0.4076,0.0
DK02_to_DB01#alt0,0,fwd,19,2800.0,3100.0,0.4346,0.0
DK02_to_DB01#alt0,0,fwd,20,2750.0,3150.0,0.4346,0.0
DK02_to_DB01#alt0,0,fwd,21,2700.0,3200.0,0.4346,0.0
DK02_to_DB01#alt0,0,fwd,22,2650.0,3250.0,0.4076,0.0
DK02_to_DB01#alt0,0,fwd,23,2600.0,3300.0,0.3628,0.0
DK02_to_DB01#alt0,0,fwd,24,2550.0,3350.0,0.3114,0.0
DK02_to_DB01#alt0,0,fwd,25,2516.67,3400.0,0.3114,0.0
DK02_to_DB01#alt0,0,fwd,26,2483.33,3450.0,0.3679,0.0
DK02_to_DB01#alt0,0,fwd,27,2450.0,3500.0,0.4346,0.0
DK02_to_DB01#alt0,0,fwd,28,2400.0,3550.0,0.5134,0.0
DK02_to_DB01#alt0,0,fwd,29,2350.0,3600.0,0.5903,0.0
DK02_to_DB01#alt0,0,fwd,30,2300.0,3650.0,0.6241,0.0
DK02_to_DB01#alt0,0,fwd,31,2250.0,3700.0,0.5903,0.0
DK02_to_DB01#alt0,0,fwd,32,2200.0,3750.0,0.5134,0.0
DK02_to_DB01#alt0,0,fwd,33,2150.0,3783.33,0.4746,0.0
DK02_to_DB01#alt0,0,fwd,34,2100.0,3800.0,0.503,0.0
DK02_to_DB01#alt0,0,fwd,35,2050.0,3800.0,0.5134,0.0
DK02_to_DB01#alt0,0,fwd,36,2000.0,3800.0,0.5134,0.0
DK02_to_DB01#alt0,0,fwd,37,1950.0,3800.0,0.5134,0.0
DK02_to_DB01#alt0,0,fwd,38,1900.0,3800.0,0.5134,0.0
DK02_to_DB01#alt0,0,fwd,39,1850.0,3800.0,0.5134,0.0
DK02_to_DB01#alt0,0,fwd,40,1800.0,3816.67,0.503,0.0
DK02_to_DB01#alt0,0,fwd,41,1750.0,3850.0,0.6065,0.0
DK02_to_DB01#alt0,0,fwd,42,1700.0,3883.33,0.7165,0.0
DK02_to_DB01#alt0,0,fwd,43,1650.0,3900.0,0.7165,0.0
DK02_to_DB01#alt0,0,fwd,44,1600.0,3900.0,0.6889,0.0
DK02_to_DB01#alt0,0,fwd,45,1550.0,3950.0,0.6889,0.0
DK02_to_DB01#alt0,0,fwd,46,1500.0,4000.0,0.6889,0.0
DK02_to_DB01#alt0,0,fwd,47,1450.0,4033.33,0.7165,0.0
DK02_to_DB01#alt0,0,fwd,48,1400.0,4033.33,0.7165,0.0
DK02_to_DB01#alt0,0,fwd,49,1350.0,4016.67,0.6241,0.0
DK02_to_DB01#alt0,0,fwd,50,1300.0,4000.0,0.6889,0.0
DK02_to_DB01#alt0,0,fwd,51,1250.0,4000.0,0.7165,0.0
DK02_to_DB01#alt0,0,fwd,52,1200.0,3983.33,0.6889,0.0
DK02_to_DB01#alt0,0,fwd,53,1150.0,3966.67,0.7165,0.0
DK02_to_DB01#alt0,0,fwd,54,1100.0,3950.0,0.7165,0.0
DK02_to_DB01#alt0,0,fwd,55,1050.0,3933.33,0.6889,0.0
DK02_to_DB01#alt0,0,fwd,56,1000.0,3900.0,0.7165,0.0
DB01_to_DK02#alt1,1,bwd,0,1000.0,3900.0,0.7165,0.0
DB01_to_DK02#alt1,1,bwd,1,1050.0,3950.0,0.6889,0.0
DB01_to_DK02#alt1,1,bwd,2,1100.0,3983.33,0.6065,0.0
DB01_to_DK02#alt1,1,bwd,3,1150.0,4000.0,0.6241,0.0
DB01_to_DK02#alt1,1,bwd,4,1200.0,4000.0,0.6889,0.0
DB01_to_DK02#alt1,1,bwd,5,1250.0,4000.0,0.7165,0.0
DB01_to_DK02#alt1,1,bwd,6,1300.0,3983.33,0.6889,0.0
DB01_to_DK02#alt1,1,bwd,7,1350.0,3966.67,0.7165,0.0
DB01_to_DK02#alt1,1,bwd,8,1400.0,3950.0,0.7165,0.0
DB01_to_DK02#alt1,1,bwd,9,1450.0,3933.33,0.6889,0.0
DB01_to_DK02#alt1,1,bwd,10,1500.0,3916.67,0.7165,0.0
DB01_to_DK02#alt1,1,bwd,11,1550.0,3883.33,0.6889,0.0
DB01_to_DK02#alt1,1,bwd,12,1600.0,3850.0,0.6889,0.0
DB01_to_DK02#alt1,1,bwd,13,1650.0,3800.0,0.6889,0.0
DB01_to_DK02#alt1,1,bwd,14,1700.0,3750.0,0.6241,0.0
DB01_to_DK02#alt1,1,bwd,15,1750.0,3716.67,0.6241,0.0
DB01_to_DK02#alt1,1,bwd,16,1800.0,3700.0,0.6889,0.0
DB01_to_DK02#alt1,1,bwd,17,1850.0,3700.0,0.7165,0.0
DB01_to_DK02#alt1,1,bwd,18,1900.0,3700.0,0.7165,0.0
DB01_to_DK02#alt1,1,bwd,19,1950.0,3700.0,0.7165,0.0
DB01_to_DK02#alt1,1,bwd,20,2000.0,3700.0,0.7165,0.0
DB01_to_DK02#alt1,1,bwd,21,2050.0,3700.0,0.7165,0.0
DB01_to_DK02#alt1,1,bwd,22,2100.0,3700.0,0.6889,0.0
DB01_to_DK02#alt1,1,bwd,23,2150.0,3650.0,0.6889,0.0
DB01_to_DK02#alt1,1,bwd,24,2200.0,3600.0,0.6889,0.0
DB01_to_DK02#alt1,1,bwd,25,2233.33,3550.0,0.6889,0.0
DB01_to_DK02#alt1,1,bwd,26,2250.0,3500.0,0.7165,0.0
DB01_to_DK02#alt1,1,bwd,27,2250.0,3450.0,0.7165,0.0
DB01_to_DK02#alt1,1,bwd,28,2250.0,3400.0,0.7165,0.0
DB01_to_DK02#alt1,1,bwd,29,2250.0,3350.0,0.7165,0.0
DB01_to_DK02#alt1,1,bwd,30,2250.0,3300.0,0.7165,0.0
DB01_to_DK02#alt1,1,bwd,31,2266.67,3250.0,0.6889,0.0
DB01_to_DK02#alt1,1,bwd,32,2300.0,3200.0,0.5483,0.0
DB01_to_DK02#alt1,1,bwd,33,2350.0,3150.0,0.5483,0.0
DB01_to_DK02#alt1,1,bwd,34,2400.0,3100.0,0.503,0.0
DB01_to_DK02#alt1,1,bwd,35,2450.0,3050.0,0.4746,0.0
DB01_to_DK02#alt1,1,bwd,36,2500.0,3000.0,0.4275,0.0
DB01_to_DK02#alt1,1,bwd,37,2550.0,2950.0,0.4746,0.0
DB01_to_DK02#alt1,1,bwd,38,2600.0,2900.0,0.4931,0.0
DB01_to_DK02#alt1,1,bwd,39,2650.0,2850.0,0.4931,0.0
DB01_to_DK02#alt1,1,bwd,40,2700.0,2800.0,0.4746,0.0
DB01_to_DK02#alt1,1,bwd,41,2750.0,2750.0,0.4275,0.0
DB01_to_DK02#alt1,1,bwd,42,2800.0,2700.0,0.3784,0.0
DB01_to_DK02#alt1,1,bwd,43,2850.0,2650.0,0.3895,0.0
DB01_to_DK02#alt1,1,bwd,44,2900.0,2600.0,0.3895,0.0
DB01_to_DK02#alt1,1,bwd,45,2950.0,2550.0,0.3895,0.0
DB01_to_DK02#alt1,1,bwd,46,3000.0,2500.0,0.3784,0.0
DB01_to_DK02#alt1,1,bwd,47,3050.0,2466.67,0.3485,0.0
DB01_to_DK02#alt1,1,bwd,48,3100.0,2433.33,0.3006,0.0
DB01_to_DK02#alt1,1,bwd,49,3150.0,2400.0,0.281,0.0
DB01_to_DK02#alt1,1,bwd,50,3200.0,2366.67,0.253,0.0
DB01_to_DK02#alt1,1,bwd,51,3250.0,2350.0,0.2151,0.0
DB01_to_DK02#alt1,1,bwd,52,3300.0,2350.0,0.1827,0.0
DB01_to_DK02#alt1,1,bwd,53,3350.0,2333.33,0.1551,0.0
DB01_to_DK02#alt1,1,bwd,54,3400.0,2300.0,0.1344,0.0
DB01_to_DK02#alt1,1,bwd,55,3450.0,2250.0,0.1146,0.0
DB01_to_DK02#alt1,1,bwd,56,3500.0,2200.0,0.097,0.0
DB01_to_DK02#alt1,1,bwd,57,3550.0,2166.67,0.0947,0.0
DB01_to_DK02#alt1,1,bwd,58,3600.0,2150.0,0.1062,0.0
DB01_to_DK02#alt1,1,bwd,59,3650.0,2150.0,0.1183,0.0
DB01_to_DK02#alt1,1,bwd,60,3700.0,2150.0,0.1308,0.0
DB01_to_DK02#alt1,1,bwd,61,3750.0,2150.0,0.1432,0.0
DK02_to_DB01#alt4,4,fwd,0,3750.0,2150.0,0.1432,0.0
DK02_to_DB01#alt4,4,fwd,1,3800.0,2200.0,0.1798,0.0
DK02_to_DB01#alt4,4,fwd,2,3833.33,2250.0,0.2252,0.0
DK02_to_DB01#alt4,4,fwd,3,3850.0,2300.0,0.2609,0.0
DK02_to_DB01#alt4,4,fwd,4,3850.0,2350.0,0.3006,0.0
DK02_to_DB01#alt4,4,fwd,5,3850.0,2400.0,0.344,0.0
DK02_to_DB01#alt4,4,fwd,6,3850.0,2450.0,0.3895,0.0
DK02_to_DB01#alt4,4,fwd,7,3850.0,2500.0,0.4346,0.0
DK02_to_DB01#alt4,4,fwd,8,3850.0,2550.0,0.4931,0.0
DK02_to_DB01#alt4,4,fwd,9,3850.0,2600.0,0.5483,0.0
DK02_to_DB01#alt4,4,fwd,10,3850.0,2650.0,0.5903,0.0
DK02_to_DB01#alt4,4,fwd,11,3850.0,2700.0,0.6241,0.0
DK02_to_DB01#alt4,4,fwd,12,3833.33,2750.0,0.6889,0.0
DK02_to_DB01#alt4,4,fwd,13,3800.0,2800.0,0.6065,0.0
DK02_to_DB01#alt4,4,fwd,14,3750.0,2850.0,0.503,0.0
DK02_to_DB01#alt4,4,fwd,15,3700.0,2883.33,0.503,0.0
DK02_to_DB01#alt4,4,fwd,16,3650.0,2900.0,0.5483,0.0
DK02_to_DB01#alt4,4,fwd,17,3600.0,2900.0,0.6241,0.0
DK02_to_DB01#alt4,4,fwd,18,3550.0,2900.0,0.6889,0.0
DK02_to_DB01#alt4,4,fwd,19,3500.0,2900.0,0.7165,0.0
DK02_to_DB01#alt4,4,fwd,20,3450.0,2900.0,0.7165,0.0
DK02_to_DB01#alt4,4,fwd,21,3400.0,2900.0,0.7165,0.0
DK02_to_DB01#alt4,4,fwd,22,3350.0,2900.0,0.7165,0.0
DK02_to_DB01#alt4,4,fwd,23,3300.0,2900.0,0.7165,0.0
DK02_to_DB01#alt4,4,fwd,24,3250.0,2900.0,0.7165,0.0
DK02_to_DB01#alt4,4,fwd,25,3200.0,2900.0,0.6889,0.0
DK02_to_DB01#alt4,4,fwd,26,3150.0,2950.0,0.6889,0.0
DK02_to_DB01#alt4,4,fwd,27,3100.0,3000.0,0.6889,0.0
DK02_to_DB01#alt4,4,fwd,28,3050.0,3050.0,0.6889,0.0
DK02_to_DB01#alt4,4,fwd,29,3000.0,3100.0,0.6065,0.0
DK02_to_DB01#alt4,4,fwd,30,2950.0,3150.0,0.6065,0.0
DK02_to_DB01#alt4,4,fwd,31,2900.0,3200.0,0.6889,0.0
DK02_to_DB01#alt4,4,fwd,32,2850.0,3250.0,0.6889,0.0
DK02_to_DB01#alt4,4,fwd,33,2800.0,3300.0,0.6889,0.0
DK02_to_DB01#alt4,4,fwd,34,2750.0,3350.0,0.6065,0.0
DK02_to_DB01#alt4,4,fwd,35,2716.67,3400.0,0.5134,0.0
DK02_to_DB01#alt4,4,fwd,36,2683.33,3450.0,0.5134,0.0
DK02_to_DB01#alt4,4,fwd,37,2650.0,3500.0,0.4346,0.0
DK02_to_DB01#alt4,4,fwd,38,2616.67,3550.0,0.4746,0.0
DK02_to_DB01#alt4,4,fwd,39,2600.0,3600.0,0.5483,0.0
DK02_to_DB01#alt4,4,fwd,40,2600.0,3650.0,0.6241,0.0
DK02_to_DB01#alt4,4,fwd,41,2600.0,3700.0,0.6889,0.0
DK02_to_DB01#alt4,4,fwd,42,2600.0,3750.0,0.7165,0.0
DK02_to_DB01#alt4,4,fwd,43,2600.0,3800.0,0.7165,0.0
DK02_to_DB01#alt4,4,fwd,44,2600.0,3850.0,0.7165,0.0
DK02_to_DB01#alt4,4,fwd,45,2600.0,3900.0,0.6889,0.0
DK02_to_DB01#alt4,4,fwd,46,2550.0,3950.0,0.6889,0.0
DK02_to_DB01#alt4,4,fwd,47,2500.0,4000.0,0.6065,0.0
DK02_to_DB01#alt4,4,fwd,48,2450.0,4050.0,0.5134,0.0
DK02_to_DB01#alt4,4,fwd,49,2400.0,4100.0,0.4346,0.0
DK02_to_DB01#alt4,4,fwd,50,2350.0,4150.0,0.3628,0.0
DK02_to_DB01#alt4,4,fwd,51,2300.0,4200.0,0.3006,0.0
DK02_to_DB01#alt4,4,fwd,52,2250.0,4250.0,0.3784,0.0
DK02_to_DB01#alt4,4,fwd,53,2216.67,4300.0,0.4746,0.0
DK02_to_DB01#alt4,4,fwd,54,2216.67,4350.0,0.5483,0.0
DK02_to_DB01#alt4,4,fwd,55,2250.0,4400.0,0.5483,0.0
DK02_to_DB01#alt4,4,fwd,56,2283.33,4450.0,0.5483,0.0
DK02_to_DB01#alt4,4,fwd,57,2300.0,4500.0,0.6241,0.0
DK02_to_DB01#alt4,4,fwd,58,2300.0,4550.0,0.6889,0.0
DK02_to_DB01#alt4,4,fwd,59,2300.0,4600.0,0.7165,0.0
DK02_to_DB01#alt4,4,fwd,60,2300.0,4650.0,0.7165,0.0
DK02_to_DB01#alt4,4,fwd,61,2300.0,4700.0,0.7165,0.0
DK02_to_DB01#alt4,4,fwd,62,2300.0,4750.0,0.7165,0.0
DK02_to_DB01#alt4,4,fwd,63,2300.0,4800.0,0.6889,0.0
DK02_to_DB01#alt4,4,fwd,64,2250.0,4850.0,0.6889,0.0
DK02_to_DB01#alt4,4,fwd,65,2200.0,4900.0,0.6889,0.0
DK02_to_DB01#alt4,4,fwd,66,2150.0,4933.33,0.6241,0.0
DK02_to_DB01#alt4,4,fwd,67,2100.0,4950.0,0.6889,0.0
DK02_to_DB01#alt4,4,fwd,68,2050.0,4950.0,0.7165,0.0
DK02_to_DB01#alt4,4,fwd,69,2000.0,4950.0,0.7165,0.0
DK02_to_DB01#alt4,4,fwd,70,1950.0,4933.33,0.6889,0.0
DK02_to_DB01#alt4,4,fwd,71,1900.0,4900.0,0.6889,0.0
DK02_to_DB01#alt4,4,fwd,72,1850.0,4850.0,0.6889,0.0
DK02_to_DB01#alt4,4,fwd,73,1800.0,4800.0,0.6889,0.0
DK02_to_DB01#alt4,4,fwd,74,1766.67,4750.0,0.6889,0.0
DK02_to_DB01#alt4,4,fwd,75,1750.0,4700.0,0.7165,0.0
DK02_to_DB01#alt4,4,fwd,76,1750.0,4650.0,0.7165,0.0
DK02_to_DB01#alt4,4,fwd,77,1733.33,4600.0,0.6889,0.0
DK02_to_DB01#alt4,4,fwd,78,1700.0,4566.67,0.6065,0.0
DK02_to_DB01#alt4,4,fwd,79,1650.0,4550.0,0.6065,0.0
DK02_to_DB01#alt4,4,fwd,80,1600.0,4550.0,0.6241,0.0
DK02_to_DB01#alt4,4,fwd,81,1550.0,4550.0,0.6889,0.0
DK02_to_DB01#alt4,4,fwd,82,1500.0,4550.0,0.7165,0.0
DK02_to_DB01#alt4,4,fwd,83,1450.0,4550.0,0.7165,0.0
DK02_to_DB01#alt4,4,fwd,84,1400.0,4550.0,0.7165,0.0
DK02_to_DB01#alt4,4,fwd,85,1350.0,4550.0,0.7165,0.0
DK02_to_DB01#alt4,4,fwd,86,1300.0,4550.0,0.7165,0.0
DK02_to_DB01#alt4,4,fwd,87,1250.0,4550.0,0.7165,0.0
DK02_to_DB01#alt4,4,fwd,88,1200.0,4550.0,0.6889,0.0
DK02_to_DB01#alt4,4,fwd,89,1150.0,4500.0,0.6889,0.0
DK02_to_DB01#alt4,4,fwd,90,1100.0,4450.0,0.6241,0.0
DK02_to_DB01#alt4,4,fwd,91,1066.67,4400.0,0.6889,0.0
DK02_to_DB01#alt4,4,fwd,92,1050.0,4350.0,0.7165,0.0
DK02_to_DB01#alt4,4,fwd,93,1050.0,4300.0,0.7165,0.0
DK02_to_DB01#alt4,4,fwd,94,1033.33,4250.0,0.6889,0.0
DK02_to_DB01#alt4,4,fwd,95,1016.67,4200.0,0.6889,0.0
DK02_to_DB01#alt4,4,fwd,96,1000.0,4150.0,0.6241,0.0
DK02_to_DB01#alt4,4,fwd,97,1000.0,4100.0,0.5483,0.0
DK02_to_DB01#alt4,4,fwd,98,1000.0,4050.0,0.4746,0.0
DK02_to_DB01#alt4,4,fwd,99,1000.0,4000.0,0.5483,0.0
DK02_to_DB01#alt4,4,fwd,100,1000.0,3950.0,0.6241,0.0
DK02_to_DB01#alt4,4,fwd,101,1000.0,3900.0,0.7165,0.0
DK05_to_DB01#alt0,0,fwd,0,4950.0,2250.0,0.1062,0.0
DK05_to_DB01#alt0,0,fwd,1,4900.0,2300.0,0.1062,0.0
DK05_to_DB01#alt0,0,fwd,2,4850.0,2350.0,0.1062,0.0
DK05_to_DB01#alt0,0,fwd,3,4800.0,2400.0,0.1239,0.0
DK05_to_DB01#alt0,0,fwd,4,4750.0,2450.0,0.1551,0.0
DK05_to_DB01#alt0,0,fwd,5,4700.0,2500.0,0.1937,0.0
DK05_to_DB01#alt0,0,fwd,6,4650.0,2550.0,0.2407,0.0
DK05_to_DB01#alt0,0,fwd,7,4600.0,2600.0,0.3006,0.0
DK05_to_DB01#alt0,0,fwd,8,4550.0,2650.0,0.3784,0.0
DK05_to_DB01#alt0,0,fwd,9,4533.33,2700.0,0.4076,0.0
DK05_to_DB01#alt0,0,fwd,10,4516.67,2750.0,0.503,0.0
DK05_to_DB01#alt0,0,fwd,11,4516.67,2800.0,0.5134,0.0
DK05_to_DB01#alt0,0,fwd,12,4483.33,2850.0,0.503,0.0
DK05_to_DB01#alt0,0,fwd,13,4466.67,2900.0,0.5483,0.0
DK05_to_DB01#alt0,0,fwd,14,4450.0,2950.0,0.503,0.0
DK05_to_DB01#alt0,0,fwd,15,4433.33,3000.0,0.4746,0.0
DK05_to_DB01#alt0,0,fwd,16,4400.0,3050.0,0.4931,0.0
DK05_to_DB01#alt0,0,fwd,17,4350.0,3100.0,0.4931,0.0
DK05_to_DB01#alt0,0,fwd,18,4300.0,3150.0,0.4746,0.0
DK05_to_DB01#alt0,0,fwd,19,4266.67,3200.0,0.4346,0.0
DK05_to_DB01#alt0,0,fwd,20,4250.0,3250.0,0.4346,0.0
DK05_to_DB01#alt0,0,fwd,21,4250.0,3300.0,0.4746,0.0
DK05_to_DB01#alt0,0,fwd,22,4250.0,3350.0,0.503,0.0
DK05_to_DB01#alt0,0,fwd,23,4250.0,3400.0,0.5134,0.0
DK05_to_DB01#alt0,0,fwd,24,4250.0,3450.0,0.5134,0.0
DK05_to_DB01#alt0,0,fwd,25,4233.33,3500.0,0.503,0.0
DK05_to_DB01#alt0,0,fwd,26,4200.0,3550.0,0.5483,0.0
DK05_to_DB01#alt0,0,fwd,27,4166.67,3600.0,0.5483,0.0
DK05_to_DB01#alt0,0,fwd,28,4150.0,3650.0,0.5134,0.0
DK05_to_DB01#alt0,0,fwd,29,4150.0,3700.0,0.5134,0.0
DK05_to_DB01#alt0,0,fwd,30,4150.0,3750.0,0.5134,0.0
DK05_to_DB01#alt0,0,fwd,31,4150.0,3800.0,0.5134,0.0
DK05_to_DB01#alt0,0,fwd,32,4150.0,3850.0,0.5134,0.0
DK05_to_DB01#alt0,0,fwd,33,4133.33,3900.0,0.503,0.0
DK05_to_DB01#alt0,0,fwd,34,4100.0,3950.0,0.5483,0.0
DK05_to_DB01#alt0,0,fwd,35,4050.0,4000.0,0.5483,0.0
DK05_to_DB01#alt0,0,fwd,36,4016.67,4050.0,0.5483,0.0
DK05_to_DB01#alt0,0,fwd,37,4000.0,4100.0,0.5134,0.0
DK05_to_DB01#alt0,0,fwd,38,3983.33,4150.0,0.5134,0.0
DK05_to_DB01#alt0,0,fwd,39,3950.0,4200.0,0.5903,0.0
DK05_to_DB01#alt0,0,fwd,40,3900.0,4250.0,0.6241,0.0
DK05_to_DB01#alt0,0,fwd,41,3850.0,4300.0,0.6241,0.0
DK05_to_DB01#alt0,0,fwd,42,3800.0,4350.0,0.5903,0.0
DK05_to_DB01#alt0,0,fwd,43,3750.0,4400.0,0.5134,0.0
DK05_to_DB01#alt0,0,fwd,44,3700.0,4450.0,0.4346,0.0
DK05_to_DB01#alt0,0,fwd,45,3650.0,4500.0,0.3679,0.0
DK05_to_DB01#alt0,0,fwd,46,3600.0,4550.0,0.3077,0.0
DK05_to_DB01#alt0,0,fwd,47,3550.0,4600.0,0.253,0.0
DK05_to_DB01#alt0,0,fwd,48,3500.0,4650.0,0.2431,0.0
DK05_to_DB01#alt0,0,fwd,49,3450.0,4700.0,0.2431,0.0
DK05_to_DB01#alt0,0,fwd,50,3400.0,4750.0,0.2384,0.0
DK05_to_DB01#alt0,0,fwd,51,3350.0,4800.0,0.2252,0.0
DK05_to_DB01#alt0,0,fwd,52,3300.0,4833.33,0.2076,0.0
DK05_to_DB01#alt0,0,fwd,53,3250.0,4850.0,0.2252,0.0
DK05_to_DB01#alt0,0,fwd,54,3200.0,4850.0,0.2407,0.0
DK05_to_DB01#alt0,0,fwd,55,3150.0,4850.0,0.253,0.0
DK05_to_DB01#alt0,0,fwd,56,3100.0,4850.0,0.2609,0.0
DK05_to_DB01#alt0,0,fwd,57,3050.0,4850.0,0.2636,0.0
DK05_to_DB01#alt0,0,fwd,58,3000.0,4850.0,0.2636,0.0
DK05_to_DB01#alt0,0,fwd,59,2950.0,4850.0,0.2636,0.0
DK05_to_DB01#alt0,0,fwd,60,2900.0,4850.0,0.2609,0.0
DK05_to_DB01#alt0,0,fwd,61,2850.0,4850.0,0.253,0.0
DK05_to_DB01#alt0,0,fwd,62,2800.0,4850.0,0.2407,0.0
DK05_to_DB01#alt0,0,fwd,63,2750.0,4850.0,0.2252,0.0
DK05_to_DB01#alt0,0,fwd,64,2700.0,4850.0,0.2076,0.0
DK05_to_DB01#alt0,0,fwd,65,2650.0,4850.0,0.2151,0.0
DK05_to_DB01#alt0,0,fwd,66,2600.0,4850.0,0.253,0.0
DK05_to_DB01#alt0,0,fwd,67,2550.0,4850.0,0.2972,0.0
DK05_to_DB01#alt0,0,fwd,68,2500.0,4866.67,0.3485,0.0
DK05_to_DB01#alt0,0,fwd,69,2450.0,4900.0,0.3784,0.0
DK05_to_DB01#alt0,0,fwd,70,2400.0,4933.33,0.3895,0.0
DK05_to_DB01#alt0,0,fwd,71,2350.0,4950.0,0.4346,0.0
DK05_to_DB01#alt0,0,fwd,72,2300.0,4950.0,0.4931,0.0
DK05_to_DB01#alt0,0,fwd,73,2250.0,4950.0,0.5483,0.0
DK05_to_DB01#alt0,0,fwd,74,2200.0,4950.0,0.5903,0.0
DK05_to_DB01#alt0,0,fwd,75,2150.0,4950.0,0.6241,0.0
DK05_to_DB01#alt0,0,fwd,76,2100.0,4950.0,0.6889,0.0
DK05_to_DB01#alt0,0,fwd,77,2050.0,4950.0,0.7165,0.0
DK05_to_DB01#alt0,0,fwd,78,2000.0,4950.0,0.7165,0.0
DK05_to_DB01#alt0,0,fwd,79,1950.0,4933.33,0.6889,0.0
DK05_to_DB01#alt0,0,fwd,80,1900.0,4900.0,0.6889,0.0
DK05_to_DB01#alt0,0,fwd,81,1850.0,4850.0,0.6889,0.0
DK05_to_DB01#alt0,0,fwd,82,1800.0,4800.0,0.6889,0.0
DK05_to_DB01#alt0,0,fwd,83,1750.0,4750.0,0.6889,0.0
DK05_to_DB01#alt0,0,fwd,84,1700.0,4700.0,0.6065,0.0
DK05_to_DB01#alt0,0,fwd,85,1650.0,4666.67,0.5134,0.0
DK05_to_DB01#alt0,0,fwd,86,1600.0,4650.0,0.4746,0.0
DK05_to_DB01#alt0,0,fwd,87,1550.0,4650.0,0.503,0.0
DK05_to_DB01#alt0,0,fwd,88,1500.0,4650.0,0.5134,0.0
DK05_to_DB01#alt0,0,fwd,89,1450.0,4650.0,0.5134,0.0
DK05_to_DB01#alt0,0,fwd,90,1400.0,4650.0,0.5134,0.0
DK05_to_DB01#alt0,0,fwd,91,1350.0,4650.0,0.5134,0.0
DK05_to_DB01#alt0,0,fwd,92,1300.0,4650.0,0.5134,0.0
DK05_to_DB01#alt0,0,fwd,93,1250.0,4633.33,0.5134,0.0
DK05_to_DB01#alt0,0,fwd,94,1200.0,4600.0,0.5903,0.0
DK05_to_DB01#alt0,0,fwd,95,1150.0,4550.0,0.6241,0.0
DK05_to_DB01#alt0,0,fwd,96,1100.0,4500.0,0.5903,0.0
DK05_to_DB01#alt0,0,fwd,97,1066.67,4450.0,0.6241,0.0
DK05_to_DB01#alt0,0,fwd,98,1050.0,4400.0,0.6889,0.0
DK05_to_DB01#alt0,0,fwd,99,1050.0,4350.0,0.7165,0.0
DK05_to_DB01#alt0,0,fwd,100,1050.0,4300.0,0.7165,0.0
DK05_to_DB01#alt0,0,fwd,101,1033.33,4250.0,0.6889,0.0
DK05_to_DB01#alt0,0,fwd,102,1016.67,4200.0,0.6889,0.0
DK05_to_DB01#alt0,0,fwd,103,1000.0,4150.0,0.6241,0.0
DK05_to_DB01#alt0,0,fwd,104,1000.0,4100.0,0.5483,0.0
DK05_to_DB01#alt0,0,fwd,105,1000.0,4050.0,0.4746,0.0
DK05_to_DB01#alt0,0,fwd,106,1000.0,4000.0,0.5483,0.0
DK05_to_DB01#alt0,0,fwd,107,1000.0,3950.0,0.6241,0.0
DK05_to_DB01#alt0,0,fwd,108,1000.0,3900.0,0.7165,0.0
DB01_to_DK05#alt0,0,bwd,0,1000.0,3900.0,0.7165,0.0
DB01_to_DK05#alt0,0,bwd,1,1050.0,3950.0,0.6889,0.0
DB01_to_DK05#alt0,0,bwd,2,1100.0,4000.0,0.6065,0.0
DB01_to_DK05#alt0,0,bwd,3,1150.0,4033.33,0.5483,0.0
DB01_to_DK05#alt0,0,bwd,4,1200.0,4033.33,0.6241,0.0
DB01_to_DK05#alt0,0,bwd,5,1250.0,4016.67,0.7165,0.0
DB01_to_DK05#alt0,0,bwd,6,1300.0,3983.33,0.6889,0.0
DB01_to_DK05#alt0,0,bwd,7,1350.0,3966.67,0.7165,0.0
DB01_to_DK05#alt0,0,bwd,8,1400.0,3950.0,0.7165,0.0
DB01_to_DK05#alt0,0,bwd,9,1450.0,3933.33,0.6889,0.0
DB01_to_DK05#alt0,0,bwd,10,1500.0,3916.67,0.7165,0.0
DB01_to_DK05#alt0,0,bwd,11,1550.0,3900.0,0.6889,0.0
DB01_to_DK05#alt0,0,bwd,12,1600.0,3900.0,0.6889,0.0
DB01_to_DK05#alt0,0,bwd,13,1650.0,3900.0,0.7165,0.0
DB01_to_DK05#alt0,0,bwd,14,1700.0,3900.0,0.7165,0.0
DB01_to_DK05#alt0,0,bwd,15,1750.0,3900.0,0.7165,0.0
DB01_to_DK05#alt0,0,bwd,16,1800.0,3916.67,0.6889,0.0
DB01_to_DK05#alt0,0,bwd,17,1850.0,3933.33,0.7165,0.0
DB01_to_DK05#alt0,0,bwd,18,1900.0,3950.0,0.6889,0.0
DB01_to_DK05#alt0,0,bwd,19,1950.0,4000.0,0.6889,0.0
DB01_to_DK05#alt0,0,bwd,20,2000.0,4050.0,0.6889,0.0
DB01_to_DK05#alt0,0,bwd,21,2050.0,4100.0,0.6065,0.0
DB01_to_DK05#alt0,0,bwd,22,2100.0,4150.0,0.5134,0.0
DB01_to_DK05#alt0,0,bwd,23,2150.0,4200.0,0.4346,0.0
DB01_to_DK05#alt0,0,bwd,24,2200.0,4250.0,0.4076,0.0
DB01_to_DK05#alt0,0,bwd,25,2250.0,4283.33,0.4346,0.0
DB01_to_DK05#alt0,0,bwd,26,2300.0,4316.67,0.3895,0.0
DB01_to_DK05#alt0,0,bwd,27,2350.0,4350.0,0.3895,0.0
DB01_to_DK05#alt0,0,bwd,28,2400.0,4383.33,0.3895,0.0
DB01_to_DK05#alt0,0,bwd,29,2450.0,4400.0,0.344,0.0
DB01_to_DK05#alt0,0,bwd,30,2500.0,4400.0,0.3784,0.0
DB01_to_DK05#alt0,0,bwd,31,2550.0,4416.67,0.4346,0.0
DB01_to_DK05#alt0,0,bwd,32,2600.0,4450.0,0.4746,0.0
DB01_to_DK05#alt0,0,bwd,33,2650.0,4483.33,0.4931,0.0
DB01_to_DK05#alt0,0,bwd,34,2700.0,4500.0,0.5483,0.0
DB01_to_DK05#alt0,0,bwd,35,2750.0,4516.67,0.6241,0.0
DB01_to_DK05#alt0,0,bwd,36,2800.0,4533.33,0.5903,0.0
DB01_to_DK05#alt0,0,bwd,37,2850.0,4550.0,0.6241,0.0
DB01_to_DK05#alt0,0,bwd,38,2900.0,4550.0,0.6889,0.0
DB01_to_DK05#alt0,0,bwd,39,2950.0,4550.0,0.7165,0.0
DB01_to_DK05#alt0,0,bwd,40,3000.0,4550.0,0.7165,0.0
DB01_to_DK05#alt0,0,bwd,41,3050.0,4550.0,0.7165,0.0
DB01_to_DK05#alt0,0,bwd,42,3100.0,4550.0,0.6889,0.0
DB01_to_DK05#alt0,0,bwd,43,3150.0,4500.0,0.7165,0.0
DB01_to_DK05#alt0,0,bwd,44,3200.0,4500.0,0.6889,0.0
DB01_to_DK05#alt0,0,bwd,45,3250.0,4450.0,0.6889,0.0
DB01_to_DK05#alt0,0,bwd,46,3300.0,4416.67,0.6889,0.0
DB01_to_DK05#alt0,0,bwd,47,3350.0,4400.0,0.5903,0.0
DB01_to_DK05#alt0,0,bwd,48,3400.0,4400.0,0.503,0.0
DB01_to_DK05#alt0,0,bwd,49,3450.0,4400.0,0.4346,0.0
DB01_to_DK05#alt0,0,bwd,50,3500.0,4400.0,0.4346,0.0
DB01_to_DK05#alt0,0,bwd,51,3550.0,4400.0,0.4746,0.0
DB01_to_DK05#alt0,0,bwd,52,3600.0,4400.0,0.503,0.0
DB01_to_DK05#alt0,0,bwd,53,3650.0,4400.0,0.5134,0.0
DB01_to_DK05#alt0,0,bwd,54,3700.0,4400.0,0.5134,0.0
DB01_to_DK05#alt0,0,bwd,55,3750.0,4400.0,0.5134,0.0
DB01_to_DK05#alt0,0,bwd,56,3800.0,4400.0,0.503,0.0
DB01_to_DK05#alt0,0,bwd,57,3850.0,4383.33,0.4746,0.0
DB01_to_DK05#alt0,0,bwd,58,3900.0,4350.0,0.4931,0.0
DB01_to_DK05#alt0,0,bwd,59,3950.0,4300.0,0.4931,0.0
DB01_to_DK05#alt0,0,bwd,60,4000.0,4250.0,0.4746,0.0
DB01_to_DK05#alt0,0,bwd,61,4050.0,4200.0,0.4275,0.0
DB01_to_DK05#alt0,0,bwd,62,4100.0,4150.0,0.3679,0.0
DB01_to_DK05#alt0,0,bwd,63,4150.0,4100.0,0.344,0.0
DB01_to_DK05#alt0,0,bwd,64,4200.0,4050.0,0.344,0.0
DB01_to_DK05#alt0,0,bwd,65,4233.33,4000.0,0.3269,0.0
DB01_to_DK05#alt0,0,bwd,66,4250.0,3950.0,0.3485,0.0
DB01_to_DK05#alt0,0,bwd,67,4266.67,3900.0,0.3628,0.0
DB01_to_DK05#alt0,0,bwd,68,4283.33,3850.0,0.3114,0.0
DB01_to_DK05#alt0,0,bwd,69,4316.67,3800.0,0.3114,0.0
DB01_to_DK05#alt0,0,bwd,70,4350.0,3750.0,0.2636,0.0
DB01_to_DK05#alt0,0,bwd,71,4383.33,3700.0,0.2384,0.0
DB01_to_DK05#alt0,0,bwd,72,4416.67,3650.0,0.2609,0.0
DB01_to_DK05#alt0,0,bwd,73,4450.0,3600.0,0.2407,0.0
DB01_to_DK05#alt0,0,bwd,74,4483.33,3550.0,0.2151,0.0
DB01_to_DK05#alt0,0,bwd,75,4516.67,3500.0,0.2211,0.0
DB01_to_DK05#alt0,0,bwd,76,4550.0,3450.0,0.1889,0.0
DB01_to_DK05#alt0,0,bwd,77,4600.0,3400.0,0.1599,0.0
DB01_to_DK05#alt0,0,bwd,78,4633.33,3350.0,0.1344,0.0
DB01_to_DK05#alt0,0,bwd,79,4650.0,3300.0,0.1517,0.0
DB01_to_DK05#alt0,0,bwd,80,4650.0,3250.0,0.17,0.0
DB01_to_DK05#alt0,0,bwd,81,4650.0,3200.0,0.1889,0.0
DB01_to_DK05#alt0,0,bwd,82,4650.0,3150.0,0.2076,0.0
DB01_to_DK05#alt0,0,bwd,83,4650.0,3100.0,0.2252,0.0
DB01_to_DK05#alt0,0,bwd,84,4666.67,3050.0,0.2407,0.0
DB01_to_DK05#alt0,0,bwd,85,4700.0,3000.0,0.2252,0.0
DB01_to_DK05#alt0,0,bwd,86,4750.0,2950.0,0.2057,0.0
DB01_to_DK05#alt0,0,bwd,87,4800.0,2900.0,0.1827,0.0
DB01_to_DK05#alt0,0,bwd,88,4833.33,2850.0,0.1587,0.0
DB01_to_DK05#alt0,0,bwd,89,4866.67,2800.0,0.1599,0.0
DB01_to_DK05#alt0,0,bwd,90,4900.0,2750.0,0.1344,0.0
DB01_to_DK05#alt0,0,bwd,91,4933.33,2700.0,0.1117,0.0
DB01_to_DK05#alt0,0,bwd,92,4950.0,2650.0,0.1082,0.0
DB01_to_DK05#alt0,0,bwd,93,4950.0,2600.0,0.1036,0.0
DB01_to_DK05#alt0,0,bwd,94,4950.0,2550.0,0.0981,0.0
DB01_to_DK05#alt0,0,bwd,95,4950.0,2500.0,0.092,0.0
DB01_to_DK05#alt0,0,bwd,96,4950.0,2450.0,0.0854,0.0
DB01_to_DK05#alt0,0,bwd,97,4950.0,2400.0,0.079,0.0
DB01_to_DK05#alt0,0,bwd,98,4950.0,2350.0,0.0839,0.0
DB01_to_DK05#alt0,0,bwd,99,4950.0,2300.0,0.0947,0.0
DB01_to_DK05#alt0,0,bwd,100,4950.0,2250.0,0.1062,0.0
DB01_to_DK05#alt6,6,bwd,0,1000.0,3900.0,0.7165,0.0
DB01_to_DK05#alt6,6,bwd,1,1050.0,3950.0,0.6889,0.0
DB01_to_DK05#alt6,6,bwd,2,1100.0,4000.0,0.6065,0.0
DB01_to_DK05#alt6,6,bwd,3,1150.0,4033.33,0.5483,0.0
DB01_to_DK05#alt6,6,bwd,4,1200.0,4033.33,0.6241,0.0
DB01_to_DK05#alt6,6,bwd,5,1250.0,4016.67,0.7165,0.0
DB01_to_DK05#alt6,6,bwd,6,1300.0,3983.33,0.6889,0.0
DB01_to_DK05#alt6,6,bwd,7,1350.0,3966.67,0.7165,0.0
DB01_to_DK05#alt6,6,bwd,8,1400.0,3950.0,0.7165,0.0
DB01_to_DK05#alt6,6,bwd,9,1450.0,3933.33,0.6889,0.0
DB01_to_DK05#alt6,6,bwd,10,1500.0,3916.67,0.7165,0.0
DB01_to_DK05#alt6,6,bwd,11,1550.0,3883.33,0.6889,0.0
DB01_to_DK05#alt6,6,bwd,12,1600.0,3850.0,0.6889,0.0
DB01_to_DK05#alt6,6,bwd,13,1650.0,3800.0,0.6889,0.0
DB01_to_DK05#alt6,6,bwd,14,1700.0,3750.0,0.6241,0.0
DB01_to_DK05#alt6,6,bwd,15,1750.0,3716.67,0.6241,0.0
DB01_to_DK05#alt6,6,bwd,16,1800.0,3700.0,0.6889,0.0
DB01_to_DK05#alt6,6,bwd,17,1850.0,3700.0,0.7165,0.0
DB01_to_DK05#alt6,6,bwd,18,1900.0,3700.0,0.7165,0.0
DB01_to_DK05#alt6,6,bwd,19,1950.0,3700.0,0.7165,0.0
DB01_to_DK05#alt6,6,bwd,20,2000.0,3700.0,0.7165,0.0
DB01_to_DK05#alt6,6,bwd,21,2050.0,3700.0,0.7165,0.0
DB01_to_DK05#alt6,6,bwd,22,2100.0,3700.0,0.6889,0.0
DB01_to_DK05#alt6,6,bwd,23,2150.0,3650.0,0.6889,0.0
DB01_to_DK05#alt6,6,bwd,24,2200.0,3600.0,0.6889,0.0
DB01_to_DK05#alt6,6,bwd,25,2250.0,3550.0,0.6889,0.0
DB01_to_DK05#alt6,6,bwd,26,2300.0,3500.0,0.6065,0.0
DB01_to_DK05#alt6,6,bwd,27,2350.0,3450.0,0.5134,0.0
DB01_to_DK05#alt6,6,bwd,28,2400.0,3400.0,0.4346,0.0
DB01_to_DK05#alt6,6,bwd,29,2450.0,3350.0,0.3679,0.0
DB01_to_DK05#alt6,6,bwd,30,2500.0,3300.0,0.3114,0.0
DB01_to_DK05#alt6,6,bwd,31,2550.0,3250.0,0.2972,0.0
DB01_to_DK05#alt6,6,bwd,32,2600.0,3200.0,0.3269,0.0
DB01_to_DK05#alt6,6,bwd,33,2650.0,3150.0,0.344,0.0
DB01_to_DK05#alt6,6,bwd,34,2700.0,3100.0,0.344,0.0
DB01_to_DK05#alt6,6,bwd,35,2750.0,3050.0,0.344,0.0
DB01_to_DK05#alt6,6,bwd,36,2800.0,3000.0,0.3269,0.0
DB01_to_DK05#alt6,6,bwd,37,2850.0,2950.0,0.3269,0.0
DB01_to_DK05#alt6,6,bwd,38,2900.0,2900.0,0.344,0.0
DB01_to_DK05#alt6,6,bwd,39,2950.0,2850.0,0.344,0.0
DB01_to_DK05#alt6,6,bwd,40,3000.0,2816.67,0.344,0.0
DB01_to_DK05#alt6,6,bwd,41,3050.0,2800.0,0.3895,0.0
DB01_to_DK05#alt6,6,bwd,42,3100.0,2800.0,0.4346,0.0
DB01_to_DK05#alt6,6,bwd,43,3150.0,2800.0,0.4746,0.0
DB01_to_DK05#alt6,6,bwd,44,3200.0,2800.0,0.503,0.0
DB01_to_DK05#alt6,6,bwd,45,3250.0,2800.0,0.5134,0.0
DB01_to_DK05#alt6,6,bwd,46,3300.0,2800.0,0.5134,0.0
DB01_to_DK05#alt6,6,bwd,47,3350.0,2800.0,0.5134,0.0
DB01_to_DK05#alt6,6,bwd,48,3400.0,2816.67,0.5134,0.0
DB01_to_DK05#alt6,6,bwd,49,3450.0,2850.0,0.6065,0.0
DB01_to_DK05#alt6,6,bwd,50,3500.0,2883.33,0.7165,0.0
DB01_to_DK05#alt6,6,bwd,51,3550.0,2916.67,0.6889,0.0
DB01_to_DK05#alt6,6,bwd,52,3600.0,2950.0,0.6889,0.0
DB01_to_DK05#alt6,6,bwd,53,3650.0,2983.33,0.6889,0.0
DB01_to_DK05#alt6,6,bwd,54,3700.0,3000.0,0.6889,0.0
DB01_to_DK05#alt6,6,bwd,55,3750.0,2983.33,0.7165,0.0
DB01_to_DK05#alt6,6,bwd,56,3800.0,2950.0,0.6065,0.0
DB01_to_DK05#alt6,6,bwd,57,3833.33,2900.0,0.6241,0.0
DB01_to_DK05#alt6,6,bwd,58,3850.0,2850.0,0.6889,0.0
DB01_to_DK05#alt6,6,bwd,59,3850.0,2800.0,0.7165,0.0
DB01_to_DK05#alt6,6,bwd,60,3866.67,2750.0,0.6889,0.0
DB01_to_DK05#alt6,6,bwd,61,3883.33,2700.0,0.7165,0.0
DB01_to_DK05#alt6,6,bwd,62,3916.67,2650.0,0.6889,0.0
DB01_to_DK05#alt6,6,bwd,63,3950.0,2600.0,0.6889,0.0
DB01_to_DK05#alt6,6,bwd,64,4000.0,2550.0,0.6889,0.0
DB01_to_DK05#alt6,6,bwd,65,4050.0,2500.0,0.6065,0.0
DB01_to_DK05#alt6,6,bwd,66,4100.0,2450.0,0.5134,0.0
DB01_to_DK05#alt6,6,bwd,67,4150.0,2400.0,0.4346,0.0
DB01_to_DK05#alt6,6,bwd,68,4200.0,2366.67,0.3679,0.0
DB01_to_DK05#alt6,6,bwd,69,4250.0,2350.0,0.3628,0.0
DB01_to_DK05#alt6,6,bwd,70,4300.0,2350.0,0.3485,0.0
DB01_to_DK05#alt6,6,bwd,71,4350.0,2350.0,0.3269,0.0
DB01_to_DK05#alt6,6,bwd,72,4400.0,2350.0,0.3006,0.0
DB01_to_DK05#alt6,6,bwd,73,4450.0,2350.0,0.2721,0.0
DB01_to_DK05#alt6,6,bwd,74,4500.0,2333.33,0.2431,0.0
DB01_to_DK05#alt6,6,bwd,75,4550.0,2300.0,0.2057,0.0
DB01_to_DK05#alt6,6,bwd,76,4600.0,2266.67,0.2252,0.0
DB01_to_DK05#alt6,6,bwd,77,4650.0,2250.0,0.2076,0.0
DB01_to_DK05#alt6,6,bwd,78,4700.0,2250.0,0.1889,0.0
DB01_to_DK05#alt6,6,bwd,79,4750.0,2250.0,0.17,0.0
DB01_to_DK05#alt6,6,bwd,80,4800.0,2250.0,0.1517,0.0
DB01_to_DK05#alt6,6,bwd,81,4850.0,2250.0,0.1344,0.0
DB01_to_DK05#alt6,6,bwd,82,4900.0,2250.0,0.1199,0.0
DB01_to_DK05#alt6,6,bwd,83,4950.0,2250.0,0.1062,0.0
