version,pair,route_key,start_label,end_label,direction,route_type,route_rank,success,message,distance_m,distance_km,total_cost,n_path_nodes,expanded_nodes,runtime_sec,mean_distance_to_main_m,duplicated_from_main,duplicated_from_previous_main,used_full_map_retry,safe_fallback,main_avoid_previous_radius_m,backup_corridor_m,backup_mean_offset_m,backup_min_offset_m,backup_separation_violation_pct,backup_separation_ok,backup_max_offset_m,distance_diff_m,flz_buffer_ok,flz_buffer_min_distance_m,flz_buffer_via,lock_mode,locked_overlap_nodes,locked_overlap_checked_nodes,locked_overlap_percent,mean_flz_support,mean_emergency_risk,mean_other_terminal_avoidance,mean_traffic_penalty_factor,route_file
v15,DB01_to_DB02,forward_main_01,DB01,DB02,forward,main,1,True,Path found. [safe fallback attempted],3127.817459305202,3.127817459305202,201.91695234285189,59,525,0.7972187995910645,,,False,False,True,,,,,,,,,True,100.0,,,0,0,0.0,0.6252428596688688,0.37475714033113094,0.002938313244951755,1.0023506505959614,output/thetastar_master_plan/route_nodes/DB01_to_DB02_forward_main_01.csv
v15,DB01_to_DB02,forward_backup_01,DB01,DB02,forward,backup,1,True,Path found. [safe fallback attempted],3198.5281374238575,3.1985281374238577,205.8702704147203,60,94,0.4173445701599121,45.833333333333336,False,False,False,True,,50.0,45.833333333333336,23.686769925927468,0.8695652173913043,True,50.0,70.71067811865532,True,50.0,,no_lock,0,50,0.0,0.6313254946173333,0.3686745053826666,0.0031794772343440004,1.0025435817874753,output/thetastar_master_plan/route_nodes/DB01_to_DB02_forward_backup_01.csv
v15,DB01_to_DB02,forward_main_02,DB01,DB02,forward,main,2,True,Route forced through FLZ buffer via FLZ03.,6451.219330881976,6.451219330881976,457.45119017868893,106,2124,2.585632562637329,,,False,False,True,,,,,,,,,True,0.0,FLZ03,,7,96,7.291666666666667,0.6946973905454493,0.30530260945455057,,,output/thetastar_master_plan/route_nodes/DB01_to_DB02_forward_main_02.csv
v15,DB01_to_DB02,forward_backup_02,DB01,DB02,forward,backup,2,True,Path found. [safe fallback attempted],6592.640687119286,6.592640687119286,469.79531895091196,108,226,0.7711794376373291,47.22222222222222,False,False,True,True,,50.0,47.22222222222222,5.837432459714866,1.593625498007968,True,50.0,141.42135623730974,True,35.35533905932738,,soft_lock,4,98,4.081632653061225,0.6926074573594112,0.30739254264058885,0.21657504793357546,1.1732600383468603,output/thetastar_master_plan/route_nodes/DB01_to_DB02_forward_backup_02.csv
v15,DB01_to_DB02,forward_main_03,DB01,DB02,forward,main,3,False,"Rank skipped: 3 candidate main(s) tried, none had a viable backup; no new distinct main exists under the lock/overlap limits.",,,,0,-1,,,,False,False,False,,,,,,,,,,,,,0,0,0.0,,,,,
v15,DB01_to_DB02,forward_backup_03,DB01,DB02,forward,backup,3,False,Rank skipped: no main+backup couple found.,,,,0,-1,,,,False,False,False,,,,,,,,,,,,,0,0,0.0,,,,,
v15,DB01_to_DB02,forward_main_04,DB01,DB02,forward,main,4,False,"Path found. [safe fallback attempted] Overlap with locked routes = 52/52 nodes (100.00%), exceeds limit 10.00%.",3127.817459305202,3.127817459305202,201.91695234285189,59,525,0.8427414894104004,,,False,False,True,0.0,,,,,,,,,,,soft_lock,52,52,100.0,0.6252428596688688,0.37475714033113094,0.002938313244951755,1.0023506505959614,output/thetastar_master_plan/route_nodes/DB01_to_DB02_forward_main_04.csv
v15,DB01_to_DB02,forward_backup_04,DB01,DB02,forward,backup,4,False,Skipped because forward_main_04 failed.,,,,0,-1,,,,False,False,False,,,,,,,,,,,,,0,0,0.0,,,,,
v15,DB01_to_DB02,backward_main_01,DB02,DB01,backward,main,1,True,Route forced through FLZ buffer via FLZ04.,3707.7164466275353,3.7077164466275354,229.5569687249627,59,630,1.5414142608642578,,,False,False,True,,,,,,,,,True,0.0,FLZ04,,2,50,4.0,0.7150075052050309,0.28499249479496913,,,output/thetastar_master_plan/route_nodes/DB01_to_DB02_backward_main_01.csv
v15,DB01_to_DB02,backward_backup_01,DB02,DB01,backward,backup,1,True,Path found. [safe fallback attempted],3807.716446627536,3.807716446627536,235.89019111901254,61,120,0.5767712593078613,45.08196721311475,False,False,False,True,,50.0,45.08196721311475,5.107482449145354,5.0,True,50.0,100.00000000000045,True,50.0,,strict_lock,0,53,0.0,0.7125716502882171,0.2874283497117828,0.0045263499712533345,1.0036210799770027,output/thetastar_master_plan/route_nodes/DB01_to_DB02_backward_backup_01.csv
v15,DB01_to_DB02,backward_main_02,DB02,DB01,backward,main,2,True,Path found. [safe fallback attempted],3766.295090390226,3.766295090390226,235.18560543376972,61,1148,1.83022141456604,,,False,False,True,0.0,,,,,,,,True,70.71067811865476,,strict_lock,0,49,0.0,0.702623088572162,0.2973769114278381,0.005712435573316398,1.0045699484586532,output/thetastar_master_plan/route_nodes/DB01_to_DB02_backward_main_02.csv
v15,DB01_to_DB02,backward_backup_02,DB02,DB01,backward,backup,2,True,Path found. [safe fallback attempted],3937.0057685088814,3.9370057685088815,245.70690482372643,64,277,0.76033616065979,48.995919251655366,False,False,False,True,,150.0,48.995919251655366,17.270592539627387,0.6896551724137931,True,111.80339887498948,170.71067811865532,True,35.35533905932738,,strict_lock,0,50,0.0,0.7082446509961065,0.29175534900389355,0.0071623109324687635,1.005729848745975,output/thetastar_master_plan/route_nodes/DB01_to_DB02_backward_backup_02.csv
v15,DB01_to_DB02,backward_main_03,DB02,DB01,backward,main,3,False,"Rank skipped: 1 candidate main(s) tried, none had a viable backup; no new distinct main exists under the lock/overlap limits.",,,,0,-1,,,,False,False,False,,,,,,,,,,,,,0,0,0.0,,,,,
v15,DB01_to_DB02,backward_backup_03,DB02,DB01,backward,backup,3,False,Rank skipped: no main+backup couple found.,,,,0,-1,,,,False,False,False,,,,,,,,,,,,,0,0,0.0,,,,,
v15,DB01_to_DB02,backward_main_04,DB02,DB01,backward,main,4,False,"Path found. [safe fallback attempted] Overlap with locked routes = 37/52 nodes (71.15%), exceeds limit 10.00%.",3127.8174593052026,3.1278174593052026,202.18618387596607,59,1026,1.3239433765411377,,,False,False,True,0.0,,,,,,,,,,,soft_lock,37,52,71.15384615384616,0.6060669980128573,0.3939330019871427,0.0029379340044355393,1.0023503472035482,output/thetastar_master_plan/route_nodes/DB01_to_DB02_backward_main_04.csv
v15,DB01_to_DB02,backward_backup_04,DB02,DB01,backward,backup,4,False,Skipped because backward_main_04 failed.,,,,0,-1,,,,False,False,False,,,,,,,,,,,,,0,0,0.0,,,,,
v15,DB01_to_DK01,forward_main_01,DB01,DK01,forward,main,1,True,Route forced through FLZ buffer via FLZ04.,3454.1630560342624,3.4541630560342624,221.81873624776264,56,428,0.9980282783508301,,,False,False,True,,,,,,,,,True,0.0,FLZ04,,0,0,0.0,0.6614522506520604,0.3385477493479397,,,output/thetastar_master_plan/route_nodes/DB01_to_DK01_forward_main_01.csv
v15,DB01_to_DK01,forward_backup_01,DB01,DK01,forward,backup,1,True,Path found. [safe fallback attempted],3554.163056034262,3.554163056034262,227.1784001567296,58,98,0.43499016761779785,46.55172413793103,False,False,False,True,,50.0,46.55172413793103,23.02244467518684,0.7692307692307693,True,50.0,99.99999999999955,True,35.35533905932738,,no_lock,0,47,0.0,0.6660716422163984,0.3339283577836015,0.013233316325637248,1.0105866530605099,output/thetastar_master_plan/route_nodes/DB01_to_DK01_forward_backup_01.csv
v15,DB01_to_DK01,forward_main_02,DB01,DK01,forward,main,2,True,Path found. [safe fallback attempted],3683.452377915607,3.683452377915607,234.75142219981905,61,504,0.841113805770874,,,False,False,True,0.0,,,,,,,,True,0.0,,strict_lock,0,49,0.0,0.6634080728941764,0.33659192710582364,0.015290170558916707,1.0122321364471332,output/thetastar_master_plan/route_nodes/DB01_to_DK01_forward_main_02.csv
v15,DB01_to_DK01,forward_backup_02,DB01,DK01,forward,backup,2,True,Path found. [safe fallback attempted],3924.8737341529163,3.9248737341529165,248.65642616830834,65,162,0.4978766441345215,47.604884244132826,False,False,False,True,,150.0,47.604884244132826,17.673688739492167,1.3888888888888888,True,111.80339887498948,241.42135623730928,True,50.0,,strict_lock,0,54,0.0,0.6692521919548642,0.33074780804513587,0.015438875323690386,1.0123511002589523,output/thetastar_master_plan/route_nodes/DB01_to_DK01_forward_backup_02.csv
v15,DB01_to_DK01,forward_main_03,DB01,DK01,forward,main,3,False,"Rank skipped: 4 candidate main(s) tried, none had a viable backup; no new distinct main exists under the lock/overlap limits.",,,,0,-1,,,,False,False,False,,,,,,,,,,,,,0,0,0.0,,,,,
v15,DB01_to_DK01,forward_backup_03,DB01,DK01,forward,backup,3,False,Rank skipped: no main+backup couple found.,,,,0,-1,,,,False,False,False,,,,,,,,,,,,,0,0,0.0,,,,,
v15,DB01_to_DK01,forward_main_04,DB01,DK01,forward,main,4,False,"Path found. [safe fallback attempted] Overlap with locked routes = 30/36 nodes (83.33%), exceeds limit 10.00%.",2410.660171779821,2.410660171779821,169.51301919089465,43,572,0.43598484992980957,,,False,False,True,0.0,,,,,,,,,,,soft_lock,30,36,83.33333333333333,0.4821394674652518,0.5178605325347482,0.0208047143837864,1.0166437715070291,output/thetastar_master_plan/route_nodes/DB01_to_DK01_forward_main_04.csv
v15,DB01_to_DK01,forward_backup_04,DB01,DK01,forward,backup,4,False,Skipped because forward_main_04 failed.,,,,0,-1,,,,False,False,False,,,,,,,,,,,,,0,0,0.0,,,,,
v15,DB01_to_DK01,backward_main_01,DK01,DB01,backward,main,1,True,Path found. [safe fallback attempted],3583.452377915607,3.583452377915607,228.9399121146793,59,996,1.5789332389831543,,,False,False,True,50.0,,,,,,,,True,50.0,,strict_lock,0,49,0.0,0.6623778209215361,0.3376221790784638,0.01449364386197663,1.0115949150895813,output/thetastar_master_plan/route_nodes/DB01_to_DK01_backward_main_01.csv
v15,DB01_to_DK01,backward_backup_01,DK01,DB01,backward,backup,1,True,Path found. [safe fallback attempted],3583.452377915607,3.583452377915607,229.15661896136425,59,117,0.8230292797088623,46.610169491525426,False,False,False,True,,50.0,46.610169491525426,2.680525289807476,2.2900763358778624,True,50.0,0.0,True,0.0,,strict_lock,0,48,0.0,0.6559313278358994,0.34406867216410064,0.013413692089452098,1.0107309536715616,output/thetastar_master_plan/route_nodes/DB01_to_DK01_backward_backup_01.csv
v15,DB01_to_DK01,backward_main_02,DK01,DB01,backward,main,2,True,Path found. [safe fallback attempted],3695.5844122715716,3.6955844122715718,235.20916699304544,60,1386,2.0497541427612305,,,False,False,True,0.0,,,,,,,,True,0.0,,strict_lock,0,50,0.0,0.6693136754599779,0.33068632454002206,0.01610808985824728,1.012886471886598,output/thetastar_master_plan/route_nodes/DB01_to_DK01_backward_main_02.csv
v15,DB01_to_DK01,backward_backup_02,DK01,DB01,backward,backup,2,True,Backup forced through FLZ buffer via ring node NONE.,4266.2950903902265,4.266295090390226,268.68989724971254,71,225,1.0927462577819824,105.62136019061354,False,False,False,True,,200.0,105.62136019061354,17.42569815947172,0.6329113924050633,True,200.0,570.7106781186549,True,50.0,NONE,strict_lock,0,59,0.0,,,,,output/thetastar_master_plan/route_nodes/DB01_to_DK01_backward_backup_02.csv
v15,DB01_to_DK01,backward_main_03,DK01,DB01,backward,main,3,False,"Path found. [safe fallback attempted] Overlap with locked routes = 30/36 nodes (83.33%), exceeds limit 10.00%.",2410.6601717798217,2.4106601717798215,169.51301919089465,43,835,1.1107759475708008,,,False,False,True,0.0,,,,,,,,,,,soft_lock,30,36,83.33333333333333,0.4821394674652519,0.5178605325347481,0.020804714383786404,1.016643771507029,output/thetastar_master_plan/route_nodes/DB01_to_DK01_backward_main_03.csv
v15,DB01_to_DK01,backward_backup_03,DK01,DB01,backward,backup,3,False,Skipped because backward_main_03 failed.,,,,0,-1,,,,False,False,False,,,,,,,,,,,,,0,0,0.0,,,,,
v15,DB01_to_DK01,backward_main_04,DK01,DB01,backward,main,4,False,"Path found. [safe fallback attempted] Overlap with locked routes = 30/36 nodes (83.33%), exceeds limit 10.00%.",2410.6601717798217,2.4106601717798215,169.51301919089465,43,835,1.346297025680542,,,False,False,True,0.0,,,,,,,,,,,soft_lock,30,36,83.33333333333333,0.4821394674652519,0.5178605325347481,0.020804714383786404,1.016643771507029,output/thetastar_master_plan/route_nodes/DB01_to_DK01_backward_main_04.csv
v15,DB01_to_DK01,backward_backup_04,DK01,DB01,backward,backup,4,False,Skipped because backward_main_04 failed.,,,,0,-1,,,,False,False,False,,,,,,,,,,,,,0,0,0.0,,,,,
v15,DB01_to_DK02,forward_main_01,DB01,DK02,forward,main,1,True,Route forced through FLZ buffer via FLZ03.,5374.873734152917,5.374873734152917,503.57060447233494,94,3605,4.8659327030181885,,,False,False,True,,,,,,,,,True,0.0,FLZ03,,0,0,0.0,0.5392177087903357,0.46078229120966424,,,output/thetastar_master_plan/route_nodes/DB01_to_DK02_forward_main_01.csv
v15,DB01_to_DK02,forward_backup_01,DB01,DK02,forward,backup,1,True,Path found. [safe fallback attempted],5474.873734152917,5.474873734152917,521.3260263331354,96,243,0.7374122142791748,47.395833333333336,False,False,False,True,,50.0,47.395833333333336,3.9268335229138613,1.941747572815534,True,50.0,100.0,True,35.35533905932738,,no_lock,0,87,0.0,0.5266192248925959,0.4733807751074041,0.5218322301017669,1.4174657840814138,output/thetastar_master_plan/route_nodes/DB01_to_DK02_forward_backup_01.csv
v15,DB01_to_DK02,forward_main_02,DB01,DK02,forward,main,2,True,Path found. [safe fallback attempted],6469.8484809835,6.4698484809835,553.478506016241,113,5204,5.212346076965332,,,False,True,True,50.0,,,,,,,,True,0.0,,strict_lock,0,97,0.0,0.5658133672767158,0.43418663272328417,0.3480332725110205,1.2784266180088162,output/thetastar_master_plan/route_nodes/DB01_to_DK02_forward_main_02.csv
v15,DB01_to_DK02,forward_backup_02,DB01,DK02,forward,backup,2,True,Path found. [safe fallback attempted],6540.559159102155,6.540559159102155,561.4708539242386,114,298,0.48887181282043457,47.36842105263158,False,False,False,True,,50.0,47.36842105263158,7.878746218504063,1.2048192771084338,True,50.0,70.71067811865487,True,50.0,,strict_lock,0,104,0.0,0.5599577158881555,0.4400422841118445,0.348206496141238,1.2785651969129903,output/thetastar_master_plan/route_nodes/DB01_to_DK02_forward_backup_02.csv
v15,DB01_to_DK02,forward_main_03,DB01,DK02,forward,main,3,True,Path found. [safe fallback attempted],6099.137802864846,6.099137802864846,582.3054076463391,106,3807,4.397897243499756,,,False,False,True,0.0,,,,,,,,True,0.0,,strict_lock,0,96,0.0,0.4680619161211099,0.5319380838788901,0.4896329952170629,1.3917063961736502,output/thetastar_master_plan/route_nodes/DB01_to_DK02_forward_main_03.csv
v15,DB01_to_DK02,forward_backup_03,DB01,DK02,forward,backup,3,True,Path found. [safe fallback attempted],6381.980515339464,6.381980515339464,608.392085405674,110,525,1.1865534782409668,54.55242714630211,False,False,False,True,,150.0,54.55242714630211,12.234468136439759,0.823045267489712,True,111.80339887498948,282.84271247461766,True,35.35533905932738,,strict_lock,0,99,0.0,0.4563829522212551,0.543617047778745,0.47716906326488734,1.3817352506119094,output/thetastar_master_plan/route_nodes/DB01_to_DK02_forward_backup_03.csv
v15,DB01_to_DK02,forward_main_04,DB01,DK02,forward,main,4,False,"Path found. [safe fallback attempted] Overlap with locked routes = 43/45 nodes (95.56%), exceeds limit 10.00%.",2984.92424049175,2.98492424049175,256.8221618937697,52,1364,2.10591459274292,,,False,False,True,0.0,,,,,,,,,,,soft_lock,43,45,95.55555555555556,0.07842452699201842,0.9215754730079815,0.059217118528878704,1.047373694823103,output/thetastar_master_plan/route_nodes/DB01_to_DK02_forward_main_04.csv
v15,DB01_to_DK02,forward_backup_04,DB01,DK02,forward,backup,4,False,Skipped because forward_main_04 failed.,,,,0,-1,,,,False,False,False,,,,,,,,,,,,,0,0,0.0,,,,,
v15,DB01_to_DK02,backward_main_01,DK02,DB01,backward,main,1,True,Route forced through FLZ buffer via FLZ04.,5552.691193458119,5.552691193458119,412.86326317967735,93,1222,1.9466972351074219,,,False,False,True,,,,,,,,,True,0.0,FLZ04,,8,84,9.523809523809524,0.4132473759334196,0.5867526240665804,,,output/thetastar_master_plan/route_nodes/DB01_to_DK02_backward_main_01.csv
v15,DB01_to_DK02,backward_backup_01,DK02,DB01,backward,backup,1,True,Backup forced through FLZ buffer via ring node NONE.,5806.244584051394,5.806244584051393,433.0433804613146,96,174,1.0445356369018555,46.875,False,False,False,True,,50.0,46.875,0.2702300182801143,5.0,True,50.0,253.55339059327434,True,50.0,NONE,soft_lock,1,87,1.1494252873563218,,,,,output/thetastar_master_plan/route_nodes/DB01_to_DK02_backward_backup_01.csv
v15,DB01_to_DK02,backward_main_02,DK02,DB01,backward,main,2,True,Path found. [safe fallback attempted],6852.691193458119,6.85269119345812,580.3650319255861,119,2510,3.1032729148864746,,,False,True,True,0.0,,,,,,,,True,50.0,,strict_lock,0,109,0.0,0.555766136356047,0.44423386364395306,0.32474634244468714,1.2597970739557496,output/thetastar_master_plan/route_nodes/DB01_to_DK02_backward_main_02.csv
v15,DB01_to_DK02,backward_backup_02,DK02,DB01,backward,backup,2,True,Path found. [safe fallback attempted],7347.665940288703,7.347665940288703,617.5280984565969,126,435,1.0244572162628174,75.7837149015817,False,False,True,True,,150.0,75.7837149015817,35.355339059327214,0.0,True,111.80339887498948,494.9747468305832,True,100.0,,strict_lock,0,119,0.0,0.5302400269616437,0.46975997303835626,0.2925420856963544,1.2340336685570836,output/thetastar_master_plan/route_nodes/DB01_to_DK02_backward_backup_02.csv
v15,DB01_to_DK02,backward_main_03,DK02,DB01,backward,main,3,False,"Rank skipped: 2 candidate main(s) tried, none had a viable backup; no new distinct main exists under the lock/overlap limits.",,,,0,-1,,,,False,False,False,,,,,,,,,,,,,0,0,0.0,,,,,
v15,DB01_to_DK02,backward_backup_03,DK02,DB01,backward,backup,3,False,Rank skipped: no main+backup couple found.,,,,0,-1,,,,False,False,False,,,,,,,,,,,,,0,0,0.0,,,,,
v15,DB01_to_DK02,backward_main_04,DK02,DB01,backward,main,4,False,"Path found. [safe fallback attempted] Overlap with locked routes = 44/45 nodes (97.78%), exceeds limit 10.00%.",2984.9242404917495,2.9849242404917495,256.8221618937697,52,662,0.6008090972900391,,,False,False,True,0.0,,,,,,,,,,,soft_lock,44,45,97.77777777777777,0.07842452699201838,0.9215754730079817,0.05921711852887871,1.047373694823103,output/thetastar_master_plan/route_nodes/DB01_to_DK02_backward_main_04.csv
v15,DB01_to_DK02,backward_backup_04,DK02,DB01,backward,backup,4,False,Skipped because backward_main_04 failed.,,,,0,-1,,,,False,False,False,,,,,,,,,,,,,0,0,0.0,,,,,
v15,DB01_to_DK03,forward_main_01,DB01,DK03,forward,main,1,True,Route forced through FLZ buffer via FLZ03.,3942.0310216782973,3.9420310216782974,298.5203484523445,67,1581,1.8664569854736328,,,False,False,True,,,,,,,,,True,0.0,FLZ03,,0,0,0.0,0.64918492157666,0.3508150784233401,,,output/thetastar_master_plan/route_nodes/DB01_to_DK03_forward_main_01.csv
v15,DB01_to_DK03,forward_backup_01,DB01,DK03,forward,backup,1,True,Path found. [safe fallback attempted],3971.320343559643,3.971320343559643,304.6592383034783,68,94,0.5249428749084473,45.588235294117645,False,False,False,True,,50.0,45.588235294117645,23.62913720984767,1.36986301369863,True,50.0,29.289321881345586,True,35.35533905932738,,no_lock,0,59,0.0,0.6373340874852267,0.3626659125147733,0.2912621831734641,1.2330097465387713,output/thetastar_master_plan/route_nodes/DB01_to_DK03_forward_backup_01.csv
v15,DB01_to_DK03,forward_main_02,DB01,DK03,forward,main,2,True,Path found. [safe fallback attempted],4000.609665440988,4.000609665440988,310.5474346571864,69,524,1.0670361518859863,,,False,False,True,50.0,,,,,,,,True,0.0,,strict_lock,0,59,0.0,0.6240994671903586,0.3759005328096414,0.2994707840121114,1.2395766272096893,output/thetastar_master_plan/route_nodes/DB01_to_DK03_forward_main_02.csv
v15,DB01_to_DK03,forward_backup_02,DB01,DK03,forward,backup,2,True,Path found. [safe fallback attempted],4029.898987322333,4.029898987322333,316.3055692165995,70,79,0.27402353286743164,48.57142857142857,False,False,False,True,,50.0,48.57142857142857,35.35533905932706,0.0,True,50.0,29.28932188134513,True,50.0,,strict_lock,0,60,0.0,0.6096577316994635,0.3903422683005365,0.30724905343255,1.24579924274604,output/thetastar_master_plan/route_nodes/DB01_to_DK03_forward_backup_02.csv
v15,DB01_to_DK03,forward_main_03,DB01,DK03,forward,main,3,False,"Rank skipped: 3 candidate main(s) tried, none had a viable backup; no new distinct main exists under the lock/overlap limits.",,,,0,-1,,,,False,False,False,,,,,,,,,,,,,0,0,0.0,,,,,
v15,DB01_to_DK03,forward_backup_03,DB01,DK03,forward,backup,3,False,Rank skipped: no main+backup couple found.,,,,0,-1,,,,False,False,False,,,,,,,,,,,,,0,0,0.0,,,,,
v15,DB01_to_DK03,forward_main_04,DB01,DK03,forward,main,4,False,"Path found. Overlap with locked routes = 33/57 nodes (57.89%), exceeds limit 10.00%.",3824.8737341529168,3.824873734152917,273.73283958669697,63,1622,1.0720341205596924,,,False,False,False,0.0,,,,,,,,,,,soft_lock,33,57,57.89473684210526,0.5391666541386796,0.46083334586132035,0.22181967029437336,1.1774557362354987,output/thetastar_master_plan/route_nodes/DB01_to_DK03_forward_main_04.csv
v15,DB01_to_DK03,forward_backup_04,DB01,DK03,forward,backup,4,False,Skipped because forward_main_04 failed.,,,,0,-1,,,,False,False,False,,,,,,,,,,,,,0,0,0.0,,,,,
v15,DB01_to_DK03,backward_main_01,DK03,DB01,backward,main,1,True,Route forced through FLZ buffer via FLZ01.,5510.660171779822,5.510660171779822,360.7324594505607,105,1492,2.022608995437622,,,False,False,True,,,,,,,,,True,0.0,FLZ01,,2,94,2.127659574468085,0.6467925847775051,0.3532074152224949,,,output/thetastar_master_plan/route_nodes/DB01_to_DK03_backward_main_01.csv
v15,DB01_to_DK03,backward_backup_01,DK03,DB01,backward,backup,1,True,Backup forced through FLZ buffer via ring node NONE.,5834.92424049175,5.83492424049175,383.7717473338005,109,209,0.7954485416412354,46.788990825688074,False,False,False,True,,50.0,46.788990825688074,0.6814478109962266,2.262443438914027,True,50.0,324.2640687119283,True,35.35533905932738,NONE,soft_lock,1,96,1.0416666666666667,,,,,output/thetastar_master_plan/route_nodes/DB01_to_DK03_backward_backup_01.csv
v15,DB01_to_DK03,backward_main_02,DK03,DB01,backward,main,2,True,Path found. [safe fallback attempted],4012.741699796952,4.012741699796952,317.29200867898953,68,2405,3.317667245864868,,,False,False,True,0.0,,,,,,,,True,35.35533905932738,,strict_lock,0,59,0.0,0.5951131511249067,0.4048868488750934,0.31139767798178086,1.249118142385425,output/thetastar_master_plan/route_nodes/DB01_to_DK03_backward_main_02.csv
v15,DB01_to_DK03,backward_backup_02,DK03,DB01,backward,backup,2,True,Backup forced through FLZ buffer via ring node FLZ03.,4395.584412271572,4.395584412271572,351.78593769049564,74,264,1.1825358867645264,65.9837176615359,False,False,False,True,,150.0,65.9837176615359,2.0443066741172413,3.067484662576687,True,150.0,382.8427124746195,True,0.0,FLZ03,strict_lock,0,62,0.0,,,,,output/thetastar_master_plan/route_nodes/DB01_to_DK03_backward_backup_02.csv
v15,DB01_to_DK03,backward_main_03,DK03,DB01,backward,main,3,False,"Path found. Overlap with locked routes = 31/57 nodes (54.39%), exceeds limit 10.00%.",3824.8737341529168,3.824873734152917,273.73283958669697,63,2443,1.378032922744751,,,False,False,False,0.0,,,,,,,,,,,soft_lock,31,57,54.3859649122807,0.5395880111590879,0.4604119888409121,0.22159665952509225,1.1772773276200734,output/thetastar_master_plan/route_nodes/DB01_to_DK03_backward_main_03.csv
v15,DB01_to_DK03,backward_backup_03,DK03,DB01,backward,backup,3,False,Skipped because backward_main_03 failed.,,,,0,-1,,,,False,False,False,,,,,,,,,,,,,0,0,0.0,,,,,
v15,DB01_to_DK03,backward_main_04,DK03,DB01,backward,main,4,False,"Path found. Overlap with locked routes = 31/57 nodes (54.39%), exceeds limit 10.00%.",3824.8737341529168,3.824873734152917,273.73283958669697,63,2443,1.107475757598877,,,False,False,False,0.0,,,,,,,,,,,soft_lock,31,57,54.3859649122807,0.5395880111590879,0.4604119888409121,0.22159665952509225,1.1772773276200734,output/thetastar_master_plan/route_nodes/DB01_to_DK03_backward_main_04.csv
v15,DB01_to_DK03,backward_backup_04,DK03,DB01,backward,backup,4,False,Skipped because backward_main_04 failed.,,,,0,-1,,,,False,False,False,,,,,,,,,,,,,0,0,0.0,,,,,
v15,DB01_to_DK04,forward_main_01,DB01,DK04,forward,main,1,True,Route forced through FLZ buffer via FLZ04.,5019.8484809835,5.0198484809835,401.663197355511,84,2674,3.6751251220703125,,,False,False,True,,,,,,,,,True,0.0,FLZ04,,0,0,0.0,0.4434270614955513,0.5565729385044487,,,output/thetastar_master_plan/route_nodes/DB01_to_DK04_forward_main_01.csv
v15,DB01_to_DK04,forward_backup_01,DB01,DK04,forward,backup,1,True,Backup forced through FLZ buffer via ring node NONE.,5019.848480983501,5.019848480983501,405.59433782460997,84,197,1.043616771697998,46.42857142857143,False,False,False,True,,50.0,46.42857142857143,2.0293284253785395,2.6595744680851063,True,50.0,9.094947017729282e-13,True,50.0,NONE,no_lock,0,69,0.0,,,,,output/thetastar_master_plan/route_nodes/DB01_to_DK04_forward_backup_01.csv
v15,DB01_to_DK04,forward_main_02,DB01,DK04,forward,main,2,True,Path found. [safe fallback attempted],7358.326112068524,7.358326112068524,576.0355155869504,120,5548,6.667638778686523,,,False,True,True,0.0,,,,,,,,True,0.0,,strict_lock,0,108,0.0,0.4814408653653704,0.5185591346346295,0.16459813274733695,1.1316785061978694,output/thetastar_master_plan/route_nodes/DB01_to_DK04_forward_main_02.csv
v15,DB01_to_DK04,forward_backup_02,DB01,DK04,forward,backup,2,True,Path found. [safe fallback attempted],7529.036790187178,7.5290367901871775,586.2215601456556,123,304,0.8161613941192627,48.78048780487805,False,False,True,True,,50.0,48.78048780487805,35.355339059327214,0.0,True,50.0,170.71067811865396,True,50.0,,strict_lock,0,112,0.0,0.4829398765010931,0.5170601234989068,0.15892882161718785,1.1271430572937502,output/thetastar_master_plan/route_nodes/DB01_to_DK04_forward_backup_02.csv
v15,DB01_to_DK04,forward_main_03,DB01,DK04,forward,main,3,False,"Rank skipped: 1 candidate main(s) tried, none had a viable backup; no new distinct main exists under the lock/overlap limits.",,,,0,-1,,,,False,False,False,,,,,,,,,,,,,0,0,0.0,,,,,
v15,DB01_to_DK04,forward_backup_03,DB01,DK04,forward,backup,3,False,Rank skipped: no main+backup couple found.,,,,0,-1,,,,False,False,False,,,,,,,,,,,,,0,0,0.0,,,,,
v15,DB01_to_DK04,forward_main_04,DB01,DK04,forward,main,4,False,"Path found. [safe fallback attempted] Overlap with locked routes = 16/16 nodes (100.00%), exceeds limit 10.00%.",1298.5281374238575,1.2985281374238575,109.10291228185092,22,244,0.5797731876373291,,,False,False,True,0.0,,,,,,,,,,,soft_lock,16,16,100.0,0.029951327025618316,0.9700486729743818,2.932365452531074e-06,1.000002345892362,output/thetastar_master_plan/route_nodes/DB01_to_DK04_forward_main_04.csv
v15,DB01_to_DK04,forward_backup_04,DB01,DK04,forward,backup,4,False,Skipped because forward_main_04 failed.,,,,0,-1,,,,False,False,False,,,,,,,,,,,,,0,0,0.0,,,,,
v15,DB01_to_DK04,backward_main_01,DK04,DB01,backward,main,1,True,Route forced through FLZ buffer via FLZ03.,6663.351365237941,6.663351365237941,567.0877240336455,109,3343,2.7541391849517822,,,False,False,True,,,,,,,,,True,0.0,FLZ03,,8,98,8.16326530612245,0.41674299552022226,0.5832570044797778,,,output/thetastar_master_plan/route_nodes/DB01_to_DK04_backward_main_01.csv
v15,DB01_to_DK04,backward_backup_01,DK04,DB01,backward,backup,1,True,Backup forced through FLZ buffer via ring node NONE.,6704.772721475249,6.7047727214752495,572.9459488744586,109,257,0.7203598022460938,48.1651376146789,False,False,False,True,,50.0,48.1651376146789,12.419232787087958,1.171875,True,50.0,41.42135623730883,True,50.0,NONE,soft_lock,1,101,0.9900990099009901,,,,,output/thetastar_master_plan/route_nodes/DB01_to_DK04_backward_backup_01.csv
v15,DB01_to_DK04,backward_main_02,DK04,DB01,backward,main,2,False,"Rank skipped: 2 candidate main(s) tried, none had a viable backup; no new distinct main exists under the lock/overlap limits.",,,,0,-1,,,,False,False,False,,,,,,,,,,,,,0,0,0.0,,,,,
v15,DB01_to_DK04,backward_backup_02,DK04,DB01,backward,backup,2,False,Rank skipped: no main+backup couple found.,,,,0,-1,,,,False,False,False,,,,,,,,,,,,,0,0,0.0,,,,,
v15,DB01_to_DK04,backward_main_03,DK04,DB01,backward,main,3,False,"Path found. [safe fallback attempted] Overlap with locked routes = 16/16 nodes (100.00%), exceeds limit 10.00%.",1298.5281374238575,1.2985281374238575,109.10291228185093,22,331,0.6063318252563477,,,False,False,True,0.0,,,,,,,,,,,soft_lock,16,16,100.0,0.029951327025618302,0.9700486729743816,2.932365452531074e-06,1.000002345892362,output/thetastar_master_plan/route_nodes/DB01_to_DK04_backward_main_03.csv
v15,DB01_to_DK04,backward_backup_03,DK04,DB01,backward,backup,3,False,Skipped because backward_main_03 failed.,,,,0,-1,,,,False,False,False,,,,,,,,,,,,,0,0,0.0,,,,,
v15,DB01_to_DK04,backward_main_04,DK04,DB01,backward,main,4,False,"Path found. [safe fallback attempted] Overlap with locked routes = 16/16 nodes (100.00%), exceeds limit 10.00%.",1298.5281374238575,1.2985281374238575,109.10291228185093,22,331,0.6105501651763916,,,False,False,True,0.0,,,,,,,,,,,soft_lock,16,16,100.0,0.029951327025618302,0.9700486729743816,2.932365452531074e-06,1.000002345892362,output/thetastar_master_plan/route_nodes/DB01_to_DK04_backward_main_04.csv
v15,DB01_to_DK04,backward_backup_04,DK04,DB01,backward,backup,4,False,Skipped because backward_main_04 failed.,,,,0,-1,,,,False,False,False,,,,,,,,,,,,,0,0,0.0,,,,,
v15,DB01_to_DK05,forward_main_01,DB01,DK05,forward,main,1,True,Route forced through FLZ buffer via FLZ03.,4821.320343559642,4.821320343559642,416.04087952377165,85,2571,3.786874294281006,,,False,False,True,,,,,,,,,True,0.0,FLZ03,,0,0,0.0,0.5892292704179123,0.4107707295820877,,,output/thetastar_master_plan/route_nodes/DB01_to_DK05_forward_main_01.csv
v15,DB01_to_DK05,forward_backup_01,DB01,DK05,forward,backup,1,True,Path found. [safe fallback attempted],4850.6096654409885,4.850609665440988,423.3395081905646,86,140,0.6220643520355225,46.51162790697674,False,False,False,True,,50.0,46.51162790697674,6.132340034532529,1.6483516483516483,True,50.0,29.28932188134604,True,35.35533905932738,,no_lock,0,76,0.0,0.5806262576037893,0.4193737423962107,0.4517930978989815,1.3614344783191852,output/thetastar_master_plan/route_nodes/DB01_to_DK05_forward_backup_01.csv
v15,DB01_to_DK05,forward_main_02,DB01,DK05,forward,main,2,True,Path found. [safe fallback attempted],4879.898987322333,4.879898987322333,429.5010373428553,87,1969,2.8027477264404297,,,False,False,True,0.0,,,,,,,,True,0.0,,strict_lock,0,76,0.0,0.5480587029233992,0.45194129707660086,0.4484486677133404,1.3587589341706723,output/thetastar_master_plan/route_nodes/DB01_to_DK05_forward_main_02.csv
v15,DB01_to_DK05,forward_backup_02,DB01,DK05,forward,backup,2,True,Path found. [safe fallback attempted],5092.031021678297,5.092031021678297,448.33618129609863,90,246,0.7399187088012695,49.11900753465172,False,False,False,True,,100.0,49.11900753465172,8.50679400142838,1.0471204188481675,True,70.71067811865476,212.1320343559646,True,35.35533905932738,,strict_lock,0,79,0.0,0.5448218952565873,0.4551781047434127,0.4444726753350992,1.3555781402680795,output/thetastar_master_plan/route_nodes/DB01_to_DK05_forward_backup_02.csv
v15,DB01_to_DK05,forward_main_03,DB01,DK05,forward,main,3,True,Path found. [safe fallback attempted],5062.741699796952,5.062741699796952,447.402136373221,89,1506,1.716803789138794,,,False,False,True,0.0,,,,,,,,True,70.71067811865476,,strict_lock,0,79,0.0,0.5203111075382513,0.4796888924617486,0.4337525896088012,1.3470020716870408,output/thetastar_master_plan/route_nodes/DB01_to_DK05_forward_main_03.csv
v15,DB01_to_DK05,forward_backup_03,DB01,DK05,forward,backup,3,True,Path found. [safe fallback attempted],5345.584412271572,5.345584412271571,470.1058398959042,93,186,0.6489911079406738,47.35003645799219,False,False,False,True,,100.0,47.35003645799219,2.086199109377965,2.487562189054726,True,70.71067811865476,282.8427124746195,True,35.35533905932738,,strict_lock,0,83,0.0,0.5208331067557931,0.47916689324420686,0.42192847054688937,1.3375427764375116,output/thetastar_master_plan/route_nodes/DB01_to_DK05_forward_backup_03.csv
v15,DB01_to_DK05,forward_main_04,DB01,DK05,forward,main,4,False,"Rank skipped: 1 candidate main(s) tried, none had a viable backup; no new distinct main exists under the lock/overlap limits.",,,,0,-1,,,,False,False,False,,,,,,,,,,,,,0,0,0.0,,,,,
v15,DB01_to_DK05,forward_backup_04,DB01,DK05,forward,backup,4,False,Rank skipped: no main+backup couple found.,,,,0,-1,,,,False,False,False,,,,,,,,,,,,,0,0,0.0,,,,,
v15,DB01_to_DK05,backward_main_01,DK05,DB01,backward,main,1,True,Route forced through FLZ buffer via FLZ01.,6835.533905932738,6.835533905932738,507.71206610618447,117,2360,2.74869441986084,,,False,False,True,,,,,,,,,True,0.0,FLZ01,,3,107,2.803738317757009,0.5562790325116783,0.44372096748832174,,,output/thetastar_master_plan/route_nodes/DB01_to_DK05_backward_main_01.csv
v15,DB01_to_DK05,backward_backup_01,DK05,DB01,backward,backup,1,True,Backup forced through FLZ buffer via ring node NONE.,7330.508652763321,7.330508652763321,542.6812086398946,124,234,0.924065113067627,47.983870967741936,False,False,False,True,,50.0,47.983870967741936,0.5037240188325612,3.202846975088968,True,50.0,494.9747468305832,True,35.35533905932738,NONE,soft_lock,7,112,6.25,,,,,output/thetastar_master_plan/route_nodes/DB01_to_DK05_backward_backup_01.csv
v15,DB01_to_DK05,backward_main_02,DK05,DB01,backward,main,2,False,"Rank skipped: 1 candidate main(s) tried, none had a viable backup; no new distinct main exists under the lock/overlap limits.",,,,0,-1,,,,False,False,False,,,,,,,,,,,,,0,0,0.0,,,,,
v15,DB01_to_DK05,backward_backup_02,DK05,DB01,backward,backup,2,False,Rank skipped: no main+backup couple found.,,,,0,-1,,,,False,False,False,,,,,,,,,,,,,0,0,0.0,,,,,
v15,DB01_to_DK05,backward_main_03,DK05,DB01,backward,main,3,False,"Path found. [safe fallback attempted] Overlap with locked routes = 32/57 nodes (56.14%), exceeds limit 10.00%.",3679.8989873223336,3.679898987322334,316.66929577985377,63,1693,2.2777342796325684,,,False,False,True,0.0,,,,,,,,,,,soft_lock,32,57,56.14035087719298,0.2739820214263558,0.7260179785736443,0.16643399282603002,1.133147194260824,output/thetastar_master_plan/route_nodes/DB01_to_DK05_backward_main_03.csv
v15,DB01_to_DK05,backward_backup_03,DK05,DB01,backward,backup,3,False,Skipped because backward_main_03 failed.,,,,0,-1,,,,False,False,False,,,,,,,,,,,,,0,0,0.0,,,,,
v15,DB01_to_DK05,backward_main_04,DK05,DB01,backward,main,4,False,"Path found. [safe fallback attempted] Overlap with locked routes = 33/57 nodes (57.89%), exceeds limit 10.00%.",3679.8989873223336,3.679898987322334,316.66929577985377,63,1693,2.2776923179626465,,,False,False,True,0.0,,,,,,,,,,,soft_lock,33,57,57.89473684210526,0.2739820214263558,0.7260179785736443,0.16643399282603002,1.133147194260824,output/thetastar_master_plan/route_nodes/DB01_to_DK05_backward_main_04.csv
v15,DB01_to_DK05,backward_backup_04,DK05,DB01,backward,backup,4,False,Skipped because backward_main_04 failed.,,,,0,-1,,,,False,False,False,,,,,,,,,,,,,0,0,0.0,,,,,
v15,DB01_to_DK06,forward_main_01,DB01,DK06,forward,main,1,True,Route forced through FLZ buffer via FLZ03.,3788.477631085024,3.7884776310850237,292.9683383060171,66,1587,2.589840888977051,,,False,False,True,,,,,,,,,True,0.0,FLZ03,,0,0,0.0,0.6553730845441865,0.3446269154558134,,,output/thetastar_master_plan/route_nodes/DB01_to_DK06_forward_main_01.csv
v15,DB01_to_DK06,forward_backup_01,DB01,DK06,forward,backup,1,True,Path found. [safe fallback attempted],3717.766952966369,3.717766952966369,292.7521568920192,65,94,0.5244760513305664,44.61538461538461,False,False,False,True,,50.0,44.61538461538461,17.43738928642324,1.4705882352941178,True,50.0,-70.71067811865487,True,50.0,,no_lock,0,56,0.0,0.637792388093748,0.3622076119062519,0.33118840709706615,1.264950725677653,output/thetastar_master_plan/route_nodes/DB01_to_DK06_forward_backup_01.csv
v15,DB01_to_DK06,forward_main_02,DB01,DK06,forward,main,2,True,Path found. [safe fallback attempted],10006.85424949238,10.006854249492381,713.8425383872603,168,2563,2.9047791957855225,,,False,True,True,200.0,,,,,,,,True,35.35533905932738,,strict_lock,0,159,0.0,0.6205361328860807,0.37946386711391933,0.1405949759953748,1.1124759807962998,output/thetastar_master_plan/route_nodes/DB01_to_DK06_forward_main_02.csv
v15,DB01_to_DK06,forward_backup_02,DB01,DK06,forward,backup,2,True,Path found. [safe fallback attempted],9906.85424949238,9.90685424949238,709.9519291857068,166,433,1.0719521045684814,48.795180722891565,False,False,True,True,,50.0,48.795180722891565,6.72184668049118,1.8229166666666667,True,50.0,-100.0,True,70.71067811865476,,strict_lock,0,157,0.0,0.6243907493925537,0.3756092506074462,0.1486448075887303,1.1189158460709843,output/thetastar_master_plan/route_nodes/DB01_to_DK06_forward_backup_02.csv
v15,DB01_to_DK06,forward_main_03,DB01,DK06,forward,main,3,False,"Path found. [safe fallback attempted] Overlap with locked routes = 52/52 nodes (100.00%), exceeds limit 10.00%.",3222.792206135786,3.222792206135786,260.8896353895706,58,1766,2.4078588485717773,,,False,False,True,0.0,,,,,,,,,,,soft_lock,52,52,100.0,0.35447631318871475,0.6455236868112852,0.1431632112629975,1.1145305690103982,output/thetastar_master_plan/route_nodes/DB01_to_DK06_forward_main_03.csv
v15,DB01_to_DK06,forward_backup_03,DB01,DK06,forward,backup,3,False,Skipped because forward_main_03 failed.,,,,0,-1,,,,False,False,False,,,,,,,,,,,,,0,0,0.0,,,,,
v15,DB01_to_DK06,forward_main_04,DB01,DK06,forward,main,4,False,"Path found. [safe fallback attempted] Overlap with locked routes = 52/52 nodes (100.00%), exceeds limit 10.00%.",3222.792206135786,3.222792206135786,260.8896353895706,58,1766,2.164628744125366,,,False,False,True,0.0,,,,,,,,,,,soft_lock,52,52,100.0,0.35447631318871475,0.6455236868112852,0.1431632112629975,1.1145305690103982,output/thetastar_master_plan/route_nodes/DB01_to_DK06_forward_main_04.csv
v15,DB01_to_DK06,forward_backup_04,DB01,DK06,forward,backup,4,False,Skipped because forward_main_04 failed.,,,,0,-1,,,,False,False,False,,,,,,,,,,,,,0,0,0.0,,,,,
v15,DB01_to_DK06,backward_main_01,DK06,DB01,backward,main,1,True,Route forced through FLZ buffer via FLZ02.,9099.747468305834,9.099747468305834,607.5376070861541,154,4003,4.206620454788208,,,False,False,True,,,,,,,,,True,0.0,FLZ02,,11,117,9.401709401709402,0.7278320453092327,0.27216795469076727,,,output/thetastar_master_plan/route_nodes/DB01_to_DK06_backward_main_01.csv
v15,DB01_to_DK06,backward_backup_01,DK06,DB01,backward,backup,1,True,Path found. [safe fallback attempted],5542.031021678298,5.542031021678298,376.8582471252359,99,179,0.5469632148742676,46.464646464646464,False,False,True,True,,50.0,46.464646464646464,17.499991915821738,0.9569377990430622,True,50.0,-3557.7164466275353,True,35.35533905932738,,soft_lock,1,90,1.1111111111111112,0.6903691648118363,0.30963083518816353,0.11731067566140514,1.0938485405291238,output/thetastar_master_plan/route_nodes/DB01_to_DK06_backward_backup_01.csv
v15,DB01_to_DK06,backward_main_02,DK06,DB01,backward,main,2,True,Path found. [safe fallback attempted],8109.797974644666,8.109797974644666,572.5174686880348,140,5408,5.13282036781311,,,False,True,True,0.0,,,,,,,,True,35.35533905932738,,strict_lock,0,132,0.0,0.5798576530027171,0.420142346997283,0.09448809632644169,1.0755904770611533,output/thetastar_master_plan/route_nodes/DB01_to_DK06_backward_main_02.csv
v15,DB01_to_DK06,backward_backup_02,DK06,DB01,backward,backup,2,True,Path found. [safe fallback attempted],8492.640687119285,8.492640687119286,596.6973293521339,146,1025,1.6811585426330566,53.24294981148413,False,False,True,True,,200.0,53.24294981148413,35.35533905932706,0.0,True,158.11388300841898,382.84271247461857,True,70.71067811865476,,strict_lock,0,137,0.0,0.5838681223973944,0.41613187760260556,0.09172332095299975,1.0733786567623997,output/thetastar_master_plan/route_nodes/DB01_to_DK06_backward_backup_02.csv
v15,DB01_to_DK06,backward_main_03,DK06,DB01,backward,main,3,False,"Path found. [safe fallback attempted] Overlap with locked routes = 51/52 nodes (98.08%), exceeds limit 10.00%.",3222.792206135786,3.222792206135786,260.88963538957074,58,1723,1.8759198188781738,,,False,False,True,0.0,,,,,,,,,,,soft_lock,51,52,98.07692307692308,0.3544763131887147,0.6455236868112852,0.14316321126299747,1.114530569010398,output/thetastar_master_plan/route_nodes/DB01_to_DK06_backward_main_03.csv
v15,DB01_to_DK06,backward_backup_03,DK06,DB01,backward,backup,3,False,Skipped because backward_main_03 failed.,,,,0,-1,,,,False,False,False,,,,,,,,,,,,,0,0,0.0,,,,,
v15,DB01_to_DK06,backward_main_04,DK06,DB01,backward,main,4,False,"Path found. [safe fallback attempted] Overlap with locked routes = 51/52 nodes (98.08%), exceeds limit 10.00%.",3222.792206135786,3.222792206135786,260.88963538957074,58,1723,1.8532516956329346,,,False,False,True,0.0,,,,,,,,,,,soft_lock,51,52,98.07692307692308,0.3544763131887147,0.6455236868112852,0.14316321126299747,1.114530569010398,output/thetastar_master_plan/route_nodes/DB01_to_DK06_backward_main_04.csv
v15,DB01_to_DK06,backward_backup_04,DK06,DB01,backward,backup,4,False,Skipped because backward_main_04 failed.,,,,0,-1,,,,False,False,False,,,,,,,,,,,,,0,0,0.0,,,,,
v15,DB02_to_DK01,forward_main_01,DB02,DK01,forward,main,1,True,Route forced through FLZ buffer via FLZ01.,3287.005768508881,3.2870057685088807,193.38029918331586,51,293,0.8817005157470703,,,False,False,True,,,,,,,,,True,0.0,FLZ01,,0,0,0.0,0.8548763501976544,0.1451236498023457,,,output/thetastar_master_plan/route_nodes/DB02_to_DK01_forward_main_01.csv
v15,DB02_to_DK01,forward_backup_01,DB02,DK01,forward,backup,1,True,Path found. [safe fallback attempted],3316.295090390226,3.316295090390226,191.95474107499933,52,90,0.4033985137939453,46.15384615384615,False,False,False,True,,50.0,46.15384615384615,23.419723517398836,0.8333333333333334,True,50.0,29.28932188134513,True,50.0,,no_lock,0,40,0.0,0.8529878756949179,0.14701212430508223,0.011400217145585664,1.0091201737164686,output/thetastar_master_plan/route_nodes/DB02_to_DK01_forward_backup_01.csv
v15,DB02_to_DK01,forward_main_02,DB02,DK01,forward,main,2,True,Path found. [safe fallback attempted],3433.452377915607,3.433452377915607,198.57406180314334,56,371,0.912736177444458,,,False,False,True,100.0,,,,,,,,True,0.0,,strict_lock,0,43,0.0,0.8527566070588473,0.14724339294115277,0.013080768624383014,1.0104646148995065,output/thetastar_master_plan/route_nodes/DB02_to_DK01_forward_main_02.csv
v15,DB02_to_DK01,forward_backup_02,DB02,DK01,forward,backup,2,True,Path found. [safe fallback attempted],3433.452377915607,3.433452377915607,198.70538920922948,56,108,0.5904254913330078,45.535714285714285,False,False,False,True,,50.0,45.535714285714285,17.084143801269168,0.8,True,50.0,0.0,True,50.0,,strict_lock,0,46,0.0,0.8506550875613891,0.14934491243861087,0.0141032137660897,1.0112825710128717,output/thetastar_master_plan/route_nodes/DB02_to_DK01_forward_backup_02.csv
v15,DB02_to_DK01,forward_main_03,DB02,DK01,forward,main,3,False,"Rank skipped: 10 candidate main(s) tried, none had a viable backup; no new distinct main exists under the lock/overlap limits.",,,,0,-1,,,,False,False,False,,,,,,,,,,,,,0,0,0.0,,,,,
v15,DB02_to_DK01,forward_backup_03,DB02,DK01,forward,backup,3,False,Rank skipped: no main+backup couple found.,,,,0,-1,,,,False,False,False,,,,,,,,,,,,,0,0,0.0,,,,,
v15,DB02_to_DK01,forward_main_04,DB02,DK01,forward,main,4,False,"Path found. Overlap with locked routes = 23/40 nodes (57.50%), exceeds limit 10.00%.",3140.559159102155,3.1405591591021547,196.02300285710476,46,812,0.7313625812530518,,,False,False,False,0.0,,,,,,,,,,,soft_lock,23,40,57.5,0.8291865047326196,0.17081349526738027,0.010988495854726036,1.0087907966837808,output/thetastar_master_plan/route_nodes/DB02_to_DK01_forward_main_04.csv
v15,DB02_to_DK01,forward_backup_04,DB02,DK01,forward,backup,4,False,Skipped because forward_main_04 failed.,,,,0,-1,,,,False,False,False,,,,,,,,,,,,,0,0,0.0,,,,,
v15,DB02_to_DK01,backward_main_01,DK01,DB02,backward,main,1,True,Route forced through FLZ buffer via FLZ03.,4040.559159102155,4.040559159102155,257.96225315399965,64,674,1.2551231384277344,,,False,False,True,,,,,,,,,True,0.0,FLZ03,,0,54,0.0,0.8031319004702784,0.19686809952972165,,,output/thetastar_master_plan/route_nodes/DB02_to_DK01_backward_main_01.csv
v15,DB02_to_DK01,backward_backup_01,DK01,DB02,backward,backup,1,True,Backup forced through FLZ buffer via ring node NONE.,4281.980515339464,4.2819805153394634,272.83947585982037,68,135,0.7762529850006104,46.3235294117647,False,False,False,True,,50.0,46.3235294117647,3.1386330907432463,3.7735849056603774,True,50.0,241.42135623730883,True,35.35533905932738,NONE,strict_lock,0,58,0.0,,,,,output/thetastar_master_plan/route_nodes/DB02_to_DK01_backward_backup_01.csv
v15,DB02_to_DK01,backward_main_02,DK01,DB02,backward,main,2,True,Path found. [safe fallback attempted],3757.7164466275353,3.7577164466275352,218.9385237544247,60,353,0.9381957054138184,,,False,False,True,50.0,,,,,,,,True,70.71067811865476,,strict_lock,0,49,0.0,0.8277162495722694,0.17228375042773048,0.014306439762691504,1.0114451518101533,output/thetastar_master_plan/route_nodes/DB02_to_DK01_backward_main_02.csv
v15,DB02_to_DK01,backward_backup_02,DK01,DB02,backward,backup,2,True,Path found. [safe fallback attempted],3574.8737341529168,3.574873734152917,207.6879032620457,58,88,0.5066189765930176,43.10344827586207,False,False,False,True,,50.0,43.10344827586207,11.063015052948247,3.076923076923077,True,50.0,-182.84271247461857,True,35.35533905932738,,strict_lock,0,47,0.0,0.8336214640749445,0.1663785359250554,0.013617033727076837,1.0108936269816615,output/thetastar_master_plan/route_nodes/DB02_to_DK01_backward_backup_02.csv
v15,DB02_to_DK01,backward_main_03,DK01,DB02,backward,main,3,False,"Path found. Overlap with locked routes = 18/40 nodes (45.00%), exceeds limit 10.00%.",3140.559159102155,3.1405591591021547,196.02300285710476,46,812,0.3930785655975342,,,False,False,False,0.0,,,,,,,,,,,soft_lock,18,40,45.0,0.8291865047326198,0.17081349526738027,0.010988495854726037,1.0087907966837808,output/thetastar_master_plan/route_nodes/DB02_to_DK01_backward_main_03.csv
v15,DB02_to_DK01,backward_backup_03,DK01,DB02,backward,backup,3,False,Skipped because backward_main_03 failed.,,,,0,-1,,,,False,False,False,,,,,,,,,,,,,0,0,0.0,,,,,
v15,DB02_to_DK01,backward_main_04,DK01,DB02,backward,main,4,False,"Path found. Overlap with locked routes = 18/40 nodes (45.00%), exceeds limit 10.00%.",3140.559159102155,3.1405591591021547,196.02300285710476,46,812,0.5932741165161133,,,False,False,False,0.0,,,,,,,,,,,soft_lock,18,40,45.0,0.8291865047326198,0.17081349526738027,0.010988495854726037,1.0087907966837808,output/thetastar_master_plan/route_nodes/DB02_to_DK01_backward_main_04.csv
v15,DB02_to_DK01,backward_backup_04,DK01,DB02,backward,backup,4,False,Skipped because backward_main_04 failed.,,,,0,-1,,,,False,False,False,,,,,,,,,,,,,0,0,0.0,,,,,
v15,DB02_to_DK02,forward_main_01,DB02,DK02,forward,main,1,True,Path found. [safe fallback attempted],5331.980515339465,5.331980515339464,378.5783270605431,89,3905,3.885911226272583,,,False,False,True,,,,,,,,,True,100.0,,,0,0,0.0,0.5138059315241186,0.4861940684758814,0.046815369640389876,1.037452295712312,output/thetastar_master_plan/route_nodes/DB02_to_DK02_forward_main_01.csv
v15,DB02_to_DK02,forward_backup_01,DB02,DK02,forward,backup,1,True,Backup forced through FLZ buffer via ring node NONE.,6556.244584051393,6.5562445840513925,452.8851000917771,111,189,0.8573637008666992,47.2972972972973,False,False,False,True,,50.0,47.2972972972973,0.5795664312032142,4.4,True,50.0,1224.2640687119283,True,50.0,NONE,no_lock,0,94,0.0,,,,,output/thetastar_master_plan/route_nodes/DB02_to_DK02_forward_backup_01.csv
v15,DB02_to_DK02,forward_main_02,DB02,DK02,forward,main,2,False,"Rank skipped: 3 candidate main(s) tried, none had a viable backup; no new distinct main exists under the lock/overlap limits.",,,,0,-1,,,,False,False,False,,,,,,,,,,,,,0,0,0.0,,,,,
v15,DB02_to_DK02,forward_backup_02,DB02,DK02,forward,backup,2,False,Rank skipped: no main+backup couple found.,,,,0,-1,,,,False,False,False,,,,,,,,,,,,,0,0,0.0,,,,,
v15,DB02_to_DK02,forward_main_03,DB02,DK02,forward,main,3,False,"Path found. [safe fallback attempted] Overlap with locked routes = 82/82 nodes (100.00%), exceeds limit 10.00%.",5331.980515339465,5.331980515339464,378.5783270605431,89,3905,4.137573957443237,,,False,False,True,0.0,,,,,,,,,,,soft_lock,82,82,100.0,0.5138059315241186,0.4861940684758814,0.046815369640389876,1.037452295712312,output/thetastar_master_plan/route_nodes/DB02_to_DK02_forward_main_03.csv
v15,DB02_to_DK02,forward_backup_03,DB02,DK02,forward,backup,3,False,Skipped because forward_main_03 failed.,,,,0,-1,,,,False,False,False,,,,,,,,,,,,,0,0,0.0,,,,,
v15,DB02_to_DK02,forward_main_04,DB02,DK02,forward,main,4,False,"Path found. [safe fallback attempted] Overlap with locked routes = 82/82 nodes (100.00%), exceeds limit 10.00%.",5331.980515339465,5.331980515339464,378.5783270605431,89,3905,3.8318252563476562,,,False,False,True,0.0,,,,,,,,,,,soft_lock,82,82,100.0,0.5138059315241186,0.4861940684758814,0.046815369640389876,1.037452295712312,output/thetastar_master_plan/route_nodes/DB02_to_DK02_forward_main_04.csv
v15,DB02_to_DK02,forward_backup_04,DB02,DK02,forward,backup,4,False,Skipped because forward_main_04 failed.,,,,0,-1,,,,False,False,False,,,,,,,,,,,,,0,0,0.0,,,,,
v15,DB02_to_DK02,backward_main_01,DK02,DB02,backward,main,1,True,Route forced through FLZ buffer via FLZ03.,5897.665940288703,5.897665940288703,491.9330304021627,97,1799,2.8172459602355957,,,False,False,True,,,,,,,,,True,0.0,FLZ03,,0,88,0.0,0.6401249974009261,0.35987500259907396,,,output/thetastar_master_plan/route_nodes/DB02_to_DK02_backward_main_01.csv
v15,DB02_to_DK02,backward_backup_01,DK02,DB02,backward,backup,1,True,Path found. [safe fallback attempted],6139.087296526011,6.139087296526012,511.7615649359011,101,172,0.6812469959259033,48.01980198019802,False,False,False,True,,50.0,48.01980198019802,2.353382878590542,2.1459227467811157,True,50.0,241.42135623730883,True,35.35533905932738,,strict_lock,0,93,0.0,0.6385714664042577,0.36142853359574234,0.3726029158586142,1.2980823326868913,output/thetastar_master_plan/route_nodes/DB02_to_DK02_backward_backup_01.csv
v15,DB02_to_DK02,backward_main_02,DK02,DB02,backward,main,2,True,Path found. [safe fallback attempted],6439.087296526012,6.439087296526012,538.4766407247092,107,1772,2.0092592239379883,,,False,False,True,0.0,,,,,,,,True,50.0,,strict_lock,0,96,0.0,0.6283104817636683,0.3716895182363317,0.37420130173548616,1.2993610413883891,output/thetastar_master_plan/route_nodes/DB02_to_DK02_backward_main_02.csv
v15,DB02_to_DK02,backward_backup_02,DK02,DB02,backward,backup,2,True,Path found. [safe fallback attempted],6921.930009000631,6.921930009000631,578.4890091575021,115,366,0.47553133964538574,77.3956561758485,False,False,False,True,,150.0,77.3956561758485,0.921027432145641,1.1363636363636365,True,141.4213562373095,482.84271247461857,True,0.0,,strict_lock,0,104,0.0,0.6191525564245355,0.3808474435754646,0.3577955179127585,1.286236414330207,output/thetastar_master_plan/route_nodes/DB02_to_DK02_backward_backup_02.csv
v15,DB02_to_DK02,backward_main_03,DK02,DB02,backward,main,3,False,"Rank skipped: 1 candidate main(s) tried, none had a viable backup; no new distinct main exists under the lock/overlap limits.",,,,0,-1,,,,False,False,False,,,,,,,,,,,,,0,0,0.0,,,,,
v15,DB02_to_DK02,backward_backup_03,DK02,DB02,backward,backup,3,False,Rank skipped: no main+backup couple found.,,,,0,-1,,,,False,False,False,,,,,,,,,,,,,0,0,0.0,,,,,
v15,DB02_to_DK02,backward_main_04,DK02,DB02,backward,main,4,False,"Path found. [safe fallback attempted] Overlap with locked routes = 75/82 nodes (91.46%), exceeds limit 10.00%.",5331.980515339465,5.331980515339464,378.65284300898264,89,858,1.3880383968353271,,,False,False,True,0.0,,,,,,,,,,,soft_lock,75,82,91.46341463414635,0.5055310688667483,0.4944689311332517,0.04656465524842382,1.0372517241987391,output/thetastar_master_plan/route_nodes/DB02_to_DK02_backward_main_04.csv
v15,DB02_to_DK02,backward_backup_04,DK02,DB02,backward,backup,4,False,Skipped because backward_main_04 failed.,,,,0,-1,,,,False,False,False,,,,,,,,,,,,,0,0,0.0,,,,,
v15,DB02_to_DK03,forward_main_01,DB02,DK03,forward,main,1,True,Route forced through FLZ buffer via FLZ01.,3872.792206135786,3.872792206135786,240.53055997238891,71,952,1.0872735977172852,,,False,False,True,,,,,,,,,True,0.0,FLZ01,,0,0,0.0,0.7390005280146132,0.2609994719853869,,,output/thetastar_master_plan/route_nodes/DB02_to_DK03_forward_main_01.csv
v15,DB02_to_DK03,forward_backup_01,DB02,DK03,forward,backup,1,True,Path found. [safe fallback attempted],3872.792206135786,3.872792206135786,238.51686437806237,71,146,0.3766016960144043,45.070422535211264,False,False,False,True,,50.0,45.070422535211264,17.607166161341866,1.408450704225352,True,50.0,0.0,True,50.0,,no_lock,0,61,0.0,0.7212596399783844,0.2787403600216155,0.02026153021611134,1.0162092241728893,output/thetastar_master_plan/route_nodes/DB02_to_DK03_forward_backup_01.csv
v15,DB02_to_DK03,forward_main_02,DB02,DK03,forward,main,2,True,Path found. [safe fallback attempted],4167.766952966369,4.167766952966369,253.48690167572565,74,515,1.0453803539276123,,,False,False,True,50.0,,,,,,,,True,0.0,,strict_lock,0,62,0.0,0.7971552718588454,0.2028447281411546,0.05116392250905482,1.040931138007244,output/thetastar_master_plan/route_nodes/DB02_to_DK03_forward_main_02.csv
v15,DB02_to_DK03,forward_backup_02,DB02,DK03,forward,backup,2,True,Path found. [safe fallback attempted],4238.477631085023,4.238477631085023,256.7582605224835,75,142,0.615447998046875,47.333333333333336,False,False,False,True,,50.0,47.333333333333336,0.05332800162365045,4.45859872611465,True,50.0,70.71067811865396,True,50.0,,strict_lock,0,63,0.0,0.7908651890836413,0.20913481091635866,0.04101118078519703,1.0328089446281579,output/thetastar_master_plan/route_nodes/DB02_to_DK03_forward_backup_02.csv
v15,DB02_to_DK03,forward_main_03,DB02,DK03,forward,main,3,False,"Path found. [safe fallback attempted] Overlap with locked routes = 55/59 nodes (93.22%), exceeds limit 10.00%.",3726.3455967290593,3.7263455967290593,229.07947749211493,66,1113,1.626758098602295,,,False,False,True,0.0,,,,,,,,,,,soft_lock,55,59,93.22033898305085,0.7201046007971754,0.2798953992028246,0.02799817754190136,1.0223985420335213,output/thetastar_master_plan/route_nodes/DB02_to_DK03_forward_main_03.csv
v15,DB02_to_DK03,forward_backup_03,DB02,DK03,forward,backup,3,False,Skipped because forward_main_03 failed.,,,,0,-1,,,,False,False,False,,,,,,,,,,,,,0,0,0.0,,,,,
v15,DB02_to_DK03,forward_main_04,DB02,DK03,forward,main,4,False,"Path found. [safe fallback attempted] Overlap with locked routes = 55/59 nodes (93.22%), exceeds limit 10.00%.",3726.3455967290593,3.7263455967290593,229.07947749211493,66,1113,1.665494680404663,,,False,False,True,0.0,,,,,,,,,,,soft_lock,55,59,93.22033898305085,0.7201046007971754,0.2798953992028246,0.02799817754190136,1.0223985420335213,output/thetastar_master_plan/route_nodes/DB02_to_DK03_forward_main_04.csv
v15,DB02_to_DK03,forward_backup_04,DB02,DK03,forward,backup,4,False,Skipped because forward_main_04 failed.,,,,0,-1,,,,False,False,False,,,,,,,,,,,,,0,0,0.0,,,,,
v15,DB02_to_DK03,backward_main_01,DK03,DB02,backward,main,1,True,Route forced through FLZ buffer via FLZ04.,4067.766952966369,4.067766952966369,246.8988146923109,72,434,1.290980577468872,,,False,False,True,,,,,,,,,True,0.0,FLZ04,,0,61,0.0,0.7742264071826417,0.2257735928173583,,,output/thetastar_master_plan/route_nodes/DB02_to_DK03_backward_main_01.csv
v15,DB02_to_DK03,backward_backup_01,DK03,DB02,backward,backup,1,True,Path found. [safe fallback attempted],4138.477631085023,4.138477631085023,251.00490593855528,73,90,0.5413835048675537,46.57534246575342,False,False,False,True,,50.0,46.57534246575342,7.260232310390958,2.6143790849673203,True,50.0,70.71067811865396,True,50.0,,strict_lock,0,62,0.0,0.7852712368785834,0.21472876312141656,0.041162781564490485,1.0329302252515924,output/thetastar_master_plan/route_nodes/DB02_to_DK03_backward_backup_01.csv
v15,DB02_to_DK03,backward_main_02,DK03,DB02,backward,main,2,False,"Rank skipped: 10 candidate main(s) tried, none had a viable backup; no new distinct main exists under the lock/overlap limits.",,,,0,-1,,,,False,False,False,,,,,,,,,,,,,0,0,0.0,,,,,
v15,DB02_to_DK03,backward_backup_02,DK03,DB02,backward,backup,2,False,Rank skipped: no main+backup couple found.,,,,0,-1,,,,False,False,False,,,,,,,,,,,,,0,0,0.0,,,,,
v15,DB02_to_DK03,backward_main_03,DK03,DB02,backward,main,3,False,"Path found. [safe fallback attempted] Overlap with locked routes = 54/59 nodes (91.53%), exceeds limit 10.00%.",3726.3455967290593,3.7263455967290593,231.1279156369588,66,802,1.038339614868164,,,False,False,True,0.0,,,,,,,,,,,soft_lock,54,59,91.52542372881356,0.6994453789190321,0.30055462108096775,0.027496196538277052,1.0219969572306216,output/thetastar_master_plan/route_nodes/DB02_to_DK03_backward_main_03.csv
v15,DB02_to_DK03,backward_backup_03,DK03,DB02,backward,backup,3,False,Skipped because backward_main_03 failed.,,,,0,-1,,,,False,False,False,,,,,,,,,,,,,0,0,0.0,,,,,
v15,DB02_to_DK03,backward_main_04,DK03,DB02,backward,main,4,False,"Path found. [safe fallback attempted] Overlap with locked routes = 54/59 nodes (91.53%), exceeds limit 10.00%.",3726.3455967290593,3.7263455967290593,231.1279156369588,66,802,1.0343940258026123,,,False,False,True,0.0,,,,,,,,,,,soft_lock,54,59,91.52542372881356,0.6994453789190321,0.30055462108096775,0.027496196538277052,1.0219969572306216,output/thetastar_master_plan/route_nodes/DB02_to_DK03_backward_main_04.csv
v15,DB02_to_DK03,backward_backup_04,DK03,DB02,backward,backup,4,False,Skipped because backward_main_04 failed.,,,,0,-1,,,,False,False,False,,,,,,,,,,,,,0,0,0.0,,,,,
v15,DB02_to_DK04,forward_main_01,DB02,DK04,forward,main,1,True,Route forced through FLZ buffer via FLZ01.,4633.452377915607,4.633452377915607,362.9864751113233,80,3164,3.4512155055999756,,,False,False,True,,,,,,,,,True,0.0,FLZ01,,0,0,0.0,0.540095778583499,0.459904221416501,,,output/thetastar_master_plan/route_nodes/DB02_to_DK04_forward_main_01.csv
v15,DB02_to_DK04,forward_backup_01,DB02,DK04,forward,backup,1,True,Path found. [safe fallback attempted],4592.031021678298,4.592031021678298,362.01637989673446,80,160,0.5202147960662842,46.875,False,False,False,True,,50.0,46.875,23.52931480398969,0.5847953216374269,True,50.0,-41.42135623730883,True,35.35533905932738,,no_lock,0,71,0.0,0.5319494304209373,0.4680505695790627,0.1632062645998434,1.1305650116798744,output/thetastar_master_plan/route_nodes/DB02_to_DK04_forward_backup_01.csv
v15,DB02_to_DK04,forward_main_02,DB02,DK04,forward,main,2,True,Path found. [safe fallback attempted],5723.401871576773,5.723401871576773,410.6698018858308,96,3229,2.35199236869812,,,False,False,True,0.0,,,,,,,,True,35.35533905932738,,strict_lock,0,86,0.0,0.4790268068559828,0.5209731931440172,0.0363951776173853,1.0291161420939083,output/thetastar_master_plan/route_nodes/DB02_to_DK04_forward_main_02.csv
v15,DB02_to_DK04,forward_backup_02,DB02,DK04,forward,backup,2,True,Path found. [safe fallback attempted],6047.665940288703,6.047665940288702,435.0700251674116,100,579,0.9248604774475098,58.85478802669208,False,False,True,True,,200.0,58.85478802669208,2.0949761663563793,3.493449781659389,True,200.0,324.2640687119292,True,70.71067811865476,,strict_lock,0,91,0.0,0.47666699108365584,0.5233330089163442,0.039613546923501684,1.0316908375388014,output/thetastar_master_plan/route_nodes/DB02_to_DK04_forward_backup_02.csv
v15,DB02_to_DK04,forward_main_03,DB02,DK04,forward,main,3,False,"Path found. [safe fallback attempted] Overlap with locked routes = 73/73 nodes (100.00%), exceeds limit 10.00%.",4633.452377915607,4.633452377915607,360.07156902692276,80,3305,3.2892775535583496,,,False,False,True,0.0,,,,,,,,,,,soft_lock,73,73,100.0,0.528581281389712,0.47141871861028795,0.1474009264671535,1.1179207411737226,output/thetastar_master_plan/route_nodes/DB02_to_DK04_forward_main_03.csv
v15,DB02_to_DK04,forward_backup_03,DB02,DK04,forward,backup,3,False,Skipped because forward_main_03 failed.,,,,0,-1,,,,False,False,False,,,,,,,,,,,,,0,0,0.0,,,,,
v15,DB02_to_DK04,forward_main_04,DB02,DK04,forward,main,4,False,"Path found. [safe fallback attempted] Overlap with locked routes = 73/73 nodes (100.00%), exceeds limit 10.00%.",4633.452377915607,4.633452377915607,360.07156902692276,80,3305,4.0798585414886475,,,False,False,True,0.0,,,,,,,,,,,soft_lock,73,73,100.0,0.528581281389712,0.47141871861028795,0.1474009264671535,1.1179207411737226,output/thetastar_master_plan/route_nodes/DB02_to_DK04_forward_main_04.csv
v15,DB02_to_DK04,forward_backup_04,DB02,DK04,forward,backup,4,False,Skipped because forward_main_04 failed.,,,,0,-1,,,,False,False,False,,,,,,,,,,,,,0,0,0.0,,,,,
v15,DB02_to_DK04,backward_main_01,DK04,DB02,backward,main,1,True,Route forced through FLZ buffer via FLZ03.,7186.1435713737255,7.186143571373726,555.4501499634731,112,2467,2.8164050579071045,,,False,False,True,,,,,,,,,True,0.0,FLZ03,,0,102,0.0,0.5074164877973438,0.49258351220265617,,,output/thetastar_master_plan/route_nodes/DB02_to_DK04_backward_main_01.csv
v15,DB02_to_DK04,backward_backup_01,DK04,DB02,backward,backup,1,True,Path found. [safe fallback attempted],7186.143571373726,7.1861435713737265,556.0413080530575,112,264,0.6382925510406494,47.32142857142857,False,False,True,True,,50.0,47.32142857142857,2.4021590887871076,1.4545454545454546,True,50.0,9.094947017729282e-13,True,50.0,,strict_lock,0,104,0.0,0.5157414221081833,0.4842585778918167,0.1872793449374044,1.1498234759499237,output/thetastar_master_plan/route_nodes/DB02_to_DK04_backward_backup_01.csv
v15,DB02_to_DK04,backward_main_02,DK04,DB02,backward,main,2,False,"Rank skipped: 2 candidate main(s) tried, none had a viable backup; no new distinct main exists under the lock/overlap limits.",,,,0,-1,,,,False,False,False,,,,,,,,,,,,,0,0,0.0,,,,,
v15,DB02_to_DK04,backward_backup_02,DK04,DB02,backward,backup,2,False,Rank skipped: no main+backup couple found.,,,,0,-1,,,,False,False,False,,,,,,,,,,,,,0,0,0.0,,,,,
v15,DB02_to_DK04,backward_main_03,DK04,DB02,backward,main,3,False,"Path found. [safe fallback attempted] Overlap with locked routes = 72/73 nodes (98.63%), exceeds limit 10.00%.",4592.031021678297,4.592031021678297,359.995393391416,80,1565,1.4809279441833496,,,False,False,True,0.0,,,,,,,,,,,soft_lock,72,73,98.63013698630137,0.5312579015743675,0.4687420984256326,0.15890833229770168,1.1271266658381613,output/thetastar_master_plan/route_nodes/DB02_to_DK04_backward_main_03.csv
v15,DB02_to_DK04,backward_backup_03,DK04,DB02,backward,backup,3,False,Skipped because backward_main_03 failed.,,,,0,-1,,,,False,False,False,,,,,,,,,,,,,0,0,0.0,,,,,
v15,DB02_to_DK04,backward_main_04,DK04,DB02,backward,main,4,False,"Path found. [safe fallback attempted] Overlap with locked routes = 72/73 nodes (98.63%), exceeds limit 10.00%.",4592.031021678297,4.592031021678297,359.995393391416,80,1565,1.722365140914917,,,False,False,True,0.0,,,,,,,,,,,soft_lock,72,73,98.63013698630137,0.5312579015743675,0.4687420984256326,0.15890833229770168,1.1271266658381613,output/thetastar_master_plan/route_nodes/DB02_to_DK04_backward_main_04.csv
v15,DB02_to_DK04,backward_backup_04,DK04,DB02,backward,backup,4,False,Skipped because backward_main_04 failed.,,,,0,-1,,,,False,False,False,,,,,,,,,,,,,0,0,0.0,,,,,
v15,DB02_to_DK05,forward_main_01,DB02,DK05,forward,main,1,True,Route forced through FLZ buffer via FLZ04.,5280.50865276332,5.28050865276332,387.9744429612119,83,2932,3.324477434158325,,,False,False,True,,,,,,,,,True,0.0,FLZ04,,0,0,0.0,0.6121043547878496,0.3878956452121504,,,output/thetastar_master_plan/route_nodes/DB02_to_DK05_forward_main_01.csv
v15,DB02_to_DK05,forward_backup_01,DB02,DK05,forward,backup,1,True,Path found. [safe fallback attempted],5380.508652763321,5.3805086527633215,397.1358927128886,85,141,0.502312183380127,47.05882352941177,False,False,False,True,,50.0,47.05882352941177,10.369368597889405,1.477832512315271,True,50.0,100.00000000000091,True,50.0,,no_lock,0,77,0.0,0.6095722419636955,0.39042775803630453,0.14995924236103636,1.1199673938888293,output/thetastar_master_plan/route_nodes/DB02_to_DK05_forward_backup_01.csv
v15,DB02_to_DK05,forward_main_02,DB02,DK05,forward,main,2,True,Path found. [safe fallback attempted],5707.716446627535,5.707716446627535,427.92600089533425,99,1674,2.318493366241455,,,False,False,True,100.0,,,,,,,,True,0.0,,strict_lock,0,78,0.0,0.7365927936638368,0.2634072063361634,0.2908191171302399,1.232655293704192,output/thetastar_master_plan/route_nodes/DB02_to_DK05_forward_main_02.csv
v15,DB02_to_DK05,forward_backup_02,DB02,DK05,forward,backup,2,True,Path found. [safe fallback attempted],5707.716446627535,5.707716446627535,426.4921101963116,99,202,0.6108734607696533,47.474747474747474,False,False,False,True,,50.0,47.474747474747474,10.172884007348458,1.3888888888888888,True,50.0,0.0,True,50.0,,strict_lock,0,86,0.0,0.7401117195208357,0.25988828047916446,0.29175082166774435,1.2334006573341956,output/thetastar_master_plan/route_nodes/DB02_to_DK05_forward_backup_02.csv
v15,DB02_to_DK05,forward_main_03,DB02,DK05,forward,main,3,False,"Rank skipped: 4 candidate main(s) tried, none had a viable backup; no new distinct main exists under the lock/overlap limits.",,,,0,-1,,,,False,False,False,,,,,,,,,,,,,0,0,0.0,,,,,
v15,DB02_to_DK05,forward_backup_03,DB02,DK05,forward,backup,3,False,Rank skipped: no main+backup couple found.,,,,0,-1,,,,False,False,False,,,,,,,,,,,,,0,0,0.0,,,,,
v15,DB02_to_DK05,forward_main_04,DB02,DK05,forward,main,4,False,"Path found. [safe fallback attempted] Overlap with locked routes = 55/66 nodes (83.33%), exceeds limit 10.00%.",4875.483399593904,4.875483399593905,378.62717096996613,72,4083,4.96574592590332,,,False,False,True,0.0,,,,,,,,,,,soft_lock,55,66,83.33333333333333,0.6660041441902322,0.33399585580976776,0.2692970109687792,1.2154376087750234,output/thetastar_master_plan/route_nodes/DB02_to_DK05_forward_main_04.csv
v15,DB02_to_DK05,forward_backup_04,DB02,DK05,forward,backup,4,False,Skipped because forward_main_04 failed.,,,,0,-1,,,,False,False,False,,,,,,,,,,,,,0,0,0.0,,,,,
v15,DB02_to_DK05,backward_main_01,DK05,DB02,backward,main,1,True,Route forced through FLZ buffer via FLZ03.,5344.112549695429,5.34411254969543,404.40330545359933,88,1369,1.8682422637939453,,,False,False,True,,,,,,,,,True,0.0,FLZ03,,0,79,0.0,0.6987516830354639,0.30124831696453613,,,output/thetastar_master_plan/route_nodes/DB02_to_DK05_backward_main_01.csv
v15,DB02_to_DK05,backward_backup_01,DK05,DB02,backward,backup,1,True,Path found. [safe fallback attempted],5514.823227814083,5.514823227814083,413.77504679333026,91,160,0.5062887668609619,47.252747252747255,False,False,False,True,,50.0,47.252747252747255,2.3753289546280545,2.4038461538461537,True,50.0,170.71067811865396,True,35.35533905932738,,strict_lock,0,82,0.0,0.7019135238578756,0.29808647614212425,0.2900132618820089,1.2320106095056071,output/thetastar_master_plan/route_nodes/DB02_to_DK05_backward_backup_01.csv
v15,DB02_to_DK05,backward_main_02,DK05,DB02,backward,main,2,True,Path found. [safe fallback attempted],5473.401871576773,5.473401871576773,412.64776845082855,91,1451,2.1344542503356934,,,False,False,True,0.0,,,,,,,,True,50.0,,strict_lock,0,80,0.0,0.6974153976743298,0.3025846023256701,0.3004989581667803,1.2403991665334242,output/thetastar_master_plan/route_nodes/DB02_to_DK05_backward_main_02.csv
v15,DB02_to_DK05,backward_backup_02,DK05,DB02,backward,backup,2,True,Path found. [safe fallback attempted],5373.401871576773,5.373401871576774,409.2594209228588,89,159,0.6590242385864258,46.62921348314607,False,False,False,True,,50.0,46.62921348314607,10.972339860093864,1.4851485148514851,True,50.0,-100.0,True,0.0,,soft_lock,7,78,8.974358974358974,0.7055857611562156,0.2944142388437843,0.3214580160127901,1.257166412810232,output/thetastar_master_plan/route_nodes/DB02_to_DK05_backward_backup_02.csv
v15,DB02_to_DK05,backward_main_03,DK05,DB02,backward,main,3,False,"Path found. [safe fallback attempted] Overlap with locked routes = 53/76 nodes (69.74%), exceeds limit 10.00%.",5197.665940288703,5.197665940288703,383.5436590388302,83,1657,1.8084135055541992,,,False,False,True,0.0,,,,,,,,,,,soft_lock,53,76,69.73684210526316,0.6014436755970862,0.3985563244029138,0.1438689596575184,1.1150951677260146,output/thetastar_master_plan/route_nodes/DB02_to_DK05_backward_main_03.csv
v15,DB02_to_DK05,backward_backup_03,DK05,DB02,backward,backup,3,False,Skipped because backward_main_03 failed.,,,,0,-1,,,,False,False,False,,,,,,,,,,,,,0,0,0.0,,,,,
v15,DB02_to_DK05,backward_main_04,DK05,DB02,backward,main,4,False,"Path found. [safe fallback attempted] Overlap with locked routes = 53/76 nodes (69.74%), exceeds limit 10.00%.",5197.665940288703,5.197665940288703,383.5436590388302,83,1657,2.096220016479492,,,False,False,True,0.0,,,,,,,,,,,soft_lock,53,76,69.73684210526316,0.6014436755970862,0.3985563244029138,0.1438689596575184,1.1150951677260146,output/thetastar_master_plan/route_nodes/DB02_to_DK05_backward_main_04.csv
v15,DB02_to_DK05,backward_backup_04,DK05,DB02,backward,backup,4,False,Skipped because backward_main_04 failed.,,,,0,-1,,,,False,False,False,,,,,,,,,,,,,0,0,0.0,,,,,
v15,DB02_to_DK06,forward_main_01,DB02,DK06,forward,main,1,True,Route forced through FLZ buffer via FLZ01.,4457.716446627535,4.457716446627535,289.2926063048309,74,2022,2.4475579261779785,,,False,False,True,,,,,,,,,True,0.0,FLZ01,,0,0,0.0,0.8464037876239894,0.15359621237601065,,,output/thetastar_master_plan/route_nodes/DB02_to_DK06_forward_main_01.csv
v15,DB02_to_DK06,forward_backup_01,DB02,DK06,forward,backup,1,True,Path found. [safe fallback attempted],4457.716446627535,4.457716446627535,288.1994158113226,74,154,0.5109267234802246,45.270270270270274,False,False,False,True,,50.0,45.270270270270274,17.199740900901816,1.2048192771084338,True,50.0,0.0,True,35.35533905932738,,no_lock,0,59,0.0,0.8518810565185001,0.14811894348149993,0.1493766200715543,1.1195012960572435,output/thetastar_master_plan/route_nodes/DB02_to_DK06_forward_backup_01.csv
v15,DB02_to_DK06,forward_main_02,DB02,DK06,forward,main,2,True,Path found. [safe fallback attempted],4452.6911934581185,4.452691193458119,284.0324536235303,71,606,0.9326786994934082,,,False,False,True,50.0,,,,,,,,True,70.71067811865476,,strict_lock,0,62,0.0,0.8068978109906046,0.19310218900939533,0.11713477327038023,1.0937078186163043,output/thetastar_master_plan/route_nodes/DB02_to_DK06_forward_main_02.csv
v15,DB02_to_DK06,forward_backup_02,DB02,DK06,forward,backup,2,True,Path found. [safe fallback attempted],4381.980515339464,4.381980515339464,280.95453427262396,70,138,0.4900650978088379,47.142857142857146,False,False,False,True,,50.0,47.142857142857146,35.355339059326894,0.0,True,50.0,-70.71067811865487,True,35.35533905932738,,strict_lock,0,62,0.0,0.8199263204983738,0.18007367950162612,0.1315199144147853,1.1052159315318282,output/thetastar_master_plan/route_nodes/DB02_to_DK06_forward_backup_02.csv
v15,DB02_to_DK06,forward_main_03,DB02,DK06,forward,main,3,True,Path found. [safe fallback attempted],4687.005768508881,4.6870057685088815,326.08650511844985,79,1892,1.5630114078521729,,,False,False,True,0.0,,,,,,,,True,70.71067811865476,,strict_lock,0,70,0.0,0.8129390954612139,0.1870609045387861,0.2564520171629642,1.2051616137303713,output/thetastar_master_plan/route_nodes/DB02_to_DK06_forward_main_03.csv
v15,DB02_to_DK06,forward_backup_03,DB02,DK06,forward,backup,3,True,Backup forced through FLZ buffer via ring node FLZ01.,4887.005768508881,4.887005768508882,343.5351935984092,83,204,1.0310614109039307,49.190876053911076,False,False,False,True,,100.0,49.190876053911076,8.96976316517548,2.73224043715847,True,100.0,200.0,True,0.0,FLZ01,strict_lock,0,73,0.0,,,,,output/thetastar_master_plan/route_nodes/DB02_to_DK06_forward_backup_03.csv
v15,DB02_to_DK06,forward_main_04,DB02,DK06,forward,main,4,False,"Path found. Overlap with locked routes = 41/55 nodes (74.55%), exceeds limit 10.00%.",4076.9552621700477,4.076955262170047,263.47246171234826,61,1373,0.9776356220245361,,,False,False,False,0.0,,,,,,,,,,,soft_lock,41,55,74.54545454545455,0.8244542380781628,0.17554576192183727,0.25801325507958833,1.2064106040636704,output/thetastar_master_plan/route_nodes/DB02_to_DK06_forward_main_04.csv
v15,DB02_to_DK06,forward_backup_04,DB02,DK06,forward,backup,4,False,Skipped because forward_main_04 failed.,,,,0,-1,,,,False,False,False,,,,,,,,,,,,,0,0,0.0,,,,,
v15,DB02_to_DK06,backward_main_01,DK06,DB02,backward,main,1,True,Route forced through FLZ buffer via FLZ04.,4428.42712474619,4.42842712474619,288.50063129512273,73,1005,1.9401779174804688,,,False,False,True,,,,,,,,,True,0.0,FLZ04,,3,58,5.172413793103448,0.8518652083708479,0.14813479162915202,,,output/thetastar_master_plan/route_nodes/DB02_to_DK06_backward_main_01.csv
v15,DB02_to_DK06,backward_backup_01,DK06,DB02,backward,backup,1,True,Path found. [safe fallback attempted],4569.8484809835,4.5698484809835,295.39646499802774,75,120,0.5832850933074951,45.333333333333336,False,False,False,True,,50.0,45.333333333333336,1.5957285864545923,4.117647058823529,True,50.0,141.42135623730974,True,35.35533905932738,,strict_lock,0,59,0.0,0.8510429055843893,0.14895709441561064,0.1520249845860001,1.1216199876688,output/thetastar_master_plan/route_nodes/DB02_to_DK06_backward_backup_01.csv
v15,DB02_to_DK06,backward_main_02,DK06,DB02,backward,main,2,True,Path found. [safe fallback attempted],4440.559159102155,4.440559159102155,284.37857088496327,72,788,1.3884861469268799,,,False,False,True,0.0,,,,,,,,True,100.0,,strict_lock,0,64,0.0,0.789148465391853,0.21085153460814698,0.11715581543407755,1.093724652347262,output/thetastar_master_plan/route_nodes/DB02_to_DK06_backward_main_02.csv
v15,DB02_to_DK06,backward_backup_02,DK06,DB02,backward,backup,2,True,Backup forced through FLZ buffer via ring node FLZ03.,4876.955262170048,4.876955262170048,311.2814392086767,77,162,1.006190538406372,56.96618315672588,False,False,False,True,,100.0,56.96618315672588,2.5997216477070153,3.8251366120218577,True,100.0,436.3961030678929,True,0.0,FLZ03,strict_lock,0,67,0.0,,,,,output/thetastar_master_plan/route_nodes/DB02_to_DK06_backward_backup_02.csv
v15,DB02_to_DK06,backward_main_03,DK06,DB02,backward,main,3,False,"Rank skipped: 6 candidate main(s) tried, none had a viable backup; no new distinct main exists under the lock/overlap limits.",,,,0,-1,,,,False,False,False,,,,,,,,,,,,,0,0,0.0,,,,,
v15,DB02_to_DK06,backward_backup_03,DK06,DB02,backward,backup,3,False,Rank skipped: no main+backup couple found.,,,,0,-1,,,,False,False,False,,,,,,,,,,,,,0,0,0.0,,,,,
v15,DB02_to_DK06,backward_main_04,DK06,DB02,backward,main,4,False,"Path found. Overlap with locked routes = 36/55 nodes (65.45%), exceeds limit 10.00%.",4076.9552621700477,4.076955262170047,263.47246171234826,61,1313,0.7571249008178711,,,False,False,False,0.0,,,,,,,,,,,soft_lock,36,55,65.45454545454545,0.8244542380781626,0.1755457619218373,0.2580132550795884,1.2064106040636706,output/thetastar_master_plan/route_nodes/DB02_to_DK06_backward_main_04.csv
v15,DB02_to_DK06,backward_backup_04,DK06,DB02,backward,backup,4,False,Skipped because backward_main_04 failed.,,,,0,-1,,,,False,False,False,,,,,,,,,,,,,0,0,0.0,,,,,
v15,DK01_to_DK02,forward_main_01,DK01,DK02,forward,main,1,True,Route forced through FLZ buffer via FLZ03.,2964.2135623730956,2.9642135623730956,304.08166744764566,52,2155,2.5177009105682373,,,False,False,True,,,,,,,,,True,0.0,FLZ03,,0,0,0.0,0.5470958242033025,0.4529041757966975,,,output/thetastar_master_plan/route_nodes/DK01_to_DK02_forward_main_01.csv
v15,DK01_to_DK02,forward_backup_01,DK01,DK02,forward,backup,1,True,Path found. [safe fallback attempted],3064.2135623730956,3.0642135623730957,317.05055545531224,54,94,0.42076706886291504,45.370370370370374,False,False,False,True,,50.0,45.370370370370374,4.784972324437254,3.6363636363636362,True,50.0,100.0,True,35.35533905932738,,no_lock,0,45,0.0,0.5412801862603006,0.45871981373969944,0.6321465232138371,1.5057172185710697,output/thetastar_master_plan/route_nodes/DK01_to_DK02_forward_backup_01.csv
v15,DK01_to_DK02,forward_main_02,DK01,DK02,forward,main,2,True,Path found. [safe fallback attempted],3264.213562373095,3.264213562373095,338.7664407573961,58,2381,2.482628345489502,,,False,False,True,100.0,,,,,,,,True,70.71067811865476,,strict_lock,0,47,0.0,0.4900052848473121,0.5099947151526879,0.6166855106922166,1.4933484085537732,output/thetastar_master_plan/route_nodes/DK01_to_DK02_forward_main_02.csv
v15,DK01_to_DK02,forward_backup_02,DK01,DK02,forward,backup,2,True,Path found. [safe fallback attempted],3305.634918610405,3.305634918610405,337.54332056919793,58,118,0.464184045791626,45.689655172413794,False,False,False,True,,50.0,45.689655172413794,10.134955708381536,2.5,True,50.0,41.42135623730974,True,35.35533905932738,,strict_lock,0,49,0.0,0.5175826359750683,0.4824173640249316,0.6151184580620284,1.492094766449623,output/thetastar_master_plan/route_nodes/DK01_to_DK02_forward_backup_02.csv
v15,DK01_to_DK02,forward_main_03,DK01,DK02,forward,main,3,True,Path found. [safe fallback attempted],3547.056274847714,3.547056274847714,356.4849567498639,62,2725,3.0573089122772217,,,False,False,True,0.0,,,,,,,,True,100.0,,strict_lock,0,55,0.0,0.49263451014850085,0.5073654898514991,0.5553455225687722,1.444276418055018,output/thetastar_master_plan/route_nodes/DK01_to_DK02_forward_main_03.csv
v15,DK01_to_DK02,forward_backup_03,DK01,DK02,forward,backup,3,True,Backup forced through FLZ buffer via ring node FLZ03.,4454.163056034262,4.454163056034262,427.9629078286012,76,200,0.8411142826080322,57.64096814390167,False,False,False,True,,150.0,57.64096814390167,5.231434303350454,2.4096385542168677,True,111.80339887498948,907.1067811865478,True,0.0,FLZ03,strict_lock,0,64,0.0,,,,,output/thetastar_master_plan/route_nodes/DK01_to_DK02_forward_backup_03.csv
v15,DK01_to_DK02,forward_main_04,DK01,DK02,forward,main,4,False,"Rank skipped: 1 candidate main(s) tried, none had a viable backup; no new distinct main exists under the lock/overlap limits.",,,,0,-1,,,,False,False,False,,,,,,,,,,,,,0,0,0.0,,,,,
v15,DK01_to_DK02,forward_backup_04,DK01,DK02,forward,backup,4,False,Rank skipped: no main+backup couple found.,,,,0,-1,,,,False,False,False,,,,,,,,,,,,,0,0,0.0,,,,,
v15,DK01_to_DK02,backward_main_01,DK02,DK01,backward,main,1,True,Route forced through FLZ buffer via FLZ04.,5161.26983722081,5.16126983722081,375.3407933333583,86,755,1.6431686878204346,,,False,False,True,,,,,,,,,True,0.0,FLZ04,,0,77,0.0,0.47043061386597396,0.529569386134026,,,output/thetastar_master_plan/route_nodes/DK01_to_DK02_backward_main_01.csv
v15,DK01_to_DK02,backward_backup_01,DK02,DK01,backward,backup,1,True,Path found. [safe fallback attempted],5514.823227814083,5.514823227814083,396.0196435748464,91,144,0.6105251312255859,47.8021978021978,False,False,False,True,,50.0,47.8021978021978,1.0373696137982138,3.8461538461538463,True,50.0,353.55339059327343,True,35.35533905932738,,strict_lock,0,80,0.0,0.47805152707239934,0.5219484729276006,0.0418540414986043,1.0334832331988835,output/thetastar_master_plan/route_nodes/DK01_to_DK02_backward_backup_01.csv
v15,DK01_to_DK02,backward_main_02,DK02,DK01,backward,main,2,True,Path found. [safe fallback attempted],3093.5028842544407,3.0935028842544408,323.22679740751687,55,592,1.0913875102996826,,,False,False,True,0.0,,,,,,,,True,50.0,,strict_lock,0,45,0.0,0.49631045230406,0.5036895476959399,0.6321069840962614,1.5056855872770092,output/thetastar_master_plan/route_nodes/DK01_to_DK02_backward_main_02.csv
v15,DK01_to_DK02,backward_backup_02,DK02,DK01,backward,backup,2,True,Path found. [safe fallback attempted],3476.3455967290597,3.4763455967290597,352.76422767767224,61,175,0.6321206092834473,89.61038509332421,False,False,False,True,,150.0,89.61038509332421,39.56143735975818,0.0,True,111.80339887498948,382.842712474619,True,50.0,,strict_lock,0,52,0.0,0.48889235150391097,0.511107648496089,0.5649399888804761,1.4519519911043806,output/thetastar_master_plan/route_nodes/DK01_to_DK02_backward_backup_02.csv
v15,DK01_to_DK02,backward_main_03,DK02,DK01,backward,main,3,False,"Rank skipped: 2 candidate main(s) tried, none had a viable backup; no new distinct main exists under the lock/overlap limits.",,,,0,-1,,,,False,False,False,,,,,,,,,,,,,0,0,0.0,,,,,
v15,DK01_to_DK02,backward_backup_03,DK02,DK01,backward,backup,3,False,Rank skipped: no main+backup couple found.,,,,0,-1,,,,False,False,False,,,,,,,,,,,,,0,0,0.0,,,,,
v15,DK01_to_DK02,backward_main_04,DK02,DK01,backward,main,4,False,"Path found. [safe fallback attempted] Overlap with locked routes = 40/40 nodes (100.00%), exceeds limit 10.00%.",2788.477631085024,2.7884776310850237,228.4971465740138,46,622,1.1036555767059326,,,False,False,True,0.0,,,,,,,,,,,soft_lock,40,40,100.0,0.21753192265920135,0.7824680773407988,0.07788273305759194,1.0623061864460737,output/thetastar_master_plan/route_nodes/DK01_to_DK02_backward_main_04.csv
v15,DK01_to_DK02,backward_backup_04,DK02,DK01,backward,backup,4,False,Skipped because backward_main_04 failed.,,,,0,-1,,,,False,False,False,,,,,,,,,,,,,0,0,0.0,,,,,
v15,DK01_to_DK03,forward_main_01,DK01,DK03,forward,main,1,True,Route forced through FLZ buffer via FLZ03.,1531.370849898476,1.5313708498984762,99.03141142765517,25,131,0.7228758335113525,,,False,False,True,,,,,,,,,True,0.0,FLZ03,,0,0,0.0,0.8503163191166553,0.14968368088334472,,,output/thetastar_master_plan/route_nodes/DK01_to_DK03_forward_main_01.csv
v15,DK01_to_DK03,forward_backup_01,DK01,DK03,forward,backup,1,True,Path found. [safe fallback attempted],1560.6601717798212,1.5606601717798212,96.9473003174049,26,44,0.3574256896972656,38.46153846153846,False,False,False,True,,50.0,38.46153846153846,22.61704339925247,4.0,True,50.0,29.28932188134513,True,50.0,,no_lock,0,18,0.0,0.8453056037197579,0.15469439628024187,0.10177576028869527,1.081420608230956,output/thetastar_master_plan/route_nodes/DK01_to_DK03_forward_backup_01.csv
v15,DK01_to_DK03,forward_main_02,DK01,DK03,forward,main,2,True,Route forced through FLZ buffer via FLZ02.,9025.483399593904,9.025483399593904,567.0385706942237,155,2972,4.166699647903442,,,False,False,True,,,,,,,,,True,0.0,FLZ02,,9,128,7.03125,0.7767359724775468,0.22326402752245322,,,output/thetastar_master_plan/route_nodes/DK01_to_DK03_forward_main_02.csv
v15,DK01_to_DK03,forward_backup_02,DK01,DK03,forward,backup,2,True,Backup forced through FLZ buffer via ring node NONE.,9337.615433949868,9.337615433949868,589.311851360835,160,573,1.5938727855682373,50.38832521472477,False,False,False,True,,100.0,50.38832521472477,1.8178555113595123,2.21606648199446,True,100.0,312.1320343559637,True,50.0,NONE,soft_lock,1,108,0.9259259259259259,,,,,output/thetastar_master_plan/route_nodes/DK01_to_DK03_forward_backup_02.csv
v15,DK01_to_DK03,forward_main_03,DK01,DK03,forward,main,3,True,Path found. [safe fallback attempted],1589.9494936611668,1.589949493661167,102.08922389199843,27,260,0.6950712203979492,,,False,False,True,50.0,,,,,,,,True,0.0,,strict_lock,0,17,0.0,0.8400502066735872,0.15994979332641285,0.14366766474193127,1.1149341317935448,output/thetastar_master_plan/route_nodes/DK01_to_DK03_forward_main_03.csv
v15,DK01_to_DK03,forward_backup_03,DK01,DK03,forward,backup,3,True,Path found. [safe fallback attempted],1560.6601717798212,1.5606601717798212,98.7653438159103,26,42,0.4367237091064453,42.30769230769231,False,False,False,True,,50.0,42.30769230769231,35.35533905932706,0.0,True,50.0,-29.289321881345586,True,35.35533905932738,,strict_lock,0,17,0.0,0.8466308622062472,0.15336913779375275,0.12655460152406633,1.1012436812192532,output/thetastar_master_plan/route_nodes/DK01_to_DK03_forward_backup_03.csv
v15,DK01_to_DK03,forward_main_04,DK01,DK03,forward,main,4,True,Path found. [safe fallback attempted],1619.238815542512,1.619238815542512,105.52649707514739,28,300,0.7429611682891846,,,False,False,True,0.0,,,,,,,,True,35.35533905932738,,strict_lock,0,17,0.0,0.8300344924154395,0.1699655075845604,0.1593349853749402,1.127467988299952,output/thetastar_master_plan/route_nodes/DK01_to_DK03_forward_main_04.csv
v15,DK01_to_DK03,forward_backup_04,DK01,DK03,forward,backup,4,True,Path found. [safe fallback attempted],1648.528137423857,1.648528137423857,109.08842997325813,29,40,0.4338533878326416,36.206896551724135,False,False,False,True,,50.0,36.206896551724135,17.567285468149233,3.7735849056603774,True,50.0,29.28932188134513,True,70.71067811865476,,strict_lock,0,19,0.0,0.8224515512909509,0.177548448709049,0.17686757971314512,1.141494063770516,output/thetastar_master_plan/route_nodes/DK01_to_DK03_forward_backup_04.csv
v15,DK01_to_DK03,backward_main_01,DK03,DK01,backward,main,1,True,Route forced through FLZ buffer via FLZ04.,3814.2135623730956,3.8142135623730957,239.2315470582847,69,492,1.274223804473877,,,False,False,True,,,,,,,,,True,0.0,FLZ04,,0,60,0.0,0.7281275489303727,0.27187245106962726,,,output/thetastar_master_plan/route_nodes/DK01_to_DK03_backward_main_01.csv
v15,DK01_to_DK03,backward_backup_01,DK03,DK01,backward,backup,1,True,Backup forced through FLZ buffer via ring node NONE.,3984.9242404917504,3.9849242404917504,248.77417535732064,72,123,0.7706146240234375,48.611111111111114,False,False,False,True,,50.0,48.611111111111114,1.6689206547424071,2.0408163265306123,True,50.0,170.71067811865487,True,35.35533905932738,NONE,strict_lock,0,59,0.0,,,,,output/thetastar_master_plan/route_nodes/DK01_to_DK03_backward_backup_01.csv
v15,DK01_to_DK03,backward_main_02,DK03,DK01,backward,main,2,True,Path found. [safe fallback attempted],10199.137802864847,10.199137802864847,729.5923182021323,188,3959,4.718847274780273,,,False,True,True,100.0,,,,,,,,True,35.35533905932738,,strict_lock,0,176,0.0,0.5831878456605144,0.4168121543394856,0.11437582945741276,1.0915006635659303,output/thetastar_master_plan/route_nodes/DK01_to_DK03_backward_main_02.csv
v15,DK01_to_DK03,backward_backup_02,DK03,DK01,backward,backup,2,True,Path found. [safe fallback attempted],10440.559159102155,10.440559159102154,749.8369770684828,192,579,1.1908550262451172,48.697916666666664,False,False,True,True,,50.0,48.697916666666664,3.7058817739860466,0.9876543209876543,True,50.0,241.42135623730792,True,35.35533905932738,,strict_lock,0,180,0.0,0.5847666634540097,0.4152333365459902,0.11949047956787458,1.0955923836542996,output/thetastar_master_plan/route_nodes/DK01_to_DK03_backward_backup_02.csv
v15,DK01_to_DK03,backward_main_03,DK03,DK01,backward,main,3,True,Path found. [safe fallback attempted],1560.6601717798212,1.5606601717798212,98.56927786974468,26,128,0.5469844341278076,,,False,False,True,0.0,,,,,,,,True,50.0,,strict_lock,0,16,0.0,0.846630424619681,0.15336957538031898,0.12376387263938098,1.0990110981115049,output/thetastar_master_plan/route_nodes/DK01_to_DK03_backward_main_03.csv
v15,DK01_to_DK03,backward_backup_03,DK03,DK01,backward,backup,3,True,Path found. [safe fallback attempted],1619.238815542512,1.619238815542512,105.5264970751474,28,87,0.4752984046936035,74.0048191133513,False,False,False,True,,150.0,74.0048191133513,50.0,0.0,True,111.80339887498948,58.57864376269072,True,35.35533905932738,,strict_lock,0,17,0.0,0.8300344924154394,0.1699655075845604,0.1593349853749402,1.127467988299952,output/thetastar_master_plan/route_nodes/DK01_to_DK03_backward_backup_03.csv
v15,DK01_to_DK03,backward_main_04,DK03,DK01,backward,main,4,True,Path found. [safe fallback attempted],10581.980515339463,10.581980515339463,775.8010558704357,194,3720,4.448981523513794,,,False,True,True,50.0,,,,,,,,True,0.0,,strict_lock,0,184,0.0,0.5508773246073252,0.4491226753926748,0.12515264470843754,1.10012211576675,output/thetastar_master_plan/route_nodes/DK01_to_DK03_backward_main_04.csv
v15,DK01_to_DK03,backward_backup_04,DK03,DK01,backward,backup,4,True,Path found. [safe fallback attempted],10835.533905932738,10.835533905932738,797.7293887742163,197,522,1.0835208892822266,48.73096446700507,False,False,True,True,,50.0,48.73096446700507,4.440629434512315,0.7125890736342043,True,50.0,253.55339059327525,True,35.35533905932738,,strict_lock,0,189,0.0,0.5498583183914746,0.45014168160852547,0.13042477730496596,1.1043398218439726,output/thetastar_master_plan/route_nodes/DK01_to_DK03_backward_backup_04.csv
v15,DK01_to_DK04,forward_main_01,DK01,DK04,forward,main,1,True,Route forced through FLZ buffer via FLZ03.,4252.6911934581185,4.252691193458118,367.59878700895626,67,3267,4.34353494644165,,,False,False,True,,,,,,,,,True,0.0,FLZ03,,0,0,0.0,0.3460821603579761,0.6539178396420239,,,output/thetastar_master_plan/route_nodes/DK01_to_DK04_forward_main_01.csv
v15,DK01_to_DK04,forward_backup_01,DK01,DK04,forward,backup,1,True,Backup forced through FLZ buffer via ring node NONE.,4294.112549695428,4.294112549695428,369.48937452246065,67,159,0.8433821201324463,47.014925373134325,False,False,False,True,,50.0,47.014925373134325,6.151590583571656,1.8867924528301887,True,50.0,41.42135623730974,True,50.0,NONE,no_lock,0,59,0.0,,,,,output/thetastar_master_plan/route_nodes/DK01_to_DK04_forward_backup_01.csv
v15,DK01_to_DK04,forward_main_02,DK01,DK04,forward,main,2,True,Path found. [safe fallback attempted],4857.716446627535,4.857716446627536,389.2446971226408,82,3130,3.9240570068359375,,,False,False,True,100.0,,,,,,,,True,0.0,,strict_lock,0,70,0.0,0.5207357608336474,0.4792642391663527,0.183139260483295,1.146511408386636,output/thetastar_master_plan/route_nodes/DK01_to_DK04_forward_main_02.csv
v15,DK01_to_DK04,forward_backup_02,DK01,DK04,forward,backup,2,True,Path found. [safe fallback attempted],4757.716446627536,4.757716446627536,379.45794075140026,80,163,0.6520369052886963,47.5,False,False,False,True,,50.0,47.5,35.35533905932729,0.0,True,50.0,-99.99999999999909,True,35.35533905932738,,strict_lock,0,71,0.0,0.5155613825258197,0.4844386174741803,0.17214738301445906,1.1377179064115672,output/thetastar_master_plan/route_nodes/DK01_to_DK04_forward_backup_02.csv
v15,DK01_to_DK04,forward_main_03,DK01,DK04,forward,main,3,False,"Rank skipped: 1 candidate main(s) tried, none had a viable backup; no new distinct main exists under the lock/overlap limits.",,,,0,-1,,,,False,False,False,,,,,,,,,,,,,0,0,0.0,,,,,
v15,DK01_to_DK04,forward_backup_03,DK01,DK04,forward,backup,3,False,Rank skipped: no main+backup couple found.,,,,0,-1,,,,False,False,False,,,,,,,,,,,,,0,0,0.0,,,,,
v15,DK01_to_DK04,forward_main_04,DK01,DK04,forward,main,4,False,"Path found. [safe fallback attempted] Overlap with locked routes = 44/44 nodes (100.00%), exceeds limit 10.00%.",3204.163056034262,3.204163056034262,264.26899355573323,51,2106,2.7302803993225098,,,False,False,True,0.0,,,,,,,,,,,soft_lock,44,44,100.0,0.16620353745427813,0.8337964625457219,0.055527072127504455,1.0444216577020036,output/thetastar_master_plan/route_nodes/DK01_to_DK04_forward_main_04.csv
v15,DK01_to_DK04,forward_backup_04,DK01,DK04,forward,backup,4,False,Skipped because forward_main_04 failed.,,,,0,-1,,,,False,False,False,,,,,,,,,,,,,0,0,0.0,,,,,
v15,DK01_to_DK04,backward_main_01,DK04,DK01,backward,main,1,True,Route forced through FLZ buffer via FLZ04.,4628.427124746191,4.6284271247461914,364.2123751957122,77,1245,2.182415008544922,,,False,False,True,,,,,,,,,True,0.0,FLZ04,,0,68,0.0,0.5063962322799018,0.4936037677200981,,,output/thetastar_master_plan/route_nodes/DK01_to_DK04_backward_main_01.csv
v15,DK01_to_DK04,backward_backup_01,DK04,DK01,backward,backup,1,True,Path found. [safe fallback attempted],4728.427124746191,4.728427124746191,373.6903267670298,79,125,0.5872180461883545,47.46835443037975,False,False,False,True,,50.0,47.46835443037975,23.181685209374084,0.5649717514124294,True,50.0,100.0,True,35.35533905932738,,strict_lock,0,68,0.0,0.514886938225452,0.485113061774548,0.15831001825356603,1.1266480146028526,output/thetastar_master_plan/route_nodes/DK01_to_DK04_backward_backup_01.csv
v15,DK01_to_DK04,backward_main_02,DK04,DK01,backward,main,2,False,"Rank skipped: 5 candidate main(s) tried, none had a viable backup; no new distinct main exists under the lock/overlap limits.",,,,0,-1,,,,False,False,False,,,,,,,,,,,,,0,0,0.0,,,,,
v15,DK01_to_DK04,backward_backup_02,DK04,DK01,backward,backup,2,False,Rank skipped: no main+backup couple found.,,,,0,-1,,,,False,False,False,,,,,,,,,,,,,0,0,0.0,,,,,
v15,DK01_to_DK04,backward_main_03,DK04,DK01,backward,main,3,False,"Path found. [safe fallback attempted] Overlap with locked routes = 44/44 nodes (100.00%), exceeds limit 10.00%.",3204.163056034262,3.204163056034262,264.2689935557333,51,1118,1.6127073764801025,,,False,False,True,0.0,,,,,,,,,,,soft_lock,44,44,100.0,0.1662035374542781,0.833796462545722,0.05552707212750446,1.0444216577020036,output/thetastar_master_plan/route_nodes/DK01_to_DK04_backward_main_03.csv
v15,DK01_to_DK04,backward_backup_03,DK04,DK01,backward,backup,3,False,Skipped because backward_main_03 failed.,,,,0,-1,,,,False,False,False,,,,,,,,,,,,,0,0,0.0,,,,,
v15,DK01_to_DK04,backward_main_04,DK04,DK01,backward,main,4,False,"Path found. [safe fallback attempted] Overlap with locked routes = 44/44 nodes (100.00%), exceeds limit 10.00%.",3204.163056034262,3.204163056034262,264.2689935557333,51,1118,1.2955822944641113,,,False,False,True,0.0,,,,,,,,,,,soft_lock,44,44,100.0,0.1662035374542781,0.833796462545722,0.05552707212750446,1.0444216577020036,output/thetastar_master_plan/route_nodes/DK01_to_DK04_backward_main_04.csv
v15,DK01_to_DK04,backward_backup_04,DK04,DK01,backward,backup,4,False,Skipped because backward_main_04 failed.,,,,0,-1,,,,False,False,False,,,,,,,,,,,,,0,0,0.0,,,,,
v15,DK01_to_DK05,forward_main_01,DK01,DK05,forward,main,1,True,Route forced through FLZ buffer via FLZ03.,2410.660171779821,2.410660171779821,216.55194249908232,43,1121,1.651200532913208,,,False,False,True,,,,,,,,,True,0.0,FLZ03,,0,0,0.0,0.6476047957628538,0.3523952042371461,,,output/thetastar_master_plan/route_nodes/DK01_to_DK05_forward_main_01.csv
v15,DK01_to_DK05,forward_backup_01,DK01,DK05,forward,backup,1,True,Path found. [safe fallback attempted],2439.9494936611663,2.4399494936611665,219.06403731274148,44,77,0.4042932987213135,43.18181818181818,False,False,False,True,,50.0,43.18181818181818,4.443156162041531,4.705882352941177,True,50.0,29.28932188134513,True,35.35533905932738,,no_lock,0,34,0.0,0.6501714232339294,0.34982857676607054,0.5203232859793177,1.4162586287834538,output/thetastar_master_plan/route_nodes/DK01_to_DK05_forward_backup_01.csv
v15,DK01_to_DK05,forward_main_02,DK01,DK05,forward,main,2,True,Path found. [safe fallback attempted],2539.949493661167,2.5399494936611666,226.85170568168053,46,1257,1.4420340061187744,,,False,False,True,100.0,,,,,,,,True,70.71067811865476,,strict_lock,0,35,0.0,0.6048649721079455,0.39513502789205446,0.48510279613810936,1.388082236910487,output/thetastar_master_plan/route_nodes/DK01_to_DK05_forward_main_02.csv
v15,DK01_to_DK05,forward_backup_02,DK01,DK05,forward,backup,2,True,Path found. [safe fallback attempted],2610.660171779821,2.6106601717798212,230.8134501472053,47,96,0.4303624629974365,44.680851063829785,False,False,False,True,,50.0,44.680851063829785,9.836889044824142,3.260869565217391,True,50.0,70.71067811865441,True,35.35533905932738,,strict_lock,0,38,0.0,0.6261038654526738,0.373896134547326,0.4893637661885457,1.3914910129508364,output/thetastar_master_plan/route_nodes/DK01_to_DK05_forward_backup_02.csv
v15,DK01_to_DK05,forward_main_03,DK01,DK05,forward,main,3,True,Path found. [safe fallback attempted],2752.081528017131,2.752081528017131,235.39149019970478,49,1459,2.1930203437805176,,,False,False,True,0.0,,,,,,,,True,100.0,,strict_lock,0,42,0.0,0.6110527610345113,0.3889472389654887,0.41487006317727493,1.33189605054182,output/thetastar_master_plan/route_nodes/DK01_to_DK05_forward_main_03.csv
v15,DK01_to_DK05,forward_backup_03,DK01,DK05,forward,backup,3,True,Backup forced through FLZ buffer via ring node FLZ03.,3659.1883092036787,3.6591883092036785,300.78320361056166,63,171,1.0104494094848633,94.13831077677027,False,False,False,True,,150.0,94.13831077677027,4.913014815827743,3.7313432835820897,True,150.0,907.1067811865478,True,0.0,FLZ03,strict_lock,0,51,0.0,,,,,output/thetastar_master_plan/route_nodes/DK01_to_DK05_forward_backup_03.csv
v15,DK01_to_DK05,forward_main_04,DK01,DK05,forward,main,4,False,"Rank skipped: 5 candidate main(s) tried, none had a viable backup; no new distinct main exists under the lock/overlap limits.",,,,0,-1,,,,False,False,False,,,,,,,,,,,,,0,0,0.0,,,,,
v15,DK01_to_DK05,forward_backup_04,DK01,DK05,forward,backup,4,False,Rank skipped: no main+backup couple found.,,,,0,-1,,,,False,False,False,,,,,,,,,,,,,0,0,0.0,,,,,
v15,DK01_to_DK05,backward_main_01,DK05,DK01,backward,main,1,True,Route forced through FLZ buffer via FLZ04.,5026.955262170048,5.0269552621700475,380.19999607891384,80,1576,2.030503988265991,,,False,False,True,,,,,,,,,True,0.0,FLZ04,,0,71,0.0,0.568675928345216,0.4313240716547841,,,output/thetastar_master_plan/route_nodes/DK01_to_DK05_backward_main_01.csv
v15,DK01_to_DK05,backward_backup_01,DK05,DK01,backward,backup,1,True,Path found. [safe fallback attempted],5268.3766184073575,5.268376618407357,379.4882469077199,84,142,0.4826676845550537,48.214285714285715,False,False,False,True,,50.0,48.214285714285715,10.582047749963689,1.0101010101010102,True,50.0,241.42135623730974,True,35.35533905932738,,soft_lock,5,73,6.8493150684931505,0.5864987240432517,0.41350127595674846,0.11286903166322577,1.0902952253305804,output/thetastar_master_plan/route_nodes/DK01_to_DK05_backward_backup_01.csv
v15,DK01_to_DK05,backward_main_02,DK05,DK01,backward,main,2,True,Path found. [safe fallback attempted],2398.5281374238575,2.3985281374238574,216.52507245548333,44,646,0.9148366451263428,,,False,False,True,0.0,,,,,,,,True,50.0,,strict_lock,0,34,0.0,0.6068388951161343,0.39316110488386574,0.5021642392193004,1.4017313913754403,output/thetastar_master_plan/route_nodes/DK01_to_DK05_backward_main_02.csv
v15,DK01_to_DK05,backward_backup_02,DK05,DK01,backward,backup,2,True,Path found. [safe fallback attempted],2327.8174593052026,2.327817459305203,213.71354459459482,43,79,0.4035763740539551,44.18604651162791,False,False,False,True,,50.0,44.18604651162791,16.509605969614313,1.2345679012345678,True,50.0,-70.71067811865487,True,100.0,,soft_lock,2,35,5.714285714285714,0.6066803531947065,0.3933196468052935,0.5291766010601474,1.4233412808481183,output/thetastar_master_plan/route_nodes/DK01_to_DK05_backward_backup_02.csv
v15,DK01_to_DK05,backward_main_03,DK05,DK01,backward,main,3,False,"Rank skipped: 2 candidate main(s) tried, none had a viable backup; no new distinct main exists under the lock/overlap limits.",,,,0,-1,,,,False,False,False,,,,,,,,,,,,,0,0,0.0,,,,,
v15,DK01_to_DK05,backward_backup_03,DK05,DK01,backward,backup,3,False,Rank skipped: no main+backup couple found.,,,,0,-1,,,,False,False,False,,,,,,,,,,,,,0,0,0.0,,,,,
v15,DK01_to_DK05,backward_main_04,DK05,DK01,backward,main,4,False,"Path found. [safe fallback attempted] Overlap with locked routes = 22/22 nodes (100.00%), exceeds limit 10.00%.",1793.5028842544402,1.7935028842544403,162.79012603271545,29,473,0.9087586402893066,,,False,False,True,0.0,,,,,,,,,,,soft_lock,22,22,100.0,0.46154973160378066,0.5384502683962193,0.34991950256980703,1.2799356020558454,output/thetastar_master_plan/route_nodes/DK01_to_DK05_backward_main_04.csv
v15,DK01_to_DK05,backward_backup_04,DK05,DK01,backward,backup,4,False,Skipped because backward_main_04 failed.,,,,0,-1,,,,False,False,False,,,,,,,,,,,,,0,0,0.0,,,,,
v15,DK01_to_DK06,forward_main_01,DK01,DK06,forward,main,1,True,Route forced through FLZ buffer via FLZ03.,1377.8174593052022,1.3778174593052022,93.47940128132777,24,137,0.9621756076812744,,,False,False,True,,,,,,,,,True,0.0,FLZ03,,0,0,0.0,0.8757142421748535,0.12428575782514646,,,output/thetastar_master_plan/route_nodes/DK01_to_DK06_forward_main_01.csv
v15,DK01_to_DK06,forward_backup_01,DK01,DK06,forward,backup,1,True,Path found. [safe fallback attempted],1307.1067811865478,1.3071067811865478,76.97288483910924,23,35,0.4118938446044922,36.95652173913044,False,False,False,True,,50.0,36.95652173913044,16.00659567076309,2.5,True,50.0,-70.71067811865441,True,50.0,,no_lock,0,14,0.0,0.8746984850261726,0.12530151497382724,0.053315639457974295,1.0426525115663794,output/thetastar_master_plan/route_nodes/DK01_to_DK06_forward_backup_01.csv
v15,DK01_to_DK06,forward_main_02,DK01,DK06,forward,main,2,True,Path found. [safe fallback attempted],1519.238815542512,1.5192388155425118,90.94228935963538,26,192,0.5104489326477051,,,False,False,True,50.0,,,,,,,,True,70.71067811865476,,strict_lock,0,16,0.0,0.8600847741946593,0.13991522580534063,0.06136671797684931,1.0490933743814794,output/thetastar_master_plan/route_nodes/DK01_to_DK06_forward_main_02.csv
v15,DK01_to_DK06,forward_backup_02,DK01,DK06,forward,backup,2,True,Path found. [safe fallback attempted],1448.528137423857,1.448528137423857,86.13097805035416,25,43,0.35439038276672363,44.0,False,False,False,True,,50.0,44.0,10.431469882231532,4.444444444444445,True,50.0,-70.71067811865487,True,35.35533905932738,,strict_lock,0,17,0.0,0.8688193439750631,0.13118065602493675,0.059340666047180746,1.0474725328377448,output/thetastar_master_plan/route_nodes/DK01_to_DK06_forward_backup_02.csv
v15,DK01_to_DK06,forward_main_03,DK01,DK06,forward,main,3,True,Path found. [safe fallback attempted],1702.081528017131,1.7020815280171309,103.18979897679938,28,324,0.7776062488555908,,,False,False,True,0.0,,,,,,,,True,0.0,,strict_lock,0,18,0.0,0.8636852629753894,0.13631473702461067,0.07834720723864888,1.0626777657909192,output/thetastar_master_plan/route_nodes/DK01_to_DK06_forward_main_03.csv
v15,DK01_to_DK06,forward_backup_03,DK01,DK06,forward,backup,3,True,Path found. [safe fallback attempted],1902.081528017131,1.902081528017131,116.58636123916057,32,70,0.4556283950805664,45.42354345603981,False,False,False,True,,100.0,45.42354345603981,22.270431530053894,1.5625,True,70.71067811865476,200.0,True,50.0,,strict_lock,0,23,0.0,0.8504057631563786,0.14959423684362144,0.08636405230342759,1.069091241842742,output/thetastar_master_plan/route_nodes/DK01_to_DK06_forward_backup_03.csv
v15,DK01_to_DK06,forward_main_04,DK01,DK06,forward,main,4,True,Path found. [safe fallback attempted],5604.163056034262,5.6041630560342615,350.29535489076073,99,1959,2.701005220413208,,,False,False,True,0.0,,,,,,,,True,50.0,,strict_lock,0,87,0.0,0.7502061986485729,0.2497938013514272,0.048232703147513656,1.0385861625180108,output/thetastar_master_plan/route_nodes/DK01_to_DK06_forward_main_04.csv
v15,DK01_to_DK06,forward_backup_04,DK01,DK06,forward,backup,4,True,Path found. [safe fallback attempted],5945.584412271572,5.945584412271572,377.48545810073716,105,383,0.7170171737670898,51.7210817041574,False,False,False,True,,150.0,51.7210817041574,35.355339059327214,0.0,True,111.80339887498948,341.42135623730974,True,0.0,,strict_lock,0,94,0.0,0.7385753983180963,0.2614246016819036,0.05719539566961377,1.045756316535691,output/thetastar_master_plan/route_nodes/DK01_to_DK06_forward_backup_04.csv
v15,DK01_to_DK06,backward_main_01,DK06,DK01,backward,main,1,True,Route forced through FLZ buffer via FLZ04.,4174.873734152917,4.174873734152917,280.83336366109654,70,1063,2.0042521953582764,,,False,False,True,,,,,,,,,True,0.0,FLZ04,,3,52,5.769230769230769,0.8097522824302488,0.19024771756975126,,,output/thetastar_master_plan/route_nodes/DK01_to_DK06_backward_main_01.csv
v15,DK01_to_DK06,backward_backup_01,DK06,DK01,backward,backup,1,True,Path found. [safe fallback attempted],3233.452377915607,3.233452377915607,196.49688240070628,52,90,0.5774102210998535,45.19230769230769,False,False,False,True,,50.0,45.19230769230769,5.368603630637054,4.273504273504273,True,50.0,-941.4213562373097,True,50.0,,strict_lock,0,44,0.0,0.7720760273446339,0.22792397265536618,0.033386480878045535,1.0267091847024366,output/thetastar_master_plan/route_nodes/DK01_to_DK06_backward_backup_01.csv
v15,DK01_to_DK06,backward_main_02,DK06,DK01,backward,main,2,True,Path found. [safe fallback attempted],1407.1067811865476,1.4071067811865476,83.58127583835059,25,102,0.5202505588531494,,,False,False,True,0.0,,,,,,,,True,50.0,,strict_lock,0,15,0.0,0.8711163502113919,0.12888364978860803,0.06047716412122779,1.048381731296982,output/thetastar_master_plan/route_nodes/DK01_to_DK06_backward_main_02.csv
v15,DK01_to_DK06,backward_backup_02,DK06,DK01,backward,backup,2,True,Path found. [safe fallback attempted],1660.6601717798217,1.6606601717798217,100.54007822322669,28,80,0.4741251468658447,68.53250643076919,False,False,False,True,,150.0,68.53250643076919,50.0,0.0,True,111.80339887498948,253.55339059327412,True,0.0,,strict_lock,0,17,0.0,0.8620406830547968,0.1379593169452033,0.07512855496697322,1.0601028439735785,output/thetastar_master_plan/route_nodes/DK01_to_DK06_backward_backup_02.csv
v15,DK01_to_DK06,backward_main_03,DK06,DK01,backward,main,3,True,Path found. [safe fallback attempted],5033.452377915607,5.033452377915607,308.6857291569672,88,1848,2.5026955604553223,,,False,False,True,0.0,,,,,,,,True,50.0,,strict_lock,0,76,0.0,0.7720559513665982,0.22794404863340179,0.038168043438341195,1.030534434750673,output/thetastar_master_plan/route_nodes/DK01_to_DK06_backward_main_03.csv
v15,DK01_to_DK06,backward_backup_03,DK06,DK01,backward,backup,3,True,Path found. [safe fallback attempted],5604.163056034262,5.6041630560342615,350.33734299288324,99,394,0.7199645042419434,58.822769171672675,False,False,False,True,,200.0,58.822769171672675,35.35533905932706,0.0,True,180.27756377319946,570.7106781186549,True,0.0,,strict_lock,0,88,0.0,0.7500856991414289,0.24991430085857122,0.04822260350632719,1.0385780828050617,output/thetastar_master_plan/route_nodes/DK01_to_DK06_backward_backup_03.csv
v15,DK01_to_DK06,backward_main_04,DK06,DK01,backward,main,4,True,Path found. [safe fallback attempted],5945.584412271572,5.945584412271572,377.48676135196575,105,1889,2.0941050052642822,,,False,False,True,0.0,,,,,,,,True,0.0,,strict_lock,0,94,0.0,0.7385017518561386,0.2614982481438613,0.05719953272415047,1.0457596261793205,output/thetastar_master_plan/route_nodes/DK01_to_DK06_backward_main_04.csv
v15,DK01_to_DK06,backward_backup_04,DK06,DK01,backward,backup,4,True,Path found. [safe fallback attempted],6328.42712474619,6.32842712474619,407.1714235651633,111,396,0.7428407669067383,51.489700806020394,False,False,False,True,,150.0,51.489700806020394,17.257274708124726,0.4149377593360996,True,150.0,382.84271247461857,True,100.0,,strict_lock,0,103,0.0,0.7243640280542596,0.27563597194574047,0.06486994295493442,1.0518959543639474,output/thetastar_master_plan/route_nodes/DK01_to_DK06_backward_backup_04.csv
v15,DK02_to_DK03,forward_main_01,DK02,DK03,forward,main,1,True,Route forced through FLZ buffer via FLZ03.,3388.477631085024,3.3884776310850238,333.0021886758182,58,1256,1.7415080070495605,,,False,False,True,,,,,,,,,True,0.0,FLZ03,,0,0,0.0,0.5508550188915242,0.44914498110847584,,,output/thetastar_master_plan/route_nodes/DK02_to_DK03_forward_main_01.csv
v15,DK02_to_DK03,forward_backup_01,DK02,DK03,forward,backup,1,True,Path found. [safe fallback attempted],3417.766952966369,3.417766952966369,340.7136947563592,59,82,0.41707754135131836,45.76271186440678,False,False,False,True,,50.0,45.76271186440678,23.482360019742377,0.8064516129032258,True,50.0,29.28932188134513,True,50.0,,no_lock,0,52,0.0,0.5344839250926363,0.4655160749073637,0.5770952159840773,1.4616761727872618,output/thetastar_master_plan/route_nodes/DK02_to_DK03_forward_backup_01.csv
v15,DK02_to_DK03,forward_main_02,DK02,DK03,forward,main,2,False,"Rank skipped: 7 candidate main(s) tried, none had a viable backup; no new distinct main exists under the lock/overlap limits.",,,,0,-1,,,,False,False,False,,,,,,,,,,,,,0,0,0.0,,,,,
v15,DK02_to_DK03,forward_backup_02,DK02,DK03,forward,backup,2,False,Rank skipped: no main+backup couple found.,,,,0,-1,,,,False,False,False,,,,,,,,,,,,,0,0,0.0,,,,,
v15,DK02_to_DK03,forward_main_03,DK02,DK03,forward,main,3,False,"Path found. [safe fallback attempted] Overlap with locked routes = 18/52 nodes (34.62%), exceeds limit 10.00%.",3057.106781186548,3.057106781186548,309.29475078888294,58,1106,1.6051013469696045,,,False,False,True,0.0,,,,,,,,,,,soft_lock,18,52,34.61538461538461,0.5049873632879491,0.49501263671205087,0.5726500114415767,1.4581200091532618,output/thetastar_master_plan/route_nodes/DK02_to_DK03_forward_main_03.csv
v15,DK02_to_DK03,forward_backup_03,DK02,DK03,forward,backup,3,False,Skipped because forward_main_03 failed.,,,,0,-1,,,,False,False,False,,,,,,,,,,,,,0,0,0.0,,,,,
v15,DK02_to_DK03,forward_main_04,DK02,DK03,forward,main,4,False,"Path found. [safe fallback attempted] Overlap with locked routes = 18/52 nodes (34.62%), exceeds limit 10.00%.",3057.106781186548,3.057106781186548,309.29475078888294,58,1106,1.2986409664154053,,,False,False,True,0.0,,,,,,,,,,,soft_lock,18,52,34.61538461538461,0.5049873632879491,0.49501263671205087,0.5726500114415767,1.4581200091532618,output/thetastar_master_plan/route_nodes/DK02_to_DK03_forward_main_04.csv
v15,DK02_to_DK03,forward_backup_04,DK02,DK03,forward,backup,4,False,Skipped because forward_main_04 failed.,,,,0,-1,,,,False,False,False,,,,,,,,,,,,,0,0,0.0,,,,,
v15,DK02_to_DK03,backward_main_01,DK03,DK02,backward,main,1,True,Route forced through FLZ buffer via FLZ04.,5912.741699796952,5.912741699796952,430.3122883952975,106,2971,3.3517844676971436,,,False,False,True,,,,,,,,,True,0.0,FLZ04,,0,97,0.0,0.4886599170818979,0.5113400829181021,,,output/thetastar_master_plan/route_nodes/DK02_to_DK03_backward_main_01.csv
v15,DK02_to_DK03,backward_backup_01,DK03,DK02,backward,backup,1,True,Path found. [safe fallback attempted],6195.584412271572,6.195584412271572,452.16345525940653,110,216,0.5870852470397949,48.18181818181818,False,False,True,True,,50.0,48.18181818181818,2.589780671363104,3.404255319148936,True,50.0,282.8427124746195,True,35.35533905932738,,strict_lock,0,100,0.0,0.48093021296564936,0.5190697870343507,0.058696834627233394,1.0469574677017865,output/thetastar_master_plan/route_nodes/DK02_to_DK03_backward_backup_01.csv
v15,DK02_to_DK03,backward_main_02,DK03,DK02,backward,main,2,False,"Rank skipped: 1 candidate main(s) tried, none had a viable backup; no new distinct main exists under the lock/overlap limits.",,,,0,-1,,,,False,False,False,,,,,,,,,,,,,0,0,0.0,,,,,
v15,DK02_to_DK03,backward_backup_02,DK03,DK02,backward,backup,2,False,Rank skipped: no main+backup couple found.,,,,0,-1,,,,False,False,False,,,,,,,,,,,,,0,0,0.0,,,,,
v15,DK02_to_DK03,backward_main_03,DK03,DK02,backward,main,3,False,"Path found. [safe fallback attempted] Overlap with locked routes = 16/52 nodes (30.77%), exceeds limit 10.00%.",3057.106781186548,3.057106781186548,309.29475078888294,58,2595,2.616894006729126,,,False,False,True,0.0,,,,,,,,,,,soft_lock,16,52,30.76923076923077,0.5049873632879492,0.49501263671205076,0.5726500114415768,1.4581200091532616,output/thetastar_master_plan/route_nodes/DK02_to_DK03_backward_main_03.csv
v15,DK02_to_DK03,backward_backup_03,DK03,DK02,backward,backup,3,False,Skipped because backward_main_03 failed.,,,,0,-1,,,,False,False,False,,,,,,,,,,,,,0,0,0.0,,,,,
v15,DK02_to_DK03,backward_main_04,DK03,DK02,backward,main,4,False,"Path found. [safe fallback attempted] Overlap with locked routes = 16/52 nodes (30.77%), exceeds limit 10.00%.",3057.106781186548,3.057106781186548,309.29475078888294,58,2595,3.220670461654663,,,False,False,True,0.0,,,,,,,,,,,soft_lock,16,52,30.76923076923077,0.5049873632879492,0.49501263671205076,0.5726500114415768,1.4581200091532616,output/thetastar_master_plan/route_nodes/DK02_to_DK03_backward_main_04.csv
v15,DK02_to_DK03,backward_backup_04,DK03,DK02,backward,backup,4,False,Skipped because backward_main_04 failed.,,,,0,-1,,,,False,False,False,,,,,,,,,,,,,0,0,0.0,,,,,
v15,DK02_to_DK04,forward_main_01,DK02,DK04,forward,main,1,True,Route forced through FLZ buffer via FLZ03.,6109.797974644666,6.109797974644667,601.5695642571193,100,4392,5.655002117156982,,,False,False,True,,,,,,,,,True,0.0,FLZ03,,0,0,0.0,0.33879187861776416,0.6612081213822358,,,output/thetastar_master_plan/route_nodes/DK02_to_DK04_forward_main_01.csv
v15,DK02_to_DK04,forward_backup_01,DK02,DK04,forward,backup,1,True,Path found. [safe fallback attempted],6251.219330881976,6.251219330881976,616.4867487414614,102,232,0.7444303035736084,48.529411764705884,False,False,True,True,,50.0,48.529411764705884,5.48988100569267,0.8403361344537815,True,50.0,141.42135623730974,True,35.35533905932738,,no_lock,0,94,0.0,0.3347061593854285,0.6652938406145715,0.4548154272303326,1.3638523417842663,output/thetastar_master_plan/route_nodes/DK02_to_DK04_forward_backup_01.csv
v15,DK02_to_DK04,forward_main_02,DK02,DK04,forward,main,2,True,Path found. [safe fallback attempted],7573.401871576774,7.573401871576774,696.3662679856238,133,4345,3.16474986076355,,,False,True,True,0.0,,,,,,,,True,50.0,,strict_lock,0,120,0.0,0.49494459502389854,0.5050554049761015,0.38747138300914946,1.3099771064073196,output/thetastar_master_plan/route_nodes/DK02_to_DK04_forward_main_02.csv
v15,DK02_to_DK04,forward_backup_02,DK02,DK04,forward,backup,2,True,Path found. [safe fallback attempted],8026.955262170047,8.026955262170047,731.0674956840651,140,457,1.015866994857788,75.33924732471408,False,False,True,True,,150.0,75.33924732471408,35.355339059327214,0.0,True,111.80339887498948,453.5533905932725,True,50.0,,strict_lock,0,131,0.0,0.488563720998878,0.511436279001122,0.3629505307597806,1.2903604246078244,output/thetastar_master_plan/route_nodes/DK02_to_DK04_forward_backup_02.csv
v15,DK02_to_DK04,forward_main_03,DK02,DK04,forward,main,3,False,"Path found. [safe fallback attempted] Overlap with locked routes = 43/51 nodes (84.31%), exceeds limit 10.00%.",3139.9494936611663,3.1399494936611663,276.94396483145266,58,501,0.530585527420044,,,False,False,True,0.0,,,,,,,,,,,soft_lock,43,51,84.31372549019608,0.025348519659365687,0.9746514803406343,0.06305560008026297,1.0504444800642103,output/thetastar_master_plan/route_nodes/DK02_to_DK04_forward_main_03.csv
v15,DK02_to_DK04,forward_backup_03,DK02,DK04,forward,backup,3,False,Skipped because forward_main_03 failed.,,,,0,-1,,,,False,False,False,,,,,,,,,,,,,0,0,0.0,,,,,
v15,DK02_to_DK04,forward_main_04,DK02,DK04,forward,main,4,False,"Path found. [safe fallback attempted] Overlap with locked routes = 43/51 nodes (84.31%), exceeds limit 10.00%.",3139.9494936611663,3.1399494936611663,276.94396483145266,58,501,0.506415605545044,,,False,False,True,0.0,,,,,,,,,,,soft_lock,43,51,84.31372549019608,0.025348519659365687,0.9746514803406343,0.06305560008026297,1.0504444800642103,output/thetastar_master_plan/route_nodes/DK02_to_DK04_forward_main_04.csv
v15,DK02_to_DK04,forward_backup_04,DK02,DK04,forward,backup,4,False,Skipped because forward_main_04 failed.,,,,0,-1,,,,False,False,False,,,,,,,,,,,,,0,0,0.0,,,,,
v15,DK02_to_DK04,backward_main_01,DK04,DK02,backward,main,1,True,Path found. [safe fallback attempted],7773.4018715767725,7.773401871576772,717.868973095408,137,5912,6.902227401733398,,,False,True,True,100.0,,,,,,,,True,0.0,,strict_lock,0,124,0.0,0.49066569192191756,0.5093343080780824,0.3879577370583453,1.310366189646676,output/thetastar_master_plan/route_nodes/DK02_to_DK04_backward_main_01.csv
v15,DK02_to_DK04,backward_backup_01,DK04,DK02,backward,backup,1,True,Path found. [safe fallback attempted],7602.6911934581185,7.602691193458119,702.1624316171706,134,459,1.0265686511993408,48.134328358208954,False,False,True,True,,50.0,48.134328358208954,17.315627042119672,0.3424657534246575,True,50.0,-170.71067811865396,True,50.0,,strict_lock,0,121,0.0,0.4962988749416683,0.5037011250583316,0.3935077465427105,1.3148061972341685,output/thetastar_master_plan/route_nodes/DK02_to_DK04_backward_backup_01.csv
v15,DK02_to_DK04,backward_main_02,DK04,DK02,backward,main,2,False,"Rank skipped: 1 candidate main(s) tried, none had a viable backup; no new distinct main exists under the lock/overlap limits.",,,,0,-1,,,,False,False,False,,,,,,,,,,,,,0,0,0.0,,,,,
v15,DK02_to_DK04,backward_backup_02,DK04,DK02,backward,backup,2,False,Rank skipped: no main+backup couple found.,,,,0,-1,,,,False,False,False,,,,,,,,,,,,,0,0,0.0,,,,,
v15,DK02_to_DK04,backward_main_03,DK04,DK02,backward,main,3,False,"Path found. [safe fallback attempted] Overlap with locked routes = 43/51 nodes (84.31%), exceeds limit 10.00%.",3139.949493661167,3.1399494936611667,276.94396483145283,58,740,0.9640390872955322,,,False,False,True,0.0,,,,,,,,,,,soft_lock,43,51,84.31372549019608,0.025348519659365687,0.9746514803406342,0.06305560008026295,1.0504444800642105,output/thetastar_master_plan/route_nodes/DK02_to_DK04_backward_main_03.csv
v15,DK02_to_DK04,backward_backup_03,DK04,DK02,backward,backup,3,False,Skipped because backward_main_03 failed.,,,,0,-1,,,,False,False,False,,,,,,,,,,,,,0,0,0.0,,,,,
v15,DK02_to_DK04,backward_main_04,DK04,DK02,backward,main,4,False,"Path found. [safe fallback attempted] Overlap with locked routes = 43/51 nodes (84.31%), exceeds limit 10.00%.",3139.949493661167,3.1399494936611667,276.94396483145283,58,740,1.1892046928405762,,,False,False,True,0.0,,,,,,,,,,,soft_lock,43,51,84.31372549019608,0.025348519659365687,0.9746514803406342,0.06305560008026295,1.0504444800642105,output/thetastar_master_plan/route_nodes/DK02_to_DK04_backward_main_04.csv
v15,DK02_to_DK04,backward_backup_04,DK04,DK02,backward,backup,4,False,Skipped because backward_main_04 failed.,,,,0,-1,,,,False,False,False,,,,,,,,,,,,,0,0,0.0,,,,,
v15,DK02_to_DK05,forward_main_01,DK02,DK05,forward,main,1,True,Route forced through FLZ buffer via FLZ03.,4267.766952966369,4.267766952966369,450.52271974724533,76,2246,2.612457752227783,,,False,False,True,,,,,,,,,True,0.0,FLZ03,,0,0,0.0,0.507088017573615,0.492911982426385,,,output/thetastar_master_plan/route_nodes/DK02_to_DK05_forward_main_01.csv
v15,DK02_to_DK05,forward_backup_01,DK02,DK05,forward,backup,1,True,Backup forced through FLZ buffer via ring node NONE.,4579.898987322333,4.579898987322332,480.9514366583926,81,113,0.7518832683563232,45.06172839506173,False,False,False,True,,50.0,45.06172839506173,11.775519302858145,1.8518518518518519,True,50.0,312.1320343559637,True,35.35533905932738,NONE,no_lock,0,35,0.0,,,,,output/thetastar_master_plan/route_nodes/DK02_to_DK05_forward_backup_01.csv
v15,DK02_to_DK05,forward_main_02,DK02,DK05,forward,main,2,False,"Rank skipped: 9 candidate main(s) tried, none had a viable backup; no new distinct main exists under the lock/overlap limits.",,,,0,-1,,,,False,False,False,,,,,,,,,,,,,0,0,0.0,,,,,
v15,DK02_to_DK05,forward_backup_02,DK02,DK05,forward,backup,2,False,Rank skipped: no main+backup couple found.,,,,0,-1,,,,False,False,False,,,,,,,,,,,,,0,0,0.0,,,,,
v15,DK02_to_DK05,forward_main_03,DK02,DK05,forward,main,3,False,"Path found. Overlap with locked routes = 5/5 nodes (100.00%), exceeds limit 10.00%.",665.685424949238,0.665685424949238,55.182605131017176,11,51,0.3960285186767578,,,False,False,False,0.0,,,,,,,,,,,soft_lock,5,5,100.0,0.06647709909471837,0.9335229009052817,0.04404713156825662,1.0352377052546053,output/thetastar_master_plan/route_nodes/DK02_to_DK05_forward_main_03.csv
v15,DK02_to_DK05,forward_backup_03,DK02,DK05,forward,backup,3,False,Skipped because forward_main_03 failed.,,,,0,-1,,,,False,False,False,,,,,,,,,,,,,0,0,0.0,,,,,
v15,DK02_to_DK05,forward_main_04,DK02,DK05,forward,main,4,False,"Path found. Overlap with locked routes = 5/5 nodes (100.00%), exceeds limit 10.00%.",665.685424949238,0.665685424949238,55.182605131017176,11,51,0.32312703132629395,,,False,False,False,0.0,,,,,,,,,,,soft_lock,5,5,100.0,0.06647709909471837,0.9335229009052817,0.04404713156825662,1.0352377052546053,output/thetastar_master_plan/route_nodes/DK02_to_DK05_forward_main_04.csv
v15,DK02_to_DK05,forward_backup_04,DK02,DK05,forward,backup,4,False,Skipped because forward_main_04 failed.,,,,0,-1,,,,False,False,False,,,,,,,,,,,,,0,0,0.0,,,,,
v15,DK02_to_DK05,backward_main_01,DK05,DK02,backward,main,1,True,Route forced through FLZ buffer via FLZ04.,7125.483399593904,7.125483399593905,571.2807374159266,117,4055,2.8775899410247803,,,False,False,True,,,,,,,,,True,0.0,FLZ04,,3,99,3.0303030303030303,0.4021472188213909,0.5978527811786092,,,output/thetastar_master_plan/route_nodes/DK02_to_DK05_backward_main_01.csv
v15,DK02_to_DK05,backward_backup_01,DK05,DK02,backward,backup,1,True,Backup forced through FLZ buffer via ring node NONE.,7879.036790187178,7.879036790187178,628.0780501981317,130,231,1.1431643962860107,48.07692307692308,False,False,False,True,,50.0,48.07692307692308,0.2612242189567941,3.9603960396039604,True,50.0,753.5533905932734,True,50.0,NONE,soft_lock,6,103,5.825242718446602,,,,,output/thetastar_master_plan/route_nodes/DK02_to_DK05_backward_backup_01.csv
v15,DK02_to_DK05,backward_main_02,DK05,DK02,backward,main,2,False,"Rank skipped: 1 candidate main(s) tried, none had a viable backup; no new distinct main exists under the lock/overlap limits.",,,,0,-1,,,,False,False,False,,,,,,,,,,,,,0,0,0.0,,,,,
v15,DK02_to_DK05,backward_backup_02,DK05,DK02,backward,backup,2,False,Rank skipped: no main+backup couple found.,,,,0,-1,,,,False,False,False,,,,,,,,,,,,,0,0,0.0,,,,,
v15,DK02_to_DK05,backward_main_03,DK05,DK02,backward,main,3,False,"Path found. Overlap with locked routes = 5/5 nodes (100.00%), exceeds limit 10.00%.",665.685424949238,0.665685424949238,55.182605131017176,11,47,0.17533588409423828,,,False,False,False,0.0,,,,,,,,,,,soft_lock,5,5,100.0,0.06647709909471838,0.9335229009052817,0.04404713156825663,1.0352377052546056,output/thetastar_master_plan/route_nodes/DK02_to_DK05_backward_main_03.csv
v15,DK02_to_DK05,backward_backup_03,DK05,DK02,backward,backup,3,False,Skipped because backward_main_03 failed.,,,,0,-1,,,,False,False,False,,,,,,,,,,,,,0,0,0.0,,,,,
v15,DK02_to_DK05,backward_main_04,DK05,DK02,backward,main,4,False,"Path found. Overlap with locked routes = 5/5 nodes (100.00%), exceeds limit 10.00%.",665.685424949238,0.665685424949238,55.182605131017176,11,47,0.3247959613800049,,,False,False,False,0.0,,,,,,,,,,,soft_lock,5,5,100.0,0.06647709909471838,0.9335229009052817,0.04404713156825663,1.0352377052546056,output/thetastar_master_plan/route_nodes/DK02_to_DK05_backward_main_04.csv
v15,DK02_to_DK05,backward_backup_04,DK05,DK02,backward,backup,4,False,Skipped because backward_main_04 failed.,,,,0,-1,,,,False,False,False,,,,,,,,,,,,,0,0,0.0,,,,,
v15,DK02_to_DK06,forward_main_01,DK02,DK06,forward,main,1,True,Route forced through FLZ buffer via FLZ03.,3234.9242404917495,3.2349242404917495,327.4501785294908,57,1262,2.2119433879852295,,,False,False,True,,,,,,,,,True,0.0,FLZ03,,0,0,0.0,0.5562951742103246,0.4437048257896754,,,output/thetastar_master_plan/route_nodes/DK02_to_DK06_forward_main_01.csv
v15,DK02_to_DK06,forward_backup_01,DK02,DK06,forward,backup,1,True,Backup forced through FLZ buffer via ring node NONE.,3629.8989873223336,3.6298989873223335,362.2148103774175,62,129,0.9466047286987305,46.774193548387096,False,False,False,True,,50.0,46.774193548387096,7.877132016875397,2.3622047244094486,True,50.0,394.9747468305841,True,35.35533905932738,NONE,no_lock,0,45,0.0,,,,,output/thetastar_master_plan/route_nodes/DK02_to_DK06_forward_backup_01.csv
v15,DK02_to_DK06,forward_main_02,DK02,DK06,forward,main,2,False,"Rank skipped: 9 candidate main(s) tried, none had a viable backup; no new distinct main exists under the lock/overlap limits.",,,,0,-1,,,,False,False,False,,,,,,,,,,,,,0,0,0.0,,,,,
v15,DK02_to_DK06,forward_backup_02,DK02,DK06,forward,backup,2,False,Rank skipped: no main+backup couple found.,,,,0,-1,,,,False,False,False,,,,,,,,,,,,,0,0,0.0,,,,,
v15,DK02_to_DK06,forward_main_03,DK02,DK06,forward,main,3,False,"Path found. [safe fallback attempted] Overlap with locked routes = 14/23 nodes (60.87%), exceeds limit 10.00%.",1586.396103067893,1.5863961030678928,183.19534687923775,29,387,0.42975831031799316,,,False,False,True,0.0,,,,,,,,,,,soft_lock,14,23,60.869565217391305,0.24172638462927412,0.758273615370726,0.5947159752813612,1.4757727802250886,output/thetastar_master_plan/route_nodes/DK02_to_DK06_forward_main_03.csv
v15,DK02_to_DK06,forward_backup_03,DK02,DK06,forward,backup,3,False,Skipped because forward_main_03 failed.,,,,0,-1,,,,False,False,False,,,,,,,,,,,,,0,0,0.0,,,,,
v15,DK02_to_DK06,forward_main_04,DK02,DK06,forward,main,4,False,"Path found. [safe fallback attempted] Overlap with locked routes = 14/23 nodes (60.87%), exceeds limit 10.00%.",1586.396103067893,1.5863961030678928,183.19534687923775,29,387,0.4335298538208008,,,False,False,True,0.0,,,,,,,,,,,soft_lock,14,23,60.869565217391305,0.24172638462927412,0.758273615370726,0.5947159752813612,1.4757727802250886,output/thetastar_master_plan/route_nodes/DK02_to_DK06_forward_main_04.csv
v15,DK02_to_DK06,forward_backup_04,DK02,DK06,forward,backup,4,False,Skipped because forward_main_04 failed.,,,,0,-1,,,,False,False,False,,,,,,,,,,,,,0,0,0.0,,,,,
v15,DK02_to_DK06,backward_main_01,DK06,DK02,backward,main,1,True,Route forced through FLZ buffer via FLZ04.,6273.401871576773,6.273401871576773,471.91410499810934,107,3542,4.757398843765259,,,False,False,True,,,,,,,,,True,0.0,FLZ04,,4,94,4.25531914893617,0.5442972906972231,0.45570270930277695,,,output/thetastar_master_plan/route_nodes/DK02_to_DK06_backward_main_01.csv
v15,DK02_to_DK06,backward_backup_01,DK06,DK02,backward,backup,1,True,Path found. [safe fallback attempted],6668.376618407357,6.668376618407357,498.1509215512798,112,252,0.7530663013458252,48.214285714285715,False,False,True,True,,50.0,48.214285714285715,2.3307109854134254,3.1496062992125986,True,50.0,394.9747468305832,True,35.35533905932738,,soft_lock,2,100,2.0,0.5442350190778378,0.4557649809221623,0.13842497662233216,1.1107399812978656,output/thetastar_master_plan/route_nodes/DK02_to_DK06_backward_backup_01.csv
v15,DK02_to_DK06,backward_main_02,DK06,DK02,backward,main,2,False,"Rank skipped: 1 candidate main(s) tried, none had a viable backup; no new distinct main exists under the lock/overlap limits.",,,,0,-1,,,,False,False,False,,,,,,,,,,,,,0,0,0.0,,,,,
v15,DK02_to_DK06,backward_backup_02,DK06,DK02,backward,backup,2,False,Rank skipped: no main+backup couple found.,,,,0,-1,,,,False,False,False,,,,,,,,,,,,,0,0,0.0,,,,,
v15,DK02_to_DK06,backward_main_03,DK06,DK02,backward,main,3,False,"Path found. [safe fallback attempted] Overlap with locked routes = 12/23 nodes (52.17%), exceeds limit 10.00%.",1586.396103067893,1.5863961030678928,183.19534687923772,29,918,0.7211365699768066,,,False,False,True,0.0,,,,,,,,,,,soft_lock,12,23,52.17391304347826,0.24172638462927412,0.758273615370726,0.5947159752813614,1.4757727802250888,output/thetastar_master_plan/route_nodes/DK02_to_DK06_backward_main_03.csv
v15,DK02_to_DK06,backward_backup_03,DK06,DK02,backward,backup,3,False,Skipped because backward_main_03 failed.,,,,0,-1,,,,False,False,False,,,,,,,,,,,,,0,0,0.0,,,,,
v15,DK02_to_DK06,backward_main_04,DK06,DK02,backward,main,4,False,"Path found. [safe fallback attempted] Overlap with locked routes = 12/23 nodes (52.17%), exceeds limit 10.00%.",1586.396103067893,1.5863961030678928,183.19534687923772,29,918,0.7280237674713135,,,False,False,True,0.0,,,,,,,,,,,soft_lock,12,23,52.17391304347826,0.24172638462927412,0.758273615370726,0.5947159752813614,1.4757727802250888,output/thetastar_master_plan/route_nodes/DK02_to_DK06_backward_main_04.csv
v15,DK02_to_DK06,backward_backup_04,DK06,DK02,backward,backup,4,False,Skipped because backward_main_04 failed.,,,,0,-1,,,,False,False,False,,,,,,,,,,,,,0,0,0.0,,,,,
v15,DK03_to_DK04,forward_main_01,DK03,DK04,forward,main,1,True,Path found. [safe fallback attempted],4618.3766184073575,4.618376618407358,395.4351609472774,71,4568,4.412542819976807,,,False,False,True,,,,,,,,,True,70.71067811865476,,,0,0,0.0,0.36429672130658436,0.6357032786934156,0.24741058217867343,1.1979284657429388,output/thetastar_master_plan/route_nodes/DK03_to_DK04_forward_main_01.csv
v15,DK03_to_DK04,forward_backup_01,DK03,DK04,forward,backup,1,True,Path found. [safe fallback attempted],4689.087296526012,4.689087296526012,399.07186294281985,72,146,0.4918527603149414,47.22222222222222,False,False,False,True,,50.0,47.22222222222222,23.4563722055565,0.5714285714285714,True,50.0,70.71067811865487,True,35.35533905932738,,no_lock,0,64,0.0,0.3637814339311215,0.6362185660688785,0.236120163542748,1.1888961308341983,output/thetastar_master_plan/route_nodes/DK03_to_DK04_forward_backup_01.csv
v15,DK03_to_DK04,forward_main_02,DK03,DK04,forward,main,2,True,Path found. [safe fallback attempted],5521.320343559642,5.521320343559642,441.3205028792771,99,2981,3.001037120819092,,,False,False,True,100.0,,,,,,,,True,70.71067811865476,,strict_lock,0,89,0.0,0.48990578549395397,0.510094214506046,0.15613540193522374,1.124908321548179,output/thetastar_master_plan/route_nodes/DK03_to_DK04_forward_main_02.csv
v15,DK03_to_DK04,forward_backup_02,DK03,DK04,forward,backup,2,True,Path found. [safe fallback attempted],5450.609665440988,5.450609665440988,432.20610025717457,98,196,0.37888646125793457,48.46938775510204,False,False,False,True,,50.0,48.46938775510204,35.35533905932729,0.0,True,50.0,-70.71067811865487,True,35.35533905932738,,strict_lock,0,90,0.0,0.4991703546549492,0.5008296453450509,0.14926603375829203,1.1194128270066337,output/thetastar_master_plan/route_nodes/DK03_to_DK04_forward_backup_02.csv
v15,DK03_to_DK04,forward_main_03,DK03,DK04,forward,main,3,False,"Rank skipped: 2 candidate main(s) tried, none had a viable backup; no new distinct main exists under the lock/overlap limits.",,,,0,-1,,,,False,False,False,,,,,,,,,,,,,0,0,0.0,,,,,
v15,DK03_to_DK04,forward_backup_03,DK03,DK04,forward,backup,3,False,Rank skipped: no main+backup couple found.,,,,0,-1,,,,False,False,False,,,,,,,,,,,,,0,0,0.0,,,,,
v15,DK03_to_DK04,forward_main_04,DK03,DK04,forward,main,4,False,"Path found. [safe fallback attempted] Overlap with locked routes = 61/61 nodes (100.00%), exceeds limit 10.00%.",4618.3766184073575,4.618376618407358,395.4351609472774,71,4568,2.2457783222198486,,,False,False,True,0.0,,,,,,,,,,,soft_lock,61,61,100.0,0.36429672130658436,0.6357032786934156,0.24741058217867343,1.1979284657429388,output/thetastar_master_plan/route_nodes/DK03_to_DK04_forward_main_04.csv
v15,DK03_to_DK04,forward_backup_04,DK03,DK04,forward,backup,4,False,Skipped because forward_main_04 failed.,,,,0,-1,,,,False,False,False,,,,,,,,,,,,,0,0,0.0,,,,,
v15,DK03_to_DK04,backward_main_01,DK04,DK03,backward,main,1,True,Route forced through FLZ buffer via FLZ04.,5379.898987322334,5.379898987322334,419.34774146514894,97,1619,2.0398812294006348,,,False,False,True,,,,,,,,,True,0.0,FLZ04,,0,87,0.0,0.5196341189453075,0.48036588105469236,,,output/thetastar_master_plan/route_nodes/DK03_to_DK04_backward_main_01.csv
v15,DK03_to_DK04,backward_backup_01,DK04,DK03,backward,backup,1,True,Path found. [safe fallback attempted],5409.188309203679,5.409188309203679,425.0374790699192,98,174,0.528362512588501,47.95918367346939,False,False,False,True,,50.0,47.95918367346939,23.383023682352256,0.49019607843137253,True,50.0,29.28932188134513,True,35.35533905932738,,strict_lock,0,87,0.0,0.5122584930535939,0.48774150694640594,0.1415183305088111,1.113214664407049,output/thetastar_master_plan/route_nodes/DK03_to_DK04_backward_backup_01.csv
v15,DK03_to_DK04,backward_main_02,DK04,DK03,backward,main,2,True,Path found. [safe fallback attempted],4759.797974644666,4.759797974644666,402.6830669788513,73,887,1.1338489055633545,,,False,False,True,50.0,,,,,,,,True,0.0,,strict_lock,0,64,0.0,0.3622860697748532,0.6377139302251469,0.22470135242223005,1.1797610819377842,output/thetastar_master_plan/route_nodes/DK03_to_DK04_backward_main_02.csv
v15,DK03_to_DK04,backward_backup_02,DK04,DK03,backward,backup,2,True,Path found. [safe fallback attempted],4689.087296526012,4.689087296526012,399.07186294282,72,135,0.4835059642791748,47.22222222222222,False,False,False,True,,50.0,47.22222222222222,35.35533905932706,0.0,True,50.0,-70.71067811865396,True,35.35533905932738,,strict_lock,0,64,0.0,0.3637814339311216,0.6362185660688784,0.236120163542748,1.1888961308341983,output/thetastar_master_plan/route_nodes/DK03_to_DK04_backward_backup_02.csv
v15,DK03_to_DK04,backward_main_03,DK04,DK03,backward,main,3,False,"Rank skipped: 1 candidate main(s) tried, none had a viable backup; no new distinct main exists under the lock/overlap limits.",,,,0,-1,,,,False,False,False,,,,,,,,,,,,,0,0,0.0,,,,,
v15,DK03_to_DK04,backward_backup_03,DK04,DK03,backward,backup,3,False,Rank skipped: no main+backup couple found.,,,,0,-1,,,,False,False,False,,,,,,,,,,,,,0,0,0.0,,,,,
v15,DK03_to_DK04,backward_main_04,DK04,DK03,backward,main,4,False,"Path found. [safe fallback attempted] Overlap with locked routes = 61/61 nodes (100.00%), exceeds limit 10.00%.",4618.3766184073575,4.618376618407358,395.4351609472772,71,2437,1.3126122951507568,,,False,False,True,0.0,,,,,,,,,,,soft_lock,61,61,100.0,0.36429672130658447,0.6357032786934155,0.24741058217867343,1.1979284657429388,output/thetastar_master_plan/route_nodes/DK03_to_DK04_backward_main_04.csv
v15,DK03_to_DK04,backward_backup_04,DK04,DK03,backward,backup,4,False,Skipped because backward_main_04 failed.,,,,0,-1,,,,False,False,False,,,,,,,,,,,,,0,0,0.0,,,,,
v15,DK03_to_DK05,forward_main_01,DK03,DK05,forward,main,1,True,Route forced through FLZ buffer via FLZ03.,2834.92424049175,2.83492424049175,245.4724637272549,49,1205,1.3211703300476074,,,False,False,True,,,,,,,,,True,0.0,FLZ03,,0,0,0.0,0.6397472337742733,0.3602527662257268,,,output/thetastar_master_plan/route_nodes/DK03_to_DK05_forward_main_01.csv
v15,DK03_to_DK05,forward_backup_01,DK03,DK05,forward,backup,1,True,Path found. [safe fallback attempted],2793.5028842544402,2.79350288425444,242.73817516941102,49,89,0.5166733264923096,44.89795918367347,False,False,False,True,,50.0,44.89795918367347,35.35533905932706,0.0,True,50.0,-41.42135623730974,True,50.0,,no_lock,0,41,0.0,0.6304205760547485,0.36957942394525156,0.4653712285449754,1.3722969828359803,output/thetastar_master_plan/route_nodes/DK03_to_DK05_forward_backup_01.csv
v15,DK03_to_DK05,forward_main_02,DK03,DK05,forward,main,2,False,"Rank skipped: 8 candidate main(s) tried, none had a viable backup; no new distinct main exists under the lock/overlap limits.",,,,0,-1,,,,False,False,False,,,,,,,,,,,,,0,0,0.0,,,,,
v15,DK03_to_DK05,forward_backup_02,DK03,DK05,forward,backup,2,False,Rank skipped: no main+backup couple found.,,,,0,-1,,,,False,False,False,,,,,,,,,,,,,0,0,0.0,,,,,
v15,DK03_to_DK05,forward_main_03,DK03,DK05,forward,main,3,False,"Path found. Overlap with locked routes = 41/41 nodes (100.00%), exceeds limit 10.00%.",2420.710678118655,2.4207106781186547,208.24086448684275,49,1134,0.43575477600097656,,,False,False,False,0.0,,,,,,,,,,,soft_lock,41,41,100.0,0.534025357285881,0.46597464271411915,0.41764896389606976,1.3341191711168554,output/thetastar_master_plan/route_nodes/DK03_to_DK05_forward_main_03.csv
v15,DK03_to_DK05,forward_backup_03,DK03,DK05,forward,backup,3,False,Skipped because forward_main_03 failed.,,,,0,-1,,,,False,False,False,,,,,,,,,,,,,0,0,0.0,,,,,
v15,DK03_to_DK05,forward_main_04,DK03,DK05,forward,main,4,False,"Path found. Overlap with locked routes = 41/41 nodes (100.00%), exceeds limit 10.00%.",2420.710678118655,2.4207106781186547,208.24086448684275,49,1134,0.3532090187072754,,,False,False,False,0.0,,,,,,,,,,,soft_lock,41,41,100.0,0.534025357285881,0.46597464271411915,0.41764896389606976,1.3341191711168554,output/thetastar_master_plan/route_nodes/DK03_to_DK05_forward_main_04.csv
v15,DK03_to_DK05,forward_backup_04,DK03,DK05,forward,backup,4,False,Skipped because forward_main_04 failed.,,,,0,-1,,,,False,False,False,,,,,,,,,,,,,0,0,0.0,,,,,
v15,DK03_to_DK05,backward_main_01,DK05,DK03,backward,main,1,True,Route forced through FLZ buffer via FLZ04.,5778.42712474619,5.77842712474619,435.33536234835054,100,1950,2.3639652729034424,,,False,False,True,,,,,,,,,True,0.0,FLZ04,,0,90,0.0,0.5690607391975967,0.4309392608024033,,,output/thetastar_master_plan/route_nodes/DK03_to_DK05_backward_main_01.csv
v15,DK03_to_DK05,backward_backup_01,DK05,DK03,backward,backup,1,True,Path found. [safe fallback attempted],5949.137802864845,5.949137802864845,448.5480536918351,103,204,0.5778186321258545,48.54368932038835,False,False,True,True,,50.0,48.54368932038835,4.82600593230088,1.3333333333333333,True,50.0,170.71067811865487,True,35.35533905932738,,soft_lock,5,92,5.434782608695652,0.5624728383226086,0.4375271616773913,0.14250928807053445,1.1140074304564278,output/thetastar_master_plan/route_nodes/DK03_to_DK05_backward_backup_01.csv
v15,DK03_to_DK05,backward_main_02,DK05,DK03,backward,main,2,False,"Rank skipped: 1 candidate main(s) tried, none had a viable backup; no new distinct main exists under the lock/overlap limits.",,,,0,-1,,,,False,False,False,,,,,,,,,,,,,0,0,0.0,,,,,
v15,DK03_to_DK05,backward_backup_02,DK05,DK03,backward,backup,2,False,Rank skipped: no main+backup couple found.,,,,0,-1,,,,False,False,False,,,,,,,,,,,,,0,0,0.0,,,,,
v15,DK03_to_DK05,backward_main_03,DK05,DK03,backward,main,3,False,"Path found. Overlap with locked routes = 41/41 nodes (100.00%), exceeds limit 10.00%.",2420.710678118655,2.4207106781186547,208.24086448684275,49,816,0.37435197830200195,,,False,False,False,0.0,,,,,,,,,,,soft_lock,41,41,100.0,0.5346012576859038,0.46539874231409617,0.418505231459963,1.3348041851679704,output/thetastar_master_plan/route_nodes/DK03_to_DK05_backward_main_03.csv
v15,DK03_to_DK05,backward_backup_03,DK05,DK03,backward,backup,3,False,Skipped because backward_main_03 failed.,,,,0,-1,,,,False,False,False,,,,,,,,,,,,,0,0,0.0,,,,,
v15,DK03_to_DK05,backward_main_04,DK05,DK03,backward,main,4,False,"Path found. Overlap with locked routes = 41/41 nodes (100.00%), exceeds limit 10.00%.",2420.710678118655,2.4207106781186547,208.24086448684275,49,816,0.27553820610046387,,,False,False,False,0.0,,,,,,,,,,,soft_lock,41,41,100.0,0.5346012576859038,0.46539874231409617,0.418505231459963,1.3348041851679704,output/thetastar_master_plan/route_nodes/DK03_to_DK05_backward_main_04.csv
v15,DK03_to_DK05,backward_backup_04,DK05,DK03,backward,backup,4,False,Skipped because backward_main_04 failed.,,,,0,-1,,,,False,False,False,,,,,,,,,,,,,0,0,0.0,,,,,
v15,DK03_to_DK06,forward_main_01,DK03,DK06,forward,main,1,True,Route forced through FLZ buffer via FLZ03.,1802.081528017131,1.802081528017131,122.39992250950036,30,221,0.991976261138916,,,False,False,True,,,,,,,,,True,0.0,FLZ03,,0,0,0.0,0.8172583349777719,0.18274166502222805,,,output/thetastar_master_plan/route_nodes/DK03_to_DK06_forward_main_01.csv
v15,DK03_to_DK06,forward_backup_01,DK03,DK06,forward,backup,1,True,Path found. [safe fallback attempted],1802.081528017131,1.802081528017131,120.5490178076234,30,65,0.48720526695251465,45.0,False,False,False,True,,50.0,45.0,35.35533905932706,0.0,True,50.0,0.0,True,50.0,,no_lock,0,23,0.0,0.8018075887700946,0.1981924112299053,0.17949094235163363,1.1435927538813069,output/thetastar_master_plan/route_nodes/DK03_to_DK06_forward_backup_01.csv
v15,DK03_to_DK06,forward_main_02,DK03,DK06,forward,main,2,True,Route forced through FLZ buffer via FLZ01.,6840.559159102155,6.840559159102154,444.7420248257202,120,2727,3.825317859649658,,,False,False,True,,,,,,,,,True,0.0,FLZ01,,10,102,9.803921568627452,0.778612469332609,0.22138753066739097,,,output/thetastar_master_plan/route_nodes/DK03_to_DK06_forward_main_02.csv
v15,DK03_to_DK06,forward_backup_02,DK03,DK06,forward,backup,2,True,Path found. [safe fallback attempted],2826.3455967290593,2.8263455967290594,194.84108312497187,48,153,0.604661226272583,82.76650429449553,False,False,False,True,,100.0,82.76650429449553,70.71067811865443,0.0,True,100.0,-4014.2135623730956,True,70.71067811865476,,strict_lock,0,39,0.0,0.758255775078346,0.24174422492165407,0.18710013813989146,1.1496801105119132,output/thetastar_master_plan/route_nodes/DK03_to_DK06_forward_backup_02.csv
v15,DK03_to_DK06,forward_main_03,DK03,DK06,forward,main,3,True,Path found. [safe fallback attempted],7547.665940288702,7.547665940288701,518.5891375687587,130,3239,2.085977554321289,,,False,True,True,50.0,,,,,,,,True,0.0,,strict_lock,0,119,0.0,0.6630152893418666,0.33698471065813346,0.11463574180425222,1.0917085934434019,output/thetastar_master_plan/route_nodes/DK03_to_DK06_forward_main_03.csv
v15,DK03_to_DK06,forward_backup_03,DK03,DK06,forward,backup,3,True,Path found. [safe fallback attempted],7576.955262170048,7.576955262170047,516.6897661368637,131,380,0.48967933654785156,48.85496183206107,False,False,True,True,,50.0,48.85496183206107,2.9358904748409205,1.0309278350515463,True,50.0,29.28932188134604,True,50.0,,strict_lock,0,122,0.0,0.6633885859024028,0.33661141409759726,0.10280626296073662,1.0822450103685892,output/thetastar_master_plan/route_nodes/DK03_to_DK06_forward_backup_03.csv
v15,DK03_to_DK06,forward_main_04,DK03,DK06,forward,main,4,False,"Rank skipped: 1 candidate main(s) tried, none had a viable backup; no new distinct main exists under the lock/overlap limits.",,,,0,-1,,,,False,False,False,,,,,,,,,,,,,0,0,0.0,,,,,
v15,DK03_to_DK06,forward_backup_04,DK03,DK06,forward,backup,4,False,Rank skipped: no main+backup couple found.,,,,0,-1,,,,False,False,False,,,,,,,,,,,,,0,0,0.0,,,,,
v15,DK03_to_DK06,backward_main_01,DK06,DK03,backward,main,1,True,Route forced through FLZ buffer via FLZ04.,4926.34559672906,4.92634559672906,335.96872993053324,90,1437,2.3693342208862305,,,False,False,True,,,,,,,,,True,0.0,FLZ04,,3,76,3.9473684210526314,0.7566073269139979,0.24339267308600215,,,output/thetastar_master_plan/route_nodes/DK03_to_DK06_backward_main_01.csv
v15,DK03_to_DK06,backward_backup_01,DK06,DK03,backward,backup,1,True,Path found. [safe fallback attempted],4197.056274847714,4.197056274847714,294.1924997258975,75,142,0.6135578155517578,46.0,False,False,True,True,,50.0,46.0,2.0745722465704195,2.5806451612903225,True,50.0,-729.289321881346,True,35.35533905932738,,strict_lock,0,66,0.0,0.7255852014676878,0.2744147985323122,0.18837573133558602,1.150700585068469,output/thetastar_master_plan/route_nodes/DK03_to_DK06_backward_backup_01.csv
v15,DK03_to_DK06,backward_main_02,DK06,DK03,backward,main,2,True,Path found. [safe fallback attempted],7381.980515339465,7.381980515339465,518.5064580789328,130,3581,3.410975456237793,,,False,True,True,150.0,,,,,,,,True,70.71067811865476,,strict_lock,0,119,0.0,0.713334925344162,0.28666507465583796,0.19578768390946327,1.1566301471275706,output/thetastar_master_plan/route_nodes/DK03_to_DK06_backward_main_02.csv
v15,DK03_to_DK06,backward_backup_02,DK06,DK03,backward,backup,2,True,Path found. [safe fallback attempted],7294.112549695428,7.294112549695428,509.9830307394223,127,354,0.4845566749572754,49.21259842519685,False,False,True,True,,50.0,49.21259842519685,1.8674265513315607,1.7921146953405018,True,50.0,-87.8679656440363,True,35.35533905932738,,strict_lock,0,119,0.0,0.7263038636781195,0.2736961363218805,0.19773515198561303,1.1581881215884906,output/thetastar_master_plan/route_nodes/DK03_to_DK06_backward_backup_02.csv
v15,DK03_to_DK06,backward_main_03,DK06,DK03,backward,main,3,False,"Rank skipped: 6 candidate main(s) tried, none had a viable backup; no new distinct main exists under the lock/overlap limits.",,,,0,-1,,,,False,False,False,,,,,,,,,,,,,0,0,0.0,,,,,
v15,DK03_to_DK06,backward_backup_03,DK06,DK03,backward,backup,3,False,Rank skipped: no main+backup couple found.,,,,0,-1,,,,False,False,False,,,,,,,,,,,,,0,0,0.0,,,,,
v15,DK03_to_DK06,backward_main_04,DK06,DK03,backward,main,4,False,"Path found. Overlap with locked routes = 18/24 nodes (75.00%), exceeds limit 10.00%.",1553.553390593274,1.553553390593274,102.3708510706358,30,258,0.20078516006469727,,,False,False,False,0.0,,,,,,,,,,,soft_lock,18,24,75.0,0.7545978112574067,0.24540218874259312,0.11045148130204874,1.088361185041639,output/thetastar_master_plan/route_nodes/DK03_to_DK06_backward_main_04.csv
v15,DK03_to_DK06,backward_backup_04,DK06,DK03,backward,backup,4,False,Skipped because backward_main_04 failed.,,,,0,-1,,,,False,False,False,,,,,,,,,,,,,0,0,0.0,,,,,
v15,DK04_to_DK05,forward_main_01,DK04,DK05,forward,main,1,True,Route forced through FLZ buffer via FLZ03.,5556.244584051393,5.5562445840513925,514.0398393085559,91,2914,3.9851856231689453,,,False,False,True,,,,,,,,,True,0.0,FLZ03,,0,0,0.0,0.36568363979129015,0.63431636020871,,,output/thetastar_master_plan/route_nodes/DK04_to_DK05_forward_main_01.csv
v15,DK04_to_DK05,forward_backup_01,DK04,DK05,forward,backup,1,True,Path found. [safe fallback attempted],5626.955262170048,5.626955262170048,518.5002305988905,92,174,0.6807758808135986,47.82608695652174,False,False,True,True,,50.0,47.82608695652174,4.399032115032259,1.408450704225352,True,50.0,70.71067811865487,True,35.35533905932738,,no_lock,0,83,0.0,0.36433087849511275,0.6356691215048873,0.38205962942431193,1.3056477035394496,output/thetastar_master_plan/route_nodes/DK04_to_DK05_forward_backup_01.csv
v15,DK04_to_DK05,forward_main_02,DK04,DK05,forward,main,2,True,Path found. [safe fallback attempted],7049.137802864845,7.049137802864845,605.5330992639471,125,3819,2.387086868286133,,,False,True,True,100.0,,,,,,,,True,0.0,,strict_lock,0,112,0.0,0.5350648780757,0.4649351219243002,0.3154490270224492,1.2523592216179593,output/thetastar_master_plan/route_nodes/DK04_to_DK05_forward_main_02.csv
v15,DK04_to_DK05,forward_backup_02,DK04,DK05,forward,backup,2,True,Path found. [safe fallback attempted],6907.716446627535,6.907716446627536,595.1087585727132,123,342,0.4653041362762451,47.96747967479675,False,False,True,True,,50.0,47.96747967479675,17.36882756378566,0.3787878787878788,True,50.0,-141.42135623730974,True,50.0,,strict_lock,0,110,0.0,0.5376158362783628,0.4623841637216372,0.3236462970081131,1.2589170376064902,output/thetastar_master_plan/route_nodes/DK04_to_DK05_forward_backup_02.csv
v15,DK04_to_DK05,forward_main_03,DK04,DK05,forward,main,3,True,Path found. [safe fallback attempted],5797.665940288703,5.797665940288702,533.1141698650376,95,2549,1.6748073101043701,,,False,True,True,0.0,,,,,,,,True,0.0,,strict_lock,0,84,0.0,0.36518681367099776,0.6348131863290023,0.374844508624532,1.2998756068996256,output/thetastar_master_plan/route_nodes/DK04_to_DK05_forward_main_03.csv
v15,DK04_to_DK05,forward_backup_03,DK04,DK05,forward,backup,3,True,Path found. [safe fallback attempted],6080.508652763321,6.080508652763321,555.2234699639437,99,320,0.4261791706085205,51.78126865382888,False,False,True,True,,100.0,51.78126865382888,4.412820127826933,2.5974025974025974,True,70.71067811865476,282.84271247461857,True,50.0,,strict_lock,0,90,0.0,0.36414067965932095,0.6358593203406789,0.3595890376883971,1.2876712301507178,output/thetastar_master_plan/route_nodes/DK04_to_DK05_forward_backup_03.csv
v15,DK04_to_DK05,forward_main_04,DK04,DK05,forward,main,4,False,"Rank skipped: 1 candidate main(s) tried, none had a viable backup; no new distinct main exists under the lock/overlap limits.",,,,0,-1,,,,False,False,False,,,,,,,,,,,,,0,0,0.0,,,,,
v15,DK04_to_DK05,forward_backup_04,DK04,DK05,forward,backup,4,False,Rank skipped: no main+backup couple found.,,,,0,-1,,,,False,False,False,,,,,,,,,,,,,0,0,0.0,,,,,
v15,DK04_to_DK05,backward_main_01,DK05,DK04,backward,main,1,True,Route forced through FLZ buffer via FLZ04.,6592.640687119286,6.592640687119286,560.0444571866622,108,3822,2.6546905040740967,,,False,False,True,,,,,,,,,True,0.0,FLZ04,,0,93,0.0,0.42315390182155743,0.5768460981784425,,,output/thetastar_master_plan/route_nodes/DK04_to_DK05_backward_main_01.csv
v15,DK04_to_DK05,backward_backup_01,DK05,DK04,backward,backup,1,True,Backup forced through FLZ buffer via ring node NONE.,7892.640687119285,7.892640687119285,659.8829796645978,134,205,0.5891191959381104,48.134328358208954,False,False,False,True,,50.0,48.134328358208954,6.0846483498323,1.6501650165016502,True,50.0,1299.999999999999,True,50.0,NONE,soft_lock,6,104,5.769230769230769,,,,,output/thetastar_master_plan/route_nodes/DK04_to_DK05_backward_backup_01.csv
v15,DK04_to_DK05,backward_main_02,DK05,DK04,backward,main,2,False,"Rank skipped: 1 candidate main(s) tried, none had a viable backup; no new distinct main exists under the lock/overlap limits.",,,,0,-1,,,,False,False,False,,,,,,,,,,,,,0,0,0.0,,,,,
v15,DK04_to_DK05,backward_backup_02,DK05,DK04,backward,backup,2,False,Rank skipped: no main+backup couple found.,,,,0,-1,,,,False,False,False,,,,,,,,,,,,,0,0,0.0,,,,,
v15,DK04_to_DK05,backward_main_03,DK05,DK04,backward,main,3,False,"Path found. [safe fallback attempted] Overlap with locked routes = 37/62 nodes (59.68%), exceeds limit 10.00%.",4124.873734152916,4.124873734152916,369.57091780415897,69,1706,0.9383347034454346,,,False,False,True,0.0,,,,,,,,,,,soft_lock,37,62,59.67741935483871,0.14363506401568502,0.8563649359843151,0.1560948193988896,1.1248758555191118,output/thetastar_master_plan/route_nodes/DK04_to_DK05_backward_main_03.csv
v15,DK04_to_DK05,backward_backup_03,DK05,DK04,backward,backup,3,False,Skipped because backward_main_03 failed.,,,,0,-1,,,,False,False,False,,,,,,,,,,,,,0,0,0.0,,,,,
v15,DK04_to_DK05,backward_main_04,DK05,DK04,backward,main,4,False,"Path found. [safe fallback attempted] Overlap with locked routes = 37/62 nodes (59.68%), exceeds limit 10.00%.",4124.873734152916,4.124873734152916,369.57091780415897,69,1706,0.8568012714385986,,,False,False,True,0.0,,,,,,,,,,,soft_lock,37,62,59.67741935483871,0.14363506401568502,0.8563649359843151,0.1560948193988896,1.1248758555191118,output/thetastar_master_plan/route_nodes/DK04_to_DK05_backward_main_04.csv
v15,DK04_to_DK05,backward_backup_04,DK05,DK04,backward,backup,4,False,Skipped because backward_main_04 failed.,,,,0,-1,,,,False,False,False,,,,,,,,,,,,,0,0,0.0,,,,,
v15,DK04_to_DK06,forward_main_01,DK04,DK06,forward,main,1,True,Route forced through FLZ buffer via FLZ03.,4523.401871576773,4.523401871576773,390.96729809080125,72,1930,2.932271957397461,,,False,False,True,,,,,,,,,True,0.0,FLZ03,,0,0,0.0,0.36732426132501633,0.6326757386749837,,,output/thetastar_master_plan/route_nodes/DK04_to_DK06_forward_main_01.csv
v15,DK04_to_DK06,forward_backup_01,DK04,DK06,forward,backup,1,True,Path found. [safe fallback attempted],4494.112549695428,4.494112549695428,387.9128793003452,71,135,0.5991969108581543,46.478873239436616,False,False,False,True,,50.0,46.478873239436616,17.515772906112034,0.5988023952095808,True,50.0,-29.28932188134513,True,50.0,,no_lock,0,63,0.0,0.3526913787847623,0.6473086212152377,0.2510214922399098,1.2008171937919276,output/thetastar_master_plan/route_nodes/DK04_to_DK06_forward_backup_01.csv
v15,DK04_to_DK06,forward_main_02,DK04,DK06,forward,main,2,True,Path found. [safe fallback attempted],6040.559159102155,6.040559159102155,478.7176446197825,104,2330,1.5848729610443115,,,False,False,True,50.0,,,,,,,,True,50.0,,strict_lock,0,91,0.0,0.5849585410229488,0.41504145897705125,0.21084309892442887,1.1686744791395431,output/thetastar_master_plan/route_nodes/DK04_to_DK06_forward_main_02.csv
v15,DK04_to_DK06,forward_backup_02,DK04,DK06,forward,backup,2,True,Path found. [safe fallback attempted],5899.137802864845,5.899137802864845,468.4542205522997,102,218,0.39290452003479004,48.03921568627451,False,False,False,True,,50.0,48.03921568627451,35.35533905932706,0.0,True,50.0,-141.42135623730974,True,0.0,,strict_lock,0,90,0.0,0.5856703075415752,0.41432969245842477,0.21361813917595465,1.170894511340764,output/thetastar_master_plan/route_nodes/DK04_to_DK06_forward_backup_02.csv
v15,DK04_to_DK06,forward_main_03,DK04,DK06,forward,main,3,False,"Path found. [safe fallback attempted] Overlap with locked routes = 57/57 nodes (100.00%), exceeds limit 10.00%.",3709.1883092036787,3.709188309203679,315.78579689920866,64,1396,0.8124067783355713,,,False,False,True,0.0,,,,,,,,,,,soft_lock,57,57,100.0,0.19658523879305992,0.8034147612069401,0.11947514327426204,1.0955801146194095,output/thetastar_master_plan/route_nodes/DK04_to_DK06_forward_main_03.csv
v15,DK04_to_DK06,forward_backup_03,DK04,DK06,forward,backup,3,False,Skipped because forward_main_03 failed.,,,,0,-1,,,,False,False,False,,,,,,,,,,,,,0,0,0.0,,,,,
v15,DK04_to_DK06,forward_main_04,DK04,DK06,forward,main,4,False,"Path found. [safe fallback attempted] Overlap with locked routes = 57/57 nodes (100.00%), exceeds limit 10.00%.",3709.1883092036787,3.709188309203679,315.78579689920866,64,1396,0.7983148097991943,,,False,False,True,0.0,,,,,,,,,,,soft_lock,57,57,100.0,0.19658523879305992,0.8034147612069401,0.11947514327426204,1.0955801146194095,output/thetastar_master_plan/route_nodes/DK04_to_DK06_forward_main_04.csv
v15,DK04_to_DK06,forward_backup_04,DK04,DK06,forward,backup,4,False,Skipped because forward_main_04 failed.,,,,0,-1,,,,False,False,False,,,,,,,,,,,,,0,0,0.0,,,,,
v15,DK04_to_DK06,backward_main_01,DK06,DK04,backward,main,1,True,Route forced through FLZ buffer via FLZ04.,5740.559159102155,5.740559159102155,460.67782476884486,98,3309,2.325951099395752,,,False,False,True,,,,,,,,,True,0.0,FLZ04,,3,85,3.5294117647058822,0.5805021112166158,0.4194978887833843,,,output/thetastar_master_plan/route_nodes/DK04_to_DK06_backward_main_01.csv
v15,DK04_to_DK06,backward_backup_01,DK06,DK04,backward,backup,1,True,Path found. [safe fallback attempted],5881.980515339465,5.881980515339465,471.4236847724374,100,192,0.3693850040435791,46.5,False,False,False,True,,50.0,46.5,0.3054149942457777,4.484304932735426,True,50.0,141.42135623730974,True,35.35533905932738,,strict_lock,0,88,0.0,0.5847578505996835,0.4152421494003164,0.2310589694991721,1.1848471755993375,output/thetastar_master_plan/route_nodes/DK04_to_DK06_backward_backup_01.csv
v15,DK04_to_DK06,backward_main_02,DK06,DK04,backward,main,2,False,"Rank skipped: 5 candidate main(s) tried, none had a viable backup; no new distinct main exists under the lock/overlap limits.",,,,0,-1,,,,False,False,False,,,,,,,,,,,,,0,0,0.0,,,,,
v15,DK04_to_DK06,backward_backup_02,DK06,DK04,backward,backup,2,False,Rank skipped: no main+backup couple found.,,,,0,-1,,,,False,False,False,,,,,,,,,,,,,0,0,0.0,,,,,
v15,DK04_to_DK06,backward_main_03,DK06,DK04,backward,main,3,False,"Path found. [safe fallback attempted] Overlap with locked routes = 57/57 nodes (100.00%), exceeds limit 10.00%.",3709.1883092036783,3.7091883092036784,315.78579689920866,64,2206,1.4591424465179443,,,False,False,True,0.0,,,,,,,,,,,soft_lock,57,57,100.0,0.19658523879305992,0.8034147612069401,0.11947514327426204,1.0955801146194097,output/thetastar_master_plan/route_nodes/DK04_to_DK06_backward_main_03.csv
v15,DK04_to_DK06,backward_backup_03,DK06,DK04,backward,backup,3,False,Skipped because backward_main_03 failed.,,,,0,-1,,,,False,False,False,,,,,,,,,,,,,0,0,0.0,,,,,
v15,DK04_to_DK06,backward_main_04,DK06,DK04,backward,main,4,False,"Path found. [safe fallback attempted] Overlap with locked routes = 57/57 nodes (100.00%), exceeds limit 10.00%.",3709.1883092036783,3.7091883092036784,315.78579689920866,64,2206,1.4440650939941406,,,False,False,True,0.0,,,,,,,,,,,soft_lock,57,57,100.0,0.19658523879305992,0.8034147612069401,0.11947514327426204,1.0955801146194097,output/thetastar_master_plan/route_nodes/DK04_to_DK06_backward_main_04.csv
v15,DK04_to_DK06,backward_backup_04,DK06,DK04,backward,backup,4,False,Skipped because backward_main_04 failed.,,,,0,-1,,,,False,False,False,,,,,,,,,,,,,0,0,0.0,,,,,
v15,DK05_to_DK06,forward_main_01,DK05,DK06,forward,main,1,True,Route forced through FLZ buffer via FLZ03.,2681.370849898476,2.6813708498984763,239.92045358092747,48,832,1.3551726341247559,,,False,False,True,,,,,,,,,True,0.0,FLZ03,,0,0,0.0,0.6480593393587394,0.35194066064126056,,,output/thetastar_master_plan/route_nodes/DK05_to_DK06_forward_main_01.csv
v15,DK05_to_DK06,forward_backup_01,DK05,DK06,forward,backup,1,True,Backup forced through FLZ buffer via ring node NONE.,3005.6349186104044,3.0056349186104043,264.2282922348467,52,121,0.7616233825683594,45.19230769230769,False,False,False,True,,50.0,45.19230769230769,9.107142443036992,2.9411764705882355,True,50.0,324.2640687119283,True,35.35533905932738,NONE,no_lock,0,34,0.0,,,,,output/thetastar_master_plan/route_nodes/DK05_to_DK06_forward_backup_01.csv
v15,DK05_to_DK06,forward_main_02,DK05,DK06,forward,main,2,True,Path found. [safe fallback attempted],7380.508652763322,7.380508652763322,594.962353982945,125,2541,3.2572073936462402,,,False,True,True,100.0,,,,,,,,True,50.0,,strict_lock,0,116,0.0,0.5162039265373612,0.48379607346263886,0.21459208956371975,1.171673671650976,output/thetastar_master_plan/route_nodes/DK05_to_DK06_forward_main_02.csv
v15,DK05_to_DK06,forward_backup_02,DK05,DK06,forward,backup,2,True,Path found. [safe fallback attempted],7309.797974644666,7.309797974644666,600.2585842106538,124,314,0.8541409969329834,48.38709677419355,False,False,True,True,,50.0,48.38709677419355,8.1011050035456,1.0714285714285714,True,50.0,-70.71067811865578,True,0.0,,strict_lock,0,111,0.0,0.5100071633143943,0.4899928366856056,0.2326525730347174,1.186122058427774,output/thetastar_master_plan/route_nodes/DK05_to_DK06_forward_backup_02.csv
v15,DK05_to_DK06,forward_main_03,DK05,DK06,forward,main,3,False,"Path found. Overlap with locked routes = 8/14 nodes (57.14%), exceeds limit 10.00%.",1032.842712474619,1.0328427124746191,85.65767004450272,20,165,0.17476963996887207,,,False,False,False,0.0,,,,,,,,,,,soft_lock,8,14,57.142857142857146,0.3259840270940041,0.6740159729059959,0.16080363415862137,1.128642907326897,output/thetastar_master_plan/route_nodes/DK05_to_DK06_forward_main_03.csv
v15,DK05_to_DK06,forward_backup_03,DK05,DK06,forward,backup,3,False,Skipped because forward_main_03 failed.,,,,0,-1,,,,False,False,False,,,,,,,,,,,,,0,0,0.0,,,,,
v15,DK05_to_DK06,forward_main_04,DK05,DK06,forward,main,4,False,"Path found. Overlap with locked routes = 8/14 nodes (57.14%), exceeds limit 10.00%.",1032.842712474619,1.0328427124746191,85.65767004450272,20,165,0.17436861991882324,,,False,False,False,0.0,,,,,,,,,,,soft_lock,8,14,57.142857142857146,0.3259840270940041,0.6740159729059959,0.16080363415862137,1.128642907326897,output/thetastar_master_plan/route_nodes/DK05_to_DK06_forward_main_04.csv
v15,DK05_to_DK06,forward_backup_04,DK05,DK06,forward,backup,4,False,Skipped because forward_main_04 failed.,,,,0,-1,,,,False,False,False,,,,,,,,,,,,,0,0,0.0,,,,,
v15,DK05_to_DK06,backward_main_01,DK06,DK05,backward,main,1,True,Route forced through FLZ buffer via FLZ04.,6139.087296526012,6.139087296526013,476.77330774366476,101,3832,4.0632710456848145,,,False,False,True,,,,,,,,,True,0.0,FLZ04,,4,88,4.545454545454546,0.626503480987588,0.37349651901241215,,,output/thetastar_master_plan/route_nodes/DK05_to_DK06_backward_main_01.csv
v15,DK05_to_DK06,backward_backup_01,DK06,DK05,backward,backup,1,True,Path found. [safe fallback attempted],6421.93000900063,6.42193000900063,483.1022295489566,105,246,0.5983331203460693,48.57142857142857,False,False,True,True,,50.0,48.57142857142857,5.358665979110483,0.819672131147541,True,50.0,282.84271247461766,True,35.35533905932738,,soft_lock,7,93,7.526881720430108,0.6272482982944445,0.3727517017055555,0.19572402115151089,1.1565792169212086,output/thetastar_master_plan/route_nodes/DK05_to_DK06_backward_backup_01.csv
v15,DK05_to_DK06,backward_main_02,DK06,DK05,backward,main,2,False,"Rank skipped: 10 candidate main(s) tried, none had a viable backup; no new distinct main exists under the lock/overlap limits.",,,,0,-1,,,,False,False,False,,,,,,,,,,,,,0,0,0.0,,,,,
v15,DK05_to_DK06,backward_backup_02,DK06,DK05,backward,backup,2,False,Rank skipped: no main+backup couple found.,,,,0,-1,,,,False,False,False,,,,,,,,,,,,,0,0,0.0,,,,,
v15,DK05_to_DK06,backward_main_03,DK06,DK05,backward,main,3,False,"Path found. Overlap with locked routes = 8/14 nodes (57.14%), exceeds limit 10.00%.",1032.842712474619,1.0328427124746191,85.65767004450272,20,261,0.18718385696411133,,,False,False,False,0.0,,,,,,,,,,,soft_lock,8,14,57.142857142857146,0.3259840270940041,0.6740159729059958,0.16080363415862137,1.128642907326897,output/thetastar_master_plan/route_nodes/DK05_to_DK06_backward_main_03.csv
v15,DK05_to_DK06,backward_backup_03,DK06,DK05,backward,backup,3,False,Skipped because backward_main_03 failed.,,,,0,-1,,,,False,False,False,,,,,,,,,,,,,0,0,0.0,,,,,
v15,DK05_to_DK06,backward_main_04,DK06,DK05,backward,main,4,False,"Path found. Overlap with locked routes = 8/14 nodes (57.14%), exceeds limit 10.00%.",1032.842712474619,1.0328427124746191,85.65767004450272,20,261,0.1893913745880127,,,False,False,False,0.0,,,,,,,,,,,soft_lock,8,14,57.142857142857146,0.3259840270940041,0.6740159729059958,0.16080363415862137,1.128642907326897,output/thetastar_master_plan/route_nodes/DK05_to_DK06_backward_main_04.csv
v15,DK05_to_DK06,backward_backup_04,DK06,DK05,backward,backup,4,False,Skipped because backward_main_04 failed.,,,,0,-1,,,,False,False,False,,,,,,,,,,,,,0,0,0.0,,,,,
