pair,alt,seq,x,y,risk,conflict
DK04_to_DB02#alt0,0,0,300.0,1150.0,0.3114,0.2899
DK04_to_DB02#alt0,0,1,350.0,1200.0,0.2636,0.3716
DK04_to_DB02#alt0,0,2,400.0,1250.0,0.2231,0.4669
DK04_to_DB02#alt0,0,3,450.0,1200.0,0.2636,0.4964
DK04_to_DB02#alt0,0,4,500.0,1200.0,0.2609,0.5057
DK04_to_DB02#alt0,0,5,550.0,1200.0,0.253,0.4984
DK04_to_DB02#alt0,0,6,600.0,1200.0,0.2407,0.4424
DK04_to_DB02#alt0,0,7,650.0,1200.0,0.2252,0.3998
DK04_to_DB02#alt0,0,8,700.0,1200.0,0.2076,0.3518
DK04_to_DB02#alt0,0,9,750.0,1200.0,0.2076,0.3016
DK04_to_DB02#alt0,0,10,800.0,1250.0,0.2609,0.99
DK04_to_DB02#alt0,0,11,850.0,1250.0,0.281,0.99
DK04_to_DB02#alt0,0,12,900.0,1250.0,0.3006,0.99
DK04_to_DB02#alt0,0,13,950.0,1250.0,0.3269,0.99
DK04_to_DB02#alt0,0,14,1000.0,1250.0,0.3485,0.99
DK04_to_DB02#alt0,0,15,1050.0,1250.0,0.3628,0.99
DK04_to_DB02#alt0,0,16,1100.0,1250.0,0.3679,0.99
DK04_to_DB02#alt0,0,17,1150.0,1250.0,0.3679,0.99
DK04_to_DB02#alt0,0,18,1200.0,1250.0,0.3679,0.99
DK04_to_DB02#alt0,0,19,1250.0,1250.0,0.3679,0.99
DK04_to_DB02#alt0,0,20,1300.0,1250.0,0.3679,0.99
DK04_to_DB02#alt0,0,21,1350.0,1250.0,0.3679,0.99
DK04_to_DB02#alt0,0,22,1400.0,1250.0,0.3628,0.99
DK04_to_DB02#alt0,0,23,1450.0,1250.0,0.3485,0.3886
DK04_to_DB02#alt0,0,24,1500.0,1200.0,0.3784,0.3394
DK04_to_DB02#alt0,0,25,1550.0,1150.0,0.3895,0.2824
DK04_to_DB02#alt0,0,26,1600.0,1150.0,0.344,0.277
DK04_to_DB02#alt0,0,27,1650.0,1150.0,0.3077,0.2661
DK04_to_DB02#alt0,0,28,1700.0,1150.0,0.2721,0.2523
DK04_to_DB02#alt0,0,29,1750.0,1150.0,0.2384,0.2364
DK04_to_DB02#alt0,0,30,1800.0,1150.0,0.2076,0.196
DK04_to_DB02#alt0,0,31,1850.0,1200.0,0.1648,0.1769
DK04_to_DB02#alt0,0,32,1900.0,1250.0,0.1551,0.1705
DK04_to_DB02#alt0,0,33,1950.0,1250.0,0.1827,0.1399
DK04_to_DB02#alt0,0,34,2000.0,1250.0,0.2151,0.0822
DK04_to_DB02#alt0,0,35,2050.0,1250.0,0.253,0.0586
DK04_to_DB02#alt0,0,36,2100.0,1250.0,0.2972,0.04
DK04_to_DB02#alt0,0,37,2150.0,1300.0,0.3269,0.0489
DK04_to_DB02#alt0,0,38,2200.0,1350.0,0.3485,0.039
DK04_to_DB02#alt0,0,39,2250.0,1400.0,0.4346,0.0462
DK04_to_DB02#alt0,0,40,2300.0,1400.0,0.4931,0.0398
DK04_to_DB02#alt0,0,41,2350.0,1400.0,0.5483,0.0334
DK04_to_DB02#alt0,0,42,2400.0,1450.0,0.6889,0.99
DK04_to_DB02#alt0,0,43,2450.0,1450.0,0.79,0.99
DK04_to_DB02#alt0,0,44,2500.0,1450.0,0.8465,0.99
DK04_to_DB02#alt0,0,45,2550.0,1450.0,0.8465,0.99
DK04_to_DB02#alt0,0,46,2600.0,1450.0,0.8465,0.0028
DK04_to_DB02#alt0,0,47,2650.0,1450.0,0.8465,0.0015
DK04_to_DB02#alt0,0,48,2700.0,1450.0,0.8465,0.0007
DK04_to_DB02#alt0,0,49,2750.0,1500.0,0.8465,0.0008
DK04_to_DB02#alt0,0,50,2800.0,1550.0,0.8465,0.0008
DK04_to_DB02#alt0,0,51,2850.0,1600.0,0.79,0.0012
DK04_to_DB02#alt0,0,52,2900.0,1650.0,0.7165,0.0019
DK04_to_DB02#alt0,0,53,2950.0,1700.0,0.5903,0.0049
DK04_to_DB02#alt0,0,54,3000.0,1750.0,0.4746,0.0043
DK04_to_DB02#alt0,0,55,3050.0,1750.0,0.4076,0.004
DK04_to_DB02#alt0,0,56,3100.0,1750.0,0.3485,0.0051
DK04_to_DB02#alt0,0,57,3150.0,1750.0,0.3006,0.0081
DK04_to_DB02#alt0,0,58,3200.0,1750.0,0.3269,0.0207
DK04_to_DB02#alt0,0,59,3250.0,1750.0,0.3485,0.0305
DK04_to_DB02#alt0,0,60,3300.0,1750.0,0.3628,0.0422
DK04_to_DB02#alt0,0,61,3350.0,1750.0,0.3679,0.0544
DK04_to_DB02#alt0,0,62,3400.0,1750.0,0.3679,0.0734
DK04_to_DB02#alt0,0,63,3450.0,1750.0,0.3679,0.0771
DK04_to_DB02#alt0,0,64,3500.0,1750.0,0.3679,0.0758
DK04_to_DB02#alt0,0,65,3550.0,1700.0,0.3077,0.0555
DK04_to_DB02#alt0,0,66,3600.0,1650.0,0.253,0.99
DK04_to_DB02#alt0,0,67,3650.0,1600.0,0.2057,0.0143
DK04_to_DB02#alt0,0,68,3700.0,1550.0,0.1661,0.0127
DK04_to_DB02#alt0,0,69,3750.0,1500.0,0.1344,0.0177
DK04_to_DB02#alt0,0,70,3800.0,1450.0,0.1551,0.0469
DK04_to_DB02#alt0,0,71,3850.0,1400.0,0.1755,0.0664
DK04_to_DB02#alt0,0,72,3900.0,1350.0,0.1937,0.0822
DK04_to_DB02#alt0,0,73,3950.0,1300.0,0.2076,0.0889
DK04_to_DB02#alt0,0,74,4000.0,1300.0,0.1889,0.1378
DK04_to_DB02#alt0,0,75,4050.0,1300.0,0.17,0.1548
DK04_to_DB02#alt0,0,76,4100.0,1300.0,0.1517,0.1626
DK04_to_DB02#alt0,0,77,4150.0,1300.0,0.1551,0.1599
DK04_to_DB02#alt0,0,78,4200.0,1300.0,0.1798,0.1278
DK04_to_DB02#alt1,1,0,300.0,1150.0,0.3114,0.2899
DK04_to_DB02#alt1,1,1,250.0,1200.0,0.2636,0.2421
DK04_to_DB02#alt1,1,2,200.0,1250.0,0.2211,0.99
DK04_to_DB02#alt1,1,3,200.0,1300.0,0.1873,0.1669
DK04_to_DB02#alt1,1,4,250.0,1350.0,0.1599,0.2045
DK04_to_DB02#alt1,1,5,300.0,1400.0,0.1353,0.2411
DK04_to_DB02#alt1,1,6,350.0,1450.0,0.1495,0.2834
DK04_to_DB02#alt1,1,7,400.0,1500.0,0.1889,0.3883
DK04_to_DB02#alt1,1,8,450.0,1500.0,0.2076,0.4322
DK04_to_DB02#alt1,1,9,500.0,1500.0,0.2252,0.4619
DK04_to_DB02#alt1,1,10,550.0,1500.0,0.2407,0.4753
DK04_to_DB02#alt1,1,11,600.0,1500.0,0.2609,0.4544
DK04_to_DB02#alt1,1,12,650.0,1500.0,0.3006,0.4249
DK04_to_DB02#alt1,1,13,700.0,1500.0,0.3485,0.3884
DK04_to_DB02#alt1,1,14,750.0,1500.0,0.4076,0.3499
DK04_to_DB02#alt1,1,15,800.0,1500.0,0.4746,0.2831
DK04_to_DB02#alt1,1,16,850.0,1500.0,0.5483,0.2587
DK04_to_DB02#alt1,1,17,900.0,1500.0,0.6241,0.2403
DK04_to_DB02#alt1,1,18,950.0,1450.0,0.5903,0.99
DK04_to_DB02#alt1,1,19,1000.0,1450.0,0.6241,0.99
DK04_to_DB02#alt1,1,20,1050.0,1450.0,0.6889,0.99
DK04_to_DB02#alt1,1,21,1100.0,1450.0,0.7165,0.99
DK04_to_DB02#alt1,1,22,1150.0,1500.0,0.8465,0.99
DK04_to_DB02#alt1,1,23,1200.0,1500.0,0.8465,0.4034
DK04_to_DB02#alt1,1,24,1250.0,1450.0,0.7165,0.99
DK04_to_DB02#alt1,1,25,1300.0,1450.0,0.7165,0.4757
DK04_to_DB02#alt1,1,26,1350.0,1450.0,0.7165,0.5483
DK04_to_DB02#alt1,1,27,1400.0,1500.0,0.79,0.6635
DK04_to_DB02#alt1,1,28,1450.0,1550.0,0.8465,0.6194
DK04_to_DB02#alt1,1,29,1500.0,1550.0,0.79,0.5781
DK04_to_DB02#alt1,1,30,1550.0,1550.0,0.6889,0.5274
DK04_to_DB02#alt1,1,31,1600.0,1550.0,0.5903,0.4274
DK04_to_DB02#alt1,1,32,1650.0,1600.0,0.5483,0.99
DK04_to_DB02#alt1,1,33,1700.0,1650.0,0.503,0.2246
DK04_to_DB02#alt1,1,34,1750.0,1650.0,0.4275,0.2066
DK04_to_DB02#alt1,1,35,1800.0,1650.0,0.3628,0.1909
DK04_to_DB02#alt1,1,36,1850.0,1650.0,0.3077,0.1877
DK04_to_DB02#alt1,1,37,1900.0,1700.0,0.3077,0.1283
DK04_to_DB02#alt1,1,38,1950.0,1750.0,0.3679,0.1201
DK04_to_DB02#alt1,1,39,2000.0,1800.0,0.4346,0.1173
DK04_to_DB02#alt1,1,40,2050.0,1850.0,0.503,0.1011
DK04_to_DB02#alt1,1,41,2100.0,1850.0,0.4746,0.0969
DK04_to_DB02#alt1,1,42,2150.0,1850.0,0.4346,0.0911
DK04_to_DB02#alt1,1,43,2200.0,1900.0,0.5134,0.99
DK04_to_DB02#alt1,1,44,2250.0,1950.0,0.5903,0.99
DK04_to_DB02#alt1,1,45,2300.0,2000.0,0.6241,0.99
DK04_to_DB02#alt1,1,46,2350.0,2050.0,0.6241,0.1005
DK04_to_DB02#alt1,1,47,2400.0,2100.0,0.5903,0.1325
DK04_to_DB02#alt1,1,48,2450.0,2150.0,0.5483,0.1312
DK04_to_DB02#alt1,1,49,2500.0,2200.0,0.503,0.1182
DK04_to_DB02#alt1,1,50,2550.0,2250.0,0.4346,0.0971
DK04_to_DB02#alt1,1,51,2600.0,2250.0,0.4346,0.1037
DK04_to_DB02#alt1,1,52,2650.0,2200.0,0.503,0.135
DK04_to_DB02#alt1,1,53,2700.0,2200.0,0.4746,0.1303
DK04_to_DB02#alt1,1,54,2750.0,2150.0,0.503,0.1473
DK04_to_DB02#alt1,1,55,2800.0,2100.0,0.5483,0.1246
DK04_to_DB02#alt1,1,56,2850.0,2050.0,0.5483,0.99
DK04_to_DB02#alt1,1,57,2900.0,2000.0,0.503,0.99
DK04_to_DB02#alt1,1,58,2950.0,1950.0,0.4746,0.99
DK04_to_DB02#alt1,1,59,3000.0,1950.0,0.4076,0.99
DK04_to_DB02#alt1,1,60,3050.0,1950.0,0.3895,0.99
DK04_to_DB02#alt1,1,61,3100.0,1950.0,0.4346,0.99
DK04_to_DB02#alt1,1,62,3150.0,1950.0,0.4931,0.99
DK04_to_DB02#alt1,1,63,3200.0,1950.0,0.5483,0.99
DK04_to_DB02#alt1,1,64,3250.0,1950.0,0.6241,0.99
DK04_to_DB02#alt1,1,65,3300.0,1950.0,0.6889,0.99
DK04_to_DB02#alt1,1,66,3350.0,1950.0,0.7165,0.99
DK04_to_DB02#alt1,1,67,3400.0,1950.0,0.7165,0.0863
DK04_to_DB02#alt1,1,68,3450.0,1950.0,0.7165,0.09
DK04_to_DB02#alt1,1,69,3500.0,1950.0,0.7165,0.0877
DK04_to_DB02#alt1,1,70,3550.0,1950.0,0.6889,0.0799
DK04_to_DB02#alt1,1,71,3600.0,1900.0,0.5483,0.99
DK04_to_DB02#alt1,1,72,3650.0,1850.0,0.4346,0.99
DK04_to_DB02#alt1,1,73,3700.0,1800.0,0.3485,0.0331
DK04_to_DB02#alt1,1,74,3750.0,1750.0,0.281,0.0227
DK04_to_DB02#alt1,1,75,3800.0,1700.0,0.2252,0.0209
DK04_to_DB02#alt1,1,76,3850.0,1700.0,0.2076,0.026
DK04_to_DB02#alt1,1,77,3900.0,1700.0,0.1889,0.0342
DK04_to_DB02#alt1,1,78,3950.0,1700.0,0.17,0.0447
DK04_to_DB02#alt1,1,79,4000.0,1650.0,0.1344,0.99
DK04_to_DB02#alt1,1,80,4050.0,1600.0,0.1344,0.1912
DK04_to_DB02#alt1,1,81,4100.0,1550.0,0.1599,0.2371
DK04_to_DB02#alt1,1,82,4150.0,1500.0,0.1873,0.2557
DK04_to_DB02#alt1,1,83,4200.0,1450.0,0.2151,0.1968
DK04_to_DB02#alt1,1,84,4200.0,1400.0,0.2057,0.1795
DK04_to_DB02#alt1,1,85,4200.0,1350.0,0.1937,0.1546
DK04_to_DB02#alt1,1,86,4200.0,1300.0,0.1798,0.1278
DK04_to_DB02#alt2,2,0,300.0,1150.0,0.3114,0.2899
DK04_to_DB02#alt2,2,1,350.0,1100.0,0.3679,0.3211
DK04_to_DB02#alt2,2,2,400.0,1050.0,0.4346,0.3308
DK04_to_DB02#alt2,2,3,450.0,1000.0,0.5134,0.99
DK04_to_DB02#alt2,2,4,500.0,950.0,0.5903,0.99
DK04_to_DB02#alt2,2,5,550.0,900.0,0.6241,0.99
DK04_to_DB02#alt2,2,6,600.0,850.0,0.6241,0.1574
DK04_to_DB02#alt2,2,7,650.0,800.0,0.6241,0.1178
DK04_to_DB02#alt2,2,8,700.0,750.0,0.5903,0.0824
DK04_to_DB02#alt2,2,9,750.0,700.0,0.5134,0.0528
DK04_to_DB02#alt2,2,10,800.0,650.0,0.4346,0.99
DK04_to_DB02#alt2,2,11,850.0,600.0,0.3679,0.99
DK04_to_DB02#alt2,2,12,900.0,550.0,0.3114,0.99
DK04_to_DB02#alt2,2,13,950.0,500.0,0.2609,0.99
DK04_to_DB02#alt2,2,14,1000.0,450.0,0.2384,0.99
DK04_to_DB02#alt2,2,15,1050.0,400.0,0.2252,0.99
DK04_to_DB02#alt2,2,16,1100.0,350.0,0.2057,0.99
DK04_to_DB02#alt2,2,17,1150.0,300.0,0.1827,0.99
DK04_to_DB02#alt2,2,18,1200.0,250.0,0.1587,0.99
DK04_to_DB02#alt2,2,19,1250.0,200.0,0.1353,0.99
DK04_to_DB02#alt2,2,20,1300.0,150.0,0.1146,0.99
DK04_to_DB02#alt2,2,21,1350.0,150.0,0.1146,0.99
DK04_to_DB02#alt2,2,22,1400.0,150.0,0.1138,0.99
DK04_to_DB02#alt2,2,23,1450.0,200.0,0.1317,0.99
DK04_to_DB02#alt2,2,24,1500.0,200.0,0.1273,0.99
DK04_to_DB02#alt2,2,25,1550.0,200.0,0.1215,0.99
DK04_to_DB02#alt2,2,26,1600.0,200.0,0.1146,0.99
DK04_to_DB02#alt2,2,27,1650.0,200.0,0.1069,0.99
DK04_to_DB02#alt2,2,28,1700.0,200.0,0.0987,0.99
DK04_to_DB02#alt2,2,29,1750.0,200.0,0.0904,0.99
DK04_to_DB02#alt2,2,30,1800.0,200.0,0.0936,0.99
DK04_to_DB02#alt2,2,31,1850.0,200.0,0.1062,0.99
DK04_to_DB02#alt2,2,32,1900.0,200.0,0.1199,0.99
DK04_to_DB02#alt2,2,33,1950.0,200.0,0.1344,0.99
DK04_to_DB02#alt2,2,34,2000.0,200.0,0.1517,0.99
DK04_to_DB02#alt2,2,35,2050.0,200.0,0.17,0.99
DK04_to_DB02#alt2,2,36,2100.0,200.0,0.1921,0.99
DK04_to_DB02#alt2,2,37,2150.0,200.0,0.2151,0.99
DK04_to_DB02#alt2,2,38,2200.0,200.0,0.2384,0.99
DK04_to_DB02#alt2,2,39,2250.0,200.0,0.2609,0.0002
DK04_to_DB02#alt2,2,40,2300.0,200.0,0.281,0.0003
DK04_to_DB02#alt2,2,41,2350.0,200.0,0.3006,0.0003
DK04_to_DB02#alt2,2,42,2400.0,200.0,0.3269,0.0003
DK04_to_DB02#alt2,2,43,2450.0,200.0,0.3485,0.0003
DK04_to_DB02#alt2,2,44,2500.0,250.0,0.4275,0.99
DK04_to_DB02#alt2,2,45,2550.0,300.0,0.5134,0.99
DK04_to_DB02#alt2,2,46,2600.0,350.0,0.6065,0.99
DK04_to_DB02#alt2,2,47,2650.0,400.0,0.7165,0.99
DK04_to_DB02#alt2,2,48,2700.0,450.0,0.79,0.99
DK04_to_DB02#alt2,2,49,2750.0,500.0,0.8465,0.99
DK04_to_DB02#alt2,2,50,2800.0,550.0,0.8465,0.99
DK04_to_DB02#alt2,2,51,2850.0,600.0,0.79,0.99
DK04_to_DB02#alt2,2,52,2900.0,650.0,0.7165,0.99
DK04_to_DB02#alt2,2,53,2950.0,700.0,0.6889,0.99
DK04_to_DB02#alt2,2,54,3000.0,750.0,0.6889,0.99
DK04_to_DB02#alt2,2,55,3050.0,800.0,0.6889,0.99
DK04_to_DB02#alt2,2,56,3100.0,850.0,0.6889,0.99
DK04_to_DB02#alt2,2,57,3150.0,900.0,0.6241,0.99
DK04_to_DB02#alt2,2,58,3200.0,950.0,0.5903,0.99
DK04_to_DB02#alt2,2,59,3250.0,1000.0,0.5134,0.99
DK04_to_DB02#alt2,2,60,3300.0,1050.0,0.4346,0.99
DK04_to_DB02#alt2,2,61,3350.0,1100.0,0.4346,0.99
DK04_to_DB02#alt2,2,62,3400.0,1150.0,0.4076,0.99
DK04_to_DB02#alt2,2,63,3450.0,1150.0,0.4275,0.99
DK04_to_DB02#alt2,2,64,3500.0,1100.0,0.5134,0.99
DK04_to_DB02#alt2,2,65,3550.0,1100.0,0.5134,0.0003
DK04_to_DB02#alt2,2,66,3600.0,1100.0,0.5134,0.0004
DK04_to_DB02#alt2,2,67,3650.0,1100.0,0.5134,0.0005
DK04_to_DB02#alt2,2,68,3700.0,1100.0,0.5134,0.99
DK04_to_DB02#alt2,2,69,3750.0,1100.0,0.503,0.99
DK04_to_DB02#alt2,2,70,3800.0,1100.0,0.4746,0.99
DK04_to_DB02#alt2,2,71,3850.0,1100.0,0.4346,0.99
DK04_to_DB02#alt2,2,72,3900.0,1100.0,0.3895,0.99
DK04_to_DB02#alt2,2,73,3950.0,1100.0,0.344,0.99
DK04_to_DB02#alt2,2,74,4000.0,1100.0,0.3077,0.99
DK04_to_DB02#alt2,2,75,4050.0,1100.0,0.2721,0.99
DK04_to_DB02#alt2,2,76,4100.0,1100.0,0.2384,0.99
DK04_to_DB02#alt2,2,77,4150.0,1150.0,0.1889,0.073
DK04_to_DB02#alt2,2,78,4200.0,1200.0,0.17,0.0842
DK04_to_DB02#alt2,2,79,4200.0,1250.0,0.1661,0.0892
DK04_to_DB02#alt2,2,80,4200.0,1300.0,0.1798,0.1278
DK04_to_DB01#alt0,0,0,300.0,1150.0,0.3114,0.2899
DK04_to_DB01#alt0,0,1,350.0,1200.0,0.2636,0.3716
DK04_to_DB01#alt0,0,2,400.0,1250.0,0.2231,0.4669
DK04_to_DB01#alt0,0,3,450.0,1300.0,0.1889,0.99
DK04_to_DB01#alt0,0,4,500.0,1350.0,0.1587,0.99
DK04_to_DB01#alt0,0,5,550.0,1400.0,0.1937,0.99
DK04_to_DB01#alt0,0,6,600.0,1450.0,0.2407,0.4524
DK04_to_DB01#alt0,0,7,650.0,1450.0,0.281,0.4195
DK04_to_DB01#alt0,0,8,700.0,1450.0,0.3269,0.3761
DK04_to_DB01#alt0,0,9,750.0,1450.0,0.3784,0.3276
DK04_to_DB01#alt0,0,10,800.0,1450.0,0.4346,0.2362
DK04_to_DB01#alt0,0,11,850.0,1450.0,0.4931,0.99
DK04_to_DB01#alt0,0,12,900.0,1450.0,0.5483,0.99
DK04_to_DB01#alt0,0,13,950.0,1450.0,0.5903,0.99
DK04_to_DB01#alt0,0,14,1000.0,1450.0,0.6241,0.99
DK04_to_DB01#alt0,0,15,1050.0,1450.0,0.6889,0.99
DK04_to_DB01#alt0,0,16,1100.0,1450.0,0.7165,0.99
DK04_to_DB01#alt0,0,17,1150.0,1450.0,0.7165,0.99
DK04_to_DB01#alt0,0,18,1200.0,1450.0,0.7165,0.99
DK04_to_DB01#alt0,0,19,1250.0,1450.0,0.7165,0.99
DK04_to_DB01#alt0,0,20,1300.0,1450.0,0.7165,0.4757
DK04_to_DB01#alt0,0,21,1350.0,1450.0,0.7165,0.5483
DK04_to_DB01#alt1,1,0,300.0,1150.0,0.3114,0.2899
DK04_to_DB01#alt1,1,1,350.0,1100.0,0.3679,0.3211
DK04_to_DB01#alt1,1,2,400.0,1050.0,0.4346,0.3308
DK04_to_DB01#alt1,1,3,450.0,1000.0,0.5134,0.99
DK04_to_DB01#alt1,1,4,500.0,1000.0,0.503,0.99
DK04_to_DB01#alt1,1,5,550.0,1000.0,0.4746,0.99
DK04_to_DB01#alt1,1,6,600.0,1000.0,0.4346,0.4003
DK04_to_DB01#alt1,1,7,650.0,1000.0,0.3895,0.4018
DK04_to_DB01#alt1,1,8,700.0,1000.0,0.344,0.395
DK04_to_DB01#alt1,1,9,750.0,1000.0,0.3077,0.3787
DK04_to_DB01#alt1,1,10,800.0,1050.0,0.2431,0.3145
DK04_to_DB01#alt1,1,11,850.0,1050.0,0.253,0.2648
DK04_to_DB01#alt1,1,12,900.0,1050.0,0.2972,0.99
DK04_to_DB01#alt1,1,13,950.0,1050.0,0.3485,0.99
DK04_to_DB01#alt1,1,14,1000.0,1050.0,0.4076,0.99
DK04_to_DB01#alt1,1,15,1050.0,1050.0,0.4746,0.99
DK04_to_DB01#alt1,1,16,1100.0,1050.0,0.5483,0.99
DK04_to_DB01#alt1,1,17,1150.0,1100.0,0.5483,0.99
DK04_to_DB01#alt1,1,18,1200.0,1150.0,0.503,0.99
DK04_to_DB01#alt1,1,19,1250.0,1200.0,0.4346,0.99
DK04_to_DB01#alt1,1,20,1300.0,1250.0,0.3679,0.99
DK04_to_DB01#alt1,1,21,1350.0,1300.0,0.4346,0.99
DK04_to_DB01#alt1,1,22,1350.0,1350.0,0.5134,0.99
DK04_to_DB01#alt1,1,23,1350.0,1400.0,0.6065,0.4932
DK04_to_DB01#alt1,1,24,1350.0,1450.0,0.7165,0.5483
DK04_to_DB01#alt2,2,0,300.0,1150.0,0.3114,0.2899
DK04_to_DB01#alt2,2,1,250.0,1200.0,0.2636,0.2421
DK04_to_DB01#alt2,2,2,200.0,1250.0,0.2211,0.99
DK04_to_DB01#alt2,2,3,200.0,1300.0,0.1873,0.1669
DK04_to_DB01#alt2,2,4,200.0,1350.0,0.1587,0.1512
DK04_to_DB01#alt2,2,5,150.0,1400.0,0.1317,0.99
DK04_to_DB01#alt2,2,6,100.0,1450.0,0.1082,0.99
DK04_to_DB01#alt2,2,7,150.0,1500.0,0.1062,0.99
DK04_to_DB01#alt2,2,8,200.0,1550.0,0.1344,0.99
DK04_to_DB01#alt2,2,9,250.0,1600.0,0.17,0.99
DK04_to_DB01#alt2,2,10,300.0,1650.0,0.2151,0.1889
DK04_to_DB01#alt2,2,11,350.0,1700.0,0.2721,0.1818
DK04_to_DB01#alt2,2,12,400.0,1700.0,0.3077,0.2487
DK04_to_DB01#alt2,2,13,450.0,1700.0,0.344,0.2666
DK04_to_DB01#alt2,2,14,500.0,1700.0,0.3895,0.2714
DK04_to_DB01#alt2,2,15,550.0,1700.0,0.4346,0.2643
DK04_to_DB01#alt2,2,16,600.0,1700.0,0.4746,0.2296
DK04_to_DB01#alt2,2,17,650.0,1700.0,0.503,0.99
DK04_to_DB01#alt2,2,18,700.0,1700.0,0.5483,0.99
DK04_to_DB01#alt2,2,19,750.0,1700.0,0.5903,0.99
DK04_to_DB01#alt2,2,20,800.0,1700.0,0.6065,0.1964
DK04_to_DB01#alt2,2,21,850.0,1700.0,0.7165,0.2043
DK04_to_DB01#alt2,2,22,900.0,1650.0,0.79,0.2679
DK04_to_DB01#alt2,2,23,950.0,1600.0,0.8465,0.2701
DK04_to_DB01#alt2,2,24,1000.0,1550.0,0.8465,0.2484
DK04_to_DB01#alt2,2,25,1050.0,1500.0,0.79,0.99
DK04_to_DB01#alt2,2,26,1100.0,1450.0,0.7165,0.99
DK04_to_DB01#alt2,2,27,1150.0,1450.0,0.7165,0.99
DK04_to_DB01#alt2,2,28,1200.0,1450.0,0.7165,0.99
DK04_to_DB01#alt2,2,29,1250.0,1450.0,0.7165,0.99
DK04_to_DB01#alt2,2,30,1300.0,1450.0,0.7165,0.4757
DK04_to_DB01#alt2,2,31,1350.0,1450.0,0.7165,0.5483
DK04_to_DK01#alt0,0,0,300.0,1150.0,0.3114,0.2899
DK04_to_DK01#alt0,0,1,250.0,1100.0,0.3679,0.1999
DK04_to_DK01#alt0,0,2,200.0,1050.0,0.4275,0.0954
DK04_to_DK01#alt0,0,3,150.0,1050.0,0.4076,0.99
DK04_to_DK01#alt0,0,4,100.0,1100.0,0.3269,0.99
DK04_to_DK01#alt0,0,5,50.0,1150.0,0.2609,0.99
DK04_to_DK01#alt0,0,6,0.0,1200.0,0.2076,0.99
DK04_to_DK01#alt0,0,7,0.0,1250.0,0.1798,0.99
DK04_to_DK01#alt0,0,8,0.0,1300.0,0.1551,0.99
DK04_to_DK01#alt0,0,9,0.0,1350.0,0.1335,0.99
DK04_to_DK01#alt0,0,10,0.0,1400.0,0.1146,0.99
DK04_to_DK01#alt0,0,11,0.0,1450.0,0.0981,0.99
DK04_to_DK01#alt0,0,12,0.0,1500.0,0.0839,0.99
DK04_to_DK01#alt0,0,13,0.0,1550.0,0.0785,0.99
DK04_to_DK01#alt0,0,14,0.0,1600.0,0.0854,0.99
DK04_to_DK01#alt0,0,15,50.0,1650.0,0.1069,0.99
DK04_to_DK01#alt0,0,16,100.0,1700.0,0.1335,0.99
DK04_to_DK01#alt0,0,17,150.0,1750.0,0.1661,0.0214
DK04_to_DK01#alt0,0,18,150.0,1800.0,0.1798,0.0159
DK04_to_DK01#alt0,0,19,150.0,1850.0,0.1937,0.0111
DK04_to_DK01#alt0,0,20,150.0,1900.0,0.2057,0.0044
DK04_to_DK01#alt0,0,21,150.0,1950.0,0.2151,0.0025
DK04_to_DK01#alt0,0,22,150.0,2000.0,0.2211,0.0014
DK04_to_DK01#alt0,0,23,150.0,2050.0,0.2231,0.0007
DK04_to_DK01#alt0,0,24,200.0,2100.0,0.2636,0.0004
DK04_to_DK01#alt0,0,25,250.0,2150.0,0.3114,0.0003
DK04_to_DK01#alt0,0,26,300.0,2200.0,0.3679,0.0002
DK04_to_DK01#alt0,0,27,350.0,2250.0,0.4346,0.0002
DK04_to_DK01#alt0,0,28,400.0,2300.0,0.5134,0.0003
DK04_to_DK01#alt0,0,29,450.0,2350.0,0.5903,0.0003
DK04_to_DK01#alt0,0,30,500.0,2400.0,0.6241,0.0005
DK04_to_DK01#alt0,0,31,550.0,2450.0,0.6241,0.0011
DK04_to_DK01#alt0,0,32,600.0,2500.0,0.6241,0.0074
DK04_to_DK01#alt0,0,33,650.0,2550.0,0.6241,0.0171
DK04_to_DK01#alt0,0,34,700.0,2600.0,0.5903,0.0347
DK04_to_DK01#alt0,0,35,750.0,2650.0,0.5134,0.0614
DK04_to_DK01#alt0,0,36,800.0,2650.0,0.5134,0.0595
DK04_to_DK01#alt0,0,37,850.0,2650.0,0.5134,0.053
DK04_to_DK01#alt0,0,38,900.0,2700.0,0.6065,0.0919
DK04_to_DK01#alt0,0,39,950.0,2750.0,0.7165,0.0925
DK04_to_DK01#alt0,0,40,1000.0,2800.0,0.8465,0.0545
DK04_to_DK01#alt0,0,41,1050.0,2800.0,0.8465,0.0346
DK04_to_DK01#alt0,0,42,1100.0,2800.0,0.8465,0.0208
DK04_to_DK01#alt0,0,43,1150.0,2850.0,0.8465,0.0142
DK04_to_DK01#alt0,0,44,1200.0,2900.0,0.8465,0.0147
DK04_to_DK01#alt0,0,45,1250.0,2950.0,0.79,0.0288
DK04_to_DK01#alt0,0,46,1300.0,3000.0,0.7165,0.0596
DK04_to_DK01#alt0,0,47,1350.0,3050.0,0.6241,0.1125
DK04_to_DK01#alt0,0,48,1400.0,3100.0,0.79,0.2777
DK04_to_DK01#alt0,0,49,1450.0,3100.0,0.8465,0.2995
DK04_to_DK01#alt0,0,50,1500.0,3100.0,0.8465,0.3151
DK04_to_DK01#alt0,0,51,1550.0,3100.0,0.8465,0.3255
DK04_to_DK01#alt0,0,52,1600.0,3150.0,0.8465,0.3648
DK04_to_DK01#alt0,0,53,1650.0,3200.0,0.79,0.3617
DK04_to_DK01#alt0,0,54,1700.0,3250.0,0.79,0.3248
DK04_to_DK01#alt0,0,55,1750.0,3300.0,0.7165,0.99
DK04_to_DK01#alt0,0,56,1800.0,3350.0,0.6889,0.1941
DK04_to_DK01#alt0,0,57,1850.0,3400.0,0.6065,0.2161
DK04_to_DK01#alt0,0,58,1900.0,3450.0,0.5483,0.2932
DK04_to_DK01#alt0,0,59,1950.0,3500.0,0.5483,0.4577
DK04_to_DK01#alt0,0,60,2000.0,3550.0,0.5483,0.6689
DK04_to_DK01#alt0,0,61,2050.0,3550.0,0.6241,0.7261
DK04_to_DK01#alt0,0,62,2100.0,3550.0,0.6889,0.7435
DK04_to_DK01#alt1,1,0,300.0,1150.0,0.3114,0.2899
DK04_to_DK01#alt1,1,1,250.0,1200.0,0.2636,0.2421
DK04_to_DK01#alt1,1,2,200.0,1250.0,0.2211,0.99
DK04_to_DK01#alt1,1,3,200.0,1300.0,0.1873,0.1669
DK04_to_DK01#alt1,1,4,200.0,1350.0,0.1587,0.1512
DK04_to_DK01#alt1,1,5,200.0,1400.0,0.1344,0.1357
DK04_to_DK01#alt1,1,6,200.0,1450.0,0.1138,0.1231
DK04_to_DK01#alt1,1,7,150.0,1500.0,0.1062,0.99
DK04_to_DK01#alt1,1,8,100.0,1550.0,0.1036,0.99
DK04_to_DK01#alt1,1,9,50.0,1600.0,0.0987,0.99
DK04_to_DK01#alt1,1,10,50.0,1650.0,0.1069,0.99
DK04_to_DK01#alt1,1,11,50.0,1700.0,0.1146,0.99
DK04_to_DK01#alt1,1,12,50.0,1750.0,0.1239,0.99
DK04_to_DK01#alt1,1,13,50.0,1800.0,0.1335,0.0046
DK04_to_DK01#alt1,1,14,50.0,1850.0,0.1422,0.0032
DK04_to_DK01#alt1,1,15,0.0,1900.0,0.1273,0.0006
DK04_to_DK01#alt1,1,16,0.0,1950.0,0.1317,0.0003
DK04_to_DK01#alt1,1,17,0.0,2000.0,0.1344,0.0002
DK04_to_DK01#alt1,1,18,0.0,2050.0,0.1353,0.99
DK04_to_DK01#alt1,1,19,0.0,2100.0,0.1353,0.99
DK04_to_DK01#alt1,1,20,0.0,2150.0,0.1353,0.99
DK04_to_DK01#alt1,1,21,50.0,2200.0,0.1599,0.99
DK04_to_DK01#alt1,1,22,100.0,2250.0,0.1889,0.99
DK04_to_DK01#alt1,1,23,150.0,2300.0,0.2231,0.99
DK04_to_DK01#alt1,1,24,200.0,2350.0,0.2609,0.99
DK04_to_DK01#alt1,1,25,250.0,2400.0,0.2972,0.99
DK04_to_DK01#alt1,1,26,300.0,2450.0,0.3269,0.99
DK04_to_DK01#alt1,1,27,350.0,2500.0,0.344,0.99
DK04_to_DK01#alt1,1,28,400.0,2550.0,0.344,0.99
DK04_to_DK01#alt1,1,29,450.0,2600.0,0.344,0.0056
DK04_to_DK01#alt1,1,30,500.0,2650.0,0.344,0.0148
DK04_to_DK01#alt1,1,31,550.0,2700.0,0.344,0.0527
DK04_to_DK01#alt1,1,32,600.0,2750.0,0.3784,0.1268
DK04_to_DK01#alt1,1,33,600.0,2800.0,0.4076,0.1689
DK04_to_DK01#alt1,1,34,600.0,2850.0,0.4275,0.2154
DK04_to_DK01#alt1,1,35,600.0,2900.0,0.4346,0.3131
DK04_to_DK01#alt1,1,36,650.0,2950.0,0.5134,0.3917
DK04_to_DK01#alt1,1,37,650.0,3000.0,0.5134,0.4355
DK04_to_DK01#alt1,1,38,650.0,3050.0,0.5134,0.4784
DK04_to_DK01#alt1,1,39,700.0,3100.0,0.6065,0.5575
DK04_to_DK01#alt1,1,40,700.0,3150.0,0.6241,0.5977
DK04_to_DK01#alt1,1,41,700.0,3200.0,0.6889,0.6312
DK04_to_DK01#alt1,1,42,750.0,3250.0,0.8465,0.5995
DK04_to_DK01#alt1,1,43,750.0,3300.0,0.8465,0.5681
DK04_to_DK01#alt1,1,44,750.0,3350.0,0.8465,0.99
DK04_to_DK01#alt1,1,45,800.0,3400.0,0.8465,0.99
DK04_to_DK01#alt1,1,46,800.0,3450.0,0.8465,0.99
DK04_to_DK01#alt1,1,47,850.0,3500.0,0.8465,0.99
DK04_to_DK01#alt1,1,48,900.0,3550.0,0.79,0.99
DK04_to_DK01#alt1,1,49,950.0,3600.0,0.7165,0.99
DK04_to_DK01#alt1,1,50,1000.0,3650.0,0.6065,0.99
DK04_to_DK01#alt1,1,51,1050.0,3700.0,0.5134,0.99
DK04_to_DK01#alt1,1,52,1100.0,3650.0,0.5903,0.99
DK04_to_DK01#alt1,1,53,1150.0,3650.0,0.5483,0.99
DK04_to_DK01#alt1,1,54,1200.0,3650.0,0.4931,0.99
DK04_to_DK01#alt1,1,55,1250.0,3650.0,0.4346,0.99
DK04_to_DK01#alt1,1,56,1300.0,3600.0,0.4346,0.99
DK04_to_DK01#alt1,1,57,1350.0,3600.0,0.3895,0.2097
DK04_to_DK01#alt1,1,58,1400.0,3600.0,0.344,0.2258
DK04_to_DK01#alt1,1,59,1450.0,3600.0,0.3114,0.2151
DK04_to_DK01#alt1,1,60,1500.0,3600.0,0.3114,0.1954
DK04_to_DK01#alt1,1,61,1550.0,3600.0,0.3114,0.99
DK04_to_DK01#alt1,1,62,1600.0,3600.0,0.3077,0.99
DK04_to_DK01#alt1,1,63,1650.0,3600.0,0.2972,0.99
DK04_to_DK01#alt1,1,64,1700.0,3600.0,0.3006,0.99
DK04_to_DK01#alt1,1,65,1750.0,3600.0,0.3269,0.99
DK04_to_DK01#alt1,1,66,1800.0,3600.0,0.3784,0.99
DK04_to_DK01#alt1,1,67,1850.0,3550.0,0.3895,0.99
DK04_to_DK01#alt1,1,68,1900.0,3550.0,0.4346,0.3775
DK04_to_DK01#alt1,1,69,1950.0,3550.0,0.4931,0.4796
DK04_to_DK01#alt1,1,70,2000.0,3550.0,0.5483,0.6689
DK04_to_DK01#alt1,1,71,2050.0,3550.0,0.6241,0.7261
DK04_to_DK01#alt1,1,72,2100.0,3550.0,0.6889,0.7435
DK04_to_DK01#alt2,2,0,300.0,1150.0,0.3114,0.2899
DK04_to_DK01#alt2,2,1,350.0,1200.0,0.2636,0.3716
DK04_to_DK01#alt2,2,2,400.0,1250.0,0.2231,0.4669
DK04_to_DK01#alt2,2,3,450.0,1300.0,0.1889,0.99
DK04_to_DK01#alt2,2,4,450.0,1350.0,0.1599,0.99
DK04_to_DK01#alt2,2,5,450.0,1400.0,0.1551,0.99
DK04_to_DK01#alt2,2,6,400.0,1450.0,0.1648,0.99
DK04_to_DK01#alt2,2,7,400.0,1500.0,0.1889,0.3883
DK04_to_DK01#alt2,2,8,350.0,1550.0,0.1921,0.2703
DK04_to_DK01#alt2,2,9,350.0,1600.0,0.2151,0.2612
DK04_to_DK01#alt2,2,10,350.0,1650.0,0.2431,0.2434
DK04_to_DK01#alt2,2,11,400.0,1700.0,0.3077,0.2487
DK04_to_DK01#alt2,2,12,450.0,1750.0,0.3895,0.2083
DK04_to_DK01#alt2,2,13,500.0,1800.0,0.4931,0.1537
DK04_to_DK01#alt2,2,14,550.0,1850.0,0.6241,0.1003
DK04_to_DK01#alt2,2,15,500.0,1900.0,0.5903,0.99
DK04_to_DK01#alt2,2,16,550.0,1950.0,0.7165,0.99
DK04_to_DK01#alt2,2,17,550.0,2000.0,0.79,0.99
DK04_to_DK01#alt2,2,18,550.0,2050.0,0.8465,0.99
DK04_to_DK01#alt2,2,19,550.0,2100.0,0.8465,0.0013
DK04_to_DK01#alt2,2,20,550.0,2150.0,0.8465,0.0006
DK04_to_DK01#alt2,2,21,550.0,2200.0,0.8465,0.0003
DK04_to_DK01#alt2,2,22,500.0,2250.0,0.7165,0.0003
DK04_to_DK01#alt2,2,23,450.0,2300.0,0.6065,0.0003
DK04_to_DK01#alt2,2,24,400.0,2350.0,0.503,0.0003
DK04_to_DK01#alt2,2,25,350.0,2400.0,0.4076,0.99
DK04_to_DK01#alt2,2,26,300.0,2450.0,0.3269,0.99
DK04_to_DK01#alt2,2,27,250.0,2500.0,0.2609,0.99
DK04_to_DK01#alt2,2,28,200.0,2550.0,0.2076,0.99
DK04_to_DK01#alt2,2,29,200.0,2600.0,0.1889,0.99
DK04_to_DK01#alt2,2,30,250.0,2650.0,0.1921,0.99
DK04_to_DK01#alt2,2,31,300.0,2700.0,0.1921,0.99
DK04_to_DK01#alt2,2,32,350.0,2750.0,0.2231,0.99
DK04_to_DK01#alt2,2,33,400.0,2800.0,0.2609,0.99
DK04_to_DK01#alt2,2,34,400.0,2850.0,0.3077,0.99
DK04_to_DK01#alt2,2,35,400.0,2900.0,0.3628,0.99
DK04_to_DK01#alt2,2,36,450.0,2950.0,0.4076,0.99
DK04_to_DK01#alt2,2,37,450.0,3000.0,0.4746,0.99
DK04_to_DK01#alt2,2,38,450.0,3050.0,0.5483,0.99
DK04_to_DK01#alt2,2,39,500.0,3100.0,0.5903,0.99
DK04_to_DK01#alt2,2,40,500.0,3150.0,0.6889,0.99
DK04_to_DK01#alt2,2,41,550.0,3200.0,0.6889,0.99
DK04_to_DK01#alt2,2,42,550.0,3250.0,0.79,0.99
DK04_to_DK01#alt2,2,43,550.0,3300.0,0.8465,0.99
DK04_to_DK01#alt2,2,44,550.0,3350.0,0.8465,0.99
DK04_to_DK01#alt2,2,45,600.0,3400.0,0.7165,0.4905
DK04_to_DK01#alt2,2,46,600.0,3450.0,0.7165,0.4196
DK04_to_DK01#alt2,2,47,650.0,3500.0,0.6065,0.99
DK04_to_DK01#alt2,2,48,650.0,3550.0,0.6065,0.99
DK04_to_DK01#alt2,2,49,700.0,3600.0,0.503,0.99
DK04_to_DK01#alt2,2,50,750.0,3650.0,0.4746,0.99
DK04_to_DK01#alt2,2,51,800.0,3700.0,0.4346,0.99
DK04_to_DK01#alt2,2,52,850.0,3750.0,0.4076,0.99
DK04_to_DK01#alt2,2,53,900.0,3800.0,0.3628,0.99
DK04_to_DK01#alt2,2,54,950.0,3850.0,0.3114,0.99
DK04_to_DK01#alt2,2,55,1000.0,3900.0,0.3269,0.99
DK04_to_DK01#alt2,2,56,1050.0,3900.0,0.3784,0.99
DK04_to_DK01#alt2,2,57,1100.0,3850.0,0.3895,0.99
DK04_to_DK01#alt2,2,58,1150.0,3850.0,0.4346,0.99
DK04_to_DK01#alt2,2,59,1200.0,3850.0,0.4931,0.99
DK04_to_DK01#alt2,2,60,1250.0,3850.0,0.5483,0.99
DK04_to_DK01#alt2,2,61,1300.0,3800.0,0.503,0.99
DK04_to_DK01#alt2,2,62,1350.0,3800.0,0.5134,0.99
DK04_to_DK01#alt2,2,63,1400.0,3800.0,0.5134,0.2279
DK04_to_DK01#alt2,2,64,1450.0,3800.0,0.503,0.2181
DK04_to_DK01#alt2,2,65,1500.0,3800.0,0.4746,0.1995
DK04_to_DK01#alt2,2,66,1550.0,3800.0,0.4346,0.99
DK04_to_DK01#alt2,2,67,1600.0,3800.0,0.4346,0.99
DK04_to_DK01#alt2,2,68,1650.0,3800.0,0.4931,0.99
DK04_to_DK01#alt2,2,69,1700.0,3800.0,0.5483,0.99
DK04_to_DK01#alt2,2,70,1750.0,3800.0,0.5903,0.99
DK04_to_DK01#alt2,2,71,1800.0,3800.0,0.6241,0.99
DK04_to_DK01#alt2,2,72,1850.0,3750.0,0.5903,0.99
DK04_to_DK01#alt2,2,73,1900.0,3750.0,0.6241,0.3901
DK04_to_DK01#alt2,2,74,1950.0,3700.0,0.6889,0.4316
DK04_to_DK01#alt2,2,75,2000.0,3650.0,0.6889,0.6206
DK04_to_DK01#alt2,2,76,2050.0,3600.0,0.6889,0.7103
DK04_to_DK01#alt2,2,77,2100.0,3550.0,0.6889,0.7435
DK04_to_DK02#alt0,0,0,300.0,1150.0,0.3114,0.2899
DK04_to_DK02#alt0,0,1,250.0,1200.0,0.2636,0.2421
DK04_to_DK02#alt0,0,2,200.0,1250.0,0.2211,0.99
DK04_to_DK02#alt0,0,3,200.0,1300.0,0.1873,0.1669
DK04_to_DK02#alt0,0,4,200.0,1350.0,0.1587,0.1512
DK04_to_DK02#alt0,0,5,200.0,1400.0,0.1344,0.1357
DK04_to_DK02#alt0,0,6,150.0,1450.0,0.1117,0.99
DK04_to_DK02#alt0,0,7,100.0,1500.0,0.0936,0.99
DK04_to_DK02#alt0,0,8,50.0,1550.0,0.0904,0.99
DK04_to_DK02#alt0,0,9,0.0,1600.0,0.0854,0.99
DK04_to_DK02#alt0,0,10,50.0,1650.0,0.1069,0.99
DK04_to_DK02#alt0,0,11,50.0,1700.0,0.1146,0.99
DK04_to_DK02#alt0,0,12,50.0,1750.0,0.1239,0.99
DK04_to_DK02#alt0,0,13,50.0,1800.0,0.1335,0.0046
DK04_to_DK02#alt0,0,14,0.0,1850.0,0.1215,0.99
DK04_to_DK02#alt0,0,15,0.0,1900.0,0.1273,0.0006
DK04_to_DK02#alt0,0,16,0.0,1950.0,0.1317,0.0003
DK04_to_DK02#alt0,0,17,0.0,2000.0,0.1344,0.0002
DK04_to_DK02#alt0,0,18,0.0,2050.0,0.1353,0.99
DK04_to_DK02#alt0,0,19,0.0,2100.0,0.1353,0.99
DK04_to_DK02#alt0,0,20,0.0,2150.0,0.1353,0.99
DK04_to_DK02#alt0,0,21,0.0,2200.0,0.1353,0.99
DK04_to_DK02#alt0,0,22,0.0,2250.0,0.1353,0.99
DK04_to_DK02#alt0,0,23,0.0,2300.0,0.1353,0.99
DK04_to_DK02#alt0,0,24,0.0,2350.0,0.1344,0.99
DK04_to_DK02#alt0,0,25,0.0,2400.0,0.1317,0.99
DK04_to_DK02#alt0,0,26,0.0,2450.0,0.1273,0.99
DK04_to_DK02#alt0,0,27,0.0,2500.0,0.1215,0.99
DK04_to_DK02#alt0,0,28,0.0,2550.0,0.1146,0.99
DK04_to_DK02#alt0,0,29,0.0,2600.0,0.1215,0.99
DK04_to_DK02#alt0,0,30,0.0,2650.0,0.1422,0.99
DK04_to_DK02#alt0,0,31,0.0,2700.0,0.1661,0.99
DK04_to_DK02#alt0,0,32,0.0,2750.0,0.1937,0.99
DK04_to_DK02#alt0,0,33,0.0,2800.0,0.2252,0.99
DK04_to_DK02#alt0,0,34,0.0,2850.0,0.2609,0.99
DK04_to_DK02#alt0,0,35,0.0,2900.0,0.3006,0.99
DK04_to_DK02#alt0,0,36,0.0,2950.0,0.344,0.99
DK04_to_DK02#alt0,0,37,0.0,3000.0,0.3895,0.99
DK04_to_DK02#alt0,0,38,0.0,3050.0,0.4346,0.99
DK04_to_DK02#alt0,0,39,0.0,3100.0,0.4931,0.99
DK04_to_DK02#alt0,0,40,0.0,3150.0,0.5483,0.99
DK04_to_DK02#alt0,0,41,0.0,3200.0,0.6241,0.99
DK04_to_DK02#alt0,0,42,0.0,3250.0,0.6889,0.99
DK04_to_DK02#alt0,0,43,0.0,3300.0,0.7165,0.99
DK04_to_DK02#alt0,0,44,0.0,3350.0,0.79,0.99
DK04_to_DK02#alt0,0,45,0.0,3400.0,0.8465,0.99
DK04_to_DK02#alt0,0,46,0.0,3450.0,0.8465,0.99
DK04_to_DK02#alt0,0,47,50.0,3500.0,0.8465,0.99
DK04_to_DK02#alt0,0,48,50.0,3550.0,0.8465,0.99
DK04_to_DK02#alt0,0,49,100.0,3600.0,0.8465,0.99
DK04_to_DK02#alt0,0,50,150.0,3650.0,0.8465,0.99
DK04_to_DK02#alt0,0,51,200.0,3700.0,0.8465,0.99
DK04_to_DK02#alt0,0,52,250.0,3750.0,0.7165,0.99
DK04_to_DK02#alt0,0,53,300.0,3800.0,0.6065,0.99
DK04_to_DK02#alt0,0,54,300.0,3850.0,0.5134,0.3644
DK04_to_DK02#alt0,0,55,300.0,3900.0,0.4346,0.5115
DK04_to_DK02#alt0,0,56,300.0,3950.0,0.3679,0.5814
DK04_to_DK02#alt0,0,57,300.0,4000.0,0.3114,0.6387
DK04_to_DK02#alt1,1,0,300.0,1150.0,0.3114,0.2899
DK04_to_DK02#alt1,1,1,350.0,1200.0,0.2636,0.3716
DK04_to_DK02#alt1,1,2,400.0,1250.0,0.2231,0.4669
DK04_to_DK02#alt1,1,3,450.0,1300.0,0.1889,0.99
DK04_to_DK02#alt1,1,4,400.0,1350.0,0.1599,0.99
DK04_to_DK02#alt1,1,5,400.0,1400.0,0.1432,0.99
DK04_to_DK02#alt1,1,6,350.0,1450.0,0.1495,0.2834
DK04_to_DK02#alt1,1,7,350.0,1500.0,0.17,0.2737
DK04_to_DK02#alt1,1,8,350.0,1550.0,0.1921,0.2703
DK04_to_DK02#alt1,1,9,350.0,1600.0,0.2151,0.2612
DK04_to_DK02#alt1,1,10,350.0,1650.0,0.2431,0.2434
DK04_to_DK02#alt1,1,11,350.0,1700.0,0.2721,0.1818
DK04_to_DK02#alt1,1,12,350.0,1750.0,0.3006,0.1441
DK04_to_DK02#alt1,1,13,300.0,1800.0,0.281,0.99
DK04_to_DK02#alt1,1,14,250.0,1850.0,0.2609,0.99
DK04_to_DK02#alt1,1,15,200.0,1900.0,0.2407,0.99
DK04_to_DK02#alt1,1,16,200.0,1950.0,0.253,0.99
DK04_to_DK02#alt1,1,17,200.0,2000.0,0.2609,0.99
DK04_to_DK02#alt1,1,18,200.0,2050.0,0.2636,0.99
DK04_to_DK02#alt1,1,19,200.0,2100.0,0.2636,0.0004
DK04_to_DK02#alt1,1,20,200.0,2150.0,0.2636,0.0002
DK04_to_DK02#alt1,1,21,200.0,2200.0,0.2636,0.0001
DK04_to_DK02#alt1,1,22,200.0,2250.0,0.2636,0.0001
DK04_to_DK02#alt1,1,23,200.0,2300.0,0.2636,0.99
DK04_to_DK02#alt1,1,24,200.0,2350.0,0.2609,0.99
DK04_to_DK02#alt1,1,25,200.0,2400.0,0.253,0.99
DK04_to_DK02#alt1,1,26,200.0,2450.0,0.2407,0.99
DK04_to_DK02#alt1,1,27,200.0,2500.0,0.2252,0.99
DK04_to_DK02#alt1,1,28,200.0,2550.0,0.2076,0.99
DK04_to_DK02#alt1,1,29,200.0,2600.0,0.1889,0.99
DK04_to_DK02#alt1,1,30,200.0,2650.0,0.17,0.99
DK04_to_DK02#alt1,1,31,200.0,2700.0,0.1889,0.99
DK04_to_DK02#alt1,1,32,200.0,2750.0,0.2231,0.99
DK04_to_DK02#alt1,1,33,200.0,2800.0,0.2636,0.99
DK04_to_DK02#alt1,1,34,200.0,2850.0,0.3114,0.99
DK04_to_DK02#alt1,1,35,200.0,2900.0,0.3679,0.99
DK04_to_DK02#alt1,1,36,200.0,2950.0,0.4346,0.99
DK04_to_DK02#alt1,1,37,200.0,3000.0,0.5134,0.99
DK04_to_DK02#alt1,1,38,150.0,3050.0,0.5903,0.99
DK04_to_DK02#alt1,1,39,100.0,3100.0,0.6241,0.99
DK04_to_DK02#alt1,1,40,50.0,3150.0,0.6241,0.99
DK04_to_DK02#alt1,1,41,0.0,3200.0,0.6241,0.99
DK04_to_DK02#alt1,1,42,0.0,3250.0,0.6889,0.99
DK04_to_DK02#alt1,1,43,0.0,3300.0,0.7165,0.99
DK04_to_DK02#alt1,1,44,0.0,3350.0,0.79,0.99
DK04_to_DK02#alt1,1,45,0.0,3400.0,0.8465,0.99
DK04_to_DK02#alt1,1,46,0.0,3450.0,0.8465,0.99
DK04_to_DK02#alt1,1,47,0.0,3500.0,0.79,0.99
DK04_to_DK02#alt1,1,48,0.0,3550.0,0.7165,0.99
DK04_to_DK02#alt1,1,49,0.0,3600.0,0.6889,0.99
DK04_to_DK02#alt1,1,50,0.0,3650.0,0.6241,0.99
DK04_to_DK02#alt1,1,51,0.0,3700.0,0.5483,0.99
DK04_to_DK02#alt1,1,52,0.0,3750.0,0.4931,0.99
DK04_to_DK02#alt1,1,53,50.0,3800.0,0.4931,0.99
DK04_to_DK02#alt1,1,54,100.0,3850.0,0.4746,0.99
DK04_to_DK02#alt1,1,55,150.0,3900.0,0.4275,0.99
DK04_to_DK02#alt1,1,56,200.0,3950.0,0.3679,0.99
DK04_to_DK02#alt1,1,57,250.0,4000.0,0.3114,0.5844
DK04_to_DK02#alt1,1,58,300.0,4000.0,0.3114,0.6387
DK04_to_DK02#alt2,2,0,300.0,1150.0,0.3114,0.2899
DK04_to_DK02#alt2,2,1,350.0,1200.0,0.2636,0.3716
DK04_to_DK02#alt2,2,2,400.0,1250.0,0.2231,0.4669
DK04_to_DK02#alt2,2,3,450.0,1300.0,0.1889,0.99
DK04_to_DK02#alt2,2,4,500.0,1350.0,0.1587,0.99
DK04_to_DK02#alt2,2,5,550.0,1400.0,0.1937,0.99
DK04_to_DK02#alt2,2,6,600.0,1450.0,0.2407,0.4524
DK04_to_DK02#alt2,2,7,600.0,1500.0,0.2609,0.4544
DK04_to_DK02#alt2,2,8,550.0,1550.0,0.281,0.4596
DK04_to_DK02#alt2,2,9,550.0,1600.0,0.3269,0.4287
DK04_to_DK02#alt2,2,10,600.0,1650.0,0.4076,0.99
DK04_to_DK02#alt2,2,11,550.0,1700.0,0.4346,0.2643
DK04_to_DK02#alt2,2,12,550.0,1750.0,0.4931,0.2027
DK04_to_DK02#alt2,2,13,550.0,1800.0,0.5483,0.1469
DK04_to_DK02#alt2,2,14,550.0,1850.0,0.6241,0.1003
DK04_to_DK02#alt2,2,15,550.0,1900.0,0.6889,0.99
DK04_to_DK02#alt2,2,16,550.0,1950.0,0.7165,0.99
DK04_to_DK02#alt2,2,17,550.0,2000.0,0.79,0.99
DK04_to_DK02#alt2,2,18,550.0,2050.0,0.8465,0.99
DK04_to_DK02#alt2,2,19,550.0,2100.0,0.8465,0.0013
DK04_to_DK02#alt2,2,20,550.0,2150.0,0.8465,0.0006
DK04_to_DK02#alt2,2,21,550.0,2200.0,0.8465,0.0003
DK04_to_DK02#alt2,2,22,550.0,2250.0,0.8465,0.0003
DK04_to_DK02#alt2,2,23,550.0,2300.0,0.8465,0.0003
DK04_to_DK02#alt2,2,24,600.0,2350.0,0.8465,0.0005
DK04_to_DK02#alt2,2,25,650.0,2400.0,0.8465,0.0011
DK04_to_DK02#alt2,2,26,700.0,2450.0,0.8465,0.0026
DK04_to_DK02#alt2,2,27,750.0,2500.0,0.8465,0.0119
DK04_to_DK02#alt2,2,28,800.0,2550.0,0.7165,0.0216
DK04_to_DK02#alt2,2,29,800.0,2600.0,0.6065,0.0371
DK04_to_DK02#alt2,2,30,800.0,2650.0,0.5134,0.0595
DK04_to_DK02#alt2,2,31,800.0,2700.0,0.5483,0.99
DK04_to_DK02#alt2,2,32,800.0,2750.0,0.6241,0.99
DK04_to_DK02#alt2,2,33,800.0,2800.0,0.6889,0.99
DK04_to_DK02#alt2,2,34,800.0,2850.0,0.79,0.245
DK04_to_DK02#alt2,2,35,800.0,2900.0,0.8465,0.2974
DK04_to_DK02#alt2,2,36,750.0,2950.0,0.7165,0.3907
DK04_to_DK02#alt2,2,37,700.0,3000.0,0.6065,0.4401
DK04_to_DK02#alt2,2,38,650.0,3050.0,0.5134,0.4784
DK04_to_DK02#alt2,2,39,600.0,3100.0,0.4931,0.5375
DK04_to_DK02#alt2,2,40,550.0,3150.0,0.6241,0.99
DK04_to_DK02#alt2,2,41,550.0,3200.0,0.6889,0.99
DK04_to_DK02#alt2,2,42,550.0,3250.0,0.79,0.99
DK04_to_DK02#alt2,2,43,550.0,3300.0,0.8465,0.99
DK04_to_DK02#alt2,2,44,550.0,3350.0,0.8465,0.99
DK04_to_DK02#alt2,2,45,550.0,3400.0,0.8465,0.4099
DK04_to_DK02#alt2,2,46,550.0,3450.0,0.8465,0.3768
DK04_to_DK02#alt2,2,47,550.0,3500.0,0.8465,0.3096
DK04_to_DK02#alt2,2,48,550.0,3550.0,0.8465,0.2775
DK04_to_DK02#alt2,2,49,500.0,3600.0,0.8465,0.2728
DK04_to_DK02#alt2,2,50,500.0,3650.0,0.79,0.2484
DK04_to_DK02#alt2,2,51,500.0,3700.0,0.6889,0.2076
DK04_to_DK02#alt2,2,52,500.0,3750.0,0.6241,0.1996
DK04_to_DK02#alt2,2,53,500.0,3800.0,0.5483,0.204
DK04_to_DK02#alt2,2,54,500.0,3850.0,0.4746,0.2214
DK04_to_DK02#alt2,2,55,450.0,3900.0,0.4275,0.99
DK04_to_DK02#alt2,2,56,400.0,3950.0,0.3679,0.99
DK04_to_DK02#alt2,2,57,350.0,4000.0,0.3114,0.6547
DK04_to_DK02#alt2,2,58,300.0,4000.0,0.3114,0.6387
DK04_to_DK06#alt0,0,0,300.0,1150.0,0.3114,0.2899
DK04_to_DK06#alt0,0,1,350.0,1100.0,0.3679,0.3211
DK04_to_DK06#alt0,0,2,400.0,1050.0,0.4346,0.3308
DK04_to_DK06#alt0,0,3,450.0,1000.0,0.5134,0.99
DK04_to_DK06#alt0,0,4,500.0,950.0,0.5903,0.99
DK04_to_DK06#alt0,0,5,550.0,900.0,0.6241,0.99
DK04_to_DK06#alt0,0,6,600.0,850.0,0.6241,0.1574
DK04_to_DK06#alt0,0,7,650.0,800.0,0.6241,0.1178
DK04_to_DK06#alt0,0,8,700.0,800.0,0.5483,0.1256
DK04_to_DK06#alt0,0,9,750.0,800.0,0.4746,0.1289
DK04_to_DK06#alt0,0,10,800.0,850.0,0.3784,0.1632
DK04_to_DK06#alt0,0,11,850.0,850.0,0.3269,0.99
DK04_to_DK06#alt0,0,12,900.0,800.0,0.3114,0.99
DK04_to_DK06#alt0,0,13,950.0,750.0,0.3628,0.99
DK04_to_DK06#alt0,0,14,1000.0,700.0,0.4076,0.99
DK04_to_DK06#alt0,0,15,1050.0,650.0,0.4346,0.99
DK04_to_DK06#alt0,0,16,1100.0,700.0,0.5483,0.99
DK04_to_DK06#alt0,0,17,1150.0,750.0,0.6889,0.99
DK04_to_DK06#alt0,0,18,1200.0,750.0,0.79,0.99
DK04_to_DK06#alt0,0,19,1250.0,750.0,0.8465,0.99
DK04_to_DK06#alt0,0,20,1300.0,750.0,0.8465,0.99
DK04_to_DK06#alt0,0,21,1350.0,750.0,0.8465,0.99
DK04_to_DK06#alt0,0,22,1400.0,800.0,0.8465,0.99
DK04_to_DK06#alt0,0,23,1450.0,850.0,0.8465,0.99
DK04_to_DK06#alt0,0,24,1500.0,900.0,0.7165,0.99
DK04_to_DK06#alt0,0,25,1550.0,950.0,0.5903,0.99
DK04_to_DK06#alt0,0,26,1600.0,1000.0,0.4746,0.99
DK04_to_DK06#alt0,0,27,1650.0,1050.0,0.3784,0.2287
DK04_to_DK06#alt0,0,28,1700.0,1100.0,0.3006,0.2419
DK04_to_DK06#alt0,0,29,1750.0,1150.0,0.2384,0.2364
DK04_to_DK06#alt0,0,30,1750.0,1200.0,0.2151,0.99
DK04_to_DK06#alt0,0,31,1750.0,1250.0,0.2151,0.99
DK04_to_DK06#alt0,0,32,1750.0,1300.0,0.2431,0.99
DK04_to_DK06#alt0,0,33,1750.0,1350.0,0.2721,0.99
DK04_to_DK06#alt0,0,34,1750.0,1400.0,0.3006,0.4564
DK04_to_DK06#alt0,0,35,1750.0,1450.0,0.3269,0.4606
DK04_to_DK06#alt0,0,36,1700.0,1500.0,0.4076,0.4198
DK04_to_DK06#alt0,0,37,1650.0,1550.0,0.503,0.3876
DK04_to_DK06#alt0,0,38,1600.0,1600.0,0.6241,0.99
DK04_to_DK06#alt0,0,39,1550.0,1650.0,0.79,0.99
DK04_to_DK06#alt0,0,40,1550.0,1700.0,0.8465,0.312
DK04_to_DK06#alt0,0,41,1550.0,1750.0,0.8465,0.2814
DK04_to_DK06#alt0,0,42,1550.0,1800.0,0.8465,0.2582
DK04_to_DK06#alt0,0,43,1550.0,1850.0,0.8465,0.2383
DK04_to_DK06#alt0,0,44,1600.0,1900.0,0.7165,0.13
DK04_to_DK06#alt0,0,45,1550.0,1950.0,0.8465,0.1694
DK04_to_DK06#alt0,0,46,1500.0,2000.0,0.8465,0.1642
DK04_to_DK06#alt0,0,47,1500.0,2050.0,0.8465,0.99
DK04_to_DK06#alt0,0,48,1450.0,2100.0,0.8465,0.99
DK04_to_DK06#alt0,0,49,1400.0,2150.0,0.79,0.99
DK04_to_DK06#alt0,0,50,1350.0,2200.0,0.7165,0.99
DK04_to_DK06#alt0,0,51,1300.0,2250.0,0.7165,0.99
DK04_to_DK06#alt0,0,52,1250.0,2300.0,0.79,0.99
DK04_to_DK06#alt0,0,53,1200.0,2350.0,0.8465,0.99
DK04_to_DK06#alt0,0,54,1200.0,2400.0,0.79,0.99
DK04_to_DK06#alt0,0,55,1200.0,2450.0,0.6889,0.99
DK04_to_DK06#alt0,0,56,1200.0,2500.0,0.6889,0.99
DK04_to_DK06#alt0,0,57,1200.0,2550.0,0.79,0.99
DK04_to_DK06#alt0,0,58,1200.0,2600.0,0.8465,0.99
DK04_to_DK06#alt0,0,59,1200.0,2650.0,0.8465,0.99
DK04_to_DK06#alt0,0,60,1200.0,2700.0,0.8465,0.99
DK04_to_DK06#alt0,0,61,1200.0,2750.0,0.8465,0.99
DK04_to_DK06#alt0,0,62,1250.0,2800.0,0.8465,0.99
DK04_to_DK06#alt0,0,63,1300.0,2850.0,0.8465,0.0085
DK04_to_DK06#alt0,0,64,1350.0,2900.0,0.8465,0.0304
DK04_to_DK06#alt0,0,65,1350.0,2950.0,0.7165,0.049
DK04_to_DK06#alt0,0,66,1350.0,3000.0,0.6065,0.0759
DK04_to_DK06#alt0,0,67,1350.0,3050.0,0.6241,0.1125
DK04_to_DK06#alt0,0,68,1350.0,3100.0,0.6889,0.2143
DK04_to_DK06#alt0,0,69,1350.0,3150.0,0.79,0.2739
DK04_to_DK06#alt0,0,70,1350.0,3200.0,0.8465,0.3319
DK04_to_DK06#alt0,0,71,1350.0,3250.0,0.79,0.99
DK04_to_DK06#alt0,0,72,1400.0,3300.0,0.79,0.4826
DK04_to_DK06#alt0,0,73,1450.0,3350.0,0.7165,0.4554
DK04_to_DK06#alt0,0,74,1450.0,3400.0,0.6065,0.4157
DK04_to_DK06#alt0,0,75,1450.0,3450.0,0.5134,0.3661
DK04_to_DK06#alt0,0,76,1500.0,3500.0,0.4346,0.99
DK04_to_DK06#alt0,0,77,1500.0,3550.0,0.3679,0.2163
DK04_to_DK06#alt0,0,78,1500.0,3600.0,0.3114,0.1954
DK04_to_DK06#alt0,0,79,1500.0,3650.0,0.2972,0.1862
DK04_to_DK06#alt0,0,80,1500.0,3700.0,0.3485,0.1907
DK04_to_DK06#alt0,0,81,1500.0,3750.0,0.4076,0.1963
DK04_to_DK06#alt0,0,82,1500.0,3800.0,0.4746,0.1995
DK04_to_DK06#alt0,0,83,1500.0,3850.0,0.5483,0.1992
DK04_to_DK06#alt0,0,84,1500.0,3900.0,0.6241,0.1981
DK04_to_DK06#alt0,0,85,1500.0,3950.0,0.6889,0.208
DK04_to_DK06#alt0,0,86,1500.0,4000.0,0.79,0.2339
DK04_to_DK06#alt0,0,87,1500.0,4050.0,0.8465,0.2808
DK04_to_DK06#alt0,0,88,1500.0,4100.0,0.8465,0.4382
DK04_to_DK06#alt0,0,89,1500.0,4150.0,0.79,0.5355
DK04_to_DK06#alt0,0,90,1500.0,4200.0,0.79,0.6286
DK04_to_DK06#alt0,0,91,1500.0,4250.0,0.8465,0.7021
DK04_to_DK06#alt0,0,92,1500.0,4300.0,0.8465,0.7424
DK04_to_DK06#alt1,1,0,300.0,1150.0,0.3114,0.2899
DK04_to_DK06#alt1,1,1,250.0,1100.0,0.3679,0.1999
DK04_to_DK06#alt1,1,2,200.0,1050.0,0.4275,0.0954
DK04_to_DK06#alt1,1,3,200.0,1000.0,0.503,0.0717
DK04_to_DK06#alt1,1,4,250.0,950.0,0.6065,0.0747
DK04_to_DK06#alt1,1,5,250.0,900.0,0.7165,0.0531
DK04_to_DK06#alt1,1,6,200.0,850.0,0.79,0.0254
DK04_to_DK06#alt1,1,7,150.0,800.0,0.79,0.0301
DK04_to_DK06#alt1,1,8,100.0,750.0,0.7165,0.99
DK04_to_DK06#alt1,1,9,100.0,700.0,0.79,0.0723
DK04_to_DK06#alt1,1,10,100.0,650.0,0.8465,0.1432
DK04_to_DK06#alt1,1,11,100.0,600.0,0.8465,0.1834
DK04_to_DK06#alt1,1,12,50.0,550.0,0.6889,0.2129
DK04_to_DK06#alt1,1,13,50.0,500.0,0.6241,0.2401
DK04_to_DK06#alt1,1,14,100.0,450.0,0.6889,0.2623
DK04_to_DK06#alt1,1,15,150.0,400.0,0.6889,0.237
DK04_to_DK06#alt1,1,16,200.0,350.0,0.6889,0.1561
DK04_to_DK06#alt1,1,17,250.0,300.0,0.6241,0.1018
DK04_to_DK06#alt1,1,18,250.0,250.0,0.5483,0.0695
DK04_to_DK06#alt1,1,19,300.0,200.0,0.503,0.99
DK04_to_DK06#alt1,1,20,350.0,150.0,0.4346,0.99
DK04_to_DK06#alt1,1,21,400.0,100.0,0.3679,0.99
DK04_to_DK06#alt1,1,22,450.0,50.0,0.3077,0.002
DK04_to_DK06#alt1,1,23,500.0,0.0,0.253,0.0007
DK04_to_DK06#alt1,1,24,550.0,0.0,0.2407,0.0003
DK04_to_DK06#alt1,1,25,600.0,0.0,0.2252,0.0
DK04_to_DK06#alt1,1,26,650.0,50.0,0.2407,0.0
DK04_to_DK06#alt1,1,27,700.0,50.0,0.2252,0.0
DK04_to_DK06#alt1,1,28,750.0,50.0,0.2076,0.0
DK04_to_DK06#alt1,1,29,800.0,50.0,0.1889,0.0
DK04_to_DK06#alt1,1,30,850.0,50.0,0.17,0.0
DK04_to_DK06#alt1,1,31,900.0,50.0,0.1517,0.0
DK04_to_DK06#alt1,1,32,950.0,50.0,0.1344,0.0
DK04_to_DK06#alt1,1,33,1000.0,100.0,0.1308,0.99
DK04_to_DK06#alt1,1,34,1050.0,150.0,0.1239,0.99
DK04_to_DK06#alt1,1,35,1100.0,200.0,0.1273,0.99
DK04_to_DK06#alt1,1,36,1150.0,250.0,0.1551,0.99
DK04_to_DK06#alt1,1,37,1200.0,300.0,0.1873,0.99
DK04_to_DK06#alt1,1,38,1250.0,350.0,0.2231,0.99
DK04_to_DK06#alt1,1,39,1300.0,400.0,0.2636,0.99
DK04_to_DK06#alt1,1,40,1350.0,450.0,0.3114,0.99
DK04_to_DK06#alt1,1,41,1400.0,500.0,0.3628,0.99
DK04_to_DK06#alt1,1,42,1450.0,550.0,0.4076,0.99
DK04_to_DK06#alt1,1,43,1500.0,600.0,0.4346,0.99
DK04_to_DK06#alt1,1,44,1550.0,650.0,0.4346,0.99
DK04_to_DK06#alt1,1,45,1600.0,700.0,0.4346,0.99
DK04_to_DK06#alt1,1,46,1650.0,750.0,0.4076,0.99
DK04_to_DK06#alt1,1,47,1700.0,800.0,0.3628,0.99
DK04_to_DK06#alt1,1,48,1750.0,850.0,0.3114,0.99
DK04_to_DK06#alt1,1,49,1800.0,900.0,0.2636,0.2554
DK04_to_DK06#alt1,1,50,1850.0,950.0,0.2211,0.2393
DK04_to_DK06#alt1,1,51,1900.0,1000.0,0.2057,0.1962
DK04_to_DK06#alt1,1,52,1950.0,1050.0,0.2252,0.1424
DK04_to_DK06#alt1,1,53,2000.0,1100.0,0.2384,0.0604
DK04_to_DK06#alt1,1,54,2050.0,1150.0,0.2636,0.0409
DK04_to_DK06#alt1,1,55,2050.0,1200.0,0.2609,0.047
DK04_to_DK06#alt1,1,56,2050.0,1250.0,0.253,0.0586
DK04_to_DK06#alt1,1,57,2050.0,1300.0,0.2407,0.0951
DK04_to_DK06#alt1,1,58,2050.0,1350.0,0.2252,0.99
DK04_to_DK06#alt1,1,59,2050.0,1400.0,0.2407,0.99
DK04_to_DK06#alt1,1,60,2050.0,1450.0,0.253,0.99
DK04_to_DK06#alt1,1,61,2100.0,1500.0,0.3077,0.99
DK04_to_DK06#alt1,1,62,2150.0,1550.0,0.3784,0.99
DK04_to_DK06#alt1,1,63,2200.0,1600.0,0.4746,0.1304
DK04_to_DK06#alt1,1,64,2250.0,1650.0,0.5903,0.1205
DK04_to_DK06#alt1,1,65,2300.0,1700.0,0.7165,0.99
DK04_to_DK06#alt1,1,66,2350.0,1750.0,0.8465,0.99
DK04_to_DK06#alt1,1,67,2350.0,1800.0,0.8465,0.0636
DK04_to_DK06#alt1,1,68,2350.0,1850.0,0.8465,0.0618
DK04_to_DK06#alt1,1,69,2350.0,1900.0,0.8465,0.0725
DK04_to_DK06#alt1,1,70,2350.0,1950.0,0.79,0.0828
DK04_to_DK06#alt1,1,71,2350.0,2000.0,0.6889,0.0931
DK04_to_DK06#alt1,1,72,2350.0,2050.0,0.6241,0.1005
DK04_to_DK06#alt1,1,73,2350.0,2100.0,0.5483,0.0987
DK04_to_DK06#alt1,1,74,2350.0,2150.0,0.5483,0.089
DK04_to_DK06#alt1,1,75,2300.0,2200.0,0.6889,0.99
DK04_to_DK06#alt1,1,76,2300.0,2250.0,0.7165,0.0515
DK04_to_DK06#alt1,1,77,2350.0,2300.0,0.6065,0.0325
DK04_to_DK06#alt1,1,78,2400.0,2350.0,0.5134,0.99
DK04_to_DK06#alt1,1,79,2450.0,2400.0,0.4931,0.99
DK04_to_DK06#alt1,1,80,2500.0,2450.0,0.4931,0.99
DK04_to_DK06#alt1,1,81,2500.0,2500.0,0.5483,0.99
DK04_to_DK06#alt1,1,82,2500.0,2550.0,0.5903,0.99
DK04_to_DK06#alt1,1,83,2500.0,2600.0,0.6241,0.99
DK04_to_DK06#alt1,1,84,2500.0,2650.0,0.6889,0.99
DK04_to_DK06#alt1,1,85,2500.0,2700.0,0.7165,0.99
DK04_to_DK06#alt1,1,86,2500.0,2750.0,0.7165,0.99
DK04_to_DK06#alt1,1,87,2500.0,2800.0,0.7165,0.99
DK04_to_DK06#alt1,1,88,2550.0,2850.0,0.8465,0.99
DK04_to_DK06#alt1,1,89,2550.0,2900.0,0.8465,0.99
DK04_to_DK06#alt1,1,90,2550.0,2950.0,0.8465,0.99
DK04_to_DK06#alt1,1,91,2550.0,3000.0,0.79,0.99
DK04_to_DK06#alt1,1,92,2550.0,3050.0,0.7165,0.99
DK04_to_DK06#alt1,1,93,2600.0,3100.0,0.79,0.0801
DK04_to_DK06#alt1,1,94,2550.0,3150.0,0.7165,0.0724
DK04_to_DK06#alt1,1,95,2500.0,3200.0,0.8465,0.0857
DK04_to_DK06#alt1,1,96,2500.0,3250.0,0.8465,0.0987
DK04_to_DK06#alt1,1,97,2500.0,3300.0,0.8465,0.12
DK04_to_DK06#alt1,1,98,2450.0,3350.0,0.8465,0.1342
DK04_to_DK06#alt1,1,99,2400.0,3400.0,0.8465,0.1601
DK04_to_DK06#alt1,1,100,2350.0,3450.0,0.8465,0.2569
DK04_to_DK06#alt1,1,101,2300.0,3500.0,0.7165,0.3834
DK04_to_DK06#alt1,1,102,2250.0,3500.0,0.7165,0.4715
DK04_to_DK06#alt1,1,103,2200.0,3550.0,0.8465,0.5753
DK04_to_DK06#alt1,1,104,2150.0,3600.0,0.8465,0.6962
DK04_to_DK06#alt1,1,105,2100.0,3650.0,0.8465,0.6666
DK04_to_DK06#alt1,1,106,2050.0,3700.0,0.8465,0.5184
DK04_to_DK06#alt1,1,107,2000.0,3750.0,0.8465,0.4687
DK04_to_DK06#alt1,1,108,1950.0,3800.0,0.79,0.4538
DK04_to_DK06#alt1,1,109,1900.0,3850.0,0.8465,0.481
DK04_to_DK06#alt1,1,110,1850.0,3900.0,0.8465,0.586
DK04_to_DK06#alt1,1,111,1800.0,3900.0,0.8465,0.5248
DK04_to_DK06#alt1,1,112,1750.0,3950.0,0.8465,0.99
DK04_to_DK06#alt1,1,113,1700.0,4000.0,0.8465,0.99
DK04_to_DK06#alt1,1,114,1650.0,4050.0,0.8465,0.99
DK04_to_DK06#alt1,1,115,1600.0,4100.0,0.8465,0.6288
DK04_to_DK06#alt1,1,116,1550.0,4150.0,0.8465,0.6256
DK04_to_DK06#alt1,1,117,1500.0,4200.0,0.79,0.6286
DK04_to_DK06#alt1,1,118,1500.0,4250.0,0.8465,0.7021
DK04_to_DK06#alt1,1,119,1500.0,4300.0,0.8465,0.7424
DK04_to_DK06#alt2,2,0,300.0,1150.0,0.3114,0.2899
DK04_to_DK06#alt2,2,1,250.0,1200.0,0.2636,0.2421
DK04_to_DK06#alt2,2,2,200.0,1250.0,0.2211,0.99
DK04_to_DK06#alt2,2,3,200.0,1300.0,0.1873,0.1669
DK04_to_DK06#alt2,2,4,250.0,1350.0,0.1599,0.2045
DK04_to_DK06#alt2,2,5,300.0,1400.0,0.1353,0.2411
DK04_to_DK06#alt2,2,6,350.0,1450.0,0.1495,0.2834
DK04_to_DK06#alt2,2,7,350.0,1500.0,0.17,0.2737
DK04_to_DK06#alt2,2,8,350.0,1550.0,0.1921,0.2703
DK04_to_DK06#alt2,2,9,350.0,1600.0,0.2151,0.2612
DK04_to_DK06#alt2,2,10,350.0,1650.0,0.2431,0.2434
DK04_to_DK06#alt2,2,11,350.0,1700.0,0.2721,0.1818
DK04_to_DK06#alt2,2,12,350.0,1750.0,0.3006,0.1441
DK04_to_DK06#alt2,2,13,350.0,1800.0,0.3269,0.99
DK04_to_DK06#alt2,2,14,350.0,1850.0,0.3485,0.99
DK04_to_DK06#alt2,2,15,350.0,1900.0,0.3784,0.99
DK04_to_DK06#alt2,2,16,350.0,1950.0,0.4076,0.99
DK04_to_DK06#alt2,2,17,400.0,2000.0,0.503,0.99
DK04_to_DK06#alt2,2,18,450.0,2050.0,0.6065,0.99
DK04_to_DK06#alt2,2,19,500.0,2100.0,0.7165,0.0014
DK04_to_DK06#alt2,2,20,550.0,2150.0,0.8465,0.0006
DK04_to_DK06#alt2,2,21,550.0,2200.0,0.8465,0.0003
DK04_to_DK06#alt2,2,22,550.0,2250.0,0.8465,0.0003
DK04_to_DK06#alt2,2,23,550.0,2300.0,0.8465,0.0003
DK04_to_DK06#alt2,2,24,600.0,2350.0,0.8465,0.0005
DK04_to_DK06#alt2,2,25,600.0,2400.0,0.79,0.0009
DK04_to_DK06#alt2,2,26,550.0,2450.0,0.6241,0.0011
DK04_to_DK06#alt2,2,27,500.0,2500.0,0.4931,0.0027
DK04_to_DK06#alt2,2,28,550.0,2550.0,0.4931,0.0074
DK04_to_DK06#alt2,2,29,600.0,2600.0,0.4931,0.024
DK04_to_DK06#alt2,2,30,600.0,2650.0,0.4346,0.0395
DK04_to_DK06#alt2,2,31,600.0,2700.0,0.3784,0.0907
DK04_to_DK06#alt2,2,32,600.0,2750.0,0.3784,0.1268
DK04_to_DK06#alt2,2,33,650.0,2800.0,0.4746,0.1973
DK04_to_DK06#alt2,2,34,700.0,2850.0,0.5903,0.2684
DK04_to_DK06#alt2,2,35,750.0,2900.0,0.7165,0.3581
DK04_to_DK06#alt2,2,36,750.0,2950.0,0.7165,0.3907
DK04_to_DK06#alt2,2,37,750.0,3000.0,0.7165,0.42
DK04_to_DK06#alt2,2,38,750.0,3050.0,0.7165,0.449
DK04_to_DK06#alt2,2,39,750.0,3100.0,0.7165,0.5156
DK04_to_DK06#alt2,2,40,750.0,3150.0,0.6889,0.5513
DK04_to_DK06#alt2,2,41,750.0,3200.0,0.79,0.5819
DK04_to_DK06#alt2,2,42,750.0,3250.0,0.8465,0.5995
DK04_to_DK06#alt2,2,43,750.0,3300.0,0.8465,0.5681
DK04_to_DK06#alt2,2,44,750.0,3350.0,0.8465,0.99
DK04_to_DK06#alt2,2,45,800.0,3400.0,0.8465,0.99
DK04_to_DK06#alt2,2,46,750.0,3450.0,0.7165,0.99
DK04_to_DK06#alt2,2,47,750.0,3500.0,0.6889,0.99
DK04_to_DK06#alt2,2,48,700.0,3550.0,0.5483,0.99
DK04_to_DK06#alt2,2,49,700.0,3600.0,0.503,0.99
DK04_to_DK06#alt2,2,50,700.0,3650.0,0.4746,0.99
DK04_to_DK06#alt2,2,51,700.0,3700.0,0.4346,0.99
DK04_to_DK06#alt2,2,52,700.0,3750.0,0.3895,0.99
DK04_to_DK06#alt2,2,53,700.0,3800.0,0.344,0.99
DK04_to_DK06#alt2,2,54,700.0,3850.0,0.3077,0.99
DK04_to_DK06#alt2,2,55,750.0,3900.0,0.2431,0.99
DK04_to_DK06#alt2,2,56,800.0,3950.0,0.2057,0.99
DK04_to_DK06#alt2,2,57,850.0,4000.0,0.2211,0.99
DK04_to_DK06#alt2,2,58,900.0,4050.0,0.2636,0.99
DK04_to_DK06#alt2,2,59,950.0,4100.0,0.3114,0.99
DK04_to_DK06#alt2,2,60,1000.0,4150.0,0.3628,0.99
DK04_to_DK06#alt2,2,61,1050.0,4200.0,0.4076,0.3429
DK04_to_DK06#alt2,2,62,1100.0,4250.0,0.4346,0.3585
DK04_to_DK06#alt2,2,63,1150.0,4300.0,0.4346,0.3629
DK04_to_DK06#alt2,2,64,1200.0,4350.0,0.4346,0.308
DK04_to_DK06#alt2,2,65,1250.0,4350.0,0.4746,0.3009
DK04_to_DK06#alt2,2,66,1300.0,4350.0,0.503,0.3117
DK04_to_DK06#alt2,2,67,1350.0,4350.0,0.5134,0.3448
DK04_to_DK06#alt2,2,68,1400.0,4300.0,0.6065,0.5083
DK04_to_DK06#alt2,2,69,1450.0,4300.0,0.7165,0.6212
DK04_to_DK06#alt2,2,70,1500.0,4300.0,0.8465,0.7424
DK04_to_DK05#alt0,0,0,300.0,1150.0,0.3114,0.2899
DK04_to_DK05#alt0,0,1,250.0,1100.0,0.3679,0.1999
DK04_to_DK05#alt0,0,2,200.0,1050.0,0.4275,0.0954
DK04_to_DK05#alt0,0,3,150.0,1050.0,0.4076,0.99
DK04_to_DK05#alt0,0,4,100.0,1100.0,0.3269,0.99
DK04_to_DK05#alt0,0,5,50.0,1150.0,0.2609,0.99
DK04_to_DK05#alt0,0,6,0.0,1200.0,0.2076,0.99
DK04_to_DK05#alt0,0,7,0.0,1250.0,0.1798,0.99
DK04_to_DK05#alt0,0,8,0.0,1300.0,0.1551,0.99
DK04_to_DK05#alt0,0,9,0.0,1350.0,0.1335,0.99
DK04_to_DK05#alt0,0,10,0.0,1400.0,0.1146,0.99
DK04_to_DK05#alt0,0,11,0.0,1450.0,0.0981,0.99
DK04_to_DK05#alt0,0,12,0.0,1500.0,0.0839,0.99
DK04_to_DK05#alt0,0,13,0.0,1550.0,0.0785,0.99
DK04_to_DK05#alt0,0,14,0.0,1600.0,0.0854,0.99
DK04_to_DK05#alt0,0,15,0.0,1650.0,0.092,0.99
DK04_to_DK05#alt0,0,16,0.0,1700.0,0.0987,0.99
DK04_to_DK05#alt0,0,17,0.0,1750.0,0.1069,0.99
DK04_to_DK05#alt0,0,18,0.0,1800.0,0.1146,0.99
DK04_to_DK05#alt0,0,19,0.0,1850.0,0.1215,0.99
DK04_to_DK05#alt0,0,20,0.0,1900.0,0.1273,0.0006
DK04_to_DK05#alt0,0,21,0.0,1950.0,0.1317,0.0003
DK04_to_DK05#alt0,0,22,0.0,2000.0,0.1344,0.0002
DK04_to_DK05#alt0,0,23,0.0,2050.0,0.1353,0.99
DK04_to_DK05#alt0,0,24,0.0,2100.0,0.1353,0.99
DK04_to_DK05#alt0,0,25,0.0,2150.0,0.1353,0.99
DK04_to_DK05#alt0,0,26,0.0,2200.0,0.1353,0.99
DK04_to_DK05#alt0,0,27,0.0,2250.0,0.1353,0.99
DK04_to_DK05#alt0,0,28,0.0,2300.0,0.1353,0.99
DK04_to_DK05#alt0,0,29,0.0,2350.0,0.1344,0.99
DK04_to_DK05#alt0,0,30,0.0,2400.0,0.1317,0.99
DK04_to_DK05#alt0,0,31,0.0,2450.0,0.1273,0.99
DK04_to_DK05#alt0,0,32,0.0,2500.0,0.1215,0.99
DK04_to_DK05#alt0,0,33,0.0,2550.0,0.1146,0.99
DK04_to_DK05#alt0,0,34,0.0,2600.0,0.1215,0.99
DK04_to_DK05#alt0,0,35,0.0,2650.0,0.1422,0.99
DK04_to_DK05#alt0,0,36,0.0,2700.0,0.1661,0.99
DK04_to_DK05#alt0,0,37,0.0,2750.0,0.1937,0.99
DK04_to_DK05#alt0,0,38,0.0,2800.0,0.2252,0.99
DK04_to_DK05#alt0,0,39,0.0,2850.0,0.2609,0.99
DK04_to_DK05#alt0,0,40,0.0,2900.0,0.3006,0.99
DK04_to_DK05#alt0,0,41,0.0,2950.0,0.344,0.99
DK04_to_DK05#alt0,0,42,0.0,3000.0,0.3895,0.99
DK04_to_DK05#alt0,0,43,0.0,3050.0,0.4346,0.99
DK04_to_DK05#alt0,0,44,0.0,3100.0,0.4931,0.99
DK04_to_DK05#alt0,0,45,0.0,3150.0,0.5483,0.99
DK04_to_DK05#alt0,0,46,0.0,3200.0,0.6241,0.99
DK04_to_DK05#alt0,0,47,0.0,3250.0,0.6889,0.99
DK04_to_DK05#alt0,0,48,0.0,3300.0,0.7165,0.99
DK04_to_DK05#alt0,0,49,0.0,3350.0,0.79,0.99
DK04_to_DK05#alt0,0,50,0.0,3400.0,0.8465,0.99
DK04_to_DK05#alt0,0,51,0.0,3450.0,0.8465,0.99
DK04_to_DK05#alt0,0,52,0.0,3500.0,0.79,0.99
DK04_to_DK05#alt0,0,53,0.0,3550.0,0.7165,0.99
DK04_to_DK05#alt0,0,54,0.0,3600.0,0.6889,0.99
DK04_to_DK05#alt0,0,55,0.0,3650.0,0.6241,0.99
DK04_to_DK05#alt0,0,56,0.0,3700.0,0.5483,0.99
DK04_to_DK05#alt0,0,57,0.0,3750.0,0.4931,0.99
DK04_to_DK05#alt0,0,58,0.0,3800.0,0.4346,0.99
DK04_to_DK05#alt0,0,59,0.0,3850.0,0.3895,0.99
DK04_to_DK05#alt0,0,60,0.0,3900.0,0.344,0.99
DK04_to_DK05#alt0,0,61,0.0,3950.0,0.3006,0.99
DK04_to_DK05#alt0,0,62,0.0,4000.0,0.2609,0.99
DK04_to_DK05#alt0,0,63,50.0,4050.0,0.2407,0.99
DK04_to_DK05#alt0,0,64,100.0,4100.0,0.2151,0.99
DK04_to_DK05#alt0,0,65,150.0,4150.0,0.1873,0.99
DK04_to_DK05#alt0,0,66,200.0,4200.0,0.1599,0.99
DK04_to_DK05#alt0,0,67,250.0,4250.0,0.1353,0.99
DK04_to_DK05#alt0,0,68,300.0,4300.0,0.1146,0.99
DK04_to_DK05#alt0,0,69,350.0,4350.0,0.1069,0.5945
DK04_to_DK05#alt0,0,70,400.0,4400.0,0.1335,0.7205
DK04_to_DK05#alt0,0,71,450.0,4450.0,0.1661,0.7194
DK04_to_DK05#alt0,0,72,500.0,4500.0,0.2076,0.99
DK04_to_DK05#alt0,0,73,550.0,4500.0,0.2407,0.7131
DK04_to_DK05#alt0,0,74,600.0,4500.0,0.281,0.854
DK04_to_DK05#alt0,0,75,650.0,4500.0,0.3269,0.8844
DK04_to_DK05#alt1,1,0,300.0,1150.0,0.3114,0.2899
DK04_to_DK05#alt1,1,1,350.0,1100.0,0.3679,0.3211
DK04_to_DK05#alt1,1,2,400.0,1050.0,0.4346,0.3308
DK04_to_DK05#alt1,1,3,450.0,1000.0,0.5134,0.99
DK04_to_DK05#alt1,1,4,500.0,1000.0,0.503,0.99
DK04_to_DK05#alt1,1,5,550.0,1000.0,0.4746,0.99
DK04_to_DK05#alt1,1,6,600.0,1000.0,0.4346,0.4003
DK04_to_DK05#alt1,1,7,650.0,1050.0,0.344,0.432
DK04_to_DK05#alt1,1,8,700.0,1000.0,0.344,0.395
DK04_to_DK05#alt1,1,9,750.0,1050.0,0.2721,0.3911
DK04_to_DK05#alt1,1,10,800.0,1050.0,0.2431,0.3145
DK04_to_DK05#alt1,1,11,850.0,1050.0,0.253,0.2648
DK04_to_DK05#alt1,1,12,900.0,1050.0,0.2972,0.99
DK04_to_DK05#alt1,1,13,950.0,1050.0,0.3485,0.99
DK04_to_DK05#alt1,1,14,1000.0,1050.0,0.4076,0.99
DK04_to_DK05#alt1,1,15,1050.0,1050.0,0.4746,0.99
DK04_to_DK05#alt1,1,16,1100.0,1050.0,0.5483,0.99
DK04_to_DK05#alt1,1,17,1150.0,1050.0,0.6241,0.99
DK04_to_DK05#alt1,1,18,1200.0,1050.0,0.6889,0.99
DK04_to_DK05#alt1,1,19,1250.0,1050.0,0.7165,0.99
DK04_to_DK05#alt1,1,20,1300.0,1050.0,0.7165,0.99
DK04_to_DK05#alt1,1,21,1350.0,1050.0,0.7165,0.99
DK04_to_DK05#alt1,1,22,1400.0,1100.0,0.5903,0.99
DK04_to_DK05#alt1,1,23,1450.0,1150.0,0.4746,0.99
DK04_to_DK05#alt1,1,24,1500.0,1200.0,0.3784,0.3394
DK04_to_DK05#alt1,1,25,1550.0,1250.0,0.3006,0.4165
DK04_to_DK05#alt1,1,26,1600.0,1300.0,0.3269,0.99
DK04_to_DK05#alt1,1,27,1650.0,1350.0,0.344,0.99
DK04_to_DK05#alt1,1,28,1700.0,1400.0,0.344,0.4917
DK04_to_DK05#alt1,1,29,1750.0,1450.0,0.3269,0.4606
DK04_to_DK05#alt1,1,30,1800.0,1500.0,0.3006,0.3496
DK04_to_DK05#alt1,1,31,1850.0,1550.0,0.281,0.2824
DK04_to_DK05#alt1,1,32,1850.0,1600.0,0.2972,0.2339
DK04_to_DK05#alt1,1,33,1800.0,1650.0,0.3628,0.1909
DK04_to_DK05#alt1,1,34,1800.0,1700.0,0.3679,0.99
DK04_to_DK05#alt1,1,35,1800.0,1750.0,0.3679,0.99
DK04_to_DK05#alt1,1,36,1800.0,1800.0,0.3784,0.99
DK04_to_DK05#alt1,1,37,1800.0,1850.0,0.4346,0.99
DK04_to_DK05#alt1,1,38,1800.0,1900.0,0.503,0.1052
DK04_to_DK05#alt1,1,39,1750.0,1950.0,0.5483,0.1054
DK04_to_DK05#alt1,1,40,1750.0,2000.0,0.6241,0.105
DK04_to_DK05#alt1,1,41,1700.0,2050.0,0.6241,0.0937
DK04_to_DK05#alt1,1,42,1650.0,2100.0,0.6241,0.99
DK04_to_DK05#alt1,1,43,1650.0,2150.0,0.6889,0.99
DK04_to_DK05#alt1,1,44,1600.0,2200.0,0.6065,0.99
DK04_to_DK05#alt1,1,45,1550.0,2250.0,0.5134,0.99
DK04_to_DK05#alt1,1,46,1500.0,2300.0,0.5903,0.99
DK04_to_DK05#alt1,1,47,1450.0,2350.0,0.6241,0.99
DK04_to_DK05#alt1,1,48,1400.0,2400.0,0.7165,0.99
DK04_to_DK05#alt1,1,49,1350.0,2450.0,0.79,0.99
DK04_to_DK05#alt1,1,50,1300.0,2500.0,0.8465,0.99
DK04_to_DK05#alt1,1,51,1250.0,2550.0,0.8465,0.99
DK04_to_DK05#alt1,1,52,1200.0,2600.0,0.8465,0.99
DK04_to_DK05#alt1,1,53,1200.0,2650.0,0.8465,0.99
DK04_to_DK05#alt1,1,54,1200.0,2700.0,0.8465,0.99
DK04_to_DK05#alt1,1,55,1200.0,2750.0,0.8465,0.99
DK04_to_DK05#alt1,1,56,1250.0,2800.0,0.8465,0.99
DK04_to_DK05#alt1,1,57,1250.0,2850.0,0.79,0.0071
DK04_to_DK05#alt1,1,58,1250.0,2900.0,0.7165,0.018
DK04_to_DK05#alt1,1,59,1250.0,2950.0,0.79,0.0288
DK04_to_DK05#alt1,1,60,1250.0,3000.0,0.8465,0.0452
DK04_to_DK05#alt1,1,61,1200.0,3050.0,0.8465,0.99
DK04_to_DK05#alt1,1,62,1200.0,3100.0,0.8465,0.99
DK04_to_DK05#alt1,1,63,1200.0,3150.0,0.79,0.99
DK04_to_DK05#alt1,1,64,1200.0,3200.0,0.8465,0.99
DK04_to_DK05#alt1,1,65,1200.0,3250.0,0.8465,0.99
DK04_to_DK05#alt1,1,66,1200.0,3300.0,0.8465,0.99
DK04_to_DK05#alt1,1,67,1200.0,3350.0,0.8465,0.99
DK04_to_DK05#alt1,1,68,1200.0,3400.0,0.8465,0.99
DK04_to_DK05#alt1,1,69,1150.0,3450.0,0.8465,0.99
DK04_to_DK05#alt1,1,70,1100.0,3500.0,0.8465,0.99
DK04_to_DK05#alt1,1,71,1050.0,3550.0,0.8465,0.99
DK04_to_DK05#alt1,1,72,1000.0,3600.0,0.7165,0.99
DK04_to_DK05#alt1,1,73,950.0,3650.0,0.6065,0.99
DK04_to_DK05#alt1,1,74,900.0,3700.0,0.503,0.99
DK04_to_DK05#alt1,1,75,850.0,3750.0,0.4076,0.99
DK04_to_DK05#alt1,1,76,800.0,3800.0,0.3269,0.99
DK04_to_DK05#alt1,1,77,750.0,3850.0,0.2721,0.99
DK04_to_DK05#alt1,1,78,700.0,3900.0,0.2721,0.99
DK04_to_DK05#alt1,1,79,650.0,3950.0,0.2721,0.99
DK04_to_DK05#alt1,1,80,600.0,4000.0,0.2609,0.99
DK04_to_DK05#alt1,1,81,650.0,4050.0,0.2076,0.99
DK04_to_DK05#alt1,1,82,650.0,4100.0,0.1798,0.99
DK04_to_DK05#alt1,1,83,650.0,4150.0,0.1551,0.99
DK04_to_DK05#alt1,1,84,650.0,4200.0,0.1648,0.99
DK04_to_DK05#alt1,1,85,650.0,4250.0,0.1889,0.99
DK04_to_DK05#alt1,1,86,650.0,4300.0,0.2151,0.99
DK04_to_DK05#alt1,1,87,650.0,4350.0,0.2431,0.99
DK04_to_DK05#alt1,1,88,650.0,4400.0,0.2721,0.9156
DK04_to_DK05#alt1,1,89,650.0,4450.0,0.3006,0.9489
DK04_to_DK05#alt1,1,90,650.0,4500.0,0.3269,0.8844
DK04_to_DK05#alt2,2,0,300.0,1150.0,0.3114,0.2899
DK04_to_DK05#alt2,2,1,350.0,1200.0,0.2636,0.3716
DK04_to_DK05#alt2,2,2,400.0,1250.0,0.2231,0.4669
DK04_to_DK05#alt2,2,3,450.0,1300.0,0.1889,0.99
DK04_to_DK05#alt2,2,4,500.0,1350.0,0.1587,0.99
DK04_to_DK05#alt2,2,5,550.0,1400.0,0.1937,0.99
DK04_to_DK05#alt2,2,6,600.0,1450.0,0.2407,0.4524
DK04_to_DK05#alt2,2,7,600.0,1500.0,0.2609,0.4544
DK04_to_DK05#alt2,2,8,550.0,1550.0,0.281,0.4596
DK04_to_DK05#alt2,2,9,550.0,1600.0,0.3269,0.4287
DK04_to_DK05#alt2,2,10,550.0,1650.0,0.3784,0.3831
DK04_to_DK05#alt2,2,11,550.0,1700.0,0.4346,0.2643
DK04_to_DK05#alt2,2,12,550.0,1750.0,0.4931,0.2027
DK04_to_DK05#alt2,2,13,550.0,1800.0,0.5483,0.1469
DK04_to_DK05#alt2,2,14,550.0,1850.0,0.6241,0.1003
DK04_to_DK05#alt2,2,15,550.0,1900.0,0.6889,0.99
DK04_to_DK05#alt2,2,16,500.0,1950.0,0.6241,0.99
DK04_to_DK05#alt2,2,17,450.0,2000.0,0.5903,0.99
DK04_to_DK05#alt2,2,18,400.0,2050.0,0.5134,0.99
DK04_to_DK05#alt2,2,19,350.0,2100.0,0.4346,0.99
DK04_to_DK05#alt2,2,20,300.0,2150.0,0.3679,0.0004
DK04_to_DK05#alt2,2,21,350.0,2200.0,0.4346,0.0003
DK04_to_DK05#alt2,2,22,400.0,2250.0,0.5134,0.0003
DK04_to_DK05#alt2,2,23,400.0,2300.0,0.5134,0.0003
DK04_to_DK05#alt2,2,24,400.0,2350.0,0.503,0.0003
DK04_to_DK05#alt2,2,25,400.0,2400.0,0.4746,0.0004
DK04_to_DK05#alt2,2,26,400.0,2450.0,0.4346,0.0005
DK04_to_DK05#alt2,2,27,400.0,2500.0,0.3895,0.99
DK04_to_DK05#alt2,2,28,400.0,2550.0,0.344,0.99
DK04_to_DK05#alt2,2,29,400.0,2600.0,0.3077,0.99
DK04_to_DK05#alt2,2,30,400.0,2650.0,0.2721,0.99
DK04_to_DK05#alt2,2,31,400.0,2700.0,0.2431,0.99
DK04_to_DK05#alt2,2,32,400.0,2750.0,0.2211,0.99
DK04_to_DK05#alt2,2,33,400.0,2800.0,0.2609,0.99
DK04_to_DK05#alt2,2,34,400.0,2850.0,0.3077,0.99
DK04_to_DK05#alt2,2,35,400.0,2900.0,0.3628,0.99
DK04_to_DK05#alt2,2,36,450.0,2950.0,0.4076,0.99
DK04_to_DK05#alt2,2,37,450.0,3000.0,0.4746,0.99
DK04_to_DK05#alt2,2,38,500.0,3050.0,0.503,0.99
DK04_to_DK05#alt2,2,39,500.0,3100.0,0.5903,0.99
DK04_to_DK05#alt2,2,40,550.0,3150.0,0.6241,0.99
DK04_to_DK05#alt2,2,41,550.0,3200.0,0.6889,0.99
DK04_to_DK05#alt2,2,42,550.0,3250.0,0.79,0.99
DK04_to_DK05#alt2,2,43,550.0,3300.0,0.8465,0.99
DK04_to_DK05#alt2,2,44,550.0,3350.0,0.8465,0.99
DK04_to_DK05#alt2,2,45,550.0,3400.0,0.8465,0.4099
DK04_to_DK05#alt2,2,46,550.0,3450.0,0.8465,0.3768
DK04_to_DK05#alt2,2,47,550.0,3500.0,0.8465,0.3096
DK04_to_DK05#alt2,2,48,550.0,3550.0,0.8465,0.2775
DK04_to_DK05#alt2,2,49,500.0,3600.0,0.8465,0.2728
DK04_to_DK05#alt2,2,50,500.0,3650.0,0.79,0.2484
DK04_to_DK05#alt2,2,51,500.0,3700.0,0.6889,0.2076
DK04_to_DK05#alt2,2,52,500.0,3750.0,0.6241,0.1996
DK04_to_DK05#alt2,2,53,500.0,3800.0,0.5483,0.204
DK04_to_DK05#alt2,2,54,500.0,3850.0,0.4746,0.2214
DK04_to_DK05#alt2,2,55,550.0,3900.0,0.3784,0.99
DK04_to_DK05#alt2,2,56,600.0,3950.0,0.3006,0.99
DK04_to_DK05#alt2,2,57,600.0,4000.0,0.2609,0.99
DK04_to_DK05#alt2,2,58,650.0,4050.0,0.2076,0.99
DK04_to_DK05#alt2,2,59,650.0,4100.0,0.1798,0.99
DK04_to_DK05#alt2,2,60,650.0,4150.0,0.1551,0.99
DK04_to_DK05#alt2,2,61,650.0,4200.0,0.1648,0.99
DK04_to_DK05#alt2,2,62,650.0,4250.0,0.1889,0.99
DK04_to_DK05#alt2,2,63,650.0,4300.0,0.2151,0.99
DK04_to_DK05#alt2,2,64,650.0,4350.0,0.2431,0.99
DK04_to_DK05#alt2,2,65,650.0,4400.0,0.2721,0.9156
DK04_to_DK05#alt2,2,66,650.0,4450.0,0.3006,0.9489
DK04_to_DK05#alt2,2,67,650.0,4500.0,0.3269,0.8844
DK04_to_DK03#alt0,0,0,300.0,1150.0,0.3114,0.2899
DK04_to_DK03#alt0,0,1,350.0,1100.0,0.3679,0.3211
DK04_to_DK03#alt0,0,2,400.0,1050.0,0.4346,0.3308
DK04_to_DK03#alt0,0,3,450.0,1000.0,0.5134,0.99
DK04_to_DK03#alt0,0,4,500.0,950.0,0.5903,0.99
DK04_to_DK03#alt0,0,5,550.0,900.0,0.6241,0.99
DK04_to_DK03#alt0,0,6,600.0,850.0,0.6241,0.1574
DK04_to_DK03#alt0,0,7,650.0,800.0,0.6241,0.1178
DK04_to_DK03#alt0,0,8,700.0,750.0,0.5903,0.0824
DK04_to_DK03#alt0,0,9,750.0,700.0,0.5134,0.0528
DK04_to_DK03#alt0,0,10,800.0,650.0,0.4346,0.99
DK04_to_DK03#alt0,0,11,850.0,600.0,0.3679,0.99
DK04_to_DK03#alt0,0,12,900.0,550.0,0.3114,0.99
DK04_to_DK03#alt0,0,13,950.0,500.0,0.2609,0.99
DK04_to_DK03#alt0,0,14,1000.0,450.0,0.2384,0.99
DK04_to_DK03#alt0,0,15,1050.0,450.0,0.2609,0.99
DK04_to_DK03#alt0,0,16,1100.0,500.0,0.3269,0.99
DK04_to_DK03#alt0,0,17,1150.0,550.0,0.4076,0.99
DK04_to_DK03#alt0,0,18,1200.0,550.0,0.4275,0.99
DK04_to_DK03#alt0,0,19,1250.0,500.0,0.3679,0.99
DK04_to_DK03#alt0,0,20,1300.0,450.0,0.3114,0.99
DK04_to_DK03#alt0,0,21,1350.0,400.0,0.2636,0.99
DK04_to_DK03#alt0,0,22,1400.0,400.0,0.2609,0.99
DK04_to_DK03#alt0,0,23,1450.0,400.0,0.253,0.99
DK04_to_DK03#alt0,0,24,1500.0,400.0,0.2407,0.99
DK04_to_DK03#alt0,0,25,1550.0,400.0,0.2252,0.99
DK04_to_DK03#alt0,0,26,1600.0,450.0,0.2384,0.99
DK04_to_DK03#alt0,0,27,1650.0,500.0,0.2431,0.99
DK04_to_DK03#alt0,0,28,1700.0,550.0,0.2431,0.99
DK04_to_DK03#alt0,0,29,1750.0,600.0,0.2384,0.99
DK04_to_DK03#alt0,0,30,1800.0,650.0,0.2252,0.99
DK04_to_DK03#alt0,0,31,1850.0,700.0,0.2057,0.99
DK04_to_DK03#alt0,0,32,1900.0,750.0,0.2231,0.081
DK04_to_DK03#alt0,0,33,1950.0,800.0,0.2636,0.087
DK04_to_DK03#alt0,0,34,2000.0,850.0,0.3114,0.055
DK04_to_DK03#alt0,0,35,2050.0,900.0,0.3628,0.0464
DK04_to_DK03#alt0,0,36,2100.0,950.0,0.4076,0.99
DK04_to_DK03#alt0,0,37,2150.0,950.0,0.4746,0.0158
DK04_to_DK03#alt0,0,38,2200.0,1000.0,0.4931,0.99
DK04_to_DK03#alt0,0,39,2250.0,1050.0,0.5134,0.99
DK04_to_DK03#alt0,0,40,2300.0,1100.0,0.6065,0.99
DK04_to_DK03#alt0,0,41,2350.0,1150.0,0.7165,0.0014
DK04_to_DK03#alt0,0,42,2400.0,1200.0,0.79,0.0015
DK04_to_DK03#alt0,0,43,2450.0,1250.0,0.8465,0.99
DK04_to_DK03#alt0,0,44,2500.0,1300.0,0.8465,0.99
DK04_to_DK03#alt0,0,45,2550.0,1350.0,0.8465,0.99
DK04_to_DK03#alt0,0,46,2600.0,1400.0,0.79,0.002
DK04_to_DK03#alt0,0,47,2650.0,1450.0,0.8465,0.0015
DK04_to_DK03#alt0,0,48,2700.0,1450.0,0.8465,0.0007
DK04_to_DK03#alt0,0,49,2750.0,1500.0,0.8465,0.0008
DK04_to_DK03#alt0,0,50,2800.0,1550.0,0.8465,0.0008
DK04_to_DK03#alt0,0,51,2850.0,1600.0,0.79,0.0012
DK04_to_DK03#alt0,0,52,2850.0,1650.0,0.8465,0.0025
DK04_to_DK03#alt0,0,53,2800.0,1700.0,0.8465,0.0114
DK04_to_DK03#alt0,0,54,2800.0,1750.0,0.8465,0.0196
DK04_to_DK03#alt0,0,55,2800.0,1800.0,0.8465,0.0316
DK04_to_DK03#alt0,0,56,2800.0,1850.0,0.8465,0.0476
DK04_to_DK03#alt0,0,57,2850.0,1900.0,0.6889,0.0698
DK04_to_DK03#alt0,0,58,2900.0,1950.0,0.5483,0.99
DK04_to_DK03#alt0,0,59,2950.0,2000.0,0.4346,0.99
DK04_to_DK03#alt0,0,60,3000.0,2050.0,0.4076,0.99
DK04_to_DK03#alt0,0,61,3000.0,2100.0,0.4275,0.99
DK04_to_DK03#alt0,0,62,3000.0,2150.0,0.4346,0.99
DK04_to_DK03#alt0,0,63,2950.0,2200.0,0.3679,0.99
DK04_to_DK03#alt0,0,64,2950.0,2250.0,0.3679,0.0555
DK04_to_DK03#alt0,0,65,3000.0,2300.0,0.4346,0.079
DK04_to_DK03#alt0,0,66,3050.0,2350.0,0.5134,0.0978
DK04_to_DK03#alt0,0,67,3100.0,2400.0,0.5903,0.1124
DK04_to_DK03#alt0,0,68,3150.0,2450.0,0.6889,0.1205
DK04_to_DK03#alt0,0,69,3200.0,2500.0,0.8465,0.1242
DK04_to_DK03#alt0,0,70,3200.0,2550.0,0.8465,0.1214
DK04_to_DK03#alt0,0,71,3250.0,2600.0,0.8465,0.1168
DK04_to_DK03#alt0,0,72,3250.0,2650.0,0.8465,0.1064
DK04_to_DK03#alt0,0,73,3300.0,2700.0,0.8465,0.0757
DK04_to_DK03#alt0,0,74,3350.0,2750.0,0.7165,0.0556
DK04_to_DK03#alt0,0,75,3400.0,2800.0,0.6065,0.03
DK04_to_DK03#alt0,0,76,3400.0,2850.0,0.6065,0.0208
DK04_to_DK03#alt0,0,77,3400.0,2900.0,0.6065,0.0093
DK04_to_DK03#alt0,0,78,3400.0,2950.0,0.5903,0.0066
DK04_to_DK03#alt0,0,79,3350.0,3000.0,0.6241,0.0085
DK04_to_DK03#alt0,0,80,3350.0,3050.0,0.5483,0.0075
DK04_to_DK03#alt0,0,81,3350.0,3100.0,0.4931,0.0063
DK04_to_DK03#alt0,0,82,3300.0,3150.0,0.4931,0.007
DK04_to_DK03#alt0,0,83,3250.0,3200.0,0.4746,0.0075
DK04_to_DK03#alt0,0,84,3250.0,3250.0,0.4076,0.0058
DK04_to_DK03#alt0,0,85,3250.0,3300.0,0.3485,0.0034
DK04_to_DK03#alt0,0,86,3250.0,3350.0,0.344,0.0026
DK04_to_DK03#alt0,0,87,3250.0,3400.0,0.3895,0.0022
DK04_to_DK03#alt0,0,88,3250.0,3450.0,0.4346,0.002
DK04_to_DK03#alt0,0,89,3250.0,3500.0,0.4746,0.0017
DK04_to_DK03#alt0,0,90,3250.0,3550.0,0.5483,0.0017
DK04_to_DK03#alt0,0,91,3250.0,3600.0,0.6241,0.0018
DK04_to_DK03#alt0,0,92,3250.0,3650.0,0.6889,0.0021
DK04_to_DK03#alt0,0,93,3250.0,3700.0,0.79,0.0036
DK04_to_DK03#alt0,0,94,3250.0,3750.0,0.8465,0.99
DK04_to_DK03#alt0,0,95,3200.0,3800.0,0.8465,0.0119
DK04_to_DK03#alt0,0,96,3250.0,3850.0,0.6889,0.0087
DK04_to_DK03#alt0,0,97,3300.0,3900.0,0.5483,0.0099
DK04_to_DK03#alt0,0,98,3300.0,3950.0,0.503,0.0149
DK04_to_DK03#alt0,0,99,3300.0,4000.0,0.4746,0.0224
DK04_to_DK03#alt0,0,100,3250.0,4050.0,0.503,0.0504
DK04_to_DK03#alt0,0,101,3200.0,4100.0,0.5483,0.1372
DK04_to_DK03#alt0,0,102,3150.0,4150.0,0.5483,0.2802
DK04_to_DK03#alt0,0,103,3100.0,4200.0,0.503,0.3895
DK04_to_DK03#alt0,0,104,3100.0,4250.0,0.4346,0.4638
DK04_to_DK03#alt0,0,105,3100.0,4300.0,0.3784,0.6043
DK04_to_DK03#alt0,0,106,3100.0,4350.0,0.3628,0.6653
DK04_to_DK03#alt0,0,107,3100.0,4400.0,0.4275,0.7158
DK04_to_DK03#alt0,0,108,3100.0,4450.0,0.503,0.7501
DK04_to_DK03#alt0,0,109,3100.0,4500.0,0.5903,0.7411
DK04_to_DK03#alt0,0,110,3100.0,4550.0,0.6889,0.6885
DK04_to_DK03#alt1,1,0,300.0,1150.0,0.3114,0.2899
DK04_to_DK03#alt1,1,1,250.0,1100.0,0.3679,0.1999
DK04_to_DK03#alt1,1,2,200.0,1050.0,0.4275,0.0954
DK04_to_DK03#alt1,1,3,150.0,1000.0,0.4746,0.99
DK04_to_DK03#alt1,1,4,100.0,950.0,0.4931,0.99
DK04_to_DK03#alt1,1,5,100.0,900.0,0.5483,0.99
DK04_to_DK03#alt1,1,6,100.0,850.0,0.6241,0.99
DK04_to_DK03#alt1,1,7,100.0,800.0,0.6889,0.99
DK04_to_DK03#alt1,1,8,100.0,750.0,0.7165,0.99
DK04_to_DK03#alt1,1,9,100.0,700.0,0.79,0.0723
DK04_to_DK03#alt1,1,10,100.0,650.0,0.8465,0.1432
DK04_to_DK03#alt1,1,11,100.0,600.0,0.8465,0.1834
DK04_to_DK03#alt1,1,12,150.0,550.0,0.8465,0.2126
DK04_to_DK03#alt1,1,13,150.0,500.0,0.8465,0.2395
DK04_to_DK03#alt1,1,14,200.0,450.0,0.8465,0.99
DK04_to_DK03#alt1,1,15,250.0,400.0,0.8465,0.1367
DK04_to_DK03#alt1,1,16,300.0,350.0,0.79,0.087
DK04_to_DK03#alt1,1,17,350.0,350.0,0.8465,0.0585
DK04_to_DK03#alt1,1,18,400.0,350.0,0.8465,0.99
DK04_to_DK03#alt1,1,19,450.0,300.0,0.6889,0.99
DK04_to_DK03#alt1,1,20,500.0,250.0,0.5483,0.99
DK04_to_DK03#alt1,1,21,550.0,250.0,0.503,0.99
DK04_to_DK03#alt1,1,22,600.0,250.0,0.4746,0.0003
DK04_to_DK03#alt1,1,23,650.0,250.0,0.4346,0.0001
DK04_to_DK03#alt1,1,24,700.0,250.0,0.3895,0.0
DK04_to_DK03#alt1,1,25,750.0,250.0,0.344,0.0
DK04_to_DK03#alt1,1,26,800.0,200.0,0.2721,0.99
DK04_to_DK03#alt1,1,27,850.0,150.0,0.2151,0.99
DK04_to_DK03#alt1,1,28,900.0,100.0,0.17,0.0
DK04_to_DK03#alt1,1,29,950.0,50.0,0.1344,0.0
DK04_to_DK03#alt1,1,30,1000.0,0.0,0.1062,0.0
DK04_to_DK03#alt1,1,31,1050.0,0.0,0.0936,0.0
DK04_to_DK03#alt1,1,32,1100.0,0.0,0.0821,0.0
DK04_to_DK03#alt1,1,33,1150.0,0.0,0.0717,0.99
DK04_to_DK03#alt1,1,34,1200.0,0.0,0.0691,0.99
DK04_to_DK03#alt1,1,35,1250.0,0.0,0.0695,0.99
DK04_to_DK03#alt1,1,36,1300.0,0.0,0.0695,0.99
DK04_to_DK03#alt1,1,37,1350.0,0.0,0.0695,0.99
DK04_to_DK03#alt1,1,38,1400.0,0.0,0.0691,0.99
DK04_to_DK03#alt1,1,39,1450.0,0.0,0.0681,0.99
DK04_to_DK03#alt1,1,40,1500.0,0.0,0.0663,0.99
DK04_to_DK03#alt1,1,41,1550.0,0.0,0.064,0.99
DK04_to_DK03#alt1,1,42,1600.0,0.0,0.0612,0.99
DK04_to_DK03#alt1,1,43,1650.0,0.0,0.058,0.99
DK04_to_DK03#alt1,1,44,1700.0,0.0,0.0544,0.99
DK04_to_DK03#alt1,1,45,1750.0,0.0,0.0524,0.99
DK04_to_DK03#alt1,1,46,1800.0,0.0,0.0591,0.99
DK04_to_DK03#alt1,1,47,1850.0,0.0,0.0663,0.99
DK04_to_DK03#alt1,1,48,1900.0,0.0,0.0748,0.99
DK04_to_DK03#alt1,1,49,1950.0,0.0,0.0839,0.99
DK04_to_DK03#alt1,1,50,2000.0,0.0,0.0936,0.99
DK04_to_DK03#alt1,1,51,2050.0,0.0,0.1036,0.99
DK04_to_DK03#alt1,1,52,2100.0,0.0,0.1138,0.99
DK04_to_DK03#alt1,1,53,2150.0,0.0,0.1239,0.99
DK04_to_DK03#alt1,1,54,2200.0,0.0,0.1335,0.99
DK04_to_DK03#alt1,1,55,2250.0,0.0,0.1432,0.99
DK04_to_DK03#alt1,1,56,2300.0,0.0,0.1551,0.99
DK04_to_DK03#alt1,1,57,2350.0,0.0,0.1661,0.99
DK04_to_DK03#alt1,1,58,2400.0,0.0,0.1755,0.0003
DK04_to_DK03#alt1,1,59,2450.0,0.0,0.1827,0.0003
DK04_to_DK03#alt1,1,60,2500.0,50.0,0.2211,0.0004
DK04_to_DK03#alt1,1,61,2550.0,50.0,0.2231,0.0004
DK04_to_DK03#alt1,1,62,2600.0,50.0,0.2636,0.0004
DK04_to_DK03#alt1,1,63,2650.0,50.0,0.3114,0.0004
DK04_to_DK03#alt1,1,64,2700.0,100.0,0.3679,0.99
DK04_to_DK03#alt1,1,65,2750.0,150.0,0.4346,0.99
DK04_to_DK03#alt1,1,66,2800.0,200.0,0.5134,0.99
DK04_to_DK03#alt1,1,67,2850.0,250.0,0.6065,0.99
DK04_to_DK03#alt1,1,68,2900.0,300.0,0.7165,0.99
DK04_to_DK03#alt1,1,69,2950.0,350.0,0.79,0.99
DK04_to_DK03#alt1,1,70,3000.0,400.0,0.79,0.99
DK04_to_DK03#alt1,1,71,3050.0,450.0,0.79,0.99
DK04_to_DK03#alt1,1,72,3100.0,500.0,0.79,0.99
DK04_to_DK03#alt1,1,73,3150.0,550.0,0.7165,0.99
DK04_to_DK03#alt1,1,74,3200.0,600.0,0.6065,0.99
DK04_to_DK03#alt1,1,75,3250.0,650.0,0.6889,0.99
DK04_to_DK03#alt1,1,76,3300.0,700.0,0.7165,0.99
DK04_to_DK03#alt1,1,77,3350.0,750.0,0.8465,0.99
DK04_to_DK03#alt1,1,78,3350.0,800.0,0.8465,0.99
DK04_to_DK03#alt1,1,79,3400.0,850.0,0.8465,0.99
DK04_to_DK03#alt1,1,80,3450.0,900.0,0.8465,0.99
DK04_to_DK03#alt1,1,81,3500.0,950.0,0.8465,0.99
DK04_to_DK03#alt1,1,82,3550.0,1000.0,0.7165,0.0003
DK04_to_DK03#alt1,1,83,3600.0,1050.0,0.6065,0.0003
DK04_to_DK03#alt1,1,84,3650.0,1100.0,0.5134,0.0005
DK04_to_DK03#alt1,1,85,3650.0,1150.0,0.4346,0.0007
DK04_to_DK03#alt1,1,86,3650.0,1200.0,0.3679,0.001
DK04_to_DK03#alt1,1,87,3650.0,1250.0,0.3114,0.0014
DK04_to_DK03#alt1,1,88,3650.0,1300.0,0.2636,0.0025
DK04_to_DK03#alt1,1,89,3650.0,1350.0,0.2231,0.0033
DK04_to_DK03#alt1,1,90,3700.0,1400.0,0.1889,0.0076
DK04_to_DK03#alt1,1,91,3750.0,1450.0,0.1587,0.0159
DK04_to_DK03#alt1,1,92,3800.0,1500.0,0.1317,0.0477
DK04_to_DK03#alt1,1,93,3850.0,1550.0,0.1335,0.99
DK04_to_DK03#alt1,1,94,3900.0,1600.0,0.1432,0.99
DK04_to_DK03#alt1,1,95,3950.0,1650.0,0.1495,0.99
DK04_to_DK03#alt1,1,96,4000.0,1700.0,0.1517,0.0662
DK04_to_DK03#alt1,1,97,4050.0,1750.0,0.1495,0.0464
DK04_to_DK03#alt1,1,98,4100.0,1800.0,0.1432,0.0285
DK04_to_DK03#alt1,1,99,4050.0,1850.0,0.1798,0.0153
DK04_to_DK03#alt1,1,100,4000.0,1900.0,0.2252,0.99
DK04_to_DK03#alt1,1,101,3950.0,1950.0,0.281,0.99
DK04_to_DK03#alt1,1,102,3900.0,2000.0,0.3485,0.99
DK04_to_DK03#alt1,1,103,3850.0,2050.0,0.4346,0.99
DK04_to_DK03#alt1,1,104,3850.0,2100.0,0.4746,0.99
DK04_to_DK03#alt1,1,105,3800.0,2150.0,0.5903,0.99
DK04_to_DK03#alt1,1,106,3800.0,2200.0,0.6065,0.99
DK04_to_DK03#alt1,1,107,3750.0,2250.0,0.7165,0.99
DK04_to_DK03#alt1,1,108,3750.0,2300.0,0.7165,0.99
DK04_to_DK03#alt1,1,109,3700.0,2350.0,0.79,0.99
DK04_to_DK03#alt1,1,110,3700.0,2400.0,0.7165,0.99
DK04_to_DK03#alt1,1,111,3650.0,2450.0,0.79,0.99
DK04_to_DK03#alt1,1,112,3650.0,2500.0,0.6889,0.99
DK04_to_DK03#alt1,1,113,3650.0,2550.0,0.6065,0.99
DK04_to_DK03#alt1,1,114,3650.0,2600.0,0.6065,0.99
DK04_to_DK03#alt1,1,115,3600.0,2650.0,0.6889,0.99
DK04_to_DK03#alt1,1,116,3600.0,2700.0,0.6241,0.99
DK04_to_DK03#alt1,1,117,3600.0,2750.0,0.5483,0.99
DK04_to_DK03#alt1,1,118,3600.0,2800.0,0.4931,0.99
DK04_to_DK03#alt1,1,119,3600.0,2850.0,0.4346,0.99
DK04_to_DK03#alt1,1,120,3600.0,2900.0,0.3784,0.99
DK04_to_DK03#alt1,1,121,3600.0,2950.0,0.3679,0.99
DK04_to_DK03#alt1,1,122,3550.0,3000.0,0.3485,0.99
DK04_to_DK03#alt1,1,123,3550.0,3050.0,0.3269,0.99
DK04_to_DK03#alt1,1,124,3550.0,3100.0,0.3077,0.99
DK04_to_DK03#alt1,1,125,3500.0,3150.0,0.3485,0.99
DK04_to_DK03#alt1,1,126,3500.0,3200.0,0.4076,0.0014
DK04_to_DK03#alt1,1,127,3500.0,3250.0,0.4746,0.0011
DK04_to_DK03#alt1,1,128,3500.0,3300.0,0.5483,0.0007
DK04_to_DK03#alt1,1,129,3500.0,3350.0,0.6241,0.0005
DK04_to_DK03#alt1,1,130,3500.0,3400.0,0.6889,0.0004
DK04_to_DK03#alt1,1,131,3450.0,3450.0,0.6065,0.99
DK04_to_DK03#alt1,1,132,3500.0,3500.0,0.7165,0.99
DK04_to_DK03#alt1,1,133,3500.0,3550.0,0.7165,0.99
DK04_to_DK03#alt1,1,134,3500.0,3600.0,0.6889,0.99
DK04_to_DK03#alt1,1,135,3500.0,3650.0,0.6241,0.99
DK04_to_DK03#alt1,1,136,3500.0,3700.0,0.5483,0.99
DK04_to_DK03#alt1,1,137,3500.0,3750.0,0.4746,0.99
DK04_to_DK03#alt1,1,138,3500.0,3800.0,0.4076,0.99
DK04_to_DK03#alt1,1,139,3500.0,3850.0,0.3485,0.99
DK04_to_DK03#alt1,1,140,3500.0,3900.0,0.3269,0.0011
DK04_to_DK03#alt1,1,141,3500.0,3950.0,0.3269,0.0014
DK04_to_DK03#alt1,1,142,3500.0,4000.0,0.3485,0.0018
DK04_to_DK03#alt1,1,143,3450.0,4050.0,0.3077,0.0039
DK04_to_DK03#alt1,1,144,3450.0,4100.0,0.3114,0.99
DK04_to_DK03#alt1,1,145,3400.0,4150.0,0.281,0.99
DK04_to_DK03#alt1,1,146,3350.0,4200.0,0.3006,0.99
DK04_to_DK03#alt1,1,147,3300.0,4250.0,0.3077,0.135
DK04_to_DK03#alt1,1,148,3300.0,4300.0,0.2721,0.1823
DK04_to_DK03#alt1,1,149,3300.0,4350.0,0.2721,0.2047
DK04_to_DK03#alt1,1,150,3300.0,4400.0,0.3077,0.2252
DK04_to_DK03#alt1,1,151,3300.0,4450.0,0.344,0.2422
DK04_to_DK03#alt1,1,152,3250.0,4500.0,0.4346,0.99
DK04_to_DK03#alt1,1,153,3200.0,4550.0,0.5483,0.4418
DK04_to_DK03#alt1,1,154,3150.0,4550.0,0.6241,0.6332
DK04_to_DK03#alt1,1,155,3100.0,4550.0,0.6889,0.6885
DK04_to_DK03#alt2,2,0,300.0,1150.0,0.3114,0.2899
DK04_to_DK03#alt2,2,1,350.0,1200.0,0.2636,0.3716
DK04_to_DK03#alt2,2,2,400.0,1250.0,0.2231,0.4669
DK04_to_DK03#alt2,2,3,450.0,1250.0,0.2231,0.4904
DK04_to_DK03#alt2,2,4,500.0,1200.0,0.2609,0.5057
DK04_to_DK03#alt2,2,5,550.0,1200.0,0.253,0.4984
DK04_to_DK03#alt2,2,6,600.0,1200.0,0.2407,0.4424
DK04_to_DK03#alt2,2,7,650.0,1250.0,0.1937,0.3823
DK04_to_DK03#alt2,2,8,700.0,1250.0,0.2151,0.3319
DK04_to_DK03#alt2,2,9,750.0,1250.0,0.2384,0.99
DK04_to_DK03#alt2,2,10,800.0,1250.0,0.2609,0.99
DK04_to_DK03#alt2,2,11,850.0,1250.0,0.281,0.99
DK04_to_DK03#alt2,2,12,900.0,1250.0,0.3006,0.99
DK04_to_DK03#alt2,2,13,950.0,1250.0,0.3269,0.99
DK04_to_DK03#alt2,2,14,1000.0,1250.0,0.3485,0.99
DK04_to_DK03#alt2,2,15,1050.0,1250.0,0.3628,0.99
DK04_to_DK03#alt2,2,16,1100.0,1250.0,0.3679,0.99
DK04_to_DK03#alt2,2,17,1150.0,1250.0,0.3679,0.99
DK04_to_DK03#alt2,2,18,1200.0,1250.0,0.3679,0.99
DK04_to_DK03#alt2,2,19,1250.0,1250.0,0.3679,0.99
DK04_to_DK03#alt2,2,20,1300.0,1250.0,0.3679,0.99
DK04_to_DK03#alt2,2,21,1350.0,1250.0,0.3679,0.99
DK04_to_DK03#alt2,2,22,1400.0,1300.0,0.4275,0.4877
DK04_to_DK03#alt2,2,23,1450.0,1300.0,0.4076,0.5279
DK04_to_DK03#alt2,2,24,1500.0,1350.0,0.4346,0.6024
DK04_to_DK03#alt2,2,25,1550.0,1400.0,0.4746,0.6284
DK04_to_DK03#alt2,2,26,1600.0,1450.0,0.4931,0.5673
DK04_to_DK03#alt2,2,27,1650.0,1500.0,0.4746,0.4523
DK04_to_DK03#alt2,2,28,1700.0,1550.0,0.4346,0.3566
DK04_to_DK03#alt2,2,29,1750.0,1600.0,0.4076,0.2679
DK04_to_DK03#alt2,2,30,1800.0,1650.0,0.3628,0.1909
DK04_to_DK03#alt2,2,31,1850.0,1700.0,0.3114,0.99
DK04_to_DK03#alt2,2,32,1900.0,1750.0,0.3628,0.99
DK04_to_DK03#alt2,2,33,1950.0,1800.0,0.4346,0.1093
DK04_to_DK03#alt2,2,34,2000.0,1850.0,0.5134,0.1033
DK04_to_DK03#alt2,2,35,2050.0,1900.0,0.5903,0.99
DK04_to_DK03#alt2,2,36,2100.0,1950.0,0.6241,0.99
DK04_to_DK03#alt2,2,37,2150.0,2000.0,0.6889,0.99
DK04_to_DK03#alt2,2,38,2200.0,2050.0,0.6889,0.99
DK04_to_DK03#alt2,2,39,2250.0,2100.0,0.6889,0.99
DK04_to_DK03#alt2,2,40,2300.0,2150.0,0.6241,0.99
DK04_to_DK03#alt2,2,41,2350.0,2200.0,0.5903,0.0753
DK04_to_DK03#alt2,2,42,2400.0,2250.0,0.5134,0.0775
DK04_to_DK03#alt2,2,43,2450.0,2250.0,0.4346,0.0851
DK04_to_DK03#alt2,2,44,2500.0,2250.0,0.4275,0.0916
DK04_to_DK03#alt2,2,45,2550.0,2250.0,0.4346,0.0971
DK04_to_DK03#alt2,2,46,2600.0,2300.0,0.3679,0.0499
DK04_to_DK03#alt2,2,47,2650.0,2350.0,0.3628,0.0316
DK04_to_DK03#alt2,2,48,2700.0,2400.0,0.4346,0.0196
DK04_to_DK03#alt2,2,49,2750.0,2450.0,0.5134,0.0138
DK04_to_DK03#alt2,2,50,2800.0,2500.0,0.6065,0.0158
DK04_to_DK03#alt2,2,51,2850.0,2550.0,0.7165,0.0203
DK04_to_DK03#alt2,2,52,2900.0,2600.0,0.8465,0.0258
DK04_to_DK03#alt2,2,53,2950.0,2600.0,0.8465,0.0339
DK04_to_DK03#alt2,2,54,3000.0,2650.0,0.8465,0.0472
DK04_to_DK03#alt2,2,55,3050.0,2700.0,0.8465,0.99
DK04_to_DK03#alt2,2,56,3100.0,2750.0,0.8465,0.99
DK04_to_DK03#alt2,2,57,3150.0,2750.0,0.8465,0.99
DK04_to_DK03#alt2,2,58,3200.0,2750.0,0.8465,0.99
DK04_to_DK03#alt2,2,59,3250.0,2800.0,0.8465,0.99
DK04_to_DK03#alt2,2,60,3300.0,2850.0,0.8465,0.99
DK04_to_DK03#alt2,2,61,3350.0,2900.0,0.7165,0.0138
DK04_to_DK03#alt2,2,62,3400.0,2950.0,0.5903,0.0066
DK04_to_DK03#alt2,2,63,3450.0,3000.0,0.4746,0.99
DK04_to_DK03#alt2,2,64,3500.0,3050.0,0.3784,0.99
DK04_to_DK03#alt2,2,65,3550.0,3100.0,0.3077,0.99
DK04_to_DK03#alt2,2,66,3600.0,3150.0,0.3679,0.99
DK04_to_DK03#alt2,2,67,3650.0,3200.0,0.4346,0.99
DK04_to_DK03#alt2,2,68,3700.0,3250.0,0.5134,0.99
DK04_to_DK03#alt2,2,69,3750.0,3300.0,0.5903,0.99
DK04_to_DK03#alt2,2,70,3800.0,3350.0,0.6241,0.99
DK04_to_DK03#alt2,2,71,3800.0,3400.0,0.6889,0.99
DK04_to_DK03#alt2,2,72,3800.0,3450.0,0.7165,0.99
DK04_to_DK03#alt2,2,73,3800.0,3500.0,0.7165,0.99
DK04_to_DK03#alt2,2,74,3800.0,3550.0,0.7165,0.0002
DK04_to_DK03#alt2,2,75,3800.0,3600.0,0.6889,0.0003
DK04_to_DK03#alt2,2,76,3800.0,3650.0,0.6241,0.0004
DK04_to_DK03#alt2,2,77,3800.0,3700.0,0.5483,0.0009
DK04_to_DK03#alt2,2,78,3750.0,3750.0,0.503,0.99
DK04_to_DK03#alt2,2,79,3700.0,3800.0,0.4346,0.99
DK04_to_DK03#alt2,2,80,3700.0,3850.0,0.4346,0.99
DK04_to_DK03#alt2,2,81,3700.0,3900.0,0.4931,0.99
DK04_to_DK03#alt2,2,82,3700.0,3950.0,0.5483,0.0014
DK04_to_DK03#alt2,2,83,3700.0,4000.0,0.6241,0.0014
DK04_to_DK03#alt2,2,84,3650.0,4050.0,0.5903,0.0011
DK04_to_DK03#alt2,2,85,3650.0,4100.0,0.6065,0.99
DK04_to_DK03#alt2,2,86,3600.0,4150.0,0.5134,0.99
DK04_to_DK03#alt2,2,87,3600.0,4200.0,0.5134,0.99
DK04_to_DK03#alt2,2,88,3550.0,4250.0,0.4346,0.99
DK04_to_DK03#alt2,2,89,3500.0,4300.0,0.3679,0.99
DK04_to_DK03#alt2,2,90,3500.0,4350.0,0.3679,0.99
DK04_to_DK03#alt2,2,91,3500.0,4400.0,0.3628,0.99
DK04_to_DK03#alt2,2,92,3500.0,4450.0,0.3485,0.0283
DK04_to_DK03#alt2,2,93,3450.0,4500.0,0.281,0.0674
DK04_to_DK03#alt2,2,94,3400.0,4550.0,0.2972,0.1017
DK04_to_DK03#alt2,2,95,3350.0,4600.0,0.3628,0.1749
DK04_to_DK03#alt2,2,96,3300.0,4550.0,0.4076,0.99
DK04_to_DK03#alt2,2,97,3250.0,4550.0,0.4746,0.3384
DK04_to_DK03#alt2,2,98,3200.0,4550.0,0.5483,0.4418
DK04_to_DK03#alt2,2,99,3150.0,4550.0,0.6241,0.6332
DK04_to_DK03#alt2,2,100,3100.0,4550.0,0.6889,0.6885
DB02_to_DB01#alt0,0,0,4200.0,1300.0,0.1798,0.1278
DB02_to_DB01#alt0,0,1,4150.0,1350.0,0.1661,0.1987
DB02_to_DB01#alt0,0,2,4100.0,1350.0,0.1422,0.2038
DB02_to_DB01#alt0,0,3,4050.0,1350.0,0.1495,0.1952
DB02_to_DB01#alt0,0,4,4000.0,1300.0,0.1889,0.1378
DB02_to_DB01#alt0,0,5,3950.0,1300.0,0.2076,0.0889
DB02_to_DB01#alt0,0,6,3900.0,1300.0,0.2252,0.0644
DB02_to_DB01#alt0,0,7,3850.0,1300.0,0.2407,0.0436
DB02_to_DB01#alt0,0,8,3800.0,1350.0,0.2151,0.0352
DB02_to_DB01#alt0,0,9,3750.0,1300.0,0.2609,0.0091
DB02_to_DB01#alt0,0,10,3700.0,1300.0,0.2636,0.0049
DB02_to_DB01#alt0,0,11,3650.0,1350.0,0.2231,0.0033
DB02_to_DB01#alt0,0,12,3600.0,1400.0,0.1889,0.99
DB02_to_DB01#alt0,0,13,3550.0,1400.0,0.1889,0.99
DB02_to_DB01#alt0,0,14,3500.0,1400.0,0.1889,0.99
DB02_to_DB01#alt0,0,15,3450.0,1400.0,0.1937,0.99
DB02_to_DB01#alt0,0,16,3400.0,1400.0,0.2252,0.99
DB02_to_DB01#alt0,0,17,3350.0,1400.0,0.2609,0.99
DB02_to_DB01#alt0,0,18,3300.0,1400.0,0.3006,0.99
DB02_to_DB01#alt0,0,19,3250.0,1400.0,0.344,0.99
DB02_to_DB01#alt0,0,20,3200.0,1400.0,0.3895,0.99
DB02_to_DB01#alt0,0,21,3150.0,1400.0,0.4346,0.99
DB02_to_DB01#alt0,0,22,3100.0,1400.0,0.4931,0.99
DB02_to_DB01#alt0,0,23,3050.0,1400.0,0.5483,0.99
DB02_to_DB01#alt0,0,24,3000.0,1400.0,0.6241,0.99
DB02_to_DB01#alt0,0,25,2950.0,1400.0,0.6889,0.99
DB02_to_DB01#alt0,0,26,2900.0,1400.0,0.79,0.99
DB02_to_DB01#alt0,0,27,2850.0,1450.0,0.7165,0.99
DB02_to_DB01#alt0,0,28,2800.0,1450.0,0.7165,0.99
DB02_to_DB01#alt0,0,29,2750.0,1450.0,0.79,0.99
DB02_to_DB01#alt0,0,30,2700.0,1450.0,0.8465,0.0007
DB02_to_DB01#alt0,0,31,2650.0,1450.0,0.8465,0.0015
DB02_to_DB01#alt0,0,32,2600.0,1450.0,0.8465,0.0028
DB02_to_DB01#alt0,0,33,2550.0,1450.0,0.8465,0.99
DB02_to_DB01#alt0,0,34,2500.0,1450.0,0.8465,0.99
DB02_to_DB01#alt0,0,35,2450.0,1500.0,0.8465,0.99
DB02_to_DB01#alt0,0,36,2400.0,1550.0,0.8465,0.0501
DB02_to_DB01#alt0,0,37,2350.0,1600.0,0.7165,0.0874
DB02_to_DB01#alt0,0,38,2300.0,1600.0,0.6241,0.1039
DB02_to_DB01#alt0,0,39,2250.0,1600.0,0.5483,0.1184
DB02_to_DB01#alt0,0,40,2200.0,1550.0,0.4346,0.1209
DB02_to_DB01#alt0,0,41,2150.0,1500.0,0.3628,0.99
DB02_to_DB01#alt0,0,42,2100.0,1500.0,0.3077,0.99
DB02_to_DB01#alt0,0,43,2050.0,1450.0,0.253,0.99
DB02_to_DB01#alt0,0,44,2000.0,1450.0,0.2151,0.99
DB02_to_DB01#alt0,0,45,1950.0,1400.0,0.1755,0.2687
DB02_to_DB01#alt0,0,46,1900.0,1400.0,0.1937,0.3139
DB02_to_DB01#alt0,0,47,1850.0,1400.0,0.2252,0.3546
DB02_to_DB01#alt0,0,48,1800.0,1400.0,0.2609,0.3904
DB02_to_DB01#alt0,0,49,1750.0,1400.0,0.3006,0.4564
DB02_to_DB01#alt0,0,50,1700.0,1400.0,0.344,0.4917
DB02_to_DB01#alt0,0,51,1650.0,1450.0,0.4346,0.5291
DB02_to_DB01#alt0,0,52,1600.0,1500.0,0.5483,0.4913
DB02_to_DB01#alt0,0,53,1550.0,1500.0,0.6241,0.5814
DB02_to_DB01#alt0,0,54,1500.0,1450.0,0.5903,0.6566
DB02_to_DB01#alt0,0,55,1450.0,1450.0,0.6241,0.6607
DB02_to_DB01#alt0,0,56,1400.0,1450.0,0.6889,0.6445
DB02_to_DB01#alt0,0,57,1350.0,1450.0,0.7165,0.5483
DB02_to_DB01#alt1,1,0,4200.0,1300.0,0.1798,0.1278
DB02_to_DB01#alt1,1,1,4250.0,1250.0,0.1937,0.0805
DB02_to_DB01#alt1,1,2,4300.0,1200.0,0.2151,0.0759
DB02_to_DB01#alt1,1,3,4350.0,1150.0,0.2721,0.0842
DB02_to_DB01#alt1,1,4,4350.0,1100.0,0.3077,0.1079
DB02_to_DB01#alt1,1,5,4300.0,1050.0,0.3006,0.1746
DB02_to_DB01#alt1,1,6,4250.0,1000.0,0.281,0.1999
DB02_to_DB01#alt1,1,7,4200.0,950.0,0.2636,0.2055
DB02_to_DB01#alt1,1,8,4150.0,900.0,0.3114,0.99
DB02_to_DB01#alt1,1,9,4100.0,900.0,0.3269,0.99
DB02_to_DB01#alt1,1,10,4050.0,900.0,0.3784,0.99
DB02_to_DB01#alt1,1,11,4000.0,900.0,0.4346,0.99
DB02_to_DB01#alt1,1,12,3950.0,900.0,0.503,0.99
DB02_to_DB01#alt1,1,13,3900.0,900.0,0.5903,0.99
DB02_to_DB01#alt1,1,14,3850.0,900.0,0.6889,0.99
DB02_to_DB01#alt1,1,15,3800.0,950.0,0.6889,0.99
DB02_to_DB01#alt1,1,16,3750.0,950.0,0.79,0.99
DB02_to_DB01#alt1,1,17,3700.0,950.0,0.8465,0.99
DB02_to_DB01#alt1,1,18,3650.0,950.0,0.8465,0.0003
DB02_to_DB01#alt1,1,19,3600.0,950.0,0.8465,0.0003
DB02_to_DB01#alt1,1,20,3550.0,950.0,0.8465,0.0003
DB02_to_DB01#alt1,1,21,3500.0,950.0,0.8465,0.99
DB02_to_DB01#alt1,1,22,3450.0,900.0,0.8465,0.99
DB02_to_DB01#alt1,1,23,3400.0,850.0,0.8465,0.99
DB02_to_DB01#alt1,1,24,3350.0,800.0,0.8465,0.99
DB02_to_DB01#alt1,1,25,3300.0,750.0,0.7165,0.99
DB02_to_DB01#alt1,1,26,3250.0,700.0,0.6241,0.99
DB02_to_DB01#alt1,1,27,3200.0,650.0,0.5903,0.99
DB02_to_DB01#alt1,1,28,3150.0,600.0,0.6065,0.99
DB02_to_DB01#alt1,1,29,3100.0,550.0,0.6889,0.99
DB02_to_DB01#alt1,1,30,3050.0,500.0,0.6889,0.99
DB02_to_DB01#alt1,1,31,3000.0,450.0,0.6889,0.99
DB02_to_DB01#alt1,1,32,2950.0,400.0,0.6889,0.99
DB02_to_DB01#alt1,1,33,2900.0,400.0,0.6241,0.99
DB02_to_DB01#alt1,1,34,2850.0,450.0,0.6241,0.99
DB02_to_DB01#alt1,1,35,2800.0,450.0,0.6889,0.99
DB02_to_DB01#alt1,1,36,2750.0,450.0,0.7165,0.99
DB02_to_DB01#alt1,1,37,2700.0,450.0,0.79,0.99
DB02_to_DB01#alt1,1,38,2650.0,450.0,0.8465,0.99
DB02_to_DB01#alt1,1,39,2600.0,450.0,0.8465,0.99
DB02_to_DB01#alt1,1,40,2550.0,450.0,0.8465,0.99
DB02_to_DB01#alt1,1,41,2500.0,500.0,0.8465,0.99
DB02_to_DB01#alt1,1,42,2450.0,450.0,0.7165,0.99
DB02_to_DB01#alt1,1,43,2400.0,400.0,0.5903,0.99
DB02_to_DB01#alt1,1,44,2350.0,400.0,0.5483,0.99
DB02_to_DB01#alt1,1,45,2300.0,400.0,0.4931,0.0003
DB02_to_DB01#alt1,1,46,2250.0,450.0,0.4931,0.0003
DB02_to_DB01#alt1,1,47,2200.0,500.0,0.4931,0.0003
DB02_to_DB01#alt1,1,48,2150.0,550.0,0.4746,0.0007
DB02_to_DB01#alt1,1,49,2100.0,600.0,0.4275,0.0019
DB02_to_DB01#alt1,1,50,2050.0,650.0,0.3679,0.0052
DB02_to_DB01#alt1,1,51,2000.0,700.0,0.3114,0.0212
DB02_to_DB01#alt1,1,52,1950.0,750.0,0.2636,0.0632
DB02_to_DB01#alt1,1,53,1900.0,800.0,0.2231,0.1115
DB02_to_DB01#alt1,1,54,1850.0,850.0,0.2231,0.171
DB02_to_DB01#alt1,1,55,1800.0,900.0,0.2636,0.2554
DB02_to_DB01#alt1,1,56,1750.0,950.0,0.3077,0.2735
DB02_to_DB01#alt1,1,57,1700.0,1000.0,0.3485,0.2549
DB02_to_DB01#alt1,1,58,1650.0,1050.0,0.3784,0.2287
DB02_to_DB01#alt1,1,59,1600.0,1100.0,0.3895,0.2416
DB02_to_DB01#alt1,1,60,1550.0,1150.0,0.3895,0.2824
DB02_to_DB01#alt1,1,61,1500.0,1200.0,0.3784,0.3394
DB02_to_DB01#alt1,1,62,1450.0,1250.0,0.3485,0.3886
DB02_to_DB01#alt1,1,63,1400.0,1300.0,0.4275,0.4877
DB02_to_DB01#alt1,1,64,1350.0,1350.0,0.5134,0.99
DB02_to_DB01#alt1,1,65,1350.0,1400.0,0.6065,0.4932
DB02_to_DB01#alt1,1,66,1350.0,1450.0,0.7165,0.5483
DB02_to_DB01#alt2,2,0,4200.0,1300.0,0.1798,0.1278
DB02_to_DB01#alt2,2,1,4250.0,1350.0,0.2252,0.1238
DB02_to_DB01#alt2,2,2,4300.0,1400.0,0.281,0.1059
DB02_to_DB01#alt2,2,3,4350.0,1450.0,0.3485,0.0802
DB02_to_DB01#alt2,2,4,4350.0,1500.0,0.3628,0.0802
DB02_to_DB01#alt2,2,5,4350.0,1550.0,0.3679,0.0741
DB02_to_DB01#alt2,2,6,4350.0,1600.0,0.3628,0.0656
DB02_to_DB01#alt2,2,7,4350.0,1650.0,0.3485,0.0567
DB02_to_DB01#alt2,2,8,4300.0,1700.0,0.281,0.0446
DB02_to_DB01#alt2,2,9,4300.0,1750.0,0.2609,0.0356
DB02_to_DB01#alt2,2,10,4300.0,1800.0,0.2407,0.0297
DB02_to_DB01#alt2,2,11,4250.0,1850.0,0.2076,0.99
DB02_to_DB01#alt2,2,12,4250.0,1900.0,0.2407,0.99
DB02_to_DB01#alt2,2,13,4200.0,1950.0,0.2609,0.99
DB02_to_DB01#alt2,2,14,4150.0,2000.0,0.2721,0.99
DB02_to_DB01#alt2,2,15,4100.0,2050.0,0.2721,0.99
DB02_to_DB01#alt2,2,16,4050.0,2000.0,0.2252,0.99
DB02_to_DB01#alt2,2,17,4000.0,2000.0,0.2609,0.99
DB02_to_DB01#alt2,2,18,3950.0,2000.0,0.3006,0.99
DB02_to_DB01#alt2,2,19,3900.0,2000.0,0.3485,0.99
DB02_to_DB01#alt2,2,20,3850.0,2000.0,0.4076,0.99
DB02_to_DB01#alt2,2,21,3800.0,2000.0,0.4746,0.99
DB02_to_DB01#alt2,2,22,3750.0,2000.0,0.5483,0.0167
DB02_to_DB01#alt2,2,23,3700.0,2000.0,0.6241,0.0245
DB02_to_DB01#alt2,2,24,3650.0,2000.0,0.6889,0.0344
DB02_to_DB01#alt2,2,25,3600.0,2000.0,0.7165,0.0457
DB02_to_DB01#alt2,2,26,3550.0,2000.0,0.79,0.0669
DB02_to_DB01#alt2,2,27,3500.0,2000.0,0.8465,0.0735
DB02_to_DB01#alt2,2,28,3450.0,2000.0,0.8465,0.0755
DB02_to_DB01#alt2,2,29,3400.0,2000.0,0.8465,0.0725
DB02_to_DB01#alt2,2,30,3350.0,2000.0,0.8465,0.99
DB02_to_DB01#alt2,2,31,3300.0,2050.0,0.8465,0.99
DB02_to_DB01#alt2,2,32,3250.0,2100.0,0.8465,0.99
DB02_to_DB01#alt2,2,33,3200.0,2150.0,0.8465,0.99
DB02_to_DB01#alt2,2,34,3150.0,2200.0,0.7165,0.99
DB02_to_DB01#alt2,2,35,3100.0,2150.0,0.6065,0.99
DB02_to_DB01#alt2,2,36,3050.0,2150.0,0.5134,0.99
DB02_to_DB01#alt2,2,37,3000.0,2150.0,0.4346,0.99
DB02_to_DB01#alt2,2,38,2950.0,2100.0,0.3784,0.99
DB02_to_DB01#alt2,2,39,2900.0,2100.0,0.4346,0.99
DB02_to_DB01#alt2,2,40,2850.0,2100.0,0.4931,0.0996
DB02_to_DB01#alt2,2,41,2800.0,2100.0,0.5483,0.1246
DB02_to_DB01#alt2,2,42,2750.0,2050.0,0.6889,0.1792
DB02_to_DB01#alt2,2,43,2700.0,2050.0,0.7165,0.1924
DB02_to_DB01#alt2,2,44,2650.0,2050.0,0.79,0.1973
DB02_to_DB01#alt2,2,45,2600.0,2050.0,0.8465,0.1948
DB02_to_DB01#alt2,2,46,2550.0,2050.0,0.8465,0.1759
DB02_to_DB01#alt2,2,47,2500.0,2000.0,0.8465,0.1489
DB02_to_DB01#alt2,2,48,2450.0,2000.0,0.8465,0.1362
DB02_to_DB01#alt2,2,49,2400.0,1950.0,0.8465,0.1057
DB02_to_DB01#alt2,2,50,2350.0,1900.0,0.8465,0.0725
DB02_to_DB01#alt2,2,51,2300.0,1850.0,0.7165,0.0659
DB02_to_DB01#alt2,2,52,2250.0,1800.0,0.6065,0.0818
DB02_to_DB01#alt2,2,53,2200.0,1800.0,0.5134,0.0915
DB02_to_DB01#alt2,2,54,2150.0,1850.0,0.4346,0.0911
DB02_to_DB01#alt2,2,55,2100.0,1900.0,0.5483,0.99
DB02_to_DB01#alt2,2,56,2050.0,1950.0,0.6889,0.99
DB02_to_DB01#alt2,2,57,2000.0,2000.0,0.8465,0.99
DB02_to_DB01#alt2,2,58,1950.0,2000.0,0.8465,0.99
DB02_to_DB01#alt2,2,59,1900.0,2000.0,0.79,0.102
DB02_to_DB01#alt2,2,60,1850.0,1950.0,0.6241,0.1085
DB02_to_DB01#alt2,2,61,1800.0,1900.0,0.503,0.1052
DB02_to_DB01#alt2,2,62,1750.0,1850.0,0.4346,0.99
DB02_to_DB01#alt2,2,63,1700.0,1800.0,0.5134,0.99
DB02_to_DB01#alt2,2,64,1650.0,1750.0,0.6065,0.1347
DB02_to_DB01#alt2,2,65,1600.0,1700.0,0.7165,0.1983
DB02_to_DB01#alt2,2,66,1550.0,1650.0,0.79,0.99
DB02_to_DB01#alt2,2,67,1500.0,1600.0,0.8465,0.99
DB02_to_DB01#alt2,2,68,1450.0,1550.0,0.8465,0.6194
DB02_to_DB01#alt2,2,69,1400.0,1500.0,0.79,0.6635
DB02_to_DB01#alt2,2,70,1350.0,1450.0,0.7165,0.5483
DB02_to_DK01#alt0,0,0,4200.0,1300.0,0.1798,0.1278
DB02_to_DK01#alt0,0,1,4250.0,1350.0,0.2252,0.1238
DB02_to_DK01#alt0,0,2,4300.0,1400.0,0.281,0.1059
DB02_to_DK01#alt0,0,3,4350.0,1450.0,0.3485,0.0802
DB02_to_DK01#alt0,0,4,4400.0,1500.0,0.4275,0.0372
DB02_to_DK01#alt0,0,5,4450.0,1550.0,0.5134,0.0314
DB02_to_DK01#alt0,0,6,4500.0,1600.0,0.5903,0.99
DB02_to_DK01#alt0,0,7,4550.0,1650.0,0.6241,0.99
DB02_to_DK01#alt0,0,8,4500.0,1700.0,0.503,0.0972
DB02_to_DK01#alt0,0,9,4500.0,1750.0,0.4746,0.1208
DB02_to_DK01#alt0,0,10,4500.0,1800.0,0.4346,0.1417
DB02_to_DK01#alt0,0,11,4450.0,1850.0,0.344,0.1188
DB02_to_DK01#alt0,0,12,4450.0,1900.0,0.3077,0.99
DB02_to_DK01#alt0,0,13,4400.0,1950.0,0.3485,0.99
DB02_to_DK01#alt0,0,14,4400.0,2000.0,0.4076,0.99
DB02_to_DK01#alt0,0,15,4350.0,2050.0,0.4346,0.99
DB02_to_DK01#alt0,0,16,4300.0,2100.0,0.4746,0.99
DB02_to_DK01#alt0,0,17,4250.0,2150.0,0.4931,0.99
DB02_to_DK01#alt0,0,18,4200.0,2200.0,0.4931,0.99
DB02_to_DK01#alt0,0,19,4150.0,2250.0,0.4931,0.99
DB02_to_DK01#alt0,0,20,4100.0,2300.0,0.4931,0.99
DB02_to_DK01#alt0,0,21,4050.0,2350.0,0.4746,0.99
DB02_to_DK01#alt0,0,22,4000.0,2400.0,0.4275,0.99
DB02_to_DK01#alt0,0,23,3950.0,2450.0,0.4746,0.99
DB02_to_DK01#alt0,0,24,3900.0,2500.0,0.503,0.99
DB02_to_DK01#alt0,0,25,3850.0,2550.0,0.5483,0.99
DB02_to_DK01#alt0,0,26,3850.0,2600.0,0.6241,0.99
DB02_to_DK01#alt0,0,27,3800.0,2650.0,0.5903,0.99
DB02_to_DK01#alt0,0,28,3800.0,2700.0,0.6241,0.99
DB02_to_DK01#alt0,0,29,3800.0,2750.0,0.6889,0.99
DB02_to_DK01#alt0,0,30,3800.0,2800.0,0.7165,0.99
DB02_to_DK01#alt0,0,31,3800.0,2850.0,0.7165,0.99
DB02_to_DK01#alt0,0,32,3800.0,2900.0,0.7165,0.99
DB02_to_DK01#alt0,0,33,3800.0,2950.0,0.7165,0.99
DB02_to_DK01#alt0,0,34,3750.0,3000.0,0.6065,0.99
DB02_to_DK01#alt0,0,35,3700.0,3050.0,0.503,0.99
DB02_to_DK01#alt0,0,36,3650.0,3100.0,0.4076,0.99
DB02_to_DK01#alt0,0,37,3600.0,3150.0,0.3679,0.99
DB02_to_DK01#alt0,0,38,3550.0,3200.0,0.4275,0.99
DB02_to_DK01#alt0,0,39,3500.0,3250.0,0.4746,0.0011
DB02_to_DK01#alt0,0,40,3450.0,3300.0,0.4931,0.0009
DB02_to_DK01#alt0,0,41,3400.0,3300.0,0.4346,0.0012
DB02_to_DK01#alt0,0,42,3350.0,3300.0,0.3784,0.99
DB02_to_DK01#alt0,0,43,3300.0,3300.0,0.3269,0.0025
DB02_to_DK01#alt0,0,44,3250.0,3300.0,0.3485,0.0034
DB02_to_DK01#alt0,0,45,3200.0,3300.0,0.3628,0.005
DB02_to_DK01#alt0,0,46,3150.0,3300.0,0.3784,0.0133
DB02_to_DK01#alt0,0,47,3100.0,3300.0,0.4076,0.0218
DB02_to_DK01#alt0,0,48,3050.0,3300.0,0.4346,0.0346
DB02_to_DK01#alt0,0,49,3000.0,3300.0,0.4746,0.052
DB02_to_DK01#alt0,0,50,2950.0,3350.0,0.5134,0.1105
DB02_to_DK01#alt0,0,51,2900.0,3400.0,0.6065,0.1587
DB02_to_DK01#alt0,0,52,2850.0,3450.0,0.7165,0.207
DB02_to_DK01#alt0,0,53,2800.0,3500.0,0.8465,0.2351
DB02_to_DK01#alt0,0,54,2750.0,3550.0,0.8465,0.2294
DB02_to_DK01#alt0,0,55,2700.0,3550.0,0.79,0.2184
DB02_to_DK01#alt0,0,56,2650.0,3550.0,0.6889,0.2022
DB02_to_DK01#alt0,0,57,2600.0,3550.0,0.6241,0.1862
DB02_to_DK01#alt0,0,58,2550.0,3550.0,0.6889,0.1711
DB02_to_DK01#alt0,0,59,2500.0,3550.0,0.7165,0.1766
DB02_to_DK01#alt0,0,60,2450.0,3500.0,0.6889,0.1789
DB02_to_DK01#alt0,0,61,2400.0,3500.0,0.7165,0.206
DB02_to_DK01#alt0,0,62,2350.0,3500.0,0.7165,0.3077
DB02_to_DK01#alt0,0,63,2300.0,3500.0,0.7165,0.3834
DB02_to_DK01#alt0,0,64,2250.0,3500.0,0.7165,0.4715
DB02_to_DK01#alt0,0,65,2200.0,3550.0,0.8465,0.5753
DB02_to_DK01#alt0,0,66,2150.0,3550.0,0.79,0.719
DB02_to_DK01#alt0,0,67,2100.0,3550.0,0.6889,0.7435
DB02_to_DK01#alt1,1,0,4200.0,1300.0,0.1798,0.1278
DB02_to_DK01#alt1,1,1,4150.0,1350.0,0.1661,0.1987
DB02_to_DK01#alt1,1,2,4100.0,1400.0,0.1495,0.2406
DB02_to_DK01#alt1,1,3,4100.0,1450.0,0.1551,0.2659
DB02_to_DK01#alt1,1,4,4100.0,1500.0,0.1587,0.2642
DB02_to_DK01#alt1,1,5,4100.0,1550.0,0.1599,0.2371
DB02_to_DK01#alt1,1,6,4050.0,1600.0,0.1344,0.1912
DB02_to_DK01#alt1,1,7,4000.0,1650.0,0.1344,0.99
DB02_to_DK01#alt1,1,8,3950.0,1700.0,0.17,0.0447
DB02_to_DK01#alt1,1,9,3900.0,1750.0,0.2151,0.0231
DB02_to_DK01#alt1,1,10,3850.0,1800.0,0.2721,0.014
DB02_to_DK01#alt1,1,11,3800.0,1850.0,0.344,0.0128
DB02_to_DK01#alt1,1,12,3750.0,1900.0,0.4346,0.0227
DB02_to_DK01#alt1,1,13,3700.0,1950.0,0.5483,0.0294
DB02_to_DK01#alt1,1,14,3700.0,2000.0,0.6241,0.0245
DB02_to_DK01#alt1,1,15,3700.0,2050.0,0.6889,0.0193
DB02_to_DK01#alt1,1,16,3700.0,2100.0,0.7165,0.99
DB02_to_DK01#alt1,1,17,3700.0,2150.0,0.79,0.99
DB02_to_DK01#alt1,1,18,3700.0,2200.0,0.8465,0.99
DB02_to_DK01#alt1,1,19,3700.0,2250.0,0.8465,0.99
DB02_to_DK01#alt1,1,20,3700.0,2300.0,0.8465,0.99
DB02_to_DK01#alt1,1,21,3650.0,2350.0,0.8465,0.99
DB02_to_DK01#alt1,1,22,3650.0,2400.0,0.8465,0.99
DB02_to_DK01#alt1,1,23,3600.0,2450.0,0.8465,0.99
DB02_to_DK01#alt1,1,24,3550.0,2500.0,0.8465,0.99
DB02_to_DK01#alt1,1,25,3550.0,2550.0,0.8465,0.99
DB02_to_DK01#alt1,1,26,3550.0,2600.0,0.8465,0.99
DB02_to_DK01#alt1,1,27,3500.0,2650.0,0.8465,0.99
DB02_to_DK01#alt1,1,28,3450.0,2700.0,0.8465,0.99
DB02_to_DK01#alt1,1,29,3400.0,2750.0,0.7165,0.041
DB02_to_DK01#alt1,1,30,3350.0,2800.0,0.6889,0.0408
DB02_to_DK01#alt1,1,31,3300.0,2850.0,0.8465,0.99
DB02_to_DK01#alt1,1,32,3300.0,2900.0,0.8465,0.99
DB02_to_DK01#alt1,1,33,3250.0,2950.0,0.8465,0.99
DB02_to_DK01#alt1,1,34,3200.0,3000.0,0.8465,0.99
DB02_to_DK01#alt1,1,35,3150.0,3050.0,0.8465,0.99
DB02_to_DK01#alt1,1,36,3100.0,3100.0,0.7165,0.0519
DB02_to_DK01#alt1,1,37,3050.0,3100.0,0.79,0.0744
DB02_to_DK01#alt1,1,38,3000.0,3100.0,0.8465,0.1009
DB02_to_DK01#alt1,1,39,2950.0,3150.0,0.79,0.1287
DB02_to_DK01#alt1,1,40,2900.0,3150.0,0.8465,0.1455
DB02_to_DK01#alt1,1,41,2850.0,3200.0,0.7165,0.99
DB02_to_DK01#alt1,1,42,2800.0,3250.0,0.6065,0.99
DB02_to_DK01#alt1,1,43,2750.0,3300.0,0.5134,0.99
DB02_to_DK01#alt1,1,44,2700.0,3350.0,0.4746,0.99
DB02_to_DK01#alt1,1,45,2650.0,3400.0,0.4931,0.99
DB02_to_DK01#alt1,1,46,2600.0,3450.0,0.4931,0.1787
DB02_to_DK01#alt1,1,47,2550.0,3500.0,0.5903,0.1634
DB02_to_DK01#alt1,1,48,2500.0,3550.0,0.7165,0.1766
DB02_to_DK01#alt1,1,49,2450.0,3500.0,0.6889,0.1789
DB02_to_DK01#alt1,1,50,2400.0,3500.0,0.7165,0.206
DB02_to_DK01#alt1,1,51,2350.0,3500.0,0.7165,0.3077
DB02_to_DK01#alt1,1,52,2300.0,3500.0,0.7165,0.3834
DB02_to_DK01#alt1,1,53,2250.0,3550.0,0.8465,0.4831
DB02_to_DK01#alt1,1,54,2200.0,3550.0,0.8465,0.5753
DB02_to_DK01#alt1,1,55,2150.0,3550.0,0.79,0.719
DB02_to_DK01#alt1,1,56,2100.0,3550.0,0.6889,0.7435
DB02_to_DK01#alt2,2,0,4200.0,1300.0,0.1798,0.1278
DB02_to_DK01#alt2,2,1,4150.0,1350.0,0.1661,0.1987
DB02_to_DK01#alt2,2,2,4100.0,1400.0,0.1495,0.2406
DB02_to_DK01#alt2,2,3,4050.0,1450.0,0.1317,0.2559
DB02_to_DK01#alt2,2,4,4000.0,1500.0,0.1138,0.2286
DB02_to_DK01#alt2,2,5,3950.0,1500.0,0.1146,0.99
DB02_to_DK01#alt2,2,6,3900.0,1500.0,0.1215,0.99
DB02_to_DK01#alt2,2,7,3850.0,1550.0,0.1335,0.99
DB02_to_DK01#alt2,2,8,3800.0,1550.0,0.1432,0.0439
DB02_to_DK01#alt2,2,9,3750.0,1550.0,0.1551,0.0179
DB02_to_DK01#alt2,2,10,3700.0,1600.0,0.1937,0.0147
DB02_to_DK01#alt2,2,11,3650.0,1600.0,0.2057,0.0143
DB02_to_DK01#alt2,2,12,3600.0,1650.0,0.253,0.99
DB02_to_DK01#alt2,2,13,3550.0,1700.0,0.3077,0.0555
DB02_to_DK01#alt2,2,14,3500.0,1750.0,0.3679,0.0758
DB02_to_DK01#alt2,2,15,3450.0,1750.0,0.3679,0.0771
DB02_to_DK01#alt2,2,16,3400.0,1750.0,0.3679,0.0734
DB02_to_DK01#alt2,2,17,3350.0,1800.0,0.4346,0.0647
DB02_to_DK01#alt2,2,18,3300.0,1850.0,0.503,0.0558
DB02_to_DK01#alt2,2,19,3250.0,1900.0,0.5483,0.99
DB02_to_DK01#alt2,2,20,3200.0,1950.0,0.5483,0.99
DB02_to_DK01#alt2,2,21,3200.0,2000.0,0.6241,0.99
DB02_to_DK01#alt2,2,22,3200.0,2050.0,0.6889,0.99
DB02_to_DK01#alt2,2,23,3200.0,2100.0,0.79,0.99
DB02_to_DK01#alt2,2,24,3150.0,2150.0,0.7165,0.99
DB02_to_DK01#alt2,2,25,3100.0,2200.0,0.6065,0.99
DB02_to_DK01#alt2,2,26,3050.0,2250.0,0.5134,0.99
DB02_to_DK01#alt2,2,27,3000.0,2300.0,0.4346,0.079
DB02_to_DK01#alt2,2,28,2950.0,2350.0,0.3679,0.0606
DB02_to_DK01#alt2,2,29,2900.0,2400.0,0.4346,0.0464
DB02_to_DK01#alt2,2,30,2850.0,2450.0,0.5134,0.0312
DB02_to_DK01#alt2,2,31,2800.0,2500.0,0.6065,0.0158
DB02_to_DK01#alt2,2,32,2750.0,2550.0,0.7165,0.99
DB02_to_DK01#alt2,2,33,2700.0,2600.0,0.8465,0.99
DB02_to_DK01#alt2,2,34,2650.0,2650.0,0.8465,0.99
DB02_to_DK01#alt2,2,35,2600.0,2700.0,0.8465,0.99
DB02_to_DK01#alt2,2,36,2550.0,2750.0,0.8465,0.99
DB02_to_DK01#alt2,2,37,2500.0,2800.0,0.7165,0.99
DB02_to_DK01#alt2,2,38,2500.0,2850.0,0.7165,0.99
DB02_to_DK01#alt2,2,39,2500.0,2900.0,0.7165,0.99
DB02_to_DK01#alt2,2,40,2500.0,2950.0,0.7165,0.99
DB02_to_DK01#alt2,2,41,2500.0,3000.0,0.79,0.99
DB02_to_DK01#alt2,2,42,2500.0,3050.0,0.8465,0.99
DB02_to_DK01#alt2,2,43,2500.0,3100.0,0.8465,0.99
DB02_to_DK01#alt2,2,44,2500.0,3150.0,0.8465,0.99
DB02_to_DK01#alt2,2,45,2500.0,3200.0,0.8465,0.0857
DB02_to_DK01#alt2,2,46,2500.0,3250.0,0.8465,0.0987
DB02_to_DK01#alt2,2,47,2500.0,3300.0,0.8465,0.12
DB02_to_DK01#alt2,2,48,2450.0,3350.0,0.8465,0.1342
DB02_to_DK01#alt2,2,49,2400.0,3400.0,0.8465,0.1601
DB02_to_DK01#alt2,2,50,2350.0,3450.0,0.8465,0.2569
DB02_to_DK01#alt2,2,51,2300.0,3500.0,0.7165,0.3834
DB02_to_DK01#alt2,2,52,2250.0,3550.0,0.8465,0.4831
DB02_to_DK01#alt2,2,53,2200.0,3550.0,0.8465,0.5753
DB02_to_DK01#alt2,2,54,2150.0,3550.0,0.79,0.719
DB02_to_DK01#alt2,2,55,2100.0,3550.0,0.6889,0.7435
DB02_to_DK02#alt0,0,0,4200.0,1300.0,0.1798,0.1278
DB02_to_DK02#alt0,0,1,4250.0,1350.0,0.2252,0.1238
DB02_to_DK02#alt0,0,2,4300.0,1400.0,0.281,0.1059
DB02_to_DK02#alt0,0,3,4350.0,1450.0,0.3485,0.0802
DB02_to_DK02#alt0,0,4,4400.0,1500.0,0.4275,0.0372
DB02_to_DK02#alt0,0,5,4450.0,1550.0,0.5134,0.0314
DB02_to_DK02#alt0,0,6,4500.0,1600.0,0.5903,0.99
DB02_to_DK02#alt0,0,7,4550.0,1650.0,0.6241,0.99
DB02_to_DK02#alt0,0,8,4600.0,1700.0,0.6889,0.99
DB02_to_DK02#alt0,0,9,4650.0,1750.0,0.6889,0.99
DB02_to_DK02#alt0,0,10,4700.0,1800.0,0.6889,0.99
DB02_to_DK02#alt0,0,11,4650.0,1850.0,0.5483,0.2427
DB02_to_DK02#alt0,0,12,4650.0,1900.0,0.4746,0.2549
DB02_to_DK02#alt0,0,13,4600.0,1950.0,0.3784,0.2317
DB02_to_DK02#alt0,0,14,4600.0,2000.0,0.4275,0.202
DB02_to_DK02#alt0,0,15,4550.0,2050.0,0.5134,0.99
DB02_to_DK02#alt0,0,16,4550.0,2100.0,0.6065,0.99
DB02_to_DK02#alt0,0,17,4500.0,2150.0,0.7165,0.99
DB02_to_DK02#alt0,0,18,4450.0,2200.0,0.79,0.99
DB02_to_DK02#alt0,0,19,4400.0,2250.0,0.8465,0.99
DB02_to_DK02#alt0,0,20,4350.0,2300.0,0.8465,0.99
DB02_to_DK02#alt0,0,21,4300.0,2350.0,0.8465,0.99
DB02_to_DK02#alt0,0,22,4250.0,2400.0,0.8465,0.99
DB02_to_DK02#alt0,0,23,4200.0,2450.0,0.8465,0.99
DB02_to_DK02#alt0,0,24,4150.0,2500.0,0.7165,0.99
DB02_to_DK02#alt0,0,25,4100.0,2550.0,0.7165,0.99
DB02_to_DK02#alt0,0,26,4050.0,2600.0,0.8465,0.99
DB02_to_DK02#alt0,0,27,4000.0,2650.0,0.8465,0.99
DB02_to_DK02#alt0,0,28,3950.0,2650.0,0.8465,0.99
DB02_to_DK02#alt0,0,29,3900.0,2700.0,0.8465,0.99
DB02_to_DK02#alt0,0,30,3850.0,2750.0,0.79,0.99
DB02_to_DK02#alt0,0,31,3850.0,2800.0,0.8465,0.99
DB02_to_DK02#alt0,0,32,3850.0,2850.0,0.8465,0.99
DB02_to_DK02#alt0,0,33,3850.0,2900.0,0.8465,0.99
DB02_to_DK02#alt0,0,34,3850.0,2950.0,0.8465,0.99
DB02_to_DK02#alt0,0,35,3850.0,3000.0,0.8465,0.99
DB02_to_DK02#alt0,0,36,3900.0,3050.0,0.8465,0.99
DB02_to_DK02#alt0,0,37,3900.0,3100.0,0.79,0.99
DB02_to_DK02#alt0,0,38,3850.0,3150.0,0.6241,0.99
DB02_to_DK02#alt0,0,39,3800.0,3200.0,0.4931,0.99
DB02_to_DK02#alt0,0,40,3750.0,3250.0,0.503,0.99
DB02_to_DK02#alt0,0,41,3700.0,3300.0,0.6065,0.99
DB02_to_DK02#alt0,0,42,3650.0,3350.0,0.7165,0.99
DB02_to_DK02#alt0,0,43,3600.0,3400.0,0.8465,0.0003
DB02_to_DK02#alt0,0,44,3550.0,3450.0,0.8465,0.0003
DB02_to_DK02#alt0,0,45,3500.0,3500.0,0.7165,0.99
DB02_to_DK02#alt0,0,46,3450.0,3500.0,0.6065,0.99
DB02_to_DK02#alt0,0,47,3400.0,3500.0,0.5134,0.99
DB02_to_DK02#alt0,0,48,3350.0,3500.0,0.4346,0.0004
DB02_to_DK02#alt0,0,49,3300.0,3500.0,0.4346,0.0008
DB02_to_DK02#alt0,0,50,3250.0,3500.0,0.4746,0.0017
DB02_to_DK02#alt0,0,51,3200.0,3500.0,0.5483,0.0037
DB02_to_DK02#alt0,0,52,3150.0,3500.0,0.6241,0.99
DB02_to_DK02#alt0,0,53,3100.0,3500.0,0.6889,0.99
DB02_to_DK02#alt0,0,54,3050.0,3500.0,0.7165,0.99
DB02_to_DK02#alt0,0,55,3000.0,3500.0,0.79,0.99
DB02_to_DK02#alt0,0,56,2950.0,3500.0,0.8465,0.99
DB02_to_DK02#alt0,0,57,2900.0,3500.0,0.8465,0.99
DB02_to_DK02#alt0,0,58,2850.0,3500.0,0.8465,0.2102
DB02_to_DK02#alt0,0,59,2800.0,3500.0,0.8465,0.2351
DB02_to_DK02#alt0,0,60,2750.0,3550.0,0.8465,0.2294
DB02_to_DK02#alt0,0,61,2700.0,3500.0,0.6889,0.2306
DB02_to_DK02#alt0,0,62,2650.0,3500.0,0.6241,0.2101
DB02_to_DK02#alt0,0,63,2600.0,3500.0,0.5483,0.1887
DB02_to_DK02#alt0,0,64,2550.0,3500.0,0.5903,0.1634
DB02_to_DK02#alt0,0,65,2500.0,3450.0,0.6241,0.99
DB02_to_DK02#alt0,0,66,2450.0,3450.0,0.6889,0.99
DB02_to_DK02#alt0,0,67,2400.0,3450.0,0.79,0.1745
DB02_to_DK02#alt0,0,68,2350.0,3450.0,0.8465,0.2569
DB02_to_DK02#alt0,0,69,2300.0,3450.0,0.8465,0.3183
DB02_to_DK02#alt0,0,70,2250.0,3450.0,0.8465,0.3889
DB02_to_DK02#alt0,0,71,2200.0,3450.0,0.8465,0.4609
DB02_to_DK02#alt0,0,72,2150.0,3450.0,0.8465,0.5653
DB02_to_DK02#alt0,0,73,2100.0,3400.0,0.8465,0.4805
DB02_to_DK02#alt0,0,74,2050.0,3400.0,0.8465,0.462
DB02_to_DK02#alt0,0,75,2000.0,3350.0,0.8465,0.3368
DB02_to_DK02#alt0,0,76,1950.0,3350.0,0.7165,0.2534
DB02_to_DK02#alt0,0,77,1900.0,3350.0,0.7165,0.2197
DB02_to_DK02#alt0,0,78,1850.0,3350.0,0.7165,0.1993
DB02_to_DK02#alt0,0,79,1800.0,3400.0,0.5903,0.1951
DB02_to_DK02#alt0,0,80,1750.0,3400.0,0.5483,0.1993
DB02_to_DK02#alt0,0,81,1700.0,3400.0,0.503,0.2183
DB02_to_DK02#alt0,0,82,1650.0,3400.0,0.5483,0.2449
DB02_to_DK02#alt0,0,83,1600.0,3400.0,0.5903,0.2773
DB02_to_DK02#alt0,0,84,1550.0,3450.0,0.5134,0.3079
DB02_to_DK02#alt0,0,85,1500.0,3500.0,0.4346,0.99
DB02_to_DK02#alt0,0,86,1450.0,3550.0,0.3679,0.2358
DB02_to_DK02#alt0,0,87,1400.0,3600.0,0.344,0.2258
DB02_to_DK02#alt0,0,88,1350.0,3650.0,0.344,0.2038
DB02_to_DK02#alt0,0,89,1300.0,3700.0,0.3628,0.99
DB02_to_DK02#alt0,0,90,1250.0,3750.0,0.4076,0.99
DB02_to_DK02#alt0,0,91,1200.0,3800.0,0.4346,0.99
DB02_to_DK02#alt0,0,92,1150.0,3850.0,0.4346,0.99
DB02_to_DK02#alt0,0,93,1100.0,3900.0,0.4346,0.99
DB02_to_DK02#alt0,0,94,1050.0,3950.0,0.4076,0.99
DB02_to_DK02#alt0,0,95,1000.0,4000.0,0.3628,0.99
DB02_to_DK02#alt0,0,96,950.0,4050.0,0.3114,0.99
DB02_to_DK02#alt0,0,97,900.0,4100.0,0.2636,0.99
DB02_to_DK02#alt0,0,98,850.0,4150.0,0.2211,0.99
DB02_to_DK02#alt0,0,99,800.0,4200.0,0.2057,0.99
DB02_to_DK02#alt0,0,100,750.0,4150.0,0.1661,0.99
DB02_to_DK02#alt0,0,101,700.0,4100.0,0.1648,0.99
DB02_to_DK02#alt0,0,102,650.0,4050.0,0.2076,0.99
DB02_to_DK02#alt0,0,103,600.0,4050.0,0.2252,0.99
DB02_to_DK02#alt0,0,104,550.0,4050.0,0.2407,0.99
DB02_to_DK02#alt0,0,105,500.0,4050.0,0.253,0.99
DB02_to_DK02#alt0,0,106,450.0,4050.0,0.2609,0.99
DB02_to_DK02#alt0,0,107,400.0,4000.0,0.3114,0.99
DB02_to_DK02#alt0,0,108,350.0,4000.0,0.3114,0.6547
DB02_to_DK02#alt0,0,109,300.0,4000.0,0.3114,0.6387
DB02_to_DK02#alt1,1,0,4200.0,1300.0,0.1798,0.1278
DB02_to_DK02#alt1,1,1,4150.0,1250.0,0.1517,0.0962
DB02_to_DK02#alt1,1,2,4100.0,1200.0,0.1921,0.072
DB02_to_DK02#alt1,1,3,4050.0,1250.0,0.1921,0.085
DB02_to_DK02#alt1,1,4,4000.0,1300.0,0.1889,0.1378
DB02_to_DK02#alt1,1,5,3950.0,1300.0,0.2076,0.0889
DB02_to_DK02#alt1,1,6,3900.0,1300.0,0.2252,0.0644
DB02_to_DK02#alt1,1,7,3850.0,1300.0,0.2407,0.0436
DB02_to_DK02#alt1,1,8,3800.0,1350.0,0.2151,0.0352
DB02_to_DK02#alt1,1,9,3750.0,1350.0,0.2211,0.0117
DB02_to_DK02#alt1,1,10,3700.0,1400.0,0.1889,0.0076
DB02_to_DK02#alt1,1,11,3650.0,1350.0,0.2231,0.0033
DB02_to_DK02#alt1,1,12,3600.0,1400.0,0.1889,0.99
DB02_to_DK02#alt1,1,13,3550.0,1450.0,0.1599,0.99
DB02_to_DK02#alt1,1,14,3500.0,1500.0,0.1599,0.99
DB02_to_DK02#alt1,1,15,3450.0,1550.0,0.1889,0.99
DB02_to_DK02#alt1,1,16,3400.0,1550.0,0.1889,0.99
DB02_to_DK02#alt1,1,17,3350.0,1600.0,0.2231,0.99
DB02_to_DK02#alt1,1,18,3300.0,1650.0,0.2609,0.0163
DB02_to_DK02#alt1,1,19,3250.0,1650.0,0.253,0.0118
DB02_to_DK02#alt1,1,20,3200.0,1700.0,0.281,0.0161
DB02_to_DK02#alt1,1,21,3150.0,1750.0,0.3006,0.0081
DB02_to_DK02#alt1,1,22,3100.0,1750.0,0.3485,0.0051
DB02_to_DK02#alt1,1,23,3050.0,1750.0,0.4076,0.004
DB02_to_DK02#alt1,1,24,3000.0,1750.0,0.4746,0.0043
DB02_to_DK02#alt1,1,25,2950.0,1800.0,0.5134,0.0134
DB02_to_DK02#alt1,1,26,2900.0,1850.0,0.6065,0.0283
DB02_to_DK02#alt1,1,27,2850.0,1900.0,0.6889,0.0698
DB02_to_DK02#alt1,1,28,2800.0,1950.0,0.7165,0.1082
DB02_to_DK02#alt1,1,29,2750.0,2000.0,0.79,0.1669
DB02_to_DK02#alt1,1,30,2700.0,2050.0,0.7165,0.1924
DB02_to_DK02#alt1,1,31,2650.0,2050.0,0.79,0.1973
DB02_to_DK02#alt1,1,32,2600.0,2050.0,0.8465,0.1948
DB02_to_DK02#alt1,1,33,2550.0,2050.0,0.8465,0.1759
DB02_to_DK02#alt1,1,34,2500.0,2000.0,0.8465,0.1489
DB02_to_DK02#alt1,1,35,2450.0,2000.0,0.8465,0.1362
DB02_to_DK02#alt1,1,36,2400.0,1950.0,0.8465,0.1057
DB02_to_DK02#alt1,1,37,2350.0,1950.0,0.79,0.0828
DB02_to_DK02#alt1,1,38,2300.0,2000.0,0.6241,0.99
DB02_to_DK02#alt1,1,39,2250.0,2050.0,0.6241,0.99
DB02_to_DK02#alt1,1,40,2200.0,2000.0,0.6241,0.99
DB02_to_DK02#alt1,1,41,2150.0,2000.0,0.6889,0.99
DB02_to_DK02#alt1,1,42,2100.0,2000.0,0.7165,0.99
DB02_to_DK02#alt1,1,43,2050.0,2000.0,0.79,0.99
DB02_to_DK02#alt1,1,44,2000.0,2000.0,0.8465,0.99
DB02_to_DK02#alt1,1,45,1950.0,2000.0,0.8465,0.99
DB02_to_DK02#alt1,1,46,1900.0,2050.0,0.8465,0.0991
DB02_to_DK02#alt1,1,47,1850.0,2050.0,0.8465,0.1065
DB02_to_DK02#alt1,1,48,1800.0,2100.0,0.8465,0.0946
DB02_to_DK02#alt1,1,49,1750.0,2150.0,0.8465,0.99
DB02_to_DK02#alt1,1,50,1700.0,2200.0,0.8465,0.99
DB02_to_DK02#alt1,1,51,1650.0,2250.0,0.7165,0.99
DB02_to_DK02#alt1,1,52,1600.0,2300.0,0.6065,0.99
DB02_to_DK02#alt1,1,53,1550.0,2350.0,0.7165,0.99
DB02_to_DK02#alt1,1,54,1500.0,2400.0,0.79,0.99
DB02_to_DK02#alt1,1,55,1450.0,2450.0,0.8465,0.99
DB02_to_DK02#alt1,1,56,1400.0,2450.0,0.8465,0.99
DB02_to_DK02#alt1,1,57,1350.0,2500.0,0.8465,0.99
DB02_to_DK02#alt1,1,58,1300.0,2500.0,0.8465,0.99
DB02_to_DK02#alt1,1,59,1250.0,2550.0,0.8465,0.99
DB02_to_DK02#alt1,1,60,1200.0,2600.0,0.8465,0.99
DB02_to_DK02#alt1,1,61,1150.0,2650.0,0.7165,0.99
DB02_to_DK02#alt1,1,62,1100.0,2700.0,0.6065,0.99
DB02_to_DK02#alt1,1,63,1050.0,2750.0,0.7165,0.0287
DB02_to_DK02#alt1,1,64,1000.0,2800.0,0.8465,0.0545
DB02_to_DK02#alt1,1,65,950.0,2800.0,0.8465,0.1129
DB02_to_DK02#alt1,1,66,900.0,2800.0,0.8465,0.1476
DB02_to_DK02#alt1,1,67,850.0,2850.0,0.8465,0.211
DB02_to_DK02#alt1,1,68,800.0,2900.0,0.8465,0.2974
DB02_to_DK02#alt1,1,69,750.0,2950.0,0.7165,0.3907
DB02_to_DK02#alt1,1,70,750.0,3000.0,0.7165,0.42
DB02_to_DK02#alt1,1,71,750.0,3050.0,0.7165,0.449
DB02_to_DK02#alt1,1,72,750.0,3100.0,0.7165,0.5156
DB02_to_DK02#alt1,1,73,750.0,3150.0,0.6889,0.5513
DB02_to_DK02#alt1,1,74,750.0,3200.0,0.79,0.5819
DB02_to_DK02#alt1,1,75,750.0,3250.0,0.8465,0.5995
DB02_to_DK02#alt1,1,76,750.0,3300.0,0.8465,0.5681
DB02_to_DK02#alt1,1,77,700.0,3350.0,0.7165,0.561
DB02_to_DK02#alt1,1,78,650.0,3400.0,0.6065,0.5014
DB02_to_DK02#alt1,1,79,600.0,3450.0,0.7165,0.4196
DB02_to_DK02#alt1,1,80,550.0,3500.0,0.8465,0.3096
DB02_to_DK02#alt1,1,81,550.0,3550.0,0.8465,0.2775
DB02_to_DK02#alt1,1,82,500.0,3600.0,0.8465,0.2728
DB02_to_DK02#alt1,1,83,450.0,3650.0,0.8465,0.2709
DB02_to_DK02#alt1,1,84,400.0,3700.0,0.8465,0.2605
DB02_to_DK02#alt1,1,85,350.0,3750.0,0.7165,0.99
DB02_to_DK02#alt1,1,86,300.0,3800.0,0.6065,0.99
DB02_to_DK02#alt1,1,87,300.0,3850.0,0.5134,0.3644
DB02_to_DK02#alt1,1,88,300.0,3900.0,0.4346,0.5115
DB02_to_DK02#alt1,1,89,300.0,3950.0,0.3679,0.5814
DB02_to_DK02#alt1,1,90,300.0,4000.0,0.3114,0.6387
DB02_to_DK02#alt2,2,0,4200.0,1300.0,0.1798,0.1278
DB02_to_DK02#alt2,2,1,4250.0,1350.0,0.2252,0.1238
DB02_to_DK02#alt2,2,2,4300.0,1400.0,0.281,0.1059
DB02_to_DK02#alt2,2,3,4300.0,1450.0,0.2972,0.1151
DB02_to_DK02#alt2,2,4,4300.0,1500.0,0.3077,0.1139
DB02_to_DK02#alt2,2,5,4300.0,1550.0,0.3114,0.1034
DB02_to_DK02#alt2,2,6,4250.0,1600.0,0.2609,0.99
DB02_to_DK02#alt2,2,7,4250.0,1650.0,0.253,0.0927
DB02_to_DK02#alt2,2,8,4250.0,1700.0,0.2407,0.0505
DB02_to_DK02#alt2,2,9,4250.0,1750.0,0.2252,0.0359
DB02_to_DK02#alt2,2,10,4200.0,1800.0,0.1798,0.99
DB02_to_DK02#alt2,2,11,4150.0,1850.0,0.1798,0.99
DB02_to_DK02#alt2,2,12,4100.0,1900.0,0.1889,0.99
DB02_to_DK02#alt2,2,13,4050.0,1950.0,0.2076,0.99
DB02_to_DK02#alt2,2,14,4000.0,2000.0,0.2609,0.99
DB02_to_DK02#alt2,2,15,4000.0,2050.0,0.281,0.99
DB02_to_DK02#alt2,2,16,4000.0,2100.0,0.2972,0.99
DB02_to_DK02#alt2,2,17,4000.0,2150.0,0.3077,0.99
DB02_to_DK02#alt2,2,18,3950.0,2200.0,0.3679,0.99
DB02_to_DK02#alt2,2,19,3950.0,2250.0,0.3679,0.99
DB02_to_DK02#alt2,2,20,3950.0,2300.0,0.3679,0.99
DB02_to_DK02#alt2,2,21,3900.0,2350.0,0.4275,0.99
DB02_to_DK02#alt2,2,22,3850.0,2400.0,0.4746,0.99
DB02_to_DK02#alt2,2,23,3800.0,2450.0,0.503,0.99
DB02_to_DK02#alt2,2,24,3750.0,2500.0,0.5483,0.99
DB02_to_DK02#alt2,2,25,3700.0,2550.0,0.5483,0.99
DB02_to_DK02#alt2,2,26,3650.0,2600.0,0.6065,0.99
DB02_to_DK02#alt2,2,27,3600.0,2650.0,0.6889,0.99
DB02_to_DK02#alt2,2,28,3550.0,2700.0,0.6889,0.99
DB02_to_DK02#alt2,2,29,3500.0,2750.0,0.6889,0.99
DB02_to_DK02#alt2,2,30,3450.0,2800.0,0.6065,0.0233
DB02_to_DK02#alt2,2,31,3400.0,2850.0,0.6065,0.0208
DB02_to_DK02#alt2,2,32,3350.0,2900.0,0.7165,0.0138
DB02_to_DK02#alt2,2,33,3300.0,2950.0,0.79,0.0126
DB02_to_DK02#alt2,2,34,3250.0,3000.0,0.79,0.99
DB02_to_DK02#alt2,2,35,3200.0,3050.0,0.79,0.0194
DB02_to_DK02#alt2,2,36,3150.0,3100.0,0.7165,0.0349
DB02_to_DK02#alt2,2,37,3100.0,3100.0,0.7165,0.0519
DB02_to_DK02#alt2,2,38,3050.0,3100.0,0.79,0.0744
DB02_to_DK02#alt2,2,39,3000.0,3150.0,0.7165,0.083
DB02_to_DK02#alt2,2,40,2950.0,3150.0,0.79,0.1287
DB02_to_DK02#alt2,2,41,2900.0,3200.0,0.7165,0.1237
DB02_to_DK02#alt2,2,42,2850.0,3250.0,0.6065,0.1247
DB02_to_DK02#alt2,2,43,2800.0,3300.0,0.5134,0.1587
DB02_to_DK02#alt2,2,44,2750.0,3350.0,0.503,0.1916
DB02_to_DK02#alt2,2,45,2700.0,3400.0,0.5483,0.99
DB02_to_DK02#alt2,2,46,2650.0,3450.0,0.5483,0.2024
DB02_to_DK02#alt2,2,47,2600.0,3500.0,0.5483,0.1887
DB02_to_DK02#alt2,2,48,2550.0,3550.0,0.6889,0.1711
DB02_to_DK02#alt2,2,49,2500.0,3550.0,0.7165,0.1766
DB02_to_DK02#alt2,2,50,2450.0,3500.0,0.6889,0.1789
DB02_to_DK02#alt2,2,51,2400.0,3500.0,0.7165,0.206
DB02_to_DK02#alt2,2,52,2350.0,3500.0,0.7165,0.3077
DB02_to_DK02#alt2,2,53,2300.0,3500.0,0.7165,0.3834
DB02_to_DK02#alt2,2,54,2250.0,3500.0,0.7165,0.4715
DB02_to_DK02#alt2,2,55,2200.0,3550.0,0.8465,0.5753
DB02_to_DK02#alt2,2,56,2150.0,3600.0,0.8465,0.6962
DB02_to_DK02#alt2,2,57,2100.0,3650.0,0.8465,0.6666
DB02_to_DK02#alt2,2,58,2050.0,3700.0,0.8465,0.5184
DB02_to_DK02#alt2,2,59,2000.0,3750.0,0.8465,0.4687
DB02_to_DK02#alt2,2,60,1950.0,3800.0,0.79,0.4538
DB02_to_DK02#alt2,2,61,1900.0,3850.0,0.8465,0.481
DB02_to_DK02#alt2,2,62,1850.0,3900.0,0.8465,0.586
DB02_to_DK02#alt2,2,63,1800.0,3900.0,0.8465,0.5248
DB02_to_DK02#alt2,2,64,1750.0,3950.0,0.8465,0.99
DB02_to_DK02#alt2,2,65,1700.0,4000.0,0.8465,0.99
DB02_to_DK02#alt2,2,66,1650.0,4000.0,0.79,0.99
DB02_to_DK02#alt2,2,67,1600.0,4000.0,0.6889,0.99
DB02_to_DK02#alt2,2,68,1550.0,3950.0,0.6241,0.99
DB02_to_DK02#alt2,2,69,1500.0,3950.0,0.6889,0.208
DB02_to_DK02#alt2,2,70,1450.0,3950.0,0.79,0.1958
DB02_to_DK02#alt2,2,71,1400.0,3950.0,0.8465,0.1821
DB02_to_DK02#alt2,2,72,1350.0,3950.0,0.8465,0.99
DB02_to_DK02#alt2,2,73,1300.0,4000.0,0.8465,0.99
DB02_to_DK02#alt2,2,74,1250.0,4050.0,0.8465,0.99
DB02_to_DK02#alt2,2,75,1200.0,4100.0,0.7165,0.99
DB02_to_DK02#alt2,2,76,1150.0,4150.0,0.5903,0.99
DB02_to_DK02#alt2,2,77,1100.0,4200.0,0.4746,0.3161
DB02_to_DK02#alt2,2,78,1050.0,4250.0,0.3784,0.3891
DB02_to_DK02#alt2,2,79,1000.0,4300.0,0.3114,0.4669
DB02_to_DK02#alt2,2,80,950.0,4350.0,0.3679,0.542
DB02_to_DK02#alt2,2,81,900.0,4400.0,0.4275,0.6044
DB02_to_DK02#alt2,2,82,850.0,4450.0,0.4746,0.6793
DB02_to_DK02#alt2,2,83,850.0,4500.0,0.5483,0.6141
DB02_to_DK02#alt2,2,84,800.0,4550.0,0.5483,0.6259
DB02_to_DK02#alt2,2,85,800.0,4600.0,0.5903,0.5254
DB02_to_DK02#alt2,2,86,750.0,4650.0,0.5483,0.99
DB02_to_DK02#alt2,2,87,700.0,4700.0,0.503,0.99
DB02_to_DK02#alt2,2,88,650.0,4700.0,0.4275,0.99
DB02_to_DK02#alt2,2,89,600.0,4700.0,0.3628,0.99
DB02_to_DK02#alt2,2,90,550.0,4700.0,0.3077,0.99
DB02_to_DK02#alt2,2,91,500.0,4700.0,0.2609,0.99
DB02_to_DK02#alt2,2,92,450.0,4650.0,0.2151,0.99
DB02_to_DK02#alt2,2,93,400.0,4650.0,0.1827,0.99
DB02_to_DK02#alt2,2,94,350.0,4600.0,0.1495,0.99
DB02_to_DK02#alt2,2,95,300.0,4550.0,0.1215,0.99
DB02_to_DK02#alt2,2,96,250.0,4500.0,0.0981,0.99
DB02_to_DK02#alt2,2,97,200.0,4450.0,0.079,0.99
DB02_to_DK02#alt2,2,98,250.0,4400.0,0.0854,0.99
DB02_to_DK02#alt2,2,99,300.0,4350.0,0.097,0.99
DB02_to_DK02#alt2,2,100,350.0,4300.0,0.1146,0.6672
DB02_to_DK02#alt2,2,101,350.0,4250.0,0.1353,0.7567
DB02_to_DK02#alt2,2,102,350.0,4200.0,0.1599,0.7733
DB02_to_DK02#alt2,2,103,350.0,4150.0,0.1889,0.7747
DB02_to_DK02#alt2,2,104,300.0,4100.0,0.2231,0.7074
DB02_to_DK02#alt2,2,105,300.0,4050.0,0.2636,0.679
DB02_to_DK02#alt2,2,106,300.0,4000.0,0.3114,0.6387
DB02_to_DK06#alt0,0,0,4200.0,1300.0,0.1798,0.1278
DB02_to_DK06#alt0,0,1,4150.0,1250.0,0.1517,0.0962
DB02_to_DK06#alt0,0,2,4100.0,1200.0,0.1921,0.072
DB02_to_DK06#alt0,0,3,4050.0,1150.0,0.2431,0.99
DB02_to_DK06#alt0,0,4,4000.0,1100.0,0.3077,0.99
DB02_to_DK06#alt0,0,5,3950.0,1100.0,0.344,0.99
DB02_to_DK06#alt0,0,6,3900.0,1100.0,0.3895,0.99
DB02_to_DK06#alt0,0,7,3850.0,1150.0,0.3784,0.99
DB02_to_DK06#alt0,0,8,3800.0,1150.0,0.4076,0.99
DB02_to_DK06#alt0,0,9,3750.0,1150.0,0.4275,0.99
DB02_to_DK06#alt0,0,10,3700.0,1150.0,0.4346,0.99
DB02_to_DK06#alt0,0,11,3650.0,1150.0,0.4346,0.0007
DB02_to_DK06#alt0,0,12,3600.0,1150.0,0.4346,0.0005
DB02_to_DK06#alt0,0,13,3550.0,1200.0,0.3679,0.0004
DB02_to_DK06#alt0,0,14,3500.0,1200.0,0.3679,0.99
DB02_to_DK06#alt0,0,15,3450.0,1200.0,0.3628,0.99
DB02_to_DK06#alt0,0,16,3400.0,1200.0,0.3485,0.99
DB02_to_DK06#alt0,0,17,3350.0,1200.0,0.3485,0.99
DB02_to_DK06#alt0,0,18,3300.0,1200.0,0.4076,0.99
DB02_to_DK06#alt0,0,19,3250.0,1250.0,0.4346,0.99
DB02_to_DK06#alt0,0,20,3200.0,1300.0,0.4746,0.99
DB02_to_DK06#alt0,0,21,3150.0,1350.0,0.4931,0.99
DB02_to_DK06#alt0,0,22,3100.0,1400.0,0.4931,0.99
DB02_to_DK06#alt0,0,23,3050.0,1400.0,0.5483,0.99
DB02_to_DK06#alt0,0,24,3000.0,1400.0,0.6241,0.99
DB02_to_DK06#alt0,0,25,2950.0,1400.0,0.6889,0.99
DB02_to_DK06#alt0,0,26,2900.0,1400.0,0.79,0.99
DB02_to_DK06#alt0,0,27,2850.0,1450.0,0.7165,0.99
DB02_to_DK06#alt0,0,28,2800.0,1450.0,0.7165,0.99
DB02_to_DK06#alt0,0,29,2750.0,1450.0,0.79,0.99
DB02_to_DK06#alt0,0,30,2700.0,1450.0,0.8465,0.0007
DB02_to_DK06#alt0,0,31,2650.0,1450.0,0.8465,0.0015
DB02_to_DK06#alt0,0,32,2600.0,1450.0,0.8465,0.0028
DB02_to_DK06#alt0,0,33,2550.0,1450.0,0.8465,0.99
DB02_to_DK06#alt0,0,34,2500.0,1450.0,0.8465,0.99
DB02_to_DK06#alt0,0,35,2450.0,1500.0,0.8465,0.99
DB02_to_DK06#alt0,0,36,2400.0,1550.0,0.8465,0.0501
DB02_to_DK06#alt0,0,37,2350.0,1600.0,0.7165,0.0874
DB02_to_DK06#alt0,0,38,2300.0,1600.0,0.6241,0.1039
DB02_to_DK06#alt0,0,39,2250.0,1600.0,0.5483,0.1184
DB02_to_DK06#alt0,0,40,2200.0,1650.0,0.503,0.1336
DB02_to_DK06#alt0,0,41,2150.0,1650.0,0.4275,0.1527
DB02_to_DK06#alt0,0,42,2100.0,1700.0,0.3679,0.1456
DB02_to_DK06#alt0,0,43,2050.0,1750.0,0.3628,0.1335
DB02_to_DK06#alt0,0,44,2000.0,1800.0,0.4346,0.1173
DB02_to_DK06#alt0,0,45,1950.0,1850.0,0.5134,0.1024
DB02_to_DK06#alt0,0,46,1900.0,1900.0,0.5903,0.1015
DB02_to_DK06#alt0,0,47,1850.0,1950.0,0.6241,0.1085
DB02_to_DK06#alt0,0,48,1800.0,2000.0,0.6889,0.1117
DB02_to_DK06#alt0,0,49,1750.0,2050.0,0.6889,0.1
DB02_to_DK06#alt0,0,50,1700.0,2100.0,0.6889,0.99
DB02_to_DK06#alt0,0,51,1650.0,2150.0,0.6889,0.99
DB02_to_DK06#alt0,0,52,1600.0,2200.0,0.6065,0.99
DB02_to_DK06#alt0,0,53,1550.0,2250.0,0.5134,0.99
DB02_to_DK06#alt0,0,54,1500.0,2300.0,0.5903,0.99
DB02_to_DK06#alt0,0,55,1450.0,2350.0,0.6241,0.99
DB02_to_DK06#alt0,0,56,1400.0,2400.0,0.7165,0.99
DB02_to_DK06#alt0,0,57,1350.0,2450.0,0.79,0.99
DB02_to_DK06#alt0,0,58,1300.0,2500.0,0.8465,0.99
DB02_to_DK06#alt0,0,59,1250.0,2550.0,0.8465,0.99
DB02_to_DK06#alt0,0,60,1200.0,2600.0,0.8465,0.99
DB02_to_DK06#alt0,0,61,1200.0,2650.0,0.8465,0.99
DB02_to_DK06#alt0,0,62,1200.0,2700.0,0.8465,0.99
DB02_to_DK06#alt0,0,63,1200.0,2750.0,0.8465,0.99
DB02_to_DK06#alt0,0,64,1250.0,2800.0,0.8465,0.99
DB02_to_DK06#alt0,0,65,1250.0,2850.0,0.79,0.0071
DB02_to_DK06#alt0,0,66,1250.0,2900.0,0.7165,0.018
DB02_to_DK06#alt0,0,67,1250.0,2950.0,0.79,0.0288
DB02_to_DK06#alt0,0,68,1250.0,3000.0,0.8465,0.0452
DB02_to_DK06#alt0,0,69,1200.0,3050.0,0.8465,0.99
DB02_to_DK06#alt0,0,70,1200.0,3100.0,0.8465,0.99
DB02_to_DK06#alt0,0,71,1200.0,3150.0,0.79,0.99
DB02_to_DK06#alt0,0,72,1200.0,3200.0,0.8465,0.99
DB02_to_DK06#alt0,0,73,1200.0,3250.0,0.8465,0.99
DB02_to_DK06#alt0,0,74,1200.0,3300.0,0.8465,0.99
DB02_to_DK06#alt0,0,75,1200.0,3350.0,0.8465,0.99
DB02_to_DK06#alt0,0,76,1250.0,3400.0,0.7165,0.99
DB02_to_DK06#alt0,0,77,1250.0,3450.0,0.6889,0.99
DB02_to_DK06#alt0,0,78,1250.0,3500.0,0.6241,0.99
DB02_to_DK06#alt0,0,79,1300.0,3550.0,0.4931,0.99
DB02_to_DK06#alt0,0,80,1250.0,3600.0,0.4931,0.99
DB02_to_DK06#alt0,0,81,1250.0,3650.0,0.4346,0.99
DB02_to_DK06#alt0,0,82,1300.0,3700.0,0.3628,0.99
DB02_to_DK06#alt0,0,83,1300.0,3750.0,0.4275,0.99
DB02_to_DK06#alt0,0,84,1300.0,3800.0,0.503,0.99
DB02_to_DK06#alt0,0,85,1250.0,3850.0,0.5483,0.99
DB02_to_DK06#alt0,0,86,1250.0,3900.0,0.6241,0.99
DB02_to_DK06#alt0,0,87,1250.0,3950.0,0.6889,0.99
DB02_to_DK06#alt0,0,88,1250.0,4000.0,0.79,0.99
DB02_to_DK06#alt0,0,89,1250.0,4050.0,0.8465,0.99
DB02_to_DK06#alt0,0,90,1250.0,4100.0,0.8465,0.99
DB02_to_DK06#alt0,0,91,1300.0,4150.0,0.8465,0.99
DB02_to_DK06#alt0,0,92,1350.0,4200.0,0.8465,0.99
DB02_to_DK06#alt0,0,93,1400.0,4250.0,0.7165,0.4686
DB02_to_DK06#alt0,0,94,1450.0,4300.0,0.7165,0.6212
DB02_to_DK06#alt0,0,95,1500.0,4300.0,0.8465,0.7424
DB02_to_DK06#alt1,1,0,4200.0,1300.0,0.1798,0.1278
DB02_to_DK06#alt1,1,1,4150.0,1350.0,0.1661,0.1987
DB02_to_DK06#alt1,1,2,4100.0,1400.0,0.1495,0.2406
DB02_to_DK06#alt1,1,3,4050.0,1450.0,0.1317,0.2559
DB02_to_DK06#alt1,1,4,4000.0,1500.0,0.1138,0.2286
DB02_to_DK06#alt1,1,5,3950.0,1550.0,0.1138,0.99
DB02_to_DK06#alt1,1,6,3900.0,1600.0,0.1432,0.99
DB02_to_DK06#alt1,1,7,3850.0,1650.0,0.1798,0.99
DB02_to_DK06#alt1,1,8,3800.0,1700.0,0.2252,0.0209
DB02_to_DK06#alt1,1,9,3750.0,1750.0,0.281,0.0227
DB02_to_DK06#alt1,1,10,3700.0,1800.0,0.3485,0.0331
DB02_to_DK06#alt1,1,11,3650.0,1850.0,0.4346,0.99
DB02_to_DK06#alt1,1,12,3600.0,1900.0,0.5483,0.99
DB02_to_DK06#alt1,1,13,3550.0,1950.0,0.6889,0.0799
DB02_to_DK06#alt1,1,14,3500.0,2000.0,0.8465,0.0735
DB02_to_DK06#alt1,1,15,3450.0,2000.0,0.8465,0.0755
DB02_to_DK06#alt1,1,16,3400.0,2000.0,0.8465,0.0725
DB02_to_DK06#alt1,1,17,3350.0,2000.0,0.8465,0.99
DB02_to_DK06#alt1,1,18,3300.0,2050.0,0.8465,0.99
DB02_to_DK06#alt1,1,19,3250.0,2100.0,0.8465,0.99
DB02_to_DK06#alt1,1,20,3200.0,2150.0,0.8465,0.99
DB02_to_DK06#alt1,1,21,3150.0,2200.0,0.7165,0.99
DB02_to_DK06#alt1,1,22,3100.0,2250.0,0.6065,0.99
DB02_to_DK06#alt1,1,23,3050.0,2300.0,0.5134,0.0869
DB02_to_DK06#alt1,1,24,3000.0,2350.0,0.4346,0.0872
DB02_to_DK06#alt1,1,25,2950.0,2400.0,0.4346,0.0604
DB02_to_DK06#alt1,1,26,2900.0,2450.0,0.5134,0.0431
DB02_to_DK06#alt1,1,27,2850.0,2500.0,0.6065,0.0233
DB02_to_DK06#alt1,1,28,2800.0,2550.0,0.7165,0.99
DB02_to_DK06#alt1,1,29,2750.0,2600.0,0.8465,0.99
DB02_to_DK06#alt1,1,30,2700.0,2600.0,0.8465,0.99
DB02_to_DK06#alt1,1,31,2650.0,2650.0,0.8465,0.99
DB02_to_DK06#alt1,1,32,2600.0,2700.0,0.8465,0.99
DB02_to_DK06#alt1,1,33,2550.0,2750.0,0.8465,0.99
DB02_to_DK06#alt1,1,34,2500.0,2800.0,0.7165,0.99
DB02_to_DK06#alt1,1,35,2500.0,2850.0,0.7165,0.99
DB02_to_DK06#alt1,1,36,2500.0,2900.0,0.7165,0.99
DB02_to_DK06#alt1,1,37,2500.0,2950.0,0.7165,0.99
DB02_to_DK06#alt1,1,38,2500.0,3000.0,0.79,0.99
DB02_to_DK06#alt1,1,39,2500.0,3050.0,0.8465,0.99
DB02_to_DK06#alt1,1,40,2500.0,3100.0,0.8465,0.99
DB02_to_DK06#alt1,1,41,2500.0,3150.0,0.8465,0.99
DB02_to_DK06#alt1,1,42,2500.0,3200.0,0.8465,0.0857
DB02_to_DK06#alt1,1,43,2500.0,3250.0,0.8465,0.0987
DB02_to_DK06#alt1,1,44,2500.0,3300.0,0.8465,0.12
DB02_to_DK06#alt1,1,45,2450.0,3350.0,0.8465,0.1342
DB02_to_DK06#alt1,1,46,2400.0,3400.0,0.8465,0.1601
DB02_to_DK06#alt1,1,47,2350.0,3450.0,0.8465,0.2569
DB02_to_DK06#alt1,1,48,2300.0,3450.0,0.8465,0.3183
DB02_to_DK06#alt1,1,49,2250.0,3450.0,0.8465,0.3889
DB02_to_DK06#alt1,1,50,2200.0,3450.0,0.8465,0.4609
DB02_to_DK06#alt1,1,51,2150.0,3450.0,0.8465,0.5653
DB02_to_DK06#alt1,1,52,2100.0,3400.0,0.8465,0.4805
DB02_to_DK06#alt1,1,53,2050.0,3400.0,0.8465,0.462
DB02_to_DK06#alt1,1,54,2000.0,3400.0,0.79,0.4208
DB02_to_DK06#alt1,1,55,1950.0,3450.0,0.6241,0.3636
DB02_to_DK06#alt1,1,56,1900.0,3500.0,0.4931,0.3602
DB02_to_DK06#alt1,1,57,1850.0,3550.0,0.3895,0.99
DB02_to_DK06#alt1,1,58,1800.0,3600.0,0.3784,0.99
DB02_to_DK06#alt1,1,59,1750.0,3650.0,0.3784,0.99
DB02_to_DK06#alt1,1,60,1700.0,3700.0,0.4076,0.99
DB02_to_DK06#alt1,1,61,1650.0,3750.0,0.4346,0.99
DB02_to_DK06#alt1,1,62,1600.0,3800.0,0.4346,0.99
DB02_to_DK06#alt1,1,63,1550.0,3850.0,0.4931,0.99
DB02_to_DK06#alt1,1,64,1500.0,3900.0,0.6241,0.1981
DB02_to_DK06#alt1,1,65,1500.0,3950.0,0.6889,0.208
DB02_to_DK06#alt1,1,66,1500.0,4000.0,0.79,0.2339
DB02_to_DK06#alt1,1,67,1500.0,4050.0,0.8465,0.2808
DB02_to_DK06#alt1,1,68,1500.0,4100.0,0.8465,0.4382
DB02_to_DK06#alt1,1,69,1500.0,4150.0,0.79,0.5355
DB02_to_DK06#alt1,1,70,1500.0,4200.0,0.79,0.6286
DB02_to_DK06#alt1,1,71,1500.0,4250.0,0.8465,0.7021
DB02_to_DK06#alt1,1,72,1500.0,4300.0,0.8465,0.7424
DB02_to_DK06#alt2,2,0,4200.0,1300.0,0.1798,0.1278
DB02_to_DK06#alt2,2,1,4250.0,1350.0,0.2252,0.1238
DB02_to_DK06#alt2,2,2,4300.0,1400.0,0.281,0.1059
DB02_to_DK06#alt2,2,3,4300.0,1450.0,0.2972,0.1151
DB02_to_DK06#alt2,2,4,4300.0,1500.0,0.3077,0.1139
DB02_to_DK06#alt2,2,5,4300.0,1550.0,0.3114,0.1034
DB02_to_DK06#alt2,2,6,4250.0,1600.0,0.2609,0.99
DB02_to_DK06#alt2,2,7,4250.0,1650.0,0.253,0.0927
DB02_to_DK06#alt2,2,8,4250.0,1700.0,0.2407,0.0505
DB02_to_DK06#alt2,2,9,4250.0,1750.0,0.2252,0.0359
DB02_to_DK06#alt2,2,10,4250.0,1800.0,0.2076,0.0257
DB02_to_DK06#alt2,2,11,4250.0,1850.0,0.2076,0.99
DB02_to_DK06#alt2,2,12,4250.0,1900.0,0.2407,0.99
DB02_to_DK06#alt2,2,13,4200.0,1950.0,0.2609,0.99
DB02_to_DK06#alt2,2,14,4250.0,2000.0,0.3269,0.99
DB02_to_DK06#alt2,2,15,4200.0,2050.0,0.344,0.99
DB02_to_DK06#alt2,2,16,4200.0,2100.0,0.3895,0.99
DB02_to_DK06#alt2,2,17,4150.0,2150.0,0.3895,0.99
DB02_to_DK06#alt2,2,18,4150.0,2200.0,0.4346,0.99
DB02_to_DK06#alt2,2,19,4100.0,2250.0,0.4346,0.99
DB02_to_DK06#alt2,2,20,4050.0,2300.0,0.4346,0.99
DB02_to_DK06#alt2,2,21,4000.0,2350.0,0.4076,0.99
DB02_to_DK06#alt2,2,22,3950.0,2400.0,0.4076,0.99
DB02_to_DK06#alt2,2,23,3900.0,2450.0,0.4346,0.99
DB02_to_DK06#alt2,2,24,3850.0,2500.0,0.4746,0.99
DB02_to_DK06#alt2,2,25,3800.0,2550.0,0.4931,0.99
DB02_to_DK06#alt2,2,26,3750.0,2600.0,0.4746,0.99
DB02_to_DK06#alt2,2,27,3700.0,2650.0,0.503,0.99
DB02_to_DK06#alt2,2,28,3650.0,2700.0,0.5483,0.99
DB02_to_DK06#alt2,2,29,3600.0,2750.0,0.5483,0.99
DB02_to_DK06#alt2,2,30,3600.0,2800.0,0.4931,0.99
DB02_to_DK06#alt2,2,31,3600.0,2850.0,0.4346,0.99
DB02_to_DK06#alt2,2,32,3600.0,2900.0,0.3784,0.99
DB02_to_DK06#alt2,2,33,3550.0,2950.0,0.3628,0.99
DB02_to_DK06#alt2,2,34,3500.0,3000.0,0.4076,0.99
DB02_to_DK06#alt2,2,35,3450.0,3050.0,0.4346,0.99
DB02_to_DK06#alt2,2,36,3400.0,3100.0,0.4346,0.0036
DB02_to_DK06#alt2,2,37,3350.0,3150.0,0.4346,0.0055
DB02_to_DK06#alt2,2,38,3300.0,3200.0,0.4346,0.0058
DB02_to_DK06#alt2,2,39,3250.0,3250.0,0.4076,0.0058
DB02_to_DK06#alt2,2,40,3200.0,3300.0,0.3628,0.005
DB02_to_DK06#alt2,2,41,3150.0,3300.0,0.3784,0.0133
DB02_to_DK06#alt2,2,42,3100.0,3350.0,0.4346,0.99
DB02_to_DK06#alt2,2,43,3050.0,3400.0,0.5483,0.99
DB02_to_DK06#alt2,2,44,3000.0,3450.0,0.6889,0.99
DB02_to_DK06#alt2,2,45,2950.0,3500.0,0.8465,0.99
DB02_to_DK06#alt2,2,46,2900.0,3500.0,0.8465,0.99
DB02_to_DK06#alt2,2,47,2850.0,3500.0,0.8465,0.2102
DB02_to_DK06#alt2,2,48,2800.0,3500.0,0.8465,0.2351
DB02_to_DK06#alt2,2,49,2750.0,3550.0,0.8465,0.2294
DB02_to_DK06#alt2,2,50,2700.0,3550.0,0.79,0.2184
DB02_to_DK06#alt2,2,51,2650.0,3550.0,0.6889,0.2022
DB02_to_DK06#alt2,2,52,2600.0,3550.0,0.6241,0.1862
DB02_to_DK06#alt2,2,53,2550.0,3550.0,0.6889,0.1711
DB02_to_DK06#alt2,2,54,2500.0,3550.0,0.7165,0.1766
DB02_to_DK06#alt2,2,55,2450.0,3550.0,0.79,0.1925
DB02_to_DK06#alt2,2,56,2400.0,3550.0,0.8465,0.2203
DB02_to_DK06#alt2,2,57,2350.0,3550.0,0.8465,0.3205
DB02_to_DK06#alt2,2,58,2300.0,3550.0,0.8465,0.3953
DB02_to_DK06#alt2,2,59,2250.0,3550.0,0.8465,0.4831
DB02_to_DK06#alt2,2,60,2200.0,3550.0,0.8465,0.5753
DB02_to_DK06#alt2,2,61,2150.0,3600.0,0.8465,0.6962
DB02_to_DK06#alt2,2,62,2100.0,3650.0,0.8465,0.6666
DB02_to_DK06#alt2,2,63,2050.0,3700.0,0.8465,0.5184
DB02_to_DK06#alt2,2,64,2000.0,3750.0,0.8465,0.4687
DB02_to_DK06#alt2,2,65,1950.0,3800.0,0.79,0.4538
DB02_to_DK06#alt2,2,66,1900.0,3850.0,0.8465,0.481
DB02_to_DK06#alt2,2,67,1850.0,3900.0,0.8465,0.586
DB02_to_DK06#alt2,2,68,1800.0,3900.0,0.8465,0.5248
DB02_to_DK06#alt2,2,69,1750.0,3950.0,0.8465,0.99
DB02_to_DK06#alt2,2,70,1700.0,4000.0,0.8465,0.99
DB02_to_DK06#alt2,2,71,1650.0,4050.0,0.8465,0.99
DB02_to_DK06#alt2,2,72,1600.0,4100.0,0.8465,0.6288
DB02_to_DK06#alt2,2,73,1550.0,4150.0,0.8465,0.6256
DB02_to_DK06#alt2,2,74,1500.0,4200.0,0.79,0.6286
DB02_to_DK06#alt2,2,75,1500.0,4250.0,0.8465,0.7021
DB02_to_DK06#alt2,2,76,1500.0,4300.0,0.8465,0.7424
DB02_to_DK05#alt0,0,0,4200.0,1300.0,0.1798,0.1278
DB02_to_DK05#alt0,0,1,4150.0,1250.0,0.1517,0.0962
DB02_to_DK05#alt0,0,2,4100.0,1200.0,0.1921,0.072
DB02_to_DK05#alt0,0,3,4050.0,1150.0,0.2431,0.99
DB02_to_DK05#alt0,0,4,4000.0,1100.0,0.3077,0.99
DB02_to_DK05#alt0,0,5,3950.0,1100.0,0.344,0.99
DB02_to_DK05#alt0,0,6,3900.0,1100.0,0.3895,0.99
DB02_to_DK05#alt0,0,7,3850.0,1150.0,0.3784,0.99
DB02_to_DK05#alt0,0,8,3800.0,1150.0,0.4076,0.99
DB02_to_DK05#alt0,0,9,3750.0,1150.0,0.4275,0.99
DB02_to_DK05#alt0,0,10,3700.0,1150.0,0.4346,0.99
DB02_to_DK05#alt0,0,11,3650.0,1150.0,0.4346,0.0007
DB02_to_DK05#alt0,0,12,3600.0,1150.0,0.4346,0.0005
DB02_to_DK05#alt0,0,13,3550.0,1200.0,0.3679,0.0004
DB02_to_DK05#alt0,0,14,3500.0,1200.0,0.3679,0.99
DB02_to_DK05#alt0,0,15,3450.0,1200.0,0.3628,0.99
DB02_to_DK05#alt0,0,16,3400.0,1250.0,0.2972,0.99
DB02_to_DK05#alt0,0,17,3350.0,1300.0,0.3006,0.99
DB02_to_DK05#alt0,0,18,3300.0,1350.0,0.3269,0.99
DB02_to_DK05#alt0,0,19,3250.0,1400.0,0.344,0.99
DB02_to_DK05#alt0,0,20,3200.0,1400.0,0.3895,0.99
DB02_to_DK05#alt0,0,21,3150.0,1400.0,0.4346,0.99
DB02_to_DK05#alt0,0,22,3100.0,1400.0,0.4931,0.99
DB02_to_DK05#alt0,0,23,3050.0,1400.0,0.5483,0.99
DB02_to_DK05#alt0,0,24,3000.0,1400.0,0.6241,0.99
DB02_to_DK05#alt0,0,25,2950.0,1400.0,0.6889,0.99
DB02_to_DK05#alt0,0,26,2900.0,1400.0,0.79,0.99
DB02_to_DK05#alt0,0,27,2850.0,1400.0,0.8465,0.99
DB02_to_DK05#alt0,0,28,2800.0,1400.0,0.8465,0.99
DB02_to_DK05#alt0,0,29,2750.0,1400.0,0.8465,0.99
DB02_to_DK05#alt0,0,30,2700.0,1400.0,0.8465,0.0005
DB02_to_DK05#alt0,0,31,2650.0,1400.0,0.8465,0.001
DB02_to_DK05#alt0,0,32,2600.0,1350.0,0.8465,0.0013
DB02_to_DK05#alt0,0,33,2550.0,1350.0,0.8465,0.99
DB02_to_DK05#alt0,0,34,2500.0,1300.0,0.8465,0.99
DB02_to_DK05#alt0,0,35,2450.0,1250.0,0.8465,0.99
DB02_to_DK05#alt0,0,36,2400.0,1300.0,0.6889,0.99
DB02_to_DK05#alt0,0,37,2350.0,1350.0,0.5483,0.0227
DB02_to_DK05#alt0,0,38,2300.0,1400.0,0.4931,0.0398
DB02_to_DK05#alt0,0,39,2250.0,1450.0,0.4746,0.0624
DB02_to_DK05#alt0,0,40,2200.0,1500.0,0.4275,0.99
DB02_to_DK05#alt0,0,41,2150.0,1550.0,0.3784,0.99
DB02_to_DK05#alt0,0,42,2100.0,1600.0,0.3485,0.99
DB02_to_DK05#alt0,0,43,2050.0,1650.0,0.3077,0.1662
DB02_to_DK05#alt0,0,44,2000.0,1700.0,0.3114,0.1459
DB02_to_DK05#alt0,0,45,1950.0,1750.0,0.3679,0.1201
DB02_to_DK05#alt0,0,46,1900.0,1800.0,0.4275,0.1032
DB02_to_DK05#alt0,0,47,1850.0,1850.0,0.4746,0.0962
DB02_to_DK05#alt0,0,48,1800.0,1900.0,0.503,0.1052
DB02_to_DK05#alt0,0,49,1750.0,1950.0,0.5483,0.1054
DB02_to_DK05#alt0,0,50,1700.0,2000.0,0.5483,0.1009
DB02_to_DK05#alt0,0,51,1650.0,2000.0,0.5903,0.1007
DB02_to_DK05#alt0,0,52,1600.0,2050.0,0.6241,0.0923
DB02_to_DK05#alt0,0,53,1550.0,2100.0,0.6889,0.99
DB02_to_DK05#alt0,0,54,1500.0,2150.0,0.6889,0.99
DB02_to_DK05#alt0,0,55,1450.0,2150.0,0.7165,0.99
DB02_to_DK05#alt0,0,56,1400.0,2150.0,0.79,0.99
DB02_to_DK05#alt0,0,57,1350.0,2200.0,0.7165,0.99
DB02_to_DK05#alt0,0,58,1300.0,2250.0,0.7165,0.99
DB02_to_DK05#alt0,0,59,1250.0,2300.0,0.79,0.99
DB02_to_DK05#alt0,0,60,1200.0,2350.0,0.8465,0.99
DB02_to_DK05#alt0,0,61,1150.0,2400.0,0.8465,0.99
DB02_to_DK05#alt0,0,62,1100.0,2450.0,0.8465,0.99
DB02_to_DK05#alt0,0,63,1050.0,2500.0,0.79,0.99
DB02_to_DK05#alt0,0,64,1000.0,2550.0,0.7165,0.99
DB02_to_DK05#alt0,0,65,950.0,2600.0,0.6065,0.0216
DB02_to_DK05#alt0,0,66,900.0,2650.0,0.5134,0.0441
DB02_to_DK05#alt0,0,67,850.0,2700.0,0.5903,0.99
DB02_to_DK05#alt0,0,68,800.0,2750.0,0.6241,0.99
DB02_to_DK05#alt0,0,69,800.0,2800.0,0.6889,0.99
DB02_to_DK05#alt0,0,70,800.0,2850.0,0.79,0.245
DB02_to_DK05#alt0,0,71,750.0,2900.0,0.7165,0.3581
DB02_to_DK05#alt0,0,72,750.0,2950.0,0.7165,0.3907
DB02_to_DK05#alt0,0,73,750.0,3000.0,0.7165,0.42
DB02_to_DK05#alt0,0,74,750.0,3050.0,0.7165,0.449
DB02_to_DK05#alt0,0,75,750.0,3100.0,0.7165,0.5156
DB02_to_DK05#alt0,0,76,750.0,3150.0,0.6889,0.5513
DB02_to_DK05#alt0,0,77,750.0,3200.0,0.79,0.5819
DB02_to_DK05#alt0,0,78,750.0,3250.0,0.8465,0.5995
DB02_to_DK05#alt0,0,79,750.0,3300.0,0.8465,0.5681
DB02_to_DK05#alt0,0,80,750.0,3350.0,0.8465,0.99
DB02_to_DK05#alt0,0,81,800.0,3400.0,0.8465,0.99
DB02_to_DK05#alt0,0,82,800.0,3450.0,0.8465,0.99
DB02_to_DK05#alt0,0,83,750.0,3500.0,0.6889,0.99
DB02_to_DK05#alt0,0,84,750.0,3550.0,0.6241,0.99
DB02_to_DK05#alt0,0,85,700.0,3600.0,0.503,0.99
DB02_to_DK05#alt0,0,86,700.0,3650.0,0.4746,0.99
DB02_to_DK05#alt0,0,87,700.0,3700.0,0.4346,0.99
DB02_to_DK05#alt0,0,88,700.0,3750.0,0.3895,0.99
DB02_to_DK05#alt0,0,89,700.0,3800.0,0.344,0.99
DB02_to_DK05#alt0,0,90,700.0,3850.0,0.3077,0.99
DB02_to_DK05#alt0,0,91,650.0,3900.0,0.3077,0.99
DB02_to_DK05#alt0,0,92,650.0,3950.0,0.2721,0.99
DB02_to_DK05#alt0,0,93,600.0,4000.0,0.2609,0.99
DB02_to_DK05#alt0,0,94,650.0,4050.0,0.2076,0.99
DB02_to_DK05#alt0,0,95,650.0,4100.0,0.1798,0.99
DB02_to_DK05#alt0,0,96,650.0,4150.0,0.1551,0.99
DB02_to_DK05#alt0,0,97,650.0,4200.0,0.1648,0.99
DB02_to_DK05#alt0,0,98,650.0,4250.0,0.1889,0.99
DB02_to_DK05#alt0,0,99,650.0,4300.0,0.2151,0.99
DB02_to_DK05#alt0,0,100,650.0,4350.0,0.2431,0.99
DB02_to_DK05#alt0,0,101,650.0,4400.0,0.2721,0.9156
DB02_to_DK05#alt0,0,102,650.0,4450.0,0.3006,0.9489
DB02_to_DK05#alt0,0,103,650.0,4500.0,0.3269,0.8844
DB02_to_DK05#alt1,1,0,4200.0,1300.0,0.1798,0.1278
DB02_to_DK05#alt1,1,1,4150.0,1350.0,0.1661,0.1987
DB02_to_DK05#alt1,1,2,4100.0,1400.0,0.1495,0.2406
DB02_to_DK05#alt1,1,3,4050.0,1450.0,0.1317,0.2559
DB02_to_DK05#alt1,1,4,4000.0,1500.0,0.1138,0.2286
DB02_to_DK05#alt1,1,5,3950.0,1550.0,0.1138,0.99
DB02_to_DK05#alt1,1,6,3900.0,1600.0,0.1432,0.99
DB02_to_DK05#alt1,1,7,3850.0,1650.0,0.1798,0.99
DB02_to_DK05#alt1,1,8,3800.0,1700.0,0.2252,0.0209
DB02_to_DK05#alt1,1,9,3750.0,1750.0,0.281,0.0227
DB02_to_DK05#alt1,1,10,3700.0,1700.0,0.2609,0.0254
DB02_to_DK05#alt1,1,11,3650.0,1700.0,0.281,0.0322
DB02_to_DK05#alt1,1,12,3600.0,1700.0,0.2972,0.0403
DB02_to_DK05#alt1,1,13,3550.0,1700.0,0.3077,0.0555
DB02_to_DK05#alt1,1,14,3500.0,1750.0,0.3679,0.0758
DB02_to_DK05#alt1,1,15,3450.0,1750.0,0.3679,0.0771
DB02_to_DK05#alt1,1,16,3400.0,1750.0,0.3679,0.0734
DB02_to_DK05#alt1,1,17,3350.0,1750.0,0.3679,0.0544
DB02_to_DK05#alt1,1,18,3300.0,1750.0,0.3628,0.0422
DB02_to_DK05#alt1,1,19,3250.0,1750.0,0.3485,0.0305
DB02_to_DK05#alt1,1,20,3200.0,1750.0,0.3269,0.0207
DB02_to_DK05#alt1,1,21,3150.0,1750.0,0.3006,0.0081
DB02_to_DK05#alt1,1,22,3100.0,1800.0,0.3269,0.99
DB02_to_DK05#alt1,1,23,3050.0,1850.0,0.3679,0.99
DB02_to_DK05#alt1,1,24,3000.0,1900.0,0.4275,0.99
DB02_to_DK05#alt1,1,25,2950.0,1950.0,0.4746,0.99
DB02_to_DK05#alt1,1,26,2900.0,2000.0,0.503,0.99
DB02_to_DK05#alt1,1,27,2850.0,2050.0,0.5483,0.99
DB02_to_DK05#alt1,1,28,2800.0,2100.0,0.5483,0.1246
DB02_to_DK05#alt1,1,29,2750.0,2150.0,0.503,0.1473
DB02_to_DK05#alt1,1,30,2750.0,2200.0,0.4346,0.1208
DB02_to_DK05#alt1,1,31,2700.0,2250.0,0.4076,0.0999
DB02_to_DK05#alt1,1,32,2650.0,2300.0,0.3628,0.0499
DB02_to_DK05#alt1,1,33,2600.0,2350.0,0.3485,0.99
DB02_to_DK05#alt1,1,34,2550.0,2400.0,0.3895,0.99
DB02_to_DK05#alt1,1,35,2500.0,2450.0,0.4931,0.99
DB02_to_DK05#alt1,1,36,2450.0,2500.0,0.6241,0.99
DB02_to_DK05#alt1,1,37,2450.0,2550.0,0.6889,0.99
DB02_to_DK05#alt1,1,38,2450.0,2600.0,0.7165,0.99
DB02_to_DK05#alt1,1,39,2500.0,2650.0,0.6889,0.99
DB02_to_DK05#alt1,1,40,2500.0,2700.0,0.7165,0.99
DB02_to_DK05#alt1,1,41,2500.0,2750.0,0.7165,0.99
DB02_to_DK05#alt1,1,42,2500.0,2800.0,0.7165,0.99
DB02_to_DK05#alt1,1,43,2500.0,2850.0,0.7165,0.99
DB02_to_DK05#alt1,1,44,2500.0,2900.0,0.7165,0.99
DB02_to_DK05#alt1,1,45,2500.0,2950.0,0.7165,0.99
DB02_to_DK05#alt1,1,46,2500.0,3000.0,0.79,0.99
DB02_to_DK05#alt1,1,47,2500.0,3050.0,0.8465,0.99
DB02_to_DK05#alt1,1,48,2500.0,3100.0,0.8465,0.99
DB02_to_DK05#alt1,1,49,2500.0,3150.0,0.8465,0.99
DB02_to_DK05#alt1,1,50,2500.0,3200.0,0.8465,0.0857
DB02_to_DK05#alt1,1,51,2500.0,3250.0,0.8465,0.0987
DB02_to_DK05#alt1,1,52,2500.0,3300.0,0.8465,0.12
DB02_to_DK05#alt1,1,53,2450.0,3350.0,0.8465,0.1342
DB02_to_DK05#alt1,1,54,2400.0,3400.0,0.8465,0.1601
DB02_to_DK05#alt1,1,55,2350.0,3450.0,0.8465,0.2569
DB02_to_DK05#alt1,1,56,2300.0,3450.0,0.8465,0.3183
DB02_to_DK05#alt1,1,57,2250.0,3450.0,0.8465,0.3889
DB02_to_DK05#alt1,1,58,2200.0,3450.0,0.8465,0.4609
DB02_to_DK05#alt1,1,59,2150.0,3450.0,0.8465,0.5653
DB02_to_DK05#alt1,1,60,2100.0,3400.0,0.8465,0.4805
DB02_to_DK05#alt1,1,61,2050.0,3400.0,0.8465,0.462
DB02_to_DK05#alt1,1,62,2000.0,3350.0,0.8465,0.3368
DB02_to_DK05#alt1,1,63,1950.0,3350.0,0.7165,0.2534
DB02_to_DK05#alt1,1,64,1900.0,3350.0,0.7165,0.2197
DB02_to_DK05#alt1,1,65,1850.0,3350.0,0.7165,0.1993
DB02_to_DK05#alt1,1,66,1800.0,3400.0,0.5903,0.1951
DB02_to_DK05#alt1,1,67,1750.0,3400.0,0.5483,0.1993
DB02_to_DK05#alt1,1,68,1700.0,3450.0,0.4346,0.1919
DB02_to_DK05#alt1,1,69,1650.0,3500.0,0.4076,0.99
DB02_to_DK05#alt1,1,70,1600.0,3550.0,0.3628,0.99
DB02_to_DK05#alt1,1,71,1550.0,3600.0,0.3114,0.99
DB02_to_DK05#alt1,1,72,1500.0,3650.0,0.2972,0.1862
DB02_to_DK05#alt1,1,73,1450.0,3700.0,0.3628,0.2127
DB02_to_DK05#alt1,1,74,1400.0,3750.0,0.4346,0.2292
DB02_to_DK05#alt1,1,75,1350.0,3800.0,0.5134,0.99
DB02_to_DK05#alt1,1,76,1300.0,3850.0,0.5903,0.99
DB02_to_DK05#alt1,1,77,1250.0,3900.0,0.6241,0.99
DB02_to_DK05#alt1,1,78,1250.0,3950.0,0.6889,0.99
DB02_to_DK05#alt1,1,79,1250.0,4000.0,0.79,0.99
DB02_to_DK05#alt1,1,80,1200.0,4050.0,0.7165,0.99
DB02_to_DK05#alt1,1,81,1150.0,4100.0,0.6065,0.99
DB02_to_DK05#alt1,1,82,1100.0,4150.0,0.503,0.99
DB02_to_DK05#alt1,1,83,1050.0,4200.0,0.4076,0.3429
DB02_to_DK05#alt1,1,84,1000.0,4250.0,0.3269,0.4098
DB02_to_DK05#alt1,1,85,950.0,4300.0,0.3114,0.5153
DB02_to_DK05#alt1,1,86,900.0,4350.0,0.3628,0.5799
DB02_to_DK05#alt1,1,87,850.0,4400.0,0.4076,0.6637
DB02_to_DK05#alt1,1,88,800.0,4450.0,0.4346,0.7556
DB02_to_DK05#alt1,1,89,750.0,4500.0,0.4346,0.8469
DB02_to_DK05#alt1,1,90,700.0,4500.0,0.3784,0.8818
DB02_to_DK05#alt1,1,91,650.0,4500.0,0.3269,0.8844
DB02_to_DK05#alt2,2,0,4200.0,1300.0,0.1798,0.1278
DB02_to_DK05#alt2,2,1,4250.0,1250.0,0.1937,0.0805
DB02_to_DK05#alt2,2,2,4300.0,1200.0,0.2151,0.0759
DB02_to_DK05#alt2,2,3,4350.0,1150.0,0.2721,0.0842
DB02_to_DK05#alt2,2,4,4350.0,1100.0,0.3077,0.1079
DB02_to_DK05#alt2,2,5,4300.0,1050.0,0.3006,0.1746
DB02_to_DK05#alt2,2,6,4250.0,1000.0,0.281,0.1999
DB02_to_DK05#alt2,2,7,4200.0,950.0,0.2636,0.2055
DB02_to_DK05#alt2,2,8,4150.0,900.0,0.3114,0.99
DB02_to_DK05#alt2,2,9,4100.0,900.0,0.3269,0.99
DB02_to_DK05#alt2,2,10,4050.0,900.0,0.3784,0.99
DB02_to_DK05#alt2,2,11,4000.0,900.0,0.4346,0.99
DB02_to_DK05#alt2,2,12,3950.0,900.0,0.503,0.99
DB02_to_DK05#alt2,2,13,3900.0,900.0,0.5903,0.99
DB02_to_DK05#alt2,2,14,3850.0,950.0,0.6241,0.99
DB02_to_DK05#alt2,2,15,3800.0,950.0,0.6889,0.99
DB02_to_DK05#alt2,2,16,3750.0,950.0,0.79,0.99
DB02_to_DK05#alt2,2,17,3700.0,950.0,0.8465,0.99
DB02_to_DK05#alt2,2,18,3650.0,950.0,0.8465,0.0003
DB02_to_DK05#alt2,2,19,3600.0,950.0,0.8465,0.0003
DB02_to_DK05#alt2,2,20,3550.0,950.0,0.8465,0.0003
DB02_to_DK05#alt2,2,21,3500.0,950.0,0.8465,0.99
DB02_to_DK05#alt2,2,22,3450.0,900.0,0.8465,0.99
DB02_to_DK05#alt2,2,23,3400.0,850.0,0.8465,0.99
DB02_to_DK05#alt2,2,24,3350.0,800.0,0.8465,0.99
DB02_to_DK05#alt2,2,25,3300.0,750.0,0.7165,0.99
DB02_to_DK05#alt2,2,26,3250.0,700.0,0.6241,0.99
DB02_to_DK05#alt2,2,27,3200.0,650.0,0.5903,0.99
DB02_to_DK05#alt2,2,28,3150.0,600.0,0.6065,0.99
DB02_to_DK05#alt2,2,29,3100.0,550.0,0.6889,0.99
DB02_to_DK05#alt2,2,30,3050.0,500.0,0.6889,0.99
DB02_to_DK05#alt2,2,31,3000.0,450.0,0.6889,0.99
DB02_to_DK05#alt2,2,32,2950.0,400.0,0.6889,0.99
DB02_to_DK05#alt2,2,33,2900.0,350.0,0.6889,0.99
DB02_to_DK05#alt2,2,34,2850.0,300.0,0.6065,0.99
DB02_to_DK05#alt2,2,35,2800.0,250.0,0.5134,0.99
DB02_to_DK05#alt2,2,36,2750.0,200.0,0.4346,0.99
DB02_to_DK05#alt2,2,37,2700.0,200.0,0.3679,0.99
DB02_to_DK05#alt2,2,38,2650.0,250.0,0.4346,0.99
DB02_to_DK05#alt2,2,39,2600.0,250.0,0.4346,0.99
DB02_to_DK05#alt2,2,40,2550.0,250.0,0.4346,0.99
DB02_to_DK05#alt2,2,41,2500.0,200.0,0.3628,0.99
DB02_to_DK05#alt2,2,42,2450.0,200.0,0.3485,0.0003
DB02_to_DK05#alt2,2,43,2400.0,200.0,0.3269,0.0003
DB02_to_DK05#alt2,2,44,2350.0,200.0,0.3006,0.0003
DB02_to_DK05#alt2,2,45,2300.0,200.0,0.281,0.0003
DB02_to_DK05#alt2,2,46,2250.0,250.0,0.3006,0.0003
DB02_to_DK05#alt2,2,47,2200.0,300.0,0.3077,0.0003
DB02_to_DK05#alt2,2,48,2150.0,350.0,0.3077,0.99
DB02_to_DK05#alt2,2,49,2100.0,400.0,0.3077,0.99
DB02_to_DK05#alt2,2,50,2050.0,400.0,0.2721,0.99
DB02_to_DK05#alt2,2,51,2000.0,450.0,0.2609,0.99
DB02_to_DK05#alt2,2,52,1950.0,450.0,0.2252,0.99
DB02_to_DK05#alt2,2,53,1900.0,450.0,0.1937,0.99
DB02_to_DK05#alt2,2,54,1850.0,450.0,0.1661,0.99
DB02_to_DK05#alt2,2,55,1800.0,500.0,0.17,0.99
DB02_to_DK05#alt2,2,56,1750.0,550.0,0.2151,0.99
DB02_to_DK05#alt2,2,57,1700.0,600.0,0.2721,0.99
DB02_to_DK05#alt2,2,58,1650.0,650.0,0.344,0.99
DB02_to_DK05#alt2,2,59,1600.0,700.0,0.4346,0.99
DB02_to_DK05#alt2,2,60,1550.0,700.0,0.4931,0.99
DB02_to_DK05#alt2,2,61,1500.0,750.0,0.6241,0.99
DB02_to_DK05#alt2,2,62,1450.0,750.0,0.6889,0.99
DB02_to_DK05#alt2,2,63,1400.0,750.0,0.79,0.99
DB02_to_DK05#alt2,2,64,1350.0,750.0,0.8465,0.99
DB02_to_DK05#alt2,2,65,1300.0,750.0,0.8465,0.99
DB02_to_DK05#alt2,2,66,1250.0,750.0,0.8465,0.99
DB02_to_DK05#alt2,2,67,1200.0,800.0,0.8465,0.99
DB02_to_DK05#alt2,2,68,1150.0,850.0,0.7165,0.99
DB02_to_DK05#alt2,2,69,1100.0,900.0,0.6065,0.99
DB02_to_DK05#alt2,2,70,1050.0,950.0,0.5134,0.99
DB02_to_DK05#alt2,2,71,1000.0,1000.0,0.4275,0.99
DB02_to_DK05#alt2,2,72,950.0,1050.0,0.3485,0.99
DB02_to_DK05#alt2,2,73,900.0,1100.0,0.281,0.99
DB02_to_DK05#alt2,2,74,850.0,1150.0,0.2252,0.99
DB02_to_DK05#alt2,2,75,800.0,1200.0,0.2252,0.99
DB02_to_DK05#alt2,2,76,800.0,1250.0,0.2609,0.99
DB02_to_DK05#alt2,2,77,800.0,1300.0,0.3006,0.99
DB02_to_DK05#alt2,2,78,800.0,1350.0,0.344,0.99
DB02_to_DK05#alt2,2,79,800.0,1400.0,0.3895,0.99
DB02_to_DK05#alt2,2,80,800.0,1450.0,0.4346,0.2362
DB02_to_DK05#alt2,2,81,800.0,1500.0,0.4746,0.2831
DB02_to_DK05#alt2,2,82,750.0,1550.0,0.4346,0.3418
DB02_to_DK05#alt2,2,83,750.0,1600.0,0.4746,0.319
DB02_to_DK05#alt2,2,84,800.0,1650.0,0.5903,0.2678
DB02_to_DK05#alt2,2,85,750.0,1700.0,0.5903,0.99
DB02_to_DK05#alt2,2,86,700.0,1750.0,0.6241,0.99
DB02_to_DK05#alt2,2,87,650.0,1800.0,0.6889,0.1117
DB02_to_DK05#alt2,2,88,600.0,1850.0,0.6889,0.0824
DB02_to_DK05#alt2,2,89,550.0,1900.0,0.6889,0.99
DB02_to_DK05#alt2,2,90,500.0,1950.0,0.6241,0.99
DB02_to_DK05#alt2,2,91,450.0,2000.0,0.5903,0.99
DB02_to_DK05#alt2,2,92,400.0,2050.0,0.5134,0.99
DB02_to_DK05#alt2,2,93,350.0,2100.0,0.4346,0.99
DB02_to_DK05#alt2,2,94,300.0,2150.0,0.3679,0.0004
DB02_to_DK05#alt2,2,95,250.0,2200.0,0.3114,0.0002
DB02_to_DK05#alt2,2,96,200.0,2250.0,0.2636,0.0001
DB02_to_DK05#alt2,2,97,200.0,2300.0,0.2636,0.99
DB02_to_DK05#alt2,2,98,200.0,2350.0,0.2609,0.99
DB02_to_DK05#alt2,2,99,200.0,2400.0,0.253,0.99
DB02_to_DK05#alt2,2,100,200.0,2450.0,0.2407,0.99
DB02_to_DK05#alt2,2,101,200.0,2500.0,0.2252,0.99
DB02_to_DK05#alt2,2,102,200.0,2550.0,0.2076,0.99
DB02_to_DK05#alt2,2,103,200.0,2600.0,0.1889,0.99
DB02_to_DK05#alt2,2,104,200.0,2650.0,0.17,0.99
DB02_to_DK05#alt2,2,105,200.0,2700.0,0.1889,0.99
DB02_to_DK05#alt2,2,106,200.0,2750.0,0.2231,0.99
DB02_to_DK05#alt2,2,107,200.0,2800.0,0.2636,0.99
DB02_to_DK05#alt2,2,108,200.0,2850.0,0.3114,0.99
DB02_to_DK05#alt2,2,109,200.0,2900.0,0.3679,0.99
DB02_to_DK05#alt2,2,110,200.0,2950.0,0.4346,0.99
DB02_to_DK05#alt2,2,111,200.0,3000.0,0.5134,0.99
DB02_to_DK05#alt2,2,112,200.0,3050.0,0.6065,0.99
DB02_to_DK05#alt2,2,113,150.0,3100.0,0.6889,0.99
DB02_to_DK05#alt2,2,114,100.0,3150.0,0.6889,0.99
DB02_to_DK05#alt2,2,115,50.0,3200.0,0.6889,0.99
DB02_to_DK05#alt2,2,116,0.0,3250.0,0.6889,0.99
DB02_to_DK05#alt2,2,117,0.0,3300.0,0.7165,0.99
DB02_to_DK05#alt2,2,118,0.0,3350.0,0.79,0.99
DB02_to_DK05#alt2,2,119,0.0,3400.0,0.8465,0.99
DB02_to_DK05#alt2,2,120,0.0,3450.0,0.8465,0.99
DB02_to_DK05#alt2,2,121,0.0,3500.0,0.79,0.99
DB02_to_DK05#alt2,2,122,0.0,3550.0,0.7165,0.99
DB02_to_DK05#alt2,2,123,0.0,3600.0,0.6889,0.99
DB02_to_DK05#alt2,2,124,0.0,3650.0,0.6241,0.99
DB02_to_DK05#alt2,2,125,0.0,3700.0,0.5483,0.99
DB02_to_DK05#alt2,2,126,0.0,3750.0,0.4931,0.99
DB02_to_DK05#alt2,2,127,0.0,3800.0,0.4346,0.99
DB02_to_DK05#alt2,2,128,0.0,3850.0,0.3895,0.99
DB02_to_DK05#alt2,2,129,0.0,3900.0,0.344,0.99
DB02_to_DK05#alt2,2,130,0.0,3950.0,0.3006,0.99
DB02_to_DK05#alt2,2,131,0.0,4000.0,0.2609,0.99
DB02_to_DK05#alt2,2,132,0.0,4050.0,0.2252,0.99
DB02_to_DK05#alt2,2,133,0.0,4100.0,0.1937,0.99
DB02_to_DK05#alt2,2,134,0.0,4150.0,0.1661,0.99
DB02_to_DK05#alt2,2,135,0.0,4200.0,0.1422,0.99
DB02_to_DK05#alt2,2,136,0.0,4250.0,0.1215,0.99
DB02_to_DK05#alt2,2,137,50.0,4300.0,0.1082,0.99
DB02_to_DK05#alt2,2,138,50.0,4350.0,0.092,0.99
DB02_to_DK05#alt2,2,139,100.0,4400.0,0.0803,0.99
DB02_to_DK05#alt2,2,140,150.0,4450.0,0.0691,0.99
DB02_to_DK05#alt2,2,141,200.0,4500.0,0.0839,0.99
DB02_to_DK05#alt2,2,142,250.0,4550.0,0.1036,0.99
DB02_to_DK05#alt2,2,143,300.0,4550.0,0.1215,0.99
DB02_to_DK05#alt2,2,144,350.0,4500.0,0.1335,0.99
DB02_to_DK05#alt2,2,145,400.0,4500.0,0.1551,0.99
DB02_to_DK05#alt2,2,146,450.0,4500.0,0.1798,0.99
DB02_to_DK05#alt2,2,147,500.0,4500.0,0.2076,0.99
DB02_to_DK05#alt2,2,148,550.0,4500.0,0.2407,0.7131
DB02_to_DK05#alt2,2,149,600.0,4500.0,0.281,0.854
DB02_to_DK05#alt2,2,150,650.0,4500.0,0.3269,0.8844
DB02_to_DK03#alt0,0,0,4200.0,1300.0,0.1798,0.1278
DB02_to_DK03#alt0,0,1,4250.0,1250.0,0.1937,0.0805
DB02_to_DK03#alt0,0,2,4300.0,1200.0,0.2151,0.0759
DB02_to_DK03#alt0,0,3,4350.0,1200.0,0.2431,0.0673
DB02_to_DK03#alt0,0,4,4400.0,1250.0,0.3006,0.99
DB02_to_DK03#alt0,0,5,4450.0,1300.0,0.3784,0.99
DB02_to_DK03#alt0,0,6,4500.0,1350.0,0.4746,0.99
DB02_to_DK03#alt0,0,7,4550.0,1400.0,0.5903,0.99
DB02_to_DK03#alt0,0,8,4600.0,1450.0,0.7165,0.99
DB02_to_DK03#alt0,0,9,4550.0,1500.0,0.6889,0.99
DB02_to_DK03#alt0,0,10,4550.0,1550.0,0.7165,0.99
DB02_to_DK03#alt0,0,11,4550.0,1600.0,0.6889,0.99
DB02_to_DK03#alt0,0,12,4500.0,1650.0,0.5483,0.0549
DB02_to_DK03#alt0,0,13,4500.0,1700.0,0.503,0.0972
DB02_to_DK03#alt0,0,14,4450.0,1750.0,0.4076,0.0937
DB02_to_DK03#alt0,0,15,4450.0,1800.0,0.3784,0.1085
DB02_to_DK03#alt0,0,16,4450.0,1850.0,0.344,0.1188
DB02_to_DK03#alt0,0,17,4450.0,1900.0,0.3077,0.99
DB02_to_DK03#alt0,0,18,4400.0,1950.0,0.3485,0.99
DB02_to_DK03#alt0,0,19,4400.0,2000.0,0.4076,0.99
DB02_to_DK03#alt0,0,20,4350.0,2050.0,0.4346,0.99
DB02_to_DK03#alt0,0,21,4300.0,2100.0,0.4746,0.99
DB02_to_DK03#alt0,0,22,4250.0,2150.0,0.4931,0.99
DB02_to_DK03#alt0,0,23,4200.0,2200.0,0.4931,0.99
DB02_to_DK03#alt0,0,24,4150.0,2250.0,0.4931,0.99
DB02_to_DK03#alt0,0,25,4200.0,2300.0,0.6241,0.99
DB02_to_DK03#alt0,0,26,4200.0,2350.0,0.6889,0.99
DB02_to_DK03#alt0,0,27,4200.0,2400.0,0.79,0.99
DB02_to_DK03#alt0,0,28,4150.0,2450.0,0.7165,0.99
DB02_to_DK03#alt0,0,29,4100.0,2500.0,0.6065,0.99
DB02_to_DK03#alt0,0,30,4050.0,2550.0,0.7165,0.99
DB02_to_DK03#alt0,0,31,4000.0,2600.0,0.79,0.99
DB02_to_DK03#alt0,0,32,3950.0,2650.0,0.8465,0.99
DB02_to_DK03#alt0,0,33,3900.0,2700.0,0.8465,0.99
DB02_to_DK03#alt0,0,34,3850.0,2750.0,0.79,0.99
DB02_to_DK03#alt0,0,35,3850.0,2800.0,0.8465,0.99
DB02_to_DK03#alt0,0,36,3850.0,2850.0,0.8465,0.99
DB02_to_DK03#alt0,0,37,3850.0,2900.0,0.8465,0.99
DB02_to_DK03#alt0,0,38,3850.0,2950.0,0.8465,0.99
DB02_to_DK03#alt0,0,39,3850.0,3000.0,0.8465,0.99
DB02_to_DK03#alt0,0,40,3900.0,3050.0,0.8465,0.99
DB02_to_DK03#alt0,0,41,3950.0,3100.0,0.8465,0.99
DB02_to_DK03#alt0,0,42,4000.0,3150.0,0.79,0.99
DB02_to_DK03#alt0,0,43,4050.0,3200.0,0.7165,0.99
DB02_to_DK03#alt0,0,44,4100.0,3250.0,0.6065,0.99
DB02_to_DK03#alt0,0,45,4150.0,3300.0,0.5134,0.99
DB02_to_DK03#alt0,0,46,4200.0,3350.0,0.6065,0.99
DB02_to_DK03#alt0,0,47,4250.0,3400.0,0.7165,0.99
DB02_to_DK03#alt0,0,48,4300.0,3450.0,0.79,0.99
DB02_to_DK03#alt0,0,49,4350.0,3500.0,0.8465,0.99
DB02_to_DK03#alt0,0,50,4350.0,3550.0,0.79,0.0008
DB02_to_DK03#alt0,0,51,4350.0,3600.0,0.6889,0.0011
DB02_to_DK03#alt0,0,52,4300.0,3650.0,0.5483,0.0021
DB02_to_DK03#alt0,0,53,4350.0,3700.0,0.5483,0.005
DB02_to_DK03#alt0,0,54,4350.0,3750.0,0.4931,0.0081
DB02_to_DK03#alt0,0,55,4350.0,3800.0,0.4346,0.0126
DB02_to_DK03#alt0,0,56,4350.0,3850.0,0.3895,0.0184
DB02_to_DK03#alt0,0,57,4350.0,3900.0,0.3895,0.032
DB02_to_DK03#alt0,0,58,4400.0,3950.0,0.3895,0.99
DB02_to_DK03#alt0,0,59,4450.0,4000.0,0.3784,0.99
DB02_to_DK03#alt0,0,60,4500.0,4050.0,0.3485,0.99
DB02_to_DK03#alt0,0,61,4500.0,4100.0,0.3628,0.0069
DB02_to_DK03#alt0,0,62,4550.0,4150.0,0.3114,0.0031
DB02_to_DK03#alt0,0,63,4550.0,4200.0,0.3114,0.0024
DB02_to_DK03#alt0,0,64,4550.0,4250.0,0.3114,0.0018
DB02_to_DK03#alt0,0,65,4600.0,4300.0,0.2636,0.0002
DB02_to_DK03#alt0,0,66,4650.0,4350.0,0.2211,0.0
DB02_to_DK03#alt0,0,67,4700.0,4400.0,0.1827,0.0
DB02_to_DK03#alt0,0,68,4750.0,4450.0,0.1495,0.0
DB02_to_DK03#alt0,0,69,4750.0,4500.0,0.1422,0.0
DB02_to_DK03#alt0,0,70,4800.0,4550.0,0.1146,0.0
DB02_to_DK03#alt0,0,71,4850.0,4600.0,0.092,0.0
DB02_to_DK03#alt0,0,72,4850.0,4650.0,0.0854,0.0
DB02_to_DK03#alt0,0,73,4850.0,4700.0,0.0785,0.0
DB02_to_DK03#alt0,0,74,4850.0,4750.0,0.0717,0.0
DB02_to_DK03#alt0,0,75,4850.0,4800.0,0.065,0.0
DB02_to_DK03#alt0,0,76,4850.0,4850.0,0.0585,0.0
DB02_to_DK03#alt0,0,77,4800.0,4900.0,0.0591,0.0
DB02_to_DK03#alt0,0,78,4750.0,4950.0,0.0591,0.0
DB02_to_DK03#alt0,0,79,4700.0,5000.0,0.0591,0.0
DB02_to_DK03#alt0,0,80,4650.0,5000.0,0.0663,0.0
DB02_to_DK03#alt0,0,81,4600.0,5000.0,0.0748,0.0
DB02_to_DK03#alt0,0,82,4550.0,5000.0,0.0839,0.0001
DB02_to_DK03#alt0,0,83,4500.0,5000.0,0.0936,0.0002
DB02_to_DK03#alt0,0,84,4450.0,5000.0,0.1036,0.0005
DB02_to_DK03#alt0,0,85,4400.0,5000.0,0.1138,0.0012
DB02_to_DK03#alt0,0,86,4350.0,5000.0,0.1239,0.0058
DB02_to_DK03#alt0,0,87,4300.0,4950.0,0.1551,0.0109
DB02_to_DK03#alt0,0,88,4250.0,4950.0,0.1661,0.02
DB02_to_DK03#alt0,0,89,4200.0,4950.0,0.1755,0.0341
DB02_to_DK03#alt0,0,90,4150.0,4950.0,0.1827,0.0802
DB02_to_DK03#alt0,0,91,4100.0,4950.0,0.1873,0.1105
DB02_to_DK03#alt0,0,92,4050.0,4950.0,0.1889,0.142
DB02_to_DK03#alt0,0,93,4000.0,4950.0,0.1889,0.1701
DB02_to_DK03#alt0,0,94,3950.0,4900.0,0.2231,0.1804
DB02_to_DK03#alt0,0,95,3900.0,4850.0,0.2609,0.1233
DB02_to_DK03#alt0,0,96,3850.0,4800.0,0.2972,0.0955
DB02_to_DK03#alt0,0,97,3800.0,4800.0,0.281,0.0984
DB02_to_DK03#alt0,0,98,3750.0,4800.0,0.2609,0.117
DB02_to_DK03#alt0,0,99,3700.0,4800.0,0.2407,0.1339
DB02_to_DK03#alt0,0,100,3650.0,4800.0,0.2252,0.1533
DB02_to_DK03#alt0,0,101,3600.0,4800.0,0.2076,0.1715
DB02_to_DK03#alt0,0,102,3550.0,4800.0,0.1889,0.1877
DB02_to_DK03#alt0,0,103,3500.0,4800.0,0.2211,0.1812
DB02_to_DK03#alt0,0,104,3450.0,4800.0,0.2609,0.1661
DB02_to_DK03#alt0,0,105,3400.0,4800.0,0.3077,0.1459
DB02_to_DK03#alt0,0,106,3350.0,4800.0,0.3628,0.99
DB02_to_DK03#alt0,0,107,3300.0,4750.0,0.4346,0.1238
DB02_to_DK03#alt0,0,108,3250.0,4700.0,0.5134,0.1738
DB02_to_DK03#alt0,0,109,3200.0,4650.0,0.6065,0.3356
DB02_to_DK03#alt0,0,110,3150.0,4600.0,0.6889,0.5593
DB02_to_DK03#alt0,0,111,3100.0,4550.0,0.6889,0.6885
DB02_to_DK03#alt1,1,0,4200.0,1300.0,0.1798,0.1278
DB02_to_DK03#alt1,1,1,4150.0,1350.0,0.1661,0.1987
DB02_to_DK03#alt1,1,2,4100.0,1400.0,0.1495,0.2406
DB02_to_DK03#alt1,1,3,4050.0,1450.0,0.1317,0.2559
DB02_to_DK03#alt1,1,4,4050.0,1500.0,0.1344,0.2546
DB02_to_DK03#alt1,1,5,4050.0,1550.0,0.1353,0.2285
DB02_to_DK03#alt1,1,6,4050.0,1600.0,0.1344,0.1912
DB02_to_DK03#alt1,1,7,4050.0,1650.0,0.1317,0.149
DB02_to_DK03#alt1,1,8,4050.0,1700.0,0.1344,0.0734
DB02_to_DK03#alt1,1,9,4000.0,1750.0,0.17,0.042
DB02_to_DK03#alt1,1,10,3950.0,1800.0,0.2151,0.0181
DB02_to_DK03#alt1,1,11,4000.0,1850.0,0.2076,0.014
DB02_to_DK03#alt1,1,12,3950.0,1900.0,0.2609,0.99
DB02_to_DK03#alt1,1,13,3950.0,1950.0,0.281,0.99
DB02_to_DK03#alt1,1,14,3900.0,2000.0,0.3485,0.99
DB02_to_DK03#alt1,1,15,3900.0,2050.0,0.3784,0.99
DB02_to_DK03#alt1,1,16,3900.0,2100.0,0.4076,0.99
DB02_to_DK03#alt1,1,17,3900.0,2150.0,0.4275,0.99
DB02_to_DK03#alt1,1,18,3900.0,2200.0,0.4346,0.99
DB02_to_DK03#alt1,1,19,3900.0,2250.0,0.4346,0.99
DB02_to_DK03#alt1,1,20,3900.0,2300.0,0.4346,0.99
DB02_to_DK03#alt1,1,21,3900.0,2350.0,0.4275,0.99
DB02_to_DK03#alt1,1,22,3850.0,2400.0,0.4746,0.99
DB02_to_DK03#alt1,1,23,3850.0,2450.0,0.4346,0.99
DB02_to_DK03#alt1,1,24,3850.0,2500.0,0.4746,0.99
DB02_to_DK03#alt1,1,25,3850.0,2550.0,0.5483,0.99
DB02_to_DK03#alt1,1,26,3850.0,2600.0,0.6241,0.99
DB02_to_DK03#alt1,1,27,3850.0,2650.0,0.6889,0.99
DB02_to_DK03#alt1,1,28,3850.0,2700.0,0.7165,0.99
DB02_to_DK03#alt1,1,29,3850.0,2750.0,0.79,0.99
DB02_to_DK03#alt1,1,30,3850.0,2800.0,0.8465,0.99
DB02_to_DK03#alt1,1,31,3850.0,2850.0,0.8465,0.99
DB02_to_DK03#alt1,1,32,3850.0,2900.0,0.8465,0.99
DB02_to_DK03#alt1,1,33,3850.0,2950.0,0.8465,0.99
DB02_to_DK03#alt1,1,34,3850.0,3000.0,0.8465,0.99
DB02_to_DK03#alt1,1,35,3900.0,3050.0,0.8465,0.99
DB02_to_DK03#alt1,1,36,3950.0,3100.0,0.8465,0.99
DB02_to_DK03#alt1,1,37,4000.0,3150.0,0.79,0.99
DB02_to_DK03#alt1,1,38,4050.0,3200.0,0.7165,0.99
DB02_to_DK03#alt1,1,39,4000.0,3250.0,0.5903,0.99
DB02_to_DK03#alt1,1,40,4000.0,3300.0,0.503,0.99
DB02_to_DK03#alt1,1,41,4000.0,3350.0,0.4275,0.99
DB02_to_DK03#alt1,1,42,4000.0,3400.0,0.3628,0.99
DB02_to_DK03#alt1,1,43,4050.0,3450.0,0.3628,0.99
DB02_to_DK03#alt1,1,44,4100.0,3500.0,0.4076,0.99
DB02_to_DK03#alt1,1,45,4100.0,3550.0,0.3784,0.99
DB02_to_DK03#alt1,1,46,4100.0,3600.0,0.3485,0.99
DB02_to_DK03#alt1,1,47,4100.0,3650.0,0.3269,0.99
DB02_to_DK03#alt1,1,48,4150.0,3700.0,0.344,0.99
DB02_to_DK03#alt1,1,49,4150.0,3750.0,0.3784,0.99
DB02_to_DK03#alt1,1,50,4150.0,3800.0,0.4346,0.99
DB02_to_DK03#alt1,1,51,4150.0,3850.0,0.503,0.99
DB02_to_DK03#alt1,1,52,4150.0,3900.0,0.5903,0.0546
DB02_to_DK03#alt1,1,53,4200.0,3950.0,0.6241,0.0648
DB02_to_DK03#alt1,1,54,4200.0,4000.0,0.6889,0.0721
DB02_to_DK03#alt1,1,55,4250.0,4050.0,0.6889,0.067
DB02_to_DK03#alt1,1,56,4250.0,4100.0,0.79,0.0581
DB02_to_DK03#alt1,1,57,4250.0,4150.0,0.8465,0.0486
DB02_to_DK03#alt1,1,58,4250.0,4200.0,0.8465,0.99
DB02_to_DK03#alt1,1,59,4250.0,4250.0,0.8465,0.99
DB02_to_DK03#alt1,1,60,4250.0,4300.0,0.8465,0.99
DB02_to_DK03#alt1,1,61,4200.0,4350.0,0.8465,0.99
DB02_to_DK03#alt1,1,62,4150.0,4400.0,0.8465,0.99
DB02_to_DK03#alt1,1,63,4100.0,4450.0,0.8465,0.99
DB02_to_DK03#alt1,1,64,4050.0,4500.0,0.8465,0.99
DB02_to_DK03#alt1,1,65,4000.0,4550.0,0.7165,0.99
DB02_to_DK03#alt1,1,66,3950.0,4600.0,0.6065,0.99
DB02_to_DK03#alt1,1,67,3900.0,4600.0,0.5903,0.0117
DB02_to_DK03#alt1,1,68,3850.0,4600.0,0.5483,0.0156
DB02_to_DK03#alt1,1,69,3800.0,4600.0,0.503,0.0215
DB02_to_DK03#alt1,1,70,3750.0,4600.0,0.4746,0.99
DB02_to_DK03#alt1,1,71,3700.0,4600.0,0.4346,0.99
DB02_to_DK03#alt1,1,72,3650.0,4600.0,0.3895,0.99
DB02_to_DK03#alt1,1,73,3600.0,4600.0,0.344,0.08
DB02_to_DK03#alt1,1,74,3550.0,4550.0,0.344,0.0708
DB02_to_DK03#alt1,1,75,3500.0,4550.0,0.3006,0.0769
DB02_to_DK03#alt1,1,76,3450.0,4550.0,0.2609,0.0856
DB02_to_DK03#alt1,1,77,3400.0,4550.0,0.2972,0.1017
DB02_to_DK03#alt1,1,78,3350.0,4550.0,0.3485,0.99
DB02_to_DK03#alt1,1,79,3300.0,4550.0,0.4076,0.99
DB02_to_DK03#alt1,1,80,3250.0,4550.0,0.4746,0.3384
DB02_to_DK03#alt1,1,81,3200.0,4550.0,0.5483,0.4418
DB02_to_DK03#alt1,1,82,3150.0,4550.0,0.6241,0.6332
DB02_to_DK03#alt1,1,83,3100.0,4550.0,0.6889,0.6885
DB02_to_DK03#alt2,2,0,4200.0,1300.0,0.1798,0.1278
DB02_to_DK03#alt2,2,1,4250.0,1350.0,0.2252,0.1238
DB02_to_DK03#alt2,2,2,4300.0,1400.0,0.281,0.1059
DB02_to_DK03#alt2,2,3,4350.0,1450.0,0.3485,0.0802
DB02_to_DK03#alt2,2,4,4400.0,1500.0,0.4275,0.0372
DB02_to_DK03#alt2,2,5,4450.0,1550.0,0.5134,0.0314
DB02_to_DK03#alt2,2,6,4500.0,1600.0,0.5903,0.99
DB02_to_DK03#alt2,2,7,4550.0,1650.0,0.6241,0.99
DB02_to_DK03#alt2,2,8,4600.0,1700.0,0.6889,0.99
DB02_to_DK03#alt2,2,9,4650.0,1750.0,0.6889,0.99
DB02_to_DK03#alt2,2,10,4700.0,1800.0,0.6889,0.99
DB02_to_DK03#alt2,2,11,4650.0,1850.0,0.5483,0.2427
DB02_to_DK03#alt2,2,12,4650.0,1900.0,0.4746,0.2549
DB02_to_DK03#alt2,2,13,4600.0,1950.0,0.3784,0.2317
DB02_to_DK03#alt2,2,14,4600.0,2000.0,0.4275,0.202
DB02_to_DK03#alt2,2,15,4550.0,2050.0,0.5134,0.99
DB02_to_DK03#alt2,2,16,4550.0,2100.0,0.6065,0.99
DB02_to_DK03#alt2,2,17,4500.0,2150.0,0.7165,0.99
DB02_to_DK03#alt2,2,18,4450.0,2200.0,0.79,0.99
DB02_to_DK03#alt2,2,19,4400.0,2250.0,0.8465,0.99
DB02_to_DK03#alt2,2,20,4350.0,2300.0,0.8465,0.99
DB02_to_DK03#alt2,2,21,4300.0,2350.0,0.8465,0.99
DB02_to_DK03#alt2,2,22,4250.0,2400.0,0.8465,0.99
DB02_to_DK03#alt2,2,23,4200.0,2450.0,0.8465,0.99
DB02_to_DK03#alt2,2,24,4150.0,2500.0,0.7165,0.99
DB02_to_DK03#alt2,2,25,4100.0,2550.0,0.7165,0.99
DB02_to_DK03#alt2,2,26,4050.0,2600.0,0.8465,0.99
DB02_to_DK03#alt2,2,27,4000.0,2650.0,0.8465,0.99
DB02_to_DK03#alt2,2,28,3950.0,2650.0,0.8465,0.99
DB02_to_DK03#alt2,2,29,3900.0,2700.0,0.8465,0.99
DB02_to_DK03#alt2,2,30,3850.0,2750.0,0.79,0.99
DB02_to_DK03#alt2,2,31,3800.0,2800.0,0.7165,0.99
DB02_to_DK03#alt2,2,32,3800.0,2850.0,0.7165,0.99
DB02_to_DK03#alt2,2,33,3800.0,2900.0,0.7165,0.99
DB02_to_DK03#alt2,2,34,3800.0,2950.0,0.7165,0.99
DB02_to_DK03#alt2,2,35,3750.0,3000.0,0.6065,0.99
DB02_to_DK03#alt2,2,36,3700.0,3050.0,0.503,0.99
DB02_to_DK03#alt2,2,37,3750.0,3100.0,0.5483,0.99
DB02_to_DK03#alt2,2,38,3750.0,3150.0,0.4931,0.99
DB02_to_DK03#alt2,2,39,3800.0,3200.0,0.4931,0.99
DB02_to_DK03#alt2,2,40,3800.0,3250.0,0.4746,0.99
DB02_to_DK03#alt2,2,41,3800.0,3300.0,0.5483,0.99
DB02_to_DK03#alt2,2,42,3800.0,3350.0,0.6241,0.99
DB02_to_DK03#alt2,2,43,3800.0,3400.0,0.6889,0.99
DB02_to_DK03#alt2,2,44,3800.0,3450.0,0.7165,0.99
DB02_to_DK03#alt2,2,45,3750.0,3500.0,0.8465,0.0002
DB02_to_DK03#alt2,2,46,3750.0,3550.0,0.8465,0.0003
DB02_to_DK03#alt2,2,47,3700.0,3600.0,0.8465,0.0003
DB02_to_DK03#alt2,2,48,3650.0,3650.0,0.7165,0.99
DB02_to_DK03#alt2,2,49,3600.0,3700.0,0.6065,0.99
DB02_to_DK03#alt2,2,50,3550.0,3750.0,0.503,0.99
DB02_to_DK03#alt2,2,51,3500.0,3800.0,0.4076,0.99
DB02_to_DK03#alt2,2,52,3450.0,3850.0,0.4076,0.99
DB02_to_DK03#alt2,2,53,3400.0,3900.0,0.4346,0.0022
DB02_to_DK03#alt2,2,54,3350.0,3950.0,0.4346,0.009
DB02_to_DK03#alt2,2,55,3300.0,4000.0,0.4746,0.0224
DB02_to_DK03#alt2,2,56,3250.0,4050.0,0.503,0.0504
DB02_to_DK03#alt2,2,57,3200.0,4100.0,0.5483,0.1372
DB02_to_DK03#alt2,2,58,3150.0,4150.0,0.5483,0.2802
DB02_to_DK03#alt2,2,59,3100.0,4200.0,0.503,0.3895
DB02_to_DK03#alt2,2,60,3050.0,4250.0,0.4746,0.4832
DB02_to_DK03#alt2,2,61,3050.0,4300.0,0.4076,0.6246
DB02_to_DK03#alt2,2,62,3050.0,4350.0,0.3679,0.6857
DB02_to_DK03#alt2,2,63,3050.0,4400.0,0.4346,0.7359
DB02_to_DK03#alt2,2,64,3100.0,4450.0,0.503,0.7501
DB02_to_DK03#alt2,2,65,3100.0,4500.0,0.5903,0.7411
DB02_to_DK03#alt2,2,66,3100.0,4550.0,0.6889,0.6885
DB01_to_DK01#alt0,0,0,1350.0,1450.0,0.7165,0.5483
DB01_to_DK01#alt0,0,1,1400.0,1500.0,0.79,0.6635
DB01_to_DK01#alt0,0,2,1450.0,1550.0,0.8465,0.6194
DB01_to_DK01#alt0,0,3,1500.0,1600.0,0.8465,0.99
DB01_to_DK01#alt0,0,4,1550.0,1650.0,0.79,0.99
DB01_to_DK01#alt0,0,5,1550.0,1700.0,0.8465,0.312
DB01_to_DK01#alt0,0,6,1550.0,1750.0,0.8465,0.2814
DB01_to_DK01#alt0,0,7,1550.0,1800.0,0.8465,0.2582
DB01_to_DK01#alt0,0,8,1550.0,1850.0,0.8465,0.2383
DB01_to_DK01#alt0,0,9,1550.0,1900.0,0.8465,0.1951
DB01_to_DK01#alt0,0,10,1550.0,1950.0,0.8465,0.1694
DB01_to_DK01#alt0,0,11,1500.0,2000.0,0.8465,0.1642
DB01_to_DK01#alt0,0,12,1500.0,2050.0,0.8465,0.99
DB01_to_DK01#alt0,0,13,1450.0,2100.0,0.8465,0.99
DB01_to_DK01#alt0,0,14,1400.0,2150.0,0.79,0.99
DB01_to_DK01#alt0,0,15,1350.0,2200.0,0.7165,0.99
DB01_to_DK01#alt0,0,16,1300.0,2250.0,0.7165,0.99
DB01_to_DK01#alt0,0,17,1250.0,2300.0,0.79,0.99
DB01_to_DK01#alt0,0,18,1200.0,2350.0,0.8465,0.99
DB01_to_DK01#alt0,0,19,1150.0,2400.0,0.8465,0.99
DB01_to_DK01#alt0,0,20,1200.0,2450.0,0.6889,0.99
DB01_to_DK01#alt0,0,21,1200.0,2500.0,0.6889,0.99
DB01_to_DK01#alt0,0,22,1200.0,2550.0,0.79,0.99
DB01_to_DK01#alt0,0,23,1200.0,2600.0,0.8465,0.99
DB01_to_DK01#alt0,0,24,1200.0,2650.0,0.8465,0.99
DB01_to_DK01#alt0,0,25,1200.0,2700.0,0.8465,0.99
DB01_to_DK01#alt0,0,26,1200.0,2750.0,0.8465,0.99
DB01_to_DK01#alt0,0,27,1250.0,2800.0,0.8465,0.99
DB01_to_DK01#alt0,0,28,1300.0,2850.0,0.8465,0.0085
DB01_to_DK01#alt0,0,29,1350.0,2900.0,0.8465,0.0304
DB01_to_DK01#alt0,0,30,1400.0,2950.0,0.7165,0.0738
DB01_to_DK01#alt0,0,31,1450.0,3000.0,0.6065,0.1271
DB01_to_DK01#alt0,0,32,1500.0,3050.0,0.7165,0.1956
DB01_to_DK01#alt0,0,33,1550.0,3100.0,0.8465,0.3255
DB01_to_DK01#alt0,0,34,1600.0,3150.0,0.8465,0.3648
DB01_to_DK01#alt0,0,35,1650.0,3200.0,0.79,0.3617
DB01_to_DK01#alt0,0,36,1700.0,3250.0,0.79,0.3248
DB01_to_DK01#alt0,0,37,1750.0,3300.0,0.7165,0.99
DB01_to_DK01#alt0,0,38,1800.0,3350.0,0.6889,0.1941
DB01_to_DK01#alt0,0,39,1850.0,3400.0,0.6065,0.2161
DB01_to_DK01#alt0,0,40,1900.0,3450.0,0.5483,0.2932
DB01_to_DK01#alt0,0,41,1950.0,3500.0,0.5483,0.4577
DB01_to_DK01#alt0,0,42,2000.0,3550.0,0.5483,0.6689
DB01_to_DK01#alt0,0,43,2050.0,3550.0,0.6241,0.7261
DB01_to_DK01#alt0,0,44,2100.0,3550.0,0.6889,0.7435
DB01_to_DK01#alt1,1,0,1350.0,1450.0,0.7165,0.5483
DB01_to_DK01#alt1,1,1,1400.0,1500.0,0.79,0.6635
DB01_to_DK01#alt1,1,2,1450.0,1550.0,0.8465,0.6194
DB01_to_DK01#alt1,1,3,1500.0,1600.0,0.8465,0.99
DB01_to_DK01#alt1,1,4,1550.0,1650.0,0.79,0.99
DB01_to_DK01#alt1,1,5,1550.0,1700.0,0.8465,0.312
DB01_to_DK01#alt1,1,6,1550.0,1750.0,0.8465,0.2814
DB01_to_DK01#alt1,1,7,1550.0,1800.0,0.8465,0.2582
DB01_to_DK01#alt1,1,8,1550.0,1850.0,0.8465,0.2383
DB01_to_DK01#alt1,1,9,1550.0,1900.0,0.8465,0.1951
DB01_to_DK01#alt1,1,10,1550.0,1950.0,0.8465,0.1694
DB01_to_DK01#alt1,1,11,1500.0,2000.0,0.8465,0.1642
DB01_to_DK01#alt1,1,12,1500.0,2050.0,0.8465,0.99
DB01_to_DK01#alt1,1,13,1450.0,2100.0,0.8465,0.99
DB01_to_DK01#alt1,1,14,1400.0,2150.0,0.79,0.99
DB01_to_DK01#alt1,1,15,1350.0,2200.0,0.7165,0.99
DB01_to_DK01#alt1,1,16,1300.0,2250.0,0.7165,0.99
DB01_to_DK01#alt1,1,17,1250.0,2300.0,0.79,0.99
DB01_to_DK01#alt1,1,18,1200.0,2350.0,0.8465,0.99
DB01_to_DK01#alt1,1,19,1150.0,2400.0,0.8465,0.99
DB01_to_DK01#alt1,1,20,1200.0,2450.0,0.6889,0.99
DB01_to_DK01#alt1,1,21,1200.0,2500.0,0.6889,0.99
DB01_to_DK01#alt1,1,22,1200.0,2550.0,0.79,0.99
DB01_to_DK01#alt1,1,23,1200.0,2600.0,0.8465,0.99
DB01_to_DK01#alt1,1,24,1200.0,2650.0,0.8465,0.99
DB01_to_DK01#alt1,1,25,1200.0,2700.0,0.8465,0.99
DB01_to_DK01#alt1,1,26,1200.0,2750.0,0.8465,0.99
DB01_to_DK01#alt1,1,27,1250.0,2800.0,0.8465,0.99
DB01_to_DK01#alt1,1,28,1300.0,2850.0,0.8465,0.0085
DB01_to_DK01#alt1,1,29,1350.0,2900.0,0.8465,0.0304
DB01_to_DK01#alt1,1,30,1400.0,2950.0,0.7165,0.0738
DB01_to_DK01#alt1,1,31,1450.0,3000.0,0.6065,0.1271
DB01_to_DK01#alt1,1,32,1500.0,3050.0,0.7165,0.1956
DB01_to_DK01#alt1,1,33,1550.0,3100.0,0.8465,0.3255
DB01_to_DK01#alt1,1,34,1600.0,3150.0,0.8465,0.3648
DB01_to_DK01#alt1,1,35,1650.0,3200.0,0.79,0.3617
DB01_to_DK01#alt1,1,36,1700.0,3250.0,0.79,0.3248
DB01_to_DK01#alt1,1,37,1750.0,3300.0,0.7165,0.99
DB01_to_DK01#alt1,1,38,1800.0,3350.0,0.6889,0.1941
DB01_to_DK01#alt1,1,39,1850.0,3400.0,0.6065,0.2161
DB01_to_DK01#alt1,1,40,1900.0,3450.0,0.5483,0.2932
DB01_to_DK01#alt1,1,41,1950.0,3500.0,0.5483,0.4577
DB01_to_DK01#alt1,1,42,2000.0,3550.0,0.5483,0.6689
DB01_to_DK01#alt1,1,43,2050.0,3550.0,0.6241,0.7261
DB01_to_DK01#alt1,1,44,2100.0,3550.0,0.6889,0.7435
DB01_to_DK01#alt2,2,0,1350.0,1450.0,0.7165,0.5483
DB01_to_DK01#alt2,2,1,1400.0,1500.0,0.79,0.6635
DB01_to_DK01#alt2,2,2,1450.0,1550.0,0.8465,0.6194
DB01_to_DK01#alt2,2,3,1500.0,1600.0,0.8465,0.99
DB01_to_DK01#alt2,2,4,1550.0,1650.0,0.79,0.99
DB01_to_DK01#alt2,2,5,1600.0,1700.0,0.7165,0.1983
DB01_to_DK01#alt2,2,6,1650.0,1750.0,0.6065,0.1347
DB01_to_DK01#alt2,2,7,1700.0,1800.0,0.5134,0.99
DB01_to_DK01#alt2,2,8,1750.0,1850.0,0.4346,0.99
DB01_to_DK01#alt2,2,9,1800.0,1900.0,0.503,0.1052
DB01_to_DK01#alt2,2,10,1850.0,1950.0,0.6241,0.1085
DB01_to_DK01#alt2,2,11,1900.0,2000.0,0.79,0.102
DB01_to_DK01#alt2,2,12,1950.0,2000.0,0.8465,0.99
DB01_to_DK01#alt2,2,13,2000.0,2000.0,0.8465,0.99
DB01_to_DK01#alt2,2,14,2050.0,2050.0,0.8465,0.99
DB01_to_DK01#alt2,2,15,2100.0,2050.0,0.8465,0.99
DB01_to_DK01#alt2,2,16,2150.0,2100.0,0.8465,0.99
DB01_to_DK01#alt2,2,17,2200.0,2150.0,0.8465,0.99
DB01_to_DK01#alt2,2,18,2250.0,2200.0,0.79,0.99
DB01_to_DK01#alt2,2,19,2300.0,2250.0,0.7165,0.0515
DB01_to_DK01#alt2,2,20,2350.0,2300.0,0.6065,0.0325
DB01_to_DK01#alt2,2,21,2350.0,2350.0,0.6065,0.0225
DB01_to_DK01#alt2,2,22,2400.0,2400.0,0.5483,0.99
DB01_to_DK01#alt2,2,23,2450.0,2450.0,0.5483,0.99
DB01_to_DK01#alt2,2,24,2450.0,2500.0,0.6241,0.99
DB01_to_DK01#alt2,2,25,2450.0,2550.0,0.6889,0.99
DB01_to_DK01#alt2,2,26,2450.0,2600.0,0.7165,0.99
DB01_to_DK01#alt2,2,27,2500.0,2650.0,0.6889,0.99
DB01_to_DK01#alt2,2,28,2500.0,2700.0,0.7165,0.99
DB01_to_DK01#alt2,2,29,2500.0,2750.0,0.7165,0.99
DB01_to_DK01#alt2,2,30,2500.0,2800.0,0.7165,0.99
DB01_to_DK01#alt2,2,31,2500.0,2850.0,0.7165,0.99
DB01_to_DK01#alt2,2,32,2500.0,2900.0,0.7165,0.99
DB01_to_DK01#alt2,2,33,2500.0,2950.0,0.7165,0.99
DB01_to_DK01#alt2,2,34,2500.0,3000.0,0.79,0.99
DB01_to_DK01#alt2,2,35,2500.0,3050.0,0.8465,0.99
DB01_to_DK01#alt2,2,36,2500.0,3100.0,0.8465,0.99
DB01_to_DK01#alt2,2,37,2500.0,3150.0,0.8465,0.99
DB01_to_DK01#alt2,2,38,2500.0,3200.0,0.8465,0.0857
DB01_to_DK01#alt2,2,39,2500.0,3250.0,0.8465,0.0987
DB01_to_DK01#alt2,2,40,2500.0,3300.0,0.8465,0.12
DB01_to_DK01#alt2,2,41,2450.0,3350.0,0.8465,0.1342
DB01_to_DK01#alt2,2,42,2400.0,3400.0,0.8465,0.1601
DB01_to_DK01#alt2,2,43,2350.0,3450.0,0.8465,0.2569
DB01_to_DK01#alt2,2,44,2300.0,3500.0,0.7165,0.3834
DB01_to_DK01#alt2,2,45,2250.0,3550.0,0.8465,0.4831
DB01_to_DK01#alt2,2,46,2200.0,3550.0,0.8465,0.5753
DB01_to_DK01#alt2,2,47,2150.0,3550.0,0.79,0.719
DB01_to_DK01#alt2,2,48,2100.0,3550.0,0.6889,0.7435
DB01_to_DK02#alt0,0,0,1350.0,1450.0,0.7165,0.5483
DB01_to_DK02#alt0,0,1,1300.0,1500.0,0.8465,0.5516
DB01_to_DK02#alt0,0,2,1250.0,1500.0,0.8465,0.4788
DB01_to_DK02#alt0,0,3,1200.0,1500.0,0.8465,0.4034
DB01_to_DK02#alt0,0,4,1150.0,1500.0,0.8465,0.99
DB01_to_DK02#alt0,0,5,1100.0,1500.0,0.8465,0.99
DB01_to_DK02#alt0,0,6,1050.0,1550.0,0.8465,0.2554
DB01_to_DK02#alt0,0,7,1000.0,1550.0,0.8465,0.2484
DB01_to_DK02#alt0,0,8,950.0,1600.0,0.8465,0.2701
DB01_to_DK02#alt0,0,9,900.0,1650.0,0.79,0.2679
DB01_to_DK02#alt0,0,10,850.0,1700.0,0.7165,0.2043
DB01_to_DK02#alt0,0,11,800.0,1750.0,0.7165,0.99
DB01_to_DK02#alt0,0,12,750.0,1800.0,0.79,0.99
DB01_to_DK02#alt0,0,13,700.0,1850.0,0.8465,0.0701
DB01_to_DK02#alt0,0,14,650.0,1900.0,0.8465,0.0279
DB01_to_DK02#alt0,0,15,600.0,1950.0,0.8465,0.0175
DB01_to_DK02#alt0,0,16,550.0,2000.0,0.79,0.99
DB01_to_DK02#alt0,0,17,550.0,2050.0,0.8465,0.99
DB01_to_DK02#alt0,0,18,550.0,2100.0,0.8465,0.0013
DB01_to_DK02#alt0,0,19,550.0,2150.0,0.8465,0.0006
DB01_to_DK02#alt0,0,20,550.0,2200.0,0.8465,0.0003
DB01_to_DK02#alt0,0,21,550.0,2250.0,0.8465,0.0003
DB01_to_DK02#alt0,0,22,550.0,2300.0,0.8465,0.0003
DB01_to_DK02#alt0,0,23,600.0,2350.0,0.8465,0.0005
DB01_to_DK02#alt0,0,24,600.0,2400.0,0.79,0.0009
DB01_to_DK02#alt0,0,25,600.0,2450.0,0.6889,0.0019
DB01_to_DK02#alt0,0,26,600.0,2500.0,0.6241,0.0074
DB01_to_DK02#alt0,0,27,600.0,2550.0,0.5483,0.99
DB01_to_DK02#alt0,0,28,600.0,2600.0,0.4931,0.024
DB01_to_DK02#alt0,0,29,600.0,2650.0,0.4346,0.0395
DB01_to_DK02#alt0,0,30,600.0,2700.0,0.3784,0.0907
DB01_to_DK02#alt0,0,31,600.0,2750.0,0.3784,0.1268
DB01_to_DK02#alt0,0,32,550.0,2800.0,0.3485,0.1055
DB01_to_DK02#alt0,0,33,500.0,2850.0,0.3077,0.99
DB01_to_DK02#alt0,0,34,450.0,2900.0,0.3485,0.99
DB01_to_DK02#alt0,0,35,450.0,2950.0,0.4076,0.99
DB01_to_DK02#alt0,0,36,450.0,3000.0,0.4746,0.99
DB01_to_DK02#alt0,0,37,500.0,3050.0,0.503,0.99
DB01_to_DK02#alt0,0,38,550.0,3100.0,0.5483,0.99
DB01_to_DK02#alt0,0,39,550.0,3150.0,0.6241,0.99
DB01_to_DK02#alt0,0,40,550.0,3200.0,0.6889,0.99
DB01_to_DK02#alt0,0,41,550.0,3250.0,0.79,0.99
DB01_to_DK02#alt0,0,42,550.0,3300.0,0.8465,0.99
DB01_to_DK02#alt0,0,43,550.0,3350.0,0.8465,0.99
DB01_to_DK02#alt0,0,44,550.0,3400.0,0.8465,0.4099
DB01_to_DK02#alt0,0,45,550.0,3450.0,0.8465,0.3768
DB01_to_DK02#alt0,0,46,550.0,3500.0,0.8465,0.3096
DB01_to_DK02#alt0,0,47,550.0,3550.0,0.8465,0.2775
DB01_to_DK02#alt0,0,48,500.0,3600.0,0.8465,0.2728
DB01_to_DK02#alt0,0,49,450.0,3650.0,0.8465,0.2709
DB01_to_DK02#alt0,0,50,400.0,3700.0,0.8465,0.2605
DB01_to_DK02#alt0,0,51,350.0,3750.0,0.7165,0.99
DB01_to_DK02#alt0,0,52,300.0,3800.0,0.6065,0.99
DB01_to_DK02#alt0,0,53,300.0,3850.0,0.5134,0.3644
DB01_to_DK02#alt0,0,54,300.0,3900.0,0.4346,0.5115
DB01_to_DK02#alt0,0,55,300.0,3950.0,0.3679,0.5814
DB01_to_DK02#alt0,0,56,300.0,4000.0,0.3114,0.6387
DB01_to_DK02#alt1,1,0,1350.0,1450.0,0.7165,0.5483
DB01_to_DK02#alt1,1,1,1300.0,1500.0,0.8465,0.5516
DB01_to_DK02#alt1,1,2,1250.0,1500.0,0.8465,0.4788
DB01_to_DK02#alt1,1,3,1200.0,1500.0,0.8465,0.4034
DB01_to_DK02#alt1,1,4,1150.0,1500.0,0.8465,0.99
DB01_to_DK02#alt1,1,5,1100.0,1500.0,0.8465,0.99
DB01_to_DK02#alt1,1,6,1050.0,1550.0,0.8465,0.2554
DB01_to_DK02#alt1,1,7,1000.0,1550.0,0.8465,0.2484
DB01_to_DK02#alt1,1,8,950.0,1600.0,0.8465,0.2701
DB01_to_DK02#alt1,1,9,900.0,1650.0,0.79,0.2679
DB01_to_DK02#alt1,1,10,850.0,1700.0,0.7165,0.2043
DB01_to_DK02#alt1,1,11,800.0,1750.0,0.7165,0.99
DB01_to_DK02#alt1,1,12,750.0,1800.0,0.79,0.99
DB01_to_DK02#alt1,1,13,700.0,1850.0,0.8465,0.0701
DB01_to_DK02#alt1,1,14,650.0,1900.0,0.8465,0.0279
DB01_to_DK02#alt1,1,15,600.0,1950.0,0.8465,0.0175
DB01_to_DK02#alt1,1,16,550.0,2000.0,0.79,0.99
DB01_to_DK02#alt1,1,17,500.0,2050.0,0.7165,0.99
DB01_to_DK02#alt1,1,18,450.0,2100.0,0.6065,0.99
DB01_to_DK02#alt1,1,19,400.0,2150.0,0.5134,0.0007
DB01_to_DK02#alt1,1,20,350.0,2200.0,0.4346,0.0003
DB01_to_DK02#alt1,1,21,300.0,2250.0,0.3679,0.0002
DB01_to_DK02#alt1,1,22,250.0,2300.0,0.3114,0.99
DB01_to_DK02#alt1,1,23,200.0,2350.0,0.2609,0.99
DB01_to_DK02#alt1,1,24,150.0,2400.0,0.2151,0.99
DB01_to_DK02#alt1,1,25,100.0,2450.0,0.1755,0.99
DB01_to_DK02#alt1,1,26,50.0,2500.0,0.1422,0.99
DB01_to_DK02#alt1,1,27,0.0,2550.0,0.1146,0.99
DB01_to_DK02#alt1,1,28,0.0,2600.0,0.1215,0.99
DB01_to_DK02#alt1,1,29,0.0,2650.0,0.1422,0.99
DB01_to_DK02#alt1,1,30,0.0,2700.0,0.1661,0.99
DB01_to_DK02#alt1,1,31,0.0,2750.0,0.1937,0.99
DB01_to_DK02#alt1,1,32,0.0,2800.0,0.2252,0.99
DB01_to_DK02#alt1,1,33,0.0,2850.0,0.2609,0.99
DB01_to_DK02#alt1,1,34,0.0,2900.0,0.3006,0.99
DB01_to_DK02#alt1,1,35,0.0,2950.0,0.344,0.99
DB01_to_DK02#alt1,1,36,0.0,3000.0,0.3895,0.99
DB01_to_DK02#alt1,1,37,0.0,3050.0,0.4346,0.99
DB01_to_DK02#alt1,1,38,0.0,3100.0,0.4931,0.99
DB01_to_DK02#alt1,1,39,0.0,3150.0,0.5483,0.99
DB01_to_DK02#alt1,1,40,0.0,3200.0,0.6241,0.99
DB01_to_DK02#alt1,1,41,0.0,3250.0,0.6889,0.99
DB01_to_DK02#alt1,1,42,0.0,3300.0,0.7165,0.99
DB01_to_DK02#alt1,1,43,0.0,3350.0,0.79,0.99
DB01_to_DK02#alt1,1,44,0.0,3400.0,0.8465,0.99
DB01_to_DK02#alt1,1,45,0.0,3450.0,0.8465,0.99
DB01_to_DK02#alt1,1,46,50.0,3500.0,0.8465,0.99
DB01_to_DK02#alt1,1,47,50.0,3550.0,0.8465,0.99
DB01_to_DK02#alt1,1,48,100.0,3600.0,0.8465,0.99
DB01_to_DK02#alt1,1,49,150.0,3650.0,0.8465,0.99
DB01_to_DK02#alt1,1,50,200.0,3700.0,0.8465,0.99
DB01_to_DK02#alt1,1,51,250.0,3750.0,0.7165,0.99
DB01_to_DK02#alt1,1,52,300.0,3800.0,0.6065,0.99
DB01_to_DK02#alt1,1,53,300.0,3850.0,0.5134,0.3644
DB01_to_DK02#alt1,1,54,300.0,3900.0,0.4346,0.5115
DB01_to_DK02#alt1,1,55,300.0,3950.0,0.3679,0.5814
DB01_to_DK02#alt1,1,56,300.0,4000.0,0.3114,0.6387
DB01_to_DK02#alt2,2,0,1350.0,1450.0,0.7165,0.5483
DB01_to_DK02#alt2,2,1,1300.0,1500.0,0.8465,0.5516
DB01_to_DK02#alt2,2,2,1250.0,1500.0,0.8465,0.4788
DB01_to_DK02#alt2,2,3,1200.0,1500.0,0.8465,0.4034
DB01_to_DK02#alt2,2,4,1150.0,1500.0,0.8465,0.99
DB01_to_DK02#alt2,2,5,1100.0,1500.0,0.8465,0.99
DB01_to_DK02#alt2,2,6,1050.0,1550.0,0.8465,0.2554
DB01_to_DK02#alt2,2,7,1000.0,1550.0,0.8465,0.2484
DB01_to_DK02#alt2,2,8,950.0,1600.0,0.8465,0.2701
DB01_to_DK02#alt2,2,9,900.0,1650.0,0.79,0.2679
DB01_to_DK02#alt2,2,10,850.0,1700.0,0.7165,0.2043
DB01_to_DK02#alt2,2,11,800.0,1750.0,0.7165,0.99
DB01_to_DK02#alt2,2,12,750.0,1800.0,0.79,0.99
DB01_to_DK02#alt2,2,13,700.0,1850.0,0.8465,0.0701
DB01_to_DK02#alt2,2,14,650.0,1900.0,0.8465,0.0279
DB01_to_DK02#alt2,2,15,600.0,1950.0,0.8465,0.0175
DB01_to_DK02#alt2,2,16,550.0,2000.0,0.79,0.99
DB01_to_DK02#alt2,2,17,550.0,2050.0,0.8465,0.99
DB01_to_DK02#alt2,2,18,550.0,2100.0,0.8465,0.0013
DB01_to_DK02#alt2,2,19,550.0,2150.0,0.8465,0.0006
DB01_to_DK02#alt2,2,20,550.0,2200.0,0.8465,0.0003
DB01_to_DK02#alt2,2,21,500.0,2250.0,0.7165,0.0003
DB01_to_DK02#alt2,2,22,450.0,2300.0,0.6065,0.0003
DB01_to_DK02#alt2,2,23,400.0,2350.0,0.503,0.0003
DB01_to_DK02#alt2,2,24,400.0,2400.0,0.4746,0.0004
DB01_to_DK02#alt2,2,25,400.0,2450.0,0.4346,0.0005
DB01_to_DK02#alt2,2,26,400.0,2500.0,0.3895,0.99
DB01_to_DK02#alt2,2,27,400.0,2550.0,0.344,0.99
DB01_to_DK02#alt2,2,28,400.0,2600.0,0.3077,0.99
DB01_to_DK02#alt2,2,29,400.0,2650.0,0.2721,0.99
DB01_to_DK02#alt2,2,30,400.0,2700.0,0.2431,0.99
DB01_to_DK02#alt2,2,31,400.0,2750.0,0.2211,0.99
DB01_to_DK02#alt2,2,32,400.0,2800.0,0.2609,0.99
DB01_to_DK02#alt2,2,33,400.0,2850.0,0.3077,0.99
DB01_to_DK02#alt2,2,34,450.0,2900.0,0.3485,0.99
DB01_to_DK02#alt2,2,35,450.0,2950.0,0.4076,0.99
DB01_to_DK02#alt2,2,36,450.0,3000.0,0.4746,0.99
DB01_to_DK02#alt2,2,37,500.0,3050.0,0.503,0.99
DB01_to_DK02#alt2,2,38,550.0,3100.0,0.5483,0.99
DB01_to_DK02#alt2,2,39,550.0,3150.0,0.6241,0.99
DB01_to_DK02#alt2,2,40,550.0,3200.0,0.6889,0.99
DB01_to_DK02#alt2,2,41,550.0,3250.0,0.79,0.99
DB01_to_DK02#alt2,2,42,550.0,3300.0,0.8465,0.99
DB01_to_DK02#alt2,2,43,550.0,3350.0,0.8465,0.99
DB01_to_DK02#alt2,2,44,550.0,3400.0,0.8465,0.4099
DB01_to_DK02#alt2,2,45,550.0,3450.0,0.8465,0.3768
DB01_to_DK02#alt2,2,46,550.0,3500.0,0.8465,0.3096
DB01_to_DK02#alt2,2,47,550.0,3550.0,0.8465,0.2775
DB01_to_DK02#alt2,2,48,500.0,3600.0,0.8465,0.2728
DB01_to_DK02#alt2,2,49,450.0,3650.0,0.8465,0.2709
DB01_to_DK02#alt2,2,50,400.0,3700.0,0.8465,0.2605
DB01_to_DK02#alt2,2,51,350.0,3750.0,0.7165,0.99
DB01_to_DK02#alt2,2,52,300.0,3800.0,0.6065,0.99
DB01_to_DK02#alt2,2,53,300.0,3850.0,0.5134,0.3644
DB01_to_DK02#alt2,2,54,300.0,3900.0,0.4346,0.5115
DB01_to_DK02#alt2,2,55,300.0,3950.0,0.3679,0.5814
DB01_to_DK02#alt2,2,56,300.0,4000.0,0.3114,0.6387
DB01_to_DK06#alt0,0,0,1350.0,1450.0,0.7165,0.5483
DB01_to_DK06#alt0,0,1,1400.0,1500.0,0.79,0.6635
DB01_to_DK06#alt0,0,2,1450.0,1550.0,0.8465,0.6194
DB01_to_DK06#alt0,0,3,1500.0,1600.0,0.8465,0.99
DB01_to_DK06#alt0,0,4,1550.0,1650.0,0.79,0.99
DB01_to_DK06#alt0,0,5,1550.0,1700.0,0.8465,0.312
DB01_to_DK06#alt0,0,6,1550.0,1750.0,0.8465,0.2814
DB01_to_DK06#alt0,0,7,1550.0,1800.0,0.8465,0.2582
DB01_to_DK06#alt0,0,8,1550.0,1850.0,0.8465,0.2383
DB01_to_DK06#alt0,0,9,1550.0,1900.0,0.8465,0.1951
DB01_to_DK06#alt0,0,10,1550.0,1950.0,0.8465,0.1694
DB01_to_DK06#alt0,0,11,1500.0,2000.0,0.8465,0.1642
DB01_to_DK06#alt0,0,12,1500.0,2050.0,0.8465,0.99
DB01_to_DK06#alt0,0,13,1450.0,2100.0,0.8465,0.99
DB01_to_DK06#alt0,0,14,1400.0,2150.0,0.79,0.99
DB01_to_DK06#alt0,0,15,1350.0,2200.0,0.7165,0.99
DB01_to_DK06#alt0,0,16,1300.0,2250.0,0.7165,0.99
DB01_to_DK06#alt0,0,17,1250.0,2300.0,0.79,0.99
DB01_to_DK06#alt0,0,18,1200.0,2350.0,0.8465,0.99
DB01_to_DK06#alt0,0,19,1150.0,2400.0,0.8465,0.99
DB01_to_DK06#alt0,0,20,1100.0,2450.0,0.8465,0.99
DB01_to_DK06#alt0,0,21,1050.0,2500.0,0.79,0.99
DB01_to_DK06#alt0,0,22,1000.0,2550.0,0.7165,0.99
DB01_to_DK06#alt0,0,23,1000.0,2600.0,0.6065,0.99
DB01_to_DK06#alt0,0,24,1000.0,2650.0,0.5134,0.0171
DB01_to_DK06#alt0,0,25,1000.0,2700.0,0.6065,0.0349
DB01_to_DK06#alt0,0,26,1050.0,2750.0,0.7165,0.0287
DB01_to_DK06#alt0,0,27,1100.0,2800.0,0.8465,0.0208
DB01_to_DK06#alt0,0,28,1150.0,2850.0,0.8465,0.0142
DB01_to_DK06#alt0,0,29,1200.0,2900.0,0.8465,0.0147
DB01_to_DK06#alt0,0,30,1250.0,2950.0,0.79,0.0288
DB01_to_DK06#alt0,0,31,1300.0,3000.0,0.7165,0.0596
DB01_to_DK06#alt0,0,32,1350.0,3050.0,0.6241,0.1125
DB01_to_DK06#alt0,0,33,1350.0,3100.0,0.6889,0.2143
DB01_to_DK06#alt0,0,34,1350.0,3150.0,0.79,0.2739
DB01_to_DK06#alt0,0,35,1350.0,3200.0,0.8465,0.3319
DB01_to_DK06#alt0,0,36,1400.0,3250.0,0.8465,0.4503
DB01_to_DK06#alt0,0,37,1450.0,3300.0,0.8465,0.4781
DB01_to_DK06#alt0,0,38,1500.0,3350.0,0.7165,0.4295
DB01_to_DK06#alt0,0,39,1500.0,3400.0,0.6065,0.3892
DB01_to_DK06#alt0,0,40,1500.0,3450.0,0.5134,0.99
DB01_to_DK06#alt0,0,41,1500.0,3500.0,0.4346,0.99
DB01_to_DK06#alt0,0,42,1500.0,3550.0,0.3679,0.2163
DB01_to_DK06#alt0,0,43,1500.0,3600.0,0.3114,0.1954
DB01_to_DK06#alt0,0,44,1500.0,3650.0,0.2972,0.1862
DB01_to_DK06#alt0,0,45,1500.0,3700.0,0.3485,0.1907
DB01_to_DK06#alt0,0,46,1500.0,3750.0,0.4076,0.1963
DB01_to_DK06#alt0,0,47,1500.0,3800.0,0.4746,0.1995
DB01_to_DK06#alt0,0,48,1500.0,3850.0,0.5483,0.1992
DB01_to_DK06#alt0,0,49,1500.0,3900.0,0.6241,0.1981
DB01_to_DK06#alt0,0,50,1500.0,3950.0,0.6889,0.208
DB01_to_DK06#alt0,0,51,1500.0,4000.0,0.79,0.2339
DB01_to_DK06#alt0,0,52,1500.0,4050.0,0.8465,0.2808
DB01_to_DK06#alt0,0,53,1500.0,4100.0,0.8465,0.4382
DB01_to_DK06#alt0,0,54,1500.0,4150.0,0.79,0.5355
DB01_to_DK06#alt0,0,55,1500.0,4200.0,0.79,0.6286
DB01_to_DK06#alt0,0,56,1500.0,4250.0,0.8465,0.7021
DB01_to_DK06#alt0,0,57,1500.0,4300.0,0.8465,0.7424
DB01_to_DK06#alt1,1,0,1350.0,1450.0,0.7165,0.5483
DB01_to_DK06#alt1,1,1,1400.0,1500.0,0.79,0.6635
DB01_to_DK06#alt1,1,2,1450.0,1550.0,0.8465,0.6194
DB01_to_DK06#alt1,1,3,1500.0,1600.0,0.8465,0.99
DB01_to_DK06#alt1,1,4,1550.0,1650.0,0.79,0.99
DB01_to_DK06#alt1,1,5,1550.0,1700.0,0.8465,0.312
DB01_to_DK06#alt1,1,6,1550.0,1750.0,0.8465,0.2814
DB01_to_DK06#alt1,1,7,1550.0,1800.0,0.8465,0.2582
DB01_to_DK06#alt1,1,8,1550.0,1850.0,0.8465,0.2383
DB01_to_DK06#alt1,1,9,1550.0,1900.0,0.8465,0.1951
DB01_to_DK06#alt1,1,10,1600.0,1950.0,0.7165,0.1201
DB01_to_DK06#alt1,1,11,1650.0,2000.0,0.5903,0.1007
DB01_to_DK06#alt1,1,12,1700.0,2050.0,0.6241,0.0937
DB01_to_DK06#alt1,1,13,1650.0,2100.0,0.6241,0.99
DB01_to_DK06#alt1,1,14,1650.0,2150.0,0.6889,0.99
DB01_to_DK06#alt1,1,15,1600.0,2200.0,0.6065,0.99
DB01_to_DK06#alt1,1,16,1550.0,2250.0,0.5134,0.99
DB01_to_DK06#alt1,1,17,1500.0,2300.0,0.5903,0.99
DB01_to_DK06#alt1,1,18,1450.0,2350.0,0.6241,0.99
DB01_to_DK06#alt1,1,19,1400.0,2400.0,0.7165,0.99
DB01_to_DK06#alt1,1,20,1350.0,2450.0,0.79,0.99
DB01_to_DK06#alt1,1,21,1300.0,2500.0,0.8465,0.99
DB01_to_DK06#alt1,1,22,1250.0,2550.0,0.8465,0.99
DB01_to_DK06#alt1,1,23,1200.0,2600.0,0.8465,0.99
DB01_to_DK06#alt1,1,24,1200.0,2650.0,0.8465,0.99
DB01_to_DK06#alt1,1,25,1200.0,2700.0,0.8465,0.99
DB01_to_DK06#alt1,1,26,1200.0,2750.0,0.8465,0.99
DB01_to_DK06#alt1,1,27,1250.0,2800.0,0.8465,0.99
DB01_to_DK06#alt1,1,28,1250.0,2850.0,0.79,0.0071
DB01_to_DK06#alt1,1,29,1250.0,2900.0,0.7165,0.018
DB01_to_DK06#alt1,1,30,1250.0,2950.0,0.79,0.0288
DB01_to_DK06#alt1,1,31,1250.0,3000.0,0.8465,0.0452
DB01_to_DK06#alt1,1,32,1200.0,3050.0,0.8465,0.99
DB01_to_DK06#alt1,1,33,1200.0,3100.0,0.8465,0.99
DB01_to_DK06#alt1,1,34,1200.0,3150.0,0.79,0.99
DB01_to_DK06#alt1,1,35,1200.0,3200.0,0.8465,0.99
DB01_to_DK06#alt1,1,36,1200.0,3250.0,0.8465,0.99
DB01_to_DK06#alt1,1,37,1200.0,3300.0,0.8465,0.99
DB01_to_DK06#alt1,1,38,1200.0,3350.0,0.8465,0.99
DB01_to_DK06#alt1,1,39,1200.0,3400.0,0.8465,0.99
DB01_to_DK06#alt1,1,40,1150.0,3450.0,0.8465,0.99
DB01_to_DK06#alt1,1,41,1100.0,3500.0,0.8465,0.99
DB01_to_DK06#alt1,1,42,1050.0,3550.0,0.8465,0.99
DB01_to_DK06#alt1,1,43,1050.0,3600.0,0.7165,0.99
DB01_to_DK06#alt1,1,44,1050.0,3650.0,0.6065,0.99
DB01_to_DK06#alt1,1,45,1050.0,3700.0,0.5134,0.99
DB01_to_DK06#alt1,1,46,1100.0,3750.0,0.4275,0.99
DB01_to_DK06#alt1,1,47,1050.0,3800.0,0.3679,0.99
DB01_to_DK06#alt1,1,48,1050.0,3850.0,0.344,0.99
DB01_to_DK06#alt1,1,49,1050.0,3900.0,0.3784,0.99
DB01_to_DK06#alt1,1,50,1100.0,3950.0,0.4746,0.99
DB01_to_DK06#alt1,1,51,1150.0,4000.0,0.5903,0.99
DB01_to_DK06#alt1,1,52,1200.0,4050.0,0.7165,0.99
DB01_to_DK06#alt1,1,53,1250.0,4100.0,0.8465,0.99
DB01_to_DK06#alt1,1,54,1300.0,4150.0,0.8465,0.99
DB01_to_DK06#alt1,1,55,1350.0,4200.0,0.8465,0.99
DB01_to_DK06#alt1,1,56,1400.0,4250.0,0.7165,0.4686
DB01_to_DK06#alt1,1,57,1450.0,4300.0,0.7165,0.6212
DB01_to_DK06#alt1,1,58,1500.0,4300.0,0.8465,0.7424
DB01_to_DK06#alt2,2,0,1350.0,1450.0,0.7165,0.5483
DB01_to_DK06#alt2,2,1,1300.0,1500.0,0.8465,0.5516
DB01_to_DK06#alt2,2,2,1250.0,1500.0,0.8465,0.4788
DB01_to_DK06#alt2,2,3,1200.0,1500.0,0.8465,0.4034
DB01_to_DK06#alt2,2,4,1150.0,1450.0,0.7165,0.99
DB01_to_DK06#alt2,2,5,1100.0,1450.0,0.7165,0.99
DB01_to_DK06#alt2,2,6,1050.0,1450.0,0.6889,0.99
DB01_to_DK06#alt2,2,7,1000.0,1450.0,0.6241,0.99
DB01_to_DK06#alt2,2,8,950.0,1450.0,0.5903,0.99
DB01_to_DK06#alt2,2,9,900.0,1450.0,0.5483,0.99
DB01_to_DK06#alt2,2,10,850.0,1450.0,0.4931,0.99
DB01_to_DK06#alt2,2,11,800.0,1500.0,0.4746,0.2831
DB01_to_DK06#alt2,2,12,750.0,1550.0,0.4346,0.3418
DB01_to_DK06#alt2,2,13,700.0,1600.0,0.4076,0.3434
DB01_to_DK06#alt2,2,14,650.0,1650.0,0.4346,0.3233
DB01_to_DK06#alt2,2,15,600.0,1700.0,0.4746,0.2296
DB01_to_DK06#alt2,2,16,550.0,1750.0,0.4931,0.2027
DB01_to_DK06#alt2,2,17,500.0,1800.0,0.4931,0.1537
DB01_to_DK06#alt2,2,18,450.0,1850.0,0.4746,0.99
DB01_to_DK06#alt2,2,19,400.0,1900.0,0.4346,0.99
DB01_to_DK06#alt2,2,20,350.0,1950.0,0.4076,0.99
DB01_to_DK06#alt2,2,21,300.0,2000.0,0.3628,0.99
DB01_to_DK06#alt2,2,22,250.0,2050.0,0.3114,0.99
DB01_to_DK06#alt2,2,23,200.0,2100.0,0.2636,0.0004
DB01_to_DK06#alt2,2,24,150.0,2150.0,0.2231,0.0001
DB01_to_DK06#alt2,2,25,100.0,2200.0,0.1889,0.99
DB01_to_DK06#alt2,2,26,50.0,2250.0,0.1599,0.99
DB01_to_DK06#alt2,2,27,0.0,2300.0,0.1353,0.99
DB01_to_DK06#alt2,2,28,0.0,2350.0,0.1344,0.99
DB01_to_DK06#alt2,2,29,0.0,2400.0,0.1317,0.99
DB01_to_DK06#alt2,2,30,0.0,2450.0,0.1273,0.99
DB01_to_DK06#alt2,2,31,0.0,2500.0,0.1215,0.99
DB01_to_DK06#alt2,2,32,0.0,2550.0,0.1146,0.99
DB01_to_DK06#alt2,2,33,0.0,2600.0,0.1215,0.99
DB01_to_DK06#alt2,2,34,0.0,2650.0,0.1422,0.99
DB01_to_DK06#alt2,2,35,0.0,2700.0,0.1661,0.99
DB01_to_DK06#alt2,2,36,0.0,2750.0,0.1937,0.99
DB01_to_DK06#alt2,2,37,0.0,2800.0,0.2252,0.99
DB01_to_DK06#alt2,2,38,0.0,2850.0,0.2609,0.99
DB01_to_DK06#alt2,2,39,0.0,2900.0,0.3006,0.99
DB01_to_DK06#alt2,2,40,0.0,2950.0,0.344,0.99
DB01_to_DK06#alt2,2,41,0.0,3000.0,0.3895,0.99
DB01_to_DK06#alt2,2,42,0.0,3050.0,0.4346,0.99
DB01_to_DK06#alt2,2,43,0.0,3100.0,0.4931,0.99
DB01_to_DK06#alt2,2,44,0.0,3150.0,0.5483,0.99
DB01_to_DK06#alt2,2,45,0.0,3200.0,0.6241,0.99
DB01_to_DK06#alt2,2,46,0.0,3250.0,0.6889,0.99
DB01_to_DK06#alt2,2,47,0.0,3300.0,0.7165,0.99
DB01_to_DK06#alt2,2,48,0.0,3350.0,0.79,0.99
DB01_to_DK06#alt2,2,49,0.0,3400.0,0.8465,0.99
DB01_to_DK06#alt2,2,50,0.0,3450.0,0.8465,0.99
DB01_to_DK06#alt2,2,51,0.0,3500.0,0.79,0.99
DB01_to_DK06#alt2,2,52,0.0,3550.0,0.7165,0.99
DB01_to_DK06#alt2,2,53,0.0,3600.0,0.6889,0.99
DB01_to_DK06#alt2,2,54,0.0,3650.0,0.6241,0.99
DB01_to_DK06#alt2,2,55,0.0,3700.0,0.5483,0.99
DB01_to_DK06#alt2,2,56,0.0,3750.0,0.4931,0.99
DB01_to_DK06#alt2,2,57,0.0,3800.0,0.4346,0.99
DB01_to_DK06#alt2,2,58,0.0,3850.0,0.3895,0.99
DB01_to_DK06#alt2,2,59,0.0,3900.0,0.344,0.99
DB01_to_DK06#alt2,2,60,0.0,3950.0,0.3006,0.99
DB01_to_DK06#alt2,2,61,0.0,4000.0,0.2609,0.99
DB01_to_DK06#alt2,2,62,0.0,4050.0,0.2252,0.99
DB01_to_DK06#alt2,2,63,0.0,4100.0,0.1937,0.99
DB01_to_DK06#alt2,2,64,0.0,4150.0,0.1661,0.99
DB01_to_DK06#alt2,2,65,0.0,4200.0,0.1422,0.99
DB01_to_DK06#alt2,2,66,0.0,4250.0,0.1215,0.99
DB01_to_DK06#alt2,2,67,0.0,4300.0,0.1036,0.99
DB01_to_DK06#alt2,2,68,0.0,4350.0,0.0883,0.99
DB01_to_DK06#alt2,2,69,0.0,4400.0,0.0752,0.99
DB01_to_DK06#alt2,2,70,0.0,4450.0,0.064,0.99
DB01_to_DK06#alt2,2,71,0.0,4500.0,0.0544,0.99
DB01_to_DK06#alt2,2,72,0.0,4550.0,0.0463,0.99
DB01_to_DK06#alt2,2,73,50.0,4600.0,0.0563,0.99
DB01_to_DK06#alt2,2,74,100.0,4650.0,0.0681,0.99
DB01_to_DK06#alt2,2,75,150.0,4700.0,0.0816,0.99
DB01_to_DK06#alt2,2,76,200.0,4750.0,0.097,0.99
DB01_to_DK06#alt2,2,77,250.0,4800.0,0.1138,0.99
DB01_to_DK06#alt2,2,78,300.0,4850.0,0.1317,0.99
DB01_to_DK06#alt2,2,79,350.0,4900.0,0.1495,0.99
DB01_to_DK06#alt2,2,80,400.0,4950.0,0.1661,0.99
DB01_to_DK06#alt2,2,81,450.0,5000.0,0.1798,0.99
DB01_to_DK06#alt2,2,82,500.0,5000.0,0.2076,0.99
DB01_to_DK06#alt2,2,83,550.0,5000.0,0.2407,0.99
DB01_to_DK06#alt2,2,84,600.0,4950.0,0.3006,0.99
DB01_to_DK06#alt2,2,85,650.0,4950.0,0.3485,0.99
DB01_to_DK06#alt2,2,86,700.0,4950.0,0.4076,0.99
DB01_to_DK06#alt2,2,87,750.0,4950.0,0.4746,0.99
DB01_to_DK06#alt2,2,88,800.0,4900.0,0.5903,0.99
DB01_to_DK06#alt2,2,89,850.0,4900.0,0.6889,0.99
DB01_to_DK06#alt2,2,90,900.0,4900.0,0.79,0.99
DB01_to_DK06#alt2,2,91,950.0,4900.0,0.8465,0.99
DB01_to_DK06#alt2,2,92,1000.0,4900.0,0.8465,0.99
DB01_to_DK06#alt2,2,93,1050.0,4900.0,0.8465,0.99
DB01_to_DK06#alt2,2,94,1100.0,4900.0,0.8465,0.99
DB01_to_DK06#alt2,2,95,1150.0,4850.0,0.8465,0.99
DB01_to_DK06#alt2,2,96,1200.0,4800.0,0.8465,0.99
DB01_to_DK06#alt2,2,97,1250.0,4750.0,0.7165,0.99
DB01_to_DK06#alt2,2,98,1300.0,4700.0,0.6065,0.99
DB01_to_DK06#alt2,2,99,1350.0,4650.0,0.5134,0.99
DB01_to_DK06#alt2,2,100,1400.0,4600.0,0.6065,0.1119
DB01_to_DK06#alt2,2,101,1450.0,4550.0,0.7165,0.1926
DB01_to_DK06#alt2,2,102,1450.0,4500.0,0.7165,0.2691
DB01_to_DK06#alt2,2,103,1450.0,4450.0,0.7165,0.446
DB01_to_DK06#alt2,2,104,1500.0,4400.0,0.8465,0.6242
DB01_to_DK06#alt2,2,105,1500.0,4350.0,0.8465,0.7006
DB01_to_DK06#alt2,2,106,1500.0,4300.0,0.8465,0.7424
DB01_to_DK05#alt0,0,0,1350.0,1450.0,0.7165,0.5483
DB01_to_DK05#alt0,0,1,1400.0,1500.0,0.79,0.6635
DB01_to_DK05#alt0,0,2,1450.0,1550.0,0.8465,0.6194
DB01_to_DK05#alt0,0,3,1500.0,1600.0,0.8465,0.99
DB01_to_DK05#alt0,0,4,1550.0,1650.0,0.79,0.99
DB01_to_DK05#alt0,0,5,1550.0,1700.0,0.8465,0.312
DB01_to_DK05#alt0,0,6,1550.0,1750.0,0.8465,0.2814
DB01_to_DK05#alt0,0,7,1550.0,1800.0,0.8465,0.2582
DB01_to_DK05#alt0,0,8,1550.0,1850.0,0.8465,0.2383
DB01_to_DK05#alt0,0,9,1550.0,1900.0,0.8465,0.1951
DB01_to_DK05#alt0,0,10,1550.0,1950.0,0.8465,0.1694
DB01_to_DK05#alt0,0,11,1500.0,2000.0,0.8465,0.1642
DB01_to_DK05#alt0,0,12,1500.0,2050.0,0.8465,0.99
DB01_to_DK05#alt0,0,13,1450.0,2100.0,0.8465,0.99
DB01_to_DK05#alt0,0,14,1400.0,2150.0,0.79,0.99
DB01_to_DK05#alt0,0,15,1350.0,2200.0,0.7165,0.99
DB01_to_DK05#alt0,0,16,1300.0,2250.0,0.7165,0.99
DB01_to_DK05#alt0,0,17,1250.0,2300.0,0.79,0.99
DB01_to_DK05#alt0,0,18,1200.0,2350.0,0.8465,0.99
DB01_to_DK05#alt0,0,19,1150.0,2400.0,0.8465,0.99
DB01_to_DK05#alt0,0,20,1100.0,2450.0,0.8465,0.99
DB01_to_DK05#alt0,0,21,1050.0,2500.0,0.79,0.99
DB01_to_DK05#alt0,0,22,1000.0,2550.0,0.7165,0.99
DB01_to_DK05#alt0,0,23,950.0,2600.0,0.6065,0.0216
DB01_to_DK05#alt0,0,24,900.0,2650.0,0.5134,0.0441
DB01_to_DK05#alt0,0,25,850.0,2700.0,0.5903,0.99
DB01_to_DK05#alt0,0,26,800.0,2750.0,0.6241,0.99
DB01_to_DK05#alt0,0,27,800.0,2800.0,0.6889,0.99
DB01_to_DK05#alt0,0,28,800.0,2850.0,0.79,0.245
DB01_to_DK05#alt0,0,29,750.0,2900.0,0.7165,0.3581
DB01_to_DK05#alt0,0,30,750.0,2950.0,0.7165,0.3907
DB01_to_DK05#alt0,0,31,750.0,3000.0,0.7165,0.42
DB01_to_DK05#alt0,0,32,750.0,3050.0,0.7165,0.449
DB01_to_DK05#alt0,0,33,750.0,3100.0,0.7165,0.5156
DB01_to_DK05#alt0,0,34,750.0,3150.0,0.6889,0.5513
DB01_to_DK05#alt0,0,35,750.0,3200.0,0.79,0.5819
DB01_to_DK05#alt0,0,36,750.0,3250.0,0.8465,0.5995
DB01_to_DK05#alt0,0,37,750.0,3300.0,0.8465,0.5681
DB01_to_DK05#alt0,0,38,750.0,3350.0,0.8465,0.99
DB01_to_DK05#alt0,0,39,800.0,3400.0,0.8465,0.99
DB01_to_DK05#alt0,0,40,800.0,3450.0,0.8465,0.99
DB01_to_DK05#alt0,0,41,850.0,3500.0,0.8465,0.99
DB01_to_DK05#alt0,0,42,900.0,3550.0,0.79,0.99
DB01_to_DK05#alt0,0,43,900.0,3600.0,0.6889,0.99
DB01_to_DK05#alt0,0,44,900.0,3650.0,0.5903,0.99
DB01_to_DK05#alt0,0,45,900.0,3700.0,0.503,0.99
DB01_to_DK05#alt0,0,46,900.0,3750.0,0.4275,0.99
DB01_to_DK05#alt0,0,47,850.0,3800.0,0.3485,0.99
DB01_to_DK05#alt0,0,48,850.0,3850.0,0.2972,0.99
DB01_to_DK05#alt0,0,49,850.0,3900.0,0.253,0.99
DB01_to_DK05#alt0,0,50,850.0,3950.0,0.2151,0.99
DB01_to_DK05#alt0,0,51,850.0,4000.0,0.2211,0.99
DB01_to_DK05#alt0,0,52,850.0,4050.0,0.2231,0.99
DB01_to_DK05#alt0,0,53,850.0,4100.0,0.2231,0.99
DB01_to_DK05#alt0,0,54,800.0,4150.0,0.1873,0.99
DB01_to_DK05#alt0,0,55,750.0,4200.0,0.1937,0.99
DB01_to_DK05#alt0,0,56,700.0,4250.0,0.2076,0.99
DB01_to_DK05#alt0,0,57,650.0,4300.0,0.2151,0.99
DB01_to_DK05#alt0,0,58,650.0,4350.0,0.2431,0.99
DB01_to_DK05#alt0,0,59,650.0,4400.0,0.2721,0.9156
DB01_to_DK05#alt0,0,60,650.0,4450.0,0.3006,0.9489
DB01_to_DK05#alt0,0,61,650.0,4500.0,0.3269,0.8844
DB01_to_DK05#alt1,1,0,1350.0,1450.0,0.7165,0.5483
DB01_to_DK05#alt1,1,1,1300.0,1400.0,0.6065,0.99
DB01_to_DK05#alt1,1,2,1250.0,1350.0,0.5134,0.99
DB01_to_DK05#alt1,1,3,1200.0,1300.0,0.4346,0.99
DB01_to_DK05#alt1,1,4,1150.0,1250.0,0.3679,0.99
DB01_to_DK05#alt1,1,5,1100.0,1250.0,0.3679,0.99
DB01_to_DK05#alt1,1,6,1050.0,1250.0,0.3628,0.99
DB01_to_DK05#alt1,1,7,1000.0,1250.0,0.3485,0.99
DB01_to_DK05#alt1,1,8,950.0,1250.0,0.3269,0.99
DB01_to_DK05#alt1,1,9,900.0,1250.0,0.3006,0.99
DB01_to_DK05#alt1,1,10,850.0,1250.0,0.281,0.99
DB01_to_DK05#alt1,1,11,800.0,1300.0,0.3006,0.99
DB01_to_DK05#alt1,1,12,750.0,1350.0,0.3077,0.2853
DB01_to_DK05#alt1,1,13,700.0,1400.0,0.3006,0.3573
DB01_to_DK05#alt1,1,14,650.0,1450.0,0.281,0.4195
DB01_to_DK05#alt1,1,15,600.0,1500.0,0.2609,0.4544
DB01_to_DK05#alt1,1,16,550.0,1550.0,0.281,0.4596
DB01_to_DK05#alt1,1,17,500.0,1600.0,0.3006,0.4247
DB01_to_DK05#alt1,1,18,450.0,1650.0,0.3077,0.3698
DB01_to_DK05#alt1,1,19,400.0,1700.0,0.3077,0.2487
DB01_to_DK05#alt1,1,20,350.0,1750.0,0.3006,0.1441
DB01_to_DK05#alt1,1,21,300.0,1800.0,0.281,0.99
DB01_to_DK05#alt1,1,22,250.0,1850.0,0.2609,0.99
DB01_to_DK05#alt1,1,23,200.0,1900.0,0.2407,0.99
DB01_to_DK05#alt1,1,24,200.0,1950.0,0.253,0.99
DB01_to_DK05#alt1,1,25,200.0,2000.0,0.2609,0.99
DB01_to_DK05#alt1,1,26,200.0,2050.0,0.2636,0.99
DB01_to_DK05#alt1,1,27,200.0,2100.0,0.2636,0.0004
DB01_to_DK05#alt1,1,28,200.0,2150.0,0.2636,0.0002
DB01_to_DK05#alt1,1,29,200.0,2200.0,0.2636,0.0001
DB01_to_DK05#alt1,1,30,200.0,2250.0,0.2636,0.0001
DB01_to_DK05#alt1,1,31,200.0,2300.0,0.2636,0.99
DB01_to_DK05#alt1,1,32,200.0,2350.0,0.2609,0.99
DB01_to_DK05#alt1,1,33,200.0,2400.0,0.253,0.99
DB01_to_DK05#alt1,1,34,200.0,2450.0,0.2407,0.99
DB01_to_DK05#alt1,1,35,200.0,2500.0,0.2252,0.99
DB01_to_DK05#alt1,1,36,200.0,2550.0,0.2076,0.99
DB01_to_DK05#alt1,1,37,200.0,2600.0,0.1889,0.99
DB01_to_DK05#alt1,1,38,200.0,2650.0,0.17,0.99
DB01_to_DK05#alt1,1,39,200.0,2700.0,0.1889,0.99
DB01_to_DK05#alt1,1,40,200.0,2750.0,0.2231,0.99
DB01_to_DK05#alt1,1,41,200.0,2800.0,0.2636,0.99
DB01_to_DK05#alt1,1,42,200.0,2850.0,0.3114,0.99
DB01_to_DK05#alt1,1,43,200.0,2900.0,0.3679,0.99
DB01_to_DK05#alt1,1,44,250.0,2950.0,0.4346,0.99
DB01_to_DK05#alt1,1,45,250.0,3000.0,0.5134,0.99
DB01_to_DK05#alt1,1,46,300.0,3050.0,0.6065,0.99
DB01_to_DK05#alt1,1,47,350.0,3100.0,0.7165,0.99
DB01_to_DK05#alt1,1,48,400.0,3150.0,0.79,0.99
DB01_to_DK05#alt1,1,49,450.0,3200.0,0.8465,0.99
DB01_to_DK05#alt1,1,50,500.0,3250.0,0.8465,0.99
DB01_to_DK05#alt1,1,51,550.0,3300.0,0.8465,0.99
DB01_to_DK05#alt1,1,52,550.0,3350.0,0.8465,0.99
DB01_to_DK05#alt1,1,53,550.0,3400.0,0.8465,0.4099
DB01_to_DK05#alt1,1,54,550.0,3450.0,0.8465,0.3768
DB01_to_DK05#alt1,1,55,550.0,3500.0,0.8465,0.3096
DB01_to_DK05#alt1,1,56,550.0,3550.0,0.8465,0.2775
DB01_to_DK05#alt1,1,57,500.0,3600.0,0.8465,0.2728
DB01_to_DK05#alt1,1,58,500.0,3650.0,0.79,0.2484
DB01_to_DK05#alt1,1,59,500.0,3700.0,0.6889,0.2076
DB01_to_DK05#alt1,1,60,500.0,3750.0,0.6241,0.1996
DB01_to_DK05#alt1,1,61,500.0,3800.0,0.5483,0.204
DB01_to_DK05#alt1,1,62,500.0,3850.0,0.4746,0.2214
DB01_to_DK05#alt1,1,63,550.0,3900.0,0.3784,0.99
DB01_to_DK05#alt1,1,64,600.0,3950.0,0.3006,0.99
DB01_to_DK05#alt1,1,65,600.0,4000.0,0.2609,0.99
DB01_to_DK05#alt1,1,66,600.0,4050.0,0.2252,0.99
DB01_to_DK05#alt1,1,67,600.0,4100.0,0.1937,0.99
DB01_to_DK05#alt1,1,68,650.0,4150.0,0.1551,0.99
DB01_to_DK05#alt1,1,69,650.0,4200.0,0.1648,0.99
DB01_to_DK05#alt1,1,70,650.0,4250.0,0.1889,0.99
DB01_to_DK05#alt1,1,71,650.0,4300.0,0.2151,0.99
DB01_to_DK05#alt1,1,72,650.0,4350.0,0.2431,0.99
DB01_to_DK05#alt1,1,73,650.0,4400.0,0.2721,0.9156
DB01_to_DK05#alt1,1,74,650.0,4450.0,0.3006,0.9489
DB01_to_DK05#alt1,1,75,650.0,4500.0,0.3269,0.8844
DB01_to_DK05#alt2,2,0,1350.0,1450.0,0.7165,0.5483
DB01_to_DK05#alt2,2,1,1300.0,1500.0,0.8465,0.5516
DB01_to_DK05#alt2,2,2,1250.0,1500.0,0.8465,0.4788
DB01_to_DK05#alt2,2,3,1200.0,1500.0,0.8465,0.4034
DB01_to_DK05#alt2,2,4,1150.0,1500.0,0.8465,0.99
DB01_to_DK05#alt2,2,5,1100.0,1500.0,0.8465,0.99
DB01_to_DK05#alt2,2,6,1050.0,1550.0,0.8465,0.2554
DB01_to_DK05#alt2,2,7,1000.0,1550.0,0.8465,0.2484
DB01_to_DK05#alt2,2,8,950.0,1600.0,0.8465,0.2701
DB01_to_DK05#alt2,2,9,900.0,1650.0,0.79,0.2679
DB01_to_DK05#alt2,2,10,850.0,1700.0,0.7165,0.2043
DB01_to_DK05#alt2,2,11,800.0,1750.0,0.7165,0.99
DB01_to_DK05#alt2,2,12,750.0,1800.0,0.79,0.99
DB01_to_DK05#alt2,2,13,700.0,1850.0,0.8465,0.0701
DB01_to_DK05#alt2,2,14,650.0,1900.0,0.8465,0.0279
DB01_to_DK05#alt2,2,15,600.0,1950.0,0.8465,0.0175
DB01_to_DK05#alt2,2,16,550.0,2000.0,0.79,0.99
DB01_to_DK05#alt2,2,17,550.0,2050.0,0.8465,0.99
DB01_to_DK05#alt2,2,18,550.0,2100.0,0.8465,0.0013
DB01_to_DK05#alt2,2,19,550.0,2150.0,0.8465,0.0006
DB01_to_DK05#alt2,2,20,550.0,2200.0,0.8465,0.0003
DB01_to_DK05#alt2,2,21,550.0,2250.0,0.8465,0.0003
DB01_to_DK05#alt2,2,22,550.0,2300.0,0.8465,0.0003
DB01_to_DK05#alt2,2,23,600.0,2350.0,0.8465,0.0005
DB01_to_DK05#alt2,2,24,600.0,2400.0,0.79,0.0009
DB01_to_DK05#alt2,2,25,600.0,2450.0,0.6889,0.0019
DB01_to_DK05#alt2,2,26,600.0,2500.0,0.6241,0.0074
DB01_to_DK05#alt2,2,27,600.0,2550.0,0.5483,0.99
DB01_to_DK05#alt2,2,28,600.0,2600.0,0.4931,0.024
DB01_to_DK05#alt2,2,29,600.0,2650.0,0.4346,0.0395
DB01_to_DK05#alt2,2,30,600.0,2700.0,0.3784,0.0907
DB01_to_DK05#alt2,2,31,600.0,2750.0,0.3784,0.1268
DB01_to_DK05#alt2,2,32,650.0,2800.0,0.4746,0.1973
DB01_to_DK05#alt2,2,33,700.0,2850.0,0.5903,0.2684
DB01_to_DK05#alt2,2,34,750.0,2900.0,0.7165,0.3581
DB01_to_DK05#alt2,2,35,750.0,2950.0,0.7165,0.3907
DB01_to_DK05#alt2,2,36,750.0,3000.0,0.7165,0.42
DB01_to_DK05#alt2,2,37,750.0,3050.0,0.7165,0.449
DB01_to_DK05#alt2,2,38,750.0,3100.0,0.7165,0.5156
DB01_to_DK05#alt2,2,39,750.0,3150.0,0.6889,0.5513
DB01_to_DK05#alt2,2,40,750.0,3200.0,0.79,0.5819
DB01_to_DK05#alt2,2,41,750.0,3250.0,0.8465,0.5995
DB01_to_DK05#alt2,2,42,750.0,3300.0,0.8465,0.5681
DB01_to_DK05#alt2,2,43,750.0,3350.0,0.8465,0.99
DB01_to_DK05#alt2,2,44,800.0,3400.0,0.8465,0.99
DB01_to_DK05#alt2,2,45,800.0,3450.0,0.8465,0.99
DB01_to_DK05#alt2,2,46,850.0,3500.0,0.8465,0.99
DB01_to_DK05#alt2,2,47,900.0,3550.0,0.79,0.99
DB01_to_DK05#alt2,2,48,900.0,3600.0,0.6889,0.99
DB01_to_DK05#alt2,2,49,900.0,3650.0,0.5903,0.99
DB01_to_DK05#alt2,2,50,900.0,3700.0,0.503,0.99
DB01_to_DK05#alt2,2,51,850.0,3750.0,0.4076,0.99
DB01_to_DK05#alt2,2,52,850.0,3800.0,0.3485,0.99
DB01_to_DK05#alt2,2,53,850.0,3850.0,0.2972,0.99
DB01_to_DK05#alt2,2,54,850.0,3900.0,0.253,0.99
DB01_to_DK05#alt2,2,55,850.0,3950.0,0.2151,0.99
DB01_to_DK05#alt2,2,56,850.0,4000.0,0.2211,0.99
DB01_to_DK05#alt2,2,57,850.0,4050.0,0.2231,0.99
DB01_to_DK05#alt2,2,58,850.0,4100.0,0.2231,0.99
DB01_to_DK05#alt2,2,59,850.0,4150.0,0.2211,0.99
DB01_to_DK05#alt2,2,60,850.0,4200.0,0.2151,0.99
DB01_to_DK05#alt2,2,61,850.0,4250.0,0.253,0.99
DB01_to_DK05#alt2,2,62,850.0,4300.0,0.2972,0.5556
DB01_to_DK05#alt2,2,63,850.0,4350.0,0.3485,0.62
DB01_to_DK05#alt2,2,64,850.0,4400.0,0.4076,0.6637
DB01_to_DK05#alt2,2,65,800.0,4450.0,0.4346,0.7556
DB01_to_DK05#alt2,2,66,750.0,4500.0,0.4346,0.8469
DB01_to_DK05#alt2,2,67,700.0,4500.0,0.3784,0.8818
DB01_to_DK05#alt2,2,68,650.0,4500.0,0.3269,0.8844
DB01_to_DK03#alt0,0,0,1350.0,1450.0,0.7165,0.5483
DB01_to_DK03#alt0,0,1,1400.0,1400.0,0.5903,0.6052
DB01_to_DK03#alt0,0,2,1450.0,1350.0,0.4746,0.5871
DB01_to_DK03#alt0,0,3,1500.0,1350.0,0.4346,0.6024
DB01_to_DK03#alt0,0,4,1550.0,1400.0,0.4746,0.6284
DB01_to_DK03#alt0,0,5,1600.0,1400.0,0.4346,0.5681
DB01_to_DK03#alt0,0,6,1650.0,1400.0,0.3895,0.5297
DB01_to_DK03#alt0,0,7,1700.0,1450.0,0.3784,0.4931
DB01_to_DK03#alt0,0,8,1750.0,1500.0,0.3485,0.3936
DB01_to_DK03#alt0,0,9,1800.0,1550.0,0.3269,0.2993
DB01_to_DK03#alt0,0,10,1850.0,1600.0,0.2972,0.2339
DB01_to_DK03#alt0,0,11,1900.0,1650.0,0.2609,0.1849
DB01_to_DK03#alt0,0,12,1950.0,1700.0,0.3114,0.1354
DB01_to_DK03#alt0,0,13,2000.0,1750.0,0.3679,0.1317
DB01_to_DK03#alt0,0,14,2050.0,1800.0,0.4275,0.1175
DB01_to_DK03#alt0,0,15,2100.0,1850.0,0.4746,0.0969
DB01_to_DK03#alt0,0,16,2150.0,1900.0,0.503,0.99
DB01_to_DK03#alt0,0,17,2200.0,1950.0,0.5483,0.99
DB01_to_DK03#alt0,0,18,2250.0,2000.0,0.5483,0.99
DB01_to_DK03#alt0,0,19,2300.0,2050.0,0.5483,0.99
DB01_to_DK03#alt0,0,20,2350.0,2100.0,0.5483,0.0987
DB01_to_DK03#alt0,0,21,2400.0,2150.0,0.503,0.1187
DB01_to_DK03#alt0,0,22,2450.0,2200.0,0.4746,0.1094
DB01_to_DK03#alt0,0,23,2500.0,2250.0,0.4275,0.0916
DB01_to_DK03#alt0,0,24,2550.0,2300.0,0.3679,0.99
DB01_to_DK03#alt0,0,25,2600.0,2350.0,0.3485,0.99
DB01_to_DK03#alt0,0,26,2650.0,2400.0,0.4275,0.99
DB01_to_DK03#alt0,0,27,2700.0,2450.0,0.5134,0.99
DB01_to_DK03#alt0,0,28,2750.0,2500.0,0.6065,0.99
DB01_to_DK03#alt0,0,29,2800.0,2550.0,0.7165,0.99
DB01_to_DK03#alt0,0,30,2850.0,2600.0,0.8465,0.0194
DB01_to_DK03#alt0,0,31,2900.0,2600.0,0.8465,0.0258
DB01_to_DK03#alt0,0,32,2950.0,2600.0,0.8465,0.0339
DB01_to_DK03#alt0,0,33,3000.0,2650.0,0.8465,0.0472
DB01_to_DK03#alt0,0,34,3050.0,2700.0,0.8465,0.99
DB01_to_DK03#alt0,0,35,3100.0,2750.0,0.8465,0.99
DB01_to_DK03#alt0,0,36,3150.0,2750.0,0.8465,0.99
DB01_to_DK03#alt0,0,37,3200.0,2750.0,0.8465,0.99
DB01_to_DK03#alt0,0,38,3250.0,2800.0,0.8465,0.99
DB01_to_DK03#alt0,0,39,3300.0,2850.0,0.8465,0.99
DB01_to_DK03#alt0,0,40,3300.0,2900.0,0.8465,0.99
DB01_to_DK03#alt0,0,41,3250.0,2950.0,0.8465,0.99
DB01_to_DK03#alt0,0,42,3200.0,3000.0,0.8465,0.99
DB01_to_DK03#alt0,0,43,3250.0,3050.0,0.6889,0.0134
DB01_to_DK03#alt0,0,44,3300.0,3100.0,0.5483,0.0081
DB01_to_DK03#alt0,0,45,3300.0,3150.0,0.4931,0.007
DB01_to_DK03#alt0,0,46,3250.0,3200.0,0.4746,0.0075
DB01_to_DK03#alt0,0,47,3250.0,3250.0,0.4076,0.0058
DB01_to_DK03#alt0,0,48,3250.0,3300.0,0.3485,0.0034
DB01_to_DK03#alt0,0,49,3250.0,3350.0,0.344,0.0026
DB01_to_DK03#alt0,0,50,3250.0,3400.0,0.3895,0.0022
DB01_to_DK03#alt0,0,51,3250.0,3450.0,0.4346,0.002
DB01_to_DK03#alt0,0,52,3250.0,3500.0,0.4746,0.0017
DB01_to_DK03#alt0,0,53,3250.0,3550.0,0.5483,0.0017
DB01_to_DK03#alt0,0,54,3250.0,3600.0,0.6241,0.0018
DB01_to_DK03#alt0,0,55,3250.0,3650.0,0.6889,0.0021
DB01_to_DK03#alt0,0,56,3250.0,3700.0,0.79,0.0036
DB01_to_DK03#alt0,0,57,3250.0,3750.0,0.8465,0.99
DB01_to_DK03#alt0,0,58,3200.0,3800.0,0.8465,0.0119
DB01_to_DK03#alt0,0,59,3150.0,3850.0,0.8465,0.0429
DB01_to_DK03#alt0,0,60,3150.0,3900.0,0.8465,0.0627
DB01_to_DK03#alt0,0,61,3100.0,3950.0,0.8465,0.99
DB01_to_DK03#alt0,0,62,3100.0,4000.0,0.8465,0.99
DB01_to_DK03#alt0,0,63,3050.0,4050.0,0.8465,0.99
DB01_to_DK03#alt0,0,64,3000.0,4100.0,0.79,0.99
DB01_to_DK03#alt0,0,65,2950.0,4150.0,0.7165,0.288
DB01_to_DK03#alt0,0,66,2900.0,4200.0,0.6065,0.2737
DB01_to_DK03#alt0,0,67,2850.0,4250.0,0.5134,0.245
DB01_to_DK03#alt0,0,68,2850.0,4300.0,0.5134,0.99
DB01_to_DK03#alt0,0,69,2850.0,4350.0,0.5134,0.99
DB01_to_DK03#alt0,0,70,2850.0,4400.0,0.5134,0.3481
DB01_to_DK03#alt0,0,71,2900.0,4450.0,0.503,0.4545
DB01_to_DK03#alt0,0,72,2950.0,4500.0,0.6065,0.5446
DB01_to_DK03#alt0,0,73,3000.0,4550.0,0.7165,0.6672
DB01_to_DK03#alt0,0,74,3050.0,4550.0,0.7165,0.7006
DB01_to_DK03#alt0,0,75,3100.0,4550.0,0.6889,0.6885
DB01_to_DK03#alt1,1,0,1350.0,1450.0,0.7165,0.5483
DB01_to_DK03#alt1,1,1,1400.0,1400.0,0.5903,0.6052
DB01_to_DK03#alt1,1,2,1450.0,1350.0,0.4746,0.5871
DB01_to_DK03#alt1,1,3,1500.0,1300.0,0.3784,0.5484
DB01_to_DK03#alt1,1,4,1550.0,1250.0,0.3006,0.4165
DB01_to_DK03#alt1,1,5,1600.0,1200.0,0.3077,0.3247
DB01_to_DK03#alt1,1,6,1650.0,1200.0,0.2721,0.3025
DB01_to_DK03#alt1,1,7,1700.0,1200.0,0.2431,0.2781
DB01_to_DK03#alt1,1,8,1750.0,1200.0,0.2151,0.99
DB01_to_DK03#alt1,1,9,1800.0,1200.0,0.1889,0.99
DB01_to_DK03#alt1,1,10,1850.0,1200.0,0.1648,0.1769
DB01_to_DK03#alt1,1,11,1900.0,1200.0,0.1587,0.1488
DB01_to_DK03#alt1,1,12,1950.0,1250.0,0.1827,0.1399
DB01_to_DK03#alt1,1,13,2000.0,1300.0,0.2057,0.1284
DB01_to_DK03#alt1,1,14,2050.0,1350.0,0.2252,0.99
DB01_to_DK03#alt1,1,15,2100.0,1400.0,0.281,0.99
DB01_to_DK03#alt1,1,16,2150.0,1450.0,0.3485,0.99
DB01_to_DK03#alt1,1,17,2200.0,1500.0,0.4275,0.99
DB01_to_DK03#alt1,1,18,2250.0,1550.0,0.5134,0.1099
DB01_to_DK03#alt1,1,19,2300.0,1600.0,0.6241,0.1039
DB01_to_DK03#alt1,1,20,2350.0,1650.0,0.79,0.088
DB01_to_DK03#alt1,1,21,2350.0,1700.0,0.8465,0.99
DB01_to_DK03#alt1,1,22,2350.0,1750.0,0.8465,0.99
DB01_to_DK03#alt1,1,23,2350.0,1800.0,0.8465,0.0636
DB01_to_DK03#alt1,1,24,2350.0,1850.0,0.8465,0.0618
DB01_to_DK03#alt1,1,25,2350.0,1900.0,0.8465,0.0725
DB01_to_DK03#alt1,1,26,2400.0,1950.0,0.8465,0.1057
DB01_to_DK03#alt1,1,27,2450.0,2000.0,0.8465,0.1362
DB01_to_DK03#alt1,1,28,2500.0,2050.0,0.79,0.1632
DB01_to_DK03#alt1,1,29,2550.0,2100.0,0.7165,0.1709
DB01_to_DK03#alt1,1,30,2600.0,2150.0,0.6065,0.1643
DB01_to_DK03#alt1,1,31,2650.0,2200.0,0.503,0.135
DB01_to_DK03#alt1,1,32,2700.0,2250.0,0.4076,0.0999
DB01_to_DK03#alt1,1,33,2750.0,2300.0,0.3269,0.0469
DB01_to_DK03#alt1,1,34,2800.0,2350.0,0.3679,0.0347
DB01_to_DK03#alt1,1,35,2850.0,2400.0,0.4346,0.0354
DB01_to_DK03#alt1,1,36,2900.0,2450.0,0.5134,0.0431
DB01_to_DK03#alt1,1,37,2950.0,2500.0,0.6065,0.0461
DB01_to_DK03#alt1,1,38,3000.0,2550.0,0.6889,0.0656
DB01_to_DK03#alt1,1,39,3050.0,2600.0,0.6889,0.068
DB01_to_DK03#alt1,1,40,3100.0,2650.0,0.6889,0.0691
DB01_to_DK03#alt1,1,41,3150.0,2700.0,0.7165,0.99
DB01_to_DK03#alt1,1,42,3200.0,2750.0,0.8465,0.99
DB01_to_DK03#alt1,1,43,3250.0,2800.0,0.8465,0.99
DB01_to_DK03#alt1,1,44,3300.0,2850.0,0.8465,0.99
DB01_to_DK03#alt1,1,45,3350.0,2900.0,0.7165,0.0138
DB01_to_DK03#alt1,1,46,3400.0,2950.0,0.5903,0.0066
DB01_to_DK03#alt1,1,47,3450.0,3000.0,0.4746,0.99
DB01_to_DK03#alt1,1,48,3500.0,3050.0,0.3784,0.99
DB01_to_DK03#alt1,1,49,3500.0,3100.0,0.344,0.99
DB01_to_DK03#alt1,1,50,3500.0,3150.0,0.3485,0.99
DB01_to_DK03#alt1,1,51,3500.0,3200.0,0.4076,0.0014
DB01_to_DK03#alt1,1,52,3450.0,3250.0,0.4346,0.0016
DB01_to_DK03#alt1,1,53,3450.0,3300.0,0.4931,0.0009
DB01_to_DK03#alt1,1,54,3500.0,3350.0,0.6241,0.0005
DB01_to_DK03#alt1,1,55,3500.0,3400.0,0.6889,0.0004
DB01_to_DK03#alt1,1,56,3500.0,3450.0,0.7165,0.99
DB01_to_DK03#alt1,1,57,3450.0,3500.0,0.6065,0.99
DB01_to_DK03#alt1,1,58,3450.0,3550.0,0.6065,0.99
DB01_to_DK03#alt1,1,59,3450.0,3600.0,0.5903,0.99
DB01_to_DK03#alt1,1,60,3500.0,3650.0,0.6241,0.99
DB01_to_DK03#alt1,1,61,3500.0,3700.0,0.5483,0.99
DB01_to_DK03#alt1,1,62,3500.0,3750.0,0.4746,0.99
DB01_to_DK03#alt1,1,63,3500.0,3800.0,0.4076,0.99
DB01_to_DK03#alt1,1,64,3500.0,3850.0,0.3485,0.99
DB01_to_DK03#alt1,1,65,3500.0,3900.0,0.3269,0.0011
DB01_to_DK03#alt1,1,66,3500.0,3950.0,0.3269,0.0014
DB01_to_DK03#alt1,1,67,3450.0,4000.0,0.3077,0.0028
DB01_to_DK03#alt1,1,68,3450.0,4050.0,0.3077,0.0039
DB01_to_DK03#alt1,1,69,3400.0,4100.0,0.3006,0.99
DB01_to_DK03#alt1,1,70,3350.0,4150.0,0.3269,0.99
DB01_to_DK03#alt1,1,71,3350.0,4200.0,0.3006,0.99
DB01_to_DK03#alt1,1,72,3300.0,4250.0,0.3077,0.135
DB01_to_DK03#alt1,1,73,3250.0,4300.0,0.3006,0.2658
DB01_to_DK03#alt1,1,74,3200.0,4350.0,0.3269,0.4024
DB01_to_DK03#alt1,1,75,3150.0,4400.0,0.4076,0.6504
DB01_to_DK03#alt1,1,76,3100.0,4450.0,0.503,0.7501
DB01_to_DK03#alt1,1,77,3100.0,4500.0,0.5903,0.7411
DB01_to_DK03#alt1,1,78,3100.0,4550.0,0.6889,0.6885
DB01_to_DK03#alt2,2,0,1350.0,1450.0,0.7165,0.5483
DB01_to_DK03#alt2,2,1,1400.0,1400.0,0.5903,0.6052
DB01_to_DK03#alt2,2,2,1450.0,1350.0,0.4746,0.5871
DB01_to_DK03#alt2,2,3,1500.0,1350.0,0.4346,0.6024
DB01_to_DK03#alt2,2,4,1550.0,1400.0,0.4746,0.6284
DB01_to_DK03#alt2,2,5,1600.0,1450.0,0.4931,0.5673
DB01_to_DK03#alt2,2,6,1650.0,1500.0,0.4746,0.4523
DB01_to_DK03#alt2,2,7,1700.0,1550.0,0.4346,0.3566
DB01_to_DK03#alt2,2,8,1750.0,1600.0,0.4076,0.2679
DB01_to_DK03#alt2,2,9,1800.0,1650.0,0.3628,0.1909
DB01_to_DK03#alt2,2,10,1850.0,1700.0,0.3114,0.99
DB01_to_DK03#alt2,2,11,1900.0,1750.0,0.3628,0.99
DB01_to_DK03#alt2,2,12,1950.0,1800.0,0.4346,0.1093
DB01_to_DK03#alt2,2,13,2000.0,1850.0,0.5134,0.1033
DB01_to_DK03#alt2,2,14,2050.0,1900.0,0.5903,0.99
DB01_to_DK03#alt2,2,15,2100.0,1950.0,0.6241,0.99
DB01_to_DK03#alt2,2,16,2150.0,2000.0,0.6889,0.99
DB01_to_DK03#alt2,2,17,2200.0,2050.0,0.6889,0.99
DB01_to_DK03#alt2,2,18,2250.0,2100.0,0.6889,0.99
DB01_to_DK03#alt2,2,19,2300.0,2150.0,0.6241,0.99
DB01_to_DK03#alt2,2,20,2300.0,2200.0,0.6889,0.99
DB01_to_DK03#alt2,2,21,2300.0,2250.0,0.7165,0.0515
DB01_to_DK03#alt2,2,22,2350.0,2300.0,0.6065,0.0325
DB01_to_DK03#alt2,2,23,2350.0,2350.0,0.6065,0.0225
DB01_to_DK03#alt2,2,24,2400.0,2400.0,0.5483,0.99
DB01_to_DK03#alt2,2,25,2450.0,2450.0,0.5483,0.99
DB01_to_DK03#alt2,2,26,2500.0,2500.0,0.5483,0.99
DB01_to_DK03#alt2,2,27,2500.0,2550.0,0.5903,0.99
DB01_to_DK03#alt2,2,28,2550.0,2600.0,0.6241,0.99
DB01_to_DK03#alt2,2,29,2550.0,2650.0,0.6889,0.99
DB01_to_DK03#alt2,2,30,2550.0,2700.0,0.79,0.99
DB01_to_DK03#alt2,2,31,2550.0,2750.0,0.8465,0.99
DB01_to_DK03#alt2,2,32,2550.0,2800.0,0.8465,0.99
DB01_to_DK03#alt2,2,33,2550.0,2850.0,0.8465,0.99
DB01_to_DK03#alt2,2,34,2550.0,2900.0,0.8465,0.99
DB01_to_DK03#alt2,2,35,2550.0,2950.0,0.8465,0.99
DB01_to_DK03#alt2,2,36,2600.0,3000.0,0.8465,0.99
DB01_to_DK03#alt2,2,37,2600.0,3050.0,0.8465,0.99
DB01_to_DK03#alt2,2,38,2650.0,3100.0,0.8465,0.0975
DB01_to_DK03#alt2,2,39,2700.0,3150.0,0.79,0.1119
DB01_to_DK03#alt2,2,40,2750.0,3200.0,0.7165,0.1221
DB01_to_DK03#alt2,2,41,2800.0,3250.0,0.6065,0.99
DB01_to_DK03#alt2,2,42,2850.0,3300.0,0.5134,0.144
DB01_to_DK03#alt2,2,43,2900.0,3350.0,0.5134,0.1402
DB01_to_DK03#alt2,2,44,2950.0,3400.0,0.6065,0.99
DB01_to_DK03#alt2,2,45,3000.0,3450.0,0.6889,0.99
DB01_to_DK03#alt2,2,46,3050.0,3500.0,0.7165,0.99
DB01_to_DK03#alt2,2,47,3100.0,3550.0,0.79,0.99
DB01_to_DK03#alt2,2,48,3150.0,3600.0,0.7165,0.99
DB01_to_DK03#alt2,2,49,3200.0,3650.0,0.79,0.0043
DB01_to_DK03#alt2,2,50,3250.0,3700.0,0.79,0.0036
DB01_to_DK03#alt2,2,51,3250.0,3750.0,0.8465,0.99
DB01_to_DK03#alt2,2,52,3200.0,3800.0,0.8465,0.0119
DB01_to_DK03#alt2,2,53,3150.0,3850.0,0.8465,0.0429
DB01_to_DK03#alt2,2,54,3150.0,3900.0,0.8465,0.0627
DB01_to_DK03#alt2,2,55,3100.0,3950.0,0.8465,0.99
DB01_to_DK03#alt2,2,56,3100.0,4000.0,0.8465,0.99
DB01_to_DK03#alt2,2,57,3100.0,4050.0,0.79,0.99
DB01_to_DK03#alt2,2,58,3100.0,4100.0,0.6889,0.99
DB01_to_DK03#alt2,2,59,3100.0,4150.0,0.5903,0.99
DB01_to_DK03#alt2,2,60,3100.0,4200.0,0.503,0.3895
DB01_to_DK03#alt2,2,61,3100.0,4250.0,0.4346,0.4638
DB01_to_DK03#alt2,2,62,3100.0,4300.0,0.3784,0.6043
DB01_to_DK03#alt2,2,63,3100.0,4350.0,0.3628,0.6653
DB01_to_DK03#alt2,2,64,3100.0,4400.0,0.4275,0.7158
DB01_to_DK03#alt2,2,65,3100.0,4450.0,0.503,0.7501
DB01_to_DK03#alt2,2,66,3100.0,4500.0,0.5903,0.7411
DB01_to_DK03#alt2,2,67,3100.0,4550.0,0.6889,0.6885
DK01_to_DK02#alt0,0,0,2100.0,3550.0,0.6889,0.7435
DK01_to_DK02#alt0,0,1,2050.0,3600.0,0.6889,0.7103
DK01_to_DK02#alt0,0,2,2000.0,3650.0,0.6889,0.6206
DK01_to_DK02#alt0,0,3,1950.0,3700.0,0.6889,0.4316
DK01_to_DK02#alt0,0,4,1900.0,3750.0,0.6241,0.3901
DK01_to_DK02#alt0,0,5,1850.0,3800.0,0.6889,0.99
DK01_to_DK02#alt0,0,6,1800.0,3800.0,0.6241,0.99
DK01_to_DK02#alt0,0,7,1750.0,3750.0,0.503,0.99
DK01_to_DK02#alt0,0,8,1700.0,3800.0,0.5483,0.99
DK01_to_DK02#alt0,0,9,1650.0,3800.0,0.4931,0.99
DK01_to_DK02#alt0,0,10,1600.0,3850.0,0.4931,0.99
DK01_to_DK02#alt0,0,11,1550.0,3900.0,0.5483,0.99
DK01_to_DK02#alt0,0,12,1500.0,3950.0,0.6889,0.208
DK01_to_DK02#alt0,0,13,1450.0,3950.0,0.79,0.1958
DK01_to_DK02#alt0,0,14,1400.0,3950.0,0.8465,0.1821
DK01_to_DK02#alt0,0,15,1350.0,3950.0,0.8465,0.99
DK01_to_DK02#alt0,0,16,1300.0,4000.0,0.8465,0.99
DK01_to_DK02#alt0,0,17,1250.0,4050.0,0.8465,0.99
DK01_to_DK02#alt0,0,18,1200.0,4100.0,0.7165,0.99
DK01_to_DK02#alt0,0,19,1150.0,4150.0,0.5903,0.99
DK01_to_DK02#alt0,0,20,1100.0,4200.0,0.4746,0.3161
DK01_to_DK02#alt0,0,21,1150.0,4250.0,0.4931,0.323
DK01_to_DK02#alt0,0,22,1200.0,4300.0,0.4931,0.308
DK01_to_DK02#alt0,0,23,1200.0,4350.0,0.4346,0.308
DK01_to_DK02#alt0,0,24,1150.0,4400.0,0.4275,0.3372
DK01_to_DK02#alt0,0,25,1100.0,4450.0,0.5134,0.3332
DK01_to_DK02#alt0,0,26,1050.0,4500.0,0.6065,0.2682
DK01_to_DK02#alt0,0,27,1000.0,4550.0,0.7165,0.2534
DK01_to_DK02#alt0,0,28,950.0,4600.0,0.8465,0.3008
DK01_to_DK02#alt0,0,29,900.0,4650.0,0.8465,0.99
DK01_to_DK02#alt0,0,30,850.0,4700.0,0.79,0.99
DK01_to_DK02#alt0,0,31,800.0,4700.0,0.6889,0.99
DK01_to_DK02#alt0,0,32,750.0,4700.0,0.5903,0.99
DK01_to_DK02#alt0,0,33,700.0,4700.0,0.503,0.99
DK01_to_DK02#alt0,0,34,650.0,4700.0,0.4275,0.99
DK01_to_DK02#alt0,0,35,600.0,4700.0,0.3628,0.99
DK01_to_DK02#alt0,0,36,550.0,4700.0,0.3077,0.99
DK01_to_DK02#alt0,0,37,500.0,4650.0,0.253,0.99
DK01_to_DK02#alt0,0,38,450.0,4600.0,0.2057,0.99
DK01_to_DK02#alt0,0,39,400.0,4550.0,0.1661,0.99
DK01_to_DK02#alt0,0,40,350.0,4500.0,0.1335,0.99
DK01_to_DK02#alt0,0,41,300.0,4450.0,0.1069,0.99
DK01_to_DK02#alt0,0,42,300.0,4400.0,0.0987,0.99
DK01_to_DK02#alt0,0,43,300.0,4350.0,0.097,0.99
DK01_to_DK02#alt0,0,44,350.0,4300.0,0.1146,0.6672
DK01_to_DK02#alt0,0,45,350.0,4250.0,0.1353,0.7567
DK01_to_DK02#alt0,0,46,350.0,4200.0,0.1599,0.7733
DK01_to_DK02#alt0,0,47,350.0,4150.0,0.1889,0.7747
DK01_to_DK02#alt0,0,48,300.0,4100.0,0.2231,0.7074
DK01_to_DK02#alt0,0,49,300.0,4050.0,0.2636,0.679
DK01_to_DK02#alt0,0,50,300.0,4000.0,0.3114,0.6387
DK01_to_DK02#alt1,1,0,2100.0,3550.0,0.6889,0.7435
DK01_to_DK02#alt1,1,1,2050.0,3600.0,0.6889,0.7103
DK01_to_DK02#alt1,1,2,2000.0,3600.0,0.6241,0.6593
DK01_to_DK02#alt1,1,3,1950.0,3600.0,0.5483,0.99
DK01_to_DK02#alt1,1,4,1900.0,3600.0,0.4931,0.99
DK01_to_DK02#alt1,1,5,1850.0,3600.0,0.4346,0.99
DK01_to_DK02#alt1,1,6,1800.0,3600.0,0.3784,0.99
DK01_to_DK02#alt1,1,7,1750.0,3600.0,0.3269,0.99
DK01_to_DK02#alt1,1,8,1700.0,3600.0,0.3006,0.99
DK01_to_DK02#alt1,1,9,1650.0,3600.0,0.2972,0.99
DK01_to_DK02#alt1,1,10,1600.0,3600.0,0.3077,0.99
DK01_to_DK02#alt1,1,11,1550.0,3600.0,0.3114,0.99
DK01_to_DK02#alt1,1,12,1500.0,3600.0,0.3114,0.1954
DK01_to_DK02#alt1,1,13,1450.0,3600.0,0.3114,0.2151
DK01_to_DK02#alt1,1,14,1400.0,3600.0,0.344,0.2258
DK01_to_DK02#alt1,1,15,1350.0,3600.0,0.3895,0.2097
DK01_to_DK02#alt1,1,16,1300.0,3650.0,0.3895,0.99
DK01_to_DK02#alt1,1,17,1250.0,3700.0,0.3895,0.99
DK01_to_DK02#alt1,1,18,1200.0,3750.0,0.3784,0.99
DK01_to_DK02#alt1,1,19,1150.0,3800.0,0.3895,0.99
DK01_to_DK02#alt1,1,20,1100.0,3850.0,0.3895,0.99
DK01_to_DK02#alt1,1,21,1050.0,3900.0,0.3784,0.99
DK01_to_DK02#alt1,1,22,1000.0,3950.0,0.3485,0.99
DK01_to_DK02#alt1,1,23,950.0,4000.0,0.3077,0.99
DK01_to_DK02#alt1,1,24,900.0,4050.0,0.2636,0.99
DK01_to_DK02#alt1,1,25,850.0,4050.0,0.2231,0.99
DK01_to_DK02#alt1,1,26,800.0,4050.0,0.1889,0.99
DK01_to_DK02#alt1,1,27,750.0,4050.0,0.17,0.99
DK01_to_DK02#alt1,1,28,700.0,4050.0,0.1889,0.99
DK01_to_DK02#alt1,1,29,650.0,4050.0,0.2076,0.99
DK01_to_DK02#alt1,1,30,600.0,4050.0,0.2252,0.99
DK01_to_DK02#alt1,1,31,550.0,4050.0,0.2407,0.99
DK01_to_DK02#alt1,1,32,500.0,4050.0,0.253,0.99
DK01_to_DK02#alt1,1,33,450.0,4050.0,0.2609,0.99
DK01_to_DK02#alt1,1,34,400.0,4000.0,0.3114,0.99
DK01_to_DK02#alt1,1,35,350.0,4000.0,0.3114,0.6547
DK01_to_DK02#alt1,1,36,300.0,4000.0,0.3114,0.6387
DK01_to_DK02#alt2,2,0,2100.0,3550.0,0.6889,0.7435
DK01_to_DK02#alt2,2,1,2050.0,3500.0,0.6241,0.7024
DK01_to_DK02#alt2,2,2,2000.0,3450.0,0.6889,0.5083
DK01_to_DK02#alt2,2,3,1950.0,3400.0,0.6889,0.3064
DK01_to_DK02#alt2,2,4,1900.0,3350.0,0.7165,0.2197
DK01_to_DK02#alt2,2,5,1850.0,3350.0,0.7165,0.1993
DK01_to_DK02#alt2,2,6,1800.0,3400.0,0.5903,0.1951
DK01_to_DK02#alt2,2,7,1750.0,3400.0,0.5483,0.1993
DK01_to_DK02#alt2,2,8,1700.0,3400.0,0.503,0.2183
DK01_to_DK02#alt2,2,9,1650.0,3400.0,0.5483,0.2449
DK01_to_DK02#alt2,2,10,1600.0,3400.0,0.5903,0.2773
DK01_to_DK02#alt2,2,11,1550.0,3400.0,0.6065,0.3532
DK01_to_DK02#alt2,2,12,1500.0,3400.0,0.6065,0.3892
DK01_to_DK02#alt2,2,13,1450.0,3400.0,0.6065,0.4157
DK01_to_DK02#alt2,2,14,1400.0,3400.0,0.5903,0.4257
DK01_to_DK02#alt2,2,15,1350.0,3450.0,0.503,0.3399
DK01_to_DK02#alt2,2,16,1300.0,3500.0,0.5483,0.99
DK01_to_DK02#alt2,2,17,1250.0,3550.0,0.5483,0.99
DK01_to_DK02#alt2,2,18,1200.0,3600.0,0.5483,0.99
DK01_to_DK02#alt2,2,19,1150.0,3650.0,0.5483,0.99
DK01_to_DK02#alt2,2,20,1100.0,3700.0,0.503,0.99
DK01_to_DK02#alt2,2,21,1050.0,3750.0,0.4346,0.99
DK01_to_DK02#alt2,2,22,1000.0,3800.0,0.3679,0.99
DK01_to_DK02#alt2,2,23,950.0,3800.0,0.3679,0.99
DK01_to_DK02#alt2,2,24,900.0,3800.0,0.3628,0.99
DK01_to_DK02#alt2,2,25,850.0,3850.0,0.2972,0.99
DK01_to_DK02#alt2,2,26,800.0,3900.0,0.2407,0.99
DK01_to_DK02#alt2,2,27,750.0,3950.0,0.2151,0.99
DK01_to_DK02#alt2,2,28,700.0,4000.0,0.2151,0.99
DK01_to_DK02#alt2,2,29,650.0,4050.0,0.2076,0.99
DK01_to_DK02#alt2,2,30,600.0,4050.0,0.2252,0.99
DK01_to_DK02#alt2,2,31,550.0,4050.0,0.2407,0.99
DK01_to_DK02#alt2,2,32,500.0,4050.0,0.253,0.99
DK01_to_DK02#alt2,2,33,450.0,4050.0,0.2609,0.99
DK01_to_DK02#alt2,2,34,400.0,4000.0,0.3114,0.99
DK01_to_DK02#alt2,2,35,350.0,4000.0,0.3114,0.6547
DK01_to_DK02#alt2,2,36,300.0,4000.0,0.3114,0.6387
DK01_to_DK06#alt0,0,0,2100.0,3550.0,0.6889,0.7435
DK01_to_DK06#alt0,0,1,2050.0,3600.0,0.6889,0.7103
DK01_to_DK06#alt0,0,2,2000.0,3650.0,0.6889,0.6206
DK01_to_DK06#alt0,0,3,1950.0,3700.0,0.6889,0.4316
DK01_to_DK06#alt0,0,4,1900.0,3750.0,0.6241,0.3901
DK01_to_DK06#alt0,0,5,1850.0,3800.0,0.6889,0.99
DK01_to_DK06#alt0,0,6,1800.0,3850.0,0.7165,0.99
DK01_to_DK06#alt0,0,7,1750.0,3900.0,0.79,0.99
DK01_to_DK06#alt0,0,8,1700.0,3950.0,0.79,0.99
DK01_to_DK06#alt0,0,9,1650.0,4000.0,0.79,0.99
DK01_to_DK06#alt0,0,10,1600.0,4050.0,0.79,0.99
DK01_to_DK06#alt0,0,11,1550.0,4100.0,0.79,0.5127
DK01_to_DK06#alt0,0,12,1500.0,4150.0,0.79,0.5355
DK01_to_DK06#alt0,0,13,1500.0,4200.0,0.79,0.6286
DK01_to_DK06#alt0,0,14,1500.0,4250.0,0.8465,0.7021
DK01_to_DK06#alt0,0,15,1500.0,4300.0,0.8465,0.7424
DK01_to_DK06#alt1,1,0,2100.0,3550.0,0.6889,0.7435
DK01_to_DK06#alt1,1,1,2050.0,3600.0,0.6889,0.7103
DK01_to_DK06#alt1,1,2,2000.0,3650.0,0.6889,0.6206
DK01_to_DK06#alt1,1,3,1950.0,3700.0,0.6889,0.4316
DK01_to_DK06#alt1,1,4,1900.0,3750.0,0.6241,0.3901
DK01_to_DK06#alt1,1,5,1850.0,3800.0,0.6889,0.99
DK01_to_DK06#alt1,1,6,1800.0,3850.0,0.7165,0.99
DK01_to_DK06#alt1,1,7,1750.0,3900.0,0.79,0.99
DK01_to_DK06#alt1,1,8,1700.0,3950.0,0.79,0.99
DK01_to_DK06#alt1,1,9,1650.0,4000.0,0.79,0.99
DK01_to_DK06#alt1,1,10,1600.0,4050.0,0.79,0.99
DK01_to_DK06#alt1,1,11,1550.0,4100.0,0.79,0.5127
DK01_to_DK06#alt1,1,12,1500.0,4150.0,0.79,0.5355
DK01_to_DK06#alt1,1,13,1500.0,4200.0,0.79,0.6286
DK01_to_DK06#alt1,1,14,1500.0,4250.0,0.8465,0.7021
DK01_to_DK06#alt1,1,15,1500.0,4300.0,0.8465,0.7424
DK01_to_DK06#alt2,2,0,2100.0,3550.0,0.6889,0.7435
DK01_to_DK06#alt2,2,1,2050.0,3600.0,0.6889,0.7103
DK01_to_DK06#alt2,2,2,2000.0,3650.0,0.6889,0.6206
DK01_to_DK06#alt2,2,3,1950.0,3700.0,0.6889,0.4316
DK01_to_DK06#alt2,2,4,1900.0,3750.0,0.6241,0.3901
DK01_to_DK06#alt2,2,5,1850.0,3800.0,0.6889,0.99
DK01_to_DK06#alt2,2,6,1800.0,3850.0,0.7165,0.99
DK01_to_DK06#alt2,2,7,1750.0,3900.0,0.79,0.99
DK01_to_DK06#alt2,2,8,1700.0,3950.0,0.79,0.99
DK01_to_DK06#alt2,2,9,1650.0,4000.0,0.79,0.99
DK01_to_DK06#alt2,2,10,1600.0,4050.0,0.79,0.99
DK01_to_DK06#alt2,2,11,1550.0,4100.0,0.79,0.5127
DK01_to_DK06#alt2,2,12,1500.0,4150.0,0.79,0.5355
DK01_to_DK06#alt2,2,13,1500.0,4200.0,0.79,0.6286
DK01_to_DK06#alt2,2,14,1500.0,4250.0,0.8465,0.7021
DK01_to_DK06#alt2,2,15,1500.0,4300.0,0.8465,0.7424
DK01_to_DK05#alt0,0,0,2100.0,3550.0,0.6889,0.7435
DK01_to_DK05#alt0,0,1,2050.0,3600.0,0.6889,0.7103
DK01_to_DK05#alt0,0,2,2000.0,3650.0,0.6889,0.6206
DK01_to_DK05#alt0,0,3,1950.0,3700.0,0.6889,0.4316
DK01_to_DK05#alt0,0,4,1900.0,3750.0,0.6241,0.3901
DK01_to_DK05#alt0,0,5,1850.0,3800.0,0.6889,0.99
DK01_to_DK05#alt0,0,6,1800.0,3800.0,0.6241,0.99
DK01_to_DK05#alt0,0,7,1750.0,3800.0,0.5903,0.99
DK01_to_DK05#alt0,0,8,1700.0,3800.0,0.5483,0.99
DK01_to_DK05#alt0,0,9,1650.0,3800.0,0.4931,0.99
DK01_to_DK05#alt0,0,10,1600.0,3850.0,0.4931,0.99
DK01_to_DK05#alt0,0,11,1550.0,3900.0,0.5483,0.99
DK01_to_DK05#alt0,0,12,1500.0,3950.0,0.6889,0.208
DK01_to_DK05#alt0,0,13,1450.0,3950.0,0.79,0.1958
DK01_to_DK05#alt0,0,14,1400.0,3950.0,0.8465,0.1821
DK01_to_DK05#alt0,0,15,1350.0,3950.0,0.8465,0.99
DK01_to_DK05#alt0,0,16,1300.0,4000.0,0.8465,0.99
DK01_to_DK05#alt0,0,17,1250.0,4050.0,0.8465,0.99
DK01_to_DK05#alt0,0,18,1200.0,4100.0,0.7165,0.99
DK01_to_DK05#alt0,0,19,1150.0,4150.0,0.5903,0.99
DK01_to_DK05#alt0,0,20,1100.0,4200.0,0.4746,0.3161
DK01_to_DK05#alt0,0,21,1050.0,4250.0,0.3784,0.3891
DK01_to_DK05#alt0,0,22,1000.0,4300.0,0.3114,0.4669
DK01_to_DK05#alt0,0,23,950.0,4350.0,0.3679,0.542
DK01_to_DK05#alt0,0,24,900.0,4400.0,0.4275,0.6044
DK01_to_DK05#alt0,0,25,850.0,4450.0,0.4746,0.6793
DK01_to_DK05#alt0,0,26,800.0,4500.0,0.4931,0.704
DK01_to_DK05#alt0,0,27,750.0,4500.0,0.4346,0.8469
DK01_to_DK05#alt0,0,28,700.0,4500.0,0.3784,0.8818
DK01_to_DK05#alt0,0,29,650.0,4500.0,0.3269,0.8844
DK01_to_DK05#alt1,1,0,2100.0,3550.0,0.6889,0.7435
DK01_to_DK05#alt1,1,1,2050.0,3600.0,0.6889,0.7103
DK01_to_DK05#alt1,1,2,2000.0,3650.0,0.6889,0.6206
DK01_to_DK05#alt1,1,3,1950.0,3700.0,0.6889,0.4316
DK01_to_DK05#alt1,1,4,1900.0,3750.0,0.6241,0.3901
DK01_to_DK05#alt1,1,5,1850.0,3800.0,0.6889,0.99
DK01_to_DK05#alt1,1,6,1800.0,3850.0,0.7165,0.99
DK01_to_DK05#alt1,1,7,1750.0,3900.0,0.79,0.99
DK01_to_DK05#alt1,1,8,1700.0,3950.0,0.79,0.99
DK01_to_DK05#alt1,1,9,1650.0,4000.0,0.79,0.99
DK01_to_DK05#alt1,1,10,1600.0,4050.0,0.79,0.99
DK01_to_DK05#alt1,1,11,1550.0,4100.0,0.79,0.5127
DK01_to_DK05#alt1,1,12,1500.0,4150.0,0.79,0.5355
DK01_to_DK05#alt1,1,13,1450.0,4200.0,0.79,0.99
DK01_to_DK05#alt1,1,14,1400.0,4250.0,0.7165,0.4686
DK01_to_DK05#alt1,1,15,1350.0,4300.0,0.6065,0.3506
DK01_to_DK05#alt1,1,16,1300.0,4350.0,0.503,0.3117
DK01_to_DK05#alt1,1,17,1250.0,4400.0,0.4076,0.2854
DK01_to_DK05#alt1,1,18,1200.0,4450.0,0.4746,0.2626
DK01_to_DK05#alt1,1,19,1150.0,4500.0,0.5903,0.2092
DK01_to_DK05#alt1,1,20,1100.0,4550.0,0.7165,0.1822
DK01_to_DK05#alt1,1,21,1050.0,4550.0,0.7165,0.2123
DK01_to_DK05#alt1,1,22,1000.0,4550.0,0.7165,0.2534
DK01_to_DK05#alt1,1,23,950.0,4550.0,0.7165,0.3743
DK01_to_DK05#alt1,1,24,900.0,4500.0,0.5903,0.5245
DK01_to_DK05#alt1,1,25,850.0,4500.0,0.5483,0.6141
DK01_to_DK05#alt1,1,26,800.0,4500.0,0.4931,0.704
DK01_to_DK05#alt1,1,27,750.0,4500.0,0.4346,0.8469
DK01_to_DK05#alt1,1,28,700.0,4500.0,0.3784,0.8818
DK01_to_DK05#alt1,1,29,650.0,4500.0,0.3269,0.8844
DK01_to_DK05#alt2,2,0,2100.0,3550.0,0.6889,0.7435
DK01_to_DK05#alt2,2,1,2050.0,3600.0,0.6889,0.7103
DK01_to_DK05#alt2,2,2,2000.0,3600.0,0.6241,0.6593
DK01_to_DK05#alt2,2,3,1950.0,3600.0,0.5483,0.99
DK01_to_DK05#alt2,2,4,1900.0,3600.0,0.4931,0.99
DK01_to_DK05#alt2,2,5,1850.0,3600.0,0.4346,0.99
DK01_to_DK05#alt2,2,6,1800.0,3600.0,0.3784,0.99
DK01_to_DK05#alt2,2,7,1750.0,3600.0,0.3269,0.99
DK01_to_DK05#alt2,2,8,1700.0,3600.0,0.3006,0.99
DK01_to_DK05#alt2,2,9,1650.0,3600.0,0.2972,0.99
DK01_to_DK05#alt2,2,10,1600.0,3650.0,0.3006,0.99
DK01_to_DK05#alt2,2,11,1550.0,3700.0,0.3269,0.99
DK01_to_DK05#alt2,2,12,1500.0,3750.0,0.4076,0.1963
DK01_to_DK05#alt2,2,13,1450.0,3800.0,0.503,0.2181
DK01_to_DK05#alt2,2,14,1400.0,3850.0,0.6065,0.2198
DK01_to_DK05#alt2,2,15,1350.0,3900.0,0.7165,0.99
DK01_to_DK05#alt2,2,16,1300.0,3950.0,0.79,0.99
DK01_to_DK05#alt2,2,17,1250.0,4000.0,0.79,0.99
DK01_to_DK05#alt2,2,18,1200.0,4050.0,0.7165,0.99
DK01_to_DK05#alt2,2,19,1150.0,4100.0,0.6065,0.99
DK01_to_DK05#alt2,2,20,1100.0,4150.0,0.503,0.99
DK01_to_DK05#alt2,2,21,1050.0,4200.0,0.4076,0.3429
DK01_to_DK05#alt2,2,22,1000.0,4250.0,0.3269,0.4098
DK01_to_DK05#alt2,2,23,950.0,4300.0,0.3114,0.5153
DK01_to_DK05#alt2,2,24,900.0,4350.0,0.3628,0.5799
DK01_to_DK05#alt2,2,25,850.0,4400.0,0.4076,0.6637
DK01_to_DK05#alt2,2,26,800.0,4450.0,0.4346,0.7556
DK01_to_DK05#alt2,2,27,750.0,4500.0,0.4346,0.8469
DK01_to_DK05#alt2,2,28,700.0,4500.0,0.3784,0.8818
DK01_to_DK05#alt2,2,29,650.0,4500.0,0.3269,0.8844
DK01_to_DK03#alt0,0,0,2100.0,3550.0,0.6889,0.7435
DK01_to_DK03#alt0,0,1,2150.0,3500.0,0.7165,0.7013
DK01_to_DK03#alt0,0,2,2200.0,3500.0,0.7165,0.5627
DK01_to_DK03#alt0,0,3,2250.0,3500.0,0.7165,0.4715
DK01_to_DK03#alt0,0,4,2300.0,3550.0,0.8465,0.3953
DK01_to_DK03#alt0,0,5,2350.0,3550.0,0.8465,0.3205
DK01_to_DK03#alt0,0,6,2400.0,3550.0,0.8465,0.2203
DK01_to_DK03#alt0,0,7,2450.0,3600.0,0.8465,0.2041
DK01_to_DK03#alt0,0,8,2500.0,3550.0,0.7165,0.1766
DK01_to_DK03#alt0,0,9,2550.0,3500.0,0.5903,0.1634
DK01_to_DK03#alt0,0,10,2600.0,3500.0,0.5483,0.1887
DK01_to_DK03#alt0,0,11,2650.0,3500.0,0.6241,0.2101
DK01_to_DK03#alt0,0,12,2700.0,3500.0,0.6889,0.2306
DK01_to_DK03#alt0,0,13,2750.0,3500.0,0.79,0.2446
DK01_to_DK03#alt0,0,14,2800.0,3500.0,0.8465,0.2351
DK01_to_DK03#alt0,0,15,2850.0,3500.0,0.8465,0.2102
DK01_to_DK03#alt0,0,16,2900.0,3500.0,0.8465,0.99
DK01_to_DK03#alt0,0,17,2950.0,3500.0,0.8465,0.99
DK01_to_DK03#alt0,0,18,3000.0,3550.0,0.8465,0.99
DK01_to_DK03#alt0,0,19,3050.0,3550.0,0.8465,0.99
DK01_to_DK03#alt0,0,20,3100.0,3600.0,0.8465,0.99
DK01_to_DK03#alt0,0,21,3150.0,3650.0,0.8465,0.015
DK01_to_DK03#alt0,0,22,3200.0,3700.0,0.8465,0.0069
DK01_to_DK03#alt0,0,23,3250.0,3750.0,0.8465,0.99
DK01_to_DK03#alt0,0,24,3200.0,3800.0,0.8465,0.0119
DK01_to_DK03#alt0,0,25,3150.0,3850.0,0.8465,0.0429
DK01_to_DK03#alt0,0,26,3150.0,3900.0,0.8465,0.0627
DK01_to_DK03#alt0,0,27,3100.0,3950.0,0.8465,0.99
DK01_to_DK03#alt0,0,28,3100.0,4000.0,0.8465,0.99
DK01_to_DK03#alt0,0,29,3050.0,4050.0,0.8465,0.99
DK01_to_DK03#alt0,0,30,3000.0,4100.0,0.79,0.99
DK01_to_DK03#alt0,0,31,2950.0,4150.0,0.7165,0.288
DK01_to_DK03#alt0,0,32,2900.0,4200.0,0.6065,0.2737
DK01_to_DK03#alt0,0,33,2850.0,4250.0,0.5134,0.245
DK01_to_DK03#alt0,0,34,2850.0,4300.0,0.5134,0.99
DK01_to_DK03#alt0,0,35,2850.0,4350.0,0.5134,0.99
DK01_to_DK03#alt0,0,36,2850.0,4400.0,0.5134,0.3481
DK01_to_DK03#alt0,0,37,2900.0,4450.0,0.503,0.4545
DK01_to_DK03#alt0,0,38,2950.0,4500.0,0.6065,0.5446
DK01_to_DK03#alt0,0,39,3000.0,4550.0,0.7165,0.6672
DK01_to_DK03#alt0,0,40,3050.0,4550.0,0.7165,0.7006
DK01_to_DK03#alt0,0,41,3100.0,4550.0,0.6889,0.6885
DK01_to_DK03#alt1,1,0,2100.0,3550.0,0.6889,0.7435
DK01_to_DK03#alt1,1,1,2150.0,3500.0,0.7165,0.7013
DK01_to_DK03#alt1,1,2,2200.0,3500.0,0.7165,0.5627
DK01_to_DK03#alt1,1,3,2250.0,3500.0,0.7165,0.4715
DK01_to_DK03#alt1,1,4,2300.0,3550.0,0.8465,0.3953
DK01_to_DK03#alt1,1,5,2350.0,3550.0,0.8465,0.3205
DK01_to_DK03#alt1,1,6,2400.0,3550.0,0.8465,0.2203
DK01_to_DK03#alt1,1,7,2450.0,3600.0,0.8465,0.2041
DK01_to_DK03#alt1,1,8,2500.0,3550.0,0.7165,0.1766
DK01_to_DK03#alt1,1,9,2550.0,3500.0,0.5903,0.1634
DK01_to_DK03#alt1,1,10,2600.0,3500.0,0.5483,0.1887
DK01_to_DK03#alt1,1,11,2650.0,3500.0,0.6241,0.2101
DK01_to_DK03#alt1,1,12,2700.0,3500.0,0.6889,0.2306
DK01_to_DK03#alt1,1,13,2750.0,3500.0,0.79,0.2446
DK01_to_DK03#alt1,1,14,2800.0,3500.0,0.8465,0.2351
DK01_to_DK03#alt1,1,15,2850.0,3500.0,0.8465,0.2102
DK01_to_DK03#alt1,1,16,2900.0,3500.0,0.8465,0.99
DK01_to_DK03#alt1,1,17,2950.0,3500.0,0.8465,0.99
DK01_to_DK03#alt1,1,18,3000.0,3550.0,0.8465,0.99
DK01_to_DK03#alt1,1,19,3050.0,3550.0,0.8465,0.99
DK01_to_DK03#alt1,1,20,3100.0,3600.0,0.8465,0.99
DK01_to_DK03#alt1,1,21,3150.0,3650.0,0.8465,0.015
DK01_to_DK03#alt1,1,22,3200.0,3700.0,0.8465,0.0069
DK01_to_DK03#alt1,1,23,3250.0,3750.0,0.8465,0.99
DK01_to_DK03#alt1,1,24,3300.0,3800.0,0.6889,0.99
DK01_to_DK03#alt1,1,25,3300.0,3850.0,0.6241,0.99
DK01_to_DK03#alt1,1,26,3300.0,3900.0,0.5483,0.0099
DK01_to_DK03#alt1,1,27,3300.0,3950.0,0.503,0.0149
DK01_to_DK03#alt1,1,28,3300.0,4000.0,0.4746,0.0224
DK01_to_DK03#alt1,1,29,3300.0,4050.0,0.4346,0.0333
DK01_to_DK03#alt1,1,30,3300.0,4100.0,0.4076,0.0663
DK01_to_DK03#alt1,1,31,3300.0,4150.0,0.3784,0.0877
DK01_to_DK03#alt1,1,32,3300.0,4200.0,0.344,0.111
DK01_to_DK03#alt1,1,33,3300.0,4250.0,0.3077,0.135
DK01_to_DK03#alt1,1,34,3250.0,4300.0,0.3006,0.2658
DK01_to_DK03#alt1,1,35,3200.0,4350.0,0.3269,0.4024
DK01_to_DK03#alt1,1,36,3150.0,4400.0,0.4076,0.6504
DK01_to_DK03#alt1,1,37,3100.0,4450.0,0.503,0.7501
DK01_to_DK03#alt1,1,38,3100.0,4500.0,0.5903,0.7411
DK01_to_DK03#alt1,1,39,3100.0,4550.0,0.6889,0.6885
DK01_to_DK03#alt2,2,0,2100.0,3550.0,0.6889,0.7435
DK01_to_DK03#alt2,2,1,2150.0,3500.0,0.7165,0.7013
DK01_to_DK03#alt2,2,2,2200.0,3450.0,0.8465,0.4609
DK01_to_DK03#alt2,2,3,2250.0,3450.0,0.8465,0.3889
DK01_to_DK03#alt2,2,4,2300.0,3450.0,0.8465,0.3183
DK01_to_DK03#alt2,2,5,2350.0,3450.0,0.8465,0.2569
DK01_to_DK03#alt2,2,6,2400.0,3400.0,0.8465,0.1601
DK01_to_DK03#alt2,2,7,2450.0,3350.0,0.8465,0.1342
DK01_to_DK03#alt2,2,8,2500.0,3300.0,0.8465,0.12
DK01_to_DK03#alt2,2,9,2550.0,3250.0,0.7165,0.0965
DK01_to_DK03#alt2,2,10,2600.0,3200.0,0.6065,0.09
DK01_to_DK03#alt2,2,11,2650.0,3250.0,0.5483,0.1073
DK01_to_DK03#alt2,2,12,2700.0,3300.0,0.503,0.99
DK01_to_DK03#alt2,2,13,2750.0,3300.0,0.5134,0.99
DK01_to_DK03#alt2,2,14,2800.0,3300.0,0.5134,0.1587
DK01_to_DK03#alt2,2,15,2850.0,3300.0,0.5134,0.144
DK01_to_DK03#alt2,2,16,2900.0,3300.0,0.5134,0.1228
DK01_to_DK03#alt2,2,17,2950.0,3300.0,0.503,0.0983
DK01_to_DK03#alt2,2,18,3000.0,3300.0,0.4746,0.052
DK01_to_DK03#alt2,2,19,3050.0,3300.0,0.4346,0.0346
DK01_to_DK03#alt2,2,20,3100.0,3300.0,0.4076,0.0218
DK01_to_DK03#alt2,2,21,3150.0,3350.0,0.4076,0.99
DK01_to_DK03#alt2,2,22,3200.0,3400.0,0.4346,0.004
DK01_to_DK03#alt2,2,23,3250.0,3450.0,0.4346,0.002
DK01_to_DK03#alt2,2,24,3300.0,3500.0,0.4346,0.0008
DK01_to_DK03#alt2,2,25,3350.0,3550.0,0.4346,0.0004
DK01_to_DK03#alt2,2,26,3400.0,3600.0,0.503,0.99
DK01_to_DK03#alt2,2,27,3450.0,3650.0,0.5483,0.99
DK01_to_DK03#alt2,2,28,3500.0,3700.0,0.5483,0.99
DK01_to_DK03#alt2,2,29,3550.0,3750.0,0.503,0.99
DK01_to_DK03#alt2,2,30,3600.0,3800.0,0.4346,0.99
DK01_to_DK03#alt2,2,31,3650.0,3850.0,0.3895,0.99
DK01_to_DK03#alt2,2,32,3700.0,3900.0,0.4931,0.99
DK01_to_DK03#alt2,2,33,3700.0,3950.0,0.5483,0.0014
DK01_to_DK03#alt2,2,34,3700.0,4000.0,0.6241,0.0014
DK01_to_DK03#alt2,2,35,3650.0,4050.0,0.5903,0.0011
DK01_to_DK03#alt2,2,36,3650.0,4100.0,0.6065,0.99
DK01_to_DK03#alt2,2,37,3600.0,4150.0,0.5134,0.99
DK01_to_DK03#alt2,2,38,3550.0,4200.0,0.4346,0.99
DK01_to_DK03#alt2,2,39,3500.0,4250.0,0.3679,0.99
DK01_to_DK03#alt2,2,40,3500.0,4300.0,0.3679,0.99
DK01_to_DK03#alt2,2,41,3450.0,4350.0,0.3114,0.99
DK01_to_DK03#alt2,2,42,3400.0,4400.0,0.2609,0.0548
DK01_to_DK03#alt2,2,43,3350.0,4450.0,0.3006,0.1606
DK01_to_DK03#alt2,2,44,3300.0,4500.0,0.3784,0.99
DK01_to_DK03#alt2,2,45,3250.0,4550.0,0.4746,0.3384
DK01_to_DK03#alt2,2,46,3200.0,4550.0,0.5483,0.4418
DK01_to_DK03#alt2,2,47,3150.0,4550.0,0.6241,0.6332
DK01_to_DK03#alt2,2,48,3100.0,4550.0,0.6889,0.6885
DK02_to_DK06#alt0,0,0,300.0,4000.0,0.3114,0.6387
DK02_to_DK06#alt0,0,1,250.0,4050.0,0.2636,0.6153
DK02_to_DK06#alt0,0,2,200.0,4100.0,0.2231,0.99
DK02_to_DK06#alt0,0,3,150.0,4150.0,0.1873,0.99
DK02_to_DK06#alt0,0,4,100.0,4200.0,0.1551,0.99
DK02_to_DK06#alt0,0,5,50.0,4250.0,0.1273,0.99
DK02_to_DK06#alt0,0,6,0.0,4300.0,0.1036,0.99
DK02_to_DK06#alt0,0,7,0.0,4350.0,0.0883,0.99
DK02_to_DK06#alt0,0,8,0.0,4400.0,0.0752,0.99
DK02_to_DK06#alt0,0,9,0.0,4450.0,0.064,0.99
DK02_to_DK06#alt0,0,10,0.0,4500.0,0.0544,0.99
DK02_to_DK06#alt0,0,11,0.0,4550.0,0.0463,0.99
DK02_to_DK06#alt0,0,12,0.0,4600.0,0.0478,0.99
DK02_to_DK06#alt0,0,13,0.0,4650.0,0.0489,0.99
DK02_to_DK06#alt0,0,14,0.0,4700.0,0.0496,0.99
DK02_to_DK06#alt0,0,15,0.0,4750.0,0.0498,0.99
DK02_to_DK06#alt0,0,16,0.0,4800.0,0.0496,0.99
DK02_to_DK06#alt0,0,17,50.0,4850.0,0.0577,0.99
DK02_to_DK06#alt0,0,18,100.0,4900.0,0.0663,0.99
DK02_to_DK06#alt0,0,19,150.0,4950.0,0.0752,0.99
DK02_to_DK06#alt0,0,20,200.0,5000.0,0.0839,0.99
DK02_to_DK06#alt0,0,21,250.0,5000.0,0.0981,0.99
DK02_to_DK06#alt0,0,22,300.0,5000.0,0.1146,0.99
DK02_to_DK06#alt0,0,23,350.0,5000.0,0.1335,0.99
DK02_to_DK06#alt0,0,24,400.0,5000.0,0.1551,0.99
DK02_to_DK06#alt0,0,25,450.0,5000.0,0.1798,0.99
DK02_to_DK06#alt0,0,26,500.0,5000.0,0.2076,0.99
DK02_to_DK06#alt0,0,27,550.0,5000.0,0.2407,0.99
DK02_to_DK06#alt0,0,28,600.0,5000.0,0.281,0.99
DK02_to_DK06#alt0,0,29,650.0,5000.0,0.3269,0.99
DK02_to_DK06#alt0,0,30,700.0,5000.0,0.3784,0.99
DK02_to_DK06#alt0,0,31,750.0,5000.0,0.4346,0.99
DK02_to_DK06#alt0,0,32,800.0,5000.0,0.4931,0.99
DK02_to_DK06#alt0,0,33,850.0,5000.0,0.5483,0.99
DK02_to_DK06#alt0,0,34,900.0,5000.0,0.5903,0.99
DK02_to_DK06#alt0,0,35,950.0,5000.0,0.6065,0.99
DK02_to_DK06#alt0,0,36,1000.0,5000.0,0.6065,0.99
DK02_to_DK06#alt0,0,37,1050.0,5000.0,0.6065,0.99
DK02_to_DK06#alt0,0,38,1100.0,5000.0,0.6065,0.99
DK02_to_DK06#alt0,0,39,1150.0,5000.0,0.5903,0.99
DK02_to_DK06#alt0,0,40,1200.0,5000.0,0.5483,0.99
DK02_to_DK06#alt0,0,41,1250.0,5000.0,0.4931,0.99
DK02_to_DK06#alt0,0,42,1300.0,4950.0,0.4931,0.99
DK02_to_DK06#alt0,0,43,1350.0,4900.0,0.4746,0.99
DK02_to_DK06#alt0,0,44,1400.0,4850.0,0.4746,0.99
DK02_to_DK06#alt0,0,45,1450.0,4800.0,0.5903,0.99
DK02_to_DK06#alt0,0,46,1500.0,4750.0,0.7165,0.99
DK02_to_DK06#alt0,0,47,1450.0,4700.0,0.6889,0.99
DK02_to_DK06#alt0,0,48,1450.0,4650.0,0.7165,0.99
DK02_to_DK06#alt0,0,49,1450.0,4600.0,0.7165,0.1308
DK02_to_DK06#alt0,0,50,1450.0,4550.0,0.7165,0.1926
DK02_to_DK06#alt0,0,51,1450.0,4500.0,0.7165,0.2691
DK02_to_DK06#alt0,0,52,1450.0,4450.0,0.7165,0.446
DK02_to_DK06#alt0,0,53,1500.0,4400.0,0.8465,0.6242
DK02_to_DK06#alt0,0,54,1500.0,4350.0,0.8465,0.7006
DK02_to_DK06#alt0,0,55,1500.0,4300.0,0.8465,0.7424
DK02_to_DK06#alt1,1,0,300.0,4000.0,0.3114,0.6387
DK02_to_DK06#alt1,1,1,350.0,4050.0,0.2636,0.7045
DK02_to_DK06#alt1,1,2,400.0,4100.0,0.2231,0.7568
DK02_to_DK06#alt1,1,3,400.0,4150.0,0.1889,0.8125
DK02_to_DK06#alt1,1,4,400.0,4200.0,0.1599,0.858
DK02_to_DK06#alt1,1,5,450.0,4250.0,0.1344,0.8901
DK02_to_DK06#alt1,1,6,450.0,4300.0,0.1308,0.9095
DK02_to_DK06#alt1,1,7,450.0,4350.0,0.1432,0.8715
DK02_to_DK06#alt1,1,8,450.0,4400.0,0.1551,0.8057
DK02_to_DK06#alt1,1,9,450.0,4450.0,0.1661,0.7194
DK02_to_DK06#alt1,1,10,450.0,4500.0,0.1798,0.99
DK02_to_DK06#alt1,1,11,500.0,4550.0,0.2252,0.99
DK02_to_DK06#alt1,1,12,500.0,4600.0,0.2407,0.99
DK02_to_DK06#alt1,1,13,550.0,4650.0,0.2972,0.99
DK02_to_DK06#alt1,1,14,600.0,4700.0,0.3628,0.99
DK02_to_DK06#alt1,1,15,650.0,4700.0,0.4275,0.99
DK02_to_DK06#alt1,1,16,700.0,4700.0,0.503,0.99
DK02_to_DK06#alt1,1,17,750.0,4700.0,0.5903,0.99
DK02_to_DK06#alt1,1,18,800.0,4700.0,0.6889,0.99
DK02_to_DK06#alt1,1,19,850.0,4650.0,0.7165,0.99
DK02_to_DK06#alt1,1,20,900.0,4600.0,0.79,0.3709
DK02_to_DK06#alt1,1,21,950.0,4600.0,0.8465,0.3008
DK02_to_DK06#alt1,1,22,1000.0,4550.0,0.7165,0.2534
DK02_to_DK06#alt1,1,23,1050.0,4550.0,0.7165,0.2123
DK02_to_DK06#alt1,1,24,1100.0,4550.0,0.7165,0.1822
DK02_to_DK06#alt1,1,25,1150.0,4550.0,0.6889,0.1607
DK02_to_DK06#alt1,1,26,1200.0,4550.0,0.6241,0.1355
DK02_to_DK06#alt1,1,27,1250.0,4550.0,0.5483,0.1295
DK02_to_DK06#alt1,1,28,1300.0,4550.0,0.4931,0.1281
DK02_to_DK06#alt1,1,29,1350.0,4550.0,0.5134,0.1326
DK02_to_DK06#alt1,1,30,1400.0,4500.0,0.6065,0.229
DK02_to_DK06#alt1,1,31,1450.0,4450.0,0.7165,0.446
DK02_to_DK06#alt1,1,32,1500.0,4400.0,0.8465,0.6242
DK02_to_DK06#alt1,1,33,1500.0,4350.0,0.8465,0.7006
DK02_to_DK06#alt1,1,34,1500.0,4300.0,0.8465,0.7424
DK02_to_DK06#alt2,2,0,300.0,4000.0,0.3114,0.6387
DK02_to_DK06#alt2,2,1,350.0,4050.0,0.2636,0.7045
DK02_to_DK06#alt2,2,2,400.0,4100.0,0.2231,0.7568
DK02_to_DK06#alt2,2,3,450.0,4150.0,0.1873,0.7721
DK02_to_DK06#alt2,2,4,500.0,4200.0,0.1551,0.7841
DK02_to_DK06#alt2,2,5,550.0,4250.0,0.1517,0.7896
DK02_to_DK06#alt2,2,6,600.0,4300.0,0.1921,0.8118
DK02_to_DK06#alt2,2,7,650.0,4300.0,0.2151,0.99
DK02_to_DK06#alt2,2,8,700.0,4250.0,0.2076,0.99
DK02_to_DK06#alt2,2,9,750.0,4250.0,0.2252,0.99
DK02_to_DK06#alt2,2,10,800.0,4300.0,0.281,0.99
DK02_to_DK06#alt2,2,11,850.0,4350.0,0.3485,0.62
DK02_to_DK06#alt2,2,12,900.0,4350.0,0.3628,0.5799
DK02_to_DK06#alt2,2,13,950.0,4350.0,0.3679,0.542
DK02_to_DK06#alt2,2,14,1000.0,4350.0,0.3679,0.4681
DK02_to_DK06#alt2,2,15,1050.0,4350.0,0.3679,0.4306
DK02_to_DK06#alt2,2,16,1100.0,4350.0,0.3679,0.3933
DK02_to_DK06#alt2,2,17,1150.0,4350.0,0.3895,0.3582
DK02_to_DK06#alt2,2,18,1200.0,4350.0,0.4346,0.308
DK02_to_DK06#alt2,2,19,1250.0,4350.0,0.4746,0.3009
DK02_to_DK06#alt2,2,20,1300.0,4300.0,0.5903,0.313
DK02_to_DK06#alt2,2,21,1350.0,4300.0,0.6065,0.3506
DK02_to_DK06#alt2,2,22,1400.0,4300.0,0.6065,0.5083
DK02_to_DK06#alt2,2,23,1450.0,4300.0,0.7165,0.6212
DK02_to_DK06#alt2,2,24,1500.0,4300.0,0.8465,0.7424
DK02_to_DK05#alt0,0,0,300.0,4000.0,0.3114,0.6387
DK02_to_DK05#alt0,0,1,350.0,4050.0,0.2636,0.7045
DK02_to_DK05#alt0,0,2,400.0,4100.0,0.2231,0.7568
DK02_to_DK05#alt0,0,3,450.0,4150.0,0.1873,0.7721
DK02_to_DK05#alt0,0,4,450.0,4200.0,0.1587,0.8393
DK02_to_DK05#alt0,0,5,500.0,4250.0,0.1344,0.8553
DK02_to_DK05#alt0,0,6,550.0,4300.0,0.17,0.9065
DK02_to_DK05#alt0,0,7,600.0,4350.0,0.2151,0.8857
DK02_to_DK05#alt0,0,8,650.0,4400.0,0.2721,0.9156
DK02_to_DK05#alt0,0,9,650.0,4450.0,0.3006,0.9489
DK02_to_DK05#alt0,0,10,650.0,4500.0,0.3269,0.8844
DK02_to_DK05#alt1,1,0,300.0,4000.0,0.3114,0.6387
DK02_to_DK05#alt1,1,1,350.0,4050.0,0.2636,0.7045
DK02_to_DK05#alt1,1,2,400.0,4100.0,0.2231,0.7568
DK02_to_DK05#alt1,1,3,450.0,4150.0,0.1873,0.7721
DK02_to_DK05#alt1,1,4,500.0,4200.0,0.1551,0.7841
DK02_to_DK05#alt1,1,5,550.0,4250.0,0.1517,0.7896
DK02_to_DK05#alt1,1,6,600.0,4300.0,0.1921,0.8118
DK02_to_DK05#alt1,1,7,650.0,4350.0,0.2431,0.99
DK02_to_DK05#alt1,1,8,650.0,4400.0,0.2721,0.9156
DK02_to_DK05#alt1,1,9,650.0,4450.0,0.3006,0.9489
DK02_to_DK05#alt1,1,10,650.0,4500.0,0.3269,0.8844
DK02_to_DK05#alt2,2,0,300.0,4000.0,0.3114,0.6387
DK02_to_DK05#alt2,2,1,250.0,4050.0,0.2636,0.6153
DK02_to_DK05#alt2,2,2,200.0,4100.0,0.2231,0.99
DK02_to_DK05#alt2,2,3,200.0,4150.0,0.1889,0.99
DK02_to_DK05#alt2,2,4,250.0,4200.0,0.1599,0.99
DK02_to_DK05#alt2,2,5,300.0,4250.0,0.1353,0.6477
DK02_to_DK05#alt2,2,6,350.0,4300.0,0.1146,0.6672
DK02_to_DK05#alt2,2,7,400.0,4350.0,0.1239,0.802
DK02_to_DK05#alt2,2,8,450.0,4400.0,0.1551,0.8057
DK02_to_DK05#alt2,2,9,500.0,4450.0,0.1937,0.8031
DK02_to_DK05#alt2,2,10,550.0,4500.0,0.2407,0.7131
DK02_to_DK05#alt2,2,11,600.0,4500.0,0.281,0.854
DK02_to_DK05#alt2,2,12,650.0,4500.0,0.3269,0.8844
DK02_to_DK03#alt0,0,0,300.0,4000.0,0.3114,0.6387
DK02_to_DK03#alt0,0,1,350.0,3950.0,0.3679,0.592
DK02_to_DK03#alt0,0,2,400.0,3900.0,0.4346,0.4414
DK02_to_DK03#alt0,0,3,450.0,3850.0,0.503,0.2781
DK02_to_DK03#alt0,0,4,500.0,3800.0,0.5483,0.204
DK02_to_DK03#alt0,0,5,550.0,3750.0,0.5483,0.99
DK02_to_DK03#alt0,0,6,600.0,3700.0,0.5483,0.99
DK02_to_DK03#alt0,0,7,650.0,3650.0,0.5483,0.99
DK02_to_DK03#alt0,0,8,700.0,3600.0,0.503,0.99
DK02_to_DK03#alt0,0,9,750.0,3550.0,0.6241,0.99
DK02_to_DK03#alt0,0,10,800.0,3550.0,0.6889,0.99
DK02_to_DK03#alt0,0,11,850.0,3550.0,0.7165,0.99
DK02_to_DK03#alt0,0,12,900.0,3550.0,0.79,0.99
DK02_to_DK03#alt0,0,13,950.0,3550.0,0.8465,0.99
DK02_to_DK03#alt0,0,14,1000.0,3550.0,0.8465,0.99
DK02_to_DK03#alt0,0,15,1050.0,3550.0,0.8465,0.99
DK02_to_DK03#alt0,0,16,1100.0,3500.0,0.8465,0.99
DK02_to_DK03#alt0,0,17,1150.0,3450.0,0.8465,0.99
DK02_to_DK03#alt0,0,18,1200.0,3400.0,0.8465,0.99
DK02_to_DK03#alt0,0,19,1250.0,3400.0,0.7165,0.99
DK02_to_DK03#alt0,0,20,1300.0,3400.0,0.6065,0.99
DK02_to_DK03#alt0,0,21,1350.0,3350.0,0.6241,0.4117
DK02_to_DK03#alt0,0,22,1400.0,3350.0,0.6889,0.4636
DK02_to_DK03#alt0,0,23,1450.0,3400.0,0.6065,0.4157
DK02_to_DK03#alt0,0,24,1500.0,3400.0,0.6065,0.3892
DK02_to_DK03#alt0,0,25,1550.0,3400.0,0.6065,0.3532
DK02_to_DK03#alt0,0,26,1600.0,3400.0,0.5903,0.2773
DK02_to_DK03#alt0,0,27,1650.0,3400.0,0.5483,0.2449
DK02_to_DK03#alt0,0,28,1700.0,3400.0,0.503,0.2183
DK02_to_DK03#alt0,0,29,1750.0,3400.0,0.5483,0.1993
DK02_to_DK03#alt0,0,30,1800.0,3400.0,0.5903,0.1951
DK02_to_DK03#alt0,0,31,1850.0,3400.0,0.6065,0.2161
DK02_to_DK03#alt0,0,32,1900.0,3400.0,0.6065,0.2543
DK02_to_DK03#alt0,0,33,1950.0,3400.0,0.6889,0.3064
DK02_to_DK03#alt0,0,34,2000.0,3400.0,0.79,0.4208
DK02_to_DK03#alt0,0,35,2050.0,3450.0,0.7165,0.5576
DK02_to_DK03#alt0,0,36,2100.0,3500.0,0.6889,0.7225
DK02_to_DK03#alt0,0,37,2150.0,3500.0,0.7165,0.7013
DK02_to_DK03#alt0,0,38,2200.0,3500.0,0.7165,0.5627
DK02_to_DK03#alt0,0,39,2250.0,3500.0,0.7165,0.4715
DK02_to_DK03#alt0,0,40,2300.0,3550.0,0.8465,0.3953
DK02_to_DK03#alt0,0,41,2350.0,3550.0,0.8465,0.3205
DK02_to_DK03#alt0,0,42,2400.0,3550.0,0.8465,0.2203
DK02_to_DK03#alt0,0,43,2450.0,3600.0,0.8465,0.2041
DK02_to_DK03#alt0,0,44,2500.0,3550.0,0.7165,0.1766
DK02_to_DK03#alt0,0,45,2550.0,3500.0,0.5903,0.1634
DK02_to_DK03#alt0,0,46,2600.0,3500.0,0.5483,0.1887
DK02_to_DK03#alt0,0,47,2650.0,3500.0,0.6241,0.2101
DK02_to_DK03#alt0,0,48,2700.0,3500.0,0.6889,0.2306
DK02_to_DK03#alt0,0,49,2750.0,3500.0,0.79,0.2446
DK02_to_DK03#alt0,0,50,2800.0,3500.0,0.8465,0.2351
DK02_to_DK03#alt0,0,51,2850.0,3500.0,0.8465,0.2102
DK02_to_DK03#alt0,0,52,2900.0,3500.0,0.8465,0.99
DK02_to_DK03#alt0,0,53,2950.0,3500.0,0.8465,0.99
DK02_to_DK03#alt0,0,54,3000.0,3550.0,0.8465,0.99
DK02_to_DK03#alt0,0,55,3050.0,3550.0,0.8465,0.99
DK02_to_DK03#alt0,0,56,3100.0,3600.0,0.8465,0.99
DK02_to_DK03#alt0,0,57,3150.0,3650.0,0.8465,0.015
DK02_to_DK03#alt0,0,58,3200.0,3700.0,0.8465,0.0069
DK02_to_DK03#alt0,0,59,3250.0,3750.0,0.8465,0.99
DK02_to_DK03#alt0,0,60,3200.0,3800.0,0.8465,0.0119
DK02_to_DK03#alt0,0,61,3150.0,3850.0,0.8465,0.0429
DK02_to_DK03#alt0,0,62,3150.0,3900.0,0.8465,0.0627
DK02_to_DK03#alt0,0,63,3100.0,3950.0,0.8465,0.99
DK02_to_DK03#alt0,0,64,3100.0,4000.0,0.8465,0.99
DK02_to_DK03#alt0,0,65,3100.0,4050.0,0.79,0.99
DK02_to_DK03#alt0,0,66,3100.0,4100.0,0.6889,0.99
DK02_to_DK03#alt0,0,67,3100.0,4150.0,0.5903,0.99
DK02_to_DK03#alt0,0,68,3100.0,4200.0,0.503,0.3895
DK02_to_DK03#alt0,0,69,3100.0,4250.0,0.4346,0.4638
DK02_to_DK03#alt0,0,70,3100.0,4300.0,0.3784,0.6043
DK02_to_DK03#alt0,0,71,3100.0,4350.0,0.3628,0.6653
DK02_to_DK03#alt0,0,72,3100.0,4400.0,0.4275,0.7158
DK02_to_DK03#alt0,0,73,3100.0,4450.0,0.503,0.7501
DK02_to_DK03#alt0,0,74,3100.0,4500.0,0.5903,0.7411
DK02_to_DK03#alt0,0,75,3100.0,4550.0,0.6889,0.6885
DK02_to_DK03#alt1,1,0,300.0,4000.0,0.3114,0.6387
DK02_to_DK03#alt1,1,1,350.0,3950.0,0.3679,0.592
DK02_to_DK03#alt1,1,2,400.0,3900.0,0.4346,0.4414
DK02_to_DK03#alt1,1,3,450.0,3850.0,0.503,0.2781
DK02_to_DK03#alt1,1,4,500.0,3800.0,0.5483,0.204
DK02_to_DK03#alt1,1,5,550.0,3750.0,0.5483,0.99
DK02_to_DK03#alt1,1,6,600.0,3700.0,0.5483,0.99
DK02_to_DK03#alt1,1,7,650.0,3650.0,0.5483,0.99
DK02_to_DK03#alt1,1,8,700.0,3600.0,0.503,0.99
DK02_to_DK03#alt1,1,9,750.0,3550.0,0.6241,0.99
DK02_to_DK03#alt1,1,10,800.0,3550.0,0.6889,0.99
DK02_to_DK03#alt1,1,11,850.0,3550.0,0.7165,0.99
DK02_to_DK03#alt1,1,12,900.0,3550.0,0.79,0.99
DK02_to_DK03#alt1,1,13,950.0,3550.0,0.8465,0.99
DK02_to_DK03#alt1,1,14,1000.0,3550.0,0.8465,0.99
DK02_to_DK03#alt1,1,15,1050.0,3550.0,0.8465,0.99
DK02_to_DK03#alt1,1,16,1100.0,3500.0,0.8465,0.99
DK02_to_DK03#alt1,1,17,1150.0,3450.0,0.8465,0.99
DK02_to_DK03#alt1,1,18,1200.0,3400.0,0.8465,0.99
DK02_to_DK03#alt1,1,19,1250.0,3400.0,0.7165,0.99
DK02_to_DK03#alt1,1,20,1300.0,3400.0,0.6065,0.99
DK02_to_DK03#alt1,1,21,1350.0,3350.0,0.6241,0.4117
DK02_to_DK03#alt1,1,22,1400.0,3350.0,0.6889,0.4636
DK02_to_DK03#alt1,1,23,1450.0,3400.0,0.6065,0.4157
DK02_to_DK03#alt1,1,24,1500.0,3400.0,0.6065,0.3892
DK02_to_DK03#alt1,1,25,1550.0,3400.0,0.6065,0.3532
DK02_to_DK03#alt1,1,26,1600.0,3400.0,0.5903,0.2773
DK02_to_DK03#alt1,1,27,1650.0,3400.0,0.5483,0.2449
DK02_to_DK03#alt1,1,28,1700.0,3400.0,0.503,0.2183
DK02_to_DK03#alt1,1,29,1750.0,3400.0,0.5483,0.1993
DK02_to_DK03#alt1,1,30,1800.0,3400.0,0.5903,0.1951
DK02_to_DK03#alt1,1,31,1850.0,3400.0,0.6065,0.2161
DK02_to_DK03#alt1,1,32,1900.0,3400.0,0.6065,0.2543
DK02_to_DK03#alt1,1,33,1950.0,3400.0,0.6889,0.3064
DK02_to_DK03#alt1,1,34,2000.0,3400.0,0.79,0.4208
DK02_to_DK03#alt1,1,35,2050.0,3450.0,0.7165,0.5576
DK02_to_DK03#alt1,1,36,2100.0,3500.0,0.6889,0.7225
DK02_to_DK03#alt1,1,37,2150.0,3500.0,0.7165,0.7013
DK02_to_DK03#alt1,1,38,2200.0,3500.0,0.7165,0.5627
DK02_to_DK03#alt1,1,39,2250.0,3500.0,0.7165,0.4715
DK02_to_DK03#alt1,1,40,2300.0,3550.0,0.8465,0.3953
DK02_to_DK03#alt1,1,41,2350.0,3550.0,0.8465,0.3205
DK02_to_DK03#alt1,1,42,2400.0,3550.0,0.8465,0.2203
DK02_to_DK03#alt1,1,43,2450.0,3600.0,0.8465,0.2041
DK02_to_DK03#alt1,1,44,2500.0,3550.0,0.7165,0.1766
DK02_to_DK03#alt1,1,45,2550.0,3500.0,0.5903,0.1634
DK02_to_DK03#alt1,1,46,2600.0,3500.0,0.5483,0.1887
DK02_to_DK03#alt1,1,47,2650.0,3500.0,0.6241,0.2101
DK02_to_DK03#alt1,1,48,2700.0,3500.0,0.6889,0.2306
DK02_to_DK03#alt1,1,49,2750.0,3500.0,0.79,0.2446
DK02_to_DK03#alt1,1,50,2800.0,3500.0,0.8465,0.2351
DK02_to_DK03#alt1,1,51,2850.0,3500.0,0.8465,0.2102
DK02_to_DK03#alt1,1,52,2900.0,3500.0,0.8465,0.99
DK02_to_DK03#alt1,1,53,2950.0,3500.0,0.8465,0.99
DK02_to_DK03#alt1,1,54,3000.0,3550.0,0.8465,0.99
DK02_to_DK03#alt1,1,55,3050.0,3550.0,0.8465,0.99
DK02_to_DK03#alt1,1,56,3100.0,3600.0,0.8465,0.99
DK02_to_DK03#alt1,1,57,3150.0,3650.0,0.8465,0.015
DK02_to_DK03#alt1,1,58,3200.0,3700.0,0.8465,0.0069
DK02_to_DK03#alt1,1,59,3250.0,3750.0,0.8465,0.99
DK02_to_DK03#alt1,1,60,3300.0,3800.0,0.6889,0.99
DK02_to_DK03#alt1,1,61,3300.0,3850.0,0.6241,0.99
DK02_to_DK03#alt1,1,62,3300.0,3900.0,0.5483,0.0099
DK02_to_DK03#alt1,1,63,3300.0,3950.0,0.503,0.0149
DK02_to_DK03#alt1,1,64,3300.0,4000.0,0.4746,0.0224
DK02_to_DK03#alt1,1,65,3300.0,4050.0,0.4346,0.0333
DK02_to_DK03#alt1,1,66,3300.0,4100.0,0.4076,0.0663
DK02_to_DK03#alt1,1,67,3300.0,4150.0,0.3784,0.0877
DK02_to_DK03#alt1,1,68,3300.0,4200.0,0.344,0.111
DK02_to_DK03#alt1,1,69,3300.0,4250.0,0.3077,0.135
DK02_to_DK03#alt1,1,70,3250.0,4300.0,0.3006,0.2658
DK02_to_DK03#alt1,1,71,3200.0,4350.0,0.3269,0.4024
DK02_to_DK03#alt1,1,72,3150.0,4400.0,0.4076,0.6504
DK02_to_DK03#alt1,1,73,3100.0,4450.0,0.503,0.7501
DK02_to_DK03#alt1,1,74,3100.0,4500.0,0.5903,0.7411
DK02_to_DK03#alt1,1,75,3100.0,4550.0,0.6889,0.6885
DK02_to_DK03#alt2,2,0,300.0,4000.0,0.3114,0.6387
DK02_to_DK03#alt2,2,1,350.0,3950.0,0.3679,0.592
DK02_to_DK03#alt2,2,2,400.0,3900.0,0.4346,0.4414
DK02_to_DK03#alt2,2,3,450.0,3850.0,0.503,0.2781
DK02_to_DK03#alt2,2,4,500.0,3800.0,0.5483,0.204
DK02_to_DK03#alt2,2,5,550.0,3800.0,0.4931,0.99
DK02_to_DK03#alt2,2,6,600.0,3750.0,0.4931,0.99
DK02_to_DK03#alt2,2,7,650.0,3700.0,0.4931,0.99
DK02_to_DK03#alt2,2,8,700.0,3650.0,0.4746,0.99
DK02_to_DK03#alt2,2,9,750.0,3600.0,0.5483,0.99
DK02_to_DK03#alt2,2,10,800.0,3550.0,0.6889,0.99
DK02_to_DK03#alt2,2,11,850.0,3550.0,0.7165,0.99
DK02_to_DK03#alt2,2,12,900.0,3550.0,0.79,0.99
DK02_to_DK03#alt2,2,13,950.0,3550.0,0.8465,0.99
DK02_to_DK03#alt2,2,14,1000.0,3550.0,0.8465,0.99
DK02_to_DK03#alt2,2,15,1050.0,3550.0,0.8465,0.99
DK02_to_DK03#alt2,2,16,1100.0,3500.0,0.8465,0.99
DK02_to_DK03#alt2,2,17,1150.0,3450.0,0.8465,0.99
DK02_to_DK03#alt2,2,18,1200.0,3400.0,0.8465,0.99
DK02_to_DK03#alt2,2,19,1250.0,3400.0,0.7165,0.99
DK02_to_DK03#alt2,2,20,1300.0,3400.0,0.6065,0.99
DK02_to_DK03#alt2,2,21,1350.0,3400.0,0.5483,0.3815
DK02_to_DK03#alt2,2,22,1400.0,3400.0,0.5903,0.4257
DK02_to_DK03#alt2,2,23,1450.0,3400.0,0.6065,0.4157
DK02_to_DK03#alt2,2,24,1500.0,3400.0,0.6065,0.3892
DK02_to_DK03#alt2,2,25,1550.0,3400.0,0.6065,0.3532
DK02_to_DK03#alt2,2,26,1600.0,3400.0,0.5903,0.2773
DK02_to_DK03#alt2,2,27,1650.0,3400.0,0.5483,0.2449
DK02_to_DK03#alt2,2,28,1700.0,3400.0,0.503,0.2183
DK02_to_DK03#alt2,2,29,1750.0,3400.0,0.5483,0.1993
DK02_to_DK03#alt2,2,30,1800.0,3400.0,0.5903,0.1951
DK02_to_DK03#alt2,2,31,1850.0,3400.0,0.6065,0.2161
DK02_to_DK03#alt2,2,32,1900.0,3400.0,0.6065,0.2543
DK02_to_DK03#alt2,2,33,1950.0,3400.0,0.6889,0.3064
DK02_to_DK03#alt2,2,34,2000.0,3400.0,0.79,0.4208
DK02_to_DK03#alt2,2,35,2050.0,3450.0,0.7165,0.5576
DK02_to_DK03#alt2,2,36,2100.0,3450.0,0.79,0.5778
DK02_to_DK03#alt2,2,37,2150.0,3450.0,0.8465,0.5653
DK02_to_DK03#alt2,2,38,2200.0,3450.0,0.8465,0.4609
DK02_to_DK03#alt2,2,39,2250.0,3450.0,0.8465,0.3889
DK02_to_DK03#alt2,2,40,2300.0,3450.0,0.8465,0.3183
DK02_to_DK03#alt2,2,41,2350.0,3450.0,0.8465,0.2569
DK02_to_DK03#alt2,2,42,2400.0,3400.0,0.8465,0.1601
DK02_to_DK03#alt2,2,43,2450.0,3350.0,0.8465,0.1342
DK02_to_DK03#alt2,2,44,2500.0,3300.0,0.8465,0.12
DK02_to_DK03#alt2,2,45,2550.0,3250.0,0.7165,0.0965
DK02_to_DK03#alt2,2,46,2600.0,3200.0,0.6065,0.09
DK02_to_DK03#alt2,2,47,2650.0,3150.0,0.7165,0.0959
DK02_to_DK03#alt2,2,48,2700.0,3150.0,0.79,0.1119
DK02_to_DK03#alt2,2,49,2750.0,3150.0,0.8465,0.1293
DK02_to_DK03#alt2,2,50,2800.0,3150.0,0.8465,0.1535
DK02_to_DK03#alt2,2,51,2850.0,3150.0,0.8465,0.99
DK02_to_DK03#alt2,2,52,2900.0,3150.0,0.8465,0.1455
DK02_to_DK03#alt2,2,53,2950.0,3100.0,0.8465,0.1542
DK02_to_DK03#alt2,2,54,3000.0,3100.0,0.8465,0.1009
DK02_to_DK03#alt2,2,55,3050.0,3100.0,0.79,0.0744
DK02_to_DK03#alt2,2,56,3100.0,3150.0,0.6241,0.0424
DK02_to_DK03#alt2,2,57,3150.0,3200.0,0.5134,0.0226
DK02_to_DK03#alt2,2,58,3200.0,3250.0,0.4275,0.008
DK02_to_DK03#alt2,2,59,3250.0,3300.0,0.3485,0.0034
DK02_to_DK03#alt2,2,60,3300.0,3350.0,0.3485,0.0018
DK02_to_DK03#alt2,2,61,3350.0,3400.0,0.4275,0.0009
DK02_to_DK03#alt2,2,62,3400.0,3450.0,0.5134,0.99
DK02_to_DK03#alt2,2,63,3450.0,3500.0,0.6065,0.99
DK02_to_DK03#alt2,2,64,3500.0,3550.0,0.7165,0.99
DK02_to_DK03#alt2,2,65,3550.0,3600.0,0.79,0.99
DK02_to_DK03#alt2,2,66,3600.0,3650.0,0.7165,0.99
DK02_to_DK03#alt2,2,67,3650.0,3700.0,0.6065,0.99
DK02_to_DK03#alt2,2,68,3700.0,3750.0,0.5134,0.99
DK02_to_DK03#alt2,2,69,3750.0,3800.0,0.4275,0.99
DK02_to_DK03#alt2,2,70,3750.0,3850.0,0.4746,0.99
DK02_to_DK03#alt2,2,71,3750.0,3900.0,0.5483,0.99
DK02_to_DK03#alt2,2,72,3750.0,3950.0,0.6241,0.0019
DK02_to_DK03#alt2,2,73,3750.0,4000.0,0.6889,0.0021
DK02_to_DK03#alt2,2,74,3750.0,4050.0,0.79,0.0021
DK02_to_DK03#alt2,2,75,3750.0,4100.0,0.8465,0.99
DK02_to_DK03#alt2,2,76,3750.0,4150.0,0.8465,0.99
DK02_to_DK03#alt2,2,77,3750.0,4200.0,0.8465,0.99
DK02_to_DK03#alt2,2,78,3750.0,4250.0,0.8465,0.99
DK02_to_DK03#alt2,2,79,3750.0,4300.0,0.8465,0.99
DK02_to_DK03#alt2,2,80,3700.0,4350.0,0.7165,0.99
DK02_to_DK03#alt2,2,81,3700.0,4400.0,0.6889,0.99
DK02_to_DK03#alt2,2,82,3650.0,4450.0,0.5483,0.99
DK02_to_DK03#alt2,2,83,3600.0,4500.0,0.4346,0.99
DK02_to_DK03#alt2,2,84,3550.0,4550.0,0.344,0.0708
DK02_to_DK03#alt2,2,85,3500.0,4600.0,0.2721,0.1017
DK02_to_DK03#alt2,2,86,3450.0,4600.0,0.2609,0.1066
DK02_to_DK03#alt2,2,87,3400.0,4600.0,0.3077,0.99
DK02_to_DK03#alt2,2,88,3350.0,4600.0,0.3628,0.1749
DK02_to_DK03#alt2,2,89,3300.0,4600.0,0.4275,0.2319
DK02_to_DK03#alt2,2,90,3250.0,4600.0,0.503,0.3075
DK02_to_DK03#alt2,2,91,3200.0,4550.0,0.5483,0.4418
DK02_to_DK03#alt2,2,92,3150.0,4550.0,0.6241,0.6332
DK02_to_DK03#alt2,2,93,3100.0,4550.0,0.6889,0.6885
DK06_to_DK05#alt0,0,0,1500.0,4300.0,0.8465,0.7424
DK06_to_DK05#alt0,0,1,1450.0,4350.0,0.7165,0.5893
DK06_to_DK05#alt0,0,2,1400.0,4400.0,0.6065,0.4392
DK06_to_DK05#alt0,0,3,1350.0,4450.0,0.5134,0.2807
DK06_to_DK05#alt0,0,4,1300.0,4500.0,0.4346,0.1724
DK06_to_DK05#alt0,0,5,1250.0,4550.0,0.5483,0.1295
DK06_to_DK05#alt0,0,6,1200.0,4550.0,0.6241,0.1355
DK06_to_DK05#alt0,0,7,1150.0,4550.0,0.6889,0.1607
DK06_to_DK05#alt0,0,8,1100.0,4550.0,0.7165,0.1822
DK06_to_DK05#alt0,0,9,1050.0,4550.0,0.7165,0.2123
DK06_to_DK05#alt0,0,10,1000.0,4550.0,0.7165,0.2534
DK06_to_DK05#alt0,0,11,950.0,4550.0,0.7165,0.3743
DK06_to_DK05#alt0,0,12,900.0,4500.0,0.5903,0.5245
DK06_to_DK05#alt0,0,13,850.0,4500.0,0.5483,0.6141
DK06_to_DK05#alt0,0,14,800.0,4500.0,0.4931,0.704
DK06_to_DK05#alt0,0,15,750.0,4500.0,0.4346,0.8469
DK06_to_DK05#alt0,0,16,700.0,4500.0,0.3784,0.8818
DK06_to_DK05#alt0,0,17,650.0,4500.0,0.3269,0.8844
DK06_to_DK05#alt1,1,0,1500.0,4300.0,0.8465,0.7424
DK06_to_DK05#alt1,1,1,1450.0,4350.0,0.7165,0.5893
DK06_to_DK05#alt1,1,2,1400.0,4400.0,0.6065,0.4392
DK06_to_DK05#alt1,1,3,1350.0,4450.0,0.5134,0.2807
DK06_to_DK05#alt1,1,4,1300.0,4500.0,0.4346,0.1724
DK06_to_DK05#alt1,1,5,1250.0,4550.0,0.5483,0.1295
DK06_to_DK05#alt1,1,6,1200.0,4550.0,0.6241,0.1355
DK06_to_DK05#alt1,1,7,1150.0,4550.0,0.6889,0.1607
DK06_to_DK05#alt1,1,8,1100.0,4550.0,0.7165,0.1822
DK06_to_DK05#alt1,1,9,1050.0,4550.0,0.7165,0.2123
DK06_to_DK05#alt1,1,10,1000.0,4550.0,0.7165,0.2534
DK06_to_DK05#alt1,1,11,950.0,4550.0,0.7165,0.3743
DK06_to_DK05#alt1,1,12,900.0,4500.0,0.5903,0.5245
DK06_to_DK05#alt1,1,13,850.0,4500.0,0.5483,0.6141
DK06_to_DK05#alt1,1,14,800.0,4500.0,0.4931,0.704
DK06_to_DK05#alt1,1,15,750.0,4500.0,0.4346,0.8469
DK06_to_DK05#alt1,1,16,700.0,4500.0,0.3784,0.8818
DK06_to_DK05#alt1,1,17,650.0,4500.0,0.3269,0.8844
DK06_to_DK05#alt2,2,0,1500.0,4300.0,0.8465,0.7424
DK06_to_DK05#alt2,2,1,1450.0,4350.0,0.7165,0.5893
DK06_to_DK05#alt2,2,2,1400.0,4400.0,0.6065,0.4392
DK06_to_DK05#alt2,2,3,1350.0,4450.0,0.5134,0.2807
DK06_to_DK05#alt2,2,4,1300.0,4500.0,0.4346,0.1724
DK06_to_DK05#alt2,2,5,1250.0,4550.0,0.5483,0.1295
DK06_to_DK05#alt2,2,6,1200.0,4550.0,0.6241,0.1355
DK06_to_DK05#alt2,2,7,1150.0,4550.0,0.6889,0.1607
DK06_to_DK05#alt2,2,8,1100.0,4550.0,0.7165,0.1822
DK06_to_DK05#alt2,2,9,1050.0,4550.0,0.7165,0.2123
DK06_to_DK05#alt2,2,10,1000.0,4550.0,0.7165,0.2534
DK06_to_DK05#alt2,2,11,950.0,4550.0,0.7165,0.3743
DK06_to_DK05#alt2,2,12,900.0,4500.0,0.5903,0.5245
DK06_to_DK05#alt2,2,13,850.0,4500.0,0.5483,0.6141
DK06_to_DK05#alt2,2,14,800.0,4500.0,0.4931,0.704
DK06_to_DK05#alt2,2,15,750.0,4500.0,0.4346,0.8469
DK06_to_DK05#alt2,2,16,700.0,4500.0,0.3784,0.8818
DK06_to_DK05#alt2,2,17,650.0,4500.0,0.3269,0.8844
DK06_to_DK03#alt0,0,0,1500.0,4300.0,0.8465,0.7424
DK06_to_DK03#alt0,0,1,1500.0,4250.0,0.8465,0.7021
DK06_to_DK03#alt0,0,2,1550.0,4200.0,0.8465,0.7318
DK06_to_DK03#alt0,0,3,1550.0,4150.0,0.8465,0.6256
DK06_to_DK03#alt0,0,4,1600.0,4100.0,0.8465,0.6288
DK06_to_DK03#alt0,0,5,1650.0,4050.0,0.8465,0.99
DK06_to_DK03#alt0,0,6,1700.0,4000.0,0.8465,0.99
DK06_to_DK03#alt0,0,7,1750.0,3950.0,0.8465,0.99
DK06_to_DK03#alt0,0,8,1800.0,3900.0,0.8465,0.5248
DK06_to_DK03#alt0,0,9,1850.0,3850.0,0.79,0.4427
DK06_to_DK03#alt0,0,10,1900.0,3800.0,0.7165,0.426
DK06_to_DK03#alt0,0,11,1950.0,3750.0,0.7165,0.4317
DK06_to_DK03#alt0,0,12,2000.0,3700.0,0.79,0.5096
DK06_to_DK03#alt0,0,13,2050.0,3650.0,0.79,0.6609
DK06_to_DK03#alt0,0,14,2100.0,3600.0,0.79,0.723
DK06_to_DK03#alt0,0,15,2150.0,3550.0,0.79,0.719
DK06_to_DK03#alt0,0,16,2200.0,3500.0,0.7165,0.5627
DK06_to_DK03#alt0,0,17,2250.0,3450.0,0.8465,0.3889
DK06_to_DK03#alt0,0,18,2300.0,3450.0,0.8465,0.3183
DK06_to_DK03#alt0,0,19,2350.0,3450.0,0.8465,0.2569
DK06_to_DK03#alt0,0,20,2400.0,3400.0,0.8465,0.1601
DK06_to_DK03#alt0,0,21,2450.0,3350.0,0.8465,0.1342
DK06_to_DK03#alt0,0,22,2500.0,3300.0,0.8465,0.12
DK06_to_DK03#alt0,0,23,2550.0,3250.0,0.7165,0.0965
DK06_to_DK03#alt0,0,24,2600.0,3200.0,0.6065,0.09
DK06_to_DK03#alt0,0,25,2650.0,3150.0,0.7165,0.0959
DK06_to_DK03#alt0,0,26,2700.0,3150.0,0.79,0.1119
DK06_to_DK03#alt0,0,27,2750.0,3150.0,0.8465,0.1293
DK06_to_DK03#alt0,0,28,2800.0,3150.0,0.8465,0.1535
DK06_to_DK03#alt0,0,29,2850.0,3150.0,0.8465,0.99
DK06_to_DK03#alt0,0,30,2900.0,3150.0,0.8465,0.1455
DK06_to_DK03#alt0,0,31,2950.0,3100.0,0.8465,0.1542
DK06_to_DK03#alt0,0,32,3000.0,3100.0,0.8465,0.1009
DK06_to_DK03#alt0,0,33,3050.0,3100.0,0.79,0.0744
DK06_to_DK03#alt0,0,34,3100.0,3100.0,0.7165,0.0519
DK06_to_DK03#alt0,0,35,3150.0,3150.0,0.6065,0.0286
DK06_to_DK03#alt0,0,36,3200.0,3200.0,0.503,0.0104
DK06_to_DK03#alt0,0,37,3250.0,3250.0,0.4076,0.0058
DK06_to_DK03#alt0,0,38,3300.0,3300.0,0.3269,0.0025
DK06_to_DK03#alt0,0,39,3350.0,3300.0,0.3784,0.99
DK06_to_DK03#alt0,0,40,3400.0,3350.0,0.4746,0.99
DK06_to_DK03#alt0,0,41,3450.0,3400.0,0.5903,0.99
DK06_to_DK03#alt0,0,42,3500.0,3400.0,0.6889,0.0004
DK06_to_DK03#alt0,0,43,3550.0,3400.0,0.79,0.0004
DK06_to_DK03#alt0,0,44,3600.0,3400.0,0.8465,0.0003
DK06_to_DK03#alt0,0,45,3650.0,3400.0,0.8465,0.0002
DK06_to_DK03#alt0,0,46,3700.0,3400.0,0.8465,0.99
DK06_to_DK03#alt0,0,47,3750.0,3450.0,0.8465,0.99
DK06_to_DK03#alt0,0,48,3800.0,3500.0,0.7165,0.99
DK06_to_DK03#alt0,0,49,3850.0,3550.0,0.6065,0.99
DK06_to_DK03#alt0,0,50,3900.0,3600.0,0.503,0.99
DK06_to_DK03#alt0,0,51,3900.0,3650.0,0.4746,0.0006
DK06_to_DK03#alt0,0,52,3950.0,3700.0,0.3784,0.0026
DK06_to_DK03#alt0,0,53,3950.0,3750.0,0.4346,0.0042
DK06_to_DK03#alt0,0,54,3950.0,3800.0,0.5134,0.0066
DK06_to_DK03#alt0,0,55,3950.0,3850.0,0.6065,0.0096
DK06_to_DK03#alt0,0,56,4000.0,3900.0,0.7165,0.0326
DK06_to_DK03#alt0,0,57,4050.0,3950.0,0.79,0.0494
DK06_to_DK03#alt0,0,58,4100.0,4000.0,0.8465,0.0653
DK06_to_DK03#alt0,0,59,4150.0,4050.0,0.8465,0.0749
DK06_to_DK03#alt0,0,60,4200.0,4100.0,0.8465,0.0647
DK06_to_DK03#alt0,0,61,4250.0,4150.0,0.8465,0.0486
DK06_to_DK03#alt0,0,62,4300.0,4200.0,0.7165,0.99
DK06_to_DK03#alt0,0,63,4350.0,4250.0,0.6065,0.99
DK06_to_DK03#alt0,0,64,4400.0,4300.0,0.5134,0.99
DK06_to_DK03#alt0,0,65,4400.0,4350.0,0.503,0.99
DK06_to_DK03#alt0,0,66,4400.0,4400.0,0.4746,0.99
DK06_to_DK03#alt0,0,67,4350.0,4450.0,0.4931,0.99
DK06_to_DK03#alt0,0,68,4300.0,4500.0,0.4931,0.99
DK06_to_DK03#alt0,0,69,4250.0,4550.0,0.4931,0.99
DK06_to_DK03#alt0,0,70,4200.0,4600.0,0.4931,0.99
DK06_to_DK03#alt0,0,71,4150.0,4650.0,0.4746,0.99
DK06_to_DK03#alt0,0,72,4100.0,4700.0,0.4275,0.99
DK06_to_DK03#alt0,0,73,4050.0,4750.0,0.3679,0.99
DK06_to_DK03#alt0,0,74,4000.0,4800.0,0.3114,0.99
DK06_to_DK03#alt0,0,75,3950.0,4850.0,0.2636,0.99
DK06_to_DK03#alt0,0,76,3900.0,4900.0,0.2211,0.1787
DK06_to_DK03#alt0,0,77,3850.0,4950.0,0.1827,0.182
DK06_to_DK03#alt0,0,78,3800.0,5000.0,0.1495,0.1619
DK06_to_DK03#alt0,0,79,3750.0,5000.0,0.1422,0.1147
DK06_to_DK03#alt0,0,80,3700.0,5000.0,0.1335,0.99
DK06_to_DK03#alt0,0,81,3650.0,5000.0,0.1239,0.99
DK06_to_DK03#alt0,0,82,3600.0,5000.0,0.1335,0.99
DK06_to_DK03#alt0,0,83,3550.0,5000.0,0.1551,0.99
DK06_to_DK03#alt0,0,84,3500.0,5000.0,0.1798,0.99
DK06_to_DK03#alt0,0,85,3450.0,5000.0,0.2076,0.99
DK06_to_DK03#alt0,0,86,3400.0,5000.0,0.2384,0.99
DK06_to_DK03#alt0,0,87,3350.0,5000.0,0.2721,0.99
DK06_to_DK03#alt0,0,88,3300.0,4950.0,0.344,0.99
DK06_to_DK03#alt0,0,89,3250.0,4950.0,0.3895,0.99
DK06_to_DK03#alt0,0,90,3200.0,4900.0,0.4931,0.99
DK06_to_DK03#alt0,0,91,3150.0,4850.0,0.6241,0.99
DK06_to_DK03#alt0,0,92,3100.0,4800.0,0.79,0.99
DK06_to_DK03#alt0,0,93,3150.0,4750.0,0.7165,0.99
DK06_to_DK03#alt0,0,94,3150.0,4700.0,0.7165,0.99
DK06_to_DK03#alt0,0,95,3100.0,4650.0,0.8465,0.5032
DK06_to_DK03#alt0,0,96,3100.0,4600.0,0.79,0.606
DK06_to_DK03#alt0,0,97,3100.0,4550.0,0.6889,0.6885
DK06_to_DK03#alt1,1,0,1500.0,4300.0,0.8465,0.7424
DK06_to_DK03#alt1,1,1,1500.0,4250.0,0.8465,0.7021
DK06_to_DK03#alt1,1,2,1550.0,4200.0,0.8465,0.7318
DK06_to_DK03#alt1,1,3,1550.0,4150.0,0.8465,0.6256
DK06_to_DK03#alt1,1,4,1600.0,4100.0,0.8465,0.6288
DK06_to_DK03#alt1,1,5,1650.0,4050.0,0.8465,0.99
DK06_to_DK03#alt1,1,6,1700.0,4000.0,0.8465,0.99
DK06_to_DK03#alt1,1,7,1750.0,3950.0,0.8465,0.99
DK06_to_DK03#alt1,1,8,1800.0,3900.0,0.8465,0.5248
DK06_to_DK03#alt1,1,9,1850.0,3850.0,0.79,0.4427
DK06_to_DK03#alt1,1,10,1900.0,3800.0,0.7165,0.426
DK06_to_DK03#alt1,1,11,1950.0,3750.0,0.7165,0.4317
DK06_to_DK03#alt1,1,12,2000.0,3700.0,0.79,0.5096
DK06_to_DK03#alt1,1,13,2050.0,3650.0,0.79,0.6609
DK06_to_DK03#alt1,1,14,2100.0,3600.0,0.79,0.723
DK06_to_DK03#alt1,1,15,2150.0,3550.0,0.79,0.719
DK06_to_DK03#alt1,1,16,2200.0,3500.0,0.7165,0.5627
DK06_to_DK03#alt1,1,17,2250.0,3500.0,0.7165,0.4715
DK06_to_DK03#alt1,1,18,2300.0,3550.0,0.8465,0.3953
DK06_to_DK03#alt1,1,19,2350.0,3550.0,0.8465,0.3205
DK06_to_DK03#alt1,1,20,2400.0,3550.0,0.8465,0.2203
DK06_to_DK03#alt1,1,21,2450.0,3600.0,0.8465,0.2041
DK06_to_DK03#alt1,1,22,2500.0,3550.0,0.7165,0.1766
DK06_to_DK03#alt1,1,23,2550.0,3500.0,0.5903,0.1634
DK06_to_DK03#alt1,1,24,2600.0,3500.0,0.5483,0.1887
DK06_to_DK03#alt1,1,25,2650.0,3500.0,0.6241,0.2101
DK06_to_DK03#alt1,1,26,2700.0,3500.0,0.6889,0.2306
DK06_to_DK03#alt1,1,27,2750.0,3500.0,0.79,0.2446
DK06_to_DK03#alt1,1,28,2800.0,3500.0,0.8465,0.2351
DK06_to_DK03#alt1,1,29,2850.0,3500.0,0.8465,0.2102
DK06_to_DK03#alt1,1,30,2900.0,3500.0,0.8465,0.99
DK06_to_DK03#alt1,1,31,2950.0,3500.0,0.8465,0.99
DK06_to_DK03#alt1,1,32,3000.0,3550.0,0.8465,0.99
DK06_to_DK03#alt1,1,33,3050.0,3550.0,0.8465,0.99
DK06_to_DK03#alt1,1,34,3100.0,3600.0,0.8465,0.99
DK06_to_DK03#alt1,1,35,3150.0,3650.0,0.8465,0.015
DK06_to_DK03#alt1,1,36,3200.0,3700.0,0.8465,0.0069
DK06_to_DK03#alt1,1,37,3250.0,3750.0,0.8465,0.99
DK06_to_DK03#alt1,1,38,3200.0,3800.0,0.8465,0.0119
DK06_to_DK03#alt1,1,39,3150.0,3850.0,0.8465,0.0429
DK06_to_DK03#alt1,1,40,3150.0,3900.0,0.8465,0.0627
DK06_to_DK03#alt1,1,41,3100.0,3950.0,0.8465,0.99
DK06_to_DK03#alt1,1,42,3100.0,4000.0,0.8465,0.99
DK06_to_DK03#alt1,1,43,3050.0,4050.0,0.8465,0.99
DK06_to_DK03#alt1,1,44,3000.0,4100.0,0.79,0.99
DK06_to_DK03#alt1,1,45,2950.0,4150.0,0.7165,0.288
DK06_to_DK03#alt1,1,46,2900.0,4200.0,0.6065,0.2737
DK06_to_DK03#alt1,1,47,2850.0,4250.0,0.5134,0.245
DK06_to_DK03#alt1,1,48,2850.0,4300.0,0.5134,0.99
DK06_to_DK03#alt1,1,49,2850.0,4350.0,0.5134,0.99
DK06_to_DK03#alt1,1,50,2900.0,4400.0,0.4346,0.439
DK06_to_DK03#alt1,1,51,2900.0,4450.0,0.503,0.4545
DK06_to_DK03#alt1,1,52,2950.0,4500.0,0.6065,0.5446
DK06_to_DK03#alt1,1,53,3000.0,4550.0,0.7165,0.6672
DK06_to_DK03#alt1,1,54,3050.0,4550.0,0.7165,0.7006
DK06_to_DK03#alt1,1,55,3100.0,4550.0,0.6889,0.6885
DK06_to_DK03#alt2,2,0,1500.0,4300.0,0.8465,0.7424
DK06_to_DK03#alt2,2,1,1500.0,4250.0,0.8465,0.7021
DK06_to_DK03#alt2,2,2,1550.0,4200.0,0.8465,0.7318
DK06_to_DK03#alt2,2,3,1550.0,4150.0,0.8465,0.6256
DK06_to_DK03#alt2,2,4,1600.0,4100.0,0.8465,0.6288
DK06_to_DK03#alt2,2,5,1650.0,4050.0,0.8465,0.99
DK06_to_DK03#alt2,2,6,1700.0,4000.0,0.8465,0.99
DK06_to_DK03#alt2,2,7,1750.0,3950.0,0.8465,0.99
DK06_to_DK03#alt2,2,8,1800.0,3900.0,0.8465,0.5248
DK06_to_DK03#alt2,2,9,1850.0,3850.0,0.79,0.4427
DK06_to_DK03#alt2,2,10,1900.0,3800.0,0.7165,0.426
DK06_to_DK03#alt2,2,11,1950.0,3750.0,0.7165,0.4317
DK06_to_DK03#alt2,2,12,2000.0,3700.0,0.79,0.5096
DK06_to_DK03#alt2,2,13,2050.0,3650.0,0.79,0.6609
DK06_to_DK03#alt2,2,14,2100.0,3600.0,0.79,0.723
DK06_to_DK03#alt2,2,15,2150.0,3550.0,0.79,0.719
DK06_to_DK03#alt2,2,16,2200.0,3500.0,0.7165,0.5627
DK06_to_DK03#alt2,2,17,2250.0,3500.0,0.7165,0.4715
DK06_to_DK03#alt2,2,18,2300.0,3550.0,0.8465,0.3953
DK06_to_DK03#alt2,2,19,2350.0,3550.0,0.8465,0.3205
DK06_to_DK03#alt2,2,20,2400.0,3550.0,0.8465,0.2203
DK06_to_DK03#alt2,2,21,2450.0,3600.0,0.8465,0.2041
DK06_to_DK03#alt2,2,22,2500.0,3550.0,0.7165,0.1766
DK06_to_DK03#alt2,2,23,2550.0,3500.0,0.5903,0.1634
DK06_to_DK03#alt2,2,24,2600.0,3500.0,0.5483,0.1887
DK06_to_DK03#alt2,2,25,2650.0,3500.0,0.6241,0.2101
DK06_to_DK03#alt2,2,26,2700.0,3500.0,0.6889,0.2306
DK06_to_DK03#alt2,2,27,2750.0,3500.0,0.79,0.2446
DK06_to_DK03#alt2,2,28,2800.0,3500.0,0.8465,0.2351
DK06_to_DK03#alt2,2,29,2850.0,3500.0,0.8465,0.2102
DK06_to_DK03#alt2,2,30,2900.0,3500.0,0.8465,0.99
DK06_to_DK03#alt2,2,31,2950.0,3500.0,0.8465,0.99
DK06_to_DK03#alt2,2,32,3000.0,3550.0,0.8465,0.99
DK06_to_DK03#alt2,2,33,3050.0,3550.0,0.8465,0.99
DK06_to_DK03#alt2,2,34,3100.0,3600.0,0.8465,0.99
DK06_to_DK03#alt2,2,35,3150.0,3650.0,0.8465,0.015
DK06_to_DK03#alt2,2,36,3200.0,3700.0,0.8465,0.0069
DK06_to_DK03#alt2,2,37,3250.0,3750.0,0.8465,0.99
DK06_to_DK03#alt2,2,38,3300.0,3800.0,0.6889,0.99
DK06_to_DK03#alt2,2,39,3300.0,3850.0,0.6241,0.99
DK06_to_DK03#alt2,2,40,3300.0,3900.0,0.5483,0.0099
DK06_to_DK03#alt2,2,41,3300.0,3950.0,0.503,0.0149
DK06_to_DK03#alt2,2,42,3300.0,4000.0,0.4746,0.0224
DK06_to_DK03#alt2,2,43,3300.0,4050.0,0.4346,0.0333
DK06_to_DK03#alt2,2,44,3300.0,4100.0,0.4076,0.0663
DK06_to_DK03#alt2,2,45,3300.0,4150.0,0.3784,0.0877
DK06_to_DK03#alt2,2,46,3250.0,4200.0,0.3895,0.1637
DK06_to_DK03#alt2,2,47,3200.0,4250.0,0.3784,0.2722
DK06_to_DK03#alt2,2,48,3150.0,4300.0,0.3485,0.5459
DK06_to_DK03#alt2,2,49,3100.0,4350.0,0.3628,0.6653
DK06_to_DK03#alt2,2,50,3100.0,4400.0,0.4275,0.7158
DK06_to_DK03#alt2,2,51,3100.0,4450.0,0.503,0.7501
DK06_to_DK03#alt2,2,52,3100.0,4500.0,0.5903,0.7411
DK06_to_DK03#alt2,2,53,3100.0,4550.0,0.6889,0.6885
DK05_to_DK03#alt0,0,0,650.0,4500.0,0.3269,0.8844
DK05_to_DK03#alt0,0,1,700.0,4450.0,0.344,0.9284
DK05_to_DK03#alt0,0,2,750.0,4400.0,0.344,0.8383
DK05_to_DK03#alt0,0,3,800.0,4350.0,0.3269,0.663
DK05_to_DK03#alt0,0,4,850.0,4300.0,0.2972,0.5556
DK05_to_DK03#alt0,0,5,900.0,4250.0,0.2609,0.99
DK05_to_DK03#alt0,0,6,950.0,4200.0,0.2972,0.99
DK05_to_DK03#alt0,0,7,1000.0,4150.0,0.3628,0.99
DK05_to_DK03#alt0,0,8,1050.0,4100.0,0.4346,0.99
DK05_to_DK03#alt0,0,9,1050.0,4050.0,0.4346,0.99
DK05_to_DK03#alt0,0,10,1050.0,4000.0,0.4275,0.99
DK05_to_DK03#alt0,0,11,1100.0,3950.0,0.4746,0.99
DK05_to_DK03#alt0,0,12,1150.0,3900.0,0.4931,0.99
DK05_to_DK03#alt0,0,13,1200.0,3850.0,0.4931,0.99
DK05_to_DK03#alt0,0,14,1250.0,3800.0,0.4746,0.99
DK05_to_DK03#alt0,0,15,1300.0,3750.0,0.4275,0.99
DK05_to_DK03#alt0,0,16,1350.0,3700.0,0.3679,0.2097
DK05_to_DK03#alt0,0,17,1400.0,3650.0,0.3114,0.2183
DK05_to_DK03#alt0,0,18,1450.0,3600.0,0.3114,0.2151
DK05_to_DK03#alt0,0,19,1500.0,3600.0,0.3114,0.1954
DK05_to_DK03#alt0,0,20,1550.0,3600.0,0.3114,0.99
DK05_to_DK03#alt0,0,21,1600.0,3600.0,0.3077,0.99
DK05_to_DK03#alt0,0,22,1650.0,3600.0,0.2972,0.99
DK05_to_DK03#alt0,0,23,1700.0,3600.0,0.3006,0.99
DK05_to_DK03#alt0,0,24,1750.0,3550.0,0.3485,0.99
DK05_to_DK03#alt0,0,25,1800.0,3500.0,0.4275,0.2139
DK05_to_DK03#alt0,0,26,1850.0,3450.0,0.5134,0.2373
DK05_to_DK03#alt0,0,27,1900.0,3400.0,0.6065,0.2543
DK05_to_DK03#alt0,0,28,1950.0,3400.0,0.6889,0.3064
DK05_to_DK03#alt0,0,29,2000.0,3400.0,0.79,0.4208
DK05_to_DK03#alt0,0,30,2050.0,3450.0,0.7165,0.5576
DK05_to_DK03#alt0,0,31,2100.0,3450.0,0.79,0.5778
DK05_to_DK03#alt0,0,32,2150.0,3450.0,0.8465,0.5653
DK05_to_DK03#alt0,0,33,2200.0,3450.0,0.8465,0.4609
DK05_to_DK03#alt0,0,34,2250.0,3450.0,0.8465,0.3889
DK05_to_DK03#alt0,0,35,2300.0,3450.0,0.8465,0.3183
DK05_to_DK03#alt0,0,36,2350.0,3450.0,0.8465,0.2569
DK05_to_DK03#alt0,0,37,2400.0,3400.0,0.8465,0.1601
DK05_to_DK03#alt0,0,38,2450.0,3350.0,0.8465,0.1342
DK05_to_DK03#alt0,0,39,2500.0,3300.0,0.8465,0.12
DK05_to_DK03#alt0,0,40,2550.0,3250.0,0.7165,0.0965
DK05_to_DK03#alt0,0,41,2600.0,3300.0,0.6065,0.99
DK05_to_DK03#alt0,0,42,2650.0,3300.0,0.5134,0.99
DK05_to_DK03#alt0,0,43,2700.0,3300.0,0.503,0.99
DK05_to_DK03#alt0,0,44,2750.0,3300.0,0.5134,0.99
DK05_to_DK03#alt0,0,45,2800.0,3300.0,0.5134,0.1587
DK05_to_DK03#alt0,0,46,2850.0,3300.0,0.5134,0.144
DK05_to_DK03#alt0,0,47,2900.0,3300.0,0.5134,0.1228
DK05_to_DK03#alt0,0,48,2950.0,3300.0,0.503,0.0983
DK05_to_DK03#alt0,0,49,3000.0,3350.0,0.503,0.99
DK05_to_DK03#alt0,0,50,3050.0,3350.0,0.4746,0.99
DK05_to_DK03#alt0,0,51,3100.0,3400.0,0.503,0.99
DK05_to_DK03#alt0,0,52,3150.0,3450.0,0.5483,0.99
DK05_to_DK03#alt0,0,53,3200.0,3500.0,0.5483,0.0037
DK05_to_DK03#alt0,0,54,3250.0,3500.0,0.4746,0.0017
DK05_to_DK03#alt0,0,55,3300.0,3550.0,0.4931,0.0008
DK05_to_DK03#alt0,0,56,3350.0,3600.0,0.4931,0.0004
DK05_to_DK03#alt0,0,57,3400.0,3650.0,0.4746,0.99
DK05_to_DK03#alt0,0,58,3450.0,3700.0,0.4931,0.99
DK05_to_DK03#alt0,0,59,3500.0,3750.0,0.4746,0.99
DK05_to_DK03#alt0,0,60,3500.0,3800.0,0.4076,0.99
DK05_to_DK03#alt0,0,61,3500.0,3850.0,0.3485,0.99
DK05_to_DK03#alt0,0,62,3500.0,3900.0,0.3269,0.0011
DK05_to_DK03#alt0,0,63,3500.0,3950.0,0.3269,0.0014
DK05_to_DK03#alt0,0,64,3500.0,4000.0,0.3485,0.0018
DK05_to_DK03#alt0,0,65,3500.0,4050.0,0.3628,0.0023
DK05_to_DK03#alt0,0,66,3500.0,4100.0,0.3679,0.99
DK05_to_DK03#alt0,0,67,3500.0,4150.0,0.3679,0.99
DK05_to_DK03#alt0,0,68,3500.0,4200.0,0.3679,0.99
DK05_to_DK03#alt0,0,69,3500.0,4250.0,0.3679,0.99
DK05_to_DK03#alt0,0,70,3500.0,4300.0,0.3679,0.99
DK05_to_DK03#alt0,0,71,3450.0,4350.0,0.3114,0.99
DK05_to_DK03#alt0,0,72,3400.0,4400.0,0.2609,0.0548
DK05_to_DK03#alt0,0,73,3350.0,4450.0,0.3006,0.1606
DK05_to_DK03#alt0,0,74,3300.0,4500.0,0.3784,0.99
DK05_to_DK03#alt0,0,75,3250.0,4550.0,0.4746,0.3384
DK05_to_DK03#alt0,0,76,3200.0,4550.0,0.5483,0.4418
DK05_to_DK03#alt0,0,77,3150.0,4550.0,0.6241,0.6332
DK05_to_DK03#alt0,0,78,3100.0,4550.0,0.6889,0.6885
DK05_to_DK03#alt1,1,0,650.0,4500.0,0.3269,0.8844
DK05_to_DK03#alt1,1,1,600.0,4450.0,0.2609,0.9458
DK05_to_DK03#alt1,1,2,550.0,4400.0,0.2076,0.9121
DK05_to_DK03#alt1,1,3,600.0,4350.0,0.2151,0.8857
DK05_to_DK03#alt1,1,4,650.0,4300.0,0.2151,0.99
DK05_to_DK03#alt1,1,5,700.0,4250.0,0.2076,0.99
DK05_to_DK03#alt1,1,6,750.0,4200.0,0.1937,0.99
DK05_to_DK03#alt1,1,7,800.0,4150.0,0.1873,0.99
DK05_to_DK03#alt1,1,8,850.0,4100.0,0.2231,0.99
DK05_to_DK03#alt1,1,9,900.0,4050.0,0.2636,0.99
DK05_to_DK03#alt1,1,10,950.0,4000.0,0.3077,0.99
DK05_to_DK03#alt1,1,11,1000.0,3950.0,0.3485,0.99
DK05_to_DK03#alt1,1,12,1050.0,3900.0,0.3784,0.99
DK05_to_DK03#alt1,1,13,1100.0,3850.0,0.3895,0.99
DK05_to_DK03#alt1,1,14,1150.0,3800.0,0.3895,0.99
DK05_to_DK03#alt1,1,15,1200.0,3750.0,0.3784,0.99
DK05_to_DK03#alt1,1,16,1250.0,3700.0,0.3895,0.99
DK05_to_DK03#alt1,1,17,1250.0,3650.0,0.4346,0.99
DK05_to_DK03#alt1,1,18,1250.0,3600.0,0.4931,0.99
DK05_to_DK03#alt1,1,19,1200.0,3550.0,0.6241,0.99
DK05_to_DK03#alt1,1,20,1200.0,3500.0,0.6889,0.99
DK05_to_DK03#alt1,1,21,1200.0,3450.0,0.79,0.99
DK05_to_DK03#alt1,1,22,1200.0,3400.0,0.8465,0.99
DK05_to_DK03#alt1,1,23,1200.0,3350.0,0.8465,0.99
DK05_to_DK03#alt1,1,24,1200.0,3300.0,0.8465,0.99
DK05_to_DK03#alt1,1,25,1250.0,3250.0,0.7165,0.99
DK05_to_DK03#alt1,1,26,1250.0,3200.0,0.7165,0.99
DK05_to_DK03#alt1,1,27,1250.0,3150.0,0.6889,0.99
DK05_to_DK03#alt1,1,28,1250.0,3100.0,0.7165,0.99
DK05_to_DK03#alt1,1,29,1250.0,3050.0,0.79,0.0684
DK05_to_DK03#alt1,1,30,1250.0,3000.0,0.8465,0.0452
DK05_to_DK03#alt1,1,31,1200.0,2950.0,0.8465,0.0222
DK05_to_DK03#alt1,1,32,1200.0,2900.0,0.8465,0.0147
DK05_to_DK03#alt1,1,33,1200.0,2850.0,0.79,0.0071
DK05_to_DK03#alt1,1,34,1200.0,2800.0,0.79,0.0052
DK05_to_DK03#alt1,1,35,1200.0,2750.0,0.8465,0.99
DK05_to_DK03#alt1,1,36,1200.0,2700.0,0.8465,0.99
DK05_to_DK03#alt1,1,37,1200.0,2650.0,0.8465,0.99
DK05_to_DK03#alt1,1,38,1200.0,2600.0,0.8465,0.99
DK05_to_DK03#alt1,1,39,1250.0,2550.0,0.8465,0.99
DK05_to_DK03#alt1,1,40,1300.0,2500.0,0.8465,0.99
DK05_to_DK03#alt1,1,41,1350.0,2450.0,0.79,0.99
DK05_to_DK03#alt1,1,42,1400.0,2400.0,0.7165,0.99
DK05_to_DK03#alt1,1,43,1450.0,2350.0,0.6241,0.99
DK05_to_DK03#alt1,1,44,1500.0,2300.0,0.5903,0.99
DK05_to_DK03#alt1,1,45,1550.0,2250.0,0.5134,0.99
DK05_to_DK03#alt1,1,46,1600.0,2200.0,0.6065,0.99
DK05_to_DK03#alt1,1,47,1650.0,2150.0,0.6889,0.99
DK05_to_DK03#alt1,1,48,1700.0,2100.0,0.6889,0.99
DK05_to_DK03#alt1,1,49,1750.0,2050.0,0.6889,0.1
DK05_to_DK03#alt1,1,50,1800.0,2000.0,0.6889,0.1117
DK05_to_DK03#alt1,1,51,1850.0,2000.0,0.7165,0.1093
DK05_to_DK03#alt1,1,52,1900.0,2000.0,0.79,0.102
DK05_to_DK03#alt1,1,53,1950.0,2000.0,0.8465,0.99
DK05_to_DK03#alt1,1,54,2000.0,2000.0,0.8465,0.99
DK05_to_DK03#alt1,1,55,2050.0,2050.0,0.8465,0.99
DK05_to_DK03#alt1,1,56,2100.0,2050.0,0.8465,0.99
DK05_to_DK03#alt1,1,57,2150.0,2100.0,0.8465,0.99
DK05_to_DK03#alt1,1,58,2200.0,2150.0,0.8465,0.99
DK05_to_DK03#alt1,1,59,2250.0,2200.0,0.79,0.99
DK05_to_DK03#alt1,1,60,2300.0,2250.0,0.7165,0.0515
DK05_to_DK03#alt1,1,61,2350.0,2250.0,0.6065,0.06
DK05_to_DK03#alt1,1,62,2400.0,2250.0,0.5134,0.0775
DK05_to_DK03#alt1,1,63,2450.0,2250.0,0.4346,0.0851
DK05_to_DK03#alt1,1,64,2500.0,2250.0,0.4275,0.0916
DK05_to_DK03#alt1,1,65,2550.0,2300.0,0.3679,0.99
DK05_to_DK03#alt1,1,66,2600.0,2300.0,0.3679,0.0499
DK05_to_DK03#alt1,1,67,2650.0,2350.0,0.3628,0.0316
DK05_to_DK03#alt1,1,68,2700.0,2400.0,0.4346,0.0196
DK05_to_DK03#alt1,1,69,2750.0,2450.0,0.5134,0.0138
DK05_to_DK03#alt1,1,70,2800.0,2500.0,0.6065,0.0158
DK05_to_DK03#alt1,1,71,2850.0,2550.0,0.7165,0.0203
DK05_to_DK03#alt1,1,72,2900.0,2600.0,0.8465,0.0258
DK05_to_DK03#alt1,1,73,2950.0,2600.0,0.8465,0.0339
DK05_to_DK03#alt1,1,74,3000.0,2650.0,0.8465,0.0472
DK05_to_DK03#alt1,1,75,3050.0,2700.0,0.8465,0.99
DK05_to_DK03#alt1,1,76,3100.0,2700.0,0.79,0.99
DK05_to_DK03#alt1,1,77,3150.0,2700.0,0.7165,0.99
DK05_to_DK03#alt1,1,78,3200.0,2700.0,0.7165,0.99
DK05_to_DK03#alt1,1,79,3250.0,2750.0,0.79,0.99
DK05_to_DK03#alt1,1,80,3300.0,2800.0,0.79,0.0434
DK05_to_DK03#alt1,1,81,3350.0,2850.0,0.7165,0.0286
DK05_to_DK03#alt1,1,82,3400.0,2900.0,0.6065,0.0093
DK05_to_DK03#alt1,1,83,3450.0,2950.0,0.503,0.0049
DK05_to_DK03#alt1,1,84,3500.0,3000.0,0.4076,0.99
DK05_to_DK03#alt1,1,85,3550.0,3050.0,0.3269,0.99
DK05_to_DK03#alt1,1,86,3600.0,3100.0,0.3485,0.99
DK05_to_DK03#alt1,1,87,3650.0,3150.0,0.3784,0.99
DK05_to_DK03#alt1,1,88,3700.0,3200.0,0.4346,0.99
DK05_to_DK03#alt1,1,89,3750.0,3250.0,0.503,0.99
DK05_to_DK03#alt1,1,90,3800.0,3300.0,0.5483,0.99
DK05_to_DK03#alt1,1,91,3850.0,3350.0,0.5483,0.99
DK05_to_DK03#alt1,1,92,3900.0,3400.0,0.503,0.99
DK05_to_DK03#alt1,1,93,3950.0,3450.0,0.4346,0.99
DK05_to_DK03#alt1,1,94,4000.0,3500.0,0.3679,0.99
DK05_to_DK03#alt1,1,95,4050.0,3550.0,0.3269,0.99
DK05_to_DK03#alt1,1,96,4100.0,3600.0,0.3485,0.99
DK05_to_DK03#alt1,1,97,4150.0,3650.0,0.3784,0.99
DK05_to_DK03#alt1,1,98,4200.0,3700.0,0.3895,0.99
DK05_to_DK03#alt1,1,99,4250.0,3750.0,0.3895,0.0122
DK05_to_DK03#alt1,1,100,4300.0,3800.0,0.3895,0.016
DK05_to_DK03#alt1,1,101,4350.0,3850.0,0.3895,0.0184
DK05_to_DK03#alt1,1,102,4400.0,3900.0,0.3784,0.99
DK05_to_DK03#alt1,1,103,4450.0,3950.0,0.3485,0.99
DK05_to_DK03#alt1,1,104,4500.0,4000.0,0.3269,0.99
DK05_to_DK03#alt1,1,105,4550.0,4050.0,0.2972,0.99
DK05_to_DK03#alt1,1,106,4600.0,4100.0,0.2609,0.99
DK05_to_DK03#alt1,1,107,4600.0,4150.0,0.2636,0.99
DK05_to_DK03#alt1,1,108,4600.0,4200.0,0.2636,0.99
DK05_to_DK03#alt1,1,109,4600.0,4250.0,0.2636,0.99
DK05_to_DK03#alt1,1,110,4600.0,4300.0,0.2636,0.0002
DK05_to_DK03#alt1,1,111,4600.0,4350.0,0.2609,0.0001
DK05_to_DK03#alt1,1,112,4600.0,4400.0,0.253,0.0001
DK05_to_DK03#alt1,1,113,4550.0,4450.0,0.281,0.99
DK05_to_DK03#alt1,1,114,4550.0,4500.0,0.2609,0.99
DK05_to_DK03#alt1,1,115,4500.0,4550.0,0.2721,0.99
DK05_to_DK03#alt1,1,116,4450.0,4600.0,0.2721,0.99
DK05_to_DK03#alt1,1,117,4400.0,4650.0,0.2721,0.99
DK05_to_DK03#alt1,1,118,4350.0,4700.0,0.2721,0.99
DK05_to_DK03#alt1,1,119,4300.0,4750.0,0.2721,0.99
DK05_to_DK03#alt1,1,120,4250.0,4750.0,0.3006,0.99
DK05_to_DK03#alt1,1,121,4200.0,4750.0,0.3269,0.99
DK05_to_DK03#alt1,1,122,4150.0,4750.0,0.3485,0.99
DK05_to_DK03#alt1,1,123,4100.0,4750.0,0.3628,0.99
DK05_to_DK03#alt1,1,124,4050.0,4800.0,0.3114,0.99
DK05_to_DK03#alt1,1,125,4000.0,4800.0,0.3114,0.99
DK05_to_DK03#alt1,1,126,3950.0,4800.0,0.3114,0.99
DK05_to_DK03#alt1,1,127,3900.0,4800.0,0.3077,0.0936
DK05_to_DK03#alt1,1,128,3850.0,4800.0,0.2972,0.0955
DK05_to_DK03#alt1,1,129,3800.0,4800.0,0.281,0.0984
DK05_to_DK03#alt1,1,130,3750.0,4800.0,0.2609,0.117
DK05_to_DK03#alt1,1,131,3700.0,4800.0,0.2407,0.1339
DK05_to_DK03#alt1,1,132,3650.0,4800.0,0.2252,0.1533
DK05_to_DK03#alt1,1,133,3600.0,4800.0,0.2076,0.1715
DK05_to_DK03#alt1,1,134,3550.0,4800.0,0.1889,0.1877
DK05_to_DK03#alt1,1,135,3500.0,4800.0,0.2211,0.1812
DK05_to_DK03#alt1,1,136,3450.0,4800.0,0.2609,0.1661
DK05_to_DK03#alt1,1,137,3400.0,4800.0,0.3077,0.1459
DK05_to_DK03#alt1,1,138,3350.0,4800.0,0.3628,0.99
DK05_to_DK03#alt1,1,139,3300.0,4750.0,0.4346,0.1238
DK05_to_DK03#alt1,1,140,3250.0,4750.0,0.5134,0.99
DK05_to_DK03#alt1,1,141,3200.0,4750.0,0.6065,0.99
DK05_to_DK03#alt1,1,142,3150.0,4700.0,0.7165,0.99
DK05_to_DK03#alt1,1,143,3100.0,4650.0,0.8465,0.5032
DK05_to_DK03#alt1,1,144,3100.0,4600.0,0.79,0.606
DK05_to_DK03#alt1,1,145,3100.0,4550.0,0.6889,0.6885
DK05_to_DK03#alt2,2,0,650.0,4500.0,0.3269,0.8844
DK05_to_DK03#alt2,2,1,600.0,4550.0,0.3006,0.7546
DK05_to_DK03#alt2,2,2,550.0,4600.0,0.281,0.99
DK05_to_DK03#alt2,2,3,500.0,4650.0,0.253,0.99
DK05_to_DK03#alt2,2,4,450.0,4700.0,0.2211,0.99
DK05_to_DK03#alt2,2,5,400.0,4750.0,0.1889,0.99
DK05_to_DK03#alt2,2,6,350.0,4800.0,0.1587,0.99
DK05_to_DK03#alt2,2,7,300.0,4750.0,0.1353,0.99
DK05_to_DK03#alt2,2,8,250.0,4750.0,0.1146,0.99
DK05_to_DK03#alt2,2,9,200.0,4700.0,0.0964,0.99
DK05_to_DK03#alt2,2,10,150.0,4650.0,0.0803,0.99
DK05_to_DK03#alt2,2,11,100.0,4600.0,0.0663,0.99
DK05_to_DK03#alt2,2,12,50.0,4550.0,0.0544,0.99
DK05_to_DK03#alt2,2,13,0.0,4500.0,0.0544,0.99
DK05_to_DK03#alt2,2,14,0.0,4450.0,0.064,0.99
DK05_to_DK03#alt2,2,15,0.0,4400.0,0.0752,0.99
DK05_to_DK03#alt2,2,16,0.0,4350.0,0.0883,0.99
DK05_to_DK03#alt2,2,17,0.0,4300.0,0.1036,0.99
DK05_to_DK03#alt2,2,18,0.0,4250.0,0.1215,0.99
DK05_to_DK03#alt2,2,19,0.0,4200.0,0.1422,0.99
DK05_to_DK03#alt2,2,20,0.0,4150.0,0.1661,0.99
DK05_to_DK03#alt2,2,21,0.0,4100.0,0.1937,0.99
DK05_to_DK03#alt2,2,22,0.0,4050.0,0.2252,0.99
DK05_to_DK03#alt2,2,23,0.0,4000.0,0.2609,0.99
DK05_to_DK03#alt2,2,24,0.0,3950.0,0.3006,0.99
DK05_to_DK03#alt2,2,25,0.0,3900.0,0.344,0.99
DK05_to_DK03#alt2,2,26,0.0,3850.0,0.3895,0.99
DK05_to_DK03#alt2,2,27,0.0,3800.0,0.4346,0.99
DK05_to_DK03#alt2,2,28,0.0,3750.0,0.4931,0.99
DK05_to_DK03#alt2,2,29,0.0,3700.0,0.5483,0.99
DK05_to_DK03#alt2,2,30,0.0,3650.0,0.6241,0.99
DK05_to_DK03#alt2,2,31,0.0,3600.0,0.6889,0.99
DK05_to_DK03#alt2,2,32,0.0,3550.0,0.7165,0.99
DK05_to_DK03#alt2,2,33,0.0,3500.0,0.79,0.99
DK05_to_DK03#alt2,2,34,0.0,3450.0,0.8465,0.99
DK05_to_DK03#alt2,2,35,0.0,3400.0,0.8465,0.99
DK05_to_DK03#alt2,2,36,0.0,3350.0,0.79,0.99
DK05_to_DK03#alt2,2,37,0.0,3300.0,0.7165,0.99
DK05_to_DK03#alt2,2,38,0.0,3250.0,0.6889,0.99
DK05_to_DK03#alt2,2,39,0.0,3200.0,0.6241,0.99
DK05_to_DK03#alt2,2,40,0.0,3150.0,0.5483,0.99
DK05_to_DK03#alt2,2,41,0.0,3100.0,0.4931,0.99
DK05_to_DK03#alt2,2,42,0.0,3050.0,0.4346,0.99
DK05_to_DK03#alt2,2,43,0.0,3000.0,0.3895,0.99
DK05_to_DK03#alt2,2,44,0.0,2950.0,0.344,0.99
DK05_to_DK03#alt2,2,45,0.0,2900.0,0.3006,0.99
DK05_to_DK03#alt2,2,46,0.0,2850.0,0.2609,0.99
DK05_to_DK03#alt2,2,47,0.0,2800.0,0.2252,0.99
DK05_to_DK03#alt2,2,48,0.0,2750.0,0.1937,0.99
DK05_to_DK03#alt2,2,49,0.0,2700.0,0.1661,0.99
DK05_to_DK03#alt2,2,50,0.0,2650.0,0.1422,0.99
DK05_to_DK03#alt2,2,51,0.0,2600.0,0.1215,0.99
DK05_to_DK03#alt2,2,52,0.0,2550.0,0.1146,0.99
DK05_to_DK03#alt2,2,53,0.0,2500.0,0.1215,0.99
DK05_to_DK03#alt2,2,54,0.0,2450.0,0.1273,0.99
DK05_to_DK03#alt2,2,55,0.0,2400.0,0.1317,0.99
DK05_to_DK03#alt2,2,56,0.0,2350.0,0.1344,0.99
DK05_to_DK03#alt2,2,57,0.0,2300.0,0.1353,0.99
DK05_to_DK03#alt2,2,58,0.0,2250.0,0.1353,0.99
DK05_to_DK03#alt2,2,59,0.0,2200.0,0.1353,0.99
DK05_to_DK03#alt2,2,60,0.0,2150.0,0.1353,0.99
DK05_to_DK03#alt2,2,61,0.0,2100.0,0.1353,0.99
DK05_to_DK03#alt2,2,62,0.0,2050.0,0.1353,0.99
DK05_to_DK03#alt2,2,63,0.0,2000.0,0.1344,0.0002
DK05_to_DK03#alt2,2,64,0.0,1950.0,0.1317,0.0003
DK05_to_DK03#alt2,2,65,0.0,1900.0,0.1273,0.0006
DK05_to_DK03#alt2,2,66,0.0,1850.0,0.1215,0.99
DK05_to_DK03#alt2,2,67,0.0,1800.0,0.1146,0.99
DK05_to_DK03#alt2,2,68,0.0,1750.0,0.1069,0.99
DK05_to_DK03#alt2,2,69,0.0,1700.0,0.0987,0.99
DK05_to_DK03#alt2,2,70,0.0,1650.0,0.092,0.99
DK05_to_DK03#alt2,2,71,0.0,1600.0,0.0854,0.99
DK05_to_DK03#alt2,2,72,0.0,1550.0,0.0785,0.99
DK05_to_DK03#alt2,2,73,0.0,1500.0,0.0839,0.99
DK05_to_DK03#alt2,2,74,0.0,1450.0,0.0981,0.99
DK05_to_DK03#alt2,2,75,0.0,1400.0,0.1146,0.99
DK05_to_DK03#alt2,2,76,0.0,1350.0,0.1335,0.99
DK05_to_DK03#alt2,2,77,0.0,1300.0,0.1551,0.99
DK05_to_DK03#alt2,2,78,0.0,1250.0,0.1798,0.99
DK05_to_DK03#alt2,2,79,0.0,1200.0,0.2076,0.99
DK05_to_DK03#alt2,2,80,0.0,1150.0,0.2384,0.99
DK05_to_DK03#alt2,2,81,0.0,1100.0,0.2721,0.99
DK05_to_DK03#alt2,2,82,0.0,1050.0,0.3077,0.99
DK05_to_DK03#alt2,2,83,0.0,1000.0,0.344,0.99
DK05_to_DK03#alt2,2,84,0.0,950.0,0.3895,0.99
DK05_to_DK03#alt2,2,85,0.0,900.0,0.4346,0.99
DK05_to_DK03#alt2,2,86,0.0,850.0,0.4746,0.99
DK05_to_DK03#alt2,2,87,0.0,800.0,0.503,0.99
DK05_to_DK03#alt2,2,88,0.0,750.0,0.5483,0.99
DK05_to_DK03#alt2,2,89,0.0,700.0,0.5903,0.99
DK05_to_DK03#alt2,2,90,0.0,650.0,0.6065,0.99
DK05_to_DK03#alt2,2,91,0.0,600.0,0.6065,0.99
DK05_to_DK03#alt2,2,92,0.0,550.0,0.5903,0.99
DK05_to_DK03#alt2,2,93,0.0,500.0,0.5483,0.99
DK05_to_DK03#alt2,2,94,0.0,450.0,0.503,0.99
DK05_to_DK03#alt2,2,95,0.0,400.0,0.4746,0.2211
DK05_to_DK03#alt2,2,96,0.0,350.0,0.4346,0.2056
DK05_to_DK03#alt2,2,97,0.0,300.0,0.3895,0.191
DK05_to_DK03#alt2,2,98,50.0,250.0,0.3895,0.1837
DK05_to_DK03#alt2,2,99,100.0,200.0,0.3784,0.171
DK05_to_DK03#alt2,2,100,100.0,150.0,0.3269,0.1806
DK05_to_DK03#alt2,2,101,150.0,100.0,0.3006,0.1543
DK05_to_DK03#alt2,2,102,200.0,50.0,0.281,0.08
DK05_to_DK03#alt2,2,103,250.0,0.0,0.253,0.0478
DK05_to_DK03#alt2,2,104,300.0,0.0,0.2609,0.0283
DK05_to_DK03#alt2,2,105,350.0,0.0,0.2636,0.0156
DK05_to_DK03#alt2,2,106,400.0,0.0,0.2636,0.0039
DK05_to_DK03#alt2,2,107,450.0,0.0,0.2609,0.0017
DK05_to_DK03#alt2,2,108,500.0,0.0,0.253,0.0007
DK05_to_DK03#alt2,2,109,550.0,0.0,0.2407,0.0003
DK05_to_DK03#alt2,2,110,600.0,0.0,0.2252,0.0
DK05_to_DK03#alt2,2,111,650.0,0.0,0.2076,0.0
DK05_to_DK03#alt2,2,112,700.0,0.0,0.1937,0.0
DK05_to_DK03#alt2,2,113,750.0,0.0,0.1798,0.0
DK05_to_DK03#alt2,2,114,800.0,0.0,0.1648,0.0
DK05_to_DK03#alt2,2,115,850.0,0.0,0.1495,0.0
DK05_to_DK03#alt2,2,116,900.0,0.0,0.1344,0.0
DK05_to_DK03#alt2,2,117,950.0,0.0,0.1199,0.0
DK05_to_DK03#alt2,2,118,1000.0,0.0,0.1062,0.0
DK05_to_DK03#alt2,2,119,1050.0,0.0,0.0936,0.0
DK05_to_DK03#alt2,2,120,1100.0,0.0,0.0821,0.0
DK05_to_DK03#alt2,2,121,1150.0,0.0,0.0717,0.99
DK05_to_DK03#alt2,2,122,1200.0,50.0,0.0816,0.99
DK05_to_DK03#alt2,2,123,1250.0,100.0,0.097,0.99
DK05_to_DK03#alt2,2,124,1300.0,150.0,0.1146,0.99
DK05_to_DK03#alt2,2,125,1350.0,200.0,0.1353,0.99
DK05_to_DK03#alt2,2,126,1400.0,200.0,0.1344,0.99
DK05_to_DK03#alt2,2,127,1450.0,200.0,0.1317,0.99
DK05_to_DK03#alt2,2,128,1500.0,200.0,0.1273,0.99
DK05_to_DK03#alt2,2,129,1550.0,200.0,0.1215,0.99
DK05_to_DK03#alt2,2,130,1600.0,250.0,0.1335,0.99
DK05_to_DK03#alt2,2,131,1650.0,250.0,0.1239,0.99
DK05_to_DK03#alt2,2,132,1700.0,300.0,0.1308,0.99
DK05_to_DK03#alt2,2,133,1750.0,350.0,0.1344,0.99
DK05_to_DK03#alt2,2,134,1800.0,400.0,0.1344,0.99
DK05_to_DK03#alt2,2,135,1850.0,400.0,0.1551,0.99
DK05_to_DK03#alt2,2,136,1900.0,400.0,0.1798,0.99
DK05_to_DK03#alt2,2,137,1950.0,400.0,0.2076,0.99
DK05_to_DK03#alt2,2,138,2000.0,400.0,0.2384,0.99
DK05_to_DK03#alt2,2,139,2050.0,400.0,0.2721,0.99
DK05_to_DK03#alt2,2,140,2100.0,450.0,0.344,0.0003
DK05_to_DK03#alt2,2,141,2150.0,450.0,0.3895,0.0003
DK05_to_DK03#alt2,2,142,2200.0,450.0,0.4346,0.0003
DK05_to_DK03#alt2,2,143,2250.0,450.0,0.4931,0.0003
DK05_to_DK03#alt2,2,144,2300.0,450.0,0.5483,0.99
DK05_to_DK03#alt2,2,145,2350.0,450.0,0.6241,0.99
DK05_to_DK03#alt2,2,146,2400.0,450.0,0.6889,0.99
DK05_to_DK03#alt2,2,147,2450.0,450.0,0.7165,0.99
DK05_to_DK03#alt2,2,148,2500.0,450.0,0.79,0.99
DK05_to_DK03#alt2,2,149,2550.0,450.0,0.8465,0.99
DK05_to_DK03#alt2,2,150,2600.0,450.0,0.8465,0.99
DK05_to_DK03#alt2,2,151,2650.0,450.0,0.8465,0.99
DK05_to_DK03#alt2,2,152,2700.0,500.0,0.8465,0.99
DK05_to_DK03#alt2,2,153,2750.0,500.0,0.8465,0.99
DK05_to_DK03#alt2,2,154,2800.0,550.0,0.8465,0.99
DK05_to_DK03#alt2,2,155,2850.0,600.0,0.79,0.99
DK05_to_DK03#alt2,2,156,2900.0,650.0,0.7165,0.99
DK05_to_DK03#alt2,2,157,2950.0,700.0,0.6889,0.99
DK05_to_DK03#alt2,2,158,3000.0,750.0,0.6889,0.99
DK05_to_DK03#alt2,2,159,3050.0,800.0,0.6889,0.99
DK05_to_DK03#alt2,2,160,3100.0,850.0,0.6889,0.99
DK05_to_DK03#alt2,2,161,3150.0,900.0,0.6241,0.99
DK05_to_DK03#alt2,2,162,3200.0,950.0,0.5903,0.99
DK05_to_DK03#alt2,2,163,3250.0,1000.0,0.5134,0.99
DK05_to_DK03#alt2,2,164,3250.0,1050.0,0.5134,0.99
DK05_to_DK03#alt2,2,165,3300.0,1100.0,0.4346,0.99
DK05_to_DK03#alt2,2,166,3350.0,1150.0,0.3784,0.99
DK05_to_DK03#alt2,2,167,3400.0,1200.0,0.3485,0.99
DK05_to_DK03#alt2,2,168,3450.0,1250.0,0.3077,0.99
DK05_to_DK03#alt2,2,169,3450.0,1300.0,0.2609,0.99
DK05_to_DK03#alt2,2,170,3500.0,1350.0,0.2231,0.99
DK05_to_DK03#alt2,2,171,3500.0,1400.0,0.1889,0.99
DK05_to_DK03#alt2,2,172,3500.0,1450.0,0.1599,0.99
DK05_to_DK03#alt2,2,173,3500.0,1500.0,0.1599,0.99
DK05_to_DK03#alt2,2,174,3550.0,1550.0,0.1873,0.99
DK05_to_DK03#alt2,2,175,3600.0,1600.0,0.2151,0.99
DK05_to_DK03#alt2,2,176,3650.0,1650.0,0.2407,0.0192
DK05_to_DK03#alt2,2,177,3700.0,1700.0,0.2609,0.0254
DK05_to_DK03#alt2,2,178,3750.0,1750.0,0.281,0.0227
DK05_to_DK03#alt2,2,179,3700.0,1800.0,0.3485,0.0331
DK05_to_DK03#alt2,2,180,3700.0,1850.0,0.4076,0.0351
DK05_to_DK03#alt2,2,181,3700.0,1900.0,0.4746,0.0331
DK05_to_DK03#alt2,2,182,3700.0,1950.0,0.5483,0.0294
DK05_to_DK03#alt2,2,183,3700.0,2000.0,0.6241,0.0245
DK05_to_DK03#alt2,2,184,3700.0,2050.0,0.6889,0.0193
DK05_to_DK03#alt2,2,185,3700.0,2100.0,0.7165,0.99
DK05_to_DK03#alt2,2,186,3700.0,2150.0,0.79,0.99
DK05_to_DK03#alt2,2,187,3700.0,2200.0,0.8465,0.99
DK05_to_DK03#alt2,2,188,3700.0,2250.0,0.8465,0.99
DK05_to_DK03#alt2,2,189,3700.0,2300.0,0.8465,0.99
DK05_to_DK03#alt2,2,190,3650.0,2350.0,0.8465,0.99
DK05_to_DK03#alt2,2,191,3650.0,2400.0,0.8465,0.99
DK05_to_DK03#alt2,2,192,3600.0,2450.0,0.8465,0.99
DK05_to_DK03#alt2,2,193,3600.0,2500.0,0.7165,0.99
DK05_to_DK03#alt2,2,194,3600.0,2550.0,0.7165,0.99
DK05_to_DK03#alt2,2,195,3600.0,2600.0,0.7165,0.99
DK05_to_DK03#alt2,2,196,3600.0,2650.0,0.6889,0.99
DK05_to_DK03#alt2,2,197,3600.0,2700.0,0.6241,0.99
DK05_to_DK03#alt2,2,198,3650.0,2750.0,0.4931,0.99
DK05_to_DK03#alt2,2,199,3700.0,2800.0,0.5134,0.99
DK05_to_DK03#alt2,2,200,3750.0,2850.0,0.6065,0.99
DK05_to_DK03#alt2,2,201,3800.0,2900.0,0.7165,0.99
DK05_to_DK03#alt2,2,202,3850.0,2950.0,0.8465,0.99
DK05_to_DK03#alt2,2,203,3850.0,3000.0,0.8465,0.99
DK05_to_DK03#alt2,2,204,3900.0,3050.0,0.8465,0.99
DK05_to_DK03#alt2,2,205,3950.0,3100.0,0.8465,0.99
DK05_to_DK03#alt2,2,206,4000.0,3150.0,0.79,0.99
DK05_to_DK03#alt2,2,207,4050.0,3200.0,0.7165,0.99
DK05_to_DK03#alt2,2,208,4100.0,3250.0,0.6065,0.99
DK05_to_DK03#alt2,2,209,4150.0,3300.0,0.5134,0.99
DK05_to_DK03#alt2,2,210,4200.0,3350.0,0.6065,0.99
DK05_to_DK03#alt2,2,211,4250.0,3400.0,0.7165,0.99
DK05_to_DK03#alt2,2,212,4300.0,3450.0,0.79,0.99
DK05_to_DK03#alt2,2,213,4350.0,3500.0,0.8465,0.99
DK05_to_DK03#alt2,2,214,4400.0,3550.0,0.8465,0.0007
DK05_to_DK03#alt2,2,215,4450.0,3600.0,0.8465,0.0007
DK05_to_DK03#alt2,2,216,4500.0,3650.0,0.8465,0.0007
DK05_to_DK03#alt2,2,217,4550.0,3700.0,0.8465,0.99
DK05_to_DK03#alt2,2,218,4600.0,3750.0,0.79,0.99
DK05_to_DK03#alt2,2,219,4650.0,3800.0,0.7165,0.99
DK05_to_DK03#alt2,2,220,4700.0,3850.0,0.6065,0.99
DK05_to_DK03#alt2,2,221,4750.0,3900.0,0.5134,0.99
DK05_to_DK03#alt2,2,222,4800.0,3950.0,0.4346,0.99
DK05_to_DK03#alt2,2,223,4850.0,4000.0,0.3679,0.99
DK05_to_DK03#alt2,2,224,4900.0,4050.0,0.3114,0.99
DK05_to_DK03#alt2,2,225,4900.0,4100.0,0.2636,0.99
DK05_to_DK03#alt2,2,226,4900.0,4150.0,0.2231,0.99
DK05_to_DK03#alt2,2,227,4900.0,4200.0,0.1889,0.99
DK05_to_DK03#alt2,2,228,4900.0,4250.0,0.1599,0.99
DK05_to_DK03#alt2,2,229,4900.0,4300.0,0.1353,0.99
DK05_to_DK03#alt2,2,230,4900.0,4350.0,0.1146,0.99
DK05_to_DK03#alt2,2,231,4850.0,4400.0,0.1117,0.99
DK05_to_DK03#alt2,2,232,4800.0,4450.0,0.1273,0.99
DK05_to_DK03#alt2,2,233,4750.0,4500.0,0.1422,0.0
DK05_to_DK03#alt2,2,234,4700.0,4550.0,0.1551,0.0
DK05_to_DK03#alt2,2,235,4650.0,4600.0,0.1648,0.0
DK05_to_DK03#alt2,2,236,4650.0,4650.0,0.1495,0.99
DK05_to_DK03#alt2,2,237,4600.0,4700.0,0.1517,0.99
DK05_to_DK03#alt2,2,238,4550.0,4750.0,0.1517,0.99
DK05_to_DK03#alt2,2,239,4500.0,4800.0,0.1517,0.99
DK05_to_DK03#alt2,2,240,4450.0,4850.0,0.1517,0.99
DK05_to_DK03#alt2,2,241,4400.0,4900.0,0.1495,0.99
DK05_to_DK03#alt2,2,242,4350.0,4950.0,0.1432,0.0056
DK05_to_DK03#alt2,2,243,4300.0,5000.0,0.1335,0.0113
DK05_to_DK03#alt2,2,244,4250.0,5000.0,0.1422,0.0208
DK05_to_DK03#alt2,2,245,4200.0,5000.0,0.1495,0.0354
DK05_to_DK03#alt2,2,246,4150.0,5000.0,0.1551,0.0832
DK05_to_DK03#alt2,2,247,4100.0,5000.0,0.1587,0.1146
DK05_to_DK03#alt2,2,248,4050.0,5000.0,0.1599,0.1472
DK05_to_DK03#alt2,2,249,4000.0,5000.0,0.1599,0.1762
DK05_to_DK03#alt2,2,250,3950.0,5000.0,0.1599,0.2054
DK05_to_DK03#alt2,2,251,3900.0,5000.0,0.1587,0.2008
DK05_to_DK03#alt2,2,252,3850.0,5000.0,0.1551,0.1849
DK05_to_DK03#alt2,2,253,3800.0,5000.0,0.1495,0.1619
DK05_to_DK03#alt2,2,254,3750.0,5000.0,0.1422,0.1147
DK05_to_DK03#alt2,2,255,3700.0,5000.0,0.1335,0.99
DK05_to_DK03#alt2,2,256,3650.0,5000.0,0.1239,0.99
DK05_to_DK03#alt2,2,257,3600.0,5000.0,0.1335,0.99
DK05_to_DK03#alt2,2,258,3550.0,5000.0,0.1551,0.99
DK05_to_DK03#alt2,2,259,3500.0,5000.0,0.1798,0.99
DK05_to_DK03#alt2,2,260,3450.0,5000.0,0.2076,0.99
DK05_to_DK03#alt2,2,261,3400.0,5000.0,0.2384,0.99
DK05_to_DK03#alt2,2,262,3350.0,5000.0,0.2721,0.99
DK05_to_DK03#alt2,2,263,3300.0,4950.0,0.344,0.99
DK05_to_DK03#alt2,2,264,3250.0,4950.0,0.3895,0.99
DK05_to_DK03#alt2,2,265,3200.0,4900.0,0.4931,0.99
DK05_to_DK03#alt2,2,266,3150.0,4850.0,0.6241,0.99
DK05_to_DK03#alt2,2,267,3100.0,4800.0,0.79,0.99
DK05_to_DK03#alt2,2,268,3100.0,4750.0,0.8465,0.99
DK05_to_DK03#alt2,2,269,3100.0,4700.0,0.8465,0.99
DK05_to_DK03#alt2,2,270,3100.0,4650.0,0.8465,0.5032
DK05_to_DK03#alt2,2,271,3100.0,4600.0,0.79,0.606
DK05_to_DK03#alt2,2,272,3100.0,4550.0,0.6889,0.6885
