edge_id,u,v,u_name,v_name,u_role,v_role,x1,y1,x2,y2,distance_m,nofly_clearance_m,route_hit_density,nearest_flz_distance_m,emergency_support,is_tn_edge,is_flz_edge,u_is_outer_zone,v_is_outer_zone,is_outer_zone_edge,edge_cost,aco_initial_desirability,edge_cost_distance_component,edge_cost_density_component,edge_cost_clearance_risk_component,edge_cost_outer_zone_component
0,2956,4805,DB01,FLZ04,DB,FLZ,1350.0,1450.0,2900.0,2350.0,1792.3448328934921,82.64764192673242,12.594594594594595,0.0,1.0,0,1,False,False,0,7.61088995408658,0.1313906791495601,0.8046698756129465,0.5797281746648837,0.8622539301221126,0.0
1,2956,4494,DB01,MAJ003,DB,TN_major,1350.0,1450.0,2500.0,2200.0,1372.953021774598,100.0,12.172413793103448,427.20018726587654,0.8671198079109533,1,0,False,False,0,1.8119639663275346,0.5518873545961221,0.6163847028645043,0.5602952263799057,0.8333333333333334,0.0
2,2956,4479,DB01,MAJ011,DB,TN_major,1350.0,1450.0,1750.0,2200.0,850.0,88.28430011649193,12.055555555555555,1159.7413504743201,0.34966446700938314,1,0,False,False,0,2.034212594517714,0.49159070329966537,0.38160591740978256,0.554916251118783,0.8528594998058467,0.0
3,2956,3058,DB01,MAJ015,DB,TN_major,1350.0,1450.0,1400.0,1500.0,70.71067811865476,100.0,66.0,1724.0939649566667,0.09805118654354501,1,0,False,False,0,0.811498729534718,1.2322878195673348,0.0317454272872201,3.0379746835443044,0.8333333333333334,0.0
4,2956,3996,DB01,MAJ022,DB,TN_major,1350.0,1450.0,2850.0,1950.0,1581.1388300841897,100.0,5.242424242424242,403.11288741492746,0.880774957955678,1,0,False,False,0,1.987995979456927,0.503019125960796,0.7098493338900089,0.24130836558914814,0.8333333333333334,0.0
5,2956,5292,DB01,MIN001,DB,TN_minor,1350.0,1450.0,2000.0,2600.0,1320.9844813622906,100.0,10.214285714285714,934.0770846134702,0.5057865053076862,1,0,False,False,0,2.0318640616323913,0.4921589090938515,0.5930535234051091,0.4701627486437614,0.8333333333333334,0.0
6,2956,5701,DB01,MIN002,DB,TN_minor,1350.0,1450.0,2250.0,2800.0,1622.4980739587952,100.0,11.5,790.5694150420949,0.6136802511983585,1,0,False,False,0,1.9821675176892086,0.5044982278620881,0.7284174894219427,0.5293440736478713,0.8333333333333334,0.0
7,2956,4103,DB01,MIN006,DB,TN_minor,1350.0,1450.0,3150.0,2000.0,1882.1530224718713,100.0,5.102564102564102,407.94778941914467,0.8780807511454075,1,0,False,False,0,2.0263468986536366,0.49349891702374793,0.8449890951129101,0.2348706146174501,0.8333333333333334,0.0
8,2956,3865,DB01,MIN011,DB,TN_minor,1350.0,1450.0,1350.0,1900.0,450.0,100.0,12.3,1614.0012391568973,0.13066006527377144,1,0,False,False,0,2.07366793605649,0.4822372871819138,0.20202666215812018,0.5661680092059841,0.8333333333333334,0.0
9,2956,6073,DB01,MIN017,DB,TN_minor,1350.0,1450.0,650.0,3000.0,1700.735135169495,91.43973146174442,4.0,1783.093505394373,0.08341527872411353,1,0,False,True,1,2.4429604118262205,0.40933942079415686,0.7635418723851831,0.1841196777905639,0.8476004475637593,1.0
10,2956,3476,DB01,MIN018,DB,TN_minor,1350.0,1450.0,2100.0,1700.0,790.5694150420949,100.0,7.9411764705882355,1030.7764064044152,0.4360152213017238,1,0,False,False,0,2.0595330072118876,0.4855469645294782,0.35492466694500446,0.36553171326067835,0.8333333333333334,0.0
11,2956,1555,DB01,MIN020,DB,TN_minor,1350.0,1450.0,2000.0,750.0,955.24865872714,86.7827747885489,5.619047619047619,1748.2848738120456,0.09182316923678165,1,0,False,False,0,2.325584553882069,0.42999941598799857,0.42885710678592304,0.2586443092772207,0.8553620420190852,0.0
12,2711,3406,DB02,FLZ01,DB,FLZ,4250.0,1300.0,3650.0,1650.0,694.6221994724903,163.1951379827984,13.733333333333333,0.0,1.0,0,1,False,False,0,7.327230968004295,0.13647720460385163,0.3118493431563537,0.6321442270809361,0.7280081033620027,0.0
13,2711,4805,DB02,FLZ04,DB,FLZ,4250.0,1300.0,2900.0,2350.0,1710.263137648707,141.4213562373095,11.944444444444445,0.0,1.0,0,1,False,False,0,7.518684337025435,0.13300199279221545,0.7678194513583154,0.5498018156246006,0.7642977396044841,0.0
14,2711,4494,DB02,MAJ003,DB,TN_major,4250.0,1300.0,2500.0,2200.0,1967.8668654154426,100.0,10.585365853658537,37.16517186829642,0.9989214804582192,1,0,False,False,0,1.8493603400724525,0.5407275036301594,0.8834701653143213,0.4872435375677118,0.8333333333333334,0.0
15,2711,5615,DB02,MAJ010,DB,TN_major,4250.0,1300.0,3000.0,2750.0,1914.4189719076646,180.27756377319946,12.1,226.69117514559093,0.9606476664494761,1,0,False,False,0,1.6938432305111426,0.5903734076371607,0.859474833037079,0.5569620253164558,0.6995373937113343,0.0
16,2711,3204,DB02,MAJ012,DB,TN_major,4250.0,1300.0,3650.0,1550.0,650.0,150.00000000000009,16.571428571428573,100.0,0.9922179382602435,1,0,False,False,0,1.4836963166017736,0.6739923721657398,0.2918162897839514,0.7627815222751935,0.7499999999999998,0.0
17,2711,2811,DB02,MAJ018,DB,TN_major,4250.0,1300.0,4200.0,1350.0,70.71067811865476,176.7766952966369,68.33333333333333,626.4982043070834,0.7359150228524268,1,0,False,False,0,0.3109040798636344,3.216426109424521,0.0317454272872201,3.1453778289221335,0.7053721745056052,0.0
18,2711,3996,DB02,MAJ022,DB,TN_major,4250.0,1300.0,2850.0,1950.0,1543.5349040433132,153.9710231262333,9.40625,65.0182076475691,0.9967028169627601,1,0,False,False,0,1.740029509489785,0.5747028970176615,0.6929671213076108,0.43296892980437296,0.7433816281229445,0.0
19,2711,4103,DB02,MIN006,DB,TN_minor,4250.0,1300.0,3150.0,2000.0,1303.8404810405298,166.59463463992248,12.821428571428571,32.34120221587586,0.9991831827139083,1,0,False,False,0,1.6122471855885518,0.6202522844751932,0.5853567563805689,0.5901693243465397,0.7223422756001292,0.0
20,2711,3008,DB02,MIN008,DB,TN_minor,4250.0,1300.0,3950.0,1450.0,335.4101966249685,156.65508713900917,19.125,360.5551275463989,0.9034247135330867,1,0,False,False,0,1.4229221468616242,0.7027791381317559,0.1505817832843137,0.8803222094361337,0.7389081881016514,0.0
21,2711,3615,DB02,MIN014,DB,TN_minor,4250.0,1300.0,4000.0,1750.0,514.78150704935,111.80339887498948,12.25,364.0054944640259,0.9016619341640674,1,0,False,False,0,1.676916302382969,0.5963326843319239,0.23111019913312666,0.563866513233602,0.8136610018750176,0.0
22,7213,9253,DK01,DK03,DK,DK,2100.0,3550.0,3100.0,4550.0,1414.213562373095,424.37615961711066,16.233333333333334,141.610408264697,0.9844552830464917,0,0,False,False,0,3.4995294586769186,0.2857527024156196,0.634908545744402,0.7472190257000386,0.2927064006381489,0.0
23,7213,8127,DK01,FLZ03,DK,FLZ,2100.0,3550.0,2350.0,4000.0,514.78150704935,432.67856868771844,24.166666666666668,0.0,1.0,0,1,False,False,0,6.6177843843717605,0.15110797540662577,0.23111019913312666,1.112389719984657,0.278869052187136,0.0
24,7213,8026,DK01,MAJ004,DK,TN_major,2100.0,3550.0,2350.0,3950.0,471.6990566028302,439.9147644714826,23.818181818181817,50.0,0.9980487811074755,1,0,False,False,0,0.8107939178153212,1.2333590299918546,0.21176841321911996,1.096348990480176,0.26680872588086235,0.0
25,7213,7214,DK01,MAJ005,DK,TN_major,2100.0,3550.0,2150.0,3550.0,50.0,460.9772228646444,57.0,492.44289008980525,0.8274115009025538,1,0,False,False,0,0.05,20.0,0.022447406906457797,2.623705408515536,0.23170462855892604,0.0
26,7213,8722,DK01,MAJ007,DK,TN_major,2100.0,3550.0,1800.0,4300.0,807.7747210701756,130.21143306575672,10.5,399.3181905461333,0.8828727212907482,1,0,False,True,1,1.7287917208314842,0.5784386794257884,0.36264895705225364,0.4833141542002303,0.7829809448904055,1.0
27,7213,8425,DK01,MAJ008,DK,TN_major,2100.0,3550.0,2100.0,4150.0,600.0,300.0,13.461538461538462,250.0,0.9523447998951764,1,0,False,False,0,1.3195950296823218,0.7578082498846174,0.2693688828774936,0.6196335310259362,0.5,0.0
28,7213,8943,DK01,MAJ009,DK,TN_major,2100.0,3550.0,2750.0,4400.0,1070.046727951635,291.547594742265,15.652173913043478,78.20295697311445,0.995233503409883,1,0,False,True,1,1.314577284172129,0.7607008062898045,0.480395486225082,0.7204683043978588,0.514087342096225,1.0
29,7213,5615,DK01,MAJ010,DK,TN_major,2100.0,3550.0,3000.0,2750.0,1204.1594578792296,166.19265928433782,14.461538461538462,412.31056256176606,0.8756292572035382,1,0,False,False,0,1.6257591417674238,0.6150972639851574,0.540605146625494,0.6656634504735772,0.7230122345261036,0.0
30,7213,6291,DK01,MAJ016,DK,TN_major,2100.0,3550.0,1450.0,3100.0,790.5694150420949,100.0,10.411764705882353,514.78150704935,0.812994243520487,1,0,False,False,0,1.8141830073730676,0.5512123065511442,0.35492466694500446,0.47925269071955606,0.8333333333333334,0.0
31,7213,6728,DK01,MAJ017,DK,TN_major,2100.0,3550.0,3100.0,3300.0,1030.7764064044152,460.9772228646444,11.454545454545455,497.3911531015334,0.8242514353650792,1,0,False,False,0,1.2098862701295372,0.8265239673254036,0.46276514848272443,0.5272518045820694,0.23170462855892604,0.0
32,7213,9151,DK01,MAJ019,DK,TN_major,2100.0,3550.0,3050.0,4500.0,1343.5028842544402,424.3368100872958,13.785714285714286,141.44560336243194,0.984491161725705,1,0,False,True,1,1.1722814973129767,0.8530374336642961,0.6031631184571818,0.6345553180996221,0.29277198318784026,1.0
33,7213,5292,DK01,MIN001,DK,TN_minor,2100.0,3550.0,2000.0,2600.0,955.24865872714,293.47061181658376,7.714285714285714,514.78150704935,0.812994243520487,1,0,False,False,0,1.5722974679864394,0.636011963614397,0.42885710678592304,0.355087950024659,0.510882313639027,0.0
34,7213,5701,DK01,MIN002,DK,TN_minor,2100.0,3550.0,2250.0,2800.0,764.8529270389178,111.80339887498948,11.705882352941176,514.78150704935,0.812994243520487,1,0,False,False,0,1.7618402680377458,0.5675883439273145,0.34337929753675733,0.5388208217694443,0.8136610018750176,0.0
35,7213,6708,DK01,MIN003,DK,TN_minor,2100.0,3550.0,2100.0,3300.0,250.0,460.9772228646444,22.0,514.78150704935,0.812994243520487,1,0,False,False,0,0.8851796259312088,1.129714207947342,0.11223703453228899,1.0126582278481016,0.23170462855892604,0.0
36,7213,8533,DK01,MIN005,DK,TN_minor,2100.0,3550.0,2450.0,4200.0,738.24115301167,430.4648650006177,23.375,23.57022603955137,0.9995660663986526,1,0,False,False,0,0.8659008137959059,1.1548666822661071,0.3314319911349106,1.0759493670886078,0.2825585583323038,0.0
37,7213,5693,DK01,MIN007,DK,TN_minor,2100.0,3550.0,1850.0,2800.0,790.5694150420949,250.0,6.882352941176471,514.78150704935,0.812994243520487,1,0,False,False,0,1.6454122769865516,0.6077504185342683,0.35492466694500446,0.31679415149258794,0.5833333333333333,0.0
38,7213,7208,DK01,MIN012,DK,TN_minor,2100.0,3550.0,1850.0,3550.0,250.0,291.547594742265,18.833333333333332,514.78150704935,0.812994243520487,1,0,False,False,0,1.2404430452606057,0.8061635750393595,0.11223703453228899,0.866896816263905,0.514087342096225,0.0
39,7213,7231,DK01,MIN013,DK,TN_minor,2100.0,3550.0,3000.0,3550.0,900.0,460.9772228646444,12.526315789473685,450.0,0.8536763613451477,1,0,False,False,0,1.1558291000063232,0.8651798090172061,0.40405332431624036,0.576585306765187,0.23170462855892604,0.0
40,7213,8141,DK01,MIN015,DK,TN_minor,2100.0,3550.0,3050.0,4000.0,1051.189802081432,427.20018726587654,10.043478260869565,299.879452364468,0.9321551533047601,1,0,False,False,0,1.2469962641165544,0.8019270215764912,0.47192970446481486,0.4623004953219594,0.2879996878902058,0.0
41,7213,3476,DK01,MIN018,DK,TN_minor,2100.0,3550.0,2100.0,1700.0,1850.0,200.0,10.763157894736842,514.78150704935,0.812994243520487,1,0,False,False,0,1.7583363877661735,0.5687193912141126,0.8305540555389386,0.4954272908969779,0.6666666666666667,0.0
42,9253,9104,DK03,DK05,DK,DK,3100.0,4550.0,700.0,4500.0,2400.520776831561,110.67548459556161,15.34,534.7347702075969,0.7998015691215893,0,0,False,False,0,4.245951001583852,0.23551849741718017,1.0777093332988843,0.7060989643268126,0.8155408590073974,0.0
43,9253,8719,DK03,DK06,DK,DK,3100.0,4550.0,1650.0,4300.0,1471.3938969562162,184.08935028645408,13.580645161290322,414.57474865483783,0.874349433606184,0,0,False,False,0,4.022529661574766,0.2485997827567326,0.6605795504930965,0.6251160028211887,0.6931844161892432,0.0
44,9253,8127,DK03,FLZ03,DK,FLZ,3100.0,4550.0,2350.0,4000.0,930.0537618869137,376.32499068618654,15.8,0.0,1.0,0,1,False,False,0,6.950874437136783,0.1438667910122574,0.41754590475914727,0.7272727272727275,0.37279168218968906,0.0
45,9253,4805,DK03,FLZ04,DK,FLZ,3100.0,4550.0,2900.0,2350.0,2209.072203437452,108.91156226526999,13.782608695652174,0.0,1.0,0,1,False,False,0,7.586546901113471,0.13181227415245148,0.9917588527261162,0.6344123680392256,0.8184807295578833,0.0
46,9253,8026,DK03,MAJ004,DK,TN_major,3100.0,4550.0,2350.0,3950.0,960.4686356149273,390.5204860183394,15.047619047619047,42.5,0.9985898623672419,1,0,False,False,0,1.149559371644998,0.8698985234394797,0.43120060569077234,0.6926406926406928,0.34913252330276767,0.0
47,9253,7214,DK03,MAJ005,DK,TN_major,3100.0,4550.0,2150.0,3550.0,1379.3114224133722,429.58214153585396,12.517241379310345,166.22496742643202,0.978644805895499,1,0,False,False,0,1.1996753531326887,0.8335588435560668,0.6192392949927612,0.5761676123963336,0.28402976410691005,0.0
48,9253,8413,DK03,MAJ006,DK,TN_major,3100.0,4550.0,1500.0,4150.0,1649.2422502470642,86.48317086563809,9.235294117647058,351.86111501669194,0.9078068635667953,1,0,False,False,0,1.9127560617685162,0.5228058193031732,0.740424237572359,0.42509984431056663,0.8558613818906031,0.0
49,9253,8722,DK03,MAJ007,DK,TN_major,3100.0,4550.0,1800.0,4300.0,1323.8202294873727,193.48085757939273,10.392857142857142,398.5269515836367,0.8833082547235661,1,0,False,True,1,1.6835102193493066,0.5939969882609385,0.594326627246068,0.47838237711655446,0.6775319040343455,1.0
50,9253,8425,DK03,MAJ008,DK,TN_major,3100.0,4550.0,2100.0,4150.0,1077.0329614269008,278.8702118214178,11.304347826086957,232.92959955125306,0.9584981419857442,1,0,False,False,0,1.4549230928242383,0.6873215532367695,0.48353194273633815,0.5203382198428981,0.5352163136309703,0.0
51,9253,8943,DK03,MAJ009,DK,TN_major,3100.0,4550.0,2750.0,4400.0,380.7886552931954,291.547594742265,14.333333333333334,565.685424949238,0.7788007830714049,1,0,False,True,1,1.3757864250629128,0.7268570046795391,0.17095435781458504,0.6597621787495207,0.514087342096225,1.0
52,9253,5615,DK03,MAJ010,DK,TN_major,3100.0,4550.0,3000.0,2750.0,1802.7756377319947,223.60679774997897,12.263157894736842,412.31056256176606,0.8756292572035382,1,0,False,False,0,1.647851456043646,0.6068508155467585,0.8093527660243808,0.5644721700684394,0.6273220037500351,0.0
53,9253,9105,DK03,MAJ013,DK,TN_major,3100.0,4550.0,750.0,4500.0,2350.5318547086317,110.90693045171837,14.244897959183673,534.3739847293805,0.8000426199643932,1,0,False,True,1,1.889346752500744,0.5292834672494064,1.0552668997847119,0.6556915056010898,0.8151551159138027,1.0
54,9253,6291,DK03,MAJ016,DK,TN_major,3100.0,4550.0,1450.0,3100.0,2196.5882636488795,100.0,10.71111111111111,84.87046522653594,0.9943884633005864,1,0,False,False,0,1.8744038380873362,0.533502962211394,0.98615421120152,0.49303158163917665,0.8333333333333334,0.0
55,9253,6728,DK03,MAJ017,DK,TN_major,3100.0,4550.0,3100.0,3300.0,1250.0,350.0,15.461538461538462,750.0,0.6443887248251953,1,0,False,False,0,1.4171638868823255,0.70563469000042,0.561185172661445,0.7116933699212182,0.41666666666666663,0.0
56,9253,9151,DK03,MAJ019,DK,TN_major,3100.0,4550.0,3050.0,4500.0,70.71067811865476,447.21359549995793,50.666666666666664,860.2325267042627,0.5609491608144708,1,0,False,True,1,0.35425646566457275,2.8228136870389506,0.0317454272872201,2.3321825853471427,0.2546440075000701,1.0
57,9253,5292,DK03,MIN001,DK,TN_minor,3100.0,4550.0,2000.0,2600.0,2238.861317723811,231.1805451253291,8.543478260869565,383.011136736515,0.8917161219512397,1,0,False,False,0,1.7617383518607939,0.5676211787884246,1.0051326201214938,0.3932556161504979,0.6146990914577848,0.0
58,9253,5701,DK03,MIN002,DK,TN_minor,3100.0,4550.0,2250.0,2800.0,1945.507645834372,111.80339887498948,6.2,435.01040969354835,0.8625698855165591,1,0,False,False,0,1.9962832920809002,0.5009309069343624,0.8734320353133787,0.2853855005753741,0.8136610018750176,0.0
59,9253,6708,DK03,MIN003,DK,TN_minor,3100.0,4550.0,2100.0,3300.0,1600.7810593582121,445.4777359455135,8.558823529411764,243.22311553429955,0.9548349465076015,1,0,False,False,0,1.3010475481523043,0.7686114173307194,0.7186676761512872,0.39396195762539776,0.25753710675747754,0.0
60,9253,9312,DK03,MIN004,DK,TN_minor,3100.0,4550.0,1000.0,4600.0,2100.5951537600004,87.17053401856371,7.886363636363637,567.709858558575,0.7774059823694875,1,0,False,True,1,2.0585149892270964,0.48578708692107536,0.9430582832436802,0.3630086829166232,0.8547157766357272,1.0
61,9253,8533,DK03,MIN005,DK,TN_minor,3100.0,4550.0,2450.0,4200.0,738.24115301167,325.0982757396424,11.75,223.60679774997897,0.9616906016054253,1,0,False,False,0,1.3279984350835583,0.7530129355439185,0.3314319911349106,0.5408515535097815,0.4581695404339293,0.0
62,9253,5693,DK03,MIN007,DK,TN_minor,3100.0,4550.0,1850.0,2800.0,2150.5813167606566,250.0,7.0,290.6426336514791,0.9361358810187579,1,0,False,False,0,1.7337775186944768,0.576775272038937,0.9654994780550454,0.32220943613348685,0.5833333333333333,0.0
63,9253,7208,DK03,MIN012,DK,TN_minor,3100.0,4550.0,1850.0,3550.0,1600.7810593582121,289.0764560264877,13.058823529411764,39.770923480020194,0.9987650394777351,1,0,False,False,0,1.4361839827750884,0.6962896202669903,0.7186676761512872,0.6010965951397822,0.5182059066225205,0.0
64,9253,7231,DK03,MIN013,DK,TN_minor,3100.0,4550.0,3000.0,3550.0,1004.987562112089,383.69548110737765,10.863636363636363,691.550887777239,0.68823353723677,1,0,False,False,0,1.4174034076427964,0.7055154479013449,0.4511872948531819,0.5000523067266451,0.36050753148770387,0.0
65,9253,8141,DK03,MIN015,DK,TN_minor,3100.0,4550.0,3050.0,4000.0,552.268050859363,380.28680697015443,14.76923076923077,700.0,0.6819407511903481,1,0,False,False,0,1.2855319308677988,0.7778881068515736,0.24793971318152905,0.6798265026113129,0.36618865504974263,0.0
66,2329,2431,DK04,MAJ014,DK,TN_major,300.0,1150.0,350.0,1200.0,70.71067811865476,403.11288741492746,41.333333333333336,2797.320146139873,0.002213276571272871,1,0,False,True,1,0.9219318786835469,1.0846788392087372,0.0317454272872201,1.9025700038358273,0.3281451876417876,1.0
67,2329,4046,DK04,MAJ020,DK,TN_major,300.0,1150.0,300.0,2000.0,850.0,450.0,24.38888888888889,2623.451924468981,0.0046218827974106305,1,0,False,True,1,1.320023216890734,0.7575624331483072,0.38160591740978256,1.1226185909730217,0.25,1.0
68,2329,2739,DK04,MIN010,DK,TN_minor,300.0,1150.0,600.0,1350.0,360.5551275463989,150.0,16.22222222222222,2507.9872407968905,0.007342598352649535,1,0,False,True,1,1.9516845224730888,0.5123778912448637,0.16187055320487614,0.7467075821506203,0.75,1.0
69,2329,4354,DK04,MIN016,DK,TN_minor,300.0,1150.0,550.0,2150.0,1030.7764064044152,376.0171390892826,7.045454545454546,2358.495283014151,0.012962390861737843,1,0,False,True,1,1.8586059816982015,0.538037652868363,0.46276514848272443,0.32430170519928875,0.37330476818452907,1.0
70,2329,6073,DK04,MIN017,DK,TN_minor,300.0,1150.0,650.0,3000.0,1882.817038376273,111.80339887498948,5.3076923076923075,1972.308292331602,0.04787975573086149,1,0,False,True,1,2.4171285746993405,0.4137140284829023,0.8452872038168794,0.24431264937594058,0.8136610018750176,1.0
71,9104,8719,DK05,DK06,DK,DK,700.0,4500.0,1650.0,4300.0,970.8243919473799,127.30377056474015,18.80952380952381,761.5773105863908,0.635638673826052,0,0,False,False,0,4.060002806025029,0.2463052484880069,0.43584980321514616,0.865800865800866,0.7878270490587664,0.0
72,9104,8127,DK05,FLZ03,DK,FLZ,700.0,4500.0,2350.0,4000.0,1724.0939649566667,107.70329614269008,12.083333333333334,0.0,1.0,0,1,False,False,0,7.5732369127081105,0.13204393465124153,0.7740287755270098,0.5561948599923285,0.8204945064288498,0.0
73,9104,8026,DK05,MAJ004,DK,TN_major,700.0,4500.0,2350.0,3950.0,1739.2527130926087,80.62257748298549,12.222222222222221,50.0,0.9980487811074755,1,0,False,False,0,1.8187612360378484,0.5498247819370118,0.7808342672790097,0.5625879043600563,0.8656290375283575,0.0
74,9104,8413,DK05,MAJ006,DK,TN_major,700.0,4500.0,1500.0,4150.0,873.212459828649,97.53916592266384,16.42105263157895,863.1338250816034,0.5587622272904076,1,0,False,False,0,1.8163724963098147,0.5505478650616125,0.3920271080312524,0.755859729877052,0.8374347234622269,0.0
75,9104,8722,DK05,MAJ007,DK,TN_major,700.0,4500.0,1800.0,4300.0,1118.033988749895,131.31946356990403,16.458333333333332,626.4982043070834,0.7359150228524268,1,0,False,True,1,1.6981156309965002,0.5888880484617958,0.5019392776143791,0.7575757575757577,0.7811342273834933,1.0
76,9104,8425,DK05,MAJ008,DK,TN_major,700.0,4500.0,2100.0,4150.0,1443.0869689661813,122.30446793771209,11.4,291.547594742265,0.9357506383666208,1,0,False,False,0,1.7661231364614072,0.5662119358243579,0.6478712078758142,0.5247410817031072,0.7961592201038132,0.0
77,9104,8943,DK05,MAJ009,DK,TN_major,700.0,4500.0,2750.0,4400.0,2052.437575177379,145.25760993018633,11.418604651162791,419.1558301841028,0.87174435380825,1,0,False,True,1,1.8278345618208791,0.5470954652503153,0.921438028002204,0.5255974522974819,0.7579039834496895,1.0
78,9104,9105,DK05,MAJ013,DK,TN_major,700.0,4500.0,750.0,4500.0,50.0,150.0,66.5,1676.305461424021,0.11132376739130583,1,0,False,True,1,0.7076971208204033,1.4130338679924859,0.022447406906457797,3.060989643268125,0.75,1.0
79,9104,9151,DK05,MAJ019,DK,TN_major,700.0,4500.0,3050.0,4500.0,2350.0,150.0,13.666666666666666,500.0,0.8225775623986646,1,0,False,True,1,1.8261724414828382,0.5475934130229276,1.0550281246035165,0.6290755657844267,0.75,1.0
80,9104,9312,DK05,MIN004,DK,TN_minor,700.0,4500.0,1000.0,4600.0,316.22776601683796,150.0,21.5,1477.3286702694156,0.18175818576240846,1,0,False,True,1,1.7380337141746602,0.5753628320581052,0.14196986677800177,0.989643268124281,0.75,1.0
81,9104,8533,DK05,MIN005,DK,TN_minor,700.0,4500.0,2450.0,4200.0,1775.5280904564704,133.13787757225379,15.027027027027026,214.57771477721673,0.9646677290880186,1,0,False,False,0,1.6874452330648955,0.5926118255012678,0.7971200304064481,0.6916928435915779,0.778103537379577,0.0
82,9104,8489,DK05,MIN009,DK,TN_minor,700.0,4500.0,250.0,4200.0,540.8326913195984,110.968687415761,11.25,1724.0939649566667,0.09805118654354501,1,0,False,True,1,2.106051729350978,0.4748221451845202,0.24280582980731427,0.517836593785961,0.8150521876403983,1.0
83,9104,8141,DK05,MIN015,DK,TN_minor,700.0,4500.0,3050.0,4000.0,2402.6027553467925,127.19542268436125,12.8,145.68627181693694,0.9835550859023376,1,0,False,False,0,1.8095415842860618,0.5526261505587565,1.0786440336769225,0.5891829689298046,0.7880076288593979,0.0
84,8719,8127,DK06,FLZ03,DK,FLZ,1650.0,4300.0,2350.0,4000.0,761.5773105863908,184.5602882529175,17.470588235294116,0.0,1.0,0,1,False,False,0,7.213124456292689,0.13863617716003857,0.3419087156291701,0.8041697691734924,0.6923995195784709,0.0
85,8719,8026,DK06,MAJ004,DK,TN_major,1650.0,4300.0,2350.0,3950.0,782.6237921249264,178.97276329095442,15.294117647058824,50.0,0.9980487811074755,1,0,False,False,0,1.4767755169755945,0.6771509877465867,0.3513574943300653,0.703987003316862,0.7017120611817427,0.0
86,8719,8413,DK06,MAJ006,DK,TN_major,1650.0,4300.0,1500.0,4150.0,212.13203435596427,111.80339887498948,27.166666666666668,761.5773105863908,0.635638673826052,1,0,False,False,0,1.4326529706871212,0.6980057421165892,0.0952362818616603,1.2504794783275799,0.8136610018750176,0.0
87,8719,8722,DK06,MAJ007,DK,TN_major,1650.0,4300.0,1800.0,4300.0,150.0,200.0,39.75,626.4982043070834,0.7359150228524268,1,0,False,True,1,0.9389420358219367,1.0650284701809245,0.0673422207193734,1.829689298043729,0.6666666666666667,1.0
88,8719,8425,DK06,MAJ008,DK,TN_major,1650.0,4300.0,2100.0,4150.0,474.3416490252569,190.3943276465977,13.909090909090908,291.547594742265,0.9357506383666208,1,0,False,False,0,1.4861643088032637,0.6728731097069958,0.21295480016700266,0.6402343341353699,0.6826761205890038,0.0
89,8719,8943,DK06,MAJ009,DK,TN_major,1650.0,4300.0,2750.0,4400.0,1104.536101718726,200.0,13.666666666666666,362.1506856166745,0.90261120792287,1,0,False,True,1,1.5630351108272873,0.639780893642701,0.4958794263630581,0.6290755657844267,0.6666666666666667,1.0
90,8719,5615,DK06,MAJ010,DK,TN_major,1650.0,4300.0,3000.0,2750.0,2055.4804791094466,89.2936504409486,10.279069767441861,330.8238873546534,0.9180499553751686,1,0,False,False,0,1.9245229028192434,0.5196093008480672,0.9228041340570116,0.47314475339203055,0.8511772492650856,0.0
91,8719,9105,DK06,MAJ013,DK,TN_major,1650.0,4300.0,750.0,4500.0,921.9544457292888,136.48739452515716,16.05,761.5773105863908,0.635638673826052,1,0,False,True,1,1.7270309760304132,0.5790284099585195,0.4139097318500622,0.7387802071346378,0.7725210091247381,1.0
92,8719,6728,DK06,MAJ017,DK,TN_major,1650.0,4300.0,3100.0,3300.0,1761.3914953808537,150.41737201024765,11.27027027027027,150.98059109994566,0.9823489355192602,1,0,False,False,0,1.7346804283918942,0.576475057672169,0.7907734323677641,0.5187696326936835,0.7493043799829207,0.0
93,8719,9151,DK06,MAJ019,DK,TN_major,1650.0,4300.0,3050.0,4500.0,1414.213562373095,200.0,12.433333333333334,396.32677277778265,0.8845159134513793,1,0,False,True,1,1.6352251549010808,0.6115365807594201,0.634908545744402,0.5723053317990029,0.6666666666666667,1.0
94,8719,9312,DK06,MIN004,DK,TN_minor,1650.0,4300.0,1000.0,4600.0,715.8910531638177,200.0,11.9375,761.5773105863908,0.635638673826052,1,0,False,True,1,1.6926977113293422,0.5907729379598798,0.3213979554212166,0.5494821634062141,0.6666666666666667,1.0
95,8719,8533,DK06,MIN005,DK,TN_minor,1650.0,4300.0,2450.0,4200.0,806.2257748298549,199.74031583940746,17.61111111111111,211.84638947493087,0.9655459030519188,1,0,False,False,0,1.4077378737149828,0.7103595198167302,0.3619535605215995,0.8106380258278995,0.6670994736009876,0.0
96,8719,7231,DK06,MIN013,DK,TN_minor,1650.0,4300.0,3000.0,3550.0,1544.34452114805,170.24344447001627,12.0625,78.3877605175668,0.9952110032077712,1,0,False,False,0,1.6526120963841853,0.6051026748430193,0.69333059739938,0.5552359033371693,0.7162609258833061,0.0
97,8719,8141,DK06,MIN015,DK,TN_minor,1650.0,4300.0,3050.0,4000.0,1431.7821063276353,195.70294653327915,10.966666666666667,146.82530245547446,0.9832991031768599,1,0,False,False,0,1.6287224313523196,0.6139781590468458,0.6427959108424331,0.5047947832757961,0.6738284224445348,0.0
98,3406,4805,FLZ01,FLZ04,FLZ,FLZ,3650.0,1650.0,2900.0,2350.0,1025.9142264341594,141.4213562373095,9.136363636363637,0.0,1.0,0,1,False,False,0,7.506502911344526,0.1332178261715861,0.46058228183782923,0.4205460822261744,0.7642977396044841,0.0
99,3406,4494,FLZ01,MAJ003,FLZ,TN_major,3650.0,1650.0,2500.0,2200.0,1274.7548783981963,100.0,8.333333333333334,0.0,1.0,1,1,False,False,0,5.24625825044972,0.1906120423854998,0.5722988292279289,0.38358266206367486,0.8333333333333334,0.0
100,3406,5615,FLZ01,MAJ010,FLZ,TN_major,3650.0,1650.0,3000.0,2750.0,1277.6932339180637,223.60679774997897,7.296296296296297,0.0,1.0,1,1,False,False,0,5.064444078815891,0.19745503838869682,0.5736179984677349,0.33584793078463976,0.6273220037500351,0.0
101,3406,4479,FLZ01,MAJ011,FLZ,TN_major,3650.0,1650.0,1750.0,2200.0,1978.0040444852482,100.0,5.097560975609756,0.0,1.0,1,1,False,False,0,5.399660021877096,0.18519684497698577,0.8880212329835924,0.23464032108675523,0.8333333333333334,0.0
102,3406,3204,FLZ01,MAJ012,FLZ,TN_major,3650.0,1650.0,3650.0,1550.0,100.0,380.7886552931954,13.0,0.0,1.0,1,1,False,False,0,4.539023009062812,0.22031172743635716,0.044894813812915595,0.5983889528193327,0.3653522411780077,0.0
103,3406,6728,FLZ01,MAJ017,FLZ,TN_major,3650.0,1650.0,3100.0,3300.0,1739.2527130926087,363.7250587564006,7.5,0.0,1.0,1,1,False,False,0,4.878029478471674,0.20500081117043764,0.7808342672790097,0.34522439585730735,0.3937915687393324,0.0
104,3406,2811,FLZ01,MAJ018,FLZ,TN_major,3650.0,1650.0,4200.0,1350.0,626.4982043070834,180.27756377319946,12.571428571428571,0.0,1.0,1,1,False,False,0,4.942164312901492,0.2023405003733902,0.28126520236492464,0.5786618444846294,0.6995373937113343,0.0
105,3406,3996,FLZ01,MAJ022,FLZ,TN_major,3650.0,1650.0,2850.0,1950.0,854.4003745317531,275.8824226207809,5.2105263157894735,0.0,1.0,1,1,False,False,0,4.97781281418286,0.20089144315567367,0.38358145736288407,0.23984010659560298,0.5401959622986985,0.0
106,3406,4103,FLZ01,MIN006,FLZ,TN_minor,3650.0,1650.0,3150.0,2000.0,610.3277807866851,397.7190885194991,6.642857142857143,0.0,1.0,1,1,False,False,0,4.714392683922964,0.21211639908788316,0.2740055208326819,0.3057701791879008,0.3371348524675015,0.0
107,3406,3008,FLZ01,MIN008,FLZ,TN_minor,3650.0,1650.0,3950.0,1450.0,360.5551275463989,200.0,8.0,0.0,1.0,1,1,False,False,0,4.984656168018564,0.20061564254240372,0.16187055320487614,0.3682393555811278,0.6666666666666667,0.0
108,3406,3865,FLZ01,MIN011,FLZ,TN_minor,3650.0,1650.0,1350.0,1900.0,2313.547060251855,119.94887246419717,3.9583333333333335,0.0,1.0,1,1,False,False,0,5.430291532454354,0.18415217562877795,1.0386626451742524,0.18220176448024555,0.8000852125596714,0.0
109,3406,7231,FLZ01,MIN013,FLZ,TN_minor,3650.0,1650.0,3000.0,3550.0,2008.1085628023202,374.1180388061268,8.0,0.0,1.0,1,1,False,False,0,4.87937594848163,0.20494424093539693,0.9015366004313169,0.3682393555811278,0.376469935323122,0.0
110,3406,3615,FLZ01,MIN014,FLZ,TN_minor,3650.0,1650.0,4000.0,1750.0,364.0054944640259,111.80339887498948,7.444444444444445,0.0,1.0,1,1,False,False,0,5.1448238509132524,0.19437011430867376,0.16341958900840722,0.3426671781102162,0.8136610018750176,0.0
111,3406,8141,FLZ01,MIN015,FLZ,TN_minor,3650.0,1650.0,3050.0,4000.0,2425.3865671269805,273.56265543256,5.22,0.0,1.0,1,1,False,False,0,5.157783887917414,0.19388171775529267,1.088872783555123,0.2402761795166859,0.5440622409457333,0.0
112,590,477,FLZ02,MIN019,FLZ,TN_minor,4250.0,250.0,3650.0,200.0,602.0797289396148,460.9772228646444,1.5714285714285714,0.0,1.0,1,1,False,True,1,4.724755447448065,0.21165116610217782,0.270302573312747,0.07233273056057868,0.23170462855892604,1.0
113,590,589,FLZ02,MIN021,FLZ,TN_minor,4250.0,250.0,4200.0,250.0,50.0,474.3416490252569,3.0,0.0,1.0,1,1,False,True,1,4.6076390983543005,0.21703088689328284,0.022447406906457797,0.13808975834292295,0.20943058495790512,1.0
114,8127,8026,FLZ03,MAJ004,FLZ,TN_major,2350.0,4000.0,2350.0,3950.0,50.0,550.0,39.0,0.0,1.0,1,1,False,False,0,3.6530032966721904,0.27374735766348174,0.022447406906457797,1.795166858457998,0.08333333333333337,0.0
115,8127,7214,FLZ03,MAJ005,FLZ,TN_major,2350.0,4000.0,2150.0,3550.0,492.44289008980525,462.3851208678757,22.636363636363637,0.0,1.0,1,1,False,False,0,4.225295005003642,0.23666986537408363,0.22108131864075867,1.0419499947693276,0.22935813188687382,0.0
116,8127,8722,FLZ03,MAJ007,FLZ,TN_major,2350.0,4000.0,1800.0,4300.0,626.4982043070834,244.28376166462223,16.5,0.0,1.0,1,1,False,True,1,4.745071403215065,0.21074498464289518,0.28126520236492464,0.7594936708860761,0.5928603972256297,1.0
117,8127,8425,FLZ03,MAJ008,FLZ,TN_major,2350.0,4000.0,2100.0,4150.0,291.547594742265,360.5551275463989,24.571428571428573,0.0,1.0,1,1,False,False,0,4.327928326794643,0.23105743082871744,0.13088974983557358,1.1310208778563213,0.39907478742266844,0.0
118,8127,8943,FLZ03,MAJ009,FLZ,TN_major,2350.0,4000.0,2750.0,4400.0,565.685424949238,291.547594742265,14.0,0.0,1.0,1,1,False,True,1,4.71701030137842,0.21199868902295524,0.2539634182977608,0.6444188722669737,0.514087342096225,1.0
119,8127,5615,FLZ03,MAJ010,FLZ,TN_major,2350.0,4000.0,3000.0,2750.0,1408.9002803605372,222.5474070726686,8.866666666666667,0.0,1.0,1,1,False,False,0,5.04479400892163,0.19822414913899705,0.632523157677509,0.40813195243575,0.6290876548788857,0.0
120,8127,4479,FLZ03,MAJ011,FLZ,TN_major,2350.0,4000.0,1750.0,2200.0,1897.3665961010277,81.7485503526793,8.41025641025641,0.0,1.0,1,1,False,False,0,5.344787044538058,0.18709819337365732,0.8518192006680106,0.38712342509810876,0.8637524160788679,0.0
121,8127,9105,FLZ03,MAJ013,FLZ,TN_major,2350.0,4000.0,750.0,4500.0,1676.305461424021,113.60710538722346,10.857142857142858,0.0,1.0,1,1,False,True,1,5.210563213583474,0.19191783287324662,0.7525742158420499,0.49975341114581634,0.8106548243546275,1.0
122,8127,6291,FLZ03,MAJ016,FLZ,TN_major,2350.0,4000.0,1450.0,3100.0,1272.7922061357856,100.0,11.962962962962964,0.0,1.0,1,1,False,False,0,5.1625021861969165,0.1937045184549693,0.5714176911699619,0.5506542215402976,0.8333333333333334,0.0
123,8127,6728,FLZ03,MAJ017,FLZ,TN_major,2350.0,4000.0,3100.0,3300.0,1025.9142264341594,509.9019513592785,14.136363636363637,0.0,1.0,1,1,False,False,0,4.401602685969713,0.22718997404912095,0.46058228183782923,0.6506956794643793,0.1501634144012025,0.0
124,8127,9151,FLZ03,MAJ019,FLZ,TN_major,2350.0,4000.0,3050.0,4500.0,860.2325267042627,383.69548110737736,12.894736842105264,0.0,1.0,1,1,False,True,1,4.621927171064134,0.21635996479143224,0.3861997912220182,0.5935436981406337,0.3605075314877044,1.0
125,8127,5292,FLZ03,MIN001,FLZ,TN_minor,2350.0,4000.0,2000.0,2600.0,1443.0869689661813,279.76229930809086,10.766666666666667,0.0,1.0,1,1,False,False,0,4.909544444270243,0.2036848859097436,0.6478712078758142,0.49558879938626793,0.533729501153182,0.0
126,8127,5701,FLZ03,MIN002,FLZ,TN_minor,2350.0,4000.0,2250.0,2800.0,1204.1594578792296,111.80339887498948,12.26923076923077,0.0,1.0,1,1,False,False,0,5.1280779773765275,0.19500483503013927,0.540605146625494,0.5647517039922105,0.8136610018750176,0.0
127,8127,6708,FLZ03,MIN003,FLZ,TN_minor,2350.0,4000.0,2100.0,3300.0,743.3034373659252,484.66483264210535,16.1875,0.0,1.0,1,1,False,False,0,4.36473833280933,0.2291088087647989,0.3337046942704338,0.7451093210586883,0.19222527892982444,0.0
128,8127,9312,FLZ03,MIN004,FLZ,TN_minor,2350.0,4000.0,1000.0,4600.0,1477.3286702694156,193.13207915827965,14.870967741935484,0.0,1.0,1,1,False,True,1,4.963311007589799,0.2014784079560639,0.6632439559222759,0.6845094472697578,0.6781132014028672,1.0
129,8127,8533,FLZ03,MIN005,FLZ,TN_minor,2350.0,4000.0,2450.0,4200.0,223.60679774997897,452.76925690687085,23.5,0.0,1.0,1,1,False,False,0,4.191271523034061,0.2385910801780029,0.1003878555228758,1.081703107019563,0.2453845718218819,0.0
130,8127,4103,FLZ03,MIN006,FLZ,TN_minor,2350.0,4000.0,3150.0,2000.0,2154.0659228538016,83.56716504931909,8.622222222222222,0.0,1.0,1,1,False,False,0,5.3656888066196045,0.18636936207823096,0.9670638854726763,0.3968801943485489,0.8607213915844683,0.0
131,8127,5693,FLZ03,MIN007,FLZ,TN_minor,2350.0,4000.0,1850.0,2800.0,1300.0,250.0,10.814814814814815,0.0,1.0,1,1,False,False,0,4.941980491683011,0.20234802660247778,0.5836325795679028,0.4978050547670802,0.5833333333333333,0.0
132,8127,7208,FLZ03,MIN012,FLZ,TN_minor,2350.0,4000.0,1850.0,3550.0,672.6812023536855,286.2717775335966,13.333333333333334,0.0,1.0,1,1,False,False,0,4.753155525305433,0.21038655156055322,0.30199897335116915,0.6137322593018797,0.5228803707773391,0.0
133,8127,7231,FLZ03,MIN013,FLZ,TN_minor,2350.0,4000.0,3000.0,3550.0,790.5694150420949,552.268050859363,11.058823529411764,0.0,1.0,1,1,False,False,0,4.375407578022972,0.22855013668277507,0.35492466694500446,0.5090367562445002,0.07955324856772827,0.0
134,8127,8141,FLZ03,MIN015,FLZ,TN_minor,2350.0,4000.0,3050.0,4000.0,700.0,427.20018726587654,7.6,0.0,1.0,1,1,False,False,0,4.653293459003014,0.21490155495463933,0.3142636966904092,0.3498273878020714,0.2879996878902058,0.0
135,8127,3476,FLZ03,MIN018,FLZ,TN_minor,2350.0,4000.0,2100.0,1700.0,2313.547060251855,97.92436175292147,10.479166666666666,0.0,1.0,1,1,False,False,0,5.316922333774067,0.1880787299915623,1.0386626451742524,0.48235519754507106,0.8367927304117976,0.0
136,4805,5615,FLZ04,MAJ010,FLZ,TN_major,2900.0,2350.0,3000.0,2750.0,412.31056256176606,122.72623352430287,18.5,0.0,1.0,1,1,False,False,0,4.877597578258331,0.20501896352775278,0.18510605939308974,0.8515535097813581,0.7954562774594952,0.0
137,4805,3204,FLZ04,MAJ012,FLZ,TN_major,2900.0,2350.0,3650.0,1550.0,1096.5856099730654,141.4213562373095,9.08695652173913,0.0,1.0,1,1,False,False,0,5.13988085905995,0.19455703885379425,0.4923100678966325,0.41827187671986804,0.7642977396044841,0.0
138,4805,6728,FLZ04,MAJ017,FLZ,TN_major,2900.0,2350.0,3100.0,3300.0,970.8243919473799,120.10412149464314,16.61904761904762,0.0,1.0,1,1,False,False,0,4.987943744219987,0.2004834158682717,0.43584980321514616,0.7649734232012716,0.7998264641755948,0.0
139,4805,2811,FLZ04,MAJ018,FLZ,TN_major,2900.0,2350.0,4200.0,1350.0,1640.1219466856726,141.4213562373095,10.088235294117647,0.0,1.0,1,1,False,False,0,5.177841375034508,0.19313067503798056,0.7363296942692995,0.464360657957084,0.7642977396044841,0.0
140,4805,9151,FLZ04,MAJ019,FLZ,TN_major,2900.0,2350.0,3050.0,4500.0,2155.2262062252307,106.8423570322107,12.2,0.0,1.0,1,1,False,True,1,5.244684635289943,0.19066923362203586,0.9675847925319817,0.5615650172612199,0.8219294049463155,1.0
141,4805,3996,FLZ04,MAJ022,FLZ,TN_major,2900.0,2350.0,2850.0,1950.0,403.11288741492746,141.4213562373095,13.9,0.0,1.0,1,1,False,False,0,4.951275535349821,0.20196815807572446,0.18097678026079975,0.6398158803222096,0.7642977396044841,0.0
142,4805,4103,FLZ04,MIN006,FLZ,TN_minor,2900.0,2350.0,3150.0,2000.0,430.11626335213134,141.4213562373095,9.7,0.0,1.0,1,1,False,False,0,5.050969145027419,0.19798180731008436,0.1930998956110091,0.44649021864211746,0.7642977396044841,0.0
143,4805,3008,FLZ04,MIN008,FLZ,TN_minor,2900.0,2350.0,3950.0,1450.0,1382.9316685939332,141.4213562373095,8.827586206896552,0.0,1.0,1,1,False,False,0,5.177988888879222,0.19312517300832804,0.6208645977750933,0.40633308202055485,0.7642977396044841,0.0
144,4805,7231,FLZ04,MIN013,FLZ,TN_minor,2900.0,2350.0,3000.0,3550.0,1204.1594578792296,108.07404868885037,16.03846153846154,0.0,1.0,1,1,False,False,0,5.0475448666764615,0.19811611910612822,0.540605146625494,0.7382490926794727,0.8198765855185828,0.0
145,4805,3615,FLZ04,MIN014,FLZ,TN_minor,2900.0,2350.0,4000.0,1750.0,1252.9964086141667,111.80339887498948,7.333333333333333,0.0,1.0,1,1,False,False,0,5.247158772590704,0.19057932937414535,0.5625304047298493,0.33755274261603385,0.8136610018750176,0.0
146,4805,8141,FLZ04,MIN015,FLZ,TN_minor,2900.0,2350.0,3050.0,4000.0,1656.804152578089,108.86326778424574,13.114285714285714,0.0,1.0,1,1,False,False,0,5.164332788566019,0.19363585596459407,0.7438191395445871,0.6036495150419202,0.8185612203595904,0.0
147,4805,3476,FLZ04,MIN018,FLZ,TN_minor,2900.0,2350.0,2100.0,1700.0,1030.7764064044152,120.49124694171431,10.636363636363637,0.0,1.0,1,1,False,False,0,5.131718602360247,0.19486649161551198,0.46276514848272443,0.48959096139763586,0.7991812550971429,0.0
148,4805,1555,FLZ04,MIN020,FLZ,TN_minor,2900.0,2350.0,2000.0,750.0,1835.7559750685818,87.15954322484933,5.026315789473684,0.0,1.0,1,1,False,False,0,5.406734986779181,0.18495450626769205,0.8241592270665131,0.23136091090787966,0.8547340946252511,0.0
149,4805,1955,FLZ04,MIN022,FLZ,TN_minor,2900.0,2350.0,1800.0,950.0,1780.4493814764855,111.80339887498948,5.837837837837838,0.0,1.0,1,1,False,False,0,5.340777298715995,0.18723866285164434,0.7993294348470755,0.26871520542406624,0.8136610018750176,0.0
150,4494,4479,MAJ003,MAJ011,TN_major,TN_major,2500.0,2200.0,1750.0,2200.0,750.0,100.0,11.625,427.20018726587654,0.8671198079109533,1,0,False,False,0,1.7546442729111649,0.5699160880859802,0.336711103596867,0.5350978135788264,0.8333333333333334,0.0
151,4494,3204,MAJ003,MAJ012,TN_major,TN_major,2500.0,2200.0,3650.0,1550.0,1320.9844813622906,100.0,9.214285714285714,87.05673535957891,0.9940964983250313,1,0,False,False,0,1.8107240248475394,0.5522652741541875,0.5930535234051091,0.4241328291961204,0.8333333333333334,0.0
152,4494,3058,MAJ003,MAJ015,TN_major,TN_major,2500.0,2200.0,1400.0,1500.0,1303.8404810405298,100.0,10.714285714285714,427.20018726587654,0.8671198079109533,1,0,False,False,0,1.8377657387127126,0.5441389938526459,0.5853567563805689,0.4931777083675819,0.8333333333333334,0.0
153,4494,2811,MAJ003,MAJ018,TN_major,TN_major,2500.0,2200.0,4200.0,1350.0,1900.6577808748214,100.0,9.875,23.57022603955137,0.9995660663986526,1,0,False,False,0,1.8578437402708954,0.5382584004907691,0.8532967719444444,0.45454545454545464,0.8333333333333334,0.0
154,4494,3996,MAJ003,MAJ022,TN_major,TN_major,2500.0,2200.0,2850.0,1950.0,430.11626335213134,100.0,13.6,354.55588634686325,0.9064577650982772,1,0,False,False,0,1.653617946866493,0.6047346074677891,0.1930998956110091,0.6260069044879173,0.8333333333333334,0.0
155,4494,4103,MAJ003,MIN006,TN_major,TN_minor,2500.0,2200.0,3150.0,2000.0,680.0735254367721,100.0,10.2,261.00766272276377,0.9481688732517508,1,0,False,False,0,1.7390677177069358,0.5750207365809535,0.30531774303577003,0.46950517836593797,0.8333333333333334,0.0
156,4494,3008,MAJ003,MIN008,TN_major,TN_minor,2500.0,2200.0,3950.0,1450.0,1632.4827717314508,100.0,8.441176470588236,41.60463702347274,0.9986486125242217,1,0,False,False,0,1.8612026902266672,0.5372869947217918,0.7329001008967588,0.38854667298449885,0.8333333333333334,0.0
157,4494,3865,MAJ003,MIN011,TN_major,TN_minor,2500.0,2200.0,1350.0,1900.0,1188.4864324004714,100.0,9.12,427.20018726587654,0.8671198079109533,1,0,False,False,0,1.8615111638746071,0.5371979601339425,0.5335687710179546,0.41979286536248567,0.8333333333333334,0.0
158,4494,3615,MAJ003,MIN014,TN_major,TN_minor,2500.0,2200.0,4000.0,1750.0,1566.0459763365825,100.0,7.545454545454546,196.77576864288957,0.9702024195407641,1,0,False,False,0,1.8885841218501425,0.5294971976256767,0.703073425300965,0.3473166649231092,0.8333333333333334,0.0
159,4494,3476,MAJ003,MIN018,TN_major,TN_minor,2500.0,2200.0,2100.0,1700.0,640.3124237432849,100.0,7.642857142857143,427.20018726587654,0.8671198079109533,1,0,False,False,0,1.8339821220987191,0.545261585677645,0.2874670704605149,0.3518000986355418,0.8333333333333334,0.0
160,4494,1555,MAJ003,MIN020,TN_major,TN_minor,2500.0,2200.0,2000.0,750.0,1533.7861650177967,96.03210094583362,3.4375,427.20018726587654,0.8671198079109533,1,0,False,False,0,2.037662255609255,0.4907584646313247,0.6885904430729982,0.15822784810126586,0.8399464984236107,0.0
161,4494,1955,MAJ003,MIN022,TN_major,TN_minor,2500.0,2200.0,1800.0,950.0,1432.6548781894403,100.0,3.8,427.20018726587654,0.8671198079109533,1,0,False,False,0,2.0113554918870435,0.4971771544282334,0.643187740144802,0.1749136939010357,0.8333333333333334,0.0
162,8026,7214,MAJ004,MAJ005,TN_major,TN_major,2350.0,3950.0,2150.0,3550.0,447.21359549995793,469.6334267868457,22.1,50.0,0.9980487811074755,1,0,False,False,0,0.7980585237566957,1.253040936512659,0.2007757110457516,1.0172612197928657,0.2172776220219238,0.0
163,8026,8722,MAJ004,MAJ007,TN_major,TN_major,2350.0,3950.0,1800.0,4300.0,651.9202405202649,237.7616711013319,14.666666666666666,46.56573146573315,0.9983073970809615,1,0,False,True,1,1.3784356759790077,0.7254600395406692,0.29267837819028447,0.6751054852320677,0.6037305481644468,1.0
164,8026,8425,MAJ004,MAJ008,TN_major,TN_major,2350.0,3950.0,2100.0,4150.0,320.1562118716424,360.5551275463989,22.375,41.64965639175188,0.9986456883170807,1,0,False,False,0,0.9589675776747135,1.0427881226441265,0.14373353523025745,1.029919447640967,0.39907478742266844,0.0
165,8026,8943,MAJ004,MAJ009,TN_major,TN_major,2350.0,3950.0,2750.0,4400.0,602.0797289396148,291.547594742265,12.357142857142858,34.401045807689165,0.9990758710573892,1,0,False,True,1,1.335967879160583,0.7485209903611765,0.270302573312747,0.5687982903172778,0.514087342096225,1.0
166,8026,5615,MAJ004,MAJ010,TN_major,TN_major,2350.0,3950.0,3000.0,2750.0,1364.734406395618,220.88065851523172,7.275862068965517,50.0,0.9980487811074755,1,0,False,False,0,1.6568032232357603,0.6035719788418722,0.6126949707921115,0.33490734494662916,0.6318655691412804,0.0
167,8026,4479,MAJ004,MAJ011,TN_major,TN_major,2350.0,3950.0,1750.0,2200.0,1850.0,82.60946873285376,7.7105263157894735,50.0,0.9980487811074755,1,0,False,False,0,1.931716197259059,0.5176743878934777,0.8305540555389386,0.3549149052147054,0.8623175521119104,0.0
168,8026,9105,MAJ004,MAJ013,TN_major,TN_major,2350.0,3950.0,750.0,4500.0,1691.892431568863,86.85190035431377,10.885714285714286,50.0,0.9980487811074755,1,0,False,True,1,1.8338231300287584,0.5453088597395529,0.7595719570676515,0.5010685517014632,0.8552468327428104,1.0
169,8026,6291,MAJ004,MAJ016,TN_major,TN_major,2350.0,3950.0,1450.0,3100.0,1237.9418403139948,100.0,10.576923076923077,50.0,0.9980487811074755,1,0,False,False,0,1.7680663796660554,0.5655896246321225,0.5557716843211489,0.4868549172346642,0.8333333333333334,0.0
170,8026,6728,MAJ004,MAJ017,TN_major,TN_major,2350.0,3950.0,3100.0,3300.0,992.4716620639604,509.9019513592785,14.476190476190476,50.0,0.9980487811074755,1,0,False,False,0,0.9676041337144825,1.0334804959556703,0.4455683048295639,0.6663378815277551,0.1501634144012025,0.0
171,8026,9151,MAJ004,MAJ019,TN_major,TN_major,2350.0,3950.0,3050.0,4500.0,890.2246907382428,396.21083363703957,12.0,43.47909956249568,0.9985241900030459,1,0,False,True,1,1.2023651526969539,0.8316940970527625,0.39966471742353776,0.5523590333716918,0.339648610604934,1.0
172,8026,5292,MAJ004,MIN001,TN_major,TN_minor,2350.0,3950.0,2000.0,2600.0,1394.6325680981354,278.891757219352,9.379310344827585,50.0,0.9980487811074755,1,0,False,False,0,1.5150629623862455,0.6600385758391096,0.6261176948219412,0.43172889964683947,0.5351804046344133,0.0
173,8026,5701,MAJ004,MIN002,TN_major,TN_minor,2350.0,3950.0,2250.0,2800.0,1154.3396380615195,111.80339887498948,11.16,50.0,0.9980487811074755,1,0,False,False,0,1.7255912930460482,0.579511500799694,0.518238631276403,0.5136939010356734,0.8136610018750176,0.0
174,8026,6708,MAJ004,MIN003,TN_major,TN_minor,2350.0,3950.0,2100.0,3300.0,696.419413859206,495.4126295012953,13.933333333333334,50.0,0.9980487811074755,1,0,False,False,0,0.9710188123513148,1.0298461649558648,0.31265619920908866,0.6413502109704643,0.17431228416450784,0.0
175,8026,9312,MAJ004,MIN004,TN_major,TN_minor,2350.0,3950.0,1000.0,4600.0,1498.3324063771697,168.55595839694016,10.419354838709678,50.0,0.9980487811074755,1,0,False,True,1,1.686658340615838,0.5928883022241938,0.6726735441416083,0.47960206392219473,0.7190734026717664,1.0
176,8026,8533,MAJ004,MIN005,TN_major,TN_minor,2350.0,3950.0,2450.0,4200.0,269.2582403567252,452.76925690687085,24.142857142857142,18.633899812498385,0.9997287694285528,1,0,False,False,0,0.7583360231913223,1.3186766412489253,0.12088298568408454,1.1112937695216178,0.2453845718218819,0.0
177,8026,5693,MAJ004,MIN007,TN_major,TN_minor,2350.0,3950.0,1850.0,2800.0,1253.9936203984453,250.0,9.25925925925926,50.0,0.9980487811074755,1,0,False,False,0,1.5501939635547666,0.6450805663743453,0.5629781011037216,0.4262029578485276,0.5833333333333333,0.0
178,8026,7208,MAJ004,MIN012,TN_major,TN_minor,2350.0,3950.0,1850.0,3550.0,640.3124237432849,289.1018534302482,12.071428571428571,50.0,0.9980487811074755,1,0,False,False,0,1.3514244867207441,0.7399599532390582,0.2874670704605149,0.5556468847608089,0.518163577616253,0.0
179,8026,7231,MAJ004,MIN013,TN_major,TN_minor,2350.0,3950.0,3000.0,3550.0,763.2168761236874,550.0,11.235294117647058,50.0,0.9980487811074755,1,0,False,False,0,0.949632274481296,1.0530391888230797,0.34264479552448013,0.5171596832058486,0.08333333333333337,0.0
180,8026,8141,MAJ004,MIN015,TN_major,TN_minor,2350.0,3950.0,3050.0,4000.0,701.78344238091,427.20018726587654,6.75,50.0,0.9980487811074755,1,0,False,False,0,1.250632386080879,0.7995954775597259,0.3150643698267793,0.3107019562715766,0.2879996878902058,0.0
181,8026,3476,MAJ004,MIN018,TN_major,TN_minor,2350.0,3950.0,2100.0,1700.0,2263.8462845343543,95.57803450861141,9.936170212765957,50.0,0.9980487811074755,1,0,False,False,0,1.9053276960459906,0.5248441000859004,1.016349574452306,0.4573611145116667,0.840703275818981,0.0
182,7214,8722,MAJ005,MAJ007,TN_major,TN_major,2150.0,3550.0,1800.0,4300.0,827.6472678623425,149.88461536753994,8.944444444444445,371.95127485337616,0.8975520369935949,1,0,False,True,1,1.7266949099902555,0.5791411060600413,0.3715706999344815,0.41171205728167765,0.7501923077207668,1.0
183,7214,8425,MAJ005,MAJ008,TN_major,TN_major,2150.0,3550.0,2100.0,4150.0,602.0797289396148,315.7596269503659,10.642857142857142,237.15523091489237,0.9570118223778008,1,0,False,False,0,1.3561007331562822,0.7374083469983319,0.270302573312747,0.48988985697846466,0.47373395508272353,0.0
184,7214,8943,MAJ005,MAJ009,TN_major,TN_major,2150.0,3550.0,2750.0,4400.0,1040.4326023342405,291.547594742265,11.136363636363637,96.91967827165506,0.9926882493387993,1,0,False,True,1,1.4164573012063089,0.705986688866909,0.4671002796668298,0.5126059211214564,0.514087342096225,1.0
185,7214,5615,MAJ005,MAJ010,TN_major,TN_major,2150.0,3550.0,3000.0,2750.0,1167.2617529928752,171.7960677340694,10.44,412.31056256176606,0.8756292572035382,1,0,False,False,0,1.7048343844271485,0.5865672402753749,0.5240399907155261,0.4805523590333718,0.7136732204432177,0.0
186,7214,6291,MAJ005,MAJ016,TN_major,TN_major,2150.0,3550.0,1450.0,3100.0,832.1658488546619,100.0,6.888888888888889,492.44289008980525,0.8274115009025538,1,0,False,False,0,1.892721884100401,0.5283396405992811,0.3735993084579691,0.3170950006393045,0.8333333333333334,0.0
187,7214,6728,MAJ005,MAJ017,TN_major,TN_major,2150.0,3550.0,3100.0,3300.0,982.344135219425,494.9747468305833,7.809523809523809,486.46685395821163,0.8312016845923528,1,0,False,False,0,1.2282027374318292,0.8141978270550017,0.4410215705088567,0.35947175187681524,0.17504208861569448,0.0
188,7214,9151,MAJ005,MAJ019,TN_major,TN_major,2150.0,3550.0,3050.0,4500.0,1308.62523283024,428.21045938984753,9.928571428571429,165.56218397535278,0.9788129507771602,1,0,False,True,1,1.2535219439551912,0.7977522889186424,0.5875048617879696,0.4570113430872926,0.28631590101692084,1.0
189,7214,5292,MAJ005,MIN001,TN_major,TN_minor,2150.0,3550.0,2000.0,2600.0,961.7692030835673,288.5307609250702,5.857142857142857,492.44289008980525,0.8274115009025538,1,0,False,False,0,1.6167958387352208,0.6185072821453296,0.43178449303432964,0.26960381390761146,0.5191153984582164,0.0
190,7214,5701,MAJ005,MIN002,TN_major,TN_minor,2150.0,3550.0,2250.0,2800.0,756.6372975210778,111.80339887498948,8.647058823529411,492.44289008980525,0.8274115009025538,1,0,False,False,0,1.8241082417845005,0.5482130813803645,0.33969090596116414,0.398023421106072,0.8136610018750176,0.0
191,7214,6708,MAJ005,MIN003,TN_major,TN_minor,2150.0,3550.0,2100.0,3300.0,254.95097567963924,494.9747468305833,11.428571428571429,492.44289008980525,0.8274115009025538,1,0,False,False,0,1.0651651429199414,0.938821558935637,0.11445976584558576,0.526056222258754,0.17504208861569448,0.0
192,7214,8533,MAJ005,MIN005,TN_major,TN_minor,2150.0,3550.0,2450.0,4200.0,715.8910531638177,452.76925690687085,22.125,16.666666666666515,0.9997830096569218,1,0,False,False,0,0.8548785463827013,1.1697568084160723,0.3213979554212166,1.0184119677790566,0.2453845718218819,0.0
193,7214,5693,MAJ005,MIN007,TN_major,TN_minor,2150.0,3550.0,1850.0,2800.0,807.7747210701756,250.0,4.833333333333333,492.44289008980525,0.8274115009025538,1,0,False,False,0,1.6872928245701588,0.592665354488633,0.36264895705225364,0.22247794399693138,0.5833333333333333,0.0
194,7214,7208,MAJ005,MIN012,TN_major,TN_minor,2150.0,3550.0,1850.0,3550.0,300.0,291.547594742265,20.142857142857142,492.44289008980525,0.8274115009025538,1,0,False,False,0,1.208707630562612,0.8273299305097744,0.1346844414387468,0.927174091731054,0.514087342096225,0.0
195,7214,7231,MAJ005,MIN013,TN_major,TN_minor,2150.0,3550.0,3000.0,3550.0,850.0,494.9747468305833,8.444444444444445,450.0,0.8536763613451477,1,0,False,False,0,1.1874988129401423,0.8421061049518763,0.38160591740978256,0.38869709755785714,0.17504208861569448,0.0
196,7214,8141,MAJ005,MIN015,TN_major,TN_minor,2150.0,3550.0,3050.0,4000.0,1006.2305898749054,427.20018726587654,6.545454545454546,313.0658142973018,0.9262876347031783,1,0,False,False,0,1.3253908096876221,0.7544944424623612,0.4517453498529411,0.30128674547546824,0.2879996878902058,0.0
197,7214,3476,MAJ005,MIN018,TN_major,TN_minor,2150.0,3550.0,2100.0,1700.0,1850.6755523321747,175.29160508821994,8.435897435897436,492.44289008980525,0.8274115009025538,1,0,False,False,0,1.8459460449789036,0.5417276429720504,0.8308573435006772,0.38830367944292005,0.7078473248529668,0.0
198,8413,8722,MAJ006,MAJ007,TN_major,TN_major,1500.0,4150.0,1800.0,4300.0,335.4101966249685,111.80339887498948,14.75,626.4982043070834,0.7359150228524268,1,0,False,True,1,1.682120254767035,0.5944878180772485,0.1505817832843137,0.6789413118527045,0.8136610018750176,1.0
199,8413,9105,MAJ006,MAJ013,TN_major,TN_major,1500.0,4150.0,750.0,4500.0,827.6472678623425,111.80339887498948,13.11111111111111,863.1338250816034,0.5587622272904076,1,0,False,True,1,1.8636628434801812,0.5365777417832789,0.3715706999344815,0.603503388313515,0.8136610018750176,1.0
200,8413,9151,MAJ006,MAJ019,TN_major,TN_major,1500.0,4150.0,3050.0,4500.0,1589.0248582070703,82.94505899991873,8.121212121212121,333.54160160315837,0.9167558759561018,1,0,False,True,1,1.933060339450542,0.5173144260381664,0.7133897515330103,0.37381873975659946,0.8617582350001355,1.0
201,8413,9312,MAJ006,MIN004,TN_major,TN_minor,1500.0,4150.0,1000.0,4600.0,672.6812023536855,111.80339887498948,7.133333333333334,863.1338250816034,0.5587622272904076,1,0,False,True,1,1.9838482266278576,0.504070818814501,0.30199897335116915,0.32834675872650565,0.8136610018750176,1.0
202,8722,8425,MAJ007,MAJ008,TN_major,TN_major,1800.0,4300.0,2100.0,4150.0,335.4101966249685,246.7130862738648,11.875,291.547594742265,0.9357506383666208,1,0,True,False,1,1.4235209772177961,0.7024835011244107,0.1505817832843137,0.5466052934407366,0.588811522876892,1.0
203,8722,8943,MAJ007,MAJ009,TN_major,TN_major,1800.0,4300.0,2750.0,4400.0,955.24865872714,250.0,9.285714285714286,356.06354769900275,0.9056993678567022,1,0,True,True,1,1.5622295602323486,0.6401107913047498,0.42885710678592304,0.4274206805852377,0.5833333333333333,1.0
204,8722,5615,MAJ007,MAJ010,TN_major,TN_major,1800.0,4300.0,3000.0,2750.0,1960.229578391266,193.62092474730102,6.878048780487805,251.6445906432324,0.951731181680169,1,0,True,False,1,1.8013871815576337,0.5551277427961457,0.8800414195244592,0.3165960313227989,0.6772984587544983,1.0
205,8722,9105,MAJ007,MAJ013,TN_major,TN_major,1800.0,4300.0,750.0,4500.0,1068.8779163215975,139.43510591070893,13.782608695652174,626.4982043070834,0.7359150228524268,1,0,True,True,1,1.7406541233981516,0.5744966714281946,0.479870750419953,0.6344123680392256,0.7676081568154851,1.0
206,8722,6728,MAJ007,MAJ017,TN_major,TN_major,1800.0,4300.0,3100.0,3300.0,1640.1219466856726,229.03358269440926,12.117647058823529,100.10325247975082,0.9922019224749525,1,0,True,False,1,1.5656136399230423,0.638727189454708,0.7363296942692995,0.5577743180125907,0.6182773621759845,1.0
207,8722,9151,MAJ007,MAJ019,TN_major,TN_major,1800.0,4300.0,3050.0,4500.0,1265.8988901172163,219.91290637553013,8.962962962962964,383.2282679101894,0.8916002241794031,1,0,True,True,1,1.6617188575537043,0.601786514881433,0.5683229497778892,0.4125644631973747,0.6334784893741164,1.0
208,8722,5701,MAJ007,MIN002,TN_major,TN_minor,1800.0,4300.0,2250.0,2800.0,1566.0459763365825,100.83876750164096,5.393939393939394,440.6277703813617,0.8592615683563433,1,0,True,False,1,1.9921736361635953,0.5019642775344312,0.703073425300965,0.2482825958084877,0.831935387497265,1.0
209,8722,6708,MAJ007,MIN003,TN_major,TN_minor,1800.0,4300.0,2100.0,3300.0,1044.030650891055,101.37937550497061,4.409090909090909,440.60487180831836,0.8592751145673634,1,0,True,False,1,1.9553426458236423,0.5114193167810613,0.46871561686731,0.2029500993827807,0.8310343741583823,1.0
210,8722,9312,MAJ007,MIN004,TN_major,TN_minor,1800.0,4300.0,1000.0,4600.0,854.4003745317531,241.01124403870907,10.210526315789474,626.4982043070834,0.7359150228524268,1,0,True,True,1,1.6294995686899265,0.6136853419384289,0.38358145736288407,0.4699897038338079,0.5983145932688183,1.0
211,8722,8533,MAJ007,MIN005,TN_major,TN_minor,1800.0,4300.0,2450.0,4200.0,657.6473218982952,250.0,12.733333333333333,213.95808286785925,0.9648678690023482,1,0,True,False,1,1.4198966046169825,0.7042766330649479,0.2952495407118653,0.5861143076332951,0.5833333333333333,1.0
212,8722,7231,MAJ007,MIN013,TN_major,TN_minor,1800.0,4300.0,3000.0,3550.0,1415.0971698084907,238.61720148935447,11.533333333333333,38.16542003651454,0.9988626790476397,1,0,True,False,1,1.5345024068503708,0.6516770488829282,0.63530523965736,0.530878404296126,0.6023046641844092,1.0
213,8722,8141,MAJ007,MIN015,TN_major,TN_minor,1800.0,4300.0,3050.0,4000.0,1285.4960132182441,250.0,8.62962962962963,163.76668350802848,0.9792652286884764,1,0,True,False,1,1.5776123754818816,0.6338692669639778,0.5771210417067836,0.3972211567148277,0.5833333333333333,1.0
214,8425,8943,MAJ008,MAJ009,TN_major,TN_major,2100.0,4150.0,2750.0,4400.0,696.419413859206,287.1837213282092,9.4,230.57160559384258,0.9593169089030363,1,0,False,True,1,1.4417674128233309,0.6935931490099065,0.31265619920908866,0.4326812428078252,0.5213604644529848,1.0
215,8425,5615,MAJ008,MAJ010,TN_major,TN_major,2100.0,4150.0,3000.0,2750.0,1664.3316977093239,210.6178092937432,7.428571428571429,130.24464603226227,0.9868345670672038,1,0,False,False,0,1.7096263907285534,0.5849231185381107,0.7471986169159383,0.34193654446819016,0.6489703178437614,0.0
216,8425,9105,MAJ008,MAJ013,TN_major,TN_major,2100.0,4150.0,750.0,4500.0,1394.6325680981354,133.34396216138913,9.517241379310345,291.547594742265,0.9357506383666208,1,0,False,True,1,1.7856172149833254,0.5600304430361007,0.6261176948219412,0.4380778540534107,0.7777600630643514,1.0
217,8425,6291,MAJ008,MAJ016,TN_major,TN_major,2100.0,4150.0,1450.0,3100.0,1234.908903522847,100.0,3.576923076923077,291.547594742265,0.9357506383666208,1,0,False,False,0,1.9599797612718637,0.5102093499940444,0.5544100529956997,0.16464548110117735,0.8333333333333334,0.0
218,8425,6728,MAJ008,MAJ017,TN_major,TN_major,2100.0,4150.0,3100.0,3300.0,1312.4404748406687,360.5551275463989,15.5,47.79069592801446,0.9982172545620533,1,0,False,False,0,1.2287806857421948,0.8138148748618969,0.5892177075850635,0.7134637514384352,0.39907478742266844,0.0
219,8425,9151,MAJ008,MAJ019,TN_major,TN_major,2100.0,4150.0,3050.0,4500.0,1012.4228365658294,296.7129062795117,10.045454545454545,227.4027663433093,0.9604051866183851,1,0,False,True,1,1.4459534757462704,0.691585183599279,0.45452534747566786,0.4623914635422116,0.5054784895341472,1.0
220,8425,5292,MAJ008,MIN001,TN_major,TN_minor,2100.0,4150.0,2000.0,2600.0,1553.2224567009066,284.16888134523106,3.4242424242424243,259.4173534697515,0.9487821491365558,1,0,False,False,0,1.6857563786437042,0.5932055264145357,0.6973163300362656,0.15761760295707367,0.5263851977579482,0.0
221,8425,5701,MAJ008,MIN002,TN_major,TN_minor,2100.0,4150.0,2250.0,2800.0,1358.3077707206126,111.80339887498948,10.137931034482758,232.55457994428136,0.9586288703478394,1,0,False,False,0,1.7917169028509579,0.5581238857594145,0.6098097446713835,0.46664814888298095,0.8136610018750176,0.0
222,8425,6708,MAJ008,MIN003,TN_major,TN_minor,2100.0,4150.0,2100.0,3300.0,850.0,300.0,12.277777777777779,250.0,0.9523447998951764,1,0,False,False,0,1.3748984927747883,0.7273264210085962,0.38160591740978256,0.5651451221071476,0.5,0.0
223,8425,9312,MAJ008,MIN004,TN_major,TN_minor,2100.0,4150.0,1000.0,4600.0,1188.4864324004714,216.6666666666667,9.32,291.547594742265,0.9357506383666208,1,0,False,True,1,1.6281483122575648,0.6141946605671419,0.5335687710179546,0.4289988492520139,0.6388888888888888,1.0
224,8425,8533,MAJ008,MIN005,TN_major,TN_minor,2100.0,4150.0,2450.0,4200.0,353.5533905932738,360.5551275463989,16.555555555555557,183.92423711952702,0.973917946570024,1,0,False,False,0,1.1090141283536024,0.9017017677534548,0.1587271364361005,0.7620508886331674,0.39907478742266844,0.0
225,8425,5693,MAJ008,MIN007,TN_major,TN_minor,2100.0,4150.0,1850.0,2800.0,1372.953021774598,249.54039385090593,3.1379310344827585,273.1617596567562,0.9433717982672724,1,0,False,False,0,1.7325322382130708,0.5771898369010422,0.6163847028645043,0.1444387127494941,0.5840993435818235,0.0
226,8425,7208,MAJ008,MIN012,TN_major,TN_minor,2100.0,4150.0,1850.0,3550.0,650.0,180.81014266989453,3.2142857142857144,288.5640843369645,0.9370167820126065,1,0,False,False,0,1.767360761824894,0.5658154359879795,0.2918162897839514,0.14795331251027458,0.6986497622168424,0.0
227,8425,7231,MAJ008,MIN013,TN_major,TN_minor,2100.0,4150.0,3000.0,3550.0,1081.6653826391969,360.5551275463989,13.0,14.373989364401593,0.9998385977374907,1,0,False,False,0,1.2596059014714183,0.7938991067220647,0.48561165961462854,0.5983889528193327,0.39907478742266844,0.0
228,8425,8141,MAJ008,MIN015,TN_major,TN_minor,2100.0,4150.0,3050.0,4000.0,961.7692030835673,360.5551275463989,10.047619047619047,110.67971810589327,0.9904753371973168,1,0,False,False,0,1.3187796688048532,0.7582767794003468,0.43178449303432964,0.4624910954024879,0.39907478742266844,0.0
229,8425,3476,MAJ008,MIN018,TN_major,TN_minor,2100.0,4150.0,2100.0,1700.0,2450.0,200.0,9.96,250.0,0.9523447998951764,1,0,False,False,0,1.7744879768974389,0.5635428433549751,1.0999229384164322,0.4584579976985042,0.6666666666666667,0.0
230,8943,5615,MAJ009,MAJ010,TN_major,TN_major,2750.0,4400.0,3000.0,2750.0,1668.8319268278635,223.60679774997897,8.057142857142857,412.31056256176606,0.8756292572035382,1,0,True,False,1,1.729619277825525,0.5781619185334235,0.7492189863998612,0.37086963669242157,0.6273220037500351,1.0
231,8943,4479,MAJ009,MAJ011,TN_major,TN_major,2750.0,4400.0,1750.0,2200.0,2416.6091947189143,89.40662367251169,5.54,199.03976065692393,0.9695234221765864,1,0,True,False,1,2.0481993966497734,0.4882337147621924,1.0849321985548555,0.255005753739931,0.8509889605458139,1.0
232,8943,9105,MAJ009,MAJ013,TN_major,TN_major,2750.0,4400.0,750.0,4500.0,2002.4984394500786,147.5660148303021,10.285714285714286,419.62562278256763,0.8714760249920674,1,0,True,True,1,1.8445897903599413,0.5421259540880721,0.8990179459976532,0.4734506000328787,0.7540566419494965,1.0
233,8943,6291,MAJ009,MAJ016,TN_major,TN_major,2750.0,4400.0,1450.0,3100.0,1838.4776310850236,100.0,12.026315789473685,19.110994086122627,0.9997147046927608,1,0,True,False,1,1.801278059256705,0.5551613727048053,0.8253811094677227,0.5535703470413665,0.8333333333333334,1.0
234,8943,6728,MAJ009,MAJ017,TN_major,TN_major,2750.0,4400.0,3100.0,3300.0,1154.3396380615195,291.547594742265,4.4,502.8262139038587,0.820758209810734,1,0,True,False,1,1.670244046648653,0.5987149015777073,0.518238631276403,0.20253164556962033,0.514087342096225,1.0
235,8943,9151,MAJ009,MAJ019,TN_major,TN_major,2750.0,4400.0,3050.0,4500.0,316.22776601683796,291.547594742265,10.875,565.685424949238,0.7788007830714049,1,0,True,True,1,1.4481337046819795,0.6905439717112358,0.14196986677800177,0.5005753739930956,0.514087342096225,1.0
236,8943,5292,MAJ009,MIN001,TN_major,TN_minor,2750.0,4400.0,2000.0,2600.0,1950.0,257.95050210934187,6.075,216.61735138967256,0.9640051386402176,1,0,True,False,1,1.7053682386035798,0.5863836193049062,0.8754488693518542,0.27963176064441897,0.5700824964844302,1.0
237,8943,5701,MAJ009,MIN002,TN_major,TN_minor,2750.0,4400.0,2250.0,2800.0,1676.305461424021,111.80339887498948,5.085714285714285,262.6060504182321,0.9475491084776176,1,0,True,False,1,1.949224466567653,0.5130245475324237,0.7525742158420499,0.23409501890514553,0.8136610018750176,1.0
238,8943,6708,MAJ009,MIN003,TN_major,TN_minor,2750.0,4400.0,2100.0,3300.0,1277.6932339180637,291.547594742265,7.7407407407407405,141.0678841161023,0.9845732400074025,1,0,True,False,1,1.5252943597522772,0.6556111570244119,0.5736179984677349,0.35630567276136904,0.514087342096225,1.0
239,8943,9312,MAJ009,MIN004,TN_major,TN_minor,2750.0,4400.0,1000.0,4600.0,1761.3914953808537,220.6367049145615,8.567567567567568,442.9336300364692,0.8578949745831895,1,0,True,True,1,1.7420777812009034,0.5740271822482282,0.7907734323677641,0.3943644449973565,0.6322721584757308,1.0
240,8943,8533,MAJ009,MIN005,TN_major,TN_minor,2750.0,4400.0,2450.0,4200.0,360.5551275463989,291.547594742265,7.444444444444445,223.60679774997897,0.9616906016054253,1,0,True,False,1,1.4406180649631277,0.6941465085859483,0.16187055320487614,0.3426671781102162,0.514087342096225,1.0
241,8943,4103,MAJ009,MIN006,TN_major,TN_minor,2750.0,4400.0,3150.0,2000.0,2433.105012119288,238.4045609754088,7.24,189.3730201868185,0.9723715470781792,1,0,True,False,1,1.7611714487908576,0.5678038902382592,1.0923379650636718,0.33325661680092067,0.6026590650409853,1.0
242,8943,5693,MAJ009,MIN007,TN_major,TN_minor,2750.0,4400.0,1850.0,2800.0,1835.7559750685818,250.0,5.7105263157894735,152.5292006434862,0.9819882815528088,1,0,True,False,1,1.70519344058735,0.5864437290208859,0.8241592270665131,0.26285506631942346,0.5833333333333333,1.0
243,8943,7208,MAJ009,MIN012,TN_major,TN_minor,2750.0,4400.0,1850.0,3550.0,1237.9418403139948,285.04736448527285,12.115384615384615,26.305892875932262,0.9994595211113636,1,0,True,False,1,1.4235411051776505,0.7024735684574456,0.5557716843211489,0.5576701779233426,0.5249210591912119,1.0
244,8943,7231,MAJ009,MIN013,TN_major,TN_minor,2750.0,4400.0,3000.0,3550.0,886.0022573334675,291.547594742265,2.1578947368421053,497.21446300587684,0.8243646083235407,1,0,True,False,1,1.6899254178533163,0.5917420907665163,0.3977690638080896,0.09932772091333053,0.514087342096225,1.0
245,8943,8141,MAJ009,MIN015,TN_major,TN_minor,2750.0,4400.0,3050.0,4000.0,500.0,291.547594742265,3.727272727272727,560.357029044876,0.7824599812876819,1,0,True,False,1,1.6314348114441566,0.6129573753025372,0.22447406906457798,0.17156606339575273,0.514087342096225,1.0
246,5615,3204,MAJ010,MAJ012,TN_major,TN_major,3000.0,2750.0,3650.0,1550.0,1364.734406395618,223.60679774997897,7.172413793103448,48.57668038834054,0.9981581873805512,1,0,False,False,0,1.6545858126104418,0.604380862194327,0.6126949707921115,0.3301456291417008,0.6273220037500351,0.0
247,5615,6728,MAJ010,MAJ017,TN_major,TN_major,3000.0,2750.0,3100.0,3300.0,559.0169943749474,223.60679774997897,14.384615384615385,412.31056256176606,0.8756292572035382,1,0,False,False,0,1.459430415553996,0.6851988209526266,0.25096963880718953,0.6621226874391434,0.6273220037500351,0.0
248,5615,2811,MAJ010,MAJ018,TN_major,TN_major,3000.0,2750.0,4200.0,1350.0,1843.9088914585775,180.27756377319946,9.31578947368421,222.69433859916563,0.961996611812589,1,0,False,False,0,1.7493334086211425,0.5716463168609001,0.8278194637001244,0.42880503906486594,0.6995373937113343,0.0
249,5615,9151,MAJ010,MAJ019,TN_major,TN_major,3000.0,2750.0,3050.0,4500.0,1750.7141400011596,223.60679774997897,9.675675675675675,412.31056256176606,0.8756292572035382,1,0,False,True,1,1.701559026982822,0.5876963326821429,0.7859798535499072,0.4453705719528505,0.6273220037500351,1.0
250,5615,3996,MAJ010,MAJ022,TN_major,TN_major,3000.0,2750.0,2850.0,1950.0,813.9410298049853,141.32957384392878,15.11111111111111,31.265134743337473,0.9992366128950934,1,0,False,False,0,1.546647092101147,0.646559906980126,0.365417309877876,0.695563227208797,0.7644507102601187,0.0
251,5615,6708,MAJ010,MIN003,TN_major,TN_minor,3000.0,2750.0,2100.0,3300.0,1054.7511554864493,132.1312895795331,7.130434782608695,412.31056256176606,0.8756292572035382,1,0,False,False,0,1.8344840023820834,0.5451124123739955,0.4735285674452173,0.32821333867013563,0.7797811840341116,0.0
252,5615,8533,MAJ010,MIN005,TN_major,TN_minor,3000.0,2750.0,2450.0,4200.0,1550.8062419270823,223.60679774997897,8.93939393939394,164.5454202112596,0.9790696486487246,1,0,False,False,0,1.6443472561067203,0.6081440500394515,0.696231574912237,0.411479582941033,0.6273220037500351,0.0
253,5615,4103,MAJ010,MIN006,TN_major,TN_minor,3000.0,2750.0,3150.0,2000.0,764.8529270389178,216.00962073481818,6.823529411764706,176.7766952966369,0.9758815501356588,1,0,False,False,0,1.6190867345957647,0.6176321370761331,0.34337929753675733,0.31408650917213843,0.6399839654419697,0.0
254,5615,3008,MAJ010,MIN008,TN_major,TN_minor,3000.0,2750.0,3950.0,1450.0,1610.1242188104618,200.0,6.5,124.25166262770233,0.9880111369177267,1,0,False,False,0,1.7420214019743792,0.5740457602108768,0.7228622701916185,0.29919447640966634,0.6666666666666667,0.0
255,5615,7208,MAJ010,MIN012,TN_major,TN_minor,3000.0,2750.0,1850.0,3550.0,1400.89257261219,143.26953386580809,6.933333333333334,412.31056256176606,0.8756292572035382,1,0,False,False,0,1.8593064300085345,0.5378349603165788,0.6289281121932061,0.31914077483697745,0.7612174435569865,0.0
256,5615,7231,MAJ010,MIN013,TN_major,TN_minor,3000.0,2750.0,3000.0,3550.0,800.0,223.60679774997897,11.941176470588236,412.31056256176606,0.8756292572035382,1,0,False,False,0,1.5427132816719806,0.6482085892954832,0.35915851050332476,0.5496513910512423,0.6273220037500351,0.0
257,5615,3615,MAJ010,MIN014,TN_major,TN_minor,3000.0,2750.0,4000.0,1750.0,1414.213562373095,106.40878706351346,5.766666666666667,318.72311385525273,0.9237047152013315,1,0,False,False,0,1.9250491737457187,0.5194672497919738,0.634908545744402,0.265439202148063,0.8226520215608109,0.0
258,5615,8141,MAJ010,MIN015,TN_major,TN_minor,3000.0,2750.0,3050.0,4000.0,1250.9996003196804,223.60679774997897,10.037037037037036,412.31056256176606,0.8756292572035382,1,0,False,False,0,1.6371558317588282,0.6108154035194565,0.5616339413638388,0.46200400630780386,0.6273220037500351,0.0
259,4479,3204,MAJ011,MAJ012,TN_major,TN_major,1750.0,2200.0,3650.0,1550.0,2008.1085628023202,100.0,5.666666666666667,96.06319801613643,0.9928164431568457,1,0,False,False,0,1.9701331311845949,0.507579911312249,0.9015366004313169,0.2608362102032989,0.8333333333333334,0.0
260,4479,3058,MAJ011,MAJ015,TN_major,TN_major,1750.0,2200.0,1400.0,1500.0,782.6237921249264,89.54092988684002,11.235294117647058,1159.7413504743201,0.34966446700938314,1,0,False,False,0,2.0434343897536715,0.4893722083832338,0.3513574943300653,0.5171596832058486,0.8507651168552666,0.0
261,4479,3996,MAJ011,MAJ022,TN_major,TN_major,1750.0,2200.0,2850.0,1950.0,1128.0514172678477,100.0,8.666666666666666,401.23863044742706,0.8818129303079929,1,0,False,False,0,1.8578150042038197,0.5382667260934074,0.5064365834963559,0.3989259685462218,0.8333333333333334,0.0
262,4479,5292,MAJ011,MIN001,TN_major,TN_minor,1750.0,2200.0,2000.0,2600.0,471.6990566028302,96.04686356149273,7.636363636363637,934.0770846134702,0.5057865053076862,1,0,False,False,0,2.002462117611264,0.4993852274183841,0.21176841321911996,0.35150120305471294,0.8399218940641788,0.0
263,4479,5701,MAJ011,MIN002,TN_major,TN_minor,1750.0,2200.0,2250.0,2800.0,781.0249675906655,100.0,7.529411764705882,790.5694150420949,0.6136802511983585,1,0,False,False,0,1.979105999906946,0.5052786460386751,0.35063970503221364,0.34657821701753205,0.8333333333333334,0.0
264,4479,8533,MAJ011,MIN005,TN_major,TN_minor,1750.0,2200.0,2450.0,4200.0,2118.962010041709,82.85240710383059,9.340909090909092,37.49887324790028,0.9989020364107315,1,0,False,False,0,1.9235489768276062,0.5198723879904737,0.9513040491746393,0.4299612930222828,0.861912654826949,0.0
265,4479,4103,MAJ011,MIN006,TN_major,TN_minor,1750.0,2200.0,3150.0,2000.0,1414.213562373095,100.0,8.666666666666666,311.1579386459584,0.9271498749830964,1,0,False,False,0,1.8672645224282791,0.5355427621468182,0.634908545744402,0.3989259685462218,0.8333333333333334,0.0
266,4479,3008,MAJ011,MIN008,TN_major,TN_minor,1750.0,2200.0,3950.0,1450.0,2324.327859833892,100.0,6.083333333333333,92.52873240027458,0.9933335960338852,1,0,False,False,0,1.9957765043551918,0.5010581083692467,1.0435026650741517,0.2800153433064826,0.8333333333333334,0.0
267,4479,3615,MAJ011,MIN014,TN_major,TN_minor,1750.0,2200.0,4000.0,1750.0,2294.5587811167534,100.0,7.382978723404255,168.46072840051633,0.9780728655780843,1,0,False,False,0,1.9701543901593912,0.5075744342650715,1.030137892610272,0.33983791592194507,0.8333333333333334,0.0
268,4479,8141,MAJ011,MIN015,TN_major,TN_minor,1750.0,2200.0,3050.0,4000.0,2220.3603311174516,99.11335323821667,5.217391304347826,567.6766598367918,0.7774288757221878,1,0,False,False,0,2.113467222923494,0.4731561432103645,0.9968266366310161,0.24015610146595293,0.8348110779363056,0.0
269,4479,3476,MAJ011,MIN018,TN_major,TN_minor,1750.0,2200.0,2100.0,1700.0,610.3277807866851,100.0,6.142857142857143,1028.333804851899,0.43773185420344113,1,0,False,False,0,2.0798331511312473,0.48080779915258465,0.2740055208326819,0.28275521946408033,0.8333333333333334,0.0
270,4479,1555,MAJ011,MIN020,TN_major,TN_minor,1750.0,2200.0,2000.0,750.0,1471.3938969562162,100.0,3.5806451612903225,1158.7661062047373,0.3502826927471017,1,0,False,False,0,2.2791704448341714,0.43875612825119725,0.6605795504930965,0.164816808344779,0.8333333333333334,0.0
271,4479,1955,MAJ011,MIN022,TN_major,TN_minor,1750.0,2200.0,1800.0,950.0,1250.9996003196804,100.0,5.148148148148148,1159.7413504743201,0.34966446700938314,1,0,False,False,0,2.2186671373112152,0.45072105823494185,0.5616339413638388,0.2369688445637813,0.8333333333333334,0.0
272,3204,6728,MAJ012,MAJ017,TN_major,TN_major,3650.0,1550.0,3100.0,3300.0,1834.3936327844142,372.25008284516497,7.947368421052632,30.217134831078532,0.9992869143372933,1,0,False,False,0,1.4411602499006626,0.6938853608187769,0.8235476060345415,0.3658167282417783,0.3795831952580584,0.0
273,3204,2811,MAJ012,MAJ018,TN_major,TN_major,3650.0,1550.0,4200.0,1350.0,585.2349955359813,175.24784037344259,15.76923076923077,100.0,0.9922179382602435,1,0,False,False,0,1.452810100711644,0.6883212055795594,0.26274016161390373,0.725856422058954,0.7079202660442623,0.0
274,3204,3996,MAJ012,MAJ022,TN_major,TN_major,3650.0,1550.0,2850.0,1950.0,894.4271909999159,246.01766472760588,5.842105263157895,89.58064164776165,0.993750320872127,1,0,False,False,0,1.5972694109637418,0.6260684597951649,0.4015514220915032,0.2689116346677973,0.5899705587873235,0.0
275,3204,4103,MAJ012,MIN006,TN_major,TN_minor,3650.0,1550.0,3150.0,2000.0,672.6812023536855,368.6883812231943,6.8,76.6818234056566,0.9954167057774241,1,0,False,False,0,1.3450510033786152,0.7434662310113994,0.30199897335116915,0.31300345224395865,0.3855193646280095,0.0
276,3204,3008,MAJ012,MIN008,TN_major,TN_minor,3650.0,1550.0,3950.0,1450.0,316.22776601683796,200.0,10.5,100.0,0.9922179382602435,1,0,False,False,0,1.5026350615544348,0.6654975819381769,0.14196986677800177,0.4833141542002303,0.6666666666666667,0.0
277,3204,7231,MAJ012,MIN013,TN_major,TN_minor,3650.0,1550.0,3000.0,3550.0,2102.974084481309,380.7886552931954,8.636363636363637,31.027125730526308,0.9992481870256812,1,0,False,False,0,1.4412361357779322,0.693848825446104,0.9441262997617501,0.3975311225023539,0.3653522411780077,0.0
278,3204,3615,MAJ012,MIN014,TN_major,TN_minor,3650.0,1550.0,4000.0,1750.0,403.11288741492746,111.80339887498948,7.2,86.95819912499198,0.9941098152504639,1,0,False,False,0,1.7343845537269826,0.5765734005478318,0.18097678026079975,0.33141542002301505,0.8136610018750176,0.0
279,9105,9151,MAJ013,MAJ019,TN_major,TN_major,750.0,4500.0,3050.0,4500.0,2300.0,150.0,12.404255319148936,500.0,0.8225775623986646,1,0,True,True,1,1.8496149360742382,0.5406530735107898,1.0325807176970587,0.5709668731483977,0.75,1.0
280,9105,9312,MAJ013,MIN004,TN_major,TN_minor,750.0,4500.0,1000.0,4600.0,269.2582403567252,150.0,19.714285714285715,1477.3286702694156,0.18175818576240846,1,0,True,True,1,1.773860136265146,0.5637423038918362,0.12088298568408454,0.9074469833963508,0.75,1.0
281,9105,8533,MAJ013,MIN005,TN_major,TN_minor,750.0,4500.0,2450.0,4200.0,1726.2676501632068,140.97329317198762,12.916666666666666,214.81838556210724,0.9645898480521378,1,0,True,False,1,1.7174661605414496,0.5822531022589343,0.7750046474533648,0.5945531261986959,0.7650445113800206,1.0
282,9105,8489,MAJ013,MIN009,TN_major,TN_minor,750.0,4500.0,250.0,4200.0,583.09518948453,95.01461875826152,10.538461538461538,1676.305461424021,0.11132376739130583,1,0,True,True,1,2.1471249998564788,0.4657390697173399,0.26177949967114716,0.48508453571744725,0.8416423020695641,1.0
283,9105,8141,MAJ013,MIN015,TN_major,TN_minor,750.0,4500.0,3050.0,4000.0,2353.720459187964,137.0573683616547,11.551020408163266,148.72140247978922,0.982868707426051,1,0,True,False,1,1.816707008435383,0.550446492118307,1.0566984178289385,0.5316925389258121,0.7715710527305755,1.0
284,2431,4046,MAJ014,MAJ020,TN_major,TN_major,350.0,1200.0,300.0,2000.0,801.5609770940698,402.95191054830957,12.944444444444445,2623.451924468981,0.0046218827974106305,1,0,True,True,1,1.6563934749740048,0.6037212867043525,0.3598593082633697,0.5958317350722415,0.3284134824194841,1.0
285,2431,2739,MAJ014,MIN010,TN_major,TN_minor,350.0,1200.0,600.0,1350.0,291.547594742265,150.0,11.571428571428571,2507.9872407968905,0.007342598352649535,1,0,True,True,1,2.0509771501875784,0.48757247242298235,0.13088974983557358,0.5326319250369884,0.75,1.0
286,2431,4354,MAJ014,MIN016,TN_major,TN_minor,350.0,1200.0,550.0,2150.0,970.8243919473799,350.46397817750113,2.7142857142857144,2358.495283014151,0.012962390861737843,1,0,True,True,1,1.99414742310736,0.5014674383711111,0.43584980321514616,0.12493835278645408,0.4158933697041648,1.0
287,2431,6073,MAJ014,MIN017,TN_major,TN_minor,350.0,1200.0,650.0,3000.0,1824.8287590894658,111.80339887498948,3.026315789473684,1972.308292331602,0.04787975573086149,1,0,True,True,1,2.463125930876231,0.4059881744025408,0.8192534737977538,0.1393010720125977,0.8136610018750176,1.0
288,3058,3996,MAJ015,MAJ022,TN_major,TN_major,1400.0,1500.0,2850.0,1950.0,1518.2226450688977,158.11388300841898,4.4375,403.11288741492746,0.880774957955678,1,0,False,False,0,1.9026032807661484,0.5255956457708386,0.6816032297692041,0.20425776754890684,0.736476861652635,0.0
289,3058,5292,MAJ015,MIN001,TN_major,TN_minor,1400.0,1500.0,2000.0,2600.0,1252.9964086141667,116.2785881371613,9.37037037037037,934.0770846134702,0.5057865053076862,1,0,False,False,0,2.0165249793855,0.49590260979793677,0.5625304047298493,0.4313173933427099,0.8062023531047312,0.0
290,3058,5701,MAJ015,MIN002,TN_major,TN_minor,1400.0,1500.0,2250.0,2800.0,1553.2224567009066,111.80339887498948,10.181818181818182,790.5694150420949,0.6136802511983585,1,0,False,False,0,1.9850577978386006,0.5037636692940802,0.6973163300362656,0.46866827073961725,0.8136610018750176,0.0
291,3058,4103,MAJ015,MIN006,TN_major,TN_minor,1400.0,1500.0,3150.0,2000.0,1820.0274723201296,158.11388300841898,4.394736842105263,405.22743841503626,0.8795995802258074,1,0,False,False,0,1.9380488408059022,0.5159828684111842,0.8170979450420361,0.20228938283568534,0.736476861652635,0.0
292,3058,3865,MAJ015,MIN011,TN_major,TN_minor,1400.0,1500.0,1350.0,1900.0,403.11288741492746,158.11388300841898,8.1,1614.0012391568973,0.13066006527377144,1,0,False,False,0,2.0682118247415078,0.48350946843899,0.18097678026079975,0.3728423475258919,0.736476861652635,0.0
293,3058,4354,MAJ015,MIN016,TN_major,TN_minor,1400.0,1500.0,550.0,2150.0,1070.046727951635,113.04391014041714,3.8260869565217392,1724.0939649566667,0.09805118654354501,1,0,False,True,1,2.3328514986031244,0.4286599471071282,0.480395486225082,0.1761144744083655,0.8115934830993048,1.0
294,3058,6073,MAJ015,MIN017,TN_major,TN_minor,1400.0,1500.0,650.0,3000.0,1677.0509831248423,89.46447749561842,3.5428571428571427,1721.796961051594,0.09865939103686282,1,0,False,True,1,2.4464933310676606,0.40874830407307733,0.7529089164215685,0.16307742890021373,0.8508925375073026,1.0
295,3058,3476,MAJ015,MIN018,TN_major,TN_minor,1400.0,1500.0,2100.0,1700.0,728.0109889280518,158.11388300841898,6.625,1030.7764064044152,0.4360152213017238,1,0,False,False,0,1.9859469117591704,0.5035381329071836,0.32683917801681445,0.30494821634062147,0.736476861652635,0.0
296,3058,1555,MAJ015,MIN020,TN_major,TN_minor,1400.0,1500.0,2000.0,750.0,960.4686356149273,100.0,3.7142857142857144,1702.3586578626725,0.10392539102825846,1,0,False,False,0,2.341928627548354,0.4269984952730388,0.43120060569077234,0.17096827223409508,0.8333333333333334,0.0
297,3058,1955,MAJ015,MIN022,TN_major,TN_minor,1400.0,1500.0,1800.0,950.0,680.0735254367721,93.4732309164457,4.666666666666667,1713.0501499741713,0.1010024997188965,1,0,False,False,0,2.3008782967510935,0.43461664244129244,0.30531774303577003,0.2148062907556579,0.8442112818059239,0.0
298,6291,6728,MAJ016,MAJ017,TN_major,TN_major,1450.0,3100.0,3100.0,3300.0,1662.0770138594662,100.0,5.942857142857143,785.5309182517333,0.6174993853393561,1,0,False,False,0,2.1125975924997524,0.4733509133733036,0.7461863807994747,0.27354923557455213,0.8333333333333334,0.0
299,6291,9151,MAJ016,MAJ019,TN_major,TN_major,1450.0,3100.0,3050.0,4500.0,2126.02916254693,100.0,9.863636363636363,86.07793266661295,0.9942281197286524,1,0,False,True,1,1.886069262786443,0.5302032219763865,0.9544768341337329,0.4540223872790042,0.8333333333333334,1.0
300,6291,5292,MAJ016,MIN001,TN_major,TN_minor,1450.0,3100.0,2000.0,2600.0,743.3034373659252,100.0,3.375,934.0770846134702,0.5057865053076862,1,0,False,False,0,2.124432739602709,0.4707138905169624,0.3337046942704338,0.1553509781357883,0.8333333333333334,0.0
301,6291,5701,MAJ016,MIN002,TN_major,TN_minor,1450.0,3100.0,2250.0,2800.0,854.4003745317531,100.0,4.421052631578948,790.5694150420949,0.6136802511983585,1,0,False,False,0,2.0588801982456992,0.4857009168634802,0.38358145736288407,0.20350069650536012,0.8333333333333334,0.0
302,6291,6708,MAJ016,MIN003,TN_major,TN_minor,1450.0,3100.0,2100.0,3300.0,680.0735254367721,100.0,4.333333333333333,743.3034373659252,0.6494427282327384,1,0,False,False,0,2.0234518872628557,0.49420498025911075,0.30531774303577003,0.1994629842731109,0.8333333333333334,0.0
303,6291,8533,MAJ016,MIN005,TN_major,TN_minor,1450.0,3100.0,2450.0,4200.0,1486.6068747318504,100.0,10.03225806451613,62.89320754704361,0.9969144922157941,1,0,False,False,0,1.8090783934903458,0.5527676432366481,0.6674093885408676,0.4617840305876241,0.8333333333333334,0.0
304,6291,5693,MAJ016,MIN007,TN_major,TN_minor,1450.0,3100.0,1850.0,2800.0,500.0,100.0,4.2727272727272725,1142.3659658795862,0.3607640086736186,1,0,False,False,0,2.1489751745934855,0.46533808850963887,0.22447406906457798,0.19667329218537508,0.8333333333333334,0.0
305,6291,7208,MAJ016,MIN012,TN_major,TN_minor,1450.0,3100.0,1850.0,3550.0,602.0797289396148,100.0,7.428571428571429,672.6812023536855,0.7022150203926532,1,0,False,False,0,1.917075168654603,0.5216279551008929,0.270302573312747,0.34193654446819016,0.8333333333333334,0.0
306,6291,7231,MAJ016,MIN013,TN_major,TN_minor,1450.0,3100.0,3000.0,3550.0,1614.0012391568973,100.0,5.470588235294118,613.458634942929,0.7452697975011912,1,0,False,False,0,2.054185753919752,0.4868108923897569,0.7246028512576397,0.25181073580180063,0.8333333333333334,0.0
307,6291,8141,MAJ016,MIN015,TN_major,TN_minor,1450.0,3100.0,3050.0,4000.0,1835.7559750685818,100.0,5.7368421052631575,343.49852179845135,0.9119403908666804,1,0,False,False,0,1.9896117290955768,0.5026106276798904,0.8241592270665131,0.2640663799890982,0.8333333333333334,0.0
308,6728,9151,MAJ017,MAJ019,TN_major,TN_major,3100.0,3300.0,3050.0,4500.0,1201.0412149464314,385.50226977282506,10.846153846153847,720.2777242147642,0.666768413168916,1,0,False,True,1,1.4475314952733915,0.6908312553234861,0.5392052172665798,0.499247587855183,0.35749621704529155,1.0
309,6728,3996,MAJ017,MAJ022,TN_major,TN_major,3100.0,3300.0,2850.0,1950.0,1372.953021774598,140.42573750955353,14.448275862068966,25.75393768188571,0.9994819582096,1,0,False,False,0,1.6260277881414098,0.6149956398611274,0.6163847028645043,0.6650529740883301,0.7659571041507441,0.0
310,6728,5701,MAJ017,MIN002,TN_major,TN_minor,3100.0,3300.0,2250.0,2800.0,986.154146165801,94.50529085717899,6.380952380952381,717.5522629049399,0.6688128682699448,1,0,False,False,0,2.010152377103369,0.497474724498747,0.4427320678294839,0.293714724094471,0.8424911819047016,0.0
311,6728,6708,MAJ017,MIN003,TN_major,TN_minor,3100.0,3300.0,2100.0,3300.0,1000.0,500.0,7.380952380952381,700.0,0.6819407511903481,1,0,False,False,0,1.30630297825623,0.7655191916770253,0.44894813812915596,0.339744643542112,0.16666666666666663,0.0
312,6728,8533,MAJ017,MIN005,TN_major,TN_minor,3100.0,3300.0,2450.0,4200.0,1110.1801655587258,452.76925690687085,6.541666666666667,198.29137827811132,0.9697486774346419,1,0,False,False,0,1.2727993422469501,0.7856697963361916,0.49841331831550806,0.3011123897199848,0.2453845718218819,0.0
313,6728,4103,MAJ017,MIN006,TN_major,TN_minor,3100.0,3300.0,3150.0,2000.0,1300.9611831257687,324.967023757015,10.25,237.3912284312055,0.9569280936477476,1,0,False,False,0,1.4282789094044335,0.7001433637474784,0.5840641009426177,0.47180667433832,0.45838829373830836,0.0
314,6728,5693,MAJ017,MIN007,TN_major,TN_minor,3100.0,3300.0,1850.0,2800.0,1346.291201783626,223.00018146356868,6.25,807.8362775359587,0.6005896710314705,1,0,False,False,0,1.8735404036330492,0.5337488308556699,0.6044149284204228,0.2876869965477561,0.6283330308940522,0.0
315,6728,3008,MAJ017,MIN008,TN_major,TN_minor,3100.0,3300.0,3950.0,1450.0,2035.9273071502332,200.0,5.5476190476190474,189.31920361292745,0.9723870291173969,1,0,False,False,0,1.8195433410652717,0.5495884475137256,0.9140257739114035,0.2553564578881035,0.6666666666666667,0.0
316,6728,7208,MAJ017,MIN012,TN_major,TN_minor,3100.0,3300.0,1850.0,3550.0,1274.7548783981963,291.547594742265,7.111111111111111,539.4085079617661,0.7966708259161426,1,0,False,False,0,1.633406675054806,0.6122174075029091,0.5722988292279289,0.3273238716276692,0.514087342096225,0.0
317,6728,7231,MAJ017,MIN013,TN_major,TN_minor,3100.0,3300.0,3000.0,3550.0,269.2582403567252,509.9019513592785,9.571428571428571,790.5694150420949,0.6136802511983585,1,0,False,False,0,1.1914999665756956,0.8392782442738493,0.12088298568408454,0.4405720861417065,0.1501634144012025,0.0
318,6728,8141,MAJ017,MIN015,TN_major,TN_minor,3100.0,3300.0,3050.0,4000.0,701.78344238091,427.20018726587654,9.75,700.0,0.6819407511903481,1,0,False,False,0,1.3396415218679814,0.746468352672147,0.3150643698267793,0.4487917146144995,0.2879996878902058,0.0
319,2811,3996,MAJ018,MAJ022,TN_major,TN_major,4200.0,1350.0,2850.0,1950.0,1477.3286702694156,178.67568385205638,8.0,53.150729063673246,0.9977954024527207,1,0,False,False,0,1.7232427779670554,0.5803012859161495,0.6632439559222759,0.3682393555811278,0.702207193579906,0.0
320,2811,4103,MAJ018,MIN006,TN_major,TN_minor,4200.0,1350.0,3150.0,2000.0,1234.908903522847,180.27756377319946,10.423076923076923,38.2099463490856,0.9988600252654355,1,0,False,False,0,1.6370651731681478,0.6108492297009406,0.5544100529956997,0.47977339116579637,0.6995373937113343,0.0
321,2811,3008,MAJ018,MIN008,TN_major,TN_minor,4200.0,1350.0,3950.0,1450.0,269.2582403567252,176.58016750347574,18.571428571428573,360.5551275463989,0.9034247135330867,1,0,False,False,0,1.395029404320285,0.7168307685150483,0.12088298568408454,0.8548413611704754,0.7056997208275404,0.0
322,2811,3615,MAJ018,MIN014,TN_major,TN_minor,4200.0,1350.0,4000.0,1750.0,447.21359549995793,111.80339887498948,12.6,364.0054944640259,0.9016619341640674,1,0,False,False,0,1.6612774444577882,0.601946413789048,0.2007757110457516,0.5799769850402763,0.8136610018750176,0.0
323,9151,5292,MAJ019,MIN001,TN_major,TN_minor,3050.0,4500.0,2000.0,2600.0,2170.829334609241,233.8259754109016,7.155555555555556,371.06057512651904,0.8980162197502864,1,0,True,False,1,1.7784865296097643,0.56227583585883,0.9745897879689732,0.3293696458253421,0.6102900409818306,1.0
324,9151,5701,MAJ019,MIN002,TN_major,TN_minor,3050.0,4500.0,2250.0,2800.0,1878.8294228055936,111.80339887498948,5.17948717948718,420.5671543308379,0.8709376001371161,1,0,True,False,1,2.008102730211734,0.49798249111217546,0.843496971230848,0.23841137765188405,0.8136610018750176,1.0
325,9151,6708,MAJ019,MIN003,TN_major,TN_minor,3050.0,4500.0,2100.0,3300.0,1530.5227865013967,437.81930521237786,6.84375,238.82407895098135,0.9564181081578339,1,0,True,False,1,1.344606786555074,0.7437118494411532,0.6871253553640497,0.31501726121979295,0.27030115797937027,1.0
326,9151,9312,MAJ019,MIN004,TN_major,TN_minor,3050.0,4500.0,1000.0,4600.0,2052.437575177379,124.50013432407223,7.3023255813953485,533.593686452738,0.8005636506330331,1,0,True,True,1,1.992756703088047,0.5018174062344711,0.921438028002204,0.33612545829207596,0.7924997761265462,1.0
327,9151,8533,MAJ019,MIN005,TN_major,TN_minor,3050.0,4500.0,2450.0,4200.0,670.820393249937,335.4101966249685,9.8,223.60679774997897,0.9616906016054253,1,0,True,False,1,1.3481239655945603,0.7417715473658033,0.3011635665686274,0.4510932105868816,0.44098300562505255,1.0
328,9151,5693,MAJ019,MIN007,TN_major,TN_minor,3050.0,4500.0,1850.0,2800.0,2080.865204668481,250.0,5.6976744186046515,284.2023487881289,0.9388474019054742,1,0,True,False,1,1.7545699993738875,0.5699402134750091,0.9342005593336596,0.2622634945272568,0.5833333333333333,1.0
329,9151,7208,MAJ019,MIN012,TN_major,TN_minor,3050.0,4500.0,1850.0,3550.0,1530.5227865013967,289.3577156687992,11.34375,46.88529630241501,0.998284105856491,1,0,True,False,1,1.4675424515211841,0.6814112933928745,0.6871253553640497,0.5221518987341773,0.5177371405520014,1.0
330,9151,7231,MAJ019,MIN013,TN_major,TN_minor,3050.0,4500.0,3000.0,3550.0,951.3148795220224,415.27099585692235,7.0,672.8762887782568,0.7020710262184565,1,0,True,False,1,1.4407561778033224,0.6940799667606977,0.42709104393597425,0.32220943613348685,0.3078816735717961,1.0
331,9151,8141,MAJ019,MIN015,TN_major,TN_minor,3050.0,4500.0,3050.0,4000.0,500.0,400.0,9.272727272727273,700.0,0.6819407511903481,1,0,True,False,1,1.3733120047160183,0.7281666486318861,0.22447406906457798,0.42682288942358,0.33333333333333337,1.0
332,4046,2739,MAJ020,MIN010,TN_major,TN_minor,300.0,2000.0,600.0,1350.0,715.8910531638177,150.0,4.3125,2507.9872407968905,0.007342598352649535,1,0,True,True,1,2.2656681502935077,0.4413709041504839,0.3213979554212166,0.19850402761795172,0.75,1.0
333,4046,3865,MAJ020,MIN011,TN_major,TN_minor,300.0,2000.0,1350.0,1900.0,1054.7511554864493,195.4677585385866,3.0,1614.0012391568973,0.13066006527377144,1,0,True,False,1,2.1964696069121503,0.4552760470042761,0.4735285674452173,0.13808975834292295,0.674220402435689,1.0
334,4046,4354,MAJ020,MIN016,TN_major,TN_minor,300.0,2000.0,550.0,2150.0,291.547594742265,411.63630117428227,7.571428571428571,2358.495283014151,0.012962390861737843,1,0,True,True,1,1.7041665908711796,0.5867970921133915,0.13088974983557358,0.34851224724642454,0.3139394980428629,1.0
335,4046,6073,MAJ020,MIN017,TN_major,TN_minor,300.0,2000.0,650.0,3000.0,1059.4810050208546,111.80339887498948,1.6956521739130435,1972.308292331602,0.04787975573086149,1,0,True,True,1,2.4078507380917036,0.4153081352511622,0.47565202458731964,0.07805073297643471,0.8136610018750176,1.0
336,4046,3476,MAJ020,MIN018,TN_major,TN_minor,300.0,2000.0,2100.0,1700.0,1824.8287590894658,263.55162579551546,3.4473684210526314,1030.7764064044152,0.4360152213017238,1,0,True,False,1,2.0064539771991914,0.49839169567990776,0.8192534737977538,0.1586820907273939,0.5607472903408075,1.0
337,3996,4103,MAJ022,MIN006,TN_major,TN_minor,2850.0,1950.0,3150.0,2000.0,304.138126514911,353.5533905932738,6.75,386.63910293498174,0.889773001696674,1,0,False,False,0,1.3828844058588292,0.7231262394480167,0.13654224563295897,0.3107019562715766,0.4107443490112104,0.0
338,3996,3008,MAJ022,MIN008,TN_major,TN_minor,2850.0,1950.0,3950.0,1450.0,1208.3045973594571,200.0,5.8076923076923075,60.530983801686226,0.9971415930467448,1,0,False,False,0,1.7082905648362752,0.5853805087870642,0.5424660992774277,0.26732760909976105,0.6666666666666667,0.0
339,3996,3865,MAJ022,MIN011,TN_major,TN_minor,2850.0,1950.0,1350.0,1900.0,1500.8331019803634,195.22126511145498,4.5625,403.11288741492746,0.880774957955678,1,0,False,False,0,1.8359290232141487,0.544683365944783,0.6737962267766898,0.21001150747986197,0.6746312248142416,0.0
340,3996,7231,MAJ022,MIN013,TN_major,TN_minor,2850.0,1950.0,3000.0,3550.0,1607.0158679988197,96.64956626555797,15.176470588235293,18.24484027089759,0.9997399758461178,1,0,False,False,0,1.7083702121903872,0.5853532172735849,0.7214667818820796,0.698571718675963,0.8389173895574034,0.0
341,3996,3615,MAJ022,MIN014,TN_major,TN_minor,2850.0,1950.0,4000.0,1750.0,1167.2617529928752,111.80339887498948,6.4,159.00351585910167,0.980442131239608,1,0,False,False,0,1.8453961661251486,0.541889063365586,0.5240399907155261,0.2945914844649023,0.8136610018750176,0.0
342,3996,8141,MAJ022,MIN015,TN_major,TN_minor,2850.0,1950.0,3050.0,4000.0,2059.732992404598,98.34226870506342,13.186046511627907,15.245533898649368,0.9998184334353175,1,0,False,False,0,1.80213097014501,0.5548986264408597,0.9247132919832393,0.6069526587630799,0.8360962188248943,0.0
343,3996,3476,MAJ022,MIN018,TN_major,TN_minor,2850.0,1950.0,2100.0,1700.0,790.5694150420949,348.1255610408405,2.588235294117647,403.11288741492746,0.880774957955678,1,0,False,False,0,1.5468082627306277,0.6464925382766379,0.35492466694500446,0.11913626209977665,0.41979073159859914,0.0
344,3996,1555,MAJ022,MIN020,TN_major,TN_minor,2850.0,1950.0,2000.0,750.0,1470.5441169852743,82.07381501496761,1.2903225806451613,403.11288741492746,0.880774957955678,1,0,False,False,0,2.096417592369099,0.4770042016628614,0.6601980433573227,0.059393444448569005,0.8632103083083873,0.0
345,3996,1955,MAJ022,MIN022,TN_major,TN_minor,2850.0,1950.0,1800.0,950.0,1450.0,111.80339887498948,1.2666666666666666,403.11288741492746,0.880774957955678,1,0,False,False,0,2.045106915075663,0.4889719909645912,0.6509748002872762,0.05830456463367857,0.8136610018750176,0.0
346,5292,5701,MIN001,MIN002,TN_minor,TN_minor,2000.0,2600.0,2250.0,2800.0,320.1562118716424,111.80339887498948,8.75,790.5694150420949,0.6136802511983585,1,0,False,False,0,1.879615336923478,0.532023749942785,0.14373353523025745,0.40276179516685856,0.8136610018750176,0.0
347,5292,6708,MIN001,MIN003,TN_minor,TN_minor,2000.0,2600.0,2100.0,3300.0,707.1067811865476,289.92336152086034,3.75,743.3034373659252,0.6494427282327384,1,0,False,False,0,1.7233724770260916,0.5802576130991908,0.317454272872201,0.17261219792865368,0.5167943974652327,0.0
348,5292,9312,MIN001,MIN004,TN_minor,TN_minor,2000.0,2600.0,1000.0,4600.0,2236.06797749979,134.25606637327303,4.0,934.0770846134702,0.5057865053076862,1,0,False,True,1,2.220498411059447,0.4503493427508821,1.0038785552287581,0.1841196777905639,0.7762398893778782,1.0
349,5292,8533,MIN001,MIN005,TN_minor,TN_minor,2000.0,2600.0,2450.0,4200.0,1662.0770138594662,275.8009725700549,10.314285714285715,48.507125007266595,0.99816345322559,1,0,False,False,0,1.5286556850995574,0.6541695489359807,0.7461863807994747,0.47476574058852555,0.5403317123832418,0.0
350,5292,5693,MIN001,MIN007,TN_minor,TN_minor,2000.0,2600.0,1850.0,2800.0,250.0,250.0,4.833333333333333,934.0770846134702,0.5057865053076862,1,0,False,False,0,1.7855023417376013,0.5600664735207391,0.11223703453228899,0.22247794399693138,0.5833333333333333,0.0
351,5292,7208,MIN001,MIN012,TN_minor,TN_minor,2000.0,2600.0,1850.0,3550.0,961.7692030835673,291.547594742265,2.619047619047619,672.6812023536855,0.7022150203926532,1,0,False,False,0,1.7488906541148366,0.5717910365906372,0.43178449303432964,0.1205545509342978,0.514087342096225,0.0
352,5292,7231,MIN001,MIN013,TN_minor,TN_minor,2000.0,2600.0,3000.0,3550.0,1379.3114224133722,132.87682265918312,6.0344827586206895,774.0551350135313,0.6261941537038257,1,0,False,False,0,2.019609972577399,0.4951451089953836,0.6192392949927612,0.2777667552874887,0.7785386289013615,0.0
353,5292,8141,MIN001,MIN015,TN_minor,TN_minor,2000.0,2600.0,3050.0,4000.0,1750.0,191.049731745428,4.944444444444445,560.357029044876,0.7824599812876819,1,0,False,False,0,1.911214384889899,0.5232275394670639,0.785659241726023,0.22759237949111374,0.6815837804242866,0.0
354,5292,3476,MIN001,MIN018,TN_minor,TN_minor,2000.0,2600.0,2100.0,1700.0,905.5385138137417,281.72647389654867,6.35,867.0044266901277,0.5558465410981881,1,0,False,False,0,1.7462645439124664,0.5726509213544029,0.40653982978092235,0.2922899884925202,0.5304558768390856,0.0
355,5292,1555,MIN001,MIN020,TN_minor,TN_minor,2000.0,2600.0,2000.0,750.0,1850.0,100.0,3.3421052631578947,900.0,0.5310959910353452,1,0,False,False,0,2.236747408099552,0.4470777506565428,0.8305540555389386,0.15383683604869486,0.8333333333333334,0.0
356,5292,1955,MIN001,MIN022,TN_minor,TN_minor,2000.0,2600.0,1800.0,950.0,1662.0770138594662,111.80339887498948,3.6285714285714286,923.5680490231734,0.5135596891499994,1,0,False,False,0,2.198158301639814,0.4549262895461194,0.7461863807994747,0.1670228505671544,0.8136610018750176,0.0
357,5701,6708,MIN002,MIN003,TN_minor,TN_minor,2250.0,2800.0,2100.0,3300.0,522.0153254455275,111.80339887498948,6.583333333333333,743.3034373659252,0.6494427282327384,1,0,False,False,0,1.934255912775415,0.5169946713850936,0.234357808433655,0.3030303030303031,0.8136610018750176,0.0
358,5701,8533,MIN002,MIN005,TN_minor,TN_minor,2250.0,2800.0,2450.0,4200.0,1414.213562373095,111.80339887498948,9.566666666666666,72.74145899906554,0.9958746889316022,1,0,False,False,0,1.7925163202442722,0.55787497648207,0.634908545744402,0.44035289604909866,0.8136610018750176,0.0
359,5701,5693,MIN002,MIN007,TN_minor,TN_minor,2250.0,2800.0,1850.0,2800.0,400.0,111.80339887498948,5.111111111111111,790.5694150420949,0.6136802511983585,1,0,False,False,0,1.972325648146065,0.5070156649536927,0.17957925525166238,0.23526403273238722,0.8136610018750176,0.0
360,5701,7208,MIN002,MIN012,TN_minor,TN_minor,2250.0,2800.0,1850.0,3550.0,850.0,111.80339887498948,4.277777777777778,672.6812023536855,0.7022150203926532,1,0,False,False,0,1.9977440621916311,0.5005646213273921,0.38160591740978256,0.19690576652601974,0.8136610018750176,0.0
361,5701,7231,MIN002,MIN013,TN_minor,TN_minor,2250.0,2800.0,3000.0,3550.0,1060.6601717798212,106.8423570322106,4.826086956521739,777.8241000242355,0.6233392781148391,1,0,False,False,0,2.0564748957114727,0.48626900434592124,0.4761814093083015,0.22214439385600646,0.8219294049463157,0.0
362,5701,8141,MIN002,MIN015,TN_minor,TN_minor,2250.0,2800.0,3050.0,4000.0,1442.2205101855957,111.80339887498948,3.6666666666666665,582.5137212409741,0.7671326880425785,1,0,False,False,0,2.0458189998281004,0.48880179531230517,0.6474822128195046,0.16877637130801693,0.8136610018750176,0.0
363,5701,1955,MIN002,MIN022,TN_minor,TN_minor,2250.0,2800.0,1800.0,950.0,1903.943276465977,84.96431551682477,5.2,738.0006574619028,0.6534404445417846,1,0,False,False,0,2.1639297163289353,0.4621222179509973,0.8547717890729253,0.23935558112773309,0.8583928074719587,0.0
364,6708,8533,MIN003,MIN005,TN_minor,TN_minor,2100.0,3300.0,2450.0,4200.0,965.6603957913983,452.76925690687085,16.476190476190474,27.95084971874737,0.9993898346641251,1,0,False,False,0,1.013115627890708,0.9870541648656486,0.4335314367556121,0.758397720423037,0.2453845718218819,0.0
365,6708,5693,MIN003,MIN007,TN_minor,TN_minor,2100.0,3300.0,1850.0,2800.0,559.0169943749474,250.0,2.3076923076923075,743.3034373659252,0.6494427282327384,1,0,False,False,0,1.8064849078257572,0.5535612258192495,0.25096963880718953,0.10622289103301763,0.5833333333333333,0.0
366,6708,7208,MIN003,MIN012,TN_minor,TN_minor,2100.0,3300.0,1850.0,3550.0,353.5533905932738,291.547594742265,2.888888888888889,671.8095898392639,0.7028582118297622,1,0,False,False,0,1.674094333289503,0.5973379039131296,0.1587271364361005,0.1329753228487406,0.514087342096225,0.0
367,6708,7231,MIN003,MIN013,TN_minor,TN_minor,2100.0,3300.0,3000.0,3550.0,934.0770846134702,575.4740307874924,6.5,607.7181333808371,0.7493626087515829,1,0,False,False,0,1.1596780891986411,0.8623082640899238,0.4193521680063275,0.29919447640966634,0.0408766153541793,0.0
368,6708,8141,MIN003,MIN015,TN_minor,TN_minor,2100.0,3300.0,3050.0,4000.0,1180.0423721205946,427.20018726587654,4.88,415.85859141726945,0.8736214680648312,1,0,False,False,0,1.4095623812983142,0.7094400455543683,0.5297778258770536,0.22462600690448797,0.2879996878902058,0.0
369,6708,3476,MIN003,MIN018,TN_minor,TN_minor,2100.0,3300.0,2100.0,1700.0,1600.0,200.0,8.575757575757576,743.3034373659252,0.6494427282327384,1,0,False,False,0,1.8623958170181554,0.5369427867385784,0.7183170210066495,0.3947414304146181,0.6666666666666667,0.0
370,6708,1955,MIN003,MIN022,TN_minor,TN_minor,2100.0,3300.0,1800.0,950.0,2369.071548096427,111.80339887498948,3.979591836734694,743.3034373659252,0.6494427282327384,1,0,False,False,0,2.201489031495621,0.45423801149744186,1.063590260612648,0.18318029167938757,0.8136610018750176,0.0
371,9312,8533,MIN004,MIN005,TN_minor,TN_minor,1000.0,4600.0,2450.0,4200.0,1504.1608956491323,309.59760396161397,9.8125,219.45562200868196,0.963073446570717,1,0,True,False,1,1.483697510632558,0.6739918297589251,0.6752902335483616,0.4516685845799771,0.48400399339731004,1.0
372,9312,5693,MIN004,MIN007,TN_minor,TN_minor,1000.0,4600.0,1850.0,2800.0,1990.6029237394382,120.02603884157777,3.8048780487804876,964.8348304243582,0.48322615368986416,1,0,True,False,1,2.232435753554363,0.4479412222313024,0.893677476367275,0.17513823009346322,0.7999566019307037,1.0
373,9312,7231,MIN004,MIN013,TN_minor,TN_minor,1000.0,4600.0,3000.0,3550.0,2258.8713996153033,138.98174799588693,8.404255319148936,96.29232430586987,0.9927822585101016,1,0,True,False,1,1.8703200281123482,0.5346678562862136,1.014116109130491,0.38684719535783374,0.7683637533401885,1.0
374,9312,8141,MIN004,MIN015,TN_minor,TN_minor,1000.0,4600.0,3050.0,4000.0,2136.000936329383,297.90143959416696,7.7272727272727275,198.04343121901192,0.9698231312703323,1,0,True,False,1,1.6187235497233707,0.6177707120965118,0.9589536434072103,0.3556857411863167,0.5034976006763884,1.0
375,8533,4103,MIN005,MIN006,TN_minor,TN_minor,2450.0,4200.0,3150.0,2000.0,2308.679276123039,136.90790869782109,7.854166666666667,133.1190748696833,0.9862511038594413,1,0,False,False,0,1.895292560804777,0.5276230280645333,1.036477262552806,0.3615266589950135,0.7718201521702982,0.0
376,8533,5693,MIN005,MIN007,TN_minor,TN_minor,2450.0,4200.0,1850.0,2800.0,1523.1546211727816,250.0,12.21875,26.007283059027785,0.9994717186740308,1,0,False,False,0,1.511579767108976,0.6615595298107122,0.6838174312583402,0.5624280782508632,0.5833333333333333,0.0
377,8533,7208,MIN005,MIN012,TN_minor,TN_minor,2450.0,4200.0,1850.0,3550.0,884.5903006477066,275.05611099833936,11.052631578947368,64.78835438716955,0.9967260501126244,1,0,False,False,0,1.4263600191923176,0.7010852705800421,0.3971351684828982,0.5087517412634003,0.541573148336101,0.0
378,8533,7231,MIN005,MIN013,TN_minor,TN_minor,2450.0,4200.0,3000.0,3550.0,851.46931829632,452.76925690687085,3.1578947368421053,205.6306169257971,0.9675053383492752,1,0,False,False,0,1.3227614481710719,0.7559942130023967,0.38226556512323456,0.1453576403609715,0.2453845718218819,0.0
379,8533,8141,MIN005,MIN015,TN_minor,TN_minor,2450.0,4200.0,3050.0,4000.0,632.4555320336759,427.20018726587654,2.857142857142857,223.60679774997897,0.9616906016054253,1,0,False,False,0,1.3506242671176543,0.7403983656639638,0.28393973355600355,0.1315140555646885,0.2879996878902058,0.0
380,4103,3008,MIN006,MIN008,TN_minor,TN_minor,3150.0,2000.0,3950.0,1450.0,970.8243919473799,200.0,6.714285714285714,21.360009363293827,0.9996436182065831,1,0,False,False,0,1.6595202675021572,0.602583782544072,0.43584980321514616,0.30905803057701803,0.6666666666666667,0.0
381,4103,3865,MIN006,MIN011,TN_minor,TN_minor,3150.0,2000.0,1350.0,1900.0,1802.7756377319947,191.93471162903992,4.394736842105263,363.5763032278221,0.9018819325088843,1,0,False,False,0,1.8686033222089151,0.5351590613773923,0.8093527660243808,0.20228938283568534,0.6801088139516,0.0
382,4103,7231,MIN006,MIN013,TN_minor,TN_minor,3150.0,2000.0,3000.0,3550.0,1557.2411502397438,285.7624122413583,8.484848484848484,215.78345627040085,0.9642767378360172,1,0,False,False,0,1.559334601049618,0.6412991793595042,0.6991205150182382,0.3905568922830143,0.5237293129310696,0.0
383,4103,3615,MIN006,MIN014,TN_minor,TN_minor,3150.0,2000.0,4000.0,1750.0,886.0022573334675,111.80339887498948,5.578947368421052,195.0783318453271,0.970706712885645,1,0,False,False,0,1.8375926368221973,0.5441902519425248,0.3977690638080896,0.25679849797104964,0.8136610018750176,0.0
384,4103,8141,MIN006,MIN015,TN_minor,TN_minor,3150.0,2000.0,3050.0,4000.0,2002.4984394500786,317.5652841489588,9.761904761904763,233.08320635062685,0.9584445404228049,1,0,False,False,0,1.529828872206908,0.6536678828380426,0.8990179459976532,0.44933968984601913,0.470724526418402,0.0
385,4103,3476,MIN006,MIN018,TN_minor,TN_minor,3150.0,2000.0,2100.0,1700.0,1092.0164833920778,315.9417903285873,2.9565217391304346,405.2407202173964,0.8795921830457835,1,0,False,False,0,1.626396695360586,0.6148561435549963,0.4902587670252217,0.13608845749737333,0.4734303494523545,0.0
386,4103,1955,MIN006,MIN022,TN_minor,TN_minor,3150.0,2000.0,1800.0,950.0,1710.263137648707,111.80339887498948,1.2222222222222223,430.11626335213134,0.8654278673596753,1,0,False,False,0,2.08301451024026,0.4800734680838385,0.7678194513583154,0.056258790436005644,0.8136610018750176,0.0
387,5693,7208,MIN007,MIN012,TN_minor,TN_minor,1850.0,2800.0,1850.0,3550.0,750.0,250.0,2.75,672.6812023536855,0.7022150203926532,1,0,False,False,0,1.7913544342192214,0.5582368184082227,0.336711103596867,0.1265822784810127,0.5833333333333333,0.0
388,5693,7231,MIN007,MIN013,TN_minor,TN_minor,1850.0,2800.0,3000.0,3550.0,1372.953021774598,250.0,5.241379310344827,732.0121834605582,0.6579499364663824,1,0,False,False,0,1.8260663815149203,0.5476252178578478,0.6163847028645043,0.24126026744970444,0.5833333333333333,0.0
389,5693,8141,MIN007,MIN015,TN_minor,TN_minor,1850.0,2800.0,3050.0,4000.0,1697.0562748477141,250.0,4.828571428571428,494.9922232096806,0.8257858781927063,1,0,False,False,0,1.7880255554316433,0.5592761227389684,0.7618902548932824,0.22225875390432356,0.5833333333333333,0.0
390,5693,3476,MIN007,MIN018,TN_minor,TN_minor,1850.0,2800.0,2100.0,1700.0,1128.0514172678477,202.18560041019865,5.208333333333333,924.2838130724516,0.5130293012208511,1,0,False,False,0,1.9514908871086052,0.5124287315948648,0.5064365834963559,0.23973916378979676,0.6630239993163356,0.0
391,5693,1555,MIN007,MIN020,TN_minor,TN_minor,1850.0,2800.0,2000.0,750.0,2055.4804791094466,100.0,3.116279069767442,1014.4435937934953,0.44754369765323987,1,0,False,False,0,2.306783455165588,0.4335040628805866,0.9228041340570116,0.14344207455776492,0.8333333333333334,0.0
392,5693,1955,MIN007,MIN022,TN_minor,TN_minor,1850.0,2800.0,1800.0,950.0,1850.6755523321747,111.80339887498948,3.41025641025641,1061.9081372542348,0.41437840667084436,1,0,False,False,0,2.273941194908317,0.439765110126482,0.8308573435006772,0.15697382785990385,0.8136610018750176,0.0
393,3008,7231,MIN008,MIN013,TN_minor,TN_minor,3950.0,1450.0,3000.0,3550.0,2304.886114323222,200.0,5.25,191.25280897229126,0.9718281613752908,1,0,False,False,0,1.856859604258757,0.5385436775653223,1.0347743296251555,0.24165707710011514,0.6666666666666667,0.0
394,3008,3615,MIN008,MIN014,TN_minor,TN_minor,3950.0,1450.0,4000.0,1750.0,304.138126514911,111.80339887498948,7.125,329.2694449033171,0.9187861801367282,1,0,False,False,0,1.7626638596061766,0.5673231424983236,0.13654224563295897,0.327963176064442,0.8136610018750176,0.0
395,2739,4354,MIN010,MIN016,TN_minor,TN_minor,600.0,1350.0,550.0,2150.0,801.5609770940698,150.0,2.3333333333333335,2358.495283014151,0.012962390861737843,1,0,True,True,1,2.3180240333695634,0.43140191197515926,0.3598593082633697,0.10740314537782895,0.75,1.0
396,2739,6073,MIN010,MIN017,TN_minor,TN_minor,600.0,1350.0,650.0,3000.0,1650.7574019219178,111.80339887498948,2.4,1972.308292331602,0.04787975573086149,1,0,True,True,1,2.4580033106198638,0.4068342771059239,0.7411044620957679,0.11047180667433834,0.8136610018750176,1.0
397,3865,4354,MIN011,MIN016,TN_minor,TN_minor,1350.0,1900.0,550.0,2150.0,838.1527307120105,176.20077412647234,3.0555555555555554,1614.0012391568973,0.13066006527377144,1,0,False,True,1,2.202992273844414,0.45392805588687457,0.37628710792102493,0.1406469760900141,0.7063320431225462,1.0
398,3865,3476,MIN011,MIN018,TN_minor,TN_minor,1350.0,1900.0,2100.0,1700.0,776.2087348130012,200.0,6.0,1030.7764064044152,0.4360152213017238,1,0,False,False,0,1.9359306386698576,0.5165474320335576,0.34847746629388465,0.2761795166858459,0.6666666666666667,0.0
399,3865,1555,MIN011,MIN020,TN_minor,TN_minor,1350.0,1900.0,2000.0,750.0,1320.9844813622906,100.0,2.357142857142857,1570.9315035200339,0.14544040011918058,1,0,False,False,0,2.3928689406280905,0.41790838730077534,0.5930535234051091,0.10849909584086802,0.8333333333333334,0.0
400,3865,1955,MIN011,MIN022,TN_minor,TN_minor,1350.0,1900.0,1800.0,950.0,1051.189802081432,111.80339887498948,2.8260869565217392,1593.5335495538582,0.13753641757688115,1,0,False,False,0,2.3360749161459227,0.42806846351049777,0.47192970446481486,0.13008455496072452,0.8136610018750176,0.0
401,7208,7231,MIN012,MIN013,TN_minor,TN_minor,1850.0,3550.0,3000.0,3550.0,1150.0,291.547594742265,11.041666666666666,450.0,0.8536763613451477,1,0,False,False,0,1.5004402119421034,0.666471074316013,0.5162903588485294,0.5082470272343691,0.514087342096225,0.0
402,7208,8141,MIN012,MIN015,TN_minor,TN_minor,1850.0,3550.0,3050.0,4000.0,1281.6005617976298,291.547594742265,7.222222222222222,246.22144504490262,0.9537408584773575,1,0,False,False,0,1.5530827802312064,0.6438806821688736,0.5753721860443262,0.3324383071218515,0.514087342096225,0.0
403,7208,3476,MIN012,MIN018,TN_minor,TN_minor,1850.0,3550.0,2100.0,1700.0,1866.815470259447,282.8059836296457,4.256410256410256,672.6812023536855,0.7022150203926532,1,0,False,False,0,1.8273558799593508,0.5472387787004275,0.8381033296036835,0.19592222123867697,0.5286566939505906,0.0
404,7231,8141,MIN013,MIN015,TN_minor,TN_minor,3000.0,3550.0,3050.0,4000.0,452.76925690687085,427.20018726587654,5.363636363636363,695.8448102845921,0.6850378066864191,1,0,False,False,0,1.4110963628108062,0.7086688240114724,0.20326991489046117,0.24688774976461977,0.2879996878902058,0.0
405,3615,3476,MIN014,MIN018,TN_minor,TN_minor,4000.0,1750.0,2100.0,1700.0,1900.6577808748214,111.80339887498948,4.35,91.46696913711246,0.9934852150482415,1,0,False,False,0,1.9683694869618933,0.5080346990866352,0.8532967719444444,0.20023014959723823,0.8136610018750176,0.0
406,4354,6073,MIN016,MIN017,TN_minor,TN_minor,550.0,2150.0,650.0,3000.0,855.8621384311845,111.80339887498948,2.0526315789473686,1972.308292331602,0.04787975573086149,1,0,True,True,1,2.3767812937017547,0.42073707103379904,0.3842377135439182,0.0944824662346315,0.8136610018750176,1.0
407,4354,3476,MIN016,MIN018,TN_minor,TN_minor,550.0,2150.0,2100.0,1700.0,1614.0012391568973,161.09131951517588,4.0588235294117645,1030.7764064044152,0.4360152213017238,1,0,True,False,1,2.1394858840062527,0.46740200880758764,0.7246028512576397,0.18682732011101338,0.7315144674747069,1.0
408,3476,1555,MIN018,MIN020,TN_minor,TN_minor,2100.0,1700.0,2000.0,750.0,955.24865872714,100.0,1.0952380952380953,1030.7764064044152,0.4360152213017238,1,0,False,False,0,2.235575113152558,0.4473121901011961,0.42885710678592304,0.050413721299797265,0.8333333333333334,0.0
409,3476,1955,MIN018,MIN022,TN_minor,TN_minor,2100.0,1700.0,1800.0,950.0,807.7747210701756,111.80339887498948,0.8888888888888888,1030.7764064044152,0.4360152213017238,1,0,False,False,0,2.204099862933994,0.45369995108517774,0.36264895705225364,0.04091548395345865,0.8136610018750176,0.0
410,477,589,MIN019,MIN021,TN_minor,TN_minor,3650.0,200.0,4200.0,250.0,552.268050859363,460.9772228646444,1.4615384615384615,50.0,0.9980487811074755,1,0,True,True,1,1.2992698918969527,0.7696630286260121,0.24793971318152905,0.06727449765424451,0.23170462855892604,1.0
411,1555,1955,MIN020,MIN022,TN_minor,TN_minor,2000.0,750.0,1800.0,950.0,282.842712474619,100.0,2.4285714285714284,1780.4493814764855,0.08403158826957008,1,0,False,False,0,2.30541146729428,0.4337620482011563,0.1269817091488804,0.11178694722998522,0.8333333333333334,0.0
