x,y,routes_through,buffer_cover,density
150.0,0.0,0,1,1.0
200.0,0.0,0,2,2.0
250.0,0.0,0,2,2.0
300.0,0.0,0,1,1.0
350.0,0.0,0,1,1.0
400.0,0.0,0,1,1.0
450.0,0.0,0,1,1.0
500.0,0.0,0,2,2.0
550.0,0.0,0,2,2.0
600.0,0.0,0,2,2.0
650.0,0.0,0,2,2.0
700.0,0.0,0,1,1.0
750.0,0.0,0,1,1.0
800.0,0.0,0,1,1.0
850.0,0.0,0,1,1.0
900.0,0.0,0,1,1.0
950.0,0.0,0,1,1.0
1000.0,0.0,0,2,2.0
1050.0,0.0,0,2,2.0
1100.0,0.0,0,2,2.0
1150.0,0.0,0,2,2.0
1200.0,0.0,0,2,2.0
1250.0,0.0,0,2,2.0
1300.0,0.0,0,2,2.0
1350.0,0.0,0,2,2.0
1400.0,0.0,0,2,2.0
1450.0,0.0,0,2,2.0
1500.0,0.0,0,2,2.0
1550.0,0.0,0,2,2.0
1600.0,0.0,0,2,2.0
1650.0,0.0,0,2,2.0
1700.0,0.0,0,2,2.0
1750.0,0.0,0,3,3.0
1800.0,0.0,0,3,3.0
1850.0,0.0,0,2,2.0
1900.0,0.0,0,1,1.0
1950.0,0.0,0,1,1.0
2000.0,0.0,0,1,1.0
2050.0,0.0,0,1,1.0
2100.0,0.0,0,1,1.0
2150.0,0.0,0,1,1.0
2200.0,0.0,0,2,2.0
2250.0,0.0,0,2,2.0
2300.0,0.0,0,2,2.0
2350.0,0.0,0,1,1.0
2400.0,0.0,0,2,2.0
2450.0,0.0,0,2,2.0
2500.0,0.0,0,2,2.0
2550.0,0.0,0,2,2.0
2600.0,0.0,0,2,2.0
2650.0,0.0,0,2,2.0
2700.0,0.0,0,3,3.0
2750.0,0.0,0,2,2.0
2800.0,0.0,0,2,2.0
2850.0,0.0,0,2,2.0
2900.0,0.0,0,2,2.0
2950.0,0.0,0,2,2.0
3000.0,0.0,0,2,2.0
3050.0,0.0,0,2,2.0
3100.0,0.0,0,2,2.0
3150.0,0.0,0,2,2.0
3200.0,0.0,0,3,3.0
3250.0,0.0,0,3,3.0
3300.0,0.0,0,3,3.0
3350.0,0.0,0,4,4.0
3400.0,0.0,0,3,3.0
3450.0,0.0,0,4,4.0
3500.0,0.0,0,4,4.0
3550.0,0.0,0,3,3.0
3600.0,0.0,0,2,2.0
3650.0,0.0,0,2,2.0
3700.0,0.0,0,2,2.0
3750.0,0.0,0,2,2.0
3800.0,0.0,0,2,2.0
3850.0,0.0,0,2,2.0
3900.0,0.0,0,2,2.0
3950.0,0.0,0,2,2.0
4000.0,0.0,0,2,2.0
4050.0,0.0,0,2,2.0
4100.0,0.0,0,2,2.0
4150.0,0.0,0,3,3.0
4200.0,0.0,0,2,2.0
4250.0,0.0,0,2,2.0
4300.0,0.0,0,3,3.0
4350.0,0.0,0,3,3.0
4400.0,0.0,0,2,2.0
4450.0,0.0,0,1,1.0
4500.0,0.0,0,1,1.0
4550.0,0.0,0,1,1.0
100.0,50.0,0,1,1.0
150.0,50.0,0,2,2.0
200.0,50.0,0,2,2.0
250.0,50.0,0,2,2.0
300.0,50.0,1,2,2.0
350.0,50.0,1,2,2.0
400.0,50.0,1,2,2.0
450.0,50.0,1,2,2.0
500.0,50.0,1,2,2.0
550.0,50.0,1,2,2.0
600.0,50.0,1,2,2.0
650.0,50.0,1,2,2.0
700.0,50.0,1,2,2.0
750.0,50.0,1,1,1.0
800.0,50.0,1,1,1.0
850.0,50.0,1,1,1.0
900.0,50.0,1,1,1.0
950.0,50.0,1,2,2.0
1000.0,50.0,0,2,2.0
1050.0,50.0,0,2,2.0
1100.0,50.0,1,3,3.0
1150.0,50.0,1,3,3.0
1200.0,50.0,1,3,3.0
1250.0,50.0,1,3,3.0
1300.0,50.0,1,3,3.0
1350.0,50.0,1,3,3.0
1400.0,50.0,1,3,3.0
1450.0,50.0,1,3,3.0
1500.0,50.0,1,3,3.0
1550.0,50.0,1,3,3.0
1600.0,50.0,1,3,3.0
1650.0,50.0,1,4,4.0
1700.0,50.0,2,4,4.0
1750.0,50.0,1,3,3.0
1800.0,50.0,1,3,3.0
1850.0,50.0,1,3,3.0
1900.0,50.0,1,2,2.0
1950.0,50.0,1,2,2.0
2000.0,50.0,1,2,2.0
2050.0,50.0,1,2,2.0
2100.0,50.0,1,2,2.0
2150.0,50.0,1,2,2.0
2200.0,50.0,1,3,3.0
2250.0,50.0,1,3,3.0
2300.0,50.0,1,3,3.0
2350.0,50.0,1,3,3.0
2400.0,50.0,1,3,3.0
2450.0,50.0,1,3,3.0
2500.0,50.0,1,4,4.0
2550.0,50.0,1,4,4.0
2600.0,50.0,2,4,4.0
2650.0,50.0,1,4,4.0
2700.0,50.0,1,4,4.0
2750.0,50.0,1,4,4.0
2800.0,50.0,1,4,4.0
2850.0,50.0,1,3,3.0
2900.0,50.0,1,3,3.0
2950.0,50.0,1,3,3.0
3000.0,50.0,1,3,3.0
3050.0,50.0,1,3,3.0
3100.0,50.0,1,3,3.0
3150.0,50.0,1,4,4.0
3200.0,50.0,1,4,4.0
3250.0,50.0,1,4,4.0
3300.0,50.0,1,4,4.0
3350.0,50.0,1,4,4.0
3400.0,50.0,1,5,5.0
3450.0,50.0,1,4,4.0
3500.0,50.0,1,4,4.0
3550.0,50.0,1,4,4.0
3600.0,50.0,1,3,3.0
3650.0,50.0,1,3,3.0
3700.0,50.0,1,3,3.0
3750.0,50.0,1,3,3.0
3800.0,50.0,1,3,3.0
3850.0,50.0,1,3,3.0
3900.0,50.0,1,3,3.0
3950.0,50.0,1,3,3.0
4000.0,50.0,1,3,3.0
4050.0,50.0,1,3,3.0
4100.0,50.0,1,3,3.0
4150.0,50.0,1,3,3.0
4200.0,50.0,1,3,3.0
4250.0,50.0,2,3,3.0
4300.0,50.0,1,3,3.0
4350.0,50.0,1,3,3.0
4400.0,50.0,1,3,3.0
4450.0,50.0,1,3,3.0
4500.0,50.0,0,1,1.0
4550.0,50.0,0,1,1.0
4600.0,50.0,0,1,1.0
50.0,100.0,0,1,1.0
100.0,100.0,0,2,2.0
150.0,100.0,0,2,2.0
200.0,100.0,1,2,2.0
250.0,100.0,1,2,2.0
300.0,100.0,0,2,2.0
350.0,100.0,0,2,2.0
400.0,100.0,0,2,2.0
450.0,100.0,0,2,2.0
500.0,100.0,0,2,2.0
550.0,100.0,1,2,2.0
600.0,100.0,1,2,2.0
650.0,100.0,0,2,2.0
700.0,100.0,0,2,2.0
750.0,100.0,0,2,2.0
800.0,100.0,0,1,1.0
850.0,100.0,0,1,1.0
900.0,100.0,0,2,2.0
950.0,100.0,0,2,2.0
1000.0,100.0,1,2,2.0
1050.0,100.0,2,3,3.0
1100.0,100.0,1,3,3.0
1150.0,100.0,1,3,3.0
1200.0,100.0,1,4,4.0
1250.0,100.0,1,4,4.0
1300.0,100.0,1,4,4.0
1350.0,100.0,1,4,4.0
1400.0,100.0,1,4,4.0
1450.0,100.0,1,4,4.0
1500.0,100.0,1,4,4.0
1550.0,100.0,1,4,4.0
1600.0,100.0,1,4,4.0
1650.0,100.0,1,4,4.0
1700.0,100.0,0,4,4.0
1750.0,100.0,1,4,4.0
1800.0,100.0,1,3,3.0
1850.0,100.0,0,3,3.0
1900.0,100.0,0,3,3.0
1950.0,100.0,0,2,2.0
2000.0,100.0,0,2,2.0
2050.0,100.0,0,2,2.0
2100.0,100.0,0,2,2.0
2150.0,100.0,0,3,3.0
2200.0,100.0,0,3,3.0
2250.0,100.0,1,3,3.0
2300.0,100.0,0,4,4.0
2350.0,100.0,0,4,4.0
2400.0,100.0,0,3,3.0
2450.0,100.0,1,4,4.0
2500.0,100.0,1,4,4.0
2550.0,100.0,1,4,4.0
2600.0,100.0,0,5,5.0
2650.0,100.0,1,5,5.0
2700.0,100.0,0,4,4.0
2750.0,100.0,1,5,5.0
2800.0,100.0,1,5,5.0
2850.0,100.0,1,4,4.0
2900.0,100.0,1,4,4.0
2950.0,100.0,1,4,4.0
3000.0,100.0,1,4,4.0
3050.0,100.0,1,4,4.0
3100.0,100.0,1,4,4.0
3150.0,100.0,1,5,5.0
3200.0,100.0,1,5,5.0
3250.0,100.0,2,5,5.0
3300.0,100.0,2,5,5.0
3350.0,100.0,1,5,5.0
3400.0,100.0,2,5,5.0
3450.0,100.0,2,5,5.0
3500.0,100.0,2,5,5.0
3550.0,100.0,1,5,5.0
3600.0,100.0,1,5,5.0
3650.0,100.0,1,5,5.0
3700.0,100.0,1,5,5.0
3750.0,100.0,1,4,4.0
3800.0,100.0,1,3,3.0
3850.0,100.0,1,3,3.0
3900.0,100.0,1,3,3.0
3950.0,100.0,1,3,3.0
4000.0,100.0,1,3,3.0
4050.0,100.0,1,3,3.0
4100.0,100.0,1,3,3.0
4150.0,100.0,0,3,3.0
4200.0,100.0,1,3,3.0
4250.0,100.0,0,3,3.0
4300.0,100.0,1,3,3.0
4350.0,100.0,1,3,3.0
4400.0,100.0,0,3,3.0
4450.0,100.0,0,3,3.0
4500.0,100.0,1,3,3.0
4550.0,100.0,0,1,1.0
4600.0,100.0,0,1,1.0
4650.0,100.0,0,1,1.0
0.0,150.0,0,1,1.0
50.0,150.0,0,2,2.0
100.0,150.0,0,2,2.0
150.0,150.0,1,2,2.0
200.0,150.0,1,2,2.0
250.0,150.0,1,2,2.0
300.0,150.0,1,2,2.0
350.0,150.0,1,2,2.0
400.0,150.0,1,2,2.0
450.0,150.0,1,2,2.0
500.0,150.0,1,2,2.0
550.0,150.0,0,2,2.0
600.0,150.0,0,2,2.0
650.0,150.0,1,2,2.0
700.0,150.0,0,2,2.0
750.0,150.0,0,2,2.0
800.0,150.0,0,2,2.0
850.0,150.0,0,2,2.0
900.0,150.0,0,2,2.0
950.0,150.0,0,2,2.0
1000.0,150.0,1,3,3.0
1050.0,150.0,0,3,3.0
1100.0,150.0,0,3,3.0
1150.0,150.0,1,5,5.0
1200.0,150.0,1,5,5.0
1250.0,150.0,1,5,5.0
1300.0,150.0,1,5,5.0
1350.0,150.0,1,5,5.0
1400.0,150.0,1,5,5.0
1450.0,150.0,1,5,5.0
1500.0,150.0,1,5,5.0
1550.0,150.0,1,5,5.0
1600.0,150.0,1,5,5.0
1650.0,150.0,1,5,5.0
1700.0,150.0,1,4,4.0
1750.0,150.0,1,4,4.0
1800.0,150.0,1,4,4.0
1850.0,150.0,1,3,3.0
1900.0,150.0,1,3,3.0
1950.0,150.0,1,3,3.0
2000.0,150.0,1,2,2.0
2050.0,150.0,1,2,2.0
2100.0,150.0,1,3,3.0
2150.0,150.0,1,3,3.0
2200.0,150.0,1,3,3.0
2250.0,150.0,1,4,4.0
2300.0,150.0,1,4,4.0
2350.0,150.0,1,4,4.0
2400.0,150.0,2,5,5.0
2450.0,150.0,1,5,5.0
2500.0,150.0,1,5,5.0
2550.0,150.0,1,6,6.0
2600.0,150.0,1,5,5.0
2650.0,150.0,0,5,5.0
2700.0,150.0,2,5,5.0
2750.0,150.0,1,6,6.0
2800.0,150.0,0,6,6.0
2850.0,150.0,1,6,6.0
2900.0,150.0,1,5,5.0
2950.0,150.0,1,5,5.0
3000.0,150.0,1,5,5.0
3050.0,150.0,1,4,4.0
3100.0,150.0,1,5,5.0
3150.0,150.0,1,5,5.0
3200.0,150.0,2,5,5.0
3250.0,150.0,1,5,5.0
3300.0,150.0,1,5,5.0
3350.0,150.0,2,5,5.0
3400.0,150.0,0,5,5.0
3450.0,150.0,1,5,5.0
3500.0,150.0,1,5,5.0
3550.0,150.0,1,5,5.0
3600.0,150.0,1,5,5.0
3650.0,150.0,1,5,5.0
3700.0,150.0,1,5,5.0
3750.0,150.0,1,5,5.0
3800.0,150.0,1,4,4.0
3850.0,150.0,1,4,4.0
3900.0,150.0,1,4,4.0
3950.0,150.0,1,4,4.0
4000.0,150.0,1,3,3.0
4050.0,150.0,1,3,3.0
4100.0,150.0,1,3,3.0
4150.0,150.0,2,3,3.0
4200.0,150.0,1,3,3.0
4250.0,150.0,1,3,3.0
4300.0,150.0,1,3,3.0
4350.0,150.0,1,3,3.0
4400.0,150.0,2,3,3.0
4450.0,150.0,0,3,3.0
4500.0,150.0,0,3,3.0
4550.0,150.0,1,3,3.0
4600.0,150.0,0,1,1.0
4650.0,150.0,0,1,1.0
4700.0,150.0,0,1,1.0
0.0,200.0,0,2,2.0
50.0,200.0,0,2,2.0
100.0,200.0,1,2,2.0
150.0,200.0,1,2,2.0
200.0,200.0,0,2,2.0
250.0,200.0,0,2,2.0
300.0,200.0,0,2,2.0
350.0,200.0,0,1,1.0
400.0,200.0,0,1,1.0
450.0,200.0,0,1,1.0
500.0,200.0,0,1,1.0
550.0,200.0,0,2,2.0
600.0,200.0,0,2,2.0
650.0,200.0,0,1,1.0
700.0,200.0,1,1,1.0
750.0,200.0,0,1,1.0
800.0,200.0,0,2,2.0
850.0,200.0,0,2,2.0
900.0,200.0,0,1,1.0
950.0,200.0,1,3,3.0
1000.0,200.0,0,3,3.0
1050.0,200.0,0,3,3.0
1100.0,200.0,1,5,5.0
1150.0,200.0,0,4,4.0
1200.0,200.0,0,4,4.0
1250.0,200.0,1,4,4.0
1300.0,200.0,1,4,4.0
1350.0,200.0,1,4,4.0
1400.0,200.0,1,4,4.0
1450.0,200.0,1,4,4.0
1500.0,200.0,1,4,4.0
1550.0,200.0,1,4,4.0
1600.0,200.0,1,4,4.0
1650.0,200.0,1,4,4.0
1700.0,200.0,1,5,5.0
1750.0,200.0,0,3,3.0
1800.0,200.0,0,3,3.0
1850.0,200.0,1,3,3.0
1900.0,200.0,0,2,2.0
1950.0,200.0,0,2,2.0
2000.0,200.0,0,2,2.0
2050.0,200.0,0,2,2.0
2100.0,200.0,0,2,2.0
2150.0,200.0,0,2,2.0
2200.0,200.0,1,3,3.0
2250.0,200.0,0,3,3.0
2300.0,200.0,1,3,3.0
2350.0,200.0,1,4,4.0
2400.0,200.0,0,4,4.0
2450.0,200.0,0,4,4.0
2500.0,200.0,1,5,5.0
2550.0,200.0,1,5,5.0
2600.0,200.0,1,6,6.0
2650.0,200.0,2,5,5.0
2700.0,200.0,1,5,5.0
2750.0,200.0,1,6,6.0
2800.0,200.0,2,6,6.0
2850.0,200.0,1,5,5.0
2900.0,200.0,1,5,5.0
2950.0,200.0,1,4,4.0
3000.0,200.0,1,4,4.0
3050.0,200.0,1,5,5.0
3100.0,200.0,1,4,4.0
3150.0,200.0,1,4,4.0
3200.0,200.0,1,4,4.0
3250.0,200.0,1,4,4.0
3300.0,200.0,1,4,4.0
3350.0,200.0,1,4,4.0
3400.0,200.0,2,5,5.0
3450.0,200.0,1,5,5.0
3500.0,200.0,1,4,4.0
3550.0,200.0,2,4,4.0
3600.0,200.0,2,4,4.0
3650.0,200.0,2,4,4.0
3700.0,200.0,1,4,4.0
3750.0,200.0,0,4,4.0
3800.0,200.0,0,4,4.0
3850.0,200.0,0,3,3.0
3900.0,200.0,0,3,3.0
3950.0,200.0,0,3,3.0
4000.0,200.0,0,3,3.0
4050.0,200.0,0,2,2.0
4100.0,200.0,0,2,2.0
4150.0,200.0,0,2,2.0
4200.0,200.0,0,2,2.0
4250.0,200.0,0,3,3.0
4300.0,200.0,0,2,2.0
4350.0,200.0,0,2,2.0
4400.0,200.0,0,2,2.0
4450.0,200.0,2,3,3.0
4500.0,200.0,0,3,3.0
4550.0,200.0,0,3,3.0
4600.0,200.0,1,3,3.0
4650.0,200.0,0,1,1.0
4700.0,200.0,0,1,1.0
4750.0,200.0,0,1,1.0
0.0,250.0,0,2,2.0
50.0,250.0,1,2,2.0
100.0,250.0,1,2,2.0
150.0,250.0,0,2,2.0
200.0,250.0,0,2,2.0
550.0,250.0,0,1,1.0
600.0,250.0,0,1,1.0
650.0,250.0,0,1,1.0
700.0,250.0,0,1,1.0
750.0,250.0,1,2,2.0
800.0,250.0,0,2,2.0
850.0,250.0,0,2,2.0
900.0,250.0,1,3,3.0
950.0,250.0,0,2,2.0
1000.0,250.0,0,2,2.0
1050.0,250.0,1,4,4.0
1100.0,250.0,0,3,3.0
1150.0,250.0,0,3,3.0
1200.0,250.0,2,4,4.0
1250.0,250.0,1,4,4.0
1300.0,250.0,1,4,4.0
1350.0,250.0,1,4,4.0
1400.0,250.0,1,4,4.0
1450.0,250.0,1,4,4.0
1500.0,250.0,1,4,4.0
1550.0,250.0,1,4,4.0
1600.0,250.0,1,4,4.0
1650.0,250.0,0,4,4.0
1700.0,250.0,0,4,4.0
1750.0,250.0,1,5,5.0
1800.0,250.0,0,4,4.0
1850.0,250.0,0,4,4.0
1900.0,250.0,1,4,4.0
1950.0,250.0,0,3,3.0
2000.0,250.0,0,4,4.0
2050.0,250.0,0,4,4.0
2100.0,250.0,0,3,3.0
2150.0,250.0,1,4,4.0
2200.0,250.0,0,4,4.0
2250.0,250.0,0,4,4.0
2300.0,250.0,1,5,5.0
2350.0,250.0,1,5,5.0
2400.0,250.0,1,5,5.0
2450.0,250.0,1,6,6.0
2500.0,250.0,1,5,5.0
2550.0,250.0,0,5,5.0
2600.0,250.0,1,5,5.0
2650.0,250.0,1,6,6.0
2700.0,250.0,1,6,6.0
2750.0,250.0,1,6,6.0
2800.0,250.0,2,5,5.0
2850.0,250.0,1,4,4.0
2900.0,250.0,1,4,4.0
2950.0,250.0,1,4,4.0
3000.0,250.0,0,4,4.0
3050.0,250.0,0,4,4.0
3100.0,250.0,0,4,4.0
3150.0,250.0,1,3,3.0
3200.0,250.0,0,3,3.0
3250.0,250.0,0,3,3.0
3300.0,250.0,0,3,3.0
3350.0,250.0,0,3,3.0
3400.0,250.0,0,3,3.0
3450.0,250.0,0,3,3.0
3500.0,250.0,0,3,3.0
3550.0,250.0,0,3,3.0
3600.0,250.0,0,3,3.0
3650.0,250.0,0,3,3.0
3700.0,250.0,1,3,3.0
3750.0,250.0,1,3,3.0
3800.0,250.0,1,3,3.0
3850.0,250.0,1,3,3.0
3900.0,250.0,1,3,3.0
3950.0,250.0,0,2,2.0
4000.0,250.0,0,2,2.0
4050.0,250.0,0,2,2.0
4100.0,250.0,0,2,2.0
4400.0,250.0,0,2,2.0
4450.0,250.0,0,2,2.0
4500.0,250.0,2,3,3.0
4550.0,250.0,0,3,3.0
4600.0,250.0,0,3,3.0
4650.0,250.0,1,2,2.0
4700.0,250.0,0,1,1.0
4750.0,250.0,0,1,1.0
4800.0,250.0,0,1,1.0
0.0,300.0,0,2,2.0
50.0,300.0,1,2,2.0
100.0,300.0,1,2,2.0
150.0,300.0,0,2,2.0
650.0,300.0,0,1,1.0
700.0,300.0,0,2,2.0
750.0,300.0,0,2,2.0
800.0,300.0,1,2,2.0
850.0,300.0,1,2,2.0
900.0,300.0,0,3,3.0
950.0,300.0,0,3,3.0
1000.0,300.0,1,4,4.0
1050.0,300.0,0,3,3.0
1100.0,300.0,0,3,3.0
1150.0,300.0,2,4,4.0
1200.0,300.0,0,3,3.0
1250.0,300.0,0,3,3.0
1300.0,300.0,0,4,4.0
1350.0,300.0,0,4,4.0
1400.0,300.0,0,4,4.0
1450.0,300.0,0,4,4.0
1500.0,300.0,0,4,4.0
1550.0,300.0,0,3,3.0
1600.0,300.0,0,3,3.0
1650.0,300.0,1,4,4.0
1700.0,300.0,0,4,4.0
1750.0,300.0,0,3,3.0
1800.0,300.0,1,4,4.0
1850.0,300.0,0,3,3.0
1900.0,300.0,0,3,3.0
1950.0,300.0,1,4,4.0
2000.0,300.0,0,3,3.0
2050.0,300.0,0,3,3.0
2100.0,300.0,1,4,4.0
2150.0,300.0,0,3,3.0
2200.0,300.0,0,3,3.0
2250.0,300.0,1,4,4.0
2300.0,300.0,0,4,4.0
2350.0,300.0,0,4,4.0
2400.0,300.0,1,5,5.0
2450.0,300.0,1,4,4.0
2500.0,300.0,0,5,5.0
2550.0,300.0,2,5,5.0
2600.0,300.0,1,5,5.0
2650.0,300.0,0,6,6.0
2700.0,300.0,1,7,7.0
2750.0,300.0,1,5,5.0
2800.0,300.0,0,5,5.0
2850.0,300.0,1,5,5.0
2900.0,300.0,0,3,3.0
2950.0,300.0,0,4,4.0
3000.0,300.0,1,4,4.0
3050.0,300.0,0,3,3.0
3100.0,300.0,1,3,3.0
3150.0,300.0,0,3,3.0
3200.0,300.0,0,2,2.0
3650.0,300.0,0,2,2.0
3700.0,300.0,0,2,2.0
3750.0,300.0,1,2,2.0
3800.0,300.0,0,2,2.0
3850.0,300.0,0,2,2.0
3900.0,300.0,0,2,2.0
3950.0,300.0,1,2,2.0
4000.0,300.0,0,1,1.0
4050.0,300.0,0,1,1.0
4450.0,300.0,0,2,2.0
4500.0,300.0,1,2,2.0
4550.0,300.0,1,3,3.0
4600.0,300.0,0,3,3.0
4650.0,300.0,0,2,2.0
4700.0,300.0,1,2,2.0
4750.0,300.0,0,1,1.0
4800.0,300.0,0,1,1.0
4850.0,300.0,0,1,1.0
0.0,350.0,0,2,2.0
50.0,350.0,2,2,2.0
100.0,350.0,0,2,2.0
150.0,350.0,0,2,2.0
650.0,350.0,0,1,1.0
700.0,350.0,0,2,2.0
750.0,350.0,0,2,2.0
800.0,350.0,1,2,2.0
850.0,350.0,1,2,2.0
900.0,350.0,0,3,3.0
950.0,350.0,0,4,4.0
1000.0,350.0,1,4,4.0
1050.0,350.0,0,4,4.0
1100.0,350.0,2,5,5.0
1150.0,350.0,0,5,5.0
1200.0,350.0,0,4,4.0
1250.0,350.0,1,5,5.0
1300.0,350.0,1,4,4.0
1350.0,350.0,1,4,4.0
1400.0,350.0,1,4,4.0
1450.0,350.0,1,4,4.0
1500.0,350.0,1,4,4.0
1550.0,350.0,1,4,4.0
1600.0,350.0,1,3,3.0
1650.0,350.0,1,3,3.0
1700.0,350.0,2,4,4.0
1750.0,350.0,1,4,4.0
1800.0,350.0,1,4,4.0
1850.0,350.0,2,5,5.0
1900.0,350.0,1,5,5.0
1950.0,350.0,1,5,5.0
2000.0,350.0,2,5,5.0
2050.0,350.0,2,5,5.0
2100.0,350.0,1,5,5.0
2150.0,350.0,1,5,5.0
2200.0,350.0,2,5,5.0
2250.0,350.0,1,4,4.0
2300.0,350.0,1,5,5.0
2350.0,350.0,2,6,6.0
2400.0,350.0,1,5,5.0
2450.0,350.0,1,5,5.0
2500.0,350.0,2,6,6.0
2550.0,350.0,1,5,5.0
2600.0,350.0,1,7,7.0
2650.0,350.0,1,6,6.0
2700.0,350.0,0,5,5.0
2750.0,350.0,1,6,6.0
2800.0,350.0,0,5,5.0
2850.0,350.0,0,3,3.0
2900.0,350.0,1,4,4.0
2950.0,350.0,0,3,3.0
3000.0,350.0,0,3,3.0
3050.0,350.0,2,3,3.0
3100.0,350.0,0,3,3.0
3150.0,350.0,0,3,3.0
3200.0,350.0,0,2,2.0
3700.0,350.0,0,2,2.0
3750.0,350.0,0,2,2.0
3800.0,350.0,1,2,2.0
3850.0,350.0,1,2,2.0
3900.0,350.0,0,2,2.0
3950.0,350.0,1,2,2.0
4000.0,350.0,0,2,2.0
4450.0,350.0,0,2,2.0
4500.0,350.0,1,2,2.0
4550.0,350.0,0,2,2.0
4600.0,350.0,1,3,3.0
4650.0,350.0,0,2,2.0
4700.0,350.0,0,2,2.0
4750.0,350.0,1,2,2.0
4800.0,350.0,0,1,1.0
4850.0,350.0,0,1,1.0
4900.0,350.0,0,1,1.0
0.0,400.0,0,2,2.0
50.0,400.0,2,2,2.0
100.0,400.0,0,2,2.0
650.0,400.0,0,1,1.0
700.0,400.0,0,1,1.0
750.0,400.0,1,2,2.0
800.0,400.0,0,2,2.0
850.0,400.0,0,2,2.0
900.0,400.0,1,4,4.0
950.0,400.0,0,3,3.0
1000.0,400.0,0,4,4.0
1050.0,400.0,2,4,4.0
1100.0,400.0,1,5,5.0
1150.0,400.0,0,6,6.0
1200.0,400.0,1,7,7.0
1250.0,400.0,0,4,4.0
1300.0,400.0,0,3,3.0
1350.0,400.0,1,4,4.0
1400.0,400.0,1,4,4.0
1450.0,400.0,1,4,4.0
1500.0,400.0,0,3,3.0
1550.0,400.0,0,3,3.0
1600.0,400.0,0,4,4.0
1650.0,400.0,0,3,3.0
1700.0,400.0,0,3,3.0
1750.0,400.0,1,4,4.0
1800.0,400.0,0,4,4.0
1850.0,400.0,0,5,5.0
1900.0,400.0,1,6,6.0
1950.0,400.0,0,5,5.0
2000.0,400.0,1,6,6.0
2050.0,400.0,1,6,6.0
2100.0,400.0,0,5,5.0
2150.0,400.0,1,6,6.0
2200.0,400.0,0,5,5.0
2250.0,400.0,0,5,5.0
2300.0,400.0,1,6,6.0
2350.0,400.0,0,5,5.0
2400.0,400.0,0,6,6.0
2450.0,400.0,1,6,6.0
2500.0,400.0,0,5,5.0
2550.0,400.0,0,6,6.0
2600.0,400.0,0,6,6.0
2650.0,400.0,1,5,5.0
2700.0,400.0,1,4,4.0
2750.0,400.0,0,4,4.0
2800.0,400.0,1,5,5.0
2850.0,400.0,0,4,4.0
2900.0,400.0,0,3,3.0
2950.0,400.0,1,4,4.0
3000.0,400.0,1,3,3.0
3050.0,400.0,0,3,3.0
3100.0,400.0,1,3,3.0
3150.0,400.0,0,3,3.0
3200.0,400.0,0,2,2.0
3750.0,400.0,0,1,1.0
3800.0,400.0,0,1,1.0
3850.0,400.0,0,2,2.0
3900.0,400.0,1,2,2.0
3950.0,400.0,1,2,2.0
4000.0,400.0,0,2,2.0
4450.0,400.0,0,1,1.0
4500.0,400.0,1,2,2.0
4550.0,400.0,0,2,2.0
4600.0,400.0,0,2,2.0
4650.0,400.0,1,3,3.0
4700.0,400.0,0,2,2.0
4750.0,400.0,0,2,2.0
4800.0,400.0,1,2,2.0
4850.0,400.0,0,1,1.0
4900.0,400.0,0,1,1.0
0.0,450.0,0,2,2.0
50.0,450.0,2,2,2.0
100.0,450.0,0,2,2.0
650.0,450.0,0,1,1.0
700.0,450.0,0,1,1.0
750.0,450.0,0,1,1.0
800.0,450.0,1,2,2.0
850.0,450.0,0,3,3.0
900.0,450.0,0,3,3.0
950.0,450.0,1,4,4.0
1000.0,450.0,2,6,6.0
1050.0,450.0,1,6,6.0
1100.0,450.0,2,8,8.0
1150.0,450.0,1,17,17.0
1200.0,450.0,1,16,16.0
1250.0,450.0,1,16,16.0
1300.0,450.0,2,7,7.0
1350.0,450.0,1,6,6.0
1400.0,450.0,1,5,5.0
1450.0,450.0,1,5,5.0
1500.0,450.0,2,5,5.0
1550.0,450.0,1,4,4.0
1600.0,450.0,1,4,4.0
1650.0,450.0,1,5,5.0
1700.0,450.0,1,4,4.0
1750.0,450.0,1,4,4.0
1800.0,450.0,2,6,6.0
1850.0,450.0,1,6,6.0
1900.0,450.0,1,6,6.0
1950.0,450.0,3,8,8.0
2000.0,450.0,1,7,7.0
2050.0,450.0,1,7,7.0
2100.0,450.0,3,8,8.0
2150.0,450.0,1,6,6.0
2200.0,450.0,1,7,7.0
2250.0,450.0,2,8,8.0
2300.0,450.0,1,6,6.0
2350.0,450.0,1,6,6.0
2400.0,450.0,2,6,6.0
2450.0,450.0,1,5,5.0
2500.0,450.0,1,6,6.0
2550.0,450.0,2,6,6.0
2600.0,450.0,1,5,5.0
2650.0,450.0,1,6,6.0
2700.0,450.0,2,6,6.0
2750.0,450.0,1,4,4.0
2800.0,450.0,0,4,4.0
2850.0,450.0,1,5,5.0
2900.0,450.0,0,4,4.0
2950.0,450.0,1,3,3.0
3000.0,450.0,1,4,4.0
3050.0,450.0,1,4,4.0
3100.0,450.0,1,4,4.0
3150.0,450.0,1,3,3.0
3200.0,450.0,0,2,2.0
3250.0,450.0,0,2,2.0
3850.0,450.0,0,2,2.0
3900.0,450.0,0,2,2.0
3950.0,450.0,2,2,2.0
4000.0,450.0,0,2,2.0
4450.0,450.0,0,1,1.0
4500.0,450.0,0,1,1.0
4550.0,450.0,1,2,2.0
4600.0,450.0,0,3,3.0
4650.0,450.0,0,3,3.0
4700.0,450.0,1,2,2.0
4750.0,450.0,1,2,2.0
4800.0,450.0,0,2,2.0
4850.0,450.0,0,2,2.0
4900.0,450.0,0,1,1.0
0.0,500.0,0,2,2.0
50.0,500.0,2,2,2.0
100.0,500.0,0,2,2.0
700.0,500.0,0,1,1.0
750.0,500.0,0,1,1.0
800.0,500.0,0,2,2.0
850.0,500.0,1,3,3.0
900.0,500.0,0,3,3.0
950.0,500.0,1,4,4.0
1000.0,500.0,0,5,5.0
1050.0,500.0,0,6,6.0
1100.0,500.0,1,17,17.0
1150.0,500.0,1,16,16.0
1200.0,500.0,3,16,16.0
1250.0,500.0,1,16,16.0
1300.0,500.0,0,16,16.0
1350.0,500.0,0,5,5.0
1400.0,500.0,1,6,6.0
1450.0,500.0,0,5,5.0
1500.0,500.0,0,5,5.0
1550.0,500.0,1,5,5.0
1600.0,500.0,0,4,4.0
1650.0,500.0,0,4,4.0
1700.0,500.0,0,5,5.0
1750.0,500.0,0,5,5.0
1800.0,500.0,0,5,5.0
1850.0,500.0,1,5,5.0
1900.0,500.0,1,6,6.0
1950.0,500.0,0,6,6.0
2000.0,500.0,1,7,7.0
2050.0,500.0,1,7,7.0
2100.0,500.0,0,7,7.0
2150.0,500.0,1,8,8.0
2200.0,500.0,1,8,8.0
2250.0,500.0,0,7,7.0
2300.0,500.0,1,7,7.0
2350.0,500.0,2,6,6.0
2400.0,500.0,1,5,5.0
2450.0,500.0,1,6,6.0
2500.0,500.0,1,6,6.0
2550.0,500.0,0,5,5.0
2600.0,500.0,2,6,6.0
2650.0,500.0,1,5,5.0
2700.0,500.0,0,5,5.0
2750.0,500.0,1,6,6.0
2800.0,500.0,1,5,5.0
2850.0,500.0,0,5,5.0
2900.0,500.0,2,6,6.0
2950.0,500.0,0,5,5.0
3000.0,500.0,0,4,4.0
3050.0,500.0,0,5,5.0
3100.0,500.0,0,3,3.0
3150.0,500.0,1,3,3.0
3200.0,500.0,1,3,3.0
3250.0,500.0,0,3,3.0
3300.0,500.0,0,3,3.0
3850.0,500.0,0,2,2.0
3900.0,500.0,0,2,2.0
3950.0,500.0,2,2,2.0
4000.0,500.0,0,2,2.0
4050.0,500.0,0,2,2.0
4450.0,500.0,0,1,1.0
4500.0,500.0,0,1,1.0
4550.0,500.0,1,2,2.0
4600.0,500.0,0,3,3.0
4650.0,500.0,0,3,3.0
4700.0,500.0,1,2,2.0
4750.0,500.0,1,2,2.0
4800.0,500.0,0,2,2.0
4850.0,500.0,0,2,2.0
4900.0,500.0,0,1,1.0
0.0,550.0,0,2,2.0
50.0,550.0,2,2,2.0
100.0,550.0,0,2,2.0
150.0,550.0,0,2,2.0
750.0,550.0,0,2,2.0
800.0,550.0,0,2,2.0
850.0,550.0,0,2,2.0
900.0,550.0,2,4,4.0
950.0,550.0,1,5,5.0
1000.0,550.0,1,6,6.0
1050.0,550.0,2,6,6.0
1100.0,550.0,2,16,16.0
1150.0,550.0,3,16,16.0
1200.0,550.0,16,16,16.0
1250.0,550.0,3,16,16.0
1300.0,550.0,3,16,16.0
1350.0,550.0,2,6,6.0
1400.0,550.0,1,6,6.0
1450.0,550.0,2,7,7.0
1500.0,550.0,1,6,6.0
1550.0,550.0,1,6,6.0
1600.0,550.0,2,6,6.0
1650.0,550.0,1,5,5.0
1700.0,550.0,1,6,6.0
1750.0,550.0,1,6,6.0
1800.0,550.0,1,5,5.0
1850.0,550.0,2,6,6.0
1900.0,550.0,2,7,7.0
1950.0,550.0,1,6,6.0
2000.0,550.0,2,7,7.0
2050.0,550.0,2,8,8.0
2100.0,550.0,1,8,8.0
2150.0,550.0,2,9,9.0
2200.0,550.0,2,8,8.0
2250.0,550.0,2,7,7.0
2300.0,550.0,2,8,8.0
2350.0,550.0,1,7,7.0
2400.0,550.0,1,6,6.0
2450.0,550.0,1,7,7.0
2500.0,550.0,1,6,6.0
2550.0,550.0,1,6,6.0
2600.0,550.0,0,5,5.0
2650.0,550.0,1,6,6.0
2700.0,550.0,1,6,6.0
2750.0,550.0,0,5,5.0
2800.0,550.0,1,6,6.0
2850.0,550.0,2,5,5.0
2900.0,550.0,0,5,5.0
2950.0,550.0,1,7,7.0
3000.0,550.0,1,6,6.0
3050.0,550.0,1,5,5.0
3100.0,550.0,1,5,5.0
3150.0,550.0,1,3,3.0
3200.0,550.0,1,3,3.0
3250.0,550.0,0,3,3.0
3300.0,550.0,0,3,3.0
3350.0,550.0,0,2,2.0
3900.0,550.0,0,2,2.0
3950.0,550.0,1,2,2.0
4000.0,550.0,1,2,2.0
4050.0,550.0,0,2,2.0
4450.0,550.0,0,1,1.0
4500.0,550.0,0,1,1.0
4550.0,550.0,1,2,2.0
4600.0,550.0,0,2,2.0
4650.0,550.0,1,3,3.0
4700.0,550.0,0,2,2.0
4750.0,550.0,0,2,2.0
4800.0,550.0,1,2,2.0
4850.0,550.0,0,1,1.0
4900.0,550.0,0,1,1.0
4950.0,550.0,0,1,1.0
0.0,600.0,0,2,2.0
50.0,600.0,2,2,2.0
100.0,600.0,0,2,2.0
150.0,600.0,0,2,2.0
200.0,600.0,0,1,1.0
750.0,600.0,0,1,1.0
800.0,600.0,0,2,2.0
850.0,600.0,1,4,4.0
900.0,600.0,0,4,4.0
950.0,600.0,0,4,4.0
1000.0,600.0,1,4,4.0
1050.0,600.0,0,4,4.0
1100.0,600.0,0,16,16.0
1150.0,600.0,0,16,16.0
1200.0,600.0,5,16,16.0
1250.0,600.0,0,17,17.0
1300.0,600.0,0,17,17.0
1350.0,600.0,1,6,6.0
1400.0,600.0,0,5,5.0
1450.0,600.0,1,5,5.0
1500.0,600.0,2,6,6.0
1550.0,600.0,1,5,5.0
1600.0,600.0,1,5,5.0
1650.0,600.0,2,5,5.0
1700.0,600.0,1,5,5.0
1750.0,600.0,1,5,5.0
1800.0,600.0,1,6,6.0
1850.0,600.0,0,5,5.0
1900.0,600.0,0,5,5.0
1950.0,600.0,2,7,7.0
2000.0,600.0,0,6,6.0
2050.0,600.0,0,7,7.0
2100.0,600.0,2,9,9.0
2150.0,600.0,1,8,8.0
2200.0,600.0,1,8,8.0
2250.0,600.0,3,9,9.0
2300.0,600.0,1,7,7.0
2350.0,600.0,1,7,7.0
2400.0,600.0,1,7,7.0
2450.0,600.0,1,6,6.0
2500.0,600.0,1,6,6.0
2550.0,600.0,1,7,7.0
2600.0,600.0,1,6,6.0
2650.0,600.0,1,7,7.0
2700.0,600.0,1,7,7.0
2750.0,600.0,1,6,6.0
2800.0,600.0,1,6,6.0
2850.0,600.0,1,7,7.0
2900.0,600.0,2,7,7.0
2950.0,600.0,1,6,6.0
3000.0,600.0,1,5,5.0
3050.0,600.0,0,5,5.0
3100.0,600.0,0,5,5.0
3150.0,600.0,1,5,5.0
3200.0,600.0,2,5,5.0
3250.0,600.0,2,4,4.0
3300.0,600.0,0,4,4.0
3350.0,600.0,0,3,3.0
3400.0,600.0,0,2,2.0
3850.0,600.0,0,1,1.0
3900.0,600.0,0,2,2.0
3950.0,600.0,1,2,2.0
4000.0,600.0,1,2,2.0
4050.0,600.0,0,2,2.0
4100.0,600.0,0,2,2.0
4150.0,600.0,0,1,1.0
4450.0,600.0,0,1,1.0
4500.0,600.0,0,1,1.0
4550.0,600.0,1,2,2.0
4600.0,600.0,0,2,2.0
4650.0,600.0,0,2,2.0
4700.0,600.0,1,3,3.0
4750.0,600.0,0,2,2.0
4800.0,600.0,0,2,2.0
4850.0,600.0,1,2,2.0
4900.0,600.0,0,1,1.0
4950.0,600.0,0,1,1.0
5000.0,600.0,0,1,1.0
0.0,650.0,0,2,2.0
50.0,650.0,1,2,2.0
100.0,650.0,1,2,2.0
150.0,650.0,0,2,2.0
200.0,650.0,0,1,1.0
250.0,650.0,0,1,1.0
800.0,650.0,0,3,3.0
850.0,650.0,1,4,4.0
900.0,650.0,0,4,4.0
950.0,650.0,1,5,5.0
1000.0,650.0,1,4,4.0
1050.0,650.0,1,4,4.0
1100.0,650.0,1,9,9.0
1150.0,650.0,1,17,17.0
1200.0,650.0,2,17,17.0
1250.0,650.0,2,17,17.0
1300.0,650.0,1,9,9.0
1350.0,650.0,1,7,7.0
1400.0,650.0,2,6,6.0
1450.0,650.0,1,6,6.0
1500.0,650.0,1,6,6.0
1550.0,650.0,2,7,7.0
1600.0,650.0,1,6,6.0
1650.0,650.0,1,6,6.0
1700.0,650.0,1,6,6.0
1750.0,650.0,0,6,6.0
1800.0,650.0,1,6,6.0
1850.0,650.0,2,6,6.0
1900.0,650.0,1,6,6.0
1950.0,650.0,0,7,7.0
2000.0,650.0,1,8,8.0
2050.0,650.0,1,9,9.0
2100.0,650.0,1,9,9.0
2150.0,650.0,2,10,10.0
2200.0,650.0,2,10,10.0
2250.0,650.0,0,9,9.0
2300.0,650.0,1,9,9.0
2350.0,650.0,1,7,7.0
2400.0,650.0,1,6,6.0
2450.0,650.0,1,6,6.0
2500.0,650.0,2,6,6.0
2550.0,650.0,1,6,6.0
2600.0,650.0,1,8,8.0
2650.0,650.0,0,6,6.0
2700.0,650.0,0,6,6.0
2750.0,650.0,2,7,7.0
2800.0,650.0,1,7,7.0
2850.0,650.0,1,8,8.0
2900.0,650.0,1,8,8.0
2950.0,650.0,1,6,6.0
3000.0,650.0,1,5,5.0
3050.0,650.0,2,5,5.0
3100.0,650.0,0,5,5.0
3150.0,650.0,0,6,6.0
3200.0,650.0,0,6,6.0
3250.0,650.0,1,5,5.0
3300.0,650.0,2,4,4.0
3350.0,650.0,0,4,4.0
3400.0,650.0,0,3,3.0
3450.0,650.0,0,2,2.0
3850.0,650.0,0,1,1.0
3900.0,650.0,0,2,2.0
3950.0,650.0,0,2,2.0
4000.0,650.0,1,2,2.0
4050.0,650.0,1,2,2.0
4100.0,650.0,0,2,2.0
4150.0,650.0,0,2,2.0
4200.0,650.0,0,1,1.0
4250.0,650.0,0,1,1.0
4300.0,650.0,0,1,1.0
4450.0,650.0,0,1,1.0
4500.0,650.0,0,1,1.0
4550.0,650.0,0,1,1.0
4600.0,650.0,1,2,2.0
4650.0,650.0,0,2,2.0
4700.0,650.0,0,2,2.0
4750.0,650.0,1,3,3.0
4800.0,650.0,0,2,2.0
4850.0,650.0,0,2,2.0
4900.0,650.0,1,2,2.0
4950.0,650.0,0,1,1.0
5000.0,650.0,0,1,1.0
0.0,700.0,0,2,2.0
50.0,700.0,1,2,2.0
100.0,700.0,0,2,2.0
150.0,700.0,1,2,2.0
200.0,700.0,0,1,1.0
250.0,700.0,0,1,1.0
650.0,700.0,0,1,1.0
800.0,700.0,0,3,3.0
850.0,700.0,1,3,3.0
900.0,700.0,2,4,4.0
950.0,700.0,1,4,4.0
1000.0,700.0,0,4,4.0
1050.0,700.0,0,3,3.0
1100.0,700.0,0,4,4.0
1150.0,700.0,0,6,6.0
1200.0,700.0,1,6,6.0
1250.0,700.0,1,6,6.0
1300.0,700.0,2,7,7.0
1350.0,700.0,1,6,6.0
1400.0,700.0,1,6,6.0
1450.0,700.0,1,6,6.0
1500.0,700.0,0,5,5.0
1550.0,700.0,0,5,5.0
1600.0,700.0,1,6,6.0
1650.0,700.0,0,6,6.0
1700.0,700.0,1,6,6.0
1750.0,700.0,1,6,6.0
1800.0,700.0,1,5,5.0
1850.0,700.0,1,6,6.0
1900.0,700.0,1,7,7.0
1950.0,700.0,0,7,7.0
2000.0,700.0,1,8,8.0
2050.0,700.0,2,9,9.0
2100.0,700.0,1,8,8.0
2150.0,700.0,1,9,9.0
2200.0,700.0,2,9,9.0
2250.0,700.0,1,8,8.0
2300.0,700.0,2,8,8.0
2350.0,700.0,1,7,7.0
2400.0,700.0,1,7,7.0
2450.0,700.0,1,6,6.0
2500.0,700.0,1,7,7.0
2550.0,700.0,1,8,8.0
2600.0,700.0,1,7,7.0
2650.0,700.0,2,8,8.0
2700.0,700.0,2,7,7.0
2750.0,700.0,1,7,7.0
2800.0,700.0,2,9,9.0
2850.0,700.0,1,9,9.0
2900.0,700.0,0,8,8.0
2950.0,700.0,2,7,7.0
3000.0,700.0,1,5,5.0
3050.0,700.0,0,5,5.0
3100.0,700.0,2,6,6.0
3150.0,700.0,1,6,6.0
3200.0,700.0,0,6,6.0
3250.0,700.0,1,6,6.0
3300.0,700.0,1,5,5.0
3350.0,700.0,2,4,4.0
3400.0,700.0,0,4,4.0
3450.0,700.0,0,3,3.0
3500.0,700.0,0,2,2.0
3900.0,700.0,0,1,1.0
3950.0,700.0,0,2,2.0
4000.0,700.0,0,2,2.0
4050.0,700.0,2,2,2.0
4100.0,700.0,0,2,2.0
4150.0,700.0,0,2,2.0
4200.0,700.0,0,1,1.0
4250.0,700.0,0,1,1.0
4300.0,700.0,0,1,1.0
4350.0,700.0,0,1,1.0
4500.0,700.0,0,1,1.0
4550.0,700.0,0,1,1.0
4600.0,700.0,0,1,1.0
4650.0,700.0,1,2,2.0
4700.0,700.0,0,2,2.0
4750.0,700.0,0,2,2.0
4800.0,700.0,1,3,3.0
4850.0,700.0,0,2,2.0
4900.0,700.0,0,2,2.0
4950.0,700.0,1,1,1.0
5000.0,700.0,0,1,1.0
0.0,750.0,0,1,1.0
50.0,750.0,1,2,2.0
100.0,750.0,0,2,2.0
150.0,750.0,1,2,2.0
200.0,750.0,0,1,1.0
250.0,750.0,0,1,1.0
550.0,750.0,0,1,1.0
600.0,750.0,0,2,2.0
650.0,750.0,0,2,2.0
700.0,750.0,0,3,3.0
750.0,750.0,0,3,3.0
800.0,750.0,0,3,3.0
850.0,750.0,2,4,4.0
900.0,750.0,1,4,4.0
950.0,750.0,0,4,4.0
1000.0,750.0,1,5,5.0
1050.0,750.0,1,4,4.0
1100.0,750.0,1,4,4.0
1150.0,750.0,1,5,5.0
1200.0,750.0,2,7,7.0
1250.0,750.0,1,6,6.0
1300.0,750.0,1,6,6.0
1350.0,750.0,1,6,6.0
1400.0,750.0,0,6,6.0
1450.0,750.0,0,6,6.0
1500.0,750.0,2,6,6.0
1550.0,750.0,1,5,5.0
1600.0,750.0,1,6,6.0
1650.0,750.0,1,6,6.0
1700.0,750.0,0,6,6.0
1750.0,750.0,2,7,7.0
1800.0,750.0,1,7,7.0
1850.0,750.0,1,7,7.0
1900.0,750.0,0,9,9.0
1950.0,750.0,2,10,10.0
2000.0,750.0,1,9,9.0
2050.0,750.0,1,9,9.0
2100.0,750.0,3,11,11.0
2150.0,750.0,2,9,9.0
2200.0,750.0,2,10,10.0
2250.0,750.0,1,9,9.0
2300.0,750.0,3,8,8.0
2350.0,750.0,1,7,7.0
2400.0,750.0,1,7,7.0
2450.0,750.0,1,7,7.0
2500.0,750.0,1,8,8.0
2550.0,750.0,2,7,7.0
2600.0,750.0,1,7,7.0
2650.0,750.0,1,7,7.0
2700.0,750.0,2,8,8.0
2750.0,750.0,1,9,9.0
2800.0,750.0,1,9,9.0
2850.0,750.0,1,9,9.0
2900.0,750.0,2,8,8.0
2950.0,750.0,0,7,7.0
3000.0,750.0,1,7,7.0
3050.0,750.0,1,7,7.0
3100.0,750.0,0,6,6.0
3150.0,750.0,1,5,5.0
3200.0,750.0,2,5,5.0
3250.0,750.0,0,6,6.0
3300.0,750.0,1,6,6.0
3350.0,750.0,1,5,5.0
3400.0,750.0,2,5,5.0
3450.0,750.0,0,5,5.0
3500.0,750.0,0,4,4.0
3550.0,750.0,0,3,3.0
3600.0,750.0,0,2,2.0
3750.0,750.0,0,1,1.0
3800.0,750.0,0,1,1.0
3850.0,750.0,0,1,1.0
3900.0,750.0,0,1,1.0
3950.0,750.0,0,3,3.0
4000.0,750.0,0,3,3.0
4050.0,750.0,1,3,3.0
4100.0,750.0,1,3,3.0
4150.0,750.0,1,3,3.0
4200.0,750.0,1,2,2.0
4250.0,750.0,1,2,2.0
4300.0,750.0,0,1,1.0
4350.0,750.0,0,1,1.0
4400.0,750.0,0,1,1.0
4550.0,750.0,0,1,1.0
4600.0,750.0,0,1,1.0
4650.0,750.0,0,1,1.0
4700.0,750.0,1,2,2.0
4750.0,750.0,0,2,2.0
4800.0,750.0,1,2,2.0
4850.0,750.0,0,2,2.0
4900.0,750.0,0,2,2.0
4950.0,750.0,1,1,1.0
5000.0,750.0,0,1,1.0
0.0,800.0,0,1,1.0
50.0,800.0,1,2,2.0
100.0,800.0,0,2,2.0
150.0,800.0,1,2,2.0
200.0,800.0,0,1,1.0
250.0,800.0,0,1,1.0
500.0,800.0,0,1,1.0
550.0,800.0,0,2,2.0
600.0,800.0,0,2,2.0
650.0,800.0,0,3,3.0
700.0,800.0,1,3,3.0
750.0,800.0,1,3,3.0
800.0,800.0,2,4,4.0
850.0,800.0,1,4,4.0
900.0,800.0,0,4,4.0
950.0,800.0,1,5,5.0
1000.0,800.0,0,5,5.0
1050.0,800.0,0,3,3.0
1100.0,800.0,0,4,4.0
1150.0,800.0,1,4,4.0
1200.0,800.0,0,5,5.0
1250.0,800.0,0,6,6.0
1300.0,800.0,0,6,6.0
1350.0,800.0,2,6,6.0
1400.0,800.0,2,7,7.0
1450.0,800.0,1,6,6.0
1500.0,800.0,0,5,5.0
1550.0,800.0,1,6,6.0
1600.0,800.0,0,5,5.0
1650.0,800.0,1,7,7.0
1700.0,800.0,2,8,8.0
1750.0,800.0,0,8,8.0
1800.0,800.0,2,9,9.0
1850.0,800.0,1,10,10.0
1900.0,800.0,1,10,10.0
1950.0,800.0,1,12,12.0
2000.0,800.0,2,11,11.0
2050.0,800.0,2,11,11.0
2100.0,800.0,2,11,11.0
2150.0,800.0,0,11,11.0
2200.0,800.0,2,10,10.0
2250.0,800.0,1,8,8.0
2300.0,800.0,1,8,8.0
2350.0,800.0,1,7,7.0
2400.0,800.0,2,7,7.0
2450.0,800.0,2,6,6.0
2500.0,800.0,1,8,8.0
2550.0,800.0,1,7,7.0
2600.0,800.0,2,7,7.0
2650.0,800.0,2,7,7.0
2700.0,800.0,1,8,8.0
2750.0,800.0,1,9,9.0
2800.0,800.0,1,7,7.0
2850.0,800.0,2,7,7.0
2900.0,800.0,2,8,8.0
2950.0,800.0,1,8,8.0
3000.0,800.0,1,8,8.0
3050.0,800.0,1,8,8.0
3100.0,800.0,1,7,7.0
3150.0,800.0,1,7,7.0
3200.0,800.0,1,6,6.0
3250.0,800.0,1,6,6.0
3300.0,800.0,0,7,7.0
3350.0,800.0,1,7,7.0
3400.0,800.0,1,6,6.0
3450.0,800.0,2,5,5.0
3500.0,800.0,1,5,5.0
3550.0,800.0,0,5,5.0
3600.0,800.0,0,4,4.0
3650.0,800.0,0,3,3.0
3700.0,800.0,0,2,2.0
3750.0,800.0,0,1,1.0
3800.0,800.0,0,1,1.0
3850.0,800.0,0,1,1.0
3900.0,800.0,0,1,1.0
3950.0,800.0,0,2,2.0
4000.0,800.0,0,3,3.0
4050.0,800.0,1,3,3.0
4100.0,800.0,0,3,3.0
4150.0,800.0,0,3,3.0
4200.0,800.0,0,2,2.0
4250.0,800.0,0,2,2.0
4300.0,800.0,1,2,2.0
4350.0,800.0,0,1,1.0
4400.0,800.0,0,1,1.0
4450.0,800.0,0,1,1.0
4600.0,800.0,0,1,1.0
4650.0,800.0,0,1,1.0
4700.0,800.0,1,2,2.0
4750.0,800.0,0,2,2.0
4800.0,800.0,1,2,2.0
4850.0,800.0,0,2,2.0
4900.0,800.0,0,2,2.0
4950.0,800.0,1,1,1.0
5000.0,800.0,0,1,1.0
0.0,850.0,0,1,1.0
50.0,850.0,1,2,2.0
100.0,850.0,0,2,2.0
150.0,850.0,1,2,2.0
200.0,850.0,0,1,1.0
250.0,850.0,0,1,1.0
450.0,850.0,0,1,1.0
500.0,850.0,0,1,1.0
550.0,850.0,0,2,2.0
600.0,850.0,1,2,2.0
650.0,850.0,2,3,3.0
700.0,850.0,1,3,3.0
750.0,850.0,2,4,4.0
800.0,850.0,1,4,4.0
850.0,850.0,0,4,4.0
900.0,850.0,1,6,6.0
950.0,850.0,0,5,5.0
1000.0,850.0,0,4,4.0
1050.0,850.0,1,5,5.0
1100.0,850.0,2,5,5.0
1150.0,850.0,1,5,5.0
1200.0,850.0,1,5,5.0
1250.0,850.0,1,6,6.0
1300.0,850.0,1,6,6.0
1350.0,850.0,0,5,5.0
1400.0,850.0,1,5,5.0
1450.0,850.0,1,7,7.0
1500.0,850.0,0,6,6.0
1550.0,850.0,1,8,8.0
1600.0,850.0,1,9,9.0
1650.0,850.0,1,8,8.0
1700.0,850.0,1,9,9.0
1750.0,850.0,2,10,10.0
1800.0,850.0,0,9,9.0
1850.0,850.0,2,10,10.0
1900.0,850.0,2,14,14.0
1950.0,850.0,2,13,13.0
2000.0,850.0,3,15,15.0
2050.0,850.0,4,13,13.0
2100.0,850.0,1,11,11.0
2150.0,850.0,2,11,11.0
2200.0,850.0,2,11,11.0
2250.0,850.0,1,9,9.0
2300.0,850.0,3,9,9.0
2350.0,850.0,2,8,8.0
2400.0,850.0,1,8,8.0
2450.0,850.0,1,7,7.0
2500.0,850.0,0,6,6.0
2550.0,850.0,1,6,6.0
2600.0,850.0,1,6,6.0
2650.0,850.0,1,8,8.0
2700.0,850.0,1,7,7.0
2750.0,850.0,1,6,6.0
2800.0,850.0,2,7,7.0
2850.0,850.0,2,7,7.0
2900.0,850.0,1,7,7.0
2950.0,850.0,2,9,9.0
3000.0,850.0,1,8,8.0
3050.0,850.0,1,8,8.0
3100.0,850.0,2,8,8.0
3150.0,850.0,1,8,8.0
3200.0,850.0,0,7,7.0
3250.0,850.0,1,6,6.0
3300.0,850.0,1,6,6.0
3350.0,850.0,0,7,7.0
3400.0,850.0,1,7,7.0
3450.0,850.0,2,6,6.0
3500.0,850.0,2,6,6.0
3550.0,850.0,2,6,6.0
3600.0,850.0,1,5,5.0
3650.0,850.0,1,4,4.0
3700.0,850.0,1,3,3.0
3750.0,850.0,1,2,2.0
3800.0,850.0,1,2,2.0
3850.0,850.0,1,2,2.0
3900.0,850.0,1,2,2.0
3950.0,850.0,1,3,3.0
4000.0,850.0,1,3,3.0
4050.0,850.0,2,4,4.0
4100.0,850.0,1,4,4.0
4150.0,850.0,1,4,4.0
4200.0,850.0,1,3,3.0
4250.0,850.0,0,2,2.0
4300.0,850.0,0,2,2.0
4350.0,850.0,1,2,2.0
4400.0,850.0,0,1,1.0
4450.0,850.0,0,1,1.0
4500.0,850.0,0,1,1.0
4600.0,850.0,0,1,1.0
4650.0,850.0,0,1,1.0
4700.0,850.0,1,2,2.0
4750.0,850.0,0,2,2.0
4800.0,850.0,1,2,2.0
4850.0,850.0,0,2,2.0
4900.0,850.0,0,2,2.0
4950.0,850.0,1,1,1.0
5000.0,850.0,0,1,1.0
0.0,900.0,0,1,1.0
50.0,900.0,1,2,2.0
100.0,900.0,0,2,2.0
150.0,900.0,1,2,2.0
200.0,900.0,0,1,1.0
250.0,900.0,0,1,1.0
400.0,900.0,0,1,1.0
450.0,900.0,0,1,1.0
500.0,900.0,0,1,1.0
550.0,900.0,1,2,2.0
600.0,900.0,0,2,2.0
650.0,900.0,1,3,3.0
700.0,900.0,0,3,3.0
750.0,900.0,1,4,4.0
800.0,900.0,0,4,4.0
850.0,900.0,1,6,6.0
900.0,900.0,0,5,5.0
950.0,900.0,0,4,4.0
1000.0,900.0,1,5,5.0
1050.0,900.0,1,4,4.0
1100.0,900.0,0,4,4.0
1150.0,900.0,1,4,4.0
1200.0,900.0,1,4,4.0
1250.0,900.0,1,4,4.0
1300.0,900.0,1,5,5.0
1350.0,900.0,1,6,6.0
1400.0,900.0,1,7,7.0
1450.0,900.0,2,7,7.0
1500.0,900.0,2,8,8.0
1550.0,900.0,0,7,7.0
1600.0,900.0,1,9,9.0
1650.0,900.0,2,10,10.0
1700.0,900.0,1,10,10.0
1750.0,900.0,2,12,12.0
1800.0,900.0,3,11,11.0
1850.0,900.0,3,15,15.0
1900.0,900.0,2,14,14.0
1950.0,900.0,2,16,16.0
2000.0,900.0,3,15,15.0
2050.0,900.0,1,15,15.0
2100.0,900.0,3,13,13.0
2150.0,900.0,2,10,10.0
2200.0,900.0,2,10,10.0
2250.0,900.0,2,10,10.0
2300.0,900.0,2,8,8.0
2350.0,900.0,0,7,7.0
2400.0,900.0,0,7,7.0
2450.0,900.0,1,6,6.0
2500.0,900.0,2,6,6.0
2550.0,900.0,1,6,6.0
2600.0,900.0,0,7,7.0
2650.0,900.0,1,7,7.0
2700.0,900.0,1,7,7.0
2750.0,900.0,2,6,6.0
2800.0,900.0,1,8,8.0
2850.0,900.0,1,9,9.0
2900.0,900.0,1,9,9.0
2950.0,900.0,1,7,7.0
3000.0,900.0,1,8,8.0
3050.0,900.0,2,8,8.0
3100.0,900.0,1,8,8.0
3150.0,900.0,1,9,9.0
3200.0,900.0,2,8,8.0
3250.0,900.0,0,7,7.0
3300.0,900.0,1,7,7.0
3350.0,900.0,2,6,6.0
3400.0,900.0,1,8,8.0
3450.0,900.0,1,8,8.0
3500.0,900.0,1,7,7.0
3550.0,900.0,1,6,6.0
3600.0,900.0,2,6,6.0
3650.0,900.0,1,5,5.0
3700.0,900.0,0,4,4.0
3750.0,900.0,0,4,4.0
3800.0,900.0,0,3,3.0
3850.0,900.0,0,2,2.0
3900.0,900.0,0,2,2.0
3950.0,900.0,0,3,3.0
4000.0,900.0,0,3,3.0
4050.0,900.0,1,3,3.0
4100.0,900.0,0,3,3.0
4150.0,900.0,0,3,3.0
4200.0,900.0,0,2,2.0
4250.0,900.0,1,3,3.0
4300.0,900.0,0,2,2.0
4350.0,900.0,0,2,2.0
4400.0,900.0,1,2,2.0
4450.0,900.0,0,1,1.0
4500.0,900.0,0,1,1.0
4550.0,900.0,0,1,1.0
4600.0,900.0,0,1,1.0
4650.0,900.0,0,1,1.0
4700.0,900.0,1,2,2.0
4750.0,900.0,0,2,2.0
4800.0,900.0,1,2,2.0
4850.0,900.0,0,2,2.0
4900.0,900.0,0,2,2.0
4950.0,900.0,1,1,1.0
5000.0,900.0,0,1,1.0
0.0,950.0,0,1,1.0
50.0,950.0,1,2,2.0
100.0,950.0,0,2,2.0
150.0,950.0,1,2,2.0
200.0,950.0,0,1,1.0
250.0,950.0,0,1,1.0
350.0,950.0,0,1,1.0
400.0,950.0,0,1,1.0
450.0,950.0,0,1,1.0
500.0,950.0,1,2,2.0
550.0,950.0,0,2,2.0
600.0,950.0,0,2,2.0
650.0,950.0,1,3,3.0
700.0,950.0,0,3,3.0
750.0,950.0,1,4,4.0
800.0,950.0,0,4,4.0
850.0,950.0,1,6,6.0
900.0,950.0,0,4,4.0
950.0,950.0,2,5,5.0
1000.0,950.0,1,4,4.0
1050.0,950.0,1,5,5.0
1100.0,950.0,2,5,5.0
1150.0,950.0,1,5,5.0
1200.0,950.0,1,5,5.0
1250.0,950.0,1,5,5.0
1300.0,950.0,1,5,5.0
1350.0,950.0,1,6,6.0
1400.0,950.0,1,6,6.0
1450.0,950.0,0,6,6.0
1500.0,950.0,2,6,6.0
1550.0,950.0,2,8,8.0
1600.0,950.0,2,10,10.0
1650.0,950.0,3,13,13.0
1700.0,950.0,3,13,13.0
1750.0,950.0,1,14,14.0
1800.0,950.0,2,22,22.0
1850.0,950.0,1,18,18.0
1900.0,950.0,2,17,17.0
1950.0,950.0,6,17,17.0
2000.0,950.0,2,16,16.0
2050.0,950.0,2,15,15.0
2100.0,950.0,2,12,12.0
2150.0,950.0,2,9,9.0
2200.0,950.0,1,10,10.0
2250.0,950.0,1,9,9.0
2300.0,950.0,2,9,9.0
2350.0,950.0,1,8,8.0
2400.0,950.0,2,7,7.0
2450.0,950.0,1,5,5.0
2500.0,950.0,1,5,5.0
2550.0,950.0,1,6,6.0
2600.0,950.0,2,8,8.0
2650.0,950.0,0,6,6.0
2700.0,950.0,1,6,6.0
2750.0,950.0,1,7,7.0
2800.0,950.0,0,7,7.0
2850.0,950.0,0,9,9.0
2900.0,950.0,1,9,9.0
2950.0,950.0,1,8,8.0
3000.0,950.0,2,8,8.0
3050.0,950.0,1,9,9.0
3100.0,950.0,2,9,9.0
3150.0,950.0,2,9,9.0
3200.0,950.0,1,9,9.0
3250.0,950.0,2,9,9.0
3300.0,950.0,1,8,8.0
3350.0,950.0,1,8,8.0
3400.0,950.0,1,7,7.0
3450.0,950.0,0,8,8.0
3500.0,950.0,1,8,8.0
3550.0,950.0,2,7,7.0
3600.0,950.0,1,6,6.0
3650.0,950.0,1,6,6.0
3700.0,950.0,1,5,5.0
3750.0,950.0,0,4,4.0
3800.0,950.0,0,4,4.0
3850.0,950.0,1,4,4.0
3900.0,950.0,1,3,3.0
3950.0,950.0,1,4,4.0
4000.0,950.0,1,4,4.0
4050.0,950.0,2,5,5.0
4100.0,950.0,1,5,5.0
4150.0,950.0,1,4,4.0
4200.0,950.0,0,2,2.0
4250.0,950.0,0,2,2.0
4300.0,950.0,1,3,3.0
4350.0,950.0,0,2,2.0
4400.0,950.0,0,2,2.0
4450.0,950.0,1,2,2.0
4500.0,950.0,0,1,1.0
4550.0,950.0,0,1,1.0
4600.0,950.0,0,2,2.0
4650.0,950.0,0,1,1.0
4700.0,950.0,1,2,2.0
4750.0,950.0,0,2,2.0
4800.0,950.0,1,2,2.0
4850.0,950.0,0,2,2.0
4900.0,950.0,0,2,2.0
4950.0,950.0,1,1,1.0
5000.0,950.0,0,1,1.0
0.0,1000.0,0,1,1.0
50.0,1000.0,1,2,2.0
100.0,1000.0,0,2,2.0
150.0,1000.0,1,2,2.0
200.0,1000.0,0,1,1.0
250.0,1000.0,0,1,1.0
300.0,1000.0,0,1,1.0
350.0,1000.0,0,1,1.0
400.0,1000.0,0,1,1.0
450.0,1000.0,1,2,2.0
500.0,1000.0,0,2,2.0
550.0,1000.0,0,2,2.0
600.0,1000.0,1,3,3.0
650.0,1000.0,0,2,2.0
700.0,1000.0,0,2,2.0
750.0,1000.0,1,4,4.0
800.0,1000.0,0,4,4.0
850.0,1000.0,1,5,5.0
900.0,1000.0,1,4,4.0
950.0,1000.0,2,5,5.0
1000.0,1000.0,1,5,5.0
1050.0,1000.0,1,5,5.0
1100.0,1000.0,0,4,4.0
1150.0,1000.0,0,4,4.0
1200.0,1000.0,0,4,4.0
1250.0,1000.0,0,5,5.0
1300.0,1000.0,1,5,5.0
1350.0,1000.0,1,5,5.0
1400.0,1000.0,1,6,6.0
1450.0,1000.0,3,8,8.0
1500.0,1000.0,1,8,8.0
1550.0,1000.0,2,9,9.0
1600.0,1000.0,1,10,10.0
1650.0,1000.0,1,12,12.0
1700.0,1000.0,3,15,15.0
1750.0,1000.0,3,50,50.0
1800.0,1000.0,2,50,50.0
1850.0,1000.0,3,50,50.0
1900.0,1000.0,7,21,21.0
1950.0,1000.0,2,19,19.0
2000.0,1000.0,2,16,16.0
2050.0,1000.0,2,14,14.0
2100.0,1000.0,2,10,10.0
2150.0,1000.0,2,10,10.0
2200.0,1000.0,2,11,11.0
2250.0,1000.0,1,9,9.0
2300.0,1000.0,2,9,9.0
2350.0,1000.0,1,7,7.0
2400.0,1000.0,1,6,6.0
2450.0,1000.0,1,6,6.0
2500.0,1000.0,1,6,6.0
2550.0,1000.0,1,7,7.0
2600.0,1000.0,1,6,6.0
2650.0,1000.0,2,7,7.0
2700.0,1000.0,1,7,7.0
2750.0,1000.0,1,7,7.0
2800.0,1000.0,2,9,9.0
2850.0,1000.0,1,8,8.0
2900.0,1000.0,0,9,9.0
2950.0,1000.0,2,10,10.0
3000.0,1000.0,1,10,10.0
3050.0,1000.0,2,9,9.0
3100.0,1000.0,2,10,10.0
3150.0,1000.0,1,9,9.0
3200.0,1000.0,2,8,8.0
3250.0,1000.0,2,9,9.0
3300.0,1000.0,1,9,9.0
3350.0,1000.0,0,9,9.0
3400.0,1000.0,2,10,10.0
3450.0,1000.0,2,9,9.0
3500.0,1000.0,1,8,8.0
3550.0,1000.0,2,8,8.0
3600.0,1000.0,1,6,6.0
3650.0,1000.0,0,6,6.0
3700.0,1000.0,1,6,6.0
3750.0,1000.0,1,3,3.0
3800.0,1000.0,1,4,4.0
3850.0,1000.0,0,4,4.0
3900.0,1000.0,0,3,3.0
3950.0,1000.0,0,4,4.0
4000.0,1000.0,0,4,4.0
4050.0,1000.0,1,4,4.0
4100.0,1000.0,0,4,4.0
4150.0,1000.0,0,4,4.0
4200.0,1000.0,1,3,3.0
4250.0,1000.0,0,2,2.0
4300.0,1000.0,0,2,2.0
4350.0,1000.0,1,3,3.0
4400.0,1000.0,0,2,2.0
4450.0,1000.0,0,2,2.0
4500.0,1000.0,1,2,2.0
4550.0,1000.0,0,1,1.0
4600.0,1000.0,0,2,2.0
4650.0,1000.0,0,2,2.0
4700.0,1000.0,1,2,2.0
4750.0,1000.0,0,2,2.0
4800.0,1000.0,1,2,2.0
4850.0,1000.0,0,2,2.0
4900.0,1000.0,0,2,2.0
4950.0,1000.0,1,1,1.0
5000.0,1000.0,0,1,1.0
0.0,1050.0,0,1,1.0
50.0,1050.0,1,2,2.0
100.0,1050.0,0,2,2.0
150.0,1050.0,1,2,2.0
200.0,1050.0,0,1,1.0
250.0,1050.0,0,2,2.0
300.0,1050.0,0,1,1.0
350.0,1050.0,0,1,1.0
400.0,1050.0,1,2,2.0
450.0,1050.0,0,2,2.0
500.0,1050.0,0,2,2.0
550.0,1050.0,1,3,3.0
600.0,1050.0,0,2,2.0
650.0,1050.0,0,2,2.0
700.0,1050.0,1,4,4.0
750.0,1050.0,0,5,5.0
800.0,1050.0,0,5,5.0
850.0,1050.0,2,6,6.0
900.0,1050.0,1,5,5.0
950.0,1050.0,1,7,7.0
1000.0,1050.0,0,7,7.0
1050.0,1050.0,1,7,7.0
1100.0,1050.0,1,5,5.0
1150.0,1050.0,1,5,5.0
1200.0,1050.0,1,5,5.0
1250.0,1050.0,2,5,5.0
1300.0,1050.0,1,5,5.0
1350.0,1050.0,1,6,6.0
1400.0,1050.0,1,6,6.0
1450.0,1050.0,0,6,6.0
1500.0,1050.0,1,7,7.0
1550.0,1050.0,1,7,7.0
1600.0,1050.0,2,11,11.0
1650.0,1050.0,2,15,15.0
1700.0,1050.0,3,50,50.0
1750.0,1050.0,7,50,50.0
1800.0,1050.0,3,49,49.0
1850.0,1050.0,10,49,49.0
1900.0,1050.0,4,49,49.0
1950.0,1050.0,2,18,18.0
2000.0,1050.0,1,16,16.0
2050.0,1050.0,2,11,11.0
2100.0,1050.0,1,10,10.0
2150.0,1050.0,1,9,9.0
2200.0,1050.0,0,9,9.0
2250.0,1050.0,1,9,9.0
2300.0,1050.0,2,9,9.0
2350.0,1050.0,2,8,8.0
2400.0,1050.0,1,7,7.0
2450.0,1050.0,1,6,6.0
2500.0,1050.0,1,7,7.0
2550.0,1050.0,1,7,7.0
2600.0,1050.0,0,6,6.0
2650.0,1050.0,1,7,7.0
2700.0,1050.0,1,8,8.0
2750.0,1050.0,1,9,9.0
2800.0,1050.0,1,8,8.0
2850.0,1050.0,2,9,9.0
2900.0,1050.0,3,10,10.0
2950.0,1050.0,1,11,11.0
3000.0,1050.0,1,12,12.0
3050.0,1050.0,1,10,10.0
3100.0,1050.0,1,8,8.0
3150.0,1050.0,2,9,9.0
3200.0,1050.0,2,9,9.0
3250.0,1050.0,2,9,9.0
3300.0,1050.0,3,10,10.0
3350.0,1050.0,2,10,10.0
3400.0,1050.0,1,8,8.0
3450.0,1050.0,1,10,10.0
3500.0,1050.0,1,10,10.0
3550.0,1050.0,0,8,8.0
3600.0,1050.0,3,9,9.0
3650.0,1050.0,0,7,7.0
3700.0,1050.0,0,6,6.0
3750.0,1050.0,2,5,5.0
3800.0,1050.0,1,4,4.0
3850.0,1050.0,0,4,4.0
3900.0,1050.0,1,4,4.0
3950.0,1050.0,1,4,4.0
4000.0,1050.0,1,4,4.0
4050.0,1050.0,2,4,4.0
4100.0,1050.0,1,4,4.0
4150.0,1050.0,0,4,4.0
4200.0,1050.0,0,3,3.0
4250.0,1050.0,1,3,3.0
4300.0,1050.0,0,2,2.0
4350.0,1050.0,0,2,2.0
4400.0,1050.0,1,3,3.0
4450.0,1050.0,0,2,2.0
4500.0,1050.0,0,2,2.0
4550.0,1050.0,1,2,2.0
4600.0,1050.0,0,2,2.0
4650.0,1050.0,0,2,2.0
4700.0,1050.0,1,3,3.0
4750.0,1050.0,0,2,2.0
4800.0,1050.0,1,2,2.0
4850.0,1050.0,0,2,2.0
4900.0,1050.0,0,2,2.0
4950.0,1050.0,1,1,1.0
5000.0,1050.0,0,1,1.0
0.0,1100.0,0,1,1.0
50.0,1100.0,1,2,2.0
100.0,1100.0,0,2,2.0
150.0,1100.0,1,2,2.0
200.0,1100.0,0,2,2.0
250.0,1100.0,0,2,2.0
300.0,1100.0,0,1,1.0
350.0,1100.0,1,2,2.0
400.0,1100.0,0,2,2.0
450.0,1100.0,0,2,2.0
500.0,1100.0,1,3,3.0
550.0,1100.0,0,2,2.0
600.0,1100.0,0,2,2.0
650.0,1100.0,1,4,4.0
700.0,1100.0,0,4,4.0
750.0,1100.0,0,5,5.0
800.0,1100.0,1,6,6.0
850.0,1100.0,1,6,6.0
900.0,1100.0,1,5,5.0
950.0,1100.0,1,7,7.0
1000.0,1100.0,0,8,8.0
1050.0,1100.0,2,8,8.0
1100.0,1100.0,0,5,5.0
1150.0,1100.0,0,5,5.0
1200.0,1100.0,1,4,4.0
1250.0,1100.0,0,4,4.0
1300.0,1100.0,1,5,5.0
1350.0,1100.0,1,5,5.0
1400.0,1100.0,1,6,6.0
1450.0,1100.0,1,6,6.0
1500.0,1100.0,2,8,8.0
1550.0,1100.0,1,8,8.0
1600.0,1100.0,1,10,10.0
1650.0,1100.0,2,19,19.0
1700.0,1100.0,2,49,49.0
1750.0,1100.0,2,49,49.0
1800.0,1100.0,48,49,49.0
1850.0,1100.0,3,49,49.0
1900.0,1100.0,2,49,49.0
1950.0,1100.0,4,25,25.0
2000.0,1100.0,2,12,12.0
2050.0,1100.0,1,11,11.0
2100.0,1100.0,1,9,9.0
2150.0,1100.0,2,8,8.0
2200.0,1100.0,2,9,9.0
2250.0,1100.0,2,9,9.0
2300.0,1100.0,2,8,8.0
2350.0,1100.0,0,7,7.0
2400.0,1100.0,1,8,8.0
2450.0,1100.0,1,7,7.0
2500.0,1100.0,1,6,6.0
2550.0,1100.0,1,6,6.0
2600.0,1100.0,3,7,7.0
2650.0,1100.0,1,7,7.0
2700.0,1100.0,1,8,8.0
2750.0,1100.0,2,8,8.0
2800.0,1100.0,2,8,8.0
2850.0,1100.0,2,8,8.0
2900.0,1100.0,2,9,9.0
2950.0,1100.0,3,10,10.0
3000.0,1100.0,1,11,11.0
3050.0,1100.0,1,11,11.0
3100.0,1100.0,1,9,9.0
3150.0,1100.0,1,7,7.0
3200.0,1100.0,1,8,8.0
3250.0,1100.0,1,8,8.0
3300.0,1100.0,2,8,8.0
3350.0,1100.0,2,9,9.0
3400.0,1100.0,2,9,9.0
3450.0,1100.0,2,10,10.0
3500.0,1100.0,2,14,14.0
3550.0,1100.0,1,19,19.0
3600.0,1100.0,2,18,18.0
3650.0,1100.0,1,19,19.0
3700.0,1100.0,1,9,9.0
3750.0,1100.0,0,6,6.0
3800.0,1100.0,1,5,5.0
3850.0,1100.0,2,4,4.0
3900.0,1100.0,0,3,3.0
3950.0,1100.0,1,4,4.0
4000.0,1100.0,1,4,4.0
4050.0,1100.0,2,4,4.0
4100.0,1100.0,1,4,4.0
4150.0,1100.0,1,4,4.0
4200.0,1100.0,0,3,3.0
4250.0,1100.0,0,3,3.0
4300.0,1100.0,1,3,3.0
4350.0,1100.0,0,2,2.0
4400.0,1100.0,0,2,2.0
4450.0,1100.0,1,3,3.0
4500.0,1100.0,0,2,2.0
4550.0,1100.0,0,2,2.0
4600.0,1100.0,1,3,3.0
4650.0,1100.0,0,2,2.0
4700.0,1100.0,1,3,3.0
4750.0,1100.0,0,3,3.0
4800.0,1100.0,1,2,2.0
4850.0,1100.0,0,2,2.0
4900.0,1100.0,0,2,2.0
4950.0,1100.0,1,1,1.0
5000.0,1100.0,0,1,1.0
0.0,1150.0,0,1,1.0
50.0,1150.0,1,2,2.0
100.0,1150.0,0,2,2.0
150.0,1150.0,1,3,3.0
200.0,1150.0,0,2,2.0
250.0,1150.0,0,2,2.0
300.0,1150.0,1,2,2.0
350.0,1150.0,0,2,2.0
400.0,1150.0,0,2,2.0
450.0,1150.0,1,3,3.0
500.0,1150.0,0,2,2.0
550.0,1150.0,0,2,2.0
600.0,1150.0,1,4,4.0
650.0,1150.0,0,4,4.0
700.0,1150.0,0,4,4.0
750.0,1150.0,2,5,5.0
800.0,1150.0,1,5,5.0
850.0,1150.0,0,6,6.0
900.0,1150.0,1,7,7.0
950.0,1150.0,3,9,9.0
1000.0,1150.0,1,16,16.0
1050.0,1150.0,2,16,16.0
1100.0,1150.0,1,16,16.0
1150.0,1150.0,2,9,9.0
1200.0,1150.0,1,6,6.0
1250.0,1150.0,2,6,6.0
1300.0,1150.0,1,6,6.0
1350.0,1150.0,1,5,5.0
1400.0,1150.0,1,6,6.0
1450.0,1150.0,1,7,7.0
1500.0,1150.0,0,7,7.0
1550.0,1150.0,1,8,8.0
1600.0,1150.0,1,11,11.0
1650.0,1150.0,1,16,16.0
1700.0,1150.0,3,49,49.0
1750.0,1150.0,10,49,49.0
1800.0,1150.0,4,49,49.0
1850.0,1150.0,10,48,48.0
1900.0,1150.0,3,48,48.0
1950.0,1150.0,1,19,19.0
2000.0,1150.0,2,15,15.0
2050.0,1150.0,2,11,11.0
2100.0,1150.0,2,10,10.0
2150.0,1150.0,1,8,8.0
2200.0,1150.0,2,8,8.0
2250.0,1150.0,1,7,7.0
2300.0,1150.0,2,9,9.0
2350.0,1150.0,2,9,9.0
2400.0,1150.0,1,9,9.0
2450.0,1150.0,1,6,6.0
2500.0,1150.0,1,5,5.0
2550.0,1150.0,1,5,5.0
2600.0,1150.0,0,5,5.0
2650.0,1150.0,1,6,6.0
2700.0,1150.0,2,6,6.0
2750.0,1150.0,2,6,6.0
2800.0,1150.0,3,8,8.0
2850.0,1150.0,3,8,8.0
2900.0,1150.0,3,8,8.0
2950.0,1150.0,3,9,9.0
3000.0,1150.0,3,8,8.0
3050.0,1150.0,1,8,8.0
3100.0,1150.0,1,10,10.0
3150.0,1150.0,1,7,7.0
3200.0,1150.0,0,7,7.0
3250.0,1150.0,1,9,9.0
3300.0,1150.0,1,9,9.0
3350.0,1150.0,2,9,9.0
3400.0,1150.0,2,10,10.0
3450.0,1150.0,2,10,10.0
3500.0,1150.0,1,18,18.0
3550.0,1150.0,2,19,19.0
3600.0,1150.0,3,18,18.0
3650.0,1150.0,1,18,18.0
3700.0,1150.0,1,19,19.0
3750.0,1150.0,0,6,6.0
3800.0,1150.0,1,6,6.0
3850.0,1150.0,1,5,5.0
3900.0,1150.0,1,4,4.0
3950.0,1150.0,0,5,5.0
4000.0,1150.0,0,5,5.0
4050.0,1150.0,1,4,4.0
4100.0,1150.0,0,4,4.0
4150.0,1150.0,1,4,4.0
4200.0,1150.0,1,3,3.0
4250.0,1150.0,0,3,3.0
4300.0,1150.0,0,3,3.0
4350.0,1150.0,1,3,3.0
4400.0,1150.0,0,2,2.0
4450.0,1150.0,0,2,2.0
4500.0,1150.0,1,3,3.0
4550.0,1150.0,0,3,3.0
4600.0,1150.0,0,3,3.0
4650.0,1150.0,1,3,3.0
4700.0,1150.0,1,3,3.0
4750.0,1150.0,0,3,3.0
4800.0,1150.0,1,3,3.0
4850.0,1150.0,0,2,2.0
4900.0,1150.0,0,2,2.0
4950.0,1150.0,1,1,1.0
5000.0,1150.0,0,1,1.0
0.0,1200.0,0,1,1.0
50.0,1200.0,1,2,2.0
100.0,1200.0,0,2,2.0
150.0,1200.0,1,3,3.0
200.0,1200.0,0,2,2.0
250.0,1200.0,1,3,3.0
300.0,1200.0,0,2,2.0
350.0,1200.0,0,2,2.0
400.0,1200.0,1,3,3.0
450.0,1200.0,0,2,2.0
500.0,1200.0,0,2,2.0
550.0,1200.0,1,4,4.0
600.0,1200.0,0,3,3.0
650.0,1200.0,0,4,4.0
700.0,1200.0,2,5,5.0
750.0,1200.0,1,4,4.0
800.0,1200.0,1,4,4.0
850.0,1200.0,1,7,7.0
900.0,1200.0,0,6,6.0
950.0,1200.0,1,16,16.0
1000.0,1200.0,1,16,16.0
1050.0,1200.0,4,16,16.0
1100.0,1200.0,1,16,16.0
1150.0,1200.0,0,16,16.0
1200.0,1200.0,1,6,6.0
1250.0,1200.0,0,6,6.0
1300.0,1200.0,0,6,6.0
1350.0,1200.0,1,5,5.0
1400.0,1200.0,1,6,6.0
1450.0,1200.0,1,7,7.0
1500.0,1200.0,0,6,6.0
1550.0,1200.0,1,7,7.0
1600.0,1200.0,2,11,11.0
1650.0,1200.0,3,15,15.0
1700.0,1200.0,4,18,18.0
1750.0,1200.0,4,48,48.0
1800.0,1200.0,0,48,48.0
1850.0,1200.0,3,48,48.0
1900.0,1200.0,6,18,18.0
1950.0,1200.0,2,16,16.0
2000.0,1200.0,1,14,14.0
2050.0,1200.0,2,12,12.0
2100.0,1200.0,2,9,9.0
2150.0,1200.0,1,9,9.0
2200.0,1200.0,1,8,8.0
2250.0,1200.0,2,9,9.0
2300.0,1200.0,1,8,8.0
2350.0,1200.0,1,9,9.0
2400.0,1200.0,1,7,7.0
2450.0,1200.0,1,7,7.0
2500.0,1200.0,2,7,7.0
2550.0,1200.0,2,8,8.0
2600.0,1200.0,1,7,7.0
2650.0,1200.0,1,6,6.0
2700.0,1200.0,1,5,5.0
2750.0,1200.0,1,5,5.0
2800.0,1200.0,0,5,5.0
2850.0,1200.0,0,6,6.0
2900.0,1200.0,0,7,7.0
2950.0,1200.0,0,7,7.0
3000.0,1200.0,3,8,8.0
3050.0,1200.0,2,8,8.0
3100.0,1200.0,0,8,8.0
3150.0,1200.0,1,9,9.0
3200.0,1200.0,1,7,7.0
3250.0,1200.0,1,7,7.0
3300.0,1200.0,1,9,9.0
3350.0,1200.0,1,9,9.0
3400.0,1200.0,1,10,10.0
3450.0,1200.0,2,11,11.0
3500.0,1200.0,4,18,18.0
3550.0,1200.0,6,18,18.0
3600.0,1200.0,17,19,19.0
3650.0,1200.0,2,18,18.0
3700.0,1200.0,2,18,18.0
3750.0,1200.0,2,6,6.0
3800.0,1200.0,0,5,5.0
3850.0,1200.0,0,5,5.0
3900.0,1200.0,1,5,5.0
3950.0,1200.0,0,4,4.0
4000.0,1200.0,0,4,4.0
4050.0,1200.0,2,5,5.0
4100.0,1200.0,0,4,4.0
4150.0,1200.0,0,4,4.0
4200.0,1200.0,1,3,3.0
4250.0,1200.0,1,3,3.0
4300.0,1200.0,0,3,3.0
4350.0,1200.0,0,3,3.0
4400.0,1200.0,1,3,3.0
4450.0,1200.0,0,2,2.0
4500.0,1200.0,0,2,2.0
4550.0,1200.0,1,4,4.0
4600.0,1200.0,0,3,3.0
4650.0,1200.0,1,3,3.0
4700.0,1200.0,1,4,4.0
4750.0,1200.0,0,3,3.0
4800.0,1200.0,1,3,3.0
4850.0,1200.0,0,3,3.0
4900.0,1200.0,0,2,2.0
4950.0,1200.0,1,1,1.0
5000.0,1200.0,0,1,1.0
0.0,1250.0,0,1,1.0
50.0,1250.0,1,2,2.0
100.0,1250.0,0,2,2.0
150.0,1250.0,1,3,3.0
200.0,1250.0,0,2,2.0
250.0,1250.0,1,3,3.0
300.0,1250.0,0,2,2.0
350.0,1250.0,1,3,3.0
400.0,1250.0,0,2,2.0
450.0,1250.0,0,2,2.0
500.0,1250.0,1,4,4.0
550.0,1250.0,0,3,3.0
600.0,1250.0,0,4,4.0
650.0,1250.0,2,5,5.0
700.0,1250.0,0,4,4.0
750.0,1250.0,1,4,4.0
800.0,1250.0,1,5,5.0
850.0,1250.0,1,6,6.0
900.0,1250.0,1,7,7.0
950.0,1250.0,2,18,18.0
1000.0,1250.0,3,18,18.0
1050.0,1250.0,16,17,17.0
1100.0,1250.0,4,17,17.0
1150.0,1250.0,3,17,17.0
1200.0,1250.0,2,8,8.0
1250.0,1250.0,1,7,7.0
1300.0,1250.0,1,7,7.0
1350.0,1250.0,1,7,7.0
1400.0,1250.0,0,6,6.0
1450.0,1250.0,1,7,7.0
1500.0,1250.0,3,8,8.0
1550.0,1250.0,2,8,8.0
1600.0,1250.0,2,11,11.0
1650.0,1250.0,2,13,13.0
1700.0,1250.0,2,14,14.0
1750.0,1250.0,2,15,15.0
1800.0,1250.0,2,24,24.0
1850.0,1250.0,1,18,18.0
1900.0,1250.0,1,16,16.0
1950.0,1250.0,5,16,16.0
2000.0,1250.0,3,13,13.0
2050.0,1250.0,4,12,12.0
2100.0,1250.0,2,10,10.0
2150.0,1250.0,2,11,11.0
2200.0,1250.0,1,10,10.0
2250.0,1250.0,1,10,10.0
2300.0,1250.0,1,9,9.0
2350.0,1250.0,2,8,8.0
2400.0,1250.0,1,8,8.0
2450.0,1250.0,1,7,7.0
2500.0,1250.0,0,6,6.0
2550.0,1250.0,0,6,6.0
2600.0,1250.0,1,7,7.0
2650.0,1250.0,1,5,5.0
2700.0,1250.0,1,5,5.0
2750.0,1250.0,0,4,4.0
2800.0,1250.0,0,4,4.0
2950.0,1250.0,0,6,6.0
3000.0,1250.0,0,6,6.0
3050.0,1250.0,3,7,7.0
3100.0,1250.0,2,7,7.0
3150.0,1250.0,1,8,8.0
3200.0,1250.0,2,8,8.0
3250.0,1250.0,1,6,6.0
3300.0,1250.0,0,9,9.0
3350.0,1250.0,1,11,11.0
3400.0,1250.0,1,10,10.0
3450.0,1250.0,1,9,9.0
3500.0,1250.0,2,19,19.0
3550.0,1250.0,1,18,18.0
3600.0,1250.0,2,18,18.0
3650.0,1250.0,1,19,19.0
3700.0,1250.0,0,18,18.0
3750.0,1250.0,1,4,4.0
3800.0,1250.0,1,5,5.0
3850.0,1250.0,1,5,5.0
3900.0,1250.0,1,4,4.0
3950.0,1250.0,1,5,5.0
4000.0,1250.0,1,3,3.0
4050.0,1250.0,1,3,3.0
4100.0,1250.0,1,4,4.0
4150.0,1250.0,0,4,4.0
4200.0,1250.0,0,3,3.0
4250.0,1250.0,1,3,3.0
4300.0,1250.0,1,3,3.0
4350.0,1250.0,0,3,3.0
4400.0,1250.0,0,3,3.0
4450.0,1250.0,1,3,3.0
4500.0,1250.0,0,2,2.0
4550.0,1250.0,0,3,3.0
4600.0,1250.0,1,4,4.0
4650.0,1250.0,0,3,3.0
4700.0,1250.0,1,4,4.0
4750.0,1250.0,1,4,4.0
4800.0,1250.0,1,3,3.0
4850.0,1250.0,0,3,3.0
4900.0,1250.0,0,2,2.0
4950.0,1250.0,1,1,1.0
5000.0,1250.0,0,1,1.0
0.0,1300.0,0,1,1.0
50.0,1300.0,1,2,2.0
100.0,1300.0,0,2,2.0
150.0,1300.0,1,3,3.0
200.0,1300.0,0,3,3.0
250.0,1300.0,1,3,3.0
300.0,1300.0,0,2,2.0
350.0,1300.0,1,3,3.0
400.0,1300.0,0,2,2.0
450.0,1300.0,1,3,3.0
500.0,1300.0,0,3,3.0
550.0,1300.0,0,3,3.0
600.0,1300.0,2,5,5.0
650.0,1300.0,0,4,4.0
700.0,1300.0,1,4,4.0
750.0,1300.0,1,5,5.0
800.0,1300.0,0,5,5.0
850.0,1300.0,0,6,6.0
900.0,1300.0,1,7,7.0
950.0,1300.0,0,18,18.0
1000.0,1300.0,0,18,18.0
1050.0,1300.0,3,18,18.0
1100.0,1300.0,0,19,19.0
1150.0,1300.0,1,19,19.0
1200.0,1300.0,0,8,8.0
1250.0,1300.0,1,7,7.0
1300.0,1300.0,1,7,7.0
1350.0,1300.0,1,7,7.0
1400.0,1300.0,2,7,7.0
1450.0,1300.0,1,6,6.0
1500.0,1300.0,1,7,7.0
1550.0,1300.0,1,8,8.0
1600.0,1300.0,0,11,11.0
1650.0,1300.0,1,13,13.0
1700.0,1300.0,2,13,13.0
1750.0,1300.0,2,11,11.0
1800.0,1300.0,2,9,9.0
1850.0,1300.0,1,14,14.0
1900.0,1300.0,1,13,13.0
1950.0,1300.0,1,12,12.0
2000.0,1300.0,2,10,10.0
2050.0,1300.0,2,10,10.0
2100.0,1300.0,1,10,10.0
2150.0,1300.0,2,11,11.0
2200.0,1300.0,2,11,11.0
2250.0,1300.0,1,11,11.0
2300.0,1300.0,2,10,10.0
2350.0,1300.0,1,9,9.0
2400.0,1300.0,2,8,8.0
2450.0,1300.0,2,8,8.0
2500.0,1300.0,2,9,9.0
2550.0,1300.0,2,8,8.0
2600.0,1300.0,1,6,6.0
2650.0,1300.0,1,5,5.0
2700.0,1300.0,0,5,5.0
2750.0,1300.0,0,3,3.0
3000.0,1300.0,0,5,5.0
3050.0,1300.0,1,5,5.0
3100.0,1300.0,2,7,7.0
3150.0,1300.0,1,8,8.0
3200.0,1300.0,0,8,8.0
3250.0,1300.0,2,9,9.0
3300.0,1300.0,2,8,8.0
3350.0,1300.0,1,7,7.0
3400.0,1300.0,2,8,8.0
3450.0,1300.0,2,10,10.0
3500.0,1300.0,1,12,12.0
3550.0,1300.0,1,19,19.0
3600.0,1300.0,2,18,18.0
3650.0,1300.0,0,18,18.0
3700.0,1300.0,1,7,7.0
3750.0,1300.0,0,4,4.0
3800.0,1300.0,1,4,4.0
3850.0,1300.0,1,4,4.0
3900.0,1300.0,0,3,3.0
3950.0,1300.0,1,4,4.0
4000.0,1300.0,1,4,4.0
4050.0,1300.0,1,3,3.0
4100.0,1300.0,0,3,3.0
4150.0,1300.0,1,4,4.0
4200.0,1300.0,0,3,3.0
4250.0,1300.0,0,3,3.0
4300.0,1300.0,1,3,3.0
4350.0,1300.0,1,3,3.0
4400.0,1300.0,0,3,3.0
4450.0,1300.0,0,3,3.0
4500.0,1300.0,1,3,3.0
4550.0,1300.0,0,2,2.0
4600.0,1300.0,0,3,3.0
4650.0,1300.0,1,4,4.0
4700.0,1300.0,1,4,4.0
4750.0,1300.0,1,4,4.0
4800.0,1300.0,1,5,5.0
4850.0,1300.0,0,4,4.0
4900.0,1300.0,0,3,3.0
4950.0,1300.0,1,2,2.0
5000.0,1300.0,0,1,1.0
0.0,1350.0,0,1,1.0
50.0,1350.0,1,2,2.0
100.0,1350.0,0,2,2.0
150.0,1350.0,1,3,3.0
200.0,1350.0,0,3,3.0
250.0,1350.0,1,3,3.0
300.0,1350.0,1,3,3.0
350.0,1350.0,0,3,3.0
400.0,1350.0,0,2,2.0
450.0,1350.0,1,3,3.0
500.0,1350.0,0,3,3.0
550.0,1350.0,1,4,4.0
600.0,1350.0,1,4,4.0
650.0,1350.0,0,4,4.0
700.0,1350.0,1,5,5.0
750.0,1350.0,1,4,4.0
800.0,1350.0,0,6,6.0
850.0,1350.0,1,8,8.0
900.0,1350.0,1,6,6.0
950.0,1350.0,2,9,9.0
1000.0,1350.0,2,19,19.0
1050.0,1350.0,2,19,19.0
1100.0,1350.0,2,19,19.0
1150.0,1350.0,2,10,10.0
1200.0,1350.0,2,9,9.0
1250.0,1350.0,2,7,7.0
1300.0,1350.0,2,7,7.0
1350.0,1350.0,1,7,7.0
1400.0,1350.0,2,6,6.0
1450.0,1350.0,2,8,8.0
1500.0,1350.0,1,8,8.0
1550.0,1350.0,1,9,9.0
1600.0,1350.0,2,10,10.0
1650.0,1350.0,2,9,9.0
1700.0,1350.0,2,9,9.0
1750.0,1350.0,2,9,9.0
1800.0,1350.0,1,9,9.0
1850.0,1350.0,2,9,9.0
1900.0,1350.0,1,11,11.0
1950.0,1350.0,0,12,12.0
2000.0,1350.0,2,11,11.0
2050.0,1350.0,3,9,9.0
2100.0,1350.0,2,11,11.0
2150.0,1350.0,2,10,10.0
2200.0,1350.0,2,10,10.0
2250.0,1350.0,2,10,10.0
2300.0,1350.0,1,9,9.0
2350.0,1350.0,1,8,8.0
2400.0,1350.0,1,8,8.0
2450.0,1350.0,1,8,8.0
2500.0,1350.0,1,8,8.0
2550.0,1350.0,1,8,8.0
2600.0,1350.0,1,7,7.0
2650.0,1350.0,1,5,5.0
2700.0,1350.0,0,4,4.0
2750.0,1350.0,0,3,3.0
3000.0,1350.0,0,3,3.0
3050.0,1350.0,1,6,6.0
3100.0,1350.0,0,7,7.0
3150.0,1350.0,2,8,8.0
3200.0,1350.0,2,7,7.0
3250.0,1350.0,1,8,8.0
3300.0,1350.0,2,9,9.0
3350.0,1350.0,3,8,8.0
3400.0,1350.0,1,8,8.0
3450.0,1350.0,1,8,8.0
3500.0,1350.0,0,8,8.0
3550.0,1350.0,1,7,7.0
3600.0,1350.0,2,7,7.0
3650.0,1350.0,0,4,4.0
3700.0,1350.0,0,6,6.0
3750.0,1350.0,1,5,5.0
3800.0,1350.0,0,4,4.0
3850.0,1350.0,0,3,3.0
3900.0,1350.0,1,4,4.0
3950.0,1350.0,0,4,4.0
4000.0,1350.0,0,4,4.0
4050.0,1350.0,2,4,4.0
4100.0,1350.0,0,3,3.0
4150.0,1350.0,0,3,3.0
4200.0,1350.0,1,3,3.0
4250.0,1350.0,0,3,3.0
4300.0,1350.0,0,3,3.0
4350.0,1350.0,1,3,3.0
4400.0,1350.0,1,3,3.0
4450.0,1350.0,0,3,3.0
4500.0,1350.0,0,3,3.0
4550.0,1350.0,1,3,3.0
4600.0,1350.0,0,3,3.0
4650.0,1350.0,0,4,4.0
4700.0,1350.0,1,5,5.0
4750.0,1350.0,1,4,4.0
4800.0,1350.0,1,5,5.0
4850.0,1350.0,1,5,5.0
4900.0,1350.0,1,4,4.0
4950.0,1350.0,0,3,3.0
5000.0,1350.0,0,2,2.0
0.0,1400.0,0,1,1.0
50.0,1400.0,1,2,2.0
100.0,1400.0,0,3,3.0
150.0,1400.0,1,4,4.0
200.0,1400.0,0,3,3.0
250.0,1400.0,1,3,3.0
300.0,1400.0,1,3,3.0
350.0,1400.0,0,3,3.0
400.0,1400.0,1,3,3.0
450.0,1400.0,0,3,3.0
500.0,1400.0,0,3,3.0
550.0,1400.0,1,4,4.0
600.0,1400.0,1,3,3.0
650.0,1400.0,1,5,5.0
700.0,1400.0,0,5,5.0
750.0,1400.0,1,5,5.0
800.0,1400.0,1,7,7.0
850.0,1400.0,1,6,6.0
900.0,1400.0,1,5,5.0
950.0,1400.0,1,6,6.0
1000.0,1400.0,1,6,6.0
1050.0,1400.0,2,6,6.0
1100.0,1400.0,1,7,7.0
1150.0,1400.0,2,6,6.0
1200.0,1400.0,2,7,7.0
1250.0,1400.0,2,7,7.0
1300.0,1400.0,2,7,7.0
1350.0,1400.0,2,7,7.0
1400.0,1400.0,1,7,7.0
1450.0,1400.0,1,7,7.0
1500.0,1400.0,1,8,8.0
1550.0,1400.0,1,7,7.0
1600.0,1400.0,1,7,7.0
1650.0,1400.0,2,7,7.0
1700.0,1400.0,2,7,7.0
1750.0,1400.0,1,9,9.0
1800.0,1400.0,1,9,9.0
1850.0,1400.0,1,7,7.0
1900.0,1400.0,1,7,7.0
1950.0,1400.0,1,9,9.0
2000.0,1400.0,0,8,8.0
2050.0,1400.0,2,8,8.0
2100.0,1400.0,1,9,9.0
2150.0,1400.0,1,10,10.0
2200.0,1400.0,2,9,9.0
2250.0,1400.0,2,9,9.0
2300.0,1400.0,2,9,9.0
2350.0,1400.0,2,9,9.0
2400.0,1400.0,2,9,9.0
2450.0,1400.0,2,9,9.0
2500.0,1400.0,2,9,9.0
2550.0,1400.0,1,8,8.0
2600.0,1400.0,1,8,8.0
2650.0,1400.0,1,7,7.0
2700.0,1400.0,1,5,5.0
2750.0,1400.0,0,3,3.0
3000.0,1400.0,0,2,2.0
3050.0,1400.0,1,5,5.0
3100.0,1400.0,0,6,6.0
3150.0,1400.0,1,7,7.0
3200.0,1400.0,2,9,9.0
3250.0,1400.0,2,9,9.0
3300.0,1400.0,1,8,8.0
3350.0,1400.0,1,10,10.0
3400.0,1400.0,1,9,9.0
3450.0,1400.0,1,7,7.0
3500.0,1400.0,2,9,9.0
3550.0,1400.0,0,7,7.0
3600.0,1400.0,1,6,6.0
3650.0,1400.0,1,5,5.0
3700.0,1400.0,0,4,4.0
3750.0,1400.0,0,5,5.0
3800.0,1400.0,1,5,5.0
3850.0,1400.0,0,4,4.0
3900.0,1400.0,0,3,3.0
3950.0,1400.0,1,5,5.0
4000.0,1400.0,0,4,4.0
4050.0,1400.0,1,3,3.0
4100.0,1400.0,1,3,3.0
4150.0,1400.0,0,3,3.0
4200.0,1400.0,0,2,2.0
4250.0,1400.0,1,3,3.0
4300.0,1400.0,0,3,3.0
4350.0,1400.0,0,3,3.0
4400.0,1400.0,1,3,3.0
4450.0,1400.0,1,3,3.0
4500.0,1400.0,0,3,3.0
4550.0,1400.0,0,3,3.0
4600.0,1400.0,1,3,3.0
4650.0,1400.0,0,3,3.0
4700.0,1400.0,0,4,4.0
4750.0,1400.0,1,6,6.0
4800.0,1400.0,1,5,5.0
4850.0,1400.0,1,5,5.0
4900.0,1400.0,2,4,4.0
4950.0,1400.0,0,3,3.0
5000.0,1400.0,0,3,3.0
0.0,1450.0,0,1,1.0
50.0,1450.0,1,2,2.0
100.0,1450.0,0,3,3.0
150.0,1450.0,1,4,4.0
200.0,1450.0,1,3,3.0
250.0,1450.0,1,4,4.0
300.0,1450.0,0,3,3.0
350.0,1450.0,0,3,3.0
400.0,1450.0,1,3,3.0
450.0,1450.0,0,3,3.0
500.0,1450.0,1,4,4.0
550.0,1450.0,1,3,3.0
600.0,1450.0,0,3,3.0
650.0,1450.0,1,6,6.0
700.0,1450.0,0,6,6.0
750.0,1450.0,2,7,7.0
800.0,1450.0,1,6,6.0
850.0,1450.0,1,6,6.0
900.0,1450.0,2,6,6.0
950.0,1450.0,1,5,5.0
1000.0,1450.0,1,5,5.0
1050.0,1450.0,1,6,6.0
1100.0,1450.0,2,5,5.0
1150.0,1450.0,1,6,6.0
1200.0,1450.0,1,6,6.0
1250.0,1450.0,1,7,7.0
1300.0,1450.0,1,7,7.0
1350.0,1450.0,1,6,6.0
1400.0,1450.0,1,6,6.0
1450.0,1450.0,0,6,6.0
1500.0,1450.0,1,7,7.0
1550.0,1450.0,1,6,6.0
1600.0,1450.0,1,6,6.0
1650.0,1450.0,1,7,7.0
1700.0,1450.0,1,8,8.0
1750.0,1450.0,1,8,8.0
1800.0,1450.0,1,7,7.0
1850.0,1450.0,1,8,8.0
1900.0,1450.0,2,8,8.0
1950.0,1450.0,2,8,8.0
2000.0,1450.0,1,9,9.0
2050.0,1450.0,2,10,10.0
2100.0,1450.0,1,10,10.0
2150.0,1450.0,2,10,10.0
2200.0,1450.0,1,9,9.0
2250.0,1450.0,2,10,10.0
2300.0,1450.0,2,10,10.0
2350.0,1450.0,2,11,11.0
2400.0,1450.0,2,10,10.0
2450.0,1450.0,2,10,10.0
2500.0,1450.0,2,10,10.0
2550.0,1450.0,2,8,8.0
2600.0,1450.0,1,9,9.0
2650.0,1450.0,0,8,8.0
2700.0,1450.0,2,6,6.0
2750.0,1450.0,0,5,5.0
3000.0,1450.0,0,3,3.0
3050.0,1450.0,0,3,3.0
3100.0,1450.0,2,6,6.0
3150.0,1450.0,1,8,8.0
3200.0,1450.0,1,8,8.0
3250.0,1450.0,1,9,9.0
3300.0,1450.0,2,9,9.0
3350.0,1450.0,1,8,8.0
3400.0,1450.0,1,9,9.0
3450.0,1450.0,1,7,7.0
3500.0,1450.0,2,6,6.0
3550.0,1450.0,1,6,6.0
3600.0,1450.0,0,6,6.0
3650.0,1450.0,1,5,5.0
3700.0,1450.0,1,4,4.0
3750.0,1450.0,1,4,4.0
3800.0,1450.0,0,3,3.0
3850.0,1450.0,1,4,4.0
3900.0,1450.0,0,3,3.0
3950.0,1450.0,1,3,3.0
4000.0,1450.0,0,3,3.0
4050.0,1450.0,1,3,3.0
4100.0,1450.0,0,2,2.0
4150.0,1450.0,1,3,3.0
4200.0,1450.0,0,2,2.0
4250.0,1450.0,0,2,2.0
4300.0,1450.0,1,2,2.0
4350.0,1450.0,0,3,3.0
4400.0,1450.0,0,3,3.0
4450.0,1450.0,1,3,3.0
4500.0,1450.0,1,3,3.0
4550.0,1450.0,0,4,4.0
4600.0,1450.0,0,4,4.0
4650.0,1450.0,1,3,3.0
4700.0,1450.0,1,3,3.0
4750.0,1450.0,0,5,5.0
4800.0,1450.0,1,6,6.0
4850.0,1450.0,1,5,5.0
4900.0,1450.0,1,4,4.0
4950.0,1450.0,1,3,3.0
5000.0,1450.0,0,3,3.0
0.0,1500.0,0,1,1.0
50.0,1500.0,1,2,2.0
100.0,1500.0,0,3,3.0
150.0,1500.0,1,4,4.0
200.0,1500.0,1,4,4.0
250.0,1500.0,0,4,4.0
300.0,1500.0,1,3,3.0
350.0,1500.0,1,3,3.0
400.0,1500.0,0,3,3.0
450.0,1500.0,0,4,4.0
500.0,1500.0,1,4,4.0
550.0,1500.0,1,3,3.0
600.0,1500.0,1,5,5.0
650.0,1500.0,0,6,6.0
700.0,1500.0,0,7,7.0
750.0,1500.0,2,7,7.0
800.0,1500.0,2,6,6.0
850.0,1500.0,2,6,6.0
900.0,1500.0,0,5,5.0
950.0,1500.0,0,3,3.0
1000.0,1500.0,0,4,4.0
1050.0,1500.0,0,3,3.0
1100.0,1500.0,0,3,3.0
1150.0,1500.0,0,4,4.0
1200.0,1500.0,1,5,5.0
1250.0,1500.0,1,5,5.0
1300.0,1500.0,1,5,5.0
1350.0,1500.0,1,5,5.0
1400.0,1500.0,1,4,4.0
1450.0,1500.0,2,4,4.0
1500.0,1500.0,0,6,6.0
1550.0,1500.0,0,5,5.0
1600.0,1500.0,2,7,7.0
1650.0,1500.0,1,6,6.0
1700.0,1500.0,0,7,7.0
1750.0,1500.0,1,7,7.0
1800.0,1500.0,1,6,6.0
1850.0,1500.0,1,8,8.0
1900.0,1500.0,0,8,8.0
1950.0,1500.0,1,8,8.0
2000.0,1500.0,2,10,10.0
2050.0,1500.0,1,9,9.0
2100.0,1500.0,2,9,9.0
2150.0,1500.0,1,10,10.0
2200.0,1500.0,2,10,10.0
2250.0,1500.0,1,10,10.0
2300.0,1500.0,1,10,10.0
2350.0,1500.0,1,10,10.0
2400.0,1500.0,1,10,10.0
2450.0,1500.0,1,10,10.0
2500.0,1500.0,0,9,9.0
2550.0,1500.0,2,10,10.0
2600.0,1500.0,2,11,11.0
2650.0,1500.0,1,11,11.0
2700.0,1500.0,3,8,8.0
2750.0,1500.0,0,7,7.0
2800.0,1500.0,0,6,6.0
2850.0,1500.0,0,5,5.0
2900.0,1500.0,0,3,3.0
2950.0,1500.0,0,4,4.0
3000.0,1500.0,0,5,5.0
3050.0,1500.0,1,4,4.0
3100.0,1500.0,1,5,5.0
3150.0,1500.0,1,7,7.0
3200.0,1500.0,1,7,7.0
3250.0,1500.0,1,7,7.0
3300.0,1500.0,1,8,8.0
3350.0,1500.0,1,8,8.0
3400.0,1500.0,3,7,7.0
3450.0,1500.0,1,6,6.0
3500.0,1500.0,1,6,6.0
3550.0,1500.0,2,7,7.0
3600.0,1500.0,1,6,6.0
3650.0,1500.0,2,6,6.0
3700.0,1500.0,1,4,4.0
3750.0,1500.0,1,4,4.0
3800.0,1500.0,1,3,3.0
3850.0,1500.0,1,4,4.0
3900.0,1500.0,0,3,3.0
3950.0,1500.0,1,4,4.0
4000.0,1500.0,0,3,3.0
4050.0,1500.0,1,4,4.0
4100.0,1500.0,0,3,3.0
4150.0,1500.0,1,3,3.0
4200.0,1500.0,0,3,3.0
4250.0,1500.0,0,3,3.0
4300.0,1500.0,0,2,2.0
4350.0,1500.0,1,3,3.0
4400.0,1500.0,0,4,4.0
4450.0,1500.0,0,4,4.0
4500.0,1500.0,1,4,4.0
4550.0,1500.0,1,4,4.0
4600.0,1500.0,0,4,4.0
4650.0,1500.0,1,4,4.0
4700.0,1500.0,1,5,5.0
4750.0,1500.0,0,4,4.0
4800.0,1500.0,1,5,5.0
4850.0,1500.0,1,5,5.0
4900.0,1500.0,1,4,4.0
4950.0,1500.0,1,4,4.0
5000.0,1500.0,0,2,2.0
0.0,1550.0,0,1,1.0
50.0,1550.0,1,2,2.0
100.0,1550.0,0,3,3.0
150.0,1550.0,1,4,4.0
200.0,1550.0,1,4,4.0
250.0,1550.0,0,4,4.0
300.0,1550.0,1,4,4.0
350.0,1550.0,1,3,3.0
400.0,1550.0,0,3,3.0
450.0,1550.0,1,5,5.0
500.0,1550.0,0,4,4.0
550.0,1550.0,0,4,4.0
600.0,1550.0,2,6,6.0
650.0,1550.0,0,6,6.0
700.0,1550.0,2,8,8.0
750.0,1550.0,1,6,6.0
800.0,1550.0,2,6,6.0
850.0,1550.0,1,6,6.0
900.0,1550.0,0,4,4.0
1100.0,1550.0,0,2,2.0
1150.0,1550.0,0,2,2.0
1200.0,1550.0,0,2,2.0
1250.0,1550.0,0,2,2.0
1300.0,1550.0,0,3,3.0
1350.0,1550.0,0,4,4.0
1400.0,1550.0,0,3,3.0
1450.0,1550.0,0,2,2.0
1500.0,1550.0,1,5,5.0
1550.0,1550.0,0,5,5.0
1600.0,1550.0,2,5,5.0
1650.0,1550.0,1,6,6.0
1700.0,1550.0,0,7,7.0
1750.0,1550.0,1,7,7.0
1800.0,1550.0,1,7,7.0
1850.0,1550.0,1,6,6.0
1900.0,1550.0,2,8,8.0
1950.0,1550.0,1,8,8.0
2000.0,1550.0,2,9,9.0
2050.0,1550.0,2,9,9.0
2100.0,1550.0,2,9,9.0
2150.0,1550.0,2,8,8.0
2200.0,1550.0,2,9,9.0
2250.0,1550.0,2,8,8.0
2300.0,1550.0,2,8,8.0
2350.0,1550.0,2,8,8.0
2400.0,1550.0,2,8,8.0
2450.0,1550.0,2,8,8.0
2500.0,1550.0,2,8,8.0
2550.0,1550.0,1,9,9.0
2600.0,1550.0,2,11,11.0
2650.0,1550.0,3,11,11.0
2700.0,1550.0,2,11,11.0
2750.0,1550.0,4,11,11.0
2800.0,1550.0,2,8,8.0
2850.0,1550.0,1,6,6.0
2900.0,1550.0,2,5,5.0
2950.0,1550.0,2,5,5.0
3000.0,1550.0,2,5,5.0
3050.0,1550.0,1,6,6.0
3100.0,1550.0,0,5,5.0
3150.0,1550.0,1,5,5.0
3200.0,1550.0,2,6,6.0
3250.0,1550.0,1,7,7.0
3300.0,1550.0,1,7,7.0
3350.0,1550.0,1,6,6.0
3400.0,1550.0,1,6,6.0
3450.0,1550.0,1,7,7.0
3500.0,1550.0,0,6,6.0
3550.0,1550.0,1,6,6.0
3600.0,1550.0,1,5,5.0
3650.0,1550.0,1,6,6.0
3700.0,1550.0,0,5,5.0
3750.0,1550.0,1,5,5.0
3800.0,1550.0,0,3,3.0
3850.0,1550.0,2,4,4.0
3900.0,1550.0,0,3,3.0
3950.0,1550.0,1,4,4.0
4000.0,1550.0,0,3,3.0
4050.0,1550.0,1,4,4.0
4100.0,1550.0,0,3,3.0
4150.0,1550.0,1,3,3.0
4200.0,1550.0,0,2,2.0
4250.0,1550.0,0,3,3.0
4300.0,1550.0,0,2,2.0
4350.0,1550.0,0,2,2.0
4400.0,1550.0,1,3,3.0
4450.0,1550.0,0,4,4.0
4500.0,1550.0,0,4,4.0
4550.0,1550.0,1,5,5.0
4600.0,1550.0,1,4,4.0
4650.0,1550.0,0,5,5.0
4700.0,1550.0,1,6,6.0
4750.0,1550.0,1,4,4.0
4800.0,1550.0,1,5,5.0
4850.0,1550.0,1,6,6.0
4900.0,1550.0,1,5,5.0
4950.0,1550.0,1,4,4.0
5000.0,1550.0,0,2,2.0
0.0,1600.0,0,1,1.0
50.0,1600.0,1,2,2.0
100.0,1600.0,0,4,4.0
150.0,1600.0,1,4,4.0
200.0,1600.0,1,3,3.0
250.0,1600.0,1,5,5.0
300.0,1600.0,0,4,4.0
350.0,1600.0,0,4,4.0
400.0,1600.0,2,4,4.0
450.0,1600.0,0,3,3.0
500.0,1600.0,0,5,5.0
550.0,1600.0,1,6,6.0
600.0,1600.0,1,5,5.0
650.0,1600.0,1,6,6.0
700.0,1600.0,2,8,8.0
750.0,1600.0,1,7,7.0
800.0,1600.0,2,6,6.0
850.0,1600.0,0,4,4.0
900.0,1600.0,0,3,3.0
1150.0,1600.0,0,1,1.0
1200.0,1600.0,0,1,1.0
1450.0,1600.0,0,2,2.0
1500.0,1600.0,0,4,4.0
1550.0,1600.0,1,5,5.0
1600.0,1600.0,1,5,5.0
1650.0,1600.0,1,6,6.0
1700.0,1600.0,2,7,7.0
1750.0,1600.0,0,6,6.0
1800.0,1600.0,2,7,7.0
1850.0,1600.0,0,7,7.0
1900.0,1600.0,2,7,7.0
1950.0,1600.0,1,8,8.0
2000.0,1600.0,1,9,9.0
2050.0,1600.0,2,8,8.0
2100.0,1600.0,2,7,7.0
2150.0,1600.0,2,7,7.0
2200.0,1600.0,2,6,6.0
2250.0,1600.0,2,6,6.0
2300.0,1600.0,2,5,5.0
2350.0,1600.0,2,5,5.0
2400.0,1600.0,2,5,5.0
2450.0,1600.0,2,5,5.0
2500.0,1600.0,3,6,6.0
2550.0,1600.0,3,8,8.0
2600.0,1600.0,4,9,9.0
2650.0,1600.0,2,11,11.0
2700.0,1600.0,2,11,11.0
2750.0,1600.0,2,11,11.0
2800.0,1600.0,3,11,11.0
2850.0,1600.0,2,9,9.0
2900.0,1600.0,1,7,7.0
2950.0,1600.0,1,7,7.0
3000.0,1600.0,1,6,6.0
3050.0,1600.0,0,5,5.0
3100.0,1600.0,1,6,6.0
3150.0,1600.0,1,5,5.0
3200.0,1600.0,1,5,5.0
3250.0,1600.0,0,5,5.0
3300.0,1600.0,2,7,7.0
3350.0,1600.0,1,7,7.0
3400.0,1600.0,0,6,6.0
3450.0,1600.0,2,7,7.0
3500.0,1600.0,1,6,6.0
3550.0,1600.0,2,7,7.0
3600.0,1600.0,1,6,6.0
3650.0,1600.0,2,7,7.0
3700.0,1600.0,0,5,5.0
3750.0,1600.0,1,6,6.0
3800.0,1600.0,0,4,4.0
3850.0,1600.0,1,4,4.0
3900.0,1600.0,1,3,3.0
3950.0,1600.0,2,4,4.0
4000.0,1600.0,1,3,3.0
4050.0,1600.0,2,4,4.0
4100.0,1600.0,1,3,3.0
4150.0,1600.0,2,3,3.0
4200.0,1600.0,1,2,2.0
4250.0,1600.0,1,2,2.0
4300.0,1600.0,1,2,2.0
4350.0,1600.0,1,2,2.0
4400.0,1600.0,1,2,2.0
4450.0,1600.0,2,3,3.0
4500.0,1600.0,0,4,4.0
4550.0,1600.0,0,4,4.0
4600.0,1600.0,2,6,6.0
4650.0,1600.0,0,5,5.0
4700.0,1600.0,0,6,6.0
4750.0,1600.0,2,5,5.0
4800.0,1600.0,1,5,5.0
4850.0,1600.0,1,6,6.0
4900.0,1600.0,1,5,5.0
4950.0,1600.0,1,4,4.0
5000.0,1600.0,0,2,2.0
0.0,1650.0,0,1,1.0
50.0,1650.0,1,2,2.0
100.0,1650.0,0,4,4.0
150.0,1650.0,1,4,4.0
200.0,1650.0,1,4,4.0
250.0,1650.0,1,4,4.0
300.0,1650.0,0,4,4.0
350.0,1650.0,1,5,5.0
400.0,1650.0,0,3,3.0
450.0,1650.0,1,3,3.0
500.0,1650.0,1,6,6.0
550.0,1650.0,0,5,5.0
600.0,1650.0,1,6,6.0
650.0,1650.0,2,7,7.0
700.0,1650.0,1,7,7.0
750.0,1650.0,1,7,7.0
800.0,1650.0,2,5,5.0
850.0,1650.0,0,3,3.0
1500.0,1650.0,0,3,3.0
1550.0,1650.0,0,4,4.0
1600.0,1650.0,2,6,6.0
1650.0,1650.0,1,7,7.0
1700.0,1650.0,1,8,8.0
1750.0,1650.0,2,8,8.0
1800.0,1650.0,1,8,8.0
1850.0,1650.0,1,7,7.0
1900.0,1650.0,1,8,8.0
1950.0,1650.0,1,8,8.0
2000.0,1650.0,1,8,8.0
2050.0,1650.0,1,7,7.0
2100.0,1650.0,1,6,6.0
2150.0,1650.0,1,5,5.0
2200.0,1650.0,0,5,5.0
2250.0,1650.0,0,4,4.0
2300.0,1650.0,0,4,4.0
2350.0,1650.0,0,4,4.0
2400.0,1650.0,0,4,4.0
2450.0,1650.0,0,5,5.0
2500.0,1650.0,0,5,5.0
2550.0,1650.0,0,6,6.0
2600.0,1650.0,0,8,8.0
2650.0,1650.0,3,9,9.0
2700.0,1650.0,4,11,11.0
2750.0,1650.0,2,11,11.0
2800.0,1650.0,1,11,11.0
2850.0,1650.0,2,11,11.0
2900.0,1650.0,1,9,9.0
2950.0,1650.0,1,7,7.0
3000.0,1650.0,2,7,7.0
3050.0,1650.0,2,6,6.0
3100.0,1650.0,1,7,7.0
3150.0,1650.0,0,6,6.0
3200.0,1650.0,0,5,5.0
3250.0,1650.0,2,6,6.0
3300.0,1650.0,0,5,5.0
3350.0,1650.0,1,6,6.0
3400.0,1650.0,2,6,6.0
3450.0,1650.0,0,5,5.0
3500.0,1650.0,0,5,5.0
3550.0,1650.0,1,6,6.0
3600.0,1650.0,0,5,5.0
3650.0,1650.0,2,6,6.0
3700.0,1650.0,1,5,5.0
3750.0,1650.0,1,5,5.0
3800.0,1650.0,0,5,5.0
3850.0,1650.0,1,5,5.0
3900.0,1650.0,0,3,3.0
3950.0,1650.0,1,4,4.0
4000.0,1650.0,0,3,3.0
4050.0,1650.0,1,4,4.0
4100.0,1650.0,0,3,3.0
4150.0,1650.0,1,3,3.0
4200.0,1650.0,0,2,2.0
4250.0,1650.0,0,2,2.0
4300.0,1650.0,0,1,1.0
4350.0,1650.0,0,2,2.0
4400.0,1650.0,0,2,2.0
4450.0,1650.0,0,2,2.0
4500.0,1650.0,2,4,4.0
4550.0,1650.0,0,5,5.0
4600.0,1650.0,1,5,5.0
4650.0,1650.0,1,6,6.0
4700.0,1650.0,1,6,6.0
4750.0,1650.0,1,7,7.0
4800.0,1650.0,1,6,6.0
4850.0,1650.0,1,6,6.0
4900.0,1650.0,1,4,4.0
4950.0,1650.0,1,4,4.0
5000.0,1650.0,0,2,2.0
0.0,1700.0,0,1,1.0
50.0,1700.0,1,2,2.0
100.0,1700.0,0,3,3.0
150.0,1700.0,1,4,4.0
200.0,1700.0,1,4,4.0
250.0,1700.0,1,4,4.0
300.0,1700.0,1,4,4.0
350.0,1700.0,0,4,4.0
400.0,1700.0,0,3,3.0
450.0,1700.0,1,4,4.0
500.0,1700.0,1,4,4.0
550.0,1700.0,0,5,5.0
600.0,1700.0,2,7,7.0
650.0,1700.0,1,7,7.0
700.0,1700.0,1,7,7.0
750.0,1700.0,1,7,7.0
800.0,1700.0,2,5,5.0
850.0,1700.0,0,4,4.0
900.0,1700.0,0,3,3.0
1550.0,1700.0,0,5,5.0
1600.0,1700.0,1,6,6.0
1650.0,1700.0,3,8,8.0
1700.0,1700.0,1,8,8.0
1750.0,1700.0,1,9,9.0
1800.0,1700.0,2,9,9.0
1850.0,1700.0,0,8,8.0
1900.0,1700.0,1,9,9.0
1950.0,1700.0,2,8,8.0
2000.0,1700.0,1,7,7.0
2050.0,1700.0,1,6,6.0
2100.0,1700.0,0,5,5.0
2150.0,1700.0,0,4,4.0
2200.0,1700.0,0,3,3.0
2600.0,1700.0,0,6,6.0
2650.0,1700.0,0,7,7.0
2700.0,1700.0,0,7,7.0
2750.0,1700.0,3,9,9.0
2800.0,1700.0,3,10,10.0
2850.0,1700.0,2,10,10.0
2900.0,1700.0,2,11,11.0
2950.0,1700.0,2,8,8.0
3000.0,1700.0,0,6,6.0
3050.0,1700.0,1,6,6.0
3100.0,1700.0,0,5,5.0
3150.0,1700.0,0,6,6.0
3200.0,1700.0,1,6,6.0
3250.0,1700.0,0,5,5.0
3300.0,1700.0,1,6,6.0
3350.0,1700.0,1,5,5.0
3400.0,1700.0,2,5,5.0
3450.0,1700.0,1,6,6.0
3500.0,1700.0,1,5,5.0
3550.0,1700.0,2,5,5.0
3600.0,1700.0,1,6,6.0
3650.0,1700.0,1,6,6.0
3700.0,1700.0,1,5,5.0
3750.0,1700.0,2,6,6.0
3800.0,1700.0,0,4,4.0
3850.0,1700.0,1,6,6.0
3900.0,1700.0,0,4,4.0
3950.0,1700.0,1,5,5.0
4000.0,1700.0,0,4,4.0
4050.0,1700.0,1,4,4.0
4100.0,1700.0,0,3,3.0
4150.0,1700.0,1,3,3.0
4200.0,1700.0,0,2,2.0
4250.0,1700.0,0,2,2.0
4450.0,1700.0,0,2,2.0
4500.0,1700.0,0,4,4.0
4550.0,1700.0,2,5,5.0
4600.0,1700.0,0,6,6.0
4650.0,1700.0,2,6,6.0
4700.0,1700.0,1,6,6.0
4750.0,1700.0,1,7,7.0
4800.0,1700.0,1,6,6.0
4850.0,1700.0,2,6,6.0
4900.0,1700.0,0,4,4.0
4950.0,1700.0,1,4,4.0
5000.0,1700.0,0,3,3.0
0.0,1750.0,0,1,1.0
50.0,1750.0,1,2,2.0
100.0,1750.0,0,3,3.0
150.0,1750.0,1,4,4.0
200.0,1750.0,1,4,4.0
250.0,1750.0,1,5,5.0
300.0,1750.0,0,4,4.0
350.0,1750.0,1,3,3.0
400.0,1750.0,1,4,4.0
450.0,1750.0,0,4,4.0
500.0,1750.0,0,5,5.0
550.0,1750.0,2,6,6.0
600.0,1750.0,0,6,6.0
650.0,1750.0,1,6,6.0
700.0,1750.0,2,8,8.0
750.0,1750.0,1,6,6.0
800.0,1750.0,1,6,6.0
850.0,1750.0,1,5,5.0
900.0,1750.0,0,3,3.0
950.0,1750.0,0,1,1.0
1550.0,1750.0,0,6,6.0
1600.0,1750.0,1,7,7.0
1650.0,1750.0,2,7,7.0
1700.0,1750.0,3,9,9.0
1750.0,1750.0,1,9,9.0
1800.0,1750.0,0,10,10.0
1850.0,1750.0,2,9,9.0
1900.0,1750.0,1,7,7.0
1950.0,1750.0,2,6,6.0
2000.0,1750.0,1,5,5.0
2050.0,1750.0,0,4,4.0
2100.0,1750.0,0,2,2.0
2700.0,1750.0,0,5,5.0
2750.0,1750.0,0,6,6.0
2800.0,1750.0,2,8,8.0
2850.0,1750.0,2,8,8.0
2900.0,1750.0,1,8,8.0
2950.0,1750.0,1,9,9.0
3000.0,1750.0,1,7,7.0
3050.0,1750.0,1,6,6.0
3100.0,1750.0,1,6,6.0
3150.0,1750.0,1,4,4.0
3200.0,1750.0,1,5,5.0
3250.0,1750.0,0,5,5.0
3300.0,1750.0,1,6,6.0
3350.0,1750.0,1,5,5.0
3400.0,1750.0,0,5,5.0
3450.0,1750.0,1,6,6.0
3500.0,1750.0,0,5,5.0
3550.0,1750.0,1,5,5.0
3600.0,1750.0,0,5,5.0
3650.0,1750.0,2,6,6.0
3700.0,1750.0,1,5,5.0
3750.0,1750.0,1,6,6.0
3800.0,1750.0,1,6,6.0
3850.0,1750.0,1,5,5.0
3900.0,1750.0,0,4,4.0
3950.0,1750.0,1,4,4.0
4000.0,1750.0,0,3,3.0
4050.0,1750.0,1,4,4.0
4100.0,1750.0,0,3,3.0
4150.0,1750.0,1,2,2.0
4200.0,1750.0,0,1,1.0
4500.0,1750.0,0,3,3.0
4550.0,1750.0,1,4,4.0
4600.0,1750.0,2,6,6.0
4650.0,1750.0,1,6,6.0
4700.0,1750.0,1,6,6.0
4750.0,1750.0,1,7,7.0
4800.0,1750.0,0,6,6.0
4850.0,1750.0,2,6,6.0
4900.0,1750.0,1,5,5.0
4950.0,1750.0,1,4,4.0
5000.0,1750.0,0,2,2.0
0.0,1800.0,0,1,1.0
50.0,1800.0,1,2,2.0
100.0,1800.0,0,3,3.0
150.0,1800.0,1,4,4.0
200.0,1800.0,1,4,4.0
250.0,1800.0,1,5,5.0
300.0,1800.0,0,4,4.0
350.0,1800.0,1,4,4.0
400.0,1800.0,1,3,3.0
450.0,1800.0,0,4,4.0
500.0,1800.0,1,5,5.0
550.0,1800.0,0,5,5.0
600.0,1800.0,1,5,5.0
650.0,1800.0,1,6,6.0
700.0,1800.0,1,6,6.0
750.0,1800.0,1,7,7.0
800.0,1800.0,2,6,6.0
850.0,1800.0,0,4,4.0
900.0,1800.0,1,3,3.0
950.0,1800.0,0,2,2.0
1000.0,1800.0,0,1,1.0
1050.0,1800.0,0,1,1.0
1550.0,1800.0,0,5,5.0
1600.0,1800.0,2,7,7.0
1650.0,1800.0,2,8,8.0
1700.0,1800.0,2,9,9.0
1750.0,1800.0,1,10,10.0
1800.0,1800.0,1,11,11.0
1850.0,1800.0,2,8,8.0
1900.0,1800.0,2,6,6.0
1950.0,1800.0,1,6,6.0
2000.0,1800.0,0,4,4.0
2050.0,1800.0,0,3,3.0
2750.0,1800.0,0,5,5.0
2800.0,1800.0,0,6,6.0
2850.0,1800.0,2,7,7.0
2900.0,1800.0,2,7,7.0
2950.0,1800.0,1,7,7.0
3000.0,1800.0,1,7,7.0
3050.0,1800.0,0,4,4.0
3100.0,1800.0,1,5,5.0
3150.0,1800.0,1,4,4.0
3200.0,1800.0,2,4,4.0
3250.0,1800.0,1,5,5.0
3300.0,1800.0,1,5,5.0
3350.0,1800.0,0,6,6.0
3400.0,1800.0,1,5,5.0
3450.0,1800.0,1,5,5.0
3500.0,1800.0,0,6,6.0
3550.0,1800.0,1,6,6.0
3600.0,1800.0,0,4,4.0
3650.0,1800.0,1,5,5.0
3700.0,1800.0,2,6,6.0
3750.0,1800.0,0,6,6.0
3800.0,1800.0,1,6,6.0
3850.0,1800.0,2,6,6.0
3900.0,1800.0,1,4,4.0
3950.0,1800.0,2,5,5.0
4000.0,1800.0,0,4,4.0
4050.0,1800.0,1,5,5.0
4100.0,1800.0,0,4,4.0
4150.0,1800.0,1,4,4.0
4200.0,1800.0,0,2,2.0
4500.0,1800.0,0,3,3.0
4550.0,1800.0,2,4,4.0
4600.0,1800.0,1,5,5.0
4650.0,1800.0,0,6,6.0
4700.0,1800.0,1,6,6.0
4750.0,1800.0,1,5,5.0
4800.0,1800.0,1,7,7.0
4850.0,1800.0,2,6,6.0
4900.0,1800.0,1,5,5.0
4950.0,1800.0,1,4,4.0
5000.0,1800.0,0,3,3.0
0.0,1850.0,0,2,2.0
50.0,1850.0,1,3,3.0
100.0,1850.0,0,3,3.0
150.0,1850.0,1,4,4.0
200.0,1850.0,1,4,4.0
250.0,1850.0,1,4,4.0
300.0,1850.0,1,5,5.0
350.0,1850.0,0,4,4.0
400.0,1850.0,0,3,3.0
450.0,1850.0,2,4,4.0
500.0,1850.0,0,4,4.0
550.0,1850.0,0,4,4.0
600.0,1850.0,1,5,5.0
650.0,1850.0,1,4,4.0
700.0,1850.0,1,6,6.0
750.0,1850.0,1,6,6.0
800.0,1850.0,1,6,6.0
850.0,1850.0,1,5,5.0
900.0,1850.0,0,4,4.0
950.0,1850.0,1,2,2.0
1000.0,1850.0,0,2,2.0
1050.0,1850.0,0,1,1.0
1100.0,1850.0,0,1,1.0
1500.0,1850.0,0,4,4.0
1550.0,1850.0,0,5,5.0
1600.0,1850.0,3,7,7.0
1650.0,1850.0,1,8,8.0
1700.0,1850.0,2,10,10.0
1750.0,1850.0,2,10,10.0
1800.0,1850.0,1,10,10.0
1850.0,1850.0,2,8,8.0
1900.0,1850.0,2,6,6.0
1950.0,1850.0,0,5,5.0
2000.0,1850.0,0,3,3.0
2800.0,1850.0,0,4,4.0
2850.0,1850.0,1,6,6.0
2900.0,1850.0,2,6,6.0
2950.0,1850.0,1,6,6.0
3000.0,1850.0,1,6,6.0
3050.0,1850.0,1,6,6.0
3100.0,1850.0,0,5,5.0
3150.0,1850.0,0,4,4.0
3200.0,1850.0,1,5,5.0
3250.0,1850.0,1,4,4.0
3300.0,1850.0,2,5,5.0
3350.0,1850.0,0,6,6.0
3400.0,1850.0,1,4,4.0
3450.0,1850.0,2,5,5.0
3500.0,1850.0,0,5,5.0
3550.0,1850.0,0,5,5.0
3600.0,1850.0,2,6,6.0
3650.0,1850.0,0,4,4.0
3700.0,1850.0,0,5,5.0
3750.0,1850.0,2,7,7.0
3800.0,1850.0,0,5,5.0
3850.0,1850.0,2,6,6.0
3900.0,1850.0,0,5,5.0
3950.0,1850.0,1,5,5.0
4000.0,1850.0,1,4,4.0
4050.0,1850.0,2,5,5.0
4100.0,1850.0,0,4,4.0
4150.0,1850.0,1,4,4.0
4200.0,1850.0,0,3,3.0
4250.0,1850.0,0,3,3.0
4450.0,1850.0,0,3,3.0
4500.0,1850.0,0,3,3.0
4550.0,1850.0,1,3,3.0
4600.0,1850.0,2,4,4.0
4650.0,1850.0,0,5,5.0
4700.0,1850.0,1,5,5.0
4750.0,1850.0,1,6,6.0
4800.0,1850.0,1,7,7.0
4850.0,1850.0,1,6,6.0
4900.0,1850.0,2,5,5.0
4950.0,1850.0,1,4,4.0
5000.0,1850.0,0,3,3.0
0.0,1900.0,0,2,2.0
50.0,1900.0,1,3,3.0
100.0,1900.0,1,3,3.0
150.0,1900.0,1,5,5.0
200.0,1900.0,0,4,4.0
250.0,1900.0,1,4,4.0
300.0,1900.0,1,4,4.0
350.0,1900.0,0,4,4.0
400.0,1900.0,1,5,5.0
450.0,1900.0,0,3,3.0
500.0,1900.0,1,3,3.0
550.0,1900.0,1,4,4.0
600.0,1900.0,0,4,4.0
650.0,1900.0,0,5,5.0
700.0,1900.0,1,5,5.0
750.0,1900.0,1,5,5.0
800.0,1900.0,2,5,5.0
850.0,1900.0,0,5,5.0
900.0,1900.0,1,4,4.0
950.0,1900.0,0,3,3.0
1000.0,1900.0,1,2,2.0
1050.0,1900.0,0,1,1.0
1100.0,1900.0,0,1,1.0
1150.0,1900.0,0,1,1.0
1500.0,1900.0,0,4,4.0
1550.0,1900.0,1,5,5.0
1600.0,1900.0,2,8,8.0
1650.0,1900.0,1,9,9.0
1700.0,1900.0,2,10,10.0
1750.0,1900.0,2,9,9.0
1800.0,1900.0,2,9,9.0
1850.0,1900.0,1,8,8.0
1900.0,1900.0,2,6,6.0
1950.0,1900.0,0,4,4.0
2000.0,1900.0,0,2,2.0
2800.0,1900.0,0,3,3.0
2850.0,1900.0,0,4,4.0
2900.0,1900.0,1,5,5.0
2950.0,1900.0,2,5,5.0
3000.0,1900.0,1,5,5.0
3050.0,1900.0,0,5,5.0
3100.0,1900.0,1,6,6.0
3150.0,1900.0,0,4,4.0
3200.0,1900.0,1,5,5.0
3250.0,1900.0,1,5,5.0
3300.0,1900.0,1,5,5.0
3350.0,1900.0,1,6,6.0
3400.0,1900.0,1,6,6.0
3450.0,1900.0,1,5,5.0
3500.0,1900.0,2,5,5.0
3550.0,1900.0,1,7,7.0
3600.0,1900.0,0,7,7.0
3650.0,1900.0,1,6,6.0
3700.0,1900.0,1,4,4.0
3750.0,1900.0,0,5,5.0
3800.0,1900.0,1,6,6.0
3850.0,1900.0,1,6,6.0
3900.0,1900.0,1,5,5.0
3950.0,1900.0,2,6,6.0
4000.0,1900.0,1,5,5.0
4050.0,1900.0,2,6,6.0
4100.0,1900.0,2,5,5.0
4150.0,1900.0,2,5,5.0
4200.0,1900.0,0,4,4.0
4250.0,1900.0,0,3,3.0
4300.0,1900.0,0,2,2.0
4350.0,1900.0,0,3,3.0
4400.0,1900.0,0,2,2.0
4450.0,1900.0,0,2,2.0
4500.0,1900.0,1,4,4.0
4550.0,1900.0,0,3,3.0
4600.0,1900.0,1,4,4.0
4650.0,1900.0,1,5,5.0
4700.0,1900.0,1,5,5.0
4750.0,1900.0,1,5,5.0
4800.0,1900.0,1,7,7.0
4850.0,1900.0,1,6,6.0
4900.0,1900.0,1,5,5.0
4950.0,1900.0,2,4,4.0
5000.0,1900.0,0,4,4.0
0.0,1950.0,0,2,2.0
50.0,1950.0,1,3,3.0
100.0,1950.0,0,3,3.0
150.0,1950.0,2,5,5.0
200.0,1950.0,0,4,4.0
250.0,1950.0,1,5,5.0
300.0,1950.0,1,4,4.0
350.0,1950.0,0,3,3.0
400.0,1950.0,1,5,5.0
450.0,1950.0,0,4,4.0
500.0,1950.0,1,3,3.0
550.0,1950.0,1,2,2.0
600.0,1950.0,0,3,3.0
650.0,1950.0,0,4,4.0
700.0,1950.0,1,5,5.0
750.0,1950.0,1,4,4.0
800.0,1950.0,1,5,5.0
850.0,1950.0,1,4,4.0
900.0,1950.0,1,5,5.0
950.0,1950.0,0,4,4.0
1000.0,1950.0,0,3,3.0
1050.0,1950.0,1,2,2.0
1100.0,1950.0,0,2,2.0
1150.0,1950.0,0,2,2.0
1200.0,1950.0,0,2,2.0
1450.0,1950.0,0,4,4.0
1500.0,1950.0,0,5,5.0
1550.0,1950.0,2,6,6.0
1600.0,1950.0,2,7,7.0
1650.0,1950.0,1,9,9.0
1700.0,1950.0,2,10,10.0
1750.0,1950.0,1,8,8.0
1800.0,1950.0,2,9,9.0
1850.0,1950.0,1,7,7.0
1900.0,1950.0,2,6,6.0
1950.0,1950.0,0,3,3.0
2850.0,1950.0,0,3,3.0
2900.0,1950.0,1,5,5.0
2950.0,1950.0,1,5,5.0
3000.0,1950.0,2,5,5.0
3050.0,1950.0,0,4,4.0
3100.0,1950.0,0,4,4.0
3150.0,1950.0,1,5,5.0
3200.0,1950.0,1,4,4.0
3250.0,1950.0,0,5,5.0
3300.0,1950.0,2,5,5.0
3350.0,1950.0,0,5,5.0
3400.0,1950.0,0,6,6.0
3450.0,1950.0,0,5,5.0
3500.0,1950.0,3,7,7.0
3550.0,1950.0,1,7,7.0
3600.0,1950.0,0,7,7.0
3650.0,1950.0,1,6,6.0
3700.0,1950.0,1,6,6.0
3750.0,1950.0,0,5,5.0
3800.0,1950.0,0,5,5.0
3850.0,1950.0,2,5,5.0
3900.0,1950.0,0,4,4.0
3950.0,1950.0,1,6,6.0
4000.0,1950.0,0,5,5.0
4050.0,1950.0,1,6,6.0
4100.0,1950.0,0,5,5.0
4150.0,1950.0,2,5,5.0
4200.0,1950.0,2,4,4.0
4250.0,1950.0,2,4,4.0
4300.0,1950.0,1,3,3.0
4350.0,1950.0,1,3,3.0
4400.0,1950.0,1,3,3.0
4450.0,1950.0,1,2,2.0
4500.0,1950.0,0,3,3.0
4550.0,1950.0,0,4,4.0
4600.0,1950.0,1,4,4.0
4650.0,1950.0,1,4,4.0
4700.0,1950.0,1,5,5.0
4750.0,1950.0,1,6,6.0
4800.0,1950.0,1,6,6.0
4850.0,1950.0,0,6,6.0
4900.0,1950.0,2,5,5.0
4950.0,1950.0,2,5,5.0
5000.0,1950.0,0,4,4.0
0.0,2000.0,0,2,2.0
50.0,2000.0,1,3,3.0
100.0,2000.0,0,3,3.0
150.0,2000.0,1,4,4.0
200.0,2000.0,1,4,4.0
250.0,2000.0,1,5,5.0
300.0,2000.0,0,4,4.0
350.0,2000.0,2,4,4.0
400.0,2000.0,0,3,3.0
450.0,2000.0,0,4,4.0
500.0,2000.0,1,4,4.0
550.0,2000.0,0,2,2.0
600.0,2000.0,1,3,3.0
650.0,2000.0,0,3,3.0
700.0,2000.0,1,5,5.0
750.0,2000.0,1,5,5.0
800.0,2000.0,1,6,6.0
850.0,2000.0,1,5,5.0
900.0,2000.0,1,4,4.0
950.0,2000.0,0,4,4.0
1000.0,2000.0,0,4,4.0
1050.0,2000.0,0,2,2.0
1100.0,2000.0,1,2,2.0
1150.0,2000.0,0,2,2.0
1200.0,2000.0,0,3,3.0
1250.0,2000.0,0,3,3.0
1300.0,2000.0,0,3,3.0
1350.0,2000.0,0,4,4.0
1400.0,2000.0,0,5,5.0
1450.0,2000.0,0,5,5.0
1500.0,2000.0,2,6,6.0
1550.0,2000.0,2,7,7.0
1600.0,2000.0,1,7,7.0
1650.0,2000.0,1,9,9.0
1700.0,2000.0,1,8,8.0
1750.0,2000.0,1,7,7.0
1800.0,2000.0,2,8,8.0
1850.0,2000.0,1,6,6.0
1900.0,2000.0,2,5,5.0
1950.0,2000.0,0,3,3.0
2850.0,2000.0,0,2,2.0
2900.0,2000.0,2,4,4.0
2950.0,2000.0,0,4,4.0
3000.0,2000.0,0,4,4.0
3050.0,2000.0,2,5,5.0
3100.0,2000.0,0,4,4.0
3150.0,2000.0,0,4,4.0
3200.0,2000.0,2,6,6.0
3250.0,2000.0,0,4,4.0
3300.0,2000.0,1,6,6.0
3350.0,2000.0,1,5,5.0
3400.0,2000.0,1,6,6.0
3450.0,2000.0,1,6,6.0
3500.0,2000.0,1,7,7.0
3550.0,2000.0,1,7,7.0
3600.0,2000.0,3,7,7.0
3650.0,2000.0,0,6,6.0
3700.0,2000.0,0,6,6.0
3750.0,2000.0,1,6,6.0
3800.0,2000.0,1,5,5.0
3850.0,2000.0,0,5,5.0
3900.0,2000.0,1,5,5.0
3950.0,2000.0,1,5,5.0
4000.0,2000.0,1,4,4.0
4050.0,2000.0,2,7,7.0
4100.0,2000.0,1,6,6.0
4150.0,2000.0,2,6,6.0
4200.0,2000.0,0,4,4.0
4250.0,2000.0,0,5,5.0
4300.0,2000.0,1,4,4.0
4350.0,2000.0,0,3,3.0
4400.0,2000.0,1,3,3.0
4450.0,2000.0,1,3,3.0
4500.0,2000.0,0,3,3.0
4550.0,2000.0,0,4,4.0
4600.0,2000.0,1,4,4.0
4650.0,2000.0,1,4,4.0
4700.0,2000.0,1,6,6.0
4750.0,2000.0,1,6,6.0
4800.0,2000.0,0,6,6.0
4850.0,2000.0,2,7,7.0
4900.0,2000.0,2,5,5.0
4950.0,2000.0,1,5,5.0
5000.0,2000.0,0,4,4.0
0.0,2050.0,0,2,2.0
50.0,2050.0,1,3,3.0
100.0,2050.0,1,4,4.0
150.0,2050.0,0,4,4.0
200.0,2050.0,1,3,3.0
250.0,2050.0,1,5,5.0
300.0,2050.0,0,4,4.0
350.0,2050.0,1,4,4.0
400.0,2050.0,1,3,3.0
450.0,2050.0,1,3,3.0
500.0,2050.0,0,3,3.0
550.0,2050.0,0,3,3.0
600.0,2050.0,1,3,3.0
650.0,2050.0,0,4,4.0
700.0,2050.0,1,5,5.0
750.0,2050.0,1,5,5.0
800.0,2050.0,1,6,6.0
850.0,2050.0,0,5,5.0
900.0,2050.0,2,5,5.0
950.0,2050.0,1,4,4.0
1000.0,2050.0,1,5,5.0
1050.0,2050.0,1,4,4.0
1100.0,2050.0,2,3,3.0
1150.0,2050.0,1,4,4.0
1200.0,2050.0,1,4,4.0
1250.0,2050.0,1,3,3.0
1300.0,2050.0,2,4,4.0
1350.0,2050.0,1,6,6.0
1400.0,2050.0,1,6,6.0
1450.0,2050.0,2,7,7.0
1500.0,2050.0,2,6,6.0
1550.0,2050.0,1,7,7.0
1600.0,2050.0,1,8,8.0
1650.0,2050.0,1,7,7.0
1700.0,2050.0,0,6,6.0
1750.0,2050.0,2,6,6.0
1800.0,2050.0,1,7,7.0
1850.0,2050.0,1,6,6.0
1900.0,2050.0,2,5,5.0
1950.0,2050.0,0,3,3.0
2850.0,2050.0,0,2,2.0
2900.0,2050.0,1,2,2.0
2950.0,2050.0,1,4,4.0
3000.0,2050.0,0,4,4.0
3050.0,2050.0,0,4,4.0
3100.0,2050.0,2,5,5.0
3150.0,2050.0,0,4,4.0
3200.0,2050.0,1,5,5.0
3250.0,2050.0,1,6,6.0
3300.0,2050.0,1,5,5.0
3350.0,2050.0,0,4,4.0
3400.0,2050.0,1,6,6.0
3450.0,2050.0,1,6,6.0
3500.0,2050.0,1,7,7.0
3550.0,2050.0,1,7,7.0
3600.0,2050.0,2,6,6.0
3650.0,2050.0,2,8,8.0
3700.0,2050.0,1,18,18.0
3750.0,2050.0,1,17,17.0
3800.0,2050.0,1,18,18.0
3850.0,2050.0,0,8,8.0
3900.0,2050.0,1,8,8.0
3950.0,2050.0,1,6,6.0
4000.0,2050.0,0,5,5.0
4050.0,2050.0,1,5,5.0
4100.0,2050.0,0,5,5.0
4150.0,2050.0,1,6,6.0
4200.0,2050.0,1,5,5.0
4250.0,2050.0,0,5,5.0
4300.0,2050.0,0,4,4.0
4350.0,2050.0,2,4,4.0
4400.0,2050.0,0,3,3.0
4450.0,2050.0,0,3,3.0
4500.0,2050.0,1,4,4.0
4550.0,2050.0,0,4,4.0
4600.0,2050.0,0,5,5.0
4650.0,2050.0,2,7,7.0
4700.0,2050.0,0,6,6.0
4750.0,2050.0,2,7,7.0
4800.0,2050.0,1,7,7.0
4850.0,2050.0,1,7,7.0
4900.0,2050.0,1,7,7.0
4950.0,2050.0,2,5,5.0
5000.0,2050.0,0,3,3.0
0.0,2100.0,0,3,3.0
50.0,2100.0,1,3,3.0
100.0,2100.0,1,4,4.0
150.0,2100.0,1,4,4.0
200.0,2100.0,1,4,4.0
250.0,2100.0,0,4,4.0
300.0,2100.0,0,4,4.0
350.0,2100.0,1,4,4.0
400.0,2100.0,0,3,3.0
450.0,2100.0,2,3,3.0
500.0,2100.0,0,3,3.0
550.0,2100.0,0,3,3.0
600.0,2100.0,1,4,4.0
650.0,2100.0,0,4,4.0
700.0,2100.0,1,5,5.0
750.0,2100.0,1,5,5.0
800.0,2100.0,3,7,7.0
850.0,2100.0,1,6,6.0
900.0,2100.0,2,6,6.0
950.0,2100.0,1,5,5.0
1000.0,2100.0,0,5,5.0
1050.0,2100.0,0,4,4.0
1100.0,2100.0,1,5,5.0
1150.0,2100.0,0,4,4.0
1200.0,2100.0,0,5,5.0
1250.0,2100.0,1,6,6.0
1300.0,2100.0,1,6,6.0
1350.0,2100.0,2,6,6.0
1400.0,2100.0,2,7,7.0
1450.0,2100.0,2,7,7.0
1500.0,2100.0,1,7,7.0
1550.0,2100.0,1,8,8.0
1600.0,2100.0,0,6,6.0
1650.0,2100.0,1,5,5.0
1700.0,2100.0,1,5,5.0
1750.0,2100.0,1,5,5.0
1800.0,2100.0,1,7,7.0
1850.0,2100.0,1,6,6.0
1900.0,2100.0,2,4,4.0
1950.0,2100.0,0,3,3.0
2850.0,2100.0,0,2,2.0
2900.0,2100.0,1,2,2.0
2950.0,2100.0,0,2,2.0
3000.0,2100.0,1,5,5.0
3050.0,2100.0,0,4,4.0
3100.0,2100.0,0,4,4.0
3150.0,2100.0,3,5,5.0
3200.0,2100.0,0,5,5.0
3250.0,2100.0,0,5,5.0
3300.0,2100.0,1,7,7.0
3350.0,2100.0,1,5,5.0
3400.0,2100.0,1,6,6.0
3450.0,2100.0,0,6,6.0
3500.0,2100.0,3,7,7.0
3550.0,2100.0,0,6,6.0
3600.0,2100.0,1,7,7.0
3650.0,2100.0,1,17,17.0
3700.0,2100.0,1,18,18.0
3750.0,2100.0,2,17,17.0
3800.0,2100.0,0,17,17.0
3850.0,2100.0,2,18,18.0
3900.0,2100.0,0,7,7.0
3950.0,2100.0,0,7,7.0
4000.0,2100.0,1,8,8.0
4050.0,2100.0,0,6,6.0
4100.0,2100.0,1,5,5.0
4150.0,2100.0,1,5,5.0
4200.0,2100.0,0,4,4.0
4250.0,2100.0,1,4,4.0
4300.0,2100.0,1,3,3.0
4350.0,2100.0,0,3,3.0
4400.0,2100.0,1,4,4.0
4450.0,2100.0,0,3,3.0
4500.0,2100.0,0,2,2.0
4550.0,2100.0,1,4,4.0
4600.0,2100.0,0,4,4.0
4650.0,2100.0,1,7,7.0
4700.0,2100.0,1,7,7.0
4750.0,2100.0,1,8,8.0
4800.0,2100.0,2,8,8.0
4850.0,2100.0,1,8,8.0
4900.0,2100.0,0,8,8.0
4950.0,2100.0,3,6,6.0
5000.0,2100.0,0,4,4.0
0.0,2150.0,0,3,3.0
50.0,2150.0,1,3,3.0
100.0,2150.0,1,4,4.0
150.0,2150.0,1,4,4.0
200.0,2150.0,1,4,4.0
250.0,2150.0,0,4,4.0
300.0,2150.0,1,4,4.0
350.0,2150.0,0,3,3.0
400.0,2150.0,0,3,3.0
450.0,2150.0,1,3,3.0
500.0,2150.0,1,3,3.0
550.0,2150.0,0,4,4.0
600.0,2150.0,1,4,4.0
650.0,2150.0,0,3,3.0
700.0,2150.0,2,6,6.0
750.0,2150.0,0,5,5.0
800.0,2150.0,1,6,6.0
850.0,2150.0,1,6,6.0
900.0,2150.0,1,6,6.0
950.0,2150.0,0,5,5.0
1000.0,2150.0,2,5,5.0
1050.0,2150.0,1,5,5.0
1100.0,2150.0,1,5,5.0
1150.0,2150.0,2,6,6.0
1200.0,2150.0,1,6,6.0
1250.0,2150.0,1,7,7.0
1300.0,2150.0,0,7,7.0
1350.0,2150.0,1,7,7.0
1400.0,2150.0,3,7,7.0
1450.0,2150.0,1,7,7.0
1500.0,2150.0,1,7,7.0
1550.0,2150.0,0,6,6.0
1600.0,2150.0,0,4,4.0
1650.0,2150.0,1,4,4.0
1700.0,2150.0,1,4,4.0
1750.0,2150.0,1,5,5.0
1800.0,2150.0,1,7,7.0
1850.0,2150.0,1,5,5.0
1900.0,2150.0,2,4,4.0
1950.0,2150.0,0,3,3.0
2850.0,2150.0,0,1,1.0
2900.0,2150.0,1,2,2.0
2950.0,2150.0,0,3,3.0
3000.0,2150.0,0,3,3.0
3050.0,2150.0,1,4,4.0
3100.0,2150.0,1,4,4.0
3150.0,2150.0,0,4,4.0
3200.0,2150.0,2,5,5.0
3250.0,2150.0,0,6,6.0
3300.0,2150.0,0,6,6.0
3350.0,2150.0,1,6,6.0
3400.0,2150.0,2,6,6.0
3450.0,2150.0,1,6,6.0
3500.0,2150.0,1,7,7.0
3550.0,2150.0,1,7,7.0
3600.0,2150.0,2,8,8.0
3650.0,2150.0,1,17,17.0
3700.0,2150.0,3,17,17.0
3750.0,2150.0,16,17,17.0
3800.0,2150.0,4,17,17.0
3850.0,2150.0,3,17,17.0
3900.0,2150.0,3,8,8.0
3950.0,2150.0,3,8,8.0
4000.0,2150.0,1,7,7.0
4050.0,2150.0,1,6,6.0
4100.0,2150.0,1,5,5.0
4150.0,2150.0,1,5,5.0
4200.0,2150.0,0,5,5.0
4250.0,2150.0,1,5,5.0
4300.0,2150.0,1,3,3.0
4350.0,2150.0,0,3,3.0
4400.0,2150.0,0,3,3.0
4450.0,2150.0,1,3,3.0
4500.0,2150.0,1,3,3.0
4550.0,2150.0,1,4,4.0
4600.0,2150.0,2,5,5.0
4650.0,2150.0,2,6,6.0
4700.0,2150.0,1,8,8.0
4750.0,2150.0,2,9,9.0
4800.0,2150.0,0,9,9.0
4850.0,2150.0,2,12,12.0
4900.0,2150.0,1,17,17.0
4950.0,2150.0,3,17,17.0
5000.0,2150.0,0,17,17.0
0.0,2200.0,0,2,2.0
50.0,2200.0,1,4,4.0
100.0,2200.0,0,4,4.0
150.0,2200.0,1,4,4.0
200.0,2200.0,2,4,4.0
250.0,2200.0,0,4,4.0
300.0,2200.0,1,4,4.0
350.0,2200.0,0,3,3.0
400.0,2200.0,1,3,3.0
450.0,2200.0,0,2,2.0
500.0,2200.0,1,4,4.0
550.0,2200.0,0,5,5.0
600.0,2200.0,1,5,5.0
650.0,2200.0,1,4,4.0
700.0,2200.0,1,5,5.0
750.0,2200.0,0,5,5.0
800.0,2200.0,2,6,6.0
850.0,2200.0,2,5,5.0
900.0,2200.0,2,6,6.0
950.0,2200.0,1,6,6.0
1000.0,2200.0,0,6,6.0
1050.0,2200.0,1,6,6.0
1100.0,2200.0,0,5,5.0
1150.0,2200.0,1,6,6.0
1200.0,2200.0,2,6,6.0
1250.0,2200.0,1,6,6.0
1300.0,2200.0,1,8,8.0
1350.0,2200.0,2,7,7.0
1400.0,2200.0,0,6,6.0
1450.0,2200.0,2,6,6.0
1500.0,2200.0,1,5,5.0
1550.0,2200.0,1,3,3.0
1600.0,2200.0,1,3,3.0
1650.0,2200.0,0,3,3.0
1700.0,2200.0,1,4,4.0
1750.0,2200.0,1,5,5.0
1800.0,2200.0,1,6,6.0
1850.0,2200.0,1,6,6.0
1900.0,2200.0,2,4,4.0
1950.0,2200.0,0,3,3.0
2850.0,2200.0,0,1,1.0
2900.0,2200.0,1,2,2.0
2950.0,2200.0,0,3,3.0
3000.0,2200.0,0,3,3.0
3050.0,2200.0,1,2,2.0
3100.0,2200.0,1,4,4.0
3150.0,2200.0,0,4,4.0
3200.0,2200.0,0,4,4.0
3250.0,2200.0,2,6,6.0
3300.0,2200.0,0,6,6.0
3350.0,2200.0,1,6,6.0
3400.0,2200.0,3,6,6.0
3450.0,2200.0,0,6,6.0
3500.0,2200.0,1,8,8.0
3550.0,2200.0,0,6,6.0
3600.0,2200.0,1,6,6.0
3650.0,2200.0,1,17,17.0
3700.0,2200.0,0,17,17.0
3750.0,2200.0,5,16,16.0
3800.0,2200.0,1,17,17.0
3850.0,2200.0,0,17,17.0
3900.0,2200.0,2,8,8.0
3950.0,2200.0,1,7,7.0
4000.0,2200.0,2,6,6.0
4050.0,2200.0,2,7,7.0
4100.0,2200.0,1,6,6.0
4150.0,2200.0,1,5,5.0
4200.0,2200.0,1,7,7.0
4250.0,2200.0,0,6,6.0
4300.0,2200.0,0,5,5.0
4350.0,2200.0,1,4,4.0
4400.0,2200.0,0,3,3.0
4450.0,2200.0,0,3,3.0
4500.0,2200.0,0,4,4.0
4550.0,2200.0,0,5,5.0
4600.0,2200.0,0,5,5.0
4650.0,2200.0,2,7,7.0
4700.0,2200.0,1,7,7.0
4750.0,2200.0,3,9,9.0
4800.0,2200.0,1,9,9.0
4850.0,2200.0,2,18,18.0
4900.0,2200.0,2,17,17.0
4950.0,2200.0,3,17,17.0
5000.0,2200.0,0,17,17.0
0.0,2250.0,0,2,2.0
50.0,2250.0,1,3,3.0
100.0,2250.0,1,4,4.0
150.0,2250.0,1,5,5.0
200.0,2250.0,0,4,4.0
250.0,2250.0,1,4,4.0
300.0,2250.0,1,4,4.0
350.0,2250.0,0,3,3.0
400.0,2250.0,1,4,4.0
450.0,2250.0,0,3,3.0
500.0,2250.0,1,5,5.0
550.0,2250.0,0,4,4.0
600.0,2250.0,2,5,5.0
650.0,2250.0,0,4,4.0
700.0,2250.0,1,5,5.0
750.0,2250.0,1,5,5.0
800.0,2250.0,1,5,5.0
850.0,2250.0,0,4,4.0
900.0,2250.0,1,5,5.0
950.0,2250.0,1,5,5.0
1000.0,2250.0,0,6,6.0
1050.0,2250.0,1,5,5.0
1100.0,2250.0,1,6,6.0
1150.0,2250.0,0,6,6.0
1200.0,2250.0,1,7,7.0
1250.0,2250.0,2,7,7.0
1300.0,2250.0,2,6,6.0
1350.0,2250.0,0,6,6.0
1400.0,2250.0,1,5,5.0
1450.0,2250.0,0,4,4.0
1500.0,2250.0,0,3,3.0
1550.0,2250.0,0,2,2.0
1600.0,2250.0,0,2,2.0
1650.0,2250.0,0,3,3.0
1700.0,2250.0,0,4,4.0
1750.0,2250.0,2,4,4.0
1800.0,2250.0,1,6,6.0
1850.0,2250.0,1,6,6.0
1900.0,2250.0,2,5,5.0
1950.0,2250.0,0,3,3.0
2850.0,2250.0,0,1,1.0
2900.0,2250.0,1,2,2.0
2950.0,2250.0,0,2,2.0
3000.0,2250.0,1,3,3.0
3050.0,2250.0,0,4,4.0
3100.0,2250.0,0,3,3.0
3150.0,2250.0,1,4,4.0
3200.0,2250.0,1,5,5.0
3250.0,2250.0,0,6,6.0
3300.0,2250.0,1,7,7.0
3350.0,2250.0,2,6,6.0
3400.0,2250.0,1,6,6.0
3450.0,2250.0,1,7,7.0
3500.0,2250.0,2,7,7.0
3550.0,2250.0,1,5,5.0
3600.0,2250.0,3,6,6.0
3650.0,2250.0,1,9,9.0
3700.0,2250.0,1,17,17.0
3750.0,2250.0,3,16,16.0
3800.0,2250.0,1,16,16.0
3850.0,2250.0,2,11,11.0
3900.0,2250.0,0,7,7.0
3950.0,2250.0,1,7,7.0
4000.0,2250.0,2,8,8.0
4050.0,2250.0,1,6,6.0
4100.0,2250.0,1,6,6.0
4150.0,2250.0,1,7,7.0
4200.0,2250.0,2,5,5.0
4250.0,2250.0,0,6,6.0
4300.0,2250.0,0,6,6.0
4350.0,2250.0,0,5,5.0
4400.0,2250.0,1,4,4.0
4450.0,2250.0,1,4,4.0
4500.0,2250.0,1,4,4.0
4550.0,2250.0,1,6,6.0
4600.0,2250.0,1,6,6.0
4650.0,2250.0,2,7,7.0
4700.0,2250.0,1,8,8.0
4750.0,2250.0,2,9,9.0
4800.0,2250.0,3,11,11.0
4850.0,2250.0,4,18,18.0
4900.0,2250.0,7,17,17.0
4950.0,2250.0,16,17,17.0
5000.0,2250.0,0,17,17.0
0.0,2300.0,0,2,2.0
50.0,2300.0,1,3,3.0
100.0,2300.0,1,3,3.0
150.0,2300.0,1,5,5.0
200.0,2300.0,0,4,4.0
250.0,2300.0,1,4,4.0
300.0,2300.0,1,3,3.0
350.0,2300.0,0,3,3.0
400.0,2300.0,1,5,5.0
450.0,2300.0,0,5,5.0
500.0,2300.0,1,5,5.0
550.0,2300.0,1,4,4.0
600.0,2300.0,2,5,5.0
650.0,2300.0,1,5,5.0
700.0,2300.0,2,6,6.0
750.0,2300.0,0,4,4.0
800.0,2300.0,1,5,5.0
850.0,2300.0,0,6,6.0
900.0,2300.0,1,6,6.0
950.0,2300.0,1,6,6.0
1000.0,2300.0,1,7,7.0
1050.0,2300.0,1,6,6.0
1100.0,2300.0,3,6,6.0
1150.0,2300.0,1,7,7.0
1200.0,2300.0,1,8,8.0
1250.0,2300.0,1,7,7.0
1300.0,2300.0,1,5,5.0
1350.0,2300.0,1,5,5.0
1400.0,2300.0,0,4,4.0
1450.0,2300.0,0,2,2.0
1600.0,2300.0,0,1,1.0
1650.0,2300.0,0,3,3.0
1700.0,2300.0,0,3,3.0
1750.0,2300.0,1,4,4.0
1800.0,2300.0,2,6,6.0
1850.0,2300.0,1,6,6.0
1900.0,2300.0,2,5,5.0
1950.0,2300.0,0,4,4.0
2000.0,2300.0,0,2,2.0
2800.0,2300.0,0,1,1.0
2850.0,2300.0,0,1,1.0
2900.0,2300.0,0,2,2.0
2950.0,2300.0,1,2,2.0
3000.0,2300.0,1,3,3.0
3050.0,2300.0,0,4,4.0
3100.0,2300.0,0,4,4.0
3150.0,2300.0,1,3,3.0
3200.0,2300.0,1,6,6.0
3250.0,2300.0,0,6,6.0
3300.0,2300.0,2,6,6.0
3350.0,2300.0,2,5,5.0
3400.0,2300.0,0,7,7.0
3450.0,2300.0,0,7,7.0
3500.0,2300.0,1,6,6.0
3550.0,2300.0,1,4,4.0
3600.0,2300.0,1,5,5.0
3650.0,2300.0,0,6,6.0
3700.0,2300.0,1,7,7.0
3750.0,2300.0,2,6,6.0
3800.0,2300.0,0,6,6.0
3850.0,2300.0,0,6,6.0
3900.0,2300.0,1,5,5.0
3950.0,2300.0,1,7,7.0
4000.0,2300.0,0,6,6.0
4050.0,2300.0,1,6,6.0
4100.0,2300.0,1,6,6.0
4150.0,2300.0,1,6,6.0
4200.0,2300.0,1,6,6.0
4250.0,2300.0,3,5,5.0
4300.0,2300.0,1,5,5.0
4350.0,2300.0,1,5,5.0
4400.0,2300.0,1,4,4.0
4450.0,2300.0,1,3,3.0
4500.0,2300.0,1,3,3.0
4550.0,2300.0,1,4,4.0
4600.0,2300.0,1,5,5.0
4650.0,2300.0,2,6,6.0
4700.0,2300.0,1,7,7.0
4750.0,2300.0,2,9,9.0
4800.0,2300.0,1,11,11.0
4850.0,2300.0,0,18,18.0
4900.0,2300.0,2,17,17.0
4950.0,2300.0,5,17,17.0
5000.0,2300.0,0,17,17.0
0.0,2350.0,0,2,2.0
50.0,2350.0,1,3,3.0
100.0,2350.0,1,3,3.0
150.0,2350.0,1,4,4.0
200.0,2350.0,0,4,4.0
250.0,2350.0,1,4,4.0
300.0,2350.0,0,3,3.0
350.0,2350.0,2,3,3.0
400.0,2350.0,0,5,5.0
450.0,2350.0,0,5,5.0
500.0,2350.0,2,6,6.0
550.0,2350.0,1,4,4.0
600.0,2350.0,1,6,6.0
650.0,2350.0,0,6,6.0
700.0,2350.0,1,5,5.0
750.0,2350.0,0,4,4.0
800.0,2350.0,1,6,6.0
850.0,2350.0,0,5,5.0
900.0,2350.0,0,5,5.0
950.0,2350.0,2,5,5.0
1000.0,2350.0,1,6,6.0
1050.0,2350.0,0,6,6.0
1100.0,2350.0,1,8,8.0
1150.0,2350.0,1,8,8.0
1200.0,2350.0,1,7,7.0
1250.0,2350.0,2,6,6.0
1300.0,2350.0,1,6,6.0
1350.0,2350.0,0,4,4.0
1400.0,2350.0,0,2,2.0
1700.0,2350.0,0,3,3.0
1750.0,2350.0,1,5,5.0
1800.0,2350.0,1,6,6.0
1850.0,2350.0,2,6,6.0
1900.0,2350.0,1,6,6.0
1950.0,2350.0,1,5,5.0
2000.0,2350.0,0,3,3.0
2850.0,2350.0,0,2,2.0
2900.0,2350.0,0,2,2.0
2950.0,2350.0,0,2,2.0
3000.0,2350.0,2,3,3.0
3050.0,2350.0,0,3,3.0
3100.0,2350.0,1,5,5.0
3150.0,2350.0,0,5,5.0
3200.0,2350.0,1,5,5.0
3250.0,2350.0,1,6,6.0
3300.0,2350.0,1,5,5.0
3350.0,2350.0,1,6,6.0
3400.0,2350.0,1,7,7.0
3450.0,2350.0,0,6,6.0
3500.0,2350.0,2,6,6.0
3550.0,2350.0,0,5,5.0
3600.0,2350.0,1,6,6.0
3650.0,2350.0,0,7,7.0
3700.0,2350.0,1,6,6.0
3750.0,2350.0,1,6,6.0
3800.0,2350.0,1,6,6.0
3850.0,2350.0,1,5,5.0
3900.0,2350.0,1,6,6.0
3950.0,2350.0,1,5,5.0
4000.0,2350.0,0,5,5.0
4050.0,2350.0,1,6,6.0
4100.0,2350.0,1,5,5.0
4150.0,2350.0,0,6,6.0
4200.0,2350.0,1,7,7.0
4250.0,2350.0,2,6,6.0
4300.0,2350.0,2,5,5.0
4350.0,2350.0,1,6,6.0
4400.0,2350.0,1,6,6.0
4450.0,2350.0,1,5,5.0
4500.0,2350.0,1,4,4.0
4550.0,2350.0,1,5,5.0
4600.0,2350.0,1,5,5.0
4650.0,2350.0,2,6,6.0
4700.0,2350.0,1,7,7.0
4750.0,2350.0,2,9,9.0
4800.0,2350.0,1,9,9.0
4850.0,2350.0,2,14,14.0
4900.0,2350.0,1,17,17.0
4950.0,2350.0,4,17,17.0
5000.0,2350.0,0,17,17.0
0.0,2400.0,0,2,2.0
50.0,2400.0,1,3,3.0
100.0,2400.0,1,3,3.0
150.0,2400.0,1,4,4.0
200.0,2400.0,0,3,3.0
250.0,2400.0,1,4,4.0
300.0,2400.0,0,3,3.0
350.0,2400.0,1,4,4.0
400.0,2400.0,1,5,5.0
450.0,2400.0,0,5,5.0
500.0,2400.0,2,5,5.0
550.0,2400.0,1,6,6.0
600.0,2400.0,1,6,6.0
650.0,2400.0,0,5,5.0
700.0,2400.0,2,5,5.0
750.0,2400.0,1,4,4.0
800.0,2400.0,2,5,5.0
850.0,2400.0,1,5,5.0
900.0,2400.0,2,7,7.0
950.0,2400.0,1,6,6.0
1000.0,2400.0,2,6,6.0
1050.0,2400.0,3,7,7.0
1100.0,2400.0,0,8,8.0
1150.0,2400.0,0,8,8.0
1200.0,2400.0,3,8,8.0
1250.0,2400.0,1,5,5.0
1300.0,2400.0,1,5,5.0
1350.0,2400.0,0,4,4.0
1700.0,2400.0,0,3,3.0
1750.0,2400.0,0,5,5.0
1800.0,2400.0,1,5,5.0
1850.0,2400.0,3,6,6.0
1900.0,2400.0,1,6,6.0
1950.0,2400.0,1,5,5.0
2000.0,2400.0,0,4,4.0
2050.0,2400.0,0,1,1.0
2800.0,2400.0,0,1,1.0
2850.0,2400.0,0,1,1.0
2900.0,2400.0,0,2,2.0
2950.0,2400.0,1,3,3.0
3000.0,2400.0,0,3,3.0
3050.0,2400.0,1,4,4.0
3100.0,2400.0,1,6,6.0
3150.0,2400.0,0,5,5.0
3200.0,2400.0,1,5,5.0
3250.0,2400.0,2,4,4.0
3300.0,2400.0,0,6,6.0
3350.0,2400.0,0,6,6.0
3400.0,2400.0,1,6,6.0
3450.0,2400.0,2,4,4.0
3500.0,2400.0,1,5,5.0
3550.0,2400.0,0,4,4.0
3600.0,2400.0,1,5,5.0
3650.0,2400.0,0,4,4.0
3700.0,2400.0,1,5,5.0
3750.0,2400.0,0,4,4.0
3800.0,2400.0,1,4,4.0
3850.0,2400.0,0,5,5.0
3900.0,2400.0,0,5,5.0
3950.0,2400.0,0,4,4.0
4000.0,2400.0,2,5,5.0
4050.0,2400.0,0,4,4.0
4100.0,2400.0,0,4,4.0
4150.0,2400.0,2,6,6.0
4200.0,2400.0,0,7,7.0
4250.0,2400.0,0,7,7.0
4300.0,2400.0,1,6,6.0
4350.0,2400.0,1,5,5.0
4400.0,2400.0,0,5,5.0
4450.0,2400.0,0,5,5.0
4500.0,2400.0,0,4,4.0
4550.0,2400.0,0,4,4.0
4600.0,2400.0,0,4,4.0
4650.0,2400.0,1,6,6.0
4700.0,2400.0,0,6,6.0
4750.0,2400.0,1,7,7.0
4800.0,2400.0,1,7,7.0
4850.0,2400.0,1,9,9.0
4900.0,2400.0,1,7,7.0
4950.0,2400.0,3,7,7.0
5000.0,2400.0,0,5,5.0
0.0,2450.0,0,3,3.0
50.0,2450.0,1,3,3.0
100.0,2450.0,1,3,3.0
150.0,2450.0,1,4,4.0
200.0,2450.0,0,3,3.0
250.0,2450.0,1,3,3.0
300.0,2450.0,0,4,4.0
350.0,2450.0,1,4,4.0
400.0,2450.0,0,4,4.0
450.0,2450.0,2,5,5.0
500.0,2450.0,1,6,6.0
550.0,2450.0,1,6,6.0
600.0,2450.0,1,6,6.0
650.0,2450.0,1,4,4.0
700.0,2450.0,1,4,4.0
750.0,2450.0,0,4,4.0
800.0,2450.0,1,5,5.0
850.0,2450.0,0,5,5.0
900.0,2450.0,1,6,6.0
950.0,2450.0,0,6,6.0
1000.0,2450.0,2,7,7.0
1050.0,2450.0,1,7,7.0
1100.0,2450.0,1,7,7.0
1150.0,2450.0,1,8,8.0
1200.0,2450.0,1,7,7.0
1250.0,2450.0,1,6,6.0
1300.0,2450.0,2,5,5.0
1350.0,2450.0,0,3,3.0
1750.0,2450.0,0,4,4.0
1800.0,2450.0,2,5,5.0
1850.0,2450.0,1,6,6.0
1900.0,2450.0,2,6,6.0
1950.0,2450.0,1,5,5.0
2000.0,2450.0,0,3,3.0
2050.0,2450.0,0,1,1.0
2750.0,2450.0,0,1,1.0
2800.0,2450.0,0,1,1.0
2850.0,2450.0,0,1,1.0
2900.0,2450.0,1,2,2.0
2950.0,2450.0,0,3,3.0
3000.0,2450.0,0,4,4.0
3050.0,2450.0,1,5,5.0
3100.0,2450.0,1,4,4.0
3150.0,2450.0,1,5,5.0
3200.0,2450.0,1,5,5.0
3250.0,2450.0,0,5,5.0
3300.0,2450.0,1,6,6.0
3350.0,2450.0,0,6,6.0
3400.0,2450.0,2,6,6.0
3450.0,2450.0,0,5,5.0
3500.0,2450.0,2,6,6.0
3550.0,2450.0,1,5,5.0
3600.0,2450.0,2,4,4.0
3650.0,2450.0,1,3,3.0
3700.0,2450.0,2,4,4.0
3750.0,2450.0,1,4,4.0
3800.0,2450.0,1,5,5.0
3850.0,2450.0,1,4,4.0
3900.0,2450.0,0,5,5.0
3950.0,2450.0,1,6,6.0
4000.0,2450.0,0,4,4.0
4050.0,2450.0,1,5,5.0
4100.0,2450.0,2,5,5.0
4150.0,2450.0,1,4,4.0
4200.0,2450.0,1,6,6.0
4250.0,2450.0,1,7,7.0
4300.0,2450.0,1,6,6.0
4350.0,2450.0,2,5,5.0
4400.0,2450.0,2,4,4.0
4450.0,2450.0,1,4,4.0
4500.0,2450.0,1,4,4.0
4550.0,2450.0,1,4,4.0
4600.0,2450.0,1,4,4.0
4650.0,2450.0,2,5,5.0
4700.0,2450.0,1,5,5.0
4750.0,2450.0,3,7,7.0
4800.0,2450.0,1,7,7.0
4850.0,2450.0,1,8,8.0
4900.0,2450.0,1,7,7.0
4950.0,2450.0,2,5,5.0
5000.0,2450.0,0,4,4.0
0.0,2500.0,0,3,3.0
50.0,2500.0,1,3,3.0
100.0,2500.0,2,4,4.0
150.0,2500.0,0,4,4.0
200.0,2500.0,0,4,4.0
250.0,2500.0,1,3,3.0
300.0,2500.0,0,3,3.0
350.0,2500.0,1,4,4.0
400.0,2500.0,1,4,4.0
450.0,2500.0,1,6,6.0
500.0,2500.0,1,6,6.0
550.0,2500.0,1,6,6.0
600.0,2500.0,2,5,5.0
650.0,2500.0,0,4,4.0
700.0,2500.0,1,5,5.0
750.0,2500.0,0,4,4.0
800.0,2500.0,1,6,6.0
850.0,2500.0,1,5,5.0
900.0,2500.0,2,6,6.0
950.0,2500.0,2,7,7.0
1000.0,2500.0,1,8,8.0
1050.0,2500.0,0,7,7.0
1100.0,2500.0,2,8,8.0
1150.0,2500.0,2,6,6.0
1200.0,2500.0,0,7,7.0
1250.0,2500.0,2,7,7.0
1300.0,2500.0,1,5,5.0
1350.0,2500.0,0,3,3.0
1750.0,2500.0,0,5,5.0
1800.0,2500.0,2,5,5.0
1850.0,2500.0,1,6,6.0
1900.0,2500.0,2,6,6.0
1950.0,2500.0,1,4,4.0
2000.0,2500.0,0,3,3.0
2700.0,2500.0,0,1,1.0
2750.0,2500.0,0,1,1.0
2800.0,2500.0,0,1,1.0
2850.0,2500.0,1,2,2.0
2900.0,2500.0,0,2,2.0
2950.0,2500.0,0,3,3.0
3000.0,2500.0,1,5,5.0
3050.0,2500.0,0,4,4.0
3100.0,2500.0,1,4,4.0
3150.0,2500.0,2,5,5.0
3200.0,2500.0,0,5,5.0
3250.0,2500.0,0,6,6.0
3300.0,2500.0,1,6,6.0
3350.0,2500.0,1,4,4.0
3400.0,2500.0,1,6,6.0
3450.0,2500.0,0,5,5.0
3500.0,2500.0,1,6,6.0
3550.0,2500.0,0,4,4.0
3600.0,2500.0,1,4,4.0
3650.0,2500.0,0,3,3.0
3700.0,2500.0,1,4,4.0
3750.0,2500.0,0,4,4.0
3800.0,2500.0,1,4,4.0
3850.0,2500.0,1,3,3.0
3900.0,2500.0,1,4,4.0
3950.0,2500.0,0,5,5.0
4000.0,2500.0,0,4,4.0
4050.0,2500.0,1,4,4.0
4100.0,2500.0,0,4,4.0
4150.0,2500.0,0,4,4.0
4200.0,2500.0,2,4,4.0
4250.0,2500.0,1,4,4.0
4300.0,2500.0,0,5,5.0
4350.0,2500.0,0,5,5.0
4400.0,2500.0,1,4,4.0
4450.0,2500.0,1,3,3.0
4500.0,2500.0,0,3,3.0
4550.0,2500.0,0,5,5.0
4600.0,2500.0,0,4,4.0
4650.0,2500.0,1,4,4.0
4700.0,2500.0,1,4,4.0
4750.0,2500.0,1,7,7.0
4800.0,2500.0,0,6,6.0
4850.0,2500.0,2,7,7.0
4900.0,2500.0,1,5,5.0
4950.0,2500.0,1,4,4.0
5000.0,2500.0,0,4,4.0
0.0,2550.0,0,3,3.0
50.0,2550.0,1,3,3.0
100.0,2550.0,2,4,4.0
150.0,2550.0,0,4,4.0
200.0,2550.0,1,5,5.0
250.0,2550.0,0,3,3.0
300.0,2550.0,0,3,3.0
350.0,2550.0,1,5,5.0
400.0,2550.0,1,4,4.0
450.0,2550.0,1,6,6.0
500.0,2550.0,1,6,6.0
550.0,2550.0,2,5,5.0
600.0,2550.0,1,5,5.0
650.0,2550.0,0,5,5.0
700.0,2550.0,1,5,5.0
750.0,2550.0,0,4,4.0
800.0,2550.0,2,5,5.0
850.0,2550.0,0,4,4.0
900.0,2550.0,2,6,6.0
950.0,2550.0,0,5,5.0
1000.0,2550.0,2,7,7.0
1050.0,2550.0,1,8,8.0
1100.0,2550.0,1,7,7.0
1150.0,2550.0,1,7,7.0
1200.0,2550.0,2,8,8.0
1250.0,2550.0,1,7,7.0
1300.0,2550.0,1,6,6.0
1350.0,2550.0,0,5,5.0
1700.0,2550.0,0,5,5.0
1750.0,2550.0,0,6,6.0
1800.0,2550.0,3,6,6.0
1850.0,2550.0,2,6,6.0
1900.0,2550.0,0,6,6.0
1950.0,2550.0,1,4,4.0
2000.0,2550.0,0,3,3.0
2050.0,2550.0,0,1,1.0
2650.0,2550.0,0,1,1.0
2700.0,2550.0,0,1,1.0
2750.0,2550.0,0,1,1.0
2800.0,2550.0,1,2,2.0
2850.0,2550.0,0,2,2.0
2900.0,2550.0,0,3,3.0
2950.0,2550.0,1,4,4.0
3000.0,2550.0,0,3,3.0
3050.0,2550.0,1,4,4.0
3100.0,2550.0,1,5,5.0
3150.0,2550.0,0,5,5.0
3200.0,2550.0,1,6,6.0
3250.0,2550.0,1,6,6.0
3300.0,2550.0,1,5,5.0
3350.0,2550.0,1,5,5.0
3400.0,2550.0,1,5,5.0
3450.0,2550.0,1,5,5.0
3500.0,2550.0,2,5,5.0
3550.0,2550.0,1,4,4.0
3600.0,2550.0,2,4,4.0
3650.0,2550.0,1,4,4.0
3700.0,2550.0,0,5,5.0
3750.0,2550.0,0,4,4.0
3800.0,2550.0,1,4,4.0
3850.0,2550.0,1,4,4.0
3900.0,2550.0,1,4,4.0
3950.0,2550.0,1,3,3.0
4000.0,2550.0,2,4,4.0
4050.0,2550.0,1,3,3.0
4100.0,2550.0,1,3,3.0
4150.0,2550.0,1,4,4.0
4200.0,2550.0,0,3,3.0
4250.0,2550.0,1,3,3.0
4300.0,2550.0,1,4,4.0
4350.0,2550.0,0,5,5.0
4400.0,2550.0,0,5,5.0
4450.0,2550.0,1,4,4.0
4500.0,2550.0,1,4,4.0
4550.0,2550.0,0,5,5.0
4600.0,2550.0,0,5,5.0
4650.0,2550.0,2,5,5.0
4700.0,2550.0,0,5,5.0
4750.0,2550.0,1,7,7.0
4800.0,2550.0,0,6,6.0
4850.0,2550.0,2,6,6.0
4900.0,2550.0,1,4,4.0
4950.0,2550.0,1,4,4.0
5000.0,2550.0,0,3,3.0
0.0,2600.0,0,3,3.0
50.0,2600.0,1,3,3.0
100.0,2600.0,1,4,4.0
150.0,2600.0,1,4,4.0
200.0,2600.0,1,4,4.0
250.0,2600.0,0,4,4.0
300.0,2600.0,1,5,5.0
350.0,2600.0,0,4,4.0
400.0,2600.0,1,5,5.0
450.0,2600.0,2,6,6.0
500.0,2600.0,0,6,6.0
550.0,2600.0,2,5,5.0
600.0,2600.0,1,6,6.0
650.0,2600.0,0,5,5.0
700.0,2600.0,1,4,4.0
750.0,2600.0,1,4,4.0
800.0,2600.0,1,5,5.0
850.0,2600.0,1,5,5.0
900.0,2600.0,1,6,6.0
950.0,2600.0,0,5,5.0
1000.0,2600.0,2,7,7.0
1050.0,2600.0,1,6,6.0
1100.0,2600.0,0,8,8.0
1150.0,2600.0,2,10,10.0
1200.0,2600.0,1,9,9.0
1250.0,2600.0,1,8,8.0
1300.0,2600.0,2,8,8.0
1350.0,2600.0,0,6,6.0
1400.0,2600.0,0,6,6.0
1650.0,2600.0,0,4,4.0
1700.0,2600.0,0,6,6.0
1750.0,2600.0,2,6,6.0
1800.0,2600.0,3,6,6.0
1850.0,2600.0,0,6,6.0
1900.0,2600.0,1,6,6.0
1950.0,2600.0,0,3,3.0
2000.0,2600.0,0,1,1.0
2050.0,2600.0,0,1,1.0
2600.0,2600.0,0,1,1.0
2650.0,2600.0,0,1,1.0
2700.0,2600.0,0,1,1.0
2750.0,2600.0,1,2,2.0
2800.0,2600.0,0,2,2.0
2850.0,2600.0,0,3,3.0
2900.0,2600.0,1,4,4.0
2950.0,2600.0,0,4,4.0
3000.0,2600.0,1,4,4.0
3050.0,2600.0,1,5,5.0
3100.0,2600.0,0,6,6.0
3150.0,2600.0,0,6,6.0
3200.0,2600.0,1,6,6.0
3250.0,2600.0,2,5,5.0
3300.0,2600.0,1,5,5.0
3350.0,2600.0,1,6,6.0
3400.0,2600.0,1,5,5.0
3450.0,2600.0,0,3,3.0
3500.0,2600.0,1,4,4.0
3550.0,2600.0,0,4,4.0
3600.0,2600.0,1,4,4.0
3650.0,2600.0,0,5,5.0
3700.0,2600.0,0,5,5.0
3750.0,2600.0,1,4,4.0
3800.0,2600.0,1,4,4.0
3850.0,2600.0,0,4,4.0
3900.0,2600.0,0,4,4.0
3950.0,2600.0,1,3,3.0
4000.0,2600.0,0,2,2.0
4050.0,2600.0,0,2,2.0
4100.0,2600.0,0,2,2.0
4150.0,2600.0,0,2,2.0
4200.0,2600.0,0,3,3.0
4250.0,2600.0,0,3,3.0
4300.0,2600.0,1,2,2.0
4350.0,2600.0,1,3,3.0
4400.0,2600.0,0,4,4.0
4450.0,2600.0,0,5,5.0
4500.0,2600.0,1,4,4.0
4550.0,2600.0,1,4,4.0
4600.0,2600.0,1,4,4.0
4650.0,2600.0,1,5,5.0
4700.0,2600.0,0,5,5.0
4750.0,2600.0,1,5,5.0
4800.0,2600.0,1,4,4.0
4850.0,2600.0,1,5,5.0
4900.0,2600.0,1,4,4.0
4950.0,2600.0,1,4,4.0
5000.0,2600.0,0,2,2.0
0.0,2650.0,0,2,2.0
50.0,2650.0,2,4,4.0
100.0,2650.0,0,4,4.0
150.0,2650.0,0,4,4.0
200.0,2650.0,2,4,4.0
250.0,2650.0,0,4,4.0
300.0,2650.0,1,5,5.0
350.0,2650.0,1,5,5.0
400.0,2650.0,1,6,6.0
450.0,2650.0,1,5,5.0
500.0,2650.0,1,6,6.0
550.0,2650.0,1,6,6.0
600.0,2650.0,1,5,5.0
650.0,2650.0,0,5,5.0
700.0,2650.0,2,5,5.0
750.0,2650.0,0,5,5.0
800.0,2650.0,1,6,6.0
850.0,2650.0,1,5,5.0
900.0,2650.0,1,5,5.0
950.0,2650.0,1,6,6.0
1000.0,2650.0,0,5,5.0
1050.0,2650.0,1,6,6.0
1100.0,2650.0,2,8,8.0
1150.0,2650.0,0,8,8.0
1200.0,2650.0,1,10,10.0
1250.0,2650.0,2,9,9.0
1300.0,2650.0,2,8,8.0
1350.0,2650.0,2,8,8.0
1400.0,2650.0,0,7,7.0
1450.0,2650.0,0,6,6.0
1500.0,2650.0,0,5,5.0
1550.0,2650.0,0,3,3.0
1600.0,2650.0,0,4,4.0
1650.0,2650.0,0,6,6.0
1700.0,2650.0,2,6,6.0
1750.0,2650.0,2,6,6.0
1800.0,2650.0,2,6,6.0
1850.0,2650.0,1,6,6.0
1900.0,2650.0,0,4,4.0
1950.0,2650.0,0,1,1.0
2000.0,2650.0,0,1,1.0
2550.0,2650.0,0,1,1.0
2600.0,2650.0,0,1,1.0
2650.0,2650.0,0,1,1.0
2700.0,2650.0,1,2,2.0
2750.0,2650.0,0,2,2.0
2800.0,2650.0,0,3,3.0
2850.0,2650.0,1,5,5.0
2900.0,2650.0,0,4,4.0
2950.0,2650.0,1,4,4.0
3000.0,2650.0,1,5,5.0
3050.0,2650.0,0,5,5.0
3100.0,2650.0,0,6,6.0
3150.0,2650.0,1,7,7.0
3200.0,2650.0,1,6,6.0
3250.0,2650.0,1,6,6.0
3300.0,2650.0,2,7,7.0
3350.0,2650.0,0,6,6.0
3400.0,2650.0,0,5,5.0
3450.0,2650.0,1,6,6.0
3500.0,2650.0,0,4,4.0
3550.0,2650.0,0,4,4.0
3600.0,2650.0,1,5,5.0
3650.0,2650.0,0,5,5.0
3700.0,2650.0,0,5,5.0
3750.0,2650.0,1,3,3.0
3800.0,2650.0,1,3,3.0
3850.0,2650.0,0,4,4.0
3900.0,2650.0,1,4,4.0
3950.0,2650.0,0,2,2.0
4000.0,2650.0,0,2,2.0
4250.0,2650.0,0,2,2.0
4300.0,2650.0,0,2,2.0
4350.0,2650.0,1,2,2.0
4400.0,2650.0,1,4,4.0
4450.0,2650.0,0,5,5.0
4500.0,2650.0,0,4,4.0
4550.0,2650.0,2,5,5.0
4600.0,2650.0,1,4,4.0
4650.0,2650.0,1,6,6.0
4700.0,2650.0,0,5,5.0
4750.0,2650.0,1,4,4.0
4800.0,2650.0,1,4,4.0
4850.0,2650.0,1,5,5.0
4900.0,2650.0,1,5,5.0
4950.0,2650.0,1,3,3.0
5000.0,2650.0,0,2,2.0
0.0,2700.0,0,2,2.0
50.0,2700.0,2,3,3.0
100.0,2700.0,0,4,4.0
150.0,2700.0,1,5,5.0
200.0,2700.0,0,4,4.0
250.0,2700.0,1,4,4.0
300.0,2700.0,1,5,5.0
350.0,2700.0,1,6,6.0
400.0,2700.0,1,7,7.0
450.0,2700.0,1,5,5.0
500.0,2700.0,1,6,6.0
550.0,2700.0,1,5,5.0
600.0,2700.0,1,5,5.0
650.0,2700.0,1,6,6.0
700.0,2700.0,1,5,5.0
750.0,2700.0,0,6,6.0
800.0,2700.0,2,6,6.0
850.0,2700.0,1,4,4.0
900.0,2700.0,1,5,5.0
950.0,2700.0,0,5,5.0
1000.0,2700.0,0,6,6.0
1050.0,2700.0,1,6,6.0
1100.0,2700.0,1,6,6.0
1150.0,2700.0,2,7,7.0
1200.0,2700.0,2,9,9.0
1250.0,2700.0,2,10,10.0
1300.0,2700.0,2,9,9.0
1350.0,2700.0,3,9,9.0
1400.0,2700.0,4,9,9.0
1450.0,2700.0,2,17,17.0
1500.0,2700.0,1,17,17.0
1550.0,2700.0,1,17,17.0
1600.0,2700.0,1,7,7.0
1650.0,2700.0,2,6,6.0
1700.0,2700.0,2,6,6.0
1750.0,2700.0,2,6,6.0
1800.0,2700.0,0,6,6.0
1850.0,2700.0,0,4,4.0
1900.0,2700.0,0,2,2.0
2550.0,2700.0,0,1,1.0
2600.0,2700.0,0,1,1.0
2650.0,2700.0,1,2,2.0
2700.0,2700.0,0,2,2.0
2750.0,2700.0,0,4,4.0
2800.0,2700.0,1,5,5.0
2850.0,2700.0,0,4,4.0
2900.0,2700.0,1,4,4.0
2950.0,2700.0,1,5,5.0
3000.0,2700.0,1,5,5.0
3050.0,2700.0,1,6,6.0
3100.0,2700.0,1,6,6.0
3150.0,2700.0,1,5,5.0
3200.0,2700.0,1,6,6.0
3250.0,2700.0,1,7,7.0
3300.0,2700.0,0,6,6.0
3350.0,2700.0,1,5,5.0
3400.0,2700.0,1,6,6.0
3450.0,2700.0,0,5,5.0
3500.0,2700.0,0,4,4.0
3550.0,2700.0,1,4,4.0
3600.0,2700.0,1,3,3.0
3650.0,2700.0,1,3,3.0
3700.0,2700.0,1,4,4.0
3750.0,2700.0,1,3,3.0
3800.0,2700.0,2,3,3.0
3850.0,2700.0,1,3,3.0
3900.0,2700.0,0,2,2.0
3950.0,2700.0,0,1,1.0
4300.0,2700.0,0,2,2.0
4350.0,2700.0,1,2,2.0
4400.0,2700.0,0,3,3.0
4450.0,2700.0,1,4,4.0
4500.0,2700.0,1,5,5.0
4550.0,2700.0,1,5,5.0
4600.0,2700.0,1,5,5.0
4650.0,2700.0,1,6,6.0
4700.0,2700.0,0,4,4.0
4750.0,2700.0,1,4,4.0
4800.0,2700.0,1,4,4.0
4850.0,2700.0,1,5,5.0
4900.0,2700.0,1,5,5.0
4950.0,2700.0,1,3,3.0
5000.0,2700.0,0,2,2.0
0.0,2750.0,0,2,2.0
50.0,2750.0,1,3,3.0
100.0,2750.0,1,3,3.0
150.0,2750.0,1,5,5.0
200.0,2750.0,0,5,5.0
250.0,2750.0,1,5,5.0
300.0,2750.0,1,5,5.0
350.0,2750.0,1,6,6.0
400.0,2750.0,1,7,7.0
450.0,2750.0,2,7,7.0
500.0,2750.0,0,6,6.0
550.0,2750.0,1,5,5.0
600.0,2750.0,2,6,6.0
650.0,2750.0,0,6,6.0
700.0,2750.0,1,6,6.0
750.0,2750.0,1,7,7.0
800.0,2750.0,1,6,6.0
850.0,2750.0,1,6,6.0
900.0,2750.0,1,6,6.0
950.0,2750.0,0,4,4.0
1000.0,2750.0,1,6,6.0
1050.0,2750.0,0,5,5.0
1100.0,2750.0,1,5,5.0
1150.0,2750.0,2,7,7.0
1200.0,2750.0,1,7,7.0
1250.0,2750.0,0,8,8.0
1300.0,2750.0,1,10,10.0
1350.0,2750.0,2,10,10.0
1400.0,2750.0,2,17,17.0
1450.0,2750.0,3,17,17.0
1500.0,2750.0,1,17,17.0
1550.0,2750.0,0,17,17.0
1600.0,2750.0,1,18,18.0
1650.0,2750.0,2,6,6.0
1700.0,2750.0,2,6,6.0
1750.0,2750.0,0,6,6.0
1800.0,2750.0,0,4,4.0
2500.0,2750.0,0,1,1.0
2550.0,2750.0,0,1,1.0
2600.0,2750.0,1,2,2.0
2650.0,2750.0,0,2,2.0
2700.0,2750.0,0,4,4.0
2750.0,2750.0,1,5,5.0
2800.0,2750.0,0,4,4.0
2850.0,2750.0,1,4,4.0
2900.0,2750.0,2,5,5.0
2950.0,2750.0,1,5,5.0
3000.0,2750.0,0,6,6.0
3050.0,2750.0,1,6,6.0
3100.0,2750.0,2,6,6.0
3150.0,2750.0,2,6,6.0
3200.0,2750.0,2,8,8.0
3250.0,2750.0,1,8,8.0
3300.0,2750.0,1,6,6.0
3350.0,2750.0,1,6,6.0
3400.0,2750.0,1,4,4.0
3450.0,2750.0,1,4,4.0
3500.0,2750.0,1,4,4.0
3550.0,2750.0,1,3,3.0
3600.0,2750.0,0,3,3.0
3650.0,2750.0,1,4,4.0
3700.0,2750.0,1,3,3.0
3750.0,2750.0,0,3,3.0
3800.0,2750.0,1,3,3.0
3850.0,2750.0,0,2,2.0
3900.0,2750.0,0,2,2.0
3950.0,2750.0,0,1,1.0
4300.0,2750.0,0,1,1.0
4350.0,2750.0,0,3,3.0
4400.0,2750.0,1,4,4.0
4450.0,2750.0,0,4,4.0
4500.0,2750.0,2,5,5.0
4550.0,2750.0,1,5,5.0
4600.0,2750.0,1,5,5.0
4650.0,2750.0,1,5,5.0
4700.0,2750.0,0,4,4.0
4750.0,2750.0,1,5,5.0
4800.0,2750.0,1,5,5.0
4850.0,2750.0,1,5,5.0
4900.0,2750.0,1,4,4.0
4950.0,2750.0,1,3,3.0
5000.0,2750.0,0,2,2.0
0.0,2800.0,0,3,3.0
50.0,2800.0,1,3,3.0
100.0,2800.0,1,3,3.0
150.0,2800.0,1,4,4.0
200.0,2800.0,0,5,5.0
250.0,2800.0,1,6,6.0
300.0,2800.0,1,5,5.0
350.0,2800.0,2,6,6.0
400.0,2800.0,1,7,7.0
450.0,2800.0,1,8,8.0
500.0,2800.0,1,6,6.0
550.0,2800.0,1,6,6.0
600.0,2800.0,1,6,6.0
650.0,2800.0,0,6,6.0
700.0,2800.0,2,7,7.0
750.0,2800.0,1,5,5.0
800.0,2800.0,1,7,7.0
850.0,2800.0,0,6,6.0
900.0,2800.0,1,6,6.0
950.0,2800.0,1,6,6.0
1000.0,2800.0,0,5,5.0
1050.0,2800.0,1,5,5.0
1100.0,2800.0,1,8,8.0
1150.0,2800.0,0,7,7.0
1200.0,2800.0,1,7,7.0
1250.0,2800.0,2,9,9.0
1300.0,2800.0,2,10,10.0
1350.0,2800.0,2,12,12.0
1400.0,2800.0,3,17,17.0
1450.0,2800.0,4,17,17.0
1500.0,2800.0,16,17,17.0
1550.0,2800.0,4,17,17.0
1600.0,2800.0,3,18,18.0
1650.0,2800.0,1,6,6.0
1700.0,2800.0,1,6,6.0
1750.0,2800.0,0,4,4.0
2400.0,2800.0,0,1,1.0
2450.0,2800.0,0,1,1.0
2500.0,2800.0,0,1,1.0
2550.0,2800.0,1,2,2.0
2600.0,2800.0,0,2,2.0
2650.0,2800.0,0,4,4.0
2700.0,2800.0,1,5,5.0
2750.0,2800.0,0,4,4.0
2800.0,2800.0,2,4,4.0
2850.0,2800.0,2,5,5.0
2900.0,2800.0,0,5,5.0
2950.0,2800.0,0,6,6.0
3000.0,2800.0,1,6,6.0
3050.0,2800.0,1,6,6.0
3100.0,2800.0,1,6,6.0
3150.0,2800.0,1,8,8.0
3200.0,2800.0,0,7,7.0
3250.0,2800.0,0,6,6.0
3300.0,2800.0,1,6,6.0
3350.0,2800.0,1,5,5.0
3400.0,2800.0,1,5,5.0
3450.0,2800.0,2,5,5.0
3500.0,2800.0,1,4,4.0
3550.0,2800.0,0,4,4.0
3600.0,2800.0,1,4,4.0
3650.0,2800.0,0,3,3.0
3700.0,2800.0,0,3,3.0
3750.0,2800.0,1,3,3.0
3800.0,2800.0,0,2,2.0
3850.0,2800.0,0,2,2.0
3900.0,2800.0,0,2,2.0
4350.0,2800.0,0,2,2.0
4400.0,2800.0,1,4,4.0
4450.0,2800.0,1,4,4.0
4500.0,2800.0,1,5,5.0
4550.0,2800.0,1,5,5.0
4600.0,2800.0,0,6,6.0
4650.0,2800.0,1,5,5.0
4700.0,2800.0,1,5,5.0
4750.0,2800.0,1,5,5.0
4800.0,2800.0,1,6,6.0
4850.0,2800.0,1,5,5.0
4900.0,2800.0,1,4,4.0
4950.0,2800.0,1,4,4.0
5000.0,2800.0,0,3,3.0
0.0,2850.0,0,3,3.0
50.0,2850.0,1,3,3.0
100.0,2850.0,2,4,4.0
150.0,2850.0,0,5,5.0
200.0,2850.0,0,5,5.0
250.0,2850.0,1,7,7.0
300.0,2850.0,1,6,6.0
350.0,2850.0,2,6,6.0
400.0,2850.0,1,7,7.0
450.0,2850.0,1,7,7.0
500.0,2850.0,1,6,6.0
550.0,2850.0,2,6,6.0
600.0,2850.0,0,6,6.0
650.0,2850.0,1,7,7.0
700.0,2850.0,2,7,7.0
750.0,2850.0,0,6,6.0
800.0,2850.0,2,7,7.0
850.0,2850.0,1,6,6.0
900.0,2850.0,2,6,6.0
950.0,2850.0,0,5,5.0
1000.0,2850.0,1,5,5.0
1050.0,2850.0,1,6,6.0
1100.0,2850.0,0,6,6.0
1150.0,2850.0,0,8,8.0
1200.0,2850.0,1,8,8.0
1250.0,2850.0,1,7,7.0
1300.0,2850.0,0,7,7.0
1350.0,2850.0,0,8,8.0
1400.0,2850.0,1,17,17.0
1450.0,2850.0,2,17,17.0
1500.0,2850.0,2,16,16.0
1550.0,2850.0,0,17,17.0
1600.0,2850.0,0,17,17.0
1650.0,2850.0,0,5,5.0
1700.0,2850.0,1,4,4.0
1750.0,2850.0,0,2,2.0
2350.0,2850.0,0,1,1.0
2400.0,2850.0,0,1,1.0
2450.0,2850.0,0,1,1.0
2500.0,2850.0,1,2,2.0
2550.0,2850.0,0,2,2.0
2600.0,2850.0,0,4,4.0
2650.0,2850.0,1,5,5.0
2700.0,2850.0,0,4,4.0
2750.0,2850.0,2,4,4.0
2800.0,2850.0,1,5,5.0
2850.0,2850.0,0,5,5.0
2900.0,2850.0,0,6,6.0
2950.0,2850.0,1,6,6.0
3000.0,2850.0,1,6,6.0
3050.0,2850.0,1,6,6.0
3100.0,2850.0,1,8,8.0
3150.0,2850.0,1,7,7.0
3200.0,2850.0,1,6,6.0
3250.0,2850.0,2,5,5.0
3300.0,2850.0,1,4,4.0
3350.0,2850.0,0,5,5.0
3400.0,2850.0,1,5,5.0
3450.0,2850.0,0,4,4.0
3500.0,2850.0,1,4,4.0
3550.0,2850.0,1,4,4.0
3600.0,2850.0,0,3,3.0
3650.0,2850.0,0,3,3.0
3700.0,2850.0,1,3,3.0
3750.0,2850.0,0,2,2.0
3800.0,2850.0,0,1,1.0
3850.0,2850.0,0,1,1.0
4300.0,2850.0,0,2,2.0
4350.0,2850.0,0,2,2.0
4400.0,2850.0,1,3,3.0
4450.0,2850.0,1,4,4.0
4500.0,2850.0,1,5,5.0
4550.0,2850.0,0,6,6.0
4600.0,2850.0,1,5,5.0
4650.0,2850.0,1,4,4.0
4700.0,2850.0,2,5,5.0
4750.0,2850.0,0,7,7.0
4800.0,2850.0,0,6,6.0
4850.0,2850.0,1,6,6.0
4900.0,2850.0,2,4,4.0
4950.0,2850.0,1,4,4.0
5000.0,2850.0,0,3,3.0
0.0,2900.0,0,3,3.0
50.0,2900.0,1,3,3.0
100.0,2900.0,1,4,4.0
150.0,2900.0,1,5,5.0
200.0,2900.0,1,5,5.0
250.0,2900.0,1,5,5.0
300.0,2900.0,1,6,6.0
350.0,2900.0,1,6,6.0
400.0,2900.0,2,7,7.0
450.0,2900.0,0,7,7.0
500.0,2900.0,1,6,6.0
550.0,2900.0,1,8,8.0
600.0,2900.0,1,7,7.0
650.0,2900.0,2,6,6.0
700.0,2900.0,1,7,7.0
750.0,2900.0,1,7,7.0
800.0,2900.0,1,7,7.0
850.0,2900.0,1,6,6.0
900.0,2900.0,2,6,6.0
950.0,2900.0,2,6,6.0
1000.0,2900.0,1,7,7.0
1050.0,2900.0,1,6,6.0
1100.0,2900.0,1,7,7.0
1150.0,2900.0,2,7,7.0
1200.0,2900.0,1,7,7.0
1250.0,2900.0,1,7,7.0
1300.0,2900.0,2,8,8.0
1350.0,2900.0,2,9,9.0
1400.0,2900.0,2,8,8.0
1450.0,2900.0,1,16,16.0
1500.0,2900.0,1,17,17.0
1550.0,2900.0,0,17,17.0
1600.0,2900.0,0,7,7.0
1650.0,2900.0,1,4,4.0
1700.0,2900.0,0,2,2.0
1750.0,2900.0,0,1,1.0
2300.0,2900.0,0,1,1.0
2350.0,2900.0,0,1,1.0
2400.0,2900.0,0,1,1.0
2450.0,2900.0,1,2,2.0
2500.0,2900.0,0,2,2.0
2550.0,2900.0,0,4,4.0
2600.0,2900.0,1,5,5.0
2650.0,2900.0,0,4,4.0
2700.0,2900.0,2,4,4.0
2750.0,2900.0,1,5,5.0
2800.0,2900.0,0,5,5.0
2850.0,2900.0,0,6,6.0
2900.0,2900.0,1,6,6.0
2950.0,2900.0,1,5,5.0
3000.0,2900.0,1,5,5.0
3050.0,2900.0,1,7,7.0
3100.0,2900.0,1,6,6.0
3150.0,2900.0,0,5,5.0
3200.0,2900.0,2,4,4.0
3250.0,2900.0,1,3,3.0
3300.0,2900.0,1,4,4.0
3350.0,2900.0,2,4,4.0
3400.0,2900.0,1,4,4.0
3450.0,2900.0,1,4,4.0
3500.0,2900.0,1,4,4.0
3550.0,2900.0,1,3,3.0
3600.0,2900.0,0,2,2.0
3650.0,2900.0,1,2,2.0
3700.0,2900.0,0,1,1.0
3750.0,2900.0,0,1,1.0
3800.0,2900.0,0,1,1.0
4300.0,2900.0,0,2,2.0
4350.0,2900.0,0,3,3.0
4400.0,2900.0,2,3,3.0
4450.0,2900.0,0,4,4.0
4500.0,2900.0,1,6,6.0
4550.0,2900.0,0,5,5.0
4600.0,2900.0,1,5,5.0
4650.0,2900.0,2,4,4.0
4700.0,2900.0,0,5,5.0
4750.0,2900.0,1,6,6.0
4800.0,2900.0,0,6,6.0
4850.0,2900.0,2,5,5.0
4900.0,2900.0,1,4,4.0
4950.0,2900.0,1,4,4.0
5000.0,2900.0,0,3,3.0
0.0,2950.0,0,2,2.0
50.0,2950.0,2,4,4.0
100.0,2950.0,0,4,4.0
150.0,2950.0,1,6,6.0
200.0,2950.0,1,7,7.0
250.0,2950.0,1,6,6.0
300.0,2950.0,1,6,6.0
350.0,2950.0,1,6,6.0
400.0,2950.0,1,6,6.0
450.0,2950.0,1,6,6.0
500.0,2950.0,2,7,7.0
550.0,2950.0,1,8,8.0
600.0,2950.0,1,7,7.0
650.0,2950.0,2,7,7.0
700.0,2950.0,1,8,8.0
750.0,2950.0,0,8,8.0
800.0,2950.0,1,7,7.0
850.0,2950.0,2,6,6.0
900.0,2950.0,1,6,6.0
950.0,2950.0,1,10,10.0
1000.0,2950.0,1,9,9.0
1050.0,2950.0,0,7,7.0
1100.0,2950.0,2,6,6.0
1150.0,2950.0,1,5,5.0
1200.0,2950.0,1,6,6.0
1250.0,2950.0,1,6,6.0
1300.0,2950.0,1,5,5.0
1350.0,2950.0,1,5,5.0
1400.0,2950.0,0,5,5.0
1450.0,2950.0,1,5,5.0
1500.0,2950.0,0,5,5.0
1550.0,2950.0,0,3,3.0
1600.0,2950.0,1,2,2.0
1650.0,2950.0,0,1,1.0
1700.0,2950.0,0,1,1.0
1750.0,2950.0,0,1,1.0
2300.0,2950.0,0,1,1.0
2350.0,2950.0,0,1,1.0
2400.0,2950.0,1,2,2.0
2450.0,2950.0,0,2,2.0
2500.0,2950.0,0,4,4.0
2550.0,2950.0,1,5,5.0
2600.0,2950.0,0,4,4.0
2650.0,2950.0,2,4,4.0
2700.0,2950.0,1,5,5.0
2750.0,2950.0,0,5,5.0
2800.0,2950.0,0,6,6.0
2850.0,2950.0,1,5,5.0
2900.0,2950.0,1,5,5.0
2950.0,2950.0,1,5,5.0
3000.0,2950.0,1,7,7.0
3050.0,2950.0,1,6,6.0
3100.0,2950.0,0,5,5.0
3150.0,2950.0,2,4,4.0
3200.0,2950.0,0,3,3.0
3250.0,2950.0,0,3,3.0
3300.0,2950.0,0,3,3.0
3350.0,2950.0,0,2,2.0
3400.0,2950.0,0,2,2.0
3450.0,2950.0,0,3,3.0
3500.0,2950.0,0,2,2.0
3550.0,2950.0,0,2,2.0
3600.0,2950.0,1,2,2.0
3650.0,2950.0,0,1,1.0
3700.0,2950.0,0,1,1.0
3750.0,2950.0,0,1,1.0
4250.0,2950.0,0,1,1.0
4300.0,2950.0,0,3,3.0
4350.0,2950.0,1,3,3.0
4400.0,2950.0,1,3,3.0
4450.0,2950.0,1,5,5.0
4500.0,2950.0,0,5,5.0
4550.0,2950.0,1,4,4.0
4600.0,2950.0,1,4,4.0
4650.0,2950.0,0,4,4.0
4700.0,2950.0,1,5,5.0
4750.0,2950.0,1,5,5.0
4800.0,2950.0,1,5,5.0
4850.0,2950.0,1,5,5.0
4900.0,2950.0,1,4,4.0
4950.0,2950.0,1,4,4.0
5000.0,2950.0,0,2,2.0
0.0,3000.0,0,2,2.0
50.0,3000.0,1,4,4.0
100.0,3000.0,1,4,4.0
150.0,3000.0,2,7,7.0
200.0,3000.0,0,6,6.0
250.0,3000.0,2,6,6.0
300.0,3000.0,1,8,8.0
350.0,3000.0,1,7,7.0
400.0,3000.0,1,7,7.0
450.0,3000.0,1,8,8.0
500.0,3000.0,1,8,8.0
550.0,3000.0,1,8,8.0
600.0,3000.0,2,8,8.0
650.0,3000.0,2,7,7.0
700.0,3000.0,0,7,7.0
750.0,3000.0,1,8,8.0
800.0,3000.0,1,6,6.0
850.0,3000.0,1,6,6.0
900.0,3000.0,2,10,10.0
950.0,3000.0,0,9,9.0
1000.0,3000.0,0,8,8.0
1050.0,3000.0,2,6,6.0
1100.0,3000.0,1,5,5.0
1150.0,3000.0,2,5,5.0
1200.0,3000.0,2,5,5.0
1250.0,3000.0,2,5,5.0
1300.0,3000.0,2,5,5.0
1350.0,3000.0,1,5,5.0
1400.0,3000.0,1,5,5.0
1450.0,3000.0,0,4,4.0
1500.0,3000.0,0,3,3.0
1550.0,3000.0,1,2,2.0
1600.0,3000.0,0,1,1.0
1650.0,3000.0,0,1,1.0
1700.0,3000.0,0,1,1.0
2250.0,3000.0,0,1,1.0
2300.0,3000.0,0,1,1.0
2350.0,3000.0,1,2,2.0
2400.0,3000.0,0,2,2.0
2450.0,3000.0,0,3,3.0
2500.0,3000.0,1,5,5.0
2550.0,3000.0,0,4,4.0
2600.0,3000.0,2,4,4.0
2650.0,3000.0,1,5,5.0
2700.0,3000.0,0,5,5.0
2750.0,3000.0,0,6,6.0
2800.0,3000.0,1,5,5.0
2850.0,3000.0,1,5,5.0
2900.0,3000.0,1,5,5.0
2950.0,3000.0,1,7,7.0
3000.0,3000.0,1,6,6.0
3050.0,3000.0,0,5,5.0
3100.0,3000.0,2,4,4.0
3150.0,3000.0,0,3,3.0
3200.0,3000.0,0,3,3.0
3550.0,3000.0,0,1,1.0
3600.0,3000.0,0,1,1.0
3650.0,3000.0,0,1,1.0
3700.0,3000.0,0,1,1.0
4150.0,3000.0,0,1,1.0
4200.0,3000.0,0,1,1.0
4250.0,3000.0,0,2,2.0
4300.0,3000.0,1,3,3.0
4350.0,3000.0,0,3,3.0
4400.0,3000.0,2,4,4.0
4450.0,3000.0,0,5,5.0
4500.0,3000.0,0,4,4.0
4550.0,3000.0,2,3,3.0
4600.0,3000.0,0,4,4.0
4650.0,3000.0,0,4,4.0
4700.0,3000.0,1,4,4.0
4750.0,3000.0,1,4,4.0
4800.0,3000.0,1,5,5.0
4850.0,3000.0,1,6,6.0
4900.0,3000.0,1,4,4.0
4950.0,3000.0,1,3,3.0
5000.0,3000.0,0,2,2.0
0.0,3050.0,0,2,2.0
50.0,3050.0,1,4,4.0
100.0,3050.0,1,5,5.0
150.0,3050.0,1,7,7.0
200.0,3050.0,1,6,6.0
250.0,3050.0,2,7,7.0
300.0,3050.0,1,7,7.0
350.0,3050.0,1,7,7.0
400.0,3050.0,1,7,7.0
450.0,3050.0,2,8,8.0
500.0,3050.0,0,7,7.0
550.0,3050.0,3,9,9.0
600.0,3050.0,1,7,7.0
650.0,3050.0,1,7,7.0
700.0,3050.0,1,9,9.0
750.0,3050.0,1,7,7.0
800.0,3050.0,1,6,6.0
850.0,3050.0,2,9,9.0
900.0,3050.0,0,8,8.0
950.0,3050.0,0,8,8.0
1000.0,3050.0,4,7,7.0
1050.0,3050.0,2,5,5.0
1100.0,3050.0,1,5,5.0
1150.0,3050.0,0,5,5.0
1200.0,3050.0,0,3,3.0
1250.0,3050.0,0,4,4.0
1300.0,3050.0,0,4,4.0
1350.0,3050.0,1,3,3.0
1400.0,3050.0,1,3,3.0
1450.0,3050.0,1,2,2.0
1500.0,3050.0,1,2,2.0
1550.0,3050.0,0,1,1.0
1600.0,3050.0,0,1,1.0
1650.0,3050.0,0,1,1.0
2250.0,3050.0,0,1,1.0
2300.0,3050.0,0,2,2.0
2350.0,3050.0,1,2,2.0
2400.0,3050.0,0,3,3.0
2450.0,3050.0,1,4,4.0
2500.0,3050.0,0,4,4.0
2550.0,3050.0,1,4,4.0
2600.0,3050.0,1,5,5.0
2650.0,3050.0,1,5,5.0
2700.0,3050.0,0,6,6.0
2750.0,3050.0,1,6,6.0
2800.0,3050.0,1,5,5.0
2850.0,3050.0,1,5,5.0
2900.0,3050.0,1,6,6.0
2950.0,3050.0,1,6,6.0
3000.0,3050.0,0,5,5.0
3050.0,3050.0,2,4,4.0
3100.0,3050.0,0,3,3.0
3150.0,3050.0,0,2,2.0
3600.0,3050.0,0,1,1.0
3650.0,3050.0,0,1,1.0
4100.0,3050.0,0,1,1.0
4150.0,3050.0,0,1,1.0
4200.0,3050.0,0,2,2.0
4250.0,3050.0,1,2,2.0
4300.0,3050.0,0,3,3.0
4350.0,3050.0,1,4,4.0
4400.0,3050.0,1,4,4.0
4450.0,3050.0,0,4,4.0
4500.0,3050.0,1,4,4.0
4550.0,3050.0,1,2,2.0
4600.0,3050.0,0,4,4.0
4650.0,3050.0,0,4,4.0
4700.0,3050.0,1,5,5.0
4750.0,3050.0,1,4,4.0
4800.0,3050.0,1,5,5.0
4850.0,3050.0,1,6,6.0
4900.0,3050.0,1,5,5.0
4950.0,3050.0,1,4,4.0
5000.0,3050.0,0,2,2.0
0.0,3100.0,0,3,3.0
50.0,3100.0,1,4,4.0
100.0,3100.0,1,5,5.0
150.0,3100.0,2,6,6.0
200.0,3100.0,1,7,7.0
250.0,3100.0,1,7,7.0
300.0,3100.0,1,8,8.0
350.0,3100.0,2,8,8.0
400.0,3100.0,1,7,7.0
450.0,3100.0,1,8,8.0
500.0,3100.0,1,8,8.0
550.0,3100.0,2,8,8.0
600.0,3100.0,1,8,8.0
650.0,3100.0,1,9,9.0
700.0,3100.0,1,8,8.0
750.0,3100.0,1,6,6.0
800.0,3100.0,2,10,10.0
850.0,3100.0,1,9,9.0
900.0,3100.0,0,7,7.0
950.0,3100.0,4,6,6.0
1000.0,3100.0,0,4,4.0
1050.0,3100.0,0,4,4.0
1100.0,3100.0,0,4,4.0
1150.0,3100.0,0,3,3.0
1200.0,3100.0,0,3,3.0
1300.0,3100.0,0,2,2.0
1350.0,3100.0,0,2,2.0
1400.0,3100.0,0,2,2.0
1450.0,3100.0,0,2,2.0
1500.0,3100.0,0,1,1.0
1550.0,3100.0,0,1,1.0
1600.0,3100.0,0,1,1.0
2200.0,3100.0,0,1,1.0
2250.0,3100.0,0,2,2.0
2300.0,3100.0,0,2,2.0
2350.0,3100.0,1,3,3.0
2400.0,3100.0,1,4,4.0
2450.0,3100.0,0,5,5.0
2500.0,3100.0,1,4,4.0
2550.0,3100.0,1,5,5.0
2600.0,3100.0,1,5,5.0
2650.0,3100.0,0,6,6.0
2700.0,3100.0,1,6,6.0
2750.0,3100.0,1,6,6.0
2800.0,3100.0,1,5,5.0
2850.0,3100.0,1,7,7.0
2900.0,3100.0,1,6,6.0
2950.0,3100.0,0,5,5.0
3000.0,3100.0,1,4,4.0
3050.0,3100.0,1,3,3.0
3100.0,3100.0,0,2,2.0
4100.0,3100.0,0,1,1.0
4150.0,3100.0,0,1,1.0
4200.0,3100.0,1,2,2.0
4250.0,3100.0,0,2,2.0
4300.0,3100.0,1,4,4.0
4350.0,3100.0,0,4,4.0
4400.0,3100.0,1,3,3.0
4450.0,3100.0,1,4,4.0
4500.0,3100.0,0,3,3.0
4550.0,3100.0,0,2,2.0
4600.0,3100.0,1,3,3.0
4650.0,3100.0,0,4,4.0
4700.0,3100.0,1,5,5.0
4750.0,3100.0,0,4,4.0
4800.0,3100.0,2,5,5.0
4850.0,3100.0,1,5,5.0
4900.0,3100.0,1,5,5.0
4950.0,3100.0,1,4,4.0
5000.0,3100.0,0,2,2.0
0.0,3150.0,0,3,3.0
50.0,3150.0,1,4,4.0
100.0,3150.0,2,5,5.0
150.0,3150.0,0,7,7.0
200.0,3150.0,2,8,8.0
250.0,3150.0,1,8,8.0
300.0,3150.0,2,7,7.0
350.0,3150.0,1,9,9.0
400.0,3150.0,1,9,9.0
450.0,3150.0,1,8,8.0
500.0,3150.0,2,7,7.0
550.0,3150.0,1,7,7.0
600.0,3150.0,2,10,10.0
650.0,3150.0,0,10,10.0
700.0,3150.0,1,7,7.0
750.0,3150.0,3,10,10.0
800.0,3150.0,1,9,9.0
850.0,3150.0,0,9,9.0
900.0,3150.0,4,7,7.0
950.0,3150.0,0,5,5.0
1000.0,3150.0,0,4,4.0
1050.0,3150.0,0,4,4.0
1450.0,3150.0,0,1,1.0
1500.0,3150.0,0,1,1.0
1550.0,3150.0,0,1,1.0
2150.0,3150.0,0,1,1.0
2200.0,3150.0,0,2,2.0
2250.0,3150.0,0,2,2.0
2300.0,3150.0,1,2,2.0
2350.0,3150.0,1,4,4.0
2400.0,3150.0,0,5,5.0
2450.0,3150.0,1,5,5.0
2500.0,3150.0,1,5,5.0
2550.0,3150.0,1,5,5.0
2600.0,3150.0,0,6,6.0
2650.0,3150.0,1,6,6.0
2700.0,3150.0,1,6,6.0
2750.0,3150.0,1,5,5.0
2800.0,3150.0,1,7,7.0
2850.0,3150.0,1,6,6.0
2900.0,3150.0,0,5,5.0
2950.0,3150.0,1,4,4.0
3000.0,3150.0,1,3,3.0
3050.0,3150.0,0,2,2.0
3100.0,3150.0,0,2,2.0
4100.0,3150.0,0,1,1.0
4150.0,3150.0,0,1,1.0
4200.0,3150.0,1,2,2.0
4250.0,3150.0,0,3,3.0
4300.0,3150.0,1,4,4.0
4350.0,3150.0,0,3,3.0
4400.0,3150.0,2,3,3.0
4450.0,3150.0,0,2,2.0
4500.0,3150.0,0,3,3.0
4550.0,3150.0,0,2,2.0
4600.0,3150.0,1,3,3.0
4650.0,3150.0,0,3,3.0
4700.0,3150.0,1,4,4.0
4750.0,3150.0,1,4,4.0
4800.0,3150.0,1,5,5.0
4850.0,3150.0,1,5,5.0
4900.0,3150.0,1,5,5.0
4950.0,3150.0,1,4,4.0
5000.0,3150.0,0,2,2.0
0.0,3200.0,0,3,3.0
50.0,3200.0,1,3,3.0
100.0,3200.0,1,6,6.0
150.0,3200.0,1,7,7.0
200.0,3200.0,1,8,8.0
250.0,3200.0,2,8,8.0
300.0,3200.0,2,8,8.0
350.0,3200.0,1,9,9.0
400.0,3200.0,1,11,11.0
450.0,3200.0,2,8,8.0
500.0,3200.0,1,8,8.0
550.0,3200.0,2,9,9.0
600.0,3200.0,1,9,9.0
650.0,3200.0,1,9,9.0
700.0,3200.0,2,9,9.0
750.0,3200.0,2,9,9.0
800.0,3200.0,0,9,9.0
850.0,3200.0,4,8,8.0
900.0,3200.0,0,5,5.0
950.0,3200.0,0,4,4.0
2150.0,3200.0,0,1,1.0
2200.0,3200.0,0,2,2.0
2250.0,3200.0,1,2,2.0
2300.0,3200.0,1,4,4.0
2350.0,3200.0,0,5,5.0
2400.0,3200.0,0,5,5.0
2450.0,3200.0,2,5,5.0
2500.0,3200.0,1,5,5.0
2550.0,3200.0,0,6,6.0
2600.0,3200.0,1,6,6.0
2650.0,3200.0,1,6,6.0
2700.0,3200.0,1,5,5.0
2750.0,3200.0,1,7,7.0
2800.0,3200.0,1,6,6.0
2850.0,3200.0,0,5,5.0
2900.0,3200.0,2,4,4.0
2950.0,3200.0,1,3,3.0
3000.0,3200.0,0,2,2.0
3050.0,3200.0,0,2,2.0
3100.0,3200.0,0,1,1.0
4050.0,3200.0,0,1,1.0
4100.0,3200.0,0,1,1.0
4150.0,3200.0,0,1,1.0
4200.0,3200.0,1,3,3.0
4250.0,3200.0,0,3,3.0
4300.0,3200.0,1,4,4.0
4350.0,3200.0,1,3,3.0
4400.0,3200.0,1,3,3.0
4450.0,3200.0,0,2,2.0
4500.0,3200.0,0,3,3.0
4550.0,3200.0,0,1,1.0
4600.0,3200.0,1,3,3.0
4650.0,3200.0,0,3,3.0
4700.0,3200.0,2,5,5.0
4750.0,3200.0,0,4,4.0
4800.0,3200.0,0,5,5.0
4850.0,3200.0,2,6,6.0
4900.0,3200.0,1,4,4.0
4950.0,3200.0,1,4,4.0
5000.0,3200.0,0,2,2.0
0.0,3250.0,0,3,3.0
50.0,3250.0,1,4,4.0
100.0,3250.0,1,5,5.0
150.0,3250.0,1,7,7.0
200.0,3250.0,2,7,7.0
250.0,3250.0,1,8,8.0
300.0,3250.0,2,9,9.0
350.0,3250.0,1,9,9.0
400.0,3250.0,2,9,9.0
450.0,3250.0,2,10,10.0
500.0,3250.0,1,9,9.0
550.0,3250.0,1,10,10.0
600.0,3250.0,2,8,8.0
650.0,3250.0,2,9,9.0
700.0,3250.0,1,11,11.0
750.0,3250.0,1,10,10.0
800.0,3250.0,1,8,8.0
850.0,3250.0,3,6,6.0
900.0,3250.0,0,4,4.0
2150.0,3250.0,0,1,1.0
2200.0,3250.0,0,2,2.0
2250.0,3250.0,1,3,3.0
2300.0,3250.0,1,5,5.0
2350.0,3250.0,0,5,5.0
2400.0,3250.0,2,5,5.0
2450.0,3250.0,1,5,5.0
2500.0,3250.0,0,6,6.0
2550.0,3250.0,1,7,7.0
2600.0,3250.0,1,6,6.0
2650.0,3250.0,1,5,5.0
2700.0,3250.0,1,7,7.0
2750.0,3250.0,1,6,6.0
2800.0,3250.0,0,5,5.0
2850.0,3250.0,2,4,4.0
2900.0,3250.0,0,3,3.0
2950.0,3250.0,0,2,2.0
3000.0,3250.0,0,2,2.0
3050.0,3250.0,0,1,1.0
4050.0,3250.0,0,1,1.0
4100.0,3250.0,0,1,1.0
4150.0,3250.0,1,2,2.0
4200.0,3250.0,0,3,3.0
4250.0,3250.0,0,3,3.0
4300.0,3250.0,2,4,4.0
4350.0,3250.0,0,3,3.0
4400.0,3250.0,1,3,3.0
4450.0,3250.0,0,2,2.0
4500.0,3250.0,0,2,2.0
4550.0,3250.0,0,2,2.0
4600.0,3250.0,1,3,3.0
4650.0,3250.0,0,3,3.0
4700.0,3250.0,1,4,4.0
4750.0,3250.0,1,4,4.0
4800.0,3250.0,1,5,5.0
4850.0,3250.0,1,5,5.0
4900.0,3250.0,1,4,4.0
4950.0,3250.0,1,4,4.0
5000.0,3250.0,0,2,2.0
0.0,3300.0,0,3,3.0
50.0,3300.0,2,5,5.0
100.0,3300.0,0,6,6.0
150.0,3300.0,1,6,6.0
200.0,3300.0,2,8,8.0
250.0,3300.0,1,7,7.0
300.0,3300.0,1,9,9.0
350.0,3300.0,2,9,9.0
400.0,3300.0,1,8,8.0
450.0,3300.0,3,10,10.0
500.0,3300.0,1,11,11.0
550.0,3300.0,2,10,10.0
600.0,3300.0,1,9,9.0
650.0,3300.0,2,9,9.0
700.0,3300.0,1,11,11.0
750.0,3300.0,2,9,9.0
800.0,3300.0,3,6,6.0
850.0,3300.0,0,5,5.0
900.0,3300.0,0,4,4.0
2200.0,3300.0,0,2,2.0
2250.0,3300.0,1,3,3.0
2300.0,3300.0,1,5,5.0
2350.0,3300.0,1,6,6.0
2400.0,3300.0,1,5,5.0
2450.0,3300.0,1,5,5.0
2500.0,3300.0,1,6,6.0
2550.0,3300.0,1,6,6.0
2600.0,3300.0,1,6,6.0
2650.0,3300.0,1,5,5.0
2700.0,3300.0,1,6,6.0
2750.0,3300.0,0,5,5.0
2800.0,3300.0,2,4,4.0
2850.0,3300.0,0,3,3.0
2900.0,3300.0,0,2,2.0
4050.0,3300.0,0,1,1.0
4100.0,3300.0,1,2,2.0
4150.0,3300.0,0,2,2.0
4200.0,3300.0,0,3,3.0
4250.0,3300.0,1,3,3.0
4300.0,3300.0,1,3,3.0
4350.0,3300.0,0,3,3.0
4400.0,3300.0,0,3,3.0
4450.0,3300.0,1,2,2.0
4500.0,3300.0,0,2,2.0
4550.0,3300.0,0,2,2.0
4600.0,3300.0,1,2,2.0
4650.0,3300.0,0,3,3.0
4700.0,3300.0,1,4,4.0
4750.0,3300.0,1,4,4.0
4800.0,3300.0,1,5,5.0
4850.0,3300.0,1,5,5.0
4900.0,3300.0,1,5,5.0
4950.0,3300.0,1,3,3.0
5000.0,3300.0,0,2,2.0
0.0,3350.0,0,4,4.0
50.0,3350.0,2,5,5.0
100.0,3350.0,1,6,6.0
150.0,3350.0,1,7,7.0
200.0,3350.0,1,6,6.0
250.0,3350.0,1,7,7.0
300.0,3350.0,2,8,8.0
350.0,3350.0,0,9,9.0
400.0,3350.0,2,10,10.0
450.0,3350.0,2,11,11.0
500.0,3350.0,1,11,11.0
550.0,3350.0,2,11,11.0
600.0,3350.0,3,9,9.0
650.0,3350.0,2,9,9.0
700.0,3350.0,1,11,11.0
750.0,3350.0,1,9,9.0
800.0,3350.0,3,6,6.0
850.0,3350.0,0,5,5.0
2200.0,3350.0,0,2,2.0
2250.0,3350.0,1,4,4.0
2300.0,3350.0,1,5,5.0
2350.0,3350.0,1,6,6.0
2400.0,3350.0,1,6,6.0
2450.0,3350.0,1,5,5.0
2500.0,3350.0,1,5,5.0
2550.0,3350.0,1,5,5.0
2600.0,3350.0,1,6,6.0
2650.0,3350.0,1,6,6.0
2700.0,3350.0,1,5,5.0
2750.0,3350.0,0,4,4.0
2800.0,3350.0,2,3,3.0
2850.0,3350.0,0,2,2.0
4050.0,3350.0,0,1,1.0
4100.0,3350.0,0,2,2.0
4150.0,3350.0,1,2,2.0
4200.0,3350.0,1,3,3.0
4250.0,3350.0,0,3,3.0
4300.0,3350.0,1,3,3.0
4350.0,3350.0,0,3,3.0
4400.0,3350.0,1,3,3.0
4450.0,3350.0,0,2,2.0
4500.0,3350.0,0,2,2.0
4550.0,3350.0,1,3,3.0
4600.0,3350.0,0,2,2.0
4650.0,3350.0,0,4,4.0
4700.0,3350.0,1,5,5.0
4750.0,3350.0,0,4,4.0
4800.0,3350.0,2,5,5.0
4850.0,3350.0,1,5,5.0
4900.0,3350.0,1,5,5.0
4950.0,3350.0,1,3,3.0
5000.0,3350.0,0,2,2.0
0.0,3400.0,0,5,5.0
50.0,3400.0,2,5,5.0
100.0,3400.0,2,6,6.0
150.0,3400.0,1,7,7.0
200.0,3400.0,0,6,6.0
250.0,3400.0,1,7,7.0
300.0,3400.0,1,8,8.0
350.0,3400.0,1,7,7.0
400.0,3400.0,2,10,10.0
450.0,3400.0,2,11,11.0
500.0,3400.0,2,12,12.0
550.0,3400.0,2,11,11.0
600.0,3400.0,2,11,11.0
650.0,3400.0,2,13,13.0
700.0,3400.0,1,10,10.0
750.0,3400.0,1,8,8.0
800.0,3400.0,3,6,6.0
850.0,3400.0,0,4,4.0
2200.0,3400.0,0,2,2.0
2250.0,3400.0,2,5,5.0
2300.0,3400.0,0,5,5.0
2350.0,3400.0,2,6,6.0
2400.0,3400.0,1,7,7.0
2450.0,3400.0,0,6,6.0
2500.0,3400.0,1,7,7.0
2550.0,3400.0,1,6,6.0
2600.0,3400.0,1,5,5.0
2650.0,3400.0,1,6,6.0
2700.0,3400.0,1,5,5.0
2750.0,3400.0,1,4,4.0
2800.0,3400.0,1,3,3.0
2850.0,3400.0,0,2,2.0
4100.0,3400.0,0,2,2.0
4150.0,3400.0,1,2,2.0
4200.0,3400.0,1,3,3.0
4250.0,3400.0,0,3,3.0
4300.0,3400.0,1,3,3.0
4350.0,3400.0,0,3,3.0
4400.0,3400.0,1,3,3.0
4450.0,3400.0,0,2,2.0
4500.0,3400.0,1,3,3.0
4550.0,3400.0,0,3,3.0
4600.0,3400.0,0,3,3.0
4650.0,3400.0,1,4,4.0
4700.0,3400.0,0,4,4.0
4750.0,3400.0,1,4,4.0
4800.0,3400.0,2,6,6.0
4850.0,3400.0,0,5,5.0
4900.0,3400.0,1,5,5.0
4950.0,3400.0,1,4,4.0
5000.0,3400.0,0,2,2.0
0.0,3450.0,0,5,5.0
50.0,3450.0,2,5,5.0
100.0,3450.0,1,6,6.0
150.0,3450.0,2,6,6.0
200.0,3450.0,1,7,7.0
250.0,3450.0,0,8,8.0
300.0,3450.0,0,7,7.0
350.0,3450.0,2,8,8.0
400.0,3450.0,2,9,9.0
450.0,3450.0,1,11,11.0
500.0,3450.0,2,12,12.0
550.0,3450.0,3,12,12.0
600.0,3450.0,2,11,11.0
650.0,3450.0,1,14,14.0
700.0,3450.0,3,11,11.0
750.0,3450.0,3,8,8.0
800.0,3450.0,0,6,6.0
850.0,3450.0,0,5,5.0
2200.0,3450.0,0,4,4.0
2250.0,3450.0,1,5,5.0
2300.0,3450.0,1,6,6.0
2350.0,3450.0,2,7,7.0
2400.0,3450.0,1,6,6.0
2450.0,3450.0,1,6,6.0
2500.0,3450.0,1,6,6.0
2550.0,3450.0,1,5,5.0
2600.0,3450.0,1,5,5.0
2650.0,3450.0,1,6,6.0
2700.0,3450.0,0,5,5.0
2750.0,3450.0,1,4,4.0
2800.0,3450.0,1,3,3.0
2850.0,3450.0,0,2,2.0
4100.0,3450.0,0,2,2.0
4150.0,3450.0,2,3,3.0
4200.0,3450.0,0,3,3.0
4250.0,3450.0,0,3,3.0
4300.0,3450.0,1,5,5.0
4350.0,3450.0,0,3,3.0
4400.0,3450.0,0,3,3.0
4450.0,3450.0,2,3,3.0
4500.0,3450.0,0,3,3.0
4550.0,3450.0,0,3,3.0
4600.0,3450.0,1,5,5.0
4650.0,3450.0,0,3,3.0
4700.0,3450.0,1,4,4.0
4750.0,3450.0,1,5,5.0
4800.0,3450.0,0,5,5.0
4850.0,3450.0,1,5,5.0
4900.0,3450.0,2,4,4.0
4950.0,3450.0,0,3,3.0
5000.0,3450.0,0,3,3.0
0.0,3500.0,0,4,4.0
50.0,3500.0,1,5,5.0
100.0,3500.0,2,6,6.0
150.0,3500.0,1,6,6.0
200.0,3500.0,1,6,6.0
250.0,3500.0,1,8,8.0
300.0,3500.0,1,8,8.0
350.0,3500.0,1,7,7.0
400.0,3500.0,2,8,8.0
450.0,3500.0,2,10,10.0
500.0,3500.0,1,11,11.0
550.0,3500.0,2,11,11.0
600.0,3500.0,2,12,12.0
650.0,3500.0,2,13,13.0
700.0,3500.0,2,11,11.0
750.0,3500.0,4,8,8.0
800.0,3500.0,0,6,6.0
2200.0,3500.0,0,4,4.0
2250.0,3500.0,1,5,5.0
2300.0,3500.0,3,7,7.0
2350.0,3500.0,0,7,7.0
2400.0,3500.0,2,7,7.0
2450.0,3500.0,1,6,6.0
2500.0,3500.0,0,6,6.0
2550.0,3500.0,1,5,5.0
2600.0,3500.0,1,4,4.0
2650.0,3500.0,1,5,5.0
2700.0,3500.0,0,4,4.0
2750.0,3500.0,1,3,3.0
2800.0,3500.0,1,2,2.0
2850.0,3500.0,0,2,2.0
4050.0,3500.0,0,2,2.0
4100.0,3500.0,0,2,2.0
4150.0,3500.0,1,3,3.0
4200.0,3500.0,1,3,3.0
4250.0,3500.0,1,4,4.0
4300.0,3500.0,0,3,3.0
4350.0,3500.0,0,3,3.0
4400.0,3500.0,1,4,4.0
4450.0,3500.0,0,3,3.0
4500.0,3500.0,1,3,3.0
4550.0,3500.0,1,4,4.0
4600.0,3500.0,0,4,4.0
4650.0,3500.0,0,4,4.0
4700.0,3500.0,1,4,4.0
4750.0,3500.0,1,4,4.0
4800.0,3500.0,0,5,5.0
4850.0,3500.0,1,5,5.0
4900.0,3500.0,1,3,3.0
4950.0,3500.0,1,3,3.0
5000.0,3500.0,0,3,3.0
0.0,3550.0,0,4,4.0
50.0,3550.0,2,4,4.0
100.0,3550.0,1,5,5.0
150.0,3550.0,1,6,6.0
200.0,3550.0,1,7,7.0
250.0,3550.0,1,7,7.0
300.0,3550.0,1,8,8.0
350.0,3550.0,1,7,7.0
400.0,3550.0,1,7,7.0
450.0,3550.0,2,9,9.0
500.0,3550.0,2,11,11.0
550.0,3550.0,1,12,12.0
600.0,3550.0,3,13,13.0
650.0,3550.0,2,13,13.0
700.0,3550.0,2,11,11.0
750.0,3550.0,4,10,10.0
800.0,3550.0,0,7,7.0
850.0,3550.0,0,5,5.0
2150.0,3550.0,0,5,5.0
2200.0,3550.0,0,6,6.0
2250.0,3550.0,4,7,7.0
2300.0,3550.0,0,8,8.0
2350.0,3550.0,1,8,8.0
2400.0,3550.0,2,7,7.0
2450.0,3550.0,0,4,4.0
2500.0,3550.0,1,6,6.0
2550.0,3550.0,0,4,4.0
2600.0,3550.0,2,4,4.0
2650.0,3550.0,0,4,4.0
2700.0,3550.0,0,4,4.0
2750.0,3550.0,1,4,4.0
2800.0,3550.0,1,2,2.0
2850.0,3550.0,0,2,2.0
2900.0,3550.0,0,1,1.0
4050.0,3550.0,0,1,1.0
4100.0,3550.0,0,2,2.0
4150.0,3550.0,1,3,3.0
4200.0,3550.0,1,3,3.0
4250.0,3550.0,1,4,4.0
4300.0,3550.0,0,3,3.0
4350.0,3550.0,1,3,3.0
4400.0,3550.0,0,3,3.0
4450.0,3550.0,0,3,3.0
4500.0,3550.0,1,4,4.0
4550.0,3550.0,1,3,3.0
4600.0,3550.0,0,3,3.0
4650.0,3550.0,1,5,5.0
4700.0,3550.0,0,4,4.0
4750.0,3550.0,1,3,3.0
4800.0,3550.0,1,5,5.0
4850.0,3550.0,0,4,4.0
4900.0,3550.0,0,4,4.0
4950.0,3550.0,2,3,3.0
5000.0,3550.0,0,2,2.0
0.0,3600.0,0,3,3.0
50.0,3600.0,2,4,4.0
100.0,3600.0,1,6,6.0
150.0,3600.0,0,6,6.0
200.0,3600.0,2,7,7.0
250.0,3600.0,1,7,7.0
300.0,3600.0,1,6,6.0
350.0,3600.0,1,8,8.0
400.0,3600.0,1,8,8.0
450.0,3600.0,0,8,8.0
500.0,3600.0,3,11,11.0
550.0,3600.0,3,12,12.0
600.0,3600.0,1,13,13.0
650.0,3600.0,3,15,15.0
700.0,3600.0,2,12,12.0
750.0,3600.0,4,10,10.0
800.0,3600.0,0,9,9.0
850.0,3600.0,0,5,5.0
1700.0,3600.0,0,2,2.0
1750.0,3600.0,0,3,3.0
1800.0,3600.0,0,4,4.0
2100.0,3600.0,0,4,4.0
2150.0,3600.0,0,6,6.0
2200.0,3600.0,3,7,7.0
2250.0,3600.0,1,8,8.0
2300.0,3600.0,1,8,8.0
2350.0,3600.0,1,8,8.0
2400.0,3600.0,1,4,4.0
2450.0,3600.0,0,4,4.0
2500.0,3600.0,1,5,5.0
2550.0,3600.0,0,3,3.0
2600.0,3600.0,1,4,4.0
2650.0,3600.0,1,3,3.0
2700.0,3600.0,1,4,4.0
2750.0,3600.0,0,3,3.0
2800.0,3600.0,1,2,2.0
2850.0,3600.0,0,2,2.0
2900.0,3600.0,0,1,1.0
2950.0,3600.0,0,1,1.0
4000.0,3600.0,0,1,1.0
4050.0,3600.0,0,1,1.0
4100.0,3600.0,0,2,2.0
4150.0,3600.0,1,3,3.0
4200.0,3600.0,1,3,3.0
4250.0,3600.0,1,4,4.0
4300.0,3600.0,0,4,4.0
4350.0,3600.0,0,3,3.0
4400.0,3600.0,1,2,2.0
4450.0,3600.0,1,4,4.0
4500.0,3600.0,0,4,4.0
4550.0,3600.0,0,4,4.0
4600.0,3600.0,2,4,4.0
4650.0,3600.0,0,4,4.0
4700.0,3600.0,0,4,4.0
4750.0,3600.0,1,4,4.0
4800.0,3600.0,1,3,3.0
4850.0,3600.0,0,4,4.0
4900.0,3600.0,1,4,4.0
4950.0,3600.0,1,2,2.0
5000.0,3600.0,0,2,2.0
0.0,3650.0,0,3,3.0
50.0,3650.0,1,4,4.0
100.0,3650.0,1,6,6.0
150.0,3650.0,1,7,7.0
200.0,3650.0,2,6,6.0
250.0,3650.0,1,6,6.0
300.0,3650.0,1,7,7.0
350.0,3650.0,0,7,7.0
400.0,3650.0,1,8,8.0
450.0,3650.0,2,8,8.0
500.0,3650.0,1,9,9.0
550.0,3650.0,2,13,13.0
600.0,3650.0,2,13,13.0
650.0,3650.0,2,15,15.0
700.0,3650.0,4,14,14.0
750.0,3650.0,2,11,11.0
800.0,3650.0,2,10,10.0
850.0,3650.0,0,7,7.0
1650.0,3650.0,0,4,4.0
1700.0,3650.0,0,5,5.0
1750.0,3650.0,0,5,5.0
1800.0,3650.0,0,5,5.0
1850.0,3650.0,0,6,6.0
1900.0,3650.0,0,6,6.0
1950.0,3650.0,0,5,5.0
2000.0,3650.0,0,4,4.0
2050.0,3650.0,0,4,4.0
2100.0,3650.0,0,5,5.0
2150.0,3650.0,3,7,7.0
2200.0,3650.0,1,8,8.0
2250.0,3650.0,3,8,8.0
2300.0,3650.0,2,8,8.0
2350.0,3650.0,2,5,5.0
2400.0,3650.0,1,5,5.0
2450.0,3650.0,1,3,3.0
2500.0,3650.0,0,3,3.0
2550.0,3650.0,0,3,3.0
2600.0,3650.0,1,4,4.0
2650.0,3650.0,1,3,3.0
2700.0,3650.0,1,5,5.0
2750.0,3650.0,0,4,4.0
2800.0,3650.0,0,3,3.0
2850.0,3650.0,1,3,3.0
2900.0,3650.0,0,2,2.0
2950.0,3650.0,0,2,2.0
4000.0,3650.0,0,1,1.0
4050.0,3650.0,0,1,1.0
4100.0,3650.0,1,3,3.0
4150.0,3650.0,0,3,3.0
4200.0,3650.0,1,3,3.0
4250.0,3650.0,1,4,4.0
4300.0,3650.0,0,4,4.0
4350.0,3650.0,0,3,3.0
4400.0,3650.0,1,3,3.0
4450.0,3650.0,1,3,3.0
4500.0,3650.0,0,4,4.0
4550.0,3650.0,1,5,5.0
4600.0,3650.0,0,4,4.0
4650.0,3650.0,1,3,3.0
4700.0,3650.0,1,4,4.0
4750.0,3650.0,0,4,4.0
4800.0,3650.0,1,4,4.0
4850.0,3650.0,0,4,4.0
4900.0,3650.0,1,3,3.0
4950.0,3650.0,1,2,2.0
5000.0,3650.0,0,2,2.0
0.0,3700.0,0,2,2.0
50.0,3700.0,1,4,4.0
100.0,3700.0,1,6,6.0
150.0,3700.0,1,7,7.0
200.0,3700.0,1,6,6.0
250.0,3700.0,2,5,5.0
300.0,3700.0,1,7,7.0
350.0,3700.0,0,8,8.0
400.0,3700.0,0,7,7.0
450.0,3700.0,2,8,8.0
500.0,3700.0,2,8,8.0
550.0,3700.0,1,10,10.0
600.0,3700.0,2,13,13.0
650.0,3700.0,1,13,13.0
700.0,3700.0,3,14,14.0
750.0,3700.0,3,13,13.0
800.0,3700.0,4,11,11.0
850.0,3700.0,0,10,10.0
900.0,3700.0,0,7,7.0
1600.0,3700.0,0,6,6.0
1650.0,3700.0,0,8,8.0
1700.0,3700.0,0,8,8.0
1750.0,3700.0,2,9,9.0
1800.0,3700.0,2,9,9.0
1850.0,3700.0,2,8,8.0
1900.0,3700.0,3,7,7.0
1950.0,3700.0,3,8,8.0
2000.0,3700.0,2,7,7.0
2050.0,3700.0,2,6,6.0
2100.0,3700.0,3,6,6.0
2150.0,3700.0,1,8,8.0
2200.0,3700.0,1,8,8.0
2250.0,3700.0,1,8,8.0
2300.0,3700.0,2,5,5.0
2350.0,3700.0,0,5,5.0
2400.0,3700.0,0,4,4.0
2450.0,3700.0,0,2,2.0
2500.0,3700.0,0,2,2.0
2550.0,3700.0,0,3,3.0
2600.0,3700.0,1,3,3.0
2650.0,3700.0,1,4,4.0
2700.0,3700.0,0,4,4.0
2750.0,3700.0,1,4,4.0
2800.0,3700.0,0,3,3.0
2850.0,3700.0,1,3,3.0
2900.0,3700.0,0,2,2.0
2950.0,3700.0,0,2,2.0
3000.0,3700.0,0,1,1.0
4000.0,3700.0,0,1,1.0
4050.0,3700.0,1,2,2.0
4100.0,3700.0,0,3,3.0
4150.0,3700.0,0,3,3.0
4200.0,3700.0,2,4,4.0
4250.0,3700.0,0,3,3.0
4300.0,3700.0,0,3,3.0
4350.0,3700.0,1,4,4.0
4400.0,3700.0,0,3,3.0
4450.0,3700.0,0,3,3.0
4500.0,3700.0,2,4,4.0
4550.0,3700.0,0,4,4.0
4600.0,3700.0,0,4,4.0
4650.0,3700.0,1,4,4.0
4700.0,3700.0,1,3,3.0
4750.0,3700.0,0,4,4.0
4800.0,3700.0,1,4,4.0
4850.0,3700.0,1,4,4.0
4900.0,3700.0,0,3,3.0
4950.0,3700.0,1,2,2.0
5000.0,3700.0,0,2,2.0
0.0,3750.0,0,2,2.0
50.0,3750.0,1,4,4.0
100.0,3750.0,1,5,5.0
150.0,3750.0,0,6,6.0
200.0,3750.0,2,7,7.0
250.0,3750.0,1,5,5.0
300.0,3750.0,1,6,6.0
350.0,3750.0,1,8,8.0
400.0,3750.0,1,7,7.0
450.0,3750.0,1,7,7.0
500.0,3750.0,1,8,8.0
550.0,3750.0,1,8,8.0
600.0,3750.0,1,10,10.0
650.0,3750.0,2,12,12.0
700.0,3750.0,1,15,15.0
750.0,3750.0,3,14,14.0
800.0,3750.0,7,14,14.0
850.0,3750.0,0,12,12.0
900.0,3750.0,0,11,11.0
1600.0,3750.0,0,10,10.0
1650.0,3750.0,0,10,10.0
1700.0,3750.0,4,11,11.0
1750.0,3750.0,3,11,11.0
1800.0,3750.0,3,11,11.0
1850.0,3750.0,3,11,11.0
1900.0,3750.0,2,10,10.0
1950.0,3750.0,1,10,10.0
2000.0,3750.0,2,9,9.0
2050.0,3750.0,2,9,9.0
2100.0,3750.0,1,7,7.0
2150.0,3750.0,1,7,7.0
2200.0,3750.0,1,8,8.0
2250.0,3750.0,1,5,5.0
2300.0,3750.0,1,5,5.0
2350.0,3750.0,0,4,4.0
2550.0,3750.0,0,2,2.0
2600.0,3750.0,1,3,3.0
2650.0,3750.0,1,4,4.0
2700.0,3750.0,0,4,4.0
2750.0,3750.0,2,4,4.0
2800.0,3750.0,1,3,3.0
2850.0,3750.0,2,3,3.0
2900.0,3750.0,1,2,2.0
2950.0,3750.0,0,2,2.0
3000.0,3750.0,0,1,1.0
3050.0,3750.0,0,1,1.0
3100.0,3750.0,0,1,1.0
3150.0,3750.0,0,1,1.0
4000.0,3750.0,0,2,2.0
4050.0,3750.0,1,2,2.0
4100.0,3750.0,0,3,3.0
4150.0,3750.0,1,4,4.0
4200.0,3750.0,1,3,3.0
4250.0,3750.0,0,3,3.0
4300.0,3750.0,1,4,4.0
4350.0,3750.0,0,2,2.0
4400.0,3750.0,0,3,3.0
4450.0,3750.0,1,4,4.0
4500.0,3750.0,0,3,3.0
4550.0,3750.0,1,3,3.0
4600.0,3750.0,1,4,4.0
4650.0,3750.0,0,3,3.0
4700.0,3750.0,0,4,4.0
4750.0,3750.0,1,4,4.0
4800.0,3750.0,1,3,3.0
4850.0,3750.0,1,4,4.0
4900.0,3750.0,0,3,3.0
4950.0,3750.0,1,2,2.0
5000.0,3750.0,0,1,1.0
0.0,3800.0,0,3,3.0
50.0,3800.0,1,3,3.0
100.0,3800.0,1,4,4.0
150.0,3800.0,1,5,5.0
200.0,3800.0,0,6,6.0
250.0,3800.0,1,6,6.0
300.0,3800.0,1,6,6.0
350.0,3800.0,1,6,6.0
400.0,3800.0,1,7,7.0
450.0,3800.0,1,7,7.0
500.0,3800.0,1,7,7.0
550.0,3800.0,1,8,8.0
600.0,3800.0,1,8,8.0
650.0,3800.0,1,10,10.0
700.0,3800.0,2,16,16.0
750.0,3800.0,1,15,15.0
800.0,3800.0,3,16,16.0
850.0,3800.0,7,16,16.0
900.0,3800.0,0,15,15.0
950.0,3800.0,0,48,48.0
1550.0,3800.0,0,14,14.0
1600.0,3800.0,0,14,14.0
1650.0,3800.0,6,14,14.0
1700.0,3800.0,4,14,14.0
1750.0,3800.0,3,14,14.0
1800.0,3800.0,3,14,14.0
1850.0,3800.0,2,14,14.0
1900.0,3800.0,2,12,12.0
1950.0,3800.0,2,11,11.0
2000.0,3800.0,2,10,10.0
2050.0,3800.0,1,9,9.0
2100.0,3800.0,2,9,9.0
2150.0,3800.0,1,8,8.0
2200.0,3800.0,1,5,5.0
2250.0,3800.0,0,4,4.0
2300.0,3800.0,1,3,3.0
2350.0,3800.0,0,2,2.0
2550.0,3800.0,0,3,3.0
2600.0,3800.0,1,3,3.0
2650.0,3800.0,1,4,4.0
2700.0,3800.0,1,4,4.0
2750.0,3800.0,1,4,4.0
2800.0,3800.0,0,3,3.0
2850.0,3800.0,1,3,3.0
2900.0,3800.0,0,2,2.0
2950.0,3800.0,1,2,2.0
3000.0,3800.0,0,1,1.0
3050.0,3800.0,0,1,1.0
3100.0,3800.0,0,1,1.0
3150.0,3800.0,0,1,1.0
3200.0,3800.0,0,1,1.0
3250.0,3800.0,0,1,1.0
4000.0,3800.0,0,2,2.0
4050.0,3800.0,1,2,2.0
4100.0,3800.0,1,4,4.0
4150.0,3800.0,0,4,4.0
4200.0,3800.0,1,3,3.0
4250.0,3800.0,1,4,4.0
4300.0,3800.0,0,3,3.0
4350.0,3800.0,0,2,2.0
4400.0,3800.0,1,3,3.0
4450.0,3800.0,0,3,3.0
4500.0,3800.0,0,3,3.0
4550.0,3800.0,1,3,3.0
4600.0,3800.0,1,2,2.0
4650.0,3800.0,0,3,3.0
4700.0,3800.0,0,5,5.0
4750.0,3800.0,1,4,4.0
4800.0,3800.0,1,3,3.0
4850.0,3800.0,1,4,4.0
4900.0,3800.0,0,3,3.0
4950.0,3800.0,1,3,3.0
5000.0,3800.0,0,1,1.0
0.0,3850.0,0,3,3.0
50.0,3850.0,1,3,3.0
100.0,3850.0,1,3,3.0
150.0,3850.0,1,4,4.0
200.0,3850.0,0,4,4.0
250.0,3850.0,0,5,5.0
300.0,3850.0,1,5,5.0
350.0,3850.0,1,5,5.0
400.0,3850.0,1,6,6.0
450.0,3850.0,1,7,7.0
500.0,3850.0,1,7,7.0
550.0,3850.0,1,7,7.0
600.0,3850.0,1,8,8.0
650.0,3850.0,1,8,8.0
700.0,3850.0,1,11,11.0
750.0,3850.0,3,19,19.0
800.0,3850.0,2,18,18.0
850.0,3850.0,4,17,17.0
900.0,3850.0,7,48,48.0
950.0,3850.0,0,48,48.0
1000.0,3850.0,0,48,48.0
1050.0,3850.0,0,48,48.0
1450.0,3850.0,0,14,14.0
1500.0,3850.0,0,14,14.0
1550.0,3850.0,0,14,14.0
1600.0,3850.0,7,14,14.0
1650.0,3850.0,4,14,14.0
1700.0,3850.0,2,14,14.0
1750.0,3850.0,3,14,14.0
1800.0,3850.0,3,14,14.0
1850.0,3850.0,2,13,13.0
1900.0,3850.0,2,13,13.0
1950.0,3850.0,3,13,13.0
2000.0,3850.0,3,10,10.0
2050.0,3850.0,2,10,10.0
2100.0,3850.0,1,9,9.0
2150.0,3850.0,1,7,7.0
2200.0,3850.0,0,5,5.0
2250.0,3850.0,1,4,4.0
2300.0,3850.0,0,4,4.0
2350.0,3850.0,0,2,2.0
2550.0,3850.0,0,3,3.0
2600.0,3850.0,1,3,3.0
2650.0,3850.0,2,4,4.0
2700.0,3850.0,0,5,5.0
2750.0,3850.0,1,4,4.0
2800.0,3850.0,0,3,3.0
2850.0,3850.0,1,3,3.0
2900.0,3850.0,0,2,2.0
2950.0,3850.0,0,2,2.0
3000.0,3850.0,1,1,1.0
3050.0,3850.0,1,1,1.0
3100.0,3850.0,1,1,1.0
3150.0,3850.0,0,1,1.0
3200.0,3850.0,0,1,1.0
3250.0,3850.0,0,1,1.0
3300.0,3850.0,0,1,1.0
4000.0,3850.0,0,2,2.0
4050.0,3850.0,2,3,3.0
4100.0,3850.0,0,4,4.0
4150.0,3850.0,0,4,4.0
4200.0,3850.0,2,5,5.0
4250.0,3850.0,0,3,3.0
4300.0,3850.0,0,3,3.0
4350.0,3850.0,1,4,4.0
4400.0,3850.0,0,2,2.0
4450.0,3850.0,0,2,2.0
4500.0,3850.0,1,3,3.0
4550.0,3850.0,0,2,2.0
4600.0,3850.0,0,2,2.0
4650.0,3850.0,1,4,4.0
4700.0,3850.0,0,4,4.0
4750.0,3850.0,1,4,4.0
4800.0,3850.0,1,3,3.0
4850.0,3850.0,1,4,4.0
4900.0,3850.0,0,3,3.0
4950.0,3850.0,1,3,3.0
5000.0,3850.0,0,1,1.0
0.0,3900.0,0,2,2.0
50.0,3900.0,2,3,3.0
100.0,3900.0,0,3,3.0
150.0,3900.0,0,3,3.0
200.0,3900.0,1,3,3.0
250.0,3900.0,0,3,3.0
300.0,3900.0,0,4,4.0
350.0,3900.0,1,5,5.0
400.0,3900.0,1,5,5.0
450.0,3900.0,1,6,6.0
500.0,3900.0,1,7,7.0
550.0,3900.0,1,8,8.0
600.0,3900.0,1,8,8.0
650.0,3900.0,1,10,10.0
700.0,3900.0,1,10,10.0
750.0,3900.0,1,13,13.0
800.0,3900.0,3,21,21.0
850.0,3900.0,4,25,25.0
900.0,3900.0,5,48,48.0
950.0,3900.0,10,48,48.0
1000.0,3900.0,48,48,48.0
1050.0,3900.0,0,48,48.0
1100.0,3900.0,0,48,48.0
1150.0,3900.0,0,18,18.0
1200.0,3900.0,0,9,9.0
1300.0,3900.0,0,9,9.0
1350.0,3900.0,0,10,10.0
1400.0,3900.0,0,14,14.0
1450.0,3900.0,0,14,14.0
1500.0,3900.0,9,14,14.0
1550.0,3900.0,14,14,14.0
1600.0,3900.0,7,14,14.0
1650.0,3900.0,4,14,14.0
1700.0,3900.0,4,14,14.0
1750.0,3900.0,3,10,10.0
1800.0,3900.0,3,9,9.0
1850.0,3900.0,3,10,10.0
1900.0,3900.0,2,11,11.0
1950.0,3900.0,1,10,10.0
2000.0,3900.0,0,10,10.0
2050.0,3900.0,2,8,8.0
2100.0,3900.0,1,8,8.0
2150.0,3900.0,1,7,7.0
2200.0,3900.0,1,6,6.0
2250.0,3900.0,0,4,4.0
2300.0,3900.0,0,3,3.0
2350.0,3900.0,0,3,3.0
2400.0,3900.0,0,2,2.0
2450.0,3900.0,0,2,2.0
2500.0,3900.0,0,3,3.0
2550.0,3900.0,0,3,3.0
2600.0,3900.0,2,4,4.0
2650.0,3900.0,1,5,5.0
2700.0,3900.0,0,5,5.0
2750.0,3900.0,1,4,4.0
2800.0,3900.0,1,2,2.0
2850.0,3900.0,0,2,2.0
2900.0,3900.0,0,2,2.0
2950.0,3900.0,0,2,2.0
3000.0,3900.0,0,1,1.0
3050.0,3900.0,0,1,1.0
3100.0,3900.0,0,1,1.0
3150.0,3900.0,1,1,1.0
3200.0,3900.0,1,1,1.0
3250.0,3900.0,0,1,1.0
3300.0,3900.0,0,1,1.0
3350.0,3900.0,0,1,1.0
3950.0,3900.0,0,2,2.0
4000.0,3900.0,0,3,3.0
4050.0,3900.0,1,3,3.0
4100.0,3900.0,1,4,4.0
4150.0,3900.0,1,5,5.0
4200.0,3900.0,0,4,4.0
4250.0,3900.0,1,4,4.0
4300.0,3900.0,1,4,4.0
4350.0,3900.0,0,3,3.0
4400.0,3900.0,0,2,2.0
4450.0,3900.0,1,3,3.0
4500.0,3900.0,0,2,2.0
4550.0,3900.0,0,2,2.0
4600.0,3900.0,1,3,3.0
4650.0,3900.0,0,3,3.0
4700.0,3900.0,0,3,3.0
4750.0,3900.0,2,4,4.0
4800.0,3900.0,0,3,3.0
4850.0,3900.0,1,4,4.0
4900.0,3900.0,0,3,3.0
4950.0,3900.0,1,2,2.0
5000.0,3900.0,0,1,1.0
0.0,3950.0,0,2,2.0
50.0,3950.0,1,2,2.0
100.0,3950.0,1,3,3.0
150.0,3950.0,0,3,3.0
200.0,3950.0,0,2,2.0
250.0,3950.0,1,3,3.0
300.0,3950.0,0,3,3.0
350.0,3950.0,0,5,5.0
400.0,3950.0,1,6,6.0
450.0,3950.0,1,6,6.0
500.0,3950.0,1,7,7.0
550.0,3950.0,1,8,8.0
600.0,3950.0,1,9,9.0
650.0,3950.0,1,10,10.0
700.0,3950.0,2,11,11.0
750.0,3950.0,2,12,12.0
800.0,3950.0,2,17,17.0
850.0,3950.0,2,29,29.0
900.0,3950.0,4,48,48.0
950.0,3950.0,15,48,48.0
1000.0,3950.0,5,48,48.0
1050.0,3950.0,18,48,48.0
1100.0,3950.0,5,48,48.0
1150.0,3950.0,0,19,19.0
1200.0,3950.0,0,16,16.0
1250.0,3950.0,0,14,14.0
1300.0,3950.0,0,14,14.0
1350.0,3950.0,4,14,14.0
1400.0,3950.0,5,14,14.0
1450.0,3950.0,9,14,14.0
1500.0,3950.0,5,14,14.0
1550.0,3950.0,0,14,14.0
1600.0,3950.0,0,14,14.0
1650.0,3950.0,0,14,14.0
1700.0,3950.0,0,8,8.0
1750.0,3950.0,0,7,7.0
1800.0,3950.0,0,7,7.0
1850.0,3950.0,2,7,7.0
1900.0,3950.0,3,8,8.0
1950.0,3950.0,1,9,9.0
2000.0,3950.0,2,10,10.0
2050.0,3950.0,2,9,9.0
2100.0,3950.0,2,7,7.0
2150.0,3950.0,1,6,6.0
2200.0,3950.0,1,5,5.0
2250.0,3950.0,1,4,4.0
2300.0,3950.0,0,3,3.0
2350.0,3950.0,1,3,3.0
2400.0,3950.0,1,3,3.0
2450.0,3950.0,1,3,3.0
2500.0,3950.0,1,3,3.0
2550.0,3950.0,2,3,3.0
2600.0,3950.0,1,5,5.0
2650.0,3950.0,0,5,5.0
2700.0,3950.0,1,5,5.0
2750.0,3950.0,1,3,3.0
2800.0,3950.0,0,2,2.0
2850.0,3950.0,0,2,2.0
2900.0,3950.0,0,1,1.0
3100.0,3950.0,0,1,1.0
3150.0,3950.0,0,1,1.0
3200.0,3950.0,0,1,1.0
3250.0,3950.0,1,1,1.0
3300.0,3950.0,0,1,1.0
3350.0,3950.0,0,1,1.0
3400.0,3950.0,0,1,1.0
3900.0,3950.0,0,1,1.0
3950.0,3950.0,0,2,2.0
4000.0,3950.0,0,3,3.0
4050.0,3950.0,1,3,3.0
4100.0,3950.0,1,5,5.0
4150.0,3950.0,1,5,5.0
4200.0,3950.0,1,4,4.0
4250.0,3950.0,1,5,5.0
4300.0,3950.0,0,3,3.0
4350.0,3950.0,0,3,3.0
4400.0,3950.0,1,3,3.0
4450.0,3950.0,0,2,2.0
4500.0,3950.0,0,2,2.0
4550.0,3950.0,1,3,3.0
4600.0,3950.0,0,2,2.0
4650.0,3950.0,0,3,3.0
4700.0,3950.0,1,4,4.0
4750.0,3950.0,1,3,3.0
4800.0,3950.0,0,3,3.0
4850.0,3950.0,1,4,4.0
4900.0,3950.0,0,2,2.0
4950.0,3950.0,1,2,2.0
5000.0,3950.0,0,1,1.0
0.0,4000.0,0,2,2.0
50.0,4000.0,1,2,2.0
100.0,4000.0,0,2,2.0
150.0,4000.0,1,3,3.0
200.0,4000.0,0,2,2.0
250.0,4000.0,0,2,2.0
300.0,4000.0,1,4,4.0
350.0,4000.0,0,4,4.0
400.0,4000.0,0,6,6.0
450.0,4000.0,1,7,7.0
500.0,4000.0,1,7,7.0
550.0,4000.0,1,9,9.0
600.0,4000.0,2,9,9.0
650.0,4000.0,2,9,9.0
700.0,4000.0,3,10,10.0
750.0,4000.0,2,12,12.0
800.0,4000.0,2,15,15.0
850.0,4000.0,2,22,22.0
900.0,4000.0,7,31,31.0
950.0,4000.0,5,48,48.0
1000.0,4000.0,1,48,48.0
1050.0,4000.0,3,48,48.0
1100.0,4000.0,11,24,24.0
1150.0,4000.0,7,19,19.0
1200.0,4000.0,6,17,17.0
1250.0,4000.0,6,15,15.0
1300.0,4000.0,7,14,14.0
1350.0,4000.0,5,14,14.0
1400.0,4000.0,5,14,14.0
1450.0,4000.0,5,14,14.0
1500.0,4000.0,0,14,14.0
1550.0,4000.0,0,14,14.0
1600.0,4000.0,0,14,14.0
1800.0,4000.0,0,5,5.0
1850.0,4000.0,0,5,5.0
1900.0,4000.0,0,6,6.0
1950.0,4000.0,3,6,6.0
2000.0,4000.0,1,7,7.0
2050.0,4000.0,1,7,7.0
2100.0,4000.0,1,7,7.0
2150.0,4000.0,2,5,5.0
2200.0,4000.0,1,5,5.0
2250.0,4000.0,1,5,5.0
2300.0,4000.0,2,4,4.0
2350.0,4000.0,1,3,3.0
2400.0,4000.0,1,3,3.0
2450.0,4000.0,1,3,3.0
2500.0,4000.0,1,3,3.0
2550.0,4000.0,1,4,4.0
2600.0,4000.0,0,5,5.0
2650.0,4000.0,0,5,5.0
2700.0,4000.0,2,3,3.0
2750.0,4000.0,0,2,2.0
2800.0,4000.0,0,2,2.0
3200.0,4000.0,0,1,1.0
3250.0,4000.0,0,1,1.0
3300.0,4000.0,1,1,1.0
3350.0,4000.0,0,1,1.0
3400.0,4000.0,0,1,1.0
3450.0,4000.0,0,1,1.0
3850.0,4000.0,0,1,1.0
3900.0,4000.0,0,2,2.0
3950.0,4000.0,0,2,2.0
4000.0,4000.0,1,3,3.0
4050.0,4000.0,1,4,4.0
4100.0,4000.0,0,5,5.0
4150.0,4000.0,1,5,5.0
4200.0,4000.0,1,5,5.0
4250.0,4000.0,1,4,4.0
4300.0,4000.0,0,3,3.0
4350.0,4000.0,1,4,4.0
4400.0,4000.0,0,2,2.0
4450.0,4000.0,0,2,2.0
4500.0,4000.0,1,3,3.0
4550.0,4000.0,0,2,2.0
4600.0,4000.0,0,2,2.0
4650.0,4000.0,1,4,4.0
4700.0,4000.0,0,3,3.0
4750.0,4000.0,1,3,3.0
4800.0,4000.0,1,3,3.0
4850.0,4000.0,0,3,3.0
4900.0,4000.0,0,2,2.0
4950.0,4000.0,1,2,2.0
5000.0,4000.0,0,1,1.0
0.0,4050.0,0,1,1.0
50.0,4050.0,1,2,2.0
100.0,4050.0,0,2,2.0
150.0,4050.0,0,2,2.0
200.0,4050.0,1,2,2.0
250.0,4050.0,0,3,3.0
300.0,4050.0,0,3,3.0
350.0,4050.0,1,5,5.0
400.0,4050.0,1,5,5.0
450.0,4050.0,1,6,6.0
500.0,4050.0,2,7,7.0
550.0,4050.0,2,8,8.0
600.0,4050.0,2,9,9.0
650.0,4050.0,2,10,10.0
700.0,4050.0,1,10,10.0
750.0,4050.0,1,11,11.0
800.0,4050.0,2,12,12.0
850.0,4050.0,4,17,17.0
900.0,4050.0,2,21,21.0
950.0,4050.0,1,23,23.0
1000.0,4050.0,4,38,38.0
1050.0,4050.0,1,25,25.0
1100.0,4050.0,2,23,23.0
1150.0,4050.0,8,20,20.0
1200.0,4050.0,8,17,17.0
1250.0,4050.0,8,15,15.0
1300.0,4050.0,7,14,14.0
1350.0,4050.0,5,14,14.0
1400.0,4050.0,4,14,14.0
1450.0,4050.0,0,14,14.0
1500.0,4050.0,0,14,14.0
1550.0,4050.0,0,5,5.0
1900.0,4050.0,0,4,4.0
1950.0,4050.0,0,5,5.0
2000.0,4050.0,2,5,5.0
2050.0,4050.0,0,6,6.0
2100.0,4050.0,1,6,6.0
2150.0,4050.0,0,6,6.0
2200.0,4050.0,1,5,5.0
2250.0,4050.0,0,4,4.0
2300.0,4050.0,0,4,4.0
2350.0,4050.0,0,4,4.0
2400.0,4050.0,1,3,3.0
2450.0,4050.0,1,3,3.0
2500.0,4050.0,1,4,4.0
2550.0,4050.0,0,5,5.0
2600.0,4050.0,0,5,5.0
2650.0,4050.0,1,3,3.0
2700.0,4050.0,1,2,2.0
2750.0,4050.0,0,2,2.0
3250.0,4050.0,0,1,1.0
3300.0,4050.0,0,1,1.0
3350.0,4050.0,1,1,1.0
3400.0,4050.0,0,1,1.0
3450.0,4050.0,0,1,1.0
3500.0,4050.0,0,1,1.0
3800.0,4050.0,0,1,1.0
3850.0,4050.0,0,2,2.0
3900.0,4050.0,0,2,2.0
3950.0,4050.0,1,2,2.0
4000.0,4050.0,1,4,4.0
4050.0,4050.0,0,5,5.0
4100.0,4050.0,1,5,5.0
4150.0,4050.0,1,5,5.0
4200.0,4050.0,1,4,4.0
4250.0,4050.0,0,4,4.0
4300.0,4050.0,1,4,4.0
4350.0,4050.0,0,3,3.0
4400.0,4050.0,0,2,2.0
4450.0,4050.0,1,3,3.0
4500.0,4050.0,0,3,3.0
4550.0,4050.0,0,3,3.0
4600.0,4050.0,1,3,3.0
4650.0,4050.0,0,3,3.0
4700.0,4050.0,0,3,3.0
4750.0,4050.0,2,3,3.0
4800.0,4050.0,0,2,2.0
4850.0,4050.0,0,3,3.0
4900.0,4050.0,0,3,3.0
4950.0,4050.0,1,1,1.0
5000.0,4050.0,0,1,1.0
0.0,4100.0,0,1,1.0
50.0,4100.0,1,1,1.0
100.0,4100.0,0,2,2.0
150.0,4100.0,0,3,3.0
200.0,4100.0,0,2,2.0
250.0,4100.0,1,3,3.0
300.0,4100.0,0,4,4.0
350.0,4100.0,1,4,4.0
400.0,4100.0,1,5,5.0
450.0,4100.0,1,6,6.0
500.0,4100.0,1,7,7.0
550.0,4100.0,1,8,8.0
600.0,4100.0,1,9,9.0
650.0,4100.0,2,9,9.0
700.0,4100.0,1,10,10.0
750.0,4100.0,2,11,11.0
800.0,4100.0,3,10,10.0
850.0,4100.0,3,11,11.0
900.0,4100.0,1,15,15.0
950.0,4100.0,1,15,15.0
1000.0,4100.0,3,11,11.0
1050.0,4100.0,2,18,18.0
1100.0,4100.0,2,23,23.0
1150.0,4100.0,1,21,21.0
1200.0,4100.0,0,18,18.0
1250.0,4100.0,0,15,15.0
1300.0,4100.0,0,14,14.0
1350.0,4100.0,0,14,14.0
1400.0,4100.0,0,10,10.0
1450.0,4100.0,0,9,9.0
1500.0,4100.0,0,5,5.0
1950.0,4100.0,0,4,4.0
2000.0,4100.0,1,5,5.0
2050.0,4100.0,1,5,5.0
2100.0,4100.0,0,5,5.0
2150.0,4100.0,1,5,5.0
2200.0,4100.0,1,5,5.0
2250.0,4100.0,2,5,5.0
2300.0,4100.0,1,5,5.0
2350.0,4100.0,1,5,5.0
2400.0,4100.0,0,3,3.0
2450.0,4100.0,0,4,4.0
2500.0,4100.0,0,4,4.0
2550.0,4100.0,0,4,4.0
2600.0,4100.0,1,3,3.0
2650.0,4100.0,1,2,2.0
2700.0,4100.0,0,2,2.0
2750.0,4100.0,0,2,2.0
3250.0,4100.0,0,1,1.0
3300.0,4100.0,0,1,1.0
3350.0,4100.0,0,1,1.0
3400.0,4100.0,1,1,1.0
3450.0,4100.0,0,1,1.0
3500.0,4100.0,0,1,1.0
3550.0,4100.0,0,1,1.0
3850.0,4100.0,0,2,2.0
3900.0,4100.0,1,2,2.0
3950.0,4100.0,1,3,3.0
4000.0,4100.0,0,5,5.0
4050.0,4100.0,0,5,5.0
4100.0,4100.0,1,5,5.0
4150.0,4100.0,2,4,4.0
4200.0,4100.0,0,4,4.0
4250.0,4100.0,1,5,5.0
4300.0,4100.0,0,3,3.0
4350.0,4100.0,0,2,2.0
4400.0,4100.0,1,3,3.0
4450.0,4100.0,0,3,3.0
4500.0,4100.0,0,3,3.0
4550.0,4100.0,1,3,3.0
4600.0,4100.0,0,2,2.0
4650.0,4100.0,0,3,3.0
4700.0,4100.0,1,3,3.0
4750.0,4100.0,0,2,2.0
4800.0,4100.0,1,2,2.0
4850.0,4100.0,0,3,3.0
4900.0,4100.0,0,2,2.0
4950.0,4100.0,1,1,1.0
5000.0,4100.0,0,1,1.0
0.0,4150.0,0,1,1.0
50.0,4150.0,1,1,1.0
100.0,4150.0,0,2,2.0
150.0,4150.0,0,3,3.0
200.0,4150.0,0,2,2.0
250.0,4150.0,0,3,3.0
300.0,4150.0,2,4,4.0
350.0,4150.0,0,4,4.0
400.0,4150.0,1,4,4.0
450.0,4150.0,1,5,5.0
500.0,4150.0,0,6,6.0
550.0,4150.0,2,7,7.0
600.0,4150.0,2,8,8.0
650.0,4150.0,1,7,7.0
700.0,4150.0,2,8,8.0
750.0,4150.0,2,8,8.0
800.0,4150.0,2,8,8.0
850.0,4150.0,0,8,8.0
900.0,4150.0,0,11,11.0
950.0,4150.0,0,8,8.0
1000.0,4150.0,2,9,9.0
1050.0,4150.0,2,9,9.0
1100.0,4150.0,4,15,15.0
1150.0,4150.0,0,18,18.0
1200.0,4150.0,0,14,14.0
1250.0,4150.0,0,9,9.0
1950.0,4150.0,0,2,2.0
2000.0,4150.0,0,2,2.0
2050.0,4150.0,1,3,3.0
2100.0,4150.0,1,3,3.0
2150.0,4150.0,1,4,4.0
2200.0,4150.0,0,4,4.0
2250.0,4150.0,0,4,4.0
2300.0,4150.0,1,3,3.0
2350.0,4150.0,0,3,3.0
2400.0,4150.0,0,4,4.0
2450.0,4150.0,0,3,3.0
2500.0,4150.0,0,4,4.0
2550.0,4150.0,1,4,4.0
2600.0,4150.0,0,2,2.0
2650.0,4150.0,1,2,2.0
2700.0,4150.0,0,2,2.0
3300.0,4150.0,0,1,1.0
3350.0,4150.0,0,1,1.0
3400.0,4150.0,0,1,1.0
3450.0,4150.0,1,1,1.0
3500.0,4150.0,0,1,1.0
3550.0,4150.0,0,1,1.0
3850.0,4150.0,0,2,2.0
3900.0,4150.0,1,3,3.0
3950.0,4150.0,1,4,4.0
4000.0,4150.0,0,4,4.0
4050.0,4150.0,1,6,6.0
4100.0,4150.0,1,4,4.0
4150.0,4150.0,1,4,4.0
4200.0,4150.0,1,5,5.0
4250.0,4150.0,0,4,4.0
4300.0,4150.0,0,3,3.0
4350.0,4150.0,1,3,3.0
4400.0,4150.0,0,3,3.0
4450.0,4150.0,0,3,3.0
4500.0,4150.0,1,3,3.0
4550.0,4150.0,1,2,2.0
4600.0,4150.0,1,2,2.0
4650.0,4150.0,1,3,3.0
4700.0,4150.0,0,2,2.0
4750.0,4150.0,0,2,2.0
4800.0,4150.0,1,3,3.0
4850.0,4150.0,0,2,2.0
4900.0,4150.0,0,2,2.0
4950.0,4150.0,1,1,1.0
5000.0,4150.0,0,1,1.0
0.0,4200.0,0,1,1.0
50.0,4200.0,1,2,2.0
100.0,4200.0,0,2,2.0
150.0,4200.0,0,2,2.0
200.0,4200.0,1,3,3.0
250.0,4200.0,1,3,3.0
300.0,4200.0,0,3,3.0
350.0,4200.0,2,4,4.0
400.0,4200.0,1,4,4.0
450.0,4200.0,1,3,3.0
500.0,4200.0,2,4,4.0
550.0,4200.0,1,4,4.0
600.0,4200.0,1,6,6.0
650.0,4200.0,2,7,7.0
700.0,4200.0,2,6,6.0
750.0,4200.0,2,6,6.0
800.0,4200.0,0,7,7.0
850.0,4200.0,0,6,6.0
900.0,4200.0,0,5,5.0
950.0,4200.0,0,5,5.0
1000.0,4200.0,0,9,9.0
1050.0,4200.0,4,8,8.0
1100.0,4200.0,4,8,8.0
1150.0,4200.0,0,8,8.0
1200.0,4200.0,0,4,4.0
1950.0,4200.0,0,1,1.0
2000.0,4200.0,0,2,2.0
2050.0,4200.0,0,2,2.0
2100.0,4200.0,1,3,3.0
2150.0,4200.0,1,3,3.0
2200.0,4200.0,1,4,4.0
2250.0,4200.0,1,4,4.0
2300.0,4200.0,1,4,4.0
2350.0,4200.0,1,4,4.0
2400.0,4200.0,1,4,4.0
2450.0,4200.0,1,3,3.0
2500.0,4200.0,1,3,3.0
2550.0,4200.0,0,3,3.0
2600.0,4200.0,1,3,3.0
2650.0,4200.0,0,2,2.0
2700.0,4200.0,0,1,1.0
3350.0,4200.0,0,2,2.0
3400.0,4200.0,0,2,2.0
3450.0,4200.0,0,2,2.0
3500.0,4200.0,1,2,2.0
3550.0,4200.0,0,2,2.0
3600.0,4200.0,0,2,2.0
3800.0,4200.0,0,2,2.0
3850.0,4200.0,0,3,3.0
3900.0,4200.0,2,4,4.0
3950.0,4200.0,0,4,4.0
4000.0,4200.0,1,5,5.0
4050.0,4200.0,1,5,5.0
4100.0,4200.0,0,4,4.0
4150.0,4200.0,1,5,5.0
4200.0,4200.0,1,4,4.0
4250.0,4200.0,0,3,3.0
4300.0,4200.0,1,4,4.0
4350.0,4200.0,0,3,3.0
4400.0,4200.0,0,3,3.0
4450.0,4200.0,1,3,3.0
4500.0,4200.0,1,2,2.0
4550.0,4200.0,0,2,2.0
4600.0,4200.0,0,3,3.0
4650.0,4200.0,0,2,2.0
4700.0,4200.0,0,2,2.0
4750.0,4200.0,1,3,3.0
4800.0,4200.0,0,2,2.0
4850.0,4200.0,0,2,2.0
4900.0,4200.0,1,2,2.0
4950.0,4200.0,0,1,1.0
5000.0,4200.0,0,1,1.0
0.0,4250.0,0,2,2.0
50.0,4250.0,1,2,2.0
100.0,4250.0,0,2,2.0
150.0,4250.0,1,3,3.0
200.0,4250.0,0,2,2.0
250.0,4250.0,0,3,3.0
300.0,4250.0,1,3,3.0
350.0,4250.0,0,3,3.0
400.0,4250.0,0,3,3.0
450.0,4250.0,0,3,3.0
500.0,4250.0,0,3,3.0
550.0,4250.0,0,4,4.0
600.0,4250.0,0,4,4.0
650.0,4250.0,0,4,4.0
700.0,4250.0,0,5,5.0
750.0,4250.0,0,5,5.0
800.0,4250.0,0,4,4.0
850.0,4250.0,0,2,2.0
950.0,4250.0,0,4,4.0
1000.0,4250.0,0,8,8.0
1050.0,4250.0,4,8,8.0
1100.0,4250.0,4,8,8.0
1150.0,4250.0,0,8,8.0
2000.0,4250.0,0,1,1.0
2050.0,4250.0,0,2,2.0
2100.0,4250.0,0,2,2.0
2150.0,4250.0,0,2,2.0
2200.0,4250.0,1,2,2.0
2250.0,4250.0,0,3,3.0
2300.0,4250.0,0,3,3.0
2350.0,4250.0,1,4,4.0
2400.0,4250.0,0,3,3.0
2450.0,4250.0,1,4,4.0
2500.0,4250.0,1,4,4.0
2550.0,4250.0,0,3,3.0
2600.0,4250.0,1,3,3.0
2650.0,4250.0,0,2,2.0
2700.0,4250.0,0,1,1.0
3300.0,4250.0,0,1,1.0
3350.0,4250.0,0,1,1.0
3400.0,4250.0,0,2,2.0
3450.0,4250.0,0,2,2.0
3500.0,4250.0,0,2,2.0
3550.0,4250.0,1,3,3.0
3600.0,4250.0,0,3,3.0
3650.0,4250.0,0,3,3.0
3700.0,4250.0,0,3,3.0
3750.0,4250.0,0,3,3.0
3800.0,4250.0,0,4,4.0
3850.0,4250.0,2,4,4.0
3900.0,4250.0,0,4,4.0
3950.0,4250.0,1,5,5.0
4000.0,4250.0,1,5,5.0
4050.0,4250.0,0,4,4.0
4100.0,4250.0,1,5,5.0
4150.0,4250.0,0,4,4.0
4200.0,4250.0,1,3,3.0
4250.0,4250.0,1,4,4.0
4300.0,4250.0,0,4,4.0
4350.0,4250.0,0,3,3.0
4400.0,4250.0,1,3,3.0
4450.0,4250.0,1,2,2.0
4500.0,4250.0,0,2,2.0
4550.0,4250.0,0,3,3.0
4600.0,4250.0,0,2,2.0
4650.0,4250.0,0,2,2.0
4700.0,4250.0,1,3,3.0
4750.0,4250.0,0,2,2.0
4800.0,4250.0,0,2,2.0
4850.0,4250.0,1,2,2.0
4900.0,4250.0,0,1,1.0
4950.0,4250.0,0,1,1.0
5000.0,4250.0,0,1,1.0
0.0,4300.0,0,2,2.0
50.0,4300.0,1,2,2.0
100.0,4300.0,1,3,3.0
150.0,4300.0,0,3,3.0
200.0,4300.0,0,2,2.0
250.0,4300.0,1,2,2.0
300.0,4300.0,0,3,3.0
350.0,4300.0,0,2,2.0
400.0,4300.0,0,2,2.0
700.0,4300.0,0,3,3.0
750.0,4300.0,0,2,2.0
800.0,4300.0,0,2,2.0
1000.0,4300.0,0,8,8.0
1050.0,4300.0,4,8,8.0
1100.0,4300.0,4,8,8.0
1150.0,4300.0,0,8,8.0
2050.0,4300.0,0,1,1.0
2100.0,4300.0,0,2,2.0
2150.0,4300.0,0,2,2.0
2200.0,4300.0,0,2,2.0
2250.0,4300.0,1,2,2.0
2300.0,4300.0,0,3,3.0
2350.0,4300.0,0,4,4.0
2400.0,4300.0,1,4,4.0
2450.0,4300.0,1,4,4.0
2500.0,4300.0,0,4,4.0
2550.0,4300.0,2,4,4.0
2600.0,4300.0,0,2,2.0
2650.0,4300.0,0,2,2.0
2700.0,4300.0,0,2,2.0
3250.0,4300.0,0,1,1.0
3300.0,4300.0,0,2,2.0
3350.0,4300.0,0,2,2.0
3400.0,4300.0,1,2,2.0
3450.0,4300.0,1,3,3.0
3500.0,4300.0,1,3,3.0
3550.0,4300.0,1,3,3.0
3600.0,4300.0,2,3,3.0
3650.0,4300.0,1,3,3.0
3700.0,4300.0,1,5,5.0
3750.0,4300.0,1,5,5.0
3800.0,4300.0,2,4,4.0
3850.0,4300.0,0,4,4.0
3900.0,4300.0,1,5,5.0
3950.0,4300.0,1,5,5.0
4000.0,4300.0,0,4,4.0
4050.0,4300.0,1,5,5.0
4100.0,4300.0,0,4,4.0
4150.0,4300.0,1,3,3.0
4200.0,4300.0,1,4,4.0
4250.0,4300.0,0,4,4.0
4300.0,4300.0,0,4,4.0
4350.0,4300.0,1,3,3.0
4400.0,4300.0,1,2,2.0
4450.0,4300.0,0,2,2.0
4500.0,4300.0,0,3,3.0
4550.0,4300.0,0,2,2.0
4600.0,4300.0,0,1,1.0
4650.0,4300.0,1,2,2.0
4700.0,4300.0,0,2,2.0
4750.0,4300.0,0,2,2.0
4800.0,4300.0,1,2,2.0
4850.0,4300.0,0,1,1.0
4900.0,4300.0,0,1,1.0
4950.0,4300.0,0,1,1.0
0.0,4350.0,0,2,2.0
50.0,4350.0,2,3,3.0
100.0,4350.0,0,3,3.0
150.0,4350.0,0,3,3.0
200.0,4350.0,1,3,3.0
250.0,4350.0,0,1,1.0
300.0,4350.0,0,1,1.0
350.0,4350.0,0,1,1.0
1000.0,4350.0,0,8,8.0
1050.0,4350.0,4,8,8.0
1100.0,4350.0,4,8,8.0
1150.0,4350.0,0,8,8.0
2150.0,4350.0,0,1,1.0
2200.0,4350.0,0,1,1.0
2250.0,4350.0,0,1,1.0
2300.0,4350.0,1,3,3.0
2350.0,4350.0,0,3,3.0
2400.0,4350.0,0,3,3.0
2450.0,4350.0,2,5,5.0
2500.0,4350.0,0,4,4.0
2550.0,4350.0,1,4,4.0
2600.0,4350.0,1,3,3.0
2650.0,4350.0,0,2,2.0
2700.0,4350.0,0,1,1.0
2750.0,4350.0,0,1,1.0
3250.0,4350.0,0,2,2.0
3300.0,4350.0,0,2,2.0
3350.0,4350.0,1,2,2.0
3400.0,4350.0,0,2,2.0
3450.0,4350.0,0,2,2.0
3500.0,4350.0,0,3,3.0
3550.0,4350.0,0,3,3.0
3600.0,4350.0,1,4,4.0
3650.0,4350.0,2,5,5.0
3700.0,4350.0,1,5,5.0
3750.0,4350.0,1,5,5.0
3800.0,4350.0,1,5,5.0
3850.0,4350.0,1,5,5.0
3900.0,4350.0,1,5,5.0
3950.0,4350.0,0,3,3.0
4000.0,4350.0,1,5,5.0
4050.0,4350.0,0,4,4.0
4100.0,4350.0,1,3,3.0
4150.0,4350.0,1,4,4.0
4200.0,4350.0,0,4,4.0
4250.0,4350.0,0,4,4.0
4300.0,4350.0,1,3,3.0
4350.0,4350.0,1,2,2.0
4400.0,4350.0,0,2,2.0
4450.0,4350.0,0,3,3.0
4500.0,4350.0,0,2,2.0
4550.0,4350.0,0,1,1.0
4600.0,4350.0,1,2,2.0
4650.0,4350.0,0,2,2.0
4700.0,4350.0,0,2,2.0
4750.0,4350.0,1,2,2.0
4800.0,4350.0,0,1,1.0
4850.0,4350.0,0,1,1.0
4900.0,4350.0,0,1,1.0
0.0,4400.0,0,3,3.0
50.0,4400.0,1,3,3.0
100.0,4400.0,1,3,3.0
150.0,4400.0,1,3,3.0
200.0,4400.0,0,2,2.0
250.0,4400.0,0,2,2.0
300.0,4400.0,0,1,1.0
900.0,4400.0,0,4,4.0
950.0,4400.0,0,4,4.0
1000.0,4400.0,0,8,8.0
1050.0,4400.0,4,8,8.0
1100.0,4400.0,4,8,8.0
1150.0,4400.0,0,8,8.0
1200.0,4400.0,0,4,4.0
1550.0,4400.0,0,1,1.0
2200.0,4400.0,0,1,1.0
2250.0,4400.0,0,2,2.0
2300.0,4400.0,0,2,2.0
2350.0,4400.0,1,3,3.0
2400.0,4400.0,1,4,4.0
2450.0,4400.0,0,4,4.0
2500.0,4400.0,1,5,5.0
2550.0,4400.0,1,4,4.0
2600.0,4400.0,0,3,3.0
2650.0,4400.0,1,3,3.0
2700.0,4400.0,0,2,2.0
2750.0,4400.0,0,2,2.0
2800.0,4400.0,0,1,1.0
3200.0,4400.0,0,2,2.0
3250.0,4400.0,0,2,2.0
3300.0,4400.0,1,2,2.0
3350.0,4400.0,1,3,3.0
3400.0,4400.0,1,3,3.0
3450.0,4400.0,1,3,3.0
3500.0,4400.0,1,3,3.0
3550.0,4400.0,1,5,5.0
3600.0,4400.0,0,5,5.0
3650.0,4400.0,0,5,5.0
3700.0,4400.0,1,5,5.0
3750.0,4400.0,2,6,6.0
3800.0,4400.0,1,6,6.0
3850.0,4400.0,1,6,6.0
3900.0,4400.0,0,3,3.0
3950.0,4400.0,1,4,4.0
4000.0,4400.0,0,4,4.0
4050.0,4400.0,0,3,3.0
4100.0,4400.0,1,4,4.0
4150.0,4400.0,1,4,4.0
4200.0,4400.0,0,4,4.0
4250.0,4400.0,1,4,4.0
4300.0,4400.0,1,2,2.0
4350.0,4400.0,0,2,2.0
4400.0,4400.0,0,3,3.0
4450.0,4400.0,0,2,2.0
4500.0,4400.0,0,1,1.0
4550.0,4400.0,1,2,2.0
4600.0,4400.0,0,2,2.0
4650.0,4400.0,0,2,2.0
4700.0,4400.0,1,2,2.0
4750.0,4400.0,0,1,1.0
4800.0,4400.0,0,1,1.0
4850.0,4400.0,0,1,1.0
0.0,4450.0,0,3,3.0
50.0,4450.0,1,3,3.0
100.0,4450.0,1,3,3.0
150.0,4450.0,1,3,3.0
200.0,4450.0,0,2,2.0
250.0,4450.0,0,2,2.0
300.0,4450.0,0,1,1.0
850.0,4450.0,0,2,2.0
900.0,4450.0,0,4,4.0
950.0,4450.0,0,4,4.0
1000.0,4450.0,4,8,8.0
1050.0,4450.0,0,8,8.0
1100.0,4450.0,1,8,8.0
1150.0,4450.0,3,8,8.0
1200.0,4450.0,0,4,4.0
1550.0,4450.0,0,1,1.0
1600.0,4450.0,0,1,1.0
1650.0,4450.0,0,1,1.0
1700.0,4450.0,0,1,1.0
2200.0,4450.0,0,1,1.0
2250.0,4450.0,0,2,2.0
2300.0,4450.0,0,2,2.0
2350.0,4450.0,1,2,2.0
2400.0,4450.0,1,4,4.0
2450.0,4450.0,0,4,4.0
2500.0,4450.0,1,4,4.0
2550.0,4450.0,1,4,4.0
2600.0,4450.0,0,3,3.0
2650.0,4450.0,0,3,3.0
2700.0,4450.0,1,2,2.0
2750.0,4450.0,0,3,3.0
2800.0,4450.0,0,3,3.0
2850.0,4450.0,0,2,2.0
2900.0,4450.0,0,2,2.0
3100.0,4450.0,0,3,3.0
3150.0,4450.0,0,3,3.0
3200.0,4450.0,0,3,3.0
3250.0,4450.0,1,3,3.0
3300.0,4450.0,1,4,4.0
3350.0,4450.0,0,4,4.0
3400.0,4450.0,0,4,4.0
3450.0,4450.0,0,3,3.0
3500.0,4450.0,0,3,3.0
3550.0,4450.0,0,3,3.0
3600.0,4450.0,0,4,4.0
3650.0,4450.0,1,5,5.0
3700.0,4450.0,2,5,5.0
3750.0,4450.0,1,5,5.0
3800.0,4450.0,0,5,5.0
3850.0,4450.0,0,4,4.0
3900.0,4450.0,1,5,5.0
3950.0,4450.0,0,4,4.0
4000.0,4450.0,0,3,3.0
4050.0,4450.0,1,4,4.0
4100.0,4450.0,1,4,4.0
4150.0,4450.0,0,4,4.0
4200.0,4450.0,1,4,4.0
4250.0,4450.0,1,3,3.0
4300.0,4450.0,0,2,2.0
4350.0,4450.0,0,3,3.0
4400.0,4450.0,0,2,2.0
4450.0,4450.0,0,1,1.0
4500.0,4450.0,1,2,2.0
4550.0,4450.0,0,2,2.0
4600.0,4450.0,0,2,2.0
4650.0,4450.0,1,2,2.0
4700.0,4450.0,0,1,1.0
4750.0,4450.0,0,1,1.0
4800.0,4450.0,0,1,1.0
0.0,4500.0,0,2,2.0
50.0,4500.0,2,3,3.0
100.0,4500.0,0,3,3.0
150.0,4500.0,0,3,3.0
200.0,4500.0,1,2,2.0
250.0,4500.0,0,1,1.0
300.0,4500.0,0,1,1.0
800.0,4500.0,0,2,2.0
850.0,4500.0,0,3,3.0
900.0,4500.0,0,4,4.0
950.0,4500.0,2,4,4.0
1000.0,4500.0,1,7,7.0
1050.0,4500.0,1,8,8.0
1100.0,4500.0,2,8,8.0
1150.0,4500.0,2,5,5.0
1200.0,4500.0,0,4,4.0
1250.0,4500.0,0,4,4.0
1300.0,4500.0,0,3,3.0
1350.0,4500.0,0,2,2.0
1400.0,4500.0,0,2,2.0
1450.0,4500.0,0,2,2.0
1500.0,4500.0,0,2,2.0
1550.0,4500.0,0,2,2.0
1600.0,4500.0,1,2,2.0
1650.0,4500.0,0,1,1.0
1700.0,4500.0,0,1,1.0
1750.0,4500.0,0,1,1.0
2200.0,4500.0,0,1,1.0
2250.0,4500.0,0,1,1.0
2300.0,4500.0,1,2,2.0
2350.0,4500.0,0,2,2.0
2400.0,4500.0,0,3,3.0
2450.0,4500.0,1,4,4.0
2500.0,4500.0,1,3,3.0
2550.0,4500.0,0,3,3.0
2600.0,4500.0,1,4,4.0
2650.0,4500.0,1,3,3.0
2700.0,4500.0,1,3,3.0
2750.0,4500.0,1,3,3.0
2800.0,4500.0,1,3,3.0
2850.0,4500.0,0,3,3.0
2900.0,4500.0,0,3,3.0
2950.0,4500.0,0,3,3.0
3000.0,4500.0,0,3,3.0
3050.0,4500.0,0,4,4.0
3100.0,4500.0,0,3,3.0
3150.0,4500.0,1,3,3.0
3200.0,4500.0,1,4,4.0
3250.0,4500.0,1,4,4.0
3300.0,4500.0,0,4,4.0
3350.0,4500.0,0,4,4.0
3400.0,4500.0,1,4,4.0
3450.0,4500.0,1,4,4.0
3500.0,4500.0,1,4,4.0
3550.0,4500.0,1,4,4.0
3600.0,4500.0,2,4,4.0
3650.0,4500.0,1,5,5.0
3700.0,4500.0,0,5,5.0
3750.0,4500.0,0,5,5.0
3800.0,4500.0,2,6,6.0
3850.0,4500.0,1,5,5.0
3900.0,4500.0,0,5,5.0
3950.0,4500.0,0,4,4.0
4000.0,4500.0,1,4,4.0
4050.0,4500.0,1,4,4.0
4100.0,4500.0,0,4,4.0
4150.0,4500.0,1,4,4.0
4200.0,4500.0,1,3,3.0
4250.0,4500.0,0,2,2.0
4300.0,4500.0,0,3,3.0
4350.0,4500.0,0,2,2.0
4400.0,4500.0,0,1,1.0
4450.0,4500.0,1,2,2.0
4500.0,4500.0,0,2,2.0
4550.0,4500.0,0,2,2.0
4600.0,4500.0,1,2,2.0
4650.0,4500.0,0,1,1.0
4700.0,4500.0,0,1,1.0
4750.0,4500.0,0,1,1.0
0.0,4550.0,0,2,2.0
50.0,4550.0,1,2,2.0
100.0,4550.0,1,3,3.0
150.0,4550.0,0,3,3.0
200.0,4550.0,0,2,2.0
250.0,4550.0,1,2,2.0
300.0,4550.0,0,1,1.0
350.0,4550.0,0,1,1.0
750.0,4550.0,0,1,1.0
800.0,4550.0,0,2,2.0
850.0,4550.0,0,3,3.0
900.0,4550.0,2,3,3.0
950.0,4550.0,1,4,4.0
1000.0,4550.0,0,6,6.0
1050.0,4550.0,1,8,8.0
1100.0,4550.0,0,6,6.0
1150.0,4550.0,2,5,5.0
1200.0,4550.0,2,5,5.0
1250.0,4550.0,1,4,4.0
1300.0,4550.0,1,4,4.0
1350.0,4550.0,2,4,4.0
1400.0,4550.0,1,3,3.0
1450.0,4550.0,1,3,3.0
1500.0,4550.0,1,3,3.0
1550.0,4550.0,1,3,3.0
1600.0,4550.0,0,2,2.0
1650.0,4550.0,1,2,2.0
1700.0,4550.0,0,1,1.0
1750.0,4550.0,0,1,1.0
1800.0,4550.0,0,1,1.0
2200.0,4550.0,0,1,1.0
2250.0,4550.0,0,1,1.0
2300.0,4550.0,1,1,1.0
2350.0,4550.0,0,2,2.0
2400.0,4550.0,0,3,3.0
2450.0,4550.0,0,2,2.0
2500.0,4550.0,2,3,3.0
2550.0,4550.0,0,3,3.0
2600.0,4550.0,0,3,3.0
2650.0,4550.0,0,4,4.0
2700.0,4550.0,0,4,4.0
2750.0,4550.0,1,4,4.0
2800.0,4550.0,1,4,4.0
2850.0,4550.0,2,4,4.0
2900.0,4550.0,2,4,4.0
2950.0,4550.0,2,4,4.0
3000.0,4550.0,1,6,6.0
3050.0,4550.0,1,6,6.0
3100.0,4550.0,1,5,5.0
3150.0,4550.0,2,5,5.0
3200.0,4550.0,2,5,5.0
3250.0,4550.0,1,5,5.0
3300.0,4550.0,1,5,5.0
3350.0,4550.0,2,5,5.0
3400.0,4550.0,1,4,4.0
3450.0,4550.0,1,4,4.0
3500.0,4550.0,1,4,4.0
3550.0,4550.0,1,4,4.0
3600.0,4550.0,0,4,4.0
3650.0,4550.0,0,4,4.0
3700.0,4550.0,1,6,6.0
3750.0,4550.0,1,6,6.0
3800.0,4550.0,0,4,4.0
3850.0,4550.0,1,5,5.0
3900.0,4550.0,0,5,5.0
3950.0,4550.0,1,5,5.0
4000.0,4550.0,1,4,4.0
4050.0,4550.0,0,4,4.0
4100.0,4550.0,1,4,4.0
4150.0,4550.0,1,3,3.0
4200.0,4550.0,0,2,2.0
4250.0,4550.0,0,3,3.0
4300.0,4550.0,0,2,2.0
4350.0,4550.0,0,1,1.0
4400.0,4550.0,1,2,2.0
4450.0,4550.0,0,2,2.0
4500.0,4550.0,0,2,2.0
4550.0,4550.0,1,2,2.0
4600.0,4550.0,0,1,1.0
4650.0,4550.0,0,1,1.0
4700.0,4550.0,0,1,1.0
0.0,4600.0,0,2,2.0
50.0,4600.0,1,2,2.0
100.0,4600.0,0,2,2.0
150.0,4600.0,1,3,3.0
200.0,4600.0,0,2,2.0
250.0,4600.0,0,2,2.0
300.0,4600.0,1,2,2.0
350.0,4600.0,0,1,1.0
400.0,4600.0,0,1,1.0
700.0,4600.0,0,1,1.0
750.0,4600.0,0,1,1.0
800.0,4600.0,0,2,2.0
850.0,4600.0,1,3,3.0
900.0,4600.0,1,3,3.0
950.0,4600.0,0,4,4.0
1000.0,4600.0,1,4,4.0
1050.0,4600.0,0,4,4.0
1100.0,4600.0,1,6,6.0
1150.0,4600.0,0,5,5.0
1200.0,4600.0,2,5,5.0
1250.0,4600.0,1,5,5.0
1300.0,4600.0,1,4,4.0
1350.0,4600.0,0,4,4.0
1400.0,4600.0,1,4,4.0
1450.0,4600.0,1,4,4.0
1500.0,4600.0,1,4,4.0
1550.0,4600.0,1,4,4.0
1600.0,4600.0,0,3,3.0
1650.0,4600.0,0,2,2.0
1700.0,4600.0,1,2,2.0
1750.0,4600.0,0,1,1.0
1800.0,4600.0,0,1,1.0
1850.0,4600.0,0,1,1.0
2250.0,4600.0,0,1,1.0
2300.0,4600.0,1,1,1.0
2350.0,4600.0,0,2,2.0
2400.0,4600.0,0,4,4.0
2450.0,4600.0,0,3,3.0
2500.0,4600.0,1,3,3.0
2550.0,4600.0,1,4,4.0
2600.0,4600.0,0,4,4.0
2650.0,4600.0,0,3,3.0
2700.0,4600.0,1,5,5.0
2750.0,4600.0,1,5,5.0
2800.0,4600.0,1,5,5.0
2850.0,4600.0,1,5,5.0
2900.0,4600.0,1,5,5.0
2950.0,4600.0,1,6,6.0
3000.0,4600.0,2,6,6.0
3050.0,4600.0,1,6,6.0
3100.0,4600.0,2,7,7.0
3150.0,4600.0,0,6,6.0
3200.0,4600.0,0,5,5.0
3250.0,4600.0,1,6,6.0
3300.0,4600.0,1,5,5.0
3350.0,4600.0,0,4,4.0
3400.0,4600.0,0,4,4.0
3450.0,4600.0,1,5,5.0
3500.0,4600.0,1,5,5.0
3550.0,4600.0,1,5,5.0
3600.0,4600.0,1,5,5.0
3650.0,4600.0,1,5,5.0
3700.0,4600.0,1,4,4.0
3750.0,4600.0,1,4,4.0
3800.0,4600.0,0,5,5.0
3850.0,4600.0,1,5,5.0
3900.0,4600.0,2,5,5.0
3950.0,4600.0,1,4,4.0
4000.0,4600.0,0,4,4.0
4050.0,4600.0,1,4,4.0
4100.0,4600.0,1,3,3.0
4150.0,4600.0,0,2,2.0
4200.0,4600.0,0,3,3.0
4250.0,4600.0,0,2,2.0
4300.0,4600.0,0,1,1.0
4350.0,4600.0,1,2,2.0
4400.0,4600.0,0,2,2.0
4450.0,4600.0,0,2,2.0
4500.0,4600.0,1,2,2.0
4550.0,4600.0,0,1,1.0
4600.0,4600.0,0,1,1.0
4650.0,4600.0,0,1,1.0
0.0,4650.0,0,1,1.0
50.0,4650.0,1,2,2.0
100.0,4650.0,0,2,2.0
150.0,4650.0,0,2,2.0
200.0,4650.0,1,3,3.0
250.0,4650.0,0,2,2.0
300.0,4650.0,0,2,2.0
350.0,4650.0,1,2,2.0
400.0,4650.0,0,1,1.0
450.0,4650.0,0,1,1.0
500.0,4650.0,0,1,1.0
650.0,4650.0,0,1,1.0
700.0,4650.0,0,1,1.0
750.0,4650.0,0,1,1.0
800.0,4650.0,1,2,2.0
850.0,4650.0,0,2,2.0
900.0,4650.0,1,3,3.0
950.0,4650.0,0,3,3.0
1000.0,4650.0,1,3,3.0
1050.0,4650.0,0,2,2.0
1100.0,4650.0,0,4,4.0
1150.0,4650.0,1,6,6.0
1200.0,4650.0,0,5,5.0
1250.0,4650.0,2,6,6.0
1300.0,4650.0,2,6,6.0
1350.0,4650.0,1,5,5.0
1400.0,4650.0,0,5,5.0
1450.0,4650.0,0,5,5.0
1500.0,4650.0,1,4,4.0
1550.0,4650.0,0,4,4.0
1600.0,4650.0,1,4,4.0
1650.0,4650.0,0,3,3.0
1700.0,4650.0,0,2,2.0
1750.0,4650.0,1,2,2.0
1800.0,4650.0,0,1,1.0
2250.0,4650.0,0,1,1.0
2300.0,4650.0,1,2,2.0
2350.0,4650.0,0,3,3.0
2400.0,4650.0,0,3,3.0
2450.0,4650.0,1,4,4.0
2500.0,4650.0,0,4,4.0
2550.0,4650.0,0,4,4.0
2600.0,4650.0,1,4,4.0
2650.0,4650.0,1,4,4.0
2700.0,4650.0,1,5,5.0
2750.0,4650.0,1,5,5.0
2800.0,4650.0,1,6,6.0
2850.0,4650.0,1,6,6.0
2900.0,4650.0,1,7,7.0
2950.0,4650.0,1,7,7.0
3000.0,4650.0,1,7,7.0
3050.0,4650.0,3,7,7.0
3100.0,4650.0,1,7,7.0
3150.0,4650.0,1,7,7.0
3200.0,4650.0,2,6,6.0
3250.0,4650.0,1,6,6.0
3300.0,4650.0,1,5,5.0
3350.0,4650.0,1,5,5.0
3400.0,4650.0,2,6,6.0
3450.0,4650.0,1,5,5.0
3500.0,4650.0,1,5,5.0
3550.0,4650.0,1,5,5.0
3600.0,4650.0,1,5,5.0
3650.0,4650.0,1,4,4.0
3700.0,4650.0,0,4,4.0
3750.0,4650.0,1,4,4.0
3800.0,4650.0,2,5,5.0
3850.0,4650.0,1,4,4.0
3900.0,4650.0,2,4,4.0
3950.0,4650.0,2,4,4.0
4000.0,4650.0,2,4,4.0
4050.0,4650.0,1,3,3.0
4100.0,4650.0,0,2,2.0
4150.0,4650.0,0,3,3.0
4200.0,4650.0,0,2,2.0
4250.0,4650.0,0,1,1.0
4300.0,4650.0,1,2,2.0
4350.0,4650.0,0,2,2.0
4400.0,4650.0,0,2,2.0
4450.0,4650.0,1,2,2.0
4500.0,4650.0,0,1,1.0
4550.0,4650.0,0,1,1.0
4600.0,4650.0,0,1,1.0
0.0,4700.0,0,1,1.0
50.0,4700.0,0,1,1.0
100.0,4700.0,1,2,2.0
150.0,4700.0,0,2,2.0
200.0,4700.0,0,2,2.0
250.0,4700.0,1,3,3.0
300.0,4700.0,0,2,2.0
350.0,4700.0,0,2,2.0
400.0,4700.0,1,2,2.0
450.0,4700.0,1,1,1.0
500.0,4700.0,0,1,1.0
550.0,4700.0,0,1,1.0
600.0,4700.0,0,1,1.0
650.0,4700.0,0,1,1.0
700.0,4700.0,0,1,1.0
750.0,4700.0,1,1,1.0
800.0,4700.0,0,2,2.0
850.0,4700.0,0,2,2.0
900.0,4700.0,1,3,3.0
950.0,4700.0,0,2,2.0
1000.0,4700.0,0,2,2.0
1050.0,4700.0,1,3,3.0
1100.0,4700.0,0,2,2.0
1150.0,4700.0,0,5,5.0
1200.0,4700.0,1,6,6.0
1250.0,4700.0,0,5,5.0
1300.0,4700.0,0,5,5.0
1350.0,4700.0,1,6,6.0
1400.0,4700.0,1,5,5.0
1450.0,4700.0,1,5,5.0
1500.0,4700.0,1,5,5.0
1550.0,4700.0,1,4,4.0
1600.0,4700.0,0,4,4.0
1650.0,4700.0,1,5,5.0
1700.0,4700.0,0,4,4.0
1750.0,4700.0,1,3,3.0
1800.0,4700.0,0,2,2.0
2250.0,4700.0,0,3,3.0
2300.0,4700.0,1,4,4.0
2350.0,4700.0,0,4,4.0
2400.0,4700.0,1,5,5.0
2450.0,4700.0,1,4,4.0
2500.0,4700.0,1,6,6.0
2550.0,4700.0,1,6,6.0
2600.0,4700.0,1,5,5.0
2650.0,4700.0,1,5,5.0
2700.0,4700.0,0,5,5.0
2750.0,4700.0,1,6,6.0
2800.0,4700.0,1,6,6.0
2850.0,4700.0,1,5,5.0
2900.0,4700.0,1,5,5.0
2950.0,4700.0,1,6,6.0
3000.0,4700.0,2,7,7.0
3050.0,4700.0,1,7,7.0
3100.0,4700.0,1,6,6.0
3150.0,4700.0,1,7,7.0
3200.0,4700.0,0,5,5.0
3250.0,4700.0,0,4,4.0
3300.0,4700.0,1,5,5.0
3350.0,4700.0,1,5,5.0
3400.0,4700.0,0,4,4.0
3450.0,4700.0,0,4,4.0
3500.0,4700.0,1,4,4.0
3550.0,4700.0,1,4,4.0
3600.0,4700.0,1,4,4.0
3650.0,4700.0,1,4,4.0
3700.0,4700.0,1,4,4.0
3750.0,4700.0,0,3,3.0
3800.0,4700.0,0,3,3.0
3850.0,4700.0,1,4,4.0
3900.0,4700.0,0,4,4.0
3950.0,4700.0,0,4,4.0
4000.0,4700.0,0,3,3.0
4050.0,4700.0,0,2,2.0
4100.0,4700.0,0,3,3.0
4150.0,4700.0,0,2,2.0
4200.0,4700.0,0,1,1.0
4250.0,4700.0,1,2,2.0
4300.0,4700.0,0,2,2.0
4350.0,4700.0,0,2,2.0
4400.0,4700.0,1,2,2.0
4450.0,4700.0,0,1,1.0
4500.0,4700.0,0,1,1.0
4550.0,4700.0,0,1,1.0
0.0,4750.0,0,1,1.0
50.0,4750.0,0,1,1.0
100.0,4750.0,0,1,1.0
150.0,4750.0,1,2,2.0
200.0,4750.0,0,2,2.0
250.0,4750.0,0,2,2.0
300.0,4750.0,1,3,3.0
350.0,4750.0,0,2,2.0
400.0,4750.0,0,3,3.0
450.0,4750.0,0,3,3.0
500.0,4750.0,1,2,2.0
550.0,4750.0,0,2,2.0
600.0,4750.0,0,2,2.0
650.0,4750.0,0,2,2.0
700.0,4750.0,1,2,2.0
750.0,4750.0,0,2,2.0
800.0,4750.0,0,3,3.0
850.0,4750.0,0,3,3.0
900.0,4750.0,0,2,2.0
950.0,4750.0,1,2,2.0
1000.0,4750.0,0,2,2.0
1050.0,4750.0,0,2,2.0
1100.0,4750.0,1,3,3.0
1150.0,4750.0,0,3,3.0
1200.0,4750.0,0,5,5.0
1250.0,4750.0,1,6,6.0
1300.0,4750.0,1,5,5.0
1350.0,4750.0,0,4,4.0
1400.0,4750.0,1,4,4.0
1450.0,4750.0,1,4,4.0
1500.0,4750.0,0,4,4.0
1550.0,4750.0,1,5,5.0
1600.0,4750.0,1,4,4.0
1650.0,4750.0,0,5,5.0
1700.0,4750.0,1,5,5.0
1750.0,4750.0,1,5,5.0
1800.0,4750.0,0,4,4.0
1850.0,4750.0,0,3,3.0
2250.0,4750.0,0,5,5.0
2300.0,4750.0,1,5,5.0
2350.0,4750.0,1,5,5.0
2400.0,4750.0,1,6,6.0
2450.0,4750.0,0,6,6.0
2500.0,4750.0,1,6,6.0
2550.0,4750.0,1,6,6.0
2600.0,4750.0,1,6,6.0
2650.0,4750.0,1,6,6.0
2700.0,4750.0,2,7,7.0
2750.0,4750.0,1,6,6.0
2800.0,4750.0,1,6,6.0
2850.0,4750.0,1,5,5.0
2900.0,4750.0,1,5,5.0
2950.0,4750.0,2,5,5.0
3000.0,4750.0,0,6,6.0
3050.0,4750.0,0,7,7.0
3100.0,4750.0,2,7,7.0
3150.0,4750.0,1,6,6.0
3200.0,4750.0,1,6,6.0
3250.0,4750.0,2,7,7.0
3300.0,4750.0,1,5,5.0
3350.0,4750.0,1,5,5.0
3400.0,4750.0,1,5,5.0
3450.0,4750.0,1,5,5.0
3500.0,4750.0,1,4,4.0
3550.0,4750.0,1,4,4.0
3600.0,4750.0,1,4,4.0
3650.0,4750.0,1,4,4.0
3700.0,4750.0,1,4,4.0
3750.0,4750.0,1,4,4.0
3800.0,4750.0,1,4,4.0
3850.0,4750.0,0,4,4.0
3900.0,4750.0,0,3,3.0
4050.0,4750.0,0,3,3.0
4100.0,4750.0,0,2,2.0
4150.0,4750.0,0,1,1.0
4200.0,4750.0,1,2,2.0
4250.0,4750.0,0,2,2.0
4300.0,4750.0,0,2,2.0
4350.0,4750.0,1,2,2.0
4400.0,4750.0,0,1,1.0
4450.0,4750.0,0,1,1.0
4500.0,4750.0,0,1,1.0
50.0,4800.0,0,1,1.0
100.0,4800.0,0,1,1.0
150.0,4800.0,0,1,1.0
200.0,4800.0,1,2,2.0
250.0,4800.0,0,2,2.0
300.0,4800.0,0,2,2.0
350.0,4800.0,1,3,3.0
400.0,4800.0,0,3,3.0
450.0,4800.0,0,3,3.0
500.0,4800.0,0,3,3.0
550.0,4800.0,1,2,2.0
600.0,4800.0,0,2,2.0
650.0,4800.0,1,2,2.0
700.0,4800.0,0,2,2.0
750.0,4800.0,0,2,2.0
800.0,4800.0,0,2,2.0
850.0,4800.0,0,2,2.0
900.0,4800.0,0,2,2.0
950.0,4800.0,0,2,2.0
1000.0,4800.0,1,3,3.0
1050.0,4800.0,0,3,3.0
1100.0,4800.0,0,3,3.0
1150.0,4800.0,1,4,4.0
1200.0,4800.0,1,4,4.0
1250.0,4800.0,1,5,5.0
1300.0,4800.0,1,5,5.0
1350.0,4800.0,1,5,5.0
1400.0,4800.0,2,6,6.0
1450.0,4800.0,2,7,7.0
1500.0,4800.0,1,6,6.0
1550.0,4800.0,1,5,5.0
1600.0,4800.0,2,7,7.0
1650.0,4800.0,2,7,7.0
1700.0,4800.0,1,7,7.0
1750.0,4800.0,1,7,7.0
1800.0,4800.0,1,6,6.0
1850.0,4800.0,0,5,5.0
1900.0,4800.0,0,3,3.0
2200.0,4800.0,0,6,6.0
2250.0,4800.0,0,6,6.0
2300.0,4800.0,3,6,6.0
2350.0,4800.0,2,7,7.0
2400.0,4800.0,1,8,8.0
2450.0,4800.0,2,7,7.0
2500.0,4800.0,1,6,6.0
2550.0,4800.0,2,6,6.0
2600.0,4800.0,2,6,6.0
2650.0,4800.0,2,6,6.0
2700.0,4800.0,1,6,6.0
2750.0,4800.0,1,5,5.0
2800.0,4800.0,1,5,5.0
2850.0,4800.0,1,6,6.0
2900.0,4800.0,1,5,5.0
2950.0,4800.0,0,5,5.0
3000.0,4800.0,1,6,6.0
3050.0,4800.0,1,6,6.0
3100.0,4800.0,0,5,5.0
3150.0,4800.0,1,5,5.0
3200.0,4800.0,1,6,6.0
3250.0,4800.0,0,5,5.0
3300.0,4800.0,0,5,5.0
3350.0,4800.0,1,4,4.0
3400.0,4800.0,1,4,4.0
3450.0,4800.0,1,3,3.0
3500.0,4800.0,0,3,3.0
3550.0,4800.0,0,3,3.0
3600.0,4800.0,0,3,3.0
3650.0,4800.0,0,3,3.0
3700.0,4800.0,0,3,3.0
3750.0,4800.0,0,3,3.0
3800.0,4800.0,0,2,2.0
3850.0,4800.0,0,2,2.0
3900.0,4800.0,0,3,3.0
4050.0,4800.0,0,1,1.0
4100.0,4800.0,0,1,1.0
4150.0,4800.0,1,2,2.0
4200.0,4800.0,0,2,2.0
4250.0,4800.0,0,2,2.0
4300.0,4800.0,1,2,2.0
4350.0,4800.0,0,1,1.0
4400.0,4800.0,0,1,1.0
4450.0,4800.0,0,1,1.0
100.0,4850.0,0,1,1.0
150.0,4850.0,0,1,1.0
200.0,4850.0,0,1,1.0
250.0,4850.0,1,2,2.0
300.0,4850.0,0,2,2.0
350.0,4850.0,0,2,2.0
400.0,4850.0,1,2,2.0
450.0,4850.0,1,3,3.0
500.0,4850.0,0,3,3.0
550.0,4850.0,1,3,3.0
600.0,4850.0,1,3,3.0
650.0,4850.0,1,3,3.0
700.0,4850.0,1,3,3.0
750.0,4850.0,1,3,3.0
800.0,4850.0,1,2,2.0
850.0,4850.0,1,2,2.0
900.0,4850.0,0,3,3.0
950.0,4850.0,0,3,3.0
1000.0,4850.0,0,3,3.0
1050.0,4850.0,1,4,4.0
1100.0,4850.0,1,4,4.0
1150.0,4850.0,1,4,4.0
1200.0,4850.0,1,5,5.0
1250.0,4850.0,0,5,5.0
1300.0,4850.0,0,5,5.0
1350.0,4850.0,1,6,6.0
1400.0,4850.0,0,6,6.0
1450.0,4850.0,0,6,6.0
1500.0,4850.0,1,6,6.0
1550.0,4850.0,0,7,7.0
1600.0,4850.0,0,7,7.0
1650.0,4850.0,1,8,8.0
1700.0,4850.0,2,9,9.0
1750.0,4850.0,2,9,9.0
1800.0,4850.0,2,9,9.0
1850.0,4850.0,1,9,9.0
1900.0,4850.0,0,9,9.0
1950.0,4850.0,0,9,9.0
2100.0,4850.0,0,9,9.0
2150.0,4850.0,0,9,9.0
2200.0,4850.0,0,9,9.0
2250.0,4850.0,2,9,9.0
2300.0,4850.0,3,9,9.0
2350.0,4850.0,1,9,9.0
2400.0,4850.0,1,9,9.0
2450.0,4850.0,1,7,7.0
2500.0,4850.0,2,6,6.0
2550.0,4850.0,1,6,6.0
2600.0,4850.0,1,6,6.0
2650.0,4850.0,1,6,6.0
2700.0,4850.0,1,6,6.0
2750.0,4850.0,2,6,6.0
2800.0,4850.0,1,5,5.0
2850.0,4850.0,0,5,5.0
2900.0,4850.0,0,5,5.0
2950.0,4850.0,1,5,5.0
3000.0,4850.0,1,5,5.0
3050.0,4850.0,1,5,5.0
3100.0,4850.0,1,6,6.0
3150.0,4850.0,1,6,6.0
3200.0,4850.0,1,5,5.0
3250.0,4850.0,1,5,5.0
3300.0,4850.0,1,5,5.0
3350.0,4850.0,1,4,4.0
3400.0,4850.0,1,4,4.0
3450.0,4850.0,1,4,4.0
3500.0,4850.0,1,4,4.0
3550.0,4850.0,1,3,3.0
3600.0,4850.0,1,3,3.0
3650.0,4850.0,1,3,3.0
3700.0,4850.0,1,3,3.0
3750.0,4850.0,1,3,3.0
3800.0,4850.0,1,3,3.0
3850.0,4850.0,0,3,3.0
3900.0,4850.0,0,2,2.0
3950.0,4850.0,0,2,2.0
4000.0,4850.0,0,2,2.0
4050.0,4850.0,0,2,2.0
4100.0,4850.0,1,2,2.0
4150.0,4850.0,0,2,2.0
4200.0,4850.0,0,2,2.0
4250.0,4850.0,1,2,2.0
4300.0,4850.0,0,1,1.0
4350.0,4850.0,0,1,1.0
4400.0,4850.0,0,1,1.0
150.0,4900.0,0,1,1.0
200.0,4900.0,0,1,1.0
250.0,4900.0,0,1,1.0
300.0,4900.0,1,2,2.0
350.0,4900.0,0,2,2.0
400.0,4900.0,1,2,2.0
450.0,4900.0,1,2,2.0
500.0,4900.0,1,3,3.0
550.0,4900.0,0,3,3.0
600.0,4900.0,1,3,3.0
650.0,4900.0,0,3,3.0
700.0,4900.0,0,3,3.0
750.0,4900.0,0,2,2.0
800.0,4900.0,0,2,2.0
850.0,4900.0,0,2,2.0
900.0,4900.0,1,2,2.0
950.0,4900.0,1,3,3.0
1000.0,4900.0,1,3,3.0
1050.0,4900.0,1,3,3.0
1100.0,4900.0,1,4,4.0
1150.0,4900.0,1,4,4.0
1200.0,4900.0,1,4,4.0
1250.0,4900.0,1,5,5.0
1300.0,4900.0,1,5,5.0
1350.0,4900.0,1,5,5.0
1400.0,4900.0,1,6,6.0
1450.0,4900.0,1,6,6.0
1500.0,4900.0,1,5,5.0
1550.0,4900.0,2,6,6.0
1600.0,4900.0,1,7,7.0
1650.0,4900.0,2,7,7.0
1700.0,4900.0,2,8,8.0
1750.0,4900.0,2,9,9.0
1800.0,4900.0,2,9,9.0
1850.0,4900.0,2,9,9.0
1900.0,4900.0,1,9,9.0
1950.0,4900.0,0,9,9.0
2000.0,4900.0,0,9,9.0
2050.0,4900.0,0,9,9.0
2100.0,4900.0,0,9,9.0
2150.0,4900.0,4,9,9.0
2200.0,4900.0,4,9,9.0
2250.0,4900.0,4,9,9.0
2300.0,4900.0,1,9,9.0
2350.0,4900.0,1,9,9.0
2400.0,4900.0,2,8,8.0
2450.0,4900.0,2,6,6.0
2500.0,4900.0,1,6,6.0
2550.0,4900.0,1,5,5.0
2600.0,4900.0,1,5,5.0
2650.0,4900.0,1,5,5.0
2700.0,4900.0,1,5,5.0
2750.0,4900.0,0,4,4.0
2800.0,4900.0,1,4,4.0
2850.0,4900.0,1,4,4.0
2900.0,4900.0,2,4,4.0
2950.0,4900.0,1,5,5.0
3000.0,4900.0,1,4,4.0
3050.0,4900.0,1,4,4.0
3100.0,4900.0,1,5,5.0
3150.0,4900.0,1,4,4.0
3200.0,4900.0,1,4,4.0
3250.0,4900.0,2,4,4.0
3300.0,4900.0,1,3,3.0
3350.0,4900.0,0,3,3.0
3400.0,4900.0,0,4,4.0
3450.0,4900.0,0,4,4.0
3500.0,4900.0,0,3,3.0
3550.0,4900.0,0,2,2.0
3600.0,4900.0,0,2,2.0
3650.0,4900.0,0,2,2.0
3700.0,4900.0,0,2,2.0
3750.0,4900.0,0,2,2.0
3800.0,4900.0,0,2,2.0
3850.0,4900.0,1,2,2.0
3900.0,4900.0,0,2,2.0
3950.0,4900.0,1,2,2.0
4000.0,4900.0,1,2,2.0
4050.0,4900.0,1,2,2.0
4100.0,4900.0,0,2,2.0
4150.0,4900.0,0,2,2.0
4200.0,4900.0,1,2,2.0
4250.0,4900.0,0,1,1.0
4300.0,4900.0,0,1,1.0
4350.0,4900.0,0,1,1.0
200.0,4950.0,0,1,1.0
250.0,4950.0,0,1,1.0
300.0,4950.0,0,1,1.0
350.0,4950.0,1,2,2.0
400.0,4950.0,0,2,2.0
450.0,4950.0,0,2,2.0
500.0,4950.0,1,2,2.0
550.0,4950.0,1,3,3.0
600.0,4950.0,1,3,3.0
650.0,4950.0,1,3,3.0
700.0,4950.0,1,2,2.0
750.0,4950.0,1,2,2.0
800.0,4950.0,1,2,2.0
850.0,4950.0,1,2,2.0
900.0,4950.0,1,2,2.0
950.0,4950.0,1,2,2.0
1000.0,4950.0,1,3,3.0
1050.0,4950.0,1,3,3.0
1100.0,4950.0,1,3,3.0
1150.0,4950.0,1,4,4.0
1200.0,4950.0,1,4,4.0
1250.0,4950.0,2,3,3.0
1300.0,4950.0,2,4,4.0
1350.0,4950.0,2,4,4.0
1400.0,4950.0,2,4,4.0
1450.0,4950.0,2,4,4.0
1500.0,4950.0,2,4,4.0
1550.0,4950.0,2,4,4.0
1600.0,4950.0,3,5,5.0
1650.0,4950.0,2,6,6.0
1700.0,4950.0,2,7,7.0
1750.0,4950.0,3,8,8.0
1800.0,4950.0,4,9,9.0
1850.0,4950.0,6,9,9.0
1900.0,4950.0,8,9,9.0
1950.0,4950.0,9,9,9.0
2000.0,4950.0,9,9,9.0
2050.0,4950.0,9,9,9.0
2100.0,4950.0,9,9,9.0
2150.0,4950.0,5,9,9.0
2200.0,4950.0,5,9,9.0
2250.0,4950.0,3,9,9.0
2300.0,4950.0,3,9,9.0
2350.0,4950.0,3,7,7.0
2400.0,4950.0,2,5,5.0
2450.0,4950.0,1,5,5.0
2500.0,4950.0,1,4,4.0
2550.0,4950.0,1,4,4.0
2600.0,4950.0,1,3,3.0
2650.0,4950.0,1,3,3.0
2700.0,4950.0,1,3,3.0
2750.0,4950.0,1,3,3.0
2800.0,4950.0,1,3,3.0
2850.0,4950.0,2,3,3.0
2900.0,4950.0,1,3,3.0
2950.0,4950.0,1,3,3.0
3000.0,4950.0,1,4,4.0
3050.0,4950.0,1,4,4.0
3100.0,4950.0,1,3,3.0
3150.0,4950.0,1,4,4.0
3200.0,4950.0,1,4,4.0
3250.0,4950.0,0,3,3.0
3300.0,4950.0,1,3,3.0
3350.0,4950.0,1,3,3.0
3400.0,4950.0,1,2,2.0
3450.0,4950.0,1,2,2.0
3500.0,4950.0,1,2,2.0
3550.0,4950.0,1,2,2.0
3600.0,4950.0,1,2,2.0
3650.0,4950.0,1,2,2.0
3700.0,4950.0,1,2,2.0
3750.0,4950.0,1,2,2.0
3800.0,4950.0,1,2,2.0
3850.0,4950.0,1,2,2.0
3900.0,4950.0,2,2,2.0
3950.0,4950.0,1,2,2.0
4000.0,4950.0,1,2,2.0
4050.0,4950.0,1,2,2.0
4100.0,4950.0,1,2,2.0
4150.0,4950.0,1,2,2.0
4200.0,4950.0,0,1,1.0
4250.0,4950.0,0,1,1.0
4300.0,4950.0,0,1,1.0
250.0,5000.0,0,1,1.0
300.0,5000.0,0,1,1.0
350.0,5000.0,0,1,1.0
400.0,5000.0,0,2,2.0
450.0,5000.0,0,2,2.0
500.0,5000.0,0,2,2.0
550.0,5000.0,0,2,2.0
600.0,5000.0,0,2,2.0
650.0,5000.0,0,2,2.0
700.0,5000.0,0,1,1.0
750.0,5000.0,0,1,1.0
800.0,5000.0,0,1,1.0
850.0,5000.0,0,2,2.0
900.0,5000.0,0,2,2.0
950.0,5000.0,0,2,2.0
1000.0,5000.0,0,2,2.0
1050.0,5000.0,0,2,2.0
1100.0,5000.0,0,2,2.0
1150.0,5000.0,0,2,2.0
1200.0,5000.0,0,3,3.0
1250.0,5000.0,0,3,3.0
1300.0,5000.0,0,3,3.0
1350.0,5000.0,0,3,3.0
1400.0,5000.0,0,3,3.0
1450.0,5000.0,0,3,3.0
1500.0,5000.0,0,4,4.0
1550.0,5000.0,0,4,4.0
1600.0,5000.0,0,4,4.0
1650.0,5000.0,0,4,4.0
1700.0,5000.0,0,5,5.0
1750.0,5000.0,0,6,6.0
1800.0,5000.0,0,8,8.0
1850.0,5000.0,0,9,9.0
1900.0,5000.0,0,9,9.0
1950.0,5000.0,0,9,9.0
2000.0,5000.0,0,9,9.0
2050.0,5000.0,0,9,9.0
2100.0,5000.0,0,9,9.0
2150.0,5000.0,0,9,9.0
2200.0,5000.0,0,9,9.0
2250.0,5000.0,0,9,9.0
2300.0,5000.0,0,7,7.0
2350.0,5000.0,0,4,4.0
2400.0,5000.0,0,4,4.0
2450.0,5000.0,0,4,4.0
2500.0,5000.0,0,3,3.0
2550.0,5000.0,0,2,2.0
2600.0,5000.0,0,2,2.0
2650.0,5000.0,0,2,2.0
2700.0,5000.0,0,2,2.0
2750.0,5000.0,0,3,3.0
2800.0,5000.0,0,3,3.0
2850.0,5000.0,0,3,3.0
2900.0,5000.0,0,3,3.0
2950.0,5000.0,0,3,3.0
3000.0,5000.0,0,2,2.0
3050.0,5000.0,0,3,3.0
3100.0,5000.0,0,3,3.0
3150.0,5000.0,0,3,3.0
3200.0,5000.0,0,3,3.0
3250.0,5000.0,0,3,3.0
3300.0,5000.0,0,3,3.0
3350.0,5000.0,0,2,2.0
3400.0,5000.0,0,1,1.0
3450.0,5000.0,0,1,1.0
3500.0,5000.0,0,1,1.0
3550.0,5000.0,0,1,1.0
3600.0,5000.0,0,1,1.0
3650.0,5000.0,0,1,1.0
3700.0,5000.0,0,1,1.0
3750.0,5000.0,0,1,1.0
3800.0,5000.0,0,2,2.0
3850.0,5000.0,0,2,2.0
3900.0,5000.0,0,2,2.0
3950.0,5000.0,0,2,2.0
4000.0,5000.0,0,2,2.0
4050.0,5000.0,0,2,2.0
4100.0,5000.0,0,2,2.0
4150.0,5000.0,0,1,1.0
4200.0,5000.0,0,1,1.0
4250.0,5000.0,0,1,1.0
